match_id,map_id,map_name,team_pick,ct_team,t_team,team_1,team_1_id,team_2,team_2_id,first_half_ct_win_rounds,first_half_t_win_rounds,second_half_ct_win_rounds,second_half_t_win_rounds,ot_team_ct_win,ot_team_t_win,map_winner,region
542195,233397,Bind,Xi Lai Gaming,Paper Rex,Xi Lai Gaming,Paper Rex,624,Xi Lai Gaming,13581,6,6,3,7,0,0,Paper Rex,AMERICAS
542195,233398,Sunset,Paper Rex,Paper Rex,Xi Lai Gaming,Paper Rex,624,Xi Lai Gaming,13581,8,4,1,5,0,0,Paper Rex,AMERICAS
542196,233400,Corrode,Sentinels,GIANTX,Sentinels,GIANTX,14419,Sentinels,2,6,6,7,0,0,0,Sentinels,AMERICAS
542196,233401,Sunset,GIANTX,GIANTX,Sentinels,GIANTX,14419,Sentinels,2,10,2,2,3,0,0,GIANTX,AMERICAS
542196,233402,Haven,Decider,GIANTX,Sentinels,GIANTX,14419,Sentinels,2,4,8,1,9,0,0,GIANTX,AMERICAS
542207,233430,Abyss,EDward Gaming,NRG,EDward Gaming,NRG,1034,EDward Gaming,1120,2,10,2,10,5,3,NRG,AMERICAS
542207,233431,Corrode,NRG,NRG,EDward Gaming,NRG,1034,EDward Gaming,1120,6,6,5,7,0,0,NRG,AMERICAS
542205,233427,Abyss,KIWOOM DRX,Team Liquid,KIWOOM DRX,Team Liquid,474,KIWOOM DRX,8185,6,6,7,2,0,0,KIWOOM DRX,AMERICAS
542205,233428,Bind,Team Liquid,Team Liquid,KIWOOM DRX,Team Liquid,474,KIWOOM DRX,8185,6,6,7,4,0,0,KIWOOM DRX,AMERICAS
542212,233445,Lotus,Dragon Ranger Gaming,Dragon Ranger Gaming,T1,Dragon Ranger Gaming,11981,T1,14,5,7,5,7,1,3,T1,AMERICAS
542212,233446,Sunset,T1,T1,Dragon Ranger Gaming,Dragon Ranger Gaming,11981,T1,14,7,5,7,5,4,2,T1,AMERICAS
542211,233442,Corrode,Team Heretics,G2 Esports,Team Heretics,G2 Esports,11058,Team Heretics,1001,8,4,9,2,0,0,Team Heretics,AMERICAS
542211,233443,Lotus,G2 Esports,G2 Esports,Team Heretics,G2 Esports,11058,Team Heretics,1001,7,5,8,3,0,0,Team Heretics,AMERICAS
542200,233412,Haven,Guangzhou Huadu Bilibili Gaming(Bilibili Gaming),Guangzhou Huadu Bilibili Gaming(Bilibili Gaming),MIBR,Guangzhou Huadu Bilibili Gaming(Bilibili Gaming),12010,MIBR,7386,0,10,3,0,0,0,MIBR,AMERICAS
542200,233413,Corrode,MIBR,Guangzhou Huadu Bilibili Gaming(Bilibili Gaming),MIBR,Guangzhou Huadu Bilibili Gaming(Bilibili Gaming),12010,MIBR,7386,0,5,8,0,0,0,MIBR,AMERICAS
542201,233415,Ascent,FNATIC,Rex Regum Qeon,FNATIC,Rex Regum Qeon,878,FNATIC,2593,5,7,6,5,0,0,FNATIC,AMERICAS
542201,233416,Abyss,Rex Regum Qeon,FNATIC,Rex Regum Qeon,Rex Regum Qeon,878,FNATIC,2593,5,7,0,8,0,0,FNATIC,AMERICAS
542197,233403,Ascent,GIANTX,Paper Rex,GIANTX,Paper Rex,624,GIANTX,14419,7,5,8,4,0,0,GIANTX,AMERICAS
542197,233404,Lotus,Paper Rex,GIANTX,Paper Rex,Paper Rex,624,GIANTX,14419,4,8,5,6,0,0,Paper Rex,AMERICAS
542197,233405,Sunset,Decider,GIANTX,Paper Rex,Paper Rex,624,GIANTX,14419,5,7,6,1,0,0,Paper Rex,AMERICAS
542208,233433,Haven,KIWOOM DRX,NRG,KIWOOM DRX,KIWOOM DRX,8185,NRG,1034,4,8,5,0,0,0,KIWOOM DRX,AMERICAS
542208,233434,Corrode,NRG,NRG,KIWOOM DRX,KIWOOM DRX,8185,NRG,1034,5,7,4,8,0,0,NRG,AMERICAS
542208,233435,Lotus,Decider,NRG,KIWOOM DRX,KIWOOM DRX,8185,NRG,1034,4,8,3,9,0,0,NRG,AMERICAS
542213,233448,Lotus,Team Heretics,Team Heretics,T1,Team Heretics,1001,T1,14,8,4,6,5,0,0,Team Heretics,AMERICAS
542213,233449,Sunset,T1,Team Heretics,T1,Team Heretics,1001,T1,14,6,6,5,7,0,0,Team Heretics,AMERICAS
542202,233418,Bind,FNATIC,FNATIC,MIBR,MIBR,7386,FNATIC,2593,5,7,6,0,0,0,MIBR,AMERICAS
542202,233419,Abyss,MIBR,FNATIC,MIBR,MIBR,7386,FNATIC,2593,5,7,0,8,0,0,FNATIC,AMERICAS
542202,233420,Haven,Decider,FNATIC,MIBR,MIBR,7386,FNATIC,2593,8,4,6,5,0,0,FNATIC,AMERICAS
542209,233436,Sunset,Team Liquid,EDward Gaming,Team Liquid,Team Liquid,474,EDward Gaming,1120,11,1,2,2,0,0,EDward Gaming,AMERICAS
542209,233437,Abyss,EDward Gaming,EDward Gaming,Team Liquid,Team Liquid,474,EDward Gaming,1120,3,9,4,3,0,0,Team Liquid,AMERICAS
542209,233438,Bind,Decider,EDward Gaming,Team Liquid,Team Liquid,474,EDward Gaming,1120,6,6,6,6,1,3,Team Liquid,AMERICAS
542198,233406,Abyss,Xi Lai Gaming,Xi Lai Gaming,Sentinels,Xi Lai Gaming,13581,Sentinels,2,5,7,6,5,0,0,Sentinels,AMERICAS
542198,233407,Lotus,Sentinels,Sentinels,Xi Lai Gaming,Xi Lai Gaming,13581,Sentinels,2,3,9,4,8,0,0,Xi Lai Gaming,AMERICAS
542198,233408,Haven,Decider,Sentinels,Xi Lai Gaming,Xi Lai Gaming,13581,Sentinels,2,5,7,6,3,0,0,Xi Lai Gaming,AMERICAS
542203,233421,Sunset,Rex Regum Qeon,Rex Regum Qeon,Guangzhou Huadu Bilibili Gaming(Bilibili Gaming),Guangzhou Huadu Bilibili Gaming(Bilibili Gaming),12010,Rex Regum Qeon,878,6,0,0,1,0,0,Rex Regum Qeon,AMERICAS
542203,233422,Lotus,Guangzhou Huadu Bilibili Gaming(Bilibili Gaming),Rex Regum Qeon,Guangzhou Huadu Bilibili Gaming(Bilibili Gaming),Guangzhou Huadu Bilibili Gaming(Bilibili Gaming),12010,Rex Regum Qeon,878,7,0,0,6,0,0,Rex Regum Qeon,AMERICAS
542203,233423,Abyss,Decider,Guangzhou Huadu Bilibili Gaming(Bilibili Gaming),Rex Regum Qeon,Guangzhou Huadu Bilibili Gaming(Bilibili Gaming),12010,Rex Regum Qeon,878,0,8,5,0,0,0,Rex Regum Qeon,AMERICAS
542214,233451,Lotus,Dragon Ranger Gaming,Dragon Ranger Gaming,G2 Esports,G2 Esports,11058,Dragon Ranger Gaming,11981,6,6,7,1,0,0,G2 Esports,AMERICAS
542214,233452,Abyss,G2 Esports,G2 Esports,Dragon Ranger Gaming,G2 Esports,11058,Dragon Ranger Gaming,11981,6,6,1,7,0,0,G2 Esports,AMERICAS
542210,233439,Corrode,Team Liquid,KIWOOM DRX,Team Liquid,KIWOOM DRX,8185,Team Liquid,474,6,6,2,7,0,0,KIWOOM DRX,AMERICAS
542210,233440,Abyss,KIWOOM DRX,KIWOOM DRX,Team Liquid,KIWOOM DRX,8185,Team Liquid,474,6,6,1,7,0,0,KIWOOM DRX,AMERICAS
542199,233409,Bind,Xi Lai Gaming,GIANTX,Xi Lai Gaming,GIANTX,14419,Xi Lai Gaming,13581,4,8,4,8,2,0,GIANTX,AMERICAS
542199,233410,Ascent,GIANTX,Xi Lai Gaming,GIANTX,GIANTX,14419,Xi Lai Gaming,13581,7,5,8,3,0,0,GIANTX,AMERICAS
542215,233454,Lotus,G2 Esports,G2 Esports,T1,T1,14,G2 Esports,11058,8,4,5,5,0,0,G2 Esports,AMERICAS
542215,233455,Corrode,T1,T1,G2 Esports,T1,14,G2 Esports,11058,4,8,5,4,0,0,G2 Esports,AMERICAS
542204,233424,Corrode,Rex Regum Qeon,Rex Regum Qeon,MIBR,MIBR,7386,Rex Regum Qeon,878,3,9,4,2,0,0,MIBR,AMERICAS
542204,233425,Abyss,MIBR,MIBR,Rex Regum Qeon,MIBR,7386,Rex Regum Qeon,878,8,4,1,5,0,0,MIBR,AMERICAS
542265,233460,Lotus,Paper Rex,Paper Rex,G2 Esports,Paper Rex,624,G2 Esports,11058,6,6,5,7,0,0,Paper Rex,AMERICAS
542265,233461,Corrode,G2 Esports,Paper Rex,G2 Esports,Paper Rex,624,G2 Esports,11058,6,6,6,6,1,3,G2 Esports,AMERICAS
542265,233462,Ascent,Decider,Paper Rex,G2 Esports,Paper Rex,624,G2 Esports,11058,4,8,3,9,0,0,Paper Rex,AMERICAS
542264,233457,Haven,KIWOOM DRX,FNATIC,KIWOOM DRX,FNATIC,2593,KIWOOM DRX,8185,2,10,1,11,0,0,FNATIC,AMERICAS
542264,233458,Ascent,FNATIC,KIWOOM DRX,FNATIC,FNATIC,2593,KIWOOM DRX,8185,6,6,2,7,0,0,KIWOOM DRX,AMERICAS
542264,233459,Lotus,Decider,KIWOOM DRX,FNATIC,FNATIC,2593,KIWOOM DRX,8185,4,8,5,1,0,0,FNATIC,AMERICAS
542266,233463,Corrode,MIBR,Team Heretics,MIBR,Team Heretics,1001,MIBR,7386,4,8,4,8,0,2,MIBR,AMERICAS
542266,233464,Sunset,Team Heretics,MIBR,Team Heretics,Team Heretics,1001,MIBR,7386,9,3,3,4,0,0,MIBR,AMERICAS
542267,233466,Haven,GIANTX,GIANTX,NRG,NRG,1034,GIANTX,14419,1,11,2,0,0,0,NRG,AMERICAS
542267,233467,Lotus,NRG,GIANTX,NRG,NRG,1034,GIANTX,14419,3,9,4,3,0,0,NRG,AMERICAS
542273,233483,Lotus,G2 Esports,KIWOOM DRX,G2 Esports,KIWOOM DRX,8185,G2 Esports,11058,4,8,5,3,0,0,G2 Esports,AMERICAS
542273,233484,Abyss,KIWOOM DRX,G2 Esports,KIWOOM DRX,KIWOOM DRX,8185,G2 Esports,11058,4,8,5,6,0,0,KIWOOM DRX,AMERICAS
542273,233485,Bind,Decider,KIWOOM DRX,G2 Esports,KIWOOM DRX,8185,G2 Esports,11058,10,2,5,3,0,0,KIWOOM DRX,AMERICAS
542274,233486,Ascent,GIANTX,Team Heretics,GIANTX,Team Heretics,1001,GIANTX,14419,8,4,0,5,0,0,Team Heretics,AMERICAS
542274,233487,Lotus,Team Heretics,Team Heretics,GIANTX,Team Heretics,1001,GIANTX,14419,3,9,4,0,0,0,GIANTX,AMERICAS
542274,233488,Bind,Decider,GIANTX,Team Heretics,Team Heretics,1001,GIANTX,14419,7,5,8,2,0,0,Team Heretics,AMERICAS
542268,233469,Bind,Paper Rex,FNATIC,Paper Rex,FNATIC,2593,Paper Rex,624,7,5,8,3,0,0,Paper Rex,AMERICAS
542268,233470,Haven,FNATIC,Paper Rex,FNATIC,FNATIC,2593,Paper Rex,624,4,8,5,0,0,0,FNATIC,AMERICAS
542268,233471,Lotus,Decider,Paper Rex,FNATIC,FNATIC,2593,Paper Rex,624,9,3,10,0,0,0,FNATIC,AMERICAS
542269,233472,Abyss,MIBR,MIBR,NRG,MIBR,7386,NRG,1034,6,6,6,6,2,4,NRG,AMERICAS
542269,233473,Haven,NRG,MIBR,NRG,MIBR,7386,NRG,1034,10,2,2,3,0,0,MIBR,AMERICAS
542269,233474,Corrode,Decider,NRG,MIBR,MIBR,7386,NRG,1034,5,7,5,7,4,2,NRG,AMERICAS
542277,233492,Ascent,Team Heretics,Paper Rex,Team Heretics,Paper Rex,624,Team Heretics,1001,4,8,3,9,0,0,Paper Rex,AMERICAS
542277,233493,Bind,Paper Rex,Paper Rex,Team Heretics,Paper Rex,624,Team Heretics,1001,7,5,8,2,0,0,Team Heretics,AMERICAS
542277,233494,Lotus,Decider,Team Heretics,Paper Rex,Paper Rex,624,Team Heretics,1001,4,8,5,0,0,0,Paper Rex,AMERICAS
542276,233489,Sunset,MIBR,KIWOOM DRX,MIBR,MIBR,7386,KIWOOM DRX,8185,9,3,10,1,0,0,MIBR,AMERICAS
542276,233490,Ascent,KIWOOM DRX,MIBR,KIWOOM DRX,MIBR,7386,KIWOOM DRX,8185,5,7,5,7,1,3,KIWOOM DRX,AMERICAS
542276,233491,Bind,Decider,KIWOOM DRX,MIBR,MIBR,7386,KIWOOM DRX,8185,6,6,4,7,0,0,KIWOOM DRX,AMERICAS
542270,233475,Ascent,FNATIC,NRG,FNATIC,FNATIC,2593,NRG,1034,8,4,8,4,2,0,NRG,AMERICAS
542270,233476,Abyss,NRG,FNATIC,NRG,FNATIC,2593,NRG,1034,1,11,2,4,0,0,NRG,AMERICAS
542278,233495,Ascent,KIWOOM DRX,Paper Rex,KIWOOM DRX,KIWOOM DRX,8185,Paper Rex,624,9,3,9,3,1,3,KIWOOM DRX,AMERICAS
542278,233496,Lotus,Paper Rex,Paper Rex,KIWOOM DRX,KIWOOM DRX,8185,Paper Rex,624,5,7,6,3,0,0,KIWOOM DRX,AMERICAS
542279,233498,Sunset,FNATIC,KIWOOM DRX,FNATIC,FNATIC,2593,KIWOOM DRX,8185,8,4,4,5,0,0,KIWOOM DRX,AMERICAS
542279,233499,Corrode,KIWOOM DRX,KIWOOM DRX,FNATIC,FNATIC,2593,KIWOOM DRX,8185,1,11,2,2,0,0,FNATIC,AMERICAS
542279,233500,Haven,FNATIC,FNATIC,KIWOOM DRX,FNATIC,2593,KIWOOM DRX,8185,6,6,5,7,0,0,FNATIC,AMERICAS
542279,233501,Bind,KIWOOM DRX,KIWOOM DRX,FNATIC,FNATIC,2593,KIWOOM DRX,8185,2,10,3,2,0,0,FNATIC,AMERICAS
542272,233478,Corrode,NRG,NRG,FNATIC,NRG,1034,FNATIC,2593,9,3,0,4,0,0,NRG,AMERICAS
542272,233479,Lotus,FNATIC,FNATIC,NRG,NRG,1034,FNATIC,2593,3,9,4,3,0,0,NRG,AMERICAS
542272,233480,Abyss,NRG,NRG,FNATIC,NRG,1034,FNATIC,2593,11,1,11,1,1,3,FNATIC,AMERICAS
542272,233481,Ascent,FNATIC,NRG,FNATIC,NRG,1034,FNATIC,2593,4,8,5,4,0,0,FNATIC,AMERICAS
542272,233482,Sunset,Decider,FNATIC,NRG,NRG,1034,FNATIC,2593,3,9,4,2,0,0,NRG,AMERICAS
511543,226424,Icebox,Natus Vincere,Natus Vincere,Apeks,Natus Vincere,4915,Apeks,11479,10,2,2,3,0,0,Natus Vincere,AMERICAS
511543,226425,Sunset,Apeks,Apeks,Natus Vincere,Natus Vincere,4915,Apeks,11479,8,4,2,5,0,0,Apeks,AMERICAS
511543,226426,Corrode,Decider,Apeks,Natus Vincere,Natus Vincere,4915,Apeks,11479,3,9,4,0,0,0,Natus Vincere,AMERICAS
511544,226427,Sunset,Team Vitality,GIANTX,Team Vitality,Team Vitality,2059,GIANTX,14419,6,6,4,7,0,0,GIANTX,AMERICAS
511544,226428,Bind,GIANTX,GIANTX,Team Vitality,Team Vitality,2059,GIANTX,14419,7,5,6,6,0,0,GIANTX,AMERICAS
511545,226430,Bind,FUT Esports,FUT Esports,Gentle Mates,FUT Esports,1184,Gentle Mates,12694,4,8,5,3,0,0,Gentle Mates,AMERICAS
511545,226431,Sunset,Gentle Mates,FUT Esports,Gentle Mates,FUT Esports,1184,Gentle Mates,12694,8,4,1,5,0,0,FUT Esports,AMERICAS
511545,226432,Lotus,Decider,Gentle Mates,FUT Esports,FUT Esports,1184,Gentle Mates,12694,7,5,7,5,2,4,FUT Esports,AMERICAS
511546,226433,Bind,Team Liquid,Movistar KOI(KOI),Team Liquid,Team Liquid,474,Movistar KOI(KOI),7035,0,9,4,0,0,0,Team Liquid,AMERICAS
511546,226434,Icebox,Movistar KOI(KOI),Movistar KOI(KOI),Team Liquid,Team Liquid,474,Movistar KOI(KOI),7035,0,5,5,0,0,0,Team Liquid,AMERICAS
511546,226435,Lotus,Decider,Movistar KOI(KOI),Team Liquid,Team Liquid,474,Movistar KOI(KOI),7035,0,7,6,0,0,0,Team Liquid,AMERICAS
511547,226436,Icebox,BBL Esports,BBL Esports,Team Heretics,Team Heretics,1001,BBL Esports,397,11,1,4,2,0,0,BBL Esports,AMERICAS
511547,226437,Haven,Team Heretics,BBL Esports,Team Heretics,Team Heretics,1001,BBL Esports,397,3,9,4,6,0,0,Team Heretics,AMERICAS
511547,226438,Sunset,Decider,BBL Esports,Team Heretics,Team Heretics,1001,BBL Esports,397,6,6,7,5,0,0,Team Heretics,AMERICAS
511548,226439,Bind,Karmine Corp,FNATIC,Karmine Corp,FNATIC,2593,Karmine Corp,8877,7,5,2,6,0,0,FNATIC,AMERICAS
511548,226440,Lotus,FNATIC,FNATIC,Karmine Corp,FNATIC,2593,Karmine Corp,8877,5,7,6,5,0,0,Karmine Corp,AMERICAS
511548,226441,Icebox,Decider,FNATIC,Karmine Corp,FNATIC,2593,Karmine Corp,8877,6,6,5,7,0,0,FNATIC,AMERICAS
511549,226442,Icebox,Karmine Corp,Apeks,Karmine Corp,Apeks,11479,Karmine Corp,8877,5,7,6,2,0,0,Karmine Corp,AMERICAS
511549,226443,Sunset,Apeks,Apeks,Karmine Corp,Apeks,11479,Karmine Corp,8877,5,7,4,8,0,0,Apeks,AMERICAS
511549,226444,Lotus,Decider,Apeks,Karmine Corp,Apeks,11479,Karmine Corp,8877,7,5,8,4,0,0,Karmine Corp,AMERICAS
511550,226445,Icebox,BBL Esports,BBL Esports,GIANTX,GIANTX,14419,BBL Esports,397,7,5,8,0,0,0,GIANTX,AMERICAS
511550,226446,Lotus,GIANTX,BBL Esports,GIANTX,GIANTX,14419,BBL Esports,397,6,6,5,7,0,0,BBL Esports,AMERICAS
511550,226447,Corrode,Decider,BBL Esports,GIANTX,GIANTX,14419,BBL Esports,397,9,3,10,2,0,0,GIANTX,AMERICAS
511551,226448,Corrode,Natus Vincere,Team Liquid,Natus Vincere,Team Liquid,474,Natus Vincere,4915,8,4,3,5,0,0,Team Liquid,AMERICAS
511551,226449,Sunset,Team Liquid,Team Liquid,Natus Vincere,Team Liquid,474,Natus Vincere,4915,9,3,1,4,0,0,Team Liquid,AMERICAS
511552,226451,Corrode,Gentle Mates,Gentle Mates,Team Heretics,Gentle Mates,12694,Team Heretics,1001,9,3,9,3,0,2,Team Heretics,AMERICAS
511552,226452,Ascent,Team Heretics,Gentle Mates,Team Heretics,Gentle Mates,12694,Team Heretics,1001,10,2,10,2,2,0,Gentle Mates,AMERICAS
511552,226453,Bind,Decider,Team Heretics,Gentle Mates,Gentle Mates,12694,Team Heretics,1001,9,3,2,4,0,0,Team Heretics,AMERICAS
511553,226454,Haven,FUT Esports,Team Vitality,FUT Esports,FUT Esports,1184,Team Vitality,2059,10,2,0,3,0,0,Team Vitality,AMERICAS
511553,226455,Lotus,Team Vitality,FUT Esports,Team Vitality,FUT Esports,1184,Team Vitality,2059,4,8,5,1,0,0,Team Vitality,AMERICAS
511554,226457,Ascent,FNATIC,Movistar KOI(KOI),FNATIC,Movistar KOI(KOI),7035,FNATIC,2593,0,8,5,0,0,0,FNATIC,AMERICAS
511554,226458,Haven,Movistar KOI(KOI),Movistar KOI(KOI),FNATIC,Movistar KOI(KOI),7035,FNATIC,2593,0,6,7,0,0,0,FNATIC,AMERICAS
511562,226460,Sunset,FUT Esports,GIANTX,FUT Esports,FUT Esports,1184,GIANTX,14419,8,4,7,5,0,0,GIANTX,AMERICAS
511562,226461,Haven,GIANTX,FUT Esports,GIANTX,FUT Esports,1184,GIANTX,14419,7,5,1,6,0,0,FUT Esports,AMERICAS
511562,226462,Bind,Decider,FUT Esports,GIANTX,FUT Esports,1184,GIANTX,14419,7,5,0,6,0,0,FUT Esports,AMERICAS
511563,226463,Sunset,BBL Esports,Gentle Mates,BBL Esports,Gentle Mates,12694,BBL Esports,397,3,9,4,0,0,0,BBL Esports,AMERICAS
511563,226464,Lotus,Gentle Mates,BBL Esports,Gentle Mates,Gentle Mates,12694,BBL Esports,397,2,10,2,10,2,0,BBL Esports,AMERICAS
511564,226466,Ascent,Apeks,Team Liquid,Apeks,Team Liquid,474,Apeks,11479,4,8,4,8,2,0,Team Liquid,AMERICAS
511564,226467,Corrode,Team Liquid,Apeks,Team Liquid,Team Liquid,474,Apeks,11479,4,8,3,9,0,0,Apeks,AMERICAS
511564,226468,Lotus,Decider,Team Liquid,Apeks,Team Liquid,474,Apeks,11479,10,2,4,3,0,0,Team Liquid,AMERICAS
511565,226469,Lotus,Movistar KOI(KOI),Movistar KOI(KOI),Karmine Corp,Movistar KOI(KOI),7035,Karmine Corp,8877,0,3,6,0,0,0,Karmine Corp,AMERICAS
511565,226470,Sunset,Karmine Corp,Karmine Corp,Movistar KOI(KOI),Movistar KOI(KOI),7035,Karmine Corp,8877,10,0,0,3,0,0,Karmine Corp,AMERICAS
511565,226471,Haven,Decider,Karmine Corp,Movistar KOI(KOI),Movistar KOI(KOI),7035,Karmine Corp,8877,8,0,0,5,0,0,Karmine Corp,AMERICAS
511566,226473,Ascent,FNATIC,FNATIC,Natus Vincere,Natus Vincere,4915,FNATIC,2593,5,7,6,5,0,0,Natus Vincere,AMERICAS
511566,226474,Icebox,Decider,Natus Vincere,FNATIC,Natus Vincere,4915,FNATIC,2593,7,5,8,4,0,0,FNATIC,AMERICAS
511566,230237,Bind,Natus Vincere,FNATIC,Natus Vincere,Natus Vincere,4915,FNATIC,2593,4,8,4,8,3,1,FNATIC,AMERICAS
511567,226475,Haven,Team Heretics,Team Vitality,Team Heretics,Team Vitality,2059,Team Heretics,1001,7,5,8,4,0,0,Team Heretics,AMERICAS
511567,226476,Ascent,Team Vitality,Team Heretics,Team Vitality,Team Vitality,2059,Team Heretics,1001,4,8,1,9,0,0,Team Heretics,AMERICAS
511568,226478,Haven,Team Heretics,FUT Esports,Team Heretics,FUT Esports,1184,Team Heretics,1001,5,7,6,1,0,0,Team Heretics,AMERICAS
511568,226479,Bind,FUT Esports,FUT Esports,Team Heretics,FUT Esports,1184,Team Heretics,1001,5,7,6,2,0,0,Team Heretics,AMERICAS
511569,226481,Lotus,Movistar KOI(KOI),Apeks,Movistar KOI(KOI),Movistar KOI(KOI),7035,Apeks,11479,6,0,0,7,0,0,Apeks,AMERICAS
511569,226482,Ascent,Apeks,Apeks,Movistar KOI(KOI),Movistar KOI(KOI),7035,Apeks,11479,4,0,0,0,0,0,Apeks,AMERICAS
511569,226483,Haven,Decider,Movistar KOI(KOI),Apeks,Movistar KOI(KOI),7035,Apeks,11479,0,4,4,0,0,0,Apeks,AMERICAS
511570,226484,Corrode,Gentle Mates,Gentle Mates,GIANTX,Gentle Mates,12694,GIANTX,14419,10,2,6,3,0,0,Gentle Mates,AMERICAS
511570,226485,Ascent,GIANTX,Gentle Mates,GIANTX,Gentle Mates,12694,GIANTX,14419,9,3,9,3,0,2,GIANTX,AMERICAS
511570,226486,Haven,Decider,GIANTX,Gentle Mates,Gentle Mates,12694,GIANTX,14419,8,4,0,5,0,0,GIANTX,AMERICAS
511571,226487,Sunset,Karmine Corp,Karmine Corp,Natus Vincere,Natus Vincere,4915,Karmine Corp,8877,5,7,5,7,0,2,Natus Vincere,AMERICAS
511571,226488,Corrode,Natus Vincere,Natus Vincere,Karmine Corp,Natus Vincere,4915,Karmine Corp,8877,9,3,5,4,0,0,Natus Vincere,AMERICAS
511572,226490,Lotus,Team Vitality,BBL Esports,Team Vitality,Team Vitality,2059,BBL Esports,397,6,6,7,5,0,0,Team Vitality,AMERICAS
511572,226491,Icebox,BBL Esports,BBL Esports,Team Vitality,Team Vitality,2059,BBL Esports,397,5,7,0,8,0,0,BBL Esports,AMERICAS
511572,226492,Bind,Decider,BBL Esports,Team Vitality,Team Vitality,2059,BBL Esports,397,7,5,5,6,0,0,BBL Esports,AMERICAS
511573,226493,Bind,Team Liquid,FNATIC,Team Liquid,Team Liquid,474,FNATIC,2593,5,7,5,7,0,2,Team Liquid,AMERICAS
511573,226494,Ascent,FNATIC,Team Liquid,FNATIC,Team Liquid,474,FNATIC,2593,11,1,0,2,0,0,Team Liquid,AMERICAS
511575,226496,Icebox,Movistar KOI(KOI),Natus Vincere,Movistar KOI(KOI),Movistar KOI(KOI),7035,Natus Vincere,4915,7,0,0,6,0,0,Natus Vincere,AMERICAS
511575,226497,Corrode,Natus Vincere,Natus Vincere,Movistar KOI(KOI),Movistar KOI(KOI),7035,Natus Vincere,4915,7,0,0,5,2,0,Natus Vincere,AMERICAS
511575,226498,Ascent,Decider,Natus Vincere,Movistar KOI(KOI),Movistar KOI(KOI),7035,Natus Vincere,4915,10,0,0,3,0,0,Natus Vincere,AMERICAS
511576,226499,Bind,FNATIC,FNATIC,Apeks,Apeks,11479,FNATIC,2593,7,5,0,6,0,0,FNATIC,AMERICAS
511576,226500,Lotus,Apeks,Apeks,FNATIC,Apeks,11479,FNATIC,2593,8,4,9,2,0,0,FNATIC,AMERICAS
511577,226502,Ascent,GIANTX,Team Heretics,GIANTX,GIANTX,14419,Team Heretics,1001,7,5,2,6,0,0,Team Heretics,AMERICAS
511577,226503,Haven,Team Heretics,Team Heretics,GIANTX,GIANTX,14419,Team Heretics,1001,10,2,1,3,0,0,Team Heretics,AMERICAS
511579,226505,Corrode,Gentle Mates,Team Vitality,Gentle Mates,Gentle Mates,12694,Team Vitality,2059,9,3,1,4,0,0,Team Vitality,AMERICAS
511579,226506,Lotus,Team Vitality,Team Vitality,Gentle Mates,Gentle Mates,12694,Team Vitality,2059,8,4,9,1,0,0,Gentle Mates,AMERICAS
511579,226507,Ascent,Decider,Gentle Mates,Team Vitality,Gentle Mates,12694,Team Vitality,2059,8,4,9,2,0,0,Team Vitality,AMERICAS
511580,226508,Sunset,BBL Esports,FUT Esports,BBL Esports,FUT Esports,1184,BBL Esports,397,5,7,6,6,0,0,BBL Esports,AMERICAS
511580,226509,Ascent,FUT Esports,BBL Esports,FUT Esports,FUT Esports,1184,BBL Esports,397,8,4,5,5,0,0,BBL Esports,AMERICAS
511581,226511,Lotus,Team Liquid,Team Liquid,Karmine Corp,Team Liquid,474,Karmine Corp,8877,6,6,6,6,2,0,Team Liquid,AMERICAS
511581,226512,Bind,Karmine Corp,Karmine Corp,Team Liquid,Team Liquid,474,Karmine Corp,8877,4,8,4,8,3,1,Karmine Corp,AMERICAS
511581,226513,Sunset,Decider,Team Liquid,Karmine Corp,Team Liquid,474,Karmine Corp,8877,7,5,7,5,0,2,Karmine Corp,AMERICAS
530924,231388,Corrode,FNATIC,BBL Esports,FNATIC,FNATIC,2593,BBL Esports,397,6,6,7,1,0,0,FNATIC,AMERICAS
530924,231389,Ascent,BBL Esports,FNATIC,BBL Esports,FNATIC,2593,BBL Esports,397,5,7,6,2,0,0,BBL Esports,AMERICAS
530924,231390,Haven,Decider,BBL Esports,FNATIC,FNATIC,2593,BBL Esports,397,4,8,1,9,0,0,BBL Esports,AMERICAS
530925,231391,Bind,Natus Vincere,GIANTX,Natus Vincere,GIANTX,14419,Natus Vincere,4915,3,9,4,2,0,0,Natus Vincere,AMERICAS
530925,231392,Haven,GIANTX,Natus Vincere,GIANTX,GIANTX,14419,Natus Vincere,4915,5,7,6,3,0,0,GIANTX,AMERICAS
530925,231393,Ascent,Decider,GIANTX,Natus Vincere,GIANTX,14419,Natus Vincere,4915,9,3,3,4,0,0,GIANTX,AMERICAS
530928,231400,Icebox,BBL Esports,BBL Esports,Team Heretics,Team Heretics,1001,BBL Esports,397,8,4,2,5,0,0,BBL Esports,AMERICAS
530928,231401,Ascent,Team Heretics,Team Heretics,BBL Esports,Team Heretics,1001,BBL Esports,397,6,6,7,5,0,0,BBL Esports,AMERICAS
530929,231403,Sunset,GIANTX,Team Liquid,GIANTX,Team Liquid,474,GIANTX,14419,11,1,3,2,0,0,Team Liquid,AMERICAS
530929,231404,Corrode,Team Liquid,GIANTX,Team Liquid,Team Liquid,474,GIANTX,14419,9,3,8,4,0,0,GIANTX,AMERICAS
530929,231405,Ascent,Decider,GIANTX,Team Liquid,Team Liquid,474,GIANTX,14419,7,5,7,5,0,2,Team Liquid,AMERICAS
530926,231394,Haven,Karmine Corp,FNATIC,Karmine Corp,FNATIC,2593,Karmine Corp,8877,5,7,5,7,0,2,Karmine Corp,AMERICAS
530926,231395,Corrode,FNATIC,Karmine Corp,FNATIC,FNATIC,2593,Karmine Corp,8877,8,4,8,4,0,2,FNATIC,AMERICAS
530926,232628,Bind,Decider,Karmine Corp,FNATIC,FNATIC,2593,Karmine Corp,8877,7,5,8,1,0,0,FNATIC,AMERICAS
530927,231397,Haven,Team Vitality,Team Vitality,Natus Vincere,Natus Vincere,4915,Team Vitality,2059,6,6,7,1,0,0,Natus Vincere,AMERICAS
530927,231398,Bind,Natus Vincere,Natus Vincere,Team Vitality,Natus Vincere,4915,Team Vitality,2059,9,3,8,4,0,0,Natus Vincere,AMERICAS
530930,231406,Lotus,FNATIC,GIANTX,FNATIC,GIANTX,14419,FNATIC,2593,7,5,5,6,0,0,GIANTX,AMERICAS
530930,231407,Sunset,GIANTX,FNATIC,GIANTX,GIANTX,14419,FNATIC,2593,4,8,5,6,0,0,GIANTX,AMERICAS
530931,231409,Icebox,Natus Vincere,Team Heretics,Natus Vincere,Team Heretics,1001,Natus Vincere,4915,3,9,4,0,0,0,Natus Vincere,AMERICAS
530931,231410,Haven,Team Heretics,Team Heretics,Natus Vincere,Team Heretics,1001,Natus Vincere,4915,5,7,6,2,0,0,Natus Vincere,AMERICAS
530932,231412,Ascent,BBL Esports,Team Liquid,BBL Esports,BBL Esports,397,Team Liquid,474,7,5,5,6,0,0,Team Liquid,AMERICAS
530932,231413,Sunset,Team Liquid,BBL Esports,Team Liquid,BBL Esports,397,Team Liquid,474,8,4,6,5,0,0,BBL Esports,AMERICAS
530932,231414,Bind,Decider,Team Liquid,BBL Esports,BBL Esports,397,Team Liquid,474,5,7,5,7,2,0,Team Liquid,AMERICAS
530933,231415,Icebox,Natus Vincere,GIANTX,Natus Vincere,GIANTX,14419,Natus Vincere,4915,3,9,4,3,0,0,Natus Vincere,AMERICAS
530933,231416,Sunset,GIANTX,GIANTX,Natus Vincere,GIANTX,14419,Natus Vincere,4915,7,5,1,6,0,0,GIANTX,AMERICAS
530933,231417,Haven,Decider,GIANTX,Natus Vincere,GIANTX,14419,Natus Vincere,4915,9,3,1,4,0,0,GIANTX,AMERICAS
530934,231418,Ascent,BBL Esports,GIANTX,BBL Esports,BBL Esports,397,GIANTX,14419,10,2,0,3,0,0,GIANTX,AMERICAS
530934,231419,Sunset,GIANTX,BBL Esports,GIANTX,BBL Esports,397,GIANTX,14419,3,9,4,5,0,0,GIANTX,AMERICAS
530934,233349,Bind,BBL Esports,GIANTX,BBL Esports,BBL Esports,397,GIANTX,14419,7,5,1,6,0,0,GIANTX,AMERICAS
538583,232785,Corrode,Decider,Team France,Team EMEA,Team France,19721,Team EMEA,19722,5,7,6,2,0,0,Team EMEA,AMERICAS
530935,231423,Bind,Team Liquid,GIANTX,Team Liquid,Team Liquid,474,GIANTX,14419,7,5,8,3,0,0,Team Liquid,AMERICAS
530935,231424,Lotus,GIANTX,Team Liquid,GIANTX,Team Liquid,474,GIANTX,14419,5,7,2,8,0,0,Team Liquid,AMERICAS
530935,231425,Sunset,Team Liquid,Team Liquid,GIANTX,Team Liquid,474,GIANTX,14419,6,6,4,7,0,0,Team Liquid,AMERICAS
459826,207147,Split,Team Vitality,GIANTX,Team Vitality,Team Vitality,2059,GIANTX,14419,3,9,4,6,0,0,Team Vitality,AMERICAS
459826,207148,Lotus,GIANTX,GIANTX,Team Vitality,Team Vitality,2059,GIANTX,14419,2,10,3,0,0,0,Team Vitality,AMERICAS
459827,207150,Icebox,Karmine Corp,Karmine Corp,BBL Esports,BBL Esports,397,Karmine Corp,8877,9,3,0,4,0,0,Karmine Corp,AMERICAS
459827,207151,Pearl,BBL Esports,BBL Esports,Karmine Corp,BBL Esports,397,Karmine Corp,8877,8,4,7,5,0,0,BBL Esports,AMERICAS
459827,207152,Fracture,Decider,BBL Esports,Karmine Corp,BBL Esports,397,Karmine Corp,8877,7,5,3,6,0,0,BBL Esports,AMERICAS
459828,207153,Ascent,Team Heretics,Apeks,Team Heretics,Team Heretics,1001,Apeks,11479,7,5,0,6,0,0,Apeks,AMERICAS
459828,207154,Split,Apeks,Team Heretics,Apeks,Team Heretics,1001,Apeks,11479,6,6,2,7,0,0,Team Heretics,AMERICAS
459828,207155,Icebox,Decider,Apeks,Team Heretics,Team Heretics,1001,Apeks,11479,5,7,6,1,0,0,Team Heretics,AMERICAS
459829,207156,Pearl,FUT Esports,Movistar KOI(KOI),FUT Esports,FUT Esports,1184,Movistar KOI(KOI),7035,0,8,5,0,0,0,FUT Esports,AMERICAS
459829,207157,Lotus,Movistar KOI(KOI),Movistar KOI(KOI),FUT Esports,FUT Esports,1184,Movistar KOI(KOI),7035,0,3,9,0,0,2,FUT Esports,AMERICAS
459830,207159,Split,FNATIC,Natus Vincere,FNATIC,FNATIC,2593,Natus Vincere,4915,4,8,5,1,0,0,FNATIC,AMERICAS
459830,207160,Fracture,Natus Vincere,Natus Vincere,FNATIC,FNATIC,2593,Natus Vincere,4915,6,6,7,5,0,0,FNATIC,AMERICAS
459831,207162,Split,Team Liquid,Team Liquid,Gentle Mates,Team Liquid,474,Gentle Mates,12694,8,4,2,5,0,0,Team Liquid,AMERICAS
459831,207163,Haven,Gentle Mates,Team Liquid,Gentle Mates,Team Liquid,474,Gentle Mates,12694,5,7,5,7,0,2,Gentle Mates,AMERICAS
459831,207164,Icebox,Decider,Team Liquid,Gentle Mates,Team Liquid,474,Gentle Mates,12694,4,8,5,2,0,0,Gentle Mates,AMERICAS
459832,207165,Fracture,Team Liquid,Team Liquid,BBL Esports,Team Liquid,474,BBL Esports,397,9,3,4,4,0,0,Team Liquid,AMERICAS
459832,207166,Haven,BBL Esports,BBL Esports,Team Liquid,Team Liquid,474,BBL Esports,397,8,4,0,5,0,0,BBL Esports,AMERICAS
459832,207167,Ascent,Decider,Team Liquid,BBL Esports,Team Liquid,474,BBL Esports,397,12,0,4,1,0,0,Team Liquid,AMERICAS
459833,207168,Lotus,Natus Vincere,Natus Vincere,Apeks,Apeks,11479,Natus Vincere,4915,5,7,6,5,0,0,Apeks,AMERICAS
459833,207169,Haven,Apeks,Apeks,Natus Vincere,Apeks,11479,Natus Vincere,4915,4,8,5,7,0,0,Natus Vincere,AMERICAS
459833,207170,Split,Decider,Apeks,Natus Vincere,Apeks,11479,Natus Vincere,4915,3,9,4,3,0,0,Natus Vincere,AMERICAS
459834,207171,Icebox,Gentle Mates,Gentle Mates,FUT Esports,FUT Esports,1184,Gentle Mates,12694,6,6,4,7,0,0,Gentle Mates,AMERICAS
459834,207172,Fracture,FUT Esports,FUT Esports,Gentle Mates,FUT Esports,1184,Gentle Mates,12694,8,4,8,4,6,4,FUT Esports,AMERICAS
459834,207173,Lotus,Decider,FUT Esports,Gentle Mates,FUT Esports,1184,Gentle Mates,12694,8,4,0,5,0,0,FUT Esports,AMERICAS
459835,207174,Haven,GIANTX,GIANTX,Team Heretics,Team Heretics,1001,GIANTX,14419,3,9,4,0,0,0,Team Heretics,AMERICAS
459835,207175,Split,Team Heretics,Team Heretics,GIANTX,Team Heretics,1001,GIANTX,14419,10,2,11,1,0,0,GIANTX,AMERICAS
459835,207176,Lotus,Decider,Team Heretics,GIANTX,Team Heretics,1001,GIANTX,14419,8,4,4,5,0,0,Team Heretics,AMERICAS
459836,207177,Split,FNATIC,FNATIC,Team Vitality,Team Vitality,2059,FNATIC,2593,8,4,8,4,4,6,Team Vitality,AMERICAS
459836,207178,Lotus,Team Vitality,Team Vitality,FNATIC,Team Vitality,2059,FNATIC,2593,4,8,5,2,0,0,FNATIC,AMERICAS
459836,207179,Haven,Decider,FNATIC,Team Vitality,Team Vitality,2059,FNATIC,2593,3,9,1,10,0,0,FNATIC,AMERICAS
459837,207180,Lotus,Movistar KOI(KOI),Movistar KOI(KOI),Karmine Corp,Movistar KOI(KOI),7035,Karmine Corp,8877,0,10,3,0,0,0,Karmine Corp,AMERICAS
459837,207181,Icebox,Karmine Corp,Movistar KOI(KOI),Karmine Corp,Movistar KOI(KOI),7035,Karmine Corp,8877,0,6,6,0,0,2,Karmine Corp,AMERICAS
459839,207183,Pearl,BBL Esports,Movistar KOI(KOI),BBL Esports,Movistar KOI(KOI),7035,BBL Esports,397,0,7,6,0,0,0,BBL Esports,AMERICAS
459839,207184,Icebox,Movistar KOI(KOI),BBL Esports,Movistar KOI(KOI),Movistar KOI(KOI),7035,BBL Esports,397,7,0,0,6,0,0,BBL Esports,AMERICAS
459840,207186,Fracture,Natus Vincere,Natus Vincere,GIANTX,Natus Vincere,4915,GIANTX,14419,6,6,7,3,0,0,GIANTX,AMERICAS
459840,207187,Pearl,GIANTX,GIANTX,Natus Vincere,Natus Vincere,4915,GIANTX,14419,3,9,4,4,0,0,Natus Vincere,AMERICAS
459840,207188,Split,Decider,Natus Vincere,GIANTX,Natus Vincere,4915,GIANTX,14419,12,0,0,1,0,0,Natus Vincere,AMERICAS
459841,207189,Lotus,FUT Esports,Team Liquid,FUT Esports,Team Liquid,474,FUT Esports,1184,11,1,0,2,0,0,Team Liquid,AMERICAS
459841,207190,Split,Team Liquid,FUT Esports,Team Liquid,Team Liquid,474,FUT Esports,1184,6,6,7,3,0,0,Team Liquid,AMERICAS
459842,207192,Haven,Team Heretics,Team Heretics,Team Vitality,Team Vitality,2059,Team Heretics,1001,6,6,4,7,0,0,Team Heretics,AMERICAS
459842,207193,Icebox,Team Vitality,Team Vitality,Team Heretics,Team Vitality,2059,Team Heretics,1001,5,7,6,1,0,0,Team Heretics,AMERICAS
459843,207195,Lotus,Apeks,Apeks,FNATIC,Apeks,11479,FNATIC,2593,3,9,4,2,0,0,FNATIC,AMERICAS
459843,207196,Split,FNATIC,Apeks,FNATIC,Apeks,11479,FNATIC,2593,4,8,4,8,2,4,FNATIC,AMERICAS
459844,207198,Haven,Gentle Mates,Gentle Mates,Karmine Corp,Karmine Corp,8877,Gentle Mates,12694,7,5,7,5,0,2,Karmine Corp,AMERICAS
459844,207199,Pearl,Karmine Corp,Karmine Corp,Gentle Mates,Karmine Corp,8877,Gentle Mates,12694,10,2,0,3,0,0,Karmine Corp,AMERICAS
459845,207201,Ascent,Apeks,Team Vitality,Apeks,Team Vitality,2059,Apeks,11479,11,1,4,2,0,0,Team Vitality,AMERICAS
459845,207202,Lotus,Team Vitality,Team Vitality,Apeks,Team Vitality,2059,Apeks,11479,3,9,1,10,0,0,Team Vitality,AMERICAS
459846,212700,Split,Team Liquid,Movistar KOI(KOI),Team Liquid,Team Liquid,474,Movistar KOI(KOI),7035,0,8,5,0,0,0,Team Liquid,AMERICAS
459846,212701,Lotus,Movistar KOI(KOI),Team Liquid,Movistar KOI(KOI),Team Liquid,474,Movistar KOI(KOI),7035,7,0,0,6,0,0,Team Liquid,AMERICAS
459847,207207,Lotus,BBL Esports,Gentle Mates,BBL Esports,Gentle Mates,12694,BBL Esports,397,5,7,5,7,0,2,BBL Esports,AMERICAS
459847,207208,Haven,Gentle Mates,BBL Esports,Gentle Mates,Gentle Mates,12694,BBL Esports,397,10,2,0,3,0,0,BBL Esports,AMERICAS
459848,207210,Ascent,GIANTX,FNATIC,GIANTX,GIANTX,14419,FNATIC,2593,5,7,6,5,0,0,GIANTX,AMERICAS
459848,207211,Lotus,FNATIC,FNATIC,GIANTX,GIANTX,14419,FNATIC,2593,9,3,2,4,0,0,FNATIC,AMERICAS
459848,207212,Haven,Decider,FNATIC,GIANTX,GIANTX,14419,FNATIC,2593,6,6,4,7,0,0,FNATIC,AMERICAS
459849,207214,Lotus,Karmine Corp,FUT Esports,Karmine Corp,Karmine Corp,8877,FUT Esports,1184,7,5,0,6,0,0,FUT Esports,AMERICAS
459849,207215,Ascent,Decider,FUT Esports,Karmine Corp,Karmine Corp,8877,FUT Esports,1184,9,3,8,4,0,0,FUT Esports,AMERICAS
459849,212913,Pearl,FUT Esports,Karmine Corp,FUT Esports,Karmine Corp,8877,FUT Esports,1184,6,6,6,6,2,0,Karmine Corp,AMERICAS
459850,207216,Haven,Team Heretics,Team Heretics,Natus Vincere,Natus Vincere,4915,Team Heretics,1001,10,2,1,3,0,0,Team Heretics,AMERICAS
459850,207217,Pearl,Natus Vincere,Natus Vincere,Team Heretics,Natus Vincere,4915,Team Heretics,1001,3,9,4,5,0,0,Team Heretics,AMERICAS
459852,207219,Ascent,BBL Esports,FUT Esports,BBL Esports,BBL Esports,397,FUT Esports,1184,5,7,5,7,11,13,BBL Esports,AMERICAS
459852,207220,Icebox,FUT Esports,BBL Esports,FUT Esports,BBL Esports,397,FUT Esports,1184,7,5,6,6,0,0,BBL Esports,AMERICAS
459853,207222,Lotus,Apeks,GIANTX,Apeks,GIANTX,14419,Apeks,11479,6,6,1,7,0,0,GIANTX,AMERICAS
459853,207223,Ascent,GIANTX,Apeks,GIANTX,GIANTX,14419,Apeks,11479,3,9,4,6,0,0,GIANTX,AMERICAS
459854,207225,Split,Gentle Mates,Movistar KOI(KOI),Gentle Mates,Gentle Mates,12694,Movistar KOI(KOI),7035,0,7,6,0,0,0,Gentle Mates,AMERICAS
459854,207226,Icebox,Movistar KOI(KOI),Movistar KOI(KOI),Gentle Mates,Gentle Mates,12694,Movistar KOI(KOI),7035,0,5,1,0,0,0,Gentle Mates,AMERICAS
459854,207227,Fracture,Decider,Gentle Mates,Movistar KOI(KOI),Gentle Mates,12694,Movistar KOI(KOI),7035,8,0,0,1,0,0,Gentle Mates,AMERICAS
459855,207228,Haven,Team Vitality,Natus Vincere,Team Vitality,Team Vitality,2059,Natus Vincere,4915,8,4,1,5,0,0,Natus Vincere,AMERICAS
459855,207229,Icebox,Natus Vincere,Natus Vincere,Team Vitality,Team Vitality,2059,Natus Vincere,4915,5,7,4,8,0,0,Natus Vincere,AMERICAS
459856,207232,Icebox,Karmine Corp,Karmine Corp,Team Liquid,Team Liquid,474,Karmine Corp,8877,5,7,2,8,0,0,Karmine Corp,AMERICAS
459856,207233,Lotus,Decider,Karmine Corp,Team Liquid,Team Liquid,474,Karmine Corp,8877,3,9,4,3,0,0,Team Liquid,AMERICAS
459856,214836,Split,Team Liquid,,,Team Liquid,474,Karmine Corp,8877,0,0,0,0,0,0,Draw,AMERICAS
459857,207235,Haven,Team Heretics,FNATIC,Team Heretics,FNATIC,2593,Team Heretics,1001,4,8,5,1,0,0,Team Heretics,AMERICAS
459857,215378,Lotus,FNATIC,FNATIC,Team Heretics,FNATIC,2593,Team Heretics,1001,7,5,8,3,0,0,Team Heretics,AMERICAS
482503,215379,Lotus,BBL Esports,Natus Vincere,BBL Esports,BBL Esports,397,Natus Vincere,4915,5,7,6,4,0,0,BBL Esports,AMERICAS
482503,215380,Fracture,Natus Vincere,BBL Esports,Natus Vincere,BBL Esports,397,Natus Vincere,4915,6,6,4,7,0,0,BBL Esports,AMERICAS
482504,215383,Split,FNATIC,FNATIC,FUT Esports,FNATIC,2593,FUT Esports,1184,8,4,4,5,0,0,FNATIC,AMERICAS
482504,216517,Lotus,FUT Esports,FUT Esports,FNATIC,FNATIC,2593,FUT Esports,1184,4,8,5,2,0,0,FNATIC,AMERICAS
482505,215385,Icebox,Karmine Corp,Natus Vincere,Karmine Corp,Natus Vincere,4915,Karmine Corp,8877,4,8,4,8,0,2,Karmine Corp,AMERICAS
482505,215386,Split,Natus Vincere,Karmine Corp,Natus Vincere,Natus Vincere,4915,Karmine Corp,8877,3,9,4,8,0,0,Natus Vincere,AMERICAS
482505,216537,Ascent,Decider,Karmine Corp,Natus Vincere,Natus Vincere,4915,Karmine Corp,8877,5,7,6,6,0,0,Natus Vincere,AMERICAS
482506,215389,Split,Team Vitality,FUT Esports,Team Vitality,FUT Esports,1184,Team Vitality,2059,9,3,3,4,0,0,FUT Esports,AMERICAS
482506,216584,Fracture,FUT Esports,FUT Esports,Team Vitality,FUT Esports,1184,Team Vitality,2059,6,6,1,7,0,0,FUT Esports,AMERICAS
482507,215392,Icebox,Team Heretics,BBL Esports,Team Heretics,Team Heretics,1001,BBL Esports,397,6,6,6,6,0,2,Team Heretics,AMERICAS
482507,216644,Ascent,BBL Esports,Team Heretics,BBL Esports,Team Heretics,1001,BBL Esports,397,9,3,7,4,0,0,Team Heretics,AMERICAS
482508,215394,Split,Team Liquid,Team Liquid,FNATIC,Team Liquid,474,FNATIC,2593,7,5,8,3,0,0,FNATIC,AMERICAS
482508,215395,Icebox,FNATIC,Team Liquid,FNATIC,Team Liquid,474,FNATIC,2593,6,6,5,7,0,0,Team Liquid,AMERICAS
482508,215396,Fracture,Decider,FNATIC,Team Liquid,Team Liquid,474,FNATIC,2593,4,8,4,8,2,0,FNATIC,AMERICAS
482510,215402,Ascent,Decider,BBL Esports,FUT Esports,BBL Esports,397,FUT Esports,1184,7,5,5,6,0,0,BBL Esports,AMERICAS
482510,216645,Split,FUT Esports,BBL Esports,FUT Esports,BBL Esports,397,FUT Esports,1184,10,2,0,3,0,0,BBL Esports,AMERICAS
482510,216646,Haven,BBL Esports,BBL Esports,FUT Esports,BBL Esports,397,FUT Esports,1184,4,8,4,8,0,2,FUT Esports,AMERICAS
482509,215397,Icebox,Natus Vincere,Team Liquid,Natus Vincere,Team Liquid,474,Natus Vincere,4915,4,8,5,7,0,0,Natus Vincere,AMERICAS
482509,215398,Split,Team Liquid,Natus Vincere,Team Liquid,Team Liquid,474,Natus Vincere,4915,3,9,4,1,0,0,Team Liquid,AMERICAS
482509,215399,Ascent,Decider,Natus Vincere,Team Liquid,Team Liquid,474,Natus Vincere,4915,6,6,7,2,0,0,Team Liquid,AMERICAS
482515,215416,Fracture,FNATIC,FNATIC,Team Heretics,Team Heretics,1001,FNATIC,2593,7,5,1,6,0,0,FNATIC,AMERICAS
482515,217080,Icebox,Team Heretics,FNATIC,Team Heretics,Team Heretics,1001,FNATIC,2593,7,5,3,6,0,0,FNATIC,AMERICAS
482511,215403,Haven,BBL Esports,Team Liquid,BBL Esports,Team Liquid,474,BBL Esports,397,4,8,3,9,0,0,Team Liquid,AMERICAS
482511,215404,Split,Team Liquid,BBL Esports,Team Liquid,Team Liquid,474,BBL Esports,397,10,2,5,3,0,0,BBL Esports,AMERICAS
482511,215405,Fracture,Decider,BBL Esports,Team Liquid,Team Liquid,474,BBL Esports,397,3,9,4,5,0,0,Team Liquid,AMERICAS
482512,215406,Haven,Team Heretics,Team Liquid,Team Heretics,Team Heretics,1001,Team Liquid,474,2,10,3,1,0,0,Team Heretics,AMERICAS
482512,215407,Ascent,Team Liquid,Team Heretics,Team Liquid,Team Heretics,1001,Team Liquid,474,5,7,3,8,0,0,Team Heretics,AMERICAS
482512,215408,Icebox,Team Heretics,Team Liquid,Team Heretics,Team Heretics,1001,Team Liquid,474,2,10,3,0,0,0,Team Heretics,AMERICAS
482513,215411,Split,FNATIC,Team Heretics,FNATIC,FNATIC,2593,Team Heretics,1001,3,9,4,1,0,0,FNATIC,AMERICAS
482513,215412,Icebox,Team Heretics,FNATIC,Team Heretics,FNATIC,2593,Team Heretics,1001,10,2,7,3,0,0,FNATIC,AMERICAS
482513,215413,Fracture,FNATIC,FNATIC,Team Heretics,FNATIC,2593,Team Heretics,1001,7,5,7,5,2,0,FNATIC,AMERICAS
429381,196073,Lotus,GIANTX,BBL Esports,GIANTX,BBL Esports,397,GIANTX,14419,6,6,3,7,0,0,BBL Esports,AMERICAS
429381,196074,Haven,BBL Esports,GIANTX,BBL Esports,BBL Esports,397,GIANTX,14419,7,5,7,5,2,0,GIANTX,AMERICAS
429381,196075,Pearl,Decider,GIANTX,BBL Esports,BBL Esports,397,GIANTX,14419,5,7,6,0,0,0,BBL Esports,AMERICAS
429380,196070,Abyss,Natus Vincere,Natus Vincere,Karmine Corp,Karmine Corp,8877,Natus Vincere,4915,5,7,3,8,0,0,Natus Vincere,AMERICAS
429380,196071,Bind,Karmine Corp,Natus Vincere,Karmine Corp,Karmine Corp,8877,Natus Vincere,4915,2,10,3,0,0,0,Karmine Corp,AMERICAS
429380,196072,Lotus,Decider,Natus Vincere,Karmine Corp,Karmine Corp,8877,Natus Vincere,4915,5,7,6,1,0,0,Karmine Corp,AMERICAS
429379,196067,Fracture,Team Liquid,Movistar KOI(KOI),Team Liquid,Team Liquid,474,Movistar KOI(KOI),7035,0,5,5,0,0,0,Team Liquid,AMERICAS
429379,196068,Abyss,Movistar KOI(KOI),Movistar KOI(KOI),Team Liquid,Team Liquid,474,Movistar KOI(KOI),7035,0,11,2,0,0,0,Team Liquid,AMERICAS
429379,196069,Bind,Decider,Team Liquid,Movistar KOI(KOI),Team Liquid,474,Movistar KOI(KOI),7035,6,0,0,7,0,0,Team Liquid,AMERICAS
429382,196076,Pearl,Gentle Mates,Gentle Mates,Apeks,Apeks,11479,Gentle Mates,12694,6,6,1,7,0,0,Gentle Mates,AMERICAS
429382,196077,Haven,Apeks,Apeks,Gentle Mates,Apeks,11479,Gentle Mates,12694,3,9,3,9,0,2,Gentle Mates,AMERICAS
429385,196085,Abyss,BBL Esports,BBL Esports,FNATIC,FNATIC,2593,BBL Esports,397,9,3,5,4,0,0,BBL Esports,AMERICAS
429385,196086,Fracture,FNATIC,FNATIC,BBL Esports,FNATIC,2593,BBL Esports,397,8,4,4,5,0,0,FNATIC,AMERICAS
429385,196087,Split,Decider,BBL Esports,FNATIC,FNATIC,2593,BBL Esports,397,3,9,1,10,0,0,BBL Esports,AMERICAS
429384,196082,Haven,Team Vitality,Team Vitality,Karmine Corp,Team Vitality,2059,Karmine Corp,8877,8,4,1,5,0,0,Team Vitality,AMERICAS
429384,196083,Bind,Karmine Corp,Team Vitality,Karmine Corp,Team Vitality,2059,Karmine Corp,8877,5,7,6,4,0,0,Karmine Corp,AMERICAS
429384,196084,Abyss,Decider,Karmine Corp,Team Vitality,Team Vitality,2059,Karmine Corp,8877,5,7,5,7,3,5,Team Vitality,AMERICAS
429383,196079,Pearl,FUT Esports,FUT Esports,Team Liquid,FUT Esports,1184,Team Liquid,474,9,3,4,4,0,0,FUT Esports,AMERICAS
429383,196080,Fracture,Team Liquid,Team Liquid,FUT Esports,FUT Esports,1184,Team Liquid,474,3,9,4,3,0,0,FUT Esports,AMERICAS
429386,196088,Abyss,Gentle Mates,Gentle Mates,Team Heretics,Team Heretics,1001,Gentle Mates,12694,9,3,1,4,0,0,Gentle Mates,AMERICAS
429386,196089,Fracture,Team Heretics,Team Heretics,Gentle Mates,Team Heretics,1001,Gentle Mates,12694,11,1,2,2,0,0,Team Heretics,AMERICAS
429386,196090,Pearl,Decider,Team Heretics,Gentle Mates,Team Heretics,1001,Gentle Mates,12694,9,3,5,4,0,0,Team Heretics,AMERICAS
429393,196111,Bind,Karmine Corp,GIANTX,Karmine Corp,Karmine Corp,8877,GIANTX,14419,5,7,5,7,0,2,Karmine Corp,AMERICAS
429393,196112,Lotus,GIANTX,GIANTX,Karmine Corp,Karmine Corp,8877,GIANTX,14419,7,5,3,6,0,0,GIANTX,AMERICAS
429393,196113,Fracture,Decider,Karmine Corp,GIANTX,Karmine Corp,8877,GIANTX,14419,4,8,5,6,0,0,GIANTX,AMERICAS
429392,196108,Pearl,Natus Vincere,Natus Vincere,FNATIC,FNATIC,2593,Natus Vincere,4915,3,9,4,6,0,0,FNATIC,AMERICAS
429392,196109,Fracture,FNATIC,FNATIC,Natus Vincere,FNATIC,2593,Natus Vincere,4915,6,6,7,2,0,0,Natus Vincere,AMERICAS
429392,196110,Haven,Decider,Natus Vincere,FNATIC,FNATIC,2593,Natus Vincere,4915,8,4,8,4,1,3,FNATIC,AMERICAS
429394,196114,Abyss,Team Liquid,Team Liquid,Apeks,Team Liquid,474,Apeks,11479,6,6,3,7,0,0,Team Liquid,AMERICAS
429394,196115,Pearl,Apeks,Apeks,Team Liquid,Team Liquid,474,Apeks,11479,9,3,8,4,0,0,Apeks,AMERICAS
429394,196116,Haven,Decider,Team Liquid,Apeks,Team Liquid,474,Apeks,11479,9,3,3,4,0,0,Team Liquid,AMERICAS
429391,196105,Haven,Gentle Mates,Gentle Mates,Movistar KOI(KOI),Gentle Mates,12694,Movistar KOI(KOI),7035,10,0,0,3,0,0,Gentle Mates,AMERICAS
429391,196106,Lotus,Movistar KOI(KOI),Gentle Mates,Movistar KOI(KOI),Gentle Mates,12694,Movistar KOI(KOI),7035,3,0,0,4,0,0,Gentle Mates,AMERICAS
429391,196107,Pearl,Decider,Gentle Mates,Movistar KOI(KOI),Gentle Mates,12694,Movistar KOI(KOI),7035,8,0,0,5,0,0,Gentle Mates,AMERICAS
429388,196094,Pearl,BBL Esports,Team Heretics,BBL Esports,BBL Esports,397,Team Heretics,1001,5,7,4,8,0,0,Team Heretics,AMERICAS
429388,196095,Lotus,Team Heretics,BBL Esports,Team Heretics,BBL Esports,397,Team Heretics,1001,4,8,5,3,0,0,Team Heretics,AMERICAS
429387,196091,Bind,FUT Esports,FUT Esports,Team Vitality,FUT Esports,1184,Team Vitality,2059,3,9,4,4,0,0,Team Vitality,AMERICAS
429387,196092,Split,Team Vitality,Team Vitality,FUT Esports,FUT Esports,1184,Team Vitality,2059,11,1,3,2,0,0,Team Vitality,AMERICAS
429395,196117,Abyss,Gentle Mates,Gentle Mates,FNATIC,Gentle Mates,12694,FNATIC,2593,1,11,2,4,0,0,FNATIC,AMERICAS
429395,196118,Fracture,FNATIC,Gentle Mates,FNATIC,Gentle Mates,12694,FNATIC,2593,5,7,6,1,0,0,FNATIC,AMERICAS
429396,196120,Fracture,GIANTX,GIANTX,Team Liquid,GIANTX,14419,Team Liquid,474,4,8,5,4,0,0,Team Liquid,AMERICAS
429396,196121,Split,Team Liquid,GIANTX,Team Liquid,GIANTX,14419,Team Liquid,474,4,8,5,2,0,0,Team Liquid,AMERICAS
429397,196123,Abyss,FUT Esports,FUT Esports,FNATIC,FUT Esports,1184,FNATIC,2593,5,7,3,8,0,0,FUT Esports,AMERICAS
429397,196124,Fracture,FNATIC,FNATIC,FUT Esports,FUT Esports,1184,FNATIC,2593,6,6,7,0,0,0,FUT Esports,AMERICAS
429398,196126,Bind,Team Liquid,BBL Esports,Team Liquid,BBL Esports,397,Team Liquid,474,4,8,5,7,0,0,Team Liquid,AMERICAS
429398,196127,Pearl,BBL Esports,Team Liquid,BBL Esports,BBL Esports,397,Team Liquid,474,3,9,4,6,0,0,BBL Esports,AMERICAS
429398,196128,Split,Decider,BBL Esports,Team Liquid,BBL Esports,397,Team Liquid,474,6,6,7,4,0,0,Team Liquid,AMERICAS
429389,196097,Haven,Team Vitality,Team Heretics,Team Vitality,Team Vitality,2059,Team Heretics,1001,4,8,5,6,0,0,Team Vitality,AMERICAS
429389,196098,Abyss,Team Heretics,Team Heretics,Team Vitality,Team Vitality,2059,Team Heretics,1001,1,11,2,0,0,0,Team Vitality,AMERICAS
429400,196129,Abyss,FUT Esports,FUT Esports,Team Liquid,FUT Esports,1184,Team Liquid,474,4,8,5,3,0,0,Team Liquid,AMERICAS
429400,196130,Bind,Team Liquid,Team Liquid,FUT Esports,FUT Esports,1184,Team Liquid,474,5,7,6,6,0,0,FUT Esports,AMERICAS
429400,196131,Haven,Decider,Team Liquid,FUT Esports,FUT Esports,1184,Team Liquid,474,8,4,0,5,0,0,Team Liquid,AMERICAS
429401,196132,Lotus,Team Heretics,Team Liquid,Team Heretics,Team Heretics,1001,Team Liquid,474,9,3,1,4,0,0,Team Liquid,AMERICAS
429401,196133,Abyss,Team Liquid,Team Liquid,Team Heretics,Team Heretics,1001,Team Liquid,474,8,4,0,5,0,0,Team Liquid,AMERICAS
429401,196134,Fracture,Team Heretics,Team Heretics,Team Liquid,Team Heretics,1001,Team Liquid,474,4,8,5,3,0,0,Team Liquid,AMERICAS
429390,196100,Split,Team Vitality,Team Vitality,Team Liquid,Team Vitality,2059,Team Liquid,474,3,9,4,7,0,0,Team Liquid,AMERICAS
429390,196101,Haven,Team Liquid,Team Liquid,Team Vitality,Team Vitality,2059,Team Liquid,474,9,3,4,4,0,0,Team Liquid,AMERICAS
429390,196102,Lotus,Team Vitality,Team Liquid,Team Vitality,Team Vitality,2059,Team Liquid,474,2,10,3,4,0,0,Team Vitality,AMERICAS
429390,196103,Bind,Team Liquid,Team Liquid,Team Vitality,Team Vitality,2059,Team Liquid,474,5,7,6,2,0,0,Team Vitality,AMERICAS
429390,196104,Fracture,Decider,Team Vitality,Team Liquid,Team Vitality,2059,Team Liquid,474,8,4,4,5,0,0,Team Vitality,AMERICAS
353153,173346,Split,KOI,FUT Esports,KOI,FUT Esports,1184,KOI,7035,8,4,3,5,0,0,FUT Esports,AMERICAS
353153,173347,Lotus,FUT Esports,FUT Esports,KOI,FUT Esports,1184,KOI,7035,3,9,4,4,0,0,KOI,AMERICAS
353153,173348,Sunset,Decider,KOI,FUT Esports,FUT Esports,1184,KOI,7035,2,10,3,4,0,0,FUT Esports,AMERICAS
353154,173349,Ascent,BBL Esports,FNATIC,BBL Esports,BBL Esports,397,FNATIC,2593,6,6,3,7,0,0,FNATIC,AMERICAS
353154,173350,Bind,FNATIC,BBL Esports,FNATIC,BBL Esports,397,FNATIC,2593,8,4,7,5,0,0,BBL Esports,AMERICAS
353154,173351,Lotus,Decider,BBL Esports,FNATIC,BBL Esports,397,FNATIC,2593,8,4,9,3,0,0,FNATIC,AMERICAS
353155,173352,Sunset,Team Heretics,Team Heretics,Natus Vincere,Team Heretics,1001,Natus Vincere,4915,11,1,2,2,0,0,Team Heretics,AMERICAS
353155,173353,Bind,Natus Vincere,Natus Vincere,Team Heretics,Team Heretics,1001,Natus Vincere,4915,3,9,4,2,0,0,Team Heretics,AMERICAS
353157,173358,Split,Gentle Mates,GIANTX,Gentle Mates,GIANTX,14419,Gentle Mates,12694,1,11,2,0,0,0,Gentle Mates,AMERICAS
353157,173359,Sunset,GIANTX,Gentle Mates,GIANTX,GIANTX,14419,Gentle Mates,12694,6,6,7,5,0,0,GIANTX,AMERICAS
353157,173360,Breeze,Decider,Gentle Mates,GIANTX,GIANTX,14419,Gentle Mates,12694,7,5,8,4,0,0,GIANTX,AMERICAS
353156,173355,Lotus,Team Liquid,Team Liquid,Team Vitality,Team Vitality,2059,Team Liquid,474,4,8,5,6,0,0,Team Vitality,AMERICAS
353156,173356,Icebox,Team Vitality,Team Liquid,Team Vitality,Team Vitality,2059,Team Liquid,474,2,10,2,10,3,5,Team Vitality,AMERICAS
353159,173364,Lotus,Karmine Corp,BBL Esports,Karmine Corp,BBL Esports,397,Karmine Corp,8877,6,6,7,0,0,0,Karmine Corp,AMERICAS
353159,173365,Sunset,BBL Esports,BBL Esports,Karmine Corp,BBL Esports,397,Karmine Corp,8877,2,10,3,3,0,0,Karmine Corp,AMERICAS
353158,173361,Ascent,Natus Vincere,FUT Esports,Natus Vincere,Natus Vincere,4915,FUT Esports,1184,5,7,4,8,0,0,FUT Esports,AMERICAS
353158,173362,Lotus,FUT Esports,FUT Esports,Natus Vincere,Natus Vincere,4915,FUT Esports,1184,7,5,0,6,0,0,FUT Esports,AMERICAS
353202,173490,Sunset,GIANTX,GIANTX,KOI,KOI,7035,GIANTX,14419,5,7,6,0,0,0,KOI,AMERICAS
353202,173491,Icebox,KOI,KOI,GIANTX,KOI,7035,GIANTX,14419,4,8,4,8,2,0,KOI,AMERICAS
353161,173370,Sunset,Team Heretics,Team Heretics,FUT Esports,Team Heretics,1001,FUT Esports,1184,6,6,4,7,0,0,Team Heretics,AMERICAS
353161,173371,Split,FUT Esports,Team Heretics,FUT Esports,Team Heretics,1001,FUT Esports,1184,9,3,3,4,0,0,Team Heretics,AMERICAS
353160,173367,Haven,FNATIC,Team Vitality,FNATIC,FNATIC,2593,Team Vitality,2059,3,9,4,3,0,0,FNATIC,AMERICAS
353160,173368,Icebox,Team Vitality,Team Vitality,FNATIC,FNATIC,2593,Team Vitality,2059,9,3,3,4,0,0,Team Vitality,AMERICAS
353160,173369,Lotus,Decider,Team Vitality,FNATIC,FNATIC,2593,Team Vitality,2059,4,8,5,3,0,0,FNATIC,AMERICAS
353162,173373,Lotus,Team Liquid,BBL Esports,Team Liquid,BBL Esports,397,Team Liquid,474,7,5,1,6,0,0,BBL Esports,AMERICAS
353162,173374,Ascent,BBL Esports,Team Liquid,BBL Esports,BBL Esports,397,Team Liquid,474,5,7,6,0,0,0,BBL Esports,AMERICAS
353163,173376,Lotus,GIANTX,GIANTX,Natus Vincere,Natus Vincere,4915,GIANTX,14419,8,4,5,5,0,0,GIANTX,AMERICAS
353163,173377,Ascent,Natus Vincere,Natus Vincere,GIANTX,Natus Vincere,4915,GIANTX,14419,5,7,6,3,0,0,GIANTX,AMERICAS
353164,173379,Sunset,KOI,Gentle Mates,KOI,KOI,7035,Gentle Mates,12694,5,7,4,8,0,0,Gentle Mates,AMERICAS
353164,173380,Split,Gentle Mates,Gentle Mates,KOI,KOI,7035,Gentle Mates,12694,6,6,5,7,0,0,Gentle Mates,AMERICAS
353165,173382,Haven,FNATIC,FNATIC,Karmine Corp,FNATIC,2593,Karmine Corp,8877,9,3,0,4,0,0,FNATIC,AMERICAS
353165,173383,Lotus,Karmine Corp,Karmine Corp,FNATIC,FNATIC,2593,Karmine Corp,8877,4,8,5,4,0,0,FNATIC,AMERICAS
353166,173385,Bind,Team Heretics,Team Heretics,GIANTX,Team Heretics,1001,GIANTX,14419,6,6,3,7,0,0,Team Heretics,AMERICAS
353166,173386,Split,GIANTX,Team Heretics,GIANTX,Team Heretics,1001,GIANTX,14419,4,8,4,8,1,3,GIANTX,AMERICAS
353166,173387,Haven,Decider,Team Heretics,GIANTX,Team Heretics,1001,GIANTX,14419,4,8,1,9,0,0,Team Heretics,AMERICAS
353167,173388,Sunset,FUT Esports,Gentle Mates,FUT Esports,FUT Esports,1184,Gentle Mates,12694,4,8,5,4,0,0,FUT Esports,AMERICAS
353167,173389,Split,Gentle Mates,FUT Esports,Gentle Mates,FUT Esports,1184,Gentle Mates,12694,10,2,2,3,0,0,FUT Esports,AMERICAS
353168,173391,Split,Natus Vincere,Natus Vincere,KOI,KOI,7035,Natus Vincere,4915,3,9,4,7,0,0,KOI,AMERICAS
353168,173392,Icebox,KOI,Natus Vincere,KOI,KOI,7035,Natus Vincere,4915,5,7,6,1,0,0,KOI,AMERICAS
353169,173394,Bind,Karmine Corp,Team Liquid,Karmine Corp,Team Liquid,474,Karmine Corp,8877,7,5,6,6,0,0,Team Liquid,AMERICAS
353169,173395,Sunset,Team Liquid,Karmine Corp,Team Liquid,Team Liquid,474,Karmine Corp,8877,2,10,3,0,0,0,Team Liquid,AMERICAS
353170,173397,Ascent,BBL Esports,Team Vitality,BBL Esports,BBL Esports,397,Team Vitality,2059,7,5,2,6,0,0,Team Vitality,AMERICAS
353170,173398,Sunset,Team Vitality,BBL Esports,Team Vitality,BBL Esports,397,Team Vitality,2059,10,2,4,3,0,0,BBL Esports,AMERICAS
353170,173399,Lotus,Decider,BBL Esports,Team Vitality,BBL Esports,397,Team Vitality,2059,9,3,10,2,0,0,Team Vitality,AMERICAS
353171,173400,Sunset,Team Heretics,Gentle Mates,Team Heretics,Team Heretics,1001,Gentle Mates,12694,4,8,5,3,0,0,Team Heretics,AMERICAS
353171,173401,Icebox,Gentle Mates,Team Heretics,Gentle Mates,Team Heretics,1001,Gentle Mates,12694,8,4,9,2,0,0,Gentle Mates,AMERICAS
353171,173402,Lotus,Decider,Team Heretics,Gentle Mates,Team Heretics,1001,Gentle Mates,12694,9,3,2,4,0,0,Team Heretics,AMERICAS
353172,173403,Split,GIANTX,FUT Esports,GIANTX,FUT Esports,1184,GIANTX,14419,11,1,3,2,0,0,FUT Esports,AMERICAS
353172,173404,Lotus,FUT Esports,GIANTX,FUT Esports,FUT Esports,1184,GIANTX,14419,5,7,6,1,0,0,FUT Esports,AMERICAS
353173,173406,Icebox,KOI,Team Heretics,KOI,Team Heretics,1001,KOI,7035,5,7,6,6,0,0,KOI,AMERICAS
353173,173407,Bind,Team Heretics,Team Heretics,KOI,Team Heretics,1001,KOI,7035,6,6,3,7,0,0,Team Heretics,AMERICAS
353173,173408,Haven,Decider,Team Heretics,KOI,Team Heretics,1001,KOI,7035,5,7,3,8,0,0,Team Heretics,AMERICAS
353174,173409,Icebox,Team Liquid,FNATIC,Team Liquid,FNATIC,2593,Team Liquid,474,10,2,0,3,0,0,FNATIC,AMERICAS
353174,173410,Haven,FNATIC,FNATIC,Team Liquid,FNATIC,2593,Team Liquid,474,7,5,4,6,0,0,FNATIC,AMERICAS
353175,173412,Sunset,Gentle Mates,Natus Vincere,Gentle Mates,Natus Vincere,4915,Gentle Mates,12694,5,7,0,8,0,0,Natus Vincere,AMERICAS
353175,173413,Ascent,Natus Vincere,Gentle Mates,Natus Vincere,Natus Vincere,4915,Gentle Mates,12694,6,6,2,7,0,0,Gentle Mates,AMERICAS
353175,173414,Split,Decider,Gentle Mates,Natus Vincere,Natus Vincere,4915,Gentle Mates,12694,6,6,7,5,0,0,Natus Vincere,AMERICAS
353203,173493,Icebox,Team Vitality,Team Vitality,Karmine Corp,Team Vitality,2059,Karmine Corp,8877,9,3,1,4,0,0,Team Vitality,AMERICAS
353203,173494,Lotus,Karmine Corp,Karmine Corp,Team Vitality,Team Vitality,2059,Karmine Corp,8877,6,6,3,7,0,0,Karmine Corp,AMERICAS
353203,173495,Sunset,Decider,Team Vitality,Karmine Corp,Team Vitality,2059,Karmine Corp,8877,7,5,7,5,2,0,Team Vitality,AMERICAS
371278,178847,Haven,Natus Vincere,Natus Vincere,Team Vitality,Team Vitality,2059,Natus Vincere,4915,6,6,2,7,0,0,Natus Vincere,AMERICAS
371278,178848,Sunset,Team Vitality,Natus Vincere,Team Vitality,Team Vitality,2059,Natus Vincere,4915,2,10,3,3,0,0,Team Vitality,AMERICAS
371278,178849,Ascent,Decider,Natus Vincere,Team Vitality,Team Vitality,2059,Natus Vincere,4915,7,5,8,0,0,0,Team Vitality,AMERICAS
371279,178850,Icebox,FNATIC,Karmine Corp,FNATIC,FNATIC,2593,Karmine Corp,8877,7,5,2,6,0,0,Karmine Corp,AMERICAS
371279,178851,Sunset,Karmine Corp,FNATIC,Karmine Corp,FNATIC,2593,Karmine Corp,8877,6,6,6,6,3,1,FNATIC,AMERICAS
371279,178852,Lotus,Decider,Karmine Corp,FNATIC,FNATIC,2593,Karmine Corp,8877,4,8,5,2,0,0,FNATIC,AMERICAS
371280,178853,Icebox,Team Vitality,Team Heretics,Team Vitality,Team Heretics,1001,Team Vitality,2059,9,3,9,3,2,0,Team Heretics,AMERICAS
371280,178854,Sunset,Team Heretics,Team Vitality,Team Heretics,Team Heretics,1001,Team Vitality,2059,7,5,5,6,0,0,Team Vitality,AMERICAS
371280,178855,Bind,Decider,Team Heretics,Team Vitality,Team Heretics,1001,Team Vitality,2059,5,7,5,7,0,2,Team Vitality,AMERICAS
371281,178856,Sunset,FUT Esports,FNATIC,FUT Esports,FUT Esports,1184,FNATIC,2593,5,7,5,7,3,1,FNATIC,AMERICAS
371281,178857,Haven,FNATIC,FUT Esports,FNATIC,FUT Esports,1184,FNATIC,2593,4,8,5,1,0,0,FNATIC,AMERICAS
371282,178859,Lotus,FNATIC,FNATIC,Team Vitality,Team Vitality,2059,FNATIC,2593,5,7,4,8,0,0,FNATIC,AMERICAS
371282,178860,Sunset,Team Vitality,FNATIC,Team Vitality,Team Vitality,2059,FNATIC,2593,9,3,3,4,0,0,FNATIC,AMERICAS
371284,178867,Abyss,FUT Esports,FUT Esports,Team Heretics,Team Heretics,1001,FUT Esports,1184,6,6,7,4,0,0,Team Heretics,AMERICAS
371284,178868,Sunset,Team Heretics,Team Heretics,FUT Esports,Team Heretics,1001,FUT Esports,1184,5,7,4,8,0,0,Team Heretics,AMERICAS
371285,178870,Icebox,Team Vitality,Team Heretics,Team Vitality,Team Vitality,2059,Team Heretics,1001,9,3,3,4,0,0,Team Heretics,AMERICAS
371285,178871,Sunset,Team Heretics,Team Vitality,Team Heretics,Team Vitality,2059,Team Heretics,1001,8,4,0,5,0,0,Team Vitality,AMERICAS
371285,178872,Lotus,Team Vitality,Team Vitality,Team Heretics,Team Vitality,2059,Team Heretics,1001,9,3,0,4,0,0,Team Vitality,AMERICAS
371285,178873,Haven,Team Heretics,Team Heretics,Team Vitality,Team Vitality,2059,Team Heretics,1001,4,8,5,5,0,0,Team Vitality,AMERICAS
371283,178862,Haven,FNATIC,FNATIC,Team Vitality,FNATIC,2593,Team Vitality,2059,9,3,5,4,0,0,FNATIC,AMERICAS
371283,178863,Ascent,Team Vitality,FNATIC,Team Vitality,FNATIC,2593,Team Vitality,2059,4,8,5,5,0,0,Team Vitality,AMERICAS
371283,178864,Lotus,FNATIC,FNATIC,Team Vitality,FNATIC,2593,Team Vitality,2059,8,4,5,5,0,0,FNATIC,AMERICAS
371283,178865,Bind,Team Vitality,FNATIC,Team Vitality,FNATIC,2593,Team Vitality,2059,10,2,1,3,0,0,FNATIC,AMERICAS
318911,164091,Breeze,GIANTX,Karmine Corp,GIANTX,Karmine Corp,8877,GIANTX,14419,9,3,1,4,0,0,Karmine Corp,AMERICAS
318911,164092,Sunset,Karmine Corp,GIANTX,Karmine Corp,Karmine Corp,8877,GIANTX,14419,6,6,7,3,0,0,Karmine Corp,AMERICAS
318913,164094,Split,Movistar KOI(KOI),Team Liquid,Movistar KOI(KOI),Movistar KOI(KOI),7035,Team Liquid,474,4,0,0,9,0,0,Team Liquid,AMERICAS
318913,164095,Ascent,Team Liquid,Movistar KOI(KOI),Team Liquid,Movistar KOI(KOI),7035,Team Liquid,474,0,8,5,0,0,0,Team Liquid,AMERICAS
318914,164097,Bind,Natus Vincere,Team Vitality,Natus Vincere,Team Vitality,2059,Natus Vincere,4915,5,7,6,4,0,0,Natus Vincere,AMERICAS
318914,164098,Lotus,Team Vitality,Team Vitality,Natus Vincere,Team Vitality,2059,Natus Vincere,4915,3,9,4,1,0,0,Natus Vincere,AMERICAS
318915,164100,Icebox,FNATIC,FNATIC,Team Heretics,FNATIC,2593,Team Heretics,1001,3,9,4,1,0,0,Team Heretics,AMERICAS
318915,164101,Lotus,Team Heretics,Team Heretics,FNATIC,FNATIC,2593,Team Heretics,1001,5,7,5,7,5,3,Team Heretics,AMERICAS
318916,164103,Split,FUT Esports,Team Liquid,FUT Esports,Team Liquid,474,FUT Esports,1184,2,10,3,3,0,0,FUT Esports,AMERICAS
318916,164104,Icebox,Team Liquid,FUT Esports,Team Liquid,Team Liquid,474,FUT Esports,1184,8,4,4,5,0,0,FUT Esports,AMERICAS
318917,164106,Ascent,BBL Esports,BBL Esports,Gentle Mates,BBL Esports,397,Gentle Mates,12694,4,8,5,3,0,0,Gentle Mates,AMERICAS
318917,164107,Sunset,Gentle Mates,BBL Esports,Gentle Mates,BBL Esports,397,Gentle Mates,12694,6,6,7,5,0,0,Gentle Mates,AMERICAS
318918,164109,Bind,FUT Esports,FUT Esports,Karmine Corp,Karmine Corp,8877,FUT Esports,1184,5,7,6,6,0,0,Karmine Corp,AMERICAS
318918,164110,Lotus,Karmine Corp,Karmine Corp,FUT Esports,Karmine Corp,8877,FUT Esports,1184,3,9,4,5,0,0,FUT Esports,AMERICAS
318918,164111,Breeze,Decider,Karmine Corp,FUT Esports,Karmine Corp,8877,FUT Esports,1184,6,6,7,1,0,0,FUT Esports,AMERICAS
318919,164112,Breeze,Team Vitality,Team Vitality,Team Heretics,Team Vitality,2059,Team Heretics,1001,6,6,3,7,0,0,Team Vitality,AMERICAS
318919,164113,Sunset,Team Heretics,Team Heretics,Team Vitality,Team Vitality,2059,Team Heretics,1001,7,5,6,6,0,0,Team Heretics,AMERICAS
318919,164114,Icebox,Decider,Team Heretics,Team Vitality,Team Vitality,2059,Team Heretics,1001,4,8,5,5,0,0,Team Vitality,AMERICAS
318920,164115,Lotus,Team Liquid,Team Liquid,Natus Vincere,Team Liquid,474,Natus Vincere,4915,8,4,6,5,0,0,Team Liquid,AMERICAS
318920,164116,Split,Natus Vincere,Natus Vincere,Team Liquid,Team Liquid,474,Natus Vincere,4915,2,10,1,11,0,0,Natus Vincere,AMERICAS
318920,164117,Ascent,Decider,Team Liquid,Natus Vincere,Team Liquid,474,Natus Vincere,4915,3,9,4,2,0,0,Natus Vincere,AMERICAS
318921,164118,Breeze,Movistar KOI(KOI),BBL Esports,Movistar KOI(KOI),BBL Esports,397,Movistar KOI(KOI),7035,9,0,0,4,0,0,BBL Esports,AMERICAS
318921,164119,Icebox,BBL Esports,BBL Esports,Movistar KOI(KOI),BBL Esports,397,Movistar KOI(KOI),7035,9,0,0,4,0,0,BBL Esports,AMERICAS
318922,164121,Bind,GIANTX,GIANTX,FNATIC,FNATIC,2593,GIANTX,14419,5,7,6,0,0,0,FNATIC,AMERICAS
318922,164122,Breeze,FNATIC,GIANTX,FNATIC,FNATIC,2593,GIANTX,14419,8,4,1,5,0,0,GIANTX,AMERICAS
318922,164123,Split,Decider,GIANTX,FNATIC,FNATIC,2593,GIANTX,14419,3,9,4,4,0,0,FNATIC,AMERICAS
318923,164124,Split,Karmine Corp,Karmine Corp,Gentle Mates,Karmine Corp,8877,Gentle Mates,12694,9,3,3,4,0,0,Karmine Corp,AMERICAS
318923,164125,Icebox,Gentle Mates,Karmine Corp,Gentle Mates,Karmine Corp,8877,Gentle Mates,12694,10,2,4,3,0,0,Karmine Corp,AMERICAS
318924,164127,Breeze,Gentle Mates,FNATIC,Gentle Mates,Gentle Mates,12694,FNATIC,2593,9,3,3,4,0,0,FNATIC,AMERICAS
318924,164128,Lotus,FNATIC,FNATIC,Gentle Mates,Gentle Mates,12694,FNATIC,2593,8,4,0,5,0,0,FNATIC,AMERICAS
318925,164130,Bind,Natus Vincere,Natus Vincere,Karmine Corp,Karmine Corp,8877,Natus Vincere,4915,4,8,5,3,0,0,Karmine Corp,AMERICAS
318925,164131,Sunset,Karmine Corp,Karmine Corp,Natus Vincere,Karmine Corp,8877,Natus Vincere,4915,5,7,6,2,0,0,Natus Vincere,AMERICAS
318925,164132,Split,Decider,Natus Vincere,Karmine Corp,Karmine Corp,8877,Natus Vincere,4915,9,3,3,4,0,0,Natus Vincere,AMERICAS
318926,164133,Split,BBL Esports,Team Heretics,BBL Esports,BBL Esports,397,Team Heretics,1001,5,7,6,2,0,0,BBL Esports,AMERICAS
318926,164134,Sunset,Team Heretics,BBL Esports,Team Heretics,BBL Esports,397,Team Heretics,1001,6,6,4,7,0,0,BBL Esports,AMERICAS
318927,164136,Ascent,FUT Esports,Team Vitality,FUT Esports,Team Vitality,2059,FUT Esports,1184,4,8,5,3,0,0,FUT Esports,AMERICAS
318927,164137,Icebox,Team Vitality,Team Vitality,FUT Esports,Team Vitality,2059,FUT Esports,1184,6,6,3,7,0,0,Team Vitality,AMERICAS
318927,164138,Sunset,Decider,FUT Esports,Team Vitality,Team Vitality,2059,FUT Esports,1184,6,6,7,3,0,0,Team Vitality,AMERICAS
318928,164139,Lotus,GIANTX,Team Liquid,GIANTX,Team Liquid,474,GIANTX,14419,5,7,5,7,2,4,GIANTX,AMERICAS
318928,164140,Icebox,Team Liquid,GIANTX,Team Liquid,Team Liquid,474,GIANTX,14419,3,9,4,4,0,0,Team Liquid,AMERICAS
318928,164141,Ascent,Decider,GIANTX,Team Liquid,Team Liquid,474,GIANTX,14419,8,4,9,3,0,0,Team Liquid,AMERICAS
318929,164142,Bind,FNATIC,FNATIC,Movistar KOI(KOI),FNATIC,2593,Movistar KOI(KOI),7035,3,0,0,10,0,0,FNATIC,AMERICAS
318929,164143,Icebox,Movistar KOI(KOI),Movistar KOI(KOI),FNATIC,FNATIC,2593,Movistar KOI(KOI),7035,0,8,5,0,0,0,FNATIC,AMERICAS
318930,164145,Sunset,Team Heretics,Team Liquid,Team Heretics,Team Liquid,474,Team Heretics,1001,2,10,3,0,0,0,Team Heretics,AMERICAS
318930,164146,Bind,Team Liquid,Team Heretics,Team Liquid,Team Liquid,474,Team Heretics,1001,7,5,2,6,0,0,Team Heretics,AMERICAS
318931,164148,Icebox,Team Vitality,Gentle Mates,Team Vitality,Team Vitality,2059,Gentle Mates,12694,8,4,1,5,0,0,Gentle Mates,AMERICAS
318931,164149,Sunset,Gentle Mates,Gentle Mates,Team Vitality,Team Vitality,2059,Gentle Mates,12694,10,2,3,3,0,0,Gentle Mates,AMERICAS
318932,164151,Split,FUT Esports,FUT Esports,FNATIC,FNATIC,2593,FUT Esports,1184,7,5,2,6,0,0,FUT Esports,AMERICAS
318932,164152,Lotus,FNATIC,FNATIC,FUT Esports,FNATIC,2593,FUT Esports,1184,6,6,6,6,1,3,FUT Esports,AMERICAS
318933,164154,Ascent,Natus Vincere,BBL Esports,Natus Vincere,BBL Esports,397,Natus Vincere,4915,5,7,6,3,0,0,Natus Vincere,AMERICAS
318933,164155,Sunset,BBL Esports,BBL Esports,Natus Vincere,BBL Esports,397,Natus Vincere,4915,8,4,4,5,0,0,BBL Esports,AMERICAS
318933,164156,Split,Decider,Natus Vincere,BBL Esports,BBL Esports,397,Natus Vincere,4915,6,6,7,3,0,0,BBL Esports,AMERICAS
318934,164157,Lotus,GIANTX,GIANTX,Team Vitality,Team Vitality,2059,GIANTX,14419,5,7,5,7,4,2,GIANTX,AMERICAS
318934,164158,Breeze,Team Vitality,GIANTX,Team Vitality,Team Vitality,2059,GIANTX,14419,3,9,4,4,0,0,Team Vitality,AMERICAS
318934,164159,Sunset,Decider,GIANTX,Team Vitality,Team Vitality,2059,GIANTX,14419,5,7,6,1,0,0,Team Vitality,AMERICAS
318935,164160,Sunset,Movistar KOI(KOI),Movistar KOI(KOI),Karmine Corp,Karmine Corp,8877,Movistar KOI(KOI),7035,0,8,5,0,0,0,Karmine Corp,AMERICAS
318935,164161,Icebox,Karmine Corp,Karmine Corp,Movistar KOI(KOI),Karmine Corp,8877,Movistar KOI(KOI),7035,3,0,0,4,0,0,Karmine Corp,AMERICAS
318935,164162,Bind,Decider,Karmine Corp,Movistar KOI(KOI),Karmine Corp,8877,Movistar KOI(KOI),7035,8,0,0,4,3,0,Karmine Corp,AMERICAS
318936,164163,Bind,GIANTX,BBL Esports,GIANTX,BBL Esports,397,GIANTX,14419,5,7,6,1,0,0,GIANTX,AMERICAS
318936,164164,Sunset,BBL Esports,BBL Esports,GIANTX,BBL Esports,397,GIANTX,14419,6,6,7,5,0,0,GIANTX,AMERICAS
318937,164166,Icebox,Karmine Corp,Karmine Corp,Team Heretics,Karmine Corp,8877,Team Heretics,1001,6,6,6,6,0,2,Team Heretics,AMERICAS
318937,164167,Lotus,Team Heretics,Team Heretics,Karmine Corp,Karmine Corp,8877,Team Heretics,1001,2,10,3,3,0,0,Karmine Corp,AMERICAS
318937,164168,Bind,Decider,Team Heretics,Karmine Corp,Karmine Corp,8877,Team Heretics,1001,4,8,1,9,0,0,Team Heretics,AMERICAS
318938,164169,Split,Movistar KOI(KOI),Movistar KOI(KOI),Team Vitality,Team Vitality,2059,Movistar KOI(KOI),7035,0,5,0,0,0,0,Team Vitality,AMERICAS
318938,164170,Breeze,Team Vitality,Movistar KOI(KOI),Team Vitality,Team Vitality,2059,Movistar KOI(KOI),7035,0,6,7,0,0,0,Team Vitality,AMERICAS
318938,164171,Icebox,Decider,Movistar KOI(KOI),Team Vitality,Team Vitality,2059,Movistar KOI(KOI),7035,0,3,1,0,0,0,Team Vitality,AMERICAS
318939,164172,Breeze,FNATIC,FNATIC,Natus Vincere,Natus Vincere,4915,FNATIC,2593,7,5,1,6,0,0,FNATIC,AMERICAS
318939,164173,Ascent,Natus Vincere,FNATIC,Natus Vincere,Natus Vincere,4915,FNATIC,2593,3,9,4,5,0,0,Natus Vincere,AMERICAS
318939,164174,Bind,Decider,Natus Vincere,FNATIC,Natus Vincere,4915,FNATIC,2593,9,3,0,4,0,0,Natus Vincere,AMERICAS
318940,164175,Lotus,Team Liquid,Gentle Mates,Team Liquid,Team Liquid,474,Gentle Mates,12694,4,8,5,0,0,0,Team Liquid,AMERICAS
318940,164176,Icebox,Gentle Mates,Gentle Mates,Team Liquid,Team Liquid,474,Gentle Mates,12694,2,10,3,0,0,0,Team Liquid,AMERICAS
318941,164178,Bind,FUT Esports,FUT Esports,BBL Esports,BBL Esports,397,FUT Esports,1184,8,4,5,5,0,0,FUT Esports,AMERICAS
318941,164179,Icebox,BBL Esports,BBL Esports,FUT Esports,BBL Esports,397,FUT Esports,1184,3,9,4,3,0,0,FUT Esports,AMERICAS
341816,169368,Ascent,Team Liquid,Team Liquid,FNATIC,FNATIC,2593,Team Liquid,474,9,3,10,2,0,0,FNATIC,AMERICAS
341816,169376,Icebox,FNATIC,Team Liquid,FNATIC,FNATIC,2593,Team Liquid,474,7,5,7,5,2,0,Team Liquid,AMERICAS
341816,169377,Lotus,Decider,FNATIC,Team Liquid,FNATIC,2593,Team Liquid,474,11,1,4,2,0,0,FNATIC,AMERICAS
341817,169369,Lotus,Team Heretics,Team Heretics,Natus Vincere,Natus Vincere,4915,Team Heretics,1001,5,7,4,8,0,0,Team Heretics,AMERICAS
341817,169378,Split,Natus Vincere,Team Heretics,Natus Vincere,Natus Vincere,4915,Team Heretics,1001,6,6,3,7,0,0,Team Heretics,AMERICAS
341818,169370,Breeze,FNATIC,FNATIC,Karmine Corp,Karmine Corp,8877,FNATIC,2593,3,9,2,10,0,0,FNATIC,AMERICAS
341818,169380,Bind,Karmine Corp,FNATIC,Karmine Corp,Karmine Corp,8877,FNATIC,2593,4,8,1,9,0,0,FNATIC,AMERICAS
341819,169371,Lotus,Team Heretics,Team Heretics,FUT Esports,FUT Esports,1184,Team Heretics,1001,6,6,4,7,0,0,Team Heretics,AMERICAS
341819,169382,Split,FUT Esports,Team Heretics,FUT Esports,FUT Esports,1184,Team Heretics,1001,7,5,7,5,3,1,Team Heretics,AMERICAS
341820,169372,Lotus,Team Heretics,FNATIC,Team Heretics,FNATIC,2593,Team Heretics,1001,6,6,6,6,1,3,Team Heretics,AMERICAS
341820,169384,Breeze,FNATIC,Team Heretics,FNATIC,FNATIC,2593,Team Heretics,1001,8,4,0,5,0,0,Team Heretics,AMERICAS
341822,169374,Icebox,Karmine Corp,Karmine Corp,FUT Esports,Karmine Corp,8877,FUT Esports,1184,2,10,3,1,0,0,FUT Esports,AMERICAS
341822,169390,Sunset,FUT Esports,FUT Esports,Karmine Corp,Karmine Corp,8877,FUT Esports,1184,8,4,6,5,0,0,FUT Esports,AMERICAS
341823,169375,Icebox,FNATIC,FNATIC,FUT Esports,FNATIC,2593,FUT Esports,1184,3,9,4,8,0,0,FUT Esports,AMERICAS
341823,169392,Bind,FUT Esports,FNATIC,FUT Esports,FNATIC,2593,FUT Esports,1184,6,6,0,7,0,0,FNATIC,AMERICAS
341823,169393,Breeze,FNATIC,FNATIC,FUT Esports,FNATIC,2593,FUT Esports,1184,6,6,5,7,0,0,FNATIC,AMERICAS
341823,169394,Split,FUT Esports,FUT Esports,FNATIC,FNATIC,2593,FUT Esports,1184,8,4,8,4,0,2,FNATIC,AMERICAS
341821,169373,Sunset,Team Heretics,Team Heretics,FNATIC,Team Heretics,1001,FNATIC,2593,8,4,3,5,0,0,Team Heretics,AMERICAS
341821,169386,Bind,FNATIC,Team Heretics,FNATIC,Team Heretics,1001,FNATIC,2593,6,6,6,6,3,1,Team Heretics,AMERICAS
341821,169387,Lotus,Team Heretics,FNATIC,Team Heretics,Team Heretics,1001,FNATIC,2593,5,7,1,8,0,0,FNATIC,AMERICAS
341821,169388,Split,FNATIC,Team Heretics,FNATIC,Team Heretics,1001,FNATIC,2593,5,7,6,0,0,0,FNATIC,AMERICAS
341821,169389,Breeze,Decider,FNATIC,Team Heretics,Team Heretics,1001,FNATIC,2593,8,4,4,5,0,0,FNATIC,AMERICAS
312765,162326,Icebox,FunPlus Phoenix,Karmine Corp,FunPlus Phoenix,Karmine Corp,8877,FunPlus Phoenix,11328,7,5,3,6,0,0,Karmine Corp,AMERICAS
312765,162327,Lotus,Karmine Corp,Karmine Corp,FunPlus Phoenix,Karmine Corp,8877,FunPlus Phoenix,11328,4,8,2,9,0,0,Karmine Corp,AMERICAS
312766,162329,Icebox,LOUD,LOUD,Gen.G,Gen.G,17,LOUD,6961,6,6,7,5,0,0,Gen.G,AMERICAS
312766,162330,Breeze,Gen.G,Gen.G,LOUD,Gen.G,17,LOUD,6961,3,9,4,5,0,0,LOUD,AMERICAS
312766,162331,Ascent,Decider,LOUD,Gen.G,Gen.G,17,LOUD,6961,3,9,4,2,0,0,Gen.G,AMERICAS
312767,162332,Sunset,Paper Rex,EDward Gaming,Paper Rex,EDward Gaming,1120,Paper Rex,624,3,9,4,5,0,0,Paper Rex,AMERICAS
312767,162333,Bind,EDward Gaming,EDward Gaming,Paper Rex,EDward Gaming,1120,Paper Rex,624,8,4,5,5,0,0,EDward Gaming,AMERICAS
312767,162334,Split,Decider,EDward Gaming,Paper Rex,EDward Gaming,1120,Paper Rex,624,8,4,5,5,0,0,EDward Gaming,AMERICAS
312768,162335,Lotus,Sentinels,Sentinels,Team Heretics,Sentinels,2,Team Heretics,1001,4,8,1,9,0,0,Sentinels,AMERICAS
312768,162336,Sunset,Team Heretics,Team Heretics,Sentinels,Sentinels,2,Team Heretics,1001,8,4,1,5,0,0,Team Heretics,AMERICAS
312768,162337,Bind,Decider,Team Heretics,Sentinels,Sentinels,2,Team Heretics,1001,6,6,7,5,0,0,Sentinels,AMERICAS
312798,162361,Split,Sentinels,Karmine Corp,Sentinels,Sentinels,2,Karmine Corp,8877,6,6,7,2,0,0,Sentinels,AMERICAS
312798,162362,Lotus,Karmine Corp,Karmine Corp,Sentinels,Sentinels,2,Karmine Corp,8877,5,7,6,6,0,0,Sentinels,AMERICAS
312797,162358,Icebox,Gen.G,Gen.G,EDward Gaming,EDward Gaming,1120,Gen.G,17,4,8,5,4,0,0,EDward Gaming,AMERICAS
312797,162359,Split,EDward Gaming,EDward Gaming,Gen.G,EDward Gaming,1120,Gen.G,17,5,7,6,0,0,0,Gen.G,AMERICAS
312797,162360,Breeze,Decider,EDward Gaming,Gen.G,EDward Gaming,1120,Gen.G,17,1,11,2,5,0,0,Gen.G,AMERICAS
312800,162367,Sunset,LOUD,LOUD,FunPlus Phoenix,FunPlus Phoenix,11328,LOUD,6961,8,4,1,5,0,0,LOUD,AMERICAS
312800,162368,Breeze,FunPlus Phoenix,FunPlus Phoenix,LOUD,FunPlus Phoenix,11328,LOUD,6961,7,5,8,4,0,0,LOUD,AMERICAS
312799,162364,Sunset,Paper Rex,Team Heretics,Paper Rex,Team Heretics,1001,Paper Rex,624,6,6,7,4,0,0,Paper Rex,AMERICAS
312799,162365,Lotus,Team Heretics,Team Heretics,Paper Rex,Team Heretics,1001,Paper Rex,624,7,5,5,6,0,0,Team Heretics,AMERICAS
312799,162366,Split,Decider,Team Heretics,Paper Rex,Team Heretics,1001,Paper Rex,624,6,6,7,1,0,0,Paper Rex,AMERICAS
312803,162373,Icebox,EDward Gaming,EDward Gaming,LOUD,LOUD,6961,EDward Gaming,1120,1,11,2,1,0,0,LOUD,AMERICAS
312803,162374,Sunset,LOUD,LOUD,EDward Gaming,LOUD,6961,EDward Gaming,1120,9,3,0,4,0,0,LOUD,AMERICAS
312802,162370,Bind,Paper Rex,Karmine Corp,Paper Rex,Karmine Corp,8877,Paper Rex,624,4,8,5,6,0,0,Paper Rex,AMERICAS
312802,162371,Lotus,Karmine Corp,Karmine Corp,Paper Rex,Karmine Corp,8877,Paper Rex,624,8,4,2,5,0,0,Karmine Corp,AMERICAS
312802,162372,Ascent,Decider,Karmine Corp,Paper Rex,Karmine Corp,8877,Paper Rex,624,7,5,7,5,0,2,Paper Rex,AMERICAS
312777,162341,Split,Paper Rex,Paper Rex,Gen.G,Gen.G,17,Paper Rex,624,4,8,5,4,0,0,Gen.G,AMERICAS
312777,162342,Lotus,Gen.G,Gen.G,Paper Rex,Gen.G,17,Paper Rex,624,8,4,5,5,0,0,Gen.G,AMERICAS
312776,162338,Split,Sentinels,LOUD,Sentinels,Sentinels,2,LOUD,6961,3,9,4,1,0,0,Sentinels,AMERICAS
312776,162339,Icebox,LOUD,LOUD,Sentinels,Sentinels,2,LOUD,6961,7,5,7,5,2,0,LOUD,AMERICAS
312776,162340,Sunset,Decider,LOUD,Sentinels,Sentinels,2,LOUD,6961,5,7,5,7,0,2,Sentinels,AMERICAS
312778,162344,Split,Sentinels,Sentinels,Gen.G,Gen.G,17,Sentinels,2,4,8,5,1,0,0,Gen.G,AMERICAS
312778,162345,Lotus,Gen.G,Gen.G,Sentinels,Gen.G,17,Sentinels,2,5,7,6,2,0,0,Sentinels,AMERICAS
312778,162346,Breeze,Decider,Gen.G,Sentinels,Gen.G,17,Sentinels,2,9,3,0,4,0,0,Gen.G,AMERICAS
312780,162352,Ascent,LOUD,LOUD,Paper Rex,Paper Rex,624,LOUD,6961,6,6,7,5,0,0,Paper Rex,AMERICAS
312780,163448,Sunset,Paper Rex,Paper Rex,LOUD,Paper Rex,624,LOUD,6961,7,5,3,6,0,0,Paper Rex,AMERICAS
312781,162353,Lotus,Sentinels,Sentinels,Paper Rex,Sentinels,2,Paper Rex,624,6,6,6,6,2,0,Sentinels,AMERICAS
312781,162354,Ascent,Paper Rex,Sentinels,Paper Rex,Sentinels,2,Paper Rex,624,6,6,0,7,0,0,Sentinels,AMERICAS
312781,162355,Split,Sentinels,Paper Rex,Sentinels,Sentinels,2,Paper Rex,624,8,4,1,5,0,0,Paper Rex,AMERICAS
312781,162356,Sunset,Paper Rex,Sentinels,Paper Rex,Sentinels,2,Paper Rex,624,9,3,0,4,0,0,Sentinels,AMERICAS
321373,164449,Ascent,Decider,Team Spain,Team International,Team International,15315,Team Spain,15316,6,6,2,7,0,0,Team Spain,AMERICAS
312779,162347,Breeze,Gen.G,Sentinels,Gen.G,Gen.G,17,Sentinels,2,5,7,6,3,0,0,Gen.G,AMERICAS
312779,162348,Bind,Sentinels,Sentinels,Gen.G,Gen.G,17,Sentinels,2,6,6,6,6,2,0,Sentinels,AMERICAS
312779,162349,Ascent,Gen.G,Sentinels,Gen.G,Gen.G,17,Sentinels,2,6,6,7,2,0,0,Gen.G,AMERICAS
312779,162350,Split,Sentinels,Sentinels,Gen.G,Gen.G,17,Sentinels,2,8,4,6,5,0,0,Sentinels,AMERICAS
312779,162351,Icebox,Decider,Sentinels,Gen.G,Gen.G,17,Sentinels,2,7,5,1,6,0,0,Sentinels,AMERICAS
297401,156072,Lotus,Team Heretics,Team Heretics,FUT Esports,FUT Esports,1184,Team Heretics,1001,5,7,4,8,0,0,Team Heretics,AMERICAS
297401,156073,Bind,FUT Esports,FUT Esports,Team Heretics,FUT Esports,1184,Team Heretics,1001,5,7,6,5,0,0,Team Heretics,AMERICAS
297402,156075,Split,Karmine Corp,Karmine Corp,GIANTX,GIANTX,14419,Karmine Corp,8877,6,6,5,7,0,0,Karmine Corp,AMERICAS
297402,156076,Sunset,GIANTX,Karmine Corp,GIANTX,GIANTX,14419,Karmine Corp,8877,5,7,6,5,0,0,GIANTX,AMERICAS
297402,156077,Lotus,Decider,Karmine Corp,GIANTX,GIANTX,14419,Karmine Corp,8877,9,3,1,4,0,0,Karmine Corp,AMERICAS
297406,156087,Bind,Natus Vincere,BBL Esports,Natus Vincere,Natus Vincere,4915,BBL Esports,397,8,4,4,5,0,0,BBL Esports,AMERICAS
297406,156088,Ascent,BBL Esports,Natus Vincere,BBL Esports,Natus Vincere,4915,BBL Esports,397,6,6,0,7,0,0,Natus Vincere,AMERICAS
297406,156089,Breeze,Decider,Natus Vincere,BBL Esports,Natus Vincere,4915,BBL Esports,397,9,3,3,4,0,0,Natus Vincere,AMERICAS
297407,156090,Icebox,Team Liquid,Team Liquid,Movistar KOI(KOI),Team Liquid,474,Movistar KOI(KOI),7035,5,0,0,8,0,0,Team Liquid,AMERICAS
297407,156091,Bind,Movistar KOI(KOI),Team Liquid,Movistar KOI(KOI),Team Liquid,474,Movistar KOI(KOI),7035,5,0,0,8,0,0,Team Liquid,AMERICAS
297412,156102,Sunset,Team Vitality,Gentle Mates,Team Vitality,Team Vitality,2059,Gentle Mates,12694,4,8,5,6,0,0,Team Vitality,AMERICAS
297412,156103,Lotus,Gentle Mates,Team Vitality,Gentle Mates,Team Vitality,2059,Gentle Mates,12694,7,5,2,6,0,0,Team Vitality,AMERICAS
297403,156078,Split,Karmine Corp,Team Heretics,Karmine Corp,Team Heretics,1001,Karmine Corp,8877,9,3,1,4,0,0,Team Heretics,AMERICAS
297403,156079,Lotus,Team Heretics,Team Heretics,Karmine Corp,Team Heretics,1001,Karmine Corp,8877,8,4,0,5,0,0,Team Heretics,AMERICAS
297404,156081,Split,GIANTX,FUT Esports,GIANTX,FUT Esports,1184,GIANTX,14419,8,4,2,5,0,0,FUT Esports,AMERICAS
297404,156082,Icebox,FUT Esports,FUT Esports,GIANTX,FUT Esports,1184,GIANTX,14419,5,7,6,3,0,0,GIANTX,AMERICAS
297404,156083,Sunset,Decider,GIANTX,FUT Esports,FUT Esports,1184,GIANTX,14419,5,7,6,2,0,0,FUT Esports,AMERICAS
297408,156093,Split,Team Liquid,Natus Vincere,Team Liquid,Natus Vincere,4915,Team Liquid,474,5,7,0,8,0,0,Natus Vincere,AMERICAS
297408,156094,Breeze,Natus Vincere,Team Liquid,Natus Vincere,Natus Vincere,4915,Team Liquid,474,6,6,7,1,0,0,Natus Vincere,AMERICAS
297409,156096,Bind,BBL Esports,BBL Esports,Movistar KOI(KOI),BBL Esports,397,Movistar KOI(KOI),7035,2,0,0,3,0,0,BBL Esports,AMERICAS
297409,156097,Split,Movistar KOI(KOI),BBL Esports,Movistar KOI(KOI),BBL Esports,397,Movistar KOI(KOI),7035,6,0,0,4,0,0,BBL Esports,AMERICAS
297414,156108,Lotus,FNATIC,Team Vitality,FNATIC,Team Vitality,2059,FNATIC,2593,4,8,4,8,0,2,FNATIC,AMERICAS
297414,156109,Ascent,Team Vitality,FNATIC,Team Vitality,Team Vitality,2059,FNATIC,2593,7,5,0,6,0,0,FNATIC,AMERICAS
297416,156114,Breeze,Gentle Mates,Team Vitality,Gentle Mates,Team Vitality,2059,Gentle Mates,12694,2,10,3,2,0,0,Gentle Mates,AMERICAS
297416,156115,Lotus,Team Vitality,Team Vitality,Gentle Mates,Team Vitality,2059,Gentle Mates,12694,5,7,5,7,3,1,Team Vitality,AMERICAS
297416,156116,Sunset,Decider,Gentle Mates,Team Vitality,Team Vitality,2059,Gentle Mates,12694,1,11,2,2,0,0,Team Vitality,AMERICAS
297405,156084,Lotus,FUT Esports,FUT Esports,Karmine Corp,Karmine Corp,8877,FUT Esports,1184,6,6,6,6,6,8,Karmine Corp,AMERICAS
297405,156085,Bind,Karmine Corp,Karmine Corp,FUT Esports,Karmine Corp,8877,FUT Esports,1184,3,9,4,1,0,0,FUT Esports,AMERICAS
297405,156086,Sunset,Decider,Karmine Corp,FUT Esports,Karmine Corp,8877,FUT Esports,1184,10,2,5,3,0,0,Karmine Corp,AMERICAS
297410,156099,Sunset,Movistar KOI(KOI),Team Liquid,Movistar KOI(KOI),Team Liquid,474,Movistar KOI(KOI),7035,7,0,0,4,0,0,Team Liquid,AMERICAS
297410,156100,Icebox,Team Liquid,Team Liquid,Movistar KOI(KOI),Team Liquid,474,Movistar KOI(KOI),7035,6,0,0,6,2,0,Team Liquid,AMERICAS
297410,156101,Split,Decider,Movistar KOI(KOI),Team Liquid,Team Liquid,474,Movistar KOI(KOI),7035,0,5,5,0,0,0,Team Liquid,AMERICAS
307567,161394,Sunset,Karmine Corp,Karmine Corp,Team Vitality,Karmine Corp,8877,Team Vitality,2059,8,4,4,5,0,0,Karmine Corp,AMERICAS
307567,161395,Ascent,Team Vitality,Team Vitality,Karmine Corp,Karmine Corp,8877,Team Vitality,2059,5,7,5,7,1,3,Karmine Corp,AMERICAS
307565,161391,Sunset,KOI,KOI,Team Vitality,KOI,7035,Team Vitality,2059,2,10,3,7,0,0,Team Vitality,AMERICAS
307565,161392,Breeze,Team Vitality,KOI,Team Vitality,KOI,7035,Team Vitality,2059,6,6,7,0,0,0,Team Vitality,AMERICAS
307564,161388,Sunset,Karmine Corp,Karmine Corp,KOI,Karmine Corp,8877,KOI,7035,8,4,0,5,0,0,Karmine Corp,AMERICAS
307564,161389,Bind,KOI,KOI,Karmine Corp,Karmine Corp,8877,KOI,7035,3,9,4,4,0,0,Karmine Corp,AMERICAS
303093,160735,Sunset,Team Heretics,Natus Vincere,Team Heretics,Team Heretics,1001,Natus Vincere,4915,8,4,8,4,2,4,Team Heretics,AMERICAS
303093,160736,Breeze,Natus Vincere,Natus Vincere,Team Heretics,Team Heretics,1001,Natus Vincere,4915,2,10,3,2,0,0,Team Heretics,AMERICAS
303094,160738,Lotus,FNATIC,Karmine Corp,FNATIC,FNATIC,2593,Karmine Corp,8877,8,4,6,5,0,0,Karmine Corp,AMERICAS
303094,160739,Split,Karmine Corp,FNATIC,Karmine Corp,FNATIC,2593,Karmine Corp,8877,5,7,6,3,0,0,Karmine Corp,AMERICAS
303095,160741,Sunset,Karmine Corp,Team Heretics,Karmine Corp,Team Heretics,1001,Karmine Corp,8877,9,3,6,4,0,0,Team Heretics,AMERICAS
303095,160742,Lotus,Team Heretics,Team Heretics,Karmine Corp,Team Heretics,1001,Karmine Corp,8877,1,11,2,6,0,0,Karmine Corp,AMERICAS
303095,160743,Icebox,Karmine Corp,Karmine Corp,Team Heretics,Team Heretics,1001,Karmine Corp,8877,8,4,3,5,0,0,Karmine Corp,AMERICAS
303095,160744,Split,Team Heretics,Karmine Corp,Team Heretics,Team Heretics,1001,Karmine Corp,8877,8,4,1,5,0,0,Karmine Corp,AMERICAS
235363,135070,Fracture,KOI,KOI,Team Heretics,Team Heretics,1001,KOI,7035,5,7,1,8,0,0,KOI,AMERICAS
235363,135071,Pearl,Team Heretics,KOI,Team Heretics,Team Heretics,1001,KOI,7035,8,4,9,2,0,0,Team Heretics,AMERICAS
235363,135072,Haven,Decider,KOI,Team Heretics,Team Heretics,1001,KOI,7035,8,4,2,5,0,0,KOI,AMERICAS
235364,135073,Haven,BBL Esports,Karmine Corp,BBL Esports,BBL Esports,397,Karmine Corp,8877,8,4,8,4,0,2,BBL Esports,AMERICAS
235364,135074,Lotus,Karmine Corp,Karmine Corp,BBL Esports,BBL Esports,397,Karmine Corp,8877,7,5,4,6,0,0,Karmine Corp,AMERICAS
235364,135075,Bind,Decider,BBL Esports,Karmine Corp,BBL Esports,397,Karmine Corp,8877,5,7,5,7,0,2,Karmine Corp,AMERICAS
235365,135076,Split,KOI,Natus Vincere,KOI,Natus Vincere,4915,KOI,7035,6,6,7,0,0,0,KOI,AMERICAS
235365,135077,Lotus,Natus Vincere,KOI,Natus Vincere,Natus Vincere,4915,KOI,7035,9,3,0,4,0,0,KOI,AMERICAS
235366,135079,Pearl,Karmine Corp,Giants Gaming,Karmine Corp,Giants Gaming,2304,Karmine Corp,8877,9,3,8,4,0,0,Giants Gaming,AMERICAS
235366,135080,Split,Giants Gaming,Karmine Corp,Giants Gaming,Giants Gaming,2304,Karmine Corp,8877,2,10,3,3,0,0,Giants Gaming,AMERICAS
235367,135082,Haven,KOI,Giants Gaming,KOI,KOI,7035,Giants Gaming,2304,7,5,7,5,2,0,Giants Gaming,AMERICAS
235367,135083,Pearl,Giants Gaming,KOI,Giants Gaming,KOI,7035,Giants Gaming,2304,5,7,6,0,0,0,Giants Gaming,AMERICAS
235371,135096,Lotus,Karmine Corp,Natus Vincere,Karmine Corp,Natus Vincere,4915,Karmine Corp,8877,7,5,1,6,0,0,Natus Vincere,AMERICAS
235371,135097,Ascent,Natus Vincere,Karmine Corp,Natus Vincere,Natus Vincere,4915,Karmine Corp,8877,7,5,2,6,0,0,Karmine Corp,AMERICAS
235371,135098,Pearl,Decider,Karmine Corp,Natus Vincere,Natus Vincere,4915,Karmine Corp,8877,4,8,5,3,0,0,Natus Vincere,AMERICAS
235372,135099,Split,KOI,KOI,Natus Vincere,KOI,7035,Natus Vincere,4915,7,5,7,5,0,2,Natus Vincere,AMERICAS
235372,135100,Pearl,Natus Vincere,KOI,Natus Vincere,KOI,7035,Natus Vincere,4915,2,10,3,8,0,0,Natus Vincere,AMERICAS
235372,135101,Fracture,KOI,Natus Vincere,KOI,KOI,7035,Natus Vincere,4915,5,7,2,8,0,0,Natus Vincere,AMERICAS
235368,135085,Bind,Giants Gaming,Natus Vincere,Giants Gaming,Giants Gaming,2304,Natus Vincere,4915,6,6,7,5,0,0,Giants Gaming,AMERICAS
235368,135086,Lotus,Natus Vincere,Giants Gaming,Natus Vincere,Giants Gaming,2304,Natus Vincere,4915,7,5,2,6,0,0,Giants Gaming,AMERICAS
235368,135087,Haven,Giants Gaming,Natus Vincere,Giants Gaming,Giants Gaming,2304,Natus Vincere,4915,5,7,6,4,0,0,Giants Gaming,AMERICAS
173215,117164,Ascent,Natus Vincere,KOI,Natus Vincere,KOI,7035,Natus Vincere,4915,8,4,3,5,0,0,KOI,AMERICAS
173215,117165,Lotus,KOI,Natus Vincere,KOI,KOI,7035,Natus Vincere,4915,9,3,9,3,6,8,KOI,AMERICAS
173214,117161,Icebox,FNATIC,FNATIC,Giants Gaming,FNATIC,2593,Giants Gaming,2304,10,2,1,3,0,0,FNATIC,AMERICAS
173214,117162,Split,Giants Gaming,FNATIC,Giants Gaming,FNATIC,2593,Giants Gaming,2304,6,6,5,7,0,0,FNATIC,AMERICAS
173216,117167,Pearl,Team Heretics,FUT Esports,Team Heretics,Team Heretics,1001,FUT Esports,1184,10,2,2,3,0,0,FUT Esports,AMERICAS
173216,117168,Lotus,FUT Esports,FUT Esports,Team Heretics,Team Heretics,1001,FUT Esports,1184,4,8,1,9,0,0,FUT Esports,AMERICAS
173217,117170,Haven,Team Vitality,Team Liquid,Team Vitality,Team Liquid,474,Team Vitality,2059,3,9,4,3,0,0,Team Vitality,AMERICAS
173217,117171,Fracture,Team Liquid,Team Liquid,Team Vitality,Team Liquid,474,Team Vitality,2059,10,2,0,3,0,0,Team Liquid,AMERICAS
173217,117172,Lotus,Decider,Team Liquid,Team Vitality,Team Liquid,474,Team Vitality,2059,7,5,8,3,0,0,Team Vitality,AMERICAS
173218,117173,Icebox,Natus Vincere,Giants Gaming,Natus Vincere,Natus Vincere,4915,Giants Gaming,2304,6,6,6,6,5,3,Giants Gaming,AMERICAS
173218,117174,Split,Giants Gaming,Natus Vincere,Giants Gaming,Natus Vincere,4915,Giants Gaming,2304,7,5,7,5,3,1,Natus Vincere,AMERICAS
173218,117175,Pearl,Decider,Natus Vincere,Giants Gaming,Natus Vincere,4915,Giants Gaming,2304,7,5,2,6,0,0,Natus Vincere,AMERICAS
173219,117176,Icebox,BBL Esports,Karmine Corp,BBL Esports,Karmine Corp,8877,BBL Esports,397,6,6,6,6,7,5,Karmine Corp,AMERICAS
173219,117177,Split,Karmine Corp,BBL Esports,Karmine Corp,Karmine Corp,8877,BBL Esports,397,3,9,4,8,0,0,Karmine Corp,AMERICAS
173220,117179,Lotus,FUT Esports,Team Liquid,FUT Esports,Team Liquid,474,FUT Esports,1184,5,7,6,5,0,0,FUT Esports,AMERICAS
173220,117180,Split,Team Liquid,FUT Esports,Team Liquid,Team Liquid,474,FUT Esports,1184,5,7,6,1,0,0,Team Liquid,AMERICAS
173220,117181,Ascent,Decider,FUT Esports,Team Liquid,Team Liquid,474,FUT Esports,1184,6,6,7,0,0,0,Team Liquid,AMERICAS
173221,117182,Split,Team Vitality,Team Vitality,KOI,KOI,7035,Team Vitality,2059,5,7,2,8,0,0,Team Vitality,AMERICAS
173221,117183,Fracture,KOI,Team Vitality,KOI,KOI,7035,Team Vitality,2059,8,4,8,4,3,1,Team Vitality,AMERICAS
173222,117185,Ascent,BBL Esports,FNATIC,BBL Esports,FNATIC,2593,BBL Esports,397,3,9,4,3,0,0,BBL Esports,AMERICAS
173222,117186,Haven,FNATIC,FNATIC,BBL Esports,FNATIC,2593,BBL Esports,397,8,4,5,5,0,0,FNATIC,AMERICAS
173222,117187,Split,Decider,BBL Esports,FNATIC,FNATIC,2593,BBL Esports,397,6,6,7,5,0,0,FNATIC,AMERICAS
173223,117188,Icebox,Team Heretics,Karmine Corp,Team Heretics,Team Heretics,1001,Karmine Corp,8877,3,9,4,2,0,0,Team Heretics,AMERICAS
173223,117189,Split,Karmine Corp,Team Heretics,Karmine Corp,Team Heretics,1001,Karmine Corp,8877,10,2,0,3,0,0,Team Heretics,AMERICAS
183944,119187,Lotus,FUT Esports,Team Vitality,FUT Esports,Team Vitality,2059,FUT Esports,1184,3,9,4,1,0,0,FUT Esports,AMERICAS
183944,119188,Haven,Team Vitality,FUT Esports,Team Vitality,Team Vitality,2059,FUT Esports,1184,7,5,5,6,0,0,FUT Esports,AMERICAS
183945,119190,Ascent,BBL Esports,Natus Vincere,BBL Esports,Natus Vincere,4915,BBL Esports,397,6,6,4,7,0,0,Natus Vincere,AMERICAS
183945,119191,Fracture,Natus Vincere,BBL Esports,Natus Vincere,Natus Vincere,4915,BBL Esports,397,6,6,7,2,0,0,Natus Vincere,AMERICAS
183946,119193,Icebox,FNATIC,FNATIC,Team Heretics,FNATIC,2593,Team Heretics,1001,9,3,0,4,0,0,FNATIC,AMERICAS
183946,119194,Ascent,Team Heretics,Team Heretics,FNATIC,FNATIC,2593,Team Heretics,1001,5,7,6,1,0,0,FNATIC,AMERICAS
183947,119196,Ascent,Team Liquid,Karmine Corp,Team Liquid,Team Liquid,474,Karmine Corp,8877,4,8,5,1,0,0,Team Liquid,AMERICAS
183947,119197,Split,Karmine Corp,Team Liquid,Karmine Corp,Team Liquid,474,Karmine Corp,8877,12,0,2,1,0,0,Team Liquid,AMERICAS
183948,119199,Lotus,Giants Gaming,Giants Gaming,KOI,KOI,7035,Giants Gaming,2304,11,1,0,2,0,0,Giants Gaming,AMERICAS
183948,119200,Ascent,KOI,Giants Gaming,KOI,KOI,7035,Giants Gaming,2304,8,4,7,5,0,0,Giants Gaming,AMERICAS
183949,119202,Pearl,Natus Vincere,Team Heretics,Natus Vincere,Natus Vincere,4915,Team Heretics,1001,3,9,4,0,0,0,Natus Vincere,AMERICAS
183949,119203,Lotus,Team Heretics,Natus Vincere,Team Heretics,Natus Vincere,4915,Team Heretics,1001,2,10,3,7,0,0,Team Heretics,AMERICAS
183949,119204,Ascent,Decider,Natus Vincere,Team Heretics,Natus Vincere,4915,Team Heretics,1001,11,1,1,2,0,0,Natus Vincere,AMERICAS
183950,119206,Ascent,KOI,FUT Esports,KOI,KOI,7035,FUT Esports,1184,6,6,3,7,0,0,FUT Esports,AMERICAS
183950,126175,Icebox,FUT Esports,FUT Esports,KOI,KOI,7035,FUT Esports,1184,7,5,1,6,0,0,FUT Esports,AMERICAS
183951,119208,Lotus,Team Liquid,Team Liquid,FNATIC,Team Liquid,474,FNATIC,2593,1,11,2,5,0,0,FNATIC,AMERICAS
183951,119209,Haven,FNATIC,Team Liquid,FNATIC,Team Liquid,474,FNATIC,2593,6,6,7,0,0,0,FNATIC,AMERICAS
183952,119211,Icebox,BBL Esports,Giants Gaming,BBL Esports,Giants Gaming,2304,BBL Esports,397,7,5,5,6,0,0,Giants Gaming,AMERICAS
183952,119212,Split,Giants Gaming,BBL Esports,Giants Gaming,Giants Gaming,2304,BBL Esports,397,3,9,4,0,0,0,Giants Gaming,AMERICAS
183953,119214,Ascent,Karmine Corp,Team Vitality,Karmine Corp,Team Vitality,2059,Karmine Corp,8877,10,2,0,3,0,0,Team Vitality,AMERICAS
183953,119215,Split,Team Vitality,Karmine Corp,Team Vitality,Team Vitality,2059,Karmine Corp,8877,1,11,2,5,0,0,Team Vitality,AMERICAS
184037,119246,Split,Team Liquid,Team Heretics,Team Liquid,Team Heretics,1001,Team Liquid,474,2,10,3,6,0,0,Team Liquid,AMERICAS
184037,119247,Fracture,Team Heretics,Team Liquid,Team Heretics,Team Heretics,1001,Team Liquid,474,7,5,7,5,5,3,Team Liquid,AMERICAS
184039,119252,Icebox,FUT Esports,Giants Gaming,FUT Esports,FUT Esports,1184,Giants Gaming,2304,10,2,3,3,0,0,Giants Gaming,AMERICAS
184039,119253,Split,Giants Gaming,FUT Esports,Giants Gaming,FUT Esports,1184,Giants Gaming,2304,4,8,5,7,0,0,Giants Gaming,AMERICAS
184040,119255,Ascent,Natus Vincere,Karmine Corp,Natus Vincere,Karmine Corp,8877,Natus Vincere,4915,6,6,7,5,0,0,Natus Vincere,AMERICAS
184040,119256,Lotus,Karmine Corp,Natus Vincere,Karmine Corp,Karmine Corp,8877,Natus Vincere,4915,5,7,0,8,0,0,Natus Vincere,AMERICAS
184041,119258,Ascent,BBL Esports,Team Vitality,BBL Esports,BBL Esports,397,Team Vitality,2059,7,5,8,1,0,0,BBL Esports,AMERICAS
184041,119259,Haven,Team Vitality,BBL Esports,Team Vitality,BBL Esports,397,Team Vitality,2059,9,3,6,4,0,0,BBL Esports,AMERICAS
184042,119261,Ascent,Team Liquid,Giants Gaming,Team Liquid,Giants Gaming,2304,Team Liquid,474,7,5,6,6,0,0,Giants Gaming,AMERICAS
184042,119262,Icebox,Giants Gaming,Giants Gaming,Team Liquid,Giants Gaming,2304,Team Liquid,474,5,7,6,6,0,0,Team Liquid,AMERICAS
184042,119263,Lotus,Decider,Giants Gaming,Team Liquid,Giants Gaming,2304,Team Liquid,474,5,7,6,5,0,0,Team Liquid,AMERICAS
184043,119264,Haven,BBL Esports,Team Heretics,BBL Esports,BBL Esports,397,Team Heretics,1001,5,7,5,7,0,2,BBL Esports,AMERICAS
184043,119265,Lotus,Team Heretics,Team Heretics,BBL Esports,BBL Esports,397,Team Heretics,1001,6,6,4,7,0,0,Team Heretics,AMERICAS
184043,119266,Icebox,Decider,BBL Esports,Team Heretics,BBL Esports,397,Team Heretics,1001,11,1,1,2,0,0,BBL Esports,AMERICAS
184044,119267,Lotus,Karmine Corp,Karmine Corp,KOI,KOI,7035,Karmine Corp,8877,11,1,5,2,0,0,Karmine Corp,AMERICAS
184044,119268,Ascent,KOI,Karmine Corp,KOI,KOI,7035,Karmine Corp,8877,6,6,7,2,0,0,KOI,AMERICAS
184044,119269,Haven,Decider,KOI,Karmine Corp,KOI,7035,Karmine Corp,8877,7,5,8,4,0,0,Karmine Corp,AMERICAS
184045,119270,Icebox,FNATIC,FNATIC,FUT Esports,FUT Esports,1184,FNATIC,2593,7,5,0,6,0,0,FNATIC,AMERICAS
184045,119271,Lotus,FUT Esports,FUT Esports,FNATIC,FUT Esports,1184,FNATIC,2593,4,8,5,1,0,0,FNATIC,AMERICAS
184046,119273,Split,Team Vitality,Natus Vincere,Team Vitality,Team Vitality,2059,Natus Vincere,4915,9,3,7,4,0,0,Natus Vincere,AMERICAS
184046,119274,Fracture,Natus Vincere,Team Vitality,Natus Vincere,Team Vitality,2059,Natus Vincere,4915,5,7,6,5,0,0,Natus Vincere,AMERICAS
184047,119276,Haven,FNATIC,Team Vitality,FNATIC,Team Vitality,2059,FNATIC,2593,7,5,7,5,0,2,FNATIC,AMERICAS
184047,119277,Bind,Team Vitality,Team Vitality,FNATIC,Team Vitality,2059,FNATIC,2593,6,6,7,2,0,0,FNATIC,AMERICAS
184048,119279,Haven,FUT Esports,FUT Esports,Karmine Corp,FUT Esports,1184,Karmine Corp,8877,7,5,3,6,0,0,FUT Esports,AMERICAS
184048,119280,Ascent,Karmine Corp,FUT Esports,Karmine Corp,FUT Esports,1184,Karmine Corp,8877,8,4,1,5,0,0,FUT Esports,AMERICAS
184049,119282,Pearl,KOI,KOI,BBL Esports,KOI,7035,BBL Esports,397,9,3,0,4,0,0,KOI,AMERICAS
184049,119283,Ascent,BBL Esports,KOI,BBL Esports,KOI,7035,BBL Esports,397,3,9,4,1,0,0,BBL Esports,AMERICAS
184049,119284,Bind,Decider,KOI,BBL Esports,KOI,7035,BBL Esports,397,5,7,6,0,0,0,BBL Esports,AMERICAS
184050,119285,Fracture,Natus Vincere,Natus Vincere,Team Liquid,Natus Vincere,4915,Team Liquid,474,6,6,5,7,0,0,Natus Vincere,AMERICAS
184050,119286,Bind,Team Liquid,Team Liquid,Natus Vincere,Natus Vincere,4915,Team Liquid,474,7,5,8,4,0,0,Natus Vincere,AMERICAS
184051,119288,Pearl,Giants Gaming,Giants Gaming,Team Heretics,Giants Gaming,2304,Team Heretics,1001,3,9,4,6,0,0,Team Heretics,AMERICAS
184051,119289,Lotus,Team Heretics,Giants Gaming,Team Heretics,Giants Gaming,2304,Team Heretics,1001,7,5,7,5,2,4,Team Heretics,AMERICAS
184038,119249,Lotus,FNATIC,KOI,FNATIC,KOI,7035,FNATIC,2593,2,10,3,2,0,0,FNATIC,AMERICAS
184038,119250,Ascent,KOI,KOI,FNATIC,KOI,7035,FNATIC,2593,8,4,9,1,0,0,FNATIC,AMERICAS
184052,119291,Lotus,Giants Gaming,Giants Gaming,Team Vitality,Giants Gaming,2304,Team Vitality,2059,8,4,2,5,0,0,Giants Gaming,AMERICAS
184052,119292,Split,Team Vitality,Giants Gaming,Team Vitality,Giants Gaming,2304,Team Vitality,2059,5,7,6,5,0,0,Team Vitality,AMERICAS
184052,119293,Ascent,Decider,Giants Gaming,Team Vitality,Giants Gaming,2304,Team Vitality,2059,7,5,5,6,0,0,Giants Gaming,AMERICAS
184053,119294,Lotus,FUT Esports,Natus Vincere,FUT Esports,FUT Esports,1184,Natus Vincere,4915,9,3,6,4,0,0,Natus Vincere,AMERICAS
184053,119295,Pearl,Natus Vincere,Natus Vincere,FUT Esports,FUT Esports,1184,Natus Vincere,4915,9,3,8,4,0,0,Natus Vincere,AMERICAS
184054,119297,Haven,FNATIC,FNATIC,Karmine Corp,Karmine Corp,8877,FNATIC,2593,10,2,0,3,0,0,FNATIC,AMERICAS
184054,119298,Lotus,Karmine Corp,Karmine Corp,FNATIC,Karmine Corp,8877,FNATIC,2593,6,6,7,4,0,0,FNATIC,AMERICAS
184055,119300,Split,Team Liquid,BBL Esports,Team Liquid,BBL Esports,397,Team Liquid,474,3,9,4,8,0,0,Team Liquid,AMERICAS
184055,119301,Ascent,BBL Esports,Team Liquid,BBL Esports,BBL Esports,397,Team Liquid,474,4,8,5,3,0,0,BBL Esports,AMERICAS
184055,119302,Bind,Decider,BBL Esports,Team Liquid,BBL Esports,397,Team Liquid,474,5,7,6,2,0,0,Team Liquid,AMERICAS
184056,119303,Fracture,KOI,Team Heretics,KOI,KOI,7035,Team Heretics,1001,3,9,4,4,0,0,KOI,AMERICAS
184056,119304,Lotus,Team Heretics,Team Heretics,KOI,KOI,7035,Team Heretics,1001,5,7,2,8,0,0,Team Heretics,AMERICAS
184056,119305,Ascent,Decider,KOI,Team Heretics,KOI,7035,Team Heretics,1001,5,7,4,8,0,0,KOI,AMERICAS
184057,119306,Lotus,FNATIC,FNATIC,Natus Vincere,FNATIC,2593,Natus Vincere,4915,6,6,3,7,0,0,FNATIC,AMERICAS
184057,119307,Split,Natus Vincere,FNATIC,Natus Vincere,FNATIC,2593,Natus Vincere,4915,8,4,4,5,0,0,FNATIC,AMERICAS
184058,119309,Haven,Team Vitality,Team Heretics,Team Vitality,Team Heretics,1001,Team Vitality,2059,8,4,9,2,0,0,Team Vitality,AMERICAS
184058,119310,Lotus,Team Heretics,Team Heretics,Team Vitality,Team Heretics,1001,Team Vitality,2059,4,8,4,8,1,3,Team Vitality,AMERICAS
184059,119312,Lotus,Karmine Corp,Giants Gaming,Karmine Corp,Karmine Corp,8877,Giants Gaming,2304,3,9,3,9,4,2,Giants Gaming,AMERICAS
184059,119313,Ascent,Giants Gaming,Karmine Corp,Giants Gaming,Karmine Corp,8877,Giants Gaming,2304,4,8,5,1,0,0,Giants Gaming,AMERICAS
184060,119315,Fracture,Team Liquid,Team Liquid,KOI,KOI,7035,Team Liquid,474,7,5,2,6,0,0,Team Liquid,AMERICAS
184060,119316,Split,KOI,KOI,Team Liquid,KOI,7035,Team Liquid,474,5,7,4,8,0,0,KOI,AMERICAS
184060,119317,Lotus,Decider,Team Liquid,KOI,KOI,7035,Team Liquid,474,7,5,3,6,0,0,Team Liquid,AMERICAS
184061,119318,Pearl,FUT Esports,BBL Esports,FUT Esports,BBL Esports,397,FUT Esports,1184,5,7,6,0,0,0,FUT Esports,AMERICAS
184061,119319,Haven,BBL Esports,BBL Esports,FUT Esports,BBL Esports,397,FUT Esports,1184,2,10,3,5,0,0,FUT Esports,AMERICAS
213193,130941,Haven,FUT Esports,FUT Esports,Giants Gaming,Giants Gaming,2304,FUT Esports,1184,9,3,2,4,0,0,FUT Esports,AMERICAS
213193,130942,Ascent,Giants Gaming,FUT Esports,Giants Gaming,Giants Gaming,2304,FUT Esports,1184,9,3,9,3,2,0,FUT Esports,AMERICAS
213194,130944,Lotus,Team Vitality,Team Vitality,Team Liquid,Team Liquid,474,Team Vitality,2059,9,3,3,4,0,0,Team Vitality,AMERICAS
213194,130945,Bind,Team Liquid,Team Liquid,Team Vitality,Team Liquid,474,Team Vitality,2059,8,4,7,5,0,0,Team Liquid,AMERICAS
213194,130946,Ascent,Decider,Team Vitality,Team Liquid,Team Liquid,474,Team Vitality,2059,6,6,7,5,0,0,Team Liquid,AMERICAS
213195,130947,Bind,FNATIC,FUT Esports,FNATIC,FNATIC,2593,FUT Esports,1184,4,8,1,9,0,0,FUT Esports,AMERICAS
213195,130948,Split,FUT Esports,FNATIC,FUT Esports,FNATIC,2593,FUT Esports,1184,10,2,0,3,0,0,FNATIC,AMERICAS
213195,130949,Lotus,Decider,FUT Esports,FNATIC,FNATIC,2593,FUT Esports,1184,1,11,2,0,0,0,FNATIC,AMERICAS
213196,130950,Bind,Team Liquid,Natus Vincere,Team Liquid,Natus Vincere,4915,Team Liquid,474,8,4,9,3,0,0,Team Liquid,AMERICAS
213196,130951,Split,Natus Vincere,Team Liquid,Natus Vincere,Natus Vincere,4915,Team Liquid,474,4,8,2,9,0,0,Team Liquid,AMERICAS
213200,130962,Split,Team Vitality,FUT Esports,Team Vitality,FUT Esports,1184,Team Vitality,2059,4,8,1,9,0,0,FUT Esports,AMERICAS
213200,130963,Haven,FUT Esports,FUT Esports,Team Vitality,FUT Esports,1184,Team Vitality,2059,4,8,5,5,0,0,Team Vitality,AMERICAS
213200,130964,Lotus,Decider,FUT Esports,Team Vitality,FUT Esports,1184,Team Vitality,2059,9,3,3,4,0,0,FUT Esports,AMERICAS
213199,130959,Pearl,Natus Vincere,Giants Gaming,Natus Vincere,Natus Vincere,4915,Giants Gaming,2304,6,6,7,3,0,0,Natus Vincere,AMERICAS
213199,130960,Ascent,Giants Gaming,Natus Vincere,Giants Gaming,Natus Vincere,4915,Giants Gaming,2304,8,4,5,5,0,0,Natus Vincere,AMERICAS
213197,130953,Lotus,FNATIC,Team Liquid,FNATIC,FNATIC,2593,Team Liquid,474,5,7,5,7,0,2,FNATIC,AMERICAS
213197,130954,Bind,Team Liquid,FNATIC,Team Liquid,FNATIC,2593,Team Liquid,474,6,6,0,7,0,0,FNATIC,AMERICAS
213201,130965,Lotus,FUT Esports,Natus Vincere,FUT Esports,Natus Vincere,4915,FUT Esports,1184,2,10,3,6,0,0,FUT Esports,AMERICAS
213201,130966,Fracture,Natus Vincere,Natus Vincere,FUT Esports,Natus Vincere,4915,FUT Esports,1184,4,8,5,3,0,0,FUT Esports,AMERICAS
213202,130968,Ascent,Team Liquid,FUT Esports,Team Liquid,Team Liquid,474,FUT Esports,1184,3,9,4,2,0,0,Team Liquid,AMERICAS
213202,130969,Lotus,FUT Esports,Team Liquid,FUT Esports,Team Liquid,474,FUT Esports,1184,2,10,2,10,5,3,Team Liquid,AMERICAS
213202,130970,Split,Team Liquid,FUT Esports,Team Liquid,Team Liquid,474,FUT Esports,1184,5,7,6,0,0,0,Team Liquid,AMERICAS
213198,130956,Lotus,FNATIC,Team Liquid,FNATIC,FNATIC,2593,Team Liquid,474,4,8,5,7,0,0,FNATIC,AMERICAS
213198,130957,Ascent,Team Liquid,Team Liquid,FNATIC,FNATIC,2593,Team Liquid,474,8,4,8,4,2,0,Team Liquid,AMERICAS
213198,130958,Haven,FNATIC,Team Liquid,FNATIC,FNATIC,2593,Team Liquid,474,8,4,2,5,0,0,Team Liquid,AMERICAS
213198,131673,Fracture,Team Liquid,Team Liquid,FNATIC,FNATIC,2593,Team Liquid,474,8,4,7,5,0,0,Team Liquid,AMERICAS
130617,95029,Pearl,EDward Gaming,EDward Gaming,Paper Rex,Paper Rex,624,EDward Gaming,1120,6,6,7,5,0,0,Paper Rex,AMERICAS
130617,95030,Icebox,Paper Rex,Paper Rex,EDward Gaming,Paper Rex,624,EDward Gaming,1120,2,10,3,3,0,0,EDward Gaming,AMERICAS
130617,95031,Haven,Decider,Paper Rex,EDward Gaming,Paper Rex,624,EDward Gaming,1120,7,5,3,6,0,0,Paper Rex,AMERICAS
130618,95032,Haven,Team Liquid,LEVIATÁN,Team Liquid,LEVIATÁN,2359,Team Liquid,474,8,4,6,5,0,0,LEVIATÁN,AMERICAS
130618,95033,Ascent,LEVIATÁN,Team Liquid,LEVIATÁN,LEVIATÁN,2359,Team Liquid,474,6,6,7,4,0,0,LEVIATÁN,AMERICAS
130623,95047,Ascent,LOUD,ZETA DIVISION,LOUD,ZETA DIVISION,5448,LOUD,6961,7,5,8,1,0,0,LOUD,AMERICAS
130623,95048,Fracture,ZETA DIVISION,ZETA DIVISION,LOUD,ZETA DIVISION,5448,LOUD,6961,7,5,8,2,0,0,LOUD,AMERICAS
130622,95044,Breeze,BOOM Esports,BOOM Esports,OpTic Gaming,OpTic Gaming,8127,BOOM Esports,466,8,4,8,4,6,4,BOOM Esports,AMERICAS
130622,95045,Bind,OpTic Gaming,OpTic Gaming,BOOM Esports,OpTic Gaming,8127,BOOM Esports,466,10,2,3,3,0,0,OpTic Gaming,AMERICAS
130622,95046,Fracture,Decider,OpTic Gaming,BOOM Esports,OpTic Gaming,8127,BOOM Esports,466,9,3,0,4,0,0,OpTic Gaming,AMERICAS
130619,95035,Haven,LEVIATÁN,LEVIATÁN,Paper Rex,Paper Rex,624,LEVIATÁN,2359,6,6,2,7,0,0,LEVIATÁN,AMERICAS
130619,95036,Bind,Paper Rex,LEVIATÁN,Paper Rex,Paper Rex,624,LEVIATÁN,2359,6,6,5,7,0,0,LEVIATÁN,AMERICAS
130632,95074,Ascent,FURIA,FURIA,KIWOOM DRX,KIWOOM DRX,8185,FURIA,2406,9,3,9,3,2,4,KIWOOM DRX,AMERICAS
130632,95075,Haven,KIWOOM DRX,KIWOOM DRX,FURIA,KIWOOM DRX,8185,FURIA,2406,8,4,0,5,0,0,KIWOOM DRX,AMERICAS
130633,95077,Pearl,FNATIC,100 Thieves,FNATIC,FNATIC,2593,100 Thieves,120,6,6,4,7,0,0,100 Thieves,AMERICAS
130633,95078,Bind,100 Thieves,FNATIC,100 Thieves,FNATIC,2593,100 Thieves,120,8,4,3,5,0,0,FNATIC,AMERICAS
130633,95079,Haven,Decider,100 Thieves,FNATIC,FNATIC,2593,100 Thieves,120,6,6,1,7,0,0,100 Thieves,AMERICAS
130624,95050,Breeze,LOUD,LOUD,OpTic Gaming,OpTic Gaming,8127,LOUD,6961,11,1,6,2,0,0,LOUD,AMERICAS
130624,95051,Fracture,OpTic Gaming,LOUD,OpTic Gaming,OpTic Gaming,8127,LOUD,6961,6,6,7,4,0,0,OpTic Gaming,AMERICAS
130624,95052,Pearl,Decider,OpTic Gaming,LOUD,OpTic Gaming,8127,LOUD,6961,9,3,0,4,0,0,OpTic Gaming,AMERICAS
130628,95062,Fracture,XSET,XSET,XERXIA Esports,XSET,533,XERXIA Esports,7397,7,5,6,6,0,0,XSET,AMERICAS
130628,95063,Icebox,XERXIA Esports,XSET,XERXIA Esports,XSET,533,XERXIA Esports,7397,7,5,5,6,0,0,XSET,AMERICAS
130627,95059,Icebox,KRÜ Esports,FunPlus Phoenix,KRÜ Esports,FunPlus Phoenix,628,KRÜ Esports,2355,3,9,3,9,2,0,FunPlus Phoenix,AMERICAS
130627,95060,Bind,FunPlus Phoenix,KRÜ Esports,FunPlus Phoenix,FunPlus Phoenix,628,KRÜ Esports,2355,7,5,8,3,0,0,FunPlus Phoenix,AMERICAS
130634,95080,Breeze,100 Thieves,100 Thieves,KIWOOM DRX,KIWOOM DRX,8185,100 Thieves,120,5,7,5,7,4,6,KIWOOM DRX,AMERICAS
130634,95081,Fracture,KIWOOM DRX,100 Thieves,KIWOOM DRX,KIWOOM DRX,8185,100 Thieves,120,3,9,4,6,0,0,KIWOOM DRX,AMERICAS
130625,95053,Haven,BOOM Esports,ZETA DIVISION,BOOM Esports,BOOM Esports,466,ZETA DIVISION,5448,8,4,9,3,0,0,BOOM Esports,AMERICAS
130625,95054,Pearl,ZETA DIVISION,BOOM Esports,ZETA DIVISION,BOOM Esports,466,ZETA DIVISION,5448,4,8,5,7,0,0,ZETA DIVISION,AMERICAS
130625,95055,Fracture,Decider,ZETA DIVISION,BOOM Esports,BOOM Esports,466,ZETA DIVISION,5448,10,2,0,3,0,0,ZETA DIVISION,AMERICAS
130620,95038,Bind,EDward Gaming,Team Liquid,EDward Gaming,EDward Gaming,1120,Team Liquid,474,8,4,1,5,0,0,Team Liquid,AMERICAS
130620,95039,Breeze,Team Liquid,Team Liquid,EDward Gaming,EDward Gaming,1120,Team Liquid,474,7,5,7,5,2,0,Team Liquid,AMERICAS
130630,95068,Icebox,KRÜ Esports,XERXIA Esports,KRÜ Esports,KRÜ Esports,2355,XERXIA Esports,7397,3,9,4,1,0,0,KRÜ Esports,AMERICAS
130630,95069,Haven,XERXIA Esports,KRÜ Esports,XERXIA Esports,KRÜ Esports,2355,XERXIA Esports,7397,4,8,5,3,0,0,XERXIA Esports,AMERICAS
130630,95070,Ascent,Decider,KRÜ Esports,XERXIA Esports,KRÜ Esports,2355,XERXIA Esports,7397,7,5,1,6,0,0,KRÜ Esports,AMERICAS
130635,95083,Icebox,FNATIC,FURIA,FNATIC,FURIA,2406,FNATIC,2593,7,5,4,6,0,0,FURIA,AMERICAS
130635,95084,Breeze,FURIA,FURIA,FNATIC,FURIA,2406,FNATIC,2593,2,10,3,5,0,0,FNATIC,AMERICAS
130635,95085,Haven,Decider,FURIA,FNATIC,FURIA,2406,FNATIC,2593,6,6,7,5,0,0,FNATIC,AMERICAS
130629,95065,Pearl,XSET,FunPlus Phoenix,XSET,FunPlus Phoenix,628,XSET,533,6,6,7,1,0,0,XSET,AMERICAS
130629,95066,Fracture,FunPlus Phoenix,XSET,FunPlus Phoenix,FunPlus Phoenix,628,XSET,533,4,8,5,0,0,0,FunPlus Phoenix,AMERICAS
130629,95067,Breeze,Decider,XSET,FunPlus Phoenix,FunPlus Phoenix,628,XSET,533,11,1,4,2,0,0,XSET,AMERICAS
130621,95041,Haven,Team Liquid,Team Liquid,Paper Rex,Paper Rex,624,Team Liquid,474,7,5,7,5,3,1,Team Liquid,AMERICAS
130621,95042,Pearl,Paper Rex,Team Liquid,Paper Rex,Paper Rex,624,Team Liquid,474,4,8,5,0,0,0,Paper Rex,AMERICAS
130621,95043,Ascent,Decider,Team Liquid,Paper Rex,Paper Rex,624,Team Liquid,474,8,4,4,5,0,0,Team Liquid,AMERICAS
130626,95056,Bind,ZETA DIVISION,ZETA DIVISION,LOUD,LOUD,6961,ZETA DIVISION,5448,5,7,6,6,0,0,LOUD,AMERICAS
130626,95057,Ascent,LOUD,ZETA DIVISION,LOUD,LOUD,6961,ZETA DIVISION,5448,5,7,6,0,0,0,LOUD,AMERICAS
130631,95071,Icebox,KRÜ Esports,FunPlus Phoenix,KRÜ Esports,FunPlus Phoenix,628,KRÜ Esports,2355,7,5,4,6,0,0,FunPlus Phoenix,AMERICAS
130631,95072,Ascent,FunPlus Phoenix,KRÜ Esports,FunPlus Phoenix,FunPlus Phoenix,628,KRÜ Esports,2355,3,9,4,1,0,0,FunPlus Phoenix,AMERICAS
130636,95086,Bind,FNATIC,100 Thieves,FNATIC,100 Thieves,120,FNATIC,2593,2,10,3,3,0,0,FNATIC,AMERICAS
130636,95087,Ascent,100 Thieves,FNATIC,100 Thieves,100 Thieves,120,FNATIC,2593,8,4,3,5,0,0,FNATIC,AMERICAS
130679,95113,Icebox,LOUD,LEVIATÁN,LOUD,LEVIATÁN,2359,LOUD,6961,8,4,8,4,0,2,LOUD,AMERICAS
130679,95114,Haven,LEVIATÁN,LOUD,LEVIATÁN,LEVIATÁN,2359,LOUD,6961,7,5,1,6,0,0,LOUD,AMERICAS
130678,95110,Ascent,FunPlus Phoenix,KIWOOM DRX,FunPlus Phoenix,KIWOOM DRX,8185,FunPlus Phoenix,628,7,5,7,5,7,5,KIWOOM DRX,AMERICAS
130678,95111,Breeze,KIWOOM DRX,FunPlus Phoenix,KIWOOM DRX,KIWOOM DRX,8185,FunPlus Phoenix,628,3,9,4,2,0,0,KIWOOM DRX,AMERICAS
130680,95116,Breeze,Team Liquid,Team Liquid,OpTic Gaming,OpTic Gaming,8127,Team Liquid,474,9,3,4,4,0,0,Team Liquid,AMERICAS
130680,95117,Bind,OpTic Gaming,Team Liquid,OpTic Gaming,OpTic Gaming,8127,Team Liquid,474,5,7,6,3,0,0,OpTic Gaming,AMERICAS
130680,95118,Ascent,Decider,Team Liquid,OpTic Gaming,OpTic Gaming,8127,Team Liquid,474,2,10,3,6,0,0,OpTic Gaming,AMERICAS
130681,95119,Pearl,XSET,XSET,FNATIC,XSET,533,FNATIC,2593,9,3,5,4,0,0,XSET,AMERICAS
130681,95120,Fracture,FNATIC,XSET,FNATIC,XSET,533,FNATIC,2593,5,7,4,8,0,0,XSET,AMERICAS
130686,95136,Icebox,FunPlus Phoenix,LEVIATÁN,FunPlus Phoenix,FunPlus Phoenix,628,LEVIATÁN,2359,4,8,5,2,0,0,FunPlus Phoenix,AMERICAS
130686,95137,Ascent,LEVIATÁN,LEVIATÁN,FunPlus Phoenix,FunPlus Phoenix,628,LEVIATÁN,2359,7,5,8,4,0,0,FunPlus Phoenix,AMERICAS
130687,95139,Bind,FNATIC,Team Liquid,FNATIC,Team Liquid,474,FNATIC,2593,3,9,4,3,0,0,FNATIC,AMERICAS
130687,95140,Haven,Team Liquid,Team Liquid,FNATIC,Team Liquid,474,FNATIC,2593,5,7,6,2,0,0,FNATIC,AMERICAS
130682,95122,Breeze,LOUD,LOUD,KIWOOM DRX,KIWOOM DRX,8185,LOUD,6961,3,9,2,10,0,0,LOUD,AMERICAS
130682,95123,Haven,KIWOOM DRX,LOUD,KIWOOM DRX,KIWOOM DRX,8185,LOUD,6961,8,4,2,5,0,0,LOUD,AMERICAS
130683,95125,Haven,XSET,OpTic Gaming,XSET,OpTic Gaming,8127,XSET,533,4,8,1,9,0,0,OpTic Gaming,AMERICAS
130683,95126,Ascent,OpTic Gaming,XSET,OpTic Gaming,OpTic Gaming,8127,XSET,533,9,3,8,4,0,0,XSET,AMERICAS
130683,95127,Pearl,Decider,XSET,OpTic Gaming,OpTic Gaming,8127,XSET,533,4,8,5,4,0,0,OpTic Gaming,AMERICAS
130689,95145,Icebox,FNATIC,KIWOOM DRX,FNATIC,KIWOOM DRX,8185,FNATIC,2593,5,7,6,2,0,0,FNATIC,AMERICAS
130689,95146,Ascent,KIWOOM DRX,FNATIC,KIWOOM DRX,KIWOOM DRX,8185,FNATIC,2593,8,4,8,4,0,2,KIWOOM DRX,AMERICAS
130689,95147,Fracture,Decider,KIWOOM DRX,FNATIC,KIWOOM DRX,8185,FNATIC,2593,6,6,3,7,0,0,KIWOOM DRX,AMERICAS
130688,95142,Pearl,XSET,FunPlus Phoenix,XSET,XSET,533,FunPlus Phoenix,628,7,5,8,4,0,0,XSET,AMERICAS
130688,95143,Bind,FunPlus Phoenix,XSET,FunPlus Phoenix,XSET,533,FunPlus Phoenix,628,5,7,6,5,0,0,FunPlus Phoenix,AMERICAS
130688,95144,Ascent,Decider,XSET,FunPlus Phoenix,XSET,533,FunPlus Phoenix,628,5,7,6,6,0,0,FunPlus Phoenix,AMERICAS
130684,95128,Bind,OpTic Gaming,LOUD,OpTic Gaming,LOUD,6961,OpTic Gaming,8127,6,6,4,7,0,0,LOUD,AMERICAS
130684,95129,Ascent,LOUD,OpTic Gaming,LOUD,LOUD,6961,OpTic Gaming,8127,3,9,4,0,0,0,LOUD,AMERICAS
130690,95148,Icebox,FunPlus Phoenix,FunPlus Phoenix,KIWOOM DRX,FunPlus Phoenix,628,KIWOOM DRX,8185,5,7,6,6,0,0,KIWOOM DRX,AMERICAS
130690,95149,Haven,KIWOOM DRX,FunPlus Phoenix,KIWOOM DRX,FunPlus Phoenix,628,KIWOOM DRX,8185,9,3,10,0,0,0,KIWOOM DRX,AMERICAS
130691,95151,Bind,OpTic Gaming,KIWOOM DRX,OpTic Gaming,OpTic Gaming,8127,KIWOOM DRX,8185,5,7,6,3,0,0,OpTic Gaming,AMERICAS
130691,95152,Breeze,KIWOOM DRX,OpTic Gaming,KIWOOM DRX,OpTic Gaming,8127,KIWOOM DRX,8185,8,4,1,5,0,0,OpTic Gaming,AMERICAS
130691,95153,Fracture,OpTic Gaming,OpTic Gaming,KIWOOM DRX,OpTic Gaming,8127,KIWOOM DRX,8185,5,7,6,3,0,0,KIWOOM DRX,AMERICAS
130691,95154,Ascent,KIWOOM DRX,OpTic Gaming,KIWOOM DRX,OpTic Gaming,8127,KIWOOM DRX,8185,3,9,4,3,0,0,KIWOOM DRX,AMERICAS
130691,95155,Haven,Decider,OpTic Gaming,KIWOOM DRX,OpTic Gaming,8127,KIWOOM DRX,8185,8,4,6,5,0,0,OpTic Gaming,AMERICAS
130685,95131,Ascent,LOUD,OpTic Gaming,LOUD,LOUD,6961,OpTic Gaming,8127,7,5,7,5,1,3,LOUD,AMERICAS
130685,95132,Bind,OpTic Gaming,LOUD,OpTic Gaming,LOUD,6961,OpTic Gaming,8127,2,10,3,4,0,0,OpTic Gaming,AMERICAS
130685,95133,Breeze,LOUD,OpTic Gaming,LOUD,LOUD,6961,OpTic Gaming,8127,6,6,6,6,2,4,LOUD,AMERICAS
130685,95134,Haven,OpTic Gaming,LOUD,OpTic Gaming,LOUD,6961,OpTic Gaming,8127,7,5,0,6,0,0,LOUD,AMERICAS
112600,90911,Haven,OG LDN UTD,G2 Esports,OG LDN UTD,G2 Esports,257,OG LDN UTD,8903,4,8,5,1,0,0,OG LDN UTD,AMERICAS
112600,90912,Ascent,G2 Esports,OG LDN UTD,G2 Esports,G2 Esports,257,OG LDN UTD,8903,8,4,2,5,0,0,OG LDN UTD,AMERICAS
112601,90914,Split,Acend,M3 Champions,Acend,M3 Champions,8326,Acend,3531,6,6,7,3,0,0,Acend,AMERICAS
112601,90915,Breeze,M3 Champions,Acend,M3 Champions,M3 Champions,8326,Acend,3531,5,7,6,5,0,0,M3 Champions,AMERICAS
112601,90916,Fracture,Decider,M3 Champions,Acend,M3 Champions,8326,Acend,3531,8,4,2,5,0,0,M3 Champions,AMERICAS
112602,90917,Ascent,BBL Esports,Team Liquid,BBL Esports,Team Liquid,474,BBL Esports,397,5,7,4,8,0,0,Team Liquid,AMERICAS
112602,90918,Icebox,Team Liquid,BBL Esports,Team Liquid,Team Liquid,474,BBL Esports,397,1,11,2,0,0,0,Team Liquid,AMERICAS
112603,90920,Haven,Natus Vincere,Natus Vincere,Guild Esports,Guild Esports,1209,Natus Vincere,4915,8,4,7,5,0,0,Natus Vincere,AMERICAS
112603,90921,Split,Guild Esports,Natus Vincere,Guild Esports,Guild Esports,1209,Natus Vincere,4915,6,6,7,5,0,0,Guild Esports,AMERICAS
112603,90922,Icebox,Decider,Natus Vincere,Guild Esports,Guild Esports,1209,Natus Vincere,4915,8,4,5,5,0,0,Natus Vincere,AMERICAS
112608,90937,Fracture,G2 Esports,G2 Esports,Acend,G2 Esports,257,Acend,3531,5,7,6,3,0,0,Acend,AMERICAS
112608,90938,Haven,Acend,G2 Esports,Acend,G2 Esports,257,Acend,3531,5,7,4,8,0,0,G2 Esports,AMERICAS
112608,90939,Bind,Decider,G2 Esports,Acend,G2 Esports,257,Acend,3531,9,3,2,4,0,0,G2 Esports,AMERICAS
112609,90940,Haven,BBL Esports,Guild Esports,BBL Esports,BBL Esports,397,Guild Esports,1209,9,3,0,4,0,0,Guild Esports,AMERICAS
112609,90941,Fracture,Guild Esports,BBL Esports,Guild Esports,BBL Esports,397,Guild Esports,1209,7,5,8,3,0,0,Guild Esports,AMERICAS
112604,90923,Bind,OG LDN UTD,OG LDN UTD,M3 Champions,OG LDN UTD,8903,M3 Champions,8326,7,5,8,1,0,0,M3 Champions,AMERICAS
112604,90924,Icebox,M3 Champions,OG LDN UTD,M3 Champions,OG LDN UTD,8903,M3 Champions,8326,6,6,6,6,3,1,OG LDN UTD,AMERICAS
112604,90925,Ascent,Decider,OG LDN UTD,M3 Champions,OG LDN UTD,8903,M3 Champions,8326,3,9,4,5,0,0,M3 Champions,AMERICAS
112605,90926,Breeze,Natus Vincere,Team Liquid,Natus Vincere,Team Liquid,474,Natus Vincere,4915,6,6,3,7,0,0,Team Liquid,AMERICAS
112605,90927,Fracture,Team Liquid,Natus Vincere,Team Liquid,Team Liquid,474,Natus Vincere,4915,5,7,6,6,0,0,Team Liquid,AMERICAS
112610,90943,Bind,G2 Esports,Natus Vincere,G2 Esports,Natus Vincere,4915,G2 Esports,257,5,7,6,5,0,0,G2 Esports,AMERICAS
112610,90944,Haven,Natus Vincere,G2 Esports,Natus Vincere,Natus Vincere,4915,G2 Esports,257,11,1,2,2,0,0,G2 Esports,AMERICAS
112611,90946,Breeze,Guild Esports,Guild Esports,OG LDN UTD,OG LDN UTD,8903,Guild Esports,1209,4,8,4,8,5,7,OG LDN UTD,AMERICAS
112611,90947,Haven,OG LDN UTD,Guild Esports,OG LDN UTD,OG LDN UTD,8903,Guild Esports,1209,7,5,8,3,0,0,OG LDN UTD,AMERICAS
112606,90929,Breeze,M3 Champions,Team Liquid,M3 Champions,M3 Champions,8326,Team Liquid,474,8,4,4,5,0,0,Team Liquid,AMERICAS
112606,90930,Bind,Team Liquid,Team Liquid,M3 Champions,M3 Champions,8326,Team Liquid,474,5,7,6,3,0,0,M3 Champions,AMERICAS
112606,90931,Icebox,Decider,Team Liquid,M3 Champions,M3 Champions,8326,Team Liquid,474,4,8,4,8,4,6,M3 Champions,AMERICAS
112612,90949,Bind,G2 Esports,OG LDN UTD,G2 Esports,G2 Esports,257,OG LDN UTD,8903,5,7,6,3,0,0,G2 Esports,AMERICAS
112612,90950,Haven,OG LDN UTD,G2 Esports,OG LDN UTD,G2 Esports,257,OG LDN UTD,8903,5,7,4,8,0,0,G2 Esports,AMERICAS
112613,90952,Bind,G2 Esports,Team Liquid,G2 Esports,Team Liquid,474,G2 Esports,257,7,5,8,3,0,0,G2 Esports,AMERICAS
112613,90953,Icebox,Team Liquid,G2 Esports,Team Liquid,Team Liquid,474,G2 Esports,257,4,8,5,6,0,0,Team Liquid,AMERICAS
112613,90954,Haven,Decider,G2 Esports,Team Liquid,Team Liquid,474,G2 Esports,257,7,5,8,1,0,0,Team Liquid,AMERICAS
112607,90932,Bind,M3 Champions,Team Liquid,M3 Champions,M3 Champions,8326,Team Liquid,474,5,7,6,3,0,0,M3 Champions,AMERICAS
112607,90933,Icebox,Team Liquid,Team Liquid,M3 Champions,M3 Champions,8326,Team Liquid,474,7,5,6,6,0,0,Team Liquid,AMERICAS
112607,90934,Ascent,M3 Champions,Team Liquid,M3 Champions,M3 Champions,8326,Team Liquid,474,8,4,2,5,0,0,Team Liquid,AMERICAS
112607,90935,Breeze,Team Liquid,Team Liquid,M3 Champions,M3 Champions,8326,Team Liquid,474,7,5,3,6,0,0,Team Liquid,AMERICAS
112288,90571,Ascent,NORTHEPTION,NORTHEPTION,KIWOOM DRX,KIWOOM DRX,8185,NORTHEPTION,2988,4,8,5,4,0,0,KIWOOM DRX,AMERICAS
112288,90572,Bind,KIWOOM DRX,NORTHEPTION,KIWOOM DRX,KIWOOM DRX,8185,NORTHEPTION,2988,1,11,2,0,0,0,KIWOOM DRX,AMERICAS
112283,90556,Fracture,LOUD,KRÜ Esports,LOUD,LOUD,6961,KRÜ Esports,2355,4,8,5,6,0,0,LOUD,AMERICAS
112283,90557,Haven,KRÜ Esports,LOUD,KRÜ Esports,LOUD,6961,KRÜ Esports,2355,5,7,6,4,0,0,KRÜ Esports,AMERICAS
112283,90558,Icebox,Decider,LOUD,KRÜ Esports,LOUD,6961,KRÜ Esports,2355,7,5,8,3,0,0,KRÜ Esports,AMERICAS
112282,90553,Icebox,Guild Esports,OpTic Gaming,Guild Esports,OpTic Gaming,8127,Guild Esports,1209,4,8,5,7,0,0,Guild Esports,AMERICAS
112282,90554,Split,OpTic Gaming,Guild Esports,OpTic Gaming,OpTic Gaming,8127,Guild Esports,1209,8,4,8,4,4,2,Guild Esports,AMERICAS
112287,90568,Bind,XERXIA Esports,FunPlus Phoenix,XERXIA Esports,FunPlus Phoenix,628,XERXIA Esports,7397,5,7,5,7,2,0,FunPlus Phoenix,AMERICAS
112287,90569,Ascent,FunPlus Phoenix,XERXIA Esports,FunPlus Phoenix,FunPlus Phoenix,628,XERXIA Esports,7397,7,5,4,6,0,0,XERXIA Esports,AMERICAS
112287,90570,Haven,Decider,FunPlus Phoenix,XERXIA Esports,FunPlus Phoenix,628,XERXIA Esports,7397,7,5,5,6,0,0,FunPlus Phoenix,AMERICAS
112284,90559,Bind,KRÜ Esports,Guild Esports,KRÜ Esports,Guild Esports,1209,KRÜ Esports,2355,7,5,7,5,0,2,KRÜ Esports,AMERICAS
112284,90560,Fracture,Guild Esports,KRÜ Esports,Guild Esports,Guild Esports,1209,KRÜ Esports,2355,3,9,4,3,0,0,Guild Esports,AMERICAS
112284,90561,Icebox,Decider,KRÜ Esports,Guild Esports,Guild Esports,1209,KRÜ Esports,2355,7,5,7,5,2,4,Guild Esports,AMERICAS
112289,90574,Haven,KIWOOM DRX,KIWOOM DRX,FunPlus Phoenix,FunPlus Phoenix,628,KIWOOM DRX,8185,7,5,8,1,0,0,FunPlus Phoenix,AMERICAS
112289,90575,Fracture,FunPlus Phoenix,FunPlus Phoenix,KIWOOM DRX,FunPlus Phoenix,628,KIWOOM DRX,8185,3,9,4,3,0,0,KIWOOM DRX,AMERICAS
112289,90576,Breeze,Decider,FunPlus Phoenix,KIWOOM DRX,FunPlus Phoenix,628,KIWOOM DRX,8185,3,9,4,3,0,0,KIWOOM DRX,AMERICAS
112290,90577,Split,NORTHEPTION,XERXIA Esports,NORTHEPTION,XERXIA Esports,7397,NORTHEPTION,2988,8,4,5,5,0,0,XERXIA Esports,AMERICAS
112290,90578,Haven,XERXIA Esports,XERXIA Esports,NORTHEPTION,XERXIA Esports,7397,NORTHEPTION,2988,4,8,5,4,0,0,NORTHEPTION,AMERICAS
112290,90579,Bind,Decider,NORTHEPTION,XERXIA Esports,XERXIA Esports,7397,NORTHEPTION,2988,6,6,6,6,3,1,NORTHEPTION,AMERICAS
112285,90562,Ascent,LOUD,OpTic Gaming,LOUD,OpTic Gaming,8127,LOUD,6961,6,6,7,2,0,0,LOUD,AMERICAS
112285,90563,Fracture,OpTic Gaming,OpTic Gaming,LOUD,OpTic Gaming,8127,LOUD,6961,8,4,4,5,0,0,OpTic Gaming,AMERICAS
112285,90564,Split,Decider,LOUD,OpTic Gaming,OpTic Gaming,8127,LOUD,6961,7,5,7,5,0,2,OpTic Gaming,AMERICAS
112291,90580,Fracture,NORTHEPTION,NORTHEPTION,FunPlus Phoenix,FunPlus Phoenix,628,NORTHEPTION,2988,5,7,6,4,0,0,FunPlus Phoenix,AMERICAS
112291,90581,Ascent,FunPlus Phoenix,NORTHEPTION,FunPlus Phoenix,FunPlus Phoenix,628,NORTHEPTION,2988,3,9,4,6,0,0,FunPlus Phoenix,AMERICAS
112286,90565,Split,OpTic Gaming,KRÜ Esports,OpTic Gaming,KRÜ Esports,2355,OpTic Gaming,8127,7,5,8,0,0,0,OpTic Gaming,AMERICAS
112286,90566,Haven,KRÜ Esports,KRÜ Esports,OpTic Gaming,KRÜ Esports,2355,OpTic Gaming,8127,2,10,3,4,0,0,OpTic Gaming,AMERICAS
112320,90637,Ascent,Guild Esports,Guild Esports,Paper Rex,Paper Rex,624,Guild Esports,1209,4,8,5,0,0,0,Paper Rex,AMERICAS
112320,90638,Fracture,Paper Rex,Guild Esports,Paper Rex,Paper Rex,624,Guild Esports,1209,6,6,6,6,0,2,Paper Rex,AMERICAS
112321,90640,Icebox,FNATIC,FunPlus Phoenix,FNATIC,FNATIC,2593,FunPlus Phoenix,628,8,4,9,2,0,0,FNATIC,AMERICAS
112321,90641,Haven,FunPlus Phoenix,FunPlus Phoenix,FNATIC,FNATIC,2593,FunPlus Phoenix,628,2,10,3,2,0,0,FNATIC,AMERICAS
112322,90643,Ascent,LEVIATÁN,LEVIATÁN,KIWOOM DRX,LEVIATÁN,2359,KIWOOM DRX,8185,11,1,5,2,0,0,LEVIATÁN,AMERICAS
112322,90644,Breeze,KIWOOM DRX,LEVIATÁN,KIWOOM DRX,LEVIATÁN,2359,KIWOOM DRX,8185,4,8,5,1,0,0,KIWOOM DRX,AMERICAS
112322,90645,Haven,Decider,LEVIATÁN,KIWOOM DRX,LEVIATÁN,2359,KIWOOM DRX,8185,3,9,4,8,0,0,KIWOOM DRX,AMERICAS
112323,90646,Haven,XSET,XSET,OpTic Gaming,XSET,533,OpTic Gaming,8127,2,10,3,5,0,0,OpTic Gaming,AMERICAS
112323,90647,Bind,OpTic Gaming,XSET,OpTic Gaming,XSET,533,OpTic Gaming,8127,4,8,5,2,0,0,OpTic Gaming,AMERICAS
112328,90663,Ascent,FunPlus Phoenix,Guild Esports,FunPlus Phoenix,Guild Esports,1209,FunPlus Phoenix,628,5,7,6,6,0,0,FunPlus Phoenix,AMERICAS
112328,91833,Breeze,Guild Esports,Guild Esports,FunPlus Phoenix,Guild Esports,1209,FunPlus Phoenix,628,12,0,3,1,0,0,Guild Esports,AMERICAS
112328,91834,Bind,Decider,FunPlus Phoenix,Guild Esports,Guild Esports,1209,FunPlus Phoenix,628,9,3,1,4,0,0,FunPlus Phoenix,AMERICAS
112329,90664,Split,XSET,LEVIATÁN,XSET,LEVIATÁN,2359,XSET,533,4,8,5,5,0,0,XSET,AMERICAS
112329,91835,Ascent,LEVIATÁN,XSET,LEVIATÁN,LEVIATÁN,2359,XSET,533,8,4,8,4,1,3,LEVIATÁN,AMERICAS
112329,91836,Haven,Decider,LEVIATÁN,XSET,LEVIATÁN,2359,XSET,533,9,3,9,3,4,2,LEVIATÁN,AMERICAS
112324,90649,Ascent,FNATIC,FNATIC,Paper Rex,Paper Rex,624,FNATIC,2593,6,6,7,5,0,0,Paper Rex,AMERICAS
112324,90650,Bind,Paper Rex,Paper Rex,FNATIC,Paper Rex,624,FNATIC,2593,7,5,5,6,0,0,Paper Rex,AMERICAS
112325,90652,Fracture,OpTic Gaming,OpTic Gaming,KIWOOM DRX,KIWOOM DRX,8185,OpTic Gaming,8127,1,11,2,3,0,0,KIWOOM DRX,AMERICAS
112325,90653,Breeze,KIWOOM DRX,KIWOOM DRX,OpTic Gaming,KIWOOM DRX,8185,OpTic Gaming,8127,2,10,3,2,0,0,OpTic Gaming,AMERICAS
112325,90654,Bind,Decider,OpTic Gaming,KIWOOM DRX,KIWOOM DRX,8185,OpTic Gaming,8127,8,4,7,5,0,0,OpTic Gaming,AMERICAS
112331,90668,Fracture,FNATIC,LEVIATÁN,FNATIC,FNATIC,2593,LEVIATÁN,2359,7,5,7,5,0,2,FNATIC,AMERICAS
112331,90669,Ascent,LEVIATÁN,FNATIC,LEVIATÁN,FNATIC,2593,LEVIATÁN,2359,6,6,7,4,0,0,LEVIATÁN,AMERICAS
112331,90670,Bind,Decider,LEVIATÁN,FNATIC,FNATIC,2593,LEVIATÁN,2359,7,5,7,5,3,5,FNATIC,AMERICAS
112330,90665,Ascent,FunPlus Phoenix,KIWOOM DRX,FunPlus Phoenix,KIWOOM DRX,8185,FunPlus Phoenix,628,6,6,7,3,0,0,FunPlus Phoenix,AMERICAS
112330,90666,Fracture,KIWOOM DRX,KIWOOM DRX,FunPlus Phoenix,KIWOOM DRX,8185,FunPlus Phoenix,628,3,9,4,2,0,0,FunPlus Phoenix,AMERICAS
112326,90655,Haven,OpTic Gaming,OpTic Gaming,Paper Rex,Paper Rex,624,OpTic Gaming,8127,3,9,4,0,0,0,Paper Rex,AMERICAS
112326,90656,Bind,Paper Rex,OpTic Gaming,Paper Rex,Paper Rex,624,OpTic Gaming,8127,9,3,6,4,0,0,OpTic Gaming,AMERICAS
112326,90657,Fracture,Decider,Paper Rex,OpTic Gaming,Paper Rex,624,OpTic Gaming,8127,9,3,2,4,0,0,Paper Rex,AMERICAS
112332,90671,Split,FunPlus Phoenix,FNATIC,FunPlus Phoenix,FunPlus Phoenix,628,FNATIC,2593,4,8,4,8,3,1,FNATIC,AMERICAS
112332,90672,Bind,FNATIC,FunPlus Phoenix,FNATIC,FunPlus Phoenix,628,FNATIC,2593,7,5,2,6,0,0,FunPlus Phoenix,AMERICAS
112332,90673,Fracture,Decider,FunPlus Phoenix,FNATIC,FunPlus Phoenix,628,FNATIC,2593,9,3,2,4,0,0,FunPlus Phoenix,AMERICAS
112334,90674,Split,OpTic Gaming,FunPlus Phoenix,OpTic Gaming,OpTic Gaming,8127,FunPlus Phoenix,628,9,3,3,4,0,0,FunPlus Phoenix,AMERICAS
112334,90675,Icebox,FunPlus Phoenix,FunPlus Phoenix,OpTic Gaming,OpTic Gaming,8127,FunPlus Phoenix,628,6,6,2,7,0,0,FunPlus Phoenix,AMERICAS
112334,90676,Bind,OpTic Gaming,FunPlus Phoenix,OpTic Gaming,OpTic Gaming,8127,FunPlus Phoenix,628,3,9,4,3,0,0,OpTic Gaming,AMERICAS
112334,90677,Fracture,FunPlus Phoenix,OpTic Gaming,FunPlus Phoenix,OpTic Gaming,8127,FunPlus Phoenix,628,3,9,4,4,0,0,FunPlus Phoenix,AMERICAS
112327,90658,Bind,Paper Rex,Paper Rex,FunPlus Phoenix,Paper Rex,624,FunPlus Phoenix,628,1,11,2,2,0,0,FunPlus Phoenix,AMERICAS
112327,90659,Icebox,FunPlus Phoenix,FunPlus Phoenix,Paper Rex,Paper Rex,624,FunPlus Phoenix,628,3,9,4,4,0,0,Paper Rex,AMERICAS
112327,90660,Fracture,Paper Rex,FunPlus Phoenix,Paper Rex,Paper Rex,624,FunPlus Phoenix,628,6,6,1,7,0,0,FunPlus Phoenix,AMERICAS
112327,90661,Haven,FunPlus Phoenix,FunPlus Phoenix,Paper Rex,Paper Rex,624,FunPlus Phoenix,628,5,7,6,2,0,0,Paper Rex,AMERICAS
112327,90662,Breeze,Decider,FunPlus Phoenix,Paper Rex,Paper Rex,624,FunPlus Phoenix,628,7,5,4,6,0,0,FunPlus Phoenix,AMERICAS
99244,83435,Ascent,Natus Vincere,BBL Esports,Natus Vincere,BBL Esports,397,Natus Vincere,4915,3,9,4,3,0,0,Natus Vincere,AMERICAS
99244,83436,Icebox,BBL Esports,Natus Vincere,BBL Esports,BBL Esports,397,Natus Vincere,4915,7,5,7,5,4,6,BBL Esports,AMERICAS
99244,83437,Fracture,Decider,Natus Vincere,BBL Esports,BBL Esports,397,Natus Vincere,4915,2,10,3,4,0,0,BBL Esports,AMERICAS
99245,83438,Icebox,OG LDN UTD,OG LDN UTD,Acend,OG LDN UTD,8903,Acend,3531,4,8,5,3,0,0,Acend,AMERICAS
99245,83439,Split,Acend,OG LDN UTD,Acend,OG LDN UTD,8903,Acend,3531,8,4,8,4,0,2,Acend,AMERICAS
99246,83441,Fracture,FNATIC,FNATIC,FunPlus Phoenix,FNATIC,2593,FunPlus Phoenix,628,9,3,0,4,0,0,FNATIC,AMERICAS
99246,83442,Ascent,FunPlus Phoenix,FNATIC,FunPlus Phoenix,FNATIC,2593,FunPlus Phoenix,628,4,8,5,1,0,0,FunPlus Phoenix,AMERICAS
99246,83443,Icebox,Decider,FNATIC,FunPlus Phoenix,FNATIC,2593,FunPlus Phoenix,628,6,6,4,7,0,0,FNATIC,AMERICAS
99247,83444,Icebox,BIG,Team Liquid,BIG,Team Liquid,474,BIG,472,9,3,2,4,0,0,Team Liquid,AMERICAS
99247,83445,Split,Team Liquid,BIG,Team Liquid,Team Liquid,474,BIG,472,5,7,6,2,0,0,Team Liquid,AMERICAS
99248,83447,Ascent,M3 Champions,Guild Esports,M3 Champions,Guild Esports,1209,M3 Champions,8326,8,4,5,5,0,0,Guild Esports,AMERICAS
99248,83448,Haven,Guild Esports,M3 Champions,Guild Esports,Guild Esports,1209,M3 Champions,8326,2,10,3,4,0,0,Guild Esports,AMERICAS
99249,83450,Fracture,FOKUS,G2 Esports,FOKUS,G2 Esports,257,FOKUS,6882,8,4,8,4,2,0,G2 Esports,AMERICAS
99249,83451,Icebox,G2 Esports,FOKUS,G2 Esports,G2 Esports,257,FOKUS,6882,7,5,8,4,0,0,G2 Esports,AMERICAS
99580,83749,Fracture,BBL Esports,Team Liquid,BBL Esports,BBL Esports,397,Team Liquid,474,5,7,5,7,4,2,Team Liquid,AMERICAS
99580,83750,Split,Team Liquid,BBL Esports,Team Liquid,BBL Esports,397,Team Liquid,474,5,7,6,4,0,0,Team Liquid,AMERICAS
99581,83752,Haven,OG LDN UTD,FNATIC,OG LDN UTD,OG LDN UTD,8903,FNATIC,2593,9,3,1,4,0,0,FNATIC,AMERICAS
99581,83753,Icebox,FNATIC,OG LDN UTD,FNATIC,OG LDN UTD,8903,FNATIC,2593,0,12,1,0,0,0,FNATIC,AMERICAS
99582,85498,Fracture,G2 Esports,FunPlus Phoenix,G2 Esports,FunPlus Phoenix,628,G2 Esports,257,6,6,3,7,0,0,FunPlus Phoenix,AMERICAS
99582,85500,Ascent,FunPlus Phoenix,G2 Esports,FunPlus Phoenix,FunPlus Phoenix,628,G2 Esports,257,4,8,5,6,0,0,FunPlus Phoenix,AMERICAS
99583,83758,Icebox,BIG,Guild Esports,BIG,BIG,472,Guild Esports,1209,5,7,3,8,0,0,Guild Esports,AMERICAS
99583,83759,Fracture,Guild Esports,BIG,Guild Esports,BIG,472,Guild Esports,1209,7,5,6,6,0,0,BIG,AMERICAS
99583,83760,Haven,Decider,BIG,Guild Esports,BIG,472,Guild Esports,1209,6,6,7,0,0,0,Guild Esports,AMERICAS
99584,83761,Ascent,Natus Vincere,M3 Champions,Natus Vincere,Natus Vincere,4915,M3 Champions,8326,9,3,2,4,0,0,M3 Champions,AMERICAS
99584,83762,Bind,M3 Champions,Natus Vincere,M3 Champions,Natus Vincere,4915,M3 Champions,8326,9,3,1,4,0,0,Natus Vincere,AMERICAS
99584,83763,Icebox,Decider,M3 Champions,Natus Vincere,Natus Vincere,4915,M3 Champions,8326,9,3,0,4,0,0,M3 Champions,AMERICAS
99585,83764,Bind,Acend,FOKUS,Acend,FOKUS,6882,Acend,3531,6,6,1,7,0,0,FOKUS,AMERICAS
99585,83765,Ascent,FOKUS,Acend,FOKUS,FOKUS,6882,Acend,3531,8,4,4,5,0,0,Acend,AMERICAS
99585,83766,Icebox,Decider,FOKUS,Acend,FOKUS,6882,Acend,3531,7,5,8,2,0,0,Acend,AMERICAS
99586,83767,Split,Team Liquid,Team Liquid,Guild Esports,Team Liquid,474,Guild Esports,1209,2,10,3,1,0,0,Guild Esports,AMERICAS
99586,83768,Icebox,Guild Esports,Team Liquid,Guild Esports,Team Liquid,474,Guild Esports,1209,9,3,3,4,0,0,Team Liquid,AMERICAS
99586,83769,Fracture,Decider,Team Liquid,Guild Esports,Team Liquid,474,Guild Esports,1209,2,10,3,2,0,0,Guild Esports,AMERICAS
99587,83770,Ascent,OG LDN UTD,G2 Esports,OG LDN UTD,OG LDN UTD,8903,G2 Esports,257,5,7,6,4,0,0,OG LDN UTD,AMERICAS
99587,83771,Breeze,G2 Esports,G2 Esports,OG LDN UTD,OG LDN UTD,8903,G2 Esports,257,7,5,5,6,0,0,G2 Esports,AMERICAS
99587,83772,Fracture,Decider,OG LDN UTD,G2 Esports,OG LDN UTD,8903,G2 Esports,257,5,7,4,8,0,0,OG LDN UTD,AMERICAS
99588,83773,Bind,Natus Vincere,BIG,Natus Vincere,BIG,472,Natus Vincere,4915,9,3,6,4,0,0,BIG,AMERICAS
99588,83774,Ascent,BIG,Natus Vincere,BIG,BIG,472,Natus Vincere,4915,7,5,4,6,0,0,Natus Vincere,AMERICAS
99588,83775,Haven,Decider,Natus Vincere,BIG,BIG,472,Natus Vincere,4915,8,4,3,5,0,0,Natus Vincere,AMERICAS
99589,83776,Ascent,Acend,FNATIC,Acend,Acend,3531,FNATIC,2593,8,4,0,5,0,0,FNATIC,AMERICAS
99589,83777,Icebox,FNATIC,FNATIC,Acend,Acend,3531,FNATIC,2593,6,6,2,7,0,0,FNATIC,AMERICAS
99590,83779,Fracture,BBL Esports,M3 Champions,BBL Esports,BBL Esports,397,M3 Champions,8326,7,5,3,6,0,0,M3 Champions,AMERICAS
99590,83780,Breeze,M3 Champions,M3 Champions,BBL Esports,BBL Esports,397,M3 Champions,8326,9,3,2,4,0,0,M3 Champions,AMERICAS
99591,83782,Breeze,FunPlus Phoenix,FunPlus Phoenix,FOKUS,FOKUS,6882,FunPlus Phoenix,628,6,6,5,7,0,0,FunPlus Phoenix,AMERICAS
99591,83783,Fracture,FOKUS,FunPlus Phoenix,FOKUS,FOKUS,6882,FunPlus Phoenix,628,11,1,0,2,0,0,FunPlus Phoenix,AMERICAS
99592,83785,Split,Acend,G2 Esports,Acend,Acend,3531,G2 Esports,257,10,2,1,3,0,0,G2 Esports,AMERICAS
99592,83786,Icebox,G2 Esports,Acend,G2 Esports,Acend,3531,G2 Esports,257,6,6,4,7,0,0,Acend,AMERICAS
99592,83787,Bind,Decider,Acend,G2 Esports,Acend,3531,G2 Esports,257,5,7,4,8,0,0,Acend,AMERICAS
99593,83788,Haven,Team Liquid,Natus Vincere,Team Liquid,Natus Vincere,4915,Team Liquid,474,5,7,6,6,0,0,Team Liquid,AMERICAS
99593,83789,Bind,Natus Vincere,Team Liquid,Natus Vincere,Natus Vincere,4915,Team Liquid,474,5,7,6,6,0,0,Natus Vincere,AMERICAS
99593,83790,Split,Decider,Team Liquid,Natus Vincere,Natus Vincere,4915,Team Liquid,474,6,6,6,6,4,2,Team Liquid,AMERICAS
99594,83791,Ascent,M3 Champions,BIG,M3 Champions,BIG,472,M3 Champions,8326,9,3,6,4,0,0,BIG,AMERICAS
99594,83792,Bind,BIG,M3 Champions,BIG,BIG,472,M3 Champions,8326,5,7,6,4,0,0,BIG,AMERICAS
99595,83794,Haven,OG LDN UTD,FunPlus Phoenix,OG LDN UTD,OG LDN UTD,8903,FunPlus Phoenix,628,9,3,3,4,0,0,FunPlus Phoenix,AMERICAS
99595,83795,Bind,FunPlus Phoenix,OG LDN UTD,FunPlus Phoenix,OG LDN UTD,8903,FunPlus Phoenix,628,3,9,4,0,0,0,FunPlus Phoenix,AMERICAS
99596,83797,Bind,Guild Esports,BBL Esports,Guild Esports,BBL Esports,397,Guild Esports,1209,5,7,5,7,0,2,Guild Esports,AMERICAS
99596,83798,Ascent,BBL Esports,Guild Esports,BBL Esports,BBL Esports,397,Guild Esports,1209,8,4,6,5,0,0,Guild Esports,AMERICAS
99597,83800,Split,FNATIC,FOKUS,FNATIC,FOKUS,6882,FNATIC,2593,5,7,6,2,0,0,FNATIC,AMERICAS
99597,83801,Bind,FOKUS,FOKUS,FNATIC,FOKUS,6882,FNATIC,2593,2,10,3,2,0,0,FNATIC,AMERICAS
99598,83803,Bind,Acend,FunPlus Phoenix,Acend,Acend,3531,FunPlus Phoenix,628,4,8,5,2,0,0,Acend,AMERICAS
99598,83804,Breeze,FunPlus Phoenix,Acend,FunPlus Phoenix,Acend,3531,FunPlus Phoenix,628,3,9,4,6,0,0,FunPlus Phoenix,AMERICAS
99598,83805,Split,Decider,Acend,FunPlus Phoenix,Acend,3531,FunPlus Phoenix,628,7,5,5,6,0,0,Acend,AMERICAS
99599,83806,Icebox,Team Liquid,M3 Champions,Team Liquid,M3 Champions,8326,Team Liquid,474,4,8,5,4,0,0,Team Liquid,AMERICAS
99599,83807,Fracture,M3 Champions,Team Liquid,M3 Champions,M3 Champions,8326,Team Liquid,474,9,3,4,4,0,0,Team Liquid,AMERICAS
99600,83809,Icebox,Guild Esports,Guild Esports,Natus Vincere,Natus Vincere,4915,Guild Esports,1209,7,5,8,0,0,0,Natus Vincere,AMERICAS
99600,83810,Breeze,Natus Vincere,Natus Vincere,Guild Esports,Natus Vincere,4915,Guild Esports,1209,5,7,6,6,0,0,Guild Esports,AMERICAS
99600,83811,Haven,Decider,Guild Esports,Natus Vincere,Natus Vincere,4915,Guild Esports,1209,8,4,9,3,0,0,Natus Vincere,AMERICAS
99601,83812,Breeze,FOKUS,OG LDN UTD,FOKUS,FOKUS,6882,OG LDN UTD,8903,7,5,2,6,0,0,OG LDN UTD,AMERICAS
99601,83813,Ascent,OG LDN UTD,FOKUS,OG LDN UTD,FOKUS,6882,OG LDN UTD,8903,7,5,6,6,0,0,FOKUS,AMERICAS
99601,83814,Fracture,Decider,FOKUS,OG LDN UTD,FOKUS,6882,OG LDN UTD,8903,8,4,8,4,5,3,FOKUS,AMERICAS
99602,83815,Ascent,BIG,BBL Esports,BIG,BIG,472,BBL Esports,397,6,6,0,7,0,0,BBL Esports,AMERICAS
99602,83816,Haven,BBL Esports,BIG,BBL Esports,BIG,472,BBL Esports,397,7,5,8,3,0,0,BBL Esports,AMERICAS
99603,83818,Icebox,FNATIC,G2 Esports,FNATIC,FNATIC,2593,G2 Esports,257,5,7,6,4,0,0,FNATIC,AMERICAS
99603,83819,Split,G2 Esports,FNATIC,G2 Esports,FNATIC,2593,G2 Esports,257,7,5,8,3,0,0,G2 Esports,AMERICAS
99603,83820,Bind,Decider,FNATIC,G2 Esports,FNATIC,2593,G2 Esports,257,8,4,7,5,0,0,FNATIC,AMERICAS
107023,88590,Bind,Acend,M3 Champions,Acend,Acend,3531,M3 Champions,8326,7,5,2,6,0,0,M3 Champions,AMERICAS
107023,88591,Breeze,M3 Champions,Acend,M3 Champions,Acend,3531,M3 Champions,8326,7,5,7,5,2,4,M3 Champions,AMERICAS
107024,88593,Split,FunPlus Phoenix,Team Liquid,FunPlus Phoenix,Team Liquid,474,FunPlus Phoenix,628,2,10,3,6,0,0,FunPlus Phoenix,AMERICAS
107024,88594,Icebox,Team Liquid,FunPlus Phoenix,Team Liquid,Team Liquid,474,FunPlus Phoenix,628,5,7,6,3,0,0,Team Liquid,AMERICAS
107024,88595,Haven,Decider,Team Liquid,FunPlus Phoenix,Team Liquid,474,FunPlus Phoenix,628,5,7,5,7,0,2,FunPlus Phoenix,AMERICAS
107025,88596,Breeze,M3 Champions,Guild Esports,M3 Champions,Guild Esports,1209,M3 Champions,8326,9,3,3,4,0,0,Guild Esports,AMERICAS
107025,88597,Fracture,Guild Esports,Guild Esports,M3 Champions,Guild Esports,1209,M3 Champions,8326,7,5,6,6,0,0,Guild Esports,AMERICAS
107026,88599,Icebox,FNATIC,FNATIC,FunPlus Phoenix,FNATIC,2593,FunPlus Phoenix,628,9,3,3,4,0,0,FNATIC,AMERICAS
107026,88600,Ascent,FunPlus Phoenix,FNATIC,FunPlus Phoenix,FNATIC,2593,FunPlus Phoenix,628,6,6,6,6,0,2,FunPlus Phoenix,AMERICAS
107026,88601,Fracture,Decider,FNATIC,FunPlus Phoenix,FNATIC,2593,FunPlus Phoenix,628,9,3,6,4,0,0,FNATIC,AMERICAS
107528,88807,Icebox,Team Liquid,M3 Champions,Team Liquid,M3 Champions,8326,Team Liquid,474,6,6,7,4,0,0,Team Liquid,AMERICAS
107528,88808,Fracture,M3 Champions,Team Liquid,M3 Champions,M3 Champions,8326,Team Liquid,474,4,8,5,3,0,0,M3 Champions,AMERICAS
107528,88809,Bind,Decider,Team Liquid,M3 Champions,M3 Champions,8326,Team Liquid,474,6,6,7,0,0,0,M3 Champions,AMERICAS
107527,88804,Haven,FunPlus Phoenix,Acend,FunPlus Phoenix,FunPlus Phoenix,628,Acend,3531,10,2,1,3,0,0,Acend,AMERICAS
107527,88805,Icebox,Acend,FunPlus Phoenix,Acend,FunPlus Phoenix,628,Acend,3531,5,7,4,8,0,0,FunPlus Phoenix,AMERICAS
107527,88806,Breeze,Decider,Acend,FunPlus Phoenix,FunPlus Phoenix,628,Acend,3531,3,9,4,0,0,0,FunPlus Phoenix,AMERICAS
107529,88810,Bind,FNATIC,FNATIC,Guild Esports,Guild Esports,1209,FNATIC,2593,6,6,3,7,0,0,FNATIC,AMERICAS
107529,88811,Haven,Guild Esports,FNATIC,Guild Esports,Guild Esports,1209,FNATIC,2593,8,4,7,5,0,0,FNATIC,AMERICAS
107530,88813,Ascent,FunPlus Phoenix,M3 Champions,FunPlus Phoenix,FunPlus Phoenix,628,M3 Champions,8326,5,7,6,6,0,0,FunPlus Phoenix,AMERICAS
107530,88814,Breeze,M3 Champions,M3 Champions,FunPlus Phoenix,FunPlus Phoenix,628,M3 Champions,8326,5,7,2,8,0,0,M3 Champions,AMERICAS
107530,88815,Fracture,Decider,FunPlus Phoenix,M3 Champions,FunPlus Phoenix,628,M3 Champions,8326,10,2,2,3,0,0,FunPlus Phoenix,AMERICAS
107526,88799,Fracture,FunPlus Phoenix,FunPlus Phoenix,Guild Esports,Guild Esports,1209,FunPlus Phoenix,628,10,2,2,3,0,0,FunPlus Phoenix,AMERICAS
107526,88800,Haven,Guild Esports,FunPlus Phoenix,Guild Esports,Guild Esports,1209,FunPlus Phoenix,628,5,7,4,8,0,0,FunPlus Phoenix,AMERICAS
107526,88801,Split,FunPlus Phoenix,Guild Esports,FunPlus Phoenix,Guild Esports,1209,FunPlus Phoenix,628,4,8,5,0,0,0,FunPlus Phoenix,AMERICAS
107525,88794,Split,FunPlus Phoenix,FNATIC,FunPlus Phoenix,FNATIC,2593,FunPlus Phoenix,628,7,5,7,5,3,1,FNATIC,AMERICAS
107525,88795,Icebox,FNATIC,FunPlus Phoenix,FNATIC,FNATIC,2593,FunPlus Phoenix,628,2,10,3,3,0,0,FNATIC,AMERICAS
107525,88796,Haven,FunPlus Phoenix,FunPlus Phoenix,FNATIC,FNATIC,2593,FunPlus Phoenix,628,4,8,4,8,1,3,FNATIC,AMERICAS
84372,77017,Icebox,ZETA DIVISION,ZETA DIVISION,KIWOOM DRX,KIWOOM DRX,8185,ZETA DIVISION,5448,2,10,3,0,0,0,KIWOOM DRX,AMERICAS
84372,77018,Haven,KIWOOM DRX,ZETA DIVISION,KIWOOM DRX,KIWOOM DRX,8185,ZETA DIVISION,5448,1,11,2,2,0,0,KIWOOM DRX,AMERICAS
84374,77023,Fracture,KRÜ Esports,KRÜ Esports,Team Liquid,KRÜ Esports,2355,Team Liquid,474,5,7,6,0,0,0,Team Liquid,AMERICAS
84374,77024,Ascent,Team Liquid,KRÜ Esports,Team Liquid,KRÜ Esports,2355,Team Liquid,474,6,6,6,6,2,4,Team Liquid,AMERICAS
84373,77020,Icebox,XERXIA Esports,OpTic Gaming,XERXIA Esports,OpTic Gaming,8127,XERXIA Esports,7397,5,7,6,5,0,0,XERXIA Esports,AMERICAS
84373,77021,Ascent,OpTic Gaming,XERXIA Esports,OpTic Gaming,OpTic Gaming,8127,XERXIA Esports,7397,8,4,6,5,0,0,XERXIA Esports,AMERICAS
84371,77014,Ascent,FNATIC,Ninjas In Pyjamas,FNATIC,FNATIC,2593,Ninjas In Pyjamas,7391,9,3,4,4,0,0,Ninjas In Pyjamas,AMERICAS
84371,77015,Split,Ninjas In Pyjamas,FNATIC,Ninjas In Pyjamas,FNATIC,2593,Ninjas In Pyjamas,7391,4,8,5,4,0,0,Ninjas In Pyjamas,AMERICAS
84647,77234,Split,Team Liquid,XERXIA Esports,Team Liquid,XERXIA Esports,7397,Team Liquid,474,6,6,7,1,0,0,Team Liquid,AMERICAS
84647,77235,Icebox,XERXIA Esports,XERXIA Esports,Team Liquid,XERXIA Esports,7397,Team Liquid,474,6,6,5,7,0,0,XERXIA Esports,AMERICAS
84647,77236,Ascent,Decider,Team Liquid,XERXIA Esports,XERXIA Esports,7397,Team Liquid,474,5,7,5,7,5,3,Team Liquid,AMERICAS
84644,77225,Icebox,Ninjas In Pyjamas,Ninjas In Pyjamas,KIWOOM DRX,Ninjas In Pyjamas,7391,KIWOOM DRX,8185,2,10,3,2,0,0,KIWOOM DRX,AMERICAS
84644,77226,Breeze,KIWOOM DRX,Ninjas In Pyjamas,KIWOOM DRX,Ninjas In Pyjamas,7391,KIWOOM DRX,8185,5,7,6,3,0,0,KIWOOM DRX,AMERICAS
84648,77237,Bind,KRÜ Esports,OpTic Gaming,KRÜ Esports,OpTic Gaming,8127,KRÜ Esports,2355,8,4,1,5,0,0,OpTic Gaming,AMERICAS
84648,77238,Ascent,OpTic Gaming,KRÜ Esports,OpTic Gaming,OpTic Gaming,8127,KRÜ Esports,2355,7,5,8,3,0,0,OpTic Gaming,AMERICAS
84645,77228,Fracture,ZETA DIVISION,ZETA DIVISION,FNATIC,FNATIC,2593,ZETA DIVISION,5448,9,3,4,4,0,0,ZETA DIVISION,AMERICAS
84645,77229,Icebox,FNATIC,ZETA DIVISION,FNATIC,FNATIC,2593,ZETA DIVISION,5448,6,6,5,7,0,0,ZETA DIVISION,AMERICAS
84649,77240,Fracture,XERXIA Esports,OpTic Gaming,XERXIA Esports,XERXIA Esports,7397,OpTic Gaming,8127,6,6,3,7,0,0,OpTic Gaming,AMERICAS
84649,77241,Haven,OpTic Gaming,XERXIA Esports,OpTic Gaming,XERXIA Esports,7397,OpTic Gaming,8127,3,9,4,3,0,0,OpTic Gaming,AMERICAS
84646,77231,Split,ZETA DIVISION,Ninjas In Pyjamas,ZETA DIVISION,Ninjas In Pyjamas,7391,ZETA DIVISION,5448,7,5,1,6,0,0,Ninjas In Pyjamas,AMERICAS
84646,77233,Fracture,Decider,ZETA DIVISION,Ninjas In Pyjamas,Ninjas In Pyjamas,7391,ZETA DIVISION,5448,5,7,5,7,2,0,ZETA DIVISION,AMERICAS
84646,77715,Icebox,Decider,ZETA DIVISION,Ninjas In Pyjamas,Ninjas In Pyjamas,7391,ZETA DIVISION,5448,8,4,6,5,0,0,ZETA DIVISION,AMERICAS
85523,77482,Split,ZETA DIVISION,G2 Esports,ZETA DIVISION,G2 Esports,257,ZETA DIVISION,5448,7,5,2,6,0,0,G2 Esports,AMERICAS
85523,77483,Bind,G2 Esports,ZETA DIVISION,G2 Esports,G2 Esports,257,ZETA DIVISION,5448,7,5,8,3,0,0,G2 Esports,AMERICAS
85526,77491,Icebox,Team Liquid,Team Liquid,LOUD,LOUD,6961,Team Liquid,474,5,7,6,5,0,0,LOUD,AMERICAS
85526,77492,Haven,LOUD,Team Liquid,LOUD,LOUD,6961,Team Liquid,474,10,2,1,3,0,0,Team Liquid,AMERICAS
85526,77493,Ascent,Decider,Team Liquid,LOUD,LOUD,6961,Team Liquid,474,6,6,7,4,0,0,LOUD,AMERICAS
85525,77488,Haven,KIWOOM DRX,KIWOOM DRX,Paper Rex,Paper Rex,624,KIWOOM DRX,8185,8,4,9,2,0,0,Paper Rex,AMERICAS
85525,77489,Bind,Paper Rex,Paper Rex,KIWOOM DRX,Paper Rex,624,KIWOOM DRX,8185,3,9,4,5,0,0,KIWOOM DRX,AMERICAS
85525,77490,Ascent,Decider,Paper Rex,KIWOOM DRX,Paper Rex,624,KIWOOM DRX,8185,3,9,4,5,0,0,KIWOOM DRX,AMERICAS
85524,77485,Icebox,The Guard,OpTic Gaming,The Guard,The Guard,6675,OpTic Gaming,8127,9,3,4,4,0,0,OpTic Gaming,AMERICAS
85524,77486,Haven,OpTic Gaming,OpTic Gaming,The Guard,The Guard,6675,OpTic Gaming,8127,5,7,6,2,0,0,The Guard,AMERICAS
85524,77487,Fracture,Decider,The Guard,OpTic Gaming,The Guard,6675,OpTic Gaming,8127,8,4,9,3,0,0,OpTic Gaming,AMERICAS
85531,77508,Fracture,ZETA DIVISION,ZETA DIVISION,Team Liquid,ZETA DIVISION,5448,Team Liquid,474,10,2,5,3,0,0,ZETA DIVISION,AMERICAS
85531,77509,Haven,Team Liquid,ZETA DIVISION,Team Liquid,ZETA DIVISION,5448,Team Liquid,474,2,10,3,2,0,0,Team Liquid,AMERICAS
85531,77510,Split,Decider,ZETA DIVISION,Team Liquid,ZETA DIVISION,5448,Team Liquid,474,6,6,1,7,0,0,ZETA DIVISION,AMERICAS
85532,77511,Haven,The Guard,The Guard,Paper Rex,Paper Rex,624,The Guard,6675,4,8,5,6,0,0,Paper Rex,AMERICAS
85532,77512,Split,Paper Rex,The Guard,Paper Rex,Paper Rex,624,The Guard,6675,6,6,7,2,0,0,Paper Rex,AMERICAS
85528,77497,Ascent,OpTic Gaming,OpTic Gaming,KIWOOM DRX,KIWOOM DRX,8185,OpTic Gaming,8127,3,9,4,5,0,0,KIWOOM DRX,AMERICAS
85528,77498,Icebox,KIWOOM DRX,OpTic Gaming,KIWOOM DRX,KIWOOM DRX,8185,OpTic Gaming,8127,5,7,4,8,0,0,OpTic Gaming,AMERICAS
85528,77499,Split,Decider,OpTic Gaming,KIWOOM DRX,KIWOOM DRX,8185,OpTic Gaming,8127,6,6,6,6,3,1,OpTic Gaming,AMERICAS
85527,77494,Ascent,LOUD,G2 Esports,LOUD,G2 Esports,257,LOUD,6961,3,9,4,2,0,0,LOUD,AMERICAS
85527,77495,Breeze,G2 Esports,G2 Esports,LOUD,G2 Esports,257,LOUD,6961,4,8,5,7,0,0,LOUD,AMERICAS
85533,77514,Icebox,ZETA DIVISION,ZETA DIVISION,KIWOOM DRX,KIWOOM DRX,8185,ZETA DIVISION,5448,8,4,7,5,0,0,ZETA DIVISION,AMERICAS
85533,77515,Ascent,KIWOOM DRX,ZETA DIVISION,KIWOOM DRX,KIWOOM DRX,8185,ZETA DIVISION,5448,5,7,6,5,0,0,KIWOOM DRX,AMERICAS
85533,77516,Split,Decider,ZETA DIVISION,KIWOOM DRX,KIWOOM DRX,8185,ZETA DIVISION,5448,10,2,2,3,0,0,ZETA DIVISION,AMERICAS
85534,77517,Split,Paper Rex,G2 Esports,Paper Rex,G2 Esports,257,Paper Rex,624,9,3,10,1,0,0,Paper Rex,AMERICAS
85534,77518,Bind,G2 Esports,G2 Esports,Paper Rex,G2 Esports,257,Paper Rex,624,4,8,5,3,0,0,Paper Rex,AMERICAS
85529,77500,Fracture,OpTic Gaming,LOUD,OpTic Gaming,LOUD,6961,OpTic Gaming,8127,2,10,3,0,0,0,OpTic Gaming,AMERICAS
85529,77501,Ascent,LOUD,OpTic Gaming,LOUD,LOUD,6961,OpTic Gaming,8127,7,5,8,1,0,0,LOUD,AMERICAS
85529,77502,Icebox,Decider,OpTic Gaming,LOUD,LOUD,6961,OpTic Gaming,8127,5,7,6,6,0,0,LOUD,AMERICAS
85535,77520,Icebox,ZETA DIVISION,ZETA DIVISION,Paper Rex,ZETA DIVISION,5448,Paper Rex,624,4,8,5,2,0,0,Paper Rex,AMERICAS
85535,77521,Haven,Paper Rex,ZETA DIVISION,Paper Rex,ZETA DIVISION,5448,Paper Rex,624,10,2,0,3,0,0,ZETA DIVISION,AMERICAS
85535,77522,Split,Decider,ZETA DIVISION,Paper Rex,ZETA DIVISION,5448,Paper Rex,624,6,6,4,7,0,0,ZETA DIVISION,AMERICAS
85536,77523,Haven,OpTic Gaming,OpTic Gaming,ZETA DIVISION,OpTic Gaming,8127,ZETA DIVISION,5448,5,7,5,7,3,1,OpTic Gaming,AMERICAS
85536,77524,Fracture,ZETA DIVISION,OpTic Gaming,ZETA DIVISION,OpTic Gaming,8127,ZETA DIVISION,5448,7,5,0,6,0,0,OpTic Gaming,AMERICAS
85536,77525,Bind,OpTic Gaming,ZETA DIVISION,OpTic Gaming,OpTic Gaming,8127,ZETA DIVISION,5448,4,8,5,4,0,0,OpTic Gaming,AMERICAS
85530,77503,Ascent,LOUD,OpTic Gaming,LOUD,LOUD,6961,OpTic Gaming,8127,10,2,7,3,0,0,OpTic Gaming,AMERICAS
85530,77504,Bind,OpTic Gaming,OpTic Gaming,LOUD,LOUD,6961,OpTic Gaming,8127,8,4,8,4,2,0,OpTic Gaming,AMERICAS
85530,77505,Breeze,LOUD,LOUD,OpTic Gaming,LOUD,6961,OpTic Gaming,8127,4,8,4,8,1,3,OpTic Gaming,AMERICAS
83444,76257,Split,Decider,Sector One,Rebels Gaming,Rebels Gaming,6750,Sector One,7963,4,8,5,2,0,0,Rebels Gaming,AMERICAS
83444,76258,Bind,Decider,Rebels Gaming,Sector One,Rebels Gaming,6750,Sector One,7963,6,6,1,7,0,0,Rebels Gaming,AMERICAS
83449,76272,Fracture,Decider,Anonymo Esports,FOKUS,FOKUS,6882,Anonymo Esports,5441,6,6,7,1,0,0,FOKUS,AMERICAS
83449,76273,Bind,Decider,FOKUS,Anonymo Esports,FOKUS,6882,Anonymo Esports,5441,5,7,6,1,0,0,Anonymo Esports,AMERICAS
83449,76274,Breeze,Decider,Anonymo Esports,FOKUS,FOKUS,6882,Anonymo Esports,5441,8,4,9,2,0,0,FOKUS,AMERICAS
83445,76260,Ascent,Decider,EXCEL,Surreal Esports,Surreal Esports,4696,EXCEL,3525,5,7,5,7,0,2,Surreal Esports,AMERICAS
83445,76261,Haven,Decider,EXCEL,Surreal Esports,Surreal Esports,4696,EXCEL,3525,7,5,8,4,0,0,Surreal Esports,AMERICAS
83450,76275,Bind,Decider,FOKUS,Team Falcons,Team Falcons,7969,FOKUS,6882,10,2,1,3,0,0,FOKUS,AMERICAS
83450,76276,Ascent,Decider,Team Falcons,FOKUS,Team Falcons,7969,FOKUS,6882,2,10,3,0,0,0,FOKUS,AMERICAS
83447,76266,Split,Decider,Sector One,EXCEL,Sector One,7963,EXCEL,3525,6,6,6,6,1,3,EXCEL,AMERICAS
83447,76267,Haven,Decider,EXCEL,Sector One,Sector One,7963,EXCEL,3525,5,7,2,8,0,0,EXCEL,AMERICAS
83446,76263,Icebox,Decider,Rebels Gaming,Surreal Esports,Rebels Gaming,6750,Surreal Esports,4696,10,2,0,3,0,0,Rebels Gaming,AMERICAS
83446,76264,Ascent,Decider,Surreal Esports,Rebels Gaming,Rebels Gaming,6750,Surreal Esports,4696,7,5,8,2,0,0,Rebels Gaming,AMERICAS
83451,76278,Bind,Decider,Team Falcons,Anonymo Esports,Team Falcons,7969,Anonymo Esports,5441,7,5,8,1,0,0,Anonymo Esports,AMERICAS
83451,76279,Split,Decider,Anonymo Esports,Team Falcons,Team Falcons,7969,Anonymo Esports,5441,8,4,9,2,0,0,Team Falcons,AMERICAS
83451,76280,Breeze,Decider,Anonymo Esports,Team Falcons,Team Falcons,7969,Anonymo Esports,5441,9,3,3,4,0,0,Anonymo Esports,AMERICAS
83448,76269,Haven,Decider,EXCEL,Surreal Esports,Surreal Esports,4696,EXCEL,3525,5,7,6,6,0,0,Surreal Esports,AMERICAS
83448,76270,Breeze,Decider,EXCEL,Surreal Esports,Surreal Esports,4696,EXCEL,3525,8,4,8,4,6,4,EXCEL,AMERICAS
83448,76271,Icebox,Decider,EXCEL,Surreal Esports,Surreal Esports,4696,EXCEL,3525,4,8,4,8,5,7,Surreal Esports,AMERICAS
83520,76326,Split,Decider,Team Falcons,Anonymo Esports,Anonymo Esports,5441,Team Falcons,7969,9,3,9,3,2,4,Anonymo Esports,AMERICAS
83520,76327,Bind,Decider,Team Falcons,Anonymo Esports,Anonymo Esports,5441,Team Falcons,7969,8,4,8,4,0,2,Anonymo Esports,AMERICAS
84504,77104,Split,Rebels Gaming,Anonymo Esports,Rebels Gaming,Rebels Gaming,6750,Anonymo Esports,5441,8,4,4,5,0,0,Anonymo Esports,AMERICAS
84504,77105,Breeze,Anonymo Esports,Rebels Gaming,Anonymo Esports,Rebels Gaming,6750,Anonymo Esports,5441,3,9,4,1,0,0,Anonymo Esports,AMERICAS
84505,77107,Bind,Surreal Esports,FOKUS,Surreal Esports,FOKUS,6882,Surreal Esports,4696,7,5,3,6,0,0,FOKUS,AMERICAS
84505,77108,Icebox,FOKUS,Surreal Esports,FOKUS,FOKUS,6882,Surreal Esports,4696,6,6,0,7,0,0,Surreal Esports,AMERICAS
84505,77109,Breeze,Decider,Surreal Esports,FOKUS,FOKUS,6882,Surreal Esports,4696,4,8,5,5,0,0,FOKUS,AMERICAS
84506,77110,Bind,BIG,Anonymo Esports,BIG,BIG,472,Anonymo Esports,5441,5,7,6,2,0,0,BIG,AMERICAS
84506,77111,Breeze,Anonymo Esports,BIG,Anonymo Esports,BIG,472,Anonymo Esports,5441,10,2,8,3,0,0,BIG,AMERICAS
84507,77113,TBD,Decider,,,Papara SuperMassive,4567,FOKUS,6882,0,0,0,0,0,0,Draw,AMERICAS
84507,77114,Haven,Decider,FOKUS,Papara SuperMassive,Papara SuperMassive,4567,FOKUS,6882,7,5,1,6,0,0,FOKUS,AMERICAS
84509,77119,Icebox,Decider,Papara SuperMassive,Rebels Gaming,Papara SuperMassive,4567,Rebels Gaming,6750,2,10,3,2,0,0,Rebels Gaming,AMERICAS
84509,77120,Haven,Decider,Rebels Gaming,Papara SuperMassive,Papara SuperMassive,4567,Rebels Gaming,6750,7,5,3,6,0,0,Rebels Gaming,AMERICAS
84510,77122,Breeze,Anonymo Esports,Surreal Esports,Anonymo Esports,Anonymo Esports,5441,Surreal Esports,4696,4,8,4,8,0,2,Anonymo Esports,AMERICAS
84510,77123,Icebox,Surreal Esports,Anonymo Esports,Surreal Esports,Anonymo Esports,5441,Surreal Esports,4696,5,7,6,4,0,0,Surreal Esports,AMERICAS
84510,77124,Haven,Decider,Anonymo Esports,Surreal Esports,Anonymo Esports,5441,Surreal Esports,4696,3,9,4,8,0,0,Surreal Esports,AMERICAS
84508,77116,Bind,BIG,FOKUS,BIG,BIG,472,FOKUS,6882,8,4,1,5,0,0,FOKUS,AMERICAS
84508,77117,Fracture,FOKUS,BIG,FOKUS,BIG,472,FOKUS,6882,4,8,5,5,0,0,FOKUS,AMERICAS
84511,77125,Icebox,Rebels Gaming,Surreal Esports,Rebels Gaming,Rebels Gaming,6750,Surreal Esports,4696,5,7,6,4,0,0,Rebels Gaming,AMERICAS
84511,77126,Haven,Surreal Esports,Rebels Gaming,Surreal Esports,Rebels Gaming,6750,Surreal Esports,4696,7,5,7,5,8,10,Surreal Esports,AMERICAS
84511,77127,Ascent,Decider,Rebels Gaming,Surreal Esports,Rebels Gaming,6750,Surreal Esports,4696,4,8,5,2,0,0,Surreal Esports,AMERICAS
84512,77128,Bind,BIG,Surreal Esports,BIG,BIG,472,Surreal Esports,4696,6,6,7,4,0,0,BIG,AMERICAS
84512,77129,Icebox,Surreal Esports,BIG,Surreal Esports,BIG,472,Surreal Esports,4696,10,2,7,3,0,0,BIG,AMERICAS
84512,77130,Fracture,BIG,Surreal Esports,BIG,BIG,472,Surreal Esports,4696,4,8,5,6,0,0,BIG,AMERICAS
68989,70177,Icebox,Gambit Esports,Team Liquid,Gambit Esports,Team Liquid,474,Gambit Esports,682,3,9,4,6,0,0,Gambit Esports,AMERICAS
68989,70178,Breeze,Team Liquid,Team Liquid,Gambit Esports,Team Liquid,474,Gambit Esports,682,7,5,8,1,0,0,Gambit Esports,AMERICAS
68990,70180,Icebox,FNATIC,G2 Esports,FNATIC,G2 Esports,257,FNATIC,2593,7,5,8,1,0,0,FNATIC,AMERICAS
68990,70181,Ascent,G2 Esports,FNATIC,G2 Esports,G2 Esports,257,FNATIC,2593,9,3,10,2,0,0,G2 Esports,AMERICAS
68990,70182,Split,Decider,FNATIC,G2 Esports,G2 Esports,257,FNATIC,2593,6,6,2,7,0,0,FNATIC,AMERICAS
68991,70183,Split,Decider,BIG,FunPlus Phoenix,FunPlus Phoenix,628,BIG,472,7,5,8,4,0,0,FunPlus Phoenix,AMERICAS
68991,70184,Haven,FunPlus Phoenix,BIG,FunPlus Phoenix,FunPlus Phoenix,628,BIG,472,5,7,6,3,0,0,FunPlus Phoenix,AMERICAS
68991,70185,Bind,BIG,FunPlus Phoenix,BIG,FunPlus Phoenix,628,BIG,472,4,8,5,3,0,0,BIG,AMERICAS
68992,70186,Ascent,Papara SuperMassive,Acend,Papara SuperMassive,Papara SuperMassive,4567,Acend,3531,4,8,4,8,2,0,Acend,AMERICAS
68992,70187,Bind,Acend,Papara SuperMassive,Acend,Papara SuperMassive,4567,Acend,3531,4,8,5,0,0,0,Acend,AMERICAS
68993,70189,Ascent,Natus Vincere,LDN UTD,Natus Vincere,Natus Vincere,4915,LDN UTD,6460,1,11,2,6,0,0,Natus Vincere,AMERICAS
68993,70190,Haven,LDN UTD,Natus Vincere,LDN UTD,Natus Vincere,4915,LDN UTD,6460,4,8,1,9,0,0,Natus Vincere,AMERICAS
68994,70192,Breeze,Guild Esports,BBL Esports,Guild Esports,BBL Esports,397,Guild Esports,1209,3,9,4,3,0,0,Guild Esports,AMERICAS
68994,70193,Haven,BBL Esports,Guild Esports,BBL Esports,BBL Esports,397,Guild Esports,1209,7,5,4,6,0,0,Guild Esports,AMERICAS
68995,70195,Fracture,Gambit Esports,Gambit Esports,FunPlus Phoenix,FunPlus Phoenix,628,Gambit Esports,682,3,9,3,9,3,5,FunPlus Phoenix,AMERICAS
68995,70196,Bind,FunPlus Phoenix,Gambit Esports,FunPlus Phoenix,FunPlus Phoenix,628,Gambit Esports,682,10,2,4,3,0,0,Gambit Esports,AMERICAS
68995,70197,Icebox,Decider,FunPlus Phoenix,Gambit Esports,FunPlus Phoenix,628,Gambit Esports,682,8,4,8,4,2,0,FunPlus Phoenix,AMERICAS
68996,70198,Split,Acend,Guild Esports,Acend,Guild Esports,1209,Acend,3531,9,3,10,2,0,0,Acend,AMERICAS
68996,70199,Breeze,Guild Esports,Guild Esports,Acend,Guild Esports,1209,Acend,3531,8,4,5,5,0,0,Guild Esports,AMERICAS
68996,70200,Fracture,Decider,Guild Esports,Acend,Guild Esports,1209,Acend,3531,9,3,1,4,0,0,Guild Esports,AMERICAS
68997,70201,Haven,LDN UTD,BIG,LDN UTD,LDN UTD,6460,BIG,472,3,9,4,1,0,0,LDN UTD,AMERICAS
68997,70202,Split,BIG,LDN UTD,BIG,LDN UTD,6460,BIG,472,8,4,9,2,0,0,BIG,AMERICAS
68997,70203,Breeze,Decider,LDN UTD,BIG,LDN UTD,6460,BIG,472,8,4,0,5,0,0,LDN UTD,AMERICAS
68998,70204,Icebox,FNATIC,FNATIC,BBL Esports,BBL Esports,397,FNATIC,2593,9,3,3,4,0,0,FNATIC,AMERICAS
68998,70205,Ascent,BBL Esports,FNATIC,BBL Esports,BBL Esports,397,FNATIC,2593,6,6,4,7,0,0,FNATIC,AMERICAS
68999,70207,Split,G2 Esports,Papara SuperMassive,G2 Esports,G2 Esports,257,Papara SuperMassive,4567,8,4,9,1,0,0,G2 Esports,AMERICAS
68999,70208,Haven,Papara SuperMassive,G2 Esports,Papara SuperMassive,G2 Esports,257,Papara SuperMassive,4567,5,7,3,8,0,0,G2 Esports,AMERICAS
69000,70210,Haven,Natus Vincere,Team Liquid,Natus Vincere,Natus Vincere,4915,Team Liquid,474,7,5,4,6,0,0,Team Liquid,AMERICAS
69000,70211,Bind,Team Liquid,Natus Vincere,Team Liquid,Natus Vincere,4915,Team Liquid,474,5,7,3,8,0,0,Natus Vincere,AMERICAS
69000,70212,Split,Decider,Natus Vincere,Team Liquid,Natus Vincere,4915,Team Liquid,474,4,8,5,6,0,0,Team Liquid,AMERICAS
69007,70231,Split,BBL Esports,Papara SuperMassive,BBL Esports,BBL Esports,397,Papara SuperMassive,4567,3,9,4,4,0,0,BBL Esports,AMERICAS
69007,70232,Icebox,Papara SuperMassive,BBL Esports,Papara SuperMassive,BBL Esports,397,Papara SuperMassive,4567,5,7,3,8,0,0,BBL Esports,AMERICAS
69010,70240,Bind,Acend,G2 Esports,Acend,G2 Esports,257,Acend,3531,8,4,3,5,0,0,G2 Esports,AMERICAS
69010,70241,Ascent,G2 Esports,Acend,G2 Esports,G2 Esports,257,Acend,3531,5,7,2,8,0,0,Acend,AMERICAS
69010,70242,Split,Decider,Acend,G2 Esports,G2 Esports,257,Acend,3531,8,4,1,5,0,0,Acend,AMERICAS
69008,70234,Haven,LDN UTD,Team Liquid,LDN UTD,LDN UTD,6460,Team Liquid,474,7,5,3,6,0,0,Team Liquid,AMERICAS
69008,70235,Split,Team Liquid,LDN UTD,Team Liquid,LDN UTD,6460,Team Liquid,474,7,5,8,3,0,0,Team Liquid,AMERICAS
69018,70264,Icebox,FNATIC,Papara SuperMassive,FNATIC,Papara SuperMassive,4567,FNATIC,2593,5,7,6,4,0,0,FNATIC,AMERICAS
69018,70265,Ascent,Papara SuperMassive,FNATIC,Papara SuperMassive,Papara SuperMassive,4567,FNATIC,2593,9,3,1,4,0,0,FNATIC,AMERICAS
69004,70222,Icebox,G2 Esports,BBL Esports,G2 Esports,G2 Esports,257,BBL Esports,397,5,7,6,2,0,0,G2 Esports,AMERICAS
69004,70223,Split,BBL Esports,G2 Esports,BBL Esports,G2 Esports,257,BBL Esports,397,9,3,0,4,0,0,G2 Esports,AMERICAS
69001,70213,Haven,Papara SuperMassive,Guild Esports,Papara SuperMassive,Guild Esports,1209,Papara SuperMassive,4567,5,7,6,5,0,0,Papara SuperMassive,AMERICAS
69001,70214,Breeze,Guild Esports,Papara SuperMassive,Guild Esports,Guild Esports,1209,Papara SuperMassive,4567,1,11,2,0,0,0,Guild Esports,AMERICAS
69001,70215,Icebox,Decider,Papara SuperMassive,Guild Esports,Guild Esports,1209,Papara SuperMassive,4567,8,4,8,4,5,7,Guild Esports,AMERICAS
69015,70255,Ascent,Team Liquid,FunPlus Phoenix,Team Liquid,FunPlus Phoenix,628,Team Liquid,474,10,2,4,3,0,0,FunPlus Phoenix,AMERICAS
69015,70256,Haven,FunPlus Phoenix,Team Liquid,FunPlus Phoenix,FunPlus Phoenix,628,Team Liquid,474,2,10,3,5,0,0,FunPlus Phoenix,AMERICAS
69002,70216,Haven,FNATIC,FNATIC,Acend,Acend,3531,FNATIC,2593,10,2,2,3,0,0,FNATIC,AMERICAS
69002,70217,Ascent,Acend,FNATIC,Acend,Acend,3531,FNATIC,2593,6,6,4,7,0,0,FNATIC,AMERICAS
69017,70261,Icebox,Natus Vincere,BIG,Natus Vincere,Natus Vincere,4915,BIG,472,8,4,2,5,0,0,BIG,AMERICAS
69017,70262,Bind,BIG,Natus Vincere,BIG,Natus Vincere,4915,BIG,472,5,7,5,7,6,4,Natus Vincere,AMERICAS
69017,70263,Ascent,Decider,Natus Vincere,BIG,Natus Vincere,4915,BIG,472,9,3,7,4,0,0,Natus Vincere,AMERICAS
69003,70219,Haven,LDN UTD,LDN UTD,FunPlus Phoenix,LDN UTD,6460,FunPlus Phoenix,628,8,4,6,5,0,0,LDN UTD,AMERICAS
69003,70220,Fracture,FunPlus Phoenix,LDN UTD,FunPlus Phoenix,LDN UTD,6460,FunPlus Phoenix,628,3,9,4,2,0,0,FunPlus Phoenix,AMERICAS
69003,70221,Ascent,Decider,LDN UTD,FunPlus Phoenix,LDN UTD,6460,FunPlus Phoenix,628,5,7,3,8,0,0,LDN UTD,AMERICAS
69014,70252,Bind,Guild Esports,G2 Esports,Guild Esports,G2 Esports,257,Guild Esports,1209,6,6,3,7,0,0,G2 Esports,AMERICAS
69014,70253,Icebox,G2 Esports,Guild Esports,G2 Esports,G2 Esports,257,Guild Esports,1209,3,9,4,4,0,0,G2 Esports,AMERICAS
69006,70228,Bind,BIG,BIG,Team Liquid,BIG,472,Team Liquid,474,3,9,3,9,0,2,Team Liquid,AMERICAS
69006,70229,Split,Team Liquid,BIG,Team Liquid,BIG,472,Team Liquid,474,5,7,6,1,0,0,Team Liquid,AMERICAS
69016,70258,Haven,BBL Esports,Acend,BBL Esports,BBL Esports,397,Acend,3531,4,8,5,2,0,0,BBL Esports,AMERICAS
69016,70259,Split,Acend,BBL Esports,Acend,BBL Esports,397,Acend,3531,3,9,4,8,0,0,Acend,AMERICAS
69016,70260,Ascent,Decider,BBL Esports,Acend,BBL Esports,397,Acend,3531,7,5,1,6,0,0,BBL Esports,AMERICAS
69005,70225,Ascent,Natus Vincere,M3 Champions,Natus Vincere,Natus Vincere,4915,M3 Champions,8326,9,3,2,4,0,0,M3 Champions,AMERICAS
69005,70226,Breeze,M3 Champions,Natus Vincere,M3 Champions,Natus Vincere,4915,M3 Champions,8326,8,4,9,1,0,0,M3 Champions,AMERICAS
69012,70246,Haven,FNATIC,Guild Esports,FNATIC,Guild Esports,1209,FNATIC,2593,7,5,0,6,0,0,Guild Esports,AMERICAS
69012,70247,Bind,Guild Esports,FNATIC,Guild Esports,Guild Esports,1209,FNATIC,2593,7,5,0,6,0,0,FNATIC,AMERICAS
69012,70248,Split,Decider,FNATIC,Guild Esports,Guild Esports,1209,FNATIC,2593,7,5,0,6,0,0,FNATIC,AMERICAS
69011,70243,Split,BIG,M3 Champions,BIG,BIG,472,M3 Champions,8326,11,1,3,2,0,0,M3 Champions,AMERICAS
69011,70244,Breeze,M3 Champions,BIG,M3 Champions,BIG,472,M3 Champions,8326,3,9,4,5,0,0,M3 Champions,AMERICAS
69009,70237,Ascent,Natus Vincere,FunPlus Phoenix,Natus Vincere,Natus Vincere,4915,FunPlus Phoenix,628,4,8,5,7,0,0,Natus Vincere,AMERICAS
69009,70238,Breeze,FunPlus Phoenix,Natus Vincere,FunPlus Phoenix,Natus Vincere,4915,FunPlus Phoenix,628,2,10,3,4,0,0,FunPlus Phoenix,AMERICAS
69009,70239,Icebox,Decider,Natus Vincere,FunPlus Phoenix,Natus Vincere,4915,FunPlus Phoenix,628,6,6,7,5,0,0,FunPlus Phoenix,AMERICAS
69013,70249,Ascent,LDN UTD,M3 Champions,LDN UTD,M3 Champions,8326,LDN UTD,6460,9,3,2,4,0,0,M3 Champions,AMERICAS
69013,70250,Breeze,M3 Champions,LDN UTD,M3 Champions,M3 Champions,8326,LDN UTD,6460,1,11,2,0,0,0,M3 Champions,AMERICAS
79073,75793,Fracture,Guild Esports,M3 Champions,Guild Esports,M3 Champions,8326,Guild Esports,1209,4,8,3,9,0,0,M3 Champions,AMERICAS
79073,75813,Bind,M3 Champions,Guild Esports,M3 Champions,M3 Champions,8326,Guild Esports,1209,4,8,5,2,0,0,M3 Champions,AMERICAS
79074,75794,Split,Team Liquid,G2 Esports,Team Liquid,G2 Esports,257,Team Liquid,474,7,5,8,2,0,0,Team Liquid,AMERICAS
79074,75811,Icebox,G2 Esports,Team Liquid,G2 Esports,G2 Esports,257,Team Liquid,474,8,4,8,4,1,3,G2 Esports,AMERICAS
79074,75812,Haven,Decider,G2 Esports,Team Liquid,G2 Esports,257,Team Liquid,474,6,6,7,2,0,0,Team Liquid,AMERICAS
79075,75795,Fracture,FNATIC,FNATIC,M3 Champions,FNATIC,2593,M3 Champions,8326,7,5,6,6,0,0,FNATIC,AMERICAS
79075,75815,Bind,M3 Champions,M3 Champions,FNATIC,FNATIC,2593,M3 Champions,8326,7,5,3,6,0,0,M3 Champions,AMERICAS
79075,75816,Split,Decider,FNATIC,M3 Champions,FNATIC,2593,M3 Champions,8326,9,3,9,3,11,9,FNATIC,AMERICAS
79076,75796,Split,Team Liquid,FunPlus Phoenix,Team Liquid,FunPlus Phoenix,628,Team Liquid,474,5,7,3,8,0,0,FunPlus Phoenix,AMERICAS
79076,75817,Haven,FunPlus Phoenix,FunPlus Phoenix,Team Liquid,FunPlus Phoenix,628,Team Liquid,474,7,5,4,6,0,0,FunPlus Phoenix,AMERICAS
79080,75804,Icebox,G2 Esports,M3 Champions,G2 Esports,M3 Champions,8326,G2 Esports,257,5,7,6,3,0,0,G2 Esports,AMERICAS
79080,75821,Bind,M3 Champions,G2 Esports,M3 Champions,M3 Champions,8326,G2 Esports,257,6,6,4,7,0,0,G2 Esports,AMERICAS
79079,75803,Breeze,Guild Esports,Team Liquid,Guild Esports,Team Liquid,474,Guild Esports,1209,8,4,7,5,0,0,Team Liquid,AMERICAS
79079,75819,Ascent,Team Liquid,Guild Esports,Team Liquid,Team Liquid,474,Guild Esports,1209,4,8,5,4,0,0,Team Liquid,AMERICAS
79077,75797,Split,FNATIC,FunPlus Phoenix,FNATIC,FNATIC,2593,FunPlus Phoenix,628,12,0,0,1,0,0,FunPlus Phoenix,AMERICAS
79077,76131,Haven,FunPlus Phoenix,FNATIC,FunPlus Phoenix,FNATIC,2593,FunPlus Phoenix,628,3,9,4,7,0,0,FunPlus Phoenix,AMERICAS
79081,75805,Icebox,G2 Esports,Team Liquid,G2 Esports,Team Liquid,474,G2 Esports,257,3,9,4,1,0,0,G2 Esports,AMERICAS
79081,75823,Split,Team Liquid,G2 Esports,Team Liquid,Team Liquid,474,G2 Esports,257,8,4,0,5,0,0,G2 Esports,AMERICAS
79082,75806,Breeze,G2 Esports,FNATIC,G2 Esports,FNATIC,2593,G2 Esports,257,6,6,7,3,0,0,G2 Esports,AMERICAS
79082,75807,Icebox,FNATIC,G2 Esports,FNATIC,FNATIC,2593,G2 Esports,257,10,2,0,3,0,0,G2 Esports,AMERICAS
79082,75808,Ascent,G2 Esports,FNATIC,G2 Esports,FNATIC,2593,G2 Esports,257,4,8,5,6,0,0,G2 Esports,AMERICAS
79078,75798,Icebox,G2 Esports,FunPlus Phoenix,G2 Esports,FunPlus Phoenix,628,G2 Esports,257,8,4,2,5,0,0,FunPlus Phoenix,AMERICAS
79078,75799,Breeze,FunPlus Phoenix,G2 Esports,FunPlus Phoenix,FunPlus Phoenix,628,G2 Esports,257,7,5,3,6,0,0,G2 Esports,AMERICAS
79078,75800,Ascent,G2 Esports,FunPlus Phoenix,G2 Esports,FunPlus Phoenix,628,G2 Esports,257,7,5,2,6,0,0,FunPlus Phoenix,AMERICAS
79078,75801,Split,FunPlus Phoenix,G2 Esports,FunPlus Phoenix,FunPlus Phoenix,628,G2 Esports,257,8,4,8,4,2,4,FunPlus Phoenix,AMERICAS
64442,64151,Ascent,Decider,Team BDS,MIX,Team BDS,3908,MIX,7402,11,1,0,2,0,0,Team BDS,AMERICAS
64442,64152,Haven,Decider,Team BDS,MIX,Team BDS,3908,MIX,7402,12,0,0,1,0,0,Team BDS,AMERICAS
64443,64154,Icebox,Decider,who cars?,Mercury,who cars?,7403,Mercury,7188,8,4,2,5,0,0,who cars?,AMERICAS
64443,64155,Ascent,Decider,who cars?,Mercury,who cars?,7403,Mercury,7188,7,5,7,5,6,4,who cars?,AMERICAS
64444,64157,Icebox,Decider,Overpowered Esports,YMCA Esports,YMCA Esports,7404,Overpowered Esports,7094,4,8,0,9,0,0,Overpowered Esports,AMERICAS
64444,64158,Ascent,Decider,YMCA Esports,Overpowered Esports,YMCA Esports,7404,Overpowered Esports,7094,7,5,4,6,0,0,YMCA Esports,AMERICAS
64444,64159,Bind,Decider,YMCA Esports,Overpowered Esports,YMCA Esports,7404,Overpowered Esports,7094,9,3,0,4,0,0,YMCA Esports,AMERICAS
64445,64160,Bind,Decider,Macbernick,MAZE Esports,MAZE Esports,7405,Macbernick,7406,10,2,3,3,0,0,Macbernick,AMERICAS
64445,64161,Fracture,Decider,MAZE Esports,Macbernick,MAZE Esports,7405,Macbernick,7406,2,10,3,4,0,0,Macbernick,AMERICAS
64447,64166,Bind,Decider,Good Morning,Motif Esports,Motif Esports,6527,Good Morning,7174,9,3,5,4,0,0,Good Morning,AMERICAS
64447,64167,Split,Decider,Motif Esports,Good Morning,Motif Esports,6527,Good Morning,7174,5,7,6,5,0,0,Good Morning,AMERICAS
64448,64169,Icebox,Decider,Ovation eSports,Mkers,Ovation eSports,4173,Mkers,7226,7,5,7,5,2,0,Ovation eSports,AMERICAS
64448,64170,Breeze,Decider,Ovation eSports,Mkers,Ovation eSports,4173,Mkers,7226,10,2,0,3,0,0,Ovation eSports,AMERICAS
64449,64172,Split,Decider,BulletProof,Abstruse,BulletProof,7408,Abstruse,7409,4,8,5,3,0,0,Abstruse,AMERICAS
64449,64173,Ascent,Decider,Abstruse,BulletProof,BulletProof,7408,Abstruse,7409,11,1,5,2,0,0,Abstruse,AMERICAS
64450,64175,Ascent,Decider,19esports,Megastitut,19esports,6139,Megastitut,686,6,6,7,3,0,0,Megastitut,AMERICAS
64450,64176,Haven,Decider,Megastitut,19esports,19esports,6139,Megastitut,686,6,6,7,2,0,0,19esports,AMERICAS
64450,64177,Fracture,Decider,Megastitut,19esports,19esports,6139,Megastitut,686,7,5,8,2,0,0,19esports,AMERICAS
64451,64178,Ascent,Decider,JinxIt,Capybaras,Capybaras,7085,JinxIt,7414,5,7,5,7,3,1,JinxIt,AMERICAS
64451,64179,Icebox,Decider,JinxIt,Capybaras,Capybaras,7085,JinxIt,7414,4,8,5,1,0,0,Capybaras,AMERICAS
64451,64180,Haven,Decider,Capybaras,JinxIt,Capybaras,7085,JinxIt,7414,9,3,4,4,0,0,Capybaras,AMERICAS
64453,64184,Haven,Decider,Whisper,Amazing,Amazing,5126,Whisper,7417,8,4,8,4,2,0,Whisper,AMERICAS
64453,64185,Bind,Decider,Amazing,Whisper,Amazing,5126,Whisper,7417,11,1,3,2,0,0,Amazing,AMERICAS
64453,64186,Ascent,Decider,Amazing,Whisper,Amazing,5126,Whisper,7417,8,4,4,5,0,0,Amazing,AMERICAS
64454,64187,Bind,Decider,Rix.GG Thunder,Movistar Riders,Rix.GG Thunder,2373,Movistar Riders,2499,1,11,2,4,0,0,Movistar Riders,AMERICAS
64454,64188,Ascent,Decider,Rix.GG Thunder,Movistar Riders,Rix.GG Thunder,2373,Movistar Riders,2499,9,3,3,4,0,0,Rix.GG Thunder,AMERICAS
64454,64189,Split,Decider,Rix.GG Thunder,Movistar Riders,Rix.GG Thunder,2373,Movistar Riders,2499,5,7,1,8,0,0,Rix.GG Thunder,AMERICAS
64455,64190,Icebox,Decider,EzLoot,Purple Team,Purple Team,6536,EzLoot,7418,6,6,7,4,0,0,Purple Team,AMERICAS
64455,64191,Haven,Decider,EzLoot,Purple Team,Purple Team,6536,EzLoot,7418,2,10,3,0,0,0,Purple Team,AMERICAS
64456,64193,Ascent,Decider,Silent Fraggers,HorYjin,Silent Fraggers,7419,HorYjin,5140,9,3,5,4,0,0,Silent Fraggers,AMERICAS
64456,64194,Bind,Decider,Silent Fraggers,HorYjin,Silent Fraggers,7419,HorYjin,5140,7,5,8,3,0,0,HorYjin,AMERICAS
64456,64195,Haven,Decider,HorYjin,Silent Fraggers,Silent Fraggers,7419,HorYjin,5140,0,12,1,2,0,0,Silent Fraggers,AMERICAS
64457,64196,Split,Decider,325 on the dashboard,EX0TIK GAMING,EX0TIK GAMING,7105,325 on the dashboard,7420,6,6,7,0,0,0,EX0TIK GAMING,AMERICAS
64457,64197,Icebox,Decider,325 on the dashboard,EX0TIK GAMING,EX0TIK GAMING,7105,325 on the dashboard,7420,5,7,6,4,0,0,EX0TIK GAMING,AMERICAS
64458,64199,Bind,Decider,Straight Outta Retirement,Team Three,Straight Outta Retirement,6875,Team Three,7421,5,7,5,7,2,0,Straight Outta Retirement,AMERICAS
64458,64200,Breeze,Decider,Straight Outta Retirement,Team Three,Straight Outta Retirement,6875,Team Three,7421,7,5,4,6,0,0,Straight Outta Retirement,AMERICAS
64459,64202,Ascent,Decider,404 Multigaming,ROYALS,ROYALS,7422,404 Multigaming,5082,7,5,8,4,0,0,ROYALS,AMERICAS
64459,64203,Bind,Decider,ROYALS,404 Multigaming,ROYALS,7422,404 Multigaming,5082,11,1,0,2,0,0,ROYALS,AMERICAS
64461,64208,Icebox,Decider,Valorando,Team Name,Team Name,7424,Valorando,42,8,4,3,5,0,0,Valorando,AMERICAS
64461,64209,Bind,Decider,Valorando,Team Name,Team Name,7424,Valorando,42,10,2,0,3,0,0,Valorando,AMERICAS
64462,64211,Icebox,Decider,Finest,Panda Express,Finest,673,Panda Express,4140,6,6,2,7,0,0,Finest,AMERICAS
64462,64212,Haven,Decider,Finest,Panda Express,Finest,673,Panda Express,4140,10,2,1,3,0,0,Finest,AMERICAS
64463,64214,Haven,Decider,H2O,MDS Factory,MDS Factory,5228,H2O,7079,9,3,4,4,0,0,H2O,AMERICAS
64463,64215,Ascent,Decider,MDS Factory,H2O,MDS Factory,5228,H2O,7079,6,6,7,2,0,0,H2O,AMERICAS
64464,64217,Icebox,Decider,Klanik Esport,Rix.GG Lightning,Rix.GG Lightning,4415,Klanik Esport,7099,7,5,4,6,0,0,Klanik Esport,AMERICAS
64464,64218,Split,Decider,Rix.GG Lightning,Klanik Esport,Rix.GG Lightning,4415,Klanik Esport,7099,7,5,8,1,0,0,Klanik Esport,AMERICAS
64466,64223,Ascent,Decider,Mighty Meerkats,Anonymo Esports,Anonymo Esports,5441,Mighty Meerkats,7428,1,11,2,0,0,0,Anonymo Esports,AMERICAS
64466,64224,Split,Decider,Anonymo Esports,Mighty Meerkats,Anonymo Esports,5441,Mighty Meerkats,7428,11,1,2,2,0,0,Anonymo Esports,AMERICAS
64467,64226,Haven,Decider,EU Reject$,Karma Clan,Karma Clan,6325,EU Reject$,7429,8,4,3,5,0,0,EU Reject$,AMERICAS
64467,64227,Bind,Decider,Karma Clan,EU Reject$,Karma Clan,6325,EU Reject$,7429,2,10,3,5,0,0,EU Reject$,AMERICAS
64468,64229,Icebox,Decider,Marvel's Avengers,Fpalix,Fpalix,5070,Marvel's Avengers,7430,6,6,7,1,0,0,Fpalix,AMERICAS
64468,64230,Ascent,Decider,Fpalix,Marvel's Avengers,Fpalix,5070,Marvel's Avengers,7430,8,4,4,5,0,0,Fpalix,AMERICAS
64469,64232,Haven,Decider,Kum Gaming,PASCHKA,PASCHKA,7431,Kum Gaming,985,8,4,6,5,0,0,Kum Gaming,AMERICAS
64469,64233,Bind,Decider,PASCHKA,Kum Gaming,PASCHKA,7431,Kum Gaming,985,9,3,2,4,0,0,PASCHKA,AMERICAS
64469,64234,Ascent,Decider,PASCHKA,Kum Gaming,PASCHKA,7431,Kum Gaming,985,9,3,1,4,0,0,PASCHKA,AMERICAS
64471,64238,Haven,Decider,Into The Breach Protocol,Vulpine Esports,Into The Breach Protocol,7170,Vulpine Esports,7433,6,6,4,7,0,0,Into The Breach Protocol,AMERICAS
64471,64239,Ascent,Decider,Into The Breach Protocol,Vulpine Esports,Into The Breach Protocol,7170,Vulpine Esports,7433,10,2,6,3,0,0,Into The Breach Protocol,AMERICAS
64472,64241,Bind,Decider,Nxiz,TBA22,TBA22,7434,Nxiz,7435,9,3,3,4,0,0,Nxiz,AMERICAS
64472,64242,Icebox,Decider,TBA22,Nxiz,TBA22,7434,Nxiz,7435,7,5,2,6,0,0,TBA22,AMERICAS
64472,64243,Breeze,Decider,Nxiz,TBA22,TBA22,7434,Nxiz,7435,0,12,1,0,0,0,TBA22,AMERICAS
64473,64244,Split,Decider,InTenZiveEU,Bifrost,Bifrost,4675,InTenZiveEU,7147,1,11,2,0,0,0,Bifrost,AMERICAS
64473,64245,Ascent,Decider,Bifrost,InTenZiveEU,Bifrost,4675,InTenZiveEU,7147,7,5,3,6,0,0,Bifrost,AMERICAS
64474,64247,Breeze,Decider,KOI,EX-Killabeez,KOI,7035,EX-Killabeez,7091,11,1,6,2,0,0,KOI,AMERICAS
64474,64248,Bind,Decider,EX-Killabeez,KOI,KOI,7035,EX-Killabeez,7091,3,9,4,1,0,0,KOI,AMERICAS
64475,64250,Split,Decider,VAMOS eSports,PSQ Rising,PSQ Rising,7095,VAMOS eSports,7216,4,8,5,6,0,0,PSQ Rising,AMERICAS
64475,64251,Ascent,Decider,VAMOS eSports,PSQ Rising,PSQ Rising,7095,VAMOS eSports,7216,10,2,0,3,0,0,VAMOS eSports,AMERICAS
64475,64252,Icebox,Decider,PSQ Rising,VAMOS eSports,PSQ Rising,7095,VAMOS eSports,7216,3,9,4,0,0,0,VAMOS eSports,AMERICAS
64476,64253,Bind,Decider,Dora Zez,Team 86,Team 86,7227,Dora Zez,7436,6,6,7,5,0,0,Team 86,AMERICAS
64476,64254,Split,Decider,Dora Zez,Team 86,Team 86,7227,Dora Zez,7436,7,5,7,5,0,2,Team 86,AMERICAS
64477,64256,Breeze,Decider,dogsafari,ALTY,dogsafari,7437,ALTY,7106,4,8,4,8,0,2,ALTY,AMERICAS
64477,64257,Split,Decider,dogsafari,ALTY,dogsafari,7437,ALTY,7106,11,1,2,2,0,0,dogsafari,AMERICAS
64477,64258,Ascent,Decider,dogsafari,ALTY,dogsafari,7437,ALTY,7106,9,3,8,4,0,0,dogsafari,AMERICAS
64478,64259,Icebox,Decider,Praeditus Gaming,need more DM,need more DM,50,Praeditus Gaming,7150,3,9,4,0,0,0,need more DM,AMERICAS
64478,64260,Haven,Decider,Praeditus Gaming,need more DM,need more DM,50,Praeditus Gaming,7150,1,11,2,2,0,0,need more DM,AMERICAS
64479,64262,Ascent,Decider,banana boys,FOXUP Esports,FOXUP Esports,7182,banana boys,7438,7,5,6,6,0,0,banana boys,AMERICAS
64479,64263,Bind,Decider,FOXUP Esports,banana boys,FOXUP Esports,7182,banana boys,7438,7,5,8,2,0,0,banana boys,AMERICAS
64480,64265,Ascent,Decider,Retired Flavour,Bald Wheelchair,Bald Wheelchair,7183,Retired Flavour,6901,10,2,2,3,0,0,Retired Flavour,AMERICAS
64480,64266,Haven,Decider,Bald Wheelchair,Retired Flavour,Bald Wheelchair,7183,Retired Flavour,6901,4,8,5,3,0,0,Retired Flavour,AMERICAS
64481,64268,Haven,Decider,Social Kingdom Target,MAJTKOMAT,MAJTKOMAT,6955,Social Kingdom Target,7439,1,11,2,0,0,0,MAJTKOMAT,AMERICAS
64481,64269,Icebox,Decider,Social Kingdom Target,MAJTKOMAT,MAJTKOMAT,6955,Social Kingdom Target,7439,3,9,4,0,0,0,MAJTKOMAT,AMERICAS
64482,64271,Haven,Decider,junummer,bref,bref,1175,junummer,4643,5,7,6,2,0,0,bref,AMERICAS
64482,64272,Breeze,Decider,bref,junummer,bref,1175,junummer,4643,6,6,1,7,0,0,bref,AMERICAS
64483,64274,Ascent,Decider,CurryGold,X9tion,X9tion,7440,CurryGold,7081,6,6,4,7,0,0,CurryGold,AMERICAS
64483,64275,Icebox,Decider,X9tion,CurryGold,X9tion,7440,CurryGold,7081,6,6,6,6,0,2,CurryGold,AMERICAS
64484,64277,Bind,Decider,Esport Generation,Hexis Exito Phoenix,Hexis Exito Phoenix,7441,Esport Generation,6597,12,0,2,1,0,0,Esport Generation,AMERICAS
64484,64278,Icebox,Decider,Hexis Exito Phoenix,Esport Generation,Hexis Exito Phoenix,7441,Esport Generation,6597,1,11,2,0,0,0,Esport Generation,AMERICAS
64485,64280,Haven,Decider,I FALLITI,Incognito,Incognito,6235,I FALLITI,7442,1,11,2,0,0,0,Incognito,AMERICAS
64485,64281,Bind,Decider,Incognito,I FALLITI,Incognito,6235,I FALLITI,7442,10,2,0,3,0,0,Incognito,AMERICAS
64487,64286,Ascent,Decider,Capacitanes,Digitroni Esports,Capacitanes,7109,Digitroni Esports,7204,9,3,1,4,0,0,Capacitanes,AMERICAS
64487,64287,Haven,Decider,Digitroni Esports,Capacitanes,Capacitanes,7109,Digitroni Esports,7204,5,7,6,0,0,0,Capacitanes,AMERICAS
64489,64292,Icebox,Decider,Team Heretics,MAYO(KVM Esports),MAYO(KVM Esports),7444,Team Heretics,1001,4,0,0,8,3,0,Team Heretics,AMERICAS
64489,64293,Bind,Decider,MAYO(KVM Esports),Team Heretics,MAYO(KVM Esports),7444,Team Heretics,1001,0,6,4,0,0,0,Team Heretics,AMERICAS
64489,64294,Ascent,Decider,MAYO(KVM Esports),Team Heretics,MAYO(KVM Esports),7444,Team Heretics,1001,0,9,4,0,0,0,Team Heretics,AMERICAS
64490,64295,Haven,Decider,CGN Esports,NEXUS,CGN Esports,5214,NEXUS,7445,8,4,2,5,0,0,CGN Esports,AMERICAS
64490,64296,Ascent,Decider,CGN Esports,NEXUS,CGN Esports,5214,NEXUS,7445,6,6,4,7,0,0,CGN Esports,AMERICAS
64491,64298,Breeze,Decider,PENTA,Static,Static,7167,PENTA,1456,11,1,0,2,0,0,PENTA,AMERICAS
64491,64299,Haven,Decider,PENTA,Static,Static,7167,PENTA,1456,11,1,2,2,0,0,PENTA,AMERICAS
64492,64301,Ascent,Decider,ADEPTS,ExtraOrdinary,ADEPTS,7178,ExtraOrdinary,3381,6,6,6,6,0,2,ExtraOrdinary,AMERICAS
64492,64302,Icebox,Decider,ExtraOrdinary,ADEPTS,ADEPTS,7178,ExtraOrdinary,3381,6,6,6,6,2,0,ExtraOrdinary,AMERICAS
64493,64304,Icebox,Decider,KovaakLegends,Polonez,KovaakLegends,7446,Polonez,7104,5,7,6,4,0,0,Polonez,AMERICAS
64493,64305,Bind,Decider,Polonez,KovaakLegends,KovaakLegends,7446,Polonez,7104,10,2,7,3,0,0,Polonez,AMERICAS
64494,64307,Icebox,Decider,Zerance,WATAHA,WATAHA,6759,Zerance,9559,3,9,4,1,0,0,WATAHA,AMERICAS
64494,64308,Haven,Decider,WATAHA,Zerance,WATAHA,6759,Zerance,9559,8,4,0,5,0,0,WATAHA,AMERICAS
64495,64310,Split,Decider,Pendragon Esports,Sicario,Pendragon Esports,6528,Sicario,7447,1,11,2,0,0,0,Sicario,AMERICAS
64495,64311,Icebox,Decider,Sicario,Pendragon Esports,Pendragon Esports,6528,Sicario,7447,7,5,2,6,0,0,Sicario,AMERICAS
64496,64313,Split,Decider,Insight Gaming,Dame Time,Insight Gaming,7448,Dame Time,3819,2,10,3,0,0,0,Dame Time,AMERICAS
64496,64314,Breeze,Decider,Dame Time,Insight Gaming,Insight Gaming,7448,Dame Time,3819,8,4,2,5,0,0,Dame Time,AMERICAS
64499,64322,Breeze,Decider,Sissi State Punks,Display Porters,Display Porters,7073,Sissi State Punks,5233,8,4,1,5,0,0,Sissi State Punks,AMERICAS
64499,64323,Fracture,Decider,Sissi State Punks,Display Porters,Display Porters,7073,Sissi State Punks,5233,10,2,0,3,0,0,Sissi State Punks,AMERICAS
64500,64325,Haven,Decider,SunnyBeach,blaendet,blaendet,7087,SunnyBeach,7015,3,9,0,10,0,0,SunnyBeach,AMERICAS
64500,64326,Ascent,Decider,blaendet,SunnyBeach,blaendet,7087,SunnyBeach,7015,4,8,5,1,0,0,SunnyBeach,AMERICAS
64501,64328,Breeze,Decider,Big Blue Charizard,Asteria Gaming,Big Blue Charizard,7171,Asteria Gaming,6175,10,2,5,3,0,0,Big Blue Charizard,AMERICAS
64501,64329,Haven,Decider,Big Blue Charizard,Asteria Gaming,Big Blue Charizard,7171,Asteria Gaming,6175,8,4,0,5,0,0,Big Blue Charizard,AMERICAS
64502,64331,Ascent,Decider,MALLUNKULTANE,GiefKalash,GiefKalash,6635,MALLUNKULTANE,7450,8,4,4,5,0,0,MALLUNKULTANE,AMERICAS
64502,64332,Breeze,Decider,GiefKalash,MALLUNKULTANE,GiefKalash,6635,MALLUNKULTANE,7450,5,7,4,8,0,0,GiefKalash,AMERICAS
64502,64333,Split,Decider,GiefKalash,MALLUNKULTANE,GiefKalash,6635,MALLUNKULTANE,7450,8,4,1,5,0,0,GiefKalash,AMERICAS
64503,64334,Icebox,Decider,DELUSIONAL 5,Orgless,DELUSIONAL 5,7068,Orgless,7451,4,8,0,9,0,0,DELUSIONAL 5,AMERICAS
64503,64335,Ascent,Decider,DELUSIONAL 5,Orgless,DELUSIONAL 5,7068,Orgless,7451,4,8,1,9,0,0,DELUSIONAL 5,AMERICAS
64504,64337,Bind,Decider,Falchion Gaming,ZERO Winrate,Falchion Gaming,7082,ZERO Winrate,7452,9,3,2,4,0,0,Falchion Gaming,AMERICAS
64504,64338,Icebox,Decider,Falchion Gaming,ZERO Winrate,Falchion Gaming,7082,ZERO Winrate,7452,11,1,6,2,0,0,Falchion Gaming,AMERICAS
64505,64340,Ascent,Decider,Torin,XYZ,Torin,7453,XYZ,7220,3,9,4,0,0,0,XYZ,AMERICAS
64505,64341,Split,Decider,XYZ,Torin,Torin,7453,XYZ,7220,9,3,1,4,0,0,XYZ,AMERICAS
64506,64343,Haven,Decider,G2 Esports,The Chug Jugs,G2 Esports,257,The Chug Jugs,7454,11,1,2,2,0,0,G2 Esports,AMERICAS
64506,64344,Ascent,Decider,The Chug Jugs,G2 Esports,G2 Esports,257,The Chug Jugs,7454,1,11,2,0,0,0,G2 Esports,AMERICAS
64507,64346,Ascent,Decider,ECHO,A MMAGICA,ECHO,7455,A MMAGICA,7456,2,10,3,0,0,0,A MMAGICA,AMERICAS
64507,64347,Split,Decider,A MMAGICA,ECHO,ECHO,7455,A MMAGICA,7456,1,11,2,0,0,0,ECHO,AMERICAS
64507,64348,Bind,Decider,A MMAGICA,ECHO,ECHO,7455,A MMAGICA,7456,9,3,4,4,0,0,A MMAGICA,AMERICAS
64510,64355,Bind,Decider,1gameandwegohome,Team Kovaaks,Team Kovaaks,7460,1gameandwegohome,7193,7,5,7,5,2,0,1gameandwegohome,AMERICAS
64510,64356,Icebox,Decider,Team Kovaaks,1gameandwegohome,Team Kovaaks,7460,1gameandwegohome,7193,4,8,5,0,0,0,1gameandwegohome,AMERICAS
64511,67261,Haven,Decider,Verendus,Shaky Aimers,Shaky Aimers,7461,Verendus,2671,6,6,1,7,0,0,Verendus,AMERICAS
64511,67262,Ascent,Decider,Shaky Aimers,Verendus,Shaky Aimers,7461,Verendus,2671,3,9,4,0,0,0,Verendus,AMERICAS
64513,64364,Ascent,Decider,Ludus Sports,Star Blaze,Star Blaze,7457,Ludus Sports,7107,4,8,3,9,0,0,Ludus Sports,AMERICAS
64513,64365,Bind,Decider,Star Blaze,Ludus Sports,Star Blaze,7457,Ludus Sports,7107,7,5,3,6,0,0,Star Blaze,AMERICAS
64513,64366,Split,Decider,Ludus Sports,Star Blaze,Star Blaze,7457,Ludus Sports,7107,2,10,2,10,1,3,Star Blaze,AMERICAS
64515,64370,Icebox,Decider,Vexed Gaming,Team Zelus,Vexed Gaming,5843,Team Zelus,7463,11,1,0,2,0,0,Vexed Gaming,AMERICAS
64515,64371,Fracture,Decider,Team Zelus,Vexed Gaming,Vexed Gaming,5843,Team Zelus,7463,3,9,4,0,0,0,Vexed Gaming,AMERICAS
64516,64373,Icebox,Decider,CONNEMARA,Descendants,Descendants,7222,CONNEMARA,7159,7,5,4,6,0,0,CONNEMARA,AMERICAS
64516,64374,Ascent,Decider,CONNEMARA,Descendants,Descendants,7222,CONNEMARA,7159,10,2,0,3,0,0,CONNEMARA,AMERICAS
64517,64376,Haven,Decider,Human Tripwires,Victoire Gaming,Human Tripwires,6400,Victoire Gaming,7115,3,9,3,9,2,0,Human Tripwires,AMERICAS
64517,64377,Split,Decider,Victoire Gaming,Human Tripwires,Human Tripwires,6400,Victoire Gaming,7115,8,4,9,1,0,0,Human Tripwires,AMERICAS
64518,64379,Ascent,Decider,Team Frosty,Anorthosis Famagusta Esports,Anorthosis Famagusta Esports,6316,Team Frosty,6156,3,9,4,6,0,0,Anorthosis Famagusta Esports,AMERICAS
64518,64380,Haven,Decider,Anorthosis Famagusta Esports,Team Frosty,Anorthosis Famagusta Esports,6316,Team Frosty,6156,8,4,0,5,0,0,Anorthosis Famagusta Esports,AMERICAS
64519,64382,Ascent,Decider,GOODFOR1,ONETAP,ONETAP,7464,GOODFOR1,6878,8,4,1,5,0,0,GOODFOR1,AMERICAS
64519,64383,Breeze,Decider,ONETAP,GOODFOR1,ONETAP,7464,GOODFOR1,6878,3,9,4,5,0,0,GOODFOR1,AMERICAS
64520,64385,Ascent,Decider,Minima,Tone,Minima,7224,Tone,7465,9,3,4,4,0,0,Minima,AMERICAS
64520,64386,Haven,Decider,Minima,Tone,Minima,7224,Tone,7465,5,7,4,8,0,0,Minima,AMERICAS
64521,64388,Icebox,Decider,Raging Warlords of Pogchampia,Kahoot,Kahoot,6758,Raging Warlords of Pogchampia,7466,3,9,4,0,0,0,Kahoot,AMERICAS
64521,64389,Fracture,Decider,Kahoot,Raging Warlords of Pogchampia,Kahoot,6758,Raging Warlords of Pogchampia,7466,10,2,4,3,0,0,Kahoot,AMERICAS
64522,64391,Icebox,Decider,LFO kings,AWARIA,AWARIA,6962,LFO kings,7467,6,6,7,2,0,0,AWARIA,AMERICAS
64522,64392,Bind,Decider,LFO kings,AWARIA,AWARIA,6962,LFO kings,7467,3,9,4,3,0,0,AWARIA,AMERICAS
64524,64397,Ascent,Decider,Orgless Olafs,Glitch Gaming eSports,Orgless Olafs,7468,Glitch Gaming eSports,7198,7,5,3,6,0,0,Orgless Olafs,AMERICAS
64524,64398,Icebox,Decider,Orgless Olafs,Glitch Gaming eSports,Orgless Olafs,7468,Glitch Gaming eSports,7198,11,1,0,2,0,0,Orgless Olafs,AMERICAS
64525,64400,Icebox,Decider,FatF,AR eSports,AR eSports,7194,FatF,7469,4,8,1,9,0,0,FatF,AMERICAS
64525,64401,Split,Decider,AR eSports,FatF,AR eSports,7194,FatF,7469,7,5,8,4,0,0,FatF,AMERICAS
64526,64403,Icebox,Decider,StunZin5,DEFEATERS,StunZin5,7133,DEFEATERS,7470,10,2,0,3,0,0,StunZin5,AMERICAS
64526,64404,Ascent,Decider,StunZin5,DEFEATERS,StunZin5,7133,DEFEATERS,7470,5,7,1,8,0,0,StunZin5,AMERICAS
64528,64409,Icebox,Decider,QUESTIONMARK,eSport Rhein Neckar,eSport Rhein Neckar,1546,QUESTIONMARK,7472,8,4,2,5,0,0,QUESTIONMARK,AMERICAS
64528,64410,Haven,Decider,QUESTIONMARK,eSport Rhein Neckar,eSport Rhein Neckar,1546,QUESTIONMARK,7472,11,1,0,2,0,0,QUESTIONMARK,AMERICAS
64529,64412,Bind,Decider,Team Radical,ELUSIVE,ELUSIVE,6096,Team Radical,7103,4,8,5,7,0,0,ELUSIVE,AMERICAS
64529,64413,Ascent,Decider,ELUSIVE,Team Radical,ELUSIVE,6096,Team Radical,7103,11,1,4,2,0,0,ELUSIVE,AMERICAS
64531,64418,Icebox,Decider,de_prodigy,We Dem Bois,We Dem Bois,7130,de_prodigy,7184,0,12,1,0,0,0,We Dem Bois,AMERICAS
64531,64419,Breeze,Decider,de_prodigy,We Dem Bois,We Dem Bois,7130,de_prodigy,7184,8,4,2,5,0,0,de_prodigy,AMERICAS
64531,64420,Ascent,Decider,We Dem Bois,de_prodigy,We Dem Bois,7130,de_prodigy,7184,5,7,5,7,3,1,We Dem Bois,AMERICAS
64532,64421,Split,Decider,szmery bajery krecenie afery,Zakelijk,Zakelijk,7473,szmery bajery krecenie afery,7474,7,5,5,6,0,0,szmery bajery krecenie afery,AMERICAS
64532,64422,Bind,Decider,Zakelijk,szmery bajery krecenie afery,Zakelijk,7473,szmery bajery krecenie afery,7474,3,9,4,2,0,0,szmery bajery krecenie afery,AMERICAS
64533,64424,Icebox,Decider,Balkan Stars,ranked enjoyers,ranked enjoyers,7475,Balkan Stars,5218,8,4,1,5,0,0,Balkan Stars,AMERICAS
64533,64425,Bind,Decider,ranked enjoyers,Balkan Stars,ranked enjoyers,7475,Balkan Stars,5218,1,11,2,2,0,0,Balkan Stars,AMERICAS
64534,64427,Haven,Decider,RedPACK,OG,OG,2965,RedPACK,7476,3,9,4,1,0,0,OG,AMERICAS
64534,64428,Ascent,Decider,RedPACK,OG,OG,2965,RedPACK,7476,6,6,7,0,0,0,OG,AMERICAS
64535,64430,Bind,Decider,Team Aurous,True Kings,True Kings,7206,Team Aurous,3064,8,4,5,5,0,0,Team Aurous,AMERICAS
64535,64431,Breeze,Decider,Team Aurous,True Kings,True Kings,7206,Team Aurous,3064,2,10,3,0,0,0,True Kings,AMERICAS
64535,64432,Icebox,Decider,Team Aurous,True Kings,True Kings,7206,Team Aurous,3064,4,8,5,0,0,0,True Kings,AMERICAS
64536,64433,Haven,Decider,Limitless,Atleta Esport,Limitless,6954,Atleta Esport,7083,10,2,1,3,0,0,Limitless,AMERICAS
64536,64434,Ascent,Decider,Atleta Esport,Limitless,Limitless,6954,Atleta Esport,7083,7,5,6,6,0,0,Atleta Esport,AMERICAS
64536,64435,Icebox,Decider,Limitless,Atleta Esport,Limitless,6954,Atleta Esport,7083,10,2,5,3,0,0,Limitless,AMERICAS
64537,64436,Icebox,Decider,The Goose House,IESR,IESR,7322,The Goose House,6141,5,7,2,8,0,0,The Goose House,AMERICAS
64537,64437,Haven,Decider,IESR,The Goose House,IESR,7322,The Goose House,6141,5,7,1,8,0,0,IESR,AMERICAS
64537,64438,Split,Decider,The Goose House,IESR,IESR,7322,The Goose House,6141,8,4,0,5,0,0,The Goose House,AMERICAS
64538,64439,Bind,Decider,LDN UTD,Team Popeller,LDN UTD,6460,Team Popeller,7478,8,4,4,5,0,0,LDN UTD,AMERICAS
64538,64440,Fracture,Decider,Team Popeller,LDN UTD,LDN UTD,6460,Team Popeller,7478,4,8,5,2,0,0,LDN UTD,AMERICAS
64539,64442,Icebox,Decider,SENTHEX,Absolute amateurs,SENTHEX,6797,Absolute amateurs,7129,6,6,6,6,0,2,Absolute amateurs,AMERICAS
64539,64443,Bind,Decider,SENTHEX,Absolute amateurs,SENTHEX,6797,Absolute amateurs,7129,6,6,0,7,0,0,SENTHEX,AMERICAS
64539,64444,Ascent,Decider,SENTHEX,Absolute amateurs,SENTHEX,6797,Absolute amateurs,7129,8,4,3,5,0,0,SENTHEX,AMERICAS
64540,64445,Haven,Decider,FAKE ESPORT,F9 Hetic,FAKE ESPORT,7479,F9 Hetic,4131,2,10,3,2,0,0,F9 Hetic,AMERICAS
64540,64446,Breeze,Decider,FAKE ESPORT,F9 Hetic,FAKE ESPORT,7479,F9 Hetic,4131,1,11,2,0,0,0,F9 Hetic,AMERICAS
64543,64454,Icebox,Decider,5 GOATS,OSK,OSK,7484,5 GOATS,7485,9,3,5,4,0,0,5 GOATS,AMERICAS
64543,64455,Split,Decider,5 GOATS,OSK,OSK,7484,5 GOATS,7485,5,7,6,5,0,0,OSK,AMERICAS
64543,64456,Ascent,Decider,5 GOATS,OSK,OSK,7484,5 GOATS,7485,8,4,4,5,0,0,5 GOATS,AMERICAS
64545,64460,Bind,Decider,Rapid Ninjas,DSYRE,DSYRE,6538,Rapid Ninjas,7211,8,4,9,1,0,0,DSYRE,AMERICAS
64545,64461,Icebox,Decider,Rapid Ninjas,DSYRE,DSYRE,6538,Rapid Ninjas,7211,1,11,2,6,0,0,DSYRE,AMERICAS
64546,64463,Bind,Decider,Avante,KOVA,KOVA,6312,Avante,7207,3,9,4,3,0,0,KOVA,AMERICAS
64546,64464,Ascent,Decider,KOVA,Avante,KOVA,6312,Avante,7207,12,0,0,1,0,0,KOVA,AMERICAS
64547,64466,Ascent,Decider,FOKUS,MCRP,MCRP,7488,FOKUS,6882,6,6,1,7,0,0,FOKUS,AMERICAS
64547,64467,Haven,Decider,MCRP,FOKUS,MCRP,7488,FOKUS,6882,4,8,5,2,0,0,FOKUS,AMERICAS
64550,64475,Icebox,Decider,iNg and Friends,MANGO,MANGO,6998,iNg and Friends,7493,3,9,4,0,0,0,MANGO,AMERICAS
64550,64476,Fracture,Decider,iNg and Friends,MANGO,MANGO,6998,iNg and Friends,7493,6,6,7,4,0,0,MANGO,AMERICAS
64551,64478,Icebox,Decider,midnightclub,Digital Athletics,midnightclub,7191,Digital Athletics,4669,5,7,4,8,0,0,midnightclub,AMERICAS
64551,64479,Bind,Decider,midnightclub,Digital Athletics,midnightclub,7191,Digital Athletics,4669,4,8,4,8,0,2,Digital Athletics,AMERICAS
64551,64480,Breeze,Decider,Digital Athletics,midnightclub,midnightclub,7191,Digital Athletics,4669,7,5,2,6,0,0,Digital Athletics,AMERICAS
64552,64481,Bind,Decider,Nevim,H$POPPER$,H$POPPER$,2639,Nevim,7494,5,7,2,8,0,0,Nevim,AMERICAS
64552,64482,Ascent,Decider,H$POPPER$,Nevim,H$POPPER$,2639,Nevim,7494,10,2,4,3,0,0,H$POPPER$,AMERICAS
64552,64483,Split,Decider,H$POPPER$,Nevim,H$POPPER$,2639,Nevim,7494,9,3,4,4,0,0,H$POPPER$,AMERICAS
64553,64484,Haven,Decider,Soldados de Lembo,m8 Esports,Soldados de Lembo,7156,m8 Esports,5725,9,3,0,4,0,0,Soldados de Lembo,AMERICAS
64553,64485,Icebox,Decider,Soldados de Lembo,m8 Esports,Soldados de Lembo,7156,m8 Esports,5725,9,3,0,4,0,0,Soldados de Lembo,AMERICAS
64554,64488,Ascent,Decider,Team Queso,Underdogs,Team Queso,4538,Underdogs,6232,11,1,1,2,0,0,Team Queso,AMERICAS
64554,65240,Breeze,Decider,Underdogs,Team Queso,Team Queso,4538,Underdogs,6232,2,10,3,0,0,0,Team Queso,AMERICAS
64556,64493,Ascent,Decider,WoofWoof,laniepodbalkonem,WoofWoof,5714,laniepodbalkonem,7498,6,6,2,7,0,0,WoofWoof,AMERICAS
64556,64494,Split,Decider,laniepodbalkonem,WoofWoof,WoofWoof,5714,laniepodbalkonem,7498,6,6,3,7,0,0,laniepodbalkonem,AMERICAS
64556,64495,Icebox,Decider,WoofWoof,laniepodbalkonem,WoofWoof,5714,laniepodbalkonem,7498,5,7,3,8,0,0,WoofWoof,AMERICAS
64557,64496,Ascent,Decider,Cyber Esports,Dajjal,Dajjal,7499,Cyber Esports,6877,5,7,4,8,0,0,Cyber Esports,AMERICAS
64557,64497,Icebox,Decider,Dajjal,Cyber Esports,Dajjal,7499,Cyber Esports,6877,9,3,1,4,0,0,Dajjal,AMERICAS
64557,64498,Haven,Decider,Cyber Esports,Dajjal,Dajjal,7499,Cyber Esports,6877,8,4,8,4,1,3,Dajjal,AMERICAS
64558,67287,Bind,Decider,Ignite,SuperiorVAL,Ignite,2670,SuperiorVAL,7500,6,6,6,6,2,0,Ignite,AMERICAS
64558,67288,Icebox,Decider,SuperiorVAL,Ignite,Ignite,2670,SuperiorVAL,7500,2,10,1,11,0,0,SuperiorVAL,AMERICAS
64558,67289,Ascent,Decider,SuperiorVAL,Ignite,Ignite,2670,SuperiorVAL,7500,3,9,4,6,0,0,Ignite,AMERICAS
64559,64502,Haven,Decider,X7 Ireland,lavender boys,X7 Ireland,4720,lavender boys,7200,10,2,0,3,0,0,X7 Ireland,AMERICAS
64559,64503,Bind,Decider,X7 Ireland,lavender boys,X7 Ireland,4720,lavender boys,7200,7,5,4,6,0,0,X7 Ireland,AMERICAS
64561,64508,Ascent,Decider,Cavalry Esports,Monkey Momentum,Monkey Momentum,6341,Cavalry Esports,7164,6,6,2,7,0,0,Cavalry Esports,AMERICAS
64561,64509,Icebox,Decider,Monkey Momentum,Cavalry Esports,Monkey Momentum,6341,Cavalry Esports,7164,8,4,7,5,0,0,Monkey Momentum,AMERICAS
64561,64510,Bind,Decider,Monkey Momentum,Cavalry Esports,Monkey Momentum,6341,Cavalry Esports,7164,8,4,4,5,0,0,Monkey Momentum,AMERICAS
64562,64511,Ascent,Decider,Wave Esports,Csopipaki,Wave Esports,324,Csopipaki,7503,11,1,0,2,0,0,Wave Esports,AMERICAS
64562,64512,Icebox,Decider,Csopipaki,Wave Esports,Wave Esports,324,Csopipaki,7503,3,9,4,0,0,0,Wave Esports,AMERICAS
64564,64517,Ascent,Decider,UCAM Esports Club,NeedORGPT,UCAM Esports Club,4616,NeedORGPT,7506,11,1,0,2,0,0,UCAM Esports Club,AMERICAS
64564,64518,Breeze,Decider,UCAM Esports Club,NeedORGPT,UCAM Esports Club,4616,NeedORGPT,7506,12,0,0,1,0,0,UCAM Esports Club,AMERICAS
64565,64520,Ascent,Decider,HEET,NOM Esports,NOM Esports,6191,HEET,2408,2,10,3,3,0,0,NOM Esports,AMERICAS
64565,64521,Icebox,Decider,HEET,NOM Esports,NOM Esports,6191,HEET,2408,8,4,0,5,0,0,HEET,AMERICAS
64565,64522,Bind,Decider,NOM Esports,HEET,NOM Esports,6191,HEET,2408,9,3,2,4,0,0,NOM Esports,AMERICAS
64566,64523,Ascent,Giants Gaming,ENTS,Giants Gaming,Giants Gaming,2304,ENTS,5062,0,12,1,0,0,0,Giants Gaming,AMERICAS
64566,64524,Bind,ENTS,Giants Gaming,ENTS,Giants Gaming,2304,ENTS,5062,12,0,0,1,0,0,Giants Gaming,AMERICAS
64567,64526,Ascent,Decider,ownage,Reborn,Reborn,7010,ownage,3653,8,4,1,5,0,0,ownage,AMERICAS
64567,64527,Breeze,Decider,ownage,Reborn,Reborn,7010,ownage,3653,7,5,0,6,0,0,ownage,AMERICAS
64568,64529,Ascent,Decider,NonsenseGaming,Team Progress,Team Progress,7160,NonsenseGaming,3871,8,4,9,1,0,0,Team Progress,AMERICAS
64568,64530,Haven,Decider,NonsenseGaming,Team Progress,Team Progress,7160,NonsenseGaming,3871,8,4,8,4,0,2,Team Progress,AMERICAS
64569,64532,Split,Decider,G2 Gozen,VeViCi Esports,G2 Gozen,6530,VeViCi Esports,7507,7,5,2,6,0,0,G2 Gozen,AMERICAS
64569,64533,Ascent,Decider,VeViCi Esports,G2 Gozen,G2 Gozen,6530,VeViCi Esports,7507,3,9,4,5,0,0,G2 Gozen,AMERICAS
64630,64715,Bind,Decider,Wave Esports,Bang Average,Wave Esports,324,Bang Average,7505,10,2,2,3,0,0,Wave Esports,AMERICAS
64630,64716,Icebox,Decider,Wave Esports,Bang Average,Wave Esports,324,Bang Average,7505,7,5,1,6,0,0,Wave Esports,AMERICAS
64632,64721,Icebox,Decider,Giants Gaming,ownage,Giants Gaming,2304,ownage,3653,10,2,0,3,0,0,Giants Gaming,AMERICAS
64632,64722,Split,Decider,ownage,Giants Gaming,Giants Gaming,2304,ownage,3653,3,9,4,4,0,0,Giants Gaming,AMERICAS
64570,64535,Icebox,Decider,who cars?,Team BDS,Team BDS,3908,who cars?,7403,2,10,3,0,0,0,Team BDS,AMERICAS
64570,64536,Ascent,Decider,who cars?,Team BDS,Team BDS,3908,who cars?,7403,8,4,6,5,0,0,who cars?,AMERICAS
64570,64537,Bind,Decider,who cars?,Team BDS,Team BDS,3908,who cars?,7403,9,3,3,4,0,0,who cars?,AMERICAS
64571,64538,Fracture,Decider,Macbernick,YMCA Esports,YMCA Esports,7404,Macbernick,7406,8,4,9,2,0,0,YMCA Esports,AMERICAS
64571,64539,Split,Decider,YMCA Esports,Macbernick,YMCA Esports,7404,Macbernick,7406,6,6,7,2,0,0,Macbernick,AMERICAS
64571,64540,Bind,Decider,YMCA Esports,Macbernick,YMCA Esports,7404,Macbernick,7406,6,6,6,6,2,4,Macbernick,AMERICAS
64572,64541,Icebox,Decider,Good Morning,cowana Gaming,cowana Gaming,6211,Good Morning,7174,11,1,4,2,0,0,Good Morning,AMERICAS
64572,64542,Split,Decider,cowana Gaming,Good Morning,cowana Gaming,6211,Good Morning,7174,8,4,9,1,0,0,Good Morning,AMERICAS
64573,64544,Haven,Decider,Abstruse,Ovation eSports,Ovation eSports,4173,Abstruse,7409,3,9,4,4,0,0,Ovation eSports,AMERICAS
64573,64545,Split,Decider,Ovation eSports,Abstruse,Ovation eSports,4173,Abstruse,7409,6,6,7,2,0,0,Abstruse,AMERICAS
64573,64546,Fracture,Decider,Ovation eSports,Abstruse,Ovation eSports,4173,Abstruse,7409,6,6,5,7,0,0,Ovation eSports,AMERICAS
64575,64550,Haven,Decider,Amazing,BOSS-Reformed,BOSS-Reformed,7415,Amazing,5126,3,9,4,3,0,0,BOSS-Reformed,AMERICAS
64575,64551,Ascent,Decider,Amazing,BOSS-Reformed,BOSS-Reformed,7415,Amazing,5126,4,8,5,0,0,0,BOSS-Reformed,AMERICAS
64577,64556,Ascent,Decider,EX0TIK GAMING,Silent Fraggers,Silent Fraggers,7419,EX0TIK GAMING,7105,9,3,1,4,0,0,EX0TIK GAMING,AMERICAS
64577,64557,Split,Decider,Silent Fraggers,EX0TIK GAMING,Silent Fraggers,7419,EX0TIK GAMING,7105,3,9,4,0,0,0,EX0TIK GAMING,AMERICAS
64578,64559,Bind,Decider,Straight Outta Retirement,ROYALS,Straight Outta Retirement,6875,ROYALS,7422,7,5,5,6,0,0,Straight Outta Retirement,AMERICAS
64578,64560,Fracture,Decider,ROYALS,Straight Outta Retirement,Straight Outta Retirement,6875,ROYALS,7422,2,10,3,1,0,0,Straight Outta Retirement,AMERICAS
64579,64562,Ascent,Decider,Valorando,La Puenta,La Puenta,6600,Valorando,42,7,5,8,1,0,0,La Puenta,AMERICAS
64579,64563,Bind,Decider,La Puenta,Valorando,La Puenta,6600,Valorando,42,2,10,3,1,0,0,Valorando,AMERICAS
64579,64564,Icebox,Decider,Valorando,La Puenta,La Puenta,6600,Valorando,42,7,5,1,6,0,0,Valorando,AMERICAS
64580,64565,Bind,Decider,Finest,H2O,Finest,673,H2O,7079,9,3,6,4,0,0,Finest,AMERICAS
64580,64566,Icebox,Decider,H2O,Finest,Finest,673,H2O,7079,7,5,8,3,0,0,Finest,AMERICAS
64581,64568,Haven,Decider,Klanik Esport,sad anime gamer,Klanik Esport,7099,sad anime gamer,7426,11,1,3,2,0,0,Klanik Esport,AMERICAS
64581,64569,Icebox,Decider,Klanik Esport,sad anime gamer,Klanik Esport,7099,sad anime gamer,7426,10,2,2,3,0,0,Klanik Esport,AMERICAS
64582,64571,Icebox,Decider,Anonymo Esports,EU Reject$,Anonymo Esports,5441,EU Reject$,7429,8,4,2,5,0,0,Anonymo Esports,AMERICAS
64582,64572,Bind,Decider,EU Reject$,Anonymo Esports,Anonymo Esports,5441,EU Reject$,7429,4,8,5,0,0,0,Anonymo Esports,AMERICAS
64583,64574,Icebox,Decider,PASCHKA,Fpalix,Fpalix,5070,PASCHKA,7431,9,3,1,4,0,0,PASCHKA,AMERICAS
64583,64575,Ascent,Decider,Fpalix,PASCHKA,Fpalix,5070,PASCHKA,7431,2,10,3,0,0,0,PASCHKA,AMERICAS
64584,64577,Split,Decider,Orgless22,Into The Breach Protocol,Orgless22,7185,Into The Breach Protocol,7170,7,5,1,6,0,0,Orgless22,AMERICAS
64584,64578,Ascent,Decider,Into The Breach Protocol,Orgless22,Orgless22,7185,Into The Breach Protocol,7170,4,8,5,1,0,0,Orgless22,AMERICAS
64585,64580,Bind,Decider,Bifrost,TBA22,TBA22,7434,Bifrost,4675,11,1,0,2,0,0,Bifrost,AMERICAS
64585,64581,Ascent,Decider,TBA22,Bifrost,TBA22,7434,Bifrost,4675,10,2,0,3,0,0,TBA22,AMERICAS
64585,64582,Haven,Decider,TBA22,Bifrost,TBA22,7434,Bifrost,4675,7,5,7,5,2,0,TBA22,AMERICAS
64587,64586,Bind,Decider,dogsafari,Team 86,Team 86,7227,dogsafari,7437,4,8,5,1,0,0,Team 86,AMERICAS
64587,64587,Icebox,Decider,dogsafari,Team 86,Team 86,7227,dogsafari,7437,5,7,6,6,0,0,Team 86,AMERICAS
64588,64589,Fracture,Decider,banana boys,need more DM,need more DM,50,banana boys,7438,4,8,5,1,0,0,need more DM,AMERICAS
64588,64590,Ascent,Decider,need more DM,banana boys,need more DM,50,banana boys,7438,9,3,6,4,0,0,need more DM,AMERICAS
64589,64592,Split,Decider,MAJTKOMAT,Retired Flavour,Retired Flavour,6901,MAJTKOMAT,6955,10,2,3,3,0,0,MAJTKOMAT,AMERICAS
64589,64593,Bind,Decider,Retired Flavour,MAJTKOMAT,Retired Flavour,6901,MAJTKOMAT,6955,6,6,7,3,0,0,MAJTKOMAT,AMERICAS
64590,64595,Haven,Decider,CurryGold,bref,bref,1175,CurryGold,7081,3,9,4,1,0,0,bref,AMERICAS
64590,64596,Bind,Decider,bref,CurryGold,bref,1175,CurryGold,7081,11,1,0,2,0,0,bref,AMERICAS
64591,64598,Breeze,Decider,Incognito,Esport Generation,Esport Generation,6597,Incognito,6235,7,5,8,3,0,0,Esport Generation,AMERICAS
64591,64599,Ascent,Decider,Esport Generation,Incognito,Esport Generation,6597,Incognito,6235,3,9,4,2,0,0,Incognito,AMERICAS
64591,64600,Bind,Decider,Incognito,Esport Generation,Esport Generation,6597,Incognito,6235,4,8,3,9,0,0,Incognito,AMERICAS
64592,64601,Ascent,Decider,EXCEL,Capacitanes,EXCEL,3525,Capacitanes,7109,11,1,0,2,0,0,EXCEL,AMERICAS
64592,64602,Haven,Decider,EXCEL,Capacitanes,EXCEL,3525,Capacitanes,7109,10,2,0,3,0,0,EXCEL,AMERICAS
64594,64607,Fracture,Decider,CGN Esports,PENTA,CGN Esports,5214,PENTA,1456,5,7,6,4,0,0,PENTA,AMERICAS
64594,64608,Haven,Decider,PENTA,CGN Esports,CGN Esports,5214,PENTA,1456,3,9,4,1,0,0,CGN Esports,AMERICAS
64594,64609,Ascent,Decider,CGN Esports,PENTA,CGN Esports,5214,PENTA,1456,8,4,8,4,3,1,CGN Esports,AMERICAS
64595,64610,Icebox,Decider,ExtraOrdinary,Polonez,ExtraOrdinary,3381,Polonez,7104,4,8,5,4,0,0,Polonez,AMERICAS
64595,64611,Bind,Decider,Polonez,ExtraOrdinary,ExtraOrdinary,3381,Polonez,7104,8,4,4,5,0,0,Polonez,AMERICAS
64596,64613,Bind,Decider,WATAHA,Sicario,WATAHA,6759,Sicario,7447,6,6,2,7,0,0,WATAHA,AMERICAS
64596,64614,Icebox,Decider,Sicario,WATAHA,WATAHA,6759,Sicario,7447,3,9,4,1,0,0,WATAHA,AMERICAS
64597,64616,Split,Decider,Team Focus,Dame Time,Dame Time,3819,Team Focus,6266,4,8,5,1,0,0,Dame Time,AMERICAS
64597,64617,Bind,Decider,Dame Time,Team Focus,Dame Time,3819,Team Focus,6266,7,5,1,6,0,0,Dame Time,AMERICAS
64598,64619,Breeze,Decider,Case Esports,Sissi State Punks,Case Esports,6149,Sissi State Punks,5233,9,3,2,4,0,0,Case Esports,AMERICAS
64598,64620,Ascent,Decider,Sissi State Punks,Case Esports,Case Esports,6149,Sissi State Punks,5233,6,6,7,2,0,0,Case Esports,AMERICAS
64599,64622,Breeze,Decider,SunnyBeach,Big Blue Charizard,SunnyBeach,7015,Big Blue Charizard,7171,5,7,6,0,0,0,Big Blue Charizard,AMERICAS
64599,64623,Split,Decider,Big Blue Charizard,SunnyBeach,SunnyBeach,7015,Big Blue Charizard,7171,3,9,4,8,0,0,SunnyBeach,AMERICAS
64599,64624,Icebox,Decider,Big Blue Charizard,SunnyBeach,SunnyBeach,7015,Big Blue Charizard,7171,6,6,6,6,0,2,SunnyBeach,AMERICAS
64600,64625,Ascent,Decider,GiefKalash,DELUSIONAL 5,GiefKalash,6635,DELUSIONAL 5,7068,6,6,0,7,0,0,GiefKalash,AMERICAS
64600,64626,Haven,Decider,DELUSIONAL 5,GiefKalash,GiefKalash,6635,DELUSIONAL 5,7068,3,9,4,3,0,0,GiefKalash,AMERICAS
64601,64628,Bind,Decider,XYZ,Falchion Gaming,Falchion Gaming,7082,XYZ,7220,6,6,3,7,0,0,XYZ,AMERICAS
64601,64629,Ascent,Decider,XYZ,Falchion Gaming,Falchion Gaming,7082,XYZ,7220,11,1,2,2,0,0,XYZ,AMERICAS
64603,64634,Icebox,Decider,Impact Donkey Frags,frog munchers,frog munchers,7089,Impact Donkey Frags,7119,9,3,2,4,0,0,Impact Donkey Frags,AMERICAS
64603,64635,Ascent,Decider,frog munchers,Impact Donkey Frags,frog munchers,7089,Impact Donkey Frags,7119,4,8,4,8,4,2,frog munchers,AMERICAS
64603,64636,Breeze,Decider,frog munchers,Impact Donkey Frags,frog munchers,7089,Impact Donkey Frags,7119,8,4,6,5,0,0,frog munchers,AMERICAS
64604,64637,Icebox,Decider,Verendus,1gameandwegohome,1gameandwegohome,7193,Verendus,2671,5,7,6,5,0,0,1gameandwegohome,AMERICAS
64604,64638,Haven,Decider,1gameandwegohome,Verendus,1gameandwegohome,7193,Verendus,2671,3,9,4,1,0,0,Verendus,AMERICAS
64604,64639,Bind,Decider,1gameandwegohome,Verendus,1gameandwegohome,7193,Verendus,2671,3,9,4,0,0,0,Verendus,AMERICAS
64605,64640,Ascent,Decider,Star Blaze,AboveClouds,AboveClouds,7462,Star Blaze,7457,4,8,5,5,0,0,AboveClouds,AMERICAS
64605,64641,Haven,Decider,AboveClouds,Star Blaze,AboveClouds,7462,Star Blaze,7457,2,10,3,2,0,0,Star Blaze,AMERICAS
64605,64642,Breeze,Decider,AboveClouds,Star Blaze,AboveClouds,7462,Star Blaze,7457,8,4,8,4,2,0,AboveClouds,AMERICAS
64606,64643,Ascent,Decider,Ungentium,Vexed Gaming,Ungentium,6629,Vexed Gaming,5843,6,6,7,5,0,0,Vexed Gaming,AMERICAS
64606,64644,Icebox,Decider,Vexed Gaming,Ungentium,Ungentium,6629,Vexed Gaming,5843,6,6,7,1,0,0,Ungentium,AMERICAS
64606,64645,Split,Decider,Vexed Gaming,Ungentium,Ungentium,6629,Vexed Gaming,5843,8,4,5,5,0,0,Vexed Gaming,AMERICAS
64607,64646,Icebox,Decider,CONNEMARA,Human Tripwires,CONNEMARA,7159,Human Tripwires,6400,3,9,4,4,0,0,Human Tripwires,AMERICAS
64607,64647,Split,Decider,CONNEMARA,Human Tripwires,CONNEMARA,7159,Human Tripwires,6400,1,11,2,0,0,0,Human Tripwires,AMERICAS
64608,64649,Haven,Decider,GOODFOR1,Anorthosis Famagusta Esports,Anorthosis Famagusta Esports,6316,GOODFOR1,6878,8,4,8,4,1,3,Anorthosis Famagusta Esports,AMERICAS
64608,64650,Icebox,Decider,Anorthosis Famagusta Esports,GOODFOR1,Anorthosis Famagusta Esports,6316,GOODFOR1,6878,11,1,0,2,0,0,Anorthosis Famagusta Esports,AMERICAS
64609,64652,Icebox,Decider,Minima,Kahoot,Minima,7224,Kahoot,6758,7,5,8,1,0,0,Kahoot,AMERICAS
64609,64653,Ascent,Decider,Kahoot,Minima,Minima,7224,Kahoot,6758,8,4,7,5,0,0,Kahoot,AMERICAS
64610,64655,Icebox,Decider,RED8,AWARIA,AWARIA,6962,RED8,7201,0,12,1,0,0,0,AWARIA,AMERICAS
64610,64656,Breeze,Decider,RED8,AWARIA,AWARIA,6962,RED8,7201,4,8,5,6,0,0,AWARIA,AMERICAS
64611,64658,Split,Decider,Orgless Olafs,FatF,Orgless Olafs,7468,FatF,7469,4,8,5,6,0,0,FatF,AMERICAS
64611,64659,Icebox,Decider,FatF,Orgless Olafs,Orgless Olafs,7468,FatF,7469,5,7,5,7,2,4,Orgless Olafs,AMERICAS
64611,64660,Ascent,Decider,FatF,Orgless Olafs,Orgless Olafs,7468,FatF,7469,5,7,6,3,0,0,Orgless Olafs,AMERICAS
64612,64661,Icebox,Decider,Team Omega,StunZin5,StunZin5,7133,Team Omega,7471,2,10,3,4,0,0,StunZin5,AMERICAS
64612,64662,Ascent,Decider,StunZin5,Team Omega,StunZin5,7133,Team Omega,7471,10,2,0,3,0,0,StunZin5,AMERICAS
64613,64664,Haven,Decider,ELUSIVE,QUESTIONMARK,QUESTIONMARK,7472,ELUSIVE,6096,2,10,3,0,0,0,QUESTIONMARK,AMERICAS
64613,64665,Breeze,Decider,QUESTIONMARK,ELUSIVE,QUESTIONMARK,7472,ELUSIVE,6096,10,2,3,3,0,0,QUESTIONMARK,AMERICAS
64615,64670,Bind,Decider,Balkan Stars,szmery bajery krecenie afery,szmery bajery krecenie afery,7474,Balkan Stars,5218,7,5,1,6,0,0,Balkan Stars,AMERICAS
64615,64671,Icebox,Decider,szmery bajery krecenie afery,Balkan Stars,szmery bajery krecenie afery,7474,Balkan Stars,5218,5,7,6,4,0,0,Balkan Stars,AMERICAS
64619,64682,Haven,Decider,IN THE MAKING,F9 Hetic,F9 Hetic,4131,IN THE MAKING,7481,11,1,11,1,4,2,IN THE MAKING,AMERICAS
64619,64683,Icebox,Decider,IN THE MAKING,F9 Hetic,F9 Hetic,4131,IN THE MAKING,7481,5,7,6,2,0,0,F9 Hetic,AMERICAS
64619,64684,Ascent,Decider,F9 Hetic,IN THE MAKING,F9 Hetic,4131,IN THE MAKING,7481,6,6,1,7,0,0,F9 Hetic,AMERICAS
64620,64685,Icebox,Decider,5 GOATS,mcdonalds shift,mcdonalds shift,7483,5 GOATS,7485,3,9,4,0,0,0,mcdonalds shift,AMERICAS
64620,64686,Ascent,Decider,5 GOATS,mcdonalds shift,mcdonalds shift,7483,5 GOATS,7485,2,10,3,1,0,0,mcdonalds shift,AMERICAS
64621,64688,Ascent,Decider,DSYRE,Esports Team Twente,Esports Team Twente,6672,DSYRE,6538,4,8,0,9,0,0,DSYRE,AMERICAS
64621,64689,Icebox,Decider,DSYRE,Esports Team Twente,Esports Team Twente,6672,DSYRE,6538,11,1,0,2,0,0,DSYRE,AMERICAS
64622,64691,Haven,Decider,KOVA,FOKUS,KOVA,6312,FOKUS,6882,8,4,1,5,0,0,KOVA,AMERICAS
64622,64692,Fracture,Decider,KOVA,FOKUS,KOVA,6312,FOKUS,6882,7,5,1,6,0,0,KOVA,AMERICAS
64623,64694,Split,Decider,savage.gg,DREAM.GG,DREAM.GG,7489,savage.gg,7491,2,10,3,1,0,0,DREAM.GG,AMERICAS
64623,64695,Fracture,Decider,DREAM.GG,savage.gg,DREAM.GG,7489,savage.gg,7491,5,7,4,8,0,0,DREAM.GG,AMERICAS
64624,64697,Fracture,Decider,Digital Athletics,MANGO,MANGO,6998,Digital Athletics,4669,9,3,4,4,0,0,Digital Athletics,AMERICAS
64624,64698,Haven,Decider,MANGO,Digital Athletics,MANGO,6998,Digital Athletics,4669,3,9,4,7,0,0,Digital Athletics,AMERICAS
64625,64700,Haven,Decider,Soldados de Lembo,H$POPPER$,H$POPPER$,2639,Soldados de Lembo,7156,8,4,6,5,0,0,Soldados de Lembo,AMERICAS
64625,64701,Ascent,Decider,H$POPPER$,Soldados de Lembo,H$POPPER$,2639,Soldados de Lembo,7156,4,8,5,2,0,0,Soldados de Lembo,AMERICAS
64627,64706,Icebox,Decider,Dajjal,WoofWoof,WoofWoof,5714,Dajjal,7499,3,9,4,2,0,0,WoofWoof,AMERICAS
64627,64707,Split,Decider,WoofWoof,Dajjal,WoofWoof,5714,Dajjal,7499,8,4,0,5,0,0,WoofWoof,AMERICAS
64628,67290,Haven,Decider,X7 Ireland,Ignite,Ignite,2670,X7 Ireland,4720,4,8,5,3,0,0,Ignite,AMERICAS
64628,67291,Icebox,Decider,X7 Ireland,Ignite,Ignite,2670,X7 Ireland,4720,8,4,3,5,0,0,X7 Ireland,AMERICAS
64628,67292,Ascent,Decider,X7 Ireland,Ignite,Ignite,2670,X7 Ireland,4720,10,2,0,3,0,0,X7 Ireland,AMERICAS
64629,64712,Haven,Decider,Monkey Momentum,Intellectually Challenged Gamers,Intellectually Challenged Gamers,7177,Monkey Momentum,6341,9,3,1,4,0,0,Monkey Momentum,AMERICAS
64629,64713,Ascent,Decider,Monkey Momentum,Intellectually Challenged Gamers,Intellectually Challenged Gamers,7177,Monkey Momentum,6341,8,4,0,5,0,0,Monkey Momentum,AMERICAS
64633,64724,Ascent,Decider,G2 Gozen,Team Progress,Team Progress,7160,G2 Gozen,6530,4,8,5,7,0,0,Team Progress,AMERICAS
64633,64725,Icebox,Decider,Team Progress,G2 Gozen,Team Progress,7160,G2 Gozen,6530,5,7,6,6,0,0,G2 Gozen,AMERICAS
64633,64726,Haven,Decider,G2 Gozen,Team Progress,Team Progress,7160,G2 Gozen,6530,4,8,5,1,0,0,Team Progress,AMERICAS
64586,64583,Ascent,Decider,KOI,VAMOS eSports,KOI,7035,VAMOS eSports,7216,11,1,0,2,0,0,KOI,AMERICAS
64586,64584,Breeze,Decider,VAMOS eSports,KOI,KOI,7035,VAMOS eSports,7216,3,9,4,2,0,0,KOI,AMERICAS
64574,64547,Ascent,Decider,19esports,Capybaras,19esports,6139,Capybaras,7085,9,3,0,4,0,0,19esports,AMERICAS
64574,64548,Icebox,Decider,19esports,Capybaras,19esports,6139,Capybaras,7085,12,0,1,1,0,0,19esports,AMERICAS
64593,64604,Icebox,Decider,Team Heretics,Camioneros Valorant Club,Team Heretics,1001,Camioneros Valorant Club,7113,11,1,0,2,0,0,Team Heretics,AMERICAS
64593,64605,Breeze,Decider,Team Heretics,Camioneros Valorant Club,Team Heretics,1001,Camioneros Valorant Club,7113,11,1,1,2,0,0,Team Heretics,AMERICAS
64576,64553,Ascent,Decider,Purple Team,Rix.GG Thunder,Rix.GG Thunder,2373,Purple Team,6536,3,9,4,0,0,0,Rix.GG Thunder,AMERICAS
64576,64554,Breeze,Decider,Rix.GG Thunder,Purple Team,Rix.GG Thunder,2373,Purple Team,6536,6,6,2,7,0,0,Rix.GG Thunder,AMERICAS
64602,64631,Ascent,Decider,G2 Esports,A MMAGICA,G2 Esports,257,A MMAGICA,7456,12,0,1,1,0,0,G2 Esports,AMERICAS
64602,64632,Split,Decider,A MMAGICA,G2 Esports,G2 Esports,257,A MMAGICA,7456,1,11,2,0,0,0,G2 Esports,AMERICAS
64614,64667,Icebox,Decider,YONK,We Dem Bois,YONK,7092,We Dem Bois,7130,8,4,3,5,0,0,YONK,AMERICAS
64614,64668,Ascent,Decider,We Dem Bois,YONK,YONK,7092,We Dem Bois,7130,5,7,6,0,0,0,YONK,AMERICAS
64616,64673,Haven,Decider,OG,True Kings,OG,2965,True Kings,7206,10,2,0,3,0,0,OG,AMERICAS
64616,64674,Icebox,Decider,OG,True Kings,OG,2965,True Kings,7206,11,1,1,2,0,0,OG,AMERICAS
64617,64676,Icebox,Decider,Limitless,The Goose House,Limitless,6954,The Goose House,6141,2,10,3,2,0,0,The Goose House,AMERICAS
64617,64677,Haven,Decider,The Goose House,Limitless,Limitless,6954,The Goose House,6141,4,8,5,0,0,0,Limitless,AMERICAS
64617,64678,Bind,Decider,The Goose House,Limitless,Limitless,6954,The Goose House,6141,4,8,4,8,3,1,The Goose House,AMERICAS
64618,64679,Icebox,Decider,LDN UTD,SENTHEX,LDN UTD,6460,SENTHEX,6797,7,5,1,6,0,0,LDN UTD,AMERICAS
64618,64680,Haven,Decider,SENTHEX,LDN UTD,LDN UTD,6460,SENTHEX,6797,2,10,3,0,0,0,LDN UTD,AMERICAS
64626,64703,Haven,Decider,ENDLESS GAMING,Team Queso,Team Queso,4538,ENDLESS GAMING,7495,3,9,4,3,0,0,Team Queso,AMERICAS
64626,65321,Icebox,Decider,Team Queso,ENDLESS GAMING,Team Queso,4538,ENDLESS GAMING,7495,11,1,1,2,0,0,Team Queso,AMERICAS
64631,64718,Ascent,Decider,UCAM Esports Club,NOM Esports,UCAM Esports Club,4616,NOM Esports,6191,8,4,2,5,0,0,UCAM Esports Club,AMERICAS
64631,64719,Breeze,Decider,UCAM Esports Club,NOM Esports,UCAM Esports Club,4616,NOM Esports,6191,2,10,3,0,0,0,NOM Esports,AMERICAS
64631,64720,Haven,Decider,NOM Esports,UCAM Esports Club,UCAM Esports Club,4616,NOM Esports,6191,4,8,4,8,4,2,NOM Esports,AMERICAS
64634,64727,Ascent,Decider,Macbernick,who cars?,who cars?,7403,Macbernick,7406,3,9,4,0,0,0,who cars?,AMERICAS
64634,64728,Split,Decider,who cars?,Macbernick,who cars?,7403,Macbernick,7406,4,8,5,5,0,0,Macbernick,AMERICAS
64634,64729,Bind,Decider,who cars?,Macbernick,who cars?,7403,Macbernick,7406,11,1,0,2,0,0,who cars?,AMERICAS
64635,64730,Breeze,Decider,Good Morning,Ovation eSports,Good Morning,7174,Ovation eSports,4173,5,7,5,7,1,3,Ovation eSports,AMERICAS
64635,64731,Split,Decider,Ovation eSports,Good Morning,Good Morning,7174,Ovation eSports,4173,9,3,3,4,0,0,Ovation eSports,AMERICAS
64636,64733,Ascent,Decider,19esports,BOSS-Reformed,19esports,6139,BOSS-Reformed,7415,10,2,4,3,0,0,19esports,AMERICAS
64636,64734,Icebox,Decider,BOSS-Reformed,19esports,19esports,6139,BOSS-Reformed,7415,3,9,4,2,0,0,19esports,AMERICAS
64637,64736,Split,Decider,EX0TIK GAMING,Rix.GG Thunder,Rix.GG Thunder,2373,EX0TIK GAMING,7105,1,11,2,0,0,0,Rix.GG Thunder,AMERICAS
64637,64737,Ascent,Decider,Rix.GG Thunder,EX0TIK GAMING,Rix.GG Thunder,2373,EX0TIK GAMING,7105,8,4,0,5,0,0,Rix.GG Thunder,AMERICAS
64638,64739,Breeze,Decider,Valorando,Straight Outta Retirement,Straight Outta Retirement,6875,Valorando,42,6,6,6,6,2,0,Valorando,AMERICAS
64638,64740,Bind,Decider,Straight Outta Retirement,Valorando,Straight Outta Retirement,6875,Valorando,42,9,3,2,4,0,0,Straight Outta Retirement,AMERICAS
64638,64741,Icebox,Decider,Straight Outta Retirement,Valorando,Straight Outta Retirement,6875,Valorando,42,3,9,4,3,0,0,Valorando,AMERICAS
64639,64742,Split,Decider,Finest,Klanik Esport,Finest,673,Klanik Esport,7099,12,0,2,1,0,0,Finest,AMERICAS
64639,64743,Breeze,Decider,Klanik Esport,Finest,Finest,673,Klanik Esport,7099,4,8,5,0,0,0,Finest,AMERICAS
64640,64745,Haven,Decider,Anonymo Esports,PASCHKA,Anonymo Esports,5441,PASCHKA,7431,5,7,2,8,0,0,Anonymo Esports,AMERICAS
64640,64746,Split,Decider,PASCHKA,Anonymo Esports,Anonymo Esports,5441,PASCHKA,7431,2,10,3,0,0,0,Anonymo Esports,AMERICAS
64641,64748,Ascent,Decider,Orgless22,TBA22,Orgless22,7185,TBA22,7434,11,1,0,2,0,0,Orgless22,AMERICAS
64641,64749,Breeze,Decider,Orgless22,TBA22,Orgless22,7185,TBA22,7434,11,1,1,2,0,0,Orgless22,AMERICAS
64642,64751,Split,Decider,KOI,Team 86,KOI,7035,Team 86,7227,8,4,3,5,0,0,KOI,AMERICAS
64642,64752,Bind,Decider,KOI,Team 86,KOI,7035,Team 86,7227,9,3,4,4,0,0,KOI,AMERICAS
64643,64754,Icebox,Decider,need more DM,MAJTKOMAT,need more DM,50,MAJTKOMAT,6955,9,3,1,4,0,0,need more DM,AMERICAS
64643,64755,Ascent,Decider,need more DM,MAJTKOMAT,need more DM,50,MAJTKOMAT,6955,10,2,0,3,0,0,need more DM,AMERICAS
64644,64757,Bind,Decider,Incognito,bref,bref,1175,Incognito,6235,7,5,8,2,0,0,bref,AMERICAS
64644,64758,Haven,Decider,bref,Incognito,bref,1175,Incognito,6235,9,3,7,4,0,0,bref,AMERICAS
64645,64760,Breeze,Decider,Team Heretics,EXCEL,EXCEL,3525,Team Heretics,1001,3,9,4,0,0,0,EXCEL,AMERICAS
64645,64761,Haven,Decider,Team Heretics,EXCEL,EXCEL,3525,Team Heretics,1001,5,7,6,2,0,0,EXCEL,AMERICAS
64646,64763,Ascent,Decider,Polonez,CGN Esports,CGN Esports,5214,Polonez,7104,4,8,4,8,0,2,CGN Esports,AMERICAS
64646,64764,Icebox,Decider,Polonez,CGN Esports,CGN Esports,5214,Polonez,7104,3,9,4,0,0,0,CGN Esports,AMERICAS
64647,64766,Icebox,Decider,Dame Time,WATAHA,WATAHA,6759,Dame Time,3819,5,7,6,5,0,0,WATAHA,AMERICAS
64647,64767,Split,Decider,WATAHA,Dame Time,WATAHA,6759,Dame Time,3819,8,4,4,5,0,0,WATAHA,AMERICAS
64648,64769,Split,Decider,Case Esports,SunnyBeach,Case Esports,6149,SunnyBeach,7015,8,4,1,5,0,0,Case Esports,AMERICAS
64648,64770,Haven,Decider,SunnyBeach,Case Esports,Case Esports,6149,SunnyBeach,7015,2,10,3,1,0,0,Case Esports,AMERICAS
64649,64772,Ascent,Decider,GiefKalash,XYZ,GiefKalash,6635,XYZ,7220,6,6,6,6,2,0,GiefKalash,AMERICAS
64649,64773,Haven,Decider,XYZ,GiefKalash,GiefKalash,6635,XYZ,7220,3,9,4,3,0,0,GiefKalash,AMERICAS
64650,64775,Icebox,Decider,G2 Esports,frog munchers,G2 Esports,257,frog munchers,7089,12,0,0,1,0,0,G2 Esports,AMERICAS
64650,64776,Ascent,Decider,frog munchers,G2 Esports,G2 Esports,257,frog munchers,7089,3,9,4,0,0,0,G2 Esports,AMERICAS
64651,64778,Haven,Decider,AboveClouds,Verendus,Verendus,2671,AboveClouds,7462,6,6,5,7,0,0,AboveClouds,AMERICAS
64651,64779,Breeze,Decider,Verendus,AboveClouds,Verendus,2671,AboveClouds,7462,9,3,3,4,0,0,Verendus,AMERICAS
64651,64780,Icebox,Decider,Verendus,AboveClouds,Verendus,2671,AboveClouds,7462,8,4,7,5,0,0,Verendus,AMERICAS
64652,64781,Ascent,Decider,Human Tripwires,Vexed Gaming,Vexed Gaming,5843,Human Tripwires,6400,10,2,1,3,0,0,Human Tripwires,AMERICAS
64652,64782,Split,Decider,Vexed Gaming,Human Tripwires,Vexed Gaming,5843,Human Tripwires,6400,3,9,4,2,0,0,Human Tripwires,AMERICAS
64653,64784,Ascent,Decider,Kahoot,Anorthosis Famagusta Esports,Anorthosis Famagusta Esports,6316,Kahoot,6758,5,7,6,4,0,0,Anorthosis Famagusta Esports,AMERICAS
64653,64785,Breeze,Decider,Anorthosis Famagusta Esports,Kahoot,Anorthosis Famagusta Esports,6316,Kahoot,6758,11,1,2,2,0,0,Anorthosis Famagusta Esports,AMERICAS
64654,64787,Icebox,Decider,Orgless Olafs,AWARIA,AWARIA,6962,Orgless Olafs,7468,2,10,3,0,0,0,AWARIA,AMERICAS
64654,64788,Bind,Decider,Orgless Olafs,AWARIA,AWARIA,6962,Orgless Olafs,7468,3,9,4,1,0,0,AWARIA,AMERICAS
64655,64790,Icebox,Decider,QUESTIONMARK,StunZin5,StunZin5,7133,QUESTIONMARK,7472,2,10,3,1,0,0,StunZin5,AMERICAS
64655,64791,Haven,Decider,StunZin5,QUESTIONMARK,StunZin5,7133,QUESTIONMARK,7472,4,8,5,5,0,0,QUESTIONMARK,AMERICAS
64655,64792,Ascent,Decider,StunZin5,QUESTIONMARK,StunZin5,7133,QUESTIONMARK,7472,6,6,7,4,0,0,QUESTIONMARK,AMERICAS
64656,64793,Bind,Decider,Balkan Stars,YONK,YONK,7092,Balkan Stars,5218,8,4,1,5,0,0,Balkan Stars,AMERICAS
64656,64794,Ascent,Decider,Balkan Stars,YONK,YONK,7092,Balkan Stars,5218,3,9,4,0,0,0,YONK,AMERICAS
64656,64795,Icebox,Decider,Balkan Stars,YONK,YONK,7092,Balkan Stars,5218,7,5,8,4,0,0,YONK,AMERICAS
64657,64796,Haven,Decider,OG,The Goose House,OG,2965,The Goose House,6141,8,4,2,5,0,0,OG,AMERICAS
64657,64797,Icebox,Decider,OG,The Goose House,OG,2965,The Goose House,6141,7,5,7,5,1,3,The Goose House,AMERICAS
64657,64798,Bind,Decider,OG,The Goose House,OG,2965,The Goose House,6141,10,2,6,3,0,0,OG,AMERICAS
64658,64799,Haven,Decider,LDN UTD,F9 Hetic,LDN UTD,6460,F9 Hetic,4131,11,1,0,2,0,0,LDN UTD,AMERICAS
64658,64800,Icebox,Decider,LDN UTD,F9 Hetic,LDN UTD,6460,F9 Hetic,4131,8,4,0,5,0,0,LDN UTD,AMERICAS
64659,64802,Breeze,Decider,mcdonalds shift,DSYRE,mcdonalds shift,7483,DSYRE,6538,2,10,3,2,0,0,DSYRE,AMERICAS
64659,64803,Split,Decider,DSYRE,mcdonalds shift,mcdonalds shift,7483,DSYRE,6538,7,5,0,6,0,0,DSYRE,AMERICAS
64660,64805,Breeze,Decider,DREAM.GG,KOVA,KOVA,6312,DREAM.GG,7489,3,9,4,3,0,0,KOVA,AMERICAS
64660,64806,Split,Decider,KOVA,DREAM.GG,KOVA,6312,DREAM.GG,7489,8,4,1,5,0,0,KOVA,AMERICAS
64661,64808,Icebox,Decider,Soldados de Lembo,Digital Athletics,Digital Athletics,4669,Soldados de Lembo,7156,6,6,6,6,4,2,Soldados de Lembo,AMERICAS
64661,64809,Breeze,Decider,Soldados de Lembo,Digital Athletics,Digital Athletics,4669,Soldados de Lembo,7156,5,7,2,8,0,0,Soldados de Lembo,AMERICAS
64662,64811,Haven,Decider,WoofWoof,Team Queso,Team Queso,4538,WoofWoof,5714,1,11,2,1,0,0,Team Queso,AMERICAS
64662,64812,Split,Decider,Team Queso,WoofWoof,Team Queso,4538,WoofWoof,5714,11,1,2,2,0,0,Team Queso,AMERICAS
64663,64814,Ascent,Decider,X7 Ireland,Monkey Momentum,X7 Ireland,4720,Monkey Momentum,6341,7,5,7,5,3,1,X7 Ireland,AMERICAS
64663,64815,Icebox,Decider,X7 Ireland,Monkey Momentum,X7 Ireland,4720,Monkey Momentum,6341,3,9,4,4,0,0,Monkey Momentum,AMERICAS
64663,64816,Bind,Decider,Monkey Momentum,X7 Ireland,X7 Ireland,4720,Monkey Momentum,6341,8,4,5,5,0,0,Monkey Momentum,AMERICAS
64664,64817,Ascent,Decider,Wave Esports,NOM Esports,Wave Esports,324,NOM Esports,6191,10,2,10,2,2,0,Wave Esports,AMERICAS
64664,64818,Icebox,Decider,NOM Esports,Wave Esports,Wave Esports,324,NOM Esports,6191,4,8,5,5,0,0,Wave Esports,AMERICAS
64665,64820,Bind,Decider,Giants Gaming,Team Progress,Giants Gaming,2304,Team Progress,7160,8,4,0,5,0,0,Giants Gaming,AMERICAS
64665,64821,Ascent,Decider,Team Progress,Giants Gaming,Giants Gaming,2304,Team Progress,7160,3,9,4,0,0,0,Giants Gaming,AMERICAS
64666,64823,Ascent,Decider,Ovation eSports,who cars?,who cars?,7403,Ovation eSports,4173,2,10,3,4,0,0,who cars?,AMERICAS
64666,64824,Haven,Decider,Ovation eSports,who cars?,who cars?,7403,Ovation eSports,4173,10,2,2,3,0,0,Ovation eSports,AMERICAS
64666,64825,Icebox,Decider,Ovation eSports,who cars?,who cars?,7403,Ovation eSports,4173,6,6,6,6,0,2,who cars?,AMERICAS
64667,64826,Ascent,Decider,19esports,Rix.GG Thunder,19esports,6139,Rix.GG Thunder,2373,9,3,3,4,0,0,19esports,AMERICAS
64667,64827,Haven,Decider,Rix.GG Thunder,19esports,19esports,6139,Rix.GG Thunder,2373,3,9,4,2,0,0,19esports,AMERICAS
64669,64832,Split,Decider,Orgless22,Anonymo Esports,Anonymo Esports,5441,Orgless22,7185,8,4,6,5,0,0,Orgless22,AMERICAS
64669,64833,Breeze,Decider,Anonymo Esports,Orgless22,Anonymo Esports,5441,Orgless22,7185,5,7,3,8,0,0,Anonymo Esports,AMERICAS
64669,64834,Ascent,Decider,Anonymo Esports,Orgless22,Anonymo Esports,5441,Orgless22,7185,8,4,7,5,0,0,Anonymo Esports,AMERICAS
64670,64835,Icebox,Decider,KOI,need more DM,KOI,7035,need more DM,50,5,7,5,7,0,2,need more DM,AMERICAS
64670,64836,Bind,Decider,need more DM,KOI,KOI,7035,need more DM,50,8,4,9,2,0,0,KOI,AMERICAS
64670,64837,Ascent,Decider,need more DM,KOI,KOI,7035,need more DM,50,8,4,1,5,0,0,need more DM,AMERICAS
64671,64838,Fracture,Decider,EXCEL,bref,bref,1175,EXCEL,3525,3,9,4,2,0,0,bref,AMERICAS
64671,64839,Ascent,Decider,bref,EXCEL,bref,1175,EXCEL,3525,2,10,3,0,0,0,EXCEL,AMERICAS
64671,64840,Haven,Decider,bref,EXCEL,bref,1175,EXCEL,3525,3,9,4,4,0,0,EXCEL,AMERICAS
64672,64841,Bind,Decider,CGN Esports,WATAHA,CGN Esports,5214,WATAHA,6759,4,8,1,9,0,0,CGN Esports,AMERICAS
64672,64842,Fracture,Decider,WATAHA,CGN Esports,CGN Esports,5214,WATAHA,6759,5,7,4,8,0,0,WATAHA,AMERICAS
64672,64843,Ascent,Decider,WATAHA,CGN Esports,CGN Esports,5214,WATAHA,6759,4,8,5,7,0,0,CGN Esports,AMERICAS
64673,64844,Ascent,Decider,GiefKalash,Case Esports,Case Esports,6149,GiefKalash,6635,2,10,3,4,0,0,Case Esports,AMERICAS
64673,64845,Haven,Decider,Case Esports,GiefKalash,Case Esports,6149,GiefKalash,6635,9,3,0,4,0,0,Case Esports,AMERICAS
64675,64850,Ascent,Decider,Human Tripwires,Anorthosis Famagusta Esports,Human Tripwires,6400,Anorthosis Famagusta Esports,6316,9,3,4,4,0,0,Human Tripwires,AMERICAS
64675,64851,Icebox,Decider,Anorthosis Famagusta Esports,Human Tripwires,Human Tripwires,6400,Anorthosis Famagusta Esports,6316,5,7,6,4,0,0,Human Tripwires,AMERICAS
64676,64853,Haven,Decider,QUESTIONMARK,AWARIA,AWARIA,6962,QUESTIONMARK,7472,4,8,5,5,0,0,AWARIA,AMERICAS
64676,64854,Breeze,Decider,QUESTIONMARK,AWARIA,AWARIA,6962,QUESTIONMARK,7472,1,11,2,2,0,0,AWARIA,AMERICAS
64678,64859,Fracture,Decider,LDN UTD,DSYRE,LDN UTD,6460,DSYRE,6538,9,3,4,4,0,0,LDN UTD,AMERICAS
64678,64860,Breeze,Decider,LDN UTD,DSYRE,LDN UTD,6460,DSYRE,6538,10,2,3,3,0,0,LDN UTD,AMERICAS
64679,64862,Haven,Decider,Soldados de Lembo,KOVA,KOVA,6312,Soldados de Lembo,7156,8,4,9,3,0,0,KOVA,AMERICAS
64679,64863,Ascent,Decider,KOVA,Soldados de Lembo,KOVA,6312,Soldados de Lembo,7156,0,12,1,0,0,0,Soldados de Lembo,AMERICAS
64679,64864,Breeze,Decider,KOVA,Soldados de Lembo,KOVA,6312,Soldados de Lembo,7156,7,5,2,6,0,0,KOVA,AMERICAS
64681,64868,Ascent,Decider,Wave Esports,Giants Gaming,Wave Esports,324,Giants Gaming,2304,8,4,6,5,0,0,Wave Esports,AMERICAS
64681,64869,Haven,Decider,Giants Gaming,Wave Esports,Wave Esports,324,Giants Gaming,2304,3,9,4,2,0,0,Wave Esports,AMERICAS
64668,64829,Icebox,Decider,Valorando,Finest,Valorando,42,Finest,673,6,6,3,7,0,0,Valorando,AMERICAS
64668,64830,Bind,Decider,Finest,Valorando,Valorando,42,Finest,673,9,3,3,4,0,0,Finest,AMERICAS
64668,64831,Haven,Decider,Finest,Valorando,Valorando,42,Finest,673,9,3,1,4,0,0,Finest,AMERICAS
64674,64847,Haven,Decider,G2 Esports,Verendus,G2 Esports,257,Verendus,2671,10,2,3,3,0,0,G2 Esports,AMERICAS
64674,64848,Ascent,Decider,Verendus,G2 Esports,G2 Esports,257,Verendus,2671,3,9,4,1,0,0,G2 Esports,AMERICAS
64677,64856,Haven,Decider,YONK,OG,YONK,7092,OG,2965,7,5,5,6,0,0,YONK,AMERICAS
64677,64857,Icebox,Decider,OG,YONK,YONK,7092,OG,2965,7,5,7,5,0,2,YONK,AMERICAS
64680,64865,Haven,Decider,Monkey Momentum,Team Queso,Team Queso,4538,Monkey Momentum,6341,3,9,4,2,0,0,Team Queso,AMERICAS
64680,64866,Split,Decider,Team Queso,Monkey Momentum,Team Queso,4538,Monkey Momentum,6341,7,5,2,6,0,0,Team Queso,AMERICAS
64683,64871,Ascent,Decider,19esports,who cars?,who cars?,7403,19esports,6139,10,2,3,3,0,0,19esports,AMERICAS
64683,64872,Icebox,Decider,19esports,who cars?,who cars?,7403,19esports,6139,6,6,4,7,0,0,19esports,AMERICAS
64684,64874,Icebox,Decider,Finest,Anonymo Esports,Finest,673,Anonymo Esports,5441,8,4,5,5,0,0,Finest,AMERICAS
64684,64875,Haven,Decider,Anonymo Esports,Finest,Finest,673,Anonymo Esports,5441,3,9,4,5,0,0,Finest,AMERICAS
64685,64877,Fracture,Decider,need more DM,EXCEL,need more DM,50,EXCEL,3525,4,8,5,0,0,0,EXCEL,AMERICAS
64685,64878,Haven,Decider,EXCEL,need more DM,need more DM,50,EXCEL,3525,9,3,0,4,0,0,EXCEL,AMERICAS
64686,64880,Haven,Decider,Case Esports,CGN Esports,CGN Esports,5214,Case Esports,6149,8,4,7,5,0,0,Case Esports,AMERICAS
64686,64881,Ascent,Decider,CGN Esports,Case Esports,CGN Esports,5214,Case Esports,6149,2,10,3,1,0,0,Case Esports,AMERICAS
64687,64883,Icebox,Decider,G2 Esports,Human Tripwires,G2 Esports,257,Human Tripwires,6400,8,4,6,5,0,0,G2 Esports,AMERICAS
64687,64884,Ascent,Decider,Human Tripwires,G2 Esports,G2 Esports,257,Human Tripwires,6400,7,5,0,6,0,0,Human Tripwires,AMERICAS
64687,64885,Split,Decider,Human Tripwires,G2 Esports,G2 Esports,257,Human Tripwires,6400,5,7,6,2,0,0,G2 Esports,AMERICAS
64688,64886,Ascent,Decider,AWARIA,YONK,AWARIA,6962,YONK,7092,8,4,8,4,6,4,AWARIA,AMERICAS
64688,64887,Breeze,Decider,YONK,AWARIA,AWARIA,6962,YONK,7092,9,3,0,4,0,0,YONK,AMERICAS
64688,64888,Split,Decider,YONK,AWARIA,AWARIA,6962,YONK,7092,3,9,2,10,0,0,YONK,AMERICAS
64689,64889,Fracture,Decider,KOVA,LDN UTD,LDN UTD,6460,KOVA,6312,3,9,4,3,0,0,LDN UTD,AMERICAS
64689,64890,Haven,Decider,LDN UTD,KOVA,LDN UTD,6460,KOVA,6312,5,7,3,8,0,0,LDN UTD,AMERICAS
64690,64892,Haven,Decider,Wave Esports,Team Queso,Team Queso,4538,Wave Esports,324,4,8,5,3,0,0,Team Queso,AMERICAS
64690,64893,Fracture,Decider,Team Queso,Wave Esports,Team Queso,4538,Wave Esports,324,2,10,3,2,0,0,Wave Esports,AMERICAS
64690,64894,Breeze,Decider,Team Queso,Wave Esports,Team Queso,4538,Wave Esports,324,9,3,10,2,0,0,Wave Esports,AMERICAS
64691,64895,Breeze,Decider,19esports,Finest,19esports,6139,Finest,673,7,5,7,5,1,3,Finest,AMERICAS
64691,64896,Icebox,Decider,Finest,19esports,19esports,6139,Finest,673,6,6,5,7,0,0,Finest,AMERICAS
64692,64898,Ascent,Decider,EXCEL,Case Esports,EXCEL,3525,Case Esports,6149,10,2,6,3,0,0,EXCEL,AMERICAS
64692,64899,Haven,Decider,Case Esports,EXCEL,EXCEL,3525,Case Esports,6149,4,8,5,4,0,0,EXCEL,AMERICAS
64694,64904,Fracture,Decider,Wave Esports,LDN UTD,LDN UTD,6460,Wave Esports,324,2,10,1,11,0,0,Wave Esports,AMERICAS
64694,64905,Breeze,Decider,LDN UTD,Wave Esports,LDN UTD,6460,Wave Esports,324,7,5,2,6,0,0,LDN UTD,AMERICAS
64694,64906,Icebox,Decider,Wave Esports,LDN UTD,LDN UTD,6460,Wave Esports,324,3,9,4,0,0,0,LDN UTD,AMERICAS
64693,64901,Haven,Decider,G2 Esports,YONK,G2 Esports,257,YONK,7092,6,6,3,7,0,0,G2 Esports,AMERICAS
64693,64902,Ascent,Decider,YONK,G2 Esports,G2 Esports,257,YONK,7092,4,8,5,4,0,0,G2 Esports,AMERICAS
65282,65449,Split,Decider,LDN UTD,Team Vitality,Team Vitality,2059,LDN UTD,6460,2,10,3,6,0,0,Team Vitality,AMERICAS
65282,65450,Fracture,Decider,LDN UTD,Team Vitality,Team Vitality,2059,LDN UTD,6460,8,4,8,4,0,2,Team Vitality,AMERICAS
65283,65452,Split,Decider,EXCEL,Rebels Gaming,Rebels Gaming,6750,EXCEL,3525,10,2,0,3,0,0,EXCEL,AMERICAS
65283,65453,Haven,Decider,EXCEL,Rebels Gaming,Rebels Gaming,6750,EXCEL,3525,11,1,7,2,0,0,EXCEL,AMERICAS
65284,65455,Haven,Decider,Alliance,G2 Esports,Alliance,2533,G2 Esports,257,9,3,2,4,0,0,Alliance,AMERICAS
65284,65456,Ascent,Decider,G2 Esports,Alliance,Alliance,2533,G2 Esports,257,7,5,6,6,0,0,G2 Esports,AMERICAS
65284,65457,Icebox,Decider,G2 Esports,Alliance,Alliance,2533,G2 Esports,257,7,5,5,6,0,0,G2 Esports,AMERICAS
65285,65458,Haven,Decider,TENSTAR,Finest,TENSTAR,4663,Finest,673,7,5,5,6,0,0,TENSTAR,AMERICAS
65285,65459,Split,Decider,Finest,TENSTAR,TENSTAR,4663,Finest,673,3,9,4,1,0,0,TENSTAR,AMERICAS
65286,65461,Fracture,Decider,Team Vitality,EXCEL,Team Vitality,2059,EXCEL,3525,3,9,4,0,0,0,EXCEL,AMERICAS
65286,65462,Ascent,Decider,Team Vitality,EXCEL,Team Vitality,2059,EXCEL,3525,10,2,3,3,0,0,Team Vitality,AMERICAS
65286,65463,Split,Decider,Team Vitality,EXCEL,Team Vitality,2059,EXCEL,3525,2,10,3,0,0,0,EXCEL,AMERICAS
65289,65470,Haven,Decider,Rebels Gaming,LDN UTD,LDN UTD,6460,Rebels Gaming,6750,5,7,5,7,0,2,LDN UTD,AMERICAS
65289,65471,Ascent,Decider,LDN UTD,Rebels Gaming,LDN UTD,6460,Rebels Gaming,6750,8,4,5,5,0,0,LDN UTD,AMERICAS
65287,65464,Split,Decider,G2 Esports,TENSTAR,G2 Esports,257,TENSTAR,4663,8,4,9,2,0,0,TENSTAR,AMERICAS
65287,65465,Ascent,Decider,TENSTAR,G2 Esports,G2 Esports,257,TENSTAR,4663,4,8,5,1,0,0,G2 Esports,AMERICAS
65287,65466,Icebox,Decider,TENSTAR,G2 Esports,G2 Esports,257,TENSTAR,4663,7,5,7,5,2,4,G2 Esports,AMERICAS
65290,65473,Haven,Decider,Alliance,Finest,Alliance,2533,Finest,673,8,4,6,5,0,0,Alliance,AMERICAS
65290,65474,Ascent,Decider,Finest,Alliance,Alliance,2533,Finest,673,6,6,7,3,0,0,Alliance,AMERICAS
65291,65476,Bind,Decider,LDN UTD,TENSTAR,TENSTAR,4663,LDN UTD,6460,7,5,6,6,0,0,LDN UTD,AMERICAS
65291,65477,Haven,Decider,TENSTAR,LDN UTD,TENSTAR,4663,LDN UTD,6460,5,7,6,5,0,0,LDN UTD,AMERICAS
65292,65479,Icebox,Decider,Alliance,Team Vitality,Team Vitality,2059,Alliance,2533,6,6,1,7,0,0,Alliance,AMERICAS
65292,65480,Fracture,Decider,Alliance,Team Vitality,Team Vitality,2059,Alliance,2533,4,8,5,0,0,0,Team Vitality,AMERICAS
65292,65481,Ascent,Decider,Team Vitality,Alliance,Team Vitality,2059,Alliance,2533,9,3,3,4,0,0,Team Vitality,AMERICAS
65293,65482,Breeze,Decider,LDN UTD,Team Vitality,LDN UTD,6460,Team Vitality,2059,5,7,3,8,0,0,LDN UTD,AMERICAS
65293,65483,Fracture,Decider,LDN UTD,Team Vitality,LDN UTD,6460,Team Vitality,2059,8,4,3,5,0,0,LDN UTD,AMERICAS
65288,65467,Haven,EXCEL,G2 Esports,EXCEL,EXCEL,3525,G2 Esports,257,6,6,3,7,0,0,G2 Esports,AMERICAS
65288,65469,Breeze,EXCEL,G2 Esports,EXCEL,EXCEL,3525,G2 Esports,257,6,6,7,1,0,0,EXCEL,AMERICAS
65288,66243,Ascent,Decider,EXCEL,G2 Esports,EXCEL,3525,G2 Esports,257,8,4,9,2,0,0,G2 Esports,AMERICAS
65288,66246,Icebox,Decider,G2 Esports,EXCEL,EXCEL,3525,G2 Esports,257,10,2,7,3,0,0,G2 Esports,AMERICAS
65294,65485,Fracture,LDN UTD,LDN UTD,EXCEL,EXCEL,3525,LDN UTD,6460,11,1,4,2,0,0,LDN UTD,AMERICAS
65294,65486,Ascent,EXCEL,LDN UTD,EXCEL,EXCEL,3525,LDN UTD,6460,9,3,8,4,0,0,LDN UTD,AMERICAS
65294,65487,Icebox,LDN UTD,LDN UTD,EXCEL,EXCEL,3525,LDN UTD,6460,6,6,3,7,0,0,LDN UTD,AMERICAS
64310,63791,Breeze,Decider,Aim.Attack,AIGYR ACADEMY,Aim.Attack,604,AIGYR ACADEMY,7536,4,8,5,6,0,0,AIGYR ACADEMY,AMERICAS
64310,63792,Split,Decider,Aim.Attack,AIGYR ACADEMY,Aim.Attack,604,AIGYR ACADEMY,7536,7,5,3,6,0,0,Aim.Attack,AMERICAS
64310,63793,Bind,Decider,AIGYR ACADEMY,Aim.Attack,Aim.Attack,604,AIGYR ACADEMY,7536,2,10,3,0,0,0,Aim.Attack,AMERICAS
64311,63794,Ascent,Decider,VALORANT Sharaga,EZclap,EZclap,3997,VALORANT Sharaga,7546,2,10,3,2,0,0,EZclap,AMERICAS
64311,63795,Bind,Decider,EZclap,VALORANT Sharaga,EZclap,3997,VALORANT Sharaga,7546,10,2,3,3,0,0,EZclap,AMERICAS
64313,63800,Ascent,Decider,QuantumBrain,адин,QuantumBrain,7398,адин,7252,1,11,2,0,0,0,адин,AMERICAS
64313,63801,Fracture,Decider,QuantumBrain,адин,QuantumBrain,7398,адин,7252,5,7,6,0,0,0,адин,AMERICAS
64314,63803,Haven,Decider,furi+4,VCTRY Esports,VCTRY Esports,6469,furi+4,7527,6,6,4,7,0,0,furi+4,AMERICAS
64314,63804,Bind,Decider,furi+4,VCTRY Esports,VCTRY Esports,6469,furi+4,7527,3,9,4,3,0,0,VCTRY Esports,AMERICAS
64314,63805,Split,Decider,furi+4,VCTRY Esports,VCTRY Esports,6469,furi+4,7527,8,4,1,5,0,0,furi+4,AMERICAS
64315,63806,Haven,Decider,TRG,NoAvocado,NoAvocado,1783,TRG,7528,8,4,0,5,0,0,TRG,AMERICAS
64315,63807,Ascent,Decider,TRG,NoAvocado,NoAvocado,1783,TRG,7528,8,4,3,5,0,0,TRG,AMERICAS
64316,63809,Bind,Decider,Gen'ei Ryodan,Redragon,Redragon,6466,Gen'ei Ryodan,7537,1,11,2,0,0,0,Redragon,AMERICAS
64316,63810,Icebox,Decider,Redragon,Gen'ei Ryodan,Redragon,6466,Gen'ei Ryodan,7537,9,3,2,4,0,0,Redragon,AMERICAS
64317,63812,Ascent,Decider,Cast Gaming,312,Cast Gaming,7529,312,7530,7,5,6,6,0,0,Cast Gaming,AMERICAS
64317,63813,Icebox,Decider,312,Cast Gaming,Cast Gaming,7529,312,7530,5,7,6,0,0,0,Cast Gaming,AMERICAS
64318,63815,Icebox,Decider,V K3Par1kE,FishkaVTom,FishkaVTom,110,V K3Par1kE,7531,1,11,2,0,0,0,FishkaVTom,AMERICAS
64318,63816,Ascent,Decider,FishkaVTom,V K3Par1kE,FishkaVTom,110,V K3Par1kE,7531,7,5,6,6,0,0,FishkaVTom,AMERICAS
64319,63818,Haven,Decider,AHEKDOT,komand04ka,komand04ka,415,AHEKDOT,7241,4,8,5,2,0,0,komand04ka,AMERICAS
64319,63819,Icebox,Decider,komand04ka,AHEKDOT,komand04ka,415,AHEKDOT,7241,4,8,5,1,0,0,AHEKDOT,AMERICAS
64319,63820,Breeze,Decider,komand04ka,AHEKDOT,komand04ka,415,AHEKDOT,7241,4,8,5,6,0,0,AHEKDOT,AMERICAS
64320,63821,Breeze,Decider,ulitka,deathwish,deathwish,5240,ulitka,7532,5,7,6,0,0,0,deathwish,AMERICAS
64320,63822,Icebox,Decider,deathwish,ulitka,deathwish,5240,ulitka,7532,6,6,4,7,0,0,deathwish,AMERICAS
64321,63824,Split,Decider,Aeon,Ax3,Aeon,7239,Ax3,7249,3,9,4,3,0,0,Ax3,AMERICAS
64321,63825,Haven,Decider,Aeon,Ax3,Aeon,7239,Ax3,7249,6,6,7,1,0,0,Ax3,AMERICAS
64322,63827,Icebox,Decider,CRUSHERS,EZ KATKA,EZ KATKA,2845,CRUSHERS,7237,1,11,2,0,0,0,EZ KATKA,AMERICAS
64322,63828,Ascent,Decider,EZ KATKA,CRUSHERS,EZ KATKA,2845,CRUSHERS,7237,7,5,0,6,0,0,EZ KATKA,AMERICAS
64323,63830,Icebox,Decider,unravel,nAts fAns,unravel,7533,nAts fAns,7538,8,4,1,5,0,0,unravel,AMERICAS
64323,63831,Fracture,Decider,unravel,nAts fAns,unravel,7533,nAts fAns,7538,10,2,0,3,0,0,unravel,AMERICAS
64324,63833,Icebox,Decider,QLF Clan,NEXT.GEN,QLF Clan,5773,NEXT.GEN,7534,7,5,5,6,0,0,QLF Clan,AMERICAS
64324,63834,Breeze,Decider,QLF Clan,NEXT.GEN,QLF Clan,5773,NEXT.GEN,7534,6,6,7,4,0,0,NEXT.GEN,AMERICAS
64324,63835,Fracture,Decider,NEXT.GEN,QLF Clan,QLF Clan,5773,NEXT.GEN,7534,6,6,6,6,4,2,NEXT.GEN,AMERICAS
64325,63836,Fracture,Decider,Dobeg,whydah,whydah,7234,Dobeg,7539,7,5,5,6,0,0,Dobeg,AMERICAS
64325,63837,Ascent,Decider,Dobeg,whydah,whydah,7234,Dobeg,7539,7,5,6,6,0,0,Dobeg,AMERICAS
64326,63839,Ascent,Decider,DISBAND,One Breath Gaming,One Breath Gaming,6267,DISBAND,7547,2,10,3,6,0,0,One Breath Gaming,AMERICAS
64326,63840,Bind,Decider,DISBAND,One Breath Gaming,One Breath Gaming,6267,DISBAND,7547,3,9,4,2,0,0,One Breath Gaming,AMERICAS
64327,63842,Icebox,Decider,Winstrike Academy,cis killers,cis killers,7230,Winstrike Academy,7261,6,6,7,4,0,0,cis killers,AMERICAS
64327,63843,Haven,Decider,cis killers,Winstrike Academy,cis killers,7230,Winstrike Academy,7261,7,5,0,6,0,0,cis killers,AMERICAS
64328,63845,Split,Decider,Born in Fire,Aim Face,Born in Fire,7399,Aim Face,7540,3,9,4,1,0,0,Aim Face,AMERICAS
64328,63846,Ascent,Decider,Aim Face,Born in Fire,Born in Fire,7399,Aim Face,7540,8,4,3,5,0,0,Aim Face,AMERICAS
64329,63848,Ascent,Decider,next_viigraem,Space Development,Space Development,7400,next_viigraem,7244,11,1,0,2,0,0,next_viigraem,AMERICAS
64329,63849,Icebox,Decider,next_viigraem,Space Development,Space Development,7400,next_viigraem,7244,10,2,2,3,0,0,next_viigraem,AMERICAS
64330,63851,Icebox,Decider,Team hz,Secha Ghouls,Team hz,4611,Secha Ghouls,7541,8,4,0,5,0,0,Team hz,AMERICAS
64330,63852,Ascent,Decider,Team hz,Secha Ghouls,Team hz,4611,Secha Ghouls,7541,9,3,1,4,0,0,Team hz,AMERICAS
64331,63854,Ascent,Decider,tyeasy,who cares?,who cares?,7256,tyeasy,488,8,4,1,5,0,0,tyeasy,AMERICAS
64331,63855,Fracture,Decider,who cares?,tyeasy,who cares?,7256,tyeasy,488,6,6,7,3,0,0,tyeasy,AMERICAS
64332,63857,Breeze,Decider,Norden eSports,VeselieVintovki,VeselieVintovki,7401,Norden eSports,7229,1,11,2,0,0,0,VeselieVintovki,AMERICAS
64332,63858,Ascent,Decider,VeselieVintovki,Norden eSports,VeselieVintovki,7401,Norden eSports,7229,4,8,5,4,0,0,Norden eSports,AMERICAS
64332,63859,Haven,Decider,VeselieVintovki,Norden eSports,VeselieVintovki,7401,Norden eSports,7229,6,6,4,7,0,0,VeselieVintovki,AMERICAS
64333,63860,Ascent,Decider,Smile,The Bears,Smile,7266,The Bears,7542,8,4,3,5,0,0,Smile,AMERICAS
64333,63861,Haven,Decider,The Bears,Smile,Smile,7266,The Bears,7542,4,8,5,3,0,0,Smile,AMERICAS
64334,63863,Split,Decider,ranked legends,B8 Esports,B8 Esports,7243,ranked legends,7245,8,4,9,3,0,0,B8 Esports,AMERICAS
64334,63864,Icebox,Decider,B8 Esports,ranked legends,B8 Esports,7243,ranked legends,7245,7,5,0,6,0,0,B8 Esports,AMERICAS
64335,63866,Breeze,Decider,PURPURE,fat7,fat7,7246,PURPURE,4519,6,6,0,7,0,0,PURPURE,AMERICAS
64335,63867,Ascent,Decider,fat7,PURPURE,fat7,7246,PURPURE,4519,5,7,6,2,0,0,PURPURE,AMERICAS
64336,63869,Icebox,Decider,LZT Gaming,Sleepless,Sleepless,7255,LZT Gaming,7543,1,11,2,2,0,0,Sleepless,AMERICAS
64336,63870,Breeze,Decider,LZT Gaming,Sleepless,Sleepless,7255,LZT Gaming,7543,1,11,2,0,0,0,Sleepless,AMERICAS
64337,63872,Bind,Decider,team420,KABAHbl,KABAHbl,608,team420,7548,6,6,1,7,0,0,team420,AMERICAS
64337,63873,Ascent,Decider,KABAHbl,team420,KABAHbl,608,team420,7548,6,6,7,3,0,0,team420,AMERICAS
64338,63875,Ascent,Decider,KAIDO,Tactical Five,Tactical Five,6110,KAIDO,7263,8,4,3,5,0,0,KAIDO,AMERICAS
64338,63876,Haven,Decider,KAIDO,Tactical Five,Tactical Five,6110,KAIDO,7263,2,10,3,0,0,0,Tactical Five,AMERICAS
64338,63877,Breeze,Decider,KAIDO,Tactical Five,Tactical Five,6110,KAIDO,7263,8,4,9,0,0,0,Tactical Five,AMERICAS
64339,63878,Ascent,Decider,Universe,PUNCH,Universe,2846,PUNCH,7535,2,10,3,4,0,0,PUNCH,AMERICAS
64339,63879,Breeze,Decider,PUNCH,Universe,Universe,2846,PUNCH,7535,6,6,1,7,0,0,PUNCH,AMERICAS
64340,63881,Ascent,Decider,VCT,Odium,Odium,6029,VCT,7242,4,8,5,7,0,0,Odium,AMERICAS
64340,63882,Icebox,Decider,VCT,Odium,Odium,6029,VCT,7242,3,9,4,1,0,0,Odium,AMERICAS
64341,63884,Haven,Decider,PowerRangers,playordie,playordie,7544,PowerRangers,7545,2,10,2,10,6,4,PowerRangers,AMERICAS
64341,63885,Ascent,Decider,PowerRangers,playordie,playordie,7544,PowerRangers,7545,7,5,3,6,0,0,PowerRangers,AMERICAS
64342,63887,Ascent,Decider,EZclap,Aim.Attack,Aim.Attack,604,EZclap,3997,9,3,1,4,0,0,EZclap,AMERICAS
64342,63888,Haven,Decider,Aim.Attack,EZclap,Aim.Attack,604,EZclap,3997,2,10,3,1,0,0,EZclap,AMERICAS
64343,63890,Icebox,Decider,адин,TRIADA,TRIADA,7549,адин,7252,5,7,4,8,0,0,адин,AMERICAS
64343,63891,Breeze,Decider,адин,TRIADA,TRIADA,7549,адин,7252,9,3,2,4,0,0,адин,AMERICAS
64344,63893,Bind,Decider,furi+4,TRG,furi+4,7527,TRG,7528,8,4,0,5,0,0,furi+4,AMERICAS
64344,63894,Haven,Decider,TRG,furi+4,furi+4,7527,TRG,7528,0,12,1,0,0,0,furi+4,AMERICAS
64345,63896,Bind,Decider,Cast Gaming,Redragon,Redragon,6466,Cast Gaming,7529,1,11,2,3,0,0,Redragon,AMERICAS
64345,63897,Icebox,Decider,Redragon,Cast Gaming,Redragon,6466,Cast Gaming,7529,7,5,0,6,0,0,Redragon,AMERICAS
64347,63902,Breeze,Decider,deathwish,Ax3,deathwish,5240,Ax3,7249,4,8,5,1,0,0,Ax3,AMERICAS
64347,63903,Split,Decider,deathwish,Ax3,deathwish,5240,Ax3,7249,5,7,3,8,0,0,deathwish,AMERICAS
64347,63904,Icebox,Decider,deathwish,Ax3,deathwish,5240,Ax3,7249,4,8,5,2,0,0,Ax3,AMERICAS
64348,63905,Breeze,Decider,unravel,EZ KATKA,EZ KATKA,2845,unravel,7533,1,11,2,2,0,0,EZ KATKA,AMERICAS
64348,63906,Icebox,Decider,EZ KATKA,unravel,EZ KATKA,2845,unravel,7533,10,2,0,3,0,0,EZ KATKA,AMERICAS
64349,63908,Fracture,Decider,NEXT.GEN,Dobeg,NEXT.GEN,7534,Dobeg,7539,4,8,5,4,0,0,Dobeg,AMERICAS
64349,63909,Ascent,Decider,Dobeg,NEXT.GEN,NEXT.GEN,7534,Dobeg,7539,9,3,2,4,0,0,Dobeg,AMERICAS
64350,63911,Split,Decider,One Breath Gaming,cis killers,One Breath Gaming,6267,cis killers,7230,8,4,6,5,0,0,One Breath Gaming,AMERICAS
64350,63912,Bind,Decider,cis killers,One Breath Gaming,One Breath Gaming,6267,cis killers,7230,7,5,8,1,0,0,One Breath Gaming,AMERICAS
64351,63914,Ascent,Decider,next_viigraem,Aim Face,Aim Face,7540,next_viigraem,7244,8,4,6,5,0,0,next_viigraem,AMERICAS
64351,63915,Icebox,Decider,next_viigraem,Aim Face,Aim Face,7540,next_viigraem,7244,9,3,1,4,0,0,next_viigraem,AMERICAS
64352,63917,Icebox,Decider,tyeasy,Team hz,Team hz,4611,tyeasy,488,4,8,5,5,0,0,Team hz,AMERICAS
64352,63918,Ascent,Decider,Team hz,tyeasy,Team hz,4611,tyeasy,488,5,7,3,8,0,0,Team hz,AMERICAS
64353,63920,Ascent,Decider,VeselieVintovki,Smile,VeselieVintovki,7401,Smile,7266,11,1,0,2,0,0,VeselieVintovki,AMERICAS
64353,63921,Split,Decider,Smile,VeselieVintovki,VeselieVintovki,7401,Smile,7266,2,10,3,1,0,0,VeselieVintovki,AMERICAS
64354,63923,Breeze,Decider,B8 Esports,PURPURE,B8 Esports,7243,PURPURE,4519,6,6,2,7,0,0,B8 Esports,AMERICAS
64354,63924,Icebox,Decider,B8 Esports,PURPURE,B8 Esports,7243,PURPURE,4519,6,6,5,7,0,0,B8 Esports,AMERICAS
64355,63926,Fracture,Decider,Sleepless,team420,Sleepless,7255,team420,7548,6,6,5,7,0,0,Sleepless,AMERICAS
64355,63927,Icebox,Decider,team420,Sleepless,Sleepless,7255,team420,7548,2,10,3,1,0,0,Sleepless,AMERICAS
64356,63929,Icebox,Decider,PUNCH,Tactical Five,Tactical Five,6110,PUNCH,7535,1,11,2,2,0,0,Tactical Five,AMERICAS
64356,63930,Ascent,Decider,PUNCH,Tactical Five,Tactical Five,6110,PUNCH,7535,3,9,3,9,0,2,Tactical Five,AMERICAS
64357,63932,Icebox,Decider,Odium,PowerRangers,Odium,6029,PowerRangers,7545,8,4,3,5,0,0,Odium,AMERICAS
64357,63933,Ascent,Decider,PowerRangers,Odium,Odium,6029,PowerRangers,7545,5,7,6,2,0,0,Odium,AMERICAS
64358,63935,Ascent,Decider,адин,EZclap,EZclap,3997,адин,7252,5,7,6,0,0,0,EZclap,AMERICAS
64358,63936,Breeze,Decider,EZclap,адин,EZclap,3997,адин,7252,7,5,0,6,0,0,EZclap,AMERICAS
64359,63938,Ascent,Decider,furi+4,Redragon,furi+4,7527,Redragon,6466,8,4,3,5,0,0,furi+4,AMERICAS
64359,63939,Haven,Decider,Redragon,furi+4,furi+4,7527,Redragon,6466,10,2,2,3,0,0,Redragon,AMERICAS
64359,63940,Split,Decider,Redragon,furi+4,furi+4,7527,Redragon,6466,4,8,5,3,0,0,furi+4,AMERICAS
64361,63944,Haven,Decider,Dobeg,EZ KATKA,EZ KATKA,2845,Dobeg,7539,6,6,7,2,0,0,EZ KATKA,AMERICAS
64361,63945,Split,Decider,EZ KATKA,Dobeg,EZ KATKA,2845,Dobeg,7539,4,8,5,3,0,0,Dobeg,AMERICAS
64361,63946,Icebox,Decider,EZ KATKA,Dobeg,EZ KATKA,2845,Dobeg,7539,4,8,5,4,0,0,Dobeg,AMERICAS
64363,63950,Icebox,Decider,Team hz,VeselieVintovki,Team hz,4611,VeselieVintovki,7401,2,10,3,4,0,0,VeselieVintovki,AMERICAS
64363,63951,Split,Decider,Team hz,VeselieVintovki,Team hz,4611,VeselieVintovki,7401,3,9,4,1,0,0,VeselieVintovki,AMERICAS
64364,63953,Breeze,Decider,Sleepless,B8 Esports,B8 Esports,7243,Sleepless,7255,7,5,8,2,0,0,B8 Esports,AMERICAS
64364,63954,Icebox,Decider,B8 Esports,Sleepless,B8 Esports,7243,Sleepless,7255,5,7,6,1,0,0,Sleepless,AMERICAS
64364,63955,Fracture,Decider,B8 Esports,Sleepless,B8 Esports,7243,Sleepless,7255,3,9,2,10,0,0,B8 Esports,AMERICAS
64365,63956,Icebox,Decider,Tactical Five,Odium,Tactical Five,6110,Odium,6029,9,3,2,4,0,0,Tactical Five,AMERICAS
64365,63957,Breeze,Decider,Odium,Tactical Five,Tactical Five,6110,Odium,6029,4,8,5,6,0,0,Tactical Five,AMERICAS
64362,63947,Ascent,Decider,next_viigraem,One Breath Gaming,One Breath Gaming,6267,next_viigraem,7244,5,7,3,8,0,0,next_viigraem,AMERICAS
64362,63948,Breeze,Decider,One Breath Gaming,next_viigraem,One Breath Gaming,6267,next_viigraem,7244,4,8,4,8,3,5,next_viigraem,AMERICAS
64360,63941,Bind,Decider,Ax3,FishkaVTom,FishkaVTom,110,Ax3,7249,6,6,6,6,2,0,Ax3,AMERICAS
64360,63942,Split,Decider,FishkaVTom,Ax3,FishkaVTom,110,Ax3,7249,5,7,6,5,0,0,Ax3,AMERICAS
64366,63959,Icebox,Decider,EZclap,furi+4,EZclap,3997,furi+4,7527,3,9,4,4,0,0,furi+4,AMERICAS
64366,63960,Ascent,Decider,EZclap,furi+4,EZclap,3997,furi+4,7527,8,4,1,5,0,0,EZclap,AMERICAS
64366,63961,Haven,Decider,EZclap,furi+4,EZclap,3997,furi+4,7527,7,5,6,6,0,0,EZclap,AMERICAS
64367,63962,Split,Decider,Ax3,Dobeg,Ax3,7249,Dobeg,7539,2,10,3,0,0,0,Dobeg,AMERICAS
64367,63963,Icebox,Decider,Dobeg,Ax3,Ax3,7249,Dobeg,7539,4,8,5,7,0,0,Ax3,AMERICAS
64367,63964,Haven,Decider,Dobeg,Ax3,Ax3,7249,Dobeg,7539,6,6,2,7,0,0,Dobeg,AMERICAS
64368,63965,Icebox,Decider,next_viigraem,VeselieVintovki,next_viigraem,7244,VeselieVintovki,7401,8,4,7,5,0,0,next_viigraem,AMERICAS
64368,63966,Split,Decider,next_viigraem,VeselieVintovki,next_viigraem,7244,VeselieVintovki,7401,0,12,1,2,0,0,VeselieVintovki,AMERICAS
64368,63967,Breeze,Decider,VeselieVintovki,next_viigraem,next_viigraem,7244,VeselieVintovki,7401,8,4,0,5,0,0,VeselieVintovki,AMERICAS
64369,63968,Fracture,Decider,B8 Esports,Tactical Five,B8 Esports,7243,Tactical Five,6110,7,5,4,6,0,0,B8 Esports,AMERICAS
64369,63969,Icebox,Decider,Tactical Five,B8 Esports,B8 Esports,7243,Tactical Five,6110,6,6,5,7,0,0,Tactical Five,AMERICAS
64369,63970,Breeze,Decider,B8 Esports,Tactical Five,B8 Esports,7243,Tactical Five,6110,7,5,8,2,0,0,Tactical Five,AMERICAS
65230,65404,Icebox,Decider,EZclap,Natus Vincere,Natus Vincere,4915,EZclap,3997,5,7,6,0,0,0,Natus Vincere,AMERICAS
65230,65405,Haven,Decider,Natus Vincere,EZclap,Natus Vincere,4915,EZclap,3997,5,7,6,5,0,0,EZclap,AMERICAS
65230,65406,Ascent,Decider,Natus Vincere,EZclap,Natus Vincere,4915,EZclap,3997,9,3,0,4,0,0,Natus Vincere,AMERICAS
65231,65407,Haven,Decider,VeselieVintovki,5MOKES,5MOKES,967,VeselieVintovki,7401,6,6,7,2,0,0,5MOKES,AMERICAS
65231,65408,Split,Decider,5MOKES,VeselieVintovki,5MOKES,967,VeselieVintovki,7401,8,4,8,4,3,1,5MOKES,AMERICAS
65232,65410,Fracture,Decider,KPI Gaming,Dobeg,KPI Gaming,6313,Dobeg,7539,9,3,1,4,0,0,KPI Gaming,AMERICAS
65232,65411,Icebox,Decider,Dobeg,KPI Gaming,KPI Gaming,6313,Dobeg,7539,5,7,6,2,0,0,KPI Gaming,AMERICAS
65233,65413,Icebox,Decider,SMARACIS eSports,Tactical Five,SMARACIS eSports,3361,Tactical Five,6110,7,5,8,4,0,0,Tactical Five,AMERICAS
65233,65414,Breeze,Decider,SMARACIS eSports,Tactical Five,SMARACIS eSports,3361,Tactical Five,6110,4,8,5,7,0,0,Tactical Five,AMERICAS
65234,65416,Icebox,Decider,5MOKES,Natus Vincere,Natus Vincere,4915,5MOKES,967,7,5,7,5,2,0,5MOKES,AMERICAS
65234,65417,Fracture,Decider,Natus Vincere,5MOKES,Natus Vincere,4915,5MOKES,967,3,9,4,2,0,0,5MOKES,AMERICAS
65235,65419,Icebox,Decider,KPI Gaming,Tactical Five,KPI Gaming,6313,Tactical Five,6110,6,6,1,7,0,0,KPI Gaming,AMERICAS
65235,65420,Fracture,Decider,Tactical Five,KPI Gaming,KPI Gaming,6313,Tactical Five,6110,7,5,7,5,2,0,Tactical Five,AMERICAS
65235,65421,Ascent,Decider,KPI Gaming,Tactical Five,KPI Gaming,6313,Tactical Five,6110,6,6,7,2,0,0,Tactical Five,AMERICAS
65238,65428,Ascent,Decider,VeselieVintovki,EZclap,EZclap,3997,VeselieVintovki,7401,4,8,5,0,0,0,EZclap,AMERICAS
65238,65429,Breeze,Decider,EZclap,VeselieVintovki,EZclap,3997,VeselieVintovki,7401,5,7,6,1,0,0,VeselieVintovki,AMERICAS
65238,65430,Icebox,Decider,EZclap,VeselieVintovki,EZclap,3997,VeselieVintovki,7401,3,9,4,1,0,0,VeselieVintovki,AMERICAS
65239,65431,Fracture,Decider,Dobeg,SMARACIS eSports,Dobeg,7539,SMARACIS eSports,3361,6,6,2,7,0,0,Dobeg,AMERICAS
65239,65432,Icebox,Decider,Dobeg,SMARACIS eSports,Dobeg,7539,SMARACIS eSports,3361,9,3,8,4,0,0,Dobeg,AMERICAS
65241,65437,Ascent,Decider,Dobeg,Natus Vincere,Natus Vincere,4915,Dobeg,7539,2,10,3,2,0,0,Natus Vincere,AMERICAS
65241,65438,Split,Decider,Natus Vincere,Dobeg,Natus Vincere,4915,Dobeg,7539,10,2,1,3,0,0,Natus Vincere,AMERICAS
65236,65422,Icebox,Decider,5MOKES,Tactical Five,5MOKES,967,Tactical Five,6110,7,5,3,6,0,0,5MOKES,AMERICAS
65236,65423,Haven,Decider,5MOKES,Tactical Five,5MOKES,967,Tactical Five,6110,8,4,1,5,0,0,5MOKES,AMERICAS
65240,65434,Split,Decider,KPI Gaming,VeselieVintovki,KPI Gaming,6313,VeselieVintovki,7401,7,5,7,5,1,3,VeselieVintovki,AMERICAS
65240,65435,Icebox,Decider,KPI Gaming,VeselieVintovki,KPI Gaming,6313,VeselieVintovki,7401,10,2,7,3,0,0,KPI Gaming,AMERICAS
65240,65436,Breeze,Decider,KPI Gaming,VeselieVintovki,KPI Gaming,6313,VeselieVintovki,7401,9,3,2,4,0,0,KPI Gaming,AMERICAS
65242,65440,Ascent,Natus Vincere,KPI Gaming,Natus Vincere,KPI Gaming,6313,Natus Vincere,4915,4,8,5,5,0,0,Natus Vincere,AMERICAS
65242,65441,Icebox,Decider,Natus Vincere,KPI Gaming,KPI Gaming,6313,Natus Vincere,4915,6,6,6,6,2,0,Natus Vincere,AMERICAS
65244,65446,Icebox,Decider,Dobeg,VeselieVintovki,VeselieVintovki,7401,Dobeg,7539,7,5,7,5,3,1,Dobeg,AMERICAS
65244,65447,Split,Decider,Dobeg,VeselieVintovki,VeselieVintovki,7401,Dobeg,7539,6,6,6,6,0,2,VeselieVintovki,AMERICAS
65244,65448,Haven,Decider,Dobeg,VeselieVintovki,VeselieVintovki,7401,Dobeg,7539,6,6,4,7,0,0,Dobeg,AMERICAS
65243,65443,Icebox,Decider,Natus Vincere,Tactical Five,Tactical Five,6110,Natus Vincere,4915,6,6,7,5,0,0,Tactical Five,AMERICAS
65243,65444,Bind,Decider,Natus Vincere,Tactical Five,Tactical Five,6110,Natus Vincere,4915,8,4,3,5,0,0,Natus Vincere,AMERICAS
65243,65445,Ascent,Decider,Natus Vincere,Tactical Five,Tactical Five,6110,Natus Vincere,4915,7,5,0,6,0,0,Natus Vincere,AMERICAS
65237,65425,Haven,5MOKES,5MOKES,Natus Vincere,5MOKES,967,Natus Vincere,4915,3,9,4,0,0,0,Natus Vincere,AMERICAS
65237,65426,Split,Natus Vincere,5MOKES,Natus Vincere,5MOKES,967,Natus Vincere,4915,9,3,10,1,0,0,Natus Vincere,AMERICAS
65237,65427,Icebox,5MOKES,5MOKES,Natus Vincere,5MOKES,967,Natus Vincere,4915,6,6,7,5,0,0,Natus Vincere,AMERICAS
64371,63971,Ascent,Decider,FUT Esports,Overwatch,FUT Esports,1184,Overwatch,3260,11,1,0,2,0,0,FUT Esports,AMERICAS
64371,63972,Icebox,Decider,FUT Esports,Overwatch,FUT Esports,1184,Overwatch,3260,10,2,0,3,0,0,FUT Esports,AMERICAS
64372,63974,Icebox,Decider,Mad Mare,OtherSide,OtherSide,1453,Mad Mare,7274,3,9,4,5,0,0,OtherSide,AMERICAS
64372,63975,Haven,Decider,Mad Mare,OtherSide,OtherSide,1453,Mad Mare,7274,3,9,4,1,0,0,OtherSide,AMERICAS
64373,63977,Ascent,Decider,Atlantis,DefendYourSelf,Atlantis,7286,DefendYourSelf,7550,10,2,0,3,0,0,Atlantis,AMERICAS
64373,63978,Bind,Decider,Atlantis,DefendYourSelf,Atlantis,7286,DefendYourSelf,7550,12,0,0,1,0,0,Atlantis,AMERICAS
64374,63980,Ascent,Decider,PCIFIC Esports,Sahangiller Espor,Sahangiller Espor,7291,PCIFIC Esports,3478,2,10,3,3,0,0,Sahangiller Espor,AMERICAS
64374,63981,Split,Decider,Sahangiller Espor,PCIFIC Esports,Sahangiller Espor,7291,PCIFIC Esports,3478,8,4,5,5,0,0,Sahangiller Espor,AMERICAS
64375,63983,Breeze,Decider,FAWES,İstanbul Wildcats,İstanbul Wildcats,6132,FAWES,3467,8,4,0,5,0,0,FAWES,AMERICAS
64375,63984,Ascent,Decider,İstanbul Wildcats,FAWES,İstanbul Wildcats,6132,FAWES,3467,3,9,4,3,0,0,FAWES,AMERICAS
64376,63986,Icebox,Decider,ŞAKLABANLAR,Never Give Up,Never Give Up,7295,ŞAKLABANLAR,3976,4,8,5,2,0,0,Never Give Up,AMERICAS
64376,63987,Haven,Decider,Never Give Up,ŞAKLABANLAR,Never Give Up,7295,ŞAKLABANLAR,3976,3,9,4,0,0,0,ŞAKLABANLAR,AMERICAS
64376,63988,Breeze,Decider,Never Give Up,ŞAKLABANLAR,Never Give Up,7295,ŞAKLABANLAR,3976,5,7,2,8,0,0,Never Give Up,AMERICAS
64377,63989,Bind,Decider,Lose Angeles,blablabla,blablabla,7275,Lose Angeles,7552,3,9,4,2,0,0,blablabla,AMERICAS
64377,63990,Ascent,Decider,Lose Angeles,blablabla,blablabla,7275,Lose Angeles,7552,2,10,3,3,0,0,blablabla,AMERICAS
64378,63992,Split,Decider,Unknownpros,Mortal Step Up,Unknownpros,5308,Mortal Step Up,7553,11,1,2,2,0,0,Unknownpros,AMERICAS
64378,63993,Ascent,Decider,Unknownpros,Mortal Step Up,Unknownpros,5308,Mortal Step Up,7553,10,2,0,3,0,0,Unknownpros,AMERICAS
64379,63995,Breeze,Decider,Adini Sen Koy,Regnum Carya Esports,Regnum Carya Esports,4396,Adini Sen Koy,7554,5,7,6,3,0,0,Regnum Carya Esports,AMERICAS
64379,63996,Haven,Decider,Regnum Carya Esports,Adini Sen Koy,Regnum Carya Esports,4396,Adini Sen Koy,7554,8,4,2,5,0,0,Regnum Carya Esports,AMERICAS
64380,63998,Haven,Decider,radiant elo gatekeepers,Fliers,radiant elo gatekeepers,7280,Fliers,7555,8,4,8,4,1,3,Fliers,AMERICAS
64380,63999,Icebox,Decider,radiant elo gatekeepers,Fliers,radiant elo gatekeepers,7280,Fliers,7555,2,10,3,2,0,0,Fliers,AMERICAS
64381,64001,Haven,Decider,Cradle To Grave,Team Aurora,Team Aurora,2903,Cradle To Grave,7556,5,7,6,0,0,0,Team Aurora,AMERICAS
64381,64002,Breeze,Decider,Team Aurora,Cradle To Grave,Team Aurora,2903,Cradle To Grave,7556,8,4,0,5,0,0,Team Aurora,AMERICAS
64382,64004,Icebox,Decider,Küçükçekmece Espor,Part Time Players,Part Time Players,7557,Küçükçekmece Espor,7299,8,4,4,5,0,0,Küçükçekmece Espor,AMERICAS
64382,64005,Bind,Decider,Part Time Players,Küçükçekmece Espor,Part Time Players,7557,Küçükçekmece Espor,7299,11,1,4,2,0,0,Part Time Players,AMERICAS
64382,64006,Ascent,Decider,Part Time Players,Küçükçekmece Espor,Part Time Players,7557,Küçükçekmece Espor,7299,9,3,0,4,0,0,Part Time Players,AMERICAS
64383,64007,Bind,Decider,010 Esports,Eternal Fire,Eternal Fire,6392,010 Esports,7559,8,4,9,2,0,0,Eternal Fire,AMERICAS
64383,64008,Fracture,Decider,Eternal Fire,010 Esports,Eternal Fire,6392,010 Esports,7559,8,4,2,5,0,0,Eternal Fire,AMERICAS
64384,64010,Breeze,Decider,Kafalar eSports,Piercer Esports,Kafalar eSports,3261,Piercer Esports,3527,9,3,5,4,0,0,Kafalar eSports,AMERICAS
64384,64011,Haven,Decider,Kafalar eSports,Piercer Esports,Kafalar eSports,3261,Piercer Esports,3527,8,4,7,5,0,0,Kafalar eSports,AMERICAS
64385,64013,Split,Decider,KBB KAGITSPOR,Axid Esports,Axid Esports,7560,KBB KAGITSPOR,7561,9,3,0,4,0,0,KBB KAGITSPOR,AMERICAS
64385,64014,Icebox,Decider,KBB KAGITSPOR,Axid Esports,Axid Esports,7560,KBB KAGITSPOR,7561,9,3,0,4,0,0,KBB KAGITSPOR,AMERICAS
64386,64016,Haven,Decider,Team Demiral Esports,STEP BACK,Team Demiral Esports,6779,STEP BACK,7290,1,11,2,2,0,0,STEP BACK,AMERICAS
64386,64017,Icebox,Decider,STEP BACK,Team Demiral Esports,Team Demiral Esports,6779,STEP BACK,7290,5,7,6,1,0,0,Team Demiral Esports,AMERICAS
64386,64018,Bind,Decider,STEP BACK,Team Demiral Esports,Team Demiral Esports,6779,STEP BACK,7290,7,5,7,5,3,1,STEP BACK,AMERICAS
64387,64019,Breeze,Decider,Young Talent Esports,Fenerbahçe Esports,Fenerbahçe Esports,5310,Young Talent Esports,7562,0,12,1,0,0,0,Fenerbahçe Esports,AMERICAS
64387,64020,Bind,Decider,Fenerbahçe Esports,Young Talent Esports,Fenerbahçe Esports,5310,Young Talent Esports,7562,11,1,2,2,0,0,Fenerbahçe Esports,AMERICAS
64388,64022,Bind,Decider,Turgutlu Belediyesi Esports,DEVILS 5,DEVILS 5,7563,Turgutlu Belediyesi Esports,6981,4,8,5,2,0,0,DEVILS 5,AMERICAS
64388,64023,Icebox,Decider,Turgutlu Belediyesi Esports,DEVILS 5,DEVILS 5,7563,Turgutlu Belediyesi Esports,6981,6,6,3,7,0,0,Turgutlu Belediyesi Esports,AMERICAS
64388,64024,Split,Decider,DEVILS 5,Turgutlu Belediyesi Esports,DEVILS 5,7563,Turgutlu Belediyesi Esports,6981,3,9,4,0,0,0,Turgutlu Belediyesi Esports,AMERICAS
64389,64025,Breeze,Decider,Most Wanted,w0wClan,w0wClan,3985,Most Wanted,7564,2,10,3,0,0,0,w0wClan,AMERICAS
64389,64026,Icebox,Decider,w0wClan,Most Wanted,w0wClan,3985,Most Wanted,7564,9,3,4,4,0,0,w0wClan,AMERICAS
64390,64028,Bind,Decider,Night Busters,BEDELSİZ,BEDELSİZ,7271,Night Busters,7565,5,7,2,8,0,0,Night Busters,AMERICAS
64390,64029,Split,Decider,BEDELSİZ,Night Busters,BEDELSİZ,7271,Night Busters,7565,9,3,10,1,0,0,Night Busters,AMERICAS
64391,64031,Icebox,Decider,7 States Esports,Thunderbolts Gaming,Thunderbolts Gaming,2908,7 States Esports,6978,2,10,3,3,0,0,Thunderbolts Gaming,AMERICAS
64391,64032,Split,Decider,Thunderbolts Gaming,7 States Esports,Thunderbolts Gaming,2908,7 States Esports,6978,9,3,2,4,0,0,Thunderbolts Gaming,AMERICAS
64392,64034,Breeze,Decider,KNAVES E-SPORTS,Beşiktaş Esports,Beşiktaş Esports,2036,KNAVES E-SPORTS,7566,0,12,1,2,0,0,Beşiktaş Esports,AMERICAS
64392,64035,Split,Decider,Beşiktaş Esports,KNAVES E-SPORTS,Beşiktaş Esports,2036,KNAVES E-SPORTS,7566,6,6,6,6,2,0,Beşiktaş Esports,AMERICAS
64393,64037,Ascent,Decider,HS Rising,Karagümrük Esports,Karagümrük Esports,7302,HS Rising,7567,2,10,3,3,0,0,Karagümrük Esports,AMERICAS
64393,64038,Bind,Decider,Karagümrük Esports,HS Rising,Karagümrük Esports,7302,HS Rising,7567,11,1,0,2,0,0,Karagümrük Esports,AMERICAS
64394,64040,Ascent,Decider,sharKO,36NUMBER,36NUMBER,4248,sharKO,7568,4,8,5,0,0,0,36NUMBER,AMERICAS
64394,64041,Bind,Decider,36NUMBER,sharKO,36NUMBER,4248,sharKO,7568,9,3,7,4,0,0,36NUMBER,AMERICAS
64395,64043,Split,Decider,Zero Zone,Saksagan,Zero Zone,1675,Saksagan,7569,6,6,2,7,0,0,Zero Zone,AMERICAS
64395,64044,Bind,Decider,Saksagan,Zero Zone,Zero Zone,1675,Saksagan,7569,3,9,4,4,0,0,Zero Zone,AMERICAS
64396,64046,Ascent,Decider,Gringo Team,Merlyn Esports,Merlyn Esports,5858,Gringo Team,5290,10,2,2,3,0,0,Gringo Team,AMERICAS
64396,64047,Split,Decider,Merlyn Esports,Gringo Team,Merlyn Esports,5858,Gringo Team,5290,5,7,2,8,0,0,Merlyn Esports,AMERICAS
64396,64048,Fracture,Decider,Merlyn Esports,Gringo Team,Merlyn Esports,5858,Gringo Team,5290,7,5,8,1,0,0,Gringo Team,AMERICAS
64397,64049,Fracture,Decider,Black E-Spor,Team Lixa,Team Lixa,6230,Black E-Spor,7570,3,9,4,5,0,0,Team Lixa,AMERICAS
64397,64050,Icebox,Decider,Black E-Spor,Team Lixa,Team Lixa,6230,Black E-Spor,7570,1,11,2,1,0,0,Team Lixa,AMERICAS
64399,64055,Icebox,Decider,BELA Esports,Surreal Esports,Surreal Esports,4696,BELA Esports,7572,2,10,3,0,0,0,Surreal Esports,AMERICAS
64399,64056,Ascent,Decider,Surreal Esports,BELA Esports,Surreal Esports,4696,BELA Esports,7572,12,0,0,1,0,0,Surreal Esports,AMERICAS
64400,64058,Haven,Decider,mix5,Looking For Organization,Looking For Organization,7571,mix5,5862,7,5,4,6,0,0,mix5,AMERICAS
64400,64059,Ascent,Decider,Looking For Organization,mix5,Looking For Organization,7571,mix5,5862,6,6,7,5,0,0,mix5,AMERICAS
64401,64061,Ascent,Decider,Big Special Esports,3 Gün Yeter,3 Gün Yeter,7284,Big Special Esports,7573,1,11,2,0,0,0,3 Gün Yeter,AMERICAS
64401,64062,Haven,Decider,Big Special Esports,3 Gün Yeter,3 Gün Yeter,7284,Big Special Esports,7573,4,8,5,0,0,0,3 Gün Yeter,AMERICAS
64402,64064,Icebox,Decider,Team X,VAGOS,VAGOS,7574,Team X,7575,3,9,2,10,0,0,Team X,AMERICAS
64402,64065,Breeze,Decider,Team X,VAGOS,VAGOS,7574,Team X,7575,8,4,2,5,0,0,Team X,AMERICAS
64403,64067,Ascent,Decider,FUT Esports,OtherSide,FUT Esports,1184,OtherSide,1453,6,6,7,3,0,0,OtherSide,AMERICAS
64403,64068,Haven,Decider,OtherSide,FUT Esports,FUT Esports,1184,OtherSide,1453,4,8,5,0,0,0,FUT Esports,AMERICAS
64403,64069,Icebox,Decider,FUT Esports,OtherSide,FUT Esports,1184,OtherSide,1453,7,5,0,6,0,0,FUT Esports,AMERICAS
64404,64070,Ascent,Decider,Sahangiller Espor,Atlantis,Atlantis,7286,Sahangiller Espor,7291,5,7,2,8,0,0,Sahangiller Espor,AMERICAS
64404,64071,Icebox,Decider,Atlantis,Sahangiller Espor,Atlantis,7286,Sahangiller Espor,7291,6,6,7,2,0,0,Sahangiller Espor,AMERICAS
64405,64073,Haven,Decider,Never Give Up,FAWES,FAWES,3467,Never Give Up,7295,3,9,4,3,0,0,FAWES,AMERICAS
64405,64074,Split,Decider,FAWES,Never Give Up,FAWES,3467,Never Give Up,7295,10,2,0,3,0,0,FAWES,AMERICAS
64406,64076,Split,Decider,Unknownpros,blablabla,blablabla,7275,Unknownpros,5308,9,3,10,2,0,0,blablabla,AMERICAS
64406,64077,Icebox,Decider,Unknownpros,blablabla,blablabla,7275,Unknownpros,5308,2,10,3,7,0,0,blablabla,AMERICAS
64407,64079,Breeze,Decider,Fliers,Regnum Carya Esports,Regnum Carya Esports,4396,Fliers,7555,3,9,4,1,0,0,Regnum Carya Esports,AMERICAS
64407,64080,Ascent,Decider,Regnum Carya Esports,Fliers,Regnum Carya Esports,4396,Fliers,7555,8,4,1,5,0,0,Regnum Carya Esports,AMERICAS
64408,64082,Haven,Decider,Part Time Players,Team Aurora,Team Aurora,2903,Part Time Players,7557,2,10,3,0,0,0,Team Aurora,AMERICAS
64408,64083,Bind,Decider,Team Aurora,Part Time Players,Team Aurora,2903,Part Time Players,7557,4,8,3,9,0,0,Team Aurora,AMERICAS
64409,64085,Split,Decider,Kafalar eSports,Eternal Fire,Eternal Fire,6392,Kafalar eSports,3261,3,9,4,0,0,0,Eternal Fire,AMERICAS
64409,64086,Breeze,Decider,Kafalar eSports,Eternal Fire,Eternal Fire,6392,Kafalar eSports,3261,7,5,7,5,0,2,Eternal Fire,AMERICAS
64410,64088,Icebox,Decider,KBB KAGITSPOR,STEP BACK,KBB KAGITSPOR,7561,STEP BACK,7290,4,8,3,9,0,0,KBB KAGITSPOR,AMERICAS
64410,64089,Haven,Decider,KBB KAGITSPOR,STEP BACK,KBB KAGITSPOR,7561,STEP BACK,7290,4,8,4,8,3,1,KBB KAGITSPOR,AMERICAS
64411,64091,Icebox,Decider,Turgutlu Belediyesi Esports,Fenerbahçe Esports,Fenerbahçe Esports,5310,Turgutlu Belediyesi Esports,6981,3,9,4,2,0,0,Fenerbahçe Esports,AMERICAS
64411,64092,Bind,Decider,Turgutlu Belediyesi Esports,Fenerbahçe Esports,Fenerbahçe Esports,5310,Turgutlu Belediyesi Esports,6981,8,4,9,1,0,0,Fenerbahçe Esports,AMERICAS
64412,64094,Breeze,Decider,w0wClan,Night Busters,w0wClan,3985,Night Busters,7565,10,2,0,3,0,0,w0wClan,AMERICAS
64412,64095,Ascent,Decider,w0wClan,Night Busters,w0wClan,3985,Night Busters,7565,10,2,3,3,0,0,w0wClan,AMERICAS
64413,64097,Icebox,Decider,Thunderbolts Gaming,Beşiktaş Esports,Thunderbolts Gaming,2908,Beşiktaş Esports,2036,8,4,6,5,0,0,Thunderbolts Gaming,AMERICAS
64413,64098,Breeze,Decider,Thunderbolts Gaming,Beşiktaş Esports,Thunderbolts Gaming,2908,Beşiktaş Esports,2036,8,4,9,1,0,0,Beşiktaş Esports,AMERICAS
64413,64099,Bind,Decider,Thunderbolts Gaming,Beşiktaş Esports,Thunderbolts Gaming,2908,Beşiktaş Esports,2036,8,4,4,5,0,0,Thunderbolts Gaming,AMERICAS
64414,64100,Ascent,Decider,36NUMBER,Karagümrük Esports,Karagümrük Esports,7302,36NUMBER,4248,4,8,2,9,0,0,36NUMBER,AMERICAS
64414,64101,Split,Decider,Karagümrük Esports,36NUMBER,Karagümrük Esports,7302,36NUMBER,4248,3,9,4,1,0,0,36NUMBER,AMERICAS
64415,64103,Ascent,Decider,Zero Zone,Gringo Team,Zero Zone,1675,Gringo Team,5290,10,2,5,3,0,0,Zero Zone,AMERICAS
64415,64104,Bind,Decider,Gringo Team,Zero Zone,Zero Zone,1675,Gringo Team,5290,5,7,4,8,0,0,Gringo Team,AMERICAS
64415,64105,Split,Decider,Gringo Team,Zero Zone,Zero Zone,1675,Gringo Team,5290,1,11,2,2,0,0,Zero Zone,AMERICAS
64416,64106,Icebox,Decider,Team Lixa,Anatolia Esports,Team Lixa,6230,Anatolia Esports,5276,9,3,2,4,0,0,Team Lixa,AMERICAS
64416,64107,Breeze,Decider,Anatolia Esports,Team Lixa,Team Lixa,6230,Anatolia Esports,5276,1,11,2,0,0,0,Team Lixa,AMERICAS
64417,64109,Haven,Decider,mix5,Surreal Esports,Surreal Esports,4696,mix5,5862,3,9,4,3,0,0,Surreal Esports,AMERICAS
64417,64110,Icebox,Decider,Surreal Esports,mix5,Surreal Esports,4696,mix5,5862,6,6,3,7,0,0,Surreal Esports,AMERICAS
64418,64112,Ascent,Decider,Team X,3 Gün Yeter,3 Gün Yeter,7284,Team X,7575,0,12,1,3,0,0,3 Gün Yeter,AMERICAS
64418,64113,Fracture,Decider,3 Gün Yeter,Team X,3 Gün Yeter,7284,Team X,7575,7,5,0,6,0,0,3 Gün Yeter,AMERICAS
64419,64115,Ascent,Decider,FUT Esports,Sahangiller Espor,FUT Esports,1184,Sahangiller Espor,7291,8,4,2,5,0,0,FUT Esports,AMERICAS
64419,64116,Haven,Decider,Sahangiller Espor,FUT Esports,FUT Esports,1184,Sahangiller Espor,7291,1,11,2,0,0,0,FUT Esports,AMERICAS
64420,64118,Bind,Decider,FAWES,blablabla,FAWES,3467,blablabla,7275,4,8,5,3,0,0,blablabla,AMERICAS
64420,64119,Haven,Decider,FAWES,blablabla,FAWES,3467,blablabla,7275,4,8,5,2,0,0,blablabla,AMERICAS
64421,64121,Icebox,Decider,Team Aurora,Regnum Carya Esports,Regnum Carya Esports,4396,Team Aurora,2903,6,6,4,7,0,0,Team Aurora,AMERICAS
64421,64122,Haven,Decider,Regnum Carya Esports,Team Aurora,Regnum Carya Esports,4396,Team Aurora,2903,4,8,5,3,0,0,Team Aurora,AMERICAS
64422,64124,Ascent,Decider,KBB KAGITSPOR,Eternal Fire,Eternal Fire,6392,KBB KAGITSPOR,7561,2,10,3,2,0,0,Eternal Fire,AMERICAS
64422,64125,Icebox,Decider,KBB KAGITSPOR,Eternal Fire,Eternal Fire,6392,KBB KAGITSPOR,7561,2,10,3,2,0,0,Eternal Fire,AMERICAS
64423,64127,Breeze,Decider,w0wClan,Fenerbahçe Esports,Fenerbahçe Esports,5310,w0wClan,3985,5,7,6,4,0,0,Fenerbahçe Esports,AMERICAS
64423,64128,Icebox,Decider,w0wClan,Fenerbahçe Esports,Fenerbahçe Esports,5310,w0wClan,3985,2,10,3,2,0,0,Fenerbahçe Esports,AMERICAS
64424,64130,Icebox,Decider,36NUMBER,Thunderbolts Gaming,Thunderbolts Gaming,2908,36NUMBER,4248,4,8,5,4,0,0,Thunderbolts Gaming,AMERICAS
64424,64131,Breeze,Decider,Thunderbolts Gaming,36NUMBER,Thunderbolts Gaming,2908,36NUMBER,4248,6,6,6,6,2,0,Thunderbolts Gaming,AMERICAS
64425,64133,Haven,Decider,Zero Zone,Team Lixa,Zero Zone,1675,Team Lixa,6230,6,6,6,6,2,0,Zero Zone,AMERICAS
64425,64134,Bind,Decider,Team Lixa,Zero Zone,Zero Zone,1675,Team Lixa,6230,8,4,4,5,0,0,Team Lixa,AMERICAS
64425,64135,Split,Decider,Team Lixa,Zero Zone,Zero Zone,1675,Team Lixa,6230,6,6,6,6,1,3,Zero Zone,AMERICAS
64426,64136,Ascent,Decider,Surreal Esports,3 Gün Yeter,Surreal Esports,4696,3 Gün Yeter,7284,5,7,6,6,0,0,3 Gün Yeter,AMERICAS
64426,64137,Haven,Decider,3 Gün Yeter,Surreal Esports,Surreal Esports,4696,3 Gün Yeter,7284,2,10,3,6,0,0,Surreal Esports,AMERICAS
64426,64138,Bind,Decider,3 Gün Yeter,Surreal Esports,Surreal Esports,4696,3 Gün Yeter,7284,4,8,5,7,0,0,Surreal Esports,AMERICAS
64427,64139,Haven,Decider,FUT Esports,blablabla,FUT Esports,1184,blablabla,7275,4,8,0,9,0,0,FUT Esports,AMERICAS
64427,64140,Icebox,Decider,FUT Esports,blablabla,FUT Esports,1184,blablabla,7275,11,1,0,2,0,0,FUT Esports,AMERICAS
64428,64142,Bind,Decider,Eternal Fire,Team Aurora,Team Aurora,2903,Eternal Fire,6392,6,6,2,7,0,0,Eternal Fire,AMERICAS
64428,64143,Ascent,Decider,Team Aurora,Eternal Fire,Team Aurora,2903,Eternal Fire,6392,8,4,4,5,0,0,Team Aurora,AMERICAS
64428,64144,Split,Decider,Team Aurora,Eternal Fire,Team Aurora,2903,Eternal Fire,6392,8,4,6,5,0,0,Team Aurora,AMERICAS
64429,64145,Fracture,Decider,Fenerbahçe Esports,Thunderbolts Gaming,Fenerbahçe Esports,5310,Thunderbolts Gaming,2908,3,9,4,3,0,0,Thunderbolts Gaming,AMERICAS
64429,64146,Icebox,Decider,Thunderbolts Gaming,Fenerbahçe Esports,Fenerbahçe Esports,5310,Thunderbolts Gaming,2908,7,5,4,6,0,0,Thunderbolts Gaming,AMERICAS
64430,64148,Haven,Decider,Zero Zone,Surreal Esports,Surreal Esports,4696,Zero Zone,1675,3,9,4,4,0,0,Surreal Esports,AMERICAS
64430,64149,Ascent,Decider,Surreal Esports,Zero Zone,Surreal Esports,4696,Zero Zone,1675,11,1,6,2,0,0,Surreal Esports,AMERICAS
65297,65488,Haven,Decider,Fire Flux Esports,Team Aurora,Fire Flux Esports,20085,Team Aurora,2903,10,2,0,3,0,0,Fire Flux Esports,AMERICAS
65297,65489,Breeze,Decider,Team Aurora,Fire Flux Esports,Fire Flux Esports,20085,Team Aurora,2903,5,7,6,2,0,0,Fire Flux Esports,AMERICAS
65298,65491,Haven,Decider,Galakticos,Surreal Esports,Galakticos,4762,Surreal Esports,4696,5,7,6,1,0,0,Surreal Esports,AMERICAS
65298,65492,Breeze,Decider,Surreal Esports,Galakticos,Galakticos,4762,Surreal Esports,4696,9,3,4,4,0,0,Surreal Esports,AMERICAS
65299,65494,Fracture,Decider,BBL Esports,Thunderbolts Gaming,BBL Esports,397,Thunderbolts Gaming,2908,6,6,5,7,0,0,BBL Esports,AMERICAS
65299,65495,Ascent,Decider,Thunderbolts Gaming,BBL Esports,BBL Esports,397,Thunderbolts Gaming,2908,6,6,7,5,0,0,BBL Esports,AMERICAS
65300,65497,Fracture,Decider,FUT Esports,Galatasaray Esports,Galatasaray Esports,4572,FUT Esports,1184,6,6,7,3,0,0,Galatasaray Esports,AMERICAS
65300,65498,Icebox,Decider,Galatasaray Esports,FUT Esports,Galatasaray Esports,4572,FUT Esports,1184,4,8,5,0,0,0,FUT Esports,AMERICAS
65300,65499,Breeze,Decider,Galatasaray Esports,FUT Esports,Galatasaray Esports,4572,FUT Esports,1184,1,11,2,5,0,0,FUT Esports,AMERICAS
65301,65500,Haven,Decider,Fire Flux Esports,Surreal Esports,Fire Flux Esports,20085,Surreal Esports,4696,6,6,6,6,2,0,Fire Flux Esports,AMERICAS
65301,65501,Bind,Decider,Surreal Esports,Fire Flux Esports,Fire Flux Esports,20085,Surreal Esports,4696,7,5,7,5,0,2,Fire Flux Esports,AMERICAS
65302,65503,Icebox,Decider,BBL Esports,FUT Esports,BBL Esports,397,FUT Esports,1184,1,11,2,3,0,0,FUT Esports,AMERICAS
65302,65504,Split,Decider,FUT Esports,BBL Esports,BBL Esports,397,FUT Esports,1184,7,5,5,6,0,0,FUT Esports,AMERICAS
65304,65509,Split,Decider,Team Aurora,Galakticos,Team Aurora,2903,Galakticos,4762,10,2,8,3,0,0,Team Aurora,AMERICAS
65304,65510,Bind,Decider,Galakticos,Team Aurora,Team Aurora,2903,Galakticos,4762,6,6,3,7,0,0,Galakticos,AMERICAS
65304,65511,Ascent,Decider,Galakticos,Team Aurora,Team Aurora,2903,Galakticos,4762,9,3,3,4,0,0,Galakticos,AMERICAS
65305,65512,Icebox,Decider,Galatasaray Esports,Thunderbolts Gaming,Thunderbolts Gaming,2908,Galatasaray Esports,4572,5,7,6,5,0,0,Thunderbolts Gaming,AMERICAS
65305,65513,Bind,Decider,Thunderbolts Gaming,Galatasaray Esports,Thunderbolts Gaming,2908,Galatasaray Esports,4572,1,11,2,0,0,0,Galatasaray Esports,AMERICAS
65305,65514,Fracture,Decider,Thunderbolts Gaming,Galatasaray Esports,Thunderbolts Gaming,2908,Galatasaray Esports,4572,5,7,6,0,0,0,Galatasaray Esports,AMERICAS
65303,65506,Bind,Decider,FUT Esports,Fire Flux Esports,Fire Flux Esports,20085,FUT Esports,1184,7,5,7,5,3,1,FUT Esports,AMERICAS
65303,65507,Haven,Decider,Fire Flux Esports,FUT Esports,Fire Flux Esports,20085,FUT Esports,1184,9,3,0,4,0,0,Fire Flux Esports,AMERICAS
65303,65508,Ascent,Decider,Fire Flux Esports,FUT Esports,Fire Flux Esports,20085,FUT Esports,1184,7,5,7,5,0,2,FUT Esports,AMERICAS
65306,65515,Breeze,Decider,BBL Esports,Galakticos,BBL Esports,397,Galakticos,4762,6,6,2,7,0,0,BBL Esports,AMERICAS
65306,65516,Ascent,Decider,Galakticos,BBL Esports,BBL Esports,397,Galakticos,4762,8,4,9,3,0,0,BBL Esports,AMERICAS
65307,65518,Split,Decider,Galatasaray Esports,Surreal Esports,Surreal Esports,4696,Galatasaray Esports,4572,8,4,9,3,0,0,Surreal Esports,AMERICAS
65307,65519,Bind,Decider,Surreal Esports,Galatasaray Esports,Surreal Esports,4696,Galatasaray Esports,4572,9,3,2,4,0,0,Surreal Esports,AMERICAS
65308,65521,Icebox,Decider,Surreal Esports,BBL Esports,BBL Esports,397,Surreal Esports,4696,8,4,1,5,0,0,Surreal Esports,AMERICAS
65308,65522,Split,Decider,BBL Esports,Surreal Esports,BBL Esports,397,Surreal Esports,4696,5,7,3,8,0,0,BBL Esports,AMERICAS
65308,65523,Haven,Decider,Surreal Esports,BBL Esports,BBL Esports,397,Surreal Esports,4696,3,9,4,4,0,0,BBL Esports,AMERICAS
65689,66094,Bind,Decider,Galakticos,Galatasaray Esports,Galakticos,4762,Galatasaray Esports,4572,5,7,6,2,0,0,Galatasaray Esports,AMERICAS
65689,66095,Split,Decider,Galatasaray Esports,Galakticos,Galakticos,4762,Galatasaray Esports,4572,4,8,5,0,0,0,Galakticos,AMERICAS
65689,66096,Icebox,Decider,Galatasaray Esports,Galakticos,Galakticos,4762,Galatasaray Esports,4572,11,1,4,2,0,0,Galatasaray Esports,AMERICAS
65309,65524,Ascent,Decider,Fire Flux Esports,BBL Esports,Fire Flux Esports,20085,BBL Esports,397,6,6,7,4,0,0,BBL Esports,AMERICAS
65309,65525,Fracture,Decider,BBL Esports,Fire Flux Esports,Fire Flux Esports,20085,BBL Esports,397,7,5,7,5,6,4,BBL Esports,AMERICAS
65310,65527,Ascent,FUT Esports,BBL Esports,FUT Esports,FUT Esports,1184,BBL Esports,397,10,2,6,3,0,0,BBL Esports,AMERICAS
65310,65528,Haven,BBL Esports,FUT Esports,BBL Esports,FUT Esports,1184,BBL Esports,397,6,6,6,6,0,2,BBL Esports,AMERICAS
65310,65529,Bind,FUT Esports,BBL Esports,FUT Esports,FUT Esports,1184,BBL Esports,397,5,7,6,4,0,0,FUT Esports,AMERICAS
65310,65530,Split,BBL Esports,FUT Esports,BBL Esports,FUT Esports,1184,BBL Esports,397,6,6,7,4,0,0,BBL Esports,AMERICAS
62601,61241,Icebox,Decider,Les Braqueurs,Guild Esports,Guild Esports,1209,Les Braqueurs,2297,1,11,2,0,0,0,Guild Esports,AMERICAS
62601,61242,Ascent,Decider,Les Braqueurs,Guild Esports,Guild Esports,1209,Les Braqueurs,2297,4,8,5,1,0,0,Guild Esports,AMERICAS
62602,61244,Ascent,Decider,Hi Shin,Golira Esports,Golira Esports,7067,Hi Shin,5720,10,2,5,3,0,0,Hi Shin,AMERICAS
62602,61245,Icebox,Decider,Golira Esports,Hi Shin,Golira Esports,7067,Hi Shin,5720,2,10,3,1,0,0,Hi Shin,AMERICAS
62603,61247,Icebox,Decider,Farciminis,DELUSIONAL 5,DELUSIONAL 5,7068,Farciminis,7069,10,2,1,3,0,0,Farciminis,AMERICAS
62603,61248,Split,Decider,DELUSIONAL 5,Farciminis,DELUSIONAL 5,7068,Farciminis,7069,11,1,0,2,0,0,DELUSIONAL 5,AMERICAS
62603,61249,Haven,Decider,DELUSIONAL 5,Farciminis,DELUSIONAL 5,7068,Farciminis,7069,7,5,8,0,0,0,Farciminis,AMERICAS
62604,61250,Breeze,Decider,Verendus,ELUSIVE,ELUSIVE,6096,Verendus,2671,2,10,3,4,0,0,ELUSIVE,AMERICAS
62604,61251,Ascent,Decider,ELUSIVE,Verendus,ELUSIVE,6096,Verendus,2671,9,3,4,4,0,0,ELUSIVE,AMERICAS
62605,61253,Haven,Decider,qz,GiefKalash,GiefKalash,6635,qz,4097,3,9,3,9,1,3,GiefKalash,AMERICAS
62605,61254,Split,Decider,GiefKalash,qz,GiefKalash,6635,qz,4097,8,4,5,5,0,0,GiefKalash,AMERICAS
62607,61259,Breeze,Decider,Ovation eSports,Abeconejos,Ovation eSports,4173,Abeconejos,1188,10,2,0,3,0,0,Ovation eSports,AMERICAS
62607,61260,Fracture,Decider,Ovation eSports,Abeconejos,Ovation eSports,4173,Abeconejos,1188,9,3,4,4,0,0,Ovation eSports,AMERICAS
62608,61262,Ascent,Decider,Team Homyno,FOKUS,FOKUS,6882,Team Homyno,6225,3,9,4,6,0,0,FOKUS,AMERICAS
62608,61263,Haven,Decider,Team Homyno,FOKUS,FOKUS,6882,Team Homyno,6225,5,7,2,8,0,0,Team Homyno,AMERICAS
62608,61264,Breeze,Decider,Team Homyno,FOKUS,FOKUS,6882,Team Homyno,6225,4,8,5,3,0,0,FOKUS,AMERICAS
62609,61265,Icebox,Decider,Digheads,Giants Gaming,Giants Gaming,2304,Digheads,7071,0,12,1,0,0,0,Giants Gaming,AMERICAS
62609,61266,Ascent,Decider,Giants Gaming,Digheads,Giants Gaming,2304,Digheads,7071,11,1,0,2,0,0,Giants Gaming,AMERICAS
62610,61268,Haven,Decider,Display Porters,NOMAD,NOMAD,7072,Display Porters,7073,10,2,5,3,0,0,Display Porters,AMERICAS
62610,61269,Ascent,Decider,Display Porters,NOMAD,NOMAD,7072,Display Porters,7073,3,9,3,9,1,3,NOMAD,AMERICAS
62610,61270,Breeze,Decider,Display Porters,NOMAD,NOMAD,7072,Display Porters,7073,3,9,4,8,0,0,NOMAD,AMERICAS
62611,61271,Ascent,Decider,Team Onyx,NapTime,NapTime,7074,Team Onyx,7075,10,2,10,2,2,4,NapTime,AMERICAS
62611,61272,Icebox,Decider,NapTime,Team Onyx,NapTime,7074,Team Onyx,7075,3,9,3,9,2,0,NapTime,AMERICAS
62612,61274,Breeze,Decider,junummer,One'd Gaming,One'd Gaming,7076,junummer,4643,11,1,0,2,0,0,junummer,AMERICAS
62612,61275,Haven,Decider,One'd Gaming,junummer,One'd Gaming,7076,junummer,4643,5,7,6,1,0,0,junummer,AMERICAS
62613,61277,Ascent,Decider,Vexed Gaming,NANDEAD GAMING,Vexed Gaming,5843,NANDEAD GAMING,7077,11,1,0,2,0,0,Vexed Gaming,AMERICAS
62613,61278,Bind,Decider,NANDEAD GAMING,Vexed Gaming,Vexed Gaming,5843,NANDEAD GAMING,7077,1,11,2,0,0,0,Vexed Gaming,AMERICAS
62614,61280,Bind,Decider,H2O,nebula123,nebula123,7078,H2O,7079,11,1,0,2,0,0,H2O,AMERICAS
62614,61281,Haven,Decider,H2O,nebula123,nebula123,7078,H2O,7079,6,6,2,7,0,0,H2O,AMERICAS
62615,61283,Ascent,Decider,CurryGold,Anonymo Esports,Anonymo Esports,5441,CurryGold,7081,1,11,2,0,0,0,Anonymo Esports,AMERICAS
62615,61284,Icebox,Decider,CurryGold,Anonymo Esports,Anonymo Esports,5441,CurryGold,7081,1,11,2,0,0,0,Anonymo Esports,AMERICAS
62616,61286,Haven,Decider,Atleta Esport,Falchion Gaming,Falchion Gaming,7082,Atleta Esport,7083,9,3,7,4,0,0,Atleta Esport,AMERICAS
62616,61287,Icebox,Decider,Falchion Gaming,Atleta Esport,Falchion Gaming,7082,Atleta Esport,7083,4,8,4,8,2,0,Falchion Gaming,AMERICAS
62616,61288,Ascent,Decider,Atleta Esport,Falchion Gaming,Falchion Gaming,7082,Atleta Esport,7083,5,7,6,3,0,0,Falchion Gaming,AMERICAS
62617,61289,Split,Decider,BuffoMix,Finest,Finest,673,BuffoMix,7084,7,5,8,0,0,0,Finest,AMERICAS
62617,61290,Haven,Decider,Finest,BuffoMix,Finest,673,BuffoMix,7084,9,3,1,4,0,0,Finest,AMERICAS
62618,61292,Ascent,Decider,Capybaras,NFG Light,Capybaras,7085,NFG Light,7086,11,1,0,2,0,0,Capybaras,AMERICAS
62618,61293,Icebox,Decider,NFG Light,Capybaras,Capybaras,7085,NFG Light,7086,3,9,4,4,0,0,Capybaras,AMERICAS
62619,61295,Haven,Decider,Swag Silicone,blaendet,blaendet,7087,Swag Silicone,2012,7,5,3,6,0,0,Swag Silicone,AMERICAS
62619,61296,Ascent,Decider,blaendet,Swag Silicone,blaendet,7087,Swag Silicone,2012,4,8,5,2,0,0,Swag Silicone,AMERICAS
62620,61298,Fracture,Decider,RCTIC,PerformanceGG,PerformanceGG,7088,RCTIC,2767,4,8,5,1,0,0,PerformanceGG,AMERICAS
62620,61299,Split,Decider,PerformanceGG,RCTIC,PerformanceGG,7088,RCTIC,2767,6,6,7,3,0,0,RCTIC,AMERICAS
62620,61300,Icebox,Decider,PerformanceGG,RCTIC,PerformanceGG,7088,RCTIC,2767,5,7,6,5,0,0,RCTIC,AMERICAS
62621,61301,Breeze,Decider,frog munchers,GOODFOR1,GOODFOR1,6878,frog munchers,7089,5,7,2,8,0,0,frog munchers,AMERICAS
62621,61302,Haven,Decider,GOODFOR1,frog munchers,GOODFOR1,6878,frog munchers,7089,10,2,3,3,0,0,GOODFOR1,AMERICAS
62621,61303,Icebox,Decider,GOODFOR1,frog munchers,GOODFOR1,6878,frog munchers,7089,3,9,4,4,0,0,frog munchers,AMERICAS
62622,61304,Bind,Decider,GPC,EX-Killabeez,GPC,7090,EX-Killabeez,7091,3,9,4,1,0,0,EX-Killabeez,AMERICAS
62622,61305,Icebox,Decider,GPC,EX-Killabeez,GPC,7090,EX-Killabeez,7091,0,12,1,0,0,0,EX-Killabeez,AMERICAS
62623,61307,Icebox,Decider,YONK,Celestials,YONK,7092,Celestials,7093,8,4,0,5,0,0,YONK,AMERICAS
62623,61308,Breeze,Decider,YONK,Celestials,YONK,7092,Celestials,7093,10,2,0,3,0,0,YONK,AMERICAS
62624,61310,Icebox,Decider,PSQ Rising,Overpowered Esports,Overpowered Esports,7094,PSQ Rising,7095,8,4,3,5,0,0,PSQ Rising,AMERICAS
62624,61311,Ascent,Decider,Overpowered Esports,PSQ Rising,Overpowered Esports,7094,PSQ Rising,7095,4,8,5,1,0,0,PSQ Rising,AMERICAS
62626,61316,Ascent,Decider,SENTHEX,bristol bagres,SENTHEX,6797,bristol bagres,14492,11,1,0,2,0,0,SENTHEX,AMERICAS
62626,61317,Icebox,Decider,SENTHEX,bristol bagres,SENTHEX,6797,bristol bagres,14492,9,3,0,4,0,0,SENTHEX,AMERICAS
62627,61319,Icebox,Decider,The Goose House,Frederikssund Vikings,Frederikssund Vikings,7098,The Goose House,6141,8,4,2,5,0,0,The Goose House,AMERICAS
62627,61320,Breeze,Decider,The Goose House,Frederikssund Vikings,Frederikssund Vikings,7098,The Goose House,6141,9,3,0,4,0,0,The Goose House,AMERICAS
62628,61322,Split,Decider,AMAZE,Klanik Esport,Klanik Esport,7099,AMAZE,7100,0,12,1,0,0,0,Klanik Esport,AMERICAS
62628,61323,Bind,Decider,Klanik Esport,AMAZE,Klanik Esport,7099,AMAZE,7100,9,3,1,4,0,0,Klanik Esport,AMERICAS
62629,61325,Haven,Decider,thegiornalisti,CGN Esports,CGN Esports,5214,thegiornalisti,7101,6,6,7,2,0,0,CGN Esports,AMERICAS
62629,61326,Split,Decider,CGN Esports,thegiornalisti,CGN Esports,5214,thegiornalisti,7101,9,3,1,4,0,0,CGN Esports,AMERICAS
62630,61328,Fracture,Decider,La Puenta,SUN7,SUN7,7102,La Puenta,6600,6,6,1,7,0,0,La Puenta,AMERICAS
62630,61329,Ascent,Decider,SUN7,La Puenta,SUN7,7102,La Puenta,6600,3,9,4,3,0,0,La Puenta,AMERICAS
62631,61331,Bind,Decider,Polonez,Team Radical,Team Radical,7103,Polonez,7104,9,3,1,4,0,0,Polonez,AMERICAS
62631,61332,Icebox,Decider,Team Radical,Polonez,Team Radical,7103,Polonez,7104,3,9,4,3,0,0,Polonez,AMERICAS
62632,61334,Split,Decider,EX0TIK GAMING,ALTY,EX0TIK GAMING,7105,ALTY,7106,8,4,8,4,2,0,EX0TIK GAMING,AMERICAS
62632,61335,Ascent,Decider,EX0TIK GAMING,ALTY,EX0TIK GAMING,7105,ALTY,7106,8,4,1,5,0,0,EX0TIK GAMING,AMERICAS
62633,61337,Split,Decider,LDN UTD,Ludus Sports,LDN UTD,6460,Ludus Sports,7107,11,1,2,2,0,0,LDN UTD,AMERICAS
62633,61338,Haven,Decider,Ludus Sports,LDN UTD,LDN UTD,6460,Ludus Sports,7107,0,12,1,0,0,0,LDN UTD,AMERICAS
62635,61343,Ascent,Decider,Capacitanes,VALORANTPT,Capacitanes,7109,VALORANTPT,7110,6,6,7,2,0,0,VALORANTPT,AMERICAS
62635,61344,Haven,Decider,VALORANTPT,Capacitanes,Capacitanes,7109,VALORANTPT,7110,8,4,3,5,0,0,VALORANTPT,AMERICAS
62636,61346,Bind,Decider,Ignite Esports,HorYjin,HorYjin,5140,Ignite Esports,7111,7,5,7,5,2,4,HorYjin,AMERICAS
62636,61347,Haven,Decider,HorYjin,Ignite Esports,HorYjin,5140,Ignite Esports,7111,8,4,7,5,0,0,HorYjin,AMERICAS
62638,61352,Icebox,Decider,Ungentium,Camioneros Valorant Club,Ungentium,6629,Camioneros Valorant Club,7113,11,1,0,2,0,0,Ungentium,AMERICAS
62638,61353,Bind,Decider,Ungentium,Camioneros Valorant Club,Ungentium,6629,Camioneros Valorant Club,7113,11,1,0,2,0,0,Ungentium,AMERICAS
62639,61355,Ascent,Decider,Victoire Gaming,Ignite Academy,Ignite Academy,7114,Victoire Gaming,7115,4,8,5,4,0,0,Ignite Academy,AMERICAS
62639,61356,Ascent,Decider,Victoire Gaming,Ignite Academy,Ignite Academy,7114,Victoire Gaming,7115,4,8,5,4,0,0,Ignite Academy,AMERICAS
62640,61358,Bind,Decider,Descendants,Vielepinese,Descendants,7222,Vielepinese,7117,7,5,7,5,3,1,Descendants,AMERICAS
62640,61359,Ascent,Decider,Vielepinese,Descendants,Descendants,7222,Vielepinese,7117,2,10,3,6,0,0,Descendants,AMERICAS
62641,61361,Split,Decider,Megastitut,Sinop,Megastitut,686,Sinop,7118,9,3,2,4,0,0,Megastitut,AMERICAS
62641,61362,Haven,Decider,Sinop,Megastitut,Megastitut,686,Sinop,7118,7,5,0,6,0,0,Sinop,AMERICAS
62641,61363,Ascent,Decider,Megastitut,Sinop,Megastitut,686,Sinop,7118,8,4,1,5,0,0,Megastitut,AMERICAS
62642,61364,Ascent,Decider,Human Tripwires,Impact Donkey Frags,Human Tripwires,6400,Impact Donkey Frags,7119,11,1,0,2,0,0,Human Tripwires,AMERICAS
62642,61365,Icebox,Decider,Impact Donkey Frags,Human Tripwires,Human Tripwires,6400,Impact Donkey Frags,7119,5,7,6,0,0,0,Human Tripwires,AMERICAS
62643,61367,Haven,Decider,G2 Gozen,bref,G2 Gozen,6530,bref,1175,2,10,3,0,0,0,bref,AMERICAS
62643,61368,Breeze,Decider,bref,G2 Gozen,G2 Gozen,6530,bref,1175,12,0,1,1,0,0,bref,AMERICAS
62644,61370,Split,Decider,Dame Time,Creme bruleee,Dame Time,3819,Creme bruleee,7120,12,0,0,1,0,0,Dame Time,AMERICAS
62644,61371,Haven,Decider,Creme bruleee,Dame Time,Dame Time,3819,Creme bruleee,7120,1,11,2,0,0,0,Dame Time,AMERICAS
62645,61373,Breeze,Decider,Raftel,Team Heretics,Team Heretics,1001,Raftel,7121,2,10,3,0,0,0,Team Heretics,AMERICAS
62645,61374,Bind,Decider,Team Heretics,Raftel,Team Heretics,1001,Raftel,7121,11,1,0,2,0,0,Team Heretics,AMERICAS
62646,61376,Split,Decider,Bob der baumeister und das team,Valar Morghulis,Valar Morghulis,6996,Bob der baumeister und das team,7122,1,11,2,3,0,0,Valar Morghulis,AMERICAS
62646,61377,Haven,Decider,Valar Morghulis,Bob der baumeister und das team,Valar Morghulis,6996,Bob der baumeister und das team,7122,11,1,0,2,0,0,Valar Morghulis,AMERICAS
62648,69443,Icebox,Decider,New Genesis Esports,Treasure Hunters,New Genesis Esports,3621,Treasure Hunters,7124,3,9,3,9,3,1,New Genesis Esports,AMERICAS
62651,61391,Breeze,Decider,BHB eSports,cowana Gaming,cowana Gaming,6211,BHB eSports,7128,2,10,3,0,0,0,cowana Gaming,AMERICAS
62651,61392,Ascent,Decider,cowana Gaming,BHB eSports,cowana Gaming,6211,BHB eSports,7128,11,1,3,2,0,0,cowana Gaming,AMERICAS
62652,61394,Icebox,Decider,Absolute amateurs,We Dem Bois,Absolute amateurs,7129,We Dem Bois,7130,8,4,9,2,0,0,We Dem Bois,AMERICAS
62652,61395,Breeze,Decider,Absolute amateurs,We Dem Bois,Absolute amateurs,7129,We Dem Bois,7130,8,4,5,5,0,0,Absolute amateurs,AMERICAS
62652,61396,Fracture,Decider,Absolute amateurs,We Dem Bois,Absolute amateurs,7129,We Dem Bois,7130,9,3,3,4,0,0,Absolute amateurs,AMERICAS
62653,61397,Icebox,Decider,Joga Bonito,HEET,HEET,2408,Joga Bonito,7131,3,9,4,3,0,0,HEET,AMERICAS
62653,61398,Split,Decider,HEET,Joga Bonito,HEET,2408,Joga Bonito,7131,8,4,2,5,0,0,HEET,AMERICAS
62654,61400,Ascent,Decider,NOM Esports,Esports Team Twente,NOM Esports,6191,Esports Team Twente,6672,10,2,1,3,0,0,NOM Esports,AMERICAS
62654,61401,Bind,Decider,NOM Esports,Esports Team Twente,NOM Esports,6191,Esports Team Twente,6672,6,6,6,6,4,2,NOM Esports,AMERICAS
62655,61403,Icebox,Decider,Que La Famille,StunZin5,StunZin5,7133,Que La Famille,7134,3,9,4,1,0,0,StunZin5,AMERICAS
62655,61404,Split,Decider,StunZin5,Que La Famille,StunZin5,7133,Que La Famille,7134,7,5,1,6,0,0,StunZin5,AMERICAS
62656,61406,Icebox,Decider,PENTA,Keanu's Backpack,PENTA,1456,Keanu's Backpack,7135,10,2,0,3,0,0,PENTA,AMERICAS
62656,61407,Ascent,Decider,Keanu's Backpack,PENTA,PENTA,1456,Keanu's Backpack,7135,1,11,2,3,0,0,PENTA,AMERICAS
62657,61409,Ascent,Decider,IBERIANS,Twareg Esports,Twareg Esports,6790,IBERIANS,7136,1,11,2,2,0,0,Twareg Esports,AMERICAS
62657,61410,Split,Decider,Twareg Esports,IBERIANS,Twareg Esports,6790,IBERIANS,7136,7,5,6,6,0,0,Twareg Esports,AMERICAS
62658,61412,Haven,Decider,Gary's Crosshair,Bang Average,Gary's Crosshair,7137,Bang Average,7505,1,11,2,2,0,0,Bang Average,AMERICAS
62658,61413,Icebox,Decider,Bang Average,Gary's Crosshair,Gary's Crosshair,7137,Bang Average,7505,10,2,1,3,0,0,Bang Average,AMERICAS
62659,61415,Ascent,Decider,azzi's anime aimers,Munich-eSports Academy,azzi's anime aimers,7139,Munich-eSports Academy,7141,12,0,0,1,0,0,azzi's anime aimers,AMERICAS
62659,61416,Haven,Decider,Munich-eSports Academy,azzi's anime aimers,azzi's anime aimers,7139,Munich-eSports Academy,7141,4,8,5,1,0,0,azzi's anime aimers,AMERICAS
62661,61421,Split,Decider,Case Esports,FuelCore,Case Esports,6149,FuelCore,6722,9,3,0,4,0,0,Case Esports,AMERICAS
62661,61422,Ascent,Decider,FuelCore,Case Esports,Case Esports,6149,FuelCore,6722,4,8,5,3,0,0,Case Esports,AMERICAS
62662,61424,Ascent,Decider,The Mix,Not Underage,Not Underage,7144,The Mix,7145,9,3,0,4,0,0,The Mix,AMERICAS
62662,61425,Bind,Decider,Not Underage,The Mix,Not Underage,7144,The Mix,7145,3,9,4,0,0,0,The Mix,AMERICAS
62663,61427,Split,Decider,InTenZiveEU,Outriders,Outriders,7146,InTenZiveEU,7147,5,7,2,8,0,0,InTenZiveEU,AMERICAS
62663,61428,Ascent,Decider,Outriders,InTenZiveEU,Outriders,7146,InTenZiveEU,7147,1,11,2,8,0,0,InTenZiveEU,AMERICAS
62664,61430,Split,Decider,Old Fellows,Sørby Esport,Sørby Esport,7140,Old Fellows,7148,2,10,3,2,0,0,Sørby Esport,AMERICAS
62664,61431,Haven,Decider,Old Fellows,Sørby Esport,Sørby Esport,7140,Old Fellows,7148,7,5,8,1,0,0,Sørby Esport,AMERICAS
62665,61433,Ascent,Decider,Rix.GG Thunder,Monkey Momentum,Rix.GG Thunder,2373,Monkey Momentum,6341,9,3,5,4,0,0,Rix.GG Thunder,AMERICAS
62665,61434,Haven,Decider,Rix.GG Thunder,Monkey Momentum,Rix.GG Thunder,2373,Monkey Momentum,6341,11,1,3,2,0,0,Rix.GG Thunder,AMERICAS
62666,61436,Icebox,Decider,Praeditus Gaming,DÜNERS,DÜNERS,7149,Praeditus Gaming,7150,7,5,1,6,0,0,Praeditus Gaming,AMERICAS
62666,61437,Fracture,Decider,DÜNERS,Praeditus Gaming,DÜNERS,7149,Praeditus Gaming,7150,3,9,4,8,0,0,Praeditus Gaming,AMERICAS
62667,61439,Icebox,Decider,iPon Esport,Aspire,iPon Esport,576,Aspire,7151,9,3,4,4,0,0,iPon Esport,AMERICAS
62667,61440,Bind,Decider,iPon Esport,Aspire,iPon Esport,576,Aspire,7151,9,3,1,4,0,0,iPon Esport,AMERICAS
62669,61445,Ascent,Decider,Wave Esports,JOKERS,Wave Esports,324,JOKERS,6645,7,5,5,6,0,0,Wave Esports,AMERICAS
62669,61446,Icebox,Decider,JOKERS,Wave Esports,Wave Esports,324,JOKERS,6645,4,8,5,3,0,0,Wave Esports,AMERICAS
62670,61448,Icebox,Decider,Digital Athletics,Headshot Maschinen,Headshot Maschinen,7153,Digital Athletics,4669,9,3,3,4,0,0,Digital Athletics,AMERICAS
62670,61449,Breeze,Decider,Headshot Maschinen,Digital Athletics,Headshot Maschinen,7153,Digital Athletics,4669,7,5,8,4,0,0,Digital Athletics,AMERICAS
62671,61451,Bind,Decider,5ORDIC,ViperSaysCome,5ORDIC,7154,ViperSaysCome,7155,9,3,1,4,0,0,5ORDIC,AMERICAS
62671,61452,Ascent,Decider,5ORDIC,ViperSaysCome,5ORDIC,7154,ViperSaysCome,7155,12,0,1,1,0,0,5ORDIC,AMERICAS
62672,61454,Icebox,Decider,Soldados de Lembo,Rexpect eSports,Rexpect eSports,6138,Soldados de Lembo,7156,10,2,0,3,0,0,Soldados de Lembo,AMERICAS
62672,61455,Ascent,Decider,Rexpect eSports,Soldados de Lembo,Rexpect eSports,6138,Soldados de Lembo,7156,2,10,3,0,0,0,Soldados de Lembo,AMERICAS
62673,61457,Ascent,Decider,Team Queso,Mägge Esports,Team Queso,4538,Mägge Esports,7157,11,1,0,2,0,0,Team Queso,AMERICAS
62673,61458,Haven,Decider,Mägge Esports,Team Queso,Team Queso,4538,Mägge Esports,7157,0,12,1,0,0,0,Team Queso,AMERICAS
62674,61460,Bind,Decider,CONNEMARA,Monky Gaming,Monky Gaming,7158,CONNEMARA,7159,12,0,0,1,0,0,CONNEMARA,AMERICAS
62674,61461,Ascent,Decider,Monky Gaming,CONNEMARA,Monky Gaming,7158,CONNEMARA,7159,0,12,1,0,0,0,CONNEMARA,AMERICAS
62675,61463,Ascent,Decider,orglesssszzzssz,Team Progress,Team Progress,7160,orglesssszzzssz,7161,4,8,1,9,0,0,orglesssszzzssz,AMERICAS
62675,61464,Icebox,Decider,orglesssszzzssz,Team Progress,Team Progress,7160,orglesssszzzssz,7161,5,7,6,5,0,0,Team Progress,AMERICAS
62675,61465,Haven,Decider,orglesssszzzssz,Team Progress,Team Progress,7160,orglesssszzzssz,7161,5,7,6,4,0,0,Team Progress,AMERICAS
62677,61469,Haven,OG,OG,PROJECT K,OG,2965,PROJECT K,7163,8,4,1,5,0,0,OG,AMERICAS
62677,61470,Ascent,PROJECT K,OG,PROJECT K,OG,2965,PROJECT K,7163,7,5,0,6,0,0,OG,AMERICAS
62678,61472,Breeze,Decider,Shanghai Emperors,Cavalry Esports,Shanghai Emperors,1638,Cavalry Esports,7164,3,9,4,5,0,0,Cavalry Esports,AMERICAS
62678,61473,Icebox,Decider,Cavalry Esports,Shanghai Emperors,Shanghai Emperors,1638,Cavalry Esports,7164,9,3,6,4,0,0,Cavalry Esports,AMERICAS
62679,61475,Haven,Decider,ALSACE ESPORT ARENA,NonsenseGaming,NonsenseGaming,3871,ALSACE ESPORT ARENA,7165,2,10,3,1,0,0,NonsenseGaming,AMERICAS
62679,61476,Split,Decider,NonsenseGaming,ALSACE ESPORT ARENA,NonsenseGaming,3871,ALSACE ESPORT ARENA,7165,11,1,0,2,0,0,NonsenseGaming,AMERICAS
62680,61478,Haven,Decider,Static,OnlyRefrag,OnlyRefrag,7166,Static,7167,10,2,0,3,0,0,Static,AMERICAS
62680,61479,Breeze,Decider,Static,OnlyRefrag,OnlyRefrag,7166,Static,7167,8,4,0,5,0,0,Static,AMERICAS
62681,61481,Haven,Decider,CAG,AWARIA,AWARIA,6962,CAG,7168,2,10,3,1,0,0,AWARIA,AMERICAS
62681,61482,Split,Decider,CAG,AWARIA,AWARIA,6962,CAG,7168,4,8,5,2,0,0,AWARIA,AMERICAS
62682,61484,Split,Decider,Pendragon Esports,Virgin Two,Virgin Two,7169,Pendragon Esports,6528,5,7,1,8,0,0,Pendragon Esports,AMERICAS
62682,61485,Haven,Decider,Virgin Two,Pendragon Esports,Virgin Two,7169,Pendragon Esports,6528,8,4,8,4,2,0,Virgin Two,AMERICAS
62682,61486,Ascent,Decider,Pendragon Esports,Virgin Two,Virgin Two,7169,Pendragon Esports,6528,7,5,0,6,0,0,Pendragon Esports,AMERICAS
62683,61487,Icebox,Decider,Team 86,Mantis,Team 86,7227,Mantis,4950,7,5,2,6,0,0,Team 86,AMERICAS
62683,61488,Breeze,Decider,Team 86,Mantis,Team 86,7227,Mantis,4950,5,7,6,1,0,0,Mantis,AMERICAS
62683,61489,Fracture,Decider,Mantis,Team 86,Team 86,7227,Mantis,4950,3,9,4,2,0,0,Team 86,AMERICAS
62684,61490,Bind,Decider,The Agency Clan,Fadee Gaming,Fadee Gaming,5649,The Agency Clan,4666,5,7,6,5,0,0,Fadee Gaming,AMERICAS
62684,61491,Icebox,Decider,Fadee Gaming,The Agency Clan,Fadee Gaming,5649,The Agency Clan,4666,7,5,7,5,1,3,The Agency Clan,AMERICAS
62684,61492,Breeze,Decider,Fadee Gaming,The Agency Clan,Fadee Gaming,5649,The Agency Clan,4666,3,9,4,1,0,0,The Agency Clan,AMERICAS
62686,61496,Icebox,Decider,Into The Breach Protocol,WATAHA,WATAHA,6759,Into The Breach Protocol,7170,5,7,6,5,0,0,WATAHA,AMERICAS
62686,61497,Haven,Decider,WATAHA,Into The Breach Protocol,WATAHA,6759,Into The Breach Protocol,7170,4,8,4,8,0,2,Into The Breach Protocol,AMERICAS
62686,61498,Bind,Decider,WATAHA,Into The Breach Protocol,WATAHA,6759,Into The Breach Protocol,7170,7,5,3,6,0,0,WATAHA,AMERICAS
62687,61499,Breeze,Decider,AREA,Big Blue Charizard,Big Blue Charizard,7171,AREA,4446,2,10,3,7,0,0,Big Blue Charizard,AMERICAS
62687,61500,Bind,Decider,Big Blue Charizard,AREA,Big Blue Charizard,7171,AREA,4446,5,7,6,2,0,0,AREA,AMERICAS
62687,61501,Icebox,Decider,Big Blue Charizard,AREA,Big Blue Charizard,7171,AREA,4446,11,1,0,2,0,0,Big Blue Charizard,AMERICAS
62688,61502,Split,Decider,F9 Hetic,KEKW,KEKW,7172,F9 Hetic,4131,11,1,3,2,0,0,F9 Hetic,AMERICAS
62688,61503,Icebox,Decider,KEKW,F9 Hetic,KEKW,7172,F9 Hetic,4131,4,8,5,0,0,0,F9 Hetic,AMERICAS
62689,61505,Icebox,Decider,Good Morning,Rebels Gaming,Rebels Gaming,6750,Good Morning,7174,3,9,4,6,0,0,Rebels Gaming,AMERICAS
62689,61506,Split,Decider,Good Morning,Rebels Gaming,Rebels Gaming,6750,Good Morning,7174,2,10,3,0,0,0,Rebels Gaming,AMERICAS
62690,61508,Fracture,Decider,idkman,Weakless,Weakless,7175,idkman,6129,11,1,1,2,0,0,idkman,AMERICAS
62690,61509,Ascent,Decider,idkman,Weakless,Weakless,7175,idkman,6129,11,1,2,2,0,0,idkman,AMERICAS
62691,61511,Ascent,Decider,Intellectually Challenged Gamers,WRNG,WRNG,7176,Intellectually Challenged Gamers,7177,12,0,0,1,0,0,Intellectually Challenged Gamers,AMERICAS
62691,61512,Haven,Decider,Intellectually Challenged Gamers,WRNG,WRNG,7176,Intellectually Challenged Gamers,7177,9,3,0,4,0,0,Intellectually Challenged Gamers,AMERICAS
62692,61514,Ascent,Decider,Light Emitting Diodes,ADEPTS,ADEPTS,7178,Light Emitting Diodes,7179,3,9,4,4,0,0,ADEPTS,AMERICAS
62692,61515,Split,Decider,Light Emitting Diodes,ADEPTS,ADEPTS,7178,Light Emitting Diodes,7179,5,7,6,6,0,0,ADEPTS,AMERICAS
62693,61517,Bind,Decider,SunnyBeach,zyzz,SunnyBeach,7015,zyzz,7180,7,5,6,6,0,0,SunnyBeach,AMERICAS
62693,61518,Split,Decider,zyzz,SunnyBeach,SunnyBeach,7015,zyzz,7180,3,9,4,3,0,0,SunnyBeach,AMERICAS
62694,61520,Bind,Decider,FOXUP Esports,Feng eSports,Feng eSports,7181,FOXUP Esports,7182,6,6,6,6,1,3,Feng eSports,AMERICAS
62694,61521,Ascent,Decider,Feng eSports,FOXUP Esports,Feng eSports,7181,FOXUP Esports,7182,5,7,6,3,0,0,FOXUP Esports,AMERICAS
62694,61522,Fracture,Decider,FOXUP Esports,Feng eSports,Feng eSports,7181,FOXUP Esports,7182,5,7,6,2,0,0,Feng eSports,AMERICAS
62695,61523,Ascent,Decider,de_prodigy,Bald Wheelchair,Bald Wheelchair,7183,de_prodigy,7184,4,8,5,6,0,0,Bald Wheelchair,AMERICAS
62695,61524,Breeze,Decider,de_prodigy,Bald Wheelchair,Bald Wheelchair,7183,de_prodigy,7184,4,8,4,8,2,4,Bald Wheelchair,AMERICAS
62696,61526,Icebox,Decider,Balkan Stars,Orgless22,Orgless22,7185,Balkan Stars,5218,5,7,6,4,0,0,Orgless22,AMERICAS
62696,61527,Haven,Decider,Balkan Stars,Orgless22,Orgless22,7185,Balkan Stars,5218,4,8,5,2,0,0,Orgless22,AMERICAS
62697,61529,Bind,Decider,Team Vitality,Orkestra,Team Vitality,2059,Orkestra,7187,11,1,0,2,0,0,Team Vitality,AMERICAS
62697,61530,Fracture,Decider,Orkestra,Team Vitality,Team Vitality,2059,Orkestra,7187,0,12,1,0,0,0,Team Vitality,AMERICAS
62698,61532,Ascent,Decider,Aesir Esports,Mercury,Mercury,7188,Aesir Esports,4085,3,9,4,3,0,0,Mercury,AMERICAS
62698,61533,Haven,Decider,Mercury,Aesir Esports,Mercury,7188,Aesir Esports,4085,11,1,3,2,0,0,Mercury,AMERICAS
62700,61538,Icebox,Decider,TeamatesGaming,Kahoot,Kahoot,6758,TeamatesGaming,7190,2,10,3,2,0,0,Kahoot,AMERICAS
62700,61539,Ascent,Decider,Kahoot,TeamatesGaming,Kahoot,6758,TeamatesGaming,7190,12,0,0,1,0,0,Kahoot,AMERICAS
62701,61541,Ascent,Decider,midnightclub,Anorthosis Famagusta Esports,Anorthosis Famagusta Esports,6316,midnightclub,7191,10,2,4,3,0,0,midnightclub,AMERICAS
62701,61542,Icebox,Decider,Anorthosis Famagusta Esports,midnightclub,Anorthosis Famagusta Esports,6316,midnightclub,7191,6,6,3,7,0,0,Anorthosis Famagusta Esports,AMERICAS
62701,61543,Haven,Decider,Anorthosis Famagusta Esports,midnightclub,Anorthosis Famagusta Esports,6316,midnightclub,7191,8,4,1,5,0,0,Anorthosis Famagusta Esports,AMERICAS
62702,61544,Haven,Decider,Lucadmin eSports,Minima,Minima,7224,Lucadmin eSports,7192,3,9,3,9,4,2,Lucadmin eSports,AMERICAS
62702,61545,Bind,Decider,Minima,Lucadmin eSports,Minima,7224,Lucadmin eSports,7192,6,6,7,2,0,0,Lucadmin eSports,AMERICAS
62703,61547,Bind,Decider,1gameandwegohome,Bear Minimum,1gameandwegohome,7193,Bear Minimum,7008,11,1,0,2,0,0,1gameandwegohome,AMERICAS
62703,61548,Icebox,Decider,1gameandwegohome,Bear Minimum,1gameandwegohome,7193,Bear Minimum,7008,9,3,8,4,0,0,1gameandwegohome,AMERICAS
62704,61550,Split,Decider,Purple Team,AR eSports,AR eSports,7194,Purple Team,6536,9,3,0,4,0,0,Purple Team,AMERICAS
62704,61551,Breeze,Decider,Purple Team,AR eSports,AR eSports,7194,Purple Team,6536,6,6,1,7,0,0,Purple Team,AMERICAS
62705,61553,Breeze,Decider,KOVA,Testers,KOVA,6312,Testers,7196,10,2,0,3,0,0,KOVA,AMERICAS
62705,61554,Ascent,Decider,KOVA,Testers,KOVA,6312,Testers,7196,10,2,1,3,0,0,KOVA,AMERICAS
62706,61556,Bind,Decider,Motif Esports,Team Puñeta,Team Puñeta,7197,Motif Esports,6527,5,7,3,8,0,0,Motif Esports,AMERICAS
62706,61557,Ascent,Decider,Team Puñeta,Motif Esports,Team Puñeta,7197,Motif Esports,6527,10,2,0,3,0,0,Team Puñeta,AMERICAS
62706,61558,Icebox,Decider,Team Puñeta,Motif Esports,Team Puñeta,7197,Motif Esports,6527,6,6,1,7,0,0,Team Puñeta,AMERICAS
62707,61559,Ascent,Decider,Monitos,Glitch Gaming eSports,Glitch Gaming eSports,7198,Monitos,7199,7,5,8,4,0,0,Glitch Gaming eSports,AMERICAS
62707,61560,Bind,Decider,Monitos,Glitch Gaming eSports,Glitch Gaming eSports,7198,Monitos,7199,4,8,4,8,0,2,Glitch Gaming eSports,AMERICAS
62708,61562,Bind,Decider,RED8,lavender boys,lavender boys,7200,RED8,7201,4,8,5,4,0,0,lavender boys,AMERICAS
62708,61563,Icebox,Decider,RED8,lavender boys,lavender boys,7200,RED8,7201,5,7,6,3,0,0,lavender boys,AMERICAS
62710,61568,Ascent,Decider,Guild GC,Phoenicia,Guild GC,6263,Phoenicia,7202,8,4,3,5,0,0,Guild GC,AMERICAS
62710,61569,Haven,Decider,Guild GC,Phoenicia,Guild GC,6263,Phoenicia,7202,8,4,6,5,0,0,Guild GC,AMERICAS
62711,61571,Breeze,Decider,19esports,Throwers,19esports,6139,Throwers,7203,11,1,7,2,0,0,19esports,AMERICAS
62711,61572,Icebox,Decider,Throwers,19esports,19esports,6139,Throwers,7203,1,11,2,2,0,0,19esports,AMERICAS
62713,61577,Bind,Decider,True Kings,KOI,KOI,7035,True Kings,7206,0,12,1,0,0,0,KOI,AMERICAS
62713,61578,Split,Decider,KOI,True Kings,KOI,7035,True Kings,7206,12,0,1,1,0,0,KOI,AMERICAS
62714,61580,Icebox,Decider,404 Multigaming,Avante,Avante,7207,404 Multigaming,5082,10,2,4,3,0,0,404 Multigaming,AMERICAS
62714,61581,Bind,Decider,Avante,404 Multigaming,Avante,7207,404 Multigaming,5082,7,5,1,6,0,0,Avante,AMERICAS
62714,61582,Ascent,Decider,Avante,404 Multigaming,Avante,7207,404 Multigaming,5082,3,9,4,2,0,0,404 Multigaming,AMERICAS
62716,61586,Ascent,Decider,FINstack,Rapid Ninjas,FINstack,7210,Rapid Ninjas,7211,4,8,4,8,0,2,Rapid Ninjas,AMERICAS
62716,61587,Breeze,Decider,Rapid Ninjas,FINstack,FINstack,7210,Rapid Ninjas,7211,6,6,5,7,0,0,Rapid Ninjas,AMERICAS
62717,61589,Ascent,Decider,Ignisoul Gaming,EXCEL,EXCEL,3525,Ignisoul Gaming,7212,8,4,9,3,0,0,EXCEL,AMERICAS
62717,61590,Split,Decider,EXCEL,Ignisoul Gaming,EXCEL,3525,Ignisoul Gaming,7212,5,7,2,8,0,0,EXCEL,AMERICAS
62718,61592,Haven,Decider,Retired Flavour,Bifrost,Bifrost,4675,Retired Flavour,6901,12,0,0,1,0,0,Retired Flavour,AMERICAS
62718,61593,Split,Decider,Bifrost,Retired Flavour,Bifrost,4675,Retired Flavour,6901,8,4,5,5,0,0,Bifrost,AMERICAS
62718,61594,Icebox,Decider,Retired Flavour,Bifrost,Bifrost,4675,Retired Flavour,6901,1,11,2,2,0,0,Bifrost,AMERICAS
62719,61595,Ascent,Decider,Down Bad,Rix.GG Lightning,Rix.GG Lightning,4415,Down Bad,7225,5,7,6,5,0,0,Rix.GG Lightning,AMERICAS
62719,61596,Bind,Decider,Rix.GG Lightning,Down Bad,Rix.GG Lightning,4415,Down Bad,7225,5,7,6,0,0,0,Down Bad,AMERICAS
62719,61597,Icebox,Decider,Rix.GG Lightning,Down Bad,Rix.GG Lightning,4415,Down Bad,7225,10,2,0,3,0,0,Rix.GG Lightning,AMERICAS
62720,61598,Ascent,Decider,Tiebreak,Zerance,Zerance,9559,Tiebreak,7214,5,7,6,4,0,0,Zerance,AMERICAS
62720,61599,Icebox,Decider,Tiebreak,Zerance,Zerance,9559,Tiebreak,7214,4,8,5,1,0,0,Zerance,AMERICAS
62721,61601,Icebox,Decider,l3wnadowski,Movistar Riders,Movistar Riders,2499,l3wnadowski,7215,3,9,4,6,0,0,Movistar Riders,AMERICAS
62721,61602,Haven,Decider,Movistar Riders,l3wnadowski,Movistar Riders,2499,l3wnadowski,7215,5,7,6,0,0,0,l3wnadowski,AMERICAS
62721,61603,Ascent,Decider,Movistar Riders,l3wnadowski,Movistar Riders,2499,l3wnadowski,7215,6,6,5,7,0,0,Movistar Riders,AMERICAS
62722,61604,Bind,Decider,Limitless,OnlyFrags,Limitless,6954,OnlyFrags,5973,12,0,1,1,0,0,Limitless,AMERICAS
62722,61605,Ascent,Decider,Limitless,OnlyFrags,Limitless,6954,OnlyFrags,5973,11,1,0,2,0,0,Limitless,AMERICAS
62723,61607,Bind,Decider,Team Zaxaro,VAMOS eSports,VAMOS eSports,7216,Team Zaxaro,7217,7,5,4,6,0,0,Team Zaxaro,AMERICAS
62723,61608,Haven,Decider,Team Zaxaro,VAMOS eSports,VAMOS eSports,7216,Team Zaxaro,7217,9,3,7,4,0,0,Team Zaxaro,AMERICAS
62724,61610,Haven,Decider,Straight Outta Retirement,On The Run Esports,Straight Outta Retirement,6875,On The Run Esports,3059,9,3,0,4,0,0,Straight Outta Retirement,AMERICAS
62724,61611,Icebox,Decider,Straight Outta Retirement,On The Run Esports,Straight Outta Retirement,6875,On The Run Esports,3059,10,2,2,3,0,0,Straight Outta Retirement,AMERICAS
62725,61613,Bind,Decider,Angry Titans,tba,Angry Titans,3347,tba,7218,11,1,4,2,0,0,Angry Titans,AMERICAS
62725,61614,Haven,Decider,Angry Titans,tba,Angry Titans,3347,tba,7218,11,1,2,2,0,0,Angry Titans,AMERICAS
62726,61616,Ascent,Decider,m8 Esports,Storm7,Storm7,4735,m8 Esports,5725,6,6,6,6,2,0,m8 Esports,AMERICAS
62726,61617,Haven,Decider,m8 Esports,Storm7,Storm7,4735,m8 Esports,5725,6,6,4,7,0,0,m8 Esports,AMERICAS
62727,61619,Haven,Decider,xD,MANGO,xD,7219,MANGO,6998,5,7,6,5,0,0,MANGO,AMERICAS
62727,61620,Fracture,Decider,xD,MANGO,xD,7219,MANGO,6998,8,4,4,5,0,0,xD,AMERICAS
62727,61621,Icebox,Decider,xD,MANGO,xD,7219,MANGO,6998,2,10,3,0,0,0,MANGO,AMERICAS
62728,61622,Haven,Decider,XYZ,GHOSTs,XYZ,7220,GHOSTs,7221,7,5,3,6,0,0,XYZ,AMERICAS
62728,61623,Ascent,Decider,XYZ,GHOSTs,XYZ,7220,GHOSTs,7221,11,1,0,2,0,0,XYZ,AMERICAS
62729,61625,Icebox,Decider,Hi Shin,Guild Esports,Guild Esports,1209,Hi Shin,5720,0,12,1,1,0,0,Guild Esports,AMERICAS
62729,61626,Ascent,Decider,Hi Shin,Guild Esports,Guild Esports,1209,Hi Shin,5720,2,10,3,0,0,0,Guild Esports,AMERICAS
62730,61628,Haven,Decider,ELUSIVE,Farciminis,Farciminis,7069,ELUSIVE,6096,6,6,4,7,0,0,ELUSIVE,AMERICAS
62730,61629,Split,Decider,Farciminis,ELUSIVE,Farciminis,7069,ELUSIVE,6096,6,6,4,7,0,0,Farciminis,AMERICAS
62730,61630,Bind,Decider,Farciminis,ELUSIVE,Farciminis,7069,ELUSIVE,6096,3,9,4,0,0,0,ELUSIVE,AMERICAS
62731,61631,Ascent,Decider,Team Doggo,GiefKalash,GiefKalash,6635,Team Doggo,1867,8,4,9,2,0,0,GiefKalash,AMERICAS
62731,61632,Bind,Decider,GiefKalash,Team Doggo,GiefKalash,6635,Team Doggo,1867,8,4,4,5,0,0,GiefKalash,AMERICAS
62732,61634,Icebox,Decider,Ovation eSports,FOKUS,Ovation eSports,4173,FOKUS,6882,7,5,2,6,0,0,Ovation eSports,AMERICAS
62732,61635,Ascent,Decider,Ovation eSports,FOKUS,Ovation eSports,4173,FOKUS,6882,6,6,1,7,0,0,Ovation eSports,AMERICAS
62734,61640,Ascent,Decider,junummer,NapTime,NapTime,7074,junummer,4643,6,6,2,7,0,0,junummer,AMERICAS
62734,61641,Breeze,Decider,NapTime,junummer,NapTime,7074,junummer,4643,2,10,3,0,0,0,junummer,AMERICAS
62735,61643,Ascent,Decider,H2O,Vexed Gaming,Vexed Gaming,5843,H2O,7079,9,3,7,4,0,0,H2O,AMERICAS
62735,61644,Haven,Decider,Vexed Gaming,H2O,Vexed Gaming,5843,H2O,7079,4,8,2,9,0,0,Vexed Gaming,AMERICAS
62735,61645,Bind,Decider,Vexed Gaming,H2O,Vexed Gaming,5843,H2O,7079,4,8,5,4,0,0,H2O,AMERICAS
62736,61646,Breeze,Decider,Falchion Gaming,Anonymo Esports,Anonymo Esports,5441,Falchion Gaming,7082,1,11,2,0,0,0,Anonymo Esports,AMERICAS
62736,61647,Haven,Decider,Anonymo Esports,Falchion Gaming,Anonymo Esports,5441,Falchion Gaming,7082,8,4,1,5,0,0,Anonymo Esports,AMERICAS
62740,61658,Icebox,Decider,YONK,PSQ Rising,YONK,7092,PSQ Rising,7095,10,2,4,3,0,0,YONK,AMERICAS
62740,61659,Split,Decider,PSQ Rising,YONK,YONK,7092,PSQ Rising,7095,3,9,4,3,0,0,YONK,AMERICAS
62741,61661,Ascent,Decider,SENTHEX,need more DM,need more DM,50,SENTHEX,6797,5,7,6,1,0,0,need more DM,AMERICAS
62741,61662,Bind,Decider,need more DM,SENTHEX,need more DM,50,SENTHEX,6797,12,0,0,1,0,0,need more DM,AMERICAS
62742,61664,Breeze,Decider,Klanik Esport,The Goose House,The Goose House,6141,Klanik Esport,7099,2,10,3,4,0,0,The Goose House,AMERICAS
62742,61665,Split,Decider,The Goose House,Klanik Esport,The Goose House,6141,Klanik Esport,7099,3,9,4,0,0,0,Klanik Esport,AMERICAS
62742,61666,Bind,Decider,The Goose House,Klanik Esport,The Goose House,6141,Klanik Esport,7099,6,6,5,7,0,0,The Goose House,AMERICAS
62743,61667,Bind,Decider,La Puenta,CGN Esports,CGN Esports,5214,La Puenta,6600,6,6,6,6,0,2,CGN Esports,AMERICAS
62743,61668,Ascent,Decider,CGN Esports,La Puenta,CGN Esports,5214,La Puenta,6600,9,3,0,4,0,0,CGN Esports,AMERICAS
62744,61670,Icebox,Decider,Polonez,EX0TIK GAMING,Polonez,7104,EX0TIK GAMING,7105,2,10,2,10,2,0,Polonez,AMERICAS
62744,61671,Split,Decider,Polonez,EX0TIK GAMING,Polonez,7104,EX0TIK GAMING,7105,6,6,3,7,0,0,Polonez,AMERICAS
62745,61673,Haven,Decider,LDN UTD,Scythe of Seraph,LDN UTD,6460,Scythe of Seraph,2064,11,1,2,2,0,0,LDN UTD,AMERICAS
62745,61674,Icebox,Decider,LDN UTD,Scythe of Seraph,LDN UTD,6460,Scythe of Seraph,2064,9,3,0,4,0,0,LDN UTD,AMERICAS
62746,61676,Ascent,Decider,HorYjin,VALORANTPT,VALORANTPT,7110,HorYjin,5140,1,11,2,4,0,0,VALORANTPT,AMERICAS
62746,61677,Bind,Decider,VALORANTPT,HorYjin,VALORANTPT,7110,HorYjin,5140,3,9,4,2,0,0,HorYjin,AMERICAS
62746,61678,Haven,Decider,VALORANTPT,HorYjin,VALORANTPT,7110,HorYjin,5140,9,3,1,4,0,0,VALORANTPT,AMERICAS
62747,61679,Icebox,Decider,Ungentium,rats,rats,7112,Ungentium,6629,10,2,5,3,0,0,Ungentium,AMERICAS
62747,61680,Bind,Decider,rats,Ungentium,rats,7112,Ungentium,6629,3,9,4,0,0,0,Ungentium,AMERICAS
62748,61682,Icebox,Decider,Descendants,Ignite Academy,Ignite Academy,7114,Descendants,7222,3,9,4,7,0,0,Ignite Academy,AMERICAS
62748,61683,Ascent,Decider,Descendants,Ignite Academy,Ignite Academy,7114,Descendants,7222,7,5,8,2,0,0,Ignite Academy,AMERICAS
62749,61685,Split,Decider,Human Tripwires,Megastitut,Megastitut,686,Human Tripwires,6400,4,8,5,3,0,0,Megastitut,AMERICAS
62749,61686,Breeze,Decider,Human Tripwires,Megastitut,Megastitut,686,Human Tripwires,6400,5,7,6,4,0,0,Megastitut,AMERICAS
62750,61688,Haven,Decider,Dame Time,bref,bref,1175,Dame Time,3819,3,9,4,1,0,0,bref,AMERICAS
62750,61689,Bind,Decider,bref,Dame Time,bref,1175,Dame Time,3819,9,3,3,4,0,0,bref,AMERICAS
62751,61691,Bind,Decider,Valar Morghulis,Team Heretics,Team Heretics,1001,Valar Morghulis,6996,6,6,6,6,2,0,Valar Morghulis,AMERICAS
62751,61692,Icebox,Decider,Team Heretics,Valar Morghulis,Team Heretics,1001,Valar Morghulis,6996,8,4,2,5,0,0,Team Heretics,AMERICAS
62751,61693,Fracture,Decider,Team Heretics,Valar Morghulis,Team Heretics,1001,Valar Morghulis,6996,7,5,8,2,0,0,Valar Morghulis,AMERICAS
62752,69444,Breeze,Decider,New Genesis Esports,Mkers,Mkers,7226,New Genesis Esports,3621,2,10,3,0,0,0,Mkers,AMERICAS
62752,69445,Split,Decider,New Genesis Esports,Mkers,Mkers,7226,New Genesis Esports,3621,4,8,5,0,0,0,Mkers,AMERICAS
62753,61697,Bind,Decider,BIG,Matching Numbers,BIG,472,Matching Numbers,7126,10,2,0,3,0,0,BIG,AMERICAS
62753,61698,Haven,Decider,BIG,Matching Numbers,BIG,472,Matching Numbers,7126,7,5,3,6,0,0,BIG,AMERICAS
62754,61700,Ascent,Decider,Absolute amateurs,cowana Gaming,cowana Gaming,6211,Absolute amateurs,7129,10,2,0,3,0,0,Absolute amateurs,AMERICAS
62754,61701,Icebox,Decider,cowana Gaming,Absolute amateurs,cowana Gaming,6211,Absolute amateurs,7129,3,9,4,5,0,0,Absolute amateurs,AMERICAS
62755,61703,Ascent,Decider,HEET,NOM Esports,HEET,2408,NOM Esports,6191,10,2,1,3,0,0,HEET,AMERICAS
62755,61704,Bind,Decider,NOM Esports,HEET,HEET,2408,NOM Esports,6191,8,4,4,5,0,0,NOM Esports,AMERICAS
62755,61705,Breeze,Decider,HEET,NOM Esports,HEET,2408,NOM Esports,6191,1,11,2,2,0,0,NOM Esports,AMERICAS
62756,61706,Haven,Decider,StunZin5,PENTA,StunZin5,7133,PENTA,1456,3,9,3,9,3,1,StunZin5,AMERICAS
62756,61707,Icebox,Decider,PENTA,StunZin5,StunZin5,7133,PENTA,1456,4,8,5,3,0,0,StunZin5,AMERICAS
62757,61709,Ascent,Decider,Bang Average,Twareg Esports,Twareg Esports,6790,Bang Average,7505,10,2,2,3,0,0,Bang Average,AMERICAS
62757,61710,Icebox,Decider,Bang Average,Twareg Esports,Twareg Esports,6790,Bang Average,7505,11,1,0,2,0,0,Bang Average,AMERICAS
62758,61712,Icebox,Decider,azzi's anime aimers,Titxns,azzi's anime aimers,7139,Titxns,7142,10,2,0,3,0,0,azzi's anime aimers,AMERICAS
62758,61713,Haven,Decider,Titxns,azzi's anime aimers,azzi's anime aimers,7139,Titxns,7142,1,11,2,0,0,0,azzi's anime aimers,AMERICAS
62759,61715,Icebox,Decider,Case Esports,The Mix,Case Esports,6149,The Mix,7145,6,6,5,7,0,0,Case Esports,AMERICAS
62759,61716,Ascent,Decider,The Mix,Case Esports,Case Esports,6149,The Mix,7145,8,4,2,5,0,0,The Mix,AMERICAS
62759,61717,Haven,Decider,The Mix,Case Esports,Case Esports,6149,The Mix,7145,6,6,7,5,0,0,Case Esports,AMERICAS
62760,61718,Bind,Decider,InTenZiveEU,Sørby Esport,InTenZiveEU,7147,Sørby Esport,7140,11,1,5,2,0,0,InTenZiveEU,AMERICAS
62760,61719,Icebox,Decider,InTenZiveEU,Sørby Esport,InTenZiveEU,7147,Sørby Esport,7140,2,10,3,4,0,0,Sørby Esport,AMERICAS
62760,61720,Haven,Decider,Sørby Esport,InTenZiveEU,InTenZiveEU,7147,Sørby Esport,7140,5,7,4,8,0,0,Sørby Esport,AMERICAS
62761,61721,Ascent,Decider,Praeditus Gaming,Rix.GG Thunder,Rix.GG Thunder,2373,Praeditus Gaming,7150,2,10,3,0,0,0,Rix.GG Thunder,AMERICAS
62761,61722,Fracture,Decider,Rix.GG Thunder,Praeditus Gaming,Rix.GG Thunder,2373,Praeditus Gaming,7150,7,5,0,6,0,0,Rix.GG Thunder,AMERICAS
62762,61724,Breeze,Decider,iPon Esport,UCAM Esports Club,iPon Esport,576,UCAM Esports Club,4616,6,6,3,7,0,0,iPon Esport,AMERICAS
62762,61725,Ascent,Decider,UCAM Esports Club,iPon Esport,iPon Esport,576,UCAM Esports Club,4616,5,7,6,5,0,0,iPon Esport,AMERICAS
62763,61727,Fracture,Decider,Wave Esports,Digital Athletics,Wave Esports,324,Digital Athletics,4669,9,3,4,4,0,0,Wave Esports,AMERICAS
62763,61728,Icebox,Decider,Digital Athletics,Wave Esports,Wave Esports,324,Digital Athletics,4669,3,9,4,4,0,0,Wave Esports,AMERICAS
62764,61730,Icebox,Decider,5ORDIC,Soldados de Lembo,5ORDIC,7154,Soldados de Lembo,7156,4,8,5,3,0,0,Soldados de Lembo,AMERICAS
62764,61731,Haven,Decider,Soldados de Lembo,5ORDIC,5ORDIC,7154,Soldados de Lembo,7156,8,4,2,5,0,0,Soldados de Lembo,AMERICAS
62765,61733,Icebox,Decider,CONNEMARA,Team Queso,Team Queso,4538,CONNEMARA,7159,9,3,4,4,0,0,CONNEMARA,AMERICAS
62765,61734,Ascent,Decider,Team Queso,CONNEMARA,Team Queso,4538,CONNEMARA,7159,6,6,2,7,0,0,Team Queso,AMERICAS
62765,61735,Haven,Decider,Team Queso,CONNEMARA,Team Queso,4538,CONNEMARA,7159,10,2,0,3,0,0,Team Queso,AMERICAS
62767,61739,Haven,Decider,Cavalry Esports,OG,OG,2965,Cavalry Esports,7164,5,7,6,1,0,0,OG,AMERICAS
62767,61740,Icebox,Decider,Cavalry Esports,OG,OG,2965,Cavalry Esports,7164,4,8,4,8,2,4,OG,AMERICAS
62768,61742,Breeze,Decider,NonsenseGaming,Static,NonsenseGaming,3871,Static,7167,4,8,5,1,0,0,Static,AMERICAS
62768,61743,Haven,Decider,Static,NonsenseGaming,NonsenseGaming,3871,Static,7167,8,4,8,4,2,0,Static,AMERICAS
62769,61745,Haven,Decider,Pendragon Esports,AWARIA,AWARIA,6962,Pendragon Esports,6528,3,9,4,2,0,0,AWARIA,AMERICAS
62769,61746,Breeze,Decider,Pendragon Esports,AWARIA,AWARIA,6962,Pendragon Esports,6528,0,12,1,0,0,0,AWARIA,AMERICAS
62770,61748,Ascent,Decider,Team 86,The Agency Clan,Team 86,7227,The Agency Clan,4666,8,4,9,1,0,0,The Agency Clan,AMERICAS
62770,61749,Fracture,Decider,The Agency Clan,Team 86,Team 86,7227,The Agency Clan,4666,7,5,4,6,0,0,The Agency Clan,AMERICAS
62771,61751,Split,Decider,WATAHA,ownage,ownage,3653,WATAHA,6759,7,5,5,6,0,0,WATAHA,AMERICAS
62771,61752,Icebox,Decider,ownage,WATAHA,ownage,3653,WATAHA,6759,2,10,3,4,0,0,WATAHA,AMERICAS
62772,61754,Icebox,Decider,Big Blue Charizard,F9 Hetic,Big Blue Charizard,7171,F9 Hetic,4131,6,6,2,7,0,0,Big Blue Charizard,AMERICAS
62772,61755,Haven,Decider,Big Blue Charizard,F9 Hetic,Big Blue Charizard,7171,F9 Hetic,4131,6,6,7,4,0,0,F9 Hetic,AMERICAS
62772,61756,Split,Decider,Big Blue Charizard,F9 Hetic,Big Blue Charizard,7171,F9 Hetic,4131,7,5,8,3,0,0,F9 Hetic,AMERICAS
62773,61757,Ascent,Decider,Rebels Gaming,idkman,Rebels Gaming,6750,idkman,6129,6,6,1,7,0,0,Rebels Gaming,AMERICAS
62773,61758,Split,Decider,idkman,Rebels Gaming,Rebels Gaming,6750,idkman,6129,2,10,3,0,0,0,Rebels Gaming,AMERICAS
62774,61760,Bind,Decider,Intellectually Challenged Gamers,ADEPTS,Intellectually Challenged Gamers,7177,ADEPTS,7178,6,6,4,7,0,0,Intellectually Challenged Gamers,AMERICAS
62774,61761,Icebox,Decider,Intellectually Challenged Gamers,ADEPTS,Intellectually Challenged Gamers,7177,ADEPTS,7178,5,7,6,2,0,0,ADEPTS,AMERICAS
62774,61762,Split,Decider,ADEPTS,Intellectually Challenged Gamers,Intellectually Challenged Gamers,7177,ADEPTS,7178,3,9,3,9,0,2,Intellectually Challenged Gamers,AMERICAS
62776,61766,Ascent,Decider,Orgless22,Bald Wheelchair,Bald Wheelchair,7183,Orgless22,7185,11,1,4,2,0,0,Orgless22,AMERICAS
62776,61767,Breeze,Decider,Orgless22,Bald Wheelchair,Bald Wheelchair,7183,Orgless22,7185,8,4,1,5,0,0,Orgless22,AMERICAS
62777,61769,Fracture,Decider,Mercury,Team Vitality,Team Vitality,2059,Mercury,7188,4,8,5,2,0,0,Team Vitality,AMERICAS
62777,61770,Ascent,Decider,Team Vitality,Mercury,Team Vitality,2059,Mercury,7188,9,3,2,4,0,0,Team Vitality,AMERICAS
62778,61772,Icebox,Decider,Skelp Esports,Kahoot,Skelp Esports,4699,Kahoot,6758,4,8,5,1,0,0,Kahoot,AMERICAS
62778,61773,Breeze,Decider,Kahoot,Skelp Esports,Skelp Esports,4699,Kahoot,6758,10,2,3,3,0,0,Kahoot,AMERICAS
62779,61775,Ascent,Decider,Lucadmin eSports,Anorthosis Famagusta Esports,Anorthosis Famagusta Esports,6316,Lucadmin eSports,7192,4,8,5,2,0,0,Anorthosis Famagusta Esports,AMERICAS
62779,61776,Bind,Decider,Anorthosis Famagusta Esports,Lucadmin eSports,Anorthosis Famagusta Esports,6316,Lucadmin eSports,7192,9,3,0,4,0,0,Anorthosis Famagusta Esports,AMERICAS
62780,61778,Icebox,Decider,1gameandwegohome,Purple Team,1gameandwegohome,7193,Purple Team,6536,7,5,7,5,0,2,Purple Team,AMERICAS
62780,61779,Bind,Decider,Purple Team,1gameandwegohome,1gameandwegohome,7193,Purple Team,6536,11,1,0,2,0,0,Purple Team,AMERICAS
62782,61784,Ascent,Decider,lavender boys,Glitch Gaming eSports,Glitch Gaming eSports,7198,lavender boys,7200,7,5,3,6,0,0,lavender boys,AMERICAS
62782,61785,Bind,Decider,lavender boys,Glitch Gaming eSports,Glitch Gaming eSports,7198,lavender boys,7200,6,6,2,7,0,0,lavender boys,AMERICAS
62783,61787,Icebox,Decider,AXIBYTE ESPORTS,Guild GC,AXIBYTE ESPORTS,5391,Guild GC,6263,9,3,1,4,0,0,AXIBYTE ESPORTS,AMERICAS
62783,61788,Ascent,Decider,AXIBYTE ESPORTS,Guild GC,AXIBYTE ESPORTS,5391,Guild GC,6263,8,4,5,5,0,0,AXIBYTE ESPORTS,AMERICAS
62784,61790,Ascent,Decider,19esports,Digitroni Esports,19esports,6139,Digitroni Esports,7204,11,1,4,2,0,0,19esports,AMERICAS
62784,61791,Icebox,Decider,Digitroni Esports,19esports,19esports,6139,Digitroni Esports,7204,3,9,4,0,0,0,19esports,AMERICAS
62786,61796,Ascent,Decider,Team Wyvern,Rapid Ninjas,Team Wyvern,7208,Rapid Ninjas,7211,5,7,6,0,0,0,Rapid Ninjas,AMERICAS
62786,61797,Icebox,Decider,Rapid Ninjas,Team Wyvern,Team Wyvern,7208,Rapid Ninjas,7211,10,2,1,3,0,0,Rapid Ninjas,AMERICAS
62790,61808,Bind,Decider,Straight Outta Retirement,Team Zaxaro,Team Zaxaro,7217,Straight Outta Retirement,6875,9,3,1,4,0,0,Straight Outta Retirement,AMERICAS
62790,61809,Haven,Decider,Team Zaxaro,Straight Outta Retirement,Team Zaxaro,7217,Straight Outta Retirement,6875,3,9,4,0,0,0,Straight Outta Retirement,AMERICAS
62791,61811,Haven,Decider,Angry Titans,m8 Esports,Angry Titans,3347,m8 Esports,5725,8,4,3,5,0,0,Angry Titans,AMERICAS
62791,61812,Breeze,Decider,Angry Titans,m8 Esports,Angry Titans,3347,m8 Esports,5725,11,1,0,2,0,0,Angry Titans,AMERICAS
62787,61799,Icebox,Decider,Bifrost,EXCEL,EXCEL,3525,Bifrost,4675,4,8,5,0,0,0,EXCEL,AMERICAS
62787,61800,Haven,Decider,Bifrost,EXCEL,EXCEL,3525,Bifrost,4675,3,9,4,3,0,0,EXCEL,AMERICAS
62785,61793,Bind,Decider,404 Multigaming,KOI,KOI,7035,404 Multigaming,5082,4,8,5,0,0,0,KOI,AMERICAS
62785,61794,Ascent,Decider,KOI,404 Multigaming,KOI,7035,404 Multigaming,5082,11,1,2,2,0,0,KOI,AMERICAS
62788,62108,Icebox,Decider,Rix.GG Lightning,Zerance,Rix.GG Lightning,4415,Zerance,9559,4,8,5,1,0,0,Zerance,AMERICAS
62788,62109,Ascent,Decider,Rix.GG Lightning,Zerance,Rix.GG Lightning,4415,Zerance,9559,2,10,3,5,0,0,Zerance,AMERICAS
62781,61781,Haven,Decider,Team Puñeta,KOVA,KOVA,6312,Team Puñeta,7197,3,9,4,1,0,0,KOVA,AMERICAS
62781,61782,Icebox,Decider,KOVA,Team Puñeta,KOVA,6312,Team Puñeta,7197,6,6,5,7,0,0,KOVA,AMERICAS
62792,61814,Haven,Decider,XYZ,MANGO,MANGO,6998,XYZ,7220,2,10,3,9,0,0,MANGO,AMERICAS
62792,62158,Icebox,Decider,XYZ,MANGO,MANGO,6998,XYZ,7220,0,12,1,0,0,0,MANGO,AMERICAS
62733,61637,Icebox,Decider,NOMAD,Giants Gaming,Giants Gaming,2304,NOMAD,7072,1,11,2,0,0,0,Giants Gaming,AMERICAS
62733,61638,Ascent,Decider,Giants Gaming,NOMAD,Giants Gaming,2304,NOMAD,7072,8,4,1,5,0,0,Giants Gaming,AMERICAS
62738,61652,Ascent,Decider,RCTIC,Swag Silicone,Swag Silicone,2012,RCTIC,2767,4,8,5,4,0,0,Swag Silicone,AMERICAS
62738,61653,Split,Decider,Swag Silicone,RCTIC,Swag Silicone,2012,RCTIC,2767,8,4,2,5,0,0,Swag Silicone,AMERICAS
62739,61655,Icebox,Decider,frog munchers,EX-Killabeez,frog munchers,7089,EX-Killabeez,7091,8,4,4,5,0,0,frog munchers,AMERICAS
62739,61656,Breeze,Decider,EX-Killabeez,frog munchers,frog munchers,7089,EX-Killabeez,7091,5,7,4,8,0,0,EX-Killabeez,AMERICAS
62739,61657,Haven,Decider,frog munchers,EX-Killabeez,frog munchers,7089,EX-Killabeez,7091,6,6,5,7,0,0,frog munchers,AMERICAS
62766,61736,Split,Decider,Unicorns of Love,Team Progress,Team Progress,7160,Unicorns of Love,7038,9,3,3,4,0,0,Unicorns of Love,AMERICAS
62766,61737,Icebox,Decider,Unicorns of Love,Team Progress,Team Progress,7160,Unicorns of Love,7038,7,5,1,6,0,0,Unicorns of Love,AMERICAS
62775,61763,Split,Decider,SunnyBeach,Feng eSports,SunnyBeach,7015,Feng eSports,7181,8,4,2,5,0,0,SunnyBeach,AMERICAS
62775,61764,Ascent,Decider,Feng eSports,SunnyBeach,SunnyBeach,7015,Feng eSports,7181,3,9,4,0,0,0,SunnyBeach,AMERICAS
62789,61805,Split,Decider,Limitless,Movistar Riders,Movistar Riders,2499,Limitless,6954,7,5,8,4,0,0,Movistar Riders,AMERICAS
62789,61806,Breeze,Decider,Limitless,Movistar Riders,Movistar Riders,2499,Limitless,6954,7,5,7,5,0,2,Movistar Riders,AMERICAS
62793,61817,Haven,Decider,Guild Esports,ELUSIVE,Guild Esports,1209,ELUSIVE,6096,8,4,2,5,0,0,Guild Esports,AMERICAS
62793,61818,Ascent,Decider,ELUSIVE,Guild Esports,Guild Esports,1209,ELUSIVE,6096,0,12,1,0,0,0,Guild Esports,AMERICAS
62794,61820,Haven,Decider,Ovation eSports,GiefKalash,GiefKalash,6635,Ovation eSports,4173,5,7,6,3,0,0,GiefKalash,AMERICAS
62794,61821,Breeze,Decider,GiefKalash,Ovation eSports,GiefKalash,6635,Ovation eSports,4173,7,5,7,5,2,0,GiefKalash,AMERICAS
62795,61823,Icebox,Decider,junummer,Giants Gaming,Giants Gaming,2304,junummer,4643,3,9,4,2,0,0,Giants Gaming,AMERICAS
62795,61824,Breeze,Decider,Giants Gaming,junummer,Giants Gaming,2304,junummer,4643,7,5,7,5,3,1,Giants Gaming,AMERICAS
62796,61826,Split,Decider,H2O,Anonymo Esports,H2O,7079,Anonymo Esports,5441,4,8,5,3,0,0,Anonymo Esports,AMERICAS
62796,61827,Bind,Decider,Anonymo Esports,H2O,H2O,7079,Anonymo Esports,5441,7,5,0,6,0,0,Anonymo Esports,AMERICAS
62797,61829,Ascent,Decider,Finest,Swag Silicone,Finest,673,Swag Silicone,2012,9,3,4,4,0,0,Finest,AMERICAS
62797,61830,Icebox,Decider,Swag Silicone,Finest,Finest,673,Swag Silicone,2012,3,9,4,0,0,0,Finest,AMERICAS
62798,61832,Icebox,Decider,YONK,frog munchers,frog munchers,7089,YONK,7092,8,4,4,5,0,0,YONK,AMERICAS
62798,61833,Breeze,Decider,YONK,frog munchers,frog munchers,7089,YONK,7092,10,2,0,3,0,0,YONK,AMERICAS
62799,61835,Fracture,Decider,The Goose House,need more DM,need more DM,50,The Goose House,6141,4,8,5,1,0,0,need more DM,AMERICAS
62799,61836,Split,Decider,need more DM,The Goose House,need more DM,50,The Goose House,6141,8,4,2,5,0,0,need more DM,AMERICAS
62800,61838,Haven,Decider,Polonez,CGN Esports,CGN Esports,5214,Polonez,7104,2,10,3,0,0,0,CGN Esports,AMERICAS
62800,61839,Breeze,Decider,Polonez,CGN Esports,CGN Esports,5214,Polonez,7104,5,7,6,5,0,0,CGN Esports,AMERICAS
62801,61841,Haven,Decider,LDN UTD,VALORANTPT,LDN UTD,6460,VALORANTPT,7110,10,2,0,3,0,0,LDN UTD,AMERICAS
62801,61842,Icebox,Decider,VALORANTPT,LDN UTD,LDN UTD,6460,VALORANTPT,7110,1,11,2,0,0,0,LDN UTD,AMERICAS
62802,61844,Icebox,Decider,Ungentium,Ignite Academy,Ungentium,6629,Ignite Academy,7114,7,5,2,6,0,0,Ungentium,AMERICAS
62802,61845,Bind,Decider,Ignite Academy,Ungentium,Ungentium,6629,Ignite Academy,7114,3,9,4,1,0,0,Ungentium,AMERICAS
62803,61847,Ascent,Decider,Megastitut,bref,Megastitut,686,bref,1175,9,3,1,4,0,0,Megastitut,AMERICAS
62803,61848,Fracture,Decider,Megastitut,bref,Megastitut,686,bref,1175,6,6,7,2,0,0,bref,AMERICAS
62803,61849,Haven,Decider,Megastitut,bref,Megastitut,686,bref,1175,4,8,5,0,0,0,bref,AMERICAS
62804,61850,Split,Decider,Mkers,Valar Morghulis,Valar Morghulis,6996,Mkers,7226,2,10,3,1,0,0,Valar Morghulis,AMERICAS
62804,61851,Bind,Decider,Valar Morghulis,Mkers,Valar Morghulis,6996,Mkers,7226,6,6,7,2,0,0,Mkers,AMERICAS
62804,61852,Ascent,Decider,Valar Morghulis,Mkers,Valar Morghulis,6996,Mkers,7226,4,8,4,8,2,0,Valar Morghulis,AMERICAS
62805,61853,Bind,Decider,Absolute amateurs,BIG,BIG,472,Absolute amateurs,7129,2,10,3,0,0,0,BIG,AMERICAS
62805,61854,Ascent,Decider,BIG,Absolute amateurs,BIG,472,Absolute amateurs,7129,6,6,0,7,0,0,BIG,AMERICAS
62806,61856,Breeze,Decider,StunZin5,NOM Esports,NOM Esports,6191,StunZin5,7133,2,10,3,2,0,0,NOM Esports,AMERICAS
62806,61857,Icebox,Decider,StunZin5,NOM Esports,NOM Esports,6191,StunZin5,7133,6,6,0,7,0,0,StunZin5,AMERICAS
62806,61858,Haven,Decider,StunZin5,NOM Esports,NOM Esports,6191,StunZin5,7133,8,4,2,5,0,0,StunZin5,AMERICAS
62807,61859,Icebox,Decider,azzi's anime aimers,Bang Average,Bang Average,7505,azzi's anime aimers,7139,5,7,5,7,1,3,Bang Average,AMERICAS
62807,61860,Bind,Decider,azzi's anime aimers,Bang Average,Bang Average,7505,azzi's anime aimers,7139,6,6,0,7,0,0,azzi's anime aimers,AMERICAS
62807,61861,Ascent,Decider,azzi's anime aimers,Bang Average,Bang Average,7505,azzi's anime aimers,7139,8,4,2,5,0,0,azzi's anime aimers,AMERICAS
62808,61862,Icebox,Decider,Case Esports,Sørby Esport,Case Esports,6149,Sørby Esport,7140,9,3,0,4,0,0,Case Esports,AMERICAS
62808,61863,Haven,Decider,Sørby Esport,Case Esports,Case Esports,6149,Sørby Esport,7140,4,8,5,5,0,0,Case Esports,AMERICAS
62809,61865,Ascent,Decider,iPon Esport,Rix.GG Thunder,Rix.GG Thunder,2373,iPon Esport,576,7,5,8,3,0,0,Rix.GG Thunder,AMERICAS
62809,61866,Bind,Decider,Rix.GG Thunder,iPon Esport,Rix.GG Thunder,2373,iPon Esport,576,5,7,3,8,0,0,Rix.GG Thunder,AMERICAS
62810,61868,Ascent,Decider,Wave Esports,Soldados de Lembo,Wave Esports,324,Soldados de Lembo,7156,10,2,5,3,0,0,Wave Esports,AMERICAS
62810,61869,Icebox,Decider,Soldados de Lembo,Wave Esports,Wave Esports,324,Soldados de Lembo,7156,2,10,3,0,0,0,Wave Esports,AMERICAS
62811,61871,Breeze,Decider,Unicorns of Love,Team Queso,Team Queso,4538,Unicorns of Love,7038,8,4,9,0,0,0,Team Queso,AMERICAS
62811,61872,Icebox,Decider,Team Queso,Unicorns of Love,Team Queso,4538,Unicorns of Love,7038,12,0,0,1,0,0,Team Queso,AMERICAS
62812,61874,Fracture,Decider,Static,OG,OG,2965,Static,7167,2,10,3,3,0,0,OG,AMERICAS
62812,61875,Icebox,Decider,OG,Static,OG,2965,Static,7167,9,3,4,4,0,0,OG,AMERICAS
62813,61877,Icebox,Decider,The Agency Clan,AWARIA,AWARIA,6962,The Agency Clan,4666,5,7,6,0,0,0,AWARIA,AMERICAS
62813,61878,Breeze,Decider,The Agency Clan,AWARIA,AWARIA,6962,The Agency Clan,4666,2,10,3,2,0,0,AWARIA,AMERICAS
62814,61880,Bind,Decider,F9 Hetic,WATAHA,WATAHA,6759,F9 Hetic,4131,3,9,4,8,0,0,WATAHA,AMERICAS
62814,61881,Icebox,Decider,F9 Hetic,WATAHA,WATAHA,6759,F9 Hetic,4131,4,8,5,2,0,0,WATAHA,AMERICAS
62815,61883,Bind,Decider,Rebels Gaming,Intellectually Challenged Gamers,Rebels Gaming,6750,Intellectually Challenged Gamers,7177,10,2,0,3,0,0,Rebels Gaming,AMERICAS
62815,61884,Split,Decider,Intellectually Challenged Gamers,Rebels Gaming,Rebels Gaming,6750,Intellectually Challenged Gamers,7177,0,12,1,0,0,0,Rebels Gaming,AMERICAS
62816,61886,Breeze,Decider,SunnyBeach,Orgless22,SunnyBeach,7015,Orgless22,7185,4,8,5,0,0,0,Orgless22,AMERICAS
62816,61887,Ascent,Decider,Orgless22,SunnyBeach,SunnyBeach,7015,Orgless22,7185,9,3,10,2,0,0,SunnyBeach,AMERICAS
62816,61888,Icebox,Decider,SunnyBeach,Orgless22,SunnyBeach,7015,Orgless22,7185,7,5,7,5,0,2,Orgless22,AMERICAS
62817,61889,Fracture,Decider,Kahoot,Team Vitality,Team Vitality,2059,Kahoot,6758,0,12,1,0,0,0,Team Vitality,AMERICAS
62817,61890,Ascent,Decider,Team Vitality,Kahoot,Team Vitality,2059,Kahoot,6758,9,3,3,4,0,0,Team Vitality,AMERICAS
62818,61892,Haven,Decider,Anorthosis Famagusta Esports,Purple Team,Anorthosis Famagusta Esports,6316,Purple Team,6536,6,6,7,4,0,0,Purple Team,AMERICAS
62818,61893,Bind,Decider,Anorthosis Famagusta Esports,Purple Team,Anorthosis Famagusta Esports,6316,Purple Team,6536,7,5,4,6,0,0,Anorthosis Famagusta Esports,AMERICAS
62818,61894,Icebox,Decider,Anorthosis Famagusta Esports,Purple Team,Anorthosis Famagusta Esports,6316,Purple Team,6536,5,7,5,7,2,0,Anorthosis Famagusta Esports,AMERICAS
62819,61895,Haven,Decider,lavender boys,KOVA,KOVA,6312,lavender boys,7200,4,8,5,2,0,0,KOVA,AMERICAS
62819,61896,Bind,Decider,KOVA,lavender boys,KOVA,6312,lavender boys,7200,9,3,3,4,0,0,KOVA,AMERICAS
62820,61898,Bind,Decider,19esports,AXIBYTE ESPORTS,AXIBYTE ESPORTS,5391,19esports,6139,9,3,2,4,0,0,19esports,AMERICAS
62820,61899,Haven,Decider,AXIBYTE ESPORTS,19esports,AXIBYTE ESPORTS,5391,19esports,6139,4,8,3,9,0,0,AXIBYTE ESPORTS,AMERICAS
62820,61900,Ascent,Decider,AXIBYTE ESPORTS,19esports,AXIBYTE ESPORTS,5391,19esports,6139,7,5,8,4,0,0,19esports,AMERICAS
62821,61901,Ascent,Decider,KOI,Rapid Ninjas,KOI,7035,Rapid Ninjas,7211,10,2,0,3,0,0,KOI,AMERICAS
62821,61902,Bind,Decider,Rapid Ninjas,KOI,KOI,7035,Rapid Ninjas,7211,3,9,4,0,0,0,KOI,AMERICAS
62822,61904,Icebox,Decider,Zerance,EXCEL,EXCEL,3525,Zerance,9559,3,9,4,0,0,0,EXCEL,AMERICAS
62822,61905,Haven,Decider,EXCEL,Zerance,EXCEL,3525,Zerance,9559,12,0,0,1,0,0,EXCEL,AMERICAS
62823,61907,Icebox,Decider,Straight Outta Retirement,Movistar Riders,Movistar Riders,2499,Straight Outta Retirement,6875,5,7,6,6,0,0,Movistar Riders,AMERICAS
62823,61908,Fracture,Decider,Straight Outta Retirement,Movistar Riders,Movistar Riders,2499,Straight Outta Retirement,6875,11,1,0,2,0,0,Straight Outta Retirement,AMERICAS
62823,61909,Breeze,Decider,Straight Outta Retirement,Movistar Riders,Movistar Riders,2499,Straight Outta Retirement,6875,7,5,4,6,0,0,Straight Outta Retirement,AMERICAS
62824,61910,Bind,Decider,Angry Titans,MANGO,Angry Titans,3347,MANGO,6998,6,6,6,6,0,2,MANGO,AMERICAS
62824,61911,Fracture,Decider,Angry Titans,MANGO,Angry Titans,3347,MANGO,6998,8,4,8,4,0,2,MANGO,AMERICAS
62825,61913,Ascent,Decider,Guild Esports,GiefKalash,Guild Esports,1209,GiefKalash,6635,12,0,4,1,0,0,Guild Esports,AMERICAS
62825,61914,Bind,Decider,GiefKalash,Guild Esports,Guild Esports,1209,GiefKalash,6635,2,10,3,3,0,0,Guild Esports,AMERICAS
62826,61916,Ascent,Decider,Giants Gaming,Anonymo Esports,Giants Gaming,2304,Anonymo Esports,5441,9,3,7,4,0,0,Giants Gaming,AMERICAS
62826,61917,Icebox,Decider,Anonymo Esports,Giants Gaming,Giants Gaming,2304,Anonymo Esports,5441,10,2,10,2,2,0,Anonymo Esports,AMERICAS
62826,61918,Bind,Decider,Anonymo Esports,Giants Gaming,Giants Gaming,2304,Anonymo Esports,5441,7,5,6,6,0,0,Anonymo Esports,AMERICAS
62827,61919,Haven,Decider,YONK,Finest,Finest,673,YONK,7092,8,4,4,5,0,0,YONK,AMERICAS
62827,61920,Breeze,Decider,Finest,YONK,Finest,673,YONK,7092,5,7,6,5,0,0,YONK,AMERICAS
62828,61922,Fracture,Decider,CGN Esports,need more DM,need more DM,50,CGN Esports,5214,5,7,5,7,1,3,need more DM,AMERICAS
62828,61923,Haven,Decider,CGN Esports,need more DM,need more DM,50,CGN Esports,5214,5,7,0,8,0,0,CGN Esports,AMERICAS
62828,61924,Ascent,Decider,need more DM,CGN Esports,need more DM,50,CGN Esports,5214,4,8,5,3,0,0,CGN Esports,AMERICAS
62829,61925,Icebox,Decider,LDN UTD,Ungentium,LDN UTD,6460,Ungentium,6629,8,4,1,5,0,0,LDN UTD,AMERICAS
62829,61926,Haven,Decider,Ungentium,LDN UTD,LDN UTD,6460,Ungentium,6629,6,6,7,1,0,0,LDN UTD,AMERICAS
62833,61937,Ascent,Decider,Wave Esports,Rix.GG Thunder,Rix.GG Thunder,2373,Wave Esports,324,6,6,2,7,0,0,Wave Esports,AMERICAS
62833,61938,Breeze,Decider,Rix.GG Thunder,Wave Esports,Rix.GG Thunder,2373,Wave Esports,324,2,10,3,0,0,0,Wave Esports,AMERICAS
62834,61940,Haven,Decider,OG,Team Queso,Team Queso,4538,OG,2965,2,10,3,0,0,0,Team Queso,AMERICAS
62834,61941,Fracture,Decider,OG,Team Queso,Team Queso,4538,OG,2965,6,6,7,4,0,0,Team Queso,AMERICAS
62835,61943,Icebox,Decider,WATAHA,AWARIA,AWARIA,6962,WATAHA,6759,6,6,7,3,0,0,AWARIA,AMERICAS
62835,61944,Bind,Decider,WATAHA,AWARIA,AWARIA,6962,WATAHA,6759,2,10,3,2,0,0,AWARIA,AMERICAS
62839,61955,Haven,Decider,KOI,EXCEL,KOI,7035,EXCEL,3525,6,6,7,3,0,0,EXCEL,AMERICAS
62839,61956,Ascent,Decider,EXCEL,KOI,KOI,7035,EXCEL,3525,7,5,8,4,0,0,KOI,AMERICAS
62839,61957,Icebox,Decider,KOI,EXCEL,KOI,7035,EXCEL,3525,6,6,0,7,0,0,KOI,AMERICAS
62830,61928,Fracture,Decider,Valar Morghulis,bref,bref,1175,Valar Morghulis,6996,4,8,5,2,0,0,bref,AMERICAS
62830,61929,Bind,Decider,bref,Valar Morghulis,bref,1175,Valar Morghulis,6996,9,3,1,4,0,0,bref,AMERICAS
62836,61946,Breeze,Decider,Rebels Gaming,Orgless22,Rebels Gaming,6750,Orgless22,7185,5,7,6,5,0,0,Orgless22,AMERICAS
62836,61947,Ascent,Decider,Orgless22,Rebels Gaming,Rebels Gaming,6750,Orgless22,7185,6,6,6,6,6,7,Rebels Gaming,AMERICAS
62836,61948,Icebox,Decider,Rebels Gaming,Orgless22,Rebels Gaming,6750,Orgless22,7185,11,1,4,2,0,0,Rebels Gaming,AMERICAS
62838,61952,Haven,Decider,KOVA,19esports,KOVA,6312,19esports,6139,3,9,0,10,0,0,KOVA,AMERICAS
62838,61953,Icebox,Decider,19esports,KOVA,KOVA,6312,19esports,6139,7,5,1,6,0,0,19esports,AMERICAS
62838,61954,Bind,Decider,KOVA,19esports,KOVA,6312,19esports,6139,9,3,1,4,0,0,KOVA,AMERICAS
62831,61931,Icebox,Decider,BIG,StunZin5,BIG,472,StunZin5,7133,7,5,2,6,0,0,BIG,AMERICAS
62831,61932,Bind,Decider,StunZin5,BIG,BIG,472,StunZin5,7133,6,6,4,7,0,0,StunZin5,AMERICAS
62831,61933,Haven,Decider,StunZin5,BIG,BIG,472,StunZin5,7133,7,5,8,2,0,0,BIG,AMERICAS
62840,61958,Bind,Decider,Straight Outta Retirement,MANGO,Straight Outta Retirement,6875,MANGO,6998,5,7,4,8,0,0,Straight Outta Retirement,AMERICAS
62840,61959,Fracture,Decider,Straight Outta Retirement,MANGO,Straight Outta Retirement,6875,MANGO,6998,9,3,5,4,0,0,Straight Outta Retirement,AMERICAS
62832,61934,Ascent,Decider,azzi's anime aimers,Case Esports,azzi's anime aimers,7139,Case Esports,6149,3,9,4,0,0,0,Case Esports,AMERICAS
62832,61935,Haven,Decider,Case Esports,azzi's anime aimers,azzi's anime aimers,7139,Case Esports,6149,10,2,0,3,0,0,Case Esports,AMERICAS
62837,61949,Breeze,Decider,Anorthosis Famagusta Esports,Team Vitality,Team Vitality,2059,Anorthosis Famagusta Esports,6316,2,10,3,3,0,0,Team Vitality,AMERICAS
62837,61950,Ascent,Decider,Team Vitality,Anorthosis Famagusta Esports,Team Vitality,2059,Anorthosis Famagusta Esports,6316,5,7,6,3,0,0,Anorthosis Famagusta Esports,AMERICAS
62837,61951,Split,Decider,Team Vitality,Anorthosis Famagusta Esports,Team Vitality,2059,Anorthosis Famagusta Esports,6316,6,6,2,7,0,0,Team Vitality,AMERICAS
62841,61961,Haven,Decider,Anonymo Esports,Guild Esports,Guild Esports,1209,Anonymo Esports,5441,2,10,3,0,0,0,Guild Esports,AMERICAS
62841,61962,Icebox,Decider,Anonymo Esports,Guild Esports,Guild Esports,1209,Anonymo Esports,5441,4,8,5,0,0,0,Guild Esports,AMERICAS
62842,61964,Fracture,Decider,YONK,CGN Esports,YONK,7092,CGN Esports,5214,5,7,6,1,0,0,CGN Esports,AMERICAS
62842,61965,Icebox,Decider,CGN Esports,YONK,YONK,7092,CGN Esports,5214,7,5,1,6,0,0,CGN Esports,AMERICAS
62843,61967,Haven,Decider,bref,LDN UTD,LDN UTD,6460,bref,1175,3,9,4,3,0,0,LDN UTD,AMERICAS
62843,61968,Fracture,Decider,LDN UTD,bref,LDN UTD,6460,bref,1175,10,2,0,3,0,0,LDN UTD,AMERICAS
62844,61970,Icebox,Decider,Case Esports,BIG,BIG,472,Case Esports,6149,4,8,5,7,0,0,BIG,AMERICAS
62844,61971,Haven,Decider,BIG,Case Esports,BIG,472,Case Esports,6149,9,3,8,4,0,0,BIG,AMERICAS
62845,61973,Haven,Decider,Wave Esports,Team Queso,Wave Esports,324,Team Queso,4538,9,3,2,4,0,0,Wave Esports,AMERICAS
62845,61974,Ascent,Decider,Team Queso,Wave Esports,Wave Esports,324,Team Queso,4538,8,4,3,5,0,0,Team Queso,AMERICAS
62845,61975,Breeze,Decider,Team Queso,Wave Esports,Wave Esports,324,Team Queso,4538,7,5,4,6,0,0,Team Queso,AMERICAS
62846,61976,Icebox,Decider,Rebels Gaming,AWARIA,AWARIA,6962,Rebels Gaming,6750,5,7,5,7,2,0,Rebels Gaming,AMERICAS
62846,61977,Bind,Decider,Rebels Gaming,AWARIA,AWARIA,6962,Rebels Gaming,6750,3,9,4,4,0,0,AWARIA,AMERICAS
62846,61978,Ascent,Decider,Rebels Gaming,AWARIA,AWARIA,6962,Rebels Gaming,6750,8,4,4,5,0,0,Rebels Gaming,AMERICAS
62847,61979,Icebox,Decider,Team Vitality,KOVA,Team Vitality,2059,KOVA,6312,9,3,1,4,0,0,Team Vitality,AMERICAS
62847,61980,Bind,Decider,Team Vitality,KOVA,Team Vitality,2059,KOVA,6312,10,2,5,3,0,0,Team Vitality,AMERICAS
62848,61982,Bind,Decider,Straight Outta Retirement,KOI,KOI,7035,Straight Outta Retirement,6875,5,7,6,6,0,0,KOI,AMERICAS
62848,61983,Haven,Decider,KOI,Straight Outta Retirement,KOI,7035,Straight Outta Retirement,6875,10,2,5,3,0,0,KOI,AMERICAS
62849,61985,Haven,Decider,Guild Esports,CGN Esports,Guild Esports,1209,CGN Esports,5214,5,7,1,8,0,0,Guild Esports,AMERICAS
62849,61986,Icebox,Decider,CGN Esports,Guild Esports,Guild Esports,1209,CGN Esports,5214,3,9,4,2,0,0,Guild Esports,AMERICAS
62852,61994,Icebox,Decider,KOI,Team Vitality,Team Vitality,2059,KOI,7035,3,9,4,1,0,0,Team Vitality,AMERICAS
62852,61995,Ascent,Decider,Team Vitality,KOI,Team Vitality,2059,KOI,7035,2,10,2,10,3,1,Team Vitality,AMERICAS
62850,61988,Haven,Decider,BIG,LDN UTD,LDN UTD,6460,BIG,472,7,5,8,4,0,0,LDN UTD,AMERICAS
62850,61989,Ascent,Decider,LDN UTD,BIG,LDN UTD,6460,BIG,472,5,7,6,2,0,0,BIG,AMERICAS
62850,61990,Icebox,Decider,LDN UTD,BIG,LDN UTD,6460,BIG,472,3,9,4,3,0,0,BIG,AMERICAS
62851,61991,Breeze,Decider,Rebels Gaming,Team Queso,Team Queso,4538,Rebels Gaming,6750,6,6,0,7,0,0,Rebels Gaming,AMERICAS
62851,61992,Split,Decider,Team Queso,Rebels Gaming,Team Queso,4538,Rebels Gaming,6750,2,10,2,10,6,8,Rebels Gaming,AMERICAS
63616,62999,Fracture,Decider,G2 Esports,Team Vitality,G2 Esports,257,Team Vitality,2059,6,6,7,5,0,0,Team Vitality,AMERICAS
63616,63000,Haven,Decider,G2 Esports,Team Vitality,G2 Esports,257,Team Vitality,2059,4,8,4,8,1,3,Team Vitality,AMERICAS
63617,63002,Breeze,Decider,BIG,Alliance,Alliance,2533,BIG,472,3,9,3,9,2,0,BIG,AMERICAS
63617,63003,Icebox,Decider,Alliance,BIG,Alliance,2533,BIG,472,7,5,2,6,0,0,Alliance,AMERICAS
63617,63004,Ascent,Decider,Alliance,BIG,Alliance,2533,BIG,472,4,8,5,4,0,0,BIG,AMERICAS
63618,63005,Icebox,Decider,Rebels Gaming,Team BDS,Team BDS,3908,Rebels Gaming,6750,5,7,1,8,0,0,Rebels Gaming,AMERICAS
63618,63006,Haven,Decider,Team BDS,Rebels Gaming,Team BDS,3908,Rebels Gaming,6750,3,9,4,2,0,0,Rebels Gaming,AMERICAS
63619,63008,Bind,Decider,TENSTAR,Guild Esports,TENSTAR,4663,Guild Esports,1209,5,7,6,2,0,0,Guild Esports,AMERICAS
63619,63009,Breeze,Decider,TENSTAR,Guild Esports,TENSTAR,4663,Guild Esports,1209,2,10,3,8,0,0,Guild Esports,AMERICAS
63625,63026,Split,Decider,Team BDS,TENSTAR,Team BDS,3908,TENSTAR,4663,4,8,5,3,0,0,TENSTAR,AMERICAS
63625,63027,Ascent,Decider,TENSTAR,Team BDS,Team BDS,3908,TENSTAR,4663,8,4,9,3,0,0,Team BDS,AMERICAS
63625,63028,Bind,Decider,TENSTAR,Team BDS,Team BDS,3908,TENSTAR,4663,6,6,3,7,0,0,TENSTAR,AMERICAS
63621,63014,Bind,Decider,Rebels Gaming,Guild Esports,Rebels Gaming,6750,Guild Esports,1209,6,6,7,3,0,0,Guild Esports,AMERICAS
63621,63015,Icebox,Decider,Rebels Gaming,Guild Esports,Rebels Gaming,6750,Guild Esports,1209,2,10,2,10,3,1,Rebels Gaming,AMERICAS
63621,63016,Breeze,Decider,Guild Esports,Rebels Gaming,Rebels Gaming,6750,Guild Esports,1209,6,6,3,7,0,0,Guild Esports,AMERICAS
63620,63011,Breeze,Decider,BIG,Team Vitality,Team Vitality,2059,BIG,472,3,9,3,9,0,2,Team Vitality,AMERICAS
63620,63012,Bind,Decider,Team Vitality,BIG,Team Vitality,2059,BIG,472,6,6,7,5,0,0,BIG,AMERICAS
63620,63013,Split,Decider,Team Vitality,BIG,Team Vitality,2059,BIG,472,4,8,4,8,3,1,Team Vitality,AMERICAS
63624,63023,Fracture,Decider,G2 Esports,Alliance,G2 Esports,257,Alliance,2533,4,8,5,2,0,0,Alliance,AMERICAS
63624,63024,Bind,Decider,Alliance,G2 Esports,G2 Esports,257,Alliance,2533,4,8,5,0,0,0,G2 Esports,AMERICAS
63624,63025,Ascent,Decider,Alliance,G2 Esports,G2 Esports,257,Alliance,2533,9,3,8,4,0,0,Alliance,AMERICAS
63626,63029,Ascent,Decider,Rebels Gaming,Alliance,Rebels Gaming,6750,Alliance,2533,2,10,3,5,0,0,Alliance,AMERICAS
63626,63030,Icebox,Decider,Alliance,Rebels Gaming,Rebels Gaming,6750,Alliance,2533,3,9,2,10,0,0,Alliance,AMERICAS
63627,63032,Haven,Decider,BIG,TENSTAR,BIG,472,TENSTAR,4663,9,3,3,4,0,0,BIG,AMERICAS
63627,63033,Bind,Decider,TENSTAR,BIG,BIG,472,TENSTAR,4663,3,9,4,1,0,0,BIG,AMERICAS
63628,63035,Bind,Decider,Alliance,BIG,Alliance,2533,BIG,472,6,6,3,7,0,0,Alliance,AMERICAS
63628,63036,Icebox,Decider,BIG,Alliance,Alliance,2533,BIG,472,8,4,4,5,0,0,BIG,AMERICAS
63628,63037,Ascent,Decider,BIG,Alliance,Alliance,2533,BIG,472,5,7,2,8,0,0,BIG,AMERICAS
63622,63017,Breeze,Team Vitality,Team Vitality,Guild Esports,Team Vitality,2059,Guild Esports,1209,5,7,6,6,0,0,Guild Esports,AMERICAS
63622,63018,Bind,Guild Esports,Team Vitality,Guild Esports,Team Vitality,2059,Guild Esports,1209,4,8,5,5,0,0,Guild Esports,AMERICAS
63622,63019,Split,Team Vitality,Guild Esports,Team Vitality,Team Vitality,2059,Guild Esports,1209,9,3,8,4,0,0,Guild Esports,AMERICAS
63629,63038,Breeze,Decider,Team Vitality,BIG,Team Vitality,2059,BIG,472,3,9,4,0,0,0,BIG,AMERICAS
63629,63039,Ascent,Decider,Team Vitality,BIG,Team Vitality,2059,BIG,472,7,5,8,4,0,0,BIG,AMERICAS
63629,63040,Split,Decider,BIG,Team Vitality,Team Vitality,2059,BIG,472,6,6,6,6,4,2,BIG,AMERICAS
63361,62699,Bind,Decider,FAWES,Papara SuperMassive,Papara SuperMassive,4567,FAWES,3467,7,5,4,6,0,0,FAWES,AMERICAS
63361,62700,Split,Decider,Papara SuperMassive,FAWES,Papara SuperMassive,4567,FAWES,3467,10,2,2,3,0,0,Papara SuperMassive,AMERICAS
63361,62701,Ascent,Decider,Papara SuperMassive,FAWES,Papara SuperMassive,4567,FAWES,3467,5,7,2,8,0,0,Papara SuperMassive,AMERICAS
63362,62702,Breeze,Decider,BEDELSİZ,BBES,BBES,7270,BEDELSİZ,7271,11,1,3,2,0,0,BEDELSİZ,AMERICAS
63362,62703,Bind,Decider,BEDELSİZ,BBES,BBES,7270,BEDELSİZ,7271,8,4,5,5,0,0,BEDELSİZ,AMERICAS
63363,62705,Ascent,Decider,Celestial World,Team Respect Zone,Team Respect Zone,7272,Celestial World,7273,2,10,3,5,0,0,Team Respect Zone,AMERICAS
63363,62706,Bind,Decider,Team Respect Zone,Celestial World,Team Respect Zone,7272,Celestial World,7273,8,4,9,1,0,0,Celestial World,AMERICAS
63363,62707,Split,Decider,Team Respect Zone,Celestial World,Team Respect Zone,7272,Celestial World,7273,9,3,1,4,0,0,Team Respect Zone,AMERICAS
63364,62708,Ascent,Decider,Mad Mare,blablabla,Mad Mare,7274,blablabla,7275,4,8,5,1,0,0,blablabla,AMERICAS
63364,62709,Bind,Decider,Mad Mare,blablabla,Mad Mare,7274,blablabla,7275,7,5,8,2,0,0,blablabla,AMERICAS
63365,62711,Icebox,Decider,KBB KAĞITSPOR,Surreal Esports,Surreal Esports,4696,KBB KAĞITSPOR,7276,2,10,3,2,0,0,Surreal Esports,AMERICAS
63365,62712,Breeze,Decider,Surreal Esports,KBB KAĞITSPOR,Surreal Esports,4696,KBB KAĞITSPOR,7276,2,10,3,7,0,0,KBB KAĞITSPOR,AMERICAS
63365,62713,Ascent,Decider,Surreal Esports,KBB KAĞITSPOR,Surreal Esports,4696,KBB KAĞITSPOR,7276,10,2,6,3,0,0,Surreal Esports,AMERICAS
63366,62714,Ascent,Decider,Phoenix Feather,Unknownpros,Unknownpros,5308,Phoenix Feather,7277,3,9,4,2,0,0,Unknownpros,AMERICAS
63366,62715,Icebox,Decider,Phoenix Feather,Unknownpros,Unknownpros,5308,Phoenix Feather,7277,4,8,5,5,0,0,Unknownpros,AMERICAS
63367,62717,Haven,Decider,We Are Turks,Team Aurora,Team Aurora,2903,We Are Turks,7278,1,11,2,1,0,0,Team Aurora,AMERICAS
63367,62718,Breeze,Decider,Team Aurora,We Are Turks,Team Aurora,2903,We Are Turks,7278,11,1,0,2,0,0,Team Aurora,AMERICAS
63368,62720,Split,Decider,radiant elo gatekeepers,Shooting Stars,Shooting Stars,7279,radiant elo gatekeepers,7280,9,3,0,4,0,0,radiant elo gatekeepers,AMERICAS
63368,62721,Ascent,Decider,Shooting Stars,radiant elo gatekeepers,Shooting Stars,7279,radiant elo gatekeepers,7280,8,4,8,4,3,1,Shooting Stars,AMERICAS
63368,62722,Haven,Decider,Shooting Stars,radiant elo gatekeepers,Shooting Stars,7279,radiant elo gatekeepers,7280,3,9,4,2,0,0,radiant elo gatekeepers,AMERICAS
63369,62723,Bind,Decider,Fenerbahçe Esports,TETA Esports,Fenerbahçe Esports,5310,TETA Esports,7281,7,5,0,6,0,0,Fenerbahçe Esports,AMERICAS
63369,62724,Haven,Decider,TETA Esports,Fenerbahçe Esports,Fenerbahçe Esports,5310,TETA Esports,7281,6,6,7,3,0,0,Fenerbahçe Esports,AMERICAS
63370,62726,Ascent,Decider,TEAM MANGAL,Overflow,TEAM MANGAL,7282,Overflow,7283,6,6,4,7,0,0,TEAM MANGAL,AMERICAS
63370,62727,Bind,Decider,TEAM MANGAL,Overflow,TEAM MANGAL,7282,Overflow,7283,9,3,2,4,0,0,TEAM MANGAL,AMERICAS
63371,62729,Icebox,Decider,Takens Espor,3 Gün Yeter,3 Gün Yeter,7284,Takens Espor,7285,2,10,3,0,0,0,3 Gün Yeter,AMERICAS
63371,62730,Ascent,Decider,3 Gün Yeter,Takens Espor,3 Gün Yeter,7284,Takens Espor,7285,11,1,0,2,0,0,3 Gün Yeter,AMERICAS
63372,62732,Ascent,Decider,Atlantis,Venom Cloud 7,Atlantis,7286,Venom Cloud 7,7287,10,2,1,3,0,0,Atlantis,AMERICAS
63372,62733,Split,Decider,Atlantis,Venom Cloud 7,Atlantis,7286,Venom Cloud 7,7287,6,6,1,7,0,0,Atlantis,AMERICAS
63373,62735,Icebox,Decider,turkishnewstars,İstanbul Wildcats,İstanbul Wildcats,6132,turkishnewstars,7288,4,8,5,1,0,0,İstanbul Wildcats,AMERICAS
63373,62736,Breeze,Decider,İstanbul Wildcats,turkishnewstars,İstanbul Wildcats,6132,turkishnewstars,7288,9,3,1,4,0,0,İstanbul Wildcats,AMERICAS
63374,62738,Breeze,Decider,w0wClan,Black,w0wClan,3985,Black,7289,7,5,2,6,0,0,w0wClan,AMERICAS
63374,62739,Bind,Decider,w0wClan,Black,w0wClan,3985,Black,7289,4,8,5,1,0,0,Black,AMERICAS
63374,62740,Icebox,Decider,w0wClan,Black,w0wClan,3985,Black,7289,5,7,5,7,4,2,w0wClan,AMERICAS
63375,62741,Ascent,Decider,STEP BACK,Regnum Carya Esports,Regnum Carya Esports,4396,STEP BACK,7290,7,5,8,2,0,0,Regnum Carya Esports,AMERICAS
63375,62742,Bind,Decider,Regnum Carya Esports,STEP BACK,Regnum Carya Esports,4396,STEP BACK,7290,3,9,4,8,0,0,STEP BACK,AMERICAS
63375,62743,Breeze,Decider,Regnum Carya Esports,STEP BACK,Regnum Carya Esports,4396,STEP BACK,7290,8,4,1,5,0,0,Regnum Carya Esports,AMERICAS
63376,62744,Ascent,Decider,Merlyn Esports,mix5,mix5,5862,Merlyn Esports,5858,7,5,3,6,0,0,Merlyn Esports,AMERICAS
63376,62745,Split,Decider,mix5,Merlyn Esports,mix5,5862,Merlyn Esports,5858,6,6,7,5,0,0,Merlyn Esports,AMERICAS
63377,62747,Breeze,Decider,Sahangiller Espor,Kafalar eSports,Kafalar eSports,3261,Sahangiller Espor,7291,5,7,6,4,0,0,Kafalar eSports,AMERICAS
63377,62748,Split,Decider,Kafalar eSports,Sahangiller Espor,Kafalar eSports,3261,Sahangiller Espor,7291,10,2,7,3,0,0,Kafalar eSports,AMERICAS
63378,62750,Breeze,Decider,Witch E-Sports,Eternal Fire,Eternal Fire,6392,Witch E-Sports,7292,5,7,6,0,0,0,Eternal Fire,AMERICAS
63378,62751,Bind,Decider,Witch E-Sports,Eternal Fire,Eternal Fire,6392,Witch E-Sports,7292,1,11,2,0,0,0,Eternal Fire,AMERICAS
63379,62753,Split,Decider,Parla Esports,Turgutlu Belediyesi Esports,Turgutlu Belediyesi Esports,6981,Parla Esports,6751,4,8,5,2,0,0,Turgutlu Belediyesi Esports,AMERICAS
63379,62754,Breeze,Decider,Turgutlu Belediyesi Esports,Parla Esports,Turgutlu Belediyesi Esports,6981,Parla Esports,6751,3,9,4,0,0,0,Parla Esports,AMERICAS
63379,62755,Bind,Decider,Turgutlu Belediyesi Esports,Parla Esports,Turgutlu Belediyesi Esports,6981,Parla Esports,6751,7,5,7,5,1,3,Parla Esports,AMERICAS
63380,62756,Bind,Decider,Revolexter,Çamlıca Esports,Çamlıca Esports,1676,Revolexter,7293,4,8,3,9,0,0,Revolexter,AMERICAS
63380,62757,Icebox,Decider,Revolexter,Çamlıca Esports,Çamlıca Esports,1676,Revolexter,7293,9,3,5,4,0,0,Revolexter,AMERICAS
63381,62759,Split,Decider,Queens,Galakticos,Galakticos,4762,Queens,7294,3,9,4,1,0,0,Galakticos,AMERICAS
63381,62760,Bind,Decider,Galakticos,Queens,Galakticos,4762,Queens,7294,7,5,1,6,0,0,Galakticos,AMERICAS
63382,62762,Breeze,Decider,CARS,Never Give Up,Never Give Up,7295,CARS,7296,5,7,3,8,0,0,CARS,AMERICAS
63382,62763,Icebox,Decider,Never Give Up,CARS,Never Give Up,7295,CARS,7296,7,5,3,6,0,0,Never Give Up,AMERICAS
63382,62764,Ascent,Decider,Never Give Up,CARS,Never Give Up,7295,CARS,7296,3,9,4,2,0,0,CARS,AMERICAS
63383,62765,Ascent,Decider,RED Center,Team Lixa,Team Lixa,6230,RED Center,7297,6,6,7,1,0,0,Team Lixa,AMERICAS
63383,62766,Icebox,Decider,RED Center,Team Lixa,Team Lixa,6230,RED Center,7297,3,9,4,8,0,0,Team Lixa,AMERICAS
63384,62768,Breeze,Decider,Küçükçekmece Espor,DUASI KABUL OLAN BEŞLİ,DUASI KABUL OLAN BEŞLİ,7298,Küçükçekmece Espor,7299,4,8,5,3,0,0,DUASI KABUL OLAN BEŞLİ,AMERICAS
63384,62769,Ascent,Decider,DUASI KABUL OLAN BEŞLİ,Küçükçekmece Espor,DUASI KABUL OLAN BEŞLİ,7298,Küçükçekmece Espor,7299,5,7,6,5,0,0,Küçükçekmece Espor,AMERICAS
63384,62770,Fracture,Decider,DUASI KABUL OLAN BEŞLİ,Küçükçekmece Espor,DUASI KABUL OLAN BEŞLİ,7298,Küçükçekmece Espor,7299,8,4,8,4,3,1,DUASI KABUL OLAN BEŞLİ,AMERICAS
63385,62771,Icebox,Decider,Undead Army,Thunderbolts Gaming,Thunderbolts Gaming,2908,Undead Army,7300,4,8,5,2,0,0,Thunderbolts Gaming,AMERICAS
63385,62772,Ascent,Decider,Thunderbolts Gaming,Undead Army,Thunderbolts Gaming,2908,Undead Army,7300,9,3,1,4,0,0,Thunderbolts Gaming,AMERICAS
63386,62774,Ascent,Decider,The Chosen Few,Beşiktaş Esports,Beşiktaş Esports,2036,The Chosen Few,7301,3,9,4,1,0,0,Beşiktaş Esports,AMERICAS
63386,62775,Bind,Decider,Beşiktaş Esports,The Chosen Few,Beşiktaş Esports,2036,The Chosen Few,7301,10,2,1,3,0,0,Beşiktaş Esports,AMERICAS
63387,62777,Icebox,Decider,90s,Karagümrük Esports,Karagümrük Esports,7302,90s,7303,3,9,4,1,0,0,Karagümrük Esports,AMERICAS
63387,62778,Ascent,Decider,Karagümrük Esports,90s,Karagümrük Esports,7302,90s,7303,10,2,2,3,0,0,Karagümrük Esports,AMERICAS
63388,62780,Bind,Decider,LEGIONERS,IceCastle,IceCastle,7304,LEGIONERS,7305,6,6,7,2,0,0,IceCastle,AMERICAS
63388,62781,Ascent,Decider,IceCastle,LEGIONERS,IceCastle,7304,LEGIONERS,7305,4,8,4,8,2,0,IceCastle,AMERICAS
63389,62783,Haven,Decider,OtherSide,Meyhane,OtherSide,1453,Meyhane,7306,2,10,3,7,0,0,Meyhane,AMERICAS
63389,62784,Breeze,Decider,Meyhane,OtherSide,OtherSide,1453,Meyhane,7306,3,9,2,10,0,0,Meyhane,AMERICAS
63390,62786,Icebox,Decider,36NUMBER,Shazam,36NUMBER,4248,Shazam,7307,8,4,1,5,0,0,36NUMBER,AMERICAS
63390,62787,Split,Decider,36NUMBER,Shazam,36NUMBER,4248,Shazam,7307,11,1,2,2,0,0,36NUMBER,AMERICAS
63391,62789,Haven,Decider,Team Demiral Esports,Godzilla e-Sports,Team Demiral Esports,6779,Godzilla e-Sports,3980,10,2,0,3,0,0,Team Demiral Esports,AMERICAS
63391,62790,Icebox,Decider,Godzilla e-Sports,Team Demiral Esports,Team Demiral Esports,6779,Godzilla e-Sports,3980,0,12,1,0,0,0,Team Demiral Esports,AMERICAS
63392,62792,Bind,Decider,Galatasaray Esports,Gringo Team,Gringo Team,5290,Galatasaray Esports,4572,7,5,6,6,0,0,Galatasaray Esports,AMERICAS
63392,62793,Fracture,Decider,Gringo Team,Galatasaray Esports,Gringo Team,5290,Galatasaray Esports,4572,6,6,7,5,0,0,Galatasaray Esports,AMERICAS
63395,62801,Ascent,Decider,Surreal Esports,Unknownpros,Surreal Esports,4696,Unknownpros,5308,7,5,6,6,0,0,Surreal Esports,AMERICAS
63395,62802,Breeze,Decider,Unknownpros,Surreal Esports,Surreal Esports,4696,Unknownpros,5308,5,7,6,6,0,0,Surreal Esports,AMERICAS
63397,62807,Icebox,Decider,Fenerbahçe Esports,TEAM MANGAL,Fenerbahçe Esports,5310,TEAM MANGAL,7282,9,3,0,4,0,0,Fenerbahçe Esports,AMERICAS
63397,62808,Haven,Decider,TEAM MANGAL,Fenerbahçe Esports,Fenerbahçe Esports,5310,TEAM MANGAL,7282,2,10,3,0,0,0,Fenerbahçe Esports,AMERICAS
63398,62810,Icebox,Decider,Atlantis,3 Gün Yeter,3 Gün Yeter,7284,Atlantis,7286,7,5,8,2,0,0,3 Gün Yeter,AMERICAS
63398,62811,Bind,Decider,3 Gün Yeter,Atlantis,3 Gün Yeter,7284,Atlantis,7286,6,6,2,7,0,0,3 Gün Yeter,AMERICAS
63401,62819,Breeze,Decider,Eternal Fire,Kafalar eSports,Kafalar eSports,3261,Eternal Fire,6392,4,8,5,2,0,0,Kafalar eSports,AMERICAS
63401,62820,Bind,Decider,Kafalar eSports,Eternal Fire,Kafalar eSports,3261,Eternal Fire,6392,7,5,8,4,0,0,Eternal Fire,AMERICAS
63401,62821,Split,Decider,Kafalar eSports,Eternal Fire,Kafalar eSports,3261,Eternal Fire,6392,1,11,2,7,0,0,Eternal Fire,AMERICAS
63405,62831,Bind,Decider,Beşiktaş Esports,Thunderbolts Gaming,Thunderbolts Gaming,2908,Beşiktaş Esports,2036,4,8,5,3,0,0,Thunderbolts Gaming,AMERICAS
63405,62832,Ascent,Decider,Thunderbolts Gaming,Beşiktaş Esports,Thunderbolts Gaming,2908,Beşiktaş Esports,2036,11,1,2,2,0,0,Thunderbolts Gaming,AMERICAS
63406,62834,Icebox,Decider,IceCastle,Karagümrük Esports,Karagümrük Esports,7302,IceCastle,7304,3,9,4,2,0,0,Karagümrük Esports,AMERICAS
63406,62835,Breeze,Decider,Karagümrük Esports,IceCastle,Karagümrük Esports,7302,IceCastle,7304,9,3,4,4,0,0,Karagümrük Esports,AMERICAS
63407,62837,Ascent,Decider,36NUMBER,Meyhane,Meyhane,7306,36NUMBER,4248,4,8,5,4,0,0,Meyhane,AMERICAS
63407,62838,Icebox,Decider,Meyhane,36NUMBER,Meyhane,7306,36NUMBER,4248,4,8,3,9,0,0,Meyhane,AMERICAS
63408,62840,Breeze,Decider,Galatasaray Esports,Team Demiral Esports,Team Demiral Esports,6779,Galatasaray Esports,4572,7,5,1,6,0,0,Galatasaray Esports,AMERICAS
63408,62841,Bind,Decider,Team Demiral Esports,Galatasaray Esports,Team Demiral Esports,6779,Galatasaray Esports,4572,6,6,7,4,0,0,Galatasaray Esports,AMERICAS
63393,62795,Haven,Decider,Papara SuperMassive,BEDELSİZ,Papara SuperMassive,4567,BEDELSİZ,7271,9,3,0,4,0,0,Papara SuperMassive,AMERICAS
63393,62796,Breeze,Decider,Papara SuperMassive,BEDELSİZ,Papara SuperMassive,4567,BEDELSİZ,7271,10,2,0,3,0,0,Papara SuperMassive,AMERICAS
63394,62798,Ascent,Decider,Team Respect Zone,blablabla,Team Respect Zone,7272,blablabla,7275,5,7,6,0,0,0,blablabla,AMERICAS
63394,62799,Bind,Decider,Team Respect Zone,blablabla,Team Respect Zone,7272,blablabla,7275,3,9,4,1,0,0,blablabla,AMERICAS
63396,62804,Haven,Decider,Team Aurora,radiant elo gatekeepers,Team Aurora,2903,radiant elo gatekeepers,7280,12,0,0,1,0,0,Team Aurora,AMERICAS
63396,62805,Split,Decider,Team Aurora,radiant elo gatekeepers,Team Aurora,2903,radiant elo gatekeepers,7280,12,0,0,1,0,0,Team Aurora,AMERICAS
63399,62813,Icebox,Decider,w0wClan,İstanbul Wildcats,İstanbul Wildcats,6132,w0wClan,3985,5,7,5,7,1,3,İstanbul Wildcats,AMERICAS
63399,62814,Breeze,Decider,İstanbul Wildcats,w0wClan,İstanbul Wildcats,6132,w0wClan,3985,5,7,3,8,0,0,İstanbul Wildcats,AMERICAS
63402,62822,Ascent,Decider,Revolexter,Parla Esports,Parla Esports,6751,Revolexter,7293,1,11,2,0,0,0,Parla Esports,AMERICAS
63402,62823,Icebox,Decider,Parla Esports,Revolexter,Parla Esports,6751,Revolexter,7293,7,5,1,6,0,0,Parla Esports,AMERICAS
63403,62825,Haven,Decider,Galakticos,CARS,Galakticos,4762,CARS,7296,8,4,6,5,0,0,Galakticos,AMERICAS
63403,62826,Breeze,Decider,Galakticos,CARS,Galakticos,4762,CARS,7296,7,5,2,6,0,0,Galakticos,AMERICAS
63404,62828,Icebox,Decider,DUASI KABUL OLAN BEŞLİ,Team Lixa,Team Lixa,6230,DUASI KABUL OLAN BEŞLİ,7298,4,8,4,8,0,2,Team Lixa,AMERICAS
63404,62829,Breeze,Decider,DUASI KABUL OLAN BEŞLİ,Team Lixa,Team Lixa,6230,DUASI KABUL OLAN BEŞLİ,7298,3,9,4,1,0,0,Team Lixa,AMERICAS
63400,62816,Breeze,Decider,Merlyn Esports,Regnum Carya Esports,Regnum Carya Esports,4396,Merlyn Esports,5858,3,9,4,1,0,0,Regnum Carya Esports,AMERICAS
63400,62817,Icebox,Decider,Regnum Carya Esports,Merlyn Esports,Regnum Carya Esports,4396,Merlyn Esports,5858,9,3,5,4,0,0,Regnum Carya Esports,AMERICAS
63409,62843,Haven,Decider,Papara SuperMassive,blablabla,Papara SuperMassive,4567,blablabla,7275,7,5,2,6,0,0,Papara SuperMassive,AMERICAS
63409,62844,Bind,Decider,Papara SuperMassive,blablabla,Papara SuperMassive,4567,blablabla,7275,5,7,2,8,0,0,Papara SuperMassive,AMERICAS
63410,62846,Icebox,Decider,Team Aurora,Surreal Esports,Surreal Esports,4696,Team Aurora,2903,4,8,5,2,0,0,Surreal Esports,AMERICAS
63410,62847,Haven,Decider,Surreal Esports,Team Aurora,Surreal Esports,4696,Team Aurora,2903,4,8,5,3,0,0,Team Aurora,AMERICAS
63410,62848,Ascent,Decider,Team Aurora,Surreal Esports,Surreal Esports,4696,Team Aurora,2903,4,8,5,6,0,0,Surreal Esports,AMERICAS
63411,62849,Icebox,Decider,Fenerbahçe Esports,3 Gün Yeter,Fenerbahçe Esports,5310,3 Gün Yeter,7284,6,6,7,5,0,0,3 Gün Yeter,AMERICAS
63411,62850,Split,Decider,Fenerbahçe Esports,3 Gün Yeter,Fenerbahçe Esports,5310,3 Gün Yeter,7284,9,3,4,4,0,0,Fenerbahçe Esports,AMERICAS
63411,62851,Breeze,Decider,3 Gün Yeter,Fenerbahçe Esports,Fenerbahçe Esports,5310,3 Gün Yeter,7284,2,10,3,3,0,0,Fenerbahçe Esports,AMERICAS
63412,62852,Haven,Decider,Regnum Carya Esports,İstanbul Wildcats,İstanbul Wildcats,6132,Regnum Carya Esports,4396,9,3,2,4,0,0,Regnum Carya Esports,AMERICAS
63412,62853,Breeze,Decider,İstanbul Wildcats,Regnum Carya Esports,İstanbul Wildcats,6132,Regnum Carya Esports,4396,6,6,3,7,0,0,İstanbul Wildcats,AMERICAS
63412,62854,Ascent,Decider,İstanbul Wildcats,Regnum Carya Esports,İstanbul Wildcats,6132,Regnum Carya Esports,4396,3,9,4,3,0,0,Regnum Carya Esports,AMERICAS
63413,62855,Breeze,Decider,Parla Esports,Eternal Fire,Eternal Fire,6392,Parla Esports,6751,7,5,8,2,0,0,Eternal Fire,AMERICAS
63413,62856,Bind,Decider,Parla Esports,Eternal Fire,Eternal Fire,6392,Parla Esports,6751,3,9,4,4,0,0,Eternal Fire,AMERICAS
63414,62858,Haven,Decider,Team Lixa,Galakticos,Galakticos,4762,Team Lixa,6230,7,5,3,6,0,0,Team Lixa,AMERICAS
63414,62860,Ascent,Decider,Galakticos,Team Lixa,Galakticos,4762,Team Lixa,6230,9,3,7,4,0,0,Galakticos,AMERICAS
63414,63086,Breeze,Decider,Team Lixa,Galakticos,Galakticos,4762,Team Lixa,6230,4,8,5,5,0,0,Galakticos,AMERICAS
63415,62861,Bind,Decider,Karagümrük Esports,Thunderbolts Gaming,Thunderbolts Gaming,2908,Karagümrük Esports,7302,0,12,1,1,0,0,Thunderbolts Gaming,AMERICAS
63415,62862,Ascent,Decider,Thunderbolts Gaming,Karagümrük Esports,Thunderbolts Gaming,2908,Karagümrük Esports,7302,4,8,5,2,0,0,Karagümrük Esports,AMERICAS
63415,62863,Icebox,Decider,Thunderbolts Gaming,Karagümrük Esports,Thunderbolts Gaming,2908,Karagümrük Esports,7302,11,1,4,2,0,0,Thunderbolts Gaming,AMERICAS
63416,62864,Haven,Decider,Meyhane,Galatasaray Esports,Meyhane,7306,Galatasaray Esports,4572,3,9,4,2,0,0,Galatasaray Esports,AMERICAS
63416,62865,Fracture,Decider,Meyhane,Galatasaray Esports,Meyhane,7306,Galatasaray Esports,4572,9,3,0,4,0,0,Meyhane,AMERICAS
63416,62866,Breeze,Decider,Meyhane,Galatasaray Esports,Meyhane,7306,Galatasaray Esports,4572,5,7,6,5,0,0,Galatasaray Esports,AMERICAS
63417,62867,Haven,Decider,Surreal Esports,Papara SuperMassive,Papara SuperMassive,4567,Surreal Esports,4696,5,7,5,7,1,3,Papara SuperMassive,AMERICAS
63417,62868,Icebox,Decider,Papara SuperMassive,Surreal Esports,Papara SuperMassive,4567,Surreal Esports,4696,7,5,3,6,0,0,Papara SuperMassive,AMERICAS
63420,62876,Fracture,Decider,Galatasaray Esports,Thunderbolts Gaming,Thunderbolts Gaming,2908,Galatasaray Esports,4572,3,9,3,9,3,1,Galatasaray Esports,AMERICAS
63420,62877,Breeze,Decider,Thunderbolts Gaming,Galatasaray Esports,Thunderbolts Gaming,2908,Galatasaray Esports,4572,9,3,9,3,2,0,Thunderbolts Gaming,AMERICAS
63420,62878,Bind,Decider,Galatasaray Esports,Thunderbolts Gaming,Thunderbolts Gaming,2908,Galatasaray Esports,4572,10,2,1,3,0,0,Galatasaray Esports,AMERICAS
63418,62870,Breeze,Decider,Regnum Carya Esports,Fenerbahçe Esports,Fenerbahçe Esports,5310,Regnum Carya Esports,4396,5,7,6,0,0,0,Fenerbahçe Esports,AMERICAS
63418,62871,Split,Decider,Fenerbahçe Esports,Regnum Carya Esports,Fenerbahçe Esports,5310,Regnum Carya Esports,4396,7,5,4,6,0,0,Fenerbahçe Esports,AMERICAS
63419,62873,Icebox,Decider,Eternal Fire,Galakticos,Eternal Fire,6392,Galakticos,4762,4,8,5,2,0,0,Galakticos,AMERICAS
63419,62874,Split,Decider,Galakticos,Eternal Fire,Eternal Fire,6392,Galakticos,4762,6,6,1,7,0,0,Galakticos,AMERICAS
63641,63041,Haven,Decider,FUT Esports,Galatasaray Esports,FUT Esports,1184,Galatasaray Esports,4572,8,4,3,5,0,0,FUT Esports,AMERICAS
63641,63042,Fracture,Decider,Galatasaray Esports,FUT Esports,FUT Esports,1184,Galatasaray Esports,4572,4,8,5,4,0,0,FUT Esports,AMERICAS
63642,63044,Breeze,Decider,Fire Flux Esports,Fenerbahçe Esports,Fire Flux Esports,20085,Fenerbahçe Esports,5310,10,2,4,3,0,0,Fire Flux Esports,AMERICAS
63642,63045,Split,Decider,Fenerbahçe Esports,Fire Flux Esports,Fire Flux Esports,20085,Fenerbahçe Esports,5310,5,7,6,0,0,0,Fire Flux Esports,AMERICAS
63643,63047,Split,Decider,BBL Esports,Galakticos,BBL Esports,397,Galakticos,4762,7,5,5,6,0,0,BBL Esports,AMERICAS
63643,63048,Ascent,Decider,Galakticos,BBL Esports,BBL Esports,397,Galakticos,4762,5,7,6,3,0,0,BBL Esports,AMERICAS
63644,63050,Haven,Decider,Papara SuperMassive,Zero Zone,Zero Zone,1675,Papara SuperMassive,4567,4,8,3,9,0,0,Papara SuperMassive,AMERICAS
63644,63051,Bind,Decider,Papara SuperMassive,Zero Zone,Zero Zone,1675,Papara SuperMassive,4567,10,2,0,3,0,0,Papara SuperMassive,AMERICAS
63645,63053,Haven,Decider,Fire Flux Esports,FUT Esports,FUT Esports,1184,Fire Flux Esports,20085,4,8,5,6,0,0,FUT Esports,AMERICAS
63645,63054,Breeze,Decider,FUT Esports,Fire Flux Esports,FUT Esports,1184,Fire Flux Esports,20085,3,9,4,8,0,0,Fire Flux Esports,AMERICAS
63645,63055,Fracture,Decider,FUT Esports,Fire Flux Esports,FUT Esports,1184,Fire Flux Esports,20085,4,8,5,0,0,0,Fire Flux Esports,AMERICAS
63646,63056,Haven,Decider,BBL Esports,Papara SuperMassive,BBL Esports,397,Papara SuperMassive,4567,5,7,6,3,0,0,Papara SuperMassive,AMERICAS
63646,63057,Split,Decider,Papara SuperMassive,BBL Esports,BBL Esports,397,Papara SuperMassive,4567,8,4,4,5,0,0,Papara SuperMassive,AMERICAS
63649,63065,Breeze,Decider,Fenerbahçe Esports,Galatasaray Esports,Galatasaray Esports,4572,Fenerbahçe Esports,5310,4,8,5,7,0,0,Galatasaray Esports,AMERICAS
63649,63066,Icebox,Decider,Galatasaray Esports,Fenerbahçe Esports,Galatasaray Esports,4572,Fenerbahçe Esports,5310,3,9,4,5,0,0,Fenerbahçe Esports,AMERICAS
63649,63067,Bind,Decider,Galatasaray Esports,Fenerbahçe Esports,Galatasaray Esports,4572,Fenerbahçe Esports,5310,10,2,6,3,0,0,Galatasaray Esports,AMERICAS
63650,63068,Haven,Decider,Galakticos,Zero Zone,Galakticos,4762,Zero Zone,1675,4,8,3,9,0,0,Galakticos,AMERICAS
63650,63069,Split,Decider,Galakticos,Zero Zone,Galakticos,4762,Zero Zone,1675,5,7,0,8,0,0,Galakticos,AMERICAS
63647,63059,Ascent,Decider,Fire Flux Esports,Papara SuperMassive,Fire Flux Esports,20085,Papara SuperMassive,4567,1,11,2,5,0,0,Papara SuperMassive,AMERICAS
63647,63060,Split,Decider,Papara SuperMassive,Fire Flux Esports,Fire Flux Esports,20085,Papara SuperMassive,4567,3,9,3,9,2,0,Papara SuperMassive,AMERICAS
63651,63071,Bind,Decider,BBL Esports,Galatasaray Esports,BBL Esports,397,Galatasaray Esports,4572,4,8,5,3,0,0,Galatasaray Esports,AMERICAS
63651,63072,Split,Decider,Galatasaray Esports,BBL Esports,BBL Esports,397,Galatasaray Esports,4572,4,8,5,1,0,0,BBL Esports,AMERICAS
63651,63073,Haven,Decider,Galatasaray Esports,BBL Esports,BBL Esports,397,Galatasaray Esports,4572,3,9,3,9,2,4,BBL Esports,AMERICAS
63652,63074,Ascent,Decider,Galakticos,FUT Esports,FUT Esports,1184,Galakticos,4762,8,4,3,5,0,0,Galakticos,AMERICAS
63652,63075,Split,Decider,FUT Esports,Galakticos,FUT Esports,1184,Galakticos,4762,7,5,8,2,0,0,Galakticos,AMERICAS
63653,63077,Split,Decider,BBL Esports,Galakticos,BBL Esports,397,Galakticos,4762,10,2,1,3,0,0,BBL Esports,AMERICAS
63653,63078,Ascent,Decider,Galakticos,BBL Esports,BBL Esports,397,Galakticos,4762,2,10,3,0,0,0,BBL Esports,AMERICAS
63690,63139,Haven,Decider,Galatasaray Esports,FUT Esports,Galatasaray Esports,4572,FUT Esports,1184,4,8,4,8,2,0,Galatasaray Esports,AMERICAS
63690,63140,Fracture,Decider,Galatasaray Esports,FUT Esports,Galatasaray Esports,4572,FUT Esports,1184,5,7,2,8,0,0,Galatasaray Esports,AMERICAS
63654,63080,Split,Decider,Fire Flux Esports,BBL Esports,Fire Flux Esports,20085,BBL Esports,397,4,8,1,9,0,0,Fire Flux Esports,AMERICAS
63654,63081,Bind,Decider,BBL Esports,Fire Flux Esports,Fire Flux Esports,20085,BBL Esports,397,3,9,4,0,0,0,Fire Flux Esports,AMERICAS
63648,63062,Breeze,Decider,Papara SuperMassive,Fire Flux Esports,Papara SuperMassive,4567,Fire Flux Esports,20085,5,7,4,8,0,0,Papara SuperMassive,AMERICAS
63648,63063,Ascent,Decider,Fire Flux Esports,Papara SuperMassive,Papara SuperMassive,4567,Fire Flux Esports,20085,8,4,9,1,0,0,Papara SuperMassive,AMERICAS
63648,63064,Bind,Decider,Papara SuperMassive,Fire Flux Esports,Papara SuperMassive,4567,Fire Flux Esports,20085,6,6,7,2,0,0,Fire Flux Esports,AMERICAS
63648,63777,Icebox,Decider,Fire Flux Esports,Papara SuperMassive,Papara SuperMassive,4567,Fire Flux Esports,20085,2,10,3,2,0,0,Papara SuperMassive,AMERICAS
62530,61031,Ascent,Decider,next_viigraem,FunPlus Phoenix,FunPlus Phoenix,628,next_viigraem,7244,4,8,5,2,0,0,FunPlus Phoenix,AMERICAS
62530,61032,Icebox,Decider,FunPlus Phoenix,next_viigraem,FunPlus Phoenix,628,next_viigraem,7244,10,2,0,3,0,0,FunPlus Phoenix,AMERICAS
62531,61034,Ascent,Decider,KABAHbl,Smile,Smile,7266,KABAHbl,608,8,4,0,5,0,0,KABAHbl,AMERICAS
62531,61035,Bind,Decider,Smile,KABAHbl,Smile,7266,KABAHbl,608,5,7,6,0,0,0,KABAHbl,AMERICAS
62532,61037,Haven,Decider,QLF Clan,Perfect players,Perfect players,7228,QLF Clan,5773,9,3,2,4,0,0,QLF Clan,AMERICAS
62532,61038,Fracture,Decider,Perfect players,QLF Clan,Perfect players,7228,QLF Clan,5773,2,10,3,4,0,0,QLF Clan,AMERICAS
62533,61040,Ascent,Decider,Without negative,CRUSHERS,CRUSHERS,7237,Without negative,7233,7,5,6,6,0,0,Without negative,AMERICAS
62533,61041,Icebox,Decider,CRUSHERS,Without negative,CRUSHERS,7237,Without negative,7233,7,5,6,6,0,0,CRUSHERS,AMERICAS
62533,61042,Bind,Decider,CRUSHERS,Without negative,CRUSHERS,7237,Without negative,7233,7,5,8,3,0,0,Without negative,AMERICAS
62534,61043,Split,Decider,HOLLOW,Moscow Five jr,Moscow Five jr,3799,HOLLOW,3370,1,11,2,0,0,0,Moscow Five jr,AMERICAS
62534,61044,Ascent,Decider,Moscow Five jr,HOLLOW,Moscow Five jr,3799,HOLLOW,3370,9,3,0,4,0,0,Moscow Five jr,AMERICAS
62535,61046,Ascent,Decider,Winstrike Academy,Uzhiki,Uzhiki,7238,Winstrike Academy,7261,7,5,0,6,0,0,Winstrike Academy,AMERICAS
62535,61047,Icebox,Decider,Uzhiki,Winstrike Academy,Uzhiki,7238,Winstrike Academy,7261,6,6,3,7,0,0,Uzhiki,AMERICAS
62535,61048,Split,Decider,Uzhiki,Winstrike Academy,Uzhiki,7238,Winstrike Academy,7261,9,3,5,4,0,0,Uzhiki,AMERICAS
62536,61049,Icebox,Decider,idontcare,Tactical Five,Tactical Five,6110,idontcare,7251,1,11,2,3,0,0,Tactical Five,AMERICAS
62536,61050,Breeze,Decider,idontcare,Tactical Five,Tactical Five,6110,idontcare,7251,2,10,3,3,0,0,Tactical Five,AMERICAS
62537,61052,Fracture,Decider,TR4KLE keys,whydah,whydah,7234,TR4KLE keys,7257,3,9,4,0,0,0,whydah,AMERICAS
62537,61053,Ascent,Decider,whydah,TR4KLE keys,whydah,7234,TR4KLE keys,7257,11,1,0,2,0,0,whydah,AMERICAS
62538,61055,Breeze,Decider,KANAFI,SMARACIS eSports,SMARACIS eSports,3361,KANAFI,3797,2,10,3,0,0,0,SMARACIS eSports,AMERICAS
62538,61056,Ascent,Decider,SMARACIS eSports,KANAFI,SMARACIS eSports,3361,KANAFI,3797,11,1,0,2,0,0,SMARACIS eSports,AMERICAS
62539,61058,Breeze,Decider,LongBondage,Ax3,LongBondage,7258,Ax3,7249,0,12,1,0,0,0,Ax3,AMERICAS
62539,61059,Icebox,Decider,Ax3,LongBondage,LongBondage,7258,Ax3,7249,11,1,3,2,0,0,Ax3,AMERICAS
62540,61061,Ascent,Decider,Cuneit,Odium,Odium,6029,Cuneit,7264,2,10,3,0,0,0,Odium,AMERICAS
62540,61062,Haven,Decider,Cuneit,Odium,Odium,6029,Cuneit,7264,2,10,3,0,0,0,Odium,AMERICAS
62541,61064,Icebox,Decider,,,Universe,2846,NyTipo,7262,0,0,0,0,0,0,Draw,AMERICAS
62541,61065,Ascent,Decider,,,Universe,2846,NyTipo,7262,0,0,0,0,0,0,Draw,AMERICAS
62542,61067,Icebox,Decider,ranked legends,FishkaVTom,FishkaVTom,110,ranked legends,7245,4,8,5,2,0,0,FishkaVTom,AMERICAS
62542,61068,Split,Decider,FishkaVTom,ranked legends,FishkaVTom,110,ranked legends,7245,7,5,3,6,0,0,FishkaVTom,AMERICAS
62543,61070,Ascent,Decider,team VOID,Siberian,team VOID,7235,Siberian,1679,3,9,4,1,0,0,Siberian,AMERICAS
62543,61071,Icebox,Decider,team VOID,Siberian,team VOID,7235,Siberian,1679,7,5,8,2,0,0,Siberian,AMERICAS
62544,61073,Split,Decider,BOTTOM OF THE BOTTLE,Improve,BOTTOM OF THE BOTTLE,7236,Improve,6632,9,3,2,4,0,0,BOTTOM OF THE BOTTLE,AMERICAS
62544,61074,Fracture,Decider,Improve,BOTTOM OF THE BOTTLE,BOTTOM OF THE BOTTLE,7236,Improve,6632,6,6,7,2,0,0,BOTTOM OF THE BOTTLE,AMERICAS
62545,61076,Icebox,Decider,Aeon,Evil Bros Gaming,Aeon,7239,Evil Bros Gaming,7259,8,4,0,5,0,0,Aeon,AMERICAS
62545,61077,Breeze,Decider,Aeon,Evil Bros Gaming,Aeon,7239,Evil Bros Gaming,7259,3,9,4,8,0,0,Evil Bros Gaming,AMERICAS
62545,61078,Split,Decider,Aeon,Evil Bros Gaming,Aeon,7239,Evil Bros Gaming,7259,8,4,1,5,0,0,Aeon,AMERICAS
62546,61079,Icebox,Decider,адин,VCTRY Esports,VCTRY Esports,6469,адин,7252,5,7,6,3,0,0,VCTRY Esports,AMERICAS
62546,61080,Bind,Decider,адин,VCTRY Esports,VCTRY Esports,6469,адин,7252,0,12,1,0,0,0,VCTRY Esports,AMERICAS
62547,61082,Breeze,Decider,5IDOLS,fat7,fat7,7246,5IDOLS,7260,3,9,4,2,0,0,fat7,AMERICAS
62547,61083,Haven,Decider,5IDOLS,fat7,fat7,7246,5IDOLS,7260,5,7,6,2,0,0,fat7,AMERICAS
62548,61085,Icebox,Decider,Generation Wonders,feelmyhack,feelmyhack,1580,Generation Wonders,5029,3,9,4,1,0,0,feelmyhack,AMERICAS
62548,61086,Breeze,Decider,feelmyhack,Generation Wonders,feelmyhack,1580,Generation Wonders,5029,9,3,0,4,0,0,feelmyhack,AMERICAS
62549,61088,Icebox,Decider,Norden eSports,Team hz,Team hz,4611,Norden eSports,7229,0,12,1,1,0,0,Team hz,AMERICAS
62549,61089,Ascent,Decider,Team hz,Norden eSports,Team hz,4611,Norden eSports,7229,10,2,3,3,0,0,Team hz,AMERICAS
62550,61091,Ascent,Decider,HoPe,Aim.Attack,Aim.Attack,604,HoPe,7265,2,10,3,1,0,0,Aim.Attack,AMERICAS
62550,61092,Bind,Decider,Aim.Attack,HoPe,Aim.Attack,604,HoPe,7265,11,1,0,2,0,0,Aim.Attack,AMERICAS
62551,61094,Ascent,Decider,PURPURE,FAST TAXI,FAST TAXI,5852,PURPURE,4519,10,2,1,3,0,0,PURPURE,AMERICAS
62551,61095,Split,Decider,FAST TAXI,PURPURE,FAST TAXI,5852,PURPURE,4519,5,7,6,5,0,0,PURPURE,AMERICAS
62552,61097,Haven,Decider,Redragon,geek champions,Redragon,6466,geek champions,7253,10,2,0,3,0,0,Redragon,AMERICAS
62552,61098,Ascent,Decider,Redragon,geek champions,Redragon,6466,geek champions,7253,11,1,1,2,0,0,Redragon,AMERICAS
62553,61100,Ascent,Decider,AHEKDOT,Vozmojno Agressiya,Vozmojno Agressiya,7240,AHEKDOT,7241,7,5,7,5,4,2,AHEKDOT,AMERICAS
62553,61101,Icebox,Decider,Vozmojno Agressiya,AHEKDOT,Vozmojno Agressiya,7240,AHEKDOT,7241,7,5,5,6,0,0,Vozmojno Agressiya,AMERICAS
62553,61102,Haven,Decider,Vozmojno Agressiya,AHEKDOT,Vozmojno Agressiya,7240,AHEKDOT,7241,8,4,2,5,0,0,Vozmojno Agressiya,AMERICAS
62554,61103,Haven,Decider,abushki,EZ KATKA,EZ KATKA,2845,abushki,7254,3,9,4,3,0,0,EZ KATKA,AMERICAS
62554,61104,Ascent,Decider,EZ KATKA,abushki,EZ KATKA,2845,abushki,7254,9,3,2,4,0,0,EZ KATKA,AMERICAS
62555,61106,Icebox,Decider,Black Hawk,cis killers,cis killers,7230,Black Hawk,7250,2,10,3,0,0,0,cis killers,AMERICAS
62555,61107,Fracture,Decider,Black Hawk,cis killers,cis killers,7230,Black Hawk,7250,3,9,4,2,0,0,cis killers,AMERICAS
62556,61109,Bind,Decider,NoAvocado,HighRage,NoAvocado,1783,HighRage,7231,9,3,1,4,0,0,NoAvocado,AMERICAS
62556,61110,Ascent,Decider,HighRage,NoAvocado,NoAvocado,1783,HighRage,7231,3,9,4,1,0,0,NoAvocado,AMERICAS
62557,61112,Bind,Decider,Sleepless,No Aim Assist,Sleepless,7255,No Aim Assist,7247,8,4,3,5,0,0,Sleepless,AMERICAS
62557,61113,Icebox,Decider,No Aim Assist,Sleepless,Sleepless,7255,No Aim Assist,7247,5,7,1,8,0,0,No Aim Assist,AMERICAS
62557,61114,Breeze,Decider,Sleepless,No Aim Assist,Sleepless,7255,No Aim Assist,7247,10,2,1,3,0,0,Sleepless,AMERICAS
62558,61115,Haven,Decider,KABANI&PEPEL,deathwish,deathwish,5240,KABANI&PEPEL,7248,3,9,4,2,0,0,deathwish,AMERICAS
62558,61116,Bind,Decider,deathwish,KABANI&PEPEL,deathwish,5240,KABANI&PEPEL,7248,8,4,4,5,0,0,deathwish,AMERICAS
62559,61118,Ascent,Decider,CHSVparty,who cares?,who cares?,7256,CHSVparty,7232,3,9,4,2,0,0,who cares?,AMERICAS
62559,61119,Icebox,Decider,who cares?,CHSVparty,who cares?,7256,CHSVparty,7232,5,7,4,8,0,0,who cares?,AMERICAS
62560,61121,Haven,Decider,HATALANTE,KAIDO,HATALANTE,4521,KAIDO,7263,8,4,0,5,0,0,HATALANTE,AMERICAS
62560,61122,Fracture,Decider,HATALANTE,KAIDO,HATALANTE,4521,KAIDO,7263,6,6,3,7,0,0,HATALANTE,AMERICAS
62561,61124,Icebox,Decider,B8 Esports,VCT,VCT,7242,B8 Esports,7243,11,1,0,2,0,0,B8 Esports,AMERICAS
62561,61125,Ascent,Decider,VCT,B8 Esports,VCT,7242,B8 Esports,7243,4,8,5,3,0,0,B8 Esports,AMERICAS
62562,61127,Ascent,Decider,FunPlus Phoenix,KABAHbl,FunPlus Phoenix,628,KABAHbl,608,10,2,1,3,0,0,FunPlus Phoenix,AMERICAS
62562,61128,Icebox,Decider,KABAHbl,FunPlus Phoenix,FunPlus Phoenix,628,KABAHbl,608,1,11,2,1,0,0,FunPlus Phoenix,AMERICAS
62563,61130,Breeze,Decider,Without negative,QLF Clan,QLF Clan,5773,Without negative,7233,6,6,3,7,0,0,Without negative,AMERICAS
62563,61131,Ascent,Decider,Without negative,QLF Clan,QLF Clan,5773,Without negative,7233,7,5,8,3,0,0,QLF Clan,AMERICAS
62563,61132,Icebox,Decider,QLF Clan,Without negative,QLF Clan,5773,Without negative,7233,6,6,5,7,0,0,QLF Clan,AMERICAS
62564,61133,Split,Decider,Uzhiki,Moscow Five jr,Moscow Five jr,3799,Uzhiki,7238,3,9,4,3,0,0,Moscow Five jr,AMERICAS
62564,61134,Icebox,Decider,Moscow Five jr,Uzhiki,Moscow Five jr,3799,Uzhiki,7238,5,7,5,7,1,3,Uzhiki,AMERICAS
62564,61135,Breeze,Decider,Moscow Five jr,Uzhiki,Moscow Five jr,3799,Uzhiki,7238,10,2,6,3,0,0,Moscow Five jr,AMERICAS
62565,61136,Ascent,Decider,whydah,Tactical Five,Tactical Five,6110,whydah,7234,10,2,3,3,0,0,whydah,AMERICAS
62565,61137,Bind,Decider,whydah,Tactical Five,Tactical Five,6110,whydah,7234,4,8,5,7,0,0,Tactical Five,AMERICAS
62565,61138,Breeze,Decider,whydah,Tactical Five,Tactical Five,6110,whydah,7234,7,5,8,4,0,0,Tactical Five,AMERICAS
62566,61139,Split,Decider,SMARACIS eSports,Ax3,SMARACIS eSports,3361,Ax3,7249,7,5,8,2,0,0,Ax3,AMERICAS
62566,61140,Fracture,Decider,Ax3,SMARACIS eSports,SMARACIS eSports,3361,Ax3,7249,2,10,3,7,0,0,SMARACIS eSports,AMERICAS
62566,61141,Breeze,Decider,Ax3,SMARACIS eSports,SMARACIS eSports,3361,Ax3,7249,2,10,3,4,0,0,SMARACIS eSports,AMERICAS
62567,61142,Ascent,Decider,Odium,NyTipo,Odium,6029,NyTipo,7262,10,2,1,3,0,0,Odium,AMERICAS
62567,61143,Icebox,Decider,NyTipo,Odium,Odium,6029,NyTipo,7262,2,10,3,0,0,0,Odium,AMERICAS
62568,61145,Icebox,Decider,Siberian,FishkaVTom,FishkaVTom,110,Siberian,1679,2,10,3,7,0,0,FishkaVTom,AMERICAS
62568,61146,Split,Decider,FishkaVTom,Siberian,FishkaVTom,110,Siberian,1679,7,5,2,6,0,0,FishkaVTom,AMERICAS
62569,61148,Haven,Decider,BOTTOM OF THE BOTTLE,Aeon,BOTTOM OF THE BOTTLE,7236,Aeon,7239,8,4,3,5,0,0,BOTTOM OF THE BOTTLE,AMERICAS
62569,61149,Icebox,Decider,Aeon,BOTTOM OF THE BOTTLE,BOTTOM OF THE BOTTLE,7236,Aeon,7239,4,8,5,6,0,0,BOTTOM OF THE BOTTLE,AMERICAS
62570,61151,Fracture,Decider,fat7,VCTRY Esports,VCTRY Esports,6469,fat7,7246,3,9,4,0,0,0,VCTRY Esports,AMERICAS
62570,61152,Ascent,Decider,fat7,VCTRY Esports,VCTRY Esports,6469,fat7,7246,3,9,4,1,0,0,VCTRY Esports,AMERICAS
62571,61154,Icebox,Decider,Team hz,feelmyhack,feelmyhack,1580,Team hz,4611,10,2,0,3,0,0,Team hz,AMERICAS
62571,61155,Breeze,Decider,feelmyhack,Team hz,feelmyhack,1580,Team hz,4611,3,9,4,1,0,0,Team hz,AMERICAS
62572,61157,Icebox,Decider,PURPURE,Aim.Attack,Aim.Attack,604,PURPURE,4519,2,10,3,0,0,0,Aim.Attack,AMERICAS
62572,61158,Ascent,Decider,Aim.Attack,PURPURE,Aim.Attack,604,PURPURE,4519,8,4,8,4,3,1,Aim.Attack,AMERICAS
62573,61160,Icebox,Decider,Vozmojno Agressiya,Redragon,Redragon,6466,Vozmojno Agressiya,7240,3,9,4,5,0,0,Redragon,AMERICAS
62573,61161,Split,Decider,Redragon,Vozmojno Agressiya,Redragon,6466,Vozmojno Agressiya,7240,11,1,1,2,0,0,Redragon,AMERICAS
62574,61163,Haven,Decider,cis killers,EZ KATKA,EZ KATKA,2845,cis killers,7230,2,10,3,1,0,0,EZ KATKA,AMERICAS
62574,61164,Icebox,Decider,EZ KATKA,cis killers,EZ KATKA,2845,cis killers,7230,5,7,5,7,2,0,EZ KATKA,AMERICAS
62575,61166,Breeze,Decider,NoAvocado,Sleepless,NoAvocado,1783,Sleepless,7255,2,10,3,1,0,0,Sleepless,AMERICAS
62575,61167,Ascent,Decider,Sleepless,NoAvocado,NoAvocado,1783,Sleepless,7255,9,3,4,4,0,0,Sleepless,AMERICAS
62576,61169,Haven,Decider,who cares?,deathwish,deathwish,5240,who cares?,7256,4,8,5,0,0,0,deathwish,AMERICAS
62576,61170,Ascent,Decider,deathwish,who cares?,deathwish,5240,who cares?,7256,10,2,0,3,0,0,deathwish,AMERICAS
62577,61172,Icebox,Decider,B8 Esports,HATALANTE,HATALANTE,4521,B8 Esports,7243,6,6,5,7,0,0,B8 Esports,AMERICAS
62577,61173,Split,Decider,HATALANTE,B8 Esports,HATALANTE,4521,B8 Esports,7243,4,8,3,9,0,0,HATALANTE,AMERICAS
62577,61174,Ascent,Decider,HATALANTE,B8 Esports,HATALANTE,4521,B8 Esports,7243,3,9,4,3,0,0,B8 Esports,AMERICAS
62581,61184,Icebox,Decider,BOTTOM OF THE BOTTLE,FishkaVTom,FishkaVTom,110,BOTTOM OF THE BOTTLE,7236,3,9,4,6,0,0,FishkaVTom,AMERICAS
62581,61185,Fracture,Decider,FishkaVTom,BOTTOM OF THE BOTTLE,FishkaVTom,110,BOTTOM OF THE BOTTLE,7236,6,6,2,7,0,0,FishkaVTom,AMERICAS
62582,61187,Icebox,Decider,Team hz,VCTRY Esports,VCTRY Esports,6469,Team hz,4611,6,6,4,7,0,0,Team hz,AMERICAS
62582,61188,Fracture,Decider,Team hz,VCTRY Esports,VCTRY Esports,6469,Team hz,4611,6,6,7,2,0,0,VCTRY Esports,AMERICAS
62582,61189,Split,Decider,Team hz,VCTRY Esports,VCTRY Esports,6469,Team hz,4611,10,2,7,3,0,0,Team hz,AMERICAS
62583,61190,Ascent,Decider,Redragon,Aim.Attack,Aim.Attack,604,Redragon,6466,9,3,7,4,0,0,Redragon,AMERICAS
62583,61191,Bind,Decider,Aim.Attack,Redragon,Aim.Attack,604,Redragon,6466,7,5,2,6,0,0,Aim.Attack,AMERICAS
62583,61192,Haven,Decider,Aim.Attack,Redragon,Aim.Attack,604,Redragon,6466,9,3,1,4,0,0,Aim.Attack,AMERICAS
62584,61193,Icebox,Decider,Sleepless,EZ KATKA,EZ KATKA,2845,Sleepless,7255,6,6,7,2,0,0,EZ KATKA,AMERICAS
62584,61194,Breeze,Decider,EZ KATKA,Sleepless,EZ KATKA,2845,Sleepless,7255,6,6,1,7,0,0,EZ KATKA,AMERICAS
62578,61175,Fracture,Decider,FunPlus Phoenix,QLF Clan,FunPlus Phoenix,628,QLF Clan,5773,11,1,0,2,0,0,FunPlus Phoenix,AMERICAS
62578,61176,Bind,Decider,QLF Clan,FunPlus Phoenix,FunPlus Phoenix,628,QLF Clan,5773,2,10,3,1,0,0,FunPlus Phoenix,AMERICAS
62579,61178,Breeze,Decider,Moscow Five jr,Tactical Five,Moscow Five jr,3799,Tactical Five,6110,7,5,4,6,0,0,Moscow Five jr,AMERICAS
62579,61179,Icebox,Decider,Moscow Five jr,Tactical Five,Moscow Five jr,3799,Tactical Five,6110,4,8,5,4,0,0,Tactical Five,AMERICAS
62579,61180,Ascent,Decider,Moscow Five jr,Tactical Five,Moscow Five jr,3799,Tactical Five,6110,7,5,8,4,0,0,Tactical Five,AMERICAS
62580,61181,Ascent,Decider,SMARACIS eSports,Odium,SMARACIS eSports,3361,Odium,6029,11,1,8,2,0,0,SMARACIS eSports,AMERICAS
62580,61182,Breeze,Decider,Odium,SMARACIS eSports,SMARACIS eSports,3361,Odium,6029,2,10,3,0,0,0,SMARACIS eSports,AMERICAS
62585,61196,Breeze,Decider,B8 Esports,deathwish,deathwish,5240,B8 Esports,7243,8,4,2,5,0,0,B8 Esports,AMERICAS
62585,61197,Split,Decider,deathwish,B8 Esports,deathwish,5240,B8 Esports,7243,9,3,7,4,0,0,deathwish,AMERICAS
62585,61198,Icebox,Decider,deathwish,B8 Esports,deathwish,5240,B8 Esports,7243,2,10,3,0,0,0,B8 Esports,AMERICAS
62586,61199,Icebox,Decider,FunPlus Phoenix,Tactical Five,FunPlus Phoenix,628,Tactical Five,6110,6,6,4,7,0,0,FunPlus Phoenix,AMERICAS
62586,61200,Fracture,Decider,FunPlus Phoenix,Tactical Five,FunPlus Phoenix,628,Tactical Five,6110,6,6,1,7,0,0,FunPlus Phoenix,AMERICAS
62587,61202,Icebox,Decider,SMARACIS eSports,FishkaVTom,SMARACIS eSports,3361,FishkaVTom,110,5,7,4,8,0,0,SMARACIS eSports,AMERICAS
62587,61203,Breeze,Decider,FishkaVTom,SMARACIS eSports,SMARACIS eSports,3361,FishkaVTom,110,4,8,5,7,0,0,SMARACIS eSports,AMERICAS
62588,61205,Icebox,Decider,Aim.Attack,Team hz,Team hz,4611,Aim.Attack,604,5,7,6,3,0,0,Team hz,AMERICAS
62588,61206,Haven,Decider,Team hz,Aim.Attack,Team hz,4611,Aim.Attack,604,8,4,8,4,1,3,Aim.Attack,AMERICAS
62588,61207,Split,Decider,Team hz,Aim.Attack,Team hz,4611,Aim.Attack,604,8,4,8,4,1,3,Aim.Attack,AMERICAS
62589,61208,Haven,Decider,B8 Esports,EZ KATKA,EZ KATKA,2845,B8 Esports,7243,8,4,3,5,0,0,B8 Esports,AMERICAS
62589,61209,Split,Decider,B8 Esports,EZ KATKA,EZ KATKA,2845,B8 Esports,7243,9,3,3,4,0,0,B8 Esports,AMERICAS
63579,62955,Fracture,Decider,B8 Esports,One Breath Gaming,One Breath Gaming,6267,B8 Esports,7243,7,5,4,6,0,0,B8 Esports,AMERICAS
63579,62956,Haven,Decider,B8 Esports,One Breath Gaming,One Breath Gaming,6267,B8 Esports,7243,3,9,4,2,0,0,One Breath Gaming,AMERICAS
63579,62957,Breeze,Decider,B8 Esports,One Breath Gaming,One Breath Gaming,6267,B8 Esports,7243,3,9,4,8,0,0,One Breath Gaming,AMERICAS
63580,62958,Icebox,Decider,SMARACIS eSports,Natus Vincere,Natus Vincere,4915,SMARACIS eSports,3361,5,7,6,1,0,0,Natus Vincere,AMERICAS
63580,62959,Haven,Decider,Natus Vincere,SMARACIS eSports,Natus Vincere,4915,SMARACIS eSports,3361,7,5,5,6,0,0,Natus Vincere,AMERICAS
63582,62964,Split,Decider,KPI Gaming,FunPlus Phoenix,KPI Gaming,6313,FunPlus Phoenix,628,6,6,1,7,0,0,KPI Gaming,AMERICAS
63582,62965,Icebox,Decider,KPI Gaming,FunPlus Phoenix,KPI Gaming,6313,FunPlus Phoenix,628,5,7,2,8,0,0,KPI Gaming,AMERICAS
63581,62961,Icebox,Decider,Aim.Attack,5MOKES,5MOKES,967,Aim.Attack,604,1,11,2,4,0,0,5MOKES,AMERICAS
63581,62962,Bind,Decider,5MOKES,Aim.Attack,5MOKES,967,Aim.Attack,604,9,3,3,4,0,0,5MOKES,AMERICAS
63583,62967,Ascent,Decider,Natus Vincere,One Breath Gaming,One Breath Gaming,6267,Natus Vincere,4915,8,4,1,5,0,0,Natus Vincere,AMERICAS
63583,62968,Haven,Decider,Natus Vincere,One Breath Gaming,One Breath Gaming,6267,Natus Vincere,4915,7,5,1,6,0,0,Natus Vincere,AMERICAS
63584,62970,Fracture,Decider,KPI Gaming,5MOKES,5MOKES,967,KPI Gaming,6313,9,3,0,4,0,0,KPI Gaming,AMERICAS
63584,62971,Split,Decider,5MOKES,KPI Gaming,5MOKES,967,KPI Gaming,6313,5,7,6,3,0,0,KPI Gaming,AMERICAS
63587,62981,Split,Decider,SMARACIS eSports,B8 Esports,B8 Esports,7243,SMARACIS eSports,3361,4,8,5,1,0,0,B8 Esports,AMERICAS
63587,62982,Fracture,Decider,SMARACIS eSports,B8 Esports,B8 Esports,7243,SMARACIS eSports,3361,8,4,6,5,0,0,SMARACIS eSports,AMERICAS
63587,62983,Icebox,Decider,B8 Esports,SMARACIS eSports,B8 Esports,7243,SMARACIS eSports,3361,4,8,5,6,0,0,SMARACIS eSports,AMERICAS
63588,62984,Haven,Decider,FunPlus Phoenix,Aim.Attack,Aim.Attack,604,FunPlus Phoenix,628,11,1,0,2,0,0,FunPlus Phoenix,AMERICAS
63588,62985,Breeze,Decider,Aim.Attack,FunPlus Phoenix,Aim.Attack,604,FunPlus Phoenix,628,2,10,3,4,0,0,FunPlus Phoenix,AMERICAS
63585,62973,Bind,Decider,KPI Gaming,Natus Vincere,Natus Vincere,4915,KPI Gaming,6313,11,1,4,2,0,0,KPI Gaming,AMERICAS
63585,62974,Split,Decider,Natus Vincere,KPI Gaming,Natus Vincere,4915,KPI Gaming,6313,4,8,3,9,0,0,Natus Vincere,AMERICAS
63585,62975,Icebox,Decider,Natus Vincere,KPI Gaming,Natus Vincere,4915,KPI Gaming,6313,6,6,3,7,0,0,Natus Vincere,AMERICAS
63590,62990,Fracture,Decider,One Breath Gaming,FunPlus Phoenix,One Breath Gaming,6267,FunPlus Phoenix,628,1,11,2,0,0,0,FunPlus Phoenix,AMERICAS
63590,62991,Breeze,Decider,FunPlus Phoenix,One Breath Gaming,One Breath Gaming,6267,FunPlus Phoenix,628,8,4,1,5,0,0,FunPlus Phoenix,AMERICAS
63589,62987,Haven,Decider,SMARACIS eSports,5MOKES,5MOKES,967,SMARACIS eSports,3361,7,5,7,5,0,2,5MOKES,AMERICAS
63589,62988,Breeze,Decider,SMARACIS eSports,5MOKES,5MOKES,967,SMARACIS eSports,3361,9,3,9,3,0,2,5MOKES,AMERICAS
63591,62993,Fracture,Decider,5MOKES,FunPlus Phoenix,5MOKES,967,FunPlus Phoenix,628,5,7,6,2,0,0,FunPlus Phoenix,AMERICAS
63591,62994,Bind,Decider,5MOKES,FunPlus Phoenix,5MOKES,967,FunPlus Phoenix,628,2,10,3,1,0,0,FunPlus Phoenix,AMERICAS
63688,63136,Haven,Decider,SMARACIS eSports,One Breath Gaming,SMARACIS eSports,3361,One Breath Gaming,6267,9,3,8,4,0,0,SMARACIS eSports,AMERICAS
63688,63137,Breeze,Decider,SMARACIS eSports,One Breath Gaming,SMARACIS eSports,3361,One Breath Gaming,6267,9,3,1,4,0,0,SMARACIS eSports,AMERICAS
63592,62996,Bind,Decider,KPI Gaming,FunPlus Phoenix,KPI Gaming,6313,FunPlus Phoenix,628,4,8,5,2,0,0,FunPlus Phoenix,AMERICAS
63592,62997,Ascent,Decider,FunPlus Phoenix,KPI Gaming,KPI Gaming,6313,FunPlus Phoenix,628,10,2,6,3,0,0,FunPlus Phoenix,AMERICAS
63586,62976,Bind,FunPlus Phoenix,Natus Vincere,FunPlus Phoenix,Natus Vincere,4915,FunPlus Phoenix,628,6,6,4,7,0,0,Natus Vincere,AMERICAS
63586,62977,Icebox,Natus Vincere,FunPlus Phoenix,Natus Vincere,Natus Vincere,4915,FunPlus Phoenix,628,5,7,5,7,0,2,Natus Vincere,AMERICAS
63586,62978,Breeze,FunPlus Phoenix,Natus Vincere,FunPlus Phoenix,Natus Vincere,4915,FunPlus Phoenix,628,4,8,5,1,0,0,FunPlus Phoenix,AMERICAS
63586,62979,Haven,Natus Vincere,Natus Vincere,FunPlus Phoenix,Natus Vincere,4915,FunPlus Phoenix,628,3,9,4,4,0,0,FunPlus Phoenix,AMERICAS
63586,62980,Split,Decider,Natus Vincere,FunPlus Phoenix,Natus Vincere,4915,FunPlus Phoenix,628,2,10,3,1,0,0,FunPlus Phoenix,AMERICAS
42198,51920,Bind,G2 Esports,Anubis Gaming,G2 Esports,G2 Esports,257,Anubis Gaming,1466,1,11,2,3,0,0,G2 Esports,AMERICAS
42198,51921,Breeze,Anubis Gaming,Anubis Gaming,G2 Esports,G2 Esports,257,Anubis Gaming,1466,6,6,7,5,0,0,G2 Esports,AMERICAS
42199,51923,Split,FUT Esports,Oxygen Esports,FUT Esports,FUT Esports,1184,Oxygen Esports,921,6,6,7,0,0,0,FUT Esports,AMERICAS
42199,51924,Ascent,Oxygen Esports,FUT Esports,Oxygen Esports,FUT Esports,1184,Oxygen Esports,921,6,6,4,7,0,0,FUT Esports,AMERICAS
42200,51926,Breeze,Papara SuperMassive,Guild Esports,Papara SuperMassive,Papara SuperMassive,4567,Guild Esports,1209,7,5,8,1,0,0,Papara SuperMassive,AMERICAS
42200,51927,Icebox,Guild Esports,Papara SuperMassive,Guild Esports,Papara SuperMassive,4567,Guild Esports,1209,8,4,8,4,3,5,Guild Esports,AMERICAS
42200,51928,Split,Papara SuperMassive,Guild Esports,Papara SuperMassive,Papara SuperMassive,4567,Guild Esports,1209,6,6,2,7,0,0,Guild Esports,AMERICAS
42201,51929,Ascent,Team Liquid,Team Liquid,One Breath Gaming,Team Liquid,474,One Breath Gaming,6267,12,0,0,1,0,0,Team Liquid,AMERICAS
42201,51930,Haven,One Breath Gaming,Team Liquid,One Breath Gaming,Team Liquid,474,One Breath Gaming,6267,7,5,4,6,0,0,Team Liquid,AMERICAS
42206,51944,Split,Anubis Gaming,Oxygen Esports,Anubis Gaming,Anubis Gaming,1466,Oxygen Esports,921,9,3,9,3,2,0,Oxygen Esports,AMERICAS
42206,51945,Ascent,Oxygen Esports,Anubis Gaming,Oxygen Esports,Anubis Gaming,1466,Oxygen Esports,921,3,9,4,0,0,0,Oxygen Esports,AMERICAS
42207,51947,Breeze,Papara SuperMassive,Papara SuperMassive,One Breath Gaming,Papara SuperMassive,4567,One Breath Gaming,6267,9,3,2,4,0,0,Papara SuperMassive,AMERICAS
42207,51948,Split,One Breath Gaming,Papara SuperMassive,One Breath Gaming,Papara SuperMassive,4567,One Breath Gaming,6267,5,7,6,5,0,0,One Breath Gaming,AMERICAS
42207,51949,Haven,Papara SuperMassive,Papara SuperMassive,One Breath Gaming,Papara SuperMassive,4567,One Breath Gaming,6267,9,3,0,4,0,0,Papara SuperMassive,AMERICAS
42202,51932,Ascent,G2 Esports,FUT Esports,G2 Esports,G2 Esports,257,FUT Esports,1184,2,10,3,0,0,0,G2 Esports,AMERICAS
42202,51933,Breeze,FUT Esports,FUT Esports,G2 Esports,G2 Esports,257,FUT Esports,1184,3,9,3,9,8,10,G2 Esports,AMERICAS
42202,51934,Icebox,G2 Esports,G2 Esports,FUT Esports,G2 Esports,257,FUT Esports,1184,4,8,5,3,0,0,FUT Esports,AMERICAS
42203,51935,Bind,Guild Esports,Guild Esports,Team Liquid,Guild Esports,1209,Team Liquid,474,3,9,4,3,0,0,Team Liquid,AMERICAS
42203,51936,Split,Guild Esports,Team Liquid,Guild Esports,Guild Esports,1209,Team Liquid,474,7,5,3,6,0,0,Team Liquid,AMERICAS
42208,51950,Split,Guild Esports,Oxygen Esports,Guild Esports,Guild Esports,1209,Oxygen Esports,921,6,6,7,2,0,0,Guild Esports,AMERICAS
42208,51951,Breeze,Oxygen Esports,Guild Esports,Oxygen Esports,Guild Esports,1209,Oxygen Esports,921,4,8,3,9,0,0,Guild Esports,AMERICAS
42209,51953,Split,FUT Esports,Papara SuperMassive,FUT Esports,FUT Esports,1184,Papara SuperMassive,4567,5,7,6,3,0,0,FUT Esports,AMERICAS
42209,51954,Haven,Papara SuperMassive,Papara SuperMassive,FUT Esports,FUT Esports,1184,Papara SuperMassive,4567,8,4,2,5,0,0,Papara SuperMassive,AMERICAS
42209,51955,Icebox,FUT Esports,Papara SuperMassive,FUT Esports,FUT Esports,1184,Papara SuperMassive,4567,2,10,3,2,0,0,FUT Esports,AMERICAS
42204,51938,Ascent,G2 Esports,Team Liquid,G2 Esports,G2 Esports,257,Team Liquid,474,6,6,2,7,0,0,Team Liquid,AMERICAS
42204,51939,Bind,Team Liquid,G2 Esports,Team Liquid,G2 Esports,257,Team Liquid,474,8,4,4,5,0,0,G2 Esports,AMERICAS
42204,51940,Haven,G2 Esports,Team Liquid,G2 Esports,G2 Esports,257,Team Liquid,474,8,4,5,5,0,0,Team Liquid,AMERICAS
42210,51956,Haven,Guild Esports,Guild Esports,FUT Esports,Guild Esports,1209,FUT Esports,1184,12,0,2,1,0,0,Guild Esports,AMERICAS
42210,51957,Icebox,FUT Esports,Guild Esports,FUT Esports,Guild Esports,1209,FUT Esports,1184,9,3,4,4,0,0,Guild Esports,AMERICAS
42211,51959,Bind,G2 Esports,G2 Esports,Guild Esports,G2 Esports,257,Guild Esports,1209,8,4,9,1,0,0,Guild Esports,AMERICAS
42211,51960,Haven,Guild Esports,G2 Esports,Guild Esports,G2 Esports,257,Guild Esports,1209,3,9,4,8,0,0,Guild Esports,AMERICAS
42205,51941,Haven,Guild Esports,Team Liquid,Guild Esports,Team Liquid,474,Guild Esports,1209,1,11,2,4,0,0,Guild Esports,AMERICAS
42205,51942,Ascent,Team Liquid,Guild Esports,Team Liquid,Team Liquid,474,Guild Esports,1209,7,5,8,3,0,0,Team Liquid,AMERICAS
42205,51943,Split,Guild Esports,Team Liquid,Guild Esports,Team Liquid,474,Guild Esports,1209,8,4,3,5,0,0,Team Liquid,AMERICAS
42205,52077,Breeze,Team Liquid,Guild Esports,Team Liquid,Team Liquid,474,Guild Esports,1209,4,8,5,3,0,0,Team Liquid,AMERICAS
34948,50203,Ascent,Papara SuperMassive,Acend,Papara SuperMassive,Papara SuperMassive,4567,Acend,3531,5,7,2,8,0,0,Acend,AMERICAS
34948,50204,Bind,Acend,Papara SuperMassive,Acend,Papara SuperMassive,4567,Acend,3531,2,10,3,3,0,0,Acend,AMERICAS
35938,51040,Ascent,G2 Esports,F4Q,G2 Esports,G2 Esports,257,F4Q,1670,1,11,2,4,0,0,G2 Esports,AMERICAS
35938,51041,Bind,F4Q,G2 Esports,F4Q,G2 Esports,257,F4Q,1670,4,8,5,5,0,0,F4Q,AMERICAS
35938,51042,Haven,G2 Esports,F4Q,G2 Esports,G2 Esports,257,F4Q,1670,5,7,6,3,0,0,G2 Esports,AMERICAS
34952,50214,Ascent,100 Thieves,100 Thieves,Liberty,100 Thieves,120,Liberty,581,9,3,0,4,0,0,100 Thieves,AMERICAS
34952,50215,Icebox,Liberty,100 Thieves,Liberty,100 Thieves,120,Liberty,581,8,4,2,5,0,0,100 Thieves,AMERICAS
34947,50199,Haven,Vision Strikers,Paper Rex,Vision Strikers,Vision Strikers,198,Paper Rex,624,4,8,5,5,0,0,Vision Strikers,AMERICAS
34947,50200,Icebox,Paper Rex,Vision Strikers,Paper Rex,Vision Strikers,198,Paper Rex,624,3,9,2,10,0,0,Vision Strikers,AMERICAS
34951,50211,Bind,Gambit Esports,Crazy Raccoon,Gambit Esports,Gambit Esports,682,Crazy Raccoon,277,1,11,2,0,0,0,Gambit Esports,AMERICAS
34951,50212,Icebox,Crazy Raccoon,Gambit Esports,Crazy Raccoon,Gambit Esports,682,Crazy Raccoon,277,11,1,0,2,0,0,Gambit Esports,AMERICAS
34949,50205,Icebox,Keyd Stars,ENVY,Keyd Stars,Keyd Stars,4894,ENVY,427,4,8,4,8,3,1,ENVY,AMERICAS
34949,50206,Bind,ENVY,Keyd Stars,ENVY,Keyd Stars,4894,ENVY,427,5,7,6,4,0,0,ENVY,AMERICAS
34950,50208,Ascent,KRÜ Esports,KRÜ Esports,ZETA DIVISION,KRÜ Esports,2355,ZETA DIVISION,5448,11,1,7,2,0,0,KRÜ Esports,AMERICAS
34950,50209,Split,ZETA DIVISION,KRÜ Esports,ZETA DIVISION,KRÜ Esports,2355,ZETA DIVISION,5448,5,7,6,0,0,0,ZETA DIVISION,AMERICAS
34950,50210,Bind,KRÜ Esports,KRÜ Esports,ZETA DIVISION,KRÜ Esports,2355,ZETA DIVISION,5448,7,5,2,6,0,0,KRÜ Esports,AMERICAS
35939,51043,Split,Sentinels,G2 Esports,Sentinels,Sentinels,2,G2 Esports,257,4,8,5,2,0,0,Sentinels,AMERICAS
35939,51044,Icebox,G2 Esports,Sentinels,G2 Esports,Sentinels,2,G2 Esports,257,4,8,5,4,0,0,G2 Esports,AMERICAS
35939,51045,Haven,Sentinels,Sentinels,G2 Esports,Sentinels,2,G2 Esports,257,11,1,7,2,0,0,Sentinels,AMERICAS
34964,50241,Ascent,Gambit Esports,100 Thieves,Gambit Esports,Gambit Esports,682,100 Thieves,120,5,7,6,0,0,0,Gambit Esports,AMERICAS
34964,50242,Icebox,100 Thieves,100 Thieves,Gambit Esports,Gambit Esports,682,100 Thieves,120,3,9,2,10,0,0,100 Thieves,AMERICAS
34964,50243,Split,Gambit Esports,100 Thieves,Gambit Esports,Gambit Esports,682,100 Thieves,120,9,3,7,4,0,0,100 Thieves,AMERICAS
34961,50232,Icebox,KRÜ Esports,ENVY,KRÜ Esports,ENVY,427,KRÜ Esports,2355,6,6,3,7,0,0,ENVY,AMERICAS
34961,50233,Ascent,ENVY,KRÜ Esports,ENVY,ENVY,427,KRÜ Esports,2355,2,10,3,0,0,0,ENVY,AMERICAS
34958,50223,Haven,Vision Strikers,Vision Strikers,Acend,Vision Strikers,198,Acend,3531,8,4,3,5,0,0,Vision Strikers,AMERICAS
34958,50224,Icebox,Acend,Acend,Vision Strikers,Vision Strikers,198,Acend,3531,5,7,6,4,0,0,Vision Strikers,AMERICAS
35940,51046,Split,F4Q,Sentinels,F4Q,F4Q,1670,Sentinels,2,7,5,4,6,0,0,Sentinels,AMERICAS
35940,51047,Breeze,Sentinels,F4Q,Sentinels,F4Q,1670,Sentinels,2,4,8,5,0,0,0,Sentinels,AMERICAS
35941,51049,Bind,F4Q,F4Q,G2 Esports,F4Q,1670,G2 Esports,257,3,9,4,0,0,0,G2 Esports,AMERICAS
35941,51050,Ascent,G2 Esports,F4Q,G2 Esports,F4Q,1670,G2 Esports,257,3,9,4,3,0,0,G2 Esports,AMERICAS
34962,50235,Breeze,Keyd Stars,ZETA DIVISION,Keyd Stars,Keyd Stars,4894,ZETA DIVISION,5448,3,9,4,0,0,0,Keyd Stars,AMERICAS
34962,50236,Split,ZETA DIVISION,Keyd Stars,ZETA DIVISION,Keyd Stars,4894,ZETA DIVISION,5448,10,2,2,3,0,0,Keyd Stars,AMERICAS
34965,50244,Haven,Liberty,Crazy Raccoon,Liberty,Crazy Raccoon,277,Liberty,581,7,5,4,6,0,0,Crazy Raccoon,AMERICAS
34965,50245,Split,Crazy Raccoon,Liberty,Crazy Raccoon,Crazy Raccoon,277,Liberty,581,3,9,4,5,0,0,Crazy Raccoon,AMERICAS
34959,50226,Haven,Papara SuperMassive,Paper Rex,Papara SuperMassive,Paper Rex,624,Papara SuperMassive,4567,5,7,5,7,2,0,Paper Rex,AMERICAS
34959,50227,Breeze,Paper Rex,Papara SuperMassive,Paper Rex,Paper Rex,624,Papara SuperMassive,4567,10,2,0,3,0,0,Papara SuperMassive,AMERICAS
34959,50228,Split,Papara SuperMassive,Paper Rex,Papara SuperMassive,Paper Rex,624,Papara SuperMassive,4567,6,6,7,4,0,0,Papara SuperMassive,AMERICAS
35942,51052,Icebox,G2 Esports,Sentinels,G2 Esports,G2 Esports,257,Sentinels,2,3,9,4,0,0,0,G2 Esports,AMERICAS
35942,51053,Split,Sentinels,G2 Esports,Sentinels,G2 Esports,257,Sentinels,2,8,4,7,5,0,0,G2 Esports,AMERICAS
34963,50238,Split,Keyd Stars,KRÜ Esports,Keyd Stars,KRÜ Esports,2355,Keyd Stars,4894,7,5,6,6,0,0,KRÜ Esports,AMERICAS
34963,50239,Haven,KRÜ Esports,Keyd Stars,KRÜ Esports,KRÜ Esports,2355,Keyd Stars,4894,8,4,9,3,0,0,KRÜ Esports,AMERICAS
34960,50229,Ascent,Papara SuperMassive,Acend,Papara SuperMassive,Acend,3531,Papara SuperMassive,4567,5,7,6,1,0,0,Papara SuperMassive,AMERICAS
34960,50230,Bind,Acend,Acend,Papara SuperMassive,Acend,3531,Papara SuperMassive,4567,9,3,4,4,0,0,Acend,AMERICAS
34960,50231,Split,Papara SuperMassive,Acend,Papara SuperMassive,Acend,3531,Papara SuperMassive,4567,6,6,4,7,0,0,Acend,AMERICAS
34966,50248,Icebox,Crazy Raccoon,Gambit Esports,Crazy Raccoon,Gambit Esports,682,Crazy Raccoon,277,4,8,4,8,2,0,Gambit Esports,AMERICAS
34966,50249,Ascent,Gambit Esports,Crazy Raccoon,Gambit Esports,Gambit Esports,682,Crazy Raccoon,277,7,5,8,1,0,0,Gambit Esports,AMERICAS
35943,51055,Breeze,Sentinels,F4Q,Sentinels,Sentinels,2,F4Q,1670,2,10,3,1,0,0,Sentinels,AMERICAS
35943,51056,Split,F4Q,Sentinels,F4Q,Sentinels,2,F4Q,1670,7,5,8,2,0,0,F4Q,AMERICAS
35943,51057,Haven,Sentinels,F4Q,Sentinels,Sentinels,2,F4Q,1670,2,10,3,2,0,0,Sentinels,AMERICAS
34975,50265,Bind,Vision Strikers,Vision Strikers,Gambit Esports,Vision Strikers,198,Gambit Esports,682,2,10,3,0,0,0,Gambit Esports,AMERICAS
34975,50266,Split,Gambit Esports,Vision Strikers,Gambit Esports,Vision Strikers,198,Gambit Esports,682,8,4,3,5,0,0,Vision Strikers,AMERICAS
34975,50267,Icebox,Vision Strikers,Vision Strikers,Gambit Esports,Vision Strikers,198,Gambit Esports,682,4,8,5,4,0,0,Gambit Esports,AMERICAS
34976,50269,Haven,KRÜ Esports,G2 Esports,KRÜ Esports,G2 Esports,257,KRÜ Esports,2355,7,5,2,6,0,0,G2 Esports,AMERICAS
34976,50270,Icebox,G2 Esports,KRÜ Esports,G2 Esports,G2 Esports,257,KRÜ Esports,2355,5,7,6,4,0,0,G2 Esports,AMERICAS
34973,50259,Ascent,100 Thieves,100 Thieves,Acend,100 Thieves,120,Acend,3531,6,6,7,3,0,0,Acend,AMERICAS
34973,50260,Haven,Acend,100 Thieves,Acend,100 Thieves,120,Acend,3531,8,4,4,5,0,0,100 Thieves,AMERICAS
34973,50261,Breeze,100 Thieves,100 Thieves,Acend,100 Thieves,120,Acend,3531,4,8,4,8,2,0,100 Thieves,AMERICAS
34974,50262,Haven,ENVY,Sentinels,ENVY,ENVY,427,Sentinels,2,3,9,3,9,1,3,ENVY,AMERICAS
34974,50263,Split,Sentinels,ENVY,Sentinels,ENVY,427,Sentinels,2,7,5,2,6,0,0,ENVY,AMERICAS
34977,50271,Breeze,Gambit Esports,Gambit Esports,G2 Esports,Gambit Esports,682,G2 Esports,257,7,5,5,6,0,0,Gambit Esports,AMERICAS
34977,50272,Icebox,G2 Esports,G2 Esports,Gambit Esports,Gambit Esports,682,G2 Esports,257,0,12,1,0,0,0,Gambit Esports,AMERICAS
34978,50274,Haven,ENVY,100 Thieves,ENVY,100 Thieves,120,ENVY,427,3,9,4,2,0,0,ENVY,AMERICAS
34978,50275,Ascent,100 Thieves,ENVY,100 Thieves,100 Thieves,120,ENVY,427,7,5,3,6,0,0,ENVY,AMERICAS
34979,50277,Bind,Gambit Esports,ENVY,Gambit Esports,ENVY,427,Gambit Esports,682,7,5,7,5,1,3,Gambit Esports,AMERICAS
34979,50278,Haven,ENVY,Gambit Esports,ENVY,ENVY,427,Gambit Esports,682,4,8,3,9,0,0,Gambit Esports,AMERICAS
34979,50279,Split,Gambit Esports,ENVY,Gambit Esports,ENVY,427,Gambit Esports,682,6,6,7,3,0,0,Gambit Esports,AMERICAS
30770,47933,Icebox,Natus Vincere,Team Liquid,Natus Vincere,Natus Vincere,4915,Team Liquid,474,9,3,10,1,0,0,Natus Vincere,AMERICAS
30770,47934,Bind,Team Liquid,Natus Vincere,Team Liquid,Natus Vincere,4915,Team Liquid,474,6,6,7,1,0,0,Team Liquid,AMERICAS
30770,47935,Split,Decider,Natus Vincere,Team Liquid,Natus Vincere,4915,Team Liquid,474,8,4,7,5,0,0,Natus Vincere,AMERICAS
30771,47936,Icebox,Decider,Guild Esports,forZe,Guild Esports,1209,forZe,108,10,2,2,3,0,0,Guild Esports,AMERICAS
30771,47937,Haven,Decider,Guild Esports,forZe,Guild Esports,1209,forZe,108,7,5,7,5,2,0,Guild Esports,AMERICAS
30773,47942,Ascent,Oxygen Esports,Giants Gaming,Oxygen Esports,Oxygen Esports,921,Giants Gaming,2304,6,6,7,5,0,0,Oxygen Esports,AMERICAS
30773,47943,Split,Giants Gaming,Oxygen Esports,Giants Gaming,Oxygen Esports,921,Giants Gaming,2304,2,10,3,0,0,0,Giants Gaming,AMERICAS
30773,47944,Breeze,Decider,Oxygen Esports,Giants Gaming,Oxygen Esports,921,Giants Gaming,2304,7,5,4,6,0,0,Oxygen Esports,AMERICAS
30772,47939,Ascent,Fire Flux Esports,Fire Flux Esports,FunPlus Phoenix,FunPlus Phoenix,628,Fire Flux Esports,20085,10,2,10,2,1,3,FunPlus Phoenix,AMERICAS
30772,47940,Bind,FunPlus Phoenix,Fire Flux Esports,FunPlus Phoenix,FunPlus Phoenix,628,Fire Flux Esports,20085,6,6,7,1,0,0,FunPlus Phoenix,AMERICAS
30752,47875,Breeze,Acend,Natus Vincere,Acend,Acend,3531,Natus Vincere,4915,6,6,7,1,0,0,Acend,AMERICAS
30752,47876,Icebox,Natus Vincere,Natus Vincere,Acend,Acend,3531,Natus Vincere,4915,5,7,5,7,3,5,Acend,AMERICAS
30753,47878,Ascent,Gambit Esports,Guild Esports,Gambit Esports,Gambit Esports,682,Guild Esports,1209,7,5,8,1,0,0,Gambit Esports,AMERICAS
30753,47879,Icebox,Guild Esports,Guild Esports,Gambit Esports,Gambit Esports,682,Guild Esports,1209,8,4,8,4,5,7,Gambit Esports,AMERICAS
30755,47884,Icebox,G2 Esports,G2 Esports,Oxygen Esports,G2 Esports,257,Oxygen Esports,921,11,1,1,2,0,0,G2 Esports,AMERICAS
30755,47885,Breeze,Oxygen Esports,Oxygen Esports,G2 Esports,G2 Esports,257,Oxygen Esports,921,11,1,11,1,0,2,G2 Esports,AMERICAS
30754,47881,Ascent,Papara SuperMassive,Papara SuperMassive,FunPlus Phoenix,Papara SuperMassive,4567,FunPlus Phoenix,628,8,4,2,5,0,0,Papara SuperMassive,AMERICAS
30754,47882,Split,FunPlus Phoenix,Papara SuperMassive,FunPlus Phoenix,Papara SuperMassive,4567,FunPlus Phoenix,628,10,2,11,0,0,0,FunPlus Phoenix,AMERICAS
30760,47901,Haven,Team Liquid,Oxygen Esports,Team Liquid,Oxygen Esports,921,Team Liquid,474,1,11,2,0,0,0,Team Liquid,AMERICAS
30760,47902,Breeze,Oxygen Esports,Team Liquid,Oxygen Esports,Oxygen Esports,921,Team Liquid,474,10,2,1,3,0,0,Team Liquid,AMERICAS
30761,47904,Icebox,FunPlus Phoenix,forZe,FunPlus Phoenix,FunPlus Phoenix,628,forZe,108,4,8,5,0,0,0,FunPlus Phoenix,AMERICAS
30761,47905,Bind,forZe,FunPlus Phoenix,forZe,FunPlus Phoenix,628,forZe,108,4,8,4,8,10,12,forZe,AMERICAS
30761,47906,Split,Decider,FunPlus Phoenix,forZe,FunPlus Phoenix,628,forZe,108,4,8,5,4,0,0,forZe,AMERICAS
30762,47907,Split,Guild Esports,Fire Flux Esports,Guild Esports,Guild Esports,1209,Fire Flux Esports,20085,5,7,6,1,0,0,Guild Esports,AMERICAS
30762,47908,Ascent,Fire Flux Esports,Guild Esports,Fire Flux Esports,Guild Esports,1209,Fire Flux Esports,20085,12,0,0,1,0,0,Guild Esports,AMERICAS
30763,47910,Ascent,Natus Vincere,Giants Gaming,Natus Vincere,Natus Vincere,4915,Giants Gaming,2304,6,6,6,6,2,0,Giants Gaming,AMERICAS
30763,47911,Breeze,Giants Gaming,Natus Vincere,Giants Gaming,Natus Vincere,4915,Giants Gaming,2304,6,6,1,7,0,0,Natus Vincere,AMERICAS
30763,47912,Split,Decider,Natus Vincere,Giants Gaming,Natus Vincere,4915,Giants Gaming,2304,4,8,5,4,0,0,Giants Gaming,AMERICAS
30756,47887,Bind,Acend,Gambit Esports,Acend,Acend,3531,Gambit Esports,682,6,6,7,1,0,0,Acend,AMERICAS
30756,47888,Ascent,Gambit Esports,Acend,Gambit Esports,Acend,3531,Gambit Esports,682,7,5,8,3,0,0,Gambit Esports,AMERICAS
30756,47889,Icebox,Decider,Gambit Esports,Acend,Acend,3531,Gambit Esports,682,5,7,6,0,0,0,Acend,AMERICAS
30757,47890,Bind,G2 Esports,Papara SuperMassive,G2 Esports,Papara SuperMassive,4567,G2 Esports,257,8,4,0,5,0,0,Papara SuperMassive,AMERICAS
30757,47891,Ascent,Papara SuperMassive,G2 Esports,Papara SuperMassive,Papara SuperMassive,4567,G2 Esports,257,3,9,4,2,0,0,Papara SuperMassive,AMERICAS
30764,47913,Bind,forZe,forZe,Team Liquid,Team Liquid,474,forZe,108,4,8,5,3,0,0,Team Liquid,AMERICAS
30764,47914,Breeze,Team Liquid,forZe,Team Liquid,Team Liquid,474,forZe,108,5,7,6,5,0,0,Team Liquid,AMERICAS
30765,47916,Split,Guild Esports,Giants Gaming,Guild Esports,Guild Esports,1209,Giants Gaming,2304,6,6,4,7,0,0,Giants Gaming,AMERICAS
30765,47917,Bind,Giants Gaming,Guild Esports,Giants Gaming,Guild Esports,1209,Giants Gaming,2304,5,7,5,7,5,3,Guild Esports,AMERICAS
30765,47918,Ascent,Decider,Guild Esports,Giants Gaming,Guild Esports,1209,Giants Gaming,2304,7,5,7,5,1,3,Giants Gaming,AMERICAS
30766,47919,Split,Gambit Esports,Team Liquid,Gambit Esports,Gambit Esports,682,Team Liquid,474,7,5,6,6,0,0,Team Liquid,AMERICAS
30766,47920,Bind,Team Liquid,Gambit Esports,Team Liquid,Gambit Esports,682,Team Liquid,474,9,3,0,4,0,0,Gambit Esports,AMERICAS
30766,47921,Icebox,Decider,Gambit Esports,Team Liquid,Gambit Esports,682,Team Liquid,474,9,3,9,3,4,2,Gambit Esports,AMERICAS
30767,47922,Icebox,G2 Esports,Giants Gaming,G2 Esports,G2 Esports,257,Giants Gaming,2304,8,4,4,5,0,0,Giants Gaming,AMERICAS
30767,47924,Ascent,Decider,Giants Gaming,G2 Esports,G2 Esports,257,Giants Gaming,2304,3,9,4,1,0,0,G2 Esports,AMERICAS
30767,49623,Bind,Giants Gaming,G2 Esports,Giants Gaming,G2 Esports,257,Giants Gaming,2304,9,3,0,4,0,0,G2 Esports,AMERICAS
30768,47925,Ascent,Gambit Esports,Gambit Esports,G2 Esports,Gambit Esports,682,G2 Esports,257,10,2,1,3,0,0,Gambit Esports,AMERICAS
30768,47926,Icebox,G2 Esports,Gambit Esports,G2 Esports,Gambit Esports,682,G2 Esports,257,6,6,7,1,0,0,G2 Esports,AMERICAS
30768,47927,Bind,Decider,Gambit Esports,G2 Esports,Gambit Esports,682,G2 Esports,257,8,4,8,4,2,0,Gambit Esports,AMERICAS
30758,47893,Bind,Acend,Papara SuperMassive,Acend,Acend,3531,Papara SuperMassive,4567,4,8,5,2,0,0,Acend,AMERICAS
30758,47894,Split,Papara SuperMassive,Acend,Papara SuperMassive,Acend,3531,Papara SuperMassive,4567,5,7,6,0,0,0,Papara SuperMassive,AMERICAS
30758,47895,Haven,Decider,Papara SuperMassive,Acend,Acend,3531,Papara SuperMassive,4567,6,6,4,7,0,0,Papara SuperMassive,AMERICAS
30769,47928,Ascent,Gambit Esports,Gambit Esports,Acend,Acend,3531,Gambit Esports,682,8,4,8,4,6,4,Gambit Esports,AMERICAS
30769,47929,Bind,Acend,Gambit Esports,Acend,Acend,3531,Gambit Esports,682,9,3,1,4,0,0,Gambit Esports,AMERICAS
30769,47930,Breeze,Gambit Esports,Gambit Esports,Acend,Acend,3531,Gambit Esports,682,1,11,2,8,0,0,Acend,AMERICAS
30769,47931,Haven,Acend,Gambit Esports,Acend,Acend,3531,Gambit Esports,682,8,4,3,5,0,0,Gambit Esports,AMERICAS
30759,47896,Ascent,Gambit Esports,Papara SuperMassive,Gambit Esports,Papara SuperMassive,4567,Gambit Esports,682,12,0,1,1,0,0,Papara SuperMassive,AMERICAS
30759,47897,Split,Papara SuperMassive,Gambit Esports,Papara SuperMassive,Papara SuperMassive,4567,Gambit Esports,682,6,6,5,7,0,0,Gambit Esports,AMERICAS
30759,47898,Bind,Gambit Esports,Papara SuperMassive,Gambit Esports,Papara SuperMassive,4567,Gambit Esports,682,3,9,4,2,0,0,Gambit Esports,AMERICAS
30759,47899,Haven,Papara SuperMassive,Gambit Esports,Papara SuperMassive,Papara SuperMassive,4567,Gambit Esports,682,9,3,0,4,0,0,Gambit Esports,AMERICAS
27950,44358,Ascent,Decider,OG,Young Supremacy,Young Supremacy,5680,OG,2965,10,2,0,3,0,0,OG,AMERICAS
27950,44359,Bind,Decider,Young Supremacy,OG,Young Supremacy,5680,OG,2965,1,11,2,0,0,0,OG,AMERICAS
27968,44412,Haven,Decider,The Goose House Lunar,fReya,fReya,3907,The Goose House Lunar,5220,6,6,6,6,3,5,fReya,AMERICAS
27968,44413,Breeze,Decider,fReya,The Goose House Lunar,fReya,3907,The Goose House Lunar,5220,6,6,7,3,0,0,The Goose House Lunar,AMERICAS
27968,44414,Bind,Decider,The Goose House Lunar,fReya,fReya,3907,The Goose House Lunar,5220,6,6,6,6,3,5,fReya,AMERICAS
27982,44454,Icebox,Decider,Celestial Esports,The Lost Nation,The Lost Nation,5704,Celestial Esports,2733,8,4,4,5,0,0,Celestial Esports,AMERICAS
27982,44455,Bind,Decider,Celestial Esports,The Lost Nation,The Lost Nation,5704,Celestial Esports,2733,7,5,4,6,0,0,Celestial Esports,AMERICAS
27944,44340,Ascent,Decider,detox,Aesir Esports,Aesir Esports,4085,detox,5675,11,1,3,2,0,0,detox,AMERICAS
27944,44341,Haven,Decider,Aesir Esports,detox,Aesir Esports,4085,detox,5675,4,8,5,3,0,0,detox,AMERICAS
27948,44352,Breeze,Decider,Angry Titans,SHINY,SHINY,5669,Angry Titans,3347,5,7,5,7,1,3,SHINY,AMERICAS
27948,44353,Haven,Decider,Angry Titans,SHINY,SHINY,5669,Angry Titans,3347,5,7,6,1,0,0,SHINY,AMERICAS
27949,44355,Bind,Decider,Gydom Galva,Revo Unit,Revo Unit,5678,Gydom Galva,5679,10,2,1,3,0,0,Gydom Galva,AMERICAS
27949,44356,Ascent,Decider,Revo Unit,Gydom Galva,Revo Unit,5678,Gydom Galva,5679,3,9,4,2,0,0,Gydom Galva,AMERICAS
27951,44361,Bind,Decider,Les Zinzins De Lespace,Teamates Gaming,Teamates Gaming,5939,Les Zinzins De Lespace,4877,7,5,6,6,0,0,Les Zinzins De Lespace,AMERICAS
27951,44362,Split,Decider,Teamates Gaming,Les Zinzins De Lespace,Teamates Gaming,5939,Les Zinzins De Lespace,4877,3,9,4,6,0,0,Les Zinzins De Lespace,AMERICAS
27952,44364,Ascent,Decider,SurrealpLay,Peepolads,SurrealpLay,2326,Peepolads,5682,3,9,4,7,0,0,Peepolads,AMERICAS
27952,44365,Breeze,Decider,Peepolads,SurrealpLay,SurrealpLay,2326,Peepolads,5682,4,8,5,1,0,0,SurrealpLay,AMERICAS
27952,44366,Haven,Decider,SurrealpLay,Peepolads,SurrealpLay,2326,Peepolads,5682,10,2,1,3,0,0,SurrealpLay,AMERICAS
27953,44367,Haven,Decider,Banditz,Deez nuts,Deez nuts,5683,Banditz,5684,7,5,1,6,0,0,Banditz,AMERICAS
27953,44368,Icebox,Decider,Banditz,Deez nuts,Deez nuts,5683,Banditz,5684,11,1,0,2,0,0,Banditz,AMERICAS
27954,44370,Ascent,Decider,ShadowzGG,NowyTowiec,NowyTowiec,5088,ShadowzGG,5203,4,8,5,0,0,0,NowyTowiec,AMERICAS
27954,44371,Breeze,Decider,NowyTowiec,ShadowzGG,NowyTowiec,5088,ShadowzGG,5203,10,2,2,3,0,0,NowyTowiec,AMERICAS
27955,44373,Ascent,Decider,FlashDash,Nope,FlashDash,3325,Nope,5685,12,0,0,1,0,0,FlashDash,AMERICAS
27955,44374,Split,Decider,FlashDash,Nope,FlashDash,3325,Nope,5685,9,3,0,4,0,0,FlashDash,AMERICAS
27956,44376,Ascent,Decider,MTP Esport,Project A,Project A,5690,MTP Esport,4470,7,5,5,6,0,0,MTP Esport,AMERICAS
27956,44377,Haven,Decider,MTP Esport,Project A,Project A,5690,MTP Esport,4470,3,9,3,9,6,4,MTP Esport,AMERICAS
27960,44388,Bind,Decider,Learn 2 Play,kapten mint,kapten mint,5691,Learn 2 Play,5542,6,6,6,6,0,2,kapten mint,AMERICAS
27960,44389,Haven,Decider,kapten mint,Learn 2 Play,kapten mint,5691,Learn 2 Play,5542,6,6,4,7,0,0,kapten mint,AMERICAS
27961,44391,Breeze,Decider,GrandSpirit,Trisium Esports,GrandSpirit,3924,Trisium Esports,5692,4,8,1,9,0,0,GrandSpirit,AMERICAS
27961,44392,Ascent,Decider,GrandSpirit,Trisium Esports,GrandSpirit,3924,Trisium Esports,5692,7,5,4,6,0,0,GrandSpirit,AMERICAS
27962,44394,Ascent,Decider,Rix.GG Lightning,On Vient CS,On Vient CS,5693,Rix.GG Lightning,4415,10,2,4,3,0,0,Rix.GG Lightning,AMERICAS
27962,44395,Icebox,Decider,On Vient CS,Rix.GG Lightning,On Vient CS,5693,Rix.GG Lightning,4415,7,5,8,4,0,0,Rix.GG Lightning,AMERICAS
27963,44397,Bind,Decider,logicialat,Equipe,logicialat,5694,Equipe,5654,1,11,2,0,0,0,Equipe,AMERICAS
27963,44398,Icebox,Decider,logicialat,Equipe,logicialat,5694,Equipe,5654,0,12,1,0,0,0,Equipe,AMERICAS
27964,44400,Bind,Decider,Megastitut,kryzys,kryzys,5762,Megastitut,686,12,0,0,1,0,0,Megastitut,AMERICAS
27964,44401,Split,Decider,kryzys,Megastitut,kryzys,5762,Megastitut,686,4,8,5,3,0,0,Megastitut,AMERICAS
27965,44403,Haven,Decider,ayned,Dark Tigers,Dark Tigers,3362,ayned,2692,2,10,3,0,0,0,Dark Tigers,AMERICAS
27965,44404,Ascent,Decider,Dark Tigers,ayned,Dark Tigers,3362,ayned,2692,11,1,0,2,0,0,Dark Tigers,AMERICAS
27966,44406,Ascent,Decider,Fadee Gaming,Kjottkaker i brun saus,Kjottkaker i brun saus,3094,Fadee Gaming,5649,7,5,3,6,0,0,Fadee Gaming,AMERICAS
27966,44407,Bind,Decider,Kjottkaker i brun saus,Fadee Gaming,Kjottkaker i brun saus,3094,Fadee Gaming,5649,5,7,6,6,0,0,Fadee Gaming,AMERICAS
27969,44415,Haven,Decider,Chakalaka,Ignite,Ignite,2670,Chakalaka,1421,9,3,0,4,0,0,Chakalaka,AMERICAS
27969,44416,Split,Decider,Ignite,Chakalaka,Ignite,2670,Chakalaka,1421,5,7,6,1,0,0,Chakalaka,AMERICAS
27971,44421,Haven,Decider,eSuba,PointAndClick,PointAndClick,3047,eSuba,1474,7,5,6,6,0,0,eSuba,AMERICAS
27971,44422,Ascent,Decider,PointAndClick,eSuba,PointAndClick,3047,eSuba,1474,2,10,3,3,0,0,eSuba,AMERICAS
27973,44427,Icebox,Decider,RogerRoger,Humanity Esport,RogerRoger,5699,Humanity Esport,5128,8,4,0,5,0,0,RogerRoger,AMERICAS
27973,44428,Haven,Decider,RogerRoger,Humanity Esport,RogerRoger,5699,Humanity Esport,5128,11,1,0,2,0,0,RogerRoger,AMERICAS
27976,44436,Bind,Decider,NEBULAA,Frelo,Frelo,5770,NEBULAA,3724,8,4,3,5,0,0,NEBULAA,AMERICAS
27976,44437,Haven,Decider,Frelo,NEBULAA,Frelo,5770,NEBULAA,3724,2,10,3,0,0,0,NEBULAA,AMERICAS
27977,44439,Ascent,Decider,Asteria Gaming,psyhiatryk,psyhiatryk,5667,Asteria Gaming,5210,8,4,6,5,0,0,Asteria Gaming,AMERICAS
27977,44440,Haven,Decider,psyhiatryk,Asteria Gaming,psyhiatryk,5667,Asteria Gaming,5210,4,8,5,5,0,0,Asteria Gaming,AMERICAS
27980,44448,Icebox,Decider,Capri Sun,Bonsoir,Capri Sun,3321,Bonsoir,5052,3,9,4,0,0,0,Bonsoir,AMERICAS
27980,44449,Ascent,Decider,Capri Sun,Bonsoir,Capri Sun,3321,Bonsoir,5052,5,7,6,3,0,0,Bonsoir,AMERICAS
27981,44451,Breeze,Decider,Esports Cyberathletes,Mantis,Esports Cyberathletes,5763,Mantis,4950,7,5,4,6,0,0,Esports Cyberathletes,AMERICAS
27981,44452,Ascent,Decider,Esports Cyberathletes,Mantis,Esports Cyberathletes,5763,Mantis,4950,9,3,5,4,0,0,Esports Cyberathletes,AMERICAS
27983,44457,Bind,Decider,MANGO,Un Mix Ta Peur,MANGO,6998,Un Mix Ta Peur,5705,6,6,3,7,0,0,MANGO,AMERICAS
27983,44458,Breeze,Decider,MANGO,Un Mix Ta Peur,MANGO,6998,Un Mix Ta Peur,5705,6,6,6,6,2,0,MANGO,AMERICAS
27984,44460,Ascent,Decider,5mancore,Felix and Friends,Felix and Friends,5712,5mancore,5713,0,12,1,1,0,0,Felix and Friends,AMERICAS
27984,44461,Haven,Decider,Felix and Friends,5mancore,Felix and Friends,5712,5mancore,5713,10,2,0,3,0,0,Felix and Friends,AMERICAS
27985,44463,Breeze,Decider,5 baguettes,Lasagna Beam,Lasagna Beam,3082,5 baguettes,5065,2,10,3,3,0,0,Lasagna Beam,AMERICAS
27985,44464,Bind,Decider,5 baguettes,Lasagna Beam,Lasagna Beam,3082,5 baguettes,5065,1,11,2,8,0,0,Lasagna Beam,AMERICAS
27986,44466,Icebox,Decider,BATS eSports,WoofWoof,WoofWoof,5714,BATS eSports,5715,5,7,6,4,0,0,WoofWoof,AMERICAS
27986,44467,Ascent,Decider,WoofWoof,BATS eSports,WoofWoof,5714,BATS eSports,5715,11,1,0,2,0,0,WoofWoof,AMERICAS
27988,44472,Icebox,Decider,rcivarkaat,Reject$,rcivarkaat,5718,Reject$,4878,2,10,3,0,0,0,Reject$,AMERICAS
27988,44473,Ascent,Decider,Reject$,rcivarkaat,rcivarkaat,5718,Reject$,4878,12,0,0,1,0,0,Reject$,AMERICAS
27989,44475,Haven,Decider,Vacuumers,KILLJOY GAMING,KILLJOY GAMING,5219,Vacuumers,3862,8,4,2,5,0,0,Vacuumers,AMERICAS
27989,44476,Breeze,Decider,KILLJOY GAMING,Vacuumers,KILLJOY GAMING,5219,Vacuumers,3862,3,9,4,1,0,0,Vacuumers,AMERICAS
27990,44478,Haven,Decider,EGN Esports,atreus,atreus,3932,EGN Esports,4671,9,3,1,4,0,0,EGN Esports,AMERICAS
27990,44479,Ascent,Decider,atreus,EGN Esports,atreus,3932,EGN Esports,4671,4,8,5,2,0,0,EGN Esports,AMERICAS
27992,44484,Icebox,Decider,Team Queso,Hi Shin,Hi Shin,5720,Team Queso,4538,10,2,1,3,0,0,Team Queso,AMERICAS
27992,44485,Bind,Decider,Hi Shin,Team Queso,Hi Shin,5720,Team Queso,4538,5,7,6,2,0,0,Team Queso,AMERICAS
27993,44487,Ascent,Decider,LvL Up Esport,Pomidorki W Louis,Pomidorki W Louis,5764,LvL Up Esport,5854,1,11,2,0,0,0,Pomidorki W Louis,AMERICAS
27993,44488,Haven,Decider,Pomidorki W Louis,LvL Up Esport,Pomidorki W Louis,5764,LvL Up Esport,5854,10,2,3,3,0,0,Pomidorki W Louis,AMERICAS
27995,44493,Haven,Decider,Dont Talking Please,WLGaming Esports,Dont Talking Please,5765,WLGaming Esports,4141,5,7,6,2,0,0,WLGaming Esports,AMERICAS
27995,44494,Icebox,Decider,WLGaming Esports,Dont Talking Please,Dont Talking Please,5765,WLGaming Esports,4141,10,2,0,3,0,0,WLGaming Esports,AMERICAS
27996,44496,Ascent,Decider,Yendez,AllStar,AllStar,5766,Yendez,1174,5,7,0,8,0,0,Yendez,AMERICAS
27996,44497,Icebox,Decider,AllStar,Yendez,AllStar,5766,Yendez,1174,2,10,3,4,0,0,Yendez,AMERICAS
27997,44499,Ascent,Decider,Bifrost,Budget Aimers,Budget Aimers,5053,Bifrost,4675,7,5,1,6,0,0,Bifrost,AMERICAS
27997,44500,Split,Decider,Budget Aimers,Bifrost,Budget Aimers,5053,Bifrost,4675,3,9,4,8,0,0,Bifrost,AMERICAS
27998,44502,Ascent,Decider,CGN Esports,San,San,5767,CGN Esports,5214,9,3,0,4,0,0,CGN Esports,AMERICAS
27998,44503,Bind,Decider,San,CGN Esports,San,5767,CGN Esports,5214,3,9,4,3,0,0,CGN Esports,AMERICAS
27999,44505,Haven,Decider,21Solution Esports,PSQ,PSQ,5768,21Solution Esports,2336,4,8,4,8,2,0,21Solution Esports,AMERICAS
27999,44506,Ascent,Decider,PSQ,21Solution Esports,PSQ,5768,21Solution Esports,2336,10,2,1,3,0,0,PSQ,AMERICAS
27999,44507,Bind,Decider,21Solution Esports,PSQ,PSQ,5768,21Solution Esports,2336,2,10,3,2,0,0,PSQ,AMERICAS
28000,44508,Ascent,Decider,Team Plague,Mix Team,Mix Team,5722,Team Plague,5129,7,5,7,5,1,3,Mix Team,AMERICAS
28000,44509,Icebox,Decider,Mix Team,Team Plague,Mix Team,5722,Team Plague,5129,3,9,4,3,0,0,Team Plague,AMERICAS
28000,44510,Bind,Decider,Team Plague,Mix Team,Mix Team,5722,Team Plague,5129,11,1,0,2,0,0,Team Plague,AMERICAS
28001,44511,Icebox,Decider,Ehbit Gaming,Totally Spies,Ehbit Gaming,5723,Totally Spies,5075,4,8,5,0,0,0,Totally Spies,AMERICAS
28001,44512,Breeze,Decider,Ehbit Gaming,Totally Spies,Ehbit Gaming,5723,Totally Spies,5075,1,11,2,0,0,0,Totally Spies,AMERICAS
28003,44517,Haven,Decider,FARMERS,Shield Esport,Shield Esport,3882,FARMERS,5133,10,2,2,3,0,0,FARMERS,AMERICAS
28003,44518,Ascent,Decider,FARMERS,Shield Esport,Shield Esport,3882,FARMERS,5133,7,5,6,6,0,0,FARMERS,AMERICAS
28005,44523,Haven,Decider,Stramme Mangos,SHUSH,SHUSH,5212,Stramme Mangos,5727,9,3,1,4,0,0,Stramme Mangos,AMERICAS
28005,44524,Ascent,Decider,SHUSH,Stramme Mangos,SHUSH,5212,Stramme Mangos,5727,3,9,4,4,0,0,Stramme Mangos,AMERICAS
28009,44535,Icebox,Decider,Average Joes,team123,team123,5760,Average Joes,3915,3,9,2,10,0,0,Average Joes,AMERICAS
28009,44536,Haven,Decider,team123,Average Joes,team123,5760,Average Joes,3915,5,7,2,8,0,0,team123,AMERICAS
28009,44537,Bind,Decider,Average Joes,team123,team123,5760,Average Joes,3915,11,1,1,2,0,0,Average Joes,AMERICAS
28011,44541,Haven,Decider,Winfinity,Psycho,Psycho,5758,Winfinity,1250,5,7,4,8,0,0,Winfinity,AMERICAS
28011,44542,Ascent,Decider,Winfinity,Psycho,Psycho,5758,Winfinity,1250,10,2,2,3,0,0,Winfinity,AMERICAS
28012,44544,Split,Decider,Stuverance Esport,Team Collusion,Team Collusion,5047,Stuverance Esport,4180,10,2,3,3,0,0,Stuverance Esport,AMERICAS
28012,44545,Bind,Decider,Team Collusion,Stuverance Esport,Team Collusion,5047,Stuverance Esport,4180,6,6,3,7,0,0,Team Collusion,AMERICAS
28012,44546,Ascent,Decider,Stuverance Esport,Team Collusion,Team Collusion,5047,Stuverance Esport,4180,9,3,3,4,0,0,Stuverance Esport,AMERICAS
28013,44547,Breeze,Decider,Anonymo Esports,Vitriolic,Anonymo Esports,5441,Vitriolic,5493,5,7,2,8,0,0,Anonymo Esports,AMERICAS
28013,44548,Icebox,Decider,Anonymo Esports,Vitriolic,Anonymo Esports,5441,Vitriolic,5493,8,4,1,5,0,0,Anonymo Esports,AMERICAS
28014,44550,Bind,Decider,Masonic,Macko Esports,Masonic,5138,Macko Esports,3895,3,9,4,2,0,0,Macko Esports,AMERICAS
28014,44551,Ascent,Decider,Macko Esports,Masonic,Masonic,5138,Macko Esports,3895,9,3,3,4,0,0,Macko Esports,AMERICAS
28016,44556,Ascent,Decider,šmucky,Noodle Arm Athletes,šmucky,5756,Noodle Arm Athletes,4668,4,8,5,0,0,0,Noodle Arm Athletes,AMERICAS
28016,44557,Bind,Decider,šmucky,Noodle Arm Athletes,šmucky,5756,Noodle Arm Athletes,4668,4,8,3,9,0,0,šmucky,AMERICAS
28016,44558,Icebox,Decider,šmucky,Noodle Arm Athletes,šmucky,5756,Noodle Arm Athletes,4668,3,9,4,1,0,0,Noodle Arm Athletes,AMERICAS
28017,44559,Haven,Decider,Team Bachara,Chicago Parsnips,Chicago Parsnips,2655,Team Bachara,5194,5,7,2,8,0,0,Team Bachara,AMERICAS
28017,44560,Ascent,Decider,Chicago Parsnips,Team Bachara,Chicago Parsnips,2655,Team Bachara,5194,12,0,2,1,0,0,Chicago Parsnips,AMERICAS
28017,44561,Breeze,Decider,Team Bachara,Chicago Parsnips,Chicago Parsnips,2655,Team Bachara,5194,7,5,6,6,0,0,Team Bachara,AMERICAS
28020,44568,Split,Decider,qz,ASCENSION,ASCENSION,5752,qz,4097,12,0,0,1,0,0,qz,AMERICAS
28020,44569,Icebox,Decider,ASCENSION,qz,ASCENSION,5752,qz,4097,0,12,1,0,0,0,qz,AMERICAS
28021,44571,Haven,Decider,ReviveMeJett,IceWolves Esports,ReviveMeJett,5496,IceWolves Esports,5198,8,4,0,5,0,0,ReviveMeJett,AMERICAS
28021,44572,Ascent,Decider,ReviveMeJett,IceWolves Esports,ReviveMeJett,5496,IceWolves Esports,5198,9,3,1,4,0,0,ReviveMeJett,AMERICAS
28022,44574,Haven,Decider,Bad Mental Esports,New Dawn Esports,New Dawn Esports,5853,Bad Mental Esports,5751,4,8,5,6,0,0,New Dawn Esports,AMERICAS
28022,44575,Bind,Decider,New Dawn Esports,Bad Mental Esports,New Dawn Esports,5853,Bad Mental Esports,5751,2,10,3,0,0,0,Bad Mental Esports,AMERICAS
28022,44576,Icebox,Decider,New Dawn Esports,Bad Mental Esports,New Dawn Esports,5853,Bad Mental Esports,5751,4,8,5,1,0,0,Bad Mental Esports,AMERICAS
28025,44583,Haven,Decider,Gaming Barracks.fi,Team Endavant,Gaming Barracks.fi,5750,Team Endavant,12782,5,7,6,1,0,0,Team Endavant,AMERICAS
28025,44584,Ascent,Decider,Gaming Barracks.fi,Team Endavant,Gaming Barracks.fi,5750,Team Endavant,12782,2,10,3,0,0,0,Team Endavant,AMERICAS
28026,44586,Ascent,Decider,Hex Esports,TEAM CZAPKA,Hex Esports,5749,TEAM CZAPKA,5215,9,3,0,4,0,0,Hex Esports,AMERICAS
28026,44587,Bind,Decider,TEAM CZAPKA,Hex Esports,Hex Esports,5749,TEAM CZAPKA,5215,4,8,5,0,0,0,Hex Esports,AMERICAS
28027,44589,Ascent,Decider,Ovation eSports,Ukulele,Ukulele,5060,Ovation eSports,4173,10,2,0,3,0,0,Ovation eSports,AMERICAS
28027,44590,Icebox,Decider,Ukulele,Ovation eSports,Ukulele,5060,Ovation eSports,4173,2,10,3,0,0,0,Ovation eSports,AMERICAS
28028,44592,Icebox,Decider,AXIBYTE ESPORTS,5 Yung Drillas,5 Yung Drillas,5389,AXIBYTE ESPORTS,5391,9,3,3,4,0,0,AXIBYTE ESPORTS,AMERICAS
28028,44593,Ascent,Decider,5 Yung Drillas,AXIBYTE ESPORTS,5 Yung Drillas,5389,AXIBYTE ESPORTS,5391,10,2,0,3,0,0,5 Yung Drillas,AMERICAS
28028,44594,Bind,Decider,AXIBYTE ESPORTS,5 Yung Drillas,5 Yung Drillas,5389,AXIBYTE ESPORTS,5391,8,4,5,5,0,0,AXIBYTE ESPORTS,AMERICAS
28029,44595,Icebox,Decider,webSPELL,CleanupCrew,CleanupCrew,5747,webSPELL,5748,8,4,2,5,0,0,webSPELL,AMERICAS
28029,44596,Ascent,Decider,webSPELL,CleanupCrew,CleanupCrew,5747,webSPELL,5748,11,1,4,2,0,0,webSPELL,AMERICAS
28033,44607,Ascent,Decider,smell33t,świeca,smell33t,2715,świeca,3072,2,10,3,5,0,0,świeca,AMERICAS
28033,44608,Bind,Decider,świeca,smell33t,smell33t,2715,świeca,3072,9,3,0,4,0,0,świeca,AMERICAS
28034,44610,Haven,Decider,HmmEscuta,1Night eSport,1Night eSport,5744,HmmEscuta,5745,2,10,3,0,0,0,1Night eSport,AMERICAS
28034,44611,Icebox,Decider,HmmEscuta,1Night eSport,1Night eSport,5744,HmmEscuta,5745,3,9,4,0,0,0,1Night eSport,AMERICAS
28035,44613,Haven,Decider,KOIFISH,LDN UTD,KOIFISH,5743,LDN UTD,6460,6,6,6,6,4,2,KOIFISH,AMERICAS
28035,44614,Ascent,Decider,KOIFISH,LDN UTD,KOIFISH,5743,LDN UTD,6460,5,7,6,2,0,0,LDN UTD,AMERICAS
28035,44615,Icebox,Decider,LDN UTD,KOIFISH,KOIFISH,5743,LDN UTD,6460,9,3,6,4,0,0,LDN UTD,AMERICAS
28036,44616,Ascent,Decider,ehehxd,Hai IQ,ehehxd,756,Hai IQ,5742,8,4,1,5,0,0,ehehxd,AMERICAS
28036,44617,Icebox,Decider,Hai IQ,ehehxd,ehehxd,756,Hai IQ,5742,0,12,1,0,0,0,ehehxd,AMERICAS
28037,44619,Ascent,Decider,iPon Esport,Mustang Gaming,iPon Esport,576,Mustang Gaming,4726,10,2,0,3,0,0,iPon Esport,AMERICAS
28037,44620,Split,Decider,,,iPon Esport,576,Mustang Gaming,4726,0,0,0,0,0,0,Draw,AMERICAS
28038,44622,Haven,Decider,Babos Gaming,WiLD MultiGaming,WiLD MultiGaming,4670,Babos Gaming,2714,0,12,1,0,0,0,WiLD MultiGaming,AMERICAS
28038,44623,Split,Decider,Babos Gaming,WiLD MultiGaming,WiLD MultiGaming,4670,Babos Gaming,2714,4,8,5,3,0,0,WiLD MultiGaming,AMERICAS
28039,44625,Icebox,Decider,Duck Gaming,Karutis,Karutis,5741,Duck Gaming,4406,5,7,0,8,0,0,Duck Gaming,AMERICAS
28039,44626,Bind,Decider,Karutis,Duck Gaming,Karutis,5741,Duck Gaming,4406,7,5,2,6,0,0,Karutis,AMERICAS
28039,44627,Split,Decider,Duck Gaming,Karutis,Karutis,5741,Duck Gaming,4406,3,9,4,0,0,0,Karutis,AMERICAS
28041,44631,Split,Decider,ownage,Rave Party,ownage,3653,Rave Party,5135,11,1,6,2,0,0,ownage,AMERICAS
28041,44632,Bind,Decider,Rave Party,ownage,ownage,3653,Rave Party,5135,0,12,1,1,0,0,ownage,AMERICAS
28042,44634,Ascent,Decider,Fratres,MDS Factory,MDS Factory,5228,Fratres,2657,8,4,2,5,0,0,Fratres,AMERICAS
28042,44635,Haven,Decider,MDS Factory,Fratres,MDS Factory,5228,Fratres,2657,3,9,4,4,0,0,Fratres,AMERICAS
28044,44640,Ascent,Decider,ENRAGE,Pepsi Warriors,Pepsi Warriors,5739,ENRAGE,5383,12,0,1,1,0,0,ENRAGE,AMERICAS
28044,44641,Split,Decider,Pepsi Warriors,ENRAGE,Pepsi Warriors,5739,ENRAGE,5383,0,12,1,0,0,0,ENRAGE,AMERICAS
28046,44646,Bind,Decider,Balkan Stars,Tiikeri,Tiikeri,5737,Balkan Stars,5218,8,4,3,5,0,0,Balkan Stars,AMERICAS
28046,44647,Ascent,Decider,Tiikeri,Balkan Stars,Tiikeri,5737,Balkan Stars,5218,5,7,6,1,0,0,Balkan Stars,AMERICAS
28047,44649,Haven,Decider,Nexus Gaming,noFEAR,Nexus Gaming,4553,noFEAR,2930,4,8,5,0,0,0,noFEAR,AMERICAS
28047,44650,Ascent,Decider,Nexus Gaming,noFEAR,Nexus Gaming,4553,noFEAR,2930,4,8,5,3,0,0,noFEAR,AMERICAS
28048,44652,Icebox,Decider,X7 Ireland,Project ABC,Project ABC,5650,X7 Ireland,4720,1,11,2,0,0,0,Project ABC,AMERICAS
28048,44653,Bind,Decider,Project ABC,X7 Ireland,Project ABC,5650,X7 Ireland,4720,3,9,4,5,0,0,X7 Ireland,AMERICAS
28048,44654,Haven,Decider,X7 Ireland,Project ABC,Project ABC,5650,X7 Ireland,4720,5,7,5,7,0,2,Project ABC,AMERICAS
28049,44655,Icebox,Decider,couchless,Vertical Seven Esports,Vertical Seven Esports,4995,couchless,3940,4,8,5,7,0,0,Vertical Seven Esports,AMERICAS
28049,44656,Breeze,Decider,Vertical Seven Esports,couchless,Vertical Seven Esports,4995,couchless,3940,5,7,6,6,0,0,couchless,AMERICAS
28049,44657,Ascent,Decider,couchless,Vertical Seven Esports,Vertical Seven Esports,4995,couchless,3940,6,6,7,3,0,0,Vertical Seven Esports,AMERICAS
28050,44658,Ascent,Decider,OLD DOGS,Stinky Boys,OLD DOGS,2886,Stinky Boys,5735,10,2,0,3,0,0,OLD DOGS,AMERICAS
28050,44659,Icebox,Decider,OLD DOGS,Stinky Boys,OLD DOGS,2886,Stinky Boys,5735,10,2,0,3,0,0,OLD DOGS,AMERICAS
28051,44661,Icebox,Decider,The rial romdom,FlyMatez,FlyMatez,3007,The rial romdom,5734,5,7,6,2,0,0,FlyMatez,AMERICAS
28051,44662,Split,Decider,FlyMatez,The rial romdom,FlyMatez,3007,The rial romdom,5734,7,5,2,6,0,0,FlyMatez,AMERICAS
28052,44664,Ascent,Decider,Cunning Stunts,unjobbed,unjobbed,4960,Cunning Stunts,4736,5,7,6,0,0,0,unjobbed,AMERICAS
28052,44665,Icebox,Decider,unjobbed,Cunning Stunts,unjobbed,4960,Cunning Stunts,4736,9,3,0,4,0,0,unjobbed,AMERICAS
28053,44667,Icebox,Decider,EXCEL,EDGE,EDGE,5733,EXCEL,3525,8,4,0,5,0,0,EXCEL,AMERICAS
28053,44668,Ascent,Decider,EDGE,EXCEL,EDGE,5733,EXCEL,3525,2,10,3,0,0,0,EXCEL,AMERICAS
28057,44679,Haven,Decider,Beagles,PATATERA SQUAD,Beagles,5648,PATATERA SQUAD,3709,8,4,0,5,0,0,Beagles,AMERICAS
28057,44680,Ascent,Decider,PATATERA SQUAD,Beagles,Beagles,5648,PATATERA SQUAD,3709,10,2,0,3,0,0,PATATERA SQUAD,AMERICAS
28057,44681,Split,Decider,Beagles,PATATERA SQUAD,Beagles,5648,PATATERA SQUAD,3709,9,3,6,4,0,0,Beagles,AMERICAS
28058,44682,Bind,Decider,Afrikans,Dame Time,Dame Time,3819,Afrikans,5732,7,5,8,1,0,0,Dame Time,AMERICAS
28058,44683,Ascent,Decider,Dame Time,Afrikans,Dame Time,3819,Afrikans,5732,6,6,1,7,0,0,Dame Time,AMERICAS
28059,44685,Split,Decider,Ghostly Sinners,AREA,Ghostly Sinners,5731,AREA,4446,1,11,2,0,0,0,AREA,AMERICAS
28059,44686,Breeze,Decider,AREA,Ghostly Sinners,Ghostly Sinners,5731,AREA,4446,8,4,0,5,0,0,AREA,AMERICAS
28060,44688,Split,Decider,FTW Esports,EXEN Esports,EXEN Esports,4642,FTW Esports,1791,8,4,4,5,0,0,FTW Esports,AMERICAS
28060,44689,Ascent,Decider,EXEN Esports,FTW Esports,EXEN Esports,4642,FTW Esports,1791,1,11,2,0,0,0,FTW Esports,AMERICAS
28061,44691,Haven,Decider,Baecon GG,Ingenuity,Ingenuity,2661,Baecon GG,3391,4,8,2,9,0,0,Baecon GG,AMERICAS
28061,44692,Ascent,Decider,Ingenuity,Baecon GG,Ingenuity,2661,Baecon GG,3391,2,10,3,0,0,0,Baecon GG,AMERICAS
28063,44697,Split,Decider,StinkyGuys,BLXST,BLXST,4393,StinkyGuys,5729,9,3,7,4,0,0,StinkyGuys,AMERICAS
28063,44698,Icebox,Decider,BLXST,StinkyGuys,BLXST,4393,StinkyGuys,5729,9,3,3,4,0,0,BLXST,AMERICAS
28063,44699,Bind,Decider,StinkyGuys,BLXST,BLXST,4393,StinkyGuys,5729,6,6,3,7,0,0,StinkyGuys,AMERICAS
28065,44703,Ascent,Decider,ORO Esports,Souldazz,Souldazz,6292,ORO Esports,5000,1,11,2,10,0,0,Souldazz,AMERICAS
28065,44704,Icebox,Decider,Souldazz,ORO Esports,Souldazz,6292,ORO Esports,5000,9,3,2,4,0,0,Souldazz,AMERICAS
28066,44706,Haven,Decider,TDI,ECM FCG eSports,TDI,5711,ECM FCG eSports,1796,8,4,0,5,0,0,TDI,AMERICAS
28066,44707,Ascent,Decider,ECM FCG eSports,TDI,TDI,5711,ECM FCG eSports,1796,8,4,4,5,0,0,ECM FCG eSports,AMERICAS
28066,44708,Split,Decider,TDI,ECM FCG eSports,TDI,5711,ECM FCG eSports,1796,9,3,3,4,0,0,TDI,AMERICAS
28068,44712,Bind,Decider,KPI Gaming,PRACC,PRACC,5709,KPI Gaming,6313,11,1,0,2,0,0,KPI Gaming,AMERICAS
28068,44713,Ascent,Decider,PRACC,KPI Gaming,PRACC,5709,KPI Gaming,6313,1,11,2,0,0,0,KPI Gaming,AMERICAS
28069,44715,Haven,Decider,Aimbot Astronauts,Delete Kayo,Delete Kayo,5707,Aimbot Astronauts,5708,7,5,6,6,0,0,Aimbot Astronauts,AMERICAS
28069,44716,Icebox,Decider,Delete Kayo,Aimbot Astronauts,Delete Kayo,5707,Aimbot Astronauts,5708,6,6,1,7,0,0,Delete Kayo,AMERICAS
28069,44717,Ascent,Decider,Aimbot Astronauts,Delete Kayo,Delete Kayo,5707,Aimbot Astronauts,5708,5,7,5,7,0,2,Delete Kayo,AMERICAS
28070,44718,Haven,Decider,Chosen Five,Elo and Muscle,Elo and Muscle,3408,Chosen Five,5706,2,10,3,2,0,0,Elo and Muscle,AMERICAS
28070,44719,Ascent,Decider,Chosen Five,Elo and Muscle,Elo and Muscle,3408,Chosen Five,5706,3,9,4,0,0,0,Elo and Muscle,AMERICAS
28075,44733,Ascent,Decider,OG,Gydom Galva,Gydom Galva,5679,OG,2965,5,7,6,4,0,0,Gydom Galva,AMERICAS
28075,44734,Bind,Decider,Gydom Galva,OG,Gydom Galva,5679,OG,2965,9,3,10,2,0,0,OG,AMERICAS
28075,44735,Icebox,Decider,OG,Gydom Galva,Gydom Galva,5679,OG,2965,5,7,2,8,0,0,OG,AMERICAS
28072,44724,Icebox,Decider,detox,Team Sampi,Team Sampi,1234,detox,5675,6,6,6,6,1,3,Team Sampi,AMERICAS
28072,44725,Split,Decider,Team Sampi,detox,Team Sampi,1234,detox,5675,9,3,5,4,0,0,Team Sampi,AMERICAS
28074,44730,Ascent,Decider,Skelp Esports,SHINY,Skelp Esports,4699,SHINY,5669,4,8,5,1,0,0,SHINY,AMERICAS
28074,44731,Icebox,Decider,Skelp Esports,SHINY,Skelp Esports,4699,SHINY,5669,2,10,3,1,0,0,SHINY,AMERICAS
28083,44757,Ascent,Decider,Fadee Gaming,Dark Tigers,Dark Tigers,3362,Fadee Gaming,5649,2,10,3,7,0,0,Dark Tigers,AMERICAS
28083,44758,Icebox,Decider,Dark Tigers,Fadee Gaming,Dark Tigers,3362,Fadee Gaming,5649,9,3,0,4,0,0,Dark Tigers,AMERICAS
28085,44763,Haven,Decider,PACT,Chakalaka,Chakalaka,1421,PACT,4007,4,8,3,9,0,0,PACT,AMERICAS
28085,44764,Bind,Decider,Chakalaka,PACT,Chakalaka,1421,PACT,4007,5,7,6,4,0,0,PACT,AMERICAS
28088,44772,Split,Decider,NEBULAA,19esports,19esports,6139,NEBULAA,3724,7,5,8,1,0,0,19esports,AMERICAS
28088,44773,Breeze,Decider,19esports,NEBULAA,19esports,6139,NEBULAA,3724,9,3,0,4,0,0,19esports,AMERICAS
28104,44820,Bind,Decider,ATRAVS,Giants Gaming,Giants Gaming,2304,ATRAVS,1875,4,8,5,1,0,0,Giants Gaming,AMERICAS
28104,44821,Ascent,Decider,Giants Gaming,ATRAVS,Giants Gaming,2304,ATRAVS,1875,8,4,1,5,0,0,Giants Gaming,AMERICAS
28087,44769,Icebox,Decider,RogerRoger,NoPoaching,RogerRoger,5699,NoPoaching,4636,3,9,4,4,0,0,NoPoaching,AMERICAS
28087,44770,Ascent,Decider,RogerRoger,NoPoaching,RogerRoger,5699,NoPoaching,4636,5,7,6,2,0,0,NoPoaching,AMERICAS
28126,44886,Ascent,Decider,EXCEL,unjobbed,unjobbed,4960,EXCEL,3525,5,7,6,6,0,0,unjobbed,AMERICAS
28126,44887,Haven,Decider,unjobbed,EXCEL,unjobbed,4960,EXCEL,3525,6,6,0,7,0,0,unjobbed,AMERICAS
28081,44751,Breeze,Decider,Rix.GG Lightning,GrandSpirit,GrandSpirit,3924,Rix.GG Lightning,4415,6,6,7,5,0,0,GrandSpirit,AMERICAS
28081,44752,Icebox,Decider,GrandSpirit,Rix.GG Lightning,GrandSpirit,3924,Rix.GG Lightning,4415,6,6,4,7,0,0,GrandSpirit,AMERICAS
28078,44742,Ascent,Decider,MTP Esport,FlashDash,FlashDash,3325,MTP Esport,4470,10,2,1,3,0,0,MTP Esport,AMERICAS
28078,44743,Icebox,Decider,FlashDash,MTP Esport,FlashDash,3325,MTP Esport,4470,5,7,6,3,0,0,MTP Esport,AMERICAS
28084,44760,Ascent,Decider,fReya,Team Heretics,Team Heretics,1001,fReya,3907,2,10,3,0,0,0,Team Heretics,AMERICAS
28084,44761,Haven,Decider,fReya,Team Heretics,Team Heretics,1001,fReya,3907,3,9,4,0,0,0,Team Heretics,AMERICAS
28092,44784,Bind,Decider,Felix and Friends,MANGO,MANGO,6998,Felix and Friends,5712,3,9,4,0,0,0,MANGO,AMERICAS
28092,44785,Ascent,Decider,MANGO,Felix and Friends,MANGO,6998,Felix and Friends,5712,10,2,2,3,0,0,MANGO,AMERICAS
28098,44802,Haven,Decider,Yendez,WLGaming Esports,WLGaming Esports,4141,Yendez,1174,6,6,2,7,0,0,Yendez,AMERICAS
28098,44803,Split,Decider,WLGaming Esports,Yendez,WLGaming Esports,4141,Yendez,1174,7,5,6,6,0,0,WLGaming Esports,AMERICAS
28098,44804,Ascent,Decider,Yendez,WLGaming Esports,WLGaming Esports,4141,Yendez,1174,9,3,1,4,0,0,Yendez,AMERICAS
28101,44811,Split,Decider,Totally Spies,Lancers,Totally Spies,5075,Lancers,5769,7,5,2,6,0,0,Totally Spies,AMERICAS
28101,44812,Icebox,Decider,Totally Spies,Lancers,Totally Spies,5075,Lancers,5769,6,6,6,6,5,3,Totally Spies,AMERICAS
28103,44817,Ascent,Decider,UBITEAM,Stramme Mangos,Stramme Mangos,5727,UBITEAM,2058,8,4,8,4,2,0,UBITEAM,AMERICAS
28103,44818,Haven,Decider,Stramme Mangos,UBITEAM,Stramme Mangos,5727,UBITEAM,2058,5,7,1,8,0,0,Stramme Mangos,AMERICAS
28103,44819,Icebox,Decider,UBITEAM,Stramme Mangos,Stramme Mangos,5727,UBITEAM,2058,5,7,6,2,0,0,Stramme Mangos,AMERICAS
28116,44856,Icebox,Decider,świeca,HEET,HEET,2408,świeca,3072,3,9,4,2,0,0,HEET,AMERICAS
28116,44857,Split,Decider,świeca,HEET,HEET,2408,świeca,3072,9,3,3,4,0,0,świeca,AMERICAS
28116,44858,Haven,Decider,świeca,HEET,HEET,2408,świeca,3072,5,7,6,6,0,0,HEET,AMERICAS
28117,44859,Haven,Decider,1Night eSport,LDN UTD,1Night eSport,5744,LDN UTD,6460,3,9,4,4,0,0,LDN UTD,AMERICAS
28117,44860,Ascent,Decider,LDN UTD,1Night eSport,1Night eSport,5744,LDN UTD,6460,11,1,0,2,0,0,LDN UTD,AMERICAS
28127,44889,Haven,Decider,Swag Silicone,John Howard,Swag Silicone,2012,John Howard,1558,8,4,5,5,0,0,Swag Silicone,AMERICAS
28127,44890,Ascent,Decider,Swag Silicone,John Howard,Swag Silicone,2012,John Howard,1558,2,10,3,5,0,0,John Howard,AMERICAS
28127,44891,Bind,Decider,John Howard,Swag Silicone,Swag Silicone,2012,John Howard,1558,4,8,5,5,0,0,Swag Silicone,AMERICAS
28128,44892,Bind,Decider,Beagles,Cream Real Betis,Cream Real Betis,1035,Beagles,5648,3,9,4,0,0,0,Cream Real Betis,AMERICAS
28128,44893,Haven,Decider,Beagles,Cream Real Betis,Cream Real Betis,1035,Beagles,5648,4,8,5,7,0,0,Cream Real Betis,AMERICAS
28134,44910,Icebox,Decider,KPI Gaming,Delete Kayo,KPI Gaming,6313,Delete Kayo,5707,10,2,0,3,0,0,KPI Gaming,AMERICAS
28134,44911,Ascent,Decider,Delete Kayo,KPI Gaming,KPI Gaming,6313,Delete Kayo,5707,4,8,5,2,0,0,KPI Gaming,AMERICAS
28073,44727,Bind,Decider,Békéscsabai E-sport Egyesület,gso,gso,5676,Békéscsabai E-sport Egyesület,3861,10,2,6,3,0,0,Békéscsabai E-sport Egyesület,AMERICAS
28073,44728,Haven,Decider,gso,Békéscsabai E-sport Egyesület,gso,5676,Békéscsabai E-sport Egyesület,3861,1,11,2,3,0,0,Békéscsabai E-sport Egyesület,AMERICAS
28076,44736,Split,Decider,SurrealpLay,Les Zinzins De Lespace,Les Zinzins De Lespace,4877,SurrealpLay,2326,7,5,8,3,0,0,Les Zinzins De Lespace,AMERICAS
28076,44737,Haven,Decider,Les Zinzins De Lespace,SurrealpLay,Les Zinzins De Lespace,4877,SurrealpLay,2326,6,6,3,7,0,0,Les Zinzins De Lespace,AMERICAS
28077,44739,Icebox,Decider,NowyTowiec,Banditz,Banditz,5684,NowyTowiec,5088,3,9,4,6,0,0,Banditz,AMERICAS
28077,44740,Ascent,Decider,NowyTowiec,Banditz,Banditz,5684,NowyTowiec,5088,6,6,0,7,0,0,NowyTowiec,AMERICAS
28077,44741,Bind,Decider,NowyTowiec,Banditz,Banditz,5684,NowyTowiec,5088,6,6,1,7,0,0,NowyTowiec,AMERICAS
28079,44745,Bind,Decider,soyboys,RISE Esports,RISE Esports,5687,soyboys,5689,6,6,5,7,0,0,soyboys,AMERICAS
28079,44746,Icebox,Decider,RISE Esports,soyboys,RISE Esports,5687,soyboys,5689,4,8,5,1,0,0,soyboys,AMERICAS
28080,44748,Haven,Decider,kapten mint,bref,bref,1175,kapten mint,5691,2,10,3,1,0,0,bref,AMERICAS
28080,44749,Split,Decider,bref,kapten mint,bref,1175,kapten mint,5691,8,4,1,5,0,0,bref,AMERICAS
28082,44754,Haven,Decider,Megastitut,Equipe,Equipe,5654,Megastitut,686,8,4,3,5,0,0,Megastitut,AMERICAS
28082,44755,Breeze,Decider,Equipe,Megastitut,Equipe,5654,Megastitut,686,1,11,2,0,0,0,Megastitut,AMERICAS
28086,44766,Ascent,Decider,NonsenseGaming,eSuba,eSuba,1474,NonsenseGaming,3871,1,11,2,0,0,0,eSuba,AMERICAS
28086,44767,Haven,Decider,eSuba,NonsenseGaming,eSuba,1474,NonsenseGaming,3871,12,0,2,1,0,0,eSuba,AMERICAS
28089,44775,Icebox,Decider,Mix Helios,Asteria Gaming,Asteria Gaming,5210,Mix Helios,5702,0,12,1,2,0,0,Asteria Gaming,AMERICAS
28089,44776,Ascent,Decider,Asteria Gaming,Mix Helios,Asteria Gaming,5210,Mix Helios,5702,6,6,1,7,0,0,Asteria Gaming,AMERICAS
28090,44778,Ascent,Decider,Bonsoir,Super Cool Komando,Super Cool Komando,5703,Bonsoir,5052,11,1,1,2,0,0,Bonsoir,AMERICAS
28090,44779,Split,Decider,Super Cool Komando,Bonsoir,Super Cool Komando,5703,Bonsoir,5052,0,12,1,0,0,0,Bonsoir,AMERICAS
28091,44781,Breeze,Decider,Esports Cyberathletes,Celestial Esports,Esports Cyberathletes,5763,Celestial Esports,2733,4,8,4,8,2,0,Esports Cyberathletes,AMERICAS
28091,44782,Haven,Decider,Esports Cyberathletes,Celestial Esports,Esports Cyberathletes,5763,Celestial Esports,2733,8,4,4,5,0,0,Esports Cyberathletes,AMERICAS
28093,44787,Bind,Decider,WoofWoof,Lasagna Beam,Lasagna Beam,3082,WoofWoof,5714,5,7,6,0,0,0,Lasagna Beam,AMERICAS
28093,44788,Icebox,Decider,WoofWoof,Lasagna Beam,Lasagna Beam,3082,WoofWoof,5714,1,11,2,9,0,0,Lasagna Beam,AMERICAS
28094,44790,Icebox,Decider,Reject$,Mixers,Mixers,5716,Reject$,4878,6,6,1,7,0,0,Reject$,AMERICAS
28094,44791,Haven,Decider,Reject$,Mixers,Mixers,5716,Reject$,4878,8,4,4,5,0,0,Reject$,AMERICAS
28095,44793,Breeze,Decider,EGN Esports,Vacuumers,Vacuumers,3862,EGN Esports,4671,8,4,9,2,0,0,Vacuumers,AMERICAS
28095,44794,Haven,Decider,Vacuumers,EGN Esports,Vacuumers,3862,EGN Esports,4671,4,8,5,1,0,0,EGN Esports,AMERICAS
28095,44795,Icebox,Decider,EGN Esports,Vacuumers,Vacuumers,3862,EGN Esports,4671,5,7,6,6,0,0,Vacuumers,AMERICAS
28096,44796,Ascent,Decider,Team Queso,Exalty,Exalty,5719,Team Queso,4538,6,6,0,7,0,0,Team Queso,AMERICAS
28096,44797,Breeze,Decider,Team Queso,Exalty,Exalty,5719,Team Queso,4538,8,4,1,5,0,0,Team Queso,AMERICAS
28097,44799,Ascent,Decider,Last Second Mix,Pomidorki W Louis,Pomidorki W Louis,5764,Last Second Mix,5721,3,9,4,0,0,0,Pomidorki W Louis,AMERICAS
28097,44800,Haven,Decider,Pomidorki W Louis,Last Second Mix,Pomidorki W Louis,5764,Last Second Mix,5721,11,1,0,2,0,0,Pomidorki W Louis,AMERICAS
28099,44805,Ascent,Decider,CGN Esports,Bifrost,Bifrost,4675,CGN Esports,5214,2,10,3,8,0,0,Bifrost,AMERICAS
28099,44806,Haven,Decider,Bifrost,CGN Esports,Bifrost,4675,CGN Esports,5214,3,9,4,0,0,0,CGN Esports,AMERICAS
28099,44807,Split,Decider,CGN Esports,Bifrost,Bifrost,4675,CGN Esports,5214,5,7,2,8,0,0,CGN Esports,AMERICAS
28100,44808,Haven,Decider,Team Plague,PSQ,PSQ,5768,Team Plague,5129,8,4,6,5,0,0,Team Plague,AMERICAS
28100,44809,Bind,Decider,PSQ,Team Plague,PSQ,5768,Team Plague,5129,8,4,6,5,0,0,PSQ,AMERICAS
28100,44810,Ascent,Decider,Team Plague,PSQ,PSQ,5768,Team Plague,5129,6,6,6,6,3,1,Team Plague,AMERICAS
28102,44814,Haven,Decider,FARMERS,m8 Esports,FARMERS,5133,m8 Esports,5725,7,5,5,6,0,0,FARMERS,AMERICAS
28102,44815,Split,Decider,FARMERS,m8 Esports,FARMERS,5133,m8 Esports,5725,7,5,3,6,0,0,FARMERS,AMERICAS
28105,44823,Haven,Decider,Circe,Average Joes,Average Joes,3915,Circe,1816,4,8,5,3,0,0,Average Joes,AMERICAS
28105,44824,Split,Decider,Average Joes,Circe,Average Joes,3915,Circe,1816,8,4,9,0,0,0,Circe,AMERICAS
28105,44825,Bind,Decider,Circe,Average Joes,Average Joes,3915,Circe,1816,4,8,5,0,0,0,Average Joes,AMERICAS
28106,44826,Bind,Decider,Stuverance Esport,Winfinity,Winfinity,1250,Stuverance Esport,4180,5,7,1,8,0,0,Stuverance Esport,AMERICAS
28106,44827,Icebox,Decider,Winfinity,Stuverance Esport,Winfinity,1250,Stuverance Esport,4180,4,8,2,9,0,0,Winfinity,AMERICAS
28106,44828,Ascent,Decider,Stuverance Esport,Winfinity,Winfinity,1250,Stuverance Esport,4180,3,9,4,6,0,0,Winfinity,AMERICAS
28107,44829,Haven,Decider,Macko Esports,Anonymo Esports,Anonymo Esports,5441,Macko Esports,3895,5,7,6,2,0,0,Anonymo Esports,AMERICAS
28107,44830,Bind,Decider,Anonymo Esports,Macko Esports,Anonymo Esports,5441,Macko Esports,3895,4,8,5,7,0,0,Macko Esports,AMERICAS
28107,44831,Icebox,Decider,Macko Esports,Anonymo Esports,Anonymo Esports,5441,Macko Esports,3895,7,5,6,6,0,0,Macko Esports,AMERICAS
28108,44832,Ascent,Decider,monkes,Noodle Arm Athletes,monkes,5074,Noodle Arm Athletes,4668,3,9,4,0,0,0,Noodle Arm Athletes,AMERICAS
28108,44833,Icebox,Decider,monkes,Noodle Arm Athletes,monkes,5074,Noodle Arm Athletes,4668,2,10,3,4,0,0,Noodle Arm Athletes,AMERICAS
28109,44835,Haven,Decider,Team Bachara,Spirit Gaming,Team Bachara,5194,Spirit Gaming,5754,4,8,4,8,0,2,Spirit Gaming,AMERICAS
28109,44836,Ascent,Decider,Team Bachara,Spirit Gaming,Team Bachara,5194,Spirit Gaming,5754,7,5,6,6,0,0,Team Bachara,AMERICAS
28109,44837,Icebox,Decider,Spirit Gaming,Team Bachara,Team Bachara,5194,Spirit Gaming,5754,2,10,3,0,0,0,Team Bachara,AMERICAS
28110,44838,Haven,Decider,qz,Rugrats,Rugrats,5245,qz,4097,5,7,6,0,0,0,Rugrats,AMERICAS
28110,44839,Split,Decider,Rugrats,qz,Rugrats,5245,qz,4097,7,5,6,6,0,0,Rugrats,AMERICAS
28111,44841,Haven,Decider,Bad Mental Esports,ReviveMeJett,ReviveMeJett,5496,Bad Mental Esports,5751,3,9,4,2,0,0,ReviveMeJett,AMERICAS
28111,44842,Ascent,Decider,ReviveMeJett,Bad Mental Esports,ReviveMeJett,5496,Bad Mental Esports,5751,10,2,4,3,0,0,ReviveMeJett,AMERICAS
28112,44844,Split,Decider,Team Endavant,IVY,IVY,3114,Team Endavant,12782,8,4,9,2,0,0,IVY,AMERICAS
28112,44845,Haven,Decider,IVY,Team Endavant,IVY,3114,Team Endavant,12782,9,3,3,4,0,0,IVY,AMERICAS
28113,44847,Ascent,Decider,Ovation eSports,Hex Esports,Hex Esports,5749,Ovation eSports,4173,7,5,2,6,0,0,Ovation eSports,AMERICAS
28113,44848,Icebox,Decider,Ovation eSports,Hex Esports,Hex Esports,5749,Ovation eSports,4173,7,5,2,6,0,0,Ovation eSports,AMERICAS
28114,44850,Icebox,Decider,webSPELL,AXIBYTE ESPORTS,AXIBYTE ESPORTS,5391,webSPELL,5748,3,9,4,3,0,0,AXIBYTE ESPORTS,AMERICAS
28114,44851,Ascent,Decider,AXIBYTE ESPORTS,webSPELL,AXIBYTE ESPORTS,5391,webSPELL,5748,4,8,5,3,0,0,webSPELL,AMERICAS
28114,44852,Bind,Decider,webSPELL,AXIBYTE ESPORTS,AXIBYTE ESPORTS,5391,webSPELL,5748,4,8,5,4,0,0,AXIBYTE ESPORTS,AMERICAS
28115,44853,Split,Decider,STAGA,TEMPO,STAGA,2340,TEMPO,2635,11,1,0,2,0,0,STAGA,AMERICAS
28115,44854,Haven,Decider,STAGA,TEMPO,STAGA,2340,TEMPO,2635,7,5,8,4,0,0,TEMPO,AMERICAS
28115,44855,Icebox,Decider,STAGA,TEMPO,STAGA,2340,TEMPO,2635,11,1,0,2,0,0,STAGA,AMERICAS
28118,44862,Split,Decider,ehehxd,iPon Esport,ehehxd,756,iPon Esport,576,7,5,8,4,0,0,iPon Esport,AMERICAS
28118,44863,Icebox,Decider,ehehxd,iPon Esport,ehehxd,756,iPon Esport,576,4,8,3,9,0,0,ehehxd,AMERICAS
28118,44864,Haven,Decider,ehehxd,iPon Esport,ehehxd,756,iPon Esport,576,4,8,5,6,0,0,iPon Esport,AMERICAS
28119,44865,Ascent,Decider,WiLD MultiGaming,Karutis,WiLD MultiGaming,4670,Karutis,5741,10,2,0,3,0,0,WiLD MultiGaming,AMERICAS
28120,44868,Ascent,Decider,Vexed Gaming,ownage,Vexed Gaming,5843,ownage,3653,9,3,9,3,4,2,Vexed Gaming,AMERICAS
28120,44869,Bind,Decider,ownage,Vexed Gaming,Vexed Gaming,5843,ownage,3653,6,6,7,5,0,0,Vexed Gaming,AMERICAS
28121,44871,Haven,Decider,Shanghai Emperors,Fratres,Fratres,2657,Shanghai Emperors,1638,6,6,1,7,0,0,Shanghai Emperors,AMERICAS
28121,44872,Icebox,Decider,Fratres,Shanghai Emperors,Fratres,2657,Shanghai Emperors,1638,8,4,5,5,0,0,Fratres,AMERICAS
28121,44873,Ascent,Decider,Shanghai Emperors,Fratres,Fratres,2657,Shanghai Emperors,1638,8,4,4,5,0,0,Shanghai Emperors,AMERICAS
28122,44874,Bind,Decider,Sprayz Gaming,ENRAGE,ENRAGE,5383,Sprayz Gaming,1533,4,8,5,6,0,0,ENRAGE,AMERICAS
28122,44875,Ascent,Decider,ENRAGE,Sprayz Gaming,ENRAGE,5383,Sprayz Gaming,1533,10,2,1,3,0,0,ENRAGE,AMERICAS
28123,44877,Ascent,Decider,Balkan Stars,noFEAR,Balkan Stars,5218,noFEAR,2930,2,10,3,1,0,0,noFEAR,AMERICAS
28123,44878,Haven,Decider,Balkan Stars,noFEAR,Balkan Stars,5218,noFEAR,2930,1,11,2,2,0,0,noFEAR,AMERICAS
28124,44880,Icebox,Decider,Vertical Seven Esports,Project ABC,Project ABC,5650,Vertical Seven Esports,4995,10,2,3,3,0,0,Vertical Seven Esports,AMERICAS
28124,44881,Split,Decider,Project ABC,Vertical Seven Esports,Project ABC,5650,Vertical Seven Esports,4995,11,1,2,2,0,0,Project ABC,AMERICAS
28124,44882,Ascent,Decider,Project ABC,Vertical Seven Esports,Project ABC,5650,Vertical Seven Esports,4995,8,4,9,1,0,0,Vertical Seven Esports,AMERICAS
28125,44883,Ascent,Decider,FlyMatez,OLD DOGS,OLD DOGS,2886,FlyMatez,3007,8,4,1,5,0,0,FlyMatez,AMERICAS
28125,44884,Icebox,Decider,OLD DOGS,FlyMatez,OLD DOGS,2886,FlyMatez,3007,8,4,3,5,0,0,OLD DOGS,AMERICAS
28125,44885,Bind,Decider,FlyMatez,OLD DOGS,OLD DOGS,2886,FlyMatez,3007,5,7,6,6,0,0,OLD DOGS,AMERICAS
28129,44895,Split,Decider,AREA,Dame Time,Dame Time,3819,AREA,4446,9,3,1,4,0,0,AREA,AMERICAS
28129,44896,Breeze,Decider,Dame Time,AREA,Dame Time,3819,AREA,4446,3,9,4,0,0,0,AREA,AMERICAS
28130,44898,Haven,Decider,FTW Esports,Baecon GG,FTW Esports,1791,Baecon GG,3391,4,8,3,9,0,0,FTW Esports,AMERICAS
28130,44899,Ascent,Decider,Baecon GG,FTW Esports,FTW Esports,1791,Baecon GG,3391,8,4,9,0,0,0,FTW Esports,AMERICAS
28131,44901,Bind,Decider,Iluro Gaming,StinkyGuys,Iluro Gaming,4135,StinkyGuys,5729,3,9,4,3,0,0,StinkyGuys,AMERICAS
28131,44902,Icebox,Decider,Iluro Gaming,StinkyGuys,Iluro Gaming,4135,StinkyGuys,5729,4,8,5,1,0,0,StinkyGuys,AMERICAS
28132,44904,Haven,Decider,Souldazz,SAW,SAW,2755,Souldazz,6292,5,7,6,1,0,0,SAW,AMERICAS
28132,44905,Ascent,Decider,SAW,Souldazz,SAW,2755,Souldazz,6292,10,2,3,3,0,0,SAW,AMERICAS
28133,44907,Ascent,Decider,driveBy,TDI,TDI,5711,driveBy,4751,8,4,3,5,0,0,driveBy,AMERICAS
28133,44908,Haven,Decider,TDI,driveBy,TDI,5711,driveBy,4751,6,6,3,7,0,0,TDI,AMERICAS
28133,44909,Split,Decider,driveBy,TDI,TDI,5711,driveBy,4751,9,3,3,4,0,0,driveBy,AMERICAS
28135,44913,Haven,Decider,UCAM Esports Club,Elo and Muscle,Elo and Muscle,3408,UCAM Esports Club,4616,8,4,6,5,0,0,UCAM Esports Club,AMERICAS
28135,44914,Bind,Decider,UCAM Esports Club,Elo and Muscle,Elo and Muscle,3408,UCAM Esports Club,4616,7,5,1,6,0,0,UCAM Esports Club,AMERICAS
28140,44928,Split,Decider,GrandSpirit,bref,bref,1175,GrandSpirit,3924,2,10,3,3,0,0,bref,AMERICAS
28140,44929,Icebox,Decider,bref,GrandSpirit,bref,1175,GrandSpirit,3924,4,8,2,9,0,0,bref,AMERICAS
28143,44937,Ascent,Decider,NoPoaching,eSuba,eSuba,1474,NoPoaching,4636,9,3,0,4,0,0,NoPoaching,AMERICAS
28143,44938,Icebox,Decider,eSuba,NoPoaching,eSuba,1474,NoPoaching,4636,8,4,8,4,3,1,eSuba,AMERICAS
28143,44939,Haven,Decider,eSuba,NoPoaching,eSuba,1474,NoPoaching,4636,1,11,2,0,0,0,NoPoaching,AMERICAS
28145,44943,Bind,Decider,Esports Cyberathletes,Bonsoir,Bonsoir,5052,Esports Cyberathletes,5763,4,8,4,8,2,4,Bonsoir,AMERICAS
28145,44944,Ascent,Decider,Bonsoir,Esports Cyberathletes,Bonsoir,5052,Esports Cyberathletes,5763,9,3,1,4,0,0,Bonsoir,AMERICAS
28146,44946,Bind,Decider,MANGO,Lasagna Beam,MANGO,6998,Lasagna Beam,3082,4,8,3,9,0,0,MANGO,AMERICAS
28146,44947,Haven,Decider,MANGO,Lasagna Beam,MANGO,6998,Lasagna Beam,3082,4,8,5,0,0,0,Lasagna Beam,AMERICAS
28146,44948,Ascent,Decider,Lasagna Beam,MANGO,MANGO,6998,Lasagna Beam,3082,4,8,5,2,0,0,MANGO,AMERICAS
28148,44952,Breeze,Decider,Pomidorki W Louis,Team Queso,Team Queso,4538,Pomidorki W Louis,5764,3,9,4,3,0,0,Team Queso,AMERICAS
28148,44953,Ascent,Decider,Team Queso,Pomidorki W Louis,Team Queso,4538,Pomidorki W Louis,5764,8,4,4,5,0,0,Team Queso,AMERICAS
28155,44973,Bind,Decider,ReviveMeJett,Rugrats,Rugrats,5245,ReviveMeJett,5496,4,8,5,5,0,0,Rugrats,AMERICAS
28155,44974,Haven,Decider,Rugrats,ReviveMeJett,Rugrats,5245,ReviveMeJett,5496,7,5,6,6,0,0,Rugrats,AMERICAS
28156,44976,Haven,Decider,IVY,Ovation eSports,IVY,3114,Ovation eSports,4173,7,5,6,6,0,0,IVY,AMERICAS
28156,44977,Breeze,Decider,IVY,Ovation eSports,IVY,3114,Ovation eSports,4173,7,5,6,6,0,0,IVY,AMERICAS
28159,44985,Split,Decider,WiLD MultiGaming,iPon Esport,iPon Esport,576,WiLD MultiGaming,4670,3,9,3,9,2,0,WiLD MultiGaming,AMERICAS
28159,44986,Haven,Decider,WiLD MultiGaming,iPon Esport,iPon Esport,576,WiLD MultiGaming,4670,5,7,6,2,0,0,iPon Esport,AMERICAS
28159,44987,Bind,Decider,iPon Esport,WiLD MultiGaming,iPon Esport,576,WiLD MultiGaming,4670,6,6,7,4,0,0,WiLD MultiGaming,AMERICAS
28163,44997,Haven,Decider,unjobbed,Swag Silicone,unjobbed,4960,Swag Silicone,2012,4,8,4,8,0,2,Swag Silicone,AMERICAS
28163,44998,Ascent,Decider,Swag Silicone,unjobbed,unjobbed,4960,Swag Silicone,2012,7,5,8,1,0,0,unjobbed,AMERICAS
28163,44999,Icebox,Decider,unjobbed,Swag Silicone,unjobbed,4960,Swag Silicone,2012,8,4,1,5,0,0,unjobbed,AMERICAS
28166,45006,Haven,Decider,driveBy,SAW,SAW,2755,driveBy,4751,7,5,1,6,0,0,driveBy,AMERICAS
28166,45007,Ascent,Decider,SAW,driveBy,SAW,2755,driveBy,4751,6,6,2,7,0,0,SAW,AMERICAS
28166,45008,Breeze,Decider,driveBy,SAW,SAW,2755,driveBy,4751,3,9,3,9,2,0,driveBy,AMERICAS
28136,44916,Haven,Decider,Békéscsabai E-sport Egyesület,Team Sampi,Team Sampi,1234,Békéscsabai E-sport Egyesület,3861,1,11,2,3,0,0,Team Sampi,AMERICAS
28136,44917,Bind,Decider,Team Sampi,Békéscsabai E-sport Egyesület,Team Sampi,1234,Békéscsabai E-sport Egyesület,3861,3,9,4,2,0,0,Békéscsabai E-sport Egyesület,AMERICAS
28136,44918,Split,Decider,Békéscsabai E-sport Egyesület,Team Sampi,Team Sampi,1234,Békéscsabai E-sport Egyesület,3861,5,7,6,2,0,0,Team Sampi,AMERICAS
28137,44919,Ascent,Decider,OG,SHINY,SHINY,5669,OG,2965,5,7,2,8,0,0,OG,AMERICAS
28137,44920,Icebox,Decider,OG,SHINY,SHINY,5669,OG,2965,8,4,0,5,0,0,OG,AMERICAS
28138,44922,Split,Decider,NowyTowiec,Les Zinzins De Lespace,Les Zinzins De Lespace,4877,NowyTowiec,5088,3,9,4,4,0,0,Les Zinzins De Lespace,AMERICAS
28138,44923,Ascent,Decider,Les Zinzins De Lespace,NowyTowiec,Les Zinzins De Lespace,4877,NowyTowiec,5088,7,5,8,1,0,0,NowyTowiec,AMERICAS
28138,44924,Haven,Decider,NowyTowiec,Les Zinzins De Lespace,Les Zinzins De Lespace,4877,NowyTowiec,5088,4,8,5,4,0,0,Les Zinzins De Lespace,AMERICAS
28139,44925,Ascent,Decider,soyboys,MTP Esport,MTP Esport,4470,soyboys,5689,6,6,7,0,0,0,MTP Esport,AMERICAS
28139,44926,Icebox,Decider,MTP Esport,soyboys,MTP Esport,4470,soyboys,5689,5,7,0,8,0,0,MTP Esport,AMERICAS
28141,44931,Ascent,Decider,Dark Tigers,Megastitut,Megastitut,686,Dark Tigers,3362,4,8,5,0,0,0,Megastitut,AMERICAS
28141,44932,Haven,Decider,Megastitut,Dark Tigers,Megastitut,686,Dark Tigers,3362,4,8,2,9,0,0,Megastitut,AMERICAS
28142,44934,Icebox,Decider,PACT,Team Heretics,Team Heretics,1001,PACT,4007,2,10,3,8,0,0,Team Heretics,AMERICAS
28142,44935,Breeze,Decider,PACT,Team Heretics,Team Heretics,1001,PACT,4007,3,9,4,2,0,0,Team Heretics,AMERICAS
28144,44941,Icebox,Decider,19esports,Asteria Gaming,19esports,6139,Asteria Gaming,5210,7,5,5,6,0,0,19esports,AMERICAS
28144,46297,Ascent,Decider,,,19esports,6139,Asteria Gaming,5210,0,0,0,0,0,0,Draw,AMERICAS
28147,44949,Split,Decider,Vacuumers,Reject$,Reject$,4878,Vacuumers,3862,3,9,4,1,0,0,Reject$,AMERICAS
28147,44950,Icebox,Decider,Reject$,Vacuumers,Reject$,4878,Vacuumers,3862,7,5,1,6,0,0,Reject$,AMERICAS
28149,44955,Ascent,Decider,CGN Esports,Yendez,Yendez,1174,CGN Esports,5214,4,8,5,0,0,0,Yendez,AMERICAS
28149,44956,Haven,Decider,Yendez,CGN Esports,Yendez,1174,CGN Esports,5214,3,9,3,9,2,0,Yendez,AMERICAS
28150,44958,Split,Decider,Team Plague,Totally Spies,Team Plague,5129,Totally Spies,5075,10,2,4,3,0,0,Team Plague,AMERICAS
28150,44959,Ascent,Decider,Totally Spies,Team Plague,Team Plague,5129,Totally Spies,5075,4,8,5,0,0,0,Team Plague,AMERICAS
28151,44961,Haven,Decider,Stramme Mangos,FARMERS,FARMERS,5133,Stramme Mangos,5727,2,10,3,7,0,0,FARMERS,AMERICAS
28151,44962,Ascent,Decider,FARMERS,Stramme Mangos,FARMERS,5133,Stramme Mangos,5727,10,2,2,3,0,0,FARMERS,AMERICAS
28152,44964,Bind,Decider,Giants Gaming,Average Joes,Giants Gaming,2304,Average Joes,3915,10,2,4,3,0,0,Giants Gaming,AMERICAS
28152,44965,Split,Decider,Average Joes,Giants Gaming,Giants Gaming,2304,Average Joes,3915,2,10,3,0,0,0,Giants Gaming,AMERICAS
28153,44967,Haven,Decider,Macko Esports,Winfinity,Winfinity,1250,Macko Esports,3895,11,1,0,2,0,0,Macko Esports,AMERICAS
28153,44968,Icebox,Decider,Macko Esports,Winfinity,Winfinity,1250,Macko Esports,3895,4,8,5,3,0,0,Winfinity,AMERICAS
28153,44969,Ascent,Decider,Macko Esports,Winfinity,Winfinity,1250,Macko Esports,3895,4,8,5,3,0,0,Winfinity,AMERICAS
28154,44970,Ascent,Decider,Team Bachara,Noodle Arm Athletes,Noodle Arm Athletes,4668,Team Bachara,5194,4,8,5,6,0,0,Noodle Arm Athletes,AMERICAS
28154,44971,Breeze,Decider,Team Bachara,Noodle Arm Athletes,Noodle Arm Athletes,4668,Team Bachara,5194,4,8,5,2,0,0,Noodle Arm Athletes,AMERICAS
28157,44979,Breeze,Decider,AXIBYTE ESPORTS,STAGA,AXIBYTE ESPORTS,5391,STAGA,2340,9,3,6,4,0,0,AXIBYTE ESPORTS,AMERICAS
28157,44980,Icebox,Decider,STAGA,AXIBYTE ESPORTS,AXIBYTE ESPORTS,5391,STAGA,2340,4,8,5,3,0,0,AXIBYTE ESPORTS,AMERICAS
28158,44982,Breeze,Decider,LDN UTD,HEET,HEET,2408,LDN UTD,6460,5,7,6,0,0,0,HEET,AMERICAS
28158,44983,Bind,Decider,LDN UTD,HEET,HEET,2408,LDN UTD,6460,2,10,3,0,0,0,HEET,AMERICAS
28160,44988,Breeze,Decider,Shanghai Emperors,Vexed Gaming,Vexed Gaming,5843,Shanghai Emperors,1638,3,9,4,1,0,0,Vexed Gaming,AMERICAS
28160,44989,Ascent,Decider,Vexed Gaming,Shanghai Emperors,Vexed Gaming,5843,Shanghai Emperors,1638,7,5,8,1,0,0,Shanghai Emperors,AMERICAS
28160,44990,Icebox,Decider,Shanghai Emperors,Vexed Gaming,Vexed Gaming,5843,Shanghai Emperors,1638,2,10,3,1,0,0,Vexed Gaming,AMERICAS
28161,44991,Split,Decider,noFEAR,ENRAGE,ENRAGE,5383,noFEAR,2930,8,4,9,3,0,0,ENRAGE,AMERICAS
28161,44992,Haven,Decider,ENRAGE,noFEAR,ENRAGE,5383,noFEAR,2930,1,11,2,0,0,0,noFEAR,AMERICAS
28161,44993,Ascent,Decider,ENRAGE,noFEAR,ENRAGE,5383,noFEAR,2930,4,8,3,9,0,0,ENRAGE,AMERICAS
28162,44994,Icebox,Decider,OLD DOGS,Vertical Seven Esports,Vertical Seven Esports,4995,OLD DOGS,2886,3,9,4,4,0,0,Vertical Seven Esports,AMERICAS
28162,44995,Bind,Decider,Vertical Seven Esports,OLD DOGS,Vertical Seven Esports,4995,OLD DOGS,2886,5,7,6,5,0,0,OLD DOGS,AMERICAS
28162,44996,Ascent,Decider,OLD DOGS,Vertical Seven Esports,Vertical Seven Esports,4995,OLD DOGS,2886,8,4,7,5,0,0,OLD DOGS,AMERICAS
28164,45000,Icebox,Decider,Cream Real Betis,AREA,Cream Real Betis,1035,AREA,4446,7,5,2,6,0,0,Cream Real Betis,AMERICAS
28164,45001,Split,Decider,Cream Real Betis,AREA,Cream Real Betis,1035,AREA,4446,4,8,2,9,0,0,Cream Real Betis,AMERICAS
28167,45009,Bind,Decider,KPI Gaming,UCAM Esports Club,KPI Gaming,6313,UCAM Esports Club,4616,9,3,5,4,0,0,KPI Gaming,AMERICAS
28167,45010,Ascent,Decider,UCAM Esports Club,KPI Gaming,KPI Gaming,6313,UCAM Esports Club,4616,6,6,4,7,0,0,UCAM Esports Club,AMERICAS
28167,45011,Icebox,Decider,KPI Gaming,UCAM Esports Club,KPI Gaming,6313,UCAM Esports Club,4616,3,9,4,6,0,0,UCAM Esports Club,AMERICAS
28170,45018,Haven,Decider,Megastitut,bref,bref,1175,Megastitut,686,6,6,7,1,0,0,bref,AMERICAS
28170,45019,Ascent,Decider,bref,Megastitut,bref,1175,Megastitut,686,9,3,7,4,0,0,bref,AMERICAS
28172,45024,Split,Decider,Bonsoir,19esports,19esports,6139,Bonsoir,5052,4,8,5,0,0,0,19esports,AMERICAS
28172,45025,Haven,Decider,19esports,Bonsoir,19esports,6139,Bonsoir,5052,6,6,6,6,2,0,19esports,AMERICAS
28178,45042,Ascent,Decider,AXIBYTE ESPORTS,IVY,IVY,3114,AXIBYTE ESPORTS,5391,5,7,6,4,0,0,IVY,AMERICAS
28178,45043,Bind,Decider,IVY,AXIBYTE ESPORTS,IVY,3114,AXIBYTE ESPORTS,5391,10,2,4,3,0,0,IVY,AMERICAS
28182,45054,Bind,Decider,FTW Esports,Cream Real Betis,Cream Real Betis,1035,FTW Esports,1791,1,11,2,0,0,0,Cream Real Betis,AMERICAS
28182,45055,Ascent,Decider,Cream Real Betis,FTW Esports,Cream Real Betis,1035,FTW Esports,1791,5,7,6,5,0,0,FTW Esports,AMERICAS
28182,45056,Haven,Decider,FTW Esports,Cream Real Betis,Cream Real Betis,1035,FTW Esports,1791,3,9,4,5,0,0,Cream Real Betis,AMERICAS
28171,45021,Haven,Decider,Team Heretics,NoPoaching,Team Heretics,1001,NoPoaching,4636,5,7,5,7,0,2,NoPoaching,AMERICAS
28171,45022,Ascent,Decider,NoPoaching,Team Heretics,Team Heretics,1001,NoPoaching,4636,6,6,7,5,0,0,Team Heretics,AMERICAS
28171,45023,Breeze,Decider,NoPoaching,Team Heretics,Team Heretics,1001,NoPoaching,4636,4,8,5,1,0,0,Team Heretics,AMERICAS
28173,45027,Ascent,Decider,Reject$,MANGO,MANGO,6998,Reject$,4878,9,3,3,4,0,0,Reject$,AMERICAS
28173,45028,Haven,Decider,Reject$,MANGO,MANGO,6998,Reject$,4878,8,4,4,5,0,0,Reject$,AMERICAS
28174,45030,Breeze,Decider,Yendez,Team Queso,Team Queso,4538,Yendez,1174,6,6,4,7,0,0,Yendez,AMERICAS
28174,45031,Icebox,Decider,Team Queso,Yendez,Team Queso,4538,Yendez,1174,8,4,8,4,4,2,Team Queso,AMERICAS
28174,45032,Split,Decider,Yendez,Team Queso,Team Queso,4538,Yendez,1174,7,5,7,5,1,3,Team Queso,AMERICAS
28177,45039,Ascent,Decider,Rugrats,Noodle Arm Athletes,Noodle Arm Athletes,4668,Rugrats,5245,10,2,8,3,0,0,Rugrats,AMERICAS
28177,45040,Bind,Decider,Rugrats,Noodle Arm Athletes,Noodle Arm Athletes,4668,Rugrats,5245,5,7,4,8,0,0,Rugrats,AMERICAS
28181,45051,Bind,Decider,unjobbed,OLD DOGS,OLD DOGS,2886,unjobbed,4960,8,4,0,5,0,0,unjobbed,AMERICAS
28181,45052,Ascent,Decider,OLD DOGS,unjobbed,OLD DOGS,2886,unjobbed,4960,4,8,5,0,0,0,unjobbed,AMERICAS
28183,45057,Haven,Decider,UCAM Esports Club,driveBy,driveBy,4751,UCAM Esports Club,4616,9,3,4,4,0,0,UCAM Esports Club,AMERICAS
28183,45058,Bind,Decider,driveBy,UCAM Esports Club,driveBy,4751,UCAM Esports Club,4616,4,8,5,4,0,0,UCAM Esports Club,AMERICAS
28168,45012,Icebox,Decider,OG,Team Sampi,Team Sampi,1234,OG,2965,7,5,6,6,0,0,OG,AMERICAS
28168,45013,Bind,Decider,Team Sampi,OG,Team Sampi,1234,OG,2965,2,10,3,0,0,0,OG,AMERICAS
28175,45033,Haven,Decider,Team Plague,FARMERS,Team Plague,5129,FARMERS,5133,4,8,5,5,0,0,FARMERS,AMERICAS
28175,45034,Bind,Decider,FARMERS,Team Plague,Team Plague,5129,FARMERS,5133,6,6,6,6,5,3,FARMERS,AMERICAS
28180,45048,Split,Decider,Vexed Gaming,ENRAGE,Vexed Gaming,5843,ENRAGE,5383,10,2,8,3,0,0,Vexed Gaming,AMERICAS
28180,45049,Breeze,Decider,ENRAGE,Vexed Gaming,Vexed Gaming,5843,ENRAGE,5383,6,6,7,4,0,0,Vexed Gaming,AMERICAS
28176,45036,Icebox,Decider,Giants Gaming,Winfinity,Giants Gaming,2304,Winfinity,1250,10,2,3,3,0,0,Giants Gaming,AMERICAS
28176,45037,Split,Decider,Winfinity,Giants Gaming,Giants Gaming,2304,Winfinity,1250,2,10,3,6,0,0,Giants Gaming,AMERICAS
28179,45045,Breeze,Decider,HEET,WiLD MultiGaming,HEET,2408,WiLD MultiGaming,4670,9,3,2,4,0,0,HEET,AMERICAS
28179,45046,Ascent,Decider,WiLD MultiGaming,HEET,HEET,2408,WiLD MultiGaming,4670,5,7,5,7,4,2,WiLD MultiGaming,AMERICAS
28179,45047,Bind,Decider,HEET,WiLD MultiGaming,HEET,2408,WiLD MultiGaming,4670,5,7,6,0,0,0,WiLD MultiGaming,AMERICAS
28169,45015,Split,Decider,MTP Esport,Les Zinzins De Lespace,Les Zinzins De Lespace,4877,MTP Esport,4470,9,3,6,4,0,0,MTP Esport,AMERICAS
28169,45016,Icebox,Decider,MTP Esport,Les Zinzins De Lespace,Les Zinzins De Lespace,4877,MTP Esport,4470,5,7,3,8,0,0,MTP Esport,AMERICAS
28186,45066,Split,Decider,Reject$,19esports,19esports,6139,Reject$,4878,10,2,5,3,0,0,Reject$,AMERICAS
28186,45067,Haven,Decider,19esports,Reject$,19esports,6139,Reject$,4878,5,7,3,8,0,0,19esports,AMERICAS
28186,45068,Ascent,Decider,Reject$,19esports,19esports,6139,Reject$,4878,4,8,5,7,0,0,19esports,AMERICAS
28188,45072,Bind,Decider,Giants Gaming,Rugrats,Giants Gaming,2304,Rugrats,5245,10,2,3,3,0,0,Giants Gaming,AMERICAS
28188,45073,Split,Decider,Rugrats,Giants Gaming,Giants Gaming,2304,Rugrats,5245,7,5,8,2,0,0,Giants Gaming,AMERICAS
28190,45078,Bind,Decider,Vexed Gaming,unjobbed,Vexed Gaming,5843,unjobbed,4960,5,7,1,8,0,0,Vexed Gaming,AMERICAS
28190,45079,Icebox,Decider,unjobbed,Vexed Gaming,Vexed Gaming,5843,unjobbed,4960,2,10,3,0,0,0,Vexed Gaming,AMERICAS
28184,45060,Icebox,Decider,MTP Esport,OG,OG,2965,MTP Esport,4470,4,8,5,2,0,0,OG,AMERICAS
28184,45061,Split,Decider,OG,MTP Esport,OG,2965,MTP Esport,4470,7,5,7,5,0,2,MTP Esport,AMERICAS
28184,45062,Breeze,Decider,OG,MTP Esport,OG,2965,MTP Esport,4470,7,5,8,0,0,0,MTP Esport,AMERICAS
28185,45063,Haven,Decider,bref,Team Heretics,bref,1175,Team Heretics,1001,6,6,7,5,0,0,Team Heretics,AMERICAS
28185,45064,Icebox,Decider,bref,Team Heretics,bref,1175,Team Heretics,1001,6,6,6,6,2,0,bref,AMERICAS
28185,45065,Bind,Decider,bref,Team Heretics,bref,1175,Team Heretics,1001,6,6,7,4,0,0,Team Heretics,AMERICAS
28187,45069,Icebox,Decider,FARMERS,Team Queso,Team Queso,4538,FARMERS,5133,2,10,3,0,0,0,Team Queso,AMERICAS
28187,45070,Ascent,Decider,Team Queso,FARMERS,Team Queso,4538,FARMERS,5133,11,1,0,2,0,0,Team Queso,AMERICAS
28189,45075,Bind,Decider,WiLD MultiGaming,IVY,IVY,3114,WiLD MultiGaming,4670,6,6,2,7,0,0,WiLD MultiGaming,AMERICAS
28189,45076,Ascent,Decider,IVY,WiLD MultiGaming,IVY,3114,WiLD MultiGaming,4670,6,6,7,4,0,0,WiLD MultiGaming,AMERICAS
28191,45081,Bind,Decider,Cream Real Betis,UCAM Esports Club,Cream Real Betis,1035,UCAM Esports Club,4616,9,3,8,4,0,0,Cream Real Betis,AMERICAS
28191,45082,Ascent,Decider,Cream Real Betis,UCAM Esports Club,Cream Real Betis,1035,UCAM Esports Club,4616,6,6,4,7,0,0,Cream Real Betis,AMERICAS
28195,45093,Bind,Decider,Team Queso,Wave Esports,Wave Esports,324,Team Queso,4538,5,7,2,8,0,0,Team Queso,AMERICAS
28195,45094,Icebox,Decider,Team Queso,Wave Esports,Wave Esports,324,Team Queso,4538,6,6,6,6,2,4,Wave Esports,AMERICAS
28195,45095,Breeze,Decider,Team Queso,Wave Esports,Wave Esports,324,Team Queso,4538,6,6,6,6,3,1,Team Queso,AMERICAS
28199,45105,Icebox,Decider,Alliance,Cream Real Betis,Alliance,2533,Cream Real Betis,1035,6,6,2,7,0,0,Alliance,AMERICAS
28199,45106,Bind,Decider,Alliance,Cream Real Betis,Alliance,2533,Cream Real Betis,1035,8,4,3,5,0,0,Alliance,AMERICAS
28198,45102,Bind,Decider,Vexed Gaming,BK ROG Esports,BK ROG Esports,4471,Vexed Gaming,5843,10,2,2,3,0,0,Vexed Gaming,AMERICAS
28198,45103,Icebox,Decider,BK ROG Esports,Vexed Gaming,BK ROG Esports,4471,Vexed Gaming,5843,3,9,4,3,0,0,Vexed Gaming,AMERICAS
28197,45099,Split,Decider,WiLD MultiGaming,Team Vitality,Team Vitality,2059,WiLD MultiGaming,4670,5,7,6,1,0,0,Team Vitality,AMERICAS
28197,45100,Bind,Decider,WiLD MultiGaming,Team Vitality,Team Vitality,2059,WiLD MultiGaming,4670,8,4,3,5,0,0,WiLD MultiGaming,AMERICAS
28197,45101,Breeze,Decider,Team Vitality,WiLD MultiGaming,Team Vitality,2059,WiLD MultiGaming,4670,8,4,6,5,0,0,Team Vitality,AMERICAS
28196,45096,Ascent,Decider,Giants Gaming,BIG,BIG,472,Giants Gaming,2304,8,4,3,5,0,0,Giants Gaming,AMERICAS
28196,45097,Bind,Decider,BIG,Giants Gaming,BIG,472,Giants Gaming,2304,1,11,2,2,0,0,Giants Gaming,AMERICAS
28192,45084,Haven,Decider,MTP Esport,Finest,Finest,673,MTP Esport,4470,3,9,4,0,0,0,Finest,AMERICAS
28192,45085,Ascent,Decider,Finest,MTP Esport,Finest,673,MTP Esport,4470,12,0,2,1,0,0,Finest,AMERICAS
28194,45090,Icebox,Decider,19esports,TENSTAR,TENSTAR,4663,19esports,6139,9,3,9,3,0,2,TENSTAR,AMERICAS
28194,45091,Breeze,Decider,TENSTAR,19esports,TENSTAR,4663,19esports,6139,8,4,9,3,0,0,19esports,AMERICAS
28194,45092,Split,Decider,19esports,TENSTAR,TENSTAR,4663,19esports,6139,4,8,5,1,0,0,TENSTAR,AMERICAS
28193,45087,Ascent,Ninjas in Pyjamas,Ninjas in Pyjamas,Team Heretics,Ninjas in Pyjamas,3,Team Heretics,1001,3,9,4,2,0,0,Team Heretics,AMERICAS
28193,45088,Breeze,Team Heretics,Ninjas in Pyjamas,Team Heretics,Ninjas in Pyjamas,3,Team Heretics,1001,5,7,5,7,2,0,Ninjas in Pyjamas,AMERICAS
28193,45089,Haven,Ninjas in Pyjamas,Ninjas in Pyjamas,Team Heretics,Ninjas in Pyjamas,3,Team Heretics,1001,5,7,6,6,0,0,Team Heretics,AMERICAS
28200,45108,Breeze,Decider,Finest,Team Heretics,Finest,673,Team Heretics,1001,7,5,7,5,4,6,Team Heretics,AMERICAS
28200,45109,Icebox,Decider,Finest,Team Heretics,Finest,673,Team Heretics,1001,7,5,6,6,0,0,Finest,AMERICAS
28200,45110,Haven,Decider,Finest,Team Heretics,Finest,673,Team Heretics,1001,5,7,6,5,0,0,Team Heretics,AMERICAS
28201,45111,Split,Decider,Team Queso,TENSTAR,TENSTAR,4663,Team Queso,4538,2,10,3,0,0,0,TENSTAR,AMERICAS
28201,45112,Breeze,Decider,TENSTAR,Team Queso,TENSTAR,4663,Team Queso,4538,7,5,8,2,0,0,Team Queso,AMERICAS
28201,45113,Icebox,Decider,Team Queso,TENSTAR,TENSTAR,4663,Team Queso,4538,3,9,4,0,0,0,TENSTAR,AMERICAS
28202,45114,Split,Decider,Giants Gaming,Team Vitality,Giants Gaming,2304,Team Vitality,2059,9,3,0,4,0,0,Giants Gaming,AMERICAS
28202,45115,Ascent,Decider,Giants Gaming,Team Vitality,Giants Gaming,2304,Team Vitality,2059,8,4,8,4,5,3,Giants Gaming,AMERICAS
28203,45117,Icebox,Decider,Vexed Gaming,Alliance,Vexed Gaming,5843,Alliance,2533,4,8,5,5,0,0,Alliance,AMERICAS
28203,45118,Bind,Decider,Alliance,Vexed Gaming,Vexed Gaming,5843,Alliance,2533,9,3,1,4,0,0,Alliance,AMERICAS
28206,45126,Split,Decider,Ninjas in Pyjamas,MTP Esport,MTP Esport,4470,Ninjas in Pyjamas,3,4,8,5,1,0,0,MTP Esport,AMERICAS
28206,45127,Breeze,Decider,MTP Esport,Ninjas in Pyjamas,MTP Esport,4470,Ninjas in Pyjamas,3,2,10,3,3,0,0,Ninjas in Pyjamas,AMERICAS
28206,45128,Ascent,Decider,Ninjas in Pyjamas,MTP Esport,MTP Esport,4470,Ninjas in Pyjamas,3,7,5,2,6,0,0,Ninjas in Pyjamas,AMERICAS
28207,45129,Icebox,Decider,19esports,Wave Esports,19esports,6139,Wave Esports,324,7,5,6,6,0,0,19esports,AMERICAS
28207,45130,Haven,Decider,19esports,Wave Esports,19esports,6139,Wave Esports,324,3,9,4,7,0,0,Wave Esports,AMERICAS
28207,45131,Breeze,Decider,Wave Esports,19esports,19esports,6139,Wave Esports,324,5,7,0,8,0,0,Wave Esports,AMERICAS
28208,45132,Ascent,Decider,WiLD MultiGaming,BIG,BIG,472,WiLD MultiGaming,4670,5,7,5,7,2,0,WiLD MultiGaming,AMERICAS
28208,45133,Bind,Decider,BIG,WiLD MultiGaming,BIG,472,WiLD MultiGaming,4670,10,2,4,3,0,0,BIG,AMERICAS
28208,45134,Split,Decider,WiLD MultiGaming,BIG,BIG,472,WiLD MultiGaming,4670,8,4,9,2,0,0,BIG,AMERICAS
28209,45135,Haven,Decider,BK ROG Esports,Cream Real Betis,BK ROG Esports,4471,Cream Real Betis,1035,3,9,2,10,0,0,BK ROG Esports,AMERICAS
28209,45136,Split,Decider,BK ROG Esports,Cream Real Betis,BK ROG Esports,4471,Cream Real Betis,1035,6,6,7,1,0,0,Cream Real Betis,AMERICAS
28209,45137,Bind,Decider,BK ROG Esports,Cream Real Betis,BK ROG Esports,4471,Cream Real Betis,1035,2,10,3,2,0,0,Cream Real Betis,AMERICAS
28205,45123,Icebox,Alliance,Giants Gaming,Alliance,Giants Gaming,2304,Alliance,2533,7,5,7,5,4,2,Giants Gaming,AMERICAS
28205,45124,Bind,Giants Gaming,Alliance,Giants Gaming,Giants Gaming,2304,Alliance,2533,7,5,8,4,0,0,Giants Gaming,AMERICAS
28210,45138,Icebox,Decider,Ninjas in Pyjamas,Vexed Gaming,Vexed Gaming,5843,Ninjas in Pyjamas,3,8,4,5,5,0,0,Ninjas in Pyjamas,AMERICAS
28210,45139,Breeze,Decider,Vexed Gaming,Ninjas in Pyjamas,Vexed Gaming,5843,Ninjas in Pyjamas,3,1,11,2,4,0,0,Ninjas in Pyjamas,AMERICAS
28212,45144,Bind,Decider,BIG,Team Queso,Team Queso,4538,BIG,472,5,7,2,8,0,0,BIG,AMERICAS
28212,45145,Ascent,Decider,Team Queso,BIG,Team Queso,4538,BIG,472,7,5,8,4,0,0,BIG,AMERICAS
28211,45141,Icebox,Decider,Wave Esports,Team Vitality,Team Vitality,2059,Wave Esports,324,1,11,2,0,0,0,Team Vitality,AMERICAS
28211,45142,Split,Decider,Team Vitality,Wave Esports,Team Vitality,2059,Wave Esports,324,7,5,0,6,0,0,Team Vitality,AMERICAS
28213,45147,Ascent,Decider,Cream Real Betis,Finest,Finest,673,Cream Real Betis,1035,7,5,7,5,3,5,Finest,AMERICAS
28213,45148,Bind,Decider,Finest,Cream Real Betis,Finest,673,Cream Real Betis,1035,9,3,0,4,0,0,Finest,AMERICAS
28204,45120,Icebox,Decider,TENSTAR,Team Heretics,Team Heretics,1001,TENSTAR,4663,4,8,2,9,0,0,TENSTAR,AMERICAS
28204,45121,Breeze,Decider,TENSTAR,Team Heretics,Team Heretics,1001,TENSTAR,4663,11,1,2,2,0,0,TENSTAR,AMERICAS
28214,45150,Breeze,Ninjas in Pyjamas,Team Vitality,Ninjas in Pyjamas,Ninjas in Pyjamas,3,Team Vitality,2059,4,8,4,8,3,5,Ninjas in Pyjamas,AMERICAS
28214,45151,Split,Team Vitality,Ninjas in Pyjamas,Team Vitality,Ninjas in Pyjamas,3,Team Vitality,2059,5,7,6,6,0,0,Team Vitality,AMERICAS
28214,45152,Ascent,Decider,Team Vitality,Ninjas in Pyjamas,Ninjas in Pyjamas,3,Team Vitality,2059,5,7,3,8,0,0,Team Vitality,AMERICAS
28215,45153,Bind,Decider,Finest,BIG,BIG,472,Finest,673,6,6,7,3,0,0,BIG,AMERICAS
28215,45154,Icebox,Decider,Finest,BIG,BIG,472,Finest,673,5,7,2,8,0,0,Finest,AMERICAS
28215,45155,Ascent,Decider,Finest,BIG,BIG,472,Finest,673,1,11,2,1,0,0,BIG,AMERICAS
28217,45159,Icebox,Decider,BIG,Alliance,Alliance,2533,BIG,472,2,10,3,7,0,0,Alliance,AMERICAS
28217,45160,Ascent,Decider,Alliance,BIG,Alliance,2533,BIG,472,9,3,6,4,0,0,Alliance,AMERICAS
28216,45156,Breeze,Team Heretics,Team Heretics,Team Vitality,Team Heretics,1001,Team Vitality,2059,2,10,3,0,0,0,Team Vitality,AMERICAS
28216,45157,Icebox,Team Vitality,Team Vitality,Team Heretics,Team Heretics,1001,Team Vitality,2059,8,4,5,5,0,0,Team Vitality,AMERICAS
28906,46395,Breeze,Decider,Team BDS,TENSTAR,Team BDS,3908,TENSTAR,4663,1,11,2,2,0,0,TENSTAR,AMERICAS
28906,46396,Haven,Decider,TENSTAR,Team BDS,Team BDS,3908,TENSTAR,4663,3,9,4,6,0,0,Team BDS,AMERICAS
28906,46397,Icebox,Decider,TENSTAR,Team BDS,Team BDS,3908,TENSTAR,4663,4,8,2,9,0,0,TENSTAR,AMERICAS
28907,46398,Bind,Team Liquid,Team Liquid,Team Vitality,Team Liquid,474,Team Vitality,2059,6,6,7,5,0,0,Team Vitality,AMERICAS
28907,46399,Split,Team Vitality,Team Liquid,Team Vitality,Team Liquid,474,Team Vitality,2059,10,2,1,3,0,0,Team Liquid,AMERICAS
28907,46400,Breeze,Decider,Team Vitality,Team Liquid,Team Liquid,474,Team Vitality,2059,4,8,5,5,0,0,Team Liquid,AMERICAS
28908,46401,Split,Decider,Giants Gaming,Rix.GG Thunder,Rix.GG Thunder,2373,Giants Gaming,2304,6,6,1,7,0,0,Giants Gaming,AMERICAS
28908,46402,Bind,Decider,Rix.GG Thunder,Giants Gaming,Rix.GG Thunder,2373,Giants Gaming,2304,5,7,6,4,0,0,Giants Gaming,AMERICAS
28909,46404,Haven,FNATIC,Alliance,FNATIC,FNATIC,2593,Alliance,2533,7,5,7,5,0,2,FNATIC,AMERICAS
28909,46405,Icebox,Alliance,Alliance,FNATIC,FNATIC,2593,Alliance,2533,6,6,7,1,0,0,FNATIC,AMERICAS
28914,46421,Bind,Team BDS,Team BDS,Team Vitality,Team BDS,3908,Team Vitality,2059,8,4,5,5,0,0,Team BDS,AMERICAS
28914,46422,Icebox,Team Vitality,Team BDS,Team Vitality,Team BDS,3908,Team Vitality,2059,8,4,2,5,0,0,Team BDS,AMERICAS
28915,46424,Haven,Decider,Alliance,Rix.GG Thunder,Rix.GG Thunder,2373,Alliance,2533,6,6,7,5,0,0,Rix.GG Thunder,AMERICAS
28915,46425,Breeze,Decider,Rix.GG Thunder,Alliance,Rix.GG Thunder,2373,Alliance,2533,7,5,6,6,0,0,Rix.GG Thunder,AMERICAS
28910,46407,Haven,Team Liquid,TENSTAR,Team Liquid,TENSTAR,4663,Team Liquid,474,7,5,8,3,0,0,Team Liquid,AMERICAS
28910,46408,Breeze,Decider,Team Liquid,TENSTAR,TENSTAR,4663,Team Liquid,474,4,8,4,8,2,0,Team Liquid,AMERICAS
28911,46410,Icebox,FNATIC,Giants Gaming,FNATIC,Giants Gaming,2304,FNATIC,2593,3,9,4,1,0,0,FNATIC,AMERICAS
28911,46411,Bind,Giants Gaming,FNATIC,Giants Gaming,Giants Gaming,2304,FNATIC,2593,4,8,5,3,0,0,Giants Gaming,AMERICAS
28911,46412,Ascent,Decider,Giants Gaming,FNATIC,Giants Gaming,2304,FNATIC,2593,6,6,6,6,6,4,Giants Gaming,AMERICAS
28917,46430,Breeze,Decider,Rix.GG Thunder,TENSTAR,TENSTAR,4663,Rix.GG Thunder,2373,5,7,6,3,0,0,TENSTAR,AMERICAS
28917,46431,Split,Decider,TENSTAR,Rix.GG Thunder,TENSTAR,4663,Rix.GG Thunder,2373,5,7,2,8,0,0,TENSTAR,AMERICAS
28916,46427,Haven,Decider,Team BDS,FNATIC,FNATIC,2593,Team BDS,3908,7,5,7,5,0,2,FNATIC,AMERICAS
28916,46428,Bind,Team BDS,Team BDS,FNATIC,FNATIC,2593,Team BDS,3908,6,6,7,5,0,0,FNATIC,AMERICAS
28916,46429,Icebox,FNATIC,Team BDS,FNATIC,FNATIC,2593,Team BDS,3908,10,2,5,3,0,0,Team BDS,AMERICAS
28912,46413,Bind,Giants Gaming,Team Liquid,Giants Gaming,Team Liquid,474,Giants Gaming,2304,2,10,3,2,0,0,Giants Gaming,AMERICAS
28912,46414,Split,Team Liquid,Giants Gaming,Team Liquid,Team Liquid,474,Giants Gaming,2304,10,2,3,3,0,0,Giants Gaming,AMERICAS
28918,46433,Icebox,FNATIC,TENSTAR,FNATIC,FNATIC,2593,TENSTAR,4663,1,11,2,2,0,0,FNATIC,AMERICAS
28918,46434,Breeze,TENSTAR,TENSTAR,FNATIC,FNATIC,2593,TENSTAR,4663,7,5,8,2,0,0,FNATIC,AMERICAS
28919,46438,Haven,FNATIC,Team Liquid,FNATIC,Team Liquid,474,FNATIC,2593,7,5,7,5,3,1,Team Liquid,AMERICAS
28919,46439,Ascent,Team Liquid,Team Liquid,FNATIC,Team Liquid,474,FNATIC,2593,4,8,5,3,0,0,FNATIC,AMERICAS
28919,46440,Breeze,Decider,Team Liquid,FNATIC,Team Liquid,474,FNATIC,2593,4,8,2,9,0,0,Team Liquid,AMERICAS
28919,47186,Split,Team Liquid,FNATIC,Team Liquid,Team Liquid,474,FNATIC,2593,8,4,7,5,0,0,FNATIC,AMERICAS
28919,47187,Bind,Decider,FNATIC,Team Liquid,Team Liquid,474,FNATIC,2593,7,5,8,3,0,0,Team Liquid,AMERICAS
28913,46416,Icebox,Team Liquid,Giants Gaming,Team Liquid,Giants Gaming,2304,Team Liquid,474,3,9,4,2,0,0,Team Liquid,AMERICAS
28913,46417,Ascent,Giants Gaming,Team Liquid,Giants Gaming,Giants Gaming,2304,Team Liquid,474,2,10,3,8,0,0,Giants Gaming,AMERICAS
28913,46418,Breeze,Team Liquid,Giants Gaming,Team Liquid,Giants Gaming,2304,Team Liquid,474,2,10,3,8,0,0,Team Liquid,AMERICAS
28913,46419,Bind,Giants Gaming,Giants Gaming,Team Liquid,Giants Gaming,2304,Team Liquid,474,5,7,6,1,0,0,Team Liquid,AMERICAS
28628,46058,Haven,Decider,Kafalar eSports,JustSoldiers,Kafalar eSports,3261,JustSoldiers,5856,11,1,0,2,0,0,Kafalar eSports,AMERICAS
28628,46059,Bind,Decider,Kafalar eSports,JustSoldiers,Kafalar eSports,3261,JustSoldiers,5856,11,1,1,2,0,0,Kafalar eSports,AMERICAS
28629,46061,Haven,Decider,Aeterna Victrix,We Raise Sirius,We Raise Sirius,5857,Aeterna Victrix,4787,9,3,0,4,0,0,Aeterna Victrix,AMERICAS
28629,46062,Ascent,Decider,We Raise Sirius,Aeterna Victrix,We Raise Sirius,5857,Aeterna Victrix,4787,6,6,3,7,0,0,We Raise Sirius,AMERICAS
28629,46063,Bind,Decider,Aeterna Victrix,We Raise Sirius,We Raise Sirius,5857,Aeterna Victrix,4787,4,8,4,8,2,0,Aeterna Victrix,AMERICAS
28630,46064,Split,Decider,Merlyn Esports,Schat'z,Schat'z,5280,Merlyn Esports,5858,6,6,7,1,0,0,Schat'z,AMERICAS
28630,46065,Icebox,Decider,Merlyn Esports,Schat'z,Schat'z,5280,Merlyn Esports,5858,5,7,5,7,1,3,Schat'z,AMERICAS
28631,46067,Bind,Decider,Saplak,Millennium Agency,Millennium Agency,5279,Saplak,5859,6,6,3,7,0,0,Saplak,AMERICAS
28631,46068,Ascent,Decider,Millennium Agency,Saplak,Millennium Agency,5279,Saplak,5859,6,6,4,7,0,0,Millennium Agency,AMERICAS
28631,46069,Split,Decider,Saplak,Millennium Agency,Millennium Agency,5279,Saplak,5859,8,4,2,5,0,0,Saplak,AMERICAS
28632,46070,Bind,Decider,Unknownpros,Team Rebels,Unknownpros,5308,Team Rebels,5860,10,2,0,3,0,0,Unknownpros,AMERICAS
28632,46071,Ascent,Decider,Unknownpros,Team Rebels,Unknownpros,5308,Team Rebels,5860,11,1,3,2,0,0,Unknownpros,AMERICAS
28633,46073,Haven,Decider,Cyber Skull Esports,COUSINS,COUSINS,3965,Cyber Skull Esports,5489,9,3,10,2,0,0,COUSINS,AMERICAS
28633,46074,Split,Decider,COUSINS,Cyber Skull Esports,COUSINS,3965,Cyber Skull Esports,5489,7,5,6,6,0,0,COUSINS,AMERICAS
28634,46076,Haven,Decider,Kocaeli Esports,Unique,Unique,5305,Kocaeli Esports,3992,1,11,2,6,0,0,Unique,AMERICAS
28634,46077,Split,Decider,Unique,Kocaeli Esports,Unique,5305,Kocaeli Esports,3992,10,2,2,3,0,0,Unique,AMERICAS
28635,46079,Breeze,Decider,Art Esports,Valstars Gaming,Valstars Gaming,5891,Art Esports,5861,3,9,4,6,0,0,Valstars Gaming,AMERICAS
28635,46080,Bind,Decider,Valstars Gaming,Art Esports,Valstars Gaming,5891,Art Esports,5861,8,4,1,5,0,0,Valstars Gaming,AMERICAS
28636,46082,Ascent,Decider,Ninjas with Attitude,mix5,mix5,5862,Ninjas with Attitude,5863,4,8,5,2,0,0,mix5,AMERICAS
28636,46083,Bind,Decider,mix5,Ninjas with Attitude,mix5,5862,Ninjas with Attitude,5863,8,4,4,5,0,0,mix5,AMERICAS
28637,46085,Ascent,Decider,Imagine Age,Raylex Esports,Raylex Esports,5864,Imagine Age,5865,2,10,3,5,0,0,Raylex Esports,AMERICAS
28637,46086,Haven,Decider,Raylex Esports,Imagine Age,Raylex Esports,5864,Imagine Age,5865,5,7,6,4,0,0,Imagine Age,AMERICAS
28637,46087,Bind,Decider,Imagine Age,Raylex Esports,Raylex Esports,5864,Imagine Age,5865,7,5,6,6,0,0,Imagine Age,AMERICAS
28638,46088,Breeze,Decider,Team Nervous,Fenerbahçe Esports,Fenerbahçe Esports,5310,Team Nervous,5866,2,10,3,0,0,0,Fenerbahçe Esports,AMERICAS
28638,46089,Haven,Decider,Fenerbahçe Esports,Team Nervous,Fenerbahçe Esports,5310,Team Nervous,5866,10,2,1,3,0,0,Fenerbahçe Esports,AMERICAS
28639,46091,Bind,Decider,OutRage,Magic Gem,Magic Gem,5867,OutRage,4697,12,0,2,1,0,0,OutRage,AMERICAS
28639,46092,Ascent,Decider,Magic Gem,OutRage,Magic Gem,5867,OutRage,4697,2,10,3,1,0,0,OutRage,AMERICAS
28640,46094,Ascent,Decider,Surreal Esports,5 Thieves,Surreal Esports,4696,5 Thieves,5868,12,0,0,1,0,0,Surreal Esports,AMERICAS
28640,46095,Breeze,Decider,Surreal Esports,5 Thieves,Surreal Esports,4696,5 Thieves,5868,8,4,0,5,0,0,Surreal Esports,AMERICAS
28641,46097,Ascent,Decider,Vorpal Swords,Space Rebels,Space Rebels,5889,Vorpal Swords,5291,10,2,0,3,0,0,Vorpal Swords,AMERICAS
28641,46098,Split,Decider,Vorpal Swords,Space Rebels,Space Rebels,5889,Vorpal Swords,5291,6,6,2,7,0,0,Vorpal Swords,AMERICAS
28642,46100,Haven,Decider,SHN Esports,Zonia Esports,SHN Esports,3973,Zonia Esports,5869,6,6,1,7,0,0,SHN Esports,AMERICAS
28642,46101,Bind,Decider,Zonia Esports,SHN Esports,SHN Esports,3973,Zonia Esports,5869,4,8,5,3,0,0,SHN Esports,AMERICAS
28643,46103,Haven,Decider,Beatoffyou,Saviors Esports,Saviors Esports,5870,Beatoffyou,5871,8,4,6,5,0,0,Beatoffyou,AMERICAS
28643,46104,Ascent,Decider,Saviors Esports,Beatoffyou,Saviors Esports,5870,Beatoffyou,5871,8,4,0,5,0,0,Saviors Esports,AMERICAS
28643,46105,Split,Decider,Beatoffyou,Saviors Esports,Saviors Esports,5870,Beatoffyou,5871,8,4,1,5,0,0,Beatoffyou,AMERICAS
28644,46106,Icebox,Decider,KASTIRALIS,Just Tehlikeli,KASTIRALIS,4779,Just Tehlikeli,5872,9,3,0,4,0,0,KASTIRALIS,AMERICAS
28644,46107,Breeze,Decider,KASTIRALIS,Just Tehlikeli,KASTIRALIS,4779,Just Tehlikeli,5872,9,3,0,4,0,0,KASTIRALIS,AMERICAS
28646,46112,Bind,Decider,Digital Athletics,We Raise Blame,We Raise Blame,5286,Digital Athletics,4669,11,1,0,2,0,0,Digital Athletics,AMERICAS
28646,46113,Icebox,Decider,Digital Athletics,We Raise Blame,We Raise Blame,5286,Digital Athletics,4669,11,1,0,2,0,0,Digital Athletics,AMERICAS
28647,46115,Breeze,Decider,yellow,Free Zone,Free Zone,5874,yellow,5875,4,8,5,1,0,0,Free Zone,AMERICAS
28647,46116,Icebox,Decider,Free Zone,yellow,Free Zone,5874,yellow,5875,4,8,3,9,0,0,Free Zone,AMERICAS
28648,46118,Haven,Decider,Team Evo Seek,Anatolia Esports,Anatolia Esports,5276,Team Evo Seek,5876,2,10,3,1,0,0,Anatolia Esports,AMERICAS
28648,46119,Bind,Decider,Anatolia Esports,Team Evo Seek,Anatolia Esports,5276,Team Evo Seek,5876,9,3,0,4,0,0,Anatolia Esports,AMERICAS
28649,46121,Split,Decider,Overwatch,vega,vega,5877,Overwatch,3260,9,3,2,4,0,0,Overwatch,AMERICAS
28649,46122,Ascent,Decider,vega,Overwatch,vega,5877,Overwatch,3260,3,9,4,1,0,0,Overwatch,AMERICAS
28650,46124,Bind,Decider,Gringo Team,Navy Blue,Navy Blue,5303,Gringo Team,5290,5,7,5,7,1,3,Navy Blue,AMERICAS
28650,46125,Breeze,Decider,Navy Blue,Gringo Team,Navy Blue,5303,Gringo Team,5290,4,8,5,3,0,0,Gringo Team,AMERICAS
28650,46126,Ascent,Decider,Gringo Team,Navy Blue,Navy Blue,5303,Gringo Team,5290,5,7,3,8,0,0,Gringo Team,AMERICAS
28651,46127,Ascent,Decider,Weda Esports,Dijirad Esports,Dijirad Esports,5878,Weda Esports,5879,9,3,0,4,0,0,Weda Esports,AMERICAS
28651,46128,Haven,Decider,Dijirad Esports,Weda Esports,Dijirad Esports,5878,Weda Esports,5879,3,9,4,7,0,0,Weda Esports,AMERICAS
28652,46130,Ascent,Decider,36NUMBER,Bballerz,36NUMBER,4248,Bballerz,5880,8,4,0,5,0,0,36NUMBER,AMERICAS
28652,46131,Bind,Decider,36NUMBER,Bballerz,36NUMBER,4248,Bballerz,5880,7,5,0,6,0,0,36NUMBER,AMERICAS
28654,46136,Haven,Decider,Novella,XFlow Esports,XFlow Esports,3268,Novella,5883,1,11,2,0,0,0,XFlow Esports,AMERICAS
28654,46137,Ascent,Decider,XFlow Esports,Novella,XFlow Esports,3268,Novella,5883,9,3,0,4,0,0,XFlow Esports,AMERICAS
28655,46139,Split,Decider,Looking For Org5,FOXNGAME Esports,FOXNGAME Esports,2897,Looking For Org5,5884,6,6,7,3,0,0,FOXNGAME Esports,AMERICAS
28655,46140,Ascent,Decider,FOXNGAME Esports,Looking For Org5,FOXNGAME Esports,2897,Looking For Org5,5884,10,2,3,3,0,0,FOXNGAME Esports,AMERICAS
28656,46142,Ascent,Decider,BursaEspor,Beşiktaş Esports,Beşiktaş Esports,2036,BursaEspor,4239,2,10,3,2,0,0,Beşiktaş Esports,AMERICAS
28656,46143,Icebox,Decider,Beşiktaş Esports,BursaEspor,Beşiktaş Esports,2036,BursaEspor,4239,3,9,4,3,0,0,BursaEspor,AMERICAS
28656,46144,Split,Decider,BursaEspor,Beşiktaş Esports,Beşiktaş Esports,2036,BursaEspor,4239,5,7,6,2,0,0,Beşiktaş Esports,AMERICAS
28657,46145,Icebox,Decider,kebabmasterz,Nuke Destroyed Rabbits,Nuke Destroyed Rabbits,5885,kebabmasterz,5274,9,3,2,4,0,0,kebabmasterz,AMERICAS
28657,46146,Ascent,Decider,Nuke Destroyed Rabbits,kebabmasterz,Nuke Destroyed Rabbits,5885,kebabmasterz,5274,5,7,6,1,0,0,kebabmasterz,AMERICAS
28658,46148,Ascent,Decider,PCIFIC Esports,ALTIN KARIYER Esports,ALTIN KARIYER Esports,4761,PCIFIC Esports,3478,8,4,9,3,0,0,ALTIN KARIYER Esports,AMERICAS
28658,46149,Icebox,Decider,ALTIN KARIYER Esports,PCIFIC Esports,ALTIN KARIYER Esports,4761,PCIFIC Esports,3478,6,6,5,7,0,0,ALTIN KARIYER Esports,AMERICAS
28659,46151,Haven,Decider,Karat Istanbul,Angara Esports,Angara Esports,5886,Karat Istanbul,5887,5,7,3,8,0,0,Karat Istanbul,AMERICAS
28659,46152,Icebox,Decider,Angara Esports,Karat Istanbul,Angara Esports,5886,Karat Istanbul,5887,2,10,3,2,0,0,Karat Istanbul,AMERICAS
28660,46154,Haven,Decider,Aeterna Victrix,Kafalar eSports,Kafalar eSports,3261,Aeterna Victrix,4787,2,10,3,0,0,0,Kafalar eSports,AMERICAS
28660,46155,Ascent,Decider,Kafalar eSports,Aeterna Victrix,Kafalar eSports,3261,Aeterna Victrix,4787,8,4,0,5,0,0,Kafalar eSports,AMERICAS
28661,46157,Split,Decider,Saplak,Schat'z,Schat'z,5280,Saplak,5859,7,5,4,6,0,0,Saplak,AMERICAS
28661,46158,Icebox,Decider,Saplak,Schat'z,Schat'z,5280,Saplak,5859,6,6,0,7,0,0,Saplak,AMERICAS
28662,46160,Haven,Decider,COUSINS,Unknownpros,Unknownpros,5308,COUSINS,3965,5,7,6,4,0,0,Unknownpros,AMERICAS
28662,46161,Ascent,Decider,Unknownpros,COUSINS,Unknownpros,5308,COUSINS,3965,11,1,0,2,0,0,Unknownpros,AMERICAS
28663,46163,Ascent,Decider,Valstars Gaming,Unique,Unique,5305,Valstars Gaming,5891,7,5,8,3,0,0,Unique,AMERICAS
28663,46164,Bind,Decider,Unique,Valstars Gaming,Unique,5305,Valstars Gaming,5891,4,8,5,1,0,0,Valstars Gaming,AMERICAS
28663,46165,Split,Decider,Valstars Gaming,Unique,Unique,5305,Valstars Gaming,5891,6,6,6,6,0,2,Unique,AMERICAS
28664,46166,Icebox,Decider,Imagine Age,mix5,mix5,5862,Imagine Age,5865,9,3,5,4,0,0,Imagine Age,AMERICAS
28664,46167,Split,Decider,mix5,Imagine Age,mix5,5862,Imagine Age,5865,6,6,1,7,0,0,mix5,AMERICAS
28664,46168,Breeze,Decider,Imagine Age,mix5,mix5,5862,Imagine Age,5865,8,4,7,5,0,0,Imagine Age,AMERICAS
28665,46169,Haven,Decider,Fenerbahçe Esports,OutRage,Fenerbahçe Esports,5310,OutRage,4697,4,8,2,9,0,0,Fenerbahçe Esports,AMERICAS
28665,46170,Ascent,Decider,Fenerbahçe Esports,OutRage,Fenerbahçe Esports,5310,OutRage,4697,3,9,4,5,0,0,OutRage,AMERICAS
28665,46171,Split,Decider,OutRage,Fenerbahçe Esports,Fenerbahçe Esports,5310,OutRage,4697,4,8,3,9,0,0,OutRage,AMERICAS
28666,46172,Ascent,Decider,Surreal Esports,Vorpal Swords,Surreal Esports,4696,Vorpal Swords,5291,11,1,0,2,0,0,Surreal Esports,AMERICAS
28666,46173,Bind,Decider,Vorpal Swords,Surreal Esports,Surreal Esports,4696,Vorpal Swords,5291,8,4,8,4,0,2,Surreal Esports,AMERICAS
28667,46175,Bind,Decider,Beatoffyou,SHN Esports,SHN Esports,3973,Beatoffyou,5871,4,8,4,8,2,0,Beatoffyou,AMERICAS
28667,46176,Haven,Decider,SHN Esports,Beatoffyou,SHN Esports,3973,Beatoffyou,5871,5,7,2,8,0,0,SHN Esports,AMERICAS
28667,46177,Icebox,Decider,Beatoffyou,SHN Esports,SHN Esports,3973,Beatoffyou,5871,3,9,4,2,0,0,SHN Esports,AMERICAS
28668,46178,Icebox,Decider,KASTIRALIS,CobraKai,KASTIRALIS,4779,CobraKai,4220,5,7,1,8,0,0,KASTIRALIS,AMERICAS
28668,46179,Split,Decider,KASTIRALIS,CobraKai,KASTIRALIS,4779,CobraKai,4220,10,2,0,3,0,0,KASTIRALIS,AMERICAS
28669,46181,Split,Decider,Free Zone,Digital Athletics,Digital Athletics,4669,Free Zone,5874,3,9,4,6,0,0,Digital Athletics,AMERICAS
28669,46182,Breeze,Decider,Digital Athletics,Free Zone,Digital Athletics,4669,Free Zone,5874,8,4,0,5,0,0,Digital Athletics,AMERICAS
28670,46184,Split,Decider,Overwatch,Anatolia Esports,Anatolia Esports,5276,Overwatch,3260,9,3,7,4,0,0,Overwatch,AMERICAS
28670,46185,Icebox,Decider,Anatolia Esports,Overwatch,Anatolia Esports,5276,Overwatch,3260,5,7,1,8,0,0,Anatolia Esports,AMERICAS
28670,46186,Bind,Decider,Overwatch,Anatolia Esports,Anatolia Esports,5276,Overwatch,3260,4,8,5,3,0,0,Anatolia Esports,AMERICAS
28671,46187,Breeze,Decider,Gringo Team,Weda Esports,Gringo Team,5290,Weda Esports,5879,8,4,0,5,0,0,Gringo Team,AMERICAS
28671,46188,Icebox,Decider,Gringo Team,Weda Esports,Gringo Team,5290,Weda Esports,5879,6,6,2,7,0,0,Gringo Team,AMERICAS
28672,46190,Split,Decider,36NUMBER,FBI Espors,36NUMBER,4248,FBI Espors,5882,8,4,0,5,0,0,36NUMBER,AMERICAS
28672,46191,Icebox,Decider,36NUMBER,FBI Espors,36NUMBER,4248,FBI Espors,5882,4,8,1,9,0,0,36NUMBER,AMERICAS
28673,46193,Haven,Decider,FOXNGAME Esports,XFlow Esports,XFlow Esports,3268,FOXNGAME Esports,2897,6,6,2,7,0,0,FOXNGAME Esports,AMERICAS
28673,46194,Icebox,Decider,XFlow Esports,FOXNGAME Esports,XFlow Esports,3268,FOXNGAME Esports,2897,6,6,7,4,0,0,FOXNGAME Esports,AMERICAS
28674,46196,Ascent,Decider,kebabmasterz,Beşiktaş Esports,Beşiktaş Esports,2036,kebabmasterz,5274,3,9,4,1,0,0,Beşiktaş Esports,AMERICAS
28674,46197,Icebox,Decider,Beşiktaş Esports,kebabmasterz,Beşiktaş Esports,2036,kebabmasterz,5274,3,9,4,6,0,0,kebabmasterz,AMERICAS
28674,46198,Bind,Decider,kebabmasterz,Beşiktaş Esports,Beşiktaş Esports,2036,kebabmasterz,5274,7,5,8,3,0,0,Beşiktaş Esports,AMERICAS
28675,46199,Icebox,Decider,ALTIN KARIYER Esports,Karat Istanbul,ALTIN KARIYER Esports,4761,Karat Istanbul,5887,9,3,3,4,0,0,ALTIN KARIYER Esports,AMERICAS
28675,46200,Haven,Decider,ALTIN KARIYER Esports,Karat Istanbul,ALTIN KARIYER Esports,4761,Karat Istanbul,5887,9,3,2,4,0,0,ALTIN KARIYER Esports,AMERICAS
28676,46202,Ascent,Decider,Saplak,Kafalar eSports,Kafalar eSports,3261,Saplak,5859,3,9,4,0,0,0,Kafalar eSports,AMERICAS
28676,46203,Icebox,Decider,Kafalar eSports,Saplak,Kafalar eSports,3261,Saplak,5859,9,3,0,4,0,0,Kafalar eSports,AMERICAS
28677,46205,Haven,Decider,Unique,Unknownpros,Unknownpros,5308,Unique,5305,0,12,1,0,0,0,Unknownpros,AMERICAS
28677,46206,Ascent,Decider,Unknownpros,Unique,Unknownpros,5308,Unique,5305,8,4,2,5,0,0,Unknownpros,AMERICAS
28678,46208,Haven,Decider,Imagine Age,OutRage,Imagine Age,5865,OutRage,4697,4,8,5,7,0,0,OutRage,AMERICAS
28678,46209,Bind,Decider,Imagine Age,OutRage,Imagine Age,5865,OutRage,4697,0,12,1,0,0,0,OutRage,AMERICAS
28679,46211,Bind,Decider,Surreal Esports,SHN Esports,Surreal Esports,4696,SHN Esports,3973,3,9,4,4,0,0,SHN Esports,AMERICAS
28679,46212,Ascent,Decider,SHN Esports,Surreal Esports,Surreal Esports,4696,SHN Esports,3973,7,5,8,1,0,0,Surreal Esports,AMERICAS
28679,46213,Icebox,Decider,SHN Esports,Surreal Esports,Surreal Esports,4696,SHN Esports,3973,6,6,7,4,0,0,Surreal Esports,AMERICAS
28680,46214,Icebox,Decider,Digital Athletics,KASTIRALIS,KASTIRALIS,4779,Digital Athletics,4669,11,1,2,2,0,0,Digital Athletics,AMERICAS
28680,46215,Bind,Decider,KASTIRALIS,Digital Athletics,KASTIRALIS,4779,Digital Athletics,4669,3,9,4,2,0,0,Digital Athletics,AMERICAS
28681,46217,Bind,Decider,Gringo Team,Anatolia Esports,Anatolia Esports,5276,Gringo Team,5290,6,6,2,7,0,0,Gringo Team,AMERICAS
28681,46218,Ascent,Decider,Anatolia Esports,Gringo Team,Anatolia Esports,5276,Gringo Team,5290,1,11,2,1,0,0,Gringo Team,AMERICAS
28682,46220,Split,Decider,FOXNGAME Esports,36NUMBER,36NUMBER,4248,FOXNGAME Esports,2897,12,0,4,1,0,0,FOXNGAME Esports,AMERICAS
28682,46221,Icebox,Decider,FOXNGAME Esports,36NUMBER,36NUMBER,4248,FOXNGAME Esports,2897,6,6,7,3,0,0,36NUMBER,AMERICAS
28682,46222,Haven,Decider,FOXNGAME Esports,36NUMBER,36NUMBER,4248,FOXNGAME Esports,2897,4,8,2,9,0,0,FOXNGAME Esports,AMERICAS
28683,46223,Ascent,Decider,ALTIN KARIYER Esports,Beşiktaş Esports,Beşiktaş Esports,2036,ALTIN KARIYER Esports,4761,3,9,4,1,0,0,Beşiktaş Esports,AMERICAS
28683,46224,Icebox,Decider,Beşiktaş Esports,ALTIN KARIYER Esports,Beşiktaş Esports,2036,ALTIN KARIYER Esports,4761,7,5,1,6,0,0,Beşiktaş Esports,AMERICAS
28573,45976,Bind,Decider,Kafalar eSports,Unity Esports,Unity Esports,3259,Kafalar eSports,3261,7,5,4,6,0,0,Kafalar eSports,AMERICAS
28573,45977,Haven,Decider,Unity Esports,Kafalar eSports,Unity Esports,3259,Kafalar eSports,3261,7,5,4,6,0,0,Unity Esports,AMERICAS
28573,45978,Ascent,Decider,Kafalar eSports,Unity Esports,Unity Esports,3259,Kafalar eSports,3261,5,7,6,1,0,0,Unity Esports,AMERICAS
28574,45979,Ascent,Decider,Unknownpros,RARE Esports,RARE Esports,1913,Unknownpros,5308,2,10,3,4,0,0,RARE Esports,AMERICAS
28574,45980,Icebox,Decider,RARE Esports,Unknownpros,RARE Esports,1913,Unknownpros,5308,8,4,3,5,0,0,RARE Esports,AMERICAS
28575,45982,Breeze,Decider,OutRage,Regnum Carya Esports,Regnum Carya Esports,4396,OutRage,4697,5,7,4,8,0,0,OutRage,AMERICAS
28575,45983,Haven,Decider,Regnum Carya Esports,OutRage,Regnum Carya Esports,4396,OutRage,4697,3,9,0,10,0,0,Regnum Carya Esports,AMERICAS
28575,45984,Split,Decider,OutRage,Regnum Carya Esports,Regnum Carya Esports,4396,OutRage,4697,8,4,2,5,0,0,OutRage,AMERICAS
28576,45985,Ascent,Decider,Surreal Esports,Team Aurora,Team Aurora,2903,Surreal Esports,4696,4,8,5,7,0,0,Team Aurora,AMERICAS
28576,45986,Split,Decider,Team Aurora,Surreal Esports,Team Aurora,2903,Surreal Esports,4696,8,4,2,5,0,0,Team Aurora,AMERICAS
28577,45988,Icebox,Decider,Digital Athletics,Galakticos,Galakticos,4762,Digital Athletics,4669,6,6,7,3,0,0,Galakticos,AMERICAS
28577,45989,Split,Decider,Galakticos,Digital Athletics,Galakticos,4762,Digital Athletics,4669,9,3,9,3,3,5,Digital Athletics,AMERICAS
28577,45990,Haven,Decider,Digital Athletics,Galakticos,Galakticos,4762,Digital Athletics,4669,8,4,2,5,0,0,Digital Athletics,AMERICAS
28578,45991,Bind,Decider,Gringo Team,İstanbul Wildcats,İstanbul Wildcats,6132,Gringo Team,5290,3,9,4,3,0,0,İstanbul Wildcats,AMERICAS
28578,45992,Breeze,Decider,İstanbul Wildcats,Gringo Team,İstanbul Wildcats,6132,Gringo Team,5290,7,5,4,6,0,0,İstanbul Wildcats,AMERICAS
28579,45994,Icebox,Decider,FOXNGAME Esports,Thunderbolts Gaming,Thunderbolts Gaming,2908,FOXNGAME Esports,2897,2,10,3,4,0,0,Thunderbolts Gaming,AMERICAS
28579,45995,Split,Decider,Thunderbolts Gaming,FOXNGAME Esports,Thunderbolts Gaming,2908,FOXNGAME Esports,2897,8,4,7,5,0,0,Thunderbolts Gaming,AMERICAS
28580,45997,Bind,Decider,Beşiktaş Esports,Zero Zone,Zero Zone,1675,Beşiktaş Esports,2036,9,3,10,0,0,0,Zero Zone,AMERICAS
28580,45998,Haven,Decider,Zero Zone,Beşiktaş Esports,Zero Zone,1675,Beşiktaş Esports,2036,3,9,4,2,0,0,Beşiktaş Esports,AMERICAS
28580,45999,Split,Decider,Beşiktaş Esports,Zero Zone,Zero Zone,1675,Beşiktaş Esports,2036,9,3,9,3,4,2,Beşiktaş Esports,AMERICAS
28581,46000,Bind,Decider,RARE Esports,Unity Esports,Unity Esports,3259,RARE Esports,1913,9,3,4,4,0,0,RARE Esports,AMERICAS
28581,46001,Breeze,Decider,Unity Esports,RARE Esports,Unity Esports,3259,RARE Esports,1913,3,9,4,3,0,0,RARE Esports,AMERICAS
28582,46003,Ascent,Decider,Team Aurora,OutRage,OutRage,4697,Team Aurora,2903,10,2,0,3,0,0,Team Aurora,AMERICAS
28582,46004,Haven,Decider,Team Aurora,OutRage,OutRage,4697,Team Aurora,2903,8,4,2,5,0,0,Team Aurora,AMERICAS
28583,46006,Haven,Decider,İstanbul Wildcats,Digital Athletics,Digital Athletics,4669,İstanbul Wildcats,6132,4,8,5,0,0,0,Digital Athletics,AMERICAS
28583,46007,Breeze,Decider,Digital Athletics,İstanbul Wildcats,Digital Athletics,4669,İstanbul Wildcats,6132,8,4,5,5,0,0,Digital Athletics,AMERICAS
28584,46009,Bind,Decider,Beşiktaş Esports,Thunderbolts Gaming,Thunderbolts Gaming,2908,Beşiktaş Esports,2036,7,5,3,6,0,0,Beşiktaş Esports,AMERICAS
28584,46010,Ascent,Decider,Thunderbolts Gaming,Beşiktaş Esports,Thunderbolts Gaming,2908,Beşiktaş Esports,2036,6,6,5,7,0,0,Thunderbolts Gaming,AMERICAS
28584,46011,Split,Decider,Beşiktaş Esports,Thunderbolts Gaming,Thunderbolts Gaming,2908,Beşiktaş Esports,2036,7,5,0,6,0,0,Beşiktaş Esports,AMERICAS
28587,46018,Bind,Decider,Unknownpros,Kafalar eSports,Kafalar eSports,3261,Unknownpros,5308,3,9,4,0,0,0,Kafalar eSports,AMERICAS
28587,46019,Icebox,Decider,Kafalar eSports,Unknownpros,Kafalar eSports,3261,Unknownpros,5308,5,7,0,8,0,0,Kafalar eSports,AMERICAS
28588,46021,Icebox,Decider,Surreal Esports,Regnum Carya Esports,Regnum Carya Esports,4396,Surreal Esports,4696,7,5,2,6,0,0,Surreal Esports,AMERICAS
28588,46022,Split,Decider,Regnum Carya Esports,Surreal Esports,Regnum Carya Esports,4396,Surreal Esports,4696,5,7,6,1,0,0,Surreal Esports,AMERICAS
28590,46027,Split,Decider,Zero Zone,FOXNGAME Esports,FOXNGAME Esports,2897,Zero Zone,1675,7,5,6,6,0,0,Zero Zone,AMERICAS
28590,46028,Ascent,Decider,FOXNGAME Esports,Zero Zone,FOXNGAME Esports,2897,Zero Zone,1675,2,10,3,1,0,0,Zero Zone,AMERICAS
28585,46012,Bind,Decider,Team Aurora,RARE Esports,RARE Esports,1913,Team Aurora,2903,4,8,5,2,0,0,RARE Esports,AMERICAS
28585,46013,Ascent,Decider,RARE Esports,Team Aurora,RARE Esports,1913,Team Aurora,2903,11,1,0,2,0,0,RARE Esports,AMERICAS
28592,46033,Breeze,Decider,Surreal Esports,İstanbul Wildcats,İstanbul Wildcats,6132,Surreal Esports,4696,4,8,5,5,0,0,İstanbul Wildcats,AMERICAS
28592,46034,Bind,Decider,İstanbul Wildcats,Surreal Esports,İstanbul Wildcats,6132,Surreal Esports,4696,7,5,2,6,0,0,İstanbul Wildcats,AMERICAS
28593,46036,Ascent,Decider,Galakticos,OutRage,OutRage,4697,Galakticos,4762,5,7,6,4,0,0,OutRage,AMERICAS
28593,46037,Icebox,Decider,OutRage,Galakticos,OutRage,4697,Galakticos,4762,5,7,6,5,0,0,Galakticos,AMERICAS
28593,46038,Split,Decider,Galakticos,OutRage,OutRage,4697,Galakticos,4762,5,7,6,2,0,0,OutRage,AMERICAS
28594,46039,Ascent,Decider,Zero Zone,Unity Esports,Unity Esports,3259,Zero Zone,1675,6,6,1,7,0,0,Zero Zone,AMERICAS
28594,46040,Bind,Decider,Unity Esports,Zero Zone,Unity Esports,3259,Zero Zone,1675,6,6,7,4,0,0,Zero Zone,AMERICAS
28586,46015,Haven,Decider,Beşiktaş Esports,Digital Athletics,Digital Athletics,4669,Beşiktaş Esports,2036,3,9,4,5,0,0,Digital Athletics,AMERICAS
28586,46016,Split,Decider,Digital Athletics,Beşiktaş Esports,Digital Athletics,4669,Beşiktaş Esports,2036,5,7,6,3,0,0,Beşiktaş Esports,AMERICAS
28586,46017,Bind,Decider,Beşiktaş Esports,Digital Athletics,Digital Athletics,4669,Beşiktaş Esports,2036,9,3,5,4,0,0,Beşiktaş Esports,AMERICAS
28591,46030,Bind,Decider,Kafalar eSports,Thunderbolts Gaming,Thunderbolts Gaming,2908,Kafalar eSports,3261,1,11,2,4,0,0,Thunderbolts Gaming,AMERICAS
28591,46031,Ascent,Decider,Thunderbolts Gaming,Kafalar eSports,Thunderbolts Gaming,2908,Kafalar eSports,3261,4,8,5,4,0,0,Kafalar eSports,AMERICAS
28591,46032,Icebox,Decider,Kafalar eSports,Thunderbolts Gaming,Thunderbolts Gaming,2908,Kafalar eSports,3261,3,9,4,6,0,0,Thunderbolts Gaming,AMERICAS
28595,46042,Bind,Decider,İstanbul Wildcats,Thunderbolts Gaming,Thunderbolts Gaming,2908,İstanbul Wildcats,6132,6,6,4,7,0,0,İstanbul Wildcats,AMERICAS
28595,46043,Breeze,Decider,Thunderbolts Gaming,İstanbul Wildcats,Thunderbolts Gaming,2908,İstanbul Wildcats,6132,9,3,6,4,0,0,Thunderbolts Gaming,AMERICAS
28595,46044,Icebox,Decider,İstanbul Wildcats,Thunderbolts Gaming,Thunderbolts Gaming,2908,İstanbul Wildcats,6132,7,5,8,4,0,0,Thunderbolts Gaming,AMERICAS
28596,46045,Ascent,OutRage,Zero Zone,OutRage,OutRage,4697,Zero Zone,1675,4,8,1,9,0,0,Zero Zone,AMERICAS
28596,46046,Bind,Zero Zone,OutRage,Zero Zone,OutRage,4697,Zero Zone,1675,6,6,6,6,4,2,OutRage,AMERICAS
28596,46047,Split,Decider,Zero Zone,OutRage,OutRage,4697,Zero Zone,1675,9,3,3,4,0,0,Zero Zone,AMERICAS
28597,46048,Ascent,Decider,Thunderbolts Gaming,Team Aurora,Team Aurora,2903,Thunderbolts Gaming,2908,7,5,7,5,4,2,Thunderbolts Gaming,AMERICAS
28597,46049,Bind,Decider,Team Aurora,Thunderbolts Gaming,Team Aurora,2903,Thunderbolts Gaming,2908,6,6,1,7,0,0,Team Aurora,AMERICAS
28597,46050,Split,Decider,Thunderbolts Gaming,Team Aurora,Team Aurora,2903,Thunderbolts Gaming,2908,6,6,4,7,0,0,Thunderbolts Gaming,AMERICAS
28598,46051,Breeze,Decider,Zero Zone,Digital Athletics,Digital Athletics,4669,Zero Zone,1675,6,6,7,5,0,0,Digital Athletics,AMERICAS
28598,46052,Bind,Decider,Digital Athletics,Zero Zone,Digital Athletics,4669,Zero Zone,1675,4,8,5,5,0,0,Zero Zone,AMERICAS
28598,46053,Icebox,Decider,Zero Zone,Digital Athletics,Digital Athletics,4669,Zero Zone,1675,6,6,7,4,0,0,Digital Athletics,AMERICAS
28920,46441,Bind,Decider,BBL Esports,Beşiktaş Esports,BBL Esports,397,Beşiktaş Esports,2036,5,7,6,2,0,0,Beşiktaş Esports,AMERICAS
28920,46442,Haven,Decider,Beşiktaş Esports,BBL Esports,BBL Esports,397,Beşiktaş Esports,2036,7,5,1,6,0,0,Beşiktaş Esports,AMERICAS
28921,46444,Split,Decider,Digital Athletics,Fire Flux Esports,Fire Flux Esports,20085,Digital Athletics,4669,5,7,6,2,0,0,Fire Flux Esports,AMERICAS
28921,46445,Bind,Decider,Fire Flux Esports,Digital Athletics,Fire Flux Esports,20085,Digital Athletics,4669,6,6,7,5,0,0,Digital Athletics,AMERICAS
28921,46446,Icebox,Decider,Fire Flux Esports,Digital Athletics,Fire Flux Esports,20085,Digital Athletics,4669,6,6,7,1,0,0,Digital Athletics,AMERICAS
28923,46450,Split,FUT Esports,Thunderbolts Gaming,FUT Esports,FUT Esports,1184,Thunderbolts Gaming,2908,7,5,4,6,0,0,Thunderbolts Gaming,AMERICAS
28923,46451,Icebox,Thunderbolts Gaming,FUT Esports,Thunderbolts Gaming,FUT Esports,1184,Thunderbolts Gaming,2908,5,7,6,6,0,0,Thunderbolts Gaming,AMERICAS
28922,46447,Bind,Decider,RARE Esports,OtherSide,OtherSide,1453,RARE Esports,1913,3,9,4,5,0,0,OtherSide,AMERICAS
28922,46448,Breeze,Decider,OtherSide,RARE Esports,OtherSide,1453,RARE Esports,1913,4,8,5,1,0,0,RARE Esports,AMERICAS
28922,46449,Split,Decider,OtherSide,RARE Esports,OtherSide,1453,RARE Esports,1913,7,5,8,4,0,0,RARE Esports,AMERICAS
28928,46469,Breeze,Fire Flux Esports,BBL Esports,Fire Flux Esports,BBL Esports,397,Fire Flux Esports,20085,5,7,6,5,0,0,Fire Flux Esports,AMERICAS
28928,46470,Bind,BBL Esports,BBL Esports,Fire Flux Esports,BBL Esports,397,Fire Flux Esports,20085,2,10,2,10,3,1,BBL Esports,AMERICAS
28928,46471,Ascent,Decider,Fire Flux Esports,BBL Esports,BBL Esports,397,Fire Flux Esports,20085,6,6,1,7,0,0,Fire Flux Esports,AMERICAS
28929,46472,Haven,Decider,FUT Esports,OtherSide,OtherSide,1453,FUT Esports,1184,8,4,6,5,0,0,FUT Esports,AMERICAS
28929,46474,Icebox,Decider,OtherSide,FUT Esports,OtherSide,1453,FUT Esports,1184,4,8,5,3,0,0,FUT Esports,AMERICAS
28929,47148,Split,Decider,OtherSide,FUT Esports,OtherSide,1453,FUT Esports,1184,7,5,4,6,0,0,OtherSide,AMERICAS
28924,46453,Icebox,Decider,Beşiktaş Esports,Digital Athletics,Beşiktaş Esports,2036,Digital Athletics,4669,5,7,6,5,0,0,Digital Athletics,AMERICAS
28924,46454,Bind,Decider,Digital Athletics,Beşiktaş Esports,Beşiktaş Esports,2036,Digital Athletics,4669,2,10,2,10,0,2,Beşiktaş Esports,AMERICAS
28924,46455,Split,Decider,Digital Athletics,Beşiktaş Esports,Beşiktaş Esports,2036,Digital Athletics,4669,9,3,1,4,0,0,Digital Athletics,AMERICAS
28925,46456,Icebox,Thunderbolts Gaming,RARE Esports,Thunderbolts Gaming,RARE Esports,1913,Thunderbolts Gaming,2908,7,5,3,6,0,0,RARE Esports,AMERICAS
28925,46457,Bind,RARE Esports,Thunderbolts Gaming,RARE Esports,RARE Esports,1913,Thunderbolts Gaming,2908,4,8,4,8,2,0,Thunderbolts Gaming,AMERICAS
28925,46458,Ascent,Decider,Thunderbolts Gaming,RARE Esports,RARE Esports,1913,Thunderbolts Gaming,2908,7,5,2,6,0,0,Thunderbolts Gaming,AMERICAS
28930,46475,Ascent,Decider,RARE Esports,Fire Flux Esports,RARE Esports,1913,Fire Flux Esports,20085,8,4,9,3,0,0,Fire Flux Esports,AMERICAS
28930,46476,Breeze,Decider,Fire Flux Esports,RARE Esports,RARE Esports,1913,Fire Flux Esports,20085,10,2,0,3,0,0,Fire Flux Esports,AMERICAS
28931,46478,Haven,Decider,Beşiktaş Esports,FUT Esports,Beşiktaş Esports,2036,FUT Esports,1184,5,7,4,8,0,0,Beşiktaş Esports,AMERICAS
28931,46479,Split,Decider,Beşiktaş Esports,FUT Esports,Beşiktaş Esports,2036,FUT Esports,1184,6,6,6,6,5,5,Draw,AMERICAS
28931,47210,Ascent,Decider,Beşiktaş Esports,FUT Esports,Beşiktaş Esports,2036,FUT Esports,1184,4,8,4,8,3,1,Beşiktaş Esports,AMERICAS
28926,46459,Bind,Digital Athletics,Thunderbolts Gaming,Digital Athletics,Digital Athletics,4669,Thunderbolts Gaming,2908,4,8,5,7,0,0,Digital Athletics,AMERICAS
28926,46460,Icebox,Thunderbolts Gaming,Digital Athletics,Thunderbolts Gaming,Digital Athletics,4669,Thunderbolts Gaming,2908,6,6,4,7,0,0,Digital Athletics,AMERICAS
28932,46481,Ascent,Fire Flux Esports,Beşiktaş Esports,Fire Flux Esports,Fire Flux Esports,20085,Beşiktaş Esports,2036,2,10,3,2,0,0,Fire Flux Esports,AMERICAS
28932,46482,Bind,Beşiktaş Esports,Fire Flux Esports,Beşiktaş Esports,Fire Flux Esports,20085,Beşiktaş Esports,2036,7,5,6,6,0,0,Fire Flux Esports,AMERICAS
28933,46484,Split,Decider,Thunderbolts Gaming,Fire Flux Esports,Thunderbolts Gaming,2908,Fire Flux Esports,20085,3,9,4,4,0,0,Fire Flux Esports,AMERICAS
28933,46485,Icebox,Decider,Fire Flux Esports,Thunderbolts Gaming,Thunderbolts Gaming,2908,Fire Flux Esports,20085,3,9,4,2,0,0,Thunderbolts Gaming,AMERICAS
28933,46486,Ascent,Decider,Thunderbolts Gaming,Fire Flux Esports,Thunderbolts Gaming,2908,Fire Flux Esports,20085,7,5,8,1,0,0,Fire Flux Esports,AMERICAS
28933,46487,Bind,Decider,Fire Flux Esports,Thunderbolts Gaming,Thunderbolts Gaming,2908,Fire Flux Esports,20085,8,4,4,5,0,0,Fire Flux Esports,AMERICAS
28927,46464,Split,Fire Flux Esports,Digital Athletics,Fire Flux Esports,Digital Athletics,4669,Fire Flux Esports,20085,11,1,11,1,2,0,Digital Athletics,AMERICAS
28927,46465,Icebox,Digital Athletics,Digital Athletics,Fire Flux Esports,Digital Athletics,4669,Fire Flux Esports,20085,3,9,4,1,0,0,Fire Flux Esports,AMERICAS
28927,46466,Breeze,Fire Flux Esports,Digital Athletics,Fire Flux Esports,Digital Athletics,4669,Fire Flux Esports,20085,6,6,7,3,0,0,Fire Flux Esports,AMERICAS
28927,46467,Haven,Digital Athletics,Fire Flux Esports,Digital Athletics,Digital Athletics,4669,Fire Flux Esports,20085,4,8,3,9,0,0,Fire Flux Esports,AMERICAS
28399,45620,Split,Decider,BOTSVLR,Ksenox,Ksenox,2835,BOTSVLR,5851,4,8,5,1,0,0,Ksenox,AMERICAS
28399,45621,Ascent,Decider,Ksenox,BOTSVLR,Ksenox,2835,BOTSVLR,5851,10,2,4,3,0,0,Ksenox,AMERICAS
28400,45623,Haven,Decider,Almas Muertas,QLF Clan,QLF Clan,5773,Almas Muertas,5774,0,12,1,0,0,0,QLF Clan,AMERICAS
28400,45624,Ascent,Decider,QLF Clan,Almas Muertas,QLF Clan,5773,Almas Muertas,5774,12,0,0,1,0,0,QLF Clan,AMERICAS
28401,45626,Split,Decider,Hollywood,LetsSleep,LetsSleep,5775,Hollywood,3366,9,3,3,4,0,0,Hollywood,AMERICAS
28401,45627,Ascent,Decider,Hollywood,LetsSleep,LetsSleep,5775,Hollywood,3366,8,4,8,4,3,1,Hollywood,AMERICAS
28402,45629,Bind,Decider,Ninja Esport,50Fragov,50Fragov,5776,Ninja Esport,5777,2,10,3,2,0,0,50Fragov,AMERICAS
28402,45630,Icebox,Decider,50Fragov,Ninja Esport,50Fragov,5776,Ninja Esport,5777,12,0,0,1,0,0,50Fragov,AMERICAS
28403,45632,Bind,Decider,368,ELSO,368,3996,ELSO,5848,10,2,0,3,0,0,368,AMERICAS
28403,45633,Haven,Decider,ELSO,368,368,3996,ELSO,5848,1,11,2,0,0,0,368,AMERICAS
28404,45635,Haven,Decider,komand04ka,bratiki94,bratiki94,5778,komand04ka,415,7,5,6,6,0,0,komand04ka,AMERICAS
28404,45636,Ascent,Decider,bratiki94,komand04ka,bratiki94,5778,komand04ka,415,7,5,8,1,0,0,komand04ka,AMERICAS
28405,45638,Ascent,Decider,,,WLFC,5652,deathwish,5240,0,0,0,0,0,0,Draw,AMERICAS
28405,45639,Haven,Decider,,,WLFC,5652,deathwish,5240,0,0,0,0,0,0,Draw,AMERICAS
28406,45641,Haven,Decider,At0m Gaming,Chamomile Esports Camp,Chamomile Esports Camp,5779,At0m Gaming,5780,1,11,2,2,0,0,Chamomile Esports Camp,AMERICAS
28406,45642,Ascent,Decider,Chamomile Esports Camp,At0m Gaming,Chamomile Esports Camp,5779,At0m Gaming,5780,7,5,3,6,0,0,Chamomile Esports Camp,AMERICAS
28407,45644,Ascent,Decider,Anyway,eXiLe eSports,eXiLe eSports,1189,Anyway,4522,7,5,8,3,0,0,eXiLe eSports,AMERICAS
28407,45645,Haven,Decider,eXiLe eSports,Anyway,eXiLe eSports,1189,Anyway,4522,4,8,5,5,0,0,Anyway,AMERICAS
28407,45646,Bind,Decider,Anyway,eXiLe eSports,eXiLe eSports,1189,Anyway,4522,9,3,4,4,0,0,Anyway,AMERICAS
28408,45647,Ascent,Decider,NoChance,SevenUp,SevenUp,5782,NoChance,5781,4,8,5,5,0,0,SevenUp,AMERICAS
28408,45648,Breeze,Decider,SevenUp,NoChance,SevenUp,5782,NoChance,5781,6,6,5,7,0,0,SevenUp,AMERICAS
28410,45653,Bind,Decider,human Zeal,NoAvocado,human Zeal,5784,NoAvocado,1783,0,12,1,0,0,0,NoAvocado,AMERICAS
28410,45654,Ascent,Decider,NoAvocado,human Zeal,human Zeal,5784,NoAvocado,1783,12,0,0,1,0,0,NoAvocado,AMERICAS
28411,45656,Ascent,Decider,Prosti Esli,Deja Vu,Deja Vu,3371,Prosti Esli,5855,6,6,7,2,0,0,Deja Vu,AMERICAS
28411,45657,Icebox,Decider,Prosti Esli,Deja Vu,Deja Vu,3371,Prosti Esli,5855,3,9,4,1,0,0,Deja Vu,AMERICAS
28413,45662,Haven,Decider,Black Flower,FORMULA 1,Black Flower,5785,FORMULA 1,5197,0,12,1,0,0,0,FORMULA 1,AMERICAS
28413,45663,Split,Decider,FORMULA 1,Black Flower,Black Flower,5785,FORMULA 1,5197,12,0,0,1,0,0,FORMULA 1,AMERICAS
28414,45665,Haven,Decider,nuBo,Leteam,Leteam,5786,nuBo,5787,2,10,3,0,0,0,Leteam,AMERICAS
28414,45666,Ascent,Decider,Leteam,nuBo,Leteam,5786,nuBo,5787,5,7,6,3,0,0,nuBo,AMERICAS
28414,45667,Bind,Decider,nuBo,Leteam,Leteam,5786,nuBo,5787,10,2,0,3,0,0,nuBo,AMERICAS
28415,45668,Ascent,Decider,FiRELAND,Aspire,Aspire,2165,FiRELAND,5849,1,11,2,5,0,0,Aspire,AMERICAS
28415,45669,Icebox,Decider,FiRELAND,Aspire,Aspire,2165,FiRELAND,5849,3,9,4,0,0,0,Aspire,AMERICAS
28417,45674,Haven,Decider,trying to win,TDCC,TDCC,5790,trying to win,3379,10,2,1,3,0,0,trying to win,AMERICAS
28417,45675,Ascent,Decider,TDCC,trying to win,TDCC,5790,trying to win,3379,7,5,8,1,0,0,trying to win,AMERICAS
28418,45677,Split,Decider,Moscow Five jr,Morioh Cho,Morioh Cho,5791,Moscow Five jr,3799,12,0,0,1,0,0,Moscow Five jr,AMERICAS
28418,45678,Bind,Decider,Morioh Cho,Moscow Five jr,Morioh Cho,5791,Moscow Five jr,3799,0,12,1,0,0,0,Moscow Five jr,AMERICAS
28419,45680,Haven,Decider,Crypto Esports,zTitans,zTitans,1186,Crypto Esports,4621,8,4,2,5,0,0,Crypto Esports,AMERICAS
28419,45681,Ascent,Decider,zTitans,Crypto Esports,zTitans,1186,Crypto Esports,4621,8,4,9,1,0,0,Crypto Esports,AMERICAS
28420,45683,Split,Decider,CRAZY,SQ,CRAZY,5792,SQ,5793,2,10,3,2,0,0,SQ,AMERICAS
28420,45684,Haven,Decider,CRAZY,SQ,CRAZY,5792,SQ,5793,1,11,2,3,0,0,SQ,AMERICAS
28422,45689,Bind,Decider,PLUS7,BezBudushego,BezBudushego,5795,PLUS7,5796,8,4,1,5,0,0,PLUS7,AMERICAS
28422,45690,Icebox,Decider,BezBudushego,PLUS7,BezBudushego,5795,PLUS7,5796,5,7,3,8,0,0,BezBudushego,AMERICAS
28422,45691,Ascent,Decider,PLUS7,BezBudushego,BezBudushego,5795,PLUS7,5796,6,6,6,6,0,2,BezBudushego,AMERICAS
28423,45692,Icebox,Decider,FAST TAXI,EZ KATKA,EZ KATKA,2845,FAST TAXI,5852,3,9,4,1,0,0,EZ KATKA,AMERICAS
28423,45693,Split,Decider,EZ KATKA,FAST TAXI,EZ KATKA,2845,FAST TAXI,5852,9,3,4,4,0,0,EZ KATKA,AMERICAS
28425,45698,Bind,Decider,MoLoDejKa,ArchiGoKill,ArchiGoKill,5798,MoLoDejKa,5850,2,10,3,2,0,0,ArchiGoKill,AMERICAS
28425,45699,Haven,Decider,ArchiGoKill,MoLoDejKa,ArchiGoKill,5798,MoLoDejKa,5850,8,4,2,5,0,0,ArchiGoKill,AMERICAS
28426,45701,Ascent,Decider,WeDontNeedMana,4SV_OVOSHi,4SV_OVOSHi,5799,WeDontNeedMana,3802,2,10,3,2,0,0,4SV_OVOSHi,AMERICAS
28426,45702,Icebox,Decider,4SV_OVOSHi,WeDontNeedMana,4SV_OVOSHi,5799,WeDontNeedMana,3802,10,2,4,3,0,0,4SV_OVOSHi,AMERICAS
28427,45704,Bind,Decider,feelmyhack,Nomads,Nomads,2912,feelmyhack,1580,7,5,5,6,0,0,feelmyhack,AMERICAS
28427,45705,Ascent,Decider,Nomads,feelmyhack,Nomads,2912,feelmyhack,1580,6,6,3,7,0,0,Nomads,AMERICAS
28427,45706,Haven,Decider,feelmyhack,Nomads,Nomads,2912,feelmyhack,1580,6,6,3,7,0,0,feelmyhack,AMERICAS
28428,45707,Ascent,Decider,Princeski,BibleThump,BibleThump,5800,Princeski,5801,5,7,6,5,0,0,BibleThump,AMERICAS
28430,45713,Haven,Decider,Sluper,01234,01234,5803,Sluper,5804,0,12,1,0,0,0,01234,AMERICAS
28430,45714,Bind,Decider,01234,Sluper,01234,5803,Sluper,5804,12,0,0,1,0,0,01234,AMERICAS
28624,46055,Bind,Decider,BuyHeart,Try to Hard,Try to Hard,5783,BuyHeart,1758,9,3,0,4,0,0,BuyHeart,AMERICAS
28624,46056,Ascent,Decider,Try to Hard,BuyHeart,Try to Hard,5783,BuyHeart,1758,1,11,2,1,0,0,BuyHeart,AMERICAS
28699,46226,Bind,Decider,Save's eSports,Indigo Children,Indigo Children,5802,Save's eSports,2889,11,1,0,2,0,0,Save's eSports,AMERICAS
28699,46227,Icebox,Decider,Save's eSports,Indigo Children,Indigo Children,5802,Save's eSports,2889,10,2,1,3,0,0,Save's eSports,AMERICAS
28431,45716,Bind,Decider,QLF Clan,Ksenox,Ksenox,2835,QLF Clan,5773,4,8,5,3,0,0,Ksenox,AMERICAS
28431,45717,Breeze,Decider,QLF Clan,Ksenox,Ksenox,2835,QLF Clan,5773,3,9,4,1,0,0,Ksenox,AMERICAS
28432,45719,Split,Decider,50Fragov,Hollywood,Hollywood,3366,50Fragov,5776,5,7,6,2,0,0,Hollywood,AMERICAS
28432,45720,Bind,Decider,Hollywood,50Fragov,Hollywood,3366,50Fragov,5776,11,1,8,2,0,0,Hollywood,AMERICAS
28433,45722,Haven,Decider,komand04ka,368,368,3996,komand04ka,415,11,1,7,2,0,0,komand04ka,AMERICAS
28433,45723,Ascent,Decider,368,komand04ka,368,3996,komand04ka,415,7,5,8,2,0,0,komand04ka,AMERICAS
28434,45725,Breeze,Decider,Chamomile Esports Camp,deathwish,deathwish,5240,Chamomile Esports Camp,5779,8,4,3,5,0,0,Chamomile Esports Camp,AMERICAS
28434,45726,Bind,Decider,deathwish,Chamomile Esports Camp,deathwish,5240,Chamomile Esports Camp,5779,6,6,4,7,0,0,deathwish,AMERICAS
28434,45727,Haven,Decider,Chamomile Esports Camp,deathwish,deathwish,5240,Chamomile Esports Camp,5779,8,4,8,4,0,2,deathwish,AMERICAS
28436,45731,Breeze,Decider,NoAvocado,BuyHeart,BuyHeart,1758,NoAvocado,1783,7,5,4,6,0,0,NoAvocado,AMERICAS
28436,45732,Ascent,Decider,BuyHeart,NoAvocado,BuyHeart,1758,NoAvocado,1783,3,9,4,1,0,0,NoAvocado,AMERICAS
28437,45734,Bind,Decider,maybegokill,Deja Vu,Deja Vu,3371,maybegokill,2837,4,8,5,7,0,0,Deja Vu,AMERICAS
28437,45735,Ascent,Decider,Deja Vu,maybegokill,Deja Vu,3371,maybegokill,2837,9,3,0,4,0,0,Deja Vu,AMERICAS
28438,45737,Haven,Decider,FORMULA 1,nuBo,FORMULA 1,5197,nuBo,5787,11,1,2,2,0,0,FORMULA 1,AMERICAS
28438,45738,Bind,Decider,FORMULA 1,nuBo,FORMULA 1,5197,nuBo,5787,9,3,0,4,0,0,FORMULA 1,AMERICAS
28439,45740,Ascent,Decider,ЧИХ-ПЫХ,Aspire,Aspire,2165,ЧИХ-ПЫХ,5789,3,9,4,1,0,0,Aspire,AMERICAS
28439,45741,Bind,Decider,Aspire,ЧИХ-ПЫХ,Aspire,2165,ЧИХ-ПЫХ,5789,9,3,0,4,0,0,Aspire,AMERICAS
28440,45743,Breeze,Decider,Moscow Five jr,trying to win,trying to win,3379,Moscow Five jr,3799,2,10,3,6,0,0,trying to win,AMERICAS
28440,45744,Bind,Decider,trying to win,Moscow Five jr,trying to win,3379,Moscow Five jr,3799,6,6,7,5,0,0,Moscow Five jr,AMERICAS
28440,45745,Split,Decider,Moscow Five jr,trying to win,trying to win,3379,Moscow Five jr,3799,5,7,6,6,0,0,trying to win,AMERICAS
28441,45746,Ascent,Decider,SQ,Crypto Esports,Crypto Esports,4621,SQ,5793,2,10,3,0,0,0,Crypto Esports,AMERICAS
28441,45747,Split,Decider,Crypto Esports,SQ,Crypto Esports,4621,SQ,5793,8,4,0,5,0,0,Crypto Esports,AMERICAS
28442,45749,Ascent,Decider,BezBudushego,bigmakcombo,bigmakcombo,5794,BezBudushego,5795,5,7,6,6,0,0,bigmakcombo,AMERICAS
28442,45750,Icebox,Decider,bigmakcombo,BezBudushego,bigmakcombo,5794,BezBudushego,5795,9,3,0,4,0,0,bigmakcombo,AMERICAS
28443,45752,Icebox,Decider,Poison,EZ KATKA,EZ KATKA,2845,Poison,5797,2,10,3,4,0,0,EZ KATKA,AMERICAS
28443,45753,Ascent,Decider,EZ KATKA,Poison,EZ KATKA,2845,Poison,5797,9,3,2,4,0,0,EZ KATKA,AMERICAS
28444,45755,Bind,Decider,4SV_OVOSHi,ArchiGoKill,ArchiGoKill,5798,4SV_OVOSHi,5799,1,11,2,2,0,0,ArchiGoKill,AMERICAS
28444,45756,Ascent,Decider,ArchiGoKill,4SV_OVOSHi,ArchiGoKill,5798,4SV_OVOSHi,5799,10,2,1,3,0,0,ArchiGoKill,AMERICAS
28445,45758,Ascent,Decider,feelmyhack,BibleThump,feelmyhack,1580,BibleThump,5800,3,9,4,6,0,0,BibleThump,AMERICAS
28445,45759,Haven,Decider,BibleThump,feelmyhack,feelmyhack,1580,BibleThump,5800,1,11,2,4,0,0,feelmyhack,AMERICAS
28445,45760,Split,Decider,BibleThump,feelmyhack,feelmyhack,1580,BibleThump,5800,2,10,3,0,0,0,feelmyhack,AMERICAS
28446,45761,Bind,Decider,01234,Save's eSports,Save's eSports,2889,01234,5803,5,7,6,6,0,0,Save's eSports,AMERICAS
28446,45762,Haven,Decider,Save's eSports,01234,Save's eSports,2889,01234,5803,8,4,1,5,0,0,Save's eSports,AMERICAS
28447,45764,Bind,Decider,Hollywood,Ksenox,Ksenox,2835,Hollywood,3366,3,9,4,0,0,0,Ksenox,AMERICAS
28447,45765,Split,Decider,Ksenox,Hollywood,Ksenox,2835,Hollywood,3366,7,5,0,6,0,0,Ksenox,AMERICAS
28448,45767,Ascent,Decider,deathwish,komand04ka,komand04ka,415,deathwish,5240,10,2,2,3,0,0,deathwish,AMERICAS
28448,45768,Haven,Decider,komand04ka,deathwish,komand04ka,415,deathwish,5240,4,8,5,6,0,0,deathwish,AMERICAS
28449,45770,Ascent,Decider,NoAvocado,Anyway,Anyway,4522,NoAvocado,1783,4,8,5,3,0,0,Anyway,AMERICAS
28449,45771,Bind,Decider,Anyway,NoAvocado,Anyway,4522,NoAvocado,1783,7,5,6,6,0,0,Anyway,AMERICAS
28450,45773,Icebox,Decider,FORMULA 1,Deja Vu,Deja Vu,3371,FORMULA 1,5197,7,5,8,3,0,0,Deja Vu,AMERICAS
28450,45774,Haven,Decider,Deja Vu,FORMULA 1,Deja Vu,3371,FORMULA 1,5197,8,4,2,5,0,0,Deja Vu,AMERICAS
28451,45776,Haven,Decider,Moscow Five jr,Aspire,Aspire,2165,Moscow Five jr,3799,5,7,6,6,0,0,Aspire,AMERICAS
28451,45777,Bind,Decider,Aspire,Moscow Five jr,Aspire,2165,Moscow Five jr,3799,5,7,5,7,0,2,Moscow Five jr,AMERICAS
28451,45778,Breeze,Decider,Aspire,Moscow Five jr,Aspire,2165,Moscow Five jr,3799,6,6,6,6,2,0,Aspire,AMERICAS
28452,45779,Icebox,Decider,bigmakcombo,Crypto Esports,Crypto Esports,4621,bigmakcombo,5794,4,8,5,1,0,0,Crypto Esports,AMERICAS
28452,45780,Ascent,Decider,Crypto Esports,bigmakcombo,Crypto Esports,4621,bigmakcombo,5794,9,3,1,4,0,0,Crypto Esports,AMERICAS
28453,45782,Ascent,Decider,ArchiGoKill,EZ KATKA,EZ KATKA,2845,ArchiGoKill,5798,4,8,1,9,0,0,ArchiGoKill,AMERICAS
28453,45783,Bind,Decider,EZ KATKA,ArchiGoKill,EZ KATKA,2845,ArchiGoKill,5798,1,11,2,3,0,0,ArchiGoKill,AMERICAS
28454,45785,Haven,Decider,Save's eSports,feelmyhack,feelmyhack,1580,Save's eSports,2889,10,2,2,3,0,0,Save's eSports,AMERICAS
28454,45786,Icebox,Decider,feelmyhack,Save's eSports,feelmyhack,1580,Save's eSports,2889,4,8,5,1,0,0,Save's eSports,AMERICAS
28455,45788,Icebox,Decider,SMARACIS eSports,Ksenox,SMARACIS eSports,3361,Ksenox,2835,5,7,3,8,0,0,SMARACIS eSports,AMERICAS
28455,45789,Split,Decider,SMARACIS eSports,Ksenox,SMARACIS eSports,3361,Ksenox,2835,5,7,1,8,0,0,SMARACIS eSports,AMERICAS
28456,45791,Breeze,Decider,deathwish,Vengeance,Vengeance,1021,deathwish,5240,7,5,2,6,0,0,deathwish,AMERICAS
28456,45792,Haven,Decider,Vengeance,deathwish,Vengeance,1021,deathwish,5240,9,3,7,4,0,0,Vengeance,AMERICAS
28456,45793,Split,Decider,deathwish,Vengeance,Vengeance,1021,deathwish,5240,9,3,6,4,0,0,deathwish,AMERICAS
28457,45794,Haven,Decider,Anyway,AG,AG,4518,Anyway,4522,6,6,7,2,0,0,AG,AMERICAS
28457,45795,Ascent,Decider,AG,Anyway,AG,4518,Anyway,4522,3,9,4,1,0,0,Anyway,AMERICAS
28457,45796,Split,Decider,Anyway,AG,AG,4518,Anyway,4522,8,4,1,5,0,0,Anyway,AMERICAS
28458,45797,Split,Decider,Deja Vu,tyeasy,tyeasy,488,Deja Vu,3371,7,5,8,4,0,0,tyeasy,AMERICAS
28458,45798,Icebox,Decider,tyeasy,Deja Vu,tyeasy,488,Deja Vu,3371,8,4,3,5,0,0,tyeasy,AMERICAS
28459,45800,Ascent,Decider,1280x960,Aspire,1280x960,3808,Aspire,2165,10,2,0,3,0,0,1280x960,AMERICAS
28459,45801,Haven,Decider,Aspire,1280x960,1280x960,3808,Aspire,2165,5,7,6,5,0,0,1280x960,AMERICAS
28460,45803,Split,Decider,Crypto Esports,Aim.Attack,Aim.Attack,604,Crypto Esports,4621,9,3,3,4,0,0,Crypto Esports,AMERICAS
28460,45804,Ascent,Decider,Aim.Attack,Crypto Esports,Aim.Attack,604,Crypto Esports,4621,7,5,8,3,0,0,Crypto Esports,AMERICAS
28461,45806,Split,Decider,ArchiGoKill,Team Divinity,Team Divinity,2049,ArchiGoKill,5798,8,4,2,5,0,0,ArchiGoKill,AMERICAS
28461,45807,Bind,Decider,Team Divinity,ArchiGoKill,Team Divinity,2049,ArchiGoKill,5798,4,8,5,1,0,0,ArchiGoKill,AMERICAS
28462,45809,Icebox,Decider,GMT Esports,Save's eSports,GMT Esports,10094,Save's eSports,2889,6,6,2,7,0,0,GMT Esports,AMERICAS
28462,45810,Breeze,Decider,Save's eSports,GMT Esports,GMT Esports,10094,Save's eSports,2889,1,11,2,4,0,0,GMT Esports,AMERICAS
28465,45818,Ascent,Decider,Crypto Esports,1280x960,1280x960,3808,Crypto Esports,4621,7,5,5,6,0,0,Crypto Esports,AMERICAS
28465,45819,Icebox,Decider,1280x960,Crypto Esports,1280x960,3808,Crypto Esports,4621,2,10,3,0,0,0,Crypto Esports,AMERICAS
28471,45836,Ascent,Decider,Aim.Attack,Aspire,Aspire,2165,Aim.Attack,604,6,6,3,7,0,0,Aim.Attack,AMERICAS
28471,45837,Bind,Decider,Aspire,Aim.Attack,Aspire,2165,Aim.Attack,604,7,5,4,6,0,0,Aspire,AMERICAS
28471,45838,Haven,Decider,Aim.Attack,Aspire,Aspire,2165,Aim.Attack,604,6,6,6,6,2,0,Aim.Attack,AMERICAS
28472,45839,Icebox,Decider,Save's eSports,Team Divinity,Team Divinity,2049,Save's eSports,2889,5,7,6,1,0,0,Team Divinity,AMERICAS
28472,45840,Bind,Decider,Team Divinity,Save's eSports,Team Divinity,2049,Save's eSports,2889,4,8,5,3,0,0,Save's eSports,AMERICAS
28472,45841,Haven,Decider,Save's eSports,Team Divinity,Team Divinity,2049,Save's eSports,2889,7,5,7,5,0,2,Team Divinity,AMERICAS
28463,45812,Breeze,Decider,deathwish,SMARACIS eSports,SMARACIS eSports,3361,deathwish,5240,6,6,7,2,0,0,SMARACIS eSports,AMERICAS
28463,45813,Haven,Decider,SMARACIS eSports,deathwish,SMARACIS eSports,3361,deathwish,5240,7,5,3,6,0,0,SMARACIS eSports,AMERICAS
28466,45821,Bind,Decider,GMT Esports,ArchiGoKill,ArchiGoKill,5798,GMT Esports,10094,10,2,2,3,0,0,GMT Esports,AMERICAS
28466,45822,Icebox,Decider,GMT Esports,ArchiGoKill,ArchiGoKill,5798,GMT Esports,10094,8,4,3,5,0,0,GMT Esports,AMERICAS
28469,45830,Split,Decider,Vengeance,Ksenox,Ksenox,2835,Vengeance,1021,3,9,4,2,0,0,Ksenox,AMERICAS
28469,45831,Icebox,Decider,Vengeance,Ksenox,Ksenox,2835,Vengeance,1021,2,10,3,0,0,0,Ksenox,AMERICAS
28470,45833,Haven,Decider,Deja Vu,AG,AG,4518,Deja Vu,3371,10,2,0,3,0,0,Deja Vu,AMERICAS
28470,45834,Icebox,Decider,AG,Deja Vu,AG,4518,Deja Vu,3371,9,3,1,4,0,0,AG,AMERICAS
28470,45835,Ascent,Decider,Deja Vu,AG,AG,4518,Deja Vu,3371,10,2,11,1,0,0,AG,AMERICAS
28464,45815,Ascent,Decider,tyeasy,Anyway,Anyway,4522,tyeasy,488,8,4,1,5,0,0,tyeasy,AMERICAS
28464,45816,Split,Decider,Anyway,tyeasy,Anyway,4522,tyeasy,488,4,8,5,6,0,0,tyeasy,AMERICAS
28467,45824,Ascent,Decider,tyeasy,SMARACIS eSports,SMARACIS eSports,3361,tyeasy,488,8,4,5,5,0,0,tyeasy,AMERICAS
28467,45825,Icebox,Decider,SMARACIS eSports,tyeasy,SMARACIS eSports,3361,tyeasy,488,2,10,3,3,0,0,tyeasy,AMERICAS
28468,45827,Icebox,Decider,GMT Esports,Crypto Esports,Crypto Esports,4621,GMT Esports,10094,9,3,0,4,0,0,GMT Esports,AMERICAS
28468,45828,Haven,Decider,Crypto Esports,GMT Esports,Crypto Esports,4621,GMT Esports,10094,2,10,3,0,0,0,GMT Esports,AMERICAS
28473,45842,Bind,Decider,Ksenox,ArchiGoKill,ArchiGoKill,5798,Ksenox,2835,2,10,3,2,0,0,ArchiGoKill,AMERICAS
28473,45843,Split,Decider,ArchiGoKill,Ksenox,ArchiGoKill,5798,Ksenox,2835,7,5,1,6,0,0,ArchiGoKill,AMERICAS
28474,45845,Haven,Decider,1280x960,AG,1280x960,3808,AG,4518,5,7,6,4,0,0,AG,AMERICAS
28474,45846,Ascent,Decider,AG,1280x960,1280x960,3808,AG,4518,9,3,7,4,0,0,AG,AMERICAS
28475,45848,Ascent,Decider,Aim.Attack,Anyway,Anyway,4522,Aim.Attack,604,9,3,10,1,0,0,Anyway,AMERICAS
28475,45849,Split,Decider,Anyway,Aim.Attack,Anyway,4522,Aim.Attack,604,3,9,4,7,0,0,Aim.Attack,AMERICAS
28475,45850,Haven,Decider,Aim.Attack,Anyway,Anyway,4522,Aim.Attack,604,5,7,6,3,0,0,Anyway,AMERICAS
28476,45851,Ascent,Decider,Team Divinity,deathwish,deathwish,5240,Team Divinity,2049,8,4,1,5,0,0,Team Divinity,AMERICAS
28476,45852,Haven,Decider,deathwish,Team Divinity,deathwish,5240,Team Divinity,2049,8,4,3,5,0,0,deathwish,AMERICAS
28476,45853,Split,Decider,Team Divinity,deathwish,deathwish,5240,Team Divinity,2049,5,7,6,5,0,0,deathwish,AMERICAS
28477,45854,Split,Decider,AG,ArchiGoKill,ArchiGoKill,5798,AG,4518,5,7,6,1,0,0,ArchiGoKill,AMERICAS
28477,45855,Icebox,Decider,AG,ArchiGoKill,ArchiGoKill,5798,AG,4518,7,5,6,6,0,0,AG,AMERICAS
28477,45856,Ascent,Decider,AG,ArchiGoKill,ArchiGoKill,5798,AG,4518,7,5,2,6,0,0,AG,AMERICAS
28478,45857,Ascent,Decider,deathwish,Anyway,Anyway,4522,deathwish,5240,6,6,4,7,0,0,deathwish,AMERICAS
28478,45858,Haven,Decider,Anyway,deathwish,Anyway,4522,deathwish,5240,1,11,2,2,0,0,deathwish,AMERICAS
28479,45860,Icebox,Decider,AG,SMARACIS eSports,SMARACIS eSports,3361,AG,4518,3,9,4,1,0,0,SMARACIS eSports,AMERICAS
28479,45861,Ascent,Decider,AG,SMARACIS eSports,SMARACIS eSports,3361,AG,4518,5,7,2,8,0,0,AG,AMERICAS
28479,45862,Haven,Decider,SMARACIS eSports,AG,SMARACIS eSports,3361,AG,4518,2,10,3,0,0,0,AG,AMERICAS
28480,45863,Breeze,Crypto Esports,deathwish,Crypto Esports,Crypto Esports,4621,deathwish,5240,9,3,3,4,0,0,deathwish,AMERICAS
28480,45864,Split,deathwish,Crypto Esports,deathwish,Crypto Esports,4621,deathwish,5240,9,3,4,4,0,0,Crypto Esports,AMERICAS
28480,45865,Ascent,Decider,deathwish,Crypto Esports,Crypto Esports,4621,deathwish,5240,5,7,6,6,0,0,Crypto Esports,AMERICAS
28935,46489,Icebox,Decider,tyeasy,Team Singularity,Team Singularity,1341,tyeasy,488,8,4,3,5,0,0,tyeasy,AMERICAS
28935,46490,Ascent,Decider,Team Singularity,tyeasy,Team Singularity,1341,tyeasy,488,8,4,0,5,0,0,Team Singularity,AMERICAS
28935,46491,Breeze,Decider,Team Singularity,tyeasy,Team Singularity,1341,tyeasy,488,6,6,3,7,0,0,Team Singularity,AMERICAS
28936,46492,Ascent,Decider,Crypto Esports,One Breath Gaming,One Breath Gaming,6267,Crypto Esports,4621,4,8,5,1,0,0,One Breath Gaming,AMERICAS
28936,46493,Split,Decider,One Breath Gaming,Crypto Esports,One Breath Gaming,6267,Crypto Esports,4621,7,5,3,6,0,0,One Breath Gaming,AMERICAS
28938,46498,Bind,Decider,AG,forZe,forZe,108,AG,4518,3,9,4,4,0,0,forZe,AMERICAS
28938,46499,Breeze,Decider,forZe,AG,forZe,108,AG,4518,5,7,0,8,0,0,forZe,AMERICAS
28937,46495,Bind,Axsor,GMT Esports,Axsor,Axsor,1342,GMT Esports,10094,8,4,3,5,0,0,GMT Esports,AMERICAS
28937,46496,Breeze,GMT Esports,GMT Esports,Axsor,Axsor,1342,GMT Esports,10094,2,10,3,7,0,0,Axsor,AMERICAS
28937,46497,Haven,Decider,Axsor,GMT Esports,Axsor,1342,GMT Esports,10094,9,3,1,4,0,0,Axsor,AMERICAS
28943,46515,Icebox,Decider,Crypto Esports,tyeasy,tyeasy,488,Crypto Esports,4621,5,7,6,1,0,0,tyeasy,AMERICAS
28943,46516,Ascent,Decider,tyeasy,Crypto Esports,tyeasy,488,Crypto Esports,4621,8,4,8,4,2,0,tyeasy,AMERICAS
28944,46518,Haven,Decider,AG,GMT Esports,GMT Esports,10094,AG,4518,5,7,4,8,0,0,AG,AMERICAS
28944,46519,Split,Decider,GMT Esports,AG,GMT Esports,10094,AG,4518,4,8,4,8,2,0,GMT Esports,AMERICAS
28944,46520,Bind,Decider,GMT Esports,AG,GMT Esports,10094,AG,4518,7,5,7,5,0,2,AG,AMERICAS
28939,46501,Breeze,Decider,One Breath Gaming,Team Singularity,Team Singularity,1341,One Breath Gaming,6267,3,9,4,3,0,0,Team Singularity,AMERICAS
28939,46502,Haven,Decider,Team Singularity,One Breath Gaming,Team Singularity,1341,One Breath Gaming,6267,9,3,2,4,0,0,Team Singularity,AMERICAS
28940,46504,Bind,forZe,Axsor,forZe,Axsor,1342,forZe,108,9,3,10,2,0,0,forZe,AMERICAS
28940,46505,Split,Axsor,forZe,Axsor,Axsor,1342,forZe,108,7,5,4,6,0,0,forZe,AMERICAS
28945,46521,Ascent,Axsor,tyeasy,Axsor,Axsor,1342,tyeasy,488,3,9,4,7,0,0,Axsor,AMERICAS
28945,46522,Split,tyeasy,Axsor,tyeasy,Axsor,1342,tyeasy,488,8,4,9,2,0,0,tyeasy,AMERICAS
28945,46523,Breeze,Axsor,tyeasy,Axsor,Axsor,1342,tyeasy,488,4,8,5,7,0,0,Axsor,AMERICAS
28941,46507,Icebox,forZe,Team Singularity,forZe,Team Singularity,1341,forZe,108,6,6,3,7,0,0,Team Singularity,AMERICAS
28941,46508,Haven,Team Singularity,forZe,Team Singularity,Team Singularity,1341,forZe,108,7,5,4,6,0,0,forZe,AMERICAS
28941,46509,Bind,forZe,forZe,Team Singularity,Team Singularity,1341,forZe,108,11,1,0,2,0,0,forZe,AMERICAS
28947,46527,Bind,Axsor,Axsor,One Breath Gaming,Axsor,1342,One Breath Gaming,6267,7,5,8,2,0,0,One Breath Gaming,AMERICAS
28947,46528,Ascent,One Breath Gaming,Axsor,One Breath Gaming,Axsor,1342,One Breath Gaming,6267,4,8,5,0,0,0,One Breath Gaming,AMERICAS
28948,46530,Ascent,Decider,Team Singularity,One Breath Gaming,Team Singularity,1341,One Breath Gaming,6267,6,6,7,1,0,0,One Breath Gaming,AMERICAS
28948,46531,Icebox,Decider,Team Singularity,One Breath Gaming,Team Singularity,1341,One Breath Gaming,6267,6,6,6,6,1,3,One Breath Gaming,AMERICAS
28948,46532,Bind,Decider,Team Singularity,One Breath Gaming,Team Singularity,1341,One Breath Gaming,6267,5,7,6,4,0,0,One Breath Gaming,AMERICAS
28942,46510,Haven,One Breath Gaming,forZe,One Breath Gaming,forZe,108,One Breath Gaming,6267,8,4,8,4,2,0,forZe,AMERICAS
28942,46511,Icebox,forZe,One Breath Gaming,forZe,forZe,108,One Breath Gaming,6267,7,5,4,6,0,0,One Breath Gaming,AMERICAS
28942,46512,Split,One Breath Gaming,forZe,One Breath Gaming,forZe,108,One Breath Gaming,6267,4,8,5,0,0,0,One Breath Gaming,AMERICAS
28942,46513,Bind,Decider,forZe,One Breath Gaming,forZe,108,One Breath Gaming,6267,6,6,3,7,0,0,forZe,AMERICAS
28942,46514,Breeze,Decider,forZe,One Breath Gaming,forZe,108,One Breath Gaming,6267,7,5,6,6,0,0,forZe,AMERICAS
23644,39023,Haven,Decider,Team Bachara,Team Heretics,Team Heretics,1001,Team Bachara,5194,1,11,2,0,0,0,Team Heretics,AMERICAS
23644,39024,Ascent,Decider,Team Heretics,Team Bachara,Team Heretics,1001,Team Bachara,5194,12,0,0,1,0,0,Team Heretics,AMERICAS
23645,39026,Ascent,Decider,Bifrost,MTP Esport,MTP Esport,4470,Bifrost,4675,6,6,7,2,0,0,MTP Esport,AMERICAS
23645,39027,Haven,Decider,MTP Esport,Bifrost,MTP Esport,4470,Bifrost,4675,8,4,1,5,0,0,MTP Esport,AMERICAS
23647,40182,Ascent,Decider,Xiron Gamers,Team Collusion,Team Collusion,5047,Xiron Gamers,5048,4,8,5,0,0,0,Team Collusion,AMERICAS
23647,40183,Bind,Decider,Team Collusion,Xiron Gamers,Team Collusion,5047,Xiron Gamers,5048,11,1,0,2,0,0,Team Collusion,AMERICAS
23648,39035,Haven,Decider,Meat Feast Gang,ShadowzGG,Meat Feast Gang,5049,ShadowzGG,5203,5,7,6,5,0,0,ShadowzGG,AMERICAS
23648,39036,Ascent,Decider,ShadowzGG,Meat Feast Gang,Meat Feast Gang,5049,ShadowzGG,5203,5,7,5,7,6,4,ShadowzGG,AMERICAS
23649,39038,Icebox,Decider,Immortal Rogues,Vacuumers,Vacuumers,3862,Immortal Rogues,5050,0,12,1,0,0,0,Vacuumers,AMERICAS
23649,39039,Ascent,Decider,Vacuumers,Immortal Rogues,Vacuumers,3862,Immortal Rogues,5050,11,1,1,2,0,0,Vacuumers,AMERICAS
23651,39044,Ascent,Decider,Kupalboys,Voltex,Voltex,5051,Kupalboys,4096,8,4,9,3,0,0,Voltex,AMERICAS
23651,39045,Haven,Decider,Kupalboys,Voltex,Voltex,5051,Kupalboys,4096,5,7,1,8,0,0,Kupalboys,AMERICAS
23651,39046,Split,Decider,Kupalboys,Voltex,Voltex,5051,Kupalboys,4096,6,6,6,6,0,2,Voltex,AMERICAS
23652,39047,Ascent,Decider,Megastitut,IceWolves Esports,Megastitut,686,IceWolves Esports,5198,7,5,3,6,0,0,Megastitut,AMERICAS
23652,39048,Icebox,Decider,IceWolves Esports,Megastitut,Megastitut,686,IceWolves Esports,5198,4,8,5,2,0,0,Megastitut,AMERICAS
23654,39053,Haven,Decider,Striking Vipers,Bonsoir,Bonsoir,5052,Striking Vipers,5204,0,12,1,0,0,0,Bonsoir,AMERICAS
23654,39054,Ascent,Decider,Bonsoir,Striking Vipers,Bonsoir,5052,Striking Vipers,5204,9,3,2,4,0,0,Bonsoir,AMERICAS
23655,39056,Ascent,Decider,HasbullahPeek,Budget Aimers,Budget Aimers,5053,HasbullahPeek,5054,7,5,3,6,0,0,HasbullahPeek,AMERICAS
23655,39057,Haven,Decider,Budget Aimers,HasbullahPeek,Budget Aimers,5053,HasbullahPeek,5054,9,3,4,4,0,0,Budget Aimers,AMERICAS
23655,39058,Icebox,Decider,Budget Aimers,HasbullahPeek,Budget Aimers,5053,HasbullahPeek,5054,5,7,6,6,0,0,HasbullahPeek,AMERICAS
23656,39059,Icebox,Decider,dfiance,Team Sampi,Team Sampi,1234,dfiance,3747,4,8,5,1,0,0,Team Sampi,AMERICAS
23656,39060,Bind,Decider,Team Sampi,dfiance,Team Sampi,1234,dfiance,3747,7,5,2,6,0,0,Team Sampi,AMERICAS
23657,39062,Split,Decider,UNDERDOGZ.,Vertical Seven Esports,Vertical Seven Esports,4995,UNDERDOGZ.,5055,8,4,9,1,0,0,Vertical Seven Esports,AMERICAS
23657,39063,Ascent,Decider,Vertical Seven Esports,UNDERDOGZ.,Vertical Seven Esports,4995,UNDERDOGZ.,5055,8,4,2,5,0,0,Vertical Seven Esports,AMERICAS
23658,39065,Ascent,Decider,The Stinking Geese,VAMOS,VAMOS,5056,The Stinking Geese,5208,5,7,6,3,0,0,VAMOS,AMERICAS
23658,39066,Icebox,Decider,VAMOS,The Stinking Geese,VAMOS,5056,The Stinking Geese,5208,10,2,0,3,0,0,VAMOS,AMERICAS
23659,39068,Ascent,Decider,ATRAVS,Exalty,Exalty,5719,ATRAVS,1875,8,4,8,4,2,0,ATRAVS,AMERICAS
23659,39069,Bind,Decider,ATRAVS,Exalty,Exalty,5719,ATRAVS,1875,7,5,8,3,0,0,Exalty,AMERICAS
23659,39070,Icebox,Decider,ATRAVS,Exalty,Exalty,5719,ATRAVS,1875,3,9,4,5,0,0,Exalty,AMERICAS
23660,39071,Bind,Decider,Wave Esports,Monkey Stars,Wave Esports,324,Monkey Stars,5195,10,2,5,3,0,0,Wave Esports,AMERICAS
23660,39072,Haven,Decider,Wave Esports,Monkey Stars,Wave Esports,324,Monkey Stars,5195,9,3,1,4,0,0,Wave Esports,AMERICAS
23661,39074,Bind,Decider,Playing Aliens,GRN Esports,GRN Esports,5058,Playing Aliens,5059,11,1,1,2,0,0,Playing Aliens,AMERICAS
23661,39075,Ascent,Decider,GRN Esports,Playing Aliens,GRN Esports,5058,Playing Aliens,5059,2,10,3,0,0,0,Playing Aliens,AMERICAS
23662,39077,Split,Decider,Asteria Gaming,Ukulele,Ukulele,5060,Asteria Gaming,5210,8,4,6,5,0,0,Asteria Gaming,AMERICAS
23662,39078,Haven,Decider,Ukulele,Asteria Gaming,Ukulele,5060,Asteria Gaming,5210,4,8,3,9,0,0,Ukulele,AMERICAS
23662,39079,Bind,Decider,Asteria Gaming,Ukulele,Ukulele,5060,Asteria Gaming,5210,7,5,7,5,2,0,Asteria Gaming,AMERICAS
23663,39080,Split,Decider,DoubleCross eSports,Pulsar Esport,Pulsar Esport,5061,DoubleCross eSports,3060,5,7,6,6,0,0,Pulsar Esport,AMERICAS
23663,39081,Ascent,Decider,Pulsar Esport,DoubleCross eSports,Pulsar Esport,5061,DoubleCross eSports,3060,8,4,2,5,0,0,Pulsar Esport,AMERICAS
23664,39083,Icebox,Decider,Gr1nd,STAGA,STAGA,2340,Gr1nd,4178,6,6,7,3,0,0,STAGA,AMERICAS
23664,39084,Haven,Decider,STAGA,Gr1nd,STAGA,2340,Gr1nd,4178,8,4,3,5,0,0,STAGA,AMERICAS
23665,39086,Bind,Decider,EXEN Esports,Team Endavant,Team Endavant,12782,EXEN Esports,4642,8,4,0,5,0,0,EXEN Esports,AMERICAS
23665,39087,Icebox,Decider,EXEN Esports,Team Endavant,Team Endavant,12782,EXEN Esports,4642,5,7,3,8,0,0,EXEN Esports,AMERICAS
23666,39089,Bind,Decider,CGN Esports,SHUSH,CGN Esports,5214,SHUSH,5212,12,0,0,1,0,0,CGN Esports,AMERICAS
23666,39090,Ascent,Decider,SHUSH,CGN Esports,CGN Esports,5214,SHUSH,5212,4,8,5,2,0,0,CGN Esports,AMERICAS
23667,39092,Bind,Decider,ooliganz,ENTS,ENTS,5062,ooliganz,5063,12,0,0,1,0,0,ooliganz,AMERICAS
23667,39093,Icebox,Decider,ENTS,ooliganz,ENTS,5062,ooliganz,5063,0,12,1,0,0,0,ooliganz,AMERICAS
23668,39095,Split,Decider,Lasagna Beam,TEAM CZAPKA,Lasagna Beam,3082,TEAM CZAPKA,5215,12,0,1,1,0,0,Lasagna Beam,AMERICAS
23668,39096,Icebox,Decider,Lasagna Beam,TEAM CZAPKA,Lasagna Beam,3082,TEAM CZAPKA,5215,9,3,1,4,0,0,Lasagna Beam,AMERICAS
23670,39101,Haven,Decider,catJAM,Average Joes,catJAM,5066,Average Joes,3915,2,10,3,1,0,0,Average Joes,AMERICAS
23670,39102,Icebox,Decider,Average Joes,catJAM,catJAM,5066,Average Joes,3915,6,6,2,7,0,0,Average Joes,AMERICAS
23673,39110,Haven,Decider,Fpalix,Jammers,Jammers,5069,Fpalix,5070,2,10,3,0,0,0,Jammers,AMERICAS
23673,39111,Ascent,Decider,Jammers,Fpalix,Jammers,5069,Fpalix,5070,10,2,0,3,0,0,Jammers,AMERICAS
23674,39113,Bind,Decider,FlashDash,WICKED,FlashDash,3325,WICKED,4579,8,4,2,5,0,0,FlashDash,AMERICAS
23674,39114,Split,Decider,FlashDash,WICKED,FlashDash,3325,WICKED,4579,2,10,3,0,0,0,WICKED,AMERICAS
23674,39115,Haven,Decider,WICKED,FlashDash,FlashDash,3325,WICKED,4579,8,4,9,3,0,0,FlashDash,AMERICAS
23675,39116,Split,Decider,Koudkouto,ShifterPro,ShifterPro,4108,Koudkouto,5071,7,5,8,2,0,0,ShifterPro,AMERICAS
23676,39119,Ascent,Decider,Godalions,Giants Gaming,Giants Gaming,2304,Godalions,3881,1,11,2,0,0,0,Giants Gaming,AMERICAS
23676,39120,Bind,Decider,Giants Gaming,Godalions,Giants Gaming,2304,Godalions,3881,9,3,0,4,0,0,Giants Gaming,AMERICAS
23678,39125,Haven,Decider,monkes,notbuiltdif,notbuiltdif,5073,monkes,5074,0,12,1,0,0,0,notbuiltdif,AMERICAS
23678,39126,Icebox,Decider,notbuiltdif,monkes,notbuiltdif,5073,monkes,5074,11,1,0,2,0,0,notbuiltdif,AMERICAS
23680,39131,Split,Decider,bref,DeftFox,DeftFox,2726,bref,1175,4,8,5,3,0,0,DeftFox,AMERICAS
23680,39132,Ascent,Decider,DeftFox,bref,DeftFox,2726,bref,1175,3,9,4,0,0,0,bref,AMERICAS
23680,39133,Breeze,Decider,bref,DeftFox,DeftFox,2726,bref,1175,5,7,5,7,2,0,bref,AMERICAS
23681,39134,Ascent,Decider,WakaWaka,Esport Empire,Esport Empire,3826,WakaWaka,5077,5,7,2,8,0,0,WakaWaka,AMERICAS
23681,39135,Bind,Decider,Esport Empire,WakaWaka,Esport Empire,3826,WakaWaka,5077,5,7,6,2,0,0,WakaWaka,AMERICAS
23682,39137,Ascent,Decider,bb kaverit,Baecon GG,Baecon GG,3391,bb kaverit,5216,4,8,5,3,0,0,Baecon GG,AMERICAS
23682,39138,Haven,Decider,Baecon GG,bb kaverit,Baecon GG,3391,bb kaverit,5216,6,6,7,5,0,0,bb kaverit,AMERICAS
23682,39139,Bind,Decider,bb kaverit,Baecon GG,Baecon GG,3391,bb kaverit,5216,7,5,8,4,0,0,Baecon GG,AMERICAS
23683,39140,Haven,Decider,Ingenuity,YAZDA,Ingenuity,2661,YAZDA,1903,3,9,4,6,0,0,YAZDA,AMERICAS
23683,39141,Bind,Decider,Ingenuity,YAZDA,Ingenuity,2661,YAZDA,1903,3,9,4,1,0,0,YAZDA,AMERICAS
23684,39143,Ascent,Decider,driveBy,Rix.GG Thunder,Rix.GG Thunder,2373,driveBy,4751,4,8,5,6,0,0,Rix.GG Thunder,AMERICAS
23684,39144,Split,Decider,Rix.GG Thunder,driveBy,Rix.GG Thunder,2373,driveBy,4751,9,3,3,4,0,0,Rix.GG Thunder,AMERICAS
23685,39146,Ascent,Decider,NEW LEGENDS GAMING,Angry Titans,Angry Titans,3347,NEW LEGENDS GAMING,2721,3,9,4,0,0,0,Angry Titans,AMERICAS
23685,39147,Split,Decider,Angry Titans,NEW LEGENDS GAMING,Angry Titans,3347,NEW LEGENDS GAMING,2721,11,1,1,2,0,0,Angry Titans,AMERICAS
23688,39155,Icebox,Decider,AREA,ORO Esports,AREA,4446,ORO Esports,5000,3,9,4,6,0,0,ORO Esports,AMERICAS
23688,39156,Split,Decider,ORO Esports,AREA,AREA,4446,ORO Esports,5000,1,11,2,2,0,0,AREA,AMERICAS
23688,39157,Bind,Decider,AREA,ORO Esports,AREA,4446,ORO Esports,5000,8,4,3,5,0,0,AREA,AMERICAS
23689,39158,Ascent,Decider,ehehxd,MIX2PLOUCS,MIX2PLOUCS,5080,ehehxd,756,11,1,0,2,0,0,ehehxd,AMERICAS
23689,39159,Haven,Decider,ehehxd,MIX2PLOUCS,MIX2PLOUCS,5080,ehehxd,756,10,2,3,3,0,0,ehehxd,AMERICAS
23690,39161,Bind,Decider,SPEDS,Lucky Boys,SPEDS,5081,Lucky Boys,3728,1,11,2,0,0,0,Lucky Boys,AMERICAS
23690,39162,Icebox,Decider,SPEDS,Lucky Boys,SPEDS,5081,Lucky Boys,3728,5,7,6,3,0,0,Lucky Boys,AMERICAS
23691,39164,Bind,Decider,Sabre,404 Multigaming,404 Multigaming,5082,Sabre,5083,3,9,4,5,0,0,404 Multigaming,AMERICAS
23691,39165,Ascent,Decider,404 Multigaming,Sabre,404 Multigaming,5082,Sabre,5083,8,4,8,4,2,0,404 Multigaming,AMERICAS
23692,39167,Bind,Decider,HEET,Kolossus Academy,HEET,2408,Kolossus Academy,5196,9,3,0,4,0,0,HEET,AMERICAS
23692,39168,Icebox,Decider,Kolossus Academy,HEET,HEET,2408,Kolossus Academy,5196,0,12,1,0,0,0,HEET,AMERICAS
23693,39170,Ascent,Decider,Team Deira,eSuba,eSuba,1474,Team Deira,5084,1,11,2,0,0,0,eSuba,AMERICAS
23693,39171,Haven,Decider,eSuba,Team Deira,eSuba,1474,Team Deira,5084,10,2,2,3,0,0,eSuba,AMERICAS
23694,39173,Ascent,Decider,The Future,Head Hunter's,The Future,5085,Head Hunter's,5086,11,1,0,2,0,0,The Future,AMERICAS
23694,39174,Haven,Decider,Head Hunter's,The Future,The Future,5085,Head Hunter's,5086,5,7,6,2,0,0,The Future,AMERICAS
23695,39176,Split,Decider,UBITEAM,Les Zinzins De Lespace,Les Zinzins De Lespace,4877,UBITEAM,2058,3,9,4,3,0,0,Les Zinzins De Lespace,AMERICAS
23695,39177,Bind,Decider,Les Zinzins De Lespace,UBITEAM,Les Zinzins De Lespace,4877,UBITEAM,2058,9,3,3,4,0,0,Les Zinzins De Lespace,AMERICAS
23696,39179,Icebox,Decider,M4LIK,Cock Esports,M4LIK,4568,Cock Esports,5217,12,0,0,1,0,0,M4LIK,AMERICAS
23696,39180,Ascent,Decider,M4LIK,Cock Esports,M4LIK,4568,Cock Esports,5217,12,0,0,1,0,0,M4LIK,AMERICAS
23697,39182,Split,Decider,Full Flashed,Native 2 Empire,Native 2 Empire,4775,Full Flashed,3832,9,3,6,4,0,0,Full Flashed,AMERICAS
23697,39183,Ascent,Decider,Native 2 Empire,Full Flashed,Native 2 Empire,4775,Full Flashed,3832,7,5,6,6,0,0,Native 2 Empire,AMERICAS
23697,39184,Haven,Decider,Full Flashed,Native 2 Empire,Native 2 Empire,4775,Full Flashed,3832,5,7,6,6,0,0,Native 2 Empire,AMERICAS
23698,39185,Ascent,Decider,unjobbed,NowyTowiec,NowyTowiec,5088,unjobbed,4960,5,7,0,8,0,0,unjobbed,AMERICAS
23698,39186,Bind,Decider,NowyTowiec,unjobbed,NowyTowiec,5088,unjobbed,4960,3,9,4,2,0,0,unjobbed,AMERICAS
23700,39191,Ascent,Decider,Illés Akadémia Spirit,BIG,BIG,472,Illés Akadémia Spirit,2176,3,9,4,0,0,0,BIG,AMERICAS
23700,39192,Bind,Decider,BIG,Illés Akadémia Spirit,BIG,472,Illés Akadémia Spirit,2176,11,1,0,2,0,0,BIG,AMERICAS
23702,39197,Icebox,Decider,Balkan Stars,Celestial Esports,Celestial Esports,2733,Balkan Stars,5218,3,9,4,5,0,0,Celestial Esports,AMERICAS
23702,39198,Bind,Decider,Celestial Esports,Balkan Stars,Celestial Esports,2733,Balkan Stars,5218,6,6,7,4,0,0,Balkan Stars,AMERICAS
23702,39199,Haven,Decider,Balkan Stars,Celestial Esports,Celestial Esports,2733,Balkan Stars,5218,10,2,1,3,0,0,Balkan Stars,AMERICAS
23703,39200,Haven,Decider,Project X,Judge Rush,Judge Rush,5092,Project X,5093,4,8,5,2,0,0,Judge Rush,AMERICAS
23703,39201,Ascent,Decider,Judge Rush,Project X,Judge Rush,5092,Project X,5093,5,7,6,6,0,0,Project X,AMERICAS
23703,39202,Breeze,Decider,Project X,Judge Rush,Judge Rush,5092,Project X,5093,4,8,5,2,0,0,Judge Rush,AMERICAS
23704,39203,Ascent,Decider,KILLJOY GAMING,FTW Esports,FTW Esports,1791,KILLJOY GAMING,5219,3,9,4,1,0,0,FTW Esports,AMERICAS
23704,39204,Haven,Decider,FTW Esports,KILLJOY GAMING,FTW Esports,1791,KILLJOY GAMING,5219,10,2,4,3,0,0,FTW Esports,AMERICAS
23706,39209,Haven,Decider,NoPracc,The Goose House Lunar,NoPracc,5247,The Goose House Lunar,5220,10,2,6,3,0,0,NoPracc,AMERICAS
23706,39210,Ascent,Decider,The Goose House Lunar,NoPracc,NoPracc,5247,The Goose House Lunar,5220,4,8,5,1,0,0,NoPracc,AMERICAS
23707,39212,Icebox,Decider,Ovation eSports,Secret Esports,Ovation eSports,4173,Secret Esports,5096,12,0,0,1,0,0,Ovation eSports,AMERICAS
23707,39213,Split,Decider,Ovation eSports,Secret Esports,Ovation eSports,4173,Secret Esports,5096,11,1,2,2,0,0,Ovation eSports,AMERICAS
23708,39215,Icebox,Decider,Somalia,Alliance,Alliance,2533,Somalia,5994,6,6,7,1,0,0,Alliance,AMERICAS
23708,39216,Ascent,Decider,Alliance,Somalia,Alliance,2533,Somalia,5994,5,7,5,7,2,0,Alliance,AMERICAS
23709,39218,Bind,Decider,Amegakure,SLAYER,SLAYER,5097,Amegakure,5098,10,2,0,3,0,0,Amegakure,AMERICAS
23709,39219,Ascent,Decider,SLAYER,Amegakure,SLAYER,5097,Amegakure,5098,4,8,5,1,0,0,Amegakure,AMERICAS
23710,39221,Ascent,Decider,KPI Gaming,Nexus Gaming,Nexus Gaming,4553,KPI Gaming,6313,10,2,3,3,0,0,KPI Gaming,AMERICAS
23710,39222,Haven,Decider,Nexus Gaming,KPI Gaming,Nexus Gaming,4553,KPI Gaming,6313,8,4,8,4,3,5,KPI Gaming,AMERICAS
23711,39224,Split,Decider,Scythe of Seraph,Leftovers,Leftovers,4644,Scythe of Seraph,2064,3,9,4,0,0,0,Leftovers,AMERICAS
23711,39225,Bind,Decider,Leftovers,Scythe of Seraph,Leftovers,4644,Scythe of Seraph,2064,11,1,0,2,0,0,Leftovers,AMERICAS
23712,39227,Icebox,Decider,Cunning Stunts,Yendez,Yendez,1174,Cunning Stunts,4736,4,8,5,4,0,0,Yendez,AMERICAS
23712,39228,Ascent,Decider,Yendez,Cunning Stunts,Yendez,1174,Cunning Stunts,4736,10,2,0,3,0,0,Yendez,AMERICAS
23713,39230,Haven,Decider,noFEAR,washedfortniteboomers,noFEAR,2930,washedfortniteboomers,5099,11,1,0,2,0,0,noFEAR,AMERICAS
23713,39231,Split,Decider,noFEAR,washedfortniteboomers,noFEAR,2930,washedfortniteboomers,5099,10,2,0,3,0,0,noFEAR,AMERICAS
23714,39233,Bind,Decider,King's Gambit,Reject$,King's Gambit,4203,Reject$,4878,3,9,4,1,0,0,Reject$,AMERICAS
23714,39234,Haven,Decider,King's Gambit,Reject$,King's Gambit,4203,Reject$,4878,5,7,6,2,0,0,Reject$,AMERICAS
23715,39236,Haven,Decider,BLXST,mode:,BLXST,4393,mode:,5100,6,6,0,7,0,0,BLXST,AMERICAS
23715,39237,Split,Decider,mode:,BLXST,BLXST,4393,mode:,5100,2,10,3,0,0,0,BLXST,AMERICAS
23716,39239,Ascent,Decider,19esports,Storm7,19esports,6139,Storm7,4735,7,5,1,6,0,0,19esports,AMERICAS
23716,39240,Icebox,Decider,Storm7,19esports,19esports,6139,Storm7,4735,2,10,3,0,0,0,19esports,AMERICAS
23717,39242,Ascent,Decider,SurrealpLay,HeadShotByWig,HeadShotByWig,5101,SurrealpLay,2326,9,3,2,4,0,0,SurrealpLay,AMERICAS
23717,39243,Haven,Decider,SurrealpLay,HeadShotByWig,HeadShotByWig,5101,SurrealpLay,2326,9,3,7,4,0,0,SurrealpLay,AMERICAS
23719,39248,Ascent,Decider,EGN Esports,Prestigious Women,Prestigious Women,5102,EGN Esports,4671,12,0,1,1,0,0,EGN Esports,AMERICAS
23719,39249,Haven,Decider,EGN Esports,Prestigious Women,Prestigious Women,5102,EGN Esports,4671,9,3,2,4,0,0,EGN Esports,AMERICAS
23720,39251,Split,Decider,couchless,Movistar Riders,Movistar Riders,2499,couchless,3940,3,9,4,4,0,0,Movistar Riders,AMERICAS
23720,39252,Ascent,Decider,Movistar Riders,couchless,Movistar Riders,2499,couchless,3940,11,1,1,2,0,0,Movistar Riders,AMERICAS
23721,39254,Ascent,Decider,Prinzen von Stuttgart,MallunRed,MallunRed,5103,Prinzen von Stuttgart,4137,4,8,5,0,0,0,MallunRed,AMERICAS
23721,39255,Haven,Decider,MallunRed,Prinzen von Stuttgart,MallunRed,5103,Prinzen von Stuttgart,4137,6,6,4,7,0,0,MallunRed,AMERICAS
23722,39257,Haven,Decider,Rapture Esports,Békéscsabai E-sport Egyesület,Békéscsabai E-sport Egyesület,3861,Rapture Esports,4796,4,8,3,9,0,0,Rapture Esports,AMERICAS
23722,39258,Bind,Decider,Békéscsabai E-sport Egyesület,Rapture Esports,Békéscsabai E-sport Egyesület,3861,Rapture Esports,4796,8,4,2,5,0,0,Békéscsabai E-sport Egyesület,AMERICAS
23722,39259,Breeze,Decider,Rapture Esports,Békéscsabai E-sport Egyesület,Békéscsabai E-sport Egyesület,3861,Rapture Esports,4796,2,10,3,2,0,0,Békéscsabai E-sport Egyesület,AMERICAS
23724,39263,Ascent,Decider,Rhyno Esports,Illuminar Gaming,Illuminar Gaming,3710,Rhyno Esports,5199,6,6,4,7,0,0,Rhyno Esports,AMERICAS
23724,39264,Icebox,Decider,Illuminar Gaming,Rhyno Esports,Illuminar Gaming,3710,Rhyno Esports,5199,8,4,1,5,0,0,Illuminar Gaming,AMERICAS
23724,39265,Split,Decider,Rhyno Esports,Illuminar Gaming,Illuminar Gaming,3710,Rhyno Esports,5199,4,8,1,9,0,0,Rhyno Esports,AMERICAS
23727,39272,Haven,Decider,Decend,Can't Be Touched,Decend,5107,Can't Be Touched,4947,1,11,2,0,0,0,Can't Be Touched,AMERICAS
23727,39273,Ascent,Decider,Can't Be Touched,Decend,Decend,5107,Can't Be Touched,4947,4,8,2,9,0,0,Can't Be Touched,AMERICAS
23727,39274,Bind,Decider,Can't Be Touched,Decend,Decend,5107,Can't Be Touched,4947,6,6,7,3,0,0,Decend,AMERICAS
23728,39275,Ascent,Decider,GrandSpirit,iPon Esport,iPon Esport,576,GrandSpirit,3924,4,8,5,3,0,0,iPon Esport,AMERICAS
23728,39276,Split,Decider,iPon Esport,GrandSpirit,iPon Esport,576,GrandSpirit,3924,8,4,4,5,0,0,iPon Esport,AMERICAS
23730,39281,Bind,Decider,Team Name,rööcivarkaat,rööcivarkaat,5110,Team Name,5223,7,5,2,6,0,0,Team Name,AMERICAS
23730,39282,Ascent,Decider,rööcivarkaat,Team Name,rööcivarkaat,5110,Team Name,5223,0,12,1,10,0,0,Team Name,AMERICAS
23732,39287,Ascent,Decider,Winfinity,Finest,Finest,673,Winfinity,1250,2,10,3,2,0,0,Finest,AMERICAS
23732,39288,Bind,Decider,Finest,Winfinity,Finest,673,Winfinity,1250,6,6,6,6,0,1,Winfinity,AMERICAS
23732,39289,Haven,Decider,Winfinity,Finest,Finest,673,Winfinity,1250,6,6,7,3,0,0,Finest,AMERICAS
23733,39290,Split,Decider,John Howard,BIG WIN,BIG WIN,5112,John Howard,1558,10,2,0,3,0,0,John Howard,AMERICAS
23733,39291,Icebox,Decider,BIG WIN,John Howard,BIG WIN,5112,John Howard,1558,2,10,3,7,0,0,John Howard,AMERICAS
23735,39296,Haven,Decider,Last Chance,Machine Soldiers,Machine Soldiers,5114,Last Chance,5115,5,7,6,5,0,0,Machine Soldiers,AMERICAS
23735,39297,Ascent,Decider,Machine Soldiers,Last Chance,Machine Soldiers,5114,Last Chance,5115,0,12,1,1,0,0,Last Chance,AMERICAS
23735,39298,Split,Decider,Last Chance,Machine Soldiers,Machine Soldiers,5114,Last Chance,5115,9,3,3,4,0,0,Last Chance,AMERICAS
23736,39299,Bind,Decider,Spanish Mix,OG,OG,2965,Spanish Mix,5200,0,12,1,0,0,0,OG,AMERICAS
23736,39300,Icebox,Decider,OG,Spanish Mix,OG,2965,Spanish Mix,5200,12,0,0,1,0,0,OG,AMERICAS
23738,39305,Breeze,Decider,15 Kings,NEBULAA,15 Kings,5118,NEBULAA,3724,9,3,2,4,0,0,15 Kings,AMERICAS
23738,39306,Haven,Decider,15 Kings,NEBULAA,15 Kings,5118,NEBULAA,3724,6,6,7,0,0,0,NEBULAA,AMERICAS
23738,39307,Icebox,Decider,NEBULAA,15 Kings,15 Kings,5118,NEBULAA,3724,5,7,3,8,0,0,NEBULAA,AMERICAS
23739,39308,Split,Decider,The Nyan's,dgen,dgen,3854,The Nyan's,5119,11,1,0,2,0,0,The Nyan's,AMERICAS
23739,39309,Ascent,Decider,dgen,The Nyan's,dgen,3854,The Nyan's,5119,1,11,2,0,0,0,The Nyan's,AMERICAS
23740,39311,Icebox,Decider,La Menace Fantôme,G2 Esports,G2 Esports,257,La Menace Fantôme,5201,1,11,2,0,0,0,G2 Esports,AMERICAS
23740,39312,Bind,Decider,G2 Esports,La Menace Fantôme,G2 Esports,257,La Menace Fantôme,5201,8,4,2,5,0,0,G2 Esports,AMERICAS
23742,39317,Breeze,Decider,Nth Gaming,Team Queso,Nth Gaming,5121,Team Queso,4538,1,11,2,0,0,0,Team Queso,AMERICAS
23742,39318,Ascent,Decider,Team Queso,Nth Gaming,Nth Gaming,5121,Team Queso,4538,12,0,0,1,0,0,Team Queso,AMERICAS
23744,39323,Ascent,Decider,EXCEL,Skelp Esports,EXCEL,3525,Skelp Esports,4699,10,2,0,3,0,0,EXCEL,AMERICAS
23744,39324,Split,Decider,EXCEL,Skelp Esports,EXCEL,3525,Skelp Esports,4699,10,2,0,3,0,0,EXCEL,AMERICAS
23745,39326,Ascent,Decider,Mastery,Macko Esports,Macko Esports,3895,Mastery,5123,1,11,2,2,0,0,Macko Esports,AMERICAS
23745,39327,Split,Decider,Macko Esports,Mastery,Macko Esports,3895,Mastery,5123,11,1,2,2,0,0,Macko Esports,AMERICAS
23746,39329,Icebox,Decider,Dame Time,Initiative,Initiative,5124,Dame Time,3819,4,8,5,4,0,0,Initiative,AMERICAS
23746,39330,Split,Decider,Initiative,Dame Time,Initiative,5124,Dame Time,3819,7,5,8,4,0,0,Dame Time,AMERICAS
23746,39331,Ascent,Decider,Dame Time,Initiative,Initiative,5124,Dame Time,3819,1,11,2,0,0,0,Initiative,AMERICAS
23747,39332,Bind,Decider,UCAM Esports Club,HIGHFIVE,HIGHFIVE,5125,UCAM Esports Club,4616,11,1,0,2,0,0,UCAM Esports Club,AMERICAS
23747,39333,Ascent,Decider,HIGHFIVE,UCAM Esports Club,HIGHFIVE,5125,UCAM Esports Club,4616,1,11,2,1,0,0,UCAM Esports Club,AMERICAS
23748,39335,Ascent,Decider,UFO,LDN UTD,LDN UTD,6460,UFO,5225,3,9,4,3,0,0,LDN UTD,AMERICAS
23748,39336,Icebox,Decider,UFO,LDN UTD,LDN UTD,6460,UFO,5225,1,11,2,9,0,0,LDN UTD,AMERICAS
23749,39338,Haven,Decider,locust,Amazing,Amazing,5126,locust,4099,9,3,0,4,0,0,locust,AMERICAS
23749,39339,Bind,Decider,Amazing,locust,Amazing,5126,locust,4099,7,5,4,6,0,0,Amazing,AMERICAS
23749,39340,Icebox,Decider,locust,Amazing,Amazing,5126,locust,4099,8,4,0,5,0,0,locust,AMERICAS
23750,39341,Ascent,Decider,Mantis,PANAIF,Mantis,4950,PANAIF,5226,8,4,9,3,0,0,PANAIF,AMERICAS
23750,39342,Split,Decider,Mantis,PANAIF,Mantis,4950,PANAIF,5226,7,5,1,6,0,0,Mantis,AMERICAS
23750,39343,Breeze,Decider,PANAIF,Mantis,Mantis,4950,PANAIF,5226,4,8,5,2,0,0,Mantis,AMERICAS
23751,39344,Haven,Decider,Samurais in Business Suits,Humanity Esport,Samurais in Business Suits,5127,Humanity Esport,5128,5,7,6,2,0,0,Humanity Esport,AMERICAS
23751,39345,Bind,Decider,Samurais in Business Suits,Humanity Esport,Samurais in Business Suits,5127,Humanity Esport,5128,9,3,7,4,0,0,Samurais in Business Suits,AMERICAS
23751,39346,Icebox,Decider,Humanity Esport,Samurais in Business Suits,Samurais in Business Suits,5127,Humanity Esport,5128,7,5,0,6,0,0,Humanity Esport,AMERICAS
23752,39347,Haven,Decider,junummer,Cream Real Betis,Cream Real Betis,1035,junummer,4643,4,8,3,9,0,0,junummer,AMERICAS
23752,39348,Icebox,Decider,Cream Real Betis,junummer,Cream Real Betis,1035,junummer,4643,4,8,3,9,0,0,Cream Real Betis,AMERICAS
23752,39349,Bind,Decider,junummer,Cream Real Betis,Cream Real Betis,1035,junummer,4643,5,7,6,4,0,0,Cream Real Betis,AMERICAS
23753,39350,Icebox,Decider,,,ECM FCG eSports,1796,Team Plague,5129,0,0,0,0,0,0,Draw,AMERICAS
23753,39351,Ascent,Decider,ECM FCG eSports,Team Plague,ECM FCG eSports,1796,Team Plague,5129,7,5,7,5,2,0,ECM FCG eSports,AMERICAS
23754,39353,Ascent,Decider,MDS Factory,IPL E-SPORT,IPL E-SPORT,5130,MDS Factory,5228,9,3,6,4,0,0,MDS Factory,AMERICAS
23754,39354,Icebox,Decider,IPL E-SPORT,MDS Factory,IPL E-SPORT,5130,MDS Factory,5228,7,5,8,1,0,0,MDS Factory,AMERICAS
23755,39356,Ascent,Decider,Ziomki Poziomki,ownage,ownage,3653,Ziomki Poziomki,5131,0,12,1,0,0,0,ownage,AMERICAS
23755,39357,Breeze,Decider,ownage,Ziomki Poziomki,ownage,3653,Ziomki Poziomki,5131,12,0,0,1,0,0,ownage,AMERICAS
23756,39359,Haven,Decider,iNCREDIBLES,SAW,SAW,2755,iNCREDIBLES,5229,4,8,5,2,0,0,SAW,AMERICAS
23756,39360,Ascent,Decider,SAW,iNCREDIBLES,SAW,2755,iNCREDIBLES,5229,11,1,0,2,0,0,SAW,AMERICAS
23758,39365,Ascent,Decider,FARMERS,ReviveMeJett,ReviveMeJett,4704,FARMERS,5133,3,9,4,2,0,0,ReviveMeJett,AMERICAS
23758,39366,Split,Decider,ReviveMeJett,FARMERS,ReviveMeJett,4704,FARMERS,5133,8,4,9,0,0,0,FARMERS,AMERICAS
23758,39367,Bind,Decider,FARMERS,ReviveMeJett,ReviveMeJett,4704,FARMERS,5133,3,9,4,5,0,0,ReviveMeJett,AMERICAS
23759,39368,Icebox,Decider,PointAndClick,karmeliet,karmeliet,5134,PointAndClick,3047,6,6,2,7,0,0,PointAndClick,AMERICAS
23759,39369,Haven,Decider,karmeliet,PointAndClick,karmeliet,5134,PointAndClick,3047,4,8,5,1,0,0,PointAndClick,AMERICAS
23760,39371,Bind,Decider,WiLD MultiGaming,IVY,IVY,3114,WiLD MultiGaming,4670,6,6,7,2,0,0,IVY,AMERICAS
23760,39372,Split,Decider,IVY,WiLD MultiGaming,IVY,3114,WiLD MultiGaming,4670,3,9,3,9,3,1,IVY,AMERICAS
23761,39374,Split,Decider,Precision-Gaming,Rave Party,Rave Party,5135,Precision-Gaming,5136,3,9,4,4,0,0,Rave Party,AMERICAS
23761,39375,Haven,Decider,Precision-Gaming,Rave Party,Rave Party,5135,Precision-Gaming,5136,4,8,5,1,0,0,Rave Party,AMERICAS
23762,39377,Icebox,Decider,ValorEitis,Deviance,Deviance,4952,ValorEitis,5230,2,10,3,1,0,0,Deviance,AMERICAS
23762,39378,Haven,Decider,Deviance,ValorEitis,Deviance,4952,ValorEitis,5230,9,3,2,4,0,0,Deviance,AMERICAS
23763,39380,Icebox,Decider,Masonic,Original Gamers,Original Gamers,5137,Masonic,5138,8,4,4,5,0,0,Masonic,AMERICAS
23763,39381,Ascent,Decider,Original Gamers,Masonic,Original Gamers,5137,Masonic,5138,3,9,4,0,0,0,Masonic,AMERICAS
23764,39383,Haven,Decider,TENSTAR,Parek v rohliku,TENSTAR,4663,Parek v rohliku,5231,10,2,0,3,0,0,TENSTAR,AMERICAS
23764,39384,Ascent,Decider,TENSTAR,Parek v rohliku,TENSTAR,4663,Parek v rohliku,5231,9,3,0,4,0,0,TENSTAR,AMERICAS
23766,39389,Haven,Decider,Aesir Esports,Rugrats,Rugrats,5245,Aesir Esports,4085,1,11,2,2,0,0,Rugrats,AMERICAS
23766,39390,Ascent,Decider,Rugrats,Aesir Esports,Rugrats,5245,Aesir Esports,4085,8,4,5,5,0,0,Rugrats,AMERICAS
23767,39392,Icebox,Decider,SICKTHICK,Sentry Esports,SICKTHICK,5141,Sentry Esports,5142,8,4,0,5,0,0,SICKTHICK,AMERICAS
23767,39393,Ascent,Decider,SICKTHICK,Sentry Esports,SICKTHICK,5141,Sentry Esports,5142,9,3,6,4,0,0,SICKTHICK,AMERICAS
23768,39395,Icebox,Decider,Sissi State Punks,Need4Food,Need4Food,4750,Sissi State Punks,5233,4,8,5,1,0,0,Need4Food,AMERICAS
23768,39396,Bind,Decider,Need4Food,Sissi State Punks,Need4Food,4750,Sissi State Punks,5233,8,4,1,5,0,0,Need4Food,AMERICAS
23769,39398,Ascent,Decider,FOXA NSV,need girlfriend,need girlfriend,4196,FOXA NSV,4946,6,6,7,3,0,0,need girlfriend,AMERICAS
23769,39399,Haven,Decider,need girlfriend,FOXA NSV,need girlfriend,4196,FOXA NSV,4946,1,11,2,2,0,0,FOXA NSV,AMERICAS
23769,39400,Split,Decider,FOXA NSV,need girlfriend,need girlfriend,4196,FOXA NSV,4946,5,7,6,5,0,0,need girlfriend,AMERICAS
23770,39401,Split,Decider,The Goose House,miks,miks,5143,The Goose House,3283,6,6,2,7,0,0,The Goose House,AMERICAS
23770,39402,Ascent,Decider,miks,The Goose House,miks,5143,The Goose House,3283,7,5,4,6,0,0,miks,AMERICAS
23770,39403,Breeze,Decider,The Goose House,miks,miks,5143,The Goose House,3283,2,10,3,0,0,0,miks,AMERICAS
23672,39107,Haven,Decider,MSP,Edelweiss Esports,Edelweiss Esports,2607,MSP,5242,1,11,2,0,0,0,Edelweiss Esports,AMERICAS
23672,39108,Bind,Decider,Edelweiss Esports,MSP,Edelweiss Esports,2607,MSP,5242,9,3,0,4,0,0,Edelweiss Esports,AMERICAS
23806,39509,Breeze,Decider,noFEAR,Yendez,Yendez,1174,noFEAR,2930,5,7,6,0,0,0,Yendez,AMERICAS
23806,39510,Haven,Decider,Yendez,noFEAR,Yendez,1174,noFEAR,2930,7,5,2,6,0,0,Yendez,AMERICAS
23772,39407,Haven,Decider,MTP Esport,Team Heretics,Team Heretics,1001,MTP Esport,4470,3,9,4,3,0,0,Team Heretics,AMERICAS
23772,39408,Split,Decider,Team Heretics,MTP Esport,Team Heretics,1001,MTP Esport,4470,8,4,8,4,4,2,Team Heretics,AMERICAS
23802,39497,Ascent,Decider,The Paw Brothers,FTW Esports,FTW Esports,1791,The Paw Brothers,5094,4,8,5,0,0,0,FTW Esports,AMERICAS
23802,39498,Bind,Decider,FTW Esports,The Paw Brothers,FTW Esports,1791,The Paw Brothers,5094,7,5,8,2,0,0,The Paw Brothers,AMERICAS
23802,39499,Split,Decider,The Paw Brothers,FTW Esports,FTW Esports,1791,The Paw Brothers,5094,7,5,6,6,0,0,The Paw Brothers,AMERICAS
23818,39545,Bind,Decider,Vieux Touristes,OG,OG,2965,Vieux Touristes,5117,0,12,1,0,0,0,OG,AMERICAS
23818,39546,Split,Decider,OG,Vieux Touristes,OG,2965,Vieux Touristes,5117,12,0,0,1,0,0,OG,AMERICAS
23820,39551,Icebox,Decider,G2 Esports,Grow uP eSports,G2 Esports,257,Grow uP eSports,1810,9,3,1,4,0,0,G2 Esports,AMERICAS
23820,39552,Ascent,Decider,G2 Esports,Grow uP eSports,G2 Esports,257,Grow uP eSports,1810,10,2,0,3,0,0,G2 Esports,AMERICAS
23828,39575,Breeze,Decider,SAW,TEMPO,SAW,2755,TEMPO,2635,8,4,3,5,0,0,SAW,AMERICAS
23828,39576,Icebox,Decider,SAW,TEMPO,SAW,2755,TEMPO,2635,11,1,0,2,0,0,SAW,AMERICAS
23773,39410,Split,Decider,Team Collusion,BK ROG Esports,BK ROG Esports,4471,Team Collusion,5047,0,12,1,0,0,0,BK ROG Esports,AMERICAS
23773,39411,Icebox,Decider,BK ROG Esports,Team Collusion,BK ROG Esports,4471,Team Collusion,5047,9,3,1,4,0,0,BK ROG Esports,AMERICAS
23774,39413,Icebox,Decider,ShadowzGG,Vacuumers,ShadowzGG,5203,Vacuumers,3862,1,11,2,0,0,0,Vacuumers,AMERICAS
23774,39414,Haven,Decider,Vacuumers,ShadowzGG,ShadowzGG,5203,Vacuumers,3862,11,1,0,2,0,0,Vacuumers,AMERICAS
23775,39416,Haven,Decider,WLGaming Esports,Voltex,WLGaming Esports,4141,Voltex,5051,8,4,1,5,0,0,WLGaming Esports,AMERICAS
23775,39417,Ascent,Decider,WLGaming Esports,Voltex,WLGaming Esports,4141,Voltex,5051,11,1,0,2,0,0,WLGaming Esports,AMERICAS
23776,39419,Breeze,Decider,Megastitut,Fratres,Megastitut,686,Fratres,2657,9,3,1,4,0,0,Megastitut,AMERICAS
23776,39420,Icebox,Decider,Fratres,Megastitut,Megastitut,686,Fratres,2657,4,8,5,5,0,0,Megastitut,AMERICAS
23777,39422,Haven,Decider,Bonsoir,HasbullahPeek,Bonsoir,5052,HasbullahPeek,5054,3,9,4,4,0,0,HasbullahPeek,AMERICAS
23777,39423,Ascent,Decider,HasbullahPeek,Bonsoir,Bonsoir,5052,HasbullahPeek,5054,7,5,8,1,0,0,Bonsoir,AMERICAS
23777,39424,Icebox,Decider,HasbullahPeek,Bonsoir,Bonsoir,5052,HasbullahPeek,5054,3,9,4,4,0,0,Bonsoir,AMERICAS
23778,39425,Icebox,Decider,Vertical Seven Esports,Team Sampi,Team Sampi,1234,Vertical Seven Esports,4995,7,5,7,5,0,2,Team Sampi,AMERICAS
23778,39426,Split,Decider,Team Sampi,Vertical Seven Esports,Team Sampi,1234,Vertical Seven Esports,4995,5,7,1,8,0,0,Team Sampi,AMERICAS
23779,39428,Split,Decider,Exalty,VAMOS,VAMOS,5056,Exalty,5719,7,5,2,6,0,0,Exalty,AMERICAS
23779,39429,Ascent,Decider,VAMOS,Exalty,VAMOS,5056,Exalty,5719,8,4,2,5,0,0,VAMOS,AMERICAS
23779,39430,Icebox,Decider,VAMOS,Exalty,VAMOS,5056,Exalty,5719,7,5,2,6,0,0,VAMOS,AMERICAS
23780,39431,Haven,Decider,Playing Aliens,Wave Esports,Wave Esports,324,Playing Aliens,5059,2,10,3,0,0,0,Wave Esports,AMERICAS
23780,39432,Split,Decider,Wave Esports,Playing Aliens,Wave Esports,324,Playing Aliens,5059,9,3,0,4,0,0,Wave Esports,AMERICAS
23781,39434,Haven,Decider,Pulsar Esport,Asteria Gaming,Asteria Gaming,5210,Pulsar Esport,5061,7,5,8,4,0,0,Asteria Gaming,AMERICAS
23781,39435,Split,Decider,Asteria Gaming,Pulsar Esport,Asteria Gaming,5210,Pulsar Esport,5061,10,2,4,3,0,0,Asteria Gaming,AMERICAS
23782,39437,Bind,Decider,EXEN Esports,STAGA,STAGA,2340,EXEN Esports,4642,4,8,5,5,0,0,STAGA,AMERICAS
23782,39438,Icebox,Decider,STAGA,EXEN Esports,STAGA,2340,EXEN Esports,4642,10,2,2,3,0,0,STAGA,AMERICAS
23783,39440,Ascent,Decider,ooliganz,CGN Esports,CGN Esports,5214,ooliganz,5063,5,7,6,2,0,0,CGN Esports,AMERICAS
23783,39441,Bind,Decider,CGN Esports,ooliganz,CGN Esports,5214,ooliganz,5063,6,6,3,7,0,0,CGN Esports,AMERICAS
23784,39443,Split,Decider,5 baguettes,Lasagna Beam,Lasagna Beam,3082,5 baguettes,5065,6,6,7,0,0,0,Lasagna Beam,AMERICAS
23784,39444,Ascent,Decider,Lasagna Beam,5 baguettes,Lasagna Beam,3082,5 baguettes,5065,7,5,6,6,0,0,Lasagna Beam,AMERICAS
23785,39446,Haven,Decider,UnderDogs Gaming,Average Joes,Average Joes,3915,UnderDogs Gaming,5067,8,4,9,2,0,0,Average Joes,AMERICAS
23785,39447,Split,Decider,Average Joes,UnderDogs Gaming,Average Joes,3915,UnderDogs Gaming,5067,8,4,8,4,5,3,Average Joes,AMERICAS
23786,39449,Haven,Decider,Jammers,Edelweiss Esports,Edelweiss Esports,2607,Jammers,5069,3,9,4,3,0,0,Edelweiss Esports,AMERICAS
23786,39450,Bind,Decider,Edelweiss Esports,Jammers,Edelweiss Esports,2607,Jammers,5069,9,3,1,4,0,0,Edelweiss Esports,AMERICAS
23787,39452,Ascent,Decider,ShifterPro,FlashDash,FlashDash,3325,ShifterPro,4108,2,10,3,0,0,0,FlashDash,AMERICAS
23787,39453,Breeze,Decider,FlashDash,ShifterPro,FlashDash,3325,ShifterPro,4108,3,9,4,4,0,0,ShifterPro,AMERICAS
23787,39454,Haven,Decider,FlashDash,ShifterPro,FlashDash,3325,ShifterPro,4108,5,7,5,7,2,0,FlashDash,AMERICAS
23788,39455,Ascent,Decider,Duck Gaming,Giants Gaming,Giants Gaming,2304,Duck Gaming,4406,4,8,2,9,0,0,Duck Gaming,AMERICAS
23788,39456,Icebox,Decider,Giants Gaming,Duck Gaming,Giants Gaming,2304,Duck Gaming,4406,11,1,0,2,0,0,Giants Gaming,AMERICAS
23788,39457,Bind,Decider,Duck Gaming,Giants Gaming,Giants Gaming,2304,Duck Gaming,4406,3,9,4,3,0,0,Giants Gaming,AMERICAS
23789,39458,Icebox,Decider,Totally Spies,notbuiltdif,notbuiltdif,5073,Totally Spies,5075,0,12,1,0,0,0,notbuiltdif,AMERICAS
23789,39459,Breeze,Decider,notbuiltdif,Totally Spies,notbuiltdif,5073,Totally Spies,5075,8,4,2,5,0,0,notbuiltdif,AMERICAS
23790,39461,Ascent,Decider,WakaWaka,bref,bref,1175,WakaWaka,5077,7,5,8,2,0,0,bref,AMERICAS
23790,39462,Haven,Decider,bref,WakaWaka,bref,1175,WakaWaka,5077,6,6,2,7,0,0,bref,AMERICAS
23791,39464,Ascent,Decider,YAZDA,Baecon GG,Baecon GG,3391,YAZDA,1903,10,2,3,3,0,0,YAZDA,AMERICAS
23791,39465,Bind,Decider,Baecon GG,YAZDA,Baecon GG,3391,YAZDA,1903,4,8,5,1,0,0,YAZDA,AMERICAS
23792,39467,Split,Decider,Angry Titans,Rix.GG Thunder,Rix.GG Thunder,2373,Angry Titans,3347,3,9,4,1,0,0,Rix.GG Thunder,AMERICAS
23792,39468,Haven,Decider,Rix.GG Thunder,Angry Titans,Rix.GG Thunder,2373,Angry Titans,3347,6,6,2,7,0,0,Rix.GG Thunder,AMERICAS
23793,39470,Haven,Decider,Souldazz,dATHITANS,dATHITANS,4617,Souldazz,6292,8,4,3,5,0,0,Souldazz,AMERICAS
23793,39471,Ascent,Decider,dATHITANS,Souldazz,dATHITANS,4617,Souldazz,6292,5,7,6,4,0,0,Souldazz,AMERICAS
23794,39473,Icebox,Decider,ehehxd,AREA,AREA,4446,ehehxd,756,7,5,1,6,0,0,ehehxd,AMERICAS
23794,39474,Split,Decider,ehehxd,AREA,AREA,4446,ehehxd,756,7,5,3,6,0,0,ehehxd,AMERICAS
23795,39476,Icebox,Decider,404 Multigaming,Lucky Boys,Lucky Boys,3728,404 Multigaming,5082,4,8,5,6,0,0,Lucky Boys,AMERICAS
23795,39477,Bind,Decider,404 Multigaming,Lucky Boys,Lucky Boys,3728,404 Multigaming,5082,5,7,6,0,0,0,Lucky Boys,AMERICAS
23796,39479,Haven,Decider,HEET,eSuba,HEET,2408,eSuba,1474,7,5,7,5,4,2,HEET,AMERICAS
23796,39480,Icebox,Decider,eSuba,HEET,HEET,2408,eSuba,1474,5,7,6,6,0,0,HEET,AMERICAS
23797,39482,Split,Decider,The Future,Les Zinzins De Lespace,The Future,5085,Les Zinzins De Lespace,4877,7,5,8,2,0,0,Les Zinzins De Lespace,AMERICAS
23797,39483,Ascent,Decider,Les Zinzins De Lespace,The Future,The Future,5085,Les Zinzins De Lespace,4877,6,6,7,1,0,0,The Future,AMERICAS
23797,39484,Bind,Decider,The Future,Les Zinzins De Lespace,The Future,5085,Les Zinzins De Lespace,4877,4,8,5,1,0,0,Les Zinzins De Lespace,AMERICAS
23798,39485,Icebox,Decider,Native 2 Empire,M4LIK,M4LIK,4568,Native 2 Empire,4775,4,8,5,1,0,0,M4LIK,AMERICAS
23798,39486,Split,Decider,M4LIK,Native 2 Empire,M4LIK,4568,Native 2 Empire,4775,10,2,4,3,0,0,M4LIK,AMERICAS
23799,39488,Icebox,Decider,unjobbed,Shield Esport,unjobbed,4960,Shield Esport,3882,9,3,6,4,0,0,unjobbed,AMERICAS
23799,39489,Haven,Decider,Shield Esport,unjobbed,unjobbed,4960,Shield Esport,3882,7,5,8,0,0,0,unjobbed,AMERICAS
23800,39491,Ascent,Decider,UnderDogs,BIG,BIG,472,UnderDogs,5090,7,5,7,5,2,0,UnderDogs,AMERICAS
23800,39492,Bind,Decider,BIG,UnderDogs,BIG,472,UnderDogs,5090,9,3,4,4,0,0,BIG,AMERICAS
23800,39493,Icebox,Decider,UnderDogs,BIG,BIG,472,UnderDogs,5090,4,8,5,0,0,0,BIG,AMERICAS
23801,39494,Ascent,Decider,Judge Rush,Balkan Stars,Balkan Stars,5218,Judge Rush,5092,10,2,8,3,0,0,Judge Rush,AMERICAS
23801,39495,Haven,Decider,Balkan Stars,Judge Rush,Balkan Stars,5218,Judge Rush,5092,10,2,2,3,0,0,Balkan Stars,AMERICAS
23801,39496,Bind,Decider,Judge Rush,Balkan Stars,Balkan Stars,5218,Judge Rush,5092,8,4,9,2,0,0,Balkan Stars,AMERICAS
23803,39500,Breeze,Decider,NoPracc,Ovation eSports,NoPracc,5247,Ovation eSports,4173,3,9,4,4,0,0,Ovation eSports,AMERICAS
23803,39501,Ascent,Decider,Ovation eSports,NoPracc,NoPracc,5247,Ovation eSports,4173,8,4,1,5,0,0,Ovation eSports,AMERICAS
23804,39503,Haven,Decider,Amegakure,Alliance,Alliance,2533,Amegakure,5098,3,9,4,0,0,0,Alliance,AMERICAS
23804,39504,Bind,Decider,Alliance,Amegakure,Alliance,2533,Amegakure,5098,9,3,2,4,0,0,Alliance,AMERICAS
23805,39506,Haven,Decider,KPI Gaming,Leftovers,KPI Gaming,6313,Leftovers,4644,0,12,1,0,0,0,Leftovers,AMERICAS
23805,39507,Bind,Decider,Leftovers,KPI Gaming,KPI Gaming,6313,Leftovers,4644,10,2,6,3,0,0,Leftovers,AMERICAS
23807,39512,Haven,Decider,Reject$,BLXST,Reject$,4878,BLXST,4393,11,1,0,2,0,0,Reject$,AMERICAS
23807,39513,Bind,Decider,BLXST,Reject$,Reject$,4878,BLXST,4393,3,9,4,4,0,0,Reject$,AMERICAS
23808,39515,Ascent,Decider,SurrealpLay,19esports,19esports,6139,SurrealpLay,2326,3,9,4,0,0,0,19esports,AMERICAS
23808,39516,Haven,Decider,SurrealpLay,19esports,19esports,6139,SurrealpLay,2326,7,5,8,2,0,0,19esports,AMERICAS
23810,39521,Breeze,Decider,MallunRed,Movistar Riders,Movistar Riders,2499,MallunRed,5103,1,11,2,3,0,0,Movistar Riders,AMERICAS
23810,39522,Ascent,Decider,Movistar Riders,MallunRed,Movistar Riders,2499,MallunRed,5103,7,5,8,1,0,0,MallunRed,AMERICAS
23810,39523,Bind,Decider,MallunRed,Movistar Riders,Movistar Riders,2499,MallunRed,5103,4,8,5,2,0,0,Movistar Riders,AMERICAS
23811,39524,Haven,Decider,Békéscsabai E-sport Egyesület,Follow My Drone,Békéscsabai E-sport Egyesület,3861,Follow My Drone,4181,8,4,0,5,0,0,Békéscsabai E-sport Egyesület,AMERICAS
23811,39525,Ascent,Decider,Békéscsabai E-sport Egyesület,Follow My Drone,Békéscsabai E-sport Egyesület,3861,Follow My Drone,4181,5,7,2,8,0,0,Békéscsabai E-sport Egyesület,AMERICAS
23812,39527,Ascent,Decider,Team Galaga,Rhyno Esports,Rhyno Esports,5199,Team Galaga,6195,7,5,8,3,0,0,Rhyno Esports,AMERICAS
23812,39528,Breeze,Decider,Rhyno Esports,Team Galaga,Rhyno Esports,5199,Team Galaga,6195,9,3,5,4,0,0,Rhyno Esports,AMERICAS
23813,39530,Ascent,Decider,Can't Be Touched,Luulot pois,Luulot pois,5106,Can't Be Touched,4947,4,8,3,9,0,0,Can't Be Touched,AMERICAS
23813,39531,Haven,Decider,Can't Be Touched,Luulot pois,Luulot pois,5106,Can't Be Touched,4947,10,2,0,3,0,0,Can't Be Touched,AMERICAS
23814,39533,Ascent,Decider,FLEER,iPon Esport,iPon Esport,576,FLEER,5109,0,12,1,0,0,0,iPon Esport,AMERICAS
23814,39534,Haven,Decider,iPon Esport,FLEER,iPon Esport,576,FLEER,5109,5,7,0,8,0,0,iPon Esport,AMERICAS
23816,39539,Haven,Decider,John Howard,Finest,Finest,673,John Howard,1558,3,9,4,6,0,0,Finest,AMERICAS
23816,39540,Icebox,Decider,Finest,John Howard,Finest,673,John Howard,1558,9,3,0,4,0,0,Finest,AMERICAS
23817,39542,Ascent,Decider,Last Chance,PACT,PACT,4007,Last Chance,5115,5,7,6,2,0,0,PACT,AMERICAS
23817,39543,Split,Decider,PACT,Last Chance,PACT,4007,Last Chance,5115,9,3,2,4,0,0,PACT,AMERICAS
23819,39548,Bind,Decider,The Nyan's,NEBULAA,NEBULAA,3724,The Nyan's,5119,4,8,5,1,0,0,NEBULAA,AMERICAS
23819,39549,Split,Decider,NEBULAA,The Nyan's,NEBULAA,3724,The Nyan's,5119,7,5,5,6,0,0,NEBULAA,AMERICAS
23821,39554,Breeze,Decider,NoPoaching,Team Queso,Team Queso,4538,NoPoaching,4636,4,8,5,3,0,0,Team Queso,AMERICAS
23821,39555,Icebox,Decider,NoPoaching,Team Queso,Team Queso,4538,NoPoaching,4636,9,3,1,4,0,0,NoPoaching,AMERICAS
23821,39556,Split,Decider,NoPoaching,Team Queso,Team Queso,4538,NoPoaching,4636,11,1,9,2,0,0,NoPoaching,AMERICAS
23822,39557,Ascent,Decider,Macko Esports,EXCEL,EXCEL,3525,Macko Esports,3895,3,9,4,3,0,0,EXCEL,AMERICAS
23822,39558,Haven,Decider,EXCEL,Macko Esports,EXCEL,3525,Macko Esports,3895,6,6,1,7,0,0,EXCEL,AMERICAS
23823,39560,Ascent,Decider,UCAM Esports Club,Initiative,Initiative,5124,UCAM Esports Club,4616,6,6,1,7,0,0,UCAM Esports Club,AMERICAS
23823,39561,Haven,Decider,Initiative,UCAM Esports Club,Initiative,5124,UCAM Esports Club,4616,0,12,1,0,0,0,UCAM Esports Club,AMERICAS
23824,39563,Ascent,Decider,locust,LDN UTD,LDN UTD,6460,locust,4099,3,9,4,3,0,0,LDN UTD,AMERICAS
23824,39564,Icebox,Decider,locust,LDN UTD,LDN UTD,6460,locust,4099,5,7,6,4,0,0,LDN UTD,AMERICAS
23825,39566,Ascent,Decider,Humanity Esport,Mantis,Mantis,4950,Humanity Esport,5128,2,10,3,0,0,0,Mantis,AMERICAS
23825,39567,Icebox,Decider,Humanity Esport,Mantis,Mantis,4950,Humanity Esport,5128,3,9,4,1,0,0,Mantis,AMERICAS
23826,39569,Haven,Decider,Cream Real Betis,ECM FCG eSports,Cream Real Betis,1035,ECM FCG eSports,1796,12,0,0,1,0,0,Cream Real Betis,AMERICAS
23826,39570,Icebox,Decider,Cream Real Betis,ECM FCG eSports,Cream Real Betis,1035,ECM FCG eSports,1796,6,6,4,7,0,0,Cream Real Betis,AMERICAS
23827,39572,Ascent,Decider,MDS Factory,ownage,MDS Factory,5228,ownage,3653,2,10,3,0,0,0,ownage,AMERICAS
23827,39573,Haven,Decider,ownage,MDS Factory,MDS Factory,5228,ownage,3653,10,2,0,3,0,0,ownage,AMERICAS
23829,39578,Bind,Decider,PointAndClick,ReviveMeJett,ReviveMeJett,4704,PointAndClick,3047,6,6,7,4,0,0,ReviveMeJett,AMERICAS
23829,39579,Haven,Decider,ReviveMeJett,PointAndClick,ReviveMeJett,4704,PointAndClick,3047,4,8,5,4,0,0,PointAndClick,AMERICAS
23829,39580,Icebox,Decider,PointAndClick,ReviveMeJett,ReviveMeJett,4704,PointAndClick,3047,5,7,6,0,0,0,ReviveMeJett,AMERICAS
23830,39581,Ascent,Decider,IVY,Rave Party,IVY,3114,Rave Party,5135,9,3,5,4,0,0,IVY,AMERICAS
23830,39582,Split,Decider,IVY,Rave Party,IVY,3114,Rave Party,5135,10,2,0,3,0,0,IVY,AMERICAS
23831,39584,Icebox,Decider,Masonic,Deviance,Deviance,4952,Masonic,5138,3,9,4,0,0,0,Deviance,AMERICAS
23831,39585,Ascent,Decider,Deviance,Masonic,Deviance,4952,Masonic,5138,3,9,4,6,0,0,Masonic,AMERICAS
23831,39586,Breeze,Decider,Masonic,Deviance,Deviance,4952,Masonic,5138,7,5,3,6,0,0,Masonic,AMERICAS
23832,39587,Ascent,Decider,GOODGAME,TENSTAR,TENSTAR,4663,GOODGAME,5139,3,9,4,0,0,0,TENSTAR,AMERICAS
23832,39588,Bind,Decider,TENSTAR,GOODGAME,TENSTAR,4663,GOODGAME,5139,10,2,1,3,0,0,TENSTAR,AMERICAS
23833,39590,Haven,Decider,SICKTHICK,Rugrats,Rugrats,5245,SICKTHICK,5141,2,10,3,0,0,0,Rugrats,AMERICAS
23833,39591,Ascent,Decider,Rugrats,SICKTHICK,Rugrats,5245,SICKTHICK,5141,12,0,0,1,0,0,Rugrats,AMERICAS
23834,39593,Haven,Decider,need girlfriend,Need4Food,Need4Food,4750,need girlfriend,4196,6,6,5,7,0,0,need girlfriend,AMERICAS
23834,39594,Ascent,Decider,Need4Food,need girlfriend,Need4Food,4750,need girlfriend,4196,6,6,2,7,0,0,Need4Food,AMERICAS
23834,39595,Icebox,Decider,need girlfriend,Need4Food,Need4Food,4750,need girlfriend,4196,6,6,5,7,0,0,need girlfriend,AMERICAS
23835,39596,Haven,Decider,Eclypse,miks,miks,5143,Eclypse,5145,2,10,3,0,0,0,miks,AMERICAS
23835,39597,Ascent,Decider,miks,Eclypse,miks,5143,Eclypse,5145,10,2,3,3,0,0,miks,AMERICAS
23836,39599,Ascent,Decider,BK ROG Esports,Team Heretics,Team Heretics,1001,BK ROG Esports,4471,10,2,6,3,0,0,BK ROG Esports,AMERICAS
23836,39600,Split,Decider,Team Heretics,BK ROG Esports,Team Heretics,1001,BK ROG Esports,4471,4,8,5,7,0,0,BK ROG Esports,AMERICAS
23841,39614,Bind,Decider,CGN Esports,STAGA,STAGA,2340,CGN Esports,5214,7,5,4,6,0,0,CGN Esports,AMERICAS
23841,39615,Haven,Decider,STAGA,CGN Esports,STAGA,2340,CGN Esports,5214,8,4,0,5,0,0,STAGA,AMERICAS
23841,39616,Split,Decider,CGN Esports,STAGA,STAGA,2340,CGN Esports,5214,10,2,7,3,0,0,CGN Esports,AMERICAS
23847,39632,Ascent,Decider,Lucky Boys,ehehxd,ehehxd,756,Lucky Boys,3728,2,10,3,9,0,0,ehehxd,AMERICAS
23847,39633,Icebox,Decider,ehehxd,Lucky Boys,ehehxd,756,Lucky Boys,3728,4,8,5,4,0,0,Lucky Boys,AMERICAS
23847,39634,Split,Decider,Lucky Boys,ehehxd,ehehxd,756,Lucky Boys,3728,7,5,6,6,0,0,Lucky Boys,AMERICAS
23849,39638,Icebox,Decider,M4LIK,unjobbed,M4LIK,4568,unjobbed,4960,9,3,1,4,0,0,M4LIK,AMERICAS
23849,39639,Bind,Decider,M4LIK,unjobbed,M4LIK,4568,unjobbed,4960,3,9,4,3,0,0,unjobbed,AMERICAS
23849,39640,Ascent,Decider,unjobbed,M4LIK,M4LIK,4568,unjobbed,4960,8,4,8,4,2,4,M4LIK,AMERICAS
23864,39683,Haven,Decider,ReviveMeJett,SAW,SAW,2755,ReviveMeJett,4704,2,10,3,3,0,0,SAW,AMERICAS
23864,39684,Icebox,Decider,SAW,ReviveMeJett,SAW,2755,ReviveMeJett,4704,4,8,1,9,0,0,SAW,AMERICAS
23837,39602,Icebox,Decider,WLGaming Esports,Vacuumers,Vacuumers,3862,WLGaming Esports,4141,7,5,4,6,0,0,WLGaming Esports,AMERICAS
23837,39603,Split,Decider,Vacuumers,WLGaming Esports,Vacuumers,3862,WLGaming Esports,4141,10,2,6,3,0,0,Vacuumers,AMERICAS
23837,39604,Haven,Decider,WLGaming Esports,Vacuumers,Vacuumers,3862,WLGaming Esports,4141,2,10,3,8,0,0,Vacuumers,AMERICAS
23838,39605,Ascent,Decider,Bonsoir,Megastitut,Megastitut,686,Bonsoir,5052,4,8,5,4,0,0,Megastitut,AMERICAS
23838,39606,Haven,Decider,Megastitut,Bonsoir,Megastitut,686,Bonsoir,5052,10,2,0,3,0,0,Megastitut,AMERICAS
23839,39608,Icebox,Decider,VAMOS,Team Sampi,Team Sampi,1234,VAMOS,5056,0,12,1,0,0,0,Team Sampi,AMERICAS
23839,39609,Split,Decider,Team Sampi,VAMOS,Team Sampi,1234,VAMOS,5056,9,3,1,4,0,0,Team Sampi,AMERICAS
23840,39611,Icebox,Decider,Asteria Gaming,Wave Esports,Wave Esports,324,Asteria Gaming,5210,3,9,4,2,0,0,Wave Esports,AMERICAS
23840,39612,Breeze,Decider,Wave Esports,Asteria Gaming,Wave Esports,324,Asteria Gaming,5210,11,1,0,2,0,0,Wave Esports,AMERICAS
23842,39617,Icebox,Decider,Average Joes,Lasagna Beam,Lasagna Beam,3082,Average Joes,3915,8,4,8,4,2,0,Average Joes,AMERICAS
23842,39618,Haven,Decider,Average Joes,Lasagna Beam,Lasagna Beam,3082,Average Joes,3915,8,4,4,5,0,0,Average Joes,AMERICAS
23843,39620,Haven,Decider,FlashDash,Edelweiss Esports,Edelweiss Esports,2607,FlashDash,3325,6,6,7,3,0,0,Edelweiss Esports,AMERICAS
23843,39621,Ascent,Decider,Edelweiss Esports,FlashDash,Edelweiss Esports,2607,FlashDash,3325,6,6,7,5,0,0,FlashDash,AMERICAS
23843,39622,Breeze,Decider,FlashDash,Edelweiss Esports,Edelweiss Esports,2607,FlashDash,3325,5,7,6,2,0,0,Edelweiss Esports,AMERICAS
23844,39623,Ascent,Decider,notbuiltdif,Giants Gaming,Giants Gaming,2304,notbuiltdif,5073,2,10,3,6,0,0,Giants Gaming,AMERICAS
23844,39624,Icebox,Decider,Giants Gaming,notbuiltdif,Giants Gaming,2304,notbuiltdif,5073,5,7,1,8,0,0,Giants Gaming,AMERICAS
23845,39626,Ascent,Decider,YAZDA,bref,bref,1175,YAZDA,1903,3,9,4,3,0,0,bref,AMERICAS
23845,39627,Icebox,Decider,YAZDA,bref,bref,1175,YAZDA,1903,6,6,4,7,0,0,YAZDA,AMERICAS
23845,39628,Breeze,Decider,bref,YAZDA,bref,1175,YAZDA,1903,6,6,2,7,0,0,bref,AMERICAS
23846,39629,Split,Decider,Souldazz,Rix.GG Thunder,Rix.GG Thunder,2373,Souldazz,6292,3,9,4,5,0,0,Rix.GG Thunder,AMERICAS
23846,39630,Ascent,Decider,Rix.GG Thunder,Souldazz,Rix.GG Thunder,2373,Souldazz,6292,10,2,1,3,0,0,Rix.GG Thunder,AMERICAS
23848,39635,Icebox,Decider,Les Zinzins De Lespace,HEET,HEET,2408,Les Zinzins De Lespace,4877,9,3,5,4,0,0,Les Zinzins De Lespace,AMERICAS
23848,39636,Bind,Decider,Les Zinzins De Lespace,HEET,HEET,2408,Les Zinzins De Lespace,4877,3,9,4,2,0,0,HEET,AMERICAS
23848,39637,Ascent,Decider,Les Zinzins De Lespace,HEET,HEET,2408,Les Zinzins De Lespace,4877,2,10,3,4,0,0,HEET,AMERICAS
23850,39641,Bind,Decider,Balkan Stars,BIG,BIG,472,Balkan Stars,5218,1,11,2,1,0,0,BIG,AMERICAS
23850,39642,Ascent,Decider,BIG,Balkan Stars,BIG,472,Balkan Stars,5218,7,5,2,6,0,0,BIG,AMERICAS
23851,39644,Haven,Decider,The Paw Brothers,Ovation eSports,The Paw Brothers,5094,Ovation eSports,4173,3,9,4,0,0,0,Ovation eSports,AMERICAS
23851,39645,Icebox,Decider,The Paw Brothers,Ovation eSports,The Paw Brothers,5094,Ovation eSports,4173,3,9,4,0,0,0,Ovation eSports,AMERICAS
23852,39647,Icebox,Decider,Leftovers,Alliance,Alliance,2533,Leftovers,4644,5,7,6,5,0,0,Alliance,AMERICAS
23852,39648,Split,Decider,Alliance,Leftovers,Alliance,2533,Leftovers,4644,2,10,3,0,0,0,Leftovers,AMERICAS
23852,39649,Haven,Decider,Leftovers,Alliance,Alliance,2533,Leftovers,4644,2,10,3,5,0,0,Alliance,AMERICAS
23853,39650,Breeze,Decider,Reject$,Yendez,Yendez,1174,Reject$,4878,5,7,3,8,0,0,Reject$,AMERICAS
23853,39651,Haven,Decider,Yendez,Reject$,Yendez,1174,Reject$,4878,9,3,2,4,0,0,Yendez,AMERICAS
23853,39652,Icebox,Decider,Yendez,Reject$,Yendez,1174,Reject$,4878,5,7,6,6,0,0,Reject$,AMERICAS
23854,39653,Icebox,Decider,Dark Tigers,19esports,19esports,6139,Dark Tigers,3362,4,8,2,9,0,0,Dark Tigers,AMERICAS
23854,39654,Split,Decider,19esports,Dark Tigers,19esports,6139,Dark Tigers,3362,8,4,2,5,0,0,19esports,AMERICAS
23854,39655,Ascent,Decider,Dark Tigers,19esports,19esports,6139,Dark Tigers,3362,2,10,3,0,0,0,19esports,AMERICAS
23855,39656,Breeze,Decider,Békéscsabai E-sport Egyesület,Movistar Riders,Movistar Riders,2499,Békéscsabai E-sport Egyesület,3861,2,10,3,0,0,0,Movistar Riders,AMERICAS
23855,39657,Haven,Decider,Movistar Riders,Békéscsabai E-sport Egyesület,Movistar Riders,2499,Békéscsabai E-sport Egyesület,3861,11,1,0,2,0,0,Movistar Riders,AMERICAS
23856,39659,Ascent,Decider,Can't Be Touched,Rhyno Esports,Rhyno Esports,5199,Can't Be Touched,4947,9,3,7,4,0,0,Can't Be Touched,AMERICAS
23856,39660,Icebox,Decider,Rhyno Esports,Can't Be Touched,Rhyno Esports,5199,Can't Be Touched,4947,7,5,7,5,0,2,Can't Be Touched,AMERICAS
23857,39662,Ascent,Decider,Team Name,iPon Esport,iPon Esport,576,Team Name,5223,3,9,4,0,0,0,iPon Esport,AMERICAS
23857,39663,Bind,Decider,iPon Esport,Team Name,iPon Esport,576,Team Name,5223,9,3,1,4,0,0,iPon Esport,AMERICAS
23858,39665,Haven,Decider,PACT,Finest,Finest,673,PACT,4007,10,2,6,3,0,0,PACT,AMERICAS
23858,39666,Ascent,Decider,Finest,PACT,Finest,673,PACT,4007,6,6,6,6,3,1,Finest,AMERICAS
23858,39667,Icebox,Decider,Finest,PACT,Finest,673,PACT,4007,9,3,5,4,0,0,Finest,AMERICAS
23859,39668,Bind,Decider,OG,NEBULAA,OG,2965,NEBULAA,3724,9,3,1,4,0,0,OG,AMERICAS
23859,39669,Breeze,Decider,NEBULAA,OG,OG,2965,NEBULAA,3724,4,8,5,3,0,0,OG,AMERICAS
23860,39671,Breeze,Decider,NoPoaching,G2 Esports,G2 Esports,257,NoPoaching,4636,6,6,7,3,0,0,G2 Esports,AMERICAS
23860,39672,Icebox,Decider,NoPoaching,G2 Esports,G2 Esports,257,NoPoaching,4636,3,9,4,1,0,0,G2 Esports,AMERICAS
23861,39674,Haven,Decider,UCAM Esports Club,EXCEL,EXCEL,3525,UCAM Esports Club,4616,8,4,5,5,0,0,UCAM Esports Club,AMERICAS
23861,39675,Ascent,Decider,EXCEL,UCAM Esports Club,EXCEL,3525,UCAM Esports Club,4616,9,3,3,4,0,0,EXCEL,AMERICAS
23861,39676,Icebox,Decider,EXCEL,UCAM Esports Club,EXCEL,3525,UCAM Esports Club,4616,5,7,5,7,2,4,UCAM Esports Club,AMERICAS
23862,39677,Ascent,Decider,LDN UTD,Mantis,LDN UTD,6460,Mantis,4950,8,4,1,5,0,0,LDN UTD,AMERICAS
23862,39678,Haven,Decider,Mantis,LDN UTD,LDN UTD,6460,Mantis,4950,2,10,3,1,0,0,LDN UTD,AMERICAS
23863,39680,Haven,Decider,ownage,Cream Real Betis,Cream Real Betis,1035,ownage,3653,10,2,6,3,0,0,ownage,AMERICAS
23863,39681,Ascent,Decider,Cream Real Betis,ownage,Cream Real Betis,1035,ownage,3653,8,4,4,5,0,0,Cream Real Betis,AMERICAS
23863,39682,Bind,Decider,ownage,Cream Real Betis,Cream Real Betis,1035,ownage,3653,5,7,6,1,0,0,Cream Real Betis,AMERICAS
23865,39686,Split,Decider,Masonic,IVY,IVY,3114,Masonic,5138,0,12,1,0,0,0,IVY,AMERICAS
23865,39687,Ascent,Decider,IVY,Masonic,IVY,3114,Masonic,5138,10,2,3,3,0,0,IVY,AMERICAS
23866,39689,Split,Decider,Rugrats,TENSTAR,TENSTAR,4663,Rugrats,5245,3,9,4,2,0,0,TENSTAR,AMERICAS
23866,39690,Bind,Decider,TENSTAR,Rugrats,TENSTAR,4663,Rugrats,5245,6,6,5,7,0,0,TENSTAR,AMERICAS
23867,39692,Ascent,Decider,miks,need girlfriend,need girlfriend,4196,miks,5143,6,6,7,1,0,0,need girlfriend,AMERICAS
23867,39693,Haven,Decider,need girlfriend,miks,need girlfriend,4196,miks,5143,4,8,5,0,0,0,miks,AMERICAS
23867,39694,Split,Decider,miks,need girlfriend,need girlfriend,4196,miks,5143,3,9,4,3,0,0,need girlfriend,AMERICAS
23869,39698,Breeze,Decider,Megastitut,Team Sampi,Megastitut,686,Team Sampi,1234,9,3,5,4,0,0,Megastitut,AMERICAS
23869,39699,Icebox,Decider,Team Sampi,Megastitut,Megastitut,686,Team Sampi,1234,6,6,2,7,0,0,Team Sampi,AMERICAS
23869,39700,Split,Decider,Team Sampi,Megastitut,Megastitut,686,Team Sampi,1234,7,5,7,5,2,0,Team Sampi,AMERICAS
23870,39701,Breeze,Decider,CGN Esports,Wave Esports,Wave Esports,324,CGN Esports,5214,2,10,3,3,0,0,Wave Esports,AMERICAS
23870,39702,Bind,Decider,Wave Esports,CGN Esports,Wave Esports,324,CGN Esports,5214,5,7,5,7,4,2,Wave Esports,AMERICAS
23873,39710,Split,Decider,Lucky Boys,Rix.GG Thunder,Rix.GG Thunder,2373,Lucky Boys,3728,5,7,6,1,0,0,Rix.GG Thunder,AMERICAS
23873,39711,Breeze,Decider,Rix.GG Thunder,Lucky Boys,Rix.GG Thunder,2373,Lucky Boys,3728,11,1,1,2,0,0,Rix.GG Thunder,AMERICAS
23874,39713,Ascent,Decider,M4LIK,HEET,HEET,2408,M4LIK,4568,9,3,10,2,0,0,HEET,AMERICAS
23874,39714,Breeze,Decider,M4LIK,HEET,HEET,2408,M4LIK,4568,7,5,2,6,0,0,M4LIK,AMERICAS
23874,39715,Bind,Decider,M4LIK,HEET,HEET,2408,M4LIK,4568,8,4,8,4,3,1,M4LIK,AMERICAS
23882,39737,Haven,Decider,IVY,SAW,SAW,2755,IVY,3114,8,4,4,5,0,0,IVY,AMERICAS
23882,39738,Bind,Decider,SAW,IVY,SAW,2755,IVY,3114,8,4,8,4,1,3,IVY,AMERICAS
23868,39695,Split,Decider,Vacuumers,BK ROG Esports,BK ROG Esports,4471,Vacuumers,3862,1,11,2,2,0,0,BK ROG Esports,AMERICAS
23868,39696,Icebox,Decider,BK ROG Esports,Vacuumers,BK ROG Esports,4471,Vacuumers,3862,7,5,7,5,0,2,Vacuumers,AMERICAS
23868,39697,Ascent,Decider,Vacuumers,BK ROG Esports,BK ROG Esports,4471,Vacuumers,3862,5,7,6,2,0,0,BK ROG Esports,AMERICAS
23872,39707,Ascent,Decider,bref,Giants Gaming,Giants Gaming,2304,bref,1175,6,6,2,7,0,0,bref,AMERICAS
23872,39708,Breeze,Decider,Giants Gaming,bref,Giants Gaming,2304,bref,1175,8,4,3,5,0,0,Giants Gaming,AMERICAS
23872,39709,Bind,Decider,bref,Giants Gaming,Giants Gaming,2304,bref,1175,2,10,3,2,0,0,Giants Gaming,AMERICAS
23875,39716,Icebox,Decider,BIG,Ovation eSports,BIG,472,Ovation eSports,4173,4,8,2,9,0,0,BIG,AMERICAS
23875,39717,Breeze,Decider,BIG,Ovation eSports,BIG,472,Ovation eSports,4173,10,2,0,3,0,0,BIG,AMERICAS
23876,39719,Icebox,Decider,Alliance,Reject$,Alliance,2533,Reject$,4878,7,5,6,6,0,0,Alliance,AMERICAS
23876,39720,Bind,Decider,Alliance,Reject$,Alliance,2533,Reject$,4878,4,8,5,0,0,0,Reject$,AMERICAS
23876,39721,Haven,Decider,Alliance,Reject$,Alliance,2533,Reject$,4878,9,3,3,4,0,0,Alliance,AMERICAS
23877,39722,Ascent,Decider,Movistar Riders,19esports,19esports,6139,Movistar Riders,2499,9,3,2,4,0,0,Movistar Riders,AMERICAS
23877,39723,Breeze,Decider,Movistar Riders,19esports,19esports,6139,Movistar Riders,2499,3,9,4,0,0,0,19esports,AMERICAS
23877,39724,Split,Decider,Movistar Riders,19esports,19esports,6139,Movistar Riders,2499,6,6,7,5,0,0,19esports,AMERICAS
23878,39725,Haven,Decider,iPon Esport,Can't Be Touched,Can't Be Touched,4947,iPon Esport,576,6,6,7,5,0,0,Can't Be Touched,AMERICAS
23878,39726,Bind,Decider,Can't Be Touched,iPon Esport,Can't Be Touched,4947,iPon Esport,576,6,6,6,6,4,2,Can't Be Touched,AMERICAS
23879,39728,Ascent,Decider,OG,Finest,Finest,673,OG,2965,8,4,8,4,1,3,Finest,AMERICAS
23879,39729,Bind,Decider,Finest,OG,Finest,673,OG,2965,4,8,4,8,1,3,OG,AMERICAS
23879,39730,Icebox,Decider,OG,Finest,Finest,673,OG,2965,8,4,8,4,1,3,Finest,AMERICAS
23880,39731,Ascent,Decider,UCAM Esports Club,G2 Esports,G2 Esports,257,UCAM Esports Club,4616,1,11,2,2,0,0,G2 Esports,AMERICAS
23880,39732,Haven,Decider,UCAM Esports Club,G2 Esports,G2 Esports,257,UCAM Esports Club,4616,3,9,4,1,0,0,G2 Esports,AMERICAS
23881,39734,Icebox,Decider,Cream Real Betis,LDN UTD,LDN UTD,6460,Cream Real Betis,1035,3,9,3,9,2,0,Cream Real Betis,AMERICAS
23881,39735,Haven,Decider,Cream Real Betis,LDN UTD,LDN UTD,6460,Cream Real Betis,1035,6,6,3,7,0,0,Cream Real Betis,AMERICAS
23883,39740,Split,Decider,need girlfriend,TENSTAR,TENSTAR,4663,need girlfriend,4196,6,6,7,1,0,0,TENSTAR,AMERICAS
23883,39741,Ascent,Decider,TENSTAR,need girlfriend,TENSTAR,4663,need girlfriend,4196,8,4,2,5,0,0,TENSTAR,AMERICAS
23871,39704,Haven,Decider,Edelweiss Esports,Average Joes,Average Joes,3915,Edelweiss Esports,2607,9,3,4,4,0,0,Edelweiss Esports,AMERICAS
23871,39705,Split,Decider,Average Joes,Edelweiss Esports,Average Joes,3915,Edelweiss Esports,2607,7,5,5,6,0,0,Average Joes,AMERICAS
23871,39706,Bind,Decider,Edelweiss Esports,Average Joes,Average Joes,3915,Edelweiss Esports,2607,7,5,3,6,0,0,Edelweiss Esports,AMERICAS
23884,39743,Split,Decider,Team Sampi,BK ROG Esports,BK ROG Esports,4471,Team Sampi,1234,3,9,4,7,0,0,BK ROG Esports,AMERICAS
23884,39744,Icebox,Decider,BK ROG Esports,Team Sampi,BK ROG Esports,4471,Team Sampi,1234,2,10,3,5,0,0,Team Sampi,AMERICAS
23884,39745,Bind,Decider,Team Sampi,BK ROG Esports,BK ROG Esports,4471,Team Sampi,1234,6,6,6,6,1,3,BK ROG Esports,AMERICAS
23885,39746,Split,Decider,Edelweiss Esports,Wave Esports,Wave Esports,324,Edelweiss Esports,2607,5,7,6,1,0,0,Wave Esports,AMERICAS
23885,39747,Haven,Decider,Wave Esports,Edelweiss Esports,Wave Esports,324,Edelweiss Esports,2607,8,4,7,5,0,0,Wave Esports,AMERICAS
23886,39749,Bind,Decider,Rix.GG Thunder,Giants Gaming,Giants Gaming,2304,Rix.GG Thunder,2373,9,3,8,4,0,0,Rix.GG Thunder,AMERICAS
23886,39750,Split,Decider,Giants Gaming,Rix.GG Thunder,Giants Gaming,2304,Rix.GG Thunder,2373,5,7,6,0,0,0,Rix.GG Thunder,AMERICAS
23887,39752,Ascent,Decider,BIG,M4LIK,M4LIK,4568,BIG,472,11,1,4,2,0,0,BIG,AMERICAS
23887,39753,Breeze,Decider,M4LIK,BIG,M4LIK,4568,BIG,472,3,9,4,4,0,0,BIG,AMERICAS
23888,39755,Icebox,Decider,Alliance,19esports,Alliance,2533,19esports,6139,12,0,0,1,0,0,Alliance,AMERICAS
23888,39756,Ascent,Decider,Alliance,19esports,Alliance,2533,19esports,6139,4,8,4,8,6,4,Alliance,AMERICAS
23889,39758,Bind,Decider,Finest,Can't Be Touched,Can't Be Touched,4947,Finest,673,11,1,5,2,0,0,Finest,AMERICAS
23889,39759,Ascent,Decider,Can't Be Touched,Finest,Can't Be Touched,4947,Finest,673,5,7,6,0,0,0,Finest,AMERICAS
23890,39761,Ascent,Decider,Cream Real Betis,G2 Esports,G2 Esports,257,Cream Real Betis,1035,1,11,2,2,0,0,G2 Esports,AMERICAS
23890,39762,Bind,Decider,Cream Real Betis,G2 Esports,G2 Esports,257,Cream Real Betis,1035,4,8,5,2,0,0,G2 Esports,AMERICAS
23891,39764,Bind,Decider,TENSTAR,IVY,IVY,3114,TENSTAR,4663,10,2,2,3,0,0,TENSTAR,AMERICAS
23891,39765,Split,Decider,IVY,TENSTAR,IVY,3114,TENSTAR,4663,7,5,8,3,0,0,TENSTAR,AMERICAS
24104,40311,Breeze,Decider,G2 Esports,Team Vitality,Team Vitality,2059,G2 Esports,257,4,8,5,6,0,0,Team Vitality,AMERICAS
24104,40312,Icebox,Decider,Team Vitality,G2 Esports,Team Vitality,2059,G2 Esports,257,4,8,4,8,1,3,G2 Esports,AMERICAS
24104,40313,Ascent,Decider,Team Vitality,G2 Esports,Team Vitality,2059,G2 Esports,257,6,6,7,2,0,0,G2 Esports,AMERICAS
24101,40302,Bind,Decider,BIG,Acend,Acend,3531,BIG,472,3,9,4,5,0,0,Acend,AMERICAS
24101,40303,Breeze,Decider,BIG,Acend,Acend,3531,BIG,472,1,11,2,5,0,0,Acend,AMERICAS
24103,40308,Breeze,Decider,Team Liquid,Finest,Team Liquid,474,Finest,673,7,5,7,5,3,1,Team Liquid,AMERICAS
24103,40309,Ascent,Decider,Team Liquid,Finest,Team Liquid,474,Finest,673,9,3,5,4,0,0,Team Liquid,AMERICAS
24099,40296,Split,Decider,Wave Esports,FunPlus Phoenix,FunPlus Phoenix,628,Wave Esports,324,7,5,8,4,0,0,FunPlus Phoenix,AMERICAS
24099,40297,Haven,Decider,FunPlus Phoenix,Wave Esports,FunPlus Phoenix,628,Wave Esports,324,6,6,3,7,0,0,FunPlus Phoenix,AMERICAS
24100,40299,Bind,Team BDS,Rix.GG Thunder,Team BDS,Team BDS,3908,Rix.GG Thunder,2373,3,9,4,5,0,0,Team BDS,AMERICAS
24100,40300,Ascent,Rix.GG Thunder,Team BDS,Rix.GG Thunder,Team BDS,3908,Rix.GG Thunder,2373,10,2,6,3,0,0,Team BDS,AMERICAS
24105,40314,Icebox,Decider,TENSTAR,FNATIC,FNATIC,2593,TENSTAR,4663,3,9,4,2,0,0,FNATIC,AMERICAS
24105,40315,Ascent,Decider,FNATIC,TENSTAR,FNATIC,2593,TENSTAR,4663,7,5,3,6,0,0,FNATIC,AMERICAS
24102,40305,Ascent,Decider,Alliance,Ninjas in Pyjamas,Ninjas in Pyjamas,3,Alliance,2533,8,4,6,5,0,0,Alliance,AMERICAS
24102,40306,Icebox,Decider,Alliance,Ninjas in Pyjamas,Ninjas in Pyjamas,3,Alliance,2533,3,9,4,8,0,0,Ninjas in Pyjamas,AMERICAS
24102,40307,Breeze,Decider,Alliance,Ninjas in Pyjamas,Ninjas in Pyjamas,3,Alliance,2533,7,5,5,6,0,0,Alliance,AMERICAS
24098,40293,Split,Decider,Guild Esports,BK ROG Esports,Guild Esports,1209,BK ROG Esports,4471,8,4,0,5,0,0,Guild Esports,AMERICAS
24098,40294,Haven,Decider,BK ROG Esports,Guild Esports,Guild Esports,1209,BK ROG Esports,4471,4,8,5,1,0,0,Guild Esports,AMERICAS
24106,40317,Icebox,Decider,Guild Esports,FunPlus Phoenix,Guild Esports,1209,FunPlus Phoenix,628,6,6,4,7,0,0,Guild Esports,AMERICAS
24106,40318,Bind,Decider,Guild Esports,FunPlus Phoenix,Guild Esports,1209,FunPlus Phoenix,628,3,9,4,5,0,0,FunPlus Phoenix,AMERICAS
24106,40319,Split,Decider,Guild Esports,FunPlus Phoenix,Guild Esports,1209,FunPlus Phoenix,628,5,7,4,8,0,0,Guild Esports,AMERICAS
24107,40320,Icebox,Acend,Team BDS,Acend,Team BDS,3908,Acend,3531,5,7,6,0,0,0,Acend,AMERICAS
24107,40321,Haven,Team BDS,Team BDS,Acend,Team BDS,3908,Acend,3531,3,9,4,2,0,0,Acend,AMERICAS
24108,40323,Ascent,Team Liquid,Alliance,Team Liquid,Alliance,2533,Team Liquid,474,8,4,2,5,0,0,Alliance,AMERICAS
24108,40324,Breeze,Alliance,Team Liquid,Alliance,Alliance,2533,Team Liquid,474,8,4,1,5,0,0,Team Liquid,AMERICAS
24108,40325,Haven,Team Liquid,Alliance,Team Liquid,Alliance,2533,Team Liquid,474,7,5,8,2,0,0,Team Liquid,AMERICAS
24109,40326,Bind,FNATIC,G2 Esports,FNATIC,G2 Esports,257,FNATIC,2593,5,7,2,8,0,0,G2 Esports,AMERICAS
24109,40327,Haven,G2 Esports,FNATIC,G2 Esports,G2 Esports,257,FNATIC,2593,5,7,5,7,2,4,G2 Esports,AMERICAS
24110,40329,Split,Decider,Wave Esports,BK ROG Esports,BK ROG Esports,4471,Wave Esports,324,9,3,5,4,0,0,Wave Esports,AMERICAS
24110,40330,Haven,Decider,BK ROG Esports,Wave Esports,BK ROG Esports,4471,Wave Esports,324,4,8,5,1,0,0,Wave Esports,AMERICAS
24111,40332,Split,Rix.GG Thunder,BIG,Rix.GG Thunder,Rix.GG Thunder,2373,BIG,472,3,9,4,4,0,0,Rix.GG Thunder,AMERICAS
24111,40333,Bind,BIG,Rix.GG Thunder,BIG,Rix.GG Thunder,2373,BIG,472,4,8,3,9,0,0,Rix.GG Thunder,AMERICAS
24112,40335,Bind,Decider,Finest,Ninjas in Pyjamas,Ninjas in Pyjamas,3,Finest,673,9,3,5,4,0,0,Finest,AMERICAS
24112,40336,Icebox,Decider,Finest,Ninjas in Pyjamas,Ninjas in Pyjamas,3,Finest,673,9,3,4,4,0,0,Finest,AMERICAS
24113,40338,Icebox,Decider,TENSTAR,Team Vitality,Team Vitality,2059,TENSTAR,4663,10,2,7,3,0,0,TENSTAR,AMERICAS
24113,40339,Ascent,Decider,Team Vitality,TENSTAR,Team Vitality,2059,TENSTAR,4663,8,4,2,5,0,0,Team Vitality,AMERICAS
24113,40340,Split,Decider,TENSTAR,Team Vitality,Team Vitality,2059,TENSTAR,4663,3,9,4,0,0,0,Team Vitality,AMERICAS
24114,40341,Icebox,FNATIC,Wave Esports,FNATIC,FNATIC,2593,Wave Esports,324,1,11,2,0,0,0,FNATIC,AMERICAS
24114,40342,Breeze,Wave Esports,Wave Esports,FNATIC,FNATIC,2593,Wave Esports,324,5,7,2,8,0,0,Wave Esports,AMERICAS
24114,40343,Bind,Decider,Wave Esports,FNATIC,FNATIC,2593,Wave Esports,324,4,8,5,4,0,0,FNATIC,AMERICAS
24115,40344,Breeze,Decider,Rix.GG Thunder,Alliance,Alliance,2533,Rix.GG Thunder,2373,4,8,4,8,2,0,Rix.GG Thunder,AMERICAS
24115,40345,Bind,Decider,Alliance,Rix.GG Thunder,Alliance,2533,Rix.GG Thunder,2373,10,2,5,3,0,0,Alliance,AMERICAS
24115,40346,Haven,Decider,Rix.GG Thunder,Alliance,Alliance,2533,Rix.GG Thunder,2373,8,4,0,5,0,0,Rix.GG Thunder,AMERICAS
24117,40350,Bind,FunPlus Phoenix,FunPlus Phoenix,Team Vitality,FunPlus Phoenix,628,Team Vitality,2059,4,8,2,9,0,0,FunPlus Phoenix,AMERICAS
24117,40351,Icebox,Team Vitality,Team Vitality,FunPlus Phoenix,FunPlus Phoenix,628,Team Vitality,2059,5,7,5,7,0,2,FunPlus Phoenix,AMERICAS
24116,40347,Bind,Decider,Finest,Team BDS,Team BDS,3908,Finest,673,5,7,6,0,0,0,Team BDS,AMERICAS
24116,40348,Icebox,Decider,Team BDS,Finest,Team BDS,3908,Finest,673,9,3,8,4,0,0,Team BDS,AMERICAS
24949,41326,Breeze,Team Liquid,Team Liquid,FNATIC,Team Liquid,474,FNATIC,2593,4,8,5,7,0,0,FNATIC,AMERICAS
24949,41327,Bind,FNATIC,FNATIC,Team Liquid,Team Liquid,474,FNATIC,2593,6,6,7,3,0,0,Team Liquid,AMERICAS
24949,41328,Haven,Team Liquid,FNATIC,Team Liquid,Team Liquid,474,FNATIC,2593,5,7,3,8,0,0,FNATIC,AMERICAS
24950,41329,Icebox,Decider,Team BDS,Guild Esports,Guild Esports,1209,Team BDS,3908,7,5,4,6,0,0,Team BDS,AMERICAS
24950,41330,Haven,Decider,Team BDS,Guild Esports,Guild Esports,1209,Team BDS,3908,5,7,6,6,0,0,Guild Esports,AMERICAS
24950,41331,Ascent,Decider,Team BDS,Guild Esports,Guild Esports,1209,Team BDS,3908,6,6,7,1,0,0,Guild Esports,AMERICAS
24951,41332,Icebox,FunPlus Phoenix,FunPlus Phoenix,G2 Esports,G2 Esports,257,FunPlus Phoenix,628,8,4,0,5,0,0,FunPlus Phoenix,AMERICAS
24951,41333,Ascent,G2 Esports,FunPlus Phoenix,G2 Esports,G2 Esports,257,FunPlus Phoenix,628,8,4,0,5,0,0,FunPlus Phoenix,AMERICAS
24952,41335,Bind,Decider,Rix.GG Thunder,Acend,Acend,3531,Rix.GG Thunder,2373,6,6,7,0,0,0,Acend,AMERICAS
24952,41336,Ascent,Decider,Rix.GG Thunder,Acend,Acend,3531,Rix.GG Thunder,2373,2,10,3,2,0,0,Acend,AMERICAS
24956,41347,Split,Team Liquid,Team BDS,Team Liquid,Team Liquid,474,Team BDS,3908,10,2,10,2,0,2,Team Liquid,AMERICAS
24956,41348,Haven,Team BDS,Team Liquid,Team BDS,Team Liquid,474,Team BDS,3908,5,7,5,7,2,0,Team Liquid,AMERICAS
24957,41350,Bind,Decider,Rix.GG Thunder,G2 Esports,G2 Esports,257,Rix.GG Thunder,2373,2,10,3,7,0,0,G2 Esports,AMERICAS
24957,41351,Breeze,Decider,G2 Esports,Rix.GG Thunder,G2 Esports,257,Rix.GG Thunder,2373,6,6,1,7,0,0,G2 Esports,AMERICAS
24953,41338,Ascent,Decider,FNATIC,Guild Esports,FNATIC,2593,Guild Esports,1209,8,4,7,5,0,0,FNATIC,AMERICAS
24953,41339,Icebox,Decider,FNATIC,Guild Esports,FNATIC,2593,Guild Esports,1209,4,8,5,2,0,0,Guild Esports,AMERICAS
24953,41340,Haven,Decider,Guild Esports,FNATIC,FNATIC,2593,Guild Esports,1209,8,4,5,5,0,0,Guild Esports,AMERICAS
24954,41341,Bind,Acend,FunPlus Phoenix,Acend,FunPlus Phoenix,628,Acend,3531,4,8,5,0,0,0,Acend,AMERICAS
24954,41342,Icebox,FunPlus Phoenix,FunPlus Phoenix,Acend,FunPlus Phoenix,628,Acend,3531,9,3,4,4,0,0,FunPlus Phoenix,AMERICAS
24954,41343,Haven,Acend,FunPlus Phoenix,Acend,FunPlus Phoenix,628,Acend,3531,3,9,4,4,0,0,Acend,AMERICAS
24958,41353,Haven,Team Liquid,Team Liquid,FunPlus Phoenix,FunPlus Phoenix,628,Team Liquid,474,7,5,8,2,0,0,FunPlus Phoenix,AMERICAS
24958,41354,Ascent,FunPlus Phoenix,Team Liquid,FunPlus Phoenix,FunPlus Phoenix,628,Team Liquid,474,6,6,7,3,0,0,FunPlus Phoenix,AMERICAS
24959,41356,Icebox,G2 Esports,G2 Esports,FNATIC,FNATIC,2593,G2 Esports,257,4,8,1,9,0,0,G2 Esports,AMERICAS
24959,41357,Haven,FNATIC,G2 Esports,FNATIC,FNATIC,2593,G2 Esports,257,7,5,7,5,5,3,G2 Esports,AMERICAS
24955,41344,Breeze,Acend,Acend,Guild Esports,Guild Esports,1209,Acend,3531,11,1,5,2,0,0,Acend,AMERICAS
24955,41345,Haven,Guild Esports,Guild Esports,Acend,Guild Esports,1209,Acend,3531,7,5,8,1,0,0,Acend,AMERICAS
24960,41359,Bind,G2 Esports,FunPlus Phoenix,G2 Esports,FunPlus Phoenix,628,G2 Esports,257,5,7,6,6,0,0,G2 Esports,AMERICAS
24960,41360,Icebox,FunPlus Phoenix,G2 Esports,FunPlus Phoenix,FunPlus Phoenix,628,G2 Esports,257,4,8,4,8,0,2,FunPlus Phoenix,AMERICAS
24960,41361,Haven,G2 Esports,G2 Esports,FunPlus Phoenix,FunPlus Phoenix,628,G2 Esports,257,7,5,1,6,0,0,G2 Esports,AMERICAS
24961,41362,Bind,G2 Esports,Guild Esports,G2 Esports,Guild Esports,1209,G2 Esports,257,9,3,5,4,0,0,Guild Esports,AMERICAS
24961,41363,Split,Guild Esports,G2 Esports,Guild Esports,Guild Esports,1209,G2 Esports,257,10,2,4,3,0,0,G2 Esports,AMERICAS
24961,41364,Haven,G2 Esports,G2 Esports,Guild Esports,Guild Esports,1209,G2 Esports,257,3,9,3,9,0,2,Guild Esports,AMERICAS
24961,41365,Icebox,Guild Esports,Guild Esports,G2 Esports,Guild Esports,1209,G2 Esports,257,5,7,5,7,1,3,G2 Esports,AMERICAS
24961,41366,Ascent,G2 Esports,Guild Esports,G2 Esports,Guild Esports,1209,G2 Esports,257,5,7,6,1,0,0,G2 Esports,AMERICAS
24962,41367,Icebox,G2 Esports,G2 Esports,Acend,Acend,3531,G2 Esports,257,4,8,5,1,0,0,Acend,AMERICAS
24962,41368,Bind,Acend,G2 Esports,Acend,Acend,3531,G2 Esports,257,1,11,2,1,0,0,Acend,AMERICAS
24962,41369,Ascent,G2 Esports,Acend,G2 Esports,Acend,3531,G2 Esports,257,4,8,5,2,0,0,G2 Esports,AMERICAS
24962,41370,Haven,Acend,G2 Esports,Acend,Acend,3531,G2 Esports,257,6,6,7,4,0,0,Acend,AMERICAS
23588,38855,Split,Decider,WHATS POPPIN,Orgless5,Orgless5,5037,WHATS POPPIN,5271,2,10,3,5,0,0,Orgless5,AMERICAS
23588,38856,Icebox,Decider,Orgless5,WHATS POPPIN,Orgless5,5037,WHATS POPPIN,5271,4,8,4,8,2,0,Orgless5,AMERICAS
23592,38867,Bind,Decider,C SITE E-SPORTS,Fire Flux Esports,Fire Flux Esports,20085,C SITE E-SPORTS,5278,2,10,3,0,0,0,Fire Flux Esports,AMERICAS
23592,38868,Haven,Decider,C SITE E-SPORTS,Fire Flux Esports,Fire Flux Esports,20085,C SITE E-SPORTS,5278,3,9,4,0,0,0,Fire Flux Esports,AMERICAS
23602,38897,Haven,Decider,Gringo Team,Zero Zone,Zero Zone,1675,Gringo Team,5290,5,7,6,0,0,0,Zero Zone,AMERICAS
23602,38898,Ascent,Decider,Zero Zone,Gringo Team,Zero Zone,1675,Gringo Team,5290,9,3,0,4,0,0,Zero Zone,AMERICAS
23618,38945,Bind,Decider,Ultima,KASTIRALIS,KASTIRALIS,4779,Ultima,5307,3,9,4,0,0,0,KASTIRALIS,AMERICAS
23618,38946,Haven,Decider,KASTIRALIS,Ultima,KASTIRALIS,4779,Ultima,5307,9,3,1,4,0,0,KASTIRALIS,AMERICAS
23589,38858,Haven,Decider,GİVEMEORG,Titans,Titans,5272,GİVEMEORG,5273,5,7,6,3,0,0,Titans,AMERICAS
23589,38859,Icebox,Decider,Titans,GİVEMEORG,Titans,5272,GİVEMEORG,5273,2,10,3,0,0,0,GİVEMEORG,AMERICAS
23589,38860,Ascent,Decider,GİVEMEORG,Titans,Titans,5272,GİVEMEORG,5273,9,3,0,4,0,0,GİVEMEORG,AMERICAS
23591,38864,Haven,Decider,Anatolia Esports,YA MUSALLA YA MAPUS,Anatolia Esports,5276,YA MUSALLA YA MAPUS,5277,9,3,3,4,0,0,Anatolia Esports,AMERICAS
23591,38865,Bind,Decider,Anatolia Esports,YA MUSALLA YA MAPUS,Anatolia Esports,5276,YA MUSALLA YA MAPUS,5277,5,7,2,8,0,0,Anatolia Esports,AMERICAS
23593,38870,Ascent,Decider,Millennium Agency,Schat'z,Millennium Agency,5279,Schat'z,5280,2,10,3,1,0,0,Schat'z,AMERICAS
23593,38871,Bind,Decider,Millennium Agency,Schat'z,Millennium Agency,5279,Schat'z,5280,3,9,4,2,0,0,Schat'z,AMERICAS
23594,38873,Icebox,Decider,Surreal Esports,Itasrum Espor,Surreal Esports,4696,Itasrum Espor,5281,7,5,2,6,0,0,Surreal Esports,AMERICAS
23594,38874,Split,Decider,Surreal Esports,Itasrum Espor,Surreal Esports,4696,Itasrum Espor,5281,7,5,8,4,0,0,Itasrum Espor,AMERICAS
23594,38875,Ascent,Decider,Surreal Esports,Itasrum Espor,Surreal Esports,4696,Itasrum Espor,5281,11,1,0,2,0,0,Surreal Esports,AMERICAS
23595,38876,Bind,Decider,Magna Lupus,Order 66,Order 66,5282,Magna Lupus,5283,1,11,2,0,0,0,Order 66,AMERICAS
23595,38877,Icebox,Decider,Magna Lupus,Order 66,Order 66,5282,Magna Lupus,5283,4,8,5,6,0,0,Order 66,AMERICAS
23596,38879,Haven,Decider,Bartender Esport,westSide,westSide,3470,Bartender Esport,5284,8,4,8,4,2,0,Bartender Esport,AMERICAS
23596,38880,Bind,Decider,westSide,Bartender Esport,westSide,3470,Bartender Esport,5284,9,3,6,4,0,0,westSide,AMERICAS
23596,38881,Ascent,Decider,Bartender Esport,westSide,westSide,3470,Bartender Esport,5284,4,8,5,4,0,0,westSide,AMERICAS
23598,38885,Ascent,Decider,We Raise Blame,Papara SuperMassive,Papara SuperMassive,4567,We Raise Blame,5286,2,10,3,0,0,0,Papara SuperMassive,AMERICAS
23598,38886,Haven,Decider,Papara SuperMassive,We Raise Blame,Papara SuperMassive,4567,We Raise Blame,5286,10,2,1,3,0,0,Papara SuperMassive,AMERICAS
23599,38888,Icebox,Decider,Loser Gang,XFlow Esports,XFlow Esports,3268,Loser Gang,4788,6,6,5,7,0,0,Loser Gang,AMERICAS
23599,38889,Bind,Decider,XFlow Esports,Loser Gang,XFlow Esports,3268,Loser Gang,4788,8,4,0,5,0,0,XFlow Esports,AMERICAS
23599,38890,Haven,Decider,XFlow Esports,Loser Gang,XFlow Esports,3268,Loser Gang,4788,7,5,0,6,0,0,XFlow Esports,AMERICAS
23600,38891,Icebox,Decider,Aeterna Victrix,Lecassit E-Sports,Lecassit E-Sports,5287,Aeterna Victrix,4787,7,5,6,6,0,0,Aeterna Victrix,AMERICAS
23600,38892,Split,Decider,Lecassit E-Sports,Aeterna Victrix,Lecassit E-Sports,5287,Aeterna Victrix,4787,4,8,4,8,2,0,Lecassit E-Sports,AMERICAS
23600,38893,Bind,Decider,Aeterna Victrix,Lecassit E-Sports,Lecassit E-Sports,5287,Aeterna Victrix,4787,7,5,8,1,0,0,Lecassit E-Sports,AMERICAS
23601,38894,Ascent,Decider,ALCATRAZ,5MORONS,ALCATRAZ,5288,5MORONS,5289,8,4,3,5,0,0,ALCATRAZ,AMERICAS
23601,38895,Bind,Decider,5MORONS,ALCATRAZ,ALCATRAZ,5288,5MORONS,5289,2,10,3,5,0,0,ALCATRAZ,AMERICAS
23603,38900,Haven,Decider,Vorpal Swords,ABB ASKİ ESPOR,ABB ASKİ ESPOR,4777,Vorpal Swords,5291,4,8,5,5,0,0,ABB ASKİ ESPOR,AMERICAS
23603,38901,Ascent,Decider,ABB ASKİ ESPOR,Vorpal Swords,ABB ASKİ ESPOR,4777,Vorpal Swords,5291,11,1,2,2,0,0,ABB ASKİ ESPOR,AMERICAS
23604,38903,Haven,Decider,DO SOMETHING,Team Aurora,Team Aurora,2903,DO SOMETHING,5292,4,8,5,1,0,0,Team Aurora,AMERICAS
23604,38904,Bind,Decider,Team Aurora,DO SOMETHING,Team Aurora,2903,DO SOMETHING,5292,10,2,1,3,0,0,Team Aurora,AMERICAS
23605,38906,Haven,Decider,Exercitus5,NoobsInAct1oN,Exercitus5,5293,NoobsInAct1oN,5294,2,10,3,6,0,0,NoobsInAct1oN,AMERICAS
23605,38907,Breeze,Decider,Exercitus5,NoobsInAct1oN,Exercitus5,5293,NoobsInAct1oN,5294,7,5,2,6,0,0,Exercitus5,AMERICAS
23605,38908,Bind,Decider,NoobsInAct1oN,Exercitus5,Exercitus5,5293,NoobsInAct1oN,5294,3,9,4,5,0,0,Exercitus5,AMERICAS
23606,38909,Icebox,Decider,SHN Esports,5Moneyless,SHN Esports,3973,5Moneyless,5296,9,3,1,4,0,0,SHN Esports,AMERICAS
23606,38910,Split,Decider,5Moneyless,SHN Esports,SHN Esports,3973,5Moneyless,5296,5,7,6,1,0,0,SHN Esports,AMERICAS
23607,38912,Ascent,Decider,Fenerbahçe Esports,Beşiktaş Esports,Beşiktaş Esports,2036,Fenerbahçe Esports,5310,6,6,7,4,0,0,Beşiktaş Esports,AMERICAS
23607,38913,Haven,Decider,Beşiktaş Esports,Fenerbahçe Esports,Beşiktaş Esports,2036,Fenerbahçe Esports,5310,8,4,5,5,0,0,Beşiktaş Esports,AMERICAS
23608,38915,Haven,Decider,Raicho's ninjas,36NUMBER,36NUMBER,4248,Raicho's ninjas,5297,3,9,4,3,0,0,36NUMBER,AMERICAS
23608,38916,Icebox,Decider,36NUMBER,Raicho's ninjas,36NUMBER,4248,Raicho's ninjas,5297,10,2,0,3,0,0,36NUMBER,AMERICAS
23609,38918,Bind,Decider,w0wClan,VIN G,VIN G,5298,w0wClan,3985,4,8,5,3,0,0,VIN G,AMERICAS
23609,38919,Icebox,Decider,VIN G,w0wClan,VIN G,5298,w0wClan,3985,9,3,6,4,0,0,VIN G,AMERICAS
23610,38921,Icebox,Decider,ThunderS,Thunderbolts Gaming,Thunderbolts Gaming,2908,ThunderS,3970,4,8,5,6,0,0,Thunderbolts Gaming,AMERICAS
23610,38922,Breeze,Decider,Thunderbolts Gaming,ThunderS,Thunderbolts Gaming,2908,ThunderS,3970,10,2,1,3,0,0,Thunderbolts Gaming,AMERICAS
23611,38924,Ascent,Decider,ALTIN KARIYER Esports,FLASHERS,FLASHERS,5299,ALTIN KARIYER Esports,4761,9,3,6,4,0,0,ALTIN KARIYER Esports,AMERICAS
23611,38925,Bind,Decider,FLASHERS,ALTIN KARIYER Esports,FLASHERS,5299,ALTIN KARIYER Esports,4761,2,10,3,8,0,0,ALTIN KARIYER Esports,AMERICAS
23612,38927,Icebox,Decider,PCIFIC Esports,Regnum Carya Esports,Regnum Carya Esports,4396,PCIFIC Esports,3478,4,8,5,6,0,0,Regnum Carya Esports,AMERICAS
23612,38928,Haven,Decider,Regnum Carya Esports,PCIFIC Esports,Regnum Carya Esports,4396,PCIFIC Esports,3478,6,6,6,6,3,1,Regnum Carya Esports,AMERICAS
23613,38930,Bind,Decider,BAYER NEVERLOSEN,Dont Throw,Dont Throw,5300,BAYER NEVERLOSEN,5301,10,2,2,3,0,0,BAYER NEVERLOSEN,AMERICAS
23613,38931,Breeze,Decider,Dont Throw,BAYER NEVERLOSEN,Dont Throw,5300,BAYER NEVERLOSEN,5301,5,7,6,2,0,0,BAYER NEVERLOSEN,AMERICAS
23614,38933,Ascent,Decider,Hadi Kanka Esports,OutRage,OutRage,4697,Hadi Kanka Esports,5302,2,10,3,1,0,0,OutRage,AMERICAS
23614,38934,Icebox,Decider,Hadi Kanka Esports,OutRage,OutRage,4697,Hadi Kanka Esports,5302,3,9,4,0,0,0,OutRage,AMERICAS
23615,38936,Ascent,Decider,WarningStepz,Navy Blue,Navy Blue,5303,WarningStepz,5304,6,6,7,4,0,0,Navy Blue,AMERICAS
23615,38937,Icebox,Decider,Navy Blue,WarningStepz,Navy Blue,5303,WarningStepz,5304,9,3,4,4,0,0,Navy Blue,AMERICAS
23616,38939,Ascent,Decider,MASSIVESTROKE E-SPORTS,OtherSide,OtherSide,1453,MASSIVESTROKE E-SPORTS,3991,2,10,3,1,0,0,OtherSide,AMERICAS
23616,38940,Bind,Decider,OtherSide,MASSIVESTROKE E-SPORTS,OtherSide,1453,MASSIVESTROKE E-SPORTS,3991,9,3,3,4,0,0,OtherSide,AMERICAS
23617,38942,Ascent,Decider,evilzone,Unique,Unique,5305,evilzone,5306,4,8,5,1,0,0,Unique,AMERICAS
23617,38943,Haven,Decider,Unique,evilzone,Unique,5305,evilzone,5306,8,4,2,5,0,0,Unique,AMERICAS
23619,38948,Icebox,Decider,Predatory Esports,Unknownpros,Unknownpros,5308,Predatory Esports,5309,6,6,2,7,0,0,Predatory Esports,AMERICAS
23619,38949,Haven,Decider,Unknownpros,Predatory Esports,Unknownpros,5308,Predatory Esports,5309,6,6,3,7,0,0,Unknownpros,AMERICAS
23619,38950,Split,Decider,Predatory Esports,Unknownpros,Unknownpros,5308,Predatory Esports,5309,5,7,6,5,0,0,Unknownpros,AMERICAS
23627,38972,Haven,Decider,ABB ASKİ ESPOR,Zero Zone,Zero Zone,1675,ABB ASKİ ESPOR,4777,6,6,7,4,0,0,Zero Zone,AMERICAS
23627,38973,Split,Decider,Zero Zone,ABB ASKİ ESPOR,Zero Zone,1675,ABB ASKİ ESPOR,4777,9,3,0,4,0,0,Zero Zone,AMERICAS
23624,38963,Haven,Decider,Sivasspor E-Spor,westSide,westSide,3470,Sivasspor E-Spor,5285,5,7,6,3,0,0,westSide,AMERICAS
23624,38964,Ascent,Decider,Sivasspor E-Spor,westSide,westSide,3470,Sivasspor E-Spor,5285,6,6,6,6,4,2,Sivasspor E-Spor,AMERICAS
23624,38965,Bind,Decider,Sivasspor E-Spor,westSide,westSide,3470,Sivasspor E-Spor,5285,8,4,4,5,0,0,Sivasspor E-Spor,AMERICAS
23626,38969,Bind,Decider,ALCATRAZ,Lecassit E-Sports,Lecassit E-Sports,5287,ALCATRAZ,5288,4,8,4,8,3,1,ALCATRAZ,AMERICAS
23626,38970,Breeze,Decider,Lecassit E-Sports,ALCATRAZ,Lecassit E-Sports,5287,ALCATRAZ,5288,2,10,3,0,0,0,ALCATRAZ,AMERICAS
23628,38975,Haven,Decider,Team Aurora,Exercitus5,Team Aurora,2903,Exercitus5,5293,11,1,9,2,0,0,Team Aurora,AMERICAS
23628,38976,Bind,Decider,Team Aurora,Exercitus5,Team Aurora,2903,Exercitus5,5293,8,4,4,5,0,0,Team Aurora,AMERICAS
23629,38978,Icebox,Decider,Beşiktaş Esports,SHN Esports,SHN Esports,3973,Beşiktaş Esports,2036,4,8,2,9,0,0,Beşiktaş Esports,AMERICAS
23629,38979,Haven,Decider,Beşiktaş Esports,SHN Esports,SHN Esports,3973,Beşiktaş Esports,2036,7,5,4,6,0,0,Beşiktaş Esports,AMERICAS
23630,38981,Icebox,Decider,VIN G,36NUMBER,36NUMBER,4248,VIN G,5298,6,6,3,7,0,0,VIN G,AMERICAS
23630,38982,Bind,Decider,36NUMBER,VIN G,36NUMBER,4248,VIN G,5298,6,6,4,7,0,0,36NUMBER,AMERICAS
23630,38983,Split,Decider,VIN G,36NUMBER,36NUMBER,4248,VIN G,5298,8,4,8,4,0,2,36NUMBER,AMERICAS
23631,38984,Icebox,Decider,ALTIN KARIYER Esports,Thunderbolts Gaming,Thunderbolts Gaming,2908,ALTIN KARIYER Esports,4761,5,7,6,5,0,0,Thunderbolts Gaming,AMERICAS
23631,38985,Bind,Decider,Thunderbolts Gaming,ALTIN KARIYER Esports,Thunderbolts Gaming,2908,ALTIN KARIYER Esports,4761,9,3,1,4,0,0,Thunderbolts Gaming,AMERICAS
23632,38987,Icebox,Decider,BAYER NEVERLOSEN,Regnum Carya Esports,Regnum Carya Esports,4396,BAYER NEVERLOSEN,5301,5,7,6,6,0,0,Regnum Carya Esports,AMERICAS
23632,38988,Bind,Decider,Regnum Carya Esports,BAYER NEVERLOSEN,Regnum Carya Esports,4396,BAYER NEVERLOSEN,5301,7,5,4,6,0,0,Regnum Carya Esports,AMERICAS
23633,38990,Ascent,Decider,Navy Blue,OutRage,OutRage,4697,Navy Blue,5303,5,7,6,3,0,0,OutRage,AMERICAS
23633,38991,Bind,Decider,OutRage,Navy Blue,OutRage,4697,Navy Blue,5303,8,4,0,5,0,0,OutRage,AMERICAS
23634,38993,Ascent,Decider,Unique,OtherSide,OtherSide,1453,Unique,5305,2,10,3,0,0,0,OtherSide,AMERICAS
23634,38994,Haven,Decider,OtherSide,Unique,OtherSide,1453,Unique,5305,10,2,1,3,0,0,OtherSide,AMERICAS
23635,38996,Bind,Decider,Unknownpros,KASTIRALIS,KASTIRALIS,4779,Unknownpros,5308,4,8,5,4,0,0,KASTIRALIS,AMERICAS
23635,38997,Haven,Decider,KASTIRALIS,Unknownpros,KASTIRALIS,4779,Unknownpros,5308,8,4,6,5,0,0,KASTIRALIS,AMERICAS
23620,38951,Haven,Decider,Orgless5,GİVEMEORG,Orgless5,5037,GİVEMEORG,5273,6,6,6,6,2,0,Orgless5,AMERICAS
23620,38952,Bind,Decider,Orgless5,GİVEMEORG,Orgless5,5037,GİVEMEORG,5273,7,5,0,6,0,0,Orgless5,AMERICAS
23621,38954,Split,Decider,Anatolia Esports,TETA Esports Academy,TETA Esports Academy,5275,Anatolia Esports,5276,10,2,5,3,0,0,Anatolia Esports,AMERICAS
23621,38955,Bind,Decider,TETA Esports Academy,Anatolia Esports,TETA Esports Academy,5275,Anatolia Esports,5276,4,8,5,7,0,0,Anatolia Esports,AMERICAS
23622,38957,Bind,Decider,Fire Flux Esports,Schat'z,Fire Flux Esports,20085,Schat'z,5280,8,4,1,5,0,0,Fire Flux Esports,AMERICAS
23622,38958,Split,Decider,Fire Flux Esports,Schat'z,Fire Flux Esports,20085,Schat'z,5280,10,2,5,3,0,0,Fire Flux Esports,AMERICAS
23623,38960,Bind,Decider,Order 66,Surreal Esports,Surreal Esports,4696,Order 66,5282,4,8,5,3,0,0,Surreal Esports,AMERICAS
23623,38961,Split,Decider,Surreal Esports,Order 66,Surreal Esports,4696,Order 66,5282,10,2,0,3,0,0,Surreal Esports,AMERICAS
23625,38966,Ascent,Decider,XFlow Esports,Papara SuperMassive,Papara SuperMassive,4567,XFlow Esports,3268,2,10,3,3,0,0,Papara SuperMassive,AMERICAS
23625,38967,Bind,Decider,Papara SuperMassive,XFlow Esports,Papara SuperMassive,4567,XFlow Esports,3268,7,5,1,6,0,0,Papara SuperMassive,AMERICAS
23636,38999,Ascent,Decider,Anatolia Esports,Orgless5,Orgless5,5037,Anatolia Esports,5276,3,9,4,5,0,0,Orgless5,AMERICAS
23636,39000,Breeze,Decider,Orgless5,Anatolia Esports,Orgless5,5037,Anatolia Esports,5276,6,6,2,7,0,0,Orgless5,AMERICAS
23637,39002,Split,Decider,Surreal Esports,Fire Flux Esports,Fire Flux Esports,20085,Surreal Esports,4696,3,9,4,5,0,0,Fire Flux Esports,AMERICAS
23637,39003,Ascent,Decider,Surreal Esports,Fire Flux Esports,Fire Flux Esports,20085,Surreal Esports,4696,5,7,6,3,0,0,Fire Flux Esports,AMERICAS
23638,39005,Ascent,Decider,Sivasspor E-Spor,Papara SuperMassive,Sivasspor E-Spor,5285,Papara SuperMassive,4567,2,10,3,0,0,0,Papara SuperMassive,AMERICAS
23638,39006,Icebox,Decider,Papara SuperMassive,Sivasspor E-Spor,Sivasspor E-Spor,5285,Papara SuperMassive,4567,8,4,2,5,0,0,Papara SuperMassive,AMERICAS
23639,39008,Bind,Decider,ALCATRAZ,Zero Zone,ALCATRAZ,5288,Zero Zone,1675,7,5,8,4,0,0,Zero Zone,AMERICAS
23639,39009,Ascent,Decider,Zero Zone,ALCATRAZ,ALCATRAZ,5288,Zero Zone,1675,11,1,7,2,0,0,Zero Zone,AMERICAS
23640,39011,Haven,Decider,Beşiktaş Esports,Team Aurora,Team Aurora,2903,Beşiktaş Esports,2036,5,7,5,7,1,3,Team Aurora,AMERICAS
23640,39012,Ascent,Decider,Team Aurora,Beşiktaş Esports,Team Aurora,2903,Beşiktaş Esports,2036,7,5,1,6,0,0,Team Aurora,AMERICAS
23641,39014,Icebox,Decider,Thunderbolts Gaming,36NUMBER,36NUMBER,4248,Thunderbolts Gaming,2908,7,5,7,5,2,0,Thunderbolts Gaming,AMERICAS
23641,39015,Bind,Decider,36NUMBER,Thunderbolts Gaming,36NUMBER,4248,Thunderbolts Gaming,2908,2,10,3,1,0,0,Thunderbolts Gaming,AMERICAS
23642,39017,Bind,Decider,OutRage,Regnum Carya Esports,Regnum Carya Esports,4396,OutRage,4697,6,6,7,1,0,0,Regnum Carya Esports,AMERICAS
23642,39018,Haven,Decider,Regnum Carya Esports,OutRage,Regnum Carya Esports,4396,OutRage,4697,8,4,8,4,3,1,Regnum Carya Esports,AMERICAS
23643,39020,Split,Decider,KASTIRALIS,OtherSide,OtherSide,1453,KASTIRALIS,4779,2,10,3,7,0,0,OtherSide,AMERICAS
23643,39021,Icebox,Decider,OtherSide,KASTIRALIS,OtherSide,1453,KASTIRALIS,4779,6,6,6,6,6,4,OtherSide,AMERICAS
24232,40533,Haven,Decider,Orgless5,Galakticos,Galakticos,4762,Orgless5,5037,3,9,4,2,0,0,Galakticos,AMERICAS
24232,40534,Ascent,Decider,Galakticos,Orgless5,Galakticos,4762,Orgless5,5037,9,3,4,4,0,0,Galakticos,AMERICAS
24233,40536,Bind,Decider,BBL Esports,Fire Flux Esports,BBL Esports,397,Fire Flux Esports,20085,8,4,7,5,0,0,BBL Esports,AMERICAS
24233,40537,Split,Decider,BBL Esports,Fire Flux Esports,BBL Esports,397,Fire Flux Esports,20085,6,6,7,3,0,0,Fire Flux Esports,AMERICAS
24233,40538,Haven,Decider,Fire Flux Esports,BBL Esports,BBL Esports,397,Fire Flux Esports,20085,7,5,7,5,6,7,BBL Esports,AMERICAS
24234,40539,Ascent,Decider,Papara SuperMassive,Unity Esports,Unity Esports,3259,Papara SuperMassive,4567,7,5,3,6,0,0,Papara SuperMassive,AMERICAS
24234,40540,Split,Decider,Unity Esports,Papara SuperMassive,Unity Esports,3259,Papara SuperMassive,4567,9,3,2,4,0,0,Unity Esports,AMERICAS
24234,40541,Bind,Decider,Papara SuperMassive,Unity Esports,Unity Esports,3259,Papara SuperMassive,4567,7,5,8,2,0,0,Unity Esports,AMERICAS
24235,40542,Haven,Decider,Zero Zone,Kafalar eSports,Kafalar eSports,3261,Zero Zone,1675,7,5,3,6,0,0,Zero Zone,AMERICAS
24235,40543,Ascent,Decider,Kafalar eSports,Zero Zone,Kafalar eSports,3261,Zero Zone,1675,4,8,5,3,0,0,Zero Zone,AMERICAS
24236,40545,Haven,Decider,Team Aurora,RARE Esports,RARE Esports,1913,Team Aurora,2903,7,5,8,2,0,0,RARE Esports,AMERICAS
24236,40546,Ascent,Decider,RARE Esports,Team Aurora,RARE Esports,1913,Team Aurora,2903,6,6,7,3,0,0,Team Aurora,AMERICAS
24236,40547,Bind,Decider,Team Aurora,RARE Esports,RARE Esports,1913,Team Aurora,2903,4,8,5,4,0,0,RARE Esports,AMERICAS
24237,40548,Ascent,Decider,Thunderbolts Gaming,Oxygen Esports,Oxygen Esports,921,Thunderbolts Gaming,2908,9,3,10,2,0,0,Oxygen Esports,AMERICAS
24237,40549,Bind,Decider,Oxygen Esports,Thunderbolts Gaming,Oxygen Esports,921,Thunderbolts Gaming,2908,4,8,5,2,0,0,Thunderbolts Gaming,AMERICAS
24237,40550,Split,Decider,Thunderbolts Gaming,Oxygen Esports,Oxygen Esports,921,Thunderbolts Gaming,2908,0,12,1,0,0,0,Oxygen Esports,AMERICAS
24238,40551,Bind,Decider,İstanbul Wildcats,Regnum Carya Esports,İstanbul Wildcats,6132,Regnum Carya Esports,4396,8,4,8,4,2,0,İstanbul Wildcats,AMERICAS
24238,40552,Ascent,Decider,Regnum Carya Esports,İstanbul Wildcats,İstanbul Wildcats,6132,Regnum Carya Esports,4396,5,7,5,7,0,2,İstanbul Wildcats,AMERICAS
24238,40553,Haven,Decider,Regnum Carya Esports,İstanbul Wildcats,İstanbul Wildcats,6132,Regnum Carya Esports,4396,0,0,0,0,0,0,Draw,AMERICAS
24239,40554,Split,Decider,FUT Esports,OtherSide,FUT Esports,1184,OtherSide,1453,7,5,2,6,0,0,FUT Esports,AMERICAS
24239,40555,Ascent,Decider,FUT Esports,OtherSide,FUT Esports,1184,OtherSide,1453,9,3,7,4,0,0,FUT Esports,AMERICAS
24240,40557,Split,Decider,BBL Esports,Galakticos,Galakticos,4762,BBL Esports,397,7,5,6,6,0,0,BBL Esports,AMERICAS
24240,40558,Icebox,Decider,Galakticos,BBL Esports,Galakticos,4762,BBL Esports,397,3,9,4,8,0,0,BBL Esports,AMERICAS
24241,40560,Split,Decider,Zero Zone,Unity Esports,Unity Esports,3259,Zero Zone,1675,9,3,0,4,0,0,Zero Zone,AMERICAS
24241,40561,Ascent,Decider,Unity Esports,Zero Zone,Unity Esports,3259,Zero Zone,1675,7,5,3,6,0,0,Unity Esports,AMERICAS
24241,40562,Bind,Decider,Zero Zone,Unity Esports,Unity Esports,3259,Zero Zone,1675,10,2,0,3,0,0,Zero Zone,AMERICAS
24242,40563,Bind,Decider,RARE Esports,Oxygen Esports,RARE Esports,1913,Oxygen Esports,921,9,3,9,3,0,2,Oxygen Esports,AMERICAS
24242,40564,Ascent,Decider,RARE Esports,Oxygen Esports,RARE Esports,1913,Oxygen Esports,921,3,9,4,0,0,0,Oxygen Esports,AMERICAS
24243,40566,Ascent,Decider,FUT Esports,İstanbul Wildcats,İstanbul Wildcats,6132,FUT Esports,1184,11,1,0,2,0,0,FUT Esports,AMERICAS
24243,40567,Split,Decider,İstanbul Wildcats,FUT Esports,İstanbul Wildcats,6132,FUT Esports,1184,7,5,8,0,0,0,FUT Esports,AMERICAS
24244,40569,Ascent,Decider,Orgless5,Fire Flux Esports,Orgless5,5037,Fire Flux Esports,20085,4,8,5,0,0,0,Fire Flux Esports,AMERICAS
24244,40570,Bind,Decider,Orgless5,Fire Flux Esports,Orgless5,5037,Fire Flux Esports,20085,6,6,7,4,0,0,Fire Flux Esports,AMERICAS
24245,40572,Ascent,Decider,Kafalar eSports,Papara SuperMassive,Papara SuperMassive,4567,Kafalar eSports,3261,4,8,0,9,0,0,Kafalar eSports,AMERICAS
24245,40573,Haven,Decider,Papara SuperMassive,Kafalar eSports,Papara SuperMassive,4567,Kafalar eSports,3261,6,6,2,7,0,0,Papara SuperMassive,AMERICAS
24245,40574,Icebox,Decider,Kafalar eSports,Papara SuperMassive,Papara SuperMassive,4567,Kafalar eSports,3261,4,8,5,1,0,0,Papara SuperMassive,AMERICAS
24246,40575,Split,Decider,Thunderbolts Gaming,Team Aurora,Team Aurora,2903,Thunderbolts Gaming,2908,8,4,9,3,0,0,Team Aurora,AMERICAS
24246,40576,Icebox,Decider,Team Aurora,Thunderbolts Gaming,Team Aurora,2903,Thunderbolts Gaming,2908,8,4,8,4,2,0,Team Aurora,AMERICAS
24247,40578,Icebox,Decider,OtherSide,Regnum Carya Esports,Regnum Carya Esports,4396,OtherSide,1453,7,5,8,4,0,0,Regnum Carya Esports,AMERICAS
24247,40579,Haven,Decider,Regnum Carya Esports,OtherSide,Regnum Carya Esports,4396,OtherSide,1453,3,9,4,0,0,0,OtherSide,AMERICAS
24247,40580,Bind,Decider,OtherSide,Regnum Carya Esports,Regnum Carya Esports,4396,OtherSide,1453,5,7,5,7,5,3,OtherSide,AMERICAS
24248,40581,Haven,Decider,Fire Flux Esports,İstanbul Wildcats,İstanbul Wildcats,6132,Fire Flux Esports,20085,6,6,2,7,0,0,Fire Flux Esports,AMERICAS
24248,40582,Ascent,Decider,İstanbul Wildcats,Fire Flux Esports,İstanbul Wildcats,6132,Fire Flux Esports,20085,4,8,5,0,0,0,Fire Flux Esports,AMERICAS
24249,40584,Haven,Decider,Papara SuperMassive,RARE Esports,RARE Esports,1913,Papara SuperMassive,4567,8,4,6,5,0,0,Papara SuperMassive,AMERICAS
24249,40585,Ascent,Decider,RARE Esports,Papara SuperMassive,RARE Esports,1913,Papara SuperMassive,4567,4,8,5,3,0,0,Papara SuperMassive,AMERICAS
24250,40587,Ascent,Unity Esports,Team Aurora,Unity Esports,Unity Esports,3259,Team Aurora,2903,6,6,6,6,2,0,Team Aurora,AMERICAS
24250,40588,Bind,Team Aurora,Unity Esports,Team Aurora,Unity Esports,3259,Team Aurora,2903,8,4,8,4,2,0,Unity Esports,AMERICAS
24250,40589,Split,Decider,Team Aurora,Unity Esports,Unity Esports,3259,Team Aurora,2903,8,4,3,5,0,0,Team Aurora,AMERICAS
24251,40590,Haven,Galakticos,OtherSide,Galakticos,Galakticos,4762,OtherSide,1453,12,0,2,1,0,0,OtherSide,AMERICAS
24251,40591,Ascent,OtherSide,Galakticos,OtherSide,Galakticos,4762,OtherSide,1453,4,8,5,5,0,0,OtherSide,AMERICAS
24978,41418,Icebox,Fire Flux Esports,Oxygen Esports,Fire Flux Esports,Oxygen Esports,921,Fire Flux Esports,20085,6,6,5,7,0,0,Oxygen Esports,AMERICAS
24978,41419,Ascent,Oxygen Esports,Oxygen Esports,Fire Flux Esports,Oxygen Esports,921,Fire Flux Esports,20085,8,4,3,5,0,0,Oxygen Esports,AMERICAS
24979,41421,Split,Decider,Papara SuperMassive,Zero Zone,Zero Zone,1675,Papara SuperMassive,4567,9,3,1,4,0,0,Papara SuperMassive,AMERICAS
24979,41422,Ascent,Decider,Zero Zone,Papara SuperMassive,Zero Zone,1675,Papara SuperMassive,4567,3,9,4,0,0,0,Papara SuperMassive,AMERICAS
24981,41427,Ascent,Decider,FUT Esports,Team Aurora,FUT Esports,1184,Team Aurora,2903,11,1,5,2,0,0,FUT Esports,AMERICAS
24981,41428,Split,Decider,Team Aurora,FUT Esports,FUT Esports,1184,Team Aurora,2903,4,8,5,2,0,0,FUT Esports,AMERICAS
24980,41424,Haven,OtherSide,BBL Esports,OtherSide,BBL Esports,397,OtherSide,1453,11,1,5,2,0,0,BBL Esports,AMERICAS
24980,41425,Ascent,BBL Esports,OtherSide,BBL Esports,BBL Esports,397,OtherSide,1453,5,7,3,8,0,0,OtherSide,AMERICAS
24980,41426,Split,Decider,OtherSide,BBL Esports,BBL Esports,397,OtherSide,1453,3,9,4,2,0,0,BBL Esports,AMERICAS
24986,41444,Ascent,Decider,Zero Zone,Fire Flux Esports,Fire Flux Esports,20085,Zero Zone,1675,4,8,4,8,4,6,Fire Flux Esports,AMERICAS
24986,41445,Bind,Decider,Fire Flux Esports,Zero Zone,Fire Flux Esports,20085,Zero Zone,1675,2,10,3,1,0,0,Zero Zone,AMERICAS
24986,41446,Split,Decider,Fire Flux Esports,Zero Zone,Fire Flux Esports,20085,Zero Zone,1675,5,7,4,8,0,0,Fire Flux Esports,AMERICAS
24987,41447,Haven,Team Aurora,OtherSide,Team Aurora,OtherSide,1453,Team Aurora,2903,7,5,2,6,0,0,OtherSide,AMERICAS
24987,41448,Ascent,OtherSide,Team Aurora,OtherSide,OtherSide,1453,Team Aurora,2903,4,8,5,5,0,0,OtherSide,AMERICAS
24982,41430,Haven,Decider,Oxygen Esports,Papara SuperMassive,Oxygen Esports,921,Papara SuperMassive,4567,10,2,0,3,0,0,Oxygen Esports,AMERICAS
24982,41431,Ascent,Decider,Papara SuperMassive,Oxygen Esports,Oxygen Esports,921,Papara SuperMassive,4567,4,8,4,8,0,2,Oxygen Esports,AMERICAS
24983,41433,Ascent,FUT Esports,BBL Esports,FUT Esports,BBL Esports,397,FUT Esports,1184,9,3,6,4,0,0,BBL Esports,AMERICAS
24983,41434,Icebox,BBL Esports,FUT Esports,BBL Esports,BBL Esports,397,FUT Esports,1184,7,5,3,6,0,0,FUT Esports,AMERICAS
24983,41435,Split,Decider,FUT Esports,BBL Esports,BBL Esports,397,FUT Esports,1184,4,8,2,9,0,0,FUT Esports,AMERICAS
24989,41453,Ascent,Decider,OtherSide,Papara SuperMassive,Papara SuperMassive,4567,OtherSide,1453,5,7,6,2,0,0,Papara SuperMassive,AMERICAS
24989,41454,Bind,Decider,Papara SuperMassive,OtherSide,Papara SuperMassive,4567,OtherSide,1453,7,5,5,6,0,0,Papara SuperMassive,AMERICAS
24988,41450,Haven,Fire Flux Esports,BBL Esports,Fire Flux Esports,BBL Esports,397,Fire Flux Esports,20085,6,6,4,7,0,0,BBL Esports,AMERICAS
24988,41451,Ascent,BBL Esports,Fire Flux Esports,BBL Esports,BBL Esports,397,Fire Flux Esports,20085,7,5,1,6,0,0,Fire Flux Esports,AMERICAS
24988,41452,Split,Decider,Fire Flux Esports,BBL Esports,BBL Esports,397,Fire Flux Esports,20085,8,4,5,5,0,0,Fire Flux Esports,AMERICAS
24984,41436,Icebox,Decider,Oxygen Esports,FUT Esports,Oxygen Esports,921,FUT Esports,1184,3,9,3,9,7,5,Oxygen Esports,AMERICAS
24984,41437,Ascent,Decider,FUT Esports,Oxygen Esports,Oxygen Esports,921,FUT Esports,1184,6,6,7,2,0,0,Oxygen Esports,AMERICAS
24990,41456,Haven,Fire Flux Esports,Papara SuperMassive,Fire Flux Esports,Fire Flux Esports,20085,Papara SuperMassive,4567,10,2,0,3,0,0,Papara SuperMassive,AMERICAS
24990,41457,Ascent,Papara SuperMassive,Fire Flux Esports,Papara SuperMassive,Fire Flux Esports,20085,Papara SuperMassive,4567,6,6,3,7,0,0,Fire Flux Esports,AMERICAS
24990,41458,Icebox,Decider,Fire Flux Esports,Papara SuperMassive,Fire Flux Esports,20085,Papara SuperMassive,4567,3,9,4,7,0,0,Papara SuperMassive,AMERICAS
24991,41459,Ascent,Papara SuperMassive,FUT Esports,Papara SuperMassive,FUT Esports,1184,Papara SuperMassive,4567,3,9,4,1,0,0,Papara SuperMassive,AMERICAS
24991,41460,Split,FUT Esports,Papara SuperMassive,FUT Esports,FUT Esports,1184,Papara SuperMassive,4567,7,5,8,1,0,0,FUT Esports,AMERICAS
24991,41461,Haven,Papara SuperMassive,FUT Esports,Papara SuperMassive,FUT Esports,1184,Papara SuperMassive,4567,5,7,6,2,0,0,Papara SuperMassive,AMERICAS
24991,41462,Breeze,FUT Esports,Papara SuperMassive,FUT Esports,FUT Esports,1184,Papara SuperMassive,4567,6,6,7,1,0,0,FUT Esports,AMERICAS
24991,41463,Icebox,Decider,Papara SuperMassive,FUT Esports,FUT Esports,1184,Papara SuperMassive,4567,6,6,6,6,3,1,Papara SuperMassive,AMERICAS
24985,41439,Ascent,Papara SuperMassive,Oxygen Esports,Papara SuperMassive,Oxygen Esports,921,Papara SuperMassive,4567,5,7,5,7,2,0,Oxygen Esports,AMERICAS
24985,41440,Bind,Oxygen Esports,Papara SuperMassive,Oxygen Esports,Oxygen Esports,921,Papara SuperMassive,4567,7,5,3,6,0,0,Papara SuperMassive,AMERICAS
24985,41441,Icebox,Papara SuperMassive,Oxygen Esports,Papara SuperMassive,Oxygen Esports,921,Papara SuperMassive,4567,2,10,3,0,0,0,Papara SuperMassive,AMERICAS
24985,41442,Haven,Oxygen Esports,Papara SuperMassive,Oxygen Esports,Oxygen Esports,921,Papara SuperMassive,4567,5,7,3,8,0,0,Papara SuperMassive,AMERICAS
23484,38614,Icebox,Decider,Young Talents,tyeasy,tyeasy,488,Young Talents,5182,4,8,5,7,0,0,tyeasy,AMERICAS
23484,38615,Ascent,Decider,tyeasy,Young Talents,tyeasy,488,Young Talents,5182,3,9,3,9,2,0,tyeasy,AMERICAS
23485,38617,Split,Decider,hellons,KANAFI,KANAFI,3797,hellons,5020,7,5,1,6,0,0,hellons,AMERICAS
23485,38618,Icebox,Decider,hellons,KANAFI,KANAFI,3797,hellons,5020,8,4,1,5,0,0,hellons,AMERICAS
23486,38620,Bind,Decider,Team Sloniki,Ne Priehali,Ne Priehali,5019,Team Sloniki,5183,7,5,5,6,0,0,Team Sloniki,AMERICAS
23486,38621,Ascent,Decider,Team Sloniki,Ne Priehali,Ne Priehali,5019,Team Sloniki,5183,10,2,0,3,0,0,Team Sloniki,AMERICAS
23487,38623,Split,Decider,mcchicken,Born to win,Born to win,5021,mcchicken,2829,3,9,4,0,0,0,Born to win,AMERICAS
23488,38626,Ascent,Decider,trying to win,Ksenox,Ksenox,2835,trying to win,3379,6,6,7,2,0,0,Ksenox,AMERICAS
23488,38627,Split,Decider,Ksenox,trying to win,Ksenox,2835,trying to win,3379,8,4,0,5,0,0,Ksenox,AMERICAS
23489,38629,Haven,Decider,StrongUnion,4ru+1kz,4ru+1kz,5022,StrongUnion,5184,2,10,3,4,0,0,4ru+1kz,AMERICAS
23489,38630,Ascent,Decider,4ru+1kz,StrongUnion,4ru+1kz,5022,StrongUnion,5184,6,6,5,7,0,0,4ru+1kz,AMERICAS
23490,38632,Bind,Decider,Nomads,EZ KATKA,EZ KATKA,2845,Nomads,2912,1,11,2,2,0,0,EZ KATKA,AMERICAS
23490,38633,Haven,Decider,EZ KATKA,Nomads,EZ KATKA,2845,Nomads,2912,10,2,0,3,0,0,EZ KATKA,AMERICAS
23491,38635,Bind,Decider,nway,Olympus,Olympus,5249,nway,5192,10,2,6,3,0,0,nway,AMERICAS
23491,38636,Ascent,Decider,Olympus,nway,Olympus,5249,nway,5192,7,5,8,4,0,0,nway,AMERICAS
23492,38638,Haven,Decider,Ajin,Aspire,Aspire,2165,Ajin,5221,0,12,1,0,0,0,Aspire,AMERICAS
23492,38639,Icebox,Decider,Ajin,Aspire,Aspire,2165,Ajin,5221,3,9,4,2,0,0,Aspire,AMERICAS
23493,38641,Bind,Decider,WeDontNeedMana,BadLeg,WeDontNeedMana,3802,BadLeg,5023,0,12,1,0,0,0,BadLeg,AMERICAS
23493,38642,Ascent,Decider,BadLeg,WeDontNeedMana,WeDontNeedMana,3802,BadLeg,5023,11,1,0,2,0,0,BadLeg,AMERICAS
23494,38644,Bind,Decider,deathwish,PURPURE,PURPURE,4519,deathwish,5240,11,1,2,2,0,0,deathwish,AMERICAS
23494,38645,Split,Decider,PURPURE,deathwish,PURPURE,4519,deathwish,5240,5,7,6,3,0,0,deathwish,AMERICAS
23495,38647,Haven,Decider,FORMULA 1,Yakuza,Yakuza,2580,FORMULA 1,5197,4,8,5,6,0,0,Yakuza,AMERICAS
23495,38648,Breeze,Decider,Yakuza,FORMULA 1,Yakuza,2580,FORMULA 1,5197,8,4,3,5,0,0,Yakuza,AMERICAS
23496,38650,Icebox,Decider,BUYKEY,Vengeance,Vengeance,1021,BUYKEY,4158,0,12,1,0,0,0,Vengeance,AMERICAS
23496,38651,Ascent,Decider,Vengeance,BUYKEY,Vengeance,1021,BUYKEY,4158,10,2,1,3,0,0,Vengeance,AMERICAS
23497,38653,Bind,Decider,Anyway,ZXC GAMING,Anyway,4522,ZXC GAMING,5185,10,2,0,3,0,0,Anyway,AMERICAS
23497,38654,Split,Decider,ZXC GAMING,Anyway,Anyway,4522,ZXC GAMING,5185,3,9,4,2,0,0,Anyway,AMERICAS
23498,38656,Haven,Decider,ENRAGED,Moscow Five jr,Moscow Five jr,3799,ENRAGED,5207,6,6,6,6,2,0,ENRAGED,AMERICAS
23498,38657,Breeze,Decider,ENRAGED,Moscow Five jr,Moscow Five jr,3799,ENRAGED,5207,4,8,5,6,0,0,Moscow Five jr,AMERICAS
23498,38658,Split,Decider,ENRAGED,Moscow Five jr,Moscow Five jr,3799,ENRAGED,5207,4,8,5,0,0,0,Moscow Five jr,AMERICAS
23499,38659,Haven,Decider,chill boys,tp i 2 luza,tp i 2 luza,5024,chill boys,5193,6,6,4,7,0,0,chill boys,AMERICAS
23499,38660,Bind,Decider,tp i 2 luza,chill boys,tp i 2 luza,5024,chill boys,5193,10,2,3,3,0,0,tp i 2 luza,AMERICAS
23499,38661,Split,Decider,chill boys,tp i 2 luza,tp i 2 luza,5024,chill boys,5193,8,4,3,5,0,0,chill boys,AMERICAS
23500,38662,Ascent,Decider,feelmyhack,1280x960,1280x960,3808,feelmyhack,1580,3,9,4,2,0,0,1280x960,AMERICAS
23500,38663,Haven,Decider,1280x960,feelmyhack,1280x960,3808,feelmyhack,1580,5,7,3,8,0,0,1280x960,AMERICAS
23501,38665,Ascent,Decider,ZOTIX,TEAM SPACE,ZOTIX,5025,TEAM SPACE,5026,2,10,3,0,0,0,TEAM SPACE,AMERICAS
23501,38666,Bind,Decider,ZOTIX,TEAM SPACE,ZOTIX,5025,TEAM SPACE,5026,4,8,5,4,0,0,TEAM SPACE,AMERICAS
23503,38671,Ascent,Decider,368,Epq,Epq,5028,368,3996,8,4,7,5,0,0,368,AMERICAS
23503,38672,Icebox,Decider,Epq,368,Epq,5028,368,3996,9,3,6,4,0,0,Epq,AMERICAS
23503,38673,Bind,Decider,368,Epq,Epq,5028,368,3996,8,4,4,5,0,0,368,AMERICAS
23504,38674,Split,Decider,zTitans,7UP,zTitans,1186,7UP,5243,6,6,3,7,0,0,zTitans,AMERICAS
23504,38675,Ascent,Decider,7UP,zTitans,zTitans,1186,7UP,5243,0,12,1,0,0,0,zTitans,AMERICAS
23505,38677,Split,Decider,Nice one. nice shoot,Generation Wonders,Generation Wonders,5029,Nice one. nice shoot,5190,2,10,3,2,0,0,Generation Wonders,AMERICAS
23505,38678,Bind,Decider,Generation Wonders,Nice one. nice shoot,Generation Wonders,5029,Nice one. nice shoot,5190,5,7,5,7,4,2,Generation Wonders,AMERICAS
23506,38680,Ascent,Decider,FUTURE5STARS,SMARACIS eSports,SMARACIS eSports,3361,FUTURE5STARS,4213,3,9,4,2,0,0,SMARACIS eSports,AMERICAS
23506,38681,Haven,Decider,SMARACIS eSports,FUTURE5STARS,SMARACIS eSports,3361,FUTURE5STARS,4213,11,1,2,2,0,0,SMARACIS eSports,AMERICAS
23508,38686,Icebox,Decider,eXiLe eSports,Event Horizon,eXiLe eSports,1189,Event Horizon,5186,12,0,1,1,0,0,eXiLe eSports,AMERICAS
23508,38687,Bind,Decider,eXiLe eSports,Event Horizon,eXiLe eSports,1189,Event Horizon,5186,11,1,2,2,0,0,eXiLe eSports,AMERICAS
23510,38692,Ascent,Decider,No Pressure,NoAvocado,No Pressure,5032,NoAvocado,1783,10,2,0,3,0,0,No Pressure,AMERICAS
23510,38693,Haven,Decider,NoAvocado,No Pressure,No Pressure,5032,NoAvocado,1783,3,9,4,0,0,0,No Pressure,AMERICAS
23511,38695,Icebox,Decider,1000-7,MBVINO,1000-7,5033,MBVINO,5191,3,9,4,0,0,0,MBVINO,AMERICAS
23512,38698,Bind,Decider,Just is Smart,Axsor,Axsor,1342,Just is Smart,5244,1,11,2,0,0,0,Axsor,AMERICAS
23512,38699,Ascent,Decider,Axsor,Just is Smart,Axsor,1342,Just is Smart,5244,10,2,0,3,0,0,Axsor,AMERICAS
23513,38701,Split,Decider,Que la famille,ANBU,ANBU,5034,Que la famille,5189,7,5,0,6,0,0,Que la famille,AMERICAS
23513,38702,Bind,Decider,Que la famille,ANBU,ANBU,5034,Que la famille,5189,8,4,3,5,0,0,Que la famille,AMERICAS
23514,38704,Ascent,Decider,meme666,Deja Vu,Deja Vu,3371,meme666,5187,3,9,4,8,0,0,Deja Vu,AMERICAS
23514,38705,Icebox,Decider,Deja Vu,meme666,Deja Vu,3371,meme666,5187,6,6,5,7,0,0,Deja Vu,AMERICAS
23515,38707,Ascent,Decider,969 gang,ULUGBEK,ULUGBEK,5035,969 gang,2865,5,7,3,8,0,0,969 gang,AMERICAS
23515,38708,Haven,Decider,ULUGBEK,969 gang,ULUGBEK,5035,969 gang,2865,7,5,1,6,0,0,ULUGBEK,AMERICAS
23515,38709,Bind,Decider,969 gang,ULUGBEK,ULUGBEK,5035,969 gang,2865,9,3,2,4,0,0,969 gang,AMERICAS
23517,38713,Ascent,Decider,Born to win,Team Sloniki,Team Sloniki,5183,Born to win,5021,12,0,1,1,0,0,Born to win,AMERICAS
23517,38714,Haven,Decider,Team Sloniki,Born to win,Team Sloniki,5183,Born to win,5021,8,4,9,1,0,0,Born to win,AMERICAS
23518,38716,Breeze,Decider,4ru+1kz,Ksenox,Ksenox,2835,4ru+1kz,5022,4,8,5,5,0,0,Ksenox,AMERICAS
23518,38717,Ascent,Decider,Ksenox,4ru+1kz,Ksenox,2835,4ru+1kz,5022,6,6,0,7,0,0,Ksenox,AMERICAS
23519,38719,Icebox,Decider,nway,EZ KATKA,EZ KATKA,2845,nway,5192,4,8,5,3,0,0,EZ KATKA,AMERICAS
23519,38720,Ascent,Decider,EZ KATKA,nway,EZ KATKA,2845,nway,5192,4,8,5,7,0,0,nway,AMERICAS
23519,38721,Bind,Decider,nway,EZ KATKA,EZ KATKA,2845,nway,5192,5,7,2,8,0,0,nway,AMERICAS
23520,38722,Ascent,Decider,BadLeg,Aspire,Aspire,2165,BadLeg,5023,6,6,7,1,0,0,Aspire,AMERICAS
23520,38723,Bind,Decider,Aspire,BadLeg,Aspire,2165,BadLeg,5023,4,8,5,6,0,0,BadLeg,AMERICAS
23520,38724,Icebox,Decider,BadLeg,Aspire,Aspire,2165,BadLeg,5023,1,11,2,3,0,0,Aspire,AMERICAS
23521,38725,Ascent,Decider,Yakuza,deathwish,deathwish,5240,Yakuza,2580,7,5,8,0,0,0,deathwish,AMERICAS
23521,38726,Haven,Decider,deathwish,Yakuza,deathwish,5240,Yakuza,2580,6,6,6,6,3,1,deathwish,AMERICAS
23522,38728,Breeze,Decider,Vengeance,Anyway,Vengeance,1021,Anyway,4522,7,5,0,6,0,0,Vengeance,AMERICAS
23522,38729,Haven,Decider,Vengeance,Anyway,Vengeance,1021,Anyway,4522,5,7,5,7,3,1,Vengeance,AMERICAS
23523,38731,Bind,Decider,Moscow Five jr,chill boys,Moscow Five jr,3799,chill boys,5193,8,4,4,5,0,0,Moscow Five jr,AMERICAS
23523,38732,Breeze,Decider,chill boys,Moscow Five jr,Moscow Five jr,3799,chill boys,5193,7,5,7,5,2,0,chill boys,AMERICAS
23523,38733,Split,Decider,Moscow Five jr,chill boys,Moscow Five jr,3799,chill boys,5193,9,3,3,4,0,0,Moscow Five jr,AMERICAS
23524,38734,Ascent,Decider,1280x960,TEAM SPACE,1280x960,3808,TEAM SPACE,5026,6,6,2,7,0,0,1280x960,AMERICAS
23524,38735,Icebox,Decider,1280x960,TEAM SPACE,1280x960,3808,TEAM SPACE,5026,10,2,0,3,0,0,1280x960,AMERICAS
23525,38737,Ascent,Decider,368,ValorantEXEC,ValorantEXEC,3946,368,3996,8,4,0,5,0,0,368,AMERICAS
23525,38738,Haven,Decider,ValorantEXEC,368,ValorantEXEC,3946,368,3996,2,10,3,1,0,0,368,AMERICAS
23526,38740,Split,Decider,zTitans,Generation Wonders,zTitans,1186,Generation Wonders,5029,12,0,0,1,0,0,zTitans,AMERICAS
23526,38741,Ascent,Decider,Generation Wonders,zTitans,zTitans,1186,Generation Wonders,5029,4,8,4,8,2,0,Generation Wonders,AMERICAS
23526,38742,Breeze,Decider,zTitans,Generation Wonders,zTitans,1186,Generation Wonders,5029,6,6,4,7,0,0,zTitans,AMERICAS
23527,38743,Split,Decider,SMARACIS eSports,Hollywood,SMARACIS eSports,3361,Hollywood,3366,9,3,0,4,0,0,SMARACIS eSports,AMERICAS
23527,38744,Ascent,Decider,Hollywood,SMARACIS eSports,SMARACIS eSports,3361,Hollywood,3366,2,10,3,0,0,0,SMARACIS eSports,AMERICAS
23529,38749,Icebox,Decider,No Pressure,MBVINO,No Pressure,5032,MBVINO,5191,8,4,3,5,0,0,No Pressure,AMERICAS
23529,38750,Ascent,Decider,MBVINO,No Pressure,No Pressure,5032,MBVINO,5191,4,8,5,0,0,0,No Pressure,AMERICAS
23530,38752,Bind,Decider,Que la famille,Axsor,Axsor,1342,Que la famille,5189,1,11,2,0,0,0,Axsor,AMERICAS
23530,38753,Ascent,Decider,Axsor,Que la famille,Axsor,1342,Que la famille,5189,8,4,5,5,0,0,Axsor,AMERICAS
23531,38755,Ascent,Decider,969 gang,Deja Vu,Deja Vu,3371,969 gang,2865,2,10,3,0,0,0,Deja Vu,AMERICAS
23531,38756,Breeze,Decider,Deja Vu,969 gang,Deja Vu,3371,969 gang,2865,12,0,5,1,0,0,Deja Vu,AMERICAS
23532,38758,Split,Decider,Born to win,tyeasy,tyeasy,488,Born to win,5021,3,9,4,8,0,0,tyeasy,AMERICAS
23532,38759,Ascent,Decider,tyeasy,Born to win,tyeasy,488,Born to win,5021,8,4,8,4,1,3,Born to win,AMERICAS
23532,38760,Haven,Decider,Born to win,tyeasy,tyeasy,488,Born to win,5021,5,7,6,1,0,0,tyeasy,AMERICAS
23539,38779,Haven,Decider,Deja Vu,Axsor,Axsor,1342,Deja Vu,3371,3,9,4,2,0,0,Axsor,AMERICAS
23539,38780,Split,Decider,Axsor,Deja Vu,Axsor,1342,Deja Vu,3371,8,4,6,5,0,0,Axsor,AMERICAS
23533,38761,Split,Decider,nway,Ksenox,Ksenox,2835,nway,5192,1,11,2,2,0,0,Ksenox,AMERICAS
23533,38762,Ascent,Decider,Ksenox,nway,Ksenox,2835,nway,5192,10,2,0,3,0,0,Ksenox,AMERICAS
23534,38764,Ascent,Decider,deathwish,Aspire,Aspire,2165,deathwish,5240,4,8,5,3,0,0,Aspire,AMERICAS
23534,38765,Haven,Decider,Aspire,deathwish,Aspire,2165,deathwish,5240,5,7,6,2,0,0,deathwish,AMERICAS
23534,38766,Bind,Decider,deathwish,Aspire,Aspire,2165,deathwish,5240,3,9,4,5,0,0,Aspire,AMERICAS
23535,38767,Icebox,Decider,Moscow Five jr,Vengeance,Vengeance,1021,Moscow Five jr,3799,6,6,7,1,0,0,Vengeance,AMERICAS
23535,38768,Split,Decider,Vengeance,Moscow Five jr,Vengeance,1021,Moscow Five jr,3799,8,4,0,5,0,0,Vengeance,AMERICAS
23536,38770,Ascent,Decider,368,1280x960,1280x960,3808,368,3996,3,9,4,4,0,0,1280x960,AMERICAS
23536,38771,Icebox,Decider,1280x960,368,1280x960,3808,368,3996,7,5,5,6,0,0,1280x960,AMERICAS
23537,38773,Breeze,Decider,SMARACIS eSports,zTitans,zTitans,1186,SMARACIS eSports,3361,11,1,4,2,0,0,SMARACIS eSports,AMERICAS
23537,38774,Ascent,Decider,zTitans,SMARACIS eSports,zTitans,1186,SMARACIS eSports,3361,7,5,8,4,0,0,SMARACIS eSports,AMERICAS
23538,38776,Icebox,Decider,No Pressure,eXiLe eSports,eXiLe eSports,1189,No Pressure,5032,8,4,8,4,2,0,No Pressure,AMERICAS
23538,38777,Ascent,Decider,eXiLe eSports,No Pressure,eXiLe eSports,1189,No Pressure,5032,3,9,4,2,0,0,No Pressure,AMERICAS
24118,40353,Split,Decider,GMT Esports,tyeasy,GMT Esports,10094,tyeasy,488,8,4,3,5,0,0,GMT Esports,AMERICAS
24118,40354,Icebox,Decider,tyeasy,GMT Esports,GMT Esports,10094,tyeasy,488,3,9,4,4,0,0,GMT Esports,AMERICAS
24119,40356,Split,Decider,AG,Ksenox,AG,4518,Ksenox,2835,5,7,1,8,0,0,AG,AMERICAS
24119,40357,Haven,Decider,AG,Ksenox,AG,4518,Ksenox,2835,5,7,2,8,0,0,AG,AMERICAS
24120,40359,Icebox,Decider,Team Singularity,Aspire,Team Singularity,1341,Aspire,2165,8,4,7,5,0,0,Team Singularity,AMERICAS
24120,40360,Ascent,Decider,Team Singularity,Aspire,Team Singularity,1341,Aspire,2165,6,6,2,7,0,0,Team Singularity,AMERICAS
24122,40365,Split,Decider,1280x960,Aim.Attack,Aim.Attack,604,1280x960,3808,4,8,5,2,0,0,Aim.Attack,AMERICAS
24122,40366,Ascent,Decider,Aim.Attack,1280x960,Aim.Attack,604,1280x960,3808,7,5,0,6,0,0,Aim.Attack,AMERICAS
24123,40368,Breeze,Decider,SMARACIS eSports,One Breath Gaming,One Breath Gaming,6267,SMARACIS eSports,3361,9,3,3,4,0,0,SMARACIS eSports,AMERICAS
24123,40369,Ascent,Decider,SMARACIS eSports,One Breath Gaming,One Breath Gaming,6267,SMARACIS eSports,3361,4,8,5,4,0,0,One Breath Gaming,AMERICAS
24123,40370,Icebox,Decider,SMARACIS eSports,One Breath Gaming,One Breath Gaming,6267,SMARACIS eSports,3361,4,8,5,4,0,0,One Breath Gaming,AMERICAS
24124,40371,Split,Decider,No Pressure,Team Divinity,Team Divinity,2049,No Pressure,5032,9,3,2,4,0,0,No Pressure,AMERICAS
24124,40372,Icebox,Decider,Team Divinity,No Pressure,Team Divinity,2049,No Pressure,5032,5,7,6,5,0,0,No Pressure,AMERICAS
24125,40374,Icebox,Decider,Axsor,Gambit Esports,Gambit Esports,682,Axsor,1342,3,9,4,1,0,0,Gambit Esports,AMERICAS
24125,40375,Bind,Decider,Gambit Esports,Axsor,Gambit Esports,682,Axsor,1342,4,8,4,8,5,3,Gambit Esports,AMERICAS
24121,40362,Haven,Decider,Vengeance,forZe,forZe,108,Vengeance,1021,5,7,6,3,0,0,forZe,AMERICAS
24121,40363,Icebox,Decider,Vengeance,forZe,forZe,108,Vengeance,1021,4,8,5,7,0,0,forZe,AMERICAS
24126,40377,Haven,Decider,GMT Esports,AG,GMT Esports,10094,AG,4518,6,6,0,7,0,0,GMT Esports,AMERICAS
24126,40378,Icebox,Decider,AG,GMT Esports,GMT Esports,10094,AG,4518,3,9,4,1,0,0,GMT Esports,AMERICAS
24130,40389,Split,Decider,Ksenox,tyeasy,tyeasy,488,Ksenox,2835,5,7,6,0,0,0,tyeasy,AMERICAS
24130,40390,Ascent,Decider,tyeasy,Ksenox,tyeasy,488,Ksenox,2835,5,7,3,8,0,0,tyeasy,AMERICAS
24129,40386,Icebox,Decider,No Pressure,Gambit Esports,No Pressure,5032,Gambit Esports,682,7,5,8,4,0,0,Gambit Esports,AMERICAS
24129,40387,Bind,Decider,Gambit Esports,No Pressure,No Pressure,5032,Gambit Esports,682,10,2,9,3,0,0,Gambit Esports,AMERICAS
24127,40380,Icebox,Decider,Team Singularity,forZe,Team Singularity,1341,forZe,108,5,7,6,1,0,0,forZe,AMERICAS
24127,40381,Haven,Decider,Team Singularity,forZe,Team Singularity,1341,forZe,108,4,8,5,6,0,0,forZe,AMERICAS
24128,40383,Split,Decider,One Breath Gaming,Aim.Attack,Aim.Attack,604,One Breath Gaming,6267,8,4,3,5,0,0,One Breath Gaming,AMERICAS
24128,40384,Ascent,Decider,Aim.Attack,One Breath Gaming,Aim.Attack,604,One Breath Gaming,6267,2,10,3,3,0,0,One Breath Gaming,AMERICAS
24131,40392,Ascent,Decider,Vengeance,Aspire,Aspire,2165,Vengeance,1021,9,3,0,4,0,0,Vengeance,AMERICAS
24131,40393,Icebox,Decider,Vengeance,Aspire,Aspire,2165,Vengeance,1021,6,6,6,6,2,0,Vengeance,AMERICAS
24132,40395,Ascent,Decider,SMARACIS eSports,1280x960,1280x960,3808,SMARACIS eSports,3361,4,8,5,0,0,0,1280x960,AMERICAS
24132,40396,Split,Decider,1280x960,SMARACIS eSports,1280x960,3808,SMARACIS eSports,3361,6,6,6,6,3,5,SMARACIS eSports,AMERICAS
24132,40397,Icebox,Decider,SMARACIS eSports,1280x960,1280x960,3808,SMARACIS eSports,3361,7,5,1,6,0,0,SMARACIS eSports,AMERICAS
24133,40398,Haven,Decider,Axsor,Team Divinity,Team Divinity,2049,Axsor,1342,6,6,5,7,0,0,Axsor,AMERICAS
24133,40399,Bind,Decider,Team Divinity,Axsor,Team Divinity,2049,Axsor,1342,2,10,3,0,0,0,Axsor,AMERICAS
24134,40401,Haven,Decider,tyeasy,No Pressure,No Pressure,5032,tyeasy,488,1,11,2,2,0,0,No Pressure,AMERICAS
24134,40402,Ascent,Decider,tyeasy,No Pressure,No Pressure,5032,tyeasy,488,8,4,5,5,0,0,tyeasy,AMERICAS
24134,40403,Split,Decider,No Pressure,tyeasy,No Pressure,5032,tyeasy,488,9,3,1,4,0,0,No Pressure,AMERICAS
24136,40407,Split,Decider,Vengeance,Aim.Attack,Aim.Attack,604,Vengeance,1021,8,4,9,2,0,0,Aim.Attack,AMERICAS
24136,40408,Ascent,Decider,Aim.Attack,Vengeance,Aim.Attack,604,Vengeance,1021,8,4,2,5,0,0,Aim.Attack,AMERICAS
24135,40404,Icebox,Team Singularity,SMARACIS eSports,Team Singularity,Team Singularity,1341,SMARACIS eSports,3361,1,11,2,1,0,0,Team Singularity,AMERICAS
24135,40405,Split,SMARACIS eSports,Team Singularity,SMARACIS eSports,Team Singularity,1341,SMARACIS eSports,3361,11,1,4,2,0,0,Team Singularity,AMERICAS
24137,40410,Bind,Axsor,AG,Axsor,AG,4518,Axsor,1342,2,10,3,1,0,0,Axsor,AMERICAS
24137,40411,Split,AG,Axsor,AG,AG,4518,Axsor,1342,9,3,7,4,0,0,Axsor,AMERICAS
24964,41372,Ascent,One Breath Gaming,No Pressure,One Breath Gaming,One Breath Gaming,6267,No Pressure,5032,7,5,1,6,0,0,No Pressure,AMERICAS
24964,41373,Icebox,No Pressure,No Pressure,One Breath Gaming,One Breath Gaming,6267,No Pressure,5032,7,5,1,6,0,0,No Pressure,AMERICAS
24965,41375,Breeze,forZe,Aim.Attack,forZe,forZe,108,Aim.Attack,604,4,8,1,9,0,0,Aim.Attack,AMERICAS
24965,41376,Split,Aim.Attack,forZe,Aim.Attack,forZe,108,Aim.Attack,604,4,8,4,8,3,1,forZe,AMERICAS
24965,41377,Bind,Decider,forZe,Aim.Attack,forZe,108,Aim.Attack,604,6,6,4,7,0,0,forZe,AMERICAS
24966,41378,Icebox,Team Singularity,Gambit Esports,Team Singularity,Gambit Esports,682,Team Singularity,1341,7,5,0,6,0,0,Gambit Esports,AMERICAS
24966,41379,Ascent,Gambit Esports,Team Singularity,Gambit Esports,Gambit Esports,682,Team Singularity,1341,6,6,7,5,0,0,Gambit Esports,AMERICAS
24967,41381,Breeze,GMT Esports,Axsor,GMT Esports,GMT Esports,10094,Axsor,1342,3,9,4,1,0,0,GMT Esports,AMERICAS
24967,41382,Bind,Axsor,GMT Esports,Axsor,GMT Esports,10094,Axsor,1342,9,3,9,3,3,5,Axsor,AMERICAS
24967,41383,Split,Decider,GMT Esports,Axsor,GMT Esports,10094,Axsor,1342,3,9,4,4,0,0,Axsor,AMERICAS
24972,41398,Ascent,One Breath Gaming,Aim.Attack,One Breath Gaming,One Breath Gaming,6267,Aim.Attack,604,4,8,5,4,0,0,One Breath Gaming,AMERICAS
24972,41399,Split,Aim.Attack,One Breath Gaming,Aim.Attack,One Breath Gaming,6267,Aim.Attack,604,10,2,6,3,0,0,One Breath Gaming,AMERICAS
24973,41401,Haven,Decider,Team Singularity,GMT Esports,Team Singularity,1341,GMT Esports,10094,6,6,7,1,0,0,GMT Esports,AMERICAS
24973,41402,Icebox,Decider,GMT Esports,Team Singularity,Team Singularity,1341,GMT Esports,10094,6,6,6,6,0,2,Team Singularity,AMERICAS
24973,41403,Split,Decider,GMT Esports,Team Singularity,Team Singularity,1341,GMT Esports,10094,5,7,6,3,0,0,Team Singularity,AMERICAS
24968,41384,Haven,forZe,forZe,No Pressure,No Pressure,5032,forZe,108,11,1,0,2,0,0,forZe,AMERICAS
24968,41385,Icebox,No Pressure,No Pressure,forZe,No Pressure,5032,forZe,108,5,7,1,8,0,0,No Pressure,AMERICAS
24968,41386,Split,Decider,forZe,No Pressure,No Pressure,5032,forZe,108,4,8,5,6,0,0,No Pressure,AMERICAS
24969,41387,Bind,Decider,Gambit Esports,Axsor,Gambit Esports,682,Axsor,1342,10,2,0,3,0,0,Gambit Esports,AMERICAS
24969,41388,Ascent,Decider,Axsor,Gambit Esports,Gambit Esports,682,Axsor,1342,2,10,3,2,0,0,Gambit Esports,AMERICAS
24974,41404,Ascent,Decider,Axsor,One Breath Gaming,Axsor,1342,One Breath Gaming,6267,10,2,9,3,0,0,Axsor,AMERICAS
24974,41405,Haven,Decider,Axsor,One Breath Gaming,Axsor,1342,One Breath Gaming,6267,6,6,7,0,0,0,One Breath Gaming,AMERICAS
24974,41406,Split,Decider,One Breath Gaming,Axsor,Axsor,1342,One Breath Gaming,6267,9,3,1,4,0,0,One Breath Gaming,AMERICAS
24975,41407,Breeze,forZe,Team Singularity,forZe,forZe,108,Team Singularity,1341,3,9,2,10,0,0,Team Singularity,AMERICAS
24975,41408,Icebox,Team Singularity,Team Singularity,forZe,forZe,108,Team Singularity,1341,3,9,3,9,0,2,forZe,AMERICAS
24975,41409,Bind,Decider,forZe,Team Singularity,forZe,108,Team Singularity,1341,8,4,0,5,0,0,forZe,AMERICAS
24970,41390,Icebox,No Pressure,Gambit Esports,No Pressure,No Pressure,5032,Gambit Esports,682,9,3,7,4,0,0,Gambit Esports,AMERICAS
24970,41391,Ascent,Gambit Esports,No Pressure,Gambit Esports,No Pressure,5032,Gambit Esports,682,3,9,4,2,0,0,Gambit Esports,AMERICAS
24976,41410,Bind,forZe,forZe,One Breath Gaming,One Breath Gaming,6267,forZe,108,8,4,7,5,0,0,forZe,AMERICAS
24976,41411,Haven,One Breath Gaming,forZe,One Breath Gaming,One Breath Gaming,6267,forZe,108,4,8,5,0,0,0,One Breath Gaming,AMERICAS
24976,41412,Split,Decider,forZe,One Breath Gaming,One Breath Gaming,6267,forZe,108,9,3,1,4,0,0,forZe,AMERICAS
24977,41413,Icebox,No Pressure,forZe,No Pressure,No Pressure,5032,forZe,108,4,8,5,3,0,0,No Pressure,AMERICAS
24977,41414,Bind,forZe,No Pressure,forZe,No Pressure,5032,forZe,108,11,1,0,2,0,0,No Pressure,AMERICAS
24977,41415,Split,No Pressure,forZe,No Pressure,No Pressure,5032,forZe,108,7,5,7,5,0,2,No Pressure,AMERICAS
24971,41393,Icebox,No Pressure,Gambit Esports,No Pressure,Gambit Esports,682,No Pressure,5032,10,2,8,3,0,0,Gambit Esports,AMERICAS
24971,41394,Breeze,Gambit Esports,No Pressure,Gambit Esports,Gambit Esports,682,No Pressure,5032,2,10,3,3,0,0,Gambit Esports,AMERICAS
24971,41395,Split,No Pressure,Gambit Esports,No Pressure,Gambit Esports,682,No Pressure,5032,6,6,2,7,0,0,Gambit Esports,AMERICAS
19071,34248,Haven,KRÜ Esports,KRÜ Esports,FNATIC,FNATIC,2593,KRÜ Esports,2355,2,10,3,3,0,0,FNATIC,AMERICAS
19071,34249,Icebox,FNATIC,KRÜ Esports,FNATIC,FNATIC,2593,KRÜ Esports,2355,2,10,3,2,0,0,FNATIC,AMERICAS
19072,34251,Ascent,Crazy Raccoon,Version1,Crazy Raccoon,Version1,2815,Crazy Raccoon,277,7,5,6,6,0,0,Version1,AMERICAS
19072,34252,Icebox,Version1,Crazy Raccoon,Version1,Version1,2815,Crazy Raccoon,277,3,9,4,7,0,0,Version1,AMERICAS
19075,34260,Haven,Sharks Esports,NUTURN,Sharks Esports,Sharks Esports,3512,NUTURN,2328,2,10,3,3,0,0,Sharks Esports,AMERICAS
19075,34261,Bind,NUTURN,Sharks Esports,NUTURN,Sharks Esports,3512,NUTURN,2328,2,10,3,3,0,0,NUTURN,AMERICAS
19075,34262,Ascent,Decider,NUTURN,Sharks Esports,Sharks Esports,3512,NUTURN,2328,10,2,3,3,0,0,NUTURN,AMERICAS
19074,34258,Ascent,Team Vikings,X10 Esports,Team Vikings,Team Vikings,420,X10 Esports,2112,6,6,6,6,0,2,Team Vikings,AMERICAS
19074,34971,Icebox,X10 Esports,X10 Esports,Team Vikings,Team Vikings,420,X10 Esports,2112,5,7,6,6,0,0,Team Vikings,AMERICAS
19076,34263,Split,Version1,Team Liquid,Version1,Team Liquid,474,Version1,2815,7,5,7,5,4,2,Team Liquid,AMERICAS
19076,34264,Ascent,Team Liquid,Version1,Team Liquid,Team Liquid,474,Version1,2815,7,5,6,6,0,0,Version1,AMERICAS
19076,34265,Haven,Decider,Team Liquid,Version1,Team Liquid,474,Version1,2815,2,10,3,2,0,0,Version1,AMERICAS
19073,34254,Icebox,FNATIC,Sentinels,FNATIC,Sentinels,2,FNATIC,2593,6,6,5,7,0,0,Sentinels,AMERICAS
19073,34255,Haven,Sentinels,Sentinels,FNATIC,Sentinels,2,FNATIC,2593,8,4,6,5,0,0,Sentinels,AMERICAS
19081,34275,Haven,X10 Esports,Crazy Raccoon,X10 Esports,X10 Esports,2112,Crazy Raccoon,277,5,7,6,4,0,0,X10 Esports,AMERICAS
19081,34276,Icebox,Crazy Raccoon,Crazy Raccoon,X10 Esports,X10 Esports,2112,Crazy Raccoon,277,5,7,6,0,0,0,X10 Esports,AMERICAS
19082,34278,Icebox,KRÜ Esports,KRÜ Esports,Sharks Esports,Sharks Esports,3512,KRÜ Esports,2355,10,2,3,3,0,0,KRÜ Esports,AMERICAS
19082,34279,Bind,Sharks Esports,KRÜ Esports,Sharks Esports,Sharks Esports,3512,KRÜ Esports,2355,7,5,1,6,0,0,KRÜ Esports,AMERICAS
19078,34266,Icebox,Team Vikings,Sentinels,Team Vikings,Sentinels,2,Team Vikings,420,7,5,2,6,0,0,Sentinels,AMERICAS
19078,34267,Haven,Sentinels,Sentinels,Team Vikings,Sentinels,2,Team Vikings,420,10,2,4,3,0,0,Sentinels,AMERICAS
19079,34269,Haven,Version1,Version1,NUTURN,Version1,2815,NUTURN,2328,9,3,0,4,0,0,Version1,AMERICAS
19079,34270,Ascent,NUTURN,Version1,NUTURN,Version1,2815,NUTURN,2328,7,5,7,5,1,3,NUTURN,AMERICAS
19079,34271,Split,Decider,NUTURN,Version1,Version1,2815,NUTURN,2328,6,6,6,6,2,0,NUTURN,AMERICAS
19083,34281,Icebox,FNATIC,FNATIC,X10 Esports,FNATIC,2593,X10 Esports,2112,8,4,0,5,0,0,FNATIC,AMERICAS
19083,34282,Haven,X10 Esports,X10 Esports,FNATIC,FNATIC,2593,X10 Esports,2112,3,9,4,6,0,0,FNATIC,AMERICAS
19084,34284,Split,KRÜ Esports,Team Liquid,KRÜ Esports,Team Liquid,474,KRÜ Esports,2355,10,2,0,3,0,0,Team Liquid,AMERICAS
19084,34285,Ascent,Team Liquid,KRÜ Esports,Team Liquid,Team Liquid,474,KRÜ Esports,2355,7,5,8,2,0,0,Team Liquid,AMERICAS
19085,34287,Icebox,FNATIC,Version1,FNATIC,Version1,2815,FNATIC,2593,6,6,6,6,0,2,FNATIC,AMERICAS
19085,34288,Ascent,Version1,FNATIC,Version1,Version1,2815,FNATIC,2593,8,4,2,5,0,0,FNATIC,AMERICAS
19086,34290,Ascent,Team Vikings,Team Liquid,Team Vikings,Team Vikings,420,Team Liquid,474,8,4,4,5,0,0,Team Liquid,AMERICAS
19086,34291,Haven,Team Liquid,Team Liquid,Team Vikings,Team Vikings,420,Team Liquid,474,7,5,0,6,0,0,Team Liquid,AMERICAS
19080,34272,Bind,NUTURN,Sentinels,NUTURN,Sentinels,2,NUTURN,2328,8,4,1,5,0,0,Sentinels,AMERICAS
19080,34273,Haven,Sentinels,Sentinels,NUTURN,Sentinels,2,NUTURN,2328,10,2,2,3,0,0,Sentinels,AMERICAS
19087,34293,Bind,FNATIC,Team Liquid,FNATIC,FNATIC,2593,Team Liquid,474,5,7,6,5,0,0,FNATIC,AMERICAS
19087,34294,Ascent,Team Liquid,Team Liquid,FNATIC,FNATIC,2593,Team Liquid,474,7,5,8,3,0,0,FNATIC,AMERICAS
19088,34296,Bind,FNATIC,NUTURN,FNATIC,NUTURN,2328,FNATIC,2593,4,8,5,4,0,0,FNATIC,AMERICAS
19088,34297,Ascent,NUTURN,FNATIC,NUTURN,NUTURN,2328,FNATIC,2593,4,8,5,4,0,0,NUTURN,AMERICAS
19088,34298,Haven,Decider,NUTURN,FNATIC,NUTURN,2328,FNATIC,2593,4,8,5,4,0,0,FNATIC,AMERICAS
19089,34299,Split,Sentinels,FNATIC,Sentinels,Sentinels,2,FNATIC,2593,5,7,5,7,0,2,Sentinels,AMERICAS
19089,34300,Bind,FNATIC,Sentinels,FNATIC,Sentinels,2,FNATIC,2593,4,8,4,8,4,2,Sentinels,AMERICAS
19089,34301,Haven,Sentinels,FNATIC,Sentinels,Sentinels,2,FNATIC,2593,3,9,4,8,0,0,Sentinels,AMERICAS
16824,31207,Icebox,Gambit Esports,FunPlus Phoenix,Gambit Esports,FunPlus Phoenix,628,Gambit Esports,682,4,8,3,9,0,0,FunPlus Phoenix,AMERICAS
16824,31208,Split,FunPlus Phoenix,FunPlus Phoenix,Gambit Esports,FunPlus Phoenix,628,Gambit Esports,682,6,6,3,7,0,0,FunPlus Phoenix,AMERICAS
16829,31222,Haven,Team Liquid,BBL Esports,Team Liquid,BBL Esports,397,Team Liquid,474,8,4,2,5,0,0,BBL Esports,AMERICAS
16829,31223,Ascent,BBL Esports,Team Liquid,BBL Esports,BBL Esports,397,Team Liquid,474,6,6,2,7,0,0,Team Liquid,AMERICAS
16829,31224,Bind,Decider,BBL Esports,Team Liquid,BBL Esports,397,Team Liquid,474,4,8,5,2,0,0,Team Liquid,AMERICAS
16825,31210,Haven,Oxygen Esports,Oxygen Esports,FNATIC,FNATIC,2593,Oxygen Esports,921,4,8,5,3,0,0,FNATIC,AMERICAS
16825,31211,Icebox,FNATIC,Oxygen Esports,FNATIC,FNATIC,2593,Oxygen Esports,921,5,7,6,2,0,0,FNATIC,AMERICAS
16830,31225,Haven,Guild Esports,FUT Esports,Guild Esports,FUT Esports,1184,Guild Esports,1209,3,9,4,3,0,0,Guild Esports,AMERICAS
16830,31226,Ascent,FUT Esports,Guild Esports,FUT Esports,FUT Esports,1184,Guild Esports,1209,6,6,3,7,0,0,Guild Esports,AMERICAS
16827,31216,Ascent,BBL Esports,Gambit Esports,BBL Esports,Gambit Esports,682,BBL Esports,397,10,2,1,3,0,0,Gambit Esports,AMERICAS
16827,31217,Icebox,Gambit Esports,BBL Esports,Gambit Esports,Gambit Esports,682,BBL Esports,397,4,8,5,3,0,0,Gambit Esports,AMERICAS
16832,31231,Split,FUT Esports,Oxygen Esports,FUT Esports,Oxygen Esports,921,FUT Esports,1184,7,5,3,6,0,0,Oxygen Esports,AMERICAS
16832,31232,Haven,Oxygen Esports,FUT Esports,Oxygen Esports,Oxygen Esports,921,FUT Esports,1184,7,5,8,3,0,0,Oxygen Esports,AMERICAS
16826,31213,Haven,Team Liquid,Team Liquid,FunPlus Phoenix,FunPlus Phoenix,628,Team Liquid,474,6,6,1,7,0,0,Team Liquid,AMERICAS
16826,31214,Bind,FunPlus Phoenix,Team Liquid,FunPlus Phoenix,FunPlus Phoenix,628,Team Liquid,474,8,4,1,5,0,0,Team Liquid,AMERICAS
16831,31228,Ascent,Guild Esports,Guild Esports,FNATIC,FNATIC,2593,Guild Esports,1209,3,9,4,7,0,0,FNATIC,AMERICAS
16831,31229,Bind,FNATIC,FNATIC,Guild Esports,FNATIC,2593,Guild Esports,1209,6,6,6,6,3,1,FNATIC,AMERICAS
16833,31234,Ascent,Oxygen Esports,Oxygen Esports,Guild Esports,Guild Esports,1209,Oxygen Esports,921,7,5,4,6,0,0,Oxygen Esports,AMERICAS
16833,31235,Split,Guild Esports,Oxygen Esports,Guild Esports,Guild Esports,1209,Oxygen Esports,921,5,7,6,2,0,0,Guild Esports,AMERICAS
16833,31236,Haven,Decider,Guild Esports,Oxygen Esports,Guild Esports,1209,Oxygen Esports,921,4,8,5,2,0,0,Oxygen Esports,AMERICAS
16828,31219,Icebox,Gambit Esports,FunPlus Phoenix,Gambit Esports,FunPlus Phoenix,628,Gambit Esports,682,7,5,8,3,0,0,Gambit Esports,AMERICAS
16828,31220,Split,FunPlus Phoenix,FunPlus Phoenix,Gambit Esports,FunPlus Phoenix,628,Gambit Esports,682,5,7,6,4,0,0,Gambit Esports,AMERICAS
16834,31237,Haven,Oxygen Esports,Team Liquid,Oxygen Esports,Team Liquid,474,Oxygen Esports,921,12,0,0,1,0,0,Team Liquid,AMERICAS
16834,31238,Ascent,Team Liquid,Oxygen Esports,Team Liquid,Team Liquid,474,Oxygen Esports,921,2,10,3,1,0,0,Team Liquid,AMERICAS
16835,31240,Icebox,Gambit Esports,Gambit Esports,FNATIC,FNATIC,2593,Gambit Esports,682,3,9,4,3,0,0,FNATIC,AMERICAS
16835,31241,Bind,FNATIC,Gambit Esports,FNATIC,FNATIC,2593,Gambit Esports,682,9,3,10,2,0,0,FNATIC,AMERICAS
16836,31243,Haven,Team Liquid,FNATIC,Team Liquid,Team Liquid,474,FNATIC,2593,9,3,0,4,0,0,FNATIC,AMERICAS
16836,31244,Icebox,FNATIC,Team Liquid,FNATIC,Team Liquid,474,FNATIC,2593,5,7,0,8,0,0,Team Liquid,AMERICAS
16836,31245,Ascent,Team Liquid,Team Liquid,FNATIC,Team Liquid,474,FNATIC,2593,6,6,3,7,0,0,Team Liquid,AMERICAS
16836,31246,Bind,FNATIC,Team Liquid,FNATIC,Team Liquid,474,FNATIC,2593,5,7,6,2,0,0,FNATIC,AMERICAS
16836,31247,Split,Decider,FNATIC,Team Liquid,Team Liquid,474,FNATIC,2593,3,9,4,4,0,0,Team Liquid,AMERICAS
15989,29596,Icebox,Decider,Dreamwalker,PACT,Dreamwalker,3894,PACT,4007,3,9,4,3,0,0,PACT,AMERICAS
15989,29597,Bind,Decider,PACT,Dreamwalker,Dreamwalker,3894,PACT,4007,10,2,2,3,0,0,PACT,AMERICAS
15866,29227,Bind,Decider,Team Air,Aesir Esports,Team Air,3398,Aesir Esports,4085,7,5,8,4,0,0,Aesir Esports,AMERICAS
15866,29228,Icebox,Decider,Aesir Esports,Team Air,Team Air,3398,Aesir Esports,4085,3,9,3,9,2,0,Aesir Esports,AMERICAS
15870,29239,Ascent,Decider,Underdogs,Taunt,Taunt,3888,Underdogs,4093,8,4,9,2,0,0,Taunt,AMERICAS
15870,29240,Bind,Decider,Taunt,Underdogs,Taunt,3888,Underdogs,4093,7,5,7,5,1,3,Underdogs,AMERICAS
15870,29241,Split,Decider,Taunt,Underdogs,Taunt,3888,Underdogs,4093,5,7,5,7,1,3,Underdogs,AMERICAS
15871,29242,Bind,Decider,Team Trinys,callmesir,callmesir,4090,Team Trinys,3999,9,3,0,4,0,0,Team Trinys,AMERICAS
15871,29243,Haven,Decider,Team Trinys,callmesir,callmesir,4090,Team Trinys,3999,10,2,0,3,0,0,Team Trinys,AMERICAS
15872,29245,Bind,Decider,Team Sampi,MCES,Team Sampi,1234,MCES,1633,6,6,4,7,0,0,Team Sampi,AMERICAS
15872,29246,Haven,Decider,MCES,Team Sampi,Team Sampi,1234,MCES,1633,5,7,6,2,0,0,Team Sampi,AMERICAS
15874,29251,Ascent,Decider,Claws,BIG,Claws,4091,BIG,472,2,10,3,0,0,0,BIG,AMERICAS
15874,29252,Icebox,Decider,BIG,Claws,Claws,4091,BIG,472,10,2,0,3,0,0,BIG,AMERICAS
15875,29254,Ascent,Decider,Enmity,Noctis,Enmity,4092,Noctis,3838,8,4,5,5,0,0,Enmity,AMERICAS
15875,29255,Haven,Decider,Noctis,Enmity,Enmity,4092,Noctis,3838,9,3,5,4,0,0,Noctis,AMERICAS
15875,29256,Split,Decider,Enmity,Noctis,Enmity,4092,Noctis,3838,4,8,4,8,0,2,Noctis,AMERICAS
15876,29257,Ascent,Decider,Pilotos 100tificos,HONK,HONK,2562,Pilotos 100tificos,4175,0,12,1,0,0,0,HONK,AMERICAS
15876,29258,Bind,Decider,Pilotos 100tificos,HONK,HONK,2562,Pilotos 100tificos,4175,1,11,2,1,0,0,HONK,AMERICAS
15877,29260,Haven,Decider,ehehxd,Catalyst Esports,ehehxd,756,Catalyst Esports,1619,12,0,2,1,0,0,ehehxd,AMERICAS
15877,29261,Ascent,Decider,Catalyst Esports,ehehxd,ehehxd,756,Catalyst Esports,1619,4,8,5,2,0,0,ehehxd,AMERICAS
15878,29263,Ascent,Decider,plgurom,Las Palmas Unity,plgurom,4136,Las Palmas Unity,1487,0,12,1,0,0,0,Las Palmas Unity,AMERICAS
15878,29264,Split,Decider,Las Palmas Unity,plgurom,plgurom,4136,Las Palmas Unity,1487,6,6,3,7,0,0,Las Palmas Unity,AMERICAS
15879,29266,Bind,Decider,ATRAVS,Prinzen von Stuttgart,ATRAVS,1875,Prinzen von Stuttgart,4137,4,8,5,3,0,0,Prinzen von Stuttgart,AMERICAS
15879,29267,Icebox,Decider,Prinzen von Stuttgart,ATRAVS,ATRAVS,1875,Prinzen von Stuttgart,4137,9,3,4,4,0,0,Prinzen von Stuttgart,AMERICAS
15880,29269,Bind,Decider,Puggers,Lasagna Beam,Puggers,4176,Lasagna Beam,3082,7,5,7,5,5,3,Puggers,AMERICAS
15880,29270,Haven,Decider,Lasagna Beam,Puggers,Puggers,4176,Lasagna Beam,3082,4,8,5,5,0,0,Puggers,AMERICAS
15881,29272,Split,Decider,Capri Sun,Cream Real Betis,Capri Sun,3321,Cream Real Betis,1035,4,8,5,3,0,0,Cream Real Betis,AMERICAS
15881,29273,Bind,Decider,Cream Real Betis,Capri Sun,Capri Sun,3321,Cream Real Betis,1035,5,7,3,8,0,0,Cream Real Betis,AMERICAS
15883,29278,Ascent,Decider,Lyft ES,Eclatax Esport,Lyft ES,4143,Eclatax Esport,4144,7,5,8,4,0,0,Eclatax Esport,AMERICAS
15883,29279,Haven,Decider,Eclatax Esport,Lyft ES,Lyft ES,4143,Eclatax Esport,4144,7,5,2,6,0,0,Eclatax Esport,AMERICAS
15884,29281,Bind,Decider,Headshot Infinity,Entropiq,Headshot Infinity,4177,Entropiq,2819,2,10,3,0,0,0,Entropiq,AMERICAS
15884,29282,Haven,Decider,Entropiq,Headshot Infinity,Headshot Infinity,4177,Entropiq,2819,11,1,1,2,0,0,Entropiq,AMERICAS
15885,29284,Ascent,Decider,Grow uP eSports,1234,Grow uP eSports,1810,1234,4197,4,8,5,0,0,0,1234,AMERICAS
15885,29285,Bind,Decider,1234,Grow uP eSports,Grow uP eSports,1810,1234,4197,10,2,7,3,0,0,1234,AMERICAS
15886,29287,Ascent,Decider,Gr1nd,Pizza Boosters,Gr1nd,4178,Pizza Boosters,4145,11,1,9,2,0,0,Gr1nd,AMERICAS
15886,29288,Haven,Decider,Pizza Boosters,Gr1nd,Gr1nd,4178,Pizza Boosters,4145,2,10,3,2,0,0,Gr1nd,AMERICAS
15887,29290,Haven,Decider,TOOOLS esports,Team Gravity,TOOOLS esports,3821,Team Gravity,2308,9,3,7,4,0,0,TOOOLS esports,AMERICAS
15887,29291,Bind,Decider,Team Gravity,TOOOLS esports,TOOOLS esports,3821,Team Gravity,2308,8,4,5,5,0,0,Team Gravity,AMERICAS
15887,29292,Ascent,Decider,TOOOLS esports,Team Gravity,TOOOLS esports,3821,Team Gravity,2308,2,10,3,6,0,0,Team Gravity,AMERICAS
15888,29293,Bind,Decider,Team Liquid,FDP Esports,Team Liquid,474,FDP Esports,4188,12,0,0,1,0,0,Team Liquid,AMERICAS
15888,29294,Ascent,Decider,FDP Esports,Team Liquid,Team Liquid,474,FDP Esports,4188,3,9,4,1,0,0,Team Liquid,AMERICAS
15889,29296,Ascent,Decider,lancaster bombers,Alejkum Salam,lancaster bombers,3062,Alejkum Salam,4095,5,7,3,8,0,0,lancaster bombers,AMERICAS
15889,29297,Haven,Decider,Alejkum Salam,lancaster bombers,lancaster bombers,3062,Alejkum Salam,4095,6,6,1,7,0,0,Alejkum Salam,AMERICAS
15889,29298,Split,Decider,lancaster bombers,Alejkum Salam,lancaster bombers,3062,Alejkum Salam,4095,5,7,6,6,0,0,Alejkum Salam,AMERICAS
15891,29302,Split,Decider,Projectil,Angry Titans,Projectil,3911,Angry Titans,3347,9,3,0,4,0,0,Projectil,AMERICAS
15891,29303,Haven,Decider,Projectil,Angry Titans,Projectil,3911,Angry Titans,3347,5,7,6,5,0,0,Angry Titans,AMERICAS
15891,29304,Ascent,Decider,Projectil,Angry Titans,Projectil,3911,Angry Titans,3347,4,8,5,7,0,0,Angry Titans,AMERICAS
15892,29305,Split,Decider,IC9,d0gSports,IC9,2337,d0gSports,3602,10,2,3,3,0,0,IC9,AMERICAS
15892,29306,Haven,Decider,d0gSports,IC9,IC9,2337,d0gSports,3602,3,9,4,7,0,0,IC9,AMERICAS
15893,29308,Ascent,Decider,Kupalboys,fastmix,Kupalboys,4096,fastmix,4189,1,11,2,0,0,0,fastmix,AMERICAS
15893,29309,Haven,Decider,fastmix,Kupalboys,Kupalboys,4096,fastmix,4189,10,2,0,3,0,0,fastmix,AMERICAS
15894,29311,Bind,Decider,Inaequalis,99Crooks,Inaequalis,2703,99Crooks,1895,2,10,3,2,0,0,99Crooks,AMERICAS
15894,29312,Haven,Decider,99Crooks,Inaequalis,Inaequalis,2703,99Crooks,1895,9,3,0,4,0,0,99Crooks,AMERICAS
15895,29314,Icebox,Decider,FlyMatez,NOX Esports,FlyMatez,3007,NOX Esports,1626,5,7,6,0,0,0,NOX Esports,AMERICAS
15895,29315,Split,Decider,NOX Esports,FlyMatez,FlyMatez,3007,NOX Esports,1626,7,5,0,6,0,0,NOX Esports,AMERICAS
15896,29317,Icebox,Decider,LDN UTD,eSuba,LDN UTD,6460,eSuba,1474,4,8,5,1,0,0,eSuba,AMERICAS
15896,29318,Ascent,Decider,eSuba,LDN UTD,LDN UTD,6460,eSuba,1474,3,9,4,7,0,0,LDN UTD,AMERICAS
15896,29319,Bind,Decider,LDN UTD,eSuba,LDN UTD,6460,eSuba,1474,6,6,5,7,0,0,LDN UTD,AMERICAS
15899,29326,Bind,Decider,Team Zeno,Rhyno Esports,Rhyno Esports,3879,Team Zeno,4098,3,9,4,0,0,0,Rhyno Esports,AMERICAS
15899,29327,Split,Decider,Rhyno Esports,Team Zeno,Rhyno Esports,3879,Team Zeno,4098,8,4,1,5,0,0,Rhyno Esports,AMERICAS
15900,29329,Icebox,Decider,headzots,playmakers,playmakers,3913,headzots,3938,8,4,4,5,0,0,headzots,AMERICAS
15900,29330,Ascent,Decider,headzots,playmakers,playmakers,3913,headzots,3938,3,9,4,0,0,0,playmakers,AMERICAS
15900,29331,Bind,Decider,playmakers,headzots,playmakers,3913,headzots,3938,8,4,9,2,0,0,headzots,AMERICAS
15901,29332,Ascent,Decider,EXCEL,locust,EXCEL,3525,locust,4099,8,4,5,5,0,0,EXCEL,AMERICAS
15901,29333,Bind,Decider,locust,EXCEL,EXCEL,3525,locust,4099,2,10,3,2,0,0,EXCEL,AMERICAS
15902,29335,Haven,Decider,Minimum Wagers,volvo peek,Minimum Wagers,4179,volvo peek,3303,3,9,4,3,0,0,volvo peek,AMERICAS
15902,29336,Bind,Decider,Minimum Wagers,volvo peek,Minimum Wagers,4179,volvo peek,3303,5,7,6,3,0,0,volvo peek,AMERICAS
15903,29338,Bind,Decider,STAGA,Yendez,STAGA,2340,Yendez,1174,8,4,1,5,0,0,STAGA,AMERICAS
15903,29339,Icebox,Decider,Yendez,STAGA,STAGA,2340,Yendez,1174,5,7,3,8,0,0,Yendez,AMERICAS
15903,29340,Split,Decider,STAGA,Yendez,STAGA,2340,Yendez,1174,8,4,5,5,0,0,STAGA,AMERICAS
15904,29341,Icebox,Decider,Lankräm,Movistar Riders,Lankräm,355,Movistar Riders,2499,7,5,8,4,0,0,Movistar Riders,AMERICAS
15904,29342,Haven,Decider,Movistar Riders,Lankräm,Lankräm,355,Movistar Riders,2499,6,6,1,7,0,0,Movistar Riders,AMERICAS
15905,29344,Ascent,Decider,Benchwarmers,Hollow Remake,Benchwarmers,4198,Hollow Remake,4100,9,3,0,4,0,0,Benchwarmers,AMERICAS
15905,29345,Split,Decider,Hollow Remake,Benchwarmers,Benchwarmers,4198,Hollow Remake,4100,2,10,3,0,0,0,Benchwarmers,AMERICAS
15906,29347,Bind,Decider,Team Kaio,Arriba España +1,Team Kaio,2729,Arriba España +1,4146,3,9,4,0,0,0,Arriba España +1,AMERICAS
15906,29348,Haven,Decider,Arriba España +1,Team Kaio,Team Kaio,2729,Arriba España +1,4146,12,0,0,1,0,0,Arriba España +1,AMERICAS
15907,29350,Ascent,Decider,HOMELESS,Team 7AM,HOMELESS,3538,Team 7AM,2501,6,6,6,6,2,0,HOMELESS,AMERICAS
15907,29351,Bind,Decider,Team 7AM,HOMELESS,HOMELESS,3538,Team 7AM,2501,7,5,8,2,0,0,HOMELESS,AMERICAS
15908,29353,Bind,Decider,Mystery,Acid Gaming - Never Refraq,Mystery,4101,Acid Gaming - Never Refraq,3902,6,6,6,6,2,4,Acid Gaming - Never Refraq,AMERICAS
15908,29354,Ascent,Decider,Acid Gaming - Never Refraq,Mystery,Mystery,4101,Acid Gaming - Never Refraq,3902,9,3,2,4,0,0,Acid Gaming - Never Refraq,AMERICAS
15910,29359,Bind,Decider,Shanghai Emperors,VITEAZ,Shanghai Emperors,1638,VITEAZ,4193,10,2,0,3,0,0,Shanghai Emperors,AMERICAS
15910,29360,Icebox,Decider,Shanghai Emperors,VITEAZ,Shanghai Emperors,1638,VITEAZ,4193,11,1,0,2,0,0,Shanghai Emperors,AMERICAS
15912,29365,Ascent,Decider,young talents,No Witness,young talents,3006,No Witness,3830,3,9,4,1,0,0,No Witness,AMERICAS
15912,29366,Haven,Decider,No Witness,young talents,young talents,3006,No Witness,3830,9,3,0,4,0,0,No Witness,AMERICAS
15914,29371,Bind,Decider,ISOL-BULIL,Ignite,Ignite,2670,ISOL-BULIL,545,4,8,4,8,0,2,Ignite,AMERICAS
15914,29372,Haven,Decider,Ignite,ISOL-BULIL,Ignite,2670,ISOL-BULIL,545,3,9,4,3,0,0,ISOL-BULIL,AMERICAS
15914,29373,Icebox,Decider,Ignite,ISOL-BULIL,Ignite,2670,ISOL-BULIL,545,6,6,4,7,0,0,Ignite,AMERICAS
15915,29374,Ascent,Decider,Myst1s Gaming,Atfinest,Myst1s Gaming,4105,Atfinest,4106,5,7,6,5,0,0,Atfinest,AMERICAS
15915,29375,Bind,Decider,Atfinest,Myst1s Gaming,Myst1s Gaming,4105,Atfinest,4106,7,5,0,6,0,0,Atfinest,AMERICAS
15917,29380,Ascent,Decider,GG D'ALESSIO,BadTurtles Esport,GG D'ALESSIO,4199,BadTurtles Esport,2637,5,7,6,3,0,0,BadTurtles Esport,AMERICAS
15917,29381,Split,Decider,BadTurtles Esport,GG D'ALESSIO,GG D'ALESSIO,4199,BadTurtles Esport,2637,9,3,9,3,0,2,GG D'ALESSIO,AMERICAS
15917,29382,Haven,Decider,GG D'ALESSIO,BadTurtles Esport,GG D'ALESSIO,4199,BadTurtles Esport,2637,3,9,4,3,0,0,BadTurtles Esport,AMERICAS
15918,29383,Bind,Decider,GONEXTfast,Winfinity,GONEXTfast,3873,Winfinity,1250,3,9,4,1,0,0,Winfinity,AMERICAS
15918,29384,Haven,Decider,Winfinity,GONEXTfast,GONEXTfast,3873,Winfinity,1250,11,1,0,2,0,0,Winfinity,AMERICAS
15919,29386,Haven,Decider,eSport Rhein Neckar,Evolved Gaming,Evolved Gaming,4107,eSport Rhein Neckar,1546,6,6,7,2,0,0,Evolved Gaming,AMERICAS
15919,29387,Ascent,Decider,Evolved Gaming,eSport Rhein Neckar,Evolved Gaming,4107,eSport Rhein Neckar,1546,9,3,0,4,0,0,Evolved Gaming,AMERICAS
15921,29392,Ascent,Decider,Tarren Mill,ShifterPro,Tarren Mill,1090,ShifterPro,4108,6,6,0,7,0,0,Tarren Mill,AMERICAS
15921,29393,Split,Decider,ShifterPro,Tarren Mill,Tarren Mill,1090,ShifterPro,4108,2,10,3,0,0,0,Tarren Mill,AMERICAS
15922,29395,Bind,Decider,Wolfix Gaming,Elo and Muscle,Wolfix Gaming,3405,Elo and Muscle,3408,2,10,3,6,0,0,Elo and Muscle,AMERICAS
15922,29396,Ascent,Decider,Elo and Muscle,Wolfix Gaming,Wolfix Gaming,3405,Elo and Muscle,3408,9,3,8,4,0,0,Elo and Muscle,AMERICAS
15923,29398,Bind,Decider,LvL Up Esport,beneluxjes,LvL Up Esport,4072,beneluxjes,4109,5,7,6,0,0,0,beneluxjes,AMERICAS
15923,29399,Haven,Decider,beneluxjes,LvL Up Esport,LvL Up Esport,4072,beneluxjes,4109,6,6,2,7,0,0,beneluxjes,AMERICAS
15924,29401,Haven,Decider,HUILERS,NoEffort,HUILERS,4200,NoEffort,2608,5,7,6,1,0,0,NoEffort,AMERICAS
15924,29402,Ascent,Decider,NoEffort,HUILERS,HUILERS,4200,NoEffort,2608,4,8,5,1,0,0,HUILERS,AMERICAS
15924,29403,Bind,Decider,HUILERS,NoEffort,HUILERS,4200,NoEffort,2608,2,10,3,4,0,0,NoEffort,AMERICAS
15926,29407,Haven,Decider,bra71l,DIVAN,bra71l,4110,DIVAN,3400,0,12,1,0,0,0,DIVAN,AMERICAS
15926,29408,Bind,Decider,DIVAN,bra71l,bra71l,4110,DIVAN,3400,10,2,0,3,0,0,DIVAN,AMERICAS
15927,29410,Ascent,Decider,team xanax,Follow My Drone,team xanax,4111,Follow My Drone,4181,6,6,5,7,0,0,team xanax,AMERICAS
15927,29411,Bind,Decider,team xanax,Follow My Drone,team xanax,4111,Follow My Drone,4181,9,3,3,4,0,0,team xanax,AMERICAS
15928,29413,Ascent,Decider,Sprayz Gaming,Violent Frogs,Sprayz Gaming,1533,Violent Frogs,4201,7,5,6,6,0,0,Sprayz Gaming,AMERICAS
15928,29414,Split,Decider,Violent Frogs,Sprayz Gaming,Sprayz Gaming,1533,Violent Frogs,4201,2,10,3,0,0,0,Sprayz Gaming,AMERICAS
15929,29416,Ascent,Decider,Galaxie Punk Esport,illmatic,Galaxie Punk Esport,4182,illmatic,7965,1,11,2,0,0,0,illmatic,AMERICAS
15929,29417,Haven,Decider,illmatic,Galaxie Punk Esport,Galaxie Punk Esport,4182,illmatic,7965,12,0,0,1,0,0,illmatic,AMERICAS
15930,29419,Haven,Decider,PATATERA SQUAD,E9Sports,E9Sports,3382,PATATERA SQUAD,3709,5,7,6,6,0,0,E9Sports,AMERICAS
15930,29420,Bind,Decider,PATATERA SQUAD,E9Sports,E9Sports,3382,PATATERA SQUAD,3709,10,2,6,3,0,0,PATATERA SQUAD,AMERICAS
15931,29422,Haven,Decider,Olympiacos Alimou,19esports,Olympiacos Alimou,4202,19esports,6139,5,7,6,2,0,0,19esports,AMERICAS
15931,29423,Ascent,Decider,19esports,Olympiacos Alimou,Olympiacos Alimou,4202,19esports,6139,7,5,8,3,0,0,Olympiacos Alimou,AMERICAS
15931,29424,Bind,Decider,Olympiacos Alimou,19esports,Olympiacos Alimou,4202,19esports,6139,4,8,5,1,0,0,19esports,AMERICAS
15932,29425,Ascent,Decider,BREAK Gaming,Hide In Smoke,BREAK Gaming,3833,Hide In Smoke,4113,8,4,1,5,0,0,BREAK Gaming,AMERICAS
15932,29426,Split,Decider,Hide In Smoke,BREAK Gaming,BREAK Gaming,3833,Hide In Smoke,4113,3,9,4,1,0,0,BREAK Gaming,AMERICAS
15934,29431,Ascent,Decider,Voltage,Vctory Esports,Voltage,3884,Vctory Esports,4114,10,2,0,3,0,0,Voltage,AMERICAS
15934,29432,Bind,Decider,Vctory Esports,Voltage,Voltage,3884,Vctory Esports,4114,3,9,4,1,0,0,Voltage,AMERICAS
15935,29434,Split,Decider,Hyferion5 Esports,Team Asteria,Hyferion5 Esports,3669,Team Asteria,3004,9,3,2,4,0,0,Hyferion5 Esports,AMERICAS
15935,29435,Bind,Decider,Team Asteria,Hyferion5 Esports,Hyferion5 Esports,3669,Team Asteria,3004,4,8,5,7,0,0,Hyferion5 Esports,AMERICAS
15936,29437,Split,Decider,Dragonballz,eMonkeyz Club,Dragonballz,4115,eMonkeyz Club,2687,2,10,3,4,0,0,eMonkeyz Club,AMERICAS
15936,29438,Bind,Decider,eMonkeyz Club,Dragonballz,Dragonballz,4115,eMonkeyz Club,2687,7,5,5,6,0,0,eMonkeyz Club,AMERICAS
15937,29440,Ascent,Decider,Bref,Invicta Gaming,Bref,3910,Invicta Gaming,3029,8,4,2,5,0,0,Bref,AMERICAS
15937,29441,Icebox,Decider,Invicta Gaming,Bref,Bref,3910,Invicta Gaming,3029,2,10,3,3,0,0,Bref,AMERICAS
15938,29443,Split,Decider,Maze E-Sports,Hardcl1ck Esports,Maze E-Sports,4190,Hardcl1ck Esports,4116,3,9,4,0,0,0,Hardcl1ck Esports,AMERICAS
15938,29444,Ascent,Decider,Hardcl1ck Esports,Maze E-Sports,Maze E-Sports,4190,Hardcl1ck Esports,4116,10,2,0,3,0,0,Hardcl1ck Esports,AMERICAS
15939,29446,Ascent,Decider,Billies,Giga Tacos,Billies,3941,Giga Tacos,4117,3,9,4,3,0,0,Giga Tacos,AMERICAS
15939,29447,Bind,Decider,Giga Tacos,Billies,Billies,3941,Giga Tacos,4117,7,5,1,6,0,0,Giga Tacos,AMERICAS
15940,29449,Icebox,Decider,MSR Esport,KLATWA,KLATWA,3541,MSR Esport,3068,2,10,3,0,0,0,KLATWA,AMERICAS
15940,29450,Bind,Decider,MSR Esport,KLATWA,KLATWA,3541,MSR Esport,3068,1,11,2,0,0,0,KLATWA,AMERICAS
15942,29455,Ascent,Decider,MANGO,AVEZ Esport,MANGO,6998,AVEZ Esport,3393,9,3,1,4,0,0,MANGO,AMERICAS
15942,29456,Bind,Decider,AVEZ Esport,MANGO,MANGO,6998,AVEZ Esport,3393,3,9,4,0,0,0,MANGO,AMERICAS
15943,29458,Ascent,Decider,couchless,Baecon GG,Baecon GG,3391,couchless,3940,10,2,10,2,2,0,couchless,AMERICAS
15943,29459,Split,Decider,couchless,Baecon GG,Baecon GG,3391,couchless,3940,4,8,5,3,0,0,Baecon GG,AMERICAS
15943,29460,Bind,Decider,couchless,Baecon GG,Baecon GG,3391,couchless,3940,4,8,5,2,0,0,Baecon GG,AMERICAS
15944,29461,Ascent,Decider,DeftFox,SUPD,DeftFox,2726,SUPD,3998,9,3,1,4,0,0,DeftFox,AMERICAS
15944,29462,Bind,Decider,SUPD,DeftFox,DeftFox,2726,SUPD,3998,2,10,3,0,0,0,DeftFox,AMERICAS
15945,29464,Ascent,Decider,Macko Esports,Team Queso,Macko Esports,3895,Team Queso,4538,9,3,4,4,0,0,Macko Esports,AMERICAS
15945,29465,Bind,Decider,Team Queso,Macko Esports,Macko Esports,3895,Team Queso,4538,6,6,3,7,0,0,Team Queso,AMERICAS
15945,29466,Haven,Decider,Macko Esports,Team Queso,Macko Esports,3895,Team Queso,4538,6,6,5,7,0,0,Macko Esports,AMERICAS
15946,29467,Haven,Decider,King's Gambit,CE Calling,King's Gambit,4203,CE Calling,3604,5,7,6,1,0,0,CE Calling,AMERICAS
15946,29468,Ascent,Decider,CE Calling,King's Gambit,King's Gambit,4203,CE Calling,3604,7,5,1,6,0,0,CE Calling,AMERICAS
15948,29473,Ascent,Decider,Megastitut,OfficialFragBoys,OfficialFragBoys,4191,Megastitut,686,12,0,0,1,0,0,Megastitut,AMERICAS
15948,29474,Split,Decider,Megastitut,OfficialFragBoys,OfficialFragBoys,4191,Megastitut,686,11,1,0,2,0,0,Megastitut,AMERICAS
15950,29479,Split,Decider,Nefarious Gaming,Ballista,Nefarious Gaming,4184,Ballista,2566,3,9,4,5,0,0,Ballista,AMERICAS
15950,29480,Ascent,Decider,Nefarious Gaming,Ballista,Nefarious Gaming,4184,Ballista,2566,3,9,4,1,0,0,Ballista,AMERICAS
15953,29489,Ascent,Decider,Illés Akadémia Spirit,HEET,HEET,2408,Illés Akadémia Spirit,2176,5,7,6,3,0,0,HEET,AMERICAS
15953,30191,Haven,Decider,,,HEET,2408,Illés Akadémia Spirit,2176,0,0,0,0,0,0,Draw,AMERICAS
15954,29491,Haven,Decider,Team Seirin,Astral Hypnos,Team Seirin,4257,Astral Hypnos,4121,10,2,5,3,0,0,Team Seirin,AMERICAS
15954,29492,Split,Decider,Astral Hypnos,Team Seirin,Team Seirin,4257,Astral Hypnos,4121,6,6,7,1,0,0,Team Seirin,AMERICAS
15956,29497,Ascent,Decider,Team Endavant,WLGaming Esports,Team Endavant,12782,WLGaming Esports,4141,2,10,3,0,0,0,WLGaming Esports,AMERICAS
15956,29498,Haven,Decider,WLGaming Esports,Team Endavant,Team Endavant,12782,WLGaming Esports,4141,10,2,1,3,0,0,WLGaming Esports,AMERICAS
15957,29500,Haven,Decider,TauCeti,Esport Szombathely,Esport Szombathely,3886,TauCeti,2663,11,1,3,2,0,0,TauCeti,AMERICAS
15957,29501,Ascent,Decider,TauCeti,Esport Szombathely,Esport Szombathely,3886,TauCeti,2663,8,4,2,5,0,0,TauCeti,AMERICAS
15958,29503,Icebox,Decider,Patchwork,YAZDA,Patchwork,2642,YAZDA,1903,9,3,0,4,0,0,Patchwork,AMERICAS
15958,29504,Haven,Decider,Patchwork,YAZDA,Patchwork,2642,YAZDA,1903,7,5,2,6,0,0,Patchwork,AMERICAS
15959,29506,Bind,Decider,iPon Esport,IVY,iPon Esport,576,IVY,3114,11,1,3,2,0,0,iPon Esport,AMERICAS
15959,29507,Haven,Decider,iPon Esport,IVY,iPon Esport,576,IVY,3114,4,8,5,1,0,0,IVY,AMERICAS
15959,29508,Split,Decider,iPon Esport,IVY,iPon Esport,576,IVY,3114,5,7,6,4,0,0,IVY,AMERICAS
15960,29509,Haven,Decider,Rix.GG Thunder,KPI Gaming,Rix.GG Thunder,2373,KPI Gaming,6313,5,7,4,8,0,0,Rix.GG Thunder,AMERICAS
15960,29510,Bind,Decider,KPI Gaming,Rix.GG Thunder,Rix.GG Thunder,2373,KPI Gaming,6313,4,8,5,4,0,0,Rix.GG Thunder,AMERICAS
15961,29512,Split,Decider,Dame Time,White Lotus Esports,Dame Time,3819,White Lotus Esports,3817,9,3,2,4,0,0,Dame Time,AMERICAS
15961,29513,Ascent,Decider,White Lotus Esports,Dame Time,Dame Time,3819,White Lotus Esports,3817,10,2,2,3,0,0,White Lotus Esports,AMERICAS
15961,29514,Bind,Decider,Dame Time,White Lotus Esports,Dame Time,3819,White Lotus Esports,3817,10,2,7,3,0,0,Dame Time,AMERICAS
15962,29515,Ascent,Decider,Team Galaga,dfiance,Team Galaga,6195,dfiance,3747,8,4,5,5,0,0,Team Galaga,AMERICAS
15962,29516,Haven,Decider,dfiance,Team Galaga,Team Galaga,6195,dfiance,3747,6,6,6,6,5,7,Team Galaga,AMERICAS
15963,29518,Haven,Decider,Edelweiss Esports,Acend,Acend,3531,Edelweiss Esports,2607,1,11,2,0,0,0,Acend,AMERICAS
15963,29519,Bind,Decider,Edelweiss Esports,Acend,Acend,3531,Edelweiss Esports,2607,2,10,3,3,0,0,Acend,AMERICAS
15965,29524,Haven,Decider,John Howard,Evenate Gaming,John Howard,1558,Evenate Gaming,4122,9,3,2,4,0,0,John Howard,AMERICAS
15965,29525,Ascent,Decider,Evenate Gaming,John Howard,John Howard,1558,Evenate Gaming,4122,3,9,4,2,0,0,John Howard,AMERICAS
15966,29527,Split,Decider,FTW Esports,Lucky Boys,FTW Esports,1791,Lucky Boys,3728,6,6,7,1,0,0,Lucky Boys,AMERICAS
15966,29528,Haven,Decider,Lucky Boys,FTW Esports,FTW Esports,1791,Lucky Boys,3728,2,10,3,3,0,0,FTW Esports,AMERICAS
15966,29529,Bind,Decider,FTW Esports,Lucky Boys,FTW Esports,1791,Lucky Boys,3728,5,7,6,5,0,0,Lucky Boys,AMERICAS
15967,29530,Haven,Decider,Hogwarts,dior,Hogwarts,3936,dior,3937,12,0,0,1,0,0,Hogwarts,AMERICAS
15967,29531,Ascent,Decider,dior,Hogwarts,Hogwarts,3936,dior,3937,8,4,3,5,0,0,dior,AMERICAS
15967,29532,Split,Decider,Hogwarts,dior,Hogwarts,3936,dior,3937,8,4,1,5,0,0,Hogwarts,AMERICAS
15968,29533,Bind,Decider,Lucent Esports,Red,Lucent Esports,3923,Red,4123,9,3,2,4,0,0,Lucent Esports,AMERICAS
15968,29534,Ascent,Decider,Red,Lucent Esports,Lucent Esports,3923,Red,4123,4,8,5,4,0,0,Lucent Esports,AMERICAS
15969,29536,Ascent,Decider,Teamates Gaming,ET ELLER ANDET FEDT,Teamates Gaming,4124,ET ELLER ANDET FEDT,4125,2,10,3,0,0,0,ET ELLER ANDET FEDT,AMERICAS
15969,29537,Bind,Decider,ET ELLER ANDET FEDT,Teamates Gaming,Teamates Gaming,4124,ET ELLER ANDET FEDT,4125,11,1,2,2,0,0,ET ELLER ANDET FEDT,AMERICAS
15970,29539,Split,Decider,animel,Nexus Gaming,animel,3065,Nexus Gaming,3402,6,6,1,7,0,0,animel,AMERICAS
15970,29540,Bind,Decider,Nexus Gaming,animel,animel,3065,Nexus Gaming,3402,9,3,1,4,0,0,Nexus Gaming,AMERICAS
15970,29541,Haven,Decider,Nexus Gaming,animel,animel,3065,Nexus Gaming,3402,6,6,6,6,2,0,Nexus Gaming,AMERICAS
15971,29542,Icebox,Decider,SUPRMODE Gaming,Laia Nation,Laia Nation,4126,SUPRMODE Gaming,3115,12,0,0,1,0,0,SUPRMODE Gaming,AMERICAS
15971,29543,Haven,Decider,Laia Nation,SUPRMODE Gaming,Laia Nation,4126,SUPRMODE Gaming,3115,5,7,6,2,0,0,SUPRMODE Gaming,AMERICAS
15972,29545,Haven,Decider,Cyberbullies,anorthosis famagusta esports,Cyberbullies,4185,anorthosis famagusta esports,3917,6,6,6,6,4,2,Cyberbullies,AMERICAS
15972,29546,Split,Decider,anorthosis famagusta esports,Cyberbullies,Cyberbullies,4185,anorthosis famagusta esports,3917,4,8,5,3,0,0,Cyberbullies,AMERICAS
15973,29548,Ascent,Decider,Illuminar Gaming,DNA PEEK,Illuminar Gaming,3710,DNA PEEK,4205,7,5,2,6,0,0,Illuminar Gaming,AMERICAS
15973,29549,Split,Decider,DNA PEEK,Illuminar Gaming,Illuminar Gaming,3710,DNA PEEK,4205,8,4,7,5,0,0,DNA PEEK,AMERICAS
15973,29550,Bind,Decider,Illuminar Gaming,DNA PEEK,Illuminar Gaming,3710,DNA PEEK,4205,9,3,0,4,0,0,Illuminar Gaming,AMERICAS
15976,29557,Ascent,Decider,TheLastResort,Average Joes,TheLastResort,4128,Average Joes,3915,5,7,5,7,0,2,Average Joes,AMERICAS
15976,29558,Haven,Decider,TheLastResort,Average Joes,TheLastResort,4128,Average Joes,3915,7,5,4,6,0,0,TheLastResort,AMERICAS
15976,29559,Bind,Decider,TheLastResort,Average Joes,TheLastResort,4128,Average Joes,3915,4,8,5,3,0,0,Average Joes,AMERICAS
15977,29560,Haven,Decider,NecroRaisers,Out of sight,NecroRaisers,4129,Out of sight,3848,6,6,5,7,0,0,NecroRaisers,AMERICAS
15977,29561,Bind,Decider,Out of sight,NecroRaisers,NecroRaisers,4129,Out of sight,3848,6,6,7,5,0,0,NecroRaisers,AMERICAS
15979,29566,Bind,Decider,onliner$,Gold Chains,onliner$,4130,Gold Chains,4187,9,3,0,4,0,0,onliner$,AMERICAS
15979,29567,Haven,Decider,Gold Chains,onliner$,onliner$,4130,Gold Chains,4187,3,9,4,4,0,0,onliner$,AMERICAS
15980,29569,Bind,Decider,Honvéd Esport,McDDonalds Esports,McDDonalds Esports,3896,Honvéd Esport,8172,9,3,6,4,0,0,Honvéd Esport,AMERICAS
15980,29570,Haven,Decider,Honvéd Esport,McDDonalds Esports,McDDonalds Esports,3896,Honvéd Esport,8172,10,2,0,3,0,0,Honvéd Esport,AMERICAS
15981,29572,Ascent,Decider,Take A Nap,INCENTIVE,Take A Nap,2691,INCENTIVE,3878,9,3,1,4,0,0,Take A Nap,AMERICAS
15981,29573,Bind,Decider,INCENTIVE,Take A Nap,Take A Nap,2691,INCENTIVE,3878,2,10,3,2,0,0,Take A Nap,AMERICAS
15982,29575,Split,Decider,Ovation eSports,Chicky Bucky,Ovation eSports,4173,Chicky Bucky,3900,8,4,2,5,0,0,Ovation eSports,AMERICAS
15982,29576,Bind,Decider,Chicky Bucky,Ovation eSports,Ovation eSports,4173,Chicky Bucky,3900,0,12,1,0,0,0,Ovation eSports,AMERICAS
15983,29578,Ascent,Decider,Vertigang,F9 Hetic,F9 Hetic,4131,Vertigang,4132,7,5,8,4,0,0,F9 Hetic,AMERICAS
15983,29579,Haven,Decider,Vertigang,F9 Hetic,F9 Hetic,4131,Vertigang,4132,5,7,6,3,0,0,F9 Hetic,AMERICAS
15984,29581,Ascent,Decider,L'institut,Hadi's boys,L'institut,61,Hadi's boys,4206,9,3,2,4,0,0,L'institut,AMERICAS
15984,29582,Haven,Decider,Hadi's boys,L'institut,L'institut,61,Hadi's boys,4206,2,10,3,1,0,0,L'institut,AMERICAS
15986,29587,Ascent,Decider,Reactor Squad Parare,Digital Ninjas,Reactor Squad Parare,4139,Digital Ninjas,1530,4,8,4,8,0,2,Digital Ninjas,AMERICAS
15986,29588,Haven,Decider,Digital Ninjas,Reactor Squad Parare,Reactor Squad Parare,4139,Digital Ninjas,1530,3,9,1,10,0,0,Digital Ninjas,AMERICAS
15988,29593,Ascent,Decider,SAW,PHODON.FRAGSTER,PHODON.FRAGSTER,4194,SAW,2755,9,3,0,4,0,0,SAW,AMERICAS
15988,29594,Bind,Decider,SAW,PHODON.FRAGSTER,PHODON.FRAGSTER,4194,SAW,2755,9,3,0,4,0,0,SAW,AMERICAS
15991,29602,Ascent,Decider,CiNOZE,fortytwo,CiNOZE,3858,fortytwo,3889,4,8,5,7,0,0,fortytwo,AMERICAS
15991,29603,Haven,Decider,fortytwo,CiNOZE,CiNOZE,3858,fortytwo,3889,5,7,6,2,0,0,CiNOZE,AMERICAS
15991,29604,Split,Decider,CiNOZE,fortytwo,CiNOZE,3858,fortytwo,3889,6,6,1,7,0,0,CiNOZE,AMERICAS
15992,29605,Haven,Decider,,,GreyFace,2683,Wave Esports,324,0,0,0,0,0,0,Draw,AMERICAS
15992,29606,Bind,Decider,,,GreyFace,2683,Wave Esports,324,0,0,0,0,0,0,Draw,AMERICAS
15978,29563,Ascent,Decider,FNATIC,Dark Tigers,FNATIC,2593,Dark Tigers,3362,8,4,2,5,0,0,FNATIC,AMERICAS
15978,29564,Haven,Decider,Dark Tigers,FNATIC,FNATIC,2593,Dark Tigers,3362,2,10,3,0,0,0,FNATIC,AMERICAS
15868,29233,Haven,Decider,Ninjas in Pyjamas,Moose Knucklers,Ninjas in Pyjamas,3,Moose Knucklers,2924,8,4,2,5,0,0,Ninjas in Pyjamas,AMERICAS
15868,29234,Split,Decider,Moose Knucklers,Ninjas in Pyjamas,Ninjas in Pyjamas,3,Moose Knucklers,2924,2,10,3,0,0,0,Ninjas in Pyjamas,AMERICAS
15890,29299,Ascent,Decider,Alliance,123TAP,Alliance,2533,123TAP,6445,8,4,0,5,0,0,Alliance,AMERICAS
15890,29300,Icebox,Decider,123TAP,Alliance,Alliance,2533,123TAP,6445,5,7,6,1,0,0,Alliance,AMERICAS
15898,29323,Ascent,G2 Esports,TEMPO,G2 Esports,TEMPO,2635,G2 Esports,257,5,7,6,1,0,0,G2 Esports,AMERICAS
15898,29324,Split,Decider,G2 Esports,TEMPO,TEMPO,2635,G2 Esports,257,11,1,0,2,0,0,G2 Esports,AMERICAS
15911,29362,Icebox,Decider,Team Adios,Team Heretics,Team Adios,3883,Team Heretics,1001,1,11,2,3,0,0,Team Heretics,AMERICAS
15911,29363,Split,Decider,Team Heretics,Team Adios,Team Adios,3883,Team Heretics,1001,11,1,0,2,0,0,Team Heretics,AMERICAS
15925,29404,Icebox,Decider,UBITEAM,Team Vitality,UBITEAM,2058,Team Vitality,2059,0,12,1,2,0,0,Team Vitality,AMERICAS
15925,29405,Ascent,Decider,Team Vitality,UBITEAM,UBITEAM,2058,Team Vitality,2059,9,3,2,4,0,0,Team Vitality,AMERICAS
15933,29428,Haven,Decider,Opportunists,Unsigned Losers,Opportunists,439,Unsigned Losers,2725,9,3,0,4,0,0,Opportunists,AMERICAS
15933,29429,Bind,Decider,Unsigned Losers,Opportunists,Opportunists,439,Unsigned Losers,2725,1,11,2,4,0,0,Opportunists,AMERICAS
15941,29452,Ascent,Decider,OG,Zytic eSports,OG,2965,Zytic eSports,4183,7,5,0,6,0,0,OG,AMERICAS
15941,29453,Icebox,Decider,Zytic eSports,OG,OG,2965,Zytic eSports,4183,2,10,3,0,0,0,OG,AMERICAS
15916,29377,Split,Decider,Giants Gaming,DiaXmix,Giants Gaming,2304,DiaXmix,1420,11,1,0,2,0,0,Giants Gaming,AMERICAS
15916,29378,Bind,Decider,DiaXmix,Giants Gaming,Giants Gaming,2304,DiaXmix,1420,1,11,2,0,0,0,Giants Gaming,AMERICAS
15920,29389,Bind,Decider,Résidence chômeur boursier,Finest,Résidence chômeur boursier,4208,Finest,673,1,11,2,0,0,0,Finest,AMERICAS
15920,29390,Haven,Decider,Finest,Résidence chômeur boursier,Résidence chômeur boursier,4208,Finest,673,7,5,3,6,0,0,Finest,AMERICAS
16009,29656,Ascent,Decider,qz,G2 Esports,qz,4097,G2 Esports,257,2,10,3,3,0,0,G2 Esports,AMERICAS
16009,29657,Icebox,Decider,G2 Esports,qz,qz,4097,G2 Esports,257,11,1,0,2,0,0,G2 Esports,AMERICAS
16013,29668,Bind,Decider,Benchwarmers,Arriba España +1,Benchwarmers,4198,Arriba España +1,4146,8,4,0,5,0,0,Benchwarmers,AMERICAS
16013,29669,Haven,Decider,Arriba España +1,Benchwarmers,Benchwarmers,4198,Arriba España +1,4146,5,7,6,3,0,0,Benchwarmers,AMERICAS
16016,29677,Ascent,Decider,Team Heretics,No Witness,Team Heretics,1001,No Witness,3830,9,3,0,4,0,0,Team Heretics,AMERICAS
16016,29678,Haven,Decider,No Witness,Team Heretics,Team Heretics,1001,No Witness,3830,5,7,6,3,0,0,Team Heretics,AMERICAS
16027,29710,Bind,Decider,Opportunists,Voltage,Opportunists,439,Voltage,3884,11,1,0,2,0,0,Opportunists,AMERICAS
16027,29711,Split,Decider,Voltage,Opportunists,Opportunists,439,Voltage,3884,4,8,5,0,0,0,Opportunists,AMERICAS
16042,29755,Ascent,Decider,FlashDash,Acend,Acend,3531,FlashDash,3325,4,8,5,0,0,0,Acend,AMERICAS
16042,29756,Bind,Decider,FlashDash,Acend,Acend,3531,FlashDash,3325,4,8,5,3,0,0,Acend,AMERICAS
16049,29776,Haven,Decider,FNATIC,NecroRaisers,NecroRaisers,4129,FNATIC,2593,12,0,0,1,0,0,FNATIC,AMERICAS
16049,29777,Bind,Decider,FNATIC,NecroRaisers,NecroRaisers,4129,FNATIC,2593,12,0,0,1,0,0,FNATIC,AMERICAS
15993,29608,Bind,Decider,4iHNK,Aesir Esports,4iHNK,4195,Aesir Esports,4085,11,1,1,2,0,0,4iHNK,AMERICAS
15993,30192,Ascent,Decider,Aesir Esports,4iHNK,4iHNK,4195,Aesir Esports,4085,2,10,3,1,0,0,4iHNK,AMERICAS
15994,29611,Bind,Decider,Salade Sun,Ninjas in Pyjamas,Salade Sun,4087,Ninjas in Pyjamas,3,1,11,2,0,0,0,Ninjas in Pyjamas,AMERICAS
15994,29612,Icebox,Decider,Ninjas in Pyjamas,Salade Sun,Salade Sun,4087,Ninjas in Pyjamas,3,11,1,1,2,0,0,Ninjas in Pyjamas,AMERICAS
15995,29614,Bind,Decider,LDV Esports,Underdogs,LDV Esports,4089,Underdogs,4093,3,9,4,0,0,0,Underdogs,AMERICAS
15995,29615,Haven,Decider,Underdogs,LDV Esports,LDV Esports,4089,Underdogs,4093,4,8,5,5,0,0,LDV Esports,AMERICAS
15995,29616,Ascent,Decider,Underdogs,LDV Esports,LDV Esports,4089,Underdogs,4093,11,1,2,2,0,0,Underdogs,AMERICAS
15996,29617,Haven,Decider,Team Trinys,Team Sampi,Team Trinys,3999,Team Sampi,1234,2,10,3,5,0,0,Team Sampi,AMERICAS
15996,29618,Bind,Decider,Team Sampi,Team Trinys,Team Trinys,3999,Team Sampi,1234,9,3,4,4,0,0,Team Sampi,AMERICAS
15997,29620,Ascent,Decider,S2K,BIG,S2K,4192,BIG,472,4,8,5,4,0,0,BIG,AMERICAS
15997,29621,Bind,Decider,BIG,S2K,S2K,4192,BIG,472,9,3,1,4,0,0,BIG,AMERICAS
15998,29623,Bind,Decider,Noctis,HONK,Noctis,3838,HONK,2562,1,11,2,1,0,0,HONK,AMERICAS
15998,29624,Ascent,Decider,Noctis,HONK,Noctis,3838,HONK,2562,3,9,4,1,0,0,HONK,AMERICAS
15999,29626,Ascent,Decider,ehehxd,Las Palmas Unity,ehehxd,756,Las Palmas Unity,1487,11,1,0,2,0,0,ehehxd,AMERICAS
15999,29627,Haven,Decider,Las Palmas Unity,ehehxd,ehehxd,756,Las Palmas Unity,1487,3,9,4,7,0,0,ehehxd,AMERICAS
16000,29629,Bind,Decider,Prinzen von Stuttgart,Puggers,Prinzen von Stuttgart,4137,Puggers,4176,9,3,0,4,0,0,Prinzen von Stuttgart,AMERICAS
16000,29630,Ascent,Decider,Puggers,Prinzen von Stuttgart,Prinzen von Stuttgart,4137,Puggers,4176,1,11,2,0,0,0,Prinzen von Stuttgart,AMERICAS
16001,29632,Icebox,Decider,Cream Real Betis,need girlfriend,Cream Real Betis,1035,need girlfriend,4196,8,4,5,5,0,0,Cream Real Betis,AMERICAS
16001,29633,Bind,Decider,need girlfriend,Cream Real Betis,Cream Real Betis,1035,need girlfriend,4196,2,10,3,6,0,0,Cream Real Betis,AMERICAS
16002,29635,Ascent,Decider,Eclatax Esport,Entropiq,Eclatax Esport,4144,Entropiq,2819,2,10,3,1,0,0,Entropiq,AMERICAS
16002,29636,Haven,Decider,Entropiq,Eclatax Esport,Eclatax Esport,4144,Entropiq,2819,10,2,1,3,0,0,Entropiq,AMERICAS
16003,29638,Haven,Decider,1234,Gr1nd,1234,4197,Gr1nd,4178,3,9,4,3,0,0,Gr1nd,AMERICAS
16003,29639,Ascent,Decider,Gr1nd,1234,1234,4197,Gr1nd,4178,3,9,4,5,0,0,1234,AMERICAS
16003,29640,Icebox,Decider,1234,Gr1nd,1234,4197,Gr1nd,4178,5,7,4,8,0,0,1234,AMERICAS
16004,29641,Haven,Decider,Team Gravity,Team Liquid,Team Gravity,2308,Team Liquid,474,2,10,3,0,0,0,Team Liquid,AMERICAS
16004,29642,Bind,Decider,Team Liquid,Team Gravity,Team Gravity,2308,Team Liquid,474,6,6,5,7,0,0,Team Liquid,AMERICAS
16005,29644,Haven,Decider,Alejkum Salam,Alliance,Alejkum Salam,4095,Alliance,2533,2,10,3,2,0,0,Alliance,AMERICAS
16005,29645,Split,Decider,Alliance,Alejkum Salam,Alejkum Salam,4095,Alliance,2533,10,2,2,3,0,0,Alliance,AMERICAS
16006,29647,Haven,Decider,IC9,Angry Titans,Angry Titans,3347,IC9,2337,5,7,6,5,0,0,Angry Titans,AMERICAS
16006,29648,Split,Decider,IC9,Angry Titans,Angry Titans,3347,IC9,2337,3,9,4,4,0,0,Angry Titans,AMERICAS
16007,29650,Bind,Decider,fastmix,99Crooks,fastmix,4189,99Crooks,1895,8,4,2,5,0,0,fastmix,AMERICAS
16007,29651,Ascent,Decider,99Crooks,fastmix,fastmix,4189,99Crooks,1895,2,10,3,1,0,0,fastmix,AMERICAS
16008,29653,Ascent,Decider,NOX Esports,LDN UTD,NOX Esports,1626,LDN UTD,6460,2,10,3,1,0,0,LDN UTD,AMERICAS
16008,29654,Icebox,Decider,LDN UTD,NOX Esports,NOX Esports,1626,LDN UTD,6460,4,8,3,9,0,0,LDN UTD,AMERICAS
16010,29660,Bind,Decider,Rhyno Esports,headzots,Rhyno Esports,3879,headzots,3938,10,2,4,3,0,0,Rhyno Esports,AMERICAS
16010,29661,Ascent,Decider,Rhyno Esports,headzots,Rhyno Esports,3879,headzots,3938,7,5,3,6,0,0,Rhyno Esports,AMERICAS
16010,30338,Split,Decider,headzots,Rhyno Esports,Rhyno Esports,3879,headzots,3938,6,6,2,7,0,0,headzots,AMERICAS
16011,29662,Haven,Decider,EXCEL,volvo peek,EXCEL,3525,volvo peek,3303,5,7,6,3,0,0,volvo peek,AMERICAS
16011,29663,Bind,Decider,EXCEL,volvo peek,EXCEL,3525,volvo peek,3303,7,5,8,4,0,0,volvo peek,AMERICAS
16012,29665,Icebox,Decider,STAGA,Movistar Riders,STAGA,2340,Movistar Riders,2499,9,3,6,4,0,0,STAGA,AMERICAS
16012,29666,Split,Decider,Movistar Riders,STAGA,STAGA,2340,Movistar Riders,2499,8,4,8,4,4,2,Movistar Riders,AMERICAS
16012,29667,Haven,Decider,STAGA,Movistar Riders,STAGA,2340,Movistar Riders,2499,7,5,4,6,0,0,STAGA,AMERICAS
16014,29671,Bind,Decider,HOMELESS,Acid Gaming - Never Refraq,HOMELESS,3538,Acid Gaming - Never Refraq,3902,10,2,2,3,0,0,HOMELESS,AMERICAS
16014,29672,Ascent,Decider,Acid Gaming - Never Refraq,HOMELESS,HOMELESS,3538,Acid Gaming - Never Refraq,3902,2,10,3,4,0,0,HOMELESS,AMERICAS
16015,29674,Icebox,Decider,Stuverance Esport,Shanghai Emperors,Stuverance Esport,4180,Shanghai Emperors,1638,4,8,5,3,0,0,Shanghai Emperors,AMERICAS
16015,29675,Bind,Decider,Shanghai Emperors,Stuverance Esport,Stuverance Esport,4180,Shanghai Emperors,1638,6,6,5,7,0,0,Shanghai Emperors,AMERICAS
16017,30339,Ascent,Decider,csdeadgame,Ignite,csdeadgame,3935,Ignite,2670,7,5,8,3,0,0,Ignite,AMERICAS
16017,30340,Haven,Decider,Ignite,csdeadgame,csdeadgame,3935,Ignite,2670,7,5,3,6,0,0,Ignite,AMERICAS
16018,29683,Ascent,Decider,Atfinest,Giants Gaming,Atfinest,4106,Giants Gaming,2304,2,10,3,0,0,0,Giants Gaming,AMERICAS
16018,29684,Split,Decider,Giants Gaming,Atfinest,Atfinest,4106,Giants Gaming,2304,11,1,0,2,0,0,Giants Gaming,AMERICAS
16019,29686,Bind,Decider,Winfinity,BadTurtles Esport,BadTurtles Esport,2637,Winfinity,1250,10,2,2,3,0,0,Winfinity,AMERICAS
16019,29687,Ascent,Decider,Winfinity,BadTurtles Esport,BadTurtles Esport,2637,Winfinity,1250,4,8,2,9,0,0,Winfinity,AMERICAS
16020,29689,Ascent,Decider,Evolved Gaming,Finest,Evolved Gaming,4107,Finest,673,3,9,4,1,0,0,Finest,AMERICAS
16020,29690,Haven,Decider,Finest,Evolved Gaming,Evolved Gaming,4107,Finest,673,10,2,2,3,0,0,Finest,AMERICAS
16021,29692,Ascent,Decider,Tarren Mill,Elo and Muscle,Tarren Mill,1090,Elo and Muscle,3408,8,4,9,1,0,0,Elo and Muscle,AMERICAS
16021,29693,Split,Decider,Elo and Muscle,Tarren Mill,Tarren Mill,1090,Elo and Muscle,3408,4,8,5,2,0,0,Tarren Mill,AMERICAS
16021,29694,Icebox,Decider,Tarren Mill,Elo and Muscle,Tarren Mill,1090,Elo and Muscle,3408,5,7,2,8,0,0,Tarren Mill,AMERICAS
16022,29695,Bind,Decider,beneluxjes,NoEffort,beneluxjes,4109,NoEffort,2608,3,9,4,5,0,0,NoEffort,AMERICAS
16022,29696,Ascent,Decider,NoEffort,beneluxjes,beneluxjes,4109,NoEffort,2608,5,7,5,7,0,2,beneluxjes,AMERICAS
16022,29697,Haven,Decider,beneluxjes,NoEffort,beneluxjes,4109,NoEffort,2608,4,8,5,6,0,0,NoEffort,AMERICAS
16023,29698,Haven,Decider,DIVAN,Team Vitality,Team Vitality,2059,DIVAN,3400,4,8,5,2,0,0,Team Vitality,AMERICAS
16023,29699,Icebox,Decider,Team Vitality,DIVAN,Team Vitality,2059,DIVAN,3400,10,2,4,3,0,0,Team Vitality,AMERICAS
16024,29701,Bind,Decider,team xanax,Sprayz Gaming,team xanax,4111,Sprayz Gaming,1533,3,9,4,6,0,0,Sprayz Gaming,AMERICAS
16024,29702,Ascent,Decider,Sprayz Gaming,team xanax,team xanax,4111,Sprayz Gaming,1533,7,5,4,6,0,0,Sprayz Gaming,AMERICAS
16025,29704,Bind,Decider,PATATERA SQUAD,illmatic,illmatic,7965,PATATERA SQUAD,3709,11,1,3,2,0,0,PATATERA SQUAD,AMERICAS
16025,29705,Haven,Decider,illmatic,PATATERA SQUAD,illmatic,7965,PATATERA SQUAD,3709,4,8,5,5,0,0,PATATERA SQUAD,AMERICAS
16026,29707,Split,Decider,19esports,BREAK Gaming,19esports,6139,BREAK Gaming,3833,10,2,0,3,0,0,19esports,AMERICAS
16026,29708,Bind,Decider,BREAK Gaming,19esports,19esports,6139,BREAK Gaming,3833,3,9,4,3,0,0,19esports,AMERICAS
16028,29713,Split,Decider,Hyferion5 Esports,eMonkeyz Club,Hyferion5 Esports,3669,eMonkeyz Club,2687,2,10,3,2,0,0,eMonkeyz Club,AMERICAS
16028,29714,Haven,Decider,Hyferion5 Esports,eMonkeyz Club,Hyferion5 Esports,3669,eMonkeyz Club,2687,3,9,4,0,0,0,eMonkeyz Club,AMERICAS
16029,29716,Split,Decider,Bref,Hardcl1ck Esports,Bref,3910,Hardcl1ck Esports,4116,6,6,0,7,0,0,Bref,AMERICAS
16029,29717,Ascent,Decider,Hardcl1ck Esports,Bref,Bref,3910,Hardcl1ck Esports,4116,3,9,4,0,0,0,Bref,AMERICAS
16030,29719,Split,Decider,Giga Tacos,KLATWA,Giga Tacos,4117,KLATWA,3541,2,10,3,5,0,0,KLATWA,AMERICAS
16030,29720,Ascent,Decider,KLATWA,Giga Tacos,Giga Tacos,4117,KLATWA,3541,9,3,1,4,0,0,KLATWA,AMERICAS
16031,29722,Bind,Decider,OG,MANGO,OG,2965,MANGO,6998,12,0,2,1,0,0,OG,AMERICAS
16031,29723,Icebox,Decider,MANGO,OG,OG,2965,MANGO,6998,2,10,2,10,1,3,OG,AMERICAS
16032,29725,Bind,Decider,DeftFox,Baecon GG,Baecon GG,3391,DeftFox,2726,6,6,5,7,0,0,DeftFox,AMERICAS
16032,29726,Split,Decider,DeftFox,Baecon GG,Baecon GG,3391,DeftFox,2726,10,2,0,3,0,0,DeftFox,AMERICAS
16033,29728,Haven,Decider,Macko Esports,CE Calling,Macko Esports,3895,CE Calling,3604,7,5,7,5,1,3,CE Calling,AMERICAS
16033,29729,Ascent,Decider,CE Calling,Macko Esports,Macko Esports,3895,CE Calling,3604,6,6,7,5,0,0,Macko Esports,AMERICAS
16033,29730,Bind,Decider,Macko Esports,CE Calling,Macko Esports,3895,CE Calling,3604,4,8,5,1,0,0,CE Calling,AMERICAS
16034,29731,Ascent,Decider,Nice Gaming,Megastitut,Nice Gaming,4119,Megastitut,686,2,10,3,0,0,0,Megastitut,AMERICAS
16034,29732,Haven,Decider,Megastitut,Nice Gaming,Nice Gaming,4119,Megastitut,686,11,1,1,2,0,0,Megastitut,AMERICAS
16035,29734,Split,Decider,Vacuumers,Ballista,Vacuumers,3862,Ballista,2566,9,3,0,4,0,0,Vacuumers,AMERICAS
16035,29735,Haven,Decider,Vacuumers,Ballista,Vacuumers,3862,Ballista,2566,1,11,2,1,0,0,Ballista,AMERICAS
16035,29736,Bind,Decider,Vacuumers,Ballista,Vacuumers,3862,Ballista,2566,4,8,3,9,0,0,Vacuumers,AMERICAS
16036,29737,Bind,Decider,Helios Gaming,sas elle,Helios Gaming,1795,sas elle,3933,4,8,5,1,0,0,sas elle,AMERICAS
16036,29738,Ascent,Decider,sas elle,Helios Gaming,Helios Gaming,1795,sas elle,3933,10,2,4,3,0,0,sas elle,AMERICAS
16037,29740,Haven,Decider,Team Seirin,HEET,HEET,2408,Team Seirin,4257,8,4,1,5,0,0,Team Seirin,AMERICAS
16037,29742,Split,Decider,HEET,Team Seirin,HEET,2408,Team Seirin,4257,5,7,4,8,0,0,HEET,AMERICAS
16037,30337,Ascent,Decider,Team Seirin,HEET,HEET,2408,Team Seirin,4257,5,7,6,1,0,0,HEET,AMERICAS
16038,29743,Ascent,Decider,The Goose House,WLGaming Esports,The Goose House,3283,WLGaming Esports,4141,3,9,4,1,0,0,WLGaming Esports,AMERICAS
16038,29744,Split,Decider,WLGaming Esports,The Goose House,The Goose House,3283,WLGaming Esports,4141,8,4,6,5,0,0,WLGaming Esports,AMERICAS
16039,29746,Icebox,Decider,Patchwork,TauCeti,TauCeti,2663,Patchwork,2642,8,4,3,5,0,0,Patchwork,AMERICAS
16039,29747,Haven,Decider,Patchwork,TauCeti,TauCeti,2663,Patchwork,2642,6,6,5,7,0,0,Patchwork,AMERICAS
16040,29749,Bind,Decider,IVY,Rix.GG Thunder,IVY,3114,Rix.GG Thunder,2373,4,8,4,8,2,0,IVY,AMERICAS
16040,29750,Haven,Decider,Rix.GG Thunder,IVY,IVY,3114,Rix.GG Thunder,2373,6,6,3,7,0,0,Rix.GG Thunder,AMERICAS
16040,29751,Split,Decider,IVY,Rix.GG Thunder,IVY,3114,Rix.GG Thunder,2373,7,5,8,1,0,0,Rix.GG Thunder,AMERICAS
16041,29752,Ascent,Decider,Dame Time,Team Galaga,Dame Time,3819,Team Galaga,6195,3,9,4,0,0,0,Team Galaga,AMERICAS
16041,29753,Split,Decider,Team Galaga,Dame Time,Dame Time,3819,Team Galaga,6195,6,6,6,6,3,1,Team Galaga,AMERICAS
16043,29758,Icebox,Decider,John Howard,Lucky Boys,John Howard,1558,Lucky Boys,3728,1,11,2,2,0,0,Lucky Boys,AMERICAS
16043,29759,Haven,Decider,John Howard,Lucky Boys,John Howard,1558,Lucky Boys,3728,2,10,3,0,0,0,Lucky Boys,AMERICAS
16044,29761,Bind,Decider,Hogwarts,Lucent Esports,Hogwarts,3936,Lucent Esports,3923,6,6,2,7,0,0,Hogwarts,AMERICAS
16044,29762,Haven,Decider,Lucent Esports,Hogwarts,Hogwarts,3936,Lucent Esports,3923,0,12,1,0,0,0,Hogwarts,AMERICAS
16045,29764,Split,Decider,ET ELLER ANDET FEDT,Nexus Gaming,ET ELLER ANDET FEDT,4125,Nexus Gaming,3402,8,4,7,5,0,0,ET ELLER ANDET FEDT,AMERICAS
16045,29765,Ascent,Decider,Nexus Gaming,ET ELLER ANDET FEDT,ET ELLER ANDET FEDT,4125,Nexus Gaming,3402,2,10,3,8,0,0,ET ELLER ANDET FEDT,AMERICAS
16046,29767,Split,Decider,SUPRMODE Gaming,Cyberbullies,SUPRMODE Gaming,3115,Cyberbullies,4185,4,8,4,8,0,2,Cyberbullies,AMERICAS
16046,29768,Haven,Decider,Cyberbullies,SUPRMODE Gaming,SUPRMODE Gaming,3115,Cyberbullies,4185,4,8,5,0,0,0,SUPRMODE Gaming,AMERICAS
16046,29769,Ascent,Decider,SUPRMODE Gaming,Cyberbullies,SUPRMODE Gaming,3115,Cyberbullies,4185,6,6,4,7,0,0,SUPRMODE Gaming,AMERICAS
16047,29770,Bind,Decider,Illuminar Gaming,xD,Illuminar Gaming,3710,xD,2615,12,0,0,1,0,0,Illuminar Gaming,AMERICAS
16047,29771,Split,Decider,xD,Illuminar Gaming,Illuminar Gaming,3710,xD,2615,6,6,7,1,0,0,Illuminar Gaming,AMERICAS
16048,29773,Ascent,Decider,Racermans,Average Joes,Racermans,4186,Average Joes,3915,4,8,4,8,2,4,Average Joes,AMERICAS
16048,29774,Bind,Decider,Average Joes,Racermans,Racermans,4186,Average Joes,3915,4,8,5,1,0,0,Racermans,AMERICAS
16048,29775,Haven,Decider,Racermans,Average Joes,Racermans,4186,Average Joes,3915,4,8,5,1,0,0,Average Joes,AMERICAS
16050,29779,Ascent,Decider,onliner$,Honvéd Esport,onliner$,4130,Honvéd Esport,8172,2,10,3,0,0,0,Honvéd Esport,AMERICAS
16050,29780,Haven,Decider,Honvéd Esport,onliner$,onliner$,4130,Honvéd Esport,8172,10,2,4,3,0,0,Honvéd Esport,AMERICAS
16051,29782,Bind,Decider,Take A Nap,Ovation eSports,Take A Nap,2691,Ovation eSports,4173,4,8,5,5,0,0,Ovation eSports,AMERICAS
16051,29783,Ascent,Decider,Ovation eSports,Take A Nap,Take A Nap,2691,Ovation eSports,4173,10,2,1,3,0,0,Ovation eSports,AMERICAS
16052,29785,Haven,Decider,L'institut,F9 Hetic,F9 Hetic,4131,L'institut,61,8,4,8,4,3,1,L'institut,AMERICAS
16052,29786,Bind,Decider,L'institut,F9 Hetic,F9 Hetic,4131,L'institut,61,8,4,9,1,0,0,F9 Hetic,AMERICAS
16052,29787,Ascent,Decider,L'institut,F9 Hetic,F9 Hetic,4131,L'institut,61,8,4,9,2,0,0,F9 Hetic,AMERICAS
16053,29788,Ascent,Decider,Hajty,Digital Ninjas,Hajty,662,Digital Ninjas,1530,9,3,1,4,0,0,Hajty,AMERICAS
16053,29789,Split,Decider,Digital Ninjas,Hajty,Hajty,662,Digital Ninjas,1530,3,9,4,1,0,0,Hajty,AMERICAS
16054,29791,Ascent,Decider,vodkamix,SAW,vodkamix,4133,SAW,2755,2,10,3,4,0,0,SAW,AMERICAS
16054,29792,Haven,Decider,SAW,vodkamix,vodkamix,4133,SAW,2755,7,5,3,6,0,0,SAW,AMERICAS
16055,29794,Ascent,Decider,Iluro Gaming,PACT,PACT,4007,Iluro Gaming,4135,0,12,1,0,0,0,PACT,AMERICAS
16055,29795,Icebox,Decider,PACT,Iluro Gaming,PACT,4007,Iluro Gaming,4135,6,6,2,7,0,0,PACT,AMERICAS
16056,29797,Haven,Decider,CiNOZE,Wave Esports,CiNOZE,3858,Wave Esports,324,2,10,3,0,0,0,Wave Esports,AMERICAS
16056,29798,Bind,Decider,Wave Esports,CiNOZE,CiNOZE,3858,Wave Esports,324,11,1,0,2,0,0,Wave Esports,AMERICAS
16238,30193,Haven,Decider,4iHNK,Ninjas in Pyjamas,4iHNK,4195,Ninjas in Pyjamas,3,2,10,3,0,0,0,Ninjas in Pyjamas,AMERICAS
16238,30194,Split,Decider,Ninjas in Pyjamas,4iHNK,4iHNK,4195,Ninjas in Pyjamas,3,8,4,0,5,0,0,Ninjas in Pyjamas,AMERICAS
16240,30199,Split,Decider,BIG,HONK,BIG,472,HONK,2562,4,8,5,4,0,0,HONK,AMERICAS
16240,30200,Ascent,Decider,BIG,HONK,BIG,472,HONK,2562,8,4,7,5,0,0,BIG,AMERICAS
16240,30201,Bind,Decider,HONK,BIG,BIG,472,HONK,2562,7,5,4,6,0,0,HONK,AMERICAS
16241,30202,Icebox,Decider,ehehxd,Prinzen von Stuttgart,ehehxd,756,Prinzen von Stuttgart,4137,7,5,3,6,0,0,ehehxd,AMERICAS
16241,30203,Ascent,Decider,Prinzen von Stuttgart,ehehxd,ehehxd,756,Prinzen von Stuttgart,4137,9,3,3,4,0,0,Prinzen von Stuttgart,AMERICAS
16241,30204,Split,Decider,ehehxd,Prinzen von Stuttgart,ehehxd,756,Prinzen von Stuttgart,4137,6,6,6,6,0,2,Prinzen von Stuttgart,AMERICAS
16242,30205,Haven,Decider,Cream Real Betis,Entropiq,Cream Real Betis,1035,Entropiq,2819,4,8,5,1,0,0,Entropiq,AMERICAS
16242,30206,Bind,Decider,Entropiq,Cream Real Betis,Cream Real Betis,1035,Entropiq,2819,9,3,5,4,0,0,Entropiq,AMERICAS
16243,30208,Haven,Decider,1234,Team Liquid,1234,4197,Team Liquid,474,1,11,2,1,0,0,Team Liquid,AMERICAS
16243,30209,Bind,Decider,Team Liquid,1234,1234,4197,Team Liquid,474,12,0,3,1,0,0,Team Liquid,AMERICAS
16244,30211,Split,Decider,Alliance,Angry Titans,Alliance,2533,Angry Titans,3347,9,3,9,3,2,4,Angry Titans,AMERICAS
16244,30212,Ascent,Decider,Alliance,Angry Titans,Alliance,2533,Angry Titans,3347,8,4,3,5,0,0,Alliance,AMERICAS
16244,30213,Haven,Decider,Alliance,Angry Titans,Alliance,2533,Angry Titans,3347,6,6,0,7,0,0,Alliance,AMERICAS
16245,30214,Ascent,Decider,fastmix,LDN UTD,fastmix,4189,LDN UTD,6460,7,5,8,2,0,0,LDN UTD,AMERICAS
16245,30215,Icebox,Decider,LDN UTD,fastmix,fastmix,4189,LDN UTD,6460,2,10,3,0,0,0,fastmix,AMERICAS
16245,30216,Split,Decider,fastmix,LDN UTD,fastmix,4189,LDN UTD,6460,9,3,8,4,0,0,fastmix,AMERICAS
16246,30217,Bind,Decider,G2 Esports,Rhyno Esports,G2 Esports,257,Rhyno Esports,3879,10,2,0,3,0,0,G2 Esports,AMERICAS
16246,30218,Ascent,Decider,Rhyno Esports,G2 Esports,G2 Esports,257,Rhyno Esports,3879,4,8,5,0,0,0,G2 Esports,AMERICAS
16247,30220,Bind,Decider,STAGA,volvo peek,volvo peek,3303,STAGA,2340,3,9,4,5,0,0,volvo peek,AMERICAS
16247,30221,Haven,Decider,STAGA,volvo peek,volvo peek,3303,STAGA,2340,8,4,6,5,0,0,STAGA,AMERICAS
16247,30222,Icebox,Decider,STAGA,volvo peek,volvo peek,3303,STAGA,2340,8,4,7,5,0,0,STAGA,AMERICAS
16248,30223,Bind,Decider,Benchwarmers,HOMELESS,Benchwarmers,4198,HOMELESS,3538,10,2,5,3,0,0,Benchwarmers,AMERICAS
16248,30224,Ascent,Decider,HOMELESS,Benchwarmers,Benchwarmers,4198,HOMELESS,3538,9,3,1,4,0,0,HOMELESS,AMERICAS
16248,30225,Split,Decider,Benchwarmers,HOMELESS,Benchwarmers,4198,HOMELESS,3538,7,5,5,6,0,0,Benchwarmers,AMERICAS
16249,30226,Haven,Decider,Shanghai Emperors,Team Heretics,Shanghai Emperors,1638,Team Heretics,1001,2,10,3,0,0,0,Team Heretics,AMERICAS
16249,30227,Icebox,Decider,Team Heretics,Shanghai Emperors,Shanghai Emperors,1638,Team Heretics,1001,9,3,3,4,0,0,Team Heretics,AMERICAS
16250,30229,Ascent,Decider,Ignite,Giants Gaming,Ignite,2670,Giants Gaming,2304,3,9,4,2,0,0,Giants Gaming,AMERICAS
16250,30230,Bind,Decider,Giants Gaming,Ignite,Ignite,2670,Giants Gaming,2304,11,1,3,2,0,0,Giants Gaming,AMERICAS
16251,30232,Bind,Decider,Winfinity,Finest,Winfinity,1250,Finest,673,8,4,8,4,2,0,Winfinity,AMERICAS
16251,30233,Haven,Decider,Finest,Winfinity,Winfinity,1250,Finest,673,8,4,0,5,0,0,Finest,AMERICAS
16251,30234,Ascent,Decider,Winfinity,Finest,Winfinity,1250,Finest,673,2,10,3,3,0,0,Finest,AMERICAS
16252,30235,Haven,Decider,Tarren Mill,NoEffort,Tarren Mill,1090,NoEffort,2608,10,2,5,3,0,0,Tarren Mill,AMERICAS
16252,30236,Split,Decider,NoEffort,Tarren Mill,Tarren Mill,1090,NoEffort,2608,0,12,1,0,0,0,Tarren Mill,AMERICAS
16253,30238,Split,Decider,Team Vitality,Sprayz Gaming,Team Vitality,2059,Sprayz Gaming,1533,9,3,0,4,0,0,Team Vitality,AMERICAS
16253,30239,Icebox,Decider,Team Vitality,Sprayz Gaming,Team Vitality,2059,Sprayz Gaming,1533,11,1,1,2,0,0,Team Vitality,AMERICAS
16254,30241,Haven,Decider,PATATERA SQUAD,19esports,PATATERA SQUAD,3709,19esports,6139,1,11,2,5,0,0,19esports,AMERICAS
16254,30242,Bind,Decider,19esports,PATATERA SQUAD,PATATERA SQUAD,3709,19esports,6139,12,0,0,1,0,0,19esports,AMERICAS
16255,30244,Ascent,Decider,Opportunists,eMonkeyz Club,Opportunists,439,eMonkeyz Club,2687,10,2,4,3,0,0,Opportunists,AMERICAS
16255,30245,Split,Decider,eMonkeyz Club,Opportunists,Opportunists,439,eMonkeyz Club,2687,4,8,5,0,0,0,Opportunists,AMERICAS
16256,30247,Split,Decider,Bref,KLATWA,Bref,3910,KLATWA,3541,6,6,6,6,0,2,KLATWA,AMERICAS
16256,30248,Ascent,Decider,KLATWA,Bref,Bref,3910,KLATWA,3541,7,5,6,6,0,0,KLATWA,AMERICAS
16257,30250,Split,Decider,OG,DeftFox,OG,2965,DeftFox,2726,7,5,8,3,0,0,DeftFox,AMERICAS
16257,30251,Ascent,Decider,DeftFox,OG,OG,2965,DeftFox,2726,4,8,5,7,0,0,OG,AMERICAS
16257,30252,Bind,Decider,OG,DeftFox,OG,2965,DeftFox,2726,5,7,6,3,0,0,DeftFox,AMERICAS
16258,30253,Bind,Decider,CE Calling,Megastitut,CE Calling,3604,Megastitut,686,4,8,5,3,0,0,Megastitut,AMERICAS
16258,30254,Haven,Decider,Megastitut,CE Calling,CE Calling,3604,Megastitut,686,4,8,5,0,0,0,CE Calling,AMERICAS
16258,30255,Ascent,Decider,CE Calling,Megastitut,CE Calling,3604,Megastitut,686,7,5,2,6,0,0,CE Calling,AMERICAS
16259,30256,Bind,Decider,Vacuumers,sas elle,Vacuumers,3862,sas elle,3933,6,6,6,6,2,0,Vacuumers,AMERICAS
16259,30257,Split,Decider,sas elle,Vacuumers,Vacuumers,3862,sas elle,3933,9,3,9,3,4,2,sas elle,AMERICAS
16259,30258,Ascent,Decider,Vacuumers,sas elle,Vacuumers,3862,sas elle,3933,6,6,6,6,0,2,sas elle,AMERICAS
16260,30259,Split,Decider,HEET,WLGaming Esports,HEET,2408,WLGaming Esports,4141,6,6,7,5,0,0,WLGaming Esports,AMERICAS
16260,30260,Ascent,Decider,WLGaming Esports,HEET,HEET,2408,WLGaming Esports,4141,4,8,4,8,2,4,HEET,AMERICAS
16260,30261,Bind,Decider,WLGaming Esports,HEET,HEET,2408,WLGaming Esports,4141,3,9,4,1,0,0,HEET,AMERICAS
16261,30262,Bind,Decider,Patchwork,Rix.GG Thunder,Patchwork,2642,Rix.GG Thunder,2373,5,7,6,6,0,0,Rix.GG Thunder,AMERICAS
16261,30263,Haven,Decider,Rix.GG Thunder,Patchwork,Patchwork,2642,Rix.GG Thunder,2373,5,7,6,4,0,0,Patchwork,AMERICAS
16261,30264,Ascent,Decider,Patchwork,Rix.GG Thunder,Patchwork,2642,Rix.GG Thunder,2373,9,3,10,2,0,0,Rix.GG Thunder,AMERICAS
16262,30265,Haven,Decider,Acend,Team Galaga,Team Galaga,6195,Acend,3531,9,3,1,4,0,0,Acend,AMERICAS
16262,30266,Ascent,Decider,Team Galaga,Acend,Team Galaga,6195,Acend,3531,1,11,2,0,0,0,Acend,AMERICAS
16263,30268,Icebox,Decider,Hogwarts,Lucky Boys,Lucky Boys,3728,Hogwarts,3936,3,9,4,5,0,0,Lucky Boys,AMERICAS
16263,30269,Split,Decider,Hogwarts,Lucky Boys,Lucky Boys,3728,Hogwarts,3936,5,7,5,7,5,3,Hogwarts,AMERICAS
16263,30270,Haven,Decider,Lucky Boys,Hogwarts,Lucky Boys,3728,Hogwarts,3936,5,7,5,7,2,0,Lucky Boys,AMERICAS
16264,30271,Ascent,Decider,ET ELLER ANDET FEDT,ESTONOESUNJUEGOVALE,ET ELLER ANDET FEDT,4125,ESTONOESUNJUEGOVALE,2312,4,8,5,4,0,0,ESTONOESUNJUEGOVALE,AMERICAS
16264,30272,Split,Decider,ESTONOESUNJUEGOVALE,ET ELLER ANDET FEDT,ET ELLER ANDET FEDT,4125,ESTONOESUNJUEGOVALE,2312,4,8,5,0,0,0,ET ELLER ANDET FEDT,AMERICAS
16264,30273,Icebox,Decider,ET ELLER ANDET FEDT,ESTONOESUNJUEGOVALE,ET ELLER ANDET FEDT,4125,ESTONOESUNJUEGOVALE,2312,11,1,0,2,0,0,ET ELLER ANDET FEDT,AMERICAS
16265,30274,Icebox,Decider,Illuminar Gaming,Average Joes,Illuminar Gaming,3710,Average Joes,3915,9,3,0,4,0,0,Illuminar Gaming,AMERICAS
16265,30275,Ascent,Decider,Average Joes,Illuminar Gaming,Illuminar Gaming,3710,Average Joes,3915,8,4,5,5,0,0,Average Joes,AMERICAS
16265,30276,Bind,Decider,Illuminar Gaming,Average Joes,Illuminar Gaming,3710,Average Joes,3915,9,3,3,4,0,0,Illuminar Gaming,AMERICAS
16266,30277,Ascent,Decider,FNATIC,Honvéd Esport,FNATIC,2593,Honvéd Esport,8172,10,2,3,3,0,0,FNATIC,AMERICAS
16266,30278,Bind,Decider,Honvéd Esport,FNATIC,FNATIC,2593,Honvéd Esport,8172,1,11,2,0,0,0,FNATIC,AMERICAS
16267,30280,Bind,Decider,Ovation eSports,F9 Hetic,Ovation eSports,4173,F9 Hetic,4131,8,4,3,5,0,0,Ovation eSports,AMERICAS
16267,30281,Ascent,Decider,Ovation eSports,F9 Hetic,Ovation eSports,4173,F9 Hetic,4131,9,3,4,4,0,0,Ovation eSports,AMERICAS
16268,30283,Ascent,Decider,Hajty,SAW,Hajty,662,SAW,2755,5,7,3,8,0,0,Hajty,AMERICAS
16268,30284,Split,Decider,SAW,Hajty,Hajty,662,SAW,2755,6,6,2,7,0,0,SAW,AMERICAS
16268,30373,Haven,Decider,Hajty,SAW,Hajty,662,SAW,2755,3,9,4,2,0,0,SAW,AMERICAS
16269,30286,Bind,Decider,PACT,Wave Esports,PACT,4007,Wave Esports,324,10,2,9,3,0,0,PACT,AMERICAS
16269,30287,Icebox,Decider,Wave Esports,PACT,PACT,4007,Wave Esports,324,7,5,8,4,0,0,PACT,AMERICAS
16272,30295,Haven,Team Liquid,Entropiq,Team Liquid,Entropiq,2819,Team Liquid,474,2,10,3,2,0,0,Team Liquid,AMERICAS
16272,30296,Ascent,Entropiq,Team Liquid,Entropiq,Entropiq,2819,Team Liquid,474,10,2,2,3,0,0,Team Liquid,AMERICAS
16278,30313,Split,Opportunists,19esports,Opportunists,19esports,6139,Opportunists,439,4,8,5,7,0,0,Opportunists,AMERICAS
16278,30314,Bind,19esports,Opportunists,19esports,19esports,6139,Opportunists,439,4,8,2,9,0,0,Opportunists,AMERICAS
16270,30289,Haven,Team Sampi,Ninjas in Pyjamas,Team Sampi,Ninjas in Pyjamas,3,Team Sampi,1234,11,1,4,2,0,0,Ninjas in Pyjamas,AMERICAS
16270,30290,Split,Ninjas in Pyjamas,Team Sampi,Ninjas in Pyjamas,Ninjas in Pyjamas,3,Team Sampi,1234,5,7,6,6,0,0,Ninjas in Pyjamas,AMERICAS
16277,30310,Split,Team Vitality,Tarren Mill,Team Vitality,Tarren Mill,1090,Team Vitality,2059,8,4,9,1,0,0,Team Vitality,AMERICAS
16277,30311,Haven,Tarren Mill,Tarren Mill,Team Vitality,Tarren Mill,1090,Team Vitality,2059,5,7,6,4,0,0,Team Vitality,AMERICAS
16284,30331,Bind,Ovation eSports,Ovation eSports,FNATIC,FNATIC,2593,Ovation eSports,4173,6,6,7,0,0,0,FNATIC,AMERICAS
16284,30332,Icebox,FNATIC,Ovation eSports,FNATIC,FNATIC,2593,Ovation eSports,4173,3,9,4,1,0,0,FNATIC,AMERICAS
16276,30307,Haven,Finest,Giants Gaming,Finest,Giants Gaming,2304,Finest,673,7,5,7,5,2,0,Giants Gaming,AMERICAS
16276,30308,Ascent,Giants Gaming,Finest,Giants Gaming,Giants Gaming,2304,Finest,673,5,7,6,6,0,0,Giants Gaming,AMERICAS
16275,30304,Haven,Team Heretics,Benchwarmers,Team Heretics,Benchwarmers,4198,Team Heretics,1001,10,2,11,0,0,0,Team Heretics,AMERICAS
16275,30305,Split,Benchwarmers,Team Heretics,Benchwarmers,Benchwarmers,4198,Team Heretics,1001,9,3,1,4,0,0,Team Heretics,AMERICAS
16274,30301,Split,STAGA,G2 Esports,STAGA,G2 Esports,257,STAGA,2340,11,1,0,2,0,0,G2 Esports,AMERICAS
16274,30302,Bind,G2 Esports,STAGA,G2 Esports,G2 Esports,257,STAGA,2340,7,5,6,6,0,0,STAGA,AMERICAS
16274,30303,Icebox,Decider,G2 Esports,STAGA,G2 Esports,257,STAGA,2340,6,6,3,7,0,0,G2 Esports,AMERICAS
16283,30328,Split,Illuminar Gaming,ET ELLER ANDET FEDT,Illuminar Gaming,ET ELLER ANDET FEDT,4125,Illuminar Gaming,3710,5,7,6,1,0,0,Illuminar Gaming,AMERICAS
16283,30329,Ascent,ET ELLER ANDET FEDT,Illuminar Gaming,ET ELLER ANDET FEDT,ET ELLER ANDET FEDT,4125,Illuminar Gaming,3710,9,3,1,4,0,0,Illuminar Gaming,AMERICAS
16285,30334,Ascent,PACT,SAW,PACT,SAW,2755,PACT,4007,7,5,3,6,0,0,SAW,AMERICAS
16285,30335,Split,SAW,PACT,SAW,SAW,2755,PACT,4007,8,4,3,5,0,0,PACT,AMERICAS
16285,30336,Bind,Decider,SAW,PACT,SAW,2755,PACT,4007,6,6,1,7,0,0,SAW,AMERICAS
16271,30292,Ascent,Prinzen von Stuttgart,Prinzen von Stuttgart,HONK,HONK,2562,Prinzen von Stuttgart,4137,4,8,5,0,0,0,HONK,AMERICAS
16271,30293,Split,HONK,Prinzen von Stuttgart,HONK,HONK,2562,Prinzen von Stuttgart,4137,3,9,4,1,0,0,HONK,AMERICAS
16280,30319,Icebox,sas elle,sas elle,CE Calling,CE Calling,3604,sas elle,3933,6,6,7,1,0,0,CE Calling,AMERICAS
16280,30320,Bind,CE Calling,sas elle,CE Calling,CE Calling,3604,sas elle,3933,7,5,7,5,2,4,CE Calling,AMERICAS
16281,30322,Bind,Rix.GG Thunder,Rix.GG Thunder,HEET,HEET,2408,Rix.GG Thunder,2373,4,8,5,6,0,0,HEET,AMERICAS
16281,30323,Ascent,HEET,Rix.GG Thunder,HEET,HEET,2408,Rix.GG Thunder,2373,6,6,7,1,0,0,HEET,AMERICAS
16282,30325,Bind,Lucky Boys,Lucky Boys,Acend,Acend,3531,Lucky Boys,3728,5,7,6,6,0,0,Acend,AMERICAS
16282,30326,Haven,Acend,Lucky Boys,Acend,Acend,3531,Lucky Boys,3728,1,11,2,4,0,0,Acend,AMERICAS
16273,30298,Haven,fastmix,Alliance,fastmix,Alliance,2533,fastmix,4189,10,2,1,3,0,0,Alliance,AMERICAS
16273,30299,Ascent,Alliance,fastmix,Alliance,Alliance,2533,fastmix,4189,1,11,2,2,0,0,Alliance,AMERICAS
16279,30316,Bind,DeftFox,KLATWA,DeftFox,KLATWA,3541,DeftFox,2726,8,4,8,4,2,0,KLATWA,AMERICAS
16279,30317,Icebox,KLATWA,DeftFox,KLATWA,KLATWA,3541,DeftFox,2726,9,3,1,4,0,0,DeftFox,AMERICAS
16279,30318,Ascent,Decider,KLATWA,DeftFox,KLATWA,3541,DeftFox,2726,12,0,6,1,0,0,KLATWA,AMERICAS
16326,30410,Split,HONK,HONK,Ninjas in Pyjamas,Ninjas in Pyjamas,3,HONK,2562,3,9,4,7,0,0,Ninjas in Pyjamas,AMERICAS
16326,30411,Haven,Ninjas in Pyjamas,Ninjas in Pyjamas,HONK,Ninjas in Pyjamas,3,HONK,2562,6,6,2,7,0,0,Ninjas in Pyjamas,AMERICAS
16327,30413,Ascent,Alliance,Team Liquid,Alliance,Team Liquid,474,Alliance,2533,6,6,3,7,0,0,Team Liquid,AMERICAS
16327,30414,Haven,Team Liquid,Alliance,Team Liquid,Team Liquid,474,Alliance,2533,4,8,5,7,0,0,Team Liquid,AMERICAS
16328,30416,Split,Team Heretics,G2 Esports,Team Heretics,G2 Esports,257,Team Heretics,1001,8,4,5,5,0,0,G2 Esports,AMERICAS
16328,30417,Icebox,G2 Esports,Team Heretics,G2 Esports,G2 Esports,257,Team Heretics,1001,4,8,5,7,0,0,G2 Esports,AMERICAS
16329,30419,Split,Decider,Giants Gaming,Team Vitality,Giants Gaming,2304,Team Vitality,2059,3,9,4,0,0,0,Team Vitality,AMERICAS
16329,30420,Ascent,Giants Gaming,Giants Gaming,Team Vitality,Giants Gaming,2304,Team Vitality,2059,6,6,7,3,0,0,Team Vitality,AMERICAS
16330,30422,Bind,KLATWA,Opportunists,KLATWA,Opportunists,439,KLATWA,3541,6,6,1,7,0,0,Opportunists,AMERICAS
16330,30423,Split,Opportunists,KLATWA,Opportunists,Opportunists,439,KLATWA,3541,4,8,2,9,0,0,KLATWA,AMERICAS
16330,30424,Ascent,Decider,Opportunists,KLATWA,Opportunists,439,KLATWA,3541,9,3,7,4,0,0,Opportunists,AMERICAS
16331,30425,Icebox,HEET,CE Calling,HEET,CE Calling,3604,HEET,2408,2,10,3,2,0,0,HEET,AMERICAS
16331,30426,Ascent,CE Calling,CE Calling,HEET,CE Calling,3604,HEET,2408,9,3,4,4,0,0,CE Calling,AMERICAS
16331,30427,Bind,Decider,CE Calling,HEET,CE Calling,3604,HEET,2408,2,10,0,11,0,0,CE Calling,AMERICAS
16332,30428,Ascent,Decider,Illuminar Gaming,Acend,Acend,3531,Illuminar Gaming,3710,9,3,1,4,0,0,Illuminar Gaming,AMERICAS
16332,30429,Icebox,Acend,Acend,Illuminar Gaming,Acend,3531,Illuminar Gaming,3710,10,2,0,3,0,0,Acend,AMERICAS
16332,30430,Bind,Decider,Acend,Illuminar Gaming,Acend,3531,Illuminar Gaming,3710,8,4,5,5,0,0,Acend,AMERICAS
16333,30431,Ascent,SAW,FNATIC,SAW,FNATIC,2593,SAW,2755,7,5,3,6,0,0,FNATIC,AMERICAS
16333,30432,Bind,FNATIC,SAW,FNATIC,FNATIC,2593,SAW,2755,4,8,5,6,0,0,FNATIC,AMERICAS
16335,30437,Icebox,Team Vitality,G2 Esports,Team Vitality,G2 Esports,257,Team Vitality,2059,2,10,3,9,0,0,Team Vitality,AMERICAS
16335,30438,Ascent,G2 Esports,Team Vitality,G2 Esports,G2 Esports,257,Team Vitality,2059,7,5,7,5,0,2,G2 Esports,AMERICAS
16335,30439,Split,Decider,G2 Esports,Team Vitality,G2 Esports,257,Team Vitality,2059,9,3,5,4,0,0,G2 Esports,AMERICAS
16334,30434,Haven,Team Liquid,Ninjas in Pyjamas,Team Liquid,Ninjas in Pyjamas,3,Team Liquid,474,5,7,2,8,0,0,Ninjas in Pyjamas,AMERICAS
16334,30435,Bind,Ninjas in Pyjamas,Team Liquid,Ninjas in Pyjamas,Ninjas in Pyjamas,3,Team Liquid,474,11,1,2,2,0,0,Team Liquid,AMERICAS
16334,30436,Split,Decider,Team Liquid,Ninjas in Pyjamas,Ninjas in Pyjamas,3,Team Liquid,474,9,3,2,4,0,0,Team Liquid,AMERICAS
16336,30440,Haven,CE Calling,Opportunists,CE Calling,Opportunists,439,CE Calling,3604,11,1,5,2,0,0,Opportunists,AMERICAS
16336,30441,Bind,Opportunists,CE Calling,Opportunists,Opportunists,439,CE Calling,3604,2,10,3,4,0,0,Opportunists,AMERICAS
16337,30443,Bind,FNATIC,Acend,FNATIC,Acend,3531,FNATIC,2593,4,8,4,8,0,2,FNATIC,AMERICAS
16337,30444,Split,Acend,FNATIC,Acend,Acend,3531,FNATIC,2593,4,8,5,4,0,0,Acend,AMERICAS
16337,30445,Icebox,Decider,FNATIC,Acend,Acend,3531,FNATIC,2593,1,11,2,0,0,0,Acend,AMERICAS
16477,30600,Icebox,Team Vitality,Team Vitality,Acend,Acend,3531,Team Vitality,2059,7,5,7,5,2,0,Team Vitality,AMERICAS
16477,30601,Haven,Acend,Acend,Team Vitality,Acend,3531,Team Vitality,2059,3,9,3,9,0,2,Team Vitality,AMERICAS
16478,30603,Bind,FNATIC,G2 Esports,FNATIC,G2 Esports,257,FNATIC,2593,5,7,6,0,0,0,FNATIC,AMERICAS
16478,30604,Ascent,G2 Esports,FNATIC,G2 Esports,G2 Esports,257,FNATIC,2593,6,6,5,7,0,0,FNATIC,AMERICAS
16480,30609,Bind,CE Calling,Team Liquid,CE Calling,Team Liquid,474,CE Calling,3604,11,1,0,2,0,0,Team Liquid,AMERICAS
16480,30610,Ascent,Team Liquid,CE Calling,Team Liquid,Team Liquid,474,CE Calling,3604,6,6,7,2,0,0,Team Liquid,AMERICAS
16479,30607,Split,Team BDS,Ninjas in Pyjamas,Team BDS,Team BDS,3908,Ninjas in Pyjamas,3,3,9,4,1,0,0,Team BDS,AMERICAS
16479,30608,Bind,Decider,Team BDS,Ninjas in Pyjamas,Team BDS,3908,Ninjas in Pyjamas,3,9,3,3,4,0,0,Team BDS,AMERICAS
16479,31156,Haven,Ninjas in Pyjamas,Team BDS,Ninjas in Pyjamas,Team BDS,3908,Ninjas in Pyjamas,3,0,0,0,0,0,0,Draw,AMERICAS
16481,30612,Haven,FNATIC,FNATIC,Team Vitality,Team Vitality,2059,FNATIC,2593,5,7,2,8,0,0,FNATIC,AMERICAS
16481,30613,Icebox,Team Vitality,Team Vitality,FNATIC,Team Vitality,2059,FNATIC,2593,5,7,6,5,0,0,FNATIC,AMERICAS
16482,30615,Haven,Team Liquid,Team BDS,Team Liquid,Team BDS,3908,Team Liquid,474,7,5,6,6,0,0,Team BDS,AMERICAS
16482,30616,Bind,Team BDS,Team Liquid,Team BDS,Team BDS,3908,Team Liquid,474,5,7,5,7,3,1,Team Liquid,AMERICAS
16482,30617,Ascent,Decider,Team BDS,Team Liquid,Team BDS,3908,Team Liquid,474,2,10,3,4,0,0,Team Liquid,AMERICAS
16483,30618,Icebox,FNATIC,FNATIC,Team Liquid,FNATIC,2593,Team Liquid,474,5,7,3,8,0,0,FNATIC,AMERICAS
16483,30619,Ascent,Team Liquid,FNATIC,Team Liquid,FNATIC,2593,Team Liquid,474,7,5,8,3,0,0,Team Liquid,AMERICAS
16483,30620,Bind,FNATIC,Team Liquid,FNATIC,FNATIC,2593,Team Liquid,474,4,8,5,2,0,0,FNATIC,AMERICAS
16483,30621,Split,Team Liquid,FNATIC,Team Liquid,FNATIC,2593,Team Liquid,474,8,4,0,5,0,0,FNATIC,AMERICAS
16118,29955,Bind,Decider,Arbalest,westSide,Arbalest,2026,westSide,3470,6,6,6,6,2,0,Arbalest,AMERICAS
16118,29956,Ascent,Decider,westSide,Arbalest,Arbalest,2026,westSide,3470,10,2,2,3,0,0,westSide,AMERICAS
16118,30370,Haven,Decider,Arbalest,westSide,Arbalest,2026,westSide,3470,2,10,2,10,0,2,westSide,AMERICAS
16119,29958,Ascent,Decider,WeMade FOX,WeMakeTheFuture,WeMade FOX,4217,WeMakeTheFuture,4218,8,4,5,5,0,0,WeMade FOX,AMERICAS
16119,29959,Split,Decider,WeMakeTheFuture,WeMade FOX,WeMade FOX,4217,WeMakeTheFuture,4218,5,7,3,8,0,0,WeMakeTheFuture,AMERICAS
16119,29960,Bind,Decider,WeMade FOX,WeMakeTheFuture,WeMade FOX,4217,WeMakeTheFuture,4218,7,5,1,6,0,0,WeMade FOX,AMERICAS
16120,29961,Icebox,Decider,Unity Esports,E-Natolian Spor Club,Unity Esports,3259,E-Natolian Spor Club,4219,9,3,2,4,0,0,Unity Esports,AMERICAS
16120,29962,Bind,Decider,Unity Esports,E-Natolian Spor Club,Unity Esports,3259,E-Natolian Spor Club,4219,9,3,0,4,0,0,Unity Esports,AMERICAS
16122,29967,Haven,Decider,bestrandom5,Kafalar eSports,bestrandom5,4221,Kafalar eSports,3261,5,7,6,6,0,0,Kafalar eSports,AMERICAS
16122,29968,Ascent,Decider,Kafalar eSports,bestrandom5,bestrandom5,4221,Kafalar eSports,3261,11,1,0,2,0,0,Kafalar eSports,AMERICAS
16123,29970,Split,Decider,Risus Force,Overwatch,Risus Force,4222,Overwatch,3260,10,2,0,3,0,0,Risus Force,AMERICAS
16123,29971,Icebox,Decider,Risus Force,Overwatch,Risus Force,4222,Overwatch,3260,6,6,7,2,0,0,Overwatch,AMERICAS
16123,29972,Bind,Decider,Risus Force,Overwatch,Risus Force,4222,Overwatch,3260,7,5,8,0,0,0,Overwatch,AMERICAS
16124,29973,Ascent,Decider,Orgless5,Team QuestionMark,Orgless5,3474,Team QuestionMark,3958,7,5,6,6,0,0,Orgless5,AMERICAS
16124,29974,Bind,Decider,Team QuestionMark,Orgless5,Orgless5,3474,Team QuestionMark,3958,7,5,7,5,1,3,Orgless5,AMERICAS
16125,29976,Ascent,Decider,Sun Rise,RAGING FIRE ESPORTS,Sun Rise,4223,RAGING FIRE ESPORTS,4224,3,9,4,3,0,0,RAGING FIRE ESPORTS,AMERICAS
16125,29977,Haven,Decider,RAGING FIRE ESPORTS,Sun Rise,Sun Rise,4223,RAGING FIRE ESPORTS,4224,5,7,3,8,0,0,RAGING FIRE ESPORTS,AMERICAS
16126,29979,Bind,Decider,FOXN TEAM,Judge to World,FOXN TEAM,3989,Judge to World,4225,9,3,0,4,0,0,FOXN TEAM,AMERICAS
16126,29980,Ascent,Decider,Judge to World,FOXN TEAM,FOXN TEAM,3989,Judge to World,4225,7,5,8,1,0,0,FOXN TEAM,AMERICAS
16127,29982,Haven,Decider,ARMUTLAR,ŞAKLABANLAR,ARMUTLAR,4226,ŞAKLABANLAR,3976,6,6,2,7,0,0,ARMUTLAR,AMERICAS
16127,29983,Ascent,Decider,ŞAKLABANLAR,ARMUTLAR,ARMUTLAR,4226,ŞAKLABANLAR,3976,6,6,7,3,0,0,ARMUTLAR,AMERICAS
16128,29985,Haven,Decider,High Pressure,Fenerbahçe Esports,High Pressure,4227,Fenerbahçe Esports,5310,2,10,3,8,0,0,Fenerbahçe Esports,AMERICAS
16128,29986,Ascent,Decider,Fenerbahçe Esports,High Pressure,High Pressure,4227,Fenerbahçe Esports,5310,3,9,3,9,2,0,Fenerbahçe Esports,AMERICAS
16129,29988,Ascent,Decider,Talamus Team Blue E-Sport,MASSIVESTROKE E-SPORTS,Talamus Team Blue E-Sport,4228,MASSIVESTROKE E-SPORTS,3991,5,7,6,3,0,0,MASSIVESTROKE E-SPORTS,AMERICAS
16129,29989,Haven,Decider,MASSIVESTROKE E-SPORTS,Talamus Team Blue E-Sport,Talamus Team Blue E-Sport,4228,MASSIVESTROKE E-SPORTS,3991,3,9,4,4,0,0,Talamus Team Blue E-Sport,AMERICAS
16129,29990,Bind,Decider,Talamus Team Blue E-Sport,MASSIVESTROKE E-SPORTS,Talamus Team Blue E-Sport,4228,MASSIVESTROKE E-SPORTS,3991,6,6,4,7,0,0,Talamus Team Blue E-Sport,AMERICAS
16130,29991,Split,Decider,Victorious Beast,ICE Ivory,ICE Ivory,4229,Victorious Beast,4230,6,6,7,5,0,0,ICE Ivory,AMERICAS
16130,29992,Haven,Decider,Victorious Beast,ICE Ivory,ICE Ivory,4229,Victorious Beast,4230,6,6,1,7,0,0,Victorious Beast,AMERICAS
16130,29993,Ascent,Decider,Victorious Beast,ICE Ivory,ICE Ivory,4229,Victorious Beast,4230,8,4,9,2,0,0,ICE Ivory,AMERICAS
16131,29994,Split,Decider,Anatolia Esports,Zero Zone,Anatolia Esports,935,Zero Zone,1675,8,4,0,5,0,0,Anatolia Esports,AMERICAS
16131,29995,Bind,Decider,Zero Zone,Anatolia Esports,Anatolia Esports,935,Zero Zone,1675,6,6,7,4,0,0,Anatolia Esports,AMERICAS
16132,29997,Ascent,Decider,randomfiVe,İstanbul Wildcats,randomfiVe,3469,İstanbul Wildcats,6132,4,8,5,4,0,0,İstanbul Wildcats,AMERICAS
16132,29998,Bind,Decider,İstanbul Wildcats,randomfiVe,randomfiVe,3469,İstanbul Wildcats,6132,7,5,1,6,0,0,İstanbul Wildcats,AMERICAS
16134,30003,Ascent,Decider,RARE Esports,ERZINCANGAMINGxD,RARE Esports,1913,ERZINCANGAMINGxD,4231,10,2,4,3,0,0,RARE Esports,AMERICAS
16134,30004,Split,Decider,ERZINCANGAMINGxD,RARE Esports,RARE Esports,1913,ERZINCANGAMINGxD,4231,3,9,4,3,0,0,RARE Esports,AMERICAS
16135,30006,Ascent,Decider,XFlow Esports,EaglePAW,EaglePAW,4232,XFlow Esports,3268,7,5,2,6,0,0,XFlow Esports,AMERICAS
16135,30007,Bind,Decider,XFlow Esports,EaglePAW,EaglePAW,4232,XFlow Esports,3268,6,6,6,6,3,1,XFlow Esports,AMERICAS
16136,30009,Ascent,Decider,Maskeli Be$ler,Kral ve Büyücüleri,Maskeli Be$ler,4233,Kral ve Büyücüleri,4234,7,5,7,5,4,2,Maskeli Be$ler,AMERICAS
16136,30010,Icebox,Decider,Kral ve Büyücüleri,Maskeli Be$ler,Maskeli Be$ler,4233,Kral ve Büyücüleri,4234,3,9,4,0,0,0,Maskeli Be$ler,AMERICAS
16137,30012,Haven,Decider,MORE Esports,Team suiG,MORE Esports,3725,Team suiG,4235,10,2,2,3,0,0,MORE Esports,AMERICAS
16137,30013,Bind,Decider,MORE Esports,Team suiG,MORE Esports,3725,Team suiG,4235,9,3,1,4,0,0,MORE Esports,AMERICAS
16138,30015,Icebox,Decider,OLD Puggers,5 Fire,OLD Puggers,4236,5 Fire,4237,7,5,2,6,0,0,OLD Puggers,AMERICAS
16138,30016,Haven,Decider,5 Fire,OLD Puggers,OLD Puggers,4236,5 Fire,4237,8,4,6,5,0,0,5 Fire,AMERICAS
16138,48176,Ascent,Decider,,,OLD Puggers,4236,5 Fire,4237,0,0,0,0,0,0,Draw,AMERICAS
16139,30018,Haven,Decider,OtherSide,Only Biladerler,OtherSide,1453,Only Biladerler,4238,9,3,1,4,0,0,OtherSide,AMERICAS
16139,30019,Bind,Decider,Only Biladerler,OtherSide,OtherSide,1453,Only Biladerler,4238,6,6,7,2,0,0,OtherSide,AMERICAS
16140,30021,Split,Decider,Rel Por Gaming,Sangal Esports,Rel Por Gaming,3978,Sangal Esports,1237,5,7,6,3,0,0,Sangal Esports,AMERICAS
16140,30022,Bind,Decider,Sangal Esports,Rel Por Gaming,Rel Por Gaming,3978,Sangal Esports,1237,11,1,1,2,0,0,Sangal Esports,AMERICAS
16141,30024,Ascent,Decider,Beşiktaş Esports,BursaEspor,Beşiktaş Esports,2036,BursaEspor,4239,9,3,5,4,0,0,Beşiktaş Esports,AMERICAS
16141,30025,Bind,Decider,BursaEspor,Beşiktaş Esports,Beşiktaş Esports,2036,BursaEspor,4239,4,8,5,0,0,0,Beşiktaş Esports,AMERICAS
16142,30027,Bind,Decider,FAWES,Mental Zero,FAWES,3467,Mental Zero,4240,10,2,0,3,0,0,FAWES,AMERICAS
16142,30028,Ascent,Decider,Mental Zero,FAWES,FAWES,3467,Mental Zero,4240,6,6,7,2,0,0,FAWES,AMERICAS
16143,30030,Ascent,Decider,COUSINS,LongWay Esports,COUSINS,3965,LongWay Esports,4241,10,2,3,3,0,0,COUSINS,AMERICAS
16143,30031,Haven,Decider,COUSINS,LongWay Esports,COUSINS,3965,LongWay Esports,4241,7,5,3,6,0,0,COUSINS,AMERICAS
16144,30033,Bind,Decider,Cyber Skull Esports,COMEBACK E-SPOR,Cyber Skull Esports,2416,COMEBACK E-SPOR,4242,6,6,2,7,0,0,Cyber Skull Esports,AMERICAS
16144,30034,Haven,Decider,COMEBACK E-SPOR,Cyber Skull Esports,Cyber Skull Esports,2416,COMEBACK E-SPOR,4242,2,10,3,0,0,0,Cyber Skull Esports,AMERICAS
16145,30036,Bind,Decider,Thunderbolts Gaming,RAVENTLAS,Thunderbolts Gaming,2908,RAVENTLAS,4243,10,2,5,3,0,0,Thunderbolts Gaming,AMERICAS
16145,30037,Ascent,Decider,RAVENTLAS,Thunderbolts Gaming,Thunderbolts Gaming,2908,RAVENTLAS,4243,2,10,3,3,0,0,Thunderbolts Gaming,AMERICAS
16146,30039,Ascent,Decider,Templars E-Sports,High5,Templars E-Sports,4244,High5,4245,7,5,7,5,0,2,High5,AMERICAS
16146,30040,Bind,Decider,High5,Templars E-Sports,Templars E-Sports,4244,High5,4245,9,3,4,4,0,0,High5,AMERICAS
16147,30042,Haven,Decider,RAIN E-SPORTS,Team Legend,RAIN E-SPORTS,4246,Team Legend,4247,7,5,5,6,0,0,RAIN E-SPORTS,AMERICAS
16147,30043,Bind,Decider,Team Legend,RAIN E-SPORTS,RAIN E-SPORTS,4246,Team Legend,4247,6,6,6,6,0,2,RAIN E-SPORTS,AMERICAS
16148,30045,Ascent,Decider,BBL Esports,36NUMBER,BBL Esports,397,36NUMBER,4248,11,1,3,2,0,0,BBL Esports,AMERICAS
16148,30046,Haven,Decider,BBL Esports,36NUMBER,BBL Esports,397,36NUMBER,4248,8,4,0,5,0,0,BBL Esports,AMERICAS
16149,30048,Ascent,Decider,SIZDIM BEKLE,Inland Knights,SIZDIM BEKLE,4249,Inland Knights,4250,7,5,5,6,0,0,SIZDIM BEKLE,AMERICAS
16149,30049,Bind,Decider,Inland Knights,SIZDIM BEKLE,SIZDIM BEKLE,4249,Inland Knights,4250,7,5,1,6,0,0,Inland Knights,AMERICAS
16149,30050,Haven,Decider,Inland Knights,SIZDIM BEKLE,SIZDIM BEKLE,4249,Inland Knights,4250,2,10,3,0,0,0,SIZDIM BEKLE,AMERICAS
16159,30078,Icebox,Decider,MORE Esports,Maskeli Be$ler,Maskeli Be$ler,4233,MORE Esports,3725,5,7,6,6,0,0,Maskeli Be$ler,AMERICAS
16159,30079,Haven,Decider,MORE Esports,Maskeli Be$ler,Maskeli Be$ler,4233,MORE Esports,3725,7,5,1,6,0,0,MORE Esports,AMERICAS
16159,30080,Bind,Decider,Maskeli Be$ler,MORE Esports,Maskeli Be$ler,4233,MORE Esports,3725,6,6,7,0,0,0,MORE Esports,AMERICAS
16165,30096,Ascent,Decider,BBL Esports,SIZDIM BEKLE,BBL Esports,397,SIZDIM BEKLE,4249,10,2,2,3,0,0,BBL Esports,AMERICAS
16165,30097,Haven,Decider,BBL Esports,SIZDIM BEKLE,BBL Esports,397,SIZDIM BEKLE,4249,10,2,0,3,0,0,BBL Esports,AMERICAS
16150,30051,Haven,Decider,westSide,WeMade FOX,westSide,3470,WeMade FOX,4217,6,6,6,6,1,3,WeMade FOX,AMERICAS
16150,30052,Bind,Decider,WeMade FOX,westSide,westSide,3470,WeMade FOX,4217,7,5,3,6,0,0,WeMade FOX,AMERICAS
16151,30054,Ascent,Decider,CobraKai,Unity Esports,Unity Esports,3259,CobraKai,4220,6,6,2,7,0,0,CobraKai,AMERICAS
16151,30055,Bind,Decider,Unity Esports,CobraKai,Unity Esports,3259,CobraKai,4220,9,3,0,4,0,0,Unity Esports,AMERICAS
16151,30056,Split,Decider,Unity Esports,CobraKai,Unity Esports,3259,CobraKai,4220,4,8,4,8,3,1,Unity Esports,AMERICAS
16152,30057,Icebox,Decider,Kafalar eSports,Overwatch,Kafalar eSports,3261,Overwatch,3260,8,4,0,5,0,0,Kafalar eSports,AMERICAS
16152,30058,Ascent,Decider,Kafalar eSports,Overwatch,Kafalar eSports,3261,Overwatch,3260,8,4,8,4,0,2,Overwatch,AMERICAS
16152,30059,Bind,Decider,Kafalar eSports,Overwatch,Kafalar eSports,3261,Overwatch,3260,9,3,2,4,0,0,Kafalar eSports,AMERICAS
16153,30060,Ascent,Decider,Orgless5,RAGING FIRE ESPORTS,Orgless5,3474,RAGING FIRE ESPORTS,4224,8,4,8,4,3,1,Orgless5,AMERICAS
16153,30061,Haven,Decider,RAGING FIRE ESPORTS,Orgless5,Orgless5,3474,RAGING FIRE ESPORTS,4224,5,7,6,5,0,0,Orgless5,AMERICAS
16154,30063,Ascent,Decider,FOXN TEAM,ARMUTLAR,FOXN TEAM,3989,ARMUTLAR,4226,8,4,9,3,0,0,ARMUTLAR,AMERICAS
16154,30064,Bind,Decider,ARMUTLAR,FOXN TEAM,FOXN TEAM,3989,ARMUTLAR,4226,3,9,4,0,0,0,FOXN TEAM,AMERICAS
16154,30065,Haven,Decider,FOXN TEAM,ARMUTLAR,FOXN TEAM,3989,ARMUTLAR,4226,8,4,2,5,0,0,FOXN TEAM,AMERICAS
16155,30066,Haven,Decider,Fenerbahçe Esports,Talamus Team Blue E-Sport,Fenerbahçe Esports,5310,Talamus Team Blue E-Sport,4228,9,3,1,4,0,0,Fenerbahçe Esports,AMERICAS
16155,30067,Bind,Decider,Talamus Team Blue E-Sport,Fenerbahçe Esports,Fenerbahçe Esports,5310,Talamus Team Blue E-Sport,4228,4,8,5,3,0,0,Fenerbahçe Esports,AMERICAS
16156,30069,Bind,Decider,ICE Ivory,Anatolia Esports,ICE Ivory,4229,Anatolia Esports,935,0,12,1,1,0,0,Anatolia Esports,AMERICAS
16156,30070,Split,Decider,Anatolia Esports,ICE Ivory,ICE Ivory,4229,Anatolia Esports,935,9,3,0,4,0,0,Anatolia Esports,AMERICAS
16157,30072,Split,Decider,Antalyaspor Esports,İstanbul Wildcats,İstanbul Wildcats,6132,Antalyaspor Esports,3468,4,8,5,3,0,0,İstanbul Wildcats,AMERICAS
16157,30073,Icebox,Decider,Antalyaspor Esports,İstanbul Wildcats,İstanbul Wildcats,6132,Antalyaspor Esports,3468,1,11,2,2,0,0,İstanbul Wildcats,AMERICAS
16158,30075,Ascent,Decider,RARE Esports,XFlow Esports,RARE Esports,1913,XFlow Esports,3268,10,2,0,3,0,0,RARE Esports,AMERICAS
16158,30076,Split,Decider,XFlow Esports,RARE Esports,RARE Esports,1913,XFlow Esports,3268,5,7,6,0,0,0,RARE Esports,AMERICAS
16160,30081,Bind,Decider,5 Fire,OtherSide,5 Fire,4237,OtherSide,1453,5,7,6,0,0,0,OtherSide,AMERICAS
16160,30082,Split,Decider,OtherSide,5 Fire,5 Fire,4237,OtherSide,1453,8,4,1,5,0,0,OtherSide,AMERICAS
16161,30084,Ascent,Decider,Sangal Esports,Beşiktaş Esports,Sangal Esports,1237,Beşiktaş Esports,2036,9,3,6,4,0,0,Sangal Esports,AMERICAS
16161,30085,Bind,Decider,Beşiktaş Esports,Sangal Esports,Sangal Esports,1237,Beşiktaş Esports,2036,7,5,8,2,0,0,Sangal Esports,AMERICAS
16162,30087,Bind,Decider,FAWES,COUSINS,FAWES,3467,COUSINS,3965,9,3,4,4,0,0,FAWES,AMERICAS
16162,30088,Ascent,Decider,COUSINS,FAWES,FAWES,3467,COUSINS,3965,7,5,4,6,0,0,COUSINS,AMERICAS
16162,30089,Icebox,Decider,COUSINS,FAWES,FAWES,3467,COUSINS,3965,4,8,5,3,0,0,FAWES,AMERICAS
16163,30090,Ascent,Decider,Cyber Skull Esports,Thunderbolts Gaming,Cyber Skull Esports,2416,Thunderbolts Gaming,2908,6,6,4,7,0,0,Cyber Skull Esports,AMERICAS
16163,30091,Icebox,Decider,Thunderbolts Gaming,Cyber Skull Esports,Cyber Skull Esports,2416,Thunderbolts Gaming,2908,5,7,6,5,0,0,Cyber Skull Esports,AMERICAS
16166,30099,Bind,Decider,WeMade FOX,Unity Esports,WeMade FOX,4217,Unity Esports,3259,8,4,4,5,0,0,WeMade FOX,AMERICAS
16166,30100,Ascent,Decider,WeMade FOX,Unity Esports,WeMade FOX,4217,Unity Esports,3259,3,9,4,5,0,0,Unity Esports,AMERICAS
16166,30101,Split,Decider,WeMade FOX,Unity Esports,WeMade FOX,4217,Unity Esports,3259,6,6,7,5,0,0,Unity Esports,AMERICAS
16167,30102,Ascent,Decider,Kafalar eSports,Orgless5,Kafalar eSports,3261,Orgless5,3474,6,6,7,2,0,0,Orgless5,AMERICAS
16167,30103,Haven,Decider,Orgless5,Kafalar eSports,Kafalar eSports,3261,Orgless5,3474,10,2,0,3,0,0,Orgless5,AMERICAS
16168,30105,Bind,Fenerbahçe Esports,FOXN TEAM,Fenerbahçe Esports,FOXN TEAM,3989,Fenerbahçe Esports,5310,3,9,4,0,0,0,Fenerbahçe Esports,AMERICAS
16168,30106,Ascent,FOXN TEAM,Fenerbahçe Esports,FOXN TEAM,FOXN TEAM,3989,Fenerbahçe Esports,5310,7,5,6,6,0,0,Fenerbahçe Esports,AMERICAS
16169,30108,Ascent,Decider,Anatolia Esports,İstanbul Wildcats,Anatolia Esports,935,İstanbul Wildcats,6132,8,4,6,5,0,0,Anatolia Esports,AMERICAS
16169,30109,Bind,Decider,İstanbul Wildcats,Anatolia Esports,Anatolia Esports,935,İstanbul Wildcats,6132,3,9,4,2,0,0,Anatolia Esports,AMERICAS
16170,30111,Haven,Decider,RARE Esports,MORE Esports,RARE Esports,1913,MORE Esports,3725,7,5,1,6,0,0,RARE Esports,AMERICAS
16170,30112,Bind,Decider,MORE Esports,RARE Esports,RARE Esports,1913,MORE Esports,3725,9,3,1,4,0,0,MORE Esports,AMERICAS
16170,30113,Split,Decider,RARE Esports,MORE Esports,RARE Esports,1913,MORE Esports,3725,10,2,9,3,0,0,RARE Esports,AMERICAS
16171,30114,Ascent,Decider,OtherSide,Sangal Esports,OtherSide,1453,Sangal Esports,1237,7,5,6,6,0,0,OtherSide,AMERICAS
16171,30115,Bind,Decider,Sangal Esports,OtherSide,OtherSide,1453,Sangal Esports,1237,6,6,4,7,0,0,Sangal Esports,AMERICAS
16171,30116,Split,Decider,OtherSide,Sangal Esports,OtherSide,1453,Sangal Esports,1237,8,4,5,5,0,0,OtherSide,AMERICAS
16172,30117,Icebox,Decider,Cyber Skull Esports,FAWES,FAWES,3467,Cyber Skull Esports,2416,6,6,3,7,0,0,Cyber Skull Esports,AMERICAS
16172,30118,Ascent,Decider,Cyber Skull Esports,FAWES,FAWES,3467,Cyber Skull Esports,2416,8,4,9,1,0,0,FAWES,AMERICAS
16172,30119,Bind,Decider,FAWES,Cyber Skull Esports,FAWES,3467,Cyber Skull Esports,2416,6,6,7,4,0,0,Cyber Skull Esports,AMERICAS
16173,30120,Ascent,Decider,RAIN E-SPORTS,BBL Esports,RAIN E-SPORTS,4246,BBL Esports,397,1,11,2,0,0,0,BBL Esports,AMERICAS
16173,30121,Haven,Decider,BBL Esports,RAIN E-SPORTS,RAIN E-SPORTS,4246,BBL Esports,397,12,0,0,1,0,0,BBL Esports,AMERICAS
16461,30583,Split,Decider,Fenerbahçe Esports,Anatolia Esports,Fenerbahçe Esports,5310,Anatolia Esports,935,8,4,1,5,0,0,Fenerbahçe Esports,AMERICAS
16461,30584,Haven,Decider,Anatolia Esports,Fenerbahçe Esports,Fenerbahçe Esports,5310,Anatolia Esports,935,6,6,5,7,0,0,Anatolia Esports,AMERICAS
16461,30599,Bind,Decider,Fenerbahçe Esports,Anatolia Esports,Fenerbahçe Esports,5310,Anatolia Esports,935,3,9,4,1,0,0,Anatolia Esports,AMERICAS
16462,30586,Ascent,Decider,Orgless5,Unity Esports,Unity Esports,3259,Orgless5,3474,3,9,4,4,0,0,Unity Esports,AMERICAS
16462,30587,Bind,Decider,Orgless5,Unity Esports,Unity Esports,3259,Orgless5,3474,9,3,8,4,0,0,Orgless5,AMERICAS
16462,30588,Icebox,Decider,Unity Esports,Orgless5,Unity Esports,3259,Orgless5,3474,5,7,3,8,0,0,Unity Esports,AMERICAS
16463,30589,Ascent,Decider,RARE Esports,OtherSide,RARE Esports,1913,OtherSide,1453,4,8,5,4,0,0,OtherSide,AMERICAS
16463,30590,Haven,Decider,OtherSide,RARE Esports,RARE Esports,1913,OtherSide,1453,4,8,5,7,0,0,RARE Esports,AMERICAS
16463,30591,Bind,Decider,RARE Esports,OtherSide,RARE Esports,1913,OtherSide,1453,7,5,3,6,0,0,RARE Esports,AMERICAS
16464,30592,Ascent,Decider,Cyber Skull Esports,BBL Esports,Cyber Skull Esports,2416,BBL Esports,397,7,5,7,5,1,3,BBL Esports,AMERICAS
16464,30593,Icebox,Decider,BBL Esports,Cyber Skull Esports,Cyber Skull Esports,2416,BBL Esports,397,4,8,3,9,0,0,BBL Esports,AMERICAS
16486,30623,Icebox,Fenerbahçe Esports,BBL Esports,Fenerbahçe Esports,BBL Esports,397,Fenerbahçe Esports,5310,6,6,2,7,0,0,BBL Esports,AMERICAS
16486,30624,Haven,BBL Esports,Fenerbahçe Esports,BBL Esports,BBL Esports,397,Fenerbahçe Esports,5310,8,4,4,5,0,0,Fenerbahçe Esports,AMERICAS
16486,30625,Bind,Decider,BBL Esports,Fenerbahçe Esports,BBL Esports,397,Fenerbahçe Esports,5310,4,8,4,8,3,1,BBL Esports,AMERICAS
16487,30626,Ascent,OtherSide,OtherSide,Unity Esports,Unity Esports,3259,OtherSide,1453,8,4,8,4,3,1,OtherSide,AMERICAS
16487,30627,Bind,Unity Esports,OtherSide,Unity Esports,Unity Esports,3259,OtherSide,1453,9,3,4,4,0,0,OtherSide,AMERICAS
16488,30629,Bind,Orgless5,RARE Esports,Orgless5,RARE Esports,1913,Orgless5,3474,7,5,2,6,0,0,RARE Esports,AMERICAS
16488,30630,Haven,RARE Esports,Orgless5,RARE Esports,RARE Esports,1913,Orgless5,3474,3,9,4,4,0,0,RARE Esports,AMERICAS
16489,30632,Haven,Cyber Skull Esports,Anatolia Esports,Cyber Skull Esports,Anatolia Esports,935,Cyber Skull Esports,2416,3,9,1,10,0,0,Anatolia Esports,AMERICAS
16489,30633,Bind,Anatolia Esports,Cyber Skull Esports,Anatolia Esports,Anatolia Esports,935,Cyber Skull Esports,2416,6,6,7,3,0,0,Anatolia Esports,AMERICAS
16490,30635,Bind,OtherSide,BBL Esports,OtherSide,BBL Esports,397,OtherSide,1453,5,7,3,8,0,0,BBL Esports,AMERICAS
16490,30636,Ascent,BBL Esports,OtherSide,BBL Esports,BBL Esports,397,OtherSide,1453,8,4,8,4,0,2,BBL Esports,AMERICAS
16491,30638,Haven,Anatolia Esports,RARE Esports,Anatolia Esports,RARE Esports,1913,Anatolia Esports,935,6,6,6,6,0,2,Anatolia Esports,AMERICAS
16491,30639,Ascent,RARE Esports,Anatolia Esports,RARE Esports,RARE Esports,1913,Anatolia Esports,935,7,5,3,6,0,0,Anatolia Esports,AMERICAS
16492,30641,Icebox,BBL Esports,Anatolia Esports,BBL Esports,BBL Esports,397,Anatolia Esports,935,7,5,8,2,0,0,BBL Esports,AMERICAS
16492,30642,Split,Anatolia Esports,BBL Esports,Anatolia Esports,BBL Esports,397,Anatolia Esports,935,6,6,7,1,0,0,Anatolia Esports,AMERICAS
16492,30643,Ascent,BBL Esports,Anatolia Esports,BBL Esports,BBL Esports,397,Anatolia Esports,935,3,9,4,3,0,0,BBL Esports,AMERICAS
16492,30644,Bind,Anatolia Esports,BBL Esports,Anatolia Esports,BBL Esports,397,Anatolia Esports,935,8,4,0,5,0,0,BBL Esports,AMERICAS
15222,27977,Split,Decider,MORE Esports,Galakticos,MORE Esports,3725,Galakticos,4762,6,6,6,6,3,1,MORE Esports,AMERICAS
15222,27978,Ascent,Decider,Galakticos,MORE Esports,MORE Esports,3725,Galakticos,4762,5,7,6,3,0,0,MORE Esports,AMERICAS
15223,27980,Haven,Decider,NEMRUTZ,2L8,NEMRUTZ,3955,2L8,3956,6,6,4,7,0,0,NEMRUTZ,AMERICAS
15223,27981,Ascent,Decider,2L8,NEMRUTZ,NEMRUTZ,3955,2L8,3956,1,11,2,0,0,0,NEMRUTZ,AMERICAS
15224,27983,Ascent,Decider,M4L,Antalyaspor Esports,M4L,3957,Antalyaspor Esports,3468,5,7,1,8,0,0,M4L,AMERICAS
15224,27984,Bind,Decider,Antalyaspor Esports,M4L,M4L,3957,Antalyaspor Esports,3468,2,10,3,1,0,0,M4L,AMERICAS
15225,27986,Ascent,Decider,RARE Esports,Team QuestionMark,RARE Esports,1913,Team QuestionMark,3958,9,3,1,4,0,0,RARE Esports,AMERICAS
15225,27987,Split,Decider,Team QuestionMark,RARE Esports,RARE Esports,1913,Team QuestionMark,3958,2,10,3,6,0,0,RARE Esports,AMERICAS
15226,27989,Ascent,Decider,FREAKSINACTION,Sangal Esports,FREAKSINACTION,3473,Sangal Esports,1237,4,8,5,4,0,0,Sangal Esports,AMERICAS
15226,27990,Bind,Decider,Sangal Esports,FREAKSINACTION,FREAKSINACTION,3473,Sangal Esports,1237,10,2,1,3,0,0,Sangal Esports,AMERICAS
15227,27992,Bind,Decider,Fenerbahçe Esports,FiregioN,Fenerbahçe Esports,5310,FiregioN,3959,5,7,2,8,0,0,Fenerbahçe Esports,AMERICAS
15227,27993,Ascent,Decider,FiregioN,Fenerbahçe Esports,Fenerbahçe Esports,5310,FiregioN,3959,1,11,2,1,0,0,Fenerbahçe Esports,AMERICAS
15228,27995,Bind,Decider,YTU Stars,İstanbul Wildcats,YTU Stars,3960,İstanbul Wildcats,6132,5,7,5,7,0,2,İstanbul Wildcats,AMERICAS
15228,27996,Split,Decider,YTU Stars,İstanbul Wildcats,YTU Stars,3960,İstanbul Wildcats,6132,3,9,4,0,0,0,İstanbul Wildcats,AMERICAS
15229,27998,Icebox,Decider,1TAP eSports Turkey,MonTage E-Sports,1TAP eSports Turkey,3263,MonTage E-Sports,3971,5,7,6,4,0,0,MonTage E-Sports,AMERICAS
15229,27999,Bind,Decider,1TAP eSports Turkey,MonTage E-Sports,1TAP eSports Turkey,3263,MonTage E-Sports,3971,1,11,2,0,0,0,MonTage E-Sports,AMERICAS
15230,28001,Ascent,Decider,oldmix5,Beşiktaş Esports,oldmix5,3963,Beşiktaş Esports,2036,3,9,4,2,0,0,Beşiktaş Esports,AMERICAS
15230,28002,Haven,Decider,Beşiktaş Esports,oldmix5,oldmix5,3963,Beşiktaş Esports,2036,8,4,3,5,0,0,Beşiktaş Esports,AMERICAS
15231,28004,Ascent,Decider,ATL Esports,COUSINS,ATL Esports,3964,COUSINS,3965,5,7,5,7,3,1,ATL Esports,AMERICAS
15231,28005,Bind,Decider,COUSINS,ATL Esports,ATL Esports,3964,COUSINS,3965,10,2,9,3,0,0,COUSINS,AMERICAS
15231,28006,Bind,Decider,COUSINS,ATL Esports,ATL Esports,3964,COUSINS,3965,10,2,9,3,0,0,COUSINS,AMERICAS
15232,28007,Ascent,Decider,No Org No Pracc,ALFA Esport,No Org No Pracc,3966,ALFA Esport,2625,9,3,4,4,0,0,No Org No Pracc,AMERICAS
15232,28008,Haven,Decider,ALFA Esport,No Org No Pracc,No Org No Pracc,3966,ALFA Esport,2625,5,7,6,6,0,0,No Org No Pracc,AMERICAS
15233,28010,Bind,Decider,OtherSide,2BoltsGaming,OtherSide,1453,2BoltsGaming,3967,10,2,2,3,0,0,OtherSide,AMERICAS
15233,28011,Haven,Decider,OtherSide,2BoltsGaming,OtherSide,1453,2BoltsGaming,3967,10,2,2,3,0,0,OtherSide,AMERICAS
15234,28013,Ascent,Decider,MELiNA,FUT Esports,MELiNA,2289,FUT Esports,1184,2,10,3,2,0,0,FUT Esports,AMERICAS
15234,28014,Haven,Decider,FUT Esports,MELiNA,MELiNA,2289,FUT Esports,1184,9,3,1,4,0,0,FUT Esports,AMERICAS
15235,28016,Haven,Decider,MNA ESPORTS,BANGER5,MNA ESPORTS,2902,BANGER5,2906,4,8,5,5,0,0,BANGER5,AMERICAS
15235,28017,Bind,Decider,BANGER5,MNA ESPORTS,MNA ESPORTS,2902,BANGER5,2906,8,4,9,2,0,0,MNA ESPORTS,AMERICAS
15235,28018,Split,Decider,MNA ESPORTS,BANGER5,MNA ESPORTS,2902,BANGER5,2906,10,2,6,3,0,0,MNA ESPORTS,AMERICAS
15236,28019,Haven,Decider,Kanaken Espor,RekS E-SPOR,RekS E-SPOR,3968,Kanaken Espor,3969,3,9,4,8,0,0,RekS E-SPOR,AMERICAS
15236,28020,Ascent,Decider,Kanaken Espor,RekS E-SPOR,RekS E-SPOR,3968,Kanaken Espor,3969,7,5,7,5,1,3,RekS E-SPOR,AMERICAS
15237,28022,Ascent,Decider,Arbalest,ThunderS,Arbalest,2026,ThunderS,3970,11,1,1,2,0,0,Arbalest,AMERICAS
15237,28023,Split,Decider,ThunderS,Arbalest,Arbalest,2026,ThunderS,3970,8,4,9,2,0,0,Arbalest,AMERICAS
15238,28025,Haven,Decider,F704,SHN Esports,F704,3972,SHN Esports,3973,2,10,3,3,0,0,SHN Esports,AMERICAS
15238,28026,Bind,Decider,SHN Esports,F704,F704,3972,SHN Esports,3973,9,3,4,4,0,0,SHN Esports,AMERICAS
15239,28028,Bind,Decider,ex-Predatory E-Sports,Searchıng4Org,ex-Predatory E-Sports,3974,Searchıng4Org,3975,3,9,4,4,0,0,Searchıng4Org,AMERICAS
15239,28029,Haven,Decider,Searchıng4Org,ex-Predatory E-Sports,ex-Predatory E-Sports,3974,Searchıng4Org,3975,10,2,4,3,0,0,Searchıng4Org,AMERICAS
15240,28031,Icebox,Decider,ŞAKLABANLAR,Komşu's,ŞAKLABANLAR,3976,Komşu's,3977,7,5,1,6,0,0,ŞAKLABANLAR,AMERICAS
15240,28032,Ascent,Decider,Komşu's,ŞAKLABANLAR,ŞAKLABANLAR,3976,Komşu's,3977,3,9,4,2,0,0,ŞAKLABANLAR,AMERICAS
15241,28034,Bind,Decider,Rel Por Gaming,BBL Esports,Rel Por Gaming,3978,BBL Esports,397,2,10,3,3,0,0,BBL Esports,AMERICAS
15241,28035,Ascent,Decider,BBL Esports,Rel Por Gaming,Rel Por Gaming,3978,BBL Esports,397,8,4,2,5,0,0,BBL Esports,AMERICAS
15242,28037,Ascent,Decider,Çamlıca Esports,Zero Zone,Çamlıca Esports,1676,Zero Zone,1675,1,11,2,2,0,0,Zero Zone,AMERICAS
15242,28038,Bind,Decider,Zero Zone,Çamlıca Esports,Çamlıca Esports,1676,Zero Zone,1675,7,5,0,6,0,0,Zero Zone,AMERICAS
15243,28040,Ascent,Decider,3ÇEYREKSOĞANSIZ,Godzilla e-Sports,3ÇEYREKSOĞANSIZ,3979,Godzilla e-Sports,3980,7,5,7,5,0,2,Godzilla e-Sports,AMERICAS
15243,28041,Bind,Decider,Godzilla e-Sports,3ÇEYREKSOĞANSIZ,3ÇEYREKSOĞANSIZ,3979,Godzilla e-Sports,3980,10,2,0,3,0,0,Godzilla e-Sports,AMERICAS
15244,28043,Haven,Decider,Apex Point,First Time,First Time,3981,Apex Point,3982,5,7,6,4,0,0,First Time,AMERICAS
15244,28044,Icebox,Decider,Apex Point,First Time,First Time,3981,Apex Point,3982,5,7,6,5,0,0,First Time,AMERICAS
15245,28046,Haven,Decider,Kafalar eSports,Team 6IX,Kafalar eSports,3261,Team 6IX,2654,8,4,0,5,0,0,Kafalar eSports,AMERICAS
15245,28047,Ascent,Decider,Team 6IX,Kafalar eSports,Kafalar eSports,3261,Team 6IX,2654,1,11,2,2,0,0,Kafalar eSports,AMERICAS
15246,28049,Icebox,Decider,hunterr,DeathWarriors E’Sport,hunterr,3983,DeathWarriors E’Sport,3984,7,5,3,6,0,0,hunterr,AMERICAS
15246,28050,Ascent,Decider,hunterr,DeathWarriors E’Sport,hunterr,3983,DeathWarriors E’Sport,3984,8,4,9,3,0,0,DeathWarriors E’Sport,AMERICAS
15246,28051,Split,Decider,hunterr,DeathWarriors E’Sport,hunterr,3983,DeathWarriors E’Sport,3984,10,2,2,3,0,0,hunterr,AMERICAS
15247,28052,Haven,Decider,w0wClan,Cyber Skull Esports,w0wClan,3985,Cyber Skull Esports,2416,2,10,3,0,0,0,Cyber Skull Esports,AMERICAS
15247,28053,Bind,Decider,Cyber Skull Esports,w0wClan,w0wClan,3985,Cyber Skull Esports,2416,10,2,0,3,0,0,Cyber Skull Esports,AMERICAS
15248,28055,Ascent,Decider,Just W,Anatolia Esports,Just W,3986,Anatolia Esports,935,8,4,9,2,0,0,Anatolia Esports,AMERICAS
15248,28056,Bind,Decider,Anatolia Esports,Just W,Just W,3986,Anatolia Esports,935,12,0,1,1,0,0,Anatolia Esports,AMERICAS
15249,28058,Icebox,Decider,Old Cihangir,FIREPOWER,FIREPOWER,3987,Old Cihangir,3988,3,9,4,0,0,0,FIREPOWER,AMERICAS
15249,28059,Ascent,Decider,Old Cihangir,FIREPOWER,FIREPOWER,3987,Old Cihangir,3988,7,5,8,1,0,0,FIREPOWER,AMERICAS
15250,28061,Bind,Decider,FOXN TEAM,Unity Esports,Unity Esports,3259,FOXN TEAM,3989,4,8,5,0,0,0,Unity Esports,AMERICAS
15250,28062,Ascent,Decider,FOXN TEAM,Unity Esports,Unity Esports,3259,FOXN TEAM,3989,4,8,5,2,0,0,Unity Esports,AMERICAS
15251,28064,Ascent,Decider,OLD NVIDIA VERSION ABUSERS,MASSIVESTROKE E-SPORTS,OLD NVIDIA VERSION ABUSERS,3990,MASSIVESTROKE E-SPORTS,3991,4,8,5,4,0,0,MASSIVESTROKE E-SPORTS,AMERICAS
15251,28065,Bind,Decider,MASSIVESTROKE E-SPORTS,OLD NVIDIA VERSION ABUSERS,OLD NVIDIA VERSION ABUSERS,3990,MASSIVESTROKE E-SPORTS,3991,3,9,4,3,0,0,OLD NVIDIA VERSION ABUSERS,AMERICAS
15251,28066,Haven,Decider,OLD NVIDIA VERSION ABUSERS,MASSIVESTROKE E-SPORTS,OLD NVIDIA VERSION ABUSERS,3990,MASSIVESTROKE E-SPORTS,3991,8,4,1,5,0,0,OLD NVIDIA VERSION ABUSERS,AMERICAS
15252,28067,Icebox,Decider,Legends Never Day,Kocaeli Esports,Kocaeli Esports,3992,Legends Never Day,3993,11,1,3,2,0,0,Legends Never Day,AMERICAS
15252,28068,Ascent,Decider,Legends Never Day,Kocaeli Esports,Kocaeli Esports,3992,Legends Never Day,3993,10,2,0,3,0,0,Legends Never Day,AMERICAS
15253,28070,Bind,Decider,Oxygen Esports,Team BELEAGUERS,Oxygen Esports,921,Team BELEAGUERS,3994,9,3,2,4,0,0,Oxygen Esports,AMERICAS
15253,28071,Ascent,Decider,Team BELEAGUERS,Oxygen Esports,Oxygen Esports,921,Team BELEAGUERS,3994,3,9,4,1,0,0,Oxygen Esports,AMERICAS
15254,28073,Ascent,Decider,MORE Esports,NEMRUTZ,MORE Esports,3725,NEMRUTZ,3955,6,6,6,6,0,2,NEMRUTZ,AMERICAS
15254,28074,Icebox,Decider,NEMRUTZ,MORE Esports,MORE Esports,3725,NEMRUTZ,3955,4,8,5,0,0,0,MORE Esports,AMERICAS
15254,28075,Bind,Decider,MORE Esports,NEMRUTZ,MORE Esports,3725,NEMRUTZ,3955,10,2,2,3,0,0,MORE Esports,AMERICAS
15255,28076,Haven,Decider,M4L,RARE Esports,M4L,3957,RARE Esports,1913,5,7,6,2,0,0,RARE Esports,AMERICAS
15255,28077,Ascent,Decider,RARE Esports,M4L,M4L,3957,RARE Esports,1913,8,4,7,5,0,0,RARE Esports,AMERICAS
15256,28079,Split,Decider,Sangal Esports,Fenerbahçe Esports,Sangal Esports,1237,Fenerbahçe Esports,5310,2,10,2,10,0,2,Fenerbahçe Esports,AMERICAS
15256,28080,Ascent,Decider,Fenerbahçe Esports,Sangal Esports,Sangal Esports,1237,Fenerbahçe Esports,5310,4,8,5,5,0,0,Sangal Esports,AMERICAS
15256,28081,Bind,Decider,Sangal Esports,Fenerbahçe Esports,Sangal Esports,1237,Fenerbahçe Esports,5310,6,6,7,5,0,0,Fenerbahçe Esports,AMERICAS
15257,28082,Bind,Decider,İstanbul Wildcats,MonTage E-Sports,İstanbul Wildcats,6132,MonTage E-Sports,3971,11,1,6,2,0,0,İstanbul Wildcats,AMERICAS
15257,28083,Icebox,Decider,MonTage E-Sports,İstanbul Wildcats,İstanbul Wildcats,6132,MonTage E-Sports,3971,2,10,3,0,0,0,İstanbul Wildcats,AMERICAS
15258,28085,Ascent,Decider,Beşiktaş Esports,COUSINS,Beşiktaş Esports,2036,COUSINS,3965,10,2,0,3,0,0,Beşiktaş Esports,AMERICAS
15258,28086,Bind,Decider,COUSINS,Beşiktaş Esports,Beşiktaş Esports,2036,COUSINS,3965,5,7,4,8,0,0,COUSINS,AMERICAS
15258,28087,Haven,Decider,Beşiktaş Esports,COUSINS,Beşiktaş Esports,2036,COUSINS,3965,9,3,3,4,0,0,Beşiktaş Esports,AMERICAS
15259,28088,Bind,Decider,No Org No Pracc,OtherSide,No Org No Pracc,3966,OtherSide,1453,4,8,5,4,0,0,OtherSide,AMERICAS
15259,28089,Haven,Decider,OtherSide,No Org No Pracc,No Org No Pracc,3966,OtherSide,1453,8,4,5,5,0,0,OtherSide,AMERICAS
15260,28091,Icebox,Decider,FUT Esports,MNA ESPORTS,FUT Esports,1184,MNA ESPORTS,2902,4,8,3,9,0,0,FUT Esports,AMERICAS
15260,28092,Split,Decider,MNA ESPORTS,FUT Esports,FUT Esports,1184,MNA ESPORTS,2902,5,7,6,5,0,0,FUT Esports,AMERICAS
15261,28094,Haven,Decider,RekS E-SPOR,Arbalest,RekS E-SPOR,3968,Arbalest,2026,2,10,3,1,0,0,Arbalest,AMERICAS
15261,28095,Ascent,Decider,Arbalest,RekS E-SPOR,RekS E-SPOR,3968,Arbalest,2026,11,1,2,2,0,0,Arbalest,AMERICAS
15262,28097,Bind,Decider,SHN Esports,Searchıng4Org,SHN Esports,3973,Searchıng4Org,3975,3,9,4,0,0,0,Searchıng4Org,AMERICAS
15262,28098,Haven,Decider,Searchıng4Org,SHN Esports,SHN Esports,3973,Searchıng4Org,3975,7,5,4,6,0,0,Searchıng4Org,AMERICAS
15263,28100,Ascent,Decider,ŞAKLABANLAR,BBL Esports,ŞAKLABANLAR,3976,BBL Esports,397,3,9,4,0,0,0,BBL Esports,AMERICAS
15263,28101,Icebox,Decider,BBL Esports,ŞAKLABANLAR,ŞAKLABANLAR,3976,BBL Esports,397,10,2,2,3,0,0,BBL Esports,AMERICAS
15264,28103,Ascent,Decider,Zero Zone,Godzilla e-Sports,Zero Zone,1675,Godzilla e-Sports,3980,7,5,8,4,0,0,Godzilla e-Sports,AMERICAS
15264,28104,Icebox,Decider,Godzilla e-Sports,Zero Zone,Zero Zone,1675,Godzilla e-Sports,3980,3,9,4,0,0,0,Zero Zone,AMERICAS
15264,28105,Bind,Decider,Zero Zone,Godzilla e-Sports,Zero Zone,1675,Godzilla e-Sports,3980,6,6,7,5,0,0,Godzilla e-Sports,AMERICAS
15265,28106,Haven,Decider,Kafalar eSports,First Time,First Time,3981,Kafalar eSports,3261,10,2,1,3,0,0,Kafalar eSports,AMERICAS
15265,28107,Bind,Decider,Kafalar eSports,First Time,First Time,3981,Kafalar eSports,3261,10,2,1,3,0,0,Kafalar eSports,AMERICAS
15266,28109,Haven,Decider,hunterr,Cyber Skull Esports,hunterr,3983,Cyber Skull Esports,2416,2,10,3,0,0,0,Cyber Skull Esports,AMERICAS
15266,28110,Ascent,Decider,Cyber Skull Esports,hunterr,hunterr,3983,Cyber Skull Esports,2416,10,2,0,3,0,0,Cyber Skull Esports,AMERICAS
15267,28112,Haven,Decider,Anatolia Esports,FIREPOWER,Anatolia Esports,935,FIREPOWER,3987,10,2,2,3,0,0,Anatolia Esports,AMERICAS
15267,28113,Split,Decider,FIREPOWER,Anatolia Esports,Anatolia Esports,935,FIREPOWER,3987,5,7,6,3,0,0,Anatolia Esports,AMERICAS
15268,28115,Bind,Decider,OLD NVIDIA VERSION ABUSERS,Unity Esports,Unity Esports,3259,OLD NVIDIA VERSION ABUSERS,3990,6,6,7,1,0,0,Unity Esports,AMERICAS
15268,28116,Ascent,Decider,Unity Esports,OLD NVIDIA VERSION ABUSERS,Unity Esports,3259,OLD NVIDIA VERSION ABUSERS,3990,5,7,0,8,0,0,Unity Esports,AMERICAS
15269,28118,Ascent,Decider,Legends Never Day,Oxygen Esports,Legends Never Day,3993,Oxygen Esports,921,3,9,4,2,0,0,Oxygen Esports,AMERICAS
15269,28119,Icebox,Decider,Oxygen Esports,Legends Never Day,Legends Never Day,3993,Oxygen Esports,921,8,4,0,5,0,0,Oxygen Esports,AMERICAS
15270,28121,Haven,Decider,MORE Esports,RARE Esports,MORE Esports,3725,RARE Esports,1913,4,8,1,9,0,0,MORE Esports,AMERICAS
15270,28122,Bind,Decider,RARE Esports,MORE Esports,MORE Esports,3725,RARE Esports,1913,10,2,0,3,0,0,RARE Esports,AMERICAS
15270,28123,Split,Decider,MORE Esports,RARE Esports,MORE Esports,3725,RARE Esports,1913,8,4,8,4,2,0,MORE Esports,AMERICAS
15271,28124,Ascent,Decider,Fenerbahçe Esports,İstanbul Wildcats,Fenerbahçe Esports,5310,İstanbul Wildcats,6132,8,4,4,5,0,0,Fenerbahçe Esports,AMERICAS
15271,28125,Bind,Decider,İstanbul Wildcats,Fenerbahçe Esports,Fenerbahçe Esports,5310,İstanbul Wildcats,6132,3,9,3,9,0,2,Fenerbahçe Esports,AMERICAS
15272,28127,Bind,Decider,Beşiktaş Esports,OtherSide,Beşiktaş Esports,2036,OtherSide,1453,4,8,5,2,0,0,OtherSide,AMERICAS
15272,28128,Haven,Decider,OtherSide,Beşiktaş Esports,Beşiktaş Esports,2036,OtherSide,1453,9,3,1,4,0,0,OtherSide,AMERICAS
15273,28130,Ascent,Arbalest,FUT Esports,Arbalest,FUT Esports,1184,Arbalest,2026,6,6,6,6,2,0,FUT Esports,AMERICAS
15273,28131,Split,FUT Esports,Arbalest,FUT Esports,FUT Esports,1184,Arbalest,2026,4,8,5,1,0,0,FUT Esports,AMERICAS
15274,28133,Bind,Decider,Searchıng4Org,BBL Esports,Searchıng4Org,3975,BBL Esports,397,3,9,4,0,0,0,BBL Esports,AMERICAS
15274,28134,Haven,Decider,BBL Esports,Searchıng4Org,Searchıng4Org,3975,BBL Esports,397,12,0,2,1,0,0,BBL Esports,AMERICAS
15275,28136,Haven,Decider,Godzilla e-Sports,Kafalar eSports,Godzilla e-Sports,3980,Kafalar eSports,3261,3,9,4,3,0,0,Kafalar eSports,AMERICAS
15275,28137,Ascent,Decider,Kafalar eSports,Godzilla e-Sports,Godzilla e-Sports,3980,Kafalar eSports,3261,5,7,6,0,0,0,Godzilla e-Sports,AMERICAS
15275,28138,Bind,Decider,Godzilla e-Sports,Kafalar eSports,Godzilla e-Sports,3980,Kafalar eSports,3261,6,6,7,0,0,0,Kafalar eSports,AMERICAS
15276,28139,Bind,Decider,Cyber Skull Esports,Anatolia Esports,Cyber Skull Esports,2416,Anatolia Esports,935,5,7,6,5,0,0,Anatolia Esports,AMERICAS
15276,28140,Haven,Decider,Anatolia Esports,Cyber Skull Esports,Cyber Skull Esports,2416,Anatolia Esports,935,11,1,2,2,0,0,Anatolia Esports,AMERICAS
15277,28142,Ascent,Decider,Oxygen Esports,Unity Esports,Unity Esports,3259,Oxygen Esports,921,8,4,8,4,2,0,Oxygen Esports,AMERICAS
15277,28143,Icebox,Decider,Oxygen Esports,Unity Esports,Unity Esports,3259,Oxygen Esports,921,5,7,4,8,0,0,Oxygen Esports,AMERICAS
14864,26963,Haven,Decider,MORE Esports,Fenerbahçe Esports,MORE Esports,3725,Fenerbahçe Esports,5310,5,7,6,5,0,0,Fenerbahçe Esports,AMERICAS
14864,26964,Bind,Decider,Fenerbahçe Esports,MORE Esports,MORE Esports,3725,Fenerbahçe Esports,5310,5,7,3,8,0,0,Fenerbahçe Esports,AMERICAS
14865,26966,Split,Decider,OtherSide,FUT Esports,OtherSide,1453,FUT Esports,1184,4,8,5,2,0,0,FUT Esports,AMERICAS
14865,26967,Icebox,Decider,FUT Esports,OtherSide,OtherSide,1453,FUT Esports,1184,8,4,5,5,0,0,FUT Esports,AMERICAS
14866,26969,Haven,Decider,BBL Esports,Kafalar eSports,BBL Esports,397,Kafalar eSports,3261,6,6,5,7,0,0,BBL Esports,AMERICAS
14866,26970,Bind,Decider,Kafalar eSports,BBL Esports,BBL Esports,397,Kafalar eSports,3261,9,3,2,4,0,0,Kafalar eSports,AMERICAS
14866,26971,Icebox,Decider,BBL Esports,Kafalar eSports,BBL Esports,397,Kafalar eSports,3261,8,4,9,3,0,0,Kafalar eSports,AMERICAS
14867,26972,Ascent,Decider,Anatolia Esports,Oxygen Esports,Oxygen Esports,921,Anatolia Esports,935,2,10,3,0,0,0,Oxygen Esports,AMERICAS
14867,26973,Split,Decider,Oxygen Esports,Anatolia Esports,Oxygen Esports,921,Anatolia Esports,935,4,8,4,8,2,0,Oxygen Esports,AMERICAS
14870,26981,Haven,Anatolia Esports,FUT Esports,Anatolia Esports,FUT Esports,1184,Anatolia Esports,935,9,3,6,4,0,0,FUT Esports,AMERICAS
14870,26982,Ascent,FUT Esports,Anatolia Esports,FUT Esports,FUT Esports,1184,Anatolia Esports,935,4,8,5,0,0,0,FUT Esports,AMERICAS
14871,26984,Haven,Kafalar eSports,OtherSide,Kafalar eSports,OtherSide,1453,Kafalar eSports,3261,2,10,3,4,0,0,Kafalar eSports,AMERICAS
14871,26985,Bind,OtherSide,Kafalar eSports,OtherSide,OtherSide,1453,Kafalar eSports,3261,9,3,3,4,0,0,Kafalar eSports,AMERICAS
14872,26987,Bind,Fenerbahçe Esports,BBL Esports,Fenerbahçe Esports,BBL Esports,397,Fenerbahçe Esports,5310,6,6,5,7,0,0,BBL Esports,AMERICAS
14872,26988,Ascent,BBL Esports,Fenerbahçe Esports,BBL Esports,BBL Esports,397,Fenerbahçe Esports,5310,4,8,5,0,0,0,BBL Esports,AMERICAS
14873,26990,Icebox,MORE Esports,Oxygen Esports,MORE Esports,Oxygen Esports,921,MORE Esports,3725,6,6,6,6,2,0,Oxygen Esports,AMERICAS
14873,26991,Bind,Oxygen Esports,MORE Esports,Oxygen Esports,Oxygen Esports,921,MORE Esports,3725,5,7,6,2,0,0,Oxygen Esports,AMERICAS
14874,26993,Ascent,Kafalar eSports,FUT Esports,Kafalar eSports,FUT Esports,1184,Kafalar eSports,3261,11,1,0,2,0,0,FUT Esports,AMERICAS
14874,26994,Icebox,FUT Esports,Kafalar eSports,FUT Esports,FUT Esports,1184,Kafalar eSports,3261,8,4,3,5,0,0,Kafalar eSports,AMERICAS
14874,26995,Haven,Decider,FUT Esports,Kafalar eSports,FUT Esports,1184,Kafalar eSports,3261,4,8,1,9,0,0,FUT Esports,AMERICAS
14875,26996,Icebox,Oxygen Esports,BBL Esports,Oxygen Esports,BBL Esports,397,Oxygen Esports,921,4,8,5,7,0,0,Oxygen Esports,AMERICAS
14875,26997,Ascent,BBL Esports,Oxygen Esports,BBL Esports,BBL Esports,397,Oxygen Esports,921,7,5,5,6,0,0,Oxygen Esports,AMERICAS
14876,26999,Ascent,FUT Esports,Oxygen Esports,FUT Esports,FUT Esports,1184,Oxygen Esports,921,6,6,7,4,0,0,FUT Esports,AMERICAS
14876,27000,Icebox,Oxygen Esports,FUT Esports,Oxygen Esports,FUT Esports,1184,Oxygen Esports,921,8,4,8,4,2,0,FUT Esports,AMERICAS
14876,27001,Split,FUT Esports,Oxygen Esports,FUT Esports,FUT Esports,1184,Oxygen Esports,921,5,7,6,6,0,0,FUT Esports,AMERICAS
14883,27010,Ascent,Decider,CrowСrowd,n1ce3e3e3e3,CrowСrowd,1020,n1ce3e3e3e3,3798,5,7,2,8,0,0,CrowСrowd,AMERICAS
14883,27011,Icebox,Decider,n1ce3e3e3e3,CrowСrowd,CrowСrowd,1020,n1ce3e3e3e3,3798,3,9,4,2,0,0,CrowСrowd,AMERICAS
14884,27013,Bind,Decider,5bots,Moscow Five jr,5bots,3947,Moscow Five jr,3799,2,10,3,0,0,0,Moscow Five jr,AMERICAS
14884,27014,Split,Decider,Moscow Five jr,5bots,5bots,3947,Moscow Five jr,3799,10,2,2,3,0,0,Moscow Five jr,AMERICAS
14886,27019,Ascent,Decider,Hypnotic Gaming,Izanami,Hypnotic Gaming,3246,Izanami,1768,11,1,2,2,0,0,Hypnotic Gaming,AMERICAS
14886,27020,Bind,Decider,Hypnotic Gaming,Izanami,Hypnotic Gaming,3246,Izanami,1768,5,7,0,8,0,0,Hypnotic Gaming,AMERICAS
14887,27022,Ascent,Decider,Team Singularity,Hollywood,Team Singularity,1341,Hollywood,3366,11,1,1,2,0,0,Team Singularity,AMERICAS
14887,27023,Split,Decider,Hollywood,Team Singularity,Team Singularity,1341,Hollywood,3366,5,7,6,1,0,0,Team Singularity,AMERICAS
14888,27025,Split,Decider,ThunderClap,cryaway,ThunderClap,3949,cryaway,3801,5,7,2,8,0,0,ThunderClap,AMERICAS
14888,27026,Bind,Decider,cryaway,ThunderClap,ThunderClap,3949,cryaway,3801,3,9,4,3,0,0,ThunderClap,AMERICAS
14890,27031,Icebox,Decider,tyeasy,ANXi,tyeasy,488,ANXi,1690,9,3,1,4,0,0,tyeasy,AMERICAS
14890,27032,Bind,Decider,ANXi,tyeasy,tyeasy,488,ANXi,1690,8,4,5,5,0,0,ANXi,AMERICAS
14890,27033,Haven,Decider,tyeasy,ANXi,tyeasy,488,ANXi,1690,6,6,3,7,0,0,tyeasy,AMERICAS
14892,27037,Haven,Decider,Thorns,оlympus,Thorns,2832,оlympus,3804,11,1,0,2,0,0,Thorns,AMERICAS
14892,27038,Icebox,Decider,оlympus,Thorns,Thorns,2832,оlympus,3804,2,10,3,1,0,0,Thorns,AMERICAS
14893,27040,Ascent,Decider,368,Gambit Esports,368,3996,Gambit Esports,682,0,12,1,0,0,0,Gambit Esports,AMERICAS
14893,27041,Bind,Decider,Gambit Esports,368,368,3996,Gambit Esports,682,5,7,5,7,2,0,Gambit Esports,AMERICAS
14894,27043,Bind,Decider,feelin,Rebellion,feelin,3805,Rebellion,3950,3,9,4,4,0,0,Rebellion,AMERICAS
14894,27044,Ascent,Decider,Rebellion,feelin,feelin,3805,Rebellion,3950,9,3,0,4,0,0,Rebellion,AMERICAS
14896,27049,Ascent,Decider,1280x960,mix,mix,3951,1280x960,3808,5,7,5,7,0,2,mix,AMERICAS
14896,27050,Haven,Decider,mix,1280x960,mix,3951,1280x960,3808,6,6,7,4,0,0,1280x960,AMERICAS
14896,27051,Split,Decider,1280x960,mix,mix,3951,1280x960,3808,9,3,7,4,0,0,1280x960,AMERICAS
14897,27052,Split,Decider,EZ KATKA,NaRasslabone,EZ KATKA,2845,NaRasslabone,3809,12,0,0,1,0,0,EZ KATKA,AMERICAS
14897,27053,Bind,Decider,NaRasslabone,EZ KATKA,EZ KATKA,2845,NaRasslabone,3809,0,12,1,0,0,0,EZ KATKA,AMERICAS
14898,27056,Split,Decider,jaba,Anti Social Social Club,Anti Social Social Club,3810,jaba,2839,12,0,1,1,0,0,jaba,AMERICAS
14898,28148,Haven,Decider,Anti Social Social Club,jaba,Anti Social Social Club,3810,jaba,2839,0,12,1,0,0,0,jaba,AMERICAS
14899,27058,Icebox,Decider,Yakuza,forZe,Yakuza,2580,forZe,108,1,11,2,7,0,0,forZe,AMERICAS
14899,27059,Haven,Decider,forZe,Yakuza,Yakuza,2580,forZe,108,5,7,6,5,0,0,Yakuza,AMERICAS
14899,27060,Split,Decider,Yakuza,forZe,Yakuza,2580,forZe,108,6,6,7,3,0,0,forZe,AMERICAS
14900,27061,Haven,Decider,TNP,Vengeance,Vengeance,1021,TNP,3811,6,6,7,5,0,0,Vengeance,AMERICAS
14900,27062,Icebox,Decider,TNP,Vengeance,Vengeance,1021,TNP,3811,3,9,4,1,0,0,Vengeance,AMERICAS
14901,27064,Ascent,Decider,DAT,EZclap,DAT,3952,EZclap,3997,9,3,10,1,0,0,EZclap,AMERICAS
14901,27065,Bind,Decider,EZclap,DAT,DAT,3952,EZclap,3997,5,7,6,2,0,0,DAT,AMERICAS
14901,27066,Haven,Decider,DAT,EZclap,DAT,3952,EZclap,3997,6,6,7,1,0,0,EZclap,AMERICAS
14902,27067,Icebox,Decider,KABAHbl,AKQJT,KABAHbl,608,AKQJT,3953,10,2,10,2,2,0,KABAHbl,AMERICAS
14902,27068,Bind,Decider,AKQJT,KABAHbl,KABAHbl,608,AKQJT,3953,5,7,6,1,0,0,KABAHbl,AMERICAS
14903,27070,Split,Decider,feelmyhack,Team Divinity,feelmyhack,1580,Team Divinity,2049,10,2,10,2,3,1,feelmyhack,AMERICAS
14903,27071,Ascent,Decider,Team Divinity,feelmyhack,feelmyhack,1580,Team Divinity,2049,4,8,3,9,0,0,Team Divinity,AMERICAS
14903,27072,Bind,Decider,feelmyhack,Team Divinity,feelmyhack,1580,Team Divinity,2049,4,8,5,4,0,0,Team Divinity,AMERICAS
14904,27073,Bind,Decider,Aspire,Ksenox,Aspire,2165,Ksenox,2835,1,11,2,0,0,0,Ksenox,AMERICAS
14904,27074,Ascent,Decider,Ksenox,Aspire,Aspire,2165,Ksenox,2835,4,8,4,8,2,0,Ksenox,AMERICAS
14905,27076,Bind,Decider,Save's eSports,Invicta,Save's eSports,2889,Invicta,2180,7,5,5,6,0,0,Save's eSports,AMERICAS
14905,27077,Ascent,Decider,Invicta,Save's eSports,Save's eSports,2889,Invicta,2180,4,8,5,7,0,0,Save's eSports,AMERICAS
14906,27079,Ascent,Decider,GIBDD,One Breath Gaming,One Breath Gaming,6267,GIBDD,3726,5,7,6,4,0,0,One Breath Gaming,AMERICAS
14906,27080,Haven,Decider,GIBDD,One Breath Gaming,One Breath Gaming,6267,GIBDD,3726,5,7,2,8,0,0,GIBDD,AMERICAS
14906,27081,Split,Decider,One Breath Gaming,GIBDD,One Breath Gaming,6267,GIBDD,3726,10,2,10,2,2,0,One Breath Gaming,AMERICAS
14907,27082,Split,Decider,Jeremiah,eXiLe eSports,Jeremiah,1266,eXiLe eSports,1189,4,8,5,4,0,0,eXiLe eSports,AMERICAS
14907,27083,Ascent,Decider,eXiLe eSports,Jeremiah,Jeremiah,1266,eXiLe eSports,1189,6,6,2,7,0,0,eXiLe eSports,AMERICAS
14908,27085,Split,Decider,Infinite Skill,NINJACAT!,Infinite Skill,3239,NINJACAT!,3812,11,1,2,2,0,0,Infinite Skill,AMERICAS
14909,27088,Icebox,Decider,6479,SMARACIS eSports,6479,3954,SMARACIS eSports,3361,4,8,5,2,0,0,SMARACIS eSports,AMERICAS
14909,27089,Bind,Decider,SMARACIS eSports,6479,6479,3954,SMARACIS eSports,3361,9,3,3,4,0,0,SMARACIS eSports,AMERICAS
14910,27091,Ascent,Decider,5up,TooManyQuestions,5up,2317,TooManyQuestions,2118,1,11,2,2,0,0,TooManyQuestions,AMERICAS
14910,27092,Haven,Decider,5up,TooManyQuestions,5up,2317,TooManyQuestions,2118,1,11,2,0,0,0,TooManyQuestions,AMERICAS
14911,27094,Bind,Decider,animeshniki,GMT Esports,animeshniki,3813,GMT Esports,10094,6,6,7,4,0,0,GMT Esports,AMERICAS
14911,27095,Split,Decider,GMT Esports,animeshniki,animeshniki,3813,GMT Esports,10094,9,3,7,4,0,0,GMT Esports,AMERICAS
14912,27097,Bind,Decider,UGIT,SajaneX,UGIT,2320,SajaneX,3814,9,3,0,4,0,0,UGIT,AMERICAS
14912,27098,Icebox,Decider,SajaneX,UGIT,UGIT,2320,SajaneX,3814,2,10,3,0,0,0,UGIT,AMERICAS
14913,27100,Bind,Decider,ValorantEXEC,Universe,ValorantEXEC,3946,Universe,2846,11,1,3,2,0,0,ValorantEXEC,AMERICAS
14913,27101,Split,Decider,Universe,ValorantEXEC,ValorantEXEC,3946,Universe,2846,4,8,5,3,0,0,ValorantEXEC,AMERICAS
14914,27103,Bind,Decider,CrowСrowd,Moscow Five jr,CrowСrowd,1020,Moscow Five jr,3799,9,3,2,4,0,0,CrowСrowd,AMERICAS
14914,27104,Ascent,Decider,Moscow Five jr,CrowСrowd,CrowСrowd,1020,Moscow Five jr,3799,4,8,5,1,0,0,CrowСrowd,AMERICAS
14915,27106,Split,Decider,ququlity,Hypnotic Gaming,ququlity,3948,Hypnotic Gaming,3246,10,2,0,3,0,0,ququlity,AMERICAS
14915,27107,Ascent,Decider,Hypnotic Gaming,ququlity,ququlity,3948,Hypnotic Gaming,3246,3,9,4,2,0,0,ququlity,AMERICAS
14916,27109,Ascent,Decider,Team Singularity,ThunderClap,Team Singularity,1341,ThunderClap,3949,10,2,1,3,0,0,Team Singularity,AMERICAS
14916,27110,Bind,Decider,ThunderClap,Team Singularity,Team Singularity,1341,ThunderClap,3949,2,10,3,0,0,0,Team Singularity,AMERICAS
14917,27112,Bind,Decider,Nomads,tyeasy,Nomads,2912,tyeasy,488,4,8,5,0,0,0,tyeasy,AMERICAS
14917,27113,Haven,Decider,tyeasy,Nomads,Nomads,2912,tyeasy,488,8,4,4,5,0,0,tyeasy,AMERICAS
14918,27115,Haven,Decider,Aim.Attack,Thorns,Aim.Attack,604,Thorns,2832,10,2,3,3,0,0,Aim.Attack,AMERICAS
14918,27116,Bind,Decider,Thorns,Aim.Attack,Aim.Attack,604,Thorns,2832,6,6,2,7,0,0,Thorns,AMERICAS
14918,27117,Split,Decider,Aim.Attack,Thorns,Aim.Attack,604,Thorns,2832,4,8,4,8,2,0,Aim.Attack,AMERICAS
14919,27118,Bind,Decider,Gambit Esports,Rebellion,Gambit Esports,682,Rebellion,3950,9,3,1,4,0,0,Gambit Esports,AMERICAS
14919,27119,Ascent,Decider,Rebellion,Gambit Esports,Gambit Esports,682,Rebellion,3950,1,11,2,0,0,0,Gambit Esports,AMERICAS
14920,27121,Ascent,Decider,1280x960,dont know,dont know,3807,1280x960,3808,10,2,6,3,0,0,1280x960,AMERICAS
14920,27122,Haven,Decider,dont know,1280x960,dont know,3807,1280x960,3808,5,7,6,0,0,0,1280x960,AMERICAS
14921,27124,Haven,Decider,EZ KATKA,jaba,EZ KATKA,2845,jaba,2839,8,4,6,5,0,0,EZ KATKA,AMERICAS
14921,27125,Ascent,Decider,jaba,EZ KATKA,EZ KATKA,2845,jaba,2839,3,9,4,0,0,0,EZ KATKA,AMERICAS
14922,27127,Haven,Decider,Vengeance,forZe,forZe,108,Vengeance,1021,2,10,3,3,0,0,forZe,AMERICAS
14922,27128,Icebox,Decider,forZe,Vengeance,forZe,108,Vengeance,1021,11,1,8,2,0,0,forZe,AMERICAS
14923,27130,Bind,Decider,KABAHbl,EZclap,EZclap,3997,KABAHbl,608,6,6,6,6,2,0,KABAHbl,AMERICAS
14923,27131,Ascent,Decider,KABAHbl,EZclap,EZclap,3997,KABAHbl,608,4,8,5,2,0,0,EZclap,AMERICAS
14923,27132,Haven,Decider,KABAHbl,EZclap,EZclap,3997,KABAHbl,608,7,5,8,4,0,0,EZclap,AMERICAS
14924,27133,Bind,Decider,Team Divinity,Ksenox,Team Divinity,2049,Ksenox,2835,8,4,3,5,0,0,Team Divinity,AMERICAS
14924,27134,Split,Decider,Ksenox,Team Divinity,Team Divinity,2049,Ksenox,2835,8,4,8,4,2,0,Ksenox,AMERICAS
14924,27135,Icebox,Decider,Team Divinity,Ksenox,Team Divinity,2049,Ksenox,2835,7,5,0,6,0,0,Team Divinity,AMERICAS
14925,27136,Ascent,Decider,Save's eSports,One Breath Gaming,Save's eSports,2889,One Breath Gaming,6267,1,11,2,0,0,0,One Breath Gaming,AMERICAS
14925,27137,Split,Decider,One Breath Gaming,Save's eSports,Save's eSports,2889,One Breath Gaming,6267,9,3,0,4,0,0,One Breath Gaming,AMERICAS
14926,27139,Bind,Decider,eXiLe eSports,Infinite Skill,eXiLe eSports,1189,Infinite Skill,3239,7,5,2,6,0,0,eXiLe eSports,AMERICAS
14926,27140,Ascent,Decider,Infinite Skill,eXiLe eSports,eXiLe eSports,1189,Infinite Skill,3239,4,8,5,1,0,0,eXiLe eSports,AMERICAS
14927,27142,Ascent,Decider,SMARACIS eSports,TooManyQuestions,SMARACIS eSports,3361,TooManyQuestions,2118,8,4,0,5,0,0,SMARACIS eSports,AMERICAS
14927,27143,Haven,Decider,SMARACIS eSports,TooManyQuestions,SMARACIS eSports,3361,TooManyQuestions,2118,7,5,6,6,0,0,SMARACIS eSports,AMERICAS
14928,27145,Icebox,Decider,GMT Esports,UGIT,GMT Esports,10094,UGIT,2320,10,2,5,3,0,0,GMT Esports,AMERICAS
14928,27146,Bind,Decider,UGIT,GMT Esports,GMT Esports,10094,UGIT,2320,8,4,4,5,0,0,UGIT,AMERICAS
14928,27147,Split,Decider,GMT Esports,UGIT,GMT Esports,10094,UGIT,2320,11,1,0,2,0,0,GMT Esports,AMERICAS
14929,27148,Bind,CrowСrowd,ValorantEXEC,CrowСrowd,ValorantEXEC,3946,CrowСrowd,1020,3,9,4,4,0,0,CrowСrowd,AMERICAS
14929,27149,Ascent,ValorantEXEC,CrowСrowd,ValorantEXEC,ValorantEXEC,3946,CrowСrowd,1020,10,2,3,3,0,0,CrowСrowd,AMERICAS
14930,27151,Ascent,Decider,ququlity,Team Singularity,ququlity,3948,Team Singularity,1341,3,9,4,2,0,0,Team Singularity,AMERICAS
14930,27152,Split,Decider,Team Singularity,ququlity,ququlity,3948,Team Singularity,1341,6,6,1,7,0,0,Team Singularity,AMERICAS
14931,27154,Haven,Decider,tyeasy,Aim.Attack,tyeasy,488,Aim.Attack,604,10,2,0,3,0,0,tyeasy,AMERICAS
14931,27155,Bind,Decider,Aim.Attack,tyeasy,tyeasy,488,Aim.Attack,604,8,4,7,5,0,0,Aim.Attack,AMERICAS
14931,27156,Split,Decider,tyeasy,Aim.Attack,tyeasy,488,Aim.Attack,604,3,9,3,9,2,4,Aim.Attack,AMERICAS
14932,27157,Ascent,Decider,Gambit Esports,1280x960,Gambit Esports,682,1280x960,3808,9,3,2,4,0,0,Gambit Esports,AMERICAS
14932,27158,Split,Decider,1280x960,Gambit Esports,Gambit Esports,682,1280x960,3808,1,11,2,0,0,0,Gambit Esports,AMERICAS
14933,27160,Haven,Decider,EZ KATKA,forZe,EZ KATKA,2845,forZe,108,5,7,6,1,0,0,forZe,AMERICAS
14933,27161,Bind,Decider,forZe,EZ KATKA,EZ KATKA,2845,forZe,108,11,1,5,2,0,0,forZe,AMERICAS
14935,27166,Icebox,Decider,eXiLe eSports,One Breath Gaming,One Breath Gaming,6267,eXiLe eSports,1189,1,11,2,5,0,0,One Breath Gaming,AMERICAS
14935,27167,Ascent,Decider,eXiLe eSports,One Breath Gaming,One Breath Gaming,6267,eXiLe eSports,1189,8,4,9,3,0,0,One Breath Gaming,AMERICAS
14936,27169,Bind,Decider,SMARACIS eSports,GMT Esports,SMARACIS eSports,3361,GMT Esports,10094,4,8,5,4,0,0,GMT Esports,AMERICAS
14936,27170,Icebox,Decider,GMT Esports,SMARACIS eSports,SMARACIS eSports,3361,GMT Esports,10094,7,5,8,4,0,0,SMARACIS eSports,AMERICAS
14936,27171,Haven,Decider,SMARACIS eSports,GMT Esports,SMARACIS eSports,3361,GMT Esports,10094,6,6,7,2,0,0,GMT Esports,AMERICAS
14944,27193,Ascent,Decider,CrowСrowd,Team Singularity,CrowСrowd,1020,Team Singularity,1341,4,8,5,2,0,0,Team Singularity,AMERICAS
14944,27194,Icebox,Decider,Team Singularity,CrowСrowd,CrowСrowd,1020,Team Singularity,1341,5,7,6,0,0,0,CrowСrowd,AMERICAS
14944,27195,Bind,Decider,CrowСrowd,Team Singularity,CrowСrowd,1020,Team Singularity,1341,9,3,9,3,0,2,Team Singularity,AMERICAS
14946,27199,Split,Team Divinity,forZe,Team Divinity,forZe,108,Team Divinity,2049,8,4,0,5,0,0,forZe,AMERICAS
14946,27200,Icebox,forZe,Team Divinity,forZe,forZe,108,Team Divinity,2049,1,11,2,0,0,0,forZe,AMERICAS
14945,27196,Ascent,Decider,Aim.Attack,Gambit Esports,Aim.Attack,604,Gambit Esports,682,1,11,2,1,0,0,Gambit Esports,AMERICAS
14945,27197,Bind,Decider,Gambit Esports,Aim.Attack,Aim.Attack,604,Gambit Esports,682,7,5,7,5,6,4,Gambit Esports,AMERICAS
14947,27202,Haven,Decider,GMT Esports,One Breath Gaming,One Breath Gaming,6267,GMT Esports,10094,3,9,4,5,0,0,One Breath Gaming,AMERICAS
14947,27203,Icebox,Decider,GMT Esports,One Breath Gaming,One Breath Gaming,6267,GMT Esports,10094,5,7,2,8,0,0,GMT Esports,AMERICAS
14947,27204,Split,Decider,One Breath Gaming,GMT Esports,One Breath Gaming,6267,GMT Esports,10094,3,9,4,5,0,0,GMT Esports,AMERICAS
14937,27172,Bind,CrowСrowd,Gambit Esports,CrowСrowd,Gambit Esports,682,CrowСrowd,1020,4,8,5,2,0,0,CrowСrowd,AMERICAS
14937,27173,Icebox,Gambit Esports,Gambit Esports,CrowСrowd,Gambit Esports,682,CrowСrowd,1020,4,8,5,1,0,0,CrowСrowd,AMERICAS
14938,27175,Ascent,Team Singularity,Team Singularity,One Breath Gaming,One Breath Gaming,6267,Team Singularity,1341,5,7,5,7,4,2,Team Singularity,AMERICAS
14938,27176,Icebox,One Breath Gaming,Team Singularity,One Breath Gaming,One Breath Gaming,6267,Team Singularity,1341,5,7,5,7,2,0,Team Singularity,AMERICAS
14939,27178,Haven,Aim.Attack,Aim.Attack,forZe,forZe,108,Aim.Attack,604,3,9,4,2,0,0,forZe,AMERICAS
14939,27179,Bind,forZe,Aim.Attack,forZe,forZe,108,Aim.Attack,604,4,8,5,7,0,0,forZe,AMERICAS
14940,27181,Split,Team Divinity,GMT Esports,Team Divinity,GMT Esports,10094,Team Divinity,2049,8,4,2,5,0,0,GMT Esports,AMERICAS
14940,27182,Bind,GMT Esports,Team Divinity,GMT Esports,GMT Esports,10094,Team Divinity,2049,5,7,6,5,0,0,GMT Esports,AMERICAS
14941,27184,Ascent,Team Singularity,CrowСrowd,Team Singularity,CrowСrowd,1020,Team Singularity,1341,7,5,8,2,0,0,Team Singularity,AMERICAS
14941,27185,Icebox,CrowСrowd,Team Singularity,CrowСrowd,CrowСrowd,1020,Team Singularity,1341,6,6,6,6,1,3,CrowСrowd,AMERICAS
14941,27186,Bind,Decider,CrowСrowd,Team Singularity,CrowСrowd,1020,Team Singularity,1341,11,1,0,2,0,0,CrowСrowd,AMERICAS
14942,27187,Split,GMT Esports,forZe,GMT Esports,forZe,108,GMT Esports,10094,11,1,4,2,0,0,forZe,AMERICAS
14942,27188,Icebox,forZe,GMT Esports,forZe,forZe,108,GMT Esports,10094,6,6,7,3,0,0,forZe,AMERICAS
14943,27190,Bind,CrowСrowd,forZe,CrowСrowd,CrowСrowd,1020,forZe,108,9,3,1,4,0,0,forZe,AMERICAS
14943,27191,Split,forZe,CrowСrowd,forZe,CrowСrowd,1020,forZe,108,7,5,2,6,0,0,CrowСrowd,AMERICAS
14943,27192,Ascent,CrowСrowd,forZe,CrowСrowd,CrowСrowd,1020,forZe,108,4,8,5,3,0,0,CrowСrowd,AMERICAS
14943,29167,Haven,forZe,forZe,CrowСrowd,CrowСrowd,1020,forZe,108,11,1,2,2,0,0,forZe,AMERICAS
14943,29168,Icebox,Decider,forZe,CrowСrowd,CrowСrowd,1020,forZe,108,5,7,5,7,5,3,forZe,AMERICAS
14981,27301,Ascent,Decider,XENEX,19esports,XENEX,3533,19esports,6139,4,8,5,3,0,0,19esports,AMERICAS
14981,27302,Bind,Decider,19esports,XENEX,XENEX,3533,19esports,6139,10,2,0,3,0,0,19esports,AMERICAS
14949,27205,Haven,Decider,ExtraOrdinary,Purple Puff Gang,Purple Puff Gang,3815,ExtraOrdinary,3381,10,2,2,3,0,0,ExtraOrdinary,AMERICAS
14949,27206,Bind,Decider,Purple Puff Gang,ExtraOrdinary,Purple Puff Gang,3815,ExtraOrdinary,3381,2,10,3,0,0,0,ExtraOrdinary,AMERICAS
14953,27217,Split,Decider,Project GreyWing,Ballista,Project GreyWing,3027,Ballista,2566,2,10,3,1,0,0,Ballista,AMERICAS
14953,27218,Ascent,Decider,Project GreyWing,Ballista,Project GreyWing,3027,Ballista,2566,3,9,4,4,0,0,Ballista,AMERICAS
14954,27220,Ascent,Decider,Unknown,DIVAN,Unknown,3818,DIVAN,3400,0,12,1,0,0,0,DIVAN,AMERICAS
14954,27221,Bind,Decider,DIVAN,Unknown,Unknown,3818,DIVAN,3400,11,1,0,2,0,0,DIVAN,AMERICAS
14956,27226,Split,Decider,Lujminosity,Edelweiss Esports,Lujminosity,3820,Edelweiss Esports,2607,1,11,2,4,0,0,Edelweiss Esports,AMERICAS
14956,27227,Bind,Decider,Edelweiss Esports,Lujminosity,Lujminosity,3820,Edelweiss Esports,2607,9,3,0,4,0,0,Edelweiss Esports,AMERICAS
14957,27229,Ascent,Decider,krecinosy,Patchwork,krecinosy,3906,Patchwork,2642,5,7,6,1,0,0,Patchwork,AMERICAS
14957,27230,Haven,Decider,Patchwork,krecinosy,krecinosy,3906,Patchwork,2642,9,3,0,4,0,0,Patchwork,AMERICAS
14958,27232,Bind,Decider,TOOOLS esports,fReya,TOOOLS esports,3821,fReya,3907,11,1,5,2,0,0,TOOOLS esports,AMERICAS
14958,27233,Haven,Decider,TOOOLS esports,fReya,TOOOLS esports,3821,fReya,3907,7,5,3,6,0,0,TOOOLS esports,AMERICAS
14959,27235,Haven,Decider,Team Vitality,Vertical Seven Esports,Team Vitality,2059,Vertical Seven Esports,3822,10,2,0,3,0,0,Team Vitality,AMERICAS
14959,27236,Ascent,Decider,Vertical Seven Esports,Team Vitality,Team Vitality,2059,Vertical Seven Esports,3822,0,12,1,0,0,0,Team Vitality,AMERICAS
14960,27238,Bind,Decider,Circe,BadTurtles Esport,Circe,1816,BadTurtles Esport,2637,4,8,5,0,0,0,BadTurtles Esport,AMERICAS
14960,27239,Ascent,Decider,Circe,BadTurtles Esport,Circe,1816,BadTurtles Esport,2637,5,7,5,7,4,2,Circe,AMERICAS
14960,27240,Haven,Decider,Circe,BadTurtles Esport,Circe,1816,BadTurtles Esport,2637,9,3,0,4,0,0,Circe,AMERICAS
14961,27241,Bind,Decider,BREAK Gaming,keepYOURskill,BREAK Gaming,3833,keepYOURskill,556,3,9,4,1,0,0,keepYOURskill,AMERICAS
14961,27242,Haven,Decider,keepYOURskill,BREAK Gaming,BREAK Gaming,3833,keepYOURskill,556,10,2,3,3,0,0,keepYOURskill,AMERICAS
14962,27244,Ascent,Decider,Virgeneshastalos40,CE Calling,CE Calling,3604,Virgeneshastalos40,3834,1,11,2,0,0,0,CE Calling,AMERICAS
14962,27928,Bind,Decider,CE Calling,Virgeneshastalos40,CE Calling,3604,Virgeneshastalos40,3834,12,0,0,1,0,0,CE Calling,AMERICAS
14963,27247,Bind,Decider,99Crooks,Next Big Thing,Next Big Thing,3835,99Crooks,1895,9,3,3,4,0,0,99Crooks,AMERICAS
14963,27248,Split,Decider,99Crooks,Next Big Thing,Next Big Thing,3835,99Crooks,1895,12,0,0,1,0,0,99Crooks,AMERICAS
14964,27250,Icebox,Decider,G2 Esports,1337va,G2 Esports,257,1337va,3836,6,6,1,7,0,0,G2 Esports,AMERICAS
14964,27251,Ascent,Decider,1337va,G2 Esports,G2 Esports,257,1337va,3836,4,8,5,0,0,0,G2 Esports,AMERICAS
14965,27253,Ascent,Decider,Average Joes,ayned,ayned,2692,Average Joes,3915,5,7,1,8,0,0,Average Joes,AMERICAS
14965,27254,Haven,Decider,ayned,Average Joes,ayned,2692,Average Joes,3915,9,3,2,4,0,0,ayned,AMERICAS
14965,27255,Split,Decider,ayned,Average Joes,ayned,2692,Average Joes,3915,7,5,8,4,0,0,Average Joes,AMERICAS
14966,27256,Icebox,Decider,Noctis,Acend,Noctis,3838,Acend,3531,2,10,3,3,0,0,Acend,AMERICAS
14966,27257,Ascent,Decider,Noctis,Acend,Noctis,3838,Acend,3531,3,9,4,1,0,0,Acend,AMERICAS
14969,27265,Bind,Decider,Dropz Esports,RCTIC,Dropz Esports,1501,RCTIC,2767,11,1,2,2,0,0,Dropz Esports,AMERICAS
14969,27266,Ascent,Decider,RCTIC,Dropz Esports,Dropz Esports,1501,RCTIC,2767,8,4,9,2,0,0,Dropz Esports,AMERICAS
14970,27268,Ascent,Decider,HN BLUE,Megastitut,HN BLUE,3841,Megastitut,686,2,10,3,0,0,0,Megastitut,AMERICAS
14970,27269,Bind,Decider,Megastitut,HN BLUE,HN BLUE,3841,Megastitut,686,10,2,0,3,0,0,Megastitut,AMERICAS
14971,27271,Ascent,Decider,Un nom esport,saiyans,saiyans,3850,Un nom esport,3851,1,11,2,1,0,0,saiyans,AMERICAS
14971,27272,Icebox,Decider,saiyans,Un nom esport,saiyans,3850,Un nom esport,3851,10,2,0,3,0,0,saiyans,AMERICAS
14972,27274,Haven,Decider,Ovation eSports,XI Gaming,Ovation eSports,1800,XI Gaming,3852,12,0,0,1,0,0,Ovation eSports,AMERICAS
14972,27275,Bind,Decider,XI Gaming,Ovation eSports,Ovation eSports,1800,XI Gaming,3852,1,11,2,4,0,0,Ovation eSports,AMERICAS
14973,27277,Bind,Decider,TryToWin,FreeAgents,TryToWin,3916,FreeAgents,3853,8,4,0,5,0,0,TryToWin,AMERICAS
14973,27278,Split,Decider,FreeAgents,TryToWin,TryToWin,3916,FreeAgents,3853,5,7,6,1,0,0,TryToWin,AMERICAS
14974,27280,Split,Decider,dgen,STAGA,dgen,3854,STAGA,2340,1,11,2,0,0,0,STAGA,AMERICAS
14974,27281,Icebox,Decider,STAGA,dgen,dgen,3854,STAGA,2340,11,1,0,2,0,0,STAGA,AMERICAS
14975,27283,Ascent,Decider,SUPD,ECENI,SUPD,3998,ECENI,3855,6,6,0,7,0,0,SUPD,AMERICAS
14975,27284,Haven,Decider,SUPD,ECENI,SUPD,3998,ECENI,3855,8,4,0,5,0,0,SUPD,AMERICAS
14976,27286,Split,Decider,Giants Gaming,Team Sinful,Giants Gaming,2304,Team Sinful,3396,9,3,1,4,0,0,Giants Gaming,AMERICAS
14976,27287,Ascent,Decider,Team Sinful,Giants Gaming,Giants Gaming,2304,Team Sinful,3396,2,10,3,0,0,0,Giants Gaming,AMERICAS
14978,27292,Bind,Decider,anorthosis famagusta esports,Say Cheese,anorthosis famagusta esports,3917,Say Cheese,3727,5,7,6,0,0,0,Say Cheese,AMERICAS
14978,27293,Haven,Decider,Say Cheese,anorthosis famagusta esports,anorthosis famagusta esports,3917,Say Cheese,3727,11,1,2,2,0,0,Say Cheese,AMERICAS
14979,27295,Ascent,Decider,HEET,IC9,HEET,2408,IC9,2337,5,7,2,8,0,0,HEET,AMERICAS
14979,27296,Split,Decider,IC9,HEET,HEET,2408,IC9,2337,2,10,3,4,0,0,HEET,AMERICAS
14980,27298,Ascent,Decider,Burning House,Swag Silicone,Burning House,3919,Swag Silicone,2012,6,6,7,1,0,0,Swag Silicone,AMERICAS
14980,27299,Bind,Decider,Swag Silicone,Burning House,Burning House,3919,Swag Silicone,2012,10,2,3,3,0,0,Swag Silicone,AMERICAS
14982,27304,Haven,Decider,wanna do streaks,Lucky Boys,Lucky Boys,3728,wanna do streaks,3857,0,12,1,0,0,0,Lucky Boys,AMERICAS
14982,27305,Split,Decider,Lucky Boys,wanna do streaks,Lucky Boys,3728,wanna do streaks,3857,11,1,0,2,0,0,Lucky Boys,AMERICAS
14983,27307,Bind,Decider,CiNOZE,Lasagna Beam,CiNOZE,3858,Lasagna Beam,3082,3,9,4,7,0,0,Lasagna Beam,AMERICAS
14983,27308,Ascent,Decider,Lasagna Beam,CiNOZE,CiNOZE,3858,Lasagna Beam,3082,8,4,2,5,0,0,Lasagna Beam,AMERICAS
14984,27310,Haven,Decider,Dem som ikke hopper,Nobility,Dem som ikke hopper,3860,Nobility,3859,12,0,2,1,0,0,Dem som ikke hopper,AMERICAS
14984,27311,Bind,Decider,Dem som ikke hopper,Nobility,Dem som ikke hopper,3860,Nobility,3859,6,6,3,7,0,0,Dem som ikke hopper,AMERICAS
14985,27313,Ascent,Decider,Békéscsabai E-sport Egyesület,15 Kings,Békéscsabai E-sport Egyesület,3861,15 Kings,3920,2,10,3,0,0,0,15 Kings,AMERICAS
14985,27932,Bind,Decider,15 Kings,Békéscsabai E-sport Egyesület,Békéscsabai E-sport Egyesület,3861,15 Kings,3920,9,3,0,4,0,0,15 Kings,AMERICAS
14986,27316,Icebox,Decider,OG,Vacuumers,Vacuumers,3862,OG,2965,8,4,1,5,0,0,OG,AMERICAS
14986,27317,Haven,Decider,OG,Vacuumers,Vacuumers,3862,OG,2965,5,7,6,1,0,0,Vacuumers,AMERICAS
14986,27318,Ascent,Decider,Vacuumers,OG,Vacuumers,3862,OG,2965,2,10,3,4,0,0,OG,AMERICAS
14987,27319,Ascent,Decider,Snipe The Monkeys,Yendez,Snipe The Monkeys,3921,Yendez,1174,8,4,9,1,0,0,Yendez,AMERICAS
14987,27320,Icebox,Decider,Yendez,Snipe The Monkeys,Snipe The Monkeys,3921,Yendez,1174,10,2,2,3,0,0,Yendez,AMERICAS
14988,27322,Split,Decider,chord,Team Prominence,chord,3863,Team Prominence,3864,2,10,3,0,0,0,Team Prominence,AMERICAS
14988,27323,Bind,Decider,Team Prominence,chord,chord,3863,Team Prominence,3864,3,9,4,2,0,0,chord,AMERICAS
14988,27324,Ascent,Decider,chord,Team Prominence,chord,3863,Team Prominence,3864,5,7,6,4,0,0,Team Prominence,AMERICAS
14989,27325,Bind,Decider,RevengeGG,Gaming Barracks,RevengeGG,3099,Gaming Barracks,3865,9,3,9,3,2,0,RevengeGG,AMERICAS
14989,27326,Haven,Decider,Gaming Barracks,RevengeGG,RevengeGG,3099,Gaming Barracks,3865,4,8,5,3,0,0,RevengeGG,AMERICAS
14990,27328,Bind,Decider,Phlox Gaming,HOMELESS,Phlox Gaming,3866,HOMELESS,3538,5,7,6,1,0,0,HOMELESS,AMERICAS
14990,27329,Split,Decider,HOMELESS,Phlox Gaming,Phlox Gaming,3866,HOMELESS,3538,8,4,3,5,0,0,HOMELESS,AMERICAS
14992,27334,Bind,Decider,noFEAR,raute 1,noFEAR,2930,raute 1,3934,5,7,5,7,1,3,raute 1,AMERICAS
14992,27335,Ascent,Decider,raute 1,noFEAR,noFEAR,2930,raute 1,3934,3,9,2,10,0,0,raute 1,AMERICAS
14993,27337,Ascent,Decider,GONEXTfast,Darren Till,GONEXTfast,3873,Darren Till,3872,3,9,4,0,0,0,Darren Till,AMERICAS
14993,27338,Haven,Decider,Darren Till,GONEXTfast,GONEXTfast,3873,Darren Till,3872,11,1,0,2,0,0,Darren Till,AMERICAS
14994,27340,Bind,Decider,Pingu Gang,EGN Esports,Pingu Gang,568,EGN Esports,4671,9,3,3,4,0,0,Pingu Gang,AMERICAS
14994,27341,Ascent,Decider,EGN Esports,Pingu Gang,Pingu Gang,568,EGN Esports,4671,8,4,8,4,2,0,EGN Esports,AMERICAS
14994,27342,Haven,Decider,Pingu Gang,EGN Esports,Pingu Gang,568,EGN Esports,4671,9,3,9,3,2,0,Pingu Gang,AMERICAS
14995,27343,Bind,Decider,Hogwarts,140 Dmg,Hogwarts,3936,140 Dmg,3874,9,3,4,4,0,0,Hogwarts,AMERICAS
14995,27344,Haven,Decider,140 Dmg,Hogwarts,Hogwarts,3936,140 Dmg,3874,3,9,4,1,0,0,Hogwarts,AMERICAS
14996,27346,Bind,Decider,UAB Kvadratine Galva,Opportunists,UAB Kvadratine Galva,3909,Opportunists,439,2,10,3,1,0,0,Opportunists,AMERICAS
14996,27347,Ascent,Decider,Opportunists,UAB Kvadratine Galva,UAB Kvadratine Galva,3909,Opportunists,439,9,3,0,4,0,0,Opportunists,AMERICAS
14997,27349,Haven,Decider,Chicago Parsnips,123TAP,Chicago Parsnips,2655,123TAP,6445,6,6,7,5,0,0,123TAP,AMERICAS
14997,27931,Bind,Decider,123TAP,Chicago Parsnips,Chicago Parsnips,2655,123TAP,6445,12,0,0,1,0,0,123TAP,AMERICAS
14998,27352,Ascent,Decider,Game Fist,Guild Esports,Game Fist,2051,Guild Esports,1209,1,11,2,0,0,0,Guild Esports,AMERICAS
14998,27353,Split,Decider,Guild Esports,Game Fist,Game Fist,2051,Guild Esports,1209,10,2,0,3,0,0,Guild Esports,AMERICAS
14999,27355,Bind,Decider,ATH esport,Movistar Riders,ATH esport,2712,Movistar Riders,2499,7,5,8,1,0,0,Movistar Riders,AMERICAS
14999,27356,Split,Decider,Movistar Riders,ATH esport,ATH esport,2712,Movistar Riders,2499,9,3,1,4,0,0,Movistar Riders,AMERICAS
15000,27358,Ascent,Decider,Billies,BIG,Billies,3941,BIG,472,7,5,7,5,0,2,BIG,AMERICAS
15000,27359,Bind,Decider,Billies,BIG,Billies,3941,BIG,472,3,9,4,1,0,0,BIG,AMERICAS
15001,27361,Haven,Decider,Hollands Trots,EWAVE Esports,Hollands Trots,3875,EWAVE Esports,3922,2,10,3,2,0,0,EWAVE Esports,AMERICAS
15001,27362,Bind,Decider,Hollands Trots,EWAVE Esports,Hollands Trots,3875,EWAVE Esports,3922,0,12,1,4,0,0,EWAVE Esports,AMERICAS
15002,27364,Haven,Decider,6'4 fully tatted,animel,animel,3065,6'4 fully tatted,1828,1,11,2,8,0,0,animel,AMERICAS
15002,27365,Split,Decider,6'4 fully tatted,animel,animel,3065,6'4 fully tatted,1828,7,5,8,3,0,0,animel,AMERICAS
15004,27370,Bind,Decider,Voltage,UCAM Esports Club,Voltage,3884,UCAM Esports Club,4616,2,10,3,0,0,0,UCAM Esports Club,AMERICAS
15004,27371,Haven,Decider,UCAM Esports Club,Voltage,Voltage,3884,UCAM Esports Club,4616,8,4,0,5,0,0,UCAM Esports Club,AMERICAS
15005,27373,Ascent,Decider,couchless,Twister Reloaded,couchless,3940,Twister Reloaded,3885,8,4,2,5,0,0,couchless,AMERICAS
15005,27374,Split,Decider,Twister Reloaded,couchless,couchless,3940,Twister Reloaded,3885,1,11,2,0,0,0,couchless,AMERICAS
15007,27381,Bind,Decider,Brakmar,Progress,Brakmar,3918,Progress,3887,3,9,4,1,0,0,Progress,AMERICAS
15007,27926,Ascent,Decider,Brakmar,Progress,Brakmar,3918,Progress,3887,6,6,5,7,0,0,Brakmar,AMERICAS
15007,27927,Haven,Decider,Brakmar,Progress,Brakmar,3918,Progress,3887,5,7,6,1,0,0,Progress,AMERICAS
15008,27382,Bind,Decider,Team Liquid,Taunt,Team Liquid,474,Taunt,3888,11,1,2,2,0,0,Team Liquid,AMERICAS
15008,27383,Ascent,Decider,Taunt,Team Liquid,Team Liquid,474,Taunt,3888,0,12,1,0,0,0,Team Liquid,AMERICAS
15009,27385,Ascent,Decider,Exception eSports,fortytwo,Exception eSports,2711,fortytwo,3889,7,5,6,6,0,0,Exception eSports,AMERICAS
15009,27386,Haven,Decider,fortytwo,Exception eSports,Exception eSports,2711,fortytwo,3889,4,8,5,0,0,0,Exception eSports,AMERICAS
15010,27388,Haven,Decider,Honvéd Esport,Lucent Esports,Honvéd Esport,8172,Lucent Esports,3923,3,9,4,6,0,0,Lucent Esports,AMERICAS
15010,27389,Ascent,Decider,Lucent Esports,Honvéd Esport,Honvéd Esport,8172,Lucent Esports,3923,7,5,4,6,0,0,Lucent Esports,AMERICAS
15011,27391,Ascent,Decider,SLAMMING GEARS,SAW,SLAMMING GEARS,2252,SAW,2755,4,8,5,0,0,0,SAW,AMERICAS
15011,27392,Bind,Decider,SAW,SLAMMING GEARS,SLAMMING GEARS,2252,SAW,2755,7,5,8,4,0,0,SLAMMING GEARS,AMERICAS
15011,27393,Split,Decider,SLAMMING GEARS,SAW,SLAMMING GEARS,2252,SAW,2755,4,8,5,2,0,0,SAW,AMERICAS
15012,27394,Ascent,Decider,Team Questionmark,GrandSpirit,Team Questionmark,2685,GrandSpirit,3924,10,2,1,3,0,0,Team Questionmark,AMERICAS
15012,27395,Bind,Decider,GrandSpirit,Team Questionmark,Team Questionmark,2685,GrandSpirit,3924,5,7,6,3,0,0,Team Questionmark,AMERICAS
15014,27400,Bind,Decider,L'institut,dior,dior,3937,L'institut,61,1,11,2,4,0,0,dior,AMERICAS
15014,27401,Split,Decider,dior,L'institut,dior,3937,L'institut,61,1,11,2,0,0,0,L'institut,AMERICAS
15014,27402,Haven,Decider,dior,L'institut,dior,3937,L'institut,61,6,6,7,2,0,0,L'institut,AMERICAS
15016,27406,Bind,Decider,Nexus Gaming,Dreamwalker,Nexus Gaming,3925,Dreamwalker,3894,4,8,3,9,0,0,Nexus Gaming,AMERICAS
15016,27407,Haven,Decider,Dreamwalker,Nexus Gaming,Nexus Gaming,3925,Dreamwalker,3894,4,8,4,8,3,1,Dreamwalker,AMERICAS
15016,27408,Ascent,Decider,Nexus Gaming,Dreamwalker,Nexus Gaming,3925,Dreamwalker,3894,7,5,8,2,0,0,Dreamwalker,AMERICAS
15017,27409,Haven,Decider,DiaXmix,iPon Esport,DiaXmix,1420,iPon Esport,576,2,10,3,0,0,0,iPon Esport,AMERICAS
15017,27410,Bind,Decider,iPon Esport,DiaXmix,DiaXmix,1420,iPon Esport,576,9,3,3,4,0,0,iPon Esport,AMERICAS
15018,27412,Ascent,Decider,Elo and Muscle,HSDIRR,Elo and Muscle,3408,HSDIRR,685,1,11,2,0,0,0,HSDIRR,AMERICAS
15018,27413,Icebox,Decider,HSDIRR,Elo and Muscle,Elo and Muscle,3408,HSDIRR,685,6,6,3,7,0,0,HSDIRR,AMERICAS
15019,27415,Ascent,Decider,Macko Esports,Pit Stop,Macko Esports,3895,Pit Stop,2330,3,9,4,3,0,0,Pit Stop,AMERICAS
15019,27416,Bind,Decider,Pit Stop,Macko Esports,Macko Esports,3895,Pit Stop,2330,7,5,7,5,4,2,Pit Stop,AMERICAS
15020,27418,Icebox,Decider,volvo peek,Inferus Esports,Inferus Esports,3090,volvo peek,3303,8,4,3,5,0,0,volvo peek,AMERICAS
15020,27419,Haven,Decider,Inferus Esports,volvo peek,Inferus Esports,3090,volvo peek,3303,2,10,3,0,0,0,volvo peek,AMERICAS
15021,27421,Bind,Decider,IVY,Team MCE,IVY,3114,Team MCE,3926,9,3,3,4,0,0,IVY,AMERICAS
15021,27422,Ascent,Decider,Team MCE,IVY,IVY,3114,Team MCE,3926,5,7,5,7,7,5,Team MCE,AMERICAS
15021,27423,Haven,Decider,Team MCE,IVY,IVY,3114,Team MCE,3926,7,5,8,2,0,0,IVY,AMERICAS
15023,27427,Haven,Decider,dfiance,FunPlus Phoenix,dfiance,3747,FunPlus Phoenix,628,4,8,5,0,0,0,FunPlus Phoenix,AMERICAS
15023,27428,Bind,Decider,dfiance,FunPlus Phoenix,dfiance,3747,FunPlus Phoenix,628,3,9,4,3,0,0,FunPlus Phoenix,AMERICAS
15025,27433,Ascent,Decider,BloodyDevils,Rogue,BloodyDevils,3395,Rogue,3904,12,0,0,1,0,0,BloodyDevils,AMERICAS
15025,27434,Split,Decider,Rogue,BloodyDevils,BloodyDevils,3395,Rogue,3904,0,12,1,0,0,0,BloodyDevils,AMERICAS
15026,27436,Haven,Decider,Capri Sun,Kuma Louis,Capri Sun,3321,Kuma Louis,2652,9,3,0,4,0,0,Capri Sun,AMERICAS
15026,27437,Bind,Decider,Kuma Louis,Capri Sun,Capri Sun,3321,Kuma Louis,2652,0,12,1,0,0,0,Capri Sun,AMERICAS
15027,27439,Haven,Decider,Bref,Team Sampi,Bref,3910,Team Sampi,1234,3,9,4,4,0,0,Team Sampi,AMERICAS
15027,27440,Bind,Decider,Team Sampi,Bref,Bref,3910,Team Sampi,1234,10,2,0,3,0,0,Team Sampi,AMERICAS
15028,27442,Haven,Decider,Rulers Esports,Humanity Project,Humanity Project,1258,Rulers Esports,2674,11,1,2,2,0,0,Rulers Esports,AMERICAS
15028,27443,Ascent,Decider,Humanity Project,Rulers Esports,Humanity Project,1258,Rulers Esports,2674,3,9,4,0,0,0,Rulers Esports,AMERICAS
15031,27451,Bind,Decider,MOUSE5,Acid Gaming - Never Refraq,MOUSE5,3901,Acid Gaming - Never Refraq,3902,7,5,6,6,0,0,MOUSE5,AMERICAS
15031,27452,Haven,Decider,Acid Gaming - Never Refraq,MOUSE5,MOUSE5,3901,Acid Gaming - Never Refraq,3902,5,7,6,1,0,0,MOUSE5,AMERICAS
15033,27457,Ascent,Decider,Team Adios,Unsigned Losers,Team Adios,3883,Unsigned Losers,2725,9,3,2,4,0,0,Team Adios,AMERICAS
15033,27458,Icebox,Decider,Unsigned Losers,Team Adios,Team Adios,3883,Unsigned Losers,2725,6,6,7,0,0,0,Team Adios,AMERICAS
15034,27460,Ascent,Decider,Projectil,LDN UTD,Projectil,3911,LDN UTD,6460,5,7,6,6,0,0,LDN UTD,AMERICAS
15034,27461,Bind,Decider,LDN UTD,Projectil,Projectil,3911,LDN UTD,6460,8,4,1,5,0,0,LDN UTD,AMERICAS
15037,27469,Bind,Decider,ehehxd,headzots,ehehxd,756,headzots,3938,7,5,8,1,0,0,headzots,AMERICAS
15037,27470,Ascent,Decider,headzots,ehehxd,ehehxd,756,headzots,3938,4,8,5,7,0,0,ehehxd,AMERICAS
15037,27471,Split,Decider,ehehxd,headzots,ehehxd,756,headzots,3938,6,6,6,6,4,2,ehehxd,AMERICAS
15039,27475,Bind,Decider,Wave Esports,toxicjulien,Wave Esports,324,toxicjulien,3912,9,3,2,4,0,0,Wave Esports,AMERICAS
15039,27476,Haven,Decider,toxicjulien,Wave Esports,Wave Esports,324,toxicjulien,3912,1,11,2,2,0,0,Wave Esports,AMERICAS
15040,27478,Haven,Decider,Rhyno Esports,Miracles,Rhyno Esports,3879,Miracles,969,7,5,7,5,1,3,Miracles,AMERICAS
15040,27479,Ascent,Decider,Miracles,Rhyno Esports,Rhyno Esports,3879,Miracles,969,8,4,4,5,0,0,Miracles,AMERICAS
15041,27481,Haven,Decider,YAZDA,nevermindgg,nevermindgg,2932,YAZDA,1903,6,6,6,6,3,1,YAZDA,AMERICAS
15041,27482,Bind,Decider,YAZDA,nevermindgg,nevermindgg,2932,YAZDA,1903,5,7,3,8,0,0,YAZDA,AMERICAS
15042,27484,Split,Decider,Prestige Esports,Illuminar Gaming,Prestige Esports,2672,Illuminar Gaming,3710,2,10,3,0,0,0,Illuminar Gaming,AMERICAS
15042,27485,Ascent,Decider,Illuminar Gaming,Prestige Esports,Prestige Esports,2672,Illuminar Gaming,3710,9,3,1,4,0,0,Illuminar Gaming,AMERICAS
15043,27487,Haven,Decider,Invicta Gaming,playmakers,playmakers,3913,Invicta Gaming,3029,3,9,4,6,0,0,playmakers,AMERICAS
15043,27488,Ascent,Decider,Invicta Gaming,playmakers,playmakers,3913,Invicta Gaming,3029,5,7,6,3,0,0,playmakers,AMERICAS
15045,27493,Bind,Decider,eSuba,MANGO,eSuba,1474,MANGO,6998,9,3,9,3,4,2,eSuba,AMERICAS
15045,27494,Ascent,Decider,MANGO,eSuba,eSuba,1474,MANGO,6998,3,9,4,1,0,0,eSuba,AMERICAS
15046,27496,Ascent,Decider,Dark Tigers,ReviveMeJett,Dark Tigers,3362,ReviveMeJett,3928,7,5,1,6,0,0,Dark Tigers,AMERICAS
15046,27497,Haven,Decider,ReviveMeJett,Dark Tigers,Dark Tigers,3362,ReviveMeJett,3928,8,4,4,5,0,0,ReviveMeJett,AMERICAS
15046,27498,Bind,Decider,Dark Tigers,ReviveMeJett,Dark Tigers,3362,ReviveMeJett,3928,10,2,0,3,0,0,Dark Tigers,AMERICAS
15047,27499,Icebox,Decider,Tarren Mill,PATATERA SQUAD,Tarren Mill,1090,PATATERA SQUAD,3709,10,2,2,3,0,0,Tarren Mill,AMERICAS
15047,27500,Haven,Decider,PATATERA SQUAD,Tarren Mill,Tarren Mill,1090,PATATERA SQUAD,3709,2,10,3,5,0,0,Tarren Mill,AMERICAS
15048,27502,Bind,Decider,Sprayz Gaming,Austrian Force,Sprayz Gaming,1533,Austrian Force,6376,7,5,7,5,3,1,Sprayz Gaming,AMERICAS
15048,27503,Ascent,Decider,Austrian Force,Sprayz Gaming,Sprayz Gaming,1533,Austrian Force,6376,5,7,2,8,0,0,Austrian Force,AMERICAS
15048,27504,Icebox,Decider,Sprayz Gaming,Austrian Force,Sprayz Gaming,1533,Austrian Force,6376,2,10,3,0,0,0,Austrian Force,AMERICAS
15049,27505,Icebox,Decider,Team Gravity,Unfamous,Team Gravity,2308,Unfamous,3870,3,9,2,10,0,0,Team Gravity,AMERICAS
15049,27506,Haven,Decider,Team Gravity,Unfamous,Team Gravity,2308,Unfamous,3870,8,4,6,5,0,0,Team Gravity,AMERICAS
15050,27508,Haven,Decider,lancaster bombers,Winfinity,lancaster bombers,3062,Winfinity,1250,2,10,3,0,0,0,Winfinity,AMERICAS
15050,27509,Split,Decider,Winfinity,lancaster bombers,lancaster bombers,3062,Winfinity,1250,7,5,2,6,0,0,Winfinity,AMERICAS
15051,27511,Ascent,Decider,Alliance,TauCeti,Alliance,2533,TauCeti,2663,10,2,2,3,0,0,Alliance,AMERICAS
15051,27512,Haven,Decider,TauCeti,Alliance,Alliance,2533,TauCeti,2663,4,8,5,1,0,0,Alliance,AMERICAS
15052,27514,Icebox,Decider,UBITEAM,Cream Real Betis,UBITEAM,2058,Cream Real Betis,1035,2,10,3,2,0,0,Cream Real Betis,AMERICAS
15052,27515,Bind,Decider,Cream Real Betis,UBITEAM,UBITEAM,2058,Cream Real Betis,1035,4,8,3,9,0,0,Cream Real Betis,AMERICAS
15053,27517,Ascent,Decider,ELO DELIVERY,HONK,ELO DELIVERY,3406,HONK,2562,2,10,3,0,0,0,HONK,AMERICAS
15053,27518,Haven,Decider,HONK,ELO DELIVERY,ELO DELIVERY,3406,HONK,2562,9,3,0,4,0,0,HONK,AMERICAS
15054,27520,Haven,Decider,Gamebreakers,Fierce,Fierce,3914,Gamebreakers,3868,1,11,2,2,0,0,Fierce,AMERICAS
15054,27521,Bind,Decider,Gamebreakers,Fierce,Fierce,3914,Gamebreakers,3868,5,7,6,6,0,0,Fierce,AMERICAS
15055,27523,Bind,Decider,DURRNATION,NEBULAA,DURRNATION,3867,NEBULAA,3724,0,12,1,0,0,0,NEBULAA,AMERICAS
15055,27524,Split,Decider,NEBULAA,DURRNATION,DURRNATION,3867,NEBULAA,3724,12,0,0,1,0,0,NEBULAA,AMERICAS
15056,27526,Split,Decider,John Howard,NOX Esports,John Howard,1558,NOX Esports,1626,11,1,8,2,0,0,John Howard,AMERICAS
15056,27527,Ascent,Decider,NOX Esports,John Howard,John Howard,1558,NOX Esports,1626,7,5,8,4,0,0,John Howard,AMERICAS
15057,27529,Icebox,Decider,Team Queso,One Good Player,One Good Player,3849,Team Queso,4538,10,2,0,3,0,0,Team Queso,AMERICAS
15057,27530,Ascent,Decider,Team Queso,One Good Player,One Good Player,3849,Team Queso,4538,8,4,0,5,0,0,Team Queso,AMERICAS
15058,27532,Bind,Decider,Out of sight,FNATIC,Out of sight,3848,FNATIC,2593,1,11,2,0,0,0,FNATIC,AMERICAS
15058,27533,Haven,Decider,Out of sight,FNATIC,Out of sight,3848,FNATIC,2593,1,11,2,0,0,0,FNATIC,AMERICAS
15059,27535,Bind,Decider,ATRAVS,Lancraft,ATRAVS,1875,Lancraft,3397,10,2,0,3,0,0,ATRAVS,AMERICAS
15059,27536,Haven,Decider,ATRAVS,Lancraft,ATRAVS,1875,Lancraft,3397,9,3,0,4,0,0,ATRAVS,AMERICAS
15061,27541,Ascent,Decider,WhynotVLR,tzatzikiklubben,WhynotVLR,2418,tzatzikiklubben,3845,10,2,10,2,2,0,WhynotVLR,AMERICAS
15061,27542,Bind,Decider,tzatzikiklubben,WhynotVLR,WhynotVLR,2418,tzatzikiklubben,3845,3,9,1,10,0,0,tzatzikiklubben,AMERICAS
15061,27543,Haven,Decider,WhynotVLR,tzatzikiklubben,WhynotVLR,2418,tzatzikiklubben,3845,8,4,3,5,0,0,WhynotVLR,AMERICAS
15063,27547,Ascent,Decider,VoltsClub,Finest,VoltsClub,3844,Finest,673,2,10,3,0,0,0,Finest,AMERICAS
15063,27548,Icebox,Decider,Finest,VoltsClub,VoltsClub,3844,Finest,673,11,1,1,2,0,0,Finest,AMERICAS
15066,27556,Bind,Decider,Oserv Esport,Team Endavant,Oserv Esport,2667,Team Endavant,12782,10,2,5,3,0,0,Oserv Esport,AMERICAS
15066,27557,Split,Decider,Team Endavant,Oserv Esport,Oserv Esport,2667,Team Endavant,12782,5,7,6,4,0,0,Oserv Esport,AMERICAS
15067,27559,Bind,Decider,Team Wukaï,Full Flashed,Team Wukaï,3034,Full Flashed,3832,3,9,4,5,0,0,Full Flashed,AMERICAS
15067,27560,Ascent,Decider,Full Flashed,Team Wukaï,Team Wukaï,3034,Full Flashed,3832,6,6,5,7,0,0,Full Flashed,AMERICAS
15068,27562,Haven,Decider,No Witness,EXCEL,No Witness,3830,EXCEL,3525,4,8,5,0,0,0,EXCEL,AMERICAS
15068,27563,Ascent,Decider,EXCEL,No Witness,No Witness,3830,EXCEL,3525,8,4,8,4,1,3,No Witness,AMERICAS
15068,27564,Bind,Decider,No Witness,EXCEL,No Witness,3830,EXCEL,3525,3,9,4,0,0,0,EXCEL,AMERICAS
15069,27565,Bind,Decider,The 300 Spartans,doneVAL,The 300 Spartans,3829,doneVAL,1191,11,1,0,2,0,0,The 300 Spartans,AMERICAS
15069,27566,Ascent,Decider,doneVAL,The 300 Spartans,The 300 Spartans,3829,doneVAL,1191,4,8,5,0,0,0,The 300 Spartans,AMERICAS
15070,27568,Bind,Decider,Team 7AM,Contactless,Team 7AM,2501,Contactless,3828,4,8,1,9,0,0,Team 7AM,AMERICAS
15070,27569,Ascent,Decider,Contactless,Team 7AM,Team 7AM,2501,Contactless,3828,6,6,7,3,0,0,Team 7AM,AMERICAS
15071,27571,Haven,Decider,Fojosok,Team Heretics,Fojosok,3827,Team Heretics,1001,1,11,2,2,0,0,Team Heretics,AMERICAS
15071,27572,Ascent,Decider,Team Heretics,Fojosok,Fojosok,3827,Team Heretics,1001,11,1,0,2,0,0,Team Heretics,AMERICAS
15072,27574,Bind,Decider,Illés Akadémia Spirit,DeftFox,Illés Akadémia Spirit,2176,DeftFox,2726,4,8,5,2,0,0,DeftFox,AMERICAS
15072,27575,Icebox,Decider,DeftFox,Illés Akadémia Spirit,Illés Akadémia Spirit,2176,DeftFox,2726,8,4,0,5,0,0,DeftFox,AMERICAS
15073,27577,Haven,Decider,Entropiq,Moose Knucklers,Entropiq,2819,Moose Knucklers,2924,10,2,2,3,0,0,Entropiq,AMERICAS
15073,27578,Split,Decider,Entropiq,Moose Knucklers,Entropiq,2819,Moose Knucklers,2924,9,3,2,4,0,0,Entropiq,AMERICAS
15074,27580,Ascent,Decider,Esport Empire,ownage,Esport Empire,3826,ownage,3653,1,11,2,4,0,0,ownage,AMERICAS
15074,27581,Haven,Decider,ownage,Esport Empire,Esport Empire,3826,ownage,3653,11,1,0,2,0,0,ownage,AMERICAS
15076,27586,Ascent,Decider,LastWind,TGV,TGV,3823,LastWind,3824,5,7,6,4,0,0,TGV,AMERICAS
15076,27587,Bind,Decider,LastWind,TGV,TGV,3823,LastWind,3824,7,5,6,6,0,0,LastWind,AMERICAS
15076,27588,Haven,Decider,LastWind,TGV,TGV,3823,LastWind,3824,10,2,4,3,0,0,LastWind,AMERICAS
15030,27448,Bind,Decider,Ninjas in Pyjamas,atreus,Ninjas in Pyjamas,3,atreus,3932,11,1,0,2,0,0,Ninjas in Pyjamas,AMERICAS
15030,27449,Split,Decider,atreus,Ninjas in Pyjamas,Ninjas in Pyjamas,3,atreus,3932,1,11,2,0,0,0,Ninjas in Pyjamas,AMERICAS
15032,27454,Bind,Decider,Chicky Bucky,sas elle,Chicky Bucky,3900,sas elle,3933,3,9,4,0,0,0,sas elle,AMERICAS
15032,27455,Split,Decider,sas elle,Chicky Bucky,Chicky Bucky,3900,sas elle,3933,10,2,0,3,0,0,sas elle,AMERICAS
15134,27760,Ascent,Decider,Finest,aljeks disciples,Finest,673,aljeks disciples,3930,9,3,3,4,0,0,Finest,AMERICAS
15134,27761,Bind,Decider,aljeks disciples,Finest,Finest,673,aljeks disciples,3930,4,8,5,3,0,0,Finest,AMERICAS
15115,27703,Bind,Decider,BloodyDevils,Capri Sun,BloodyDevils,3395,Capri Sun,3321,5,7,6,4,0,0,Capri Sun,AMERICAS
15115,27704,Ascent,Decider,Capri Sun,BloodyDevils,BloodyDevils,3395,Capri Sun,3321,4,8,3,9,0,0,Capri Sun,AMERICAS
15101,27661,Haven,Guild Esports,123TAP,Guild Esports,123TAP,6445,Guild Esports,1209,5,7,6,3,0,0,Guild Esports,AMERICAS
15101,27662,Bind,123TAP,Guild Esports,123TAP,123TAP,6445,Guild Esports,1209,7,5,2,6,0,0,Guild Esports,AMERICAS
15111,27691,Ascent,Decider,iPon Esport,HSDIRR,iPon Esport,576,HSDIRR,685,7,5,4,6,0,0,iPon Esport,AMERICAS
15111,27692,Bind,Decider,HSDIRR,iPon Esport,iPon Esport,576,HSDIRR,685,6,6,7,1,0,0,iPon Esport,AMERICAS
15093,27637,Haven,Decider,19esports,Lucky Boys,19esports,6139,Lucky Boys,3728,9,3,2,4,0,0,19esports,AMERICAS
15093,27638,Bind,Decider,Lucky Boys,19esports,19esports,6139,Lucky Boys,3728,8,4,0,5,0,0,Lucky Boys,AMERICAS
15093,27639,Split,Decider,19esports,Lucky Boys,19esports,6139,Lucky Boys,3728,8,4,2,5,0,0,19esports,AMERICAS
15114,27700,Ascent,Decider,Wolfix Gaming,FunPlus Phoenix,FunPlus Phoenix,628,Wolfix Gaming,3405,2,10,3,0,0,0,FunPlus Phoenix,AMERICAS
15114,27701,Split,Decider,Wolfix Gaming,FunPlus Phoenix,FunPlus Phoenix,628,Wolfix Gaming,3405,1,11,2,0,0,0,FunPlus Phoenix,AMERICAS
15131,27751,Bind,Decider,Team Queso,FNATIC,Team Queso,4538,FNATIC,2593,2,10,3,1,0,0,FNATIC,AMERICAS
15131,27752,Icebox,Decider,Team Queso,FNATIC,Team Queso,4538,FNATIC,2593,7,5,1,6,0,0,Team Queso,AMERICAS
15131,27753,Haven,Decider,Team Queso,FNATIC,Team Queso,4538,FNATIC,2593,2,10,3,2,0,0,FNATIC,AMERICAS
15084,27610,Ascent,Decider,99Crooks,G2 Esports,99Crooks,1895,G2 Esports,257,2,10,3,0,0,0,G2 Esports,AMERICAS
15084,27611,Bind,Decider,G2 Esports,99Crooks,99Crooks,1895,G2 Esports,257,11,1,1,2,0,0,G2 Esports,AMERICAS
15097,27649,Haven,Decider,RevengeGG,HOMELESS,RevengeGG,3099,HOMELESS,3538,4,8,5,6,0,0,HOMELESS,AMERICAS
15097,27650,Bind,Decider,HOMELESS,RevengeGG,RevengeGG,3099,HOMELESS,3538,8,4,2,5,0,0,HOMELESS,AMERICAS
15102,27664,Ascent,Decider,Movistar Riders,BIG,Movistar Riders,2499,BIG,472,6,6,5,7,0,0,Movistar Riders,AMERICAS
15102,27665,Split,Decider,Movistar Riders,BIG,Movistar Riders,2499,BIG,472,11,1,2,2,0,0,Movistar Riders,AMERICAS
15128,27742,Icebox,Decider,Alliance,Cream Real Betis,Alliance,2533,Cream Real Betis,1035,9,3,3,4,0,0,Alliance,AMERICAS
15128,27743,Haven,Decider,Cream Real Betis,Alliance,Alliance,2533,Cream Real Betis,1035,3,9,4,0,0,0,Alliance,AMERICAS
15130,27748,Haven,Decider,NEBULAA,John Howard,NEBULAA,3724,John Howard,1558,7,5,1,6,0,0,NEBULAA,AMERICAS
15130,27749,Split,Decider,John Howard,NEBULAA,NEBULAA,3724,John Howard,1558,8,4,3,5,0,0,John Howard,AMERICAS
15130,27750,Icebox,Decider,NEBULAA,John Howard,NEBULAA,3724,John Howard,1558,10,2,3,3,0,0,NEBULAA,AMERICAS
15132,27754,Haven,Decider,ATRAVS,Canity eSport,ATRAVS,1875,Canity eSport,3846,10,2,0,3,0,0,ATRAVS,AMERICAS
15132,27755,Bind,Decider,Canity eSport,ATRAVS,ATRAVS,1875,Canity eSport,3846,4,8,5,2,0,0,ATRAVS,AMERICAS
15077,27589,Ascent,Decider,ExtraOrdinary,FTW Esports,ExtraOrdinary,3381,FTW Esports,1791,5,7,6,5,0,0,FTW Esports,AMERICAS
15077,27590,Haven,Decider,ExtraOrdinary,FTW Esports,ExtraOrdinary,3381,FTW Esports,1791,3,9,4,2,0,0,FTW Esports,AMERICAS
15078,27592,Ascent,Decider,Team Kaio,NoEffort,Team Kaio,2729,NoEffort,2608,8,4,1,5,0,0,Team Kaio,AMERICAS
15078,27593,Haven,Decider,NoEffort,Team Kaio,Team Kaio,2729,NoEffort,2608,5,7,6,2,0,0,Team Kaio,AMERICAS
15079,27595,Haven,Decider,DIVAN,Ballista,Ballista,2566,DIVAN,3400,3,9,4,0,0,0,Ballista,AMERICAS
15079,27596,Bind,Decider,DIVAN,Ballista,Ballista,2566,DIVAN,3400,3,9,4,2,0,0,Ballista,AMERICAS
15080,27598,Split,Decider,KLATWA,Edelweiss Esports,KLATWA,3541,Edelweiss Esports,2607,6,6,1,7,0,0,KLATWA,AMERICAS
15080,27599,Bind,Decider,Edelweiss Esports,KLATWA,KLATWA,3541,Edelweiss Esports,2607,5,7,6,2,0,0,KLATWA,AMERICAS
15081,27601,Bind,Decider,Patchwork,TOOOLS esports,Patchwork,2642,TOOOLS esports,3821,10,2,4,3,0,0,Patchwork,AMERICAS
15081,27602,Ascent,Decider,TOOOLS esports,Patchwork,Patchwork,2642,TOOOLS esports,3821,6,6,7,4,0,0,Patchwork,AMERICAS
15086,27616,Haven,Decider,Ackerman Team,We Know The Meta,Ackerman Team,2964,We Know The Meta,3840,11,1,0,2,0,0,Ackerman Team,AMERICAS
15086,27617,Bind,Decider,We Know The Meta,Ackerman Team,Ackerman Team,2964,We Know The Meta,3840,4,8,5,2,0,0,Ackerman Team,AMERICAS
15090,27628,Ascent,Decider,SUPD,Giants Gaming,SUPD,3998,Giants Gaming,2304,3,9,4,1,0,0,Giants Gaming,AMERICAS
15090,27629,Split,Decider,Giants Gaming,SUPD,SUPD,3998,Giants Gaming,2304,11,1,0,2,0,0,Giants Gaming,AMERICAS
15094,27640,Haven,Decider,Lasagna Beam,Dem som ikke hopper,Lasagna Beam,3082,Dem som ikke hopper,3860,11,1,0,2,0,0,Lasagna Beam,AMERICAS
15094,27641,Bind,Decider,Dem som ikke hopper,Lasagna Beam,Lasagna Beam,3082,Dem som ikke hopper,3860,0,12,1,0,0,0,Lasagna Beam,AMERICAS
15100,27658,Bind,Decider,Hogwarts,Opportunists,Hogwarts,3936,Opportunists,439,3,9,4,0,0,0,Opportunists,AMERICAS
15100,27659,Haven,Decider,Opportunists,Hogwarts,Hogwarts,3936,Opportunists,439,11,1,0,2,0,0,Opportunists,AMERICAS
15106,27676,Bind,Decider,Team Liquid,Progress,Progress,3887,Team Liquid,474,9,3,0,4,0,0,Team Liquid,AMERICAS
15106,27677,Ascent,Decider,Progress,Team Liquid,Progress,3887,Team Liquid,474,3,9,4,1,0,0,Team Liquid,AMERICAS
15137,27769,Bind,Decider,The 300 Spartans,Team 7AM,The 300 Spartans,3829,Team 7AM,2501,7,5,8,1,0,0,Team 7AM,AMERICAS
15137,27770,Ascent,Decider,Team 7AM,The 300 Spartans,The 300 Spartans,3829,Team 7AM,2501,9,3,7,4,0,0,Team 7AM,AMERICAS
15138,27772,Icebox,Decider,Team Heretics,DeftFox,Team Heretics,1001,DeftFox,2726,8,4,1,5,0,0,Team Heretics,AMERICAS
15138,27773,Ascent,Decider,DeftFox,Team Heretics,Team Heretics,1001,DeftFox,2726,3,9,4,1,0,0,Team Heretics,AMERICAS
15095,27643,Icebox,Decider,15 Kings,OG,15 Kings,3920,OG,2965,2,10,3,3,0,0,OG,AMERICAS
15095,27644,Ascent,Decider,OG,15 Kings,15 Kings,3920,OG,2965,6,6,1,7,0,0,OG,AMERICAS
15139,27775,Ascent,Decider,Entropiq,ownage,Entropiq,2819,ownage,3653,5,7,4,8,0,0,Entropiq,AMERICAS
15139,27776,Haven,Decider,ownage,Entropiq,Entropiq,2819,ownage,3653,5,7,6,6,0,0,Entropiq,AMERICAS
15082,27604,Haven,Decider,Circe,Team Vitality,Team Vitality,2059,Circe,1816,5,7,6,1,0,0,Team Vitality,AMERICAS
15082,27605,Ascent,Decider,Circe,Team Vitality,Team Vitality,2059,Circe,1816,2,10,3,2,0,0,Team Vitality,AMERICAS
15083,27929,Haven,Decider,keepYOURskill,CE Calling,keepYOURskill,556,CE Calling,3604,2,10,3,3,0,0,CE Calling,AMERICAS
15083,27930,Bind,Decider,CE Calling,keepYOURskill,keepYOURskill,556,CE Calling,3604,7,5,3,6,0,0,CE Calling,AMERICAS
15085,27613,Ascent,Decider,Average Joes,Acend,Average Joes,3915,Acend,3531,3,9,4,6,0,0,Acend,AMERICAS
15085,27614,Bind,Decider,Acend,Average Joes,Average Joes,3915,Acend,3531,10,2,3,3,0,0,Acend,AMERICAS
15087,27619,Ascent,Decider,Dropz Esports,Megastitut,Dropz Esports,1501,Megastitut,686,7,5,8,2,0,0,Megastitut,AMERICAS
15087,27620,Bind,Decider,Megastitut,Dropz Esports,Dropz Esports,1501,Megastitut,686,12,0,0,1,0,0,Megastitut,AMERICAS
15088,27622,Bind,Decider,saiyans,Ovation eSports,saiyans,3850,Ovation eSports,1800,1,11,2,2,0,0,Ovation eSports,AMERICAS
15088,27623,Ascent,Decider,Ovation eSports,saiyans,saiyans,3850,Ovation eSports,1800,6,6,4,7,0,0,Ovation eSports,AMERICAS
15089,27625,Icebox,Decider,TryToWin,STAGA,TryToWin,3916,STAGA,2340,6,6,7,4,0,0,STAGA,AMERICAS
15089,27626,Haven,Decider,TryToWin,STAGA,TryToWin,3916,STAGA,2340,4,8,5,5,0,0,STAGA,AMERICAS
15091,27631,Bind,Decider,HN RED,Say Cheese,HN RED,3856,Say Cheese,3727,4,8,5,6,0,0,Say Cheese,AMERICAS
15091,27632,Haven,Decider,Say Cheese,HN RED,HN RED,3856,Say Cheese,3727,10,2,1,3,0,0,Say Cheese,AMERICAS
15092,27634,Ascent,Decider,HEET,Swag Silicone,HEET,2408,Swag Silicone,2012,9,3,6,4,0,0,HEET,AMERICAS
15092,27635,Icebox,Decider,Swag Silicone,HEET,HEET,2408,Swag Silicone,2012,8,4,9,3,0,0,HEET,AMERICAS
15096,27646,Split,Decider,Yendez,Team Prominence,Yendez,1174,Team Prominence,3864,9,3,0,4,0,0,Yendez,AMERICAS
15096,27647,Ascent,Decider,Team Prominence,Yendez,Yendez,1174,Team Prominence,3864,3,9,4,1,0,0,Yendez,AMERICAS
15103,27667,Icebox,Decider,EWAVE Esports,animel,EWAVE Esports,3922,animel,3065,3,9,4,0,0,0,animel,AMERICAS
15103,27933,Bind,Decider,animel,EWAVE Esports,EWAVE Esports,3922,animel,3065,9,3,2,4,0,0,animel,AMERICAS
15104,27670,Ascent,Decider,eMonkeyz Club,UCAM Esports Club,eMonkeyz Club,2687,UCAM Esports Club,4616,9,3,4,4,0,0,eMonkeyz Club,AMERICAS
15104,27671,Split,Decider,UCAM Esports Club,eMonkeyz Club,eMonkeyz Club,2687,UCAM Esports Club,4616,6,6,7,3,0,0,eMonkeyz Club,AMERICAS
15105,27673,Ascent,Decider,couchless,Esport Szombathely,couchless,3940,Esport Szombathely,3886,5,7,4,8,0,0,couchless,AMERICAS
15105,27674,Haven,Decider,Esport Szombathely,couchless,couchless,3940,Esport Szombathely,3886,2,10,3,3,0,0,couchless,AMERICAS
15107,27679,Haven,Decider,Exception eSports,Lucent Esports,Exception eSports,2711,Lucent Esports,3923,8,4,4,5,0,0,Exception eSports,AMERICAS
15107,27680,Ascent,Decider,Lucent Esports,Exception eSports,Exception eSports,2711,Lucent Esports,3923,10,2,0,3,0,0,Lucent Esports,AMERICAS
15107,27681,Bind,Decider,Exception eSports,Lucent Esports,Exception eSports,2711,Lucent Esports,3923,4,8,5,3,0,0,Lucent Esports,AMERICAS
15108,27682,Haven,Decider,SAW,Team Questionmark,SAW,2755,Team Questionmark,2685,7,5,3,6,0,0,SAW,AMERICAS
15108,27683,Ascent,Decider,Team Questionmark,SAW,SAW,2755,Team Questionmark,2685,1,11,2,0,0,0,SAW,AMERICAS
15109,27685,Split,Decider,Valorant Team,L'institut,Valorant Team,3891,L'institut,61,1,11,2,0,0,0,L'institut,AMERICAS
15109,27686,Ascent,Decider,L'institut,Valorant Team,Valorant Team,3891,L'institut,61,10,2,0,3,0,0,L'institut,AMERICAS
15112,27694,Ascent,Decider,volvo peek,Pit Stop,Pit Stop,2330,volvo peek,3303,6,6,7,3,0,0,Pit Stop,AMERICAS
15112,27695,Icebox,Decider,Pit Stop,volvo peek,Pit Stop,2330,volvo peek,3303,2,10,3,0,0,0,volvo peek,AMERICAS
15112,27696,Bind,Decider,Pit Stop,volvo peek,Pit Stop,2330,volvo peek,3303,4,8,5,5,0,0,volvo peek,AMERICAS
15116,27706,Bind,Decider,Team Sampi,Rulers Esports,Team Sampi,1234,Rulers Esports,2674,5,7,6,6,0,0,Rulers Esports,AMERICAS
15116,27707,Icebox,Decider,Rulers Esports,Team Sampi,Team Sampi,1234,Rulers Esports,2674,5,7,6,5,0,0,Team Sampi,AMERICAS
15116,27708,Haven,Decider,Team Sampi,Rulers Esports,Team Sampi,1234,Rulers Esports,2674,6,6,3,7,0,0,Team Sampi,AMERICAS
15117,27709,Ascent,Decider,Take A Nap,Ninjas in Pyjamas,Take A Nap,2691,Ninjas in Pyjamas,3,0,12,1,1,0,0,Ninjas in Pyjamas,AMERICAS
15117,27710,Bind,Decider,Ninjas in Pyjamas,Take A Nap,Take A Nap,2691,Ninjas in Pyjamas,3,8,4,0,5,0,0,Ninjas in Pyjamas,AMERICAS
15118,27712,Icebox,Decider,sas elle,MOUSE5,MOUSE5,3901,sas elle,3933,3,9,2,10,0,0,sas elle,AMERICAS
15118,27713,Haven,Decider,sas elle,MOUSE5,MOUSE5,3901,sas elle,3933,5,7,6,2,0,0,MOUSE5,AMERICAS
15118,27714,Split,Decider,MOUSE5,sas elle,MOUSE5,3901,sas elle,3933,6,6,7,4,0,0,sas elle,AMERICAS
15119,27715,Ascent,Decider,Team Adios,LDN UTD,Team Adios,3883,LDN UTD,6460,5,7,6,3,0,0,LDN UTD,AMERICAS
15119,27716,Icebox,Decider,LDN UTD,Team Adios,Team Adios,3883,LDN UTD,6460,8,4,5,5,0,0,LDN UTD,AMERICAS
15120,27718,Haven,Decider,TEMPO,young talents,young talents,3006,TEMPO,2635,7,5,7,5,2,4,young talents,AMERICAS
15120,27719,Split,Decider,TEMPO,young talents,young talents,3006,TEMPO,2635,9,3,1,4,0,0,TEMPO,AMERICAS
15120,27720,Ascent,Decider,young talents,TEMPO,young talents,3006,TEMPO,2635,6,6,7,4,0,0,TEMPO,AMERICAS
15122,27724,Bind,Decider,Wave Esports,Miracles,Wave Esports,324,Miracles,969,9,3,2,4,0,0,Wave Esports,AMERICAS
15122,27725,Haven,Decider,Miracles,Wave Esports,Wave Esports,324,Miracles,969,4,8,5,0,0,0,Wave Esports,AMERICAS
15123,27727,Ascent,Decider,YAZDA,Illuminar Gaming,YAZDA,1903,Illuminar Gaming,3710,3,9,4,4,0,0,Illuminar Gaming,AMERICAS
15123,27728,Icebox,Decider,Illuminar Gaming,YAZDA,YAZDA,1903,Illuminar Gaming,3710,10,2,0,3,0,0,Illuminar Gaming,AMERICAS
15124,27730,Ascent,Decider,playmakers,INCENTIVE,playmakers,3913,INCENTIVE,3878,5,7,3,8,0,0,playmakers,AMERICAS
15124,27731,Bind,Decider,INCENTIVE,playmakers,playmakers,3913,INCENTIVE,3878,3,9,4,0,0,0,playmakers,AMERICAS
15125,27733,Haven,Decider,eSuba,Dark Tigers,eSuba,1474,Dark Tigers,3362,8,4,3,5,0,0,eSuba,AMERICAS
15125,27734,Ascent,Decider,Dark Tigers,eSuba,eSuba,1474,Dark Tigers,3362,10,2,2,3,0,0,Dark Tigers,AMERICAS
15125,27735,Bind,Decider,eSuba,Dark Tigers,eSuba,1474,Dark Tigers,3362,11,1,4,2,0,0,eSuba,AMERICAS
15126,27736,Ascent,Decider,Tarren Mill,Austrian Force,Tarren Mill,1090,Austrian Force,6376,11,1,0,2,0,0,Tarren Mill,AMERICAS
15126,27737,Haven,Decider,Austrian Force,Tarren Mill,Tarren Mill,1090,Austrian Force,6376,5,7,6,5,0,0,Tarren Mill,AMERICAS
15127,27739,Haven,Decider,Team Gravity,Winfinity,Team Gravity,2308,Winfinity,1250,9,3,7,4,0,0,Team Gravity,AMERICAS
15127,27740,Bind,Decider,Winfinity,Team Gravity,Team Gravity,2308,Winfinity,1250,4,8,5,4,0,0,Team Gravity,AMERICAS
15129,27745,Split,Decider,HONK,Fierce,HONK,2562,Fierce,3914,12,0,0,1,0,0,HONK,AMERICAS
15129,27746,Haven,Decider,HONK,Fierce,HONK,2562,Fierce,3914,10,2,0,3,0,0,HONK,AMERICAS
15133,27757,Ascent,Decider,FlyMatez,WhynotVLR,WhynotVLR,2418,FlyMatez,3007,5,7,6,1,0,0,WhynotVLR,AMERICAS
15133,27758,Bind,Decider,WhynotVLR,FlyMatez,WhynotVLR,2418,FlyMatez,3007,10,2,2,3,0,0,WhynotVLR,AMERICAS
15135,27763,Ascent,Decider,Rix.GG Thunder,Oserv Esport,Rix.GG Thunder,2373,Oserv Esport,2667,9,3,6,4,0,0,Rix.GG Thunder,AMERICAS
15135,27764,Bind,Decider,Oserv Esport,Rix.GG Thunder,Rix.GG Thunder,2373,Oserv Esport,2667,2,10,3,0,0,0,Rix.GG Thunder,AMERICAS
15136,27766,Haven,Decider,Full Flashed,EXCEL,Full Flashed,3832,EXCEL,3525,1,11,2,0,0,0,EXCEL,AMERICAS
15136,27767,Bind,Decider,EXCEL,Full Flashed,Full Flashed,3832,EXCEL,3525,10,2,0,3,0,0,EXCEL,AMERICAS
15099,27655,Bind,Decider,Darren Till,Pingu Gang,Darren Till,3872,Pingu Gang,568,5,7,6,4,0,0,Pingu Gang,AMERICAS
15099,27656,Ascent,Decider,Pingu Gang,Darren Till,Darren Till,3872,Pingu Gang,568,6,6,7,4,0,0,Darren Till,AMERICAS
15099,27657,Haven,Decider,Darren Till,Pingu Gang,Darren Till,3872,Pingu Gang,568,10,2,2,3,0,0,Darren Till,AMERICAS
15110,27688,Bind,Decider,Dreamwalker,Paint 3D,Paint 3D,3893,Dreamwalker,3894,9,3,5,4,0,0,Dreamwalker,AMERICAS
15110,27689,Ascent,Decider,Dreamwalker,Paint 3D,Paint 3D,3893,Dreamwalker,3894,5,7,1,8,0,0,Dreamwalker,AMERICAS
15113,27697,Bind,Decider,IVY,McDDonalds Esports,IVY,3114,McDDonalds Esports,3896,8,4,0,5,0,0,IVY,AMERICAS
15113,27698,Ascent,Decider,McDDonalds Esports,IVY,IVY,3114,McDDonalds Esports,3896,3,9,4,4,0,0,IVY,AMERICAS
15140,27778,Bind,Decider,Ambitious,LastWind,Ambitious,2636,LastWind,3824,7,5,1,6,0,0,Ambitious,AMERICAS
15140,27779,Ascent,Decider,LastWind,Ambitious,Ambitious,2636,LastWind,3824,0,12,1,0,0,0,Ambitious,AMERICAS
15144,27781,Ascent,Decider,FTW Esports,Team Kaio,FTW Esports,1791,Team Kaio,2729,9,3,2,4,0,0,FTW Esports,AMERICAS
15144,27782,Haven,Decider,FTW Esports,Team Kaio,FTW Esports,1791,Team Kaio,2729,10,2,0,3,0,0,FTW Esports,AMERICAS
15145,27784,Split,Decider,Ballista,KLATWA,Ballista,2566,KLATWA,3541,8,4,9,3,0,0,KLATWA,AMERICAS
15145,27785,Bind,Decider,KLATWA,Ballista,Ballista,2566,KLATWA,3541,5,7,1,8,0,0,KLATWA,AMERICAS
15146,27787,Icebox,Decider,Team Vitality,Patchwork,Patchwork,2642,Team Vitality,2059,7,5,4,6,0,0,Team Vitality,AMERICAS
15146,27788,Haven,Decider,Patchwork,Team Vitality,Patchwork,2642,Team Vitality,2059,6,6,2,7,0,0,Patchwork,AMERICAS
15146,27789,Ascent,Decider,Team Vitality,Patchwork,Patchwork,2642,Team Vitality,2059,9,3,1,4,0,0,Team Vitality,AMERICAS
15147,27790,Ascent,Decider,CE Calling,G2 Esports,CE Calling,3604,G2 Esports,257,8,4,8,4,5,7,G2 Esports,AMERICAS
15147,27791,Bind,Decider,G2 Esports,CE Calling,CE Calling,3604,G2 Esports,257,9,3,3,4,0,0,G2 Esports,AMERICAS
15148,27793,Haven,Decider,Acend,Ackerman Team,Acend,3531,Ackerman Team,2964,11,1,0,2,0,0,Acend,AMERICAS
15148,27794,Ascent,Decider,Ackerman Team,Acend,Acend,3531,Ackerman Team,2964,5,7,6,0,0,0,Acend,AMERICAS
15149,27796,Haven,Decider,Megastitut,Ovation eSports,Megastitut,686,Ovation eSports,1800,8,4,3,5,0,0,Megastitut,AMERICAS
15149,27797,Bind,Decider,Ovation eSports,Megastitut,Megastitut,686,Ovation eSports,1800,4,8,5,3,0,0,Megastitut,AMERICAS
15150,27799,Bind,Decider,STAGA,Giants Gaming,STAGA,2340,Giants Gaming,2304,4,8,5,4,0,0,Giants Gaming,AMERICAS
15150,27800,Split,Decider,Giants Gaming,STAGA,STAGA,2340,Giants Gaming,2304,4,8,5,1,0,0,STAGA,AMERICAS
15150,27801,Haven,Decider,Giants Gaming,STAGA,STAGA,2340,Giants Gaming,2304,9,3,3,4,0,0,Giants Gaming,AMERICAS
15151,27802,Icebox,Decider,HEET,Say Cheese,Say Cheese,3727,HEET,2408,5,7,1,8,0,0,HEET,AMERICAS
15151,27803,Haven,Decider,Say Cheese,HEET,Say Cheese,3727,HEET,2408,5,7,6,3,0,0,HEET,AMERICAS
15152,27805,Bind,Decider,19esports,Lasagna Beam,19esports,6139,Lasagna Beam,3082,10,2,6,3,0,0,19esports,AMERICAS
15152,27806,Ascent,Decider,Lasagna Beam,19esports,19esports,6139,Lasagna Beam,3082,5,7,3,8,0,0,Lasagna Beam,AMERICAS
15152,27807,Split,Decider,19esports,Lasagna Beam,19esports,6139,Lasagna Beam,3082,4,8,5,7,0,0,Lasagna Beam,AMERICAS
15153,27808,Ascent,Decider,OG,Yendez,OG,2965,Yendez,1174,5,7,1,8,0,0,OG,AMERICAS
15153,27809,Split,Decider,Yendez,OG,OG,2965,Yendez,1174,8,4,4,5,0,0,Yendez,AMERICAS
15153,27810,Bind,Decider,OG,Yendez,OG,2965,Yendez,1174,6,6,7,4,0,0,Yendez,AMERICAS
15154,27811,Ascent,Decider,HOMELESS,raute 1,HOMELESS,3538,raute 1,3934,6,6,0,7,0,0,HOMELESS,AMERICAS
15154,27812,Bind,Decider,raute 1,HOMELESS,HOMELESS,3538,raute 1,3934,5,7,6,3,0,0,HOMELESS,AMERICAS
15155,27814,Split,Decider,Darren Till,Opportunists,Darren Till,3872,Opportunists,439,3,9,4,3,0,0,Opportunists,AMERICAS
15155,27815,Haven,Decider,Opportunists,Darren Till,Darren Till,3872,Opportunists,439,8,4,5,5,0,0,Opportunists,AMERICAS
15156,27817,Bind,Decider,Guild Esports,Movistar Riders,Guild Esports,1209,Movistar Riders,2499,11,1,2,2,0,0,Guild Esports,AMERICAS
15156,27818,Split,Decider,Movistar Riders,Guild Esports,Guild Esports,1209,Movistar Riders,2499,1,11,2,0,0,0,Guild Esports,AMERICAS
15157,27820,Split,Decider,animel,eMonkeyz Club,animel,3065,eMonkeyz Club,2687,8,4,5,5,0,0,animel,AMERICAS
15157,27821,Icebox,Decider,eMonkeyz Club,animel,animel,3065,eMonkeyz Club,2687,5,7,6,1,0,0,animel,AMERICAS
15158,27823,Ascent,Decider,couchless,Team Liquid,couchless,3940,Team Liquid,474,3,9,4,0,0,0,Team Liquid,AMERICAS
15158,27824,Haven,Decider,Team Liquid,couchless,couchless,3940,Team Liquid,474,11,1,0,2,0,0,Team Liquid,AMERICAS
15159,27826,Ascent,Decider,Lucent Esports,SAW,Lucent Esports,3923,SAW,2755,6,6,7,1,0,0,SAW,AMERICAS
15159,27827,Bind,Decider,SAW,Lucent Esports,Lucent Esports,3923,SAW,2755,7,5,5,6,0,0,SAW,AMERICAS
15160,27829,Bind,Decider,L'institut,Dreamwalker,L'institut,61,Dreamwalker,3894,9,3,4,4,0,0,L'institut,AMERICAS
15160,27830,Haven,Decider,Dreamwalker,L'institut,L'institut,61,Dreamwalker,3894,3,9,4,4,0,0,L'institut,AMERICAS
15162,27832,Ascent,Decider,iPon Esport,volvo peek,iPon Esport,576,volvo peek,3303,6,6,7,2,0,0,volvo peek,AMERICAS
15162,27833,Bind,Decider,iPon Esport,volvo peek,iPon Esport,576,volvo peek,3303,3,9,4,4,0,0,volvo peek,AMERICAS
15163,27835,Haven,Decider,FunPlus Phoenix,IVY,IVY,3114,FunPlus Phoenix,628,9,3,2,4,0,0,FunPlus Phoenix,AMERICAS
15163,27836,Bind,Decider,IVY,FunPlus Phoenix,IVY,3114,FunPlus Phoenix,628,4,8,5,3,0,0,FunPlus Phoenix,AMERICAS
15164,27838,Haven,Decider,Capri Sun,Team Sampi,Capri Sun,3321,Team Sampi,1234,5,7,6,1,0,0,Team Sampi,AMERICAS
15164,27839,Bind,Decider,Team Sampi,Capri Sun,Capri Sun,3321,Team Sampi,1234,5,7,5,7,5,7,Capri Sun,AMERICAS
15164,27840,Split,Decider,Team Sampi,Capri Sun,Capri Sun,3321,Team Sampi,1234,2,10,2,10,5,3,Team Sampi,AMERICAS
15165,27841,Bind,Decider,Ninjas in Pyjamas,sas elle,Ninjas in Pyjamas,3,sas elle,3933,10,2,0,3,0,0,Ninjas in Pyjamas,AMERICAS
15165,27842,Split,Decider,sas elle,Ninjas in Pyjamas,Ninjas in Pyjamas,3,sas elle,3933,1,11,2,3,0,0,Ninjas in Pyjamas,AMERICAS
15166,27844,Ascent,Decider,LDN UTD,TEMPO,LDN UTD,6460,TEMPO,2635,9,3,1,4,0,0,LDN UTD,AMERICAS
15166,27845,Bind,Decider,TEMPO,LDN UTD,LDN UTD,6460,TEMPO,2635,2,10,3,2,0,0,LDN UTD,AMERICAS
15167,27847,Haven,Decider,Dawn of Stars,Wave Esports,Dawn of Stars,395,Wave Esports,324,2,10,3,0,0,0,Wave Esports,AMERICAS
15167,27848,Split,Decider,Wave Esports,Dawn of Stars,Dawn of Stars,395,Wave Esports,324,8,4,6,5,0,0,Wave Esports,AMERICAS
15168,27850,Bind,Decider,Illuminar Gaming,playmakers,Illuminar Gaming,3710,playmakers,3913,7,5,3,6,0,0,Illuminar Gaming,AMERICAS
15168,27851,Split,Decider,playmakers,Illuminar Gaming,Illuminar Gaming,3710,playmakers,3913,4,8,5,0,0,0,Illuminar Gaming,AMERICAS
15169,27853,Haven,Decider,eSuba,Tarren Mill,eSuba,1474,Tarren Mill,1090,6,6,5,7,0,0,eSuba,AMERICAS
15169,27854,Icebox,Decider,Tarren Mill,eSuba,eSuba,1474,Tarren Mill,1090,9,3,8,4,0,0,Tarren Mill,AMERICAS
15169,27855,Ascent,Decider,eSuba,Tarren Mill,eSuba,1474,Tarren Mill,1090,6,6,7,4,0,0,Tarren Mill,AMERICAS
15170,27856,Icebox,Decider,Team Gravity,Alliance,Team Gravity,2308,Alliance,2533,1,11,2,8,0,0,Alliance,AMERICAS
15170,27857,Haven,Decider,Alliance,Team Gravity,Team Gravity,2308,Alliance,2533,8,4,4,5,0,0,Alliance,AMERICAS
15171,27859,Bind,Decider,HONK,NEBULAA,HONK,2562,NEBULAA,3724,9,3,4,4,0,0,HONK,AMERICAS
15171,27860,Haven,Decider,NEBULAA,HONK,HONK,2562,NEBULAA,3724,4,8,5,7,0,0,HONK,AMERICAS
15172,27862,Icebox,Decider,ATRAVS,FNATIC,FNATIC,2593,ATRAVS,1875,4,8,5,4,0,0,FNATIC,AMERICAS
15172,27863,Haven,Decider,ATRAVS,FNATIC,FNATIC,2593,ATRAVS,1875,1,11,2,0,0,0,FNATIC,AMERICAS
15173,27865,Ascent,Decider,WhynotVLR,Finest,WhynotVLR,2418,Finest,673,5,7,6,1,0,0,Finest,AMERICAS
15173,27866,Bind,Decider,Finest,WhynotVLR,WhynotVLR,2418,Finest,673,6,6,5,7,0,0,Finest,AMERICAS
15174,27868,Split,Decider,Rix.GG Thunder,EXCEL,Rix.GG Thunder,2373,EXCEL,3525,8,4,5,5,0,0,Rix.GG Thunder,AMERICAS
15174,27869,Bind,Decider,EXCEL,Rix.GG Thunder,Rix.GG Thunder,2373,EXCEL,3525,7,5,8,1,0,0,Rix.GG Thunder,AMERICAS
15175,27871,Haven,Decider,Team 7AM,Team Heretics,Team 7AM,2501,Team Heretics,1001,1,11,2,2,0,0,Team Heretics,AMERICAS
15175,27872,Ascent,Decider,Team Heretics,Team 7AM,Team 7AM,2501,Team Heretics,1001,6,6,0,7,0,0,Team Heretics,AMERICAS
15176,27874,Ascent,Decider,Entropiq,Ambitious,Entropiq,2819,Ambitious,2636,10,2,0,3,0,0,Entropiq,AMERICAS
15176,27875,Bind,Decider,Ambitious,Entropiq,Entropiq,2819,Ambitious,2636,1,11,2,0,0,0,Entropiq,AMERICAS
15177,27877,Split,Decider,FTW Esports,KLATWA,FTW Esports,1791,KLATWA,3541,4,8,5,4,0,0,KLATWA,AMERICAS
15177,27878,Ascent,Decider,KLATWA,FTW Esports,FTW Esports,1791,KLATWA,3541,8,4,9,3,0,0,FTW Esports,AMERICAS
15177,27879,Bind,Decider,FTW Esports,KLATWA,FTW Esports,1791,KLATWA,3541,7,5,8,3,0,0,KLATWA,AMERICAS
15184,27898,Split,Decider,Team Liquid,SAW,Team Liquid,474,SAW,2755,7,5,6,6,0,0,Team Liquid,AMERICAS
15184,27899,Haven,Team Liquid,SAW,Team Liquid,Team Liquid,474,SAW,2755,1,11,2,0,0,0,Team Liquid,AMERICAS
15180,27886,Split,HEET,Giants Gaming,HEET,Giants Gaming,2304,HEET,2408,9,3,3,4,0,0,Giants Gaming,AMERICAS
15180,27887,Ascent,Decider,Giants Gaming,HEET,Giants Gaming,2304,HEET,2408,7,5,0,6,0,0,Giants Gaming,AMERICAS
15185,27901,Ascent,Decider,L'institut,volvo peek,L'institut,61,volvo peek,3303,3,9,4,1,0,0,volvo peek,AMERICAS
15185,27902,Bind,Decider,L'institut,volvo peek,L'institut,61,volvo peek,3303,3,9,4,6,0,0,volvo peek,AMERICAS
15179,27883,Ascent,Megastitut,Acend,Megastitut,Acend,3531,Megastitut,686,6,6,2,7,0,0,Acend,AMERICAS
15179,27884,Haven,Acend,Megastitut,Acend,Acend,3531,Megastitut,686,3,9,4,5,0,0,Acend,AMERICAS
15182,27892,Split,Opportunists,HOMELESS,Opportunists,HOMELESS,3538,Opportunists,439,7,5,8,4,0,0,Opportunists,AMERICAS
15182,27893,Bind,HOMELESS,Opportunists,HOMELESS,HOMELESS,3538,Opportunists,439,5,7,6,6,0,0,HOMELESS,AMERICAS
15182,27894,Ascent,Decider,HOMELESS,Opportunists,HOMELESS,3538,Opportunists,439,3,9,4,4,0,0,Opportunists,AMERICAS
15183,27895,Haven,animel,animel,Guild Esports,Guild Esports,1209,animel,3065,1,11,2,0,0,0,Guild Esports,AMERICAS
15183,27896,Split,Guild Esports,animel,Guild Esports,Guild Esports,1209,animel,3065,3,9,4,1,0,0,Guild Esports,AMERICAS
15188,27910,Split,Decider,Wave Esports,Illuminar Gaming,Wave Esports,324,Illuminar Gaming,3710,7,5,5,6,0,0,Wave Esports,AMERICAS
15188,27911,Icebox,Decider,Illuminar Gaming,Wave Esports,Wave Esports,324,Illuminar Gaming,3710,3,9,4,4,0,0,Wave Esports,AMERICAS
15190,27916,Bind,FNATIC,HONK,FNATIC,HONK,2562,FNATIC,2593,7,5,8,4,0,0,FNATIC,AMERICAS
15190,27917,Ascent,HONK,HONK,FNATIC,HONK,2562,FNATIC,2593,1,11,2,6,0,0,FNATIC,AMERICAS
15192,27922,Ascent,Entropiq,Team Heretics,Entropiq,Team Heretics,1001,Entropiq,2819,6,6,7,5,0,0,Entropiq,AMERICAS
15192,27923,Haven,Team Heretics,Team Heretics,Entropiq,Team Heretics,1001,Entropiq,2819,7,5,3,6,0,0,Team Heretics,AMERICAS
15192,27924,Split,Decider,Team Heretics,Entropiq,Team Heretics,1001,Entropiq,2819,10,2,0,3,0,0,Team Heretics,AMERICAS
15187,27907,Bind,Decider,Ninjas in Pyjamas,LDN UTD,Ninjas in Pyjamas,3,LDN UTD,6460,8,4,6,5,0,0,Ninjas in Pyjamas,AMERICAS
15187,27908,Split,Decider,LDN UTD,Ninjas in Pyjamas,Ninjas in Pyjamas,3,LDN UTD,6460,1,11,2,0,0,0,Ninjas in Pyjamas,AMERICAS
15191,27919,Bind,Decider,Finest,Rix.GG Thunder,Finest,673,Rix.GG Thunder,2373,6,6,7,1,0,0,Rix.GG Thunder,AMERICAS
15191,27920,Ascent,Decider,Rix.GG Thunder,Finest,Finest,673,Rix.GG Thunder,2373,8,4,2,5,0,0,Rix.GG Thunder,AMERICAS
15178,27880,Icebox,G2 Esports,G2 Esports,Team Vitality,Team Vitality,2059,G2 Esports,257,7,5,8,4,0,0,Team Vitality,AMERICAS
15178,27881,Ascent,Team Vitality,G2 Esports,Team Vitality,Team Vitality,2059,G2 Esports,257,10,2,0,3,0,0,G2 Esports,AMERICAS
15178,27882,Split,Decider,Team Vitality,G2 Esports,Team Vitality,2059,G2 Esports,257,7,5,5,6,0,0,Team Vitality,AMERICAS
15181,27889,Ascent,Decider,Lasagna Beam,Yendez,Lasagna Beam,3082,Yendez,1174,6,6,0,7,0,0,Lasagna Beam,AMERICAS
15181,27890,Bind,Decider,Yendez,Lasagna Beam,Lasagna Beam,3082,Yendez,1174,6,6,7,0,0,0,Lasagna Beam,AMERICAS
15189,27913,Haven,Decider,Tarren Mill,Alliance,Tarren Mill,1090,Alliance,2533,8,4,8,4,0,2,Alliance,AMERICAS
15189,27914,Ascent,Decider,Alliance,Tarren Mill,Tarren Mill,1090,Alliance,2533,10,2,2,3,0,0,Alliance,AMERICAS
15186,27904,Haven,Decider,FunPlus Phoenix,Team Sampi,FunPlus Phoenix,628,Team Sampi,1234,10,2,6,3,0,0,FunPlus Phoenix,AMERICAS
15186,27905,Split,FunPlus Phoenix,Team Sampi,FunPlus Phoenix,FunPlus Phoenix,628,Team Sampi,1234,3,9,4,0,0,0,FunPlus Phoenix,AMERICAS
14827,26850,Icebox,Team Vitality,Team Vitality,KLATWA,KLATWA,3541,Team Vitality,2059,6,6,2,7,0,0,Team Vitality,AMERICAS
14827,26851,Split,KLATWA,Team Vitality,KLATWA,KLATWA,3541,Team Vitality,2059,5,7,6,3,0,0,KLATWA,AMERICAS
14827,26852,Ascent,Decider,KLATWA,Team Vitality,KLATWA,3541,Team Vitality,2059,6,6,6,6,0,2,Team Vitality,AMERICAS
14828,26853,Ascent,Giants Gaming,Acend,Giants Gaming,Acend,3531,Giants Gaming,2304,5,7,2,8,0,0,Acend,AMERICAS
14828,26854,Haven,Acend,Giants Gaming,Acend,Acend,3531,Giants Gaming,2304,3,9,4,6,0,0,Acend,AMERICAS
14829,26856,Haven,Decider,Lasagna Beam,Opportunists,Lasagna Beam,3082,Opportunists,439,3,9,4,4,0,0,Opportunists,AMERICAS
14829,26857,Ascent,Decider,Opportunists,Lasagna Beam,Lasagna Beam,3082,Opportunists,439,9,3,6,4,0,0,Opportunists,AMERICAS
14830,26859,Haven,Team Liquid,Team Liquid,Guild Esports,Guild Esports,1209,Team Liquid,474,9,3,10,2,0,0,Guild Esports,AMERICAS
14830,26860,Bind,Guild Esports,Team Liquid,Guild Esports,Guild Esports,1209,Team Liquid,474,6,6,7,2,0,0,Guild Esports,AMERICAS
15301,28197,Bind,FunPlus Phoenix,FunPlus Phoenix,volvo peek,volvo peek,3303,FunPlus Phoenix,628,8,4,1,5,0,0,FunPlus Phoenix,AMERICAS
15301,28198,Icebox,volvo peek,volvo peek,FunPlus Phoenix,volvo peek,3303,FunPlus Phoenix,628,3,9,4,8,0,0,FunPlus Phoenix,AMERICAS
15302,28200,Bind,Wave Esports,Ninjas in Pyjamas,Wave Esports,Ninjas in Pyjamas,3,Wave Esports,324,9,3,9,3,3,1,Ninjas in Pyjamas,AMERICAS
15302,28201,Split,Ninjas in Pyjamas,Wave Esports,Ninjas in Pyjamas,Ninjas in Pyjamas,3,Wave Esports,324,3,9,4,5,0,0,Ninjas in Pyjamas,AMERICAS
15303,28203,Haven,FNATIC,Alliance,FNATIC,Alliance,2533,FNATIC,2593,5,7,5,7,6,4,Alliance,AMERICAS
15303,28204,Icebox,Alliance,Alliance,FNATIC,Alliance,2533,FNATIC,2593,6,6,0,7,0,0,Alliance,AMERICAS
15304,28206,Icebox,Team Heretics,Rix.GG Thunder,Team Heretics,Rix.GG Thunder,2373,Team Heretics,1001,1,11,2,0,0,0,Team Heretics,AMERICAS
15304,28207,Ascent,Rix.GG Thunder,Team Heretics,Rix.GG Thunder,Rix.GG Thunder,2373,Team Heretics,1001,8,4,0,5,0,0,Team Heretics,AMERICAS
15306,28212,Split,Guild Esports,Opportunists,Guild Esports,Opportunists,439,Guild Esports,1209,6,6,6,6,2,0,Opportunists,AMERICAS
15306,28213,Bind,Opportunists,Guild Esports,Opportunists,Opportunists,439,Guild Esports,1209,3,9,4,1,0,0,Opportunists,AMERICAS
15305,28209,Ascent,Acend,Team Vitality,Acend,Team Vitality,2059,Acend,3531,5,7,6,2,0,0,Acend,AMERICAS
15305,28210,Split,Team Vitality,Acend,Team Vitality,Team Vitality,2059,Acend,3531,7,5,5,6,0,0,Acend,AMERICAS
15307,28215,Icebox,Decider,FunPlus Phoenix,Ninjas in Pyjamas,FunPlus Phoenix,628,Ninjas in Pyjamas,3,6,6,1,7,0,0,FunPlus Phoenix,AMERICAS
15307,28216,Bind,Decider,Ninjas in Pyjamas,FunPlus Phoenix,FunPlus Phoenix,628,Ninjas in Pyjamas,3,7,5,7,5,7,5,Ninjas in Pyjamas,AMERICAS
15307,28217,Split,Decider,Ninjas in Pyjamas,FunPlus Phoenix,FunPlus Phoenix,628,Ninjas in Pyjamas,3,4,8,5,5,0,0,FunPlus Phoenix,AMERICAS
15308,28218,Split,Team Heretics,Alliance,Team Heretics,Alliance,2533,Team Heretics,1001,10,2,11,1,0,0,Team Heretics,AMERICAS
15308,28219,Icebox,Alliance,Team Heretics,Alliance,Alliance,2533,Team Heretics,1001,6,6,7,0,0,0,Alliance,AMERICAS
15308,28220,Ascent,Decider,Alliance,Team Heretics,Alliance,2533,Team Heretics,1001,7,5,1,6,0,0,Alliance,AMERICAS
14834,26871,Haven,Ninjas in Pyjamas,Acend,Ninjas in Pyjamas,Acend,3531,Ninjas in Pyjamas,3,7,5,4,6,0,0,Acend,AMERICAS
14834,26872,Icebox,Acend,Acend,Ninjas in Pyjamas,Acend,3531,Ninjas in Pyjamas,3,1,11,2,9,0,0,Ninjas in Pyjamas,AMERICAS
14834,26873,Bind,Decider,Acend,Ninjas in Pyjamas,Acend,3531,Ninjas in Pyjamas,3,4,8,5,4,0,0,Ninjas in Pyjamas,AMERICAS
14833,26868,Split,Guild Esports,Alliance,Guild Esports,Guild Esports,1209,Alliance,2533,4,8,5,0,0,0,Guild Esports,AMERICAS
14833,26869,Haven,Alliance,Guild Esports,Alliance,Guild Esports,1209,Alliance,2533,7,5,1,6,0,0,Guild Esports,AMERICAS
14836,26877,Split,Opportunists,Team Heretics,Opportunists,Team Heretics,1001,Opportunists,439,8,4,4,5,0,0,Team Heretics,AMERICAS
14836,26878,Haven,Team Heretics,Opportunists,Team Heretics,Team Heretics,1001,Opportunists,439,7,5,3,6,0,0,Opportunists,AMERICAS
14836,26879,Ascent,Decider,Team Heretics,Opportunists,Team Heretics,1001,Opportunists,439,6,6,7,1,0,0,Opportunists,AMERICAS
14835,26874,Split,Team Vitality,Team Vitality,FunPlus Phoenix,FunPlus Phoenix,628,Team Vitality,2059,6,6,7,3,0,0,FunPlus Phoenix,AMERICAS
14835,26875,Haven,FunPlus Phoenix,Team Vitality,FunPlus Phoenix,FunPlus Phoenix,628,Team Vitality,2059,1,11,2,0,0,0,FunPlus Phoenix,AMERICAS
14837,26880,Haven,Guild Esports,Ninjas in Pyjamas,Guild Esports,Ninjas in Pyjamas,3,Guild Esports,1209,8,4,2,5,0,0,Ninjas in Pyjamas,AMERICAS
14837,26881,Bind,Ninjas in Pyjamas,Guild Esports,Ninjas in Pyjamas,Ninjas in Pyjamas,3,Guild Esports,1209,9,3,2,4,0,0,Guild Esports,AMERICAS
14837,26882,Split,Decider,Ninjas in Pyjamas,Guild Esports,Ninjas in Pyjamas,3,Guild Esports,1209,5,7,6,5,0,0,Guild Esports,AMERICAS
14838,26883,Haven,FunPlus Phoenix,Opportunists,FunPlus Phoenix,Opportunists,439,FunPlus Phoenix,628,8,4,5,5,0,0,Opportunists,AMERICAS
14838,26884,Split,Opportunists,Opportunists,FunPlus Phoenix,Opportunists,439,FunPlus Phoenix,628,5,7,6,2,0,0,FunPlus Phoenix,AMERICAS
14838,26885,Bind,Decider,Opportunists,FunPlus Phoenix,Opportunists,439,FunPlus Phoenix,628,2,10,3,2,0,0,FunPlus Phoenix,AMERICAS
14839,26886,Ascent,Guild Esports,Guild Esports,FunPlus Phoenix,Guild Esports,1209,FunPlus Phoenix,628,5,7,6,4,0,0,FunPlus Phoenix,AMERICAS
14839,26887,Icebox,FunPlus Phoenix,FunPlus Phoenix,Guild Esports,Guild Esports,1209,FunPlus Phoenix,628,8,4,1,5,0,0,FunPlus Phoenix,AMERICAS
14839,26888,Split,Guild Esports,Guild Esports,FunPlus Phoenix,Guild Esports,1209,FunPlus Phoenix,628,2,10,3,2,0,0,FunPlus Phoenix,AMERICAS
12915,22817,Bind,Ballista,Team Heretics,Ballista,Ballista,2566,Team Heretics,1001,3,9,1,10,0,0,Team Heretics,AMERICAS
12915,22818,Haven,Team Heretics,Team Heretics,Ballista,Ballista,2566,Team Heretics,1001,7,5,7,5,2,0,Team Heretics,AMERICAS
12916,22820,Ascent,Acend,Ninjas in Pyjamas,Acend,Acend,3531,Ninjas in Pyjamas,3,6,6,5,7,0,0,Ninjas in Pyjamas,AMERICAS
12916,22821,Haven,Ninjas in Pyjamas,Acend,Ninjas in Pyjamas,Acend,3531,Ninjas in Pyjamas,3,6,6,6,6,0,2,Ninjas in Pyjamas,AMERICAS
12920,22832,Split,Guild Esports,FunPlus Phoenix,Guild Esports,Guild Esports,1209,FunPlus Phoenix,628,7,5,8,3,0,0,Guild Esports,AMERICAS
12920,22833,Ascent,FunPlus Phoenix,Guild Esports,FunPlus Phoenix,Guild Esports,1209,FunPlus Phoenix,628,2,10,3,2,0,0,FunPlus Phoenix,AMERICAS
12920,22834,Icebox,Decider,Guild Esports,FunPlus Phoenix,Guild Esports,1209,FunPlus Phoenix,628,2,10,3,0,0,0,FunPlus Phoenix,AMERICAS
12921,22835,Ascent,Alliance,DfuseTeam,Alliance,Alliance,2533,DfuseTeam,1982,7,5,6,6,0,0,DfuseTeam,AMERICAS
12921,22836,Split,DfuseTeam,Alliance,DfuseTeam,Alliance,2533,DfuseTeam,1982,3,9,4,1,0,0,DfuseTeam,AMERICAS
12918,22826,Icebox,Acend,Ballista,Acend,Ballista,2566,Acend,3531,1,11,2,0,0,0,Acend,AMERICAS
12918,22827,Bind,Ballista,Acend,Ballista,Ballista,2566,Acend,3531,9,3,0,4,0,0,Acend,AMERICAS
12923,22841,Haven,Alliance,Guild Esports,Alliance,Guild Esports,1209,Alliance,2533,5,7,5,7,5,3,Guild Esports,AMERICAS
12923,22842,Split,Guild Esports,Alliance,Guild Esports,Guild Esports,1209,Alliance,2533,4,8,4,8,2,0,Alliance,AMERICAS
12923,22843,Ascent,Decider,Alliance,Guild Esports,Guild Esports,1209,Alliance,2533,8,4,9,2,0,0,Guild Esports,AMERICAS
12917,22823,Split,Ninjas in Pyjamas,Team Heretics,Ninjas in Pyjamas,Team Heretics,1001,Ninjas in Pyjamas,3,9,3,2,4,0,0,Team Heretics,AMERICAS
12917,22824,Bind,Team Heretics,Ninjas in Pyjamas,Team Heretics,Team Heretics,1001,Ninjas in Pyjamas,3,6,6,5,7,0,0,Ninjas in Pyjamas,AMERICAS
12917,22825,Ascent,Decider,Team Heretics,Ninjas in Pyjamas,Team Heretics,1001,Ninjas in Pyjamas,3,7,5,1,6,0,0,Team Heretics,AMERICAS
12922,22838,Split,Decider,Team BDS,FunPlus Phoenix,FunPlus Phoenix,628,Team BDS,3908,5,7,6,6,0,0,FunPlus Phoenix,AMERICAS
12922,22839,Ascent,FunPlus Phoenix,Team BDS,FunPlus Phoenix,FunPlus Phoenix,628,Team BDS,3908,7,5,8,4,0,0,FunPlus Phoenix,AMERICAS
12919,22829,Bind,Acend,Ninjas in Pyjamas,Acend,Ninjas in Pyjamas,3,Acend,3531,6,6,7,3,0,0,Acend,AMERICAS
12919,22830,Icebox,Ninjas in Pyjamas,Ninjas in Pyjamas,Acend,Ninjas in Pyjamas,3,Acend,3531,4,8,5,0,0,0,Acend,AMERICAS
12924,22844,Split,Guild Esports,Team BDS,Guild Esports,Team BDS,3908,Guild Esports,1209,9,3,8,4,0,0,Team BDS,AMERICAS
12924,22845,Ascent,Decider,Team BDS,Guild Esports,Team BDS,3908,Guild Esports,1209,5,7,6,1,0,0,Guild Esports,AMERICAS
12924,22846,Haven,Decider,Team BDS,Guild Esports,Team BDS,3908,Guild Esports,1209,6,6,7,5,0,0,Guild Esports,AMERICAS
12926,22850,Haven,Guild Esports,Team Heretics,Guild Esports,Team Heretics,1001,Guild Esports,1209,5,7,3,8,0,0,Team Heretics,AMERICAS
12926,22851,Ascent,Team Heretics,Team Heretics,Guild Esports,Team Heretics,1001,Guild Esports,1209,7,5,2,6,0,0,Team Heretics,AMERICAS
12925,22847,Bind,Acend,Acend,FunPlus Phoenix,FunPlus Phoenix,628,Acend,3531,4,8,5,3,0,0,FunPlus Phoenix,AMERICAS
12925,22848,Ascent,FunPlus Phoenix,FunPlus Phoenix,Acend,FunPlus Phoenix,628,Acend,3531,4,8,5,2,0,0,Acend,AMERICAS
12925,22849,Icebox,Decider,Acend,FunPlus Phoenix,FunPlus Phoenix,628,Acend,3531,4,8,4,8,2,0,Acend,AMERICAS
12927,22853,Split,Team Heretics,Team Heretics,Acend,Team Heretics,1001,Acend,3531,9,3,4,4,0,0,Team Heretics,AMERICAS
12927,22854,Bind,Acend,Team Heretics,Acend,Team Heretics,1001,Acend,3531,5,7,6,4,0,0,Acend,AMERICAS
12927,22855,Haven,Team Heretics,Acend,Team Heretics,Team Heretics,1001,Acend,3531,7,5,8,2,0,0,Team Heretics,AMERICAS
12927,22856,Icebox,Acend,Team Heretics,Acend,Team Heretics,1001,Acend,3531,6,6,6,6,0,2,Acend,AMERICAS
12927,22857,Ascent,Decider,Acend,Team Heretics,Team Heretics,1001,Acend,3531,9,3,8,4,0,0,Acend,AMERICAS
12934,22876,Split,İstanbul Wildcats,Zero Zone,İstanbul Wildcats,İstanbul Wildcats,6132,Zero Zone,1675,5,7,6,5,0,0,İstanbul Wildcats,AMERICAS
12934,22877,Ascent,Zero Zone,İstanbul Wildcats,Zero Zone,İstanbul Wildcats,6132,Zero Zone,1675,7,5,4,6,0,0,İstanbul Wildcats,AMERICAS
12933,22873,Bind,RARE Esports,Oxygen Esports,RARE Esports,Oxygen Esports,921,RARE Esports,1913,5,7,6,3,0,0,RARE Esports,AMERICAS
12933,22874,Ascent,Oxygen Esports,RARE Esports,Oxygen Esports,Oxygen Esports,921,RARE Esports,1913,4,8,5,2,0,0,Oxygen Esports,AMERICAS
12933,22875,Split,RARE Esports,Oxygen Esports,RARE Esports,Oxygen Esports,921,RARE Esports,1913,5,7,2,8,0,0,Oxygen Esports,AMERICAS
12929,22861,Icebox,OtherSide,FUT Esports,OtherSide,FUT Esports,1184,OtherSide,1453,6,6,6,6,4,6,OtherSide,AMERICAS
12929,22862,Ascent,FUT Esports,OtherSide,FUT Esports,FUT Esports,1184,OtherSide,1453,5,7,6,0,0,0,FUT Esports,AMERICAS
12929,22863,Haven,OtherSide,FUT Esports,OtherSide,FUT Esports,1184,OtherSide,1453,7,5,0,6,0,0,FUT Esports,AMERICAS
12928,22858,Icebox,Decider,BBL Esports,Cyber Skull Esports,BBL Esports,397,Cyber Skull Esports,2416,8,4,4,5,0,0,BBL Esports,AMERICAS
12928,22859,Ascent,Decider,Cyber Skull Esports,BBL Esports,BBL Esports,397,Cyber Skull Esports,2416,2,10,3,2,0,0,BBL Esports,AMERICAS
12930,22864,Bind,RARE Esports,Zero Zone,RARE Esports,Zero Zone,1675,RARE Esports,1913,10,2,0,3,0,0,Zero Zone,AMERICAS
12930,22865,Ascent,Zero Zone,RARE Esports,Zero Zone,Zero Zone,1675,RARE Esports,1913,5,7,5,7,2,0,RARE Esports,AMERICAS
12930,22866,Split,RARE Esports,Zero Zone,RARE Esports,Zero Zone,1675,RARE Esports,1913,3,9,4,5,0,0,RARE Esports,AMERICAS
12935,22879,Haven,Cyber Skull Esports,OtherSide,Cyber Skull Esports,OtherSide,1453,Cyber Skull Esports,2416,4,8,5,7,0,0,Cyber Skull Esports,AMERICAS
12935,22880,Icebox,OtherSide,OtherSide,Cyber Skull Esports,OtherSide,1453,Cyber Skull Esports,2416,5,7,6,2,0,0,Cyber Skull Esports,AMERICAS
12931,22867,Ascent,Oxygen Esports,İstanbul Wildcats,Oxygen Esports,İstanbul Wildcats,6132,Oxygen Esports,921,5,7,6,4,0,0,Oxygen Esports,AMERICAS
12931,22868,Icebox,İstanbul Wildcats,Oxygen Esports,İstanbul Wildcats,İstanbul Wildcats,6132,Oxygen Esports,921,6,6,1,7,0,0,Oxygen Esports,AMERICAS
12936,22882,Ascent,BBL Esports,FUT Esports,BBL Esports,FUT Esports,1184,BBL Esports,397,8,4,7,5,0,0,FUT Esports,AMERICAS
12936,22883,Haven,FUT Esports,BBL Esports,FUT Esports,FUT Esports,1184,BBL Esports,397,5,7,5,7,3,5,FUT Esports,AMERICAS
12932,22870,Ascent,RARE Esports,İstanbul Wildcats,RARE Esports,İstanbul Wildcats,6132,RARE Esports,1913,2,10,3,2,0,0,RARE Esports,AMERICAS
12932,22871,Bind,İstanbul Wildcats,RARE Esports,İstanbul Wildcats,İstanbul Wildcats,6132,RARE Esports,1913,2,10,3,5,0,0,İstanbul Wildcats,AMERICAS
12932,22872,Split,Decider,İstanbul Wildcats,RARE Esports,İstanbul Wildcats,6132,RARE Esports,1913,4,8,5,2,0,0,RARE Esports,AMERICAS
12937,22885,Icebox,Cyber Skull Esports,BBL Esports,Cyber Skull Esports,BBL Esports,397,Cyber Skull Esports,2416,6,6,5,7,0,0,BBL Esports,AMERICAS
12937,22886,Bind,BBL Esports,Cyber Skull Esports,BBL Esports,BBL Esports,397,Cyber Skull Esports,2416,4,8,5,2,0,0,BBL Esports,AMERICAS
12938,22888,Ascent,BBL Esports,Oxygen Esports,BBL Esports,Oxygen Esports,921,BBL Esports,397,4,8,5,2,0,0,BBL Esports,AMERICAS
12938,22889,Icebox,Oxygen Esports,BBL Esports,Oxygen Esports,Oxygen Esports,921,BBL Esports,397,7,5,5,6,0,0,BBL Esports,AMERICAS
12939,22891,Haven,RARE Esports,FUT Esports,RARE Esports,FUT Esports,1184,RARE Esports,1913,7,5,2,6,0,0,FUT Esports,AMERICAS
12939,22892,Ascent,FUT Esports,RARE Esports,FUT Esports,FUT Esports,1184,RARE Esports,1913,8,4,9,1,0,0,FUT Esports,AMERICAS
12940,22894,Bind,BBL Esports,FUT Esports,BBL Esports,BBL Esports,397,FUT Esports,1184,9,3,9,3,4,2,FUT Esports,AMERICAS
12940,22895,Split,FUT Esports,BBL Esports,FUT Esports,BBL Esports,397,FUT Esports,1184,6,6,7,2,0,0,FUT Esports,AMERICAS
12940,22896,Ascent,BBL Esports,FUT Esports,BBL Esports,BBL Esports,397,FUT Esports,1184,6,6,0,7,0,0,FUT Esports,AMERICAS
12941,22899,Bind,tyeasy,Gambit Esports,tyeasy,tyeasy,488,Gambit Esports,682,5,7,4,8,0,0,Gambit Esports,AMERICAS
12941,22900,Icebox,Gambit Esports,tyeasy,Gambit Esports,tyeasy,488,Gambit Esports,682,2,10,3,3,0,0,Gambit Esports,AMERICAS
12942,22902,Bind,Team Singularity,Team Singularity,CrowСrowd,Team Singularity,1341,CrowСrowd,1020,9,3,6,4,0,0,Team Singularity,AMERICAS
12942,22903,Ascent,CrowСrowd,Team Singularity,CrowСrowd,Team Singularity,1341,CrowСrowd,1020,9,3,0,4,0,0,Team Singularity,AMERICAS
12946,22914,Split,Team Divinity,forZe,Team Divinity,Team Divinity,2049,forZe,108,7,5,7,5,2,0,forZe,AMERICAS
12946,22915,Bind,forZe,Team Divinity,forZe,Team Divinity,2049,forZe,108,5,7,6,4,0,0,forZe,AMERICAS
12947,22917,Haven,GMT Esports,GMT Esports,One Breath Gaming,GMT Esports,10094,One Breath Gaming,6267,8,4,7,5,0,0,GMT Esports,AMERICAS
12947,22918,Icebox,One Breath Gaming,GMT Esports,One Breath Gaming,GMT Esports,10094,One Breath Gaming,6267,5,7,5,7,2,0,GMT Esports,AMERICAS
12943,22905,Bind,CrowСrowd,tyeasy,CrowСrowd,tyeasy,488,CrowСrowd,1020,2,10,3,0,0,0,CrowСrowd,AMERICAS
12943,22906,Haven,tyeasy,CrowСrowd,tyeasy,tyeasy,488,CrowСrowd,1020,8,4,5,5,0,0,CrowСrowd,AMERICAS
12948,22920,Ascent,One Breath Gaming,Team Divinity,One Breath Gaming,Team Divinity,2049,One Breath Gaming,6267,3,9,4,2,0,0,One Breath Gaming,AMERICAS
12948,22921,Split,Team Divinity,One Breath Gaming,Team Divinity,Team Divinity,2049,One Breath Gaming,6267,3,9,4,4,0,0,Team Divinity,AMERICAS
12948,22922,Haven,One Breath Gaming,Team Divinity,One Breath Gaming,Team Divinity,2049,One Breath Gaming,6267,3,9,4,7,0,0,One Breath Gaming,AMERICAS
12944,22908,Ascent,Team Singularity,Gambit Esports,Team Singularity,Gambit Esports,682,Team Singularity,1341,9,3,3,4,0,0,Gambit Esports,AMERICAS
12944,22909,Split,Gambit Esports,Team Singularity,Gambit Esports,Gambit Esports,682,Team Singularity,1341,0,12,1,0,0,0,Gambit Esports,AMERICAS
12949,22923,Bind,GMT Esports,forZe,GMT Esports,forZe,108,GMT Esports,10094,9,3,2,4,0,0,forZe,AMERICAS
12949,22924,Icebox,forZe,GMT Esports,forZe,forZe,108,GMT Esports,10094,2,10,3,3,0,0,forZe,AMERICAS
12945,22911,Bind,CrowСrowd,Team Singularity,CrowСrowd,Team Singularity,1341,CrowСrowd,1020,7,5,8,3,0,0,CrowСrowd,AMERICAS
12945,22912,Split,Team Singularity,CrowСrowd,Team Singularity,Team Singularity,1341,CrowСrowd,1020,5,7,5,7,0,2,Team Singularity,AMERICAS
12945,22913,Haven,Decider,Team Singularity,CrowСrowd,Team Singularity,1341,CrowСrowd,1020,8,4,9,0,0,0,CrowСrowd,AMERICAS
12950,22926,Icebox,One Breath Gaming,GMT Esports,One Breath Gaming,GMT Esports,10094,One Breath Gaming,6267,3,9,4,3,0,0,One Breath Gaming,AMERICAS
12950,22927,Haven,GMT Esports,GMT Esports,One Breath Gaming,GMT Esports,10094,One Breath Gaming,6267,9,3,8,4,0,0,GMT Esports,AMERICAS
12950,22928,Split,Decider,GMT Esports,One Breath Gaming,GMT Esports,10094,One Breath Gaming,6267,5,7,4,8,0,0,GMT Esports,AMERICAS
12951,22929,Bind,GMT Esports,Gambit Esports,GMT Esports,Gambit Esports,682,GMT Esports,10094,7,5,5,6,0,0,Gambit Esports,AMERICAS
12951,22930,Icebox,Gambit Esports,Gambit Esports,GMT Esports,Gambit Esports,682,GMT Esports,10094,10,2,8,3,0,0,Gambit Esports,AMERICAS
12952,22933,Icebox,forZe,CrowСrowd,forZe,forZe,108,CrowСrowd,1020,5,7,6,3,0,0,forZe,AMERICAS
12952,22934,Bind,Decider,CrowСrowd,forZe,forZe,108,CrowСrowd,1020,8,4,8,4,0,2,forZe,AMERICAS
12953,22935,Ascent,Gambit Esports,forZe,Gambit Esports,Gambit Esports,682,forZe,108,2,10,3,5,0,0,Gambit Esports,AMERICAS
12953,22936,Bind,forZe,Gambit Esports,forZe,Gambit Esports,682,forZe,108,7,5,5,6,0,0,Gambit Esports,AMERICAS
12953,22937,Split,Gambit Esports,forZe,Gambit Esports,Gambit Esports,682,forZe,108,8,4,9,2,0,0,Gambit Esports,AMERICAS
16063,29801,Ascent,Decider,EZclap,EZ KATKA,EZclap,3997,EZ KATKA,2845,8,4,3,5,0,0,EZclap,AMERICAS
16063,29802,Bind,Decider,EZ KATKA,EZclap,EZclap,3997,EZ KATKA,2845,9,3,9,3,3,5,EZclap,AMERICAS
16064,29804,Bind,Decider,dont know,Ksenox,dont know,3807,Ksenox,2835,2,10,3,0,0,0,Ksenox,AMERICAS
16064,29805,Ascent,Decider,Ksenox,dont know,dont know,3807,Ksenox,2835,7,5,0,6,0,0,Ksenox,AMERICAS
16065,29807,Split,Decider,UGIT,Team Divinity,UGIT,2320,Team Divinity,2049,0,12,1,0,0,0,Team Divinity,AMERICAS
16065,29808,Icebox,Decider,Team Divinity,UGIT,UGIT,2320,Team Divinity,2049,4,8,3,9,0,0,Team Divinity,AMERICAS
16066,29810,Haven,Decider,Valhalla,WILD HUNT,WILD HUNT,4211,Valhalla,4157,6,6,7,0,0,0,WILD HUNT,AMERICAS
16066,29811,Ascent,Decider,WILD HUNT,Valhalla,WILD HUNT,4211,Valhalla,4157,6,6,0,7,0,0,WILD HUNT,AMERICAS
16067,29813,Icebox,Decider,Rebellion,969 gang,Rebellion,3950,969 gang,2865,3,9,4,7,0,0,969 gang,AMERICAS
16067,29814,Haven,Decider,969 gang,Rebellion,Rebellion,3950,969 gang,2865,10,2,2,3,0,0,969 gang,AMERICAS
16068,29816,Ascent,Decider,1280x960,Time to Win,1280x960,3808,Time to Win,4212,11,1,0,2,0,0,1280x960,AMERICAS
16068,29817,Haven,Decider,1280x960,Time to Win,1280x960,3808,Time to Win,4212,10,2,0,3,0,0,1280x960,AMERICAS
16069,29819,Bind,Decider,BUYKEY,Infinite Skill,BUYKEY,4158,Infinite Skill,3239,3,9,4,6,0,0,Infinite Skill,AMERICAS
16069,29820,Haven,Decider,Infinite Skill,BUYKEY,BUYKEY,4158,Infinite Skill,3239,5,7,6,4,0,0,BUYKEY,AMERICAS
16069,29821,Ascent,Decider,BUYKEY,Infinite Skill,BUYKEY,4158,Infinite Skill,3239,7,5,1,6,0,0,BUYKEY,AMERICAS
16070,29822,Bind,Decider,mcchicken,BullGods,mcchicken,2829,BullGods,4159,2,10,3,1,0,0,BullGods,AMERICAS
16070,29823,Split,Decider,BullGods,mcchicken,mcchicken,2829,BullGods,4159,7,5,6,6,0,0,BullGods,AMERICAS
16071,29825,Ascent,Decider,Hollywood,ShockWave,Hollywood,3366,ShockWave,4160,2,10,3,2,0,0,ShockWave,AMERICAS
16071,29826,Haven,Decider,ShockWave,Hollywood,Hollywood,3366,ShockWave,4160,11,1,0,2,0,0,ShockWave,AMERICAS
16072,29828,Ascent,Decider,DAT,mix,DAT,3952,mix,3951,8,4,5,5,0,0,DAT,AMERICAS
16072,29829,Haven,Decider,mix,DAT,DAT,3952,mix,3951,0,12,1,0,0,0,DAT,AMERICAS
16073,29831,Ascent,Decider,Aspire,SeeFuture,SeeFuture,4161,Aspire,2165,12,0,0,1,0,0,Aspire,AMERICAS
16073,29832,Haven,Decider,Aspire,SeeFuture,SeeFuture,4161,Aspire,2165,11,1,0,2,0,0,Aspire,AMERICAS
16074,29834,Bind,Decider,freak squad,trying to win,freak squad,4162,trying to win,3379,6,6,4,7,0,0,freak squad,AMERICAS
16074,29835,Icebox,Decider,freak squad,trying to win,freak squad,4162,trying to win,3379,4,8,4,8,0,2,trying to win,AMERICAS
16074,29836,Haven,Decider,trying to win,freak squad,freak squad,4162,trying to win,3379,7,5,3,6,0,0,trying to win,AMERICAS
16075,29837,Icebox,Decider,jaba,Gambit Esports,jaba,2839,Gambit Esports,682,5,7,6,2,0,0,Gambit Esports,AMERICAS
16075,29838,Ascent,Decider,Gambit Esports,jaba,jaba,2839,Gambit Esports,682,10,2,0,3,0,0,Gambit Esports,AMERICAS
16076,29840,Icebox,Decider,Thorns,5op,5op,2876,Thorns,2832,10,2,1,3,0,0,Thorns,AMERICAS
16076,29841,Haven,Decider,Thorns,5op,5op,2876,Thorns,2832,8,4,2,5,0,0,Thorns,AMERICAS
16077,29843,Haven,Decider,Digital Slayers,Worst Players,Digital Slayers,4163,Worst Players,82,0,12,1,0,0,0,Worst Players,AMERICAS
16077,29844,Split,Decider,Worst Players,Digital Slayers,Digital Slayers,4163,Worst Players,82,12,0,0,1,0,0,Worst Players,AMERICAS
16078,29846,Bind,Decider,Izanami,368,Izanami,1768,368,3996,2,10,3,0,0,0,368,AMERICAS
16078,29847,Ascent,Decider,368,Izanami,Izanami,1768,368,3996,12,0,0,1,0,0,368,AMERICAS
16079,29849,Ascent,Decider,Hypnotic Gaming,SMARACIS eSports,Hypnotic Gaming,3246,SMARACIS eSports,3361,2,10,3,1,0,0,SMARACIS eSports,AMERICAS
16079,29850,Bind,Decider,SMARACIS eSports,Hypnotic Gaming,Hypnotic Gaming,3246,SMARACIS eSports,3361,9,3,0,4,0,0,SMARACIS eSports,AMERICAS
16080,29852,Bind,Decider,n1ce3e3e3e3,FUTURE5STARS,FUTURE5STARS,4213,n1ce3e3e3e3,3798,10,2,1,3,0,0,n1ce3e3e3e3,AMERICAS
16080,29853,Ascent,Decider,FUTURE5STARS,n1ce3e3e3e3,FUTURE5STARS,4213,n1ce3e3e3e3,3798,1,11,2,2,0,0,n1ce3e3e3e3,AMERICAS
16081,29855,Ascent,Decider,silence,One Breath Gaming,silence,3372,One Breath Gaming,6267,2,10,3,0,0,0,One Breath Gaming,AMERICAS
16081,29856,Split,Decider,One Breath Gaming,silence,silence,3372,One Breath Gaming,6267,8,4,1,5,0,0,One Breath Gaming,AMERICAS
16082,29858,Ascent,Decider,Izanami Red,GIBDD,Izanami Red,4164,GIBDD,3726,2,10,3,0,0,0,GIBDD,AMERICAS
16082,29859,Split,Decider,GIBDD,Izanami Red,Izanami Red,4164,GIBDD,3726,11,1,2,2,0,0,GIBDD,AMERICAS
16083,29861,Ascent,Decider,Team Error,Zveno19,Team Error,4165,Zveno19,3803,0,12,1,0,0,0,Zveno19,AMERICAS
16083,29862,Split,Decider,Zveno19,Team Error,Team Error,4165,Zveno19,3803,10,2,2,3,0,0,Zveno19,AMERICAS
16084,29864,Bind,Decider,Unity,TooManyQuestions,Unity,4166,TooManyQuestions,2118,3,9,4,2,0,0,TooManyQuestions,AMERICAS
16084,29865,Haven,Decider,TooManyQuestions,Unity,Unity,4166,TooManyQuestions,2118,10,2,0,3,0,0,TooManyQuestions,AMERICAS
16085,29867,Ascent,Decider,NaVi,AKQJT,NaVi,4214,AKQJT,3953,4,8,5,5,0,0,AKQJT,AMERICAS
16085,29868,Haven,Decider,AKQJT,NaVi,NaVi,4214,AKQJT,3953,5,7,5,7,2,0,AKQJT,AMERICAS
16086,29870,Ascent,Decider,zTitans,35(ququlity),zTitans,1186,35(ququlity),3948,9,0,0,4,0,0,zTitans,AMERICAS
16086,29871,Bind,Decider,35(ququlity),zTitans,zTitans,1186,35(ququlity),3948,0,8,5,0,0,0,zTitans,AMERICAS
16087,29873,Haven,Decider,NEVERTILT,Nomads,NEVERTILT,4168,Nomads,2912,5,7,6,1,0,0,Nomads,AMERICAS
16087,29874,Bind,Decider,Nomads,NEVERTILT,NEVERTILT,4168,Nomads,2912,7,5,8,4,0,0,NEVERTILT,AMERICAS
16087,29875,Icebox,Decider,NEVERTILT,Nomads,NEVERTILT,4168,Nomads,2912,3,9,4,5,0,0,Nomads,AMERICAS
16088,29876,Ascent,Decider,abcdteam,5up,abcdteam,4169,5up,2317,3,9,4,0,0,0,5up,AMERICAS
16088,29877,Haven,Decider,5up,abcdteam,abcdteam,4169,5up,2317,11,1,0,2,0,0,5up,AMERICAS
16090,29882,Ascent,Decider,Jeremiah,tyeasy,Jeremiah,1266,tyeasy,488,10,2,0,3,0,0,Jeremiah,AMERICAS
16090,29883,Haven,Decider,tyeasy,Jeremiah,Jeremiah,1266,tyeasy,488,7,5,1,6,0,0,tyeasy,AMERICAS
16090,29884,Split,Decider,Jeremiah,tyeasy,Jeremiah,1266,tyeasy,488,10,2,10,2,1,3,tyeasy,AMERICAS
16091,29885,Icebox,Decider,eXiLe eSports,Vengeance,eXiLe eSports,1189,Vengeance,1021,3,9,4,2,0,0,Vengeance,AMERICAS
16091,29886,Ascent,Decider,Vengeance,eXiLe eSports,eXiLe eSports,1189,Vengeance,1021,8,4,9,2,0,0,eXiLe eSports,AMERICAS
16091,29887,Split,Decider,eXiLe eSports,Vengeance,eXiLe eSports,1189,Vengeance,1021,9,3,8,4,0,0,eXiLe eSports,AMERICAS
16092,29888,Icebox,Decider,feelmyhack,NoMercy,feelmyhack,1580,NoMercy,4215,9,3,10,2,0,0,NoMercy,AMERICAS
16092,29889,Haven,Decider,NoMercy,feelmyhack,feelmyhack,1580,NoMercy,4215,10,2,5,3,0,0,NoMercy,AMERICAS
16094,29894,Bind,Decider,Podpivasniki,Aim.Attack,Podpivasniki,4216,Aim.Attack,604,5,7,6,4,0,0,Aim.Attack,AMERICAS
16094,29895,Ascent,Decider,Aim.Attack,Podpivasniki,Podpivasniki,4216,Aim.Attack,604,9,3,0,4,0,0,Aim.Attack,AMERICAS
16102,29918,Ascent,Decider,Worst Players,368,Worst Players,82,368,3996,6,6,3,7,0,0,Worst Players,AMERICAS
16102,29919,Haven,Decider,368,Worst Players,Worst Players,82,368,3996,7,5,8,2,0,0,Worst Players,AMERICAS
16103,29921,Ascent,Decider,SMARACIS eSports,n1ce3e3e3e3,SMARACIS eSports,3361,n1ce3e3e3e3,3798,8,4,3,5,0,0,SMARACIS eSports,AMERICAS
16103,29922,Icebox,Decider,n1ce3e3e3e3,SMARACIS eSports,SMARACIS eSports,3361,n1ce3e3e3e3,3798,1,11,2,4,0,0,SMARACIS eSports,AMERICAS
16101,29915,Icebox,Decider,Gambit Esports,Thorns,Gambit Esports,682,Thorns,2832,11,1,0,2,0,0,Gambit Esports,AMERICAS
16101,29916,Split,Decider,Thorns,Gambit Esports,Gambit Esports,682,Thorns,2832,2,10,3,0,0,0,Gambit Esports,AMERICAS
16106,29930,Bind,Decider,AKQJT,zTitans,AKQJT,3953,zTitans,1186,4,8,5,3,0,0,zTitans,AMERICAS
16106,29931,Split,Decider,zTitans,AKQJT,AKQJT,3953,zTitans,1186,8,4,9,1,0,0,AKQJT,AMERICAS
16106,29932,Haven,Decider,AKQJT,zTitans,AKQJT,3953,zTitans,1186,7,5,8,3,0,0,zTitans,AMERICAS
16095,29897,Bind,Decider,Ksenox,EZclap,EZclap,3997,Ksenox,2835,4,8,4,8,3,5,EZclap,AMERICAS
16095,29898,Ascent,Decider,Ksenox,EZclap,EZclap,3997,Ksenox,2835,5,7,2,8,0,0,Ksenox,AMERICAS
16095,29899,Icebox,Decider,EZclap,Ksenox,EZclap,3997,Ksenox,2835,9,3,2,4,0,0,EZclap,AMERICAS
16097,29903,Ascent,Decider,969 gang,1280x960,969 gang,2865,1280x960,3808,2,10,3,2,0,0,1280x960,AMERICAS
16097,29904,Haven,Decider,1280x960,969 gang,969 gang,2865,1280x960,3808,10,2,5,3,0,0,1280x960,AMERICAS
16099,29909,Ascent,Decider,ShockWave,DAT,ShockWave,4160,DAT,3952,4,8,5,5,0,0,DAT,AMERICAS
16099,29910,Haven,Decider,DAT,ShockWave,ShockWave,4160,DAT,3952,9,3,5,4,0,0,DAT,AMERICAS
16104,29924,Ascent,Decider,GIBDD,One Breath Gaming,One Breath Gaming,6267,GIBDD,3726,7,5,8,2,0,0,One Breath Gaming,AMERICAS
16104,29925,Haven,Decider,GIBDD,One Breath Gaming,One Breath Gaming,6267,GIBDD,3726,7,5,8,4,0,0,One Breath Gaming,AMERICAS
16105,29927,Haven,Decider,Zveno19,TooManyQuestions,Zveno19,3803,TooManyQuestions,2118,2,10,3,0,0,0,TooManyQuestions,AMERICAS
16105,29928,Ascent,Decider,TooManyQuestions,Zveno19,Zveno19,3803,TooManyQuestions,2118,12,0,0,1,0,0,TooManyQuestions,AMERICAS
16110,29942,Split,Decider,Aim.Attack,BÉZOTCA,BÉZOTCA,4170,Aim.Attack,604,9,3,0,4,0,0,Aim.Attack,AMERICAS
16110,29943,Bind,Decider,BÉZOTCA,Aim.Attack,BÉZOTCA,4170,Aim.Attack,604,2,10,3,2,0,0,Aim.Attack,AMERICAS
16096,29900,Icebox,Decider,Team Divinity,WILD HUNT,Team Divinity,2049,WILD HUNT,4211,7,5,8,2,0,0,WILD HUNT,AMERICAS
16096,29901,Split,Decider,WILD HUNT,Team Divinity,Team Divinity,2049,WILD HUNT,4211,2,10,2,10,0,2,Team Divinity,AMERICAS
16096,29902,Ascent,Decider,Team Divinity,WILD HUNT,Team Divinity,2049,WILD HUNT,4211,3,9,4,0,0,0,WILD HUNT,AMERICAS
16098,29906,Bind,Decider,BUYKEY,BullGods,BUYKEY,4158,BullGods,4159,3,9,4,7,0,0,BullGods,AMERICAS
16098,29907,Haven,Decider,BullGods,BUYKEY,BUYKEY,4158,BullGods,4159,11,1,0,2,0,0,BullGods,AMERICAS
16100,29912,Bind,Decider,Aspire,trying to win,Aspire,2165,trying to win,3379,8,4,3,5,0,0,Aspire,AMERICAS
16100,29913,Haven,Decider,trying to win,Aspire,Aspire,2165,trying to win,3379,7,5,3,6,0,0,trying to win,AMERICAS
16100,29914,Split,Decider,Aspire,trying to win,Aspire,2165,trying to win,3379,7,5,2,6,0,0,Aspire,AMERICAS
16107,29933,Ascent,Decider,Nomads,5up,Nomads,2912,5up,2317,6,6,6,6,2,0,Nomads,AMERICAS
16107,29934,Haven,Decider,5up,Nomads,Nomads,2912,5up,2317,6,6,7,5,0,0,Nomads,AMERICAS
16108,29936,Ascent,Decider,Moscow Five jr,tyeasy,Moscow Five jr,3799,tyeasy,488,12,0,0,1,0,0,Moscow Five jr,AMERICAS
16108,29937,Split,Decider,tyeasy,Moscow Five jr,Moscow Five jr,3799,tyeasy,488,9,3,4,4,0,0,tyeasy,AMERICAS
16108,29938,Haven,Decider,Moscow Five jr,tyeasy,Moscow Five jr,3799,tyeasy,488,4,8,5,0,0,0,tyeasy,AMERICAS
16109,29939,Icebox,Decider,eXiLe eSports,NoMercy,eXiLe eSports,1189,NoMercy,4215,8,4,3,5,0,0,eXiLe eSports,AMERICAS
16109,29940,Split,Decider,NoMercy,eXiLe eSports,eXiLe eSports,1189,NoMercy,4215,8,4,7,5,0,0,NoMercy,AMERICAS
16109,29941,Bind,Decider,NoMercy,eXiLe eSports,eXiLe eSports,1189,NoMercy,4215,4,8,4,8,3,1,NoMercy,AMERICAS
16312,30374,Icebox,Decider,EZclap,WILD HUNT,EZclap,3997,WILD HUNT,4211,5,7,6,5,0,0,WILD HUNT,AMERICAS
16312,30375,Ascent,Decider,WILD HUNT,EZclap,EZclap,3997,WILD HUNT,4211,2,10,3,6,0,0,EZclap,AMERICAS
16312,30376,Haven,Decider,EZclap,WILD HUNT,EZclap,3997,WILD HUNT,4211,10,2,4,3,0,0,EZclap,AMERICAS
16313,30377,Bind,Decider,1280x960,BullGods,1280x960,3808,BullGods,4159,9,3,4,4,0,0,1280x960,AMERICAS
16313,30378,Ascent,Decider,BullGods,1280x960,1280x960,3808,BullGods,4159,5,7,6,4,0,0,1280x960,AMERICAS
16314,30380,Ascent,Decider,DAT,Aspire,DAT,3952,Aspire,2165,4,8,5,7,0,0,Aspire,AMERICAS
16314,30381,Haven,Decider,Aspire,DAT,DAT,3952,Aspire,2165,5,7,6,2,0,0,DAT,AMERICAS
16314,30382,Icebox,Decider,DAT,Aspire,DAT,3952,Aspire,2165,6,6,6,6,5,3,DAT,AMERICAS
16315,30383,Ascent,Worst Players,Gambit Esports,Worst Players,Gambit Esports,682,Worst Players,82,9,3,1,4,0,0,Gambit Esports,AMERICAS
16315,30384,Icebox,Gambit Esports,Worst Players,Gambit Esports,Gambit Esports,682,Worst Players,82,7,5,5,6,0,0,Worst Players,AMERICAS
16315,30385,Split,Decider,Gambit Esports,Worst Players,Gambit Esports,682,Worst Players,82,5,7,4,8,0,0,Gambit Esports,AMERICAS
16316,30386,Ascent,Decider,SMARACIS eSports,One Breath Gaming,SMARACIS eSports,3361,One Breath Gaming,6267,6,6,7,5,0,0,One Breath Gaming,AMERICAS
16316,30387,Icebox,Decider,SMARACIS eSports,One Breath Gaming,SMARACIS eSports,3361,One Breath Gaming,6267,4,8,5,2,0,0,One Breath Gaming,AMERICAS
16317,30389,Ascent,Decider,TooManyQuestions,zTitans,TooManyQuestions,2118,zTitans,1186,5,7,5,7,2,0,TooManyQuestions,AMERICAS
16317,30390,Bind,Decider,zTitans,TooManyQuestions,TooManyQuestions,2118,zTitans,1186,7,5,2,6,0,0,zTitans,AMERICAS
16317,30391,Haven,Decider,zTitans,TooManyQuestions,TooManyQuestions,2118,zTitans,1186,4,8,5,5,0,0,TooManyQuestions,AMERICAS
16318,30392,Icebox,Decider,Nomads,tyeasy,Nomads,2912,tyeasy,488,1,11,2,0,0,0,tyeasy,AMERICAS
16318,30393,Haven,Decider,tyeasy,Nomads,Nomads,2912,tyeasy,488,7,5,1,6,0,0,tyeasy,AMERICAS
16319,30395,Ascent,Decider,NoMercy,Aim.Attack,NoMercy,4215,Aim.Attack,604,1,11,2,1,0,0,Aim.Attack,AMERICAS
16319,30396,Split,Decider,Aim.Attack,NoMercy,NoMercy,4215,Aim.Attack,604,9,3,0,4,0,0,Aim.Attack,AMERICAS
16323,30407,Bind,Decider,tyeasy,Aim.Attack,tyeasy,488,Aim.Attack,604,7,5,8,4,0,0,Aim.Attack,AMERICAS
16323,30408,Icebox,Decider,Aim.Attack,tyeasy,tyeasy,488,Aim.Attack,604,2,10,3,2,0,0,tyeasy,AMERICAS
16323,30409,Split,Decider,tyeasy,Aim.Attack,tyeasy,488,Aim.Attack,604,3,9,4,5,0,0,Aim.Attack,AMERICAS
16321,30401,Ascent,Decider,DAT,Gambit Esports,DAT,3952,Gambit Esports,682,2,10,3,2,0,0,Gambit Esports,AMERICAS
16321,30402,Split,Decider,Gambit Esports,DAT,DAT,3952,Gambit Esports,682,7,5,3,6,0,0,Gambit Esports,AMERICAS
16322,30404,Haven,TooManyQuestions,TooManyQuestions,One Breath Gaming,One Breath Gaming,6267,TooManyQuestions,2118,1,11,2,4,0,0,One Breath Gaming,AMERICAS
16322,30405,Ascent,One Breath Gaming,TooManyQuestions,One Breath Gaming,One Breath Gaming,6267,TooManyQuestions,2118,6,6,7,2,0,0,One Breath Gaming,AMERICAS
16320,30398,Ascent,Decider,EZclap,1280x960,EZclap,3997,1280x960,3808,2,10,3,9,0,0,1280x960,AMERICAS
16320,30399,Bind,Decider,1280x960,EZclap,EZclap,3997,1280x960,3808,4,8,5,1,0,0,EZclap,AMERICAS
16320,30400,Haven,Decider,EZclap,1280x960,EZclap,3997,1280x960,3808,5,7,6,5,0,0,1280x960,AMERICAS
16510,30670,Haven,1280x960,forZe,1280x960,forZe,108,1280x960,3808,3,9,4,4,0,0,1280x960,AMERICAS
16510,30671,Split,forZe,1280x960,forZe,forZe,108,1280x960,3808,9,3,10,2,0,0,forZe,AMERICAS
16510,30672,Bind,Decider,forZe,1280x960,forZe,108,1280x960,3808,8,4,5,5,0,0,forZe,AMERICAS
16511,30673,Ascent,One Breath Gaming,Team Singularity,One Breath Gaming,Team Singularity,1341,One Breath Gaming,6267,7,5,6,6,0,0,Team Singularity,AMERICAS
16511,30674,Icebox,Team Singularity,Team Singularity,One Breath Gaming,Team Singularity,1341,One Breath Gaming,6267,6,6,6,6,3,5,One Breath Gaming,AMERICAS
16511,30675,Split,Decider,Team Singularity,One Breath Gaming,Team Singularity,1341,One Breath Gaming,6267,10,2,11,0,0,0,One Breath Gaming,AMERICAS
16512,30676,Bind,Aim.Attack,CrowСrowd,Aim.Attack,CrowСrowd,1020,Aim.Attack,604,5,7,2,8,0,0,CrowСrowd,AMERICAS
16512,30677,Ascent,CrowСrowd,Aim.Attack,CrowСrowd,CrowСrowd,1020,Aim.Attack,604,4,8,5,4,0,0,CrowСrowd,AMERICAS
16513,30679,Split,Gambit Esports,GMT Esports,Gambit Esports,GMT Esports,10094,Gambit Esports,682,7,5,7,5,0,2,Gambit Esports,AMERICAS
16513,30680,Bind,GMT Esports,Gambit Esports,GMT Esports,GMT Esports,10094,Gambit Esports,682,10,2,5,3,0,0,Gambit Esports,AMERICAS
16514,30682,Haven,One Breath Gaming,One Breath Gaming,forZe,forZe,108,One Breath Gaming,6267,8,4,4,5,0,0,One Breath Gaming,AMERICAS
16514,30683,Bind,forZe,forZe,One Breath Gaming,forZe,108,One Breath Gaming,6267,3,9,4,5,0,0,One Breath Gaming,AMERICAS
16515,30685,Ascent,Gambit Esports,CrowСrowd,Gambit Esports,CrowСrowd,1020,Gambit Esports,682,5,7,6,6,0,0,Gambit Esports,AMERICAS
16515,30686,Bind,CrowСrowd,Gambit Esports,CrowСrowd,CrowСrowd,1020,Gambit Esports,682,5,7,0,8,0,0,Gambit Esports,AMERICAS
16516,30688,Haven,One Breath Gaming,Gambit Esports,One Breath Gaming,One Breath Gaming,6267,Gambit Esports,682,4,8,5,4,0,0,One Breath Gaming,AMERICAS
16516,30689,Icebox,Gambit Esports,Gambit Esports,One Breath Gaming,One Breath Gaming,6267,Gambit Esports,682,9,3,2,4,0,0,Gambit Esports,AMERICAS
16516,30690,Ascent,One Breath Gaming,Gambit Esports,One Breath Gaming,One Breath Gaming,6267,Gambit Esports,682,11,1,2,2,0,0,Gambit Esports,AMERICAS
16516,30691,Split,Gambit Esports,One Breath Gaming,Gambit Esports,One Breath Gaming,6267,Gambit Esports,682,7,5,8,1,0,0,Gambit Esports,AMERICAS
12397,21978,Ascent,Decider,MELiNA,Designated,MELiNA,2289,Designated,1238,8,4,4,5,0,0,MELiNA,AMERICAS
12397,21979,Haven,Decider,Designated,MELiNA,MELiNA,2289,Designated,1238,3,9,3,9,4,2,Designated,AMERICAS
12397,21980,Bind,Decider,MELiNA,Designated,MELiNA,2289,Designated,1238,4,8,5,7,0,0,Designated,AMERICAS
12398,21981,Ascent,Decider,Typhone,Beşiktaş Esports,Typhone,3464,Beşiktaş Esports,2036,4,8,5,1,0,0,Beşiktaş Esports,AMERICAS
12398,21982,Bind,Decider,Beşiktaş Esports,Typhone,Typhone,3464,Beşiktaş Esports,2036,10,2,0,3,0,0,Beşiktaş Esports,AMERICAS
12399,21984,Bind,Decider,Galakticos,Unity Esports,Galakticos,4762,Unity Esports,3259,6,6,4,7,0,0,Galakticos,AMERICAS
12399,21985,Split,Decider,Unity Esports,Galakticos,Galakticos,4762,Unity Esports,3259,5,7,5,7,1,3,Galakticos,AMERICAS
12400,21987,Bind,Decider,Eliza,Overwatch,Overwatch,3260,Eliza,3466,5,7,5,7,2,0,Eliza,AMERICAS
12400,21988,Ascent,Decider,Eliza,Overwatch,Overwatch,3260,Eliza,3466,5,7,6,6,0,0,Overwatch,AMERICAS
12400,21989,Split,Decider,Eliza,Overwatch,Overwatch,3260,Eliza,3466,10,2,0,3,0,0,Eliza,AMERICAS
12401,21990,Ascent,Decider,FAWES,Thunderbolts Gaming,FAWES,3467,Thunderbolts Gaming,2908,7,5,7,5,2,0,FAWES,AMERICAS
12401,21991,Bind,Decider,Thunderbolts Gaming,FAWES,FAWES,3467,Thunderbolts Gaming,2908,9,3,3,4,0,0,Thunderbolts Gaming,AMERICAS
12401,21992,Split,Decider,FAWES,Thunderbolts Gaming,FAWES,3467,Thunderbolts Gaming,2908,3,9,4,2,0,0,Thunderbolts Gaming,AMERICAS
12402,21993,Haven,Decider,Antalyaspor Esports,randomfiVe,Antalyaspor Esports,3468,randomfiVe,3469,5,7,5,7,2,0,Antalyaspor Esports,AMERICAS
12402,21994,Ascent,Decider,randomfiVe,Antalyaspor Esports,Antalyaspor Esports,3468,randomfiVe,3469,4,8,5,6,0,0,Antalyaspor Esports,AMERICAS
12403,21996,Ascent,Decider,BANGER5,westSide,westSide,3470,BANGER5,2906,6,6,6,6,3,1,BANGER5,AMERICAS
12403,21997,Haven,Decider,BANGER5,westSide,westSide,3470,BANGER5,2906,8,4,3,5,0,0,BANGER5,AMERICAS
12404,21999,Bind,Decider,Kafalar eSports,havefunny,Kafalar eSports,3261,havefunny,3471,7,5,1,6,0,0,Kafalar eSports,AMERICAS
12404,22000,Haven,Decider,havefunny,Kafalar eSports,Kafalar eSports,3261,havefunny,3471,6,6,7,5,0,0,Kafalar eSports,AMERICAS
12405,22002,Icebox,Decider,whysoEZ,Sangal Esports,Sangal Esports,1237,whysoEZ,3472,3,9,4,1,0,0,Sangal Esports,AMERICAS
12405,22003,Split,Decider,whysoEZ,Sangal Esports,Sangal Esports,1237,whysoEZ,3472,1,11,2,0,0,0,Sangal Esports,AMERICAS
12406,22005,Ascent,Decider,FREAKSINACTION,Orgless5,FREAKSINACTION,3473,Orgless5,3474,6,6,7,2,0,0,Orgless5,AMERICAS
12406,22006,Bind,Decider,Orgless5,FREAKSINACTION,FREAKSINACTION,3473,Orgless5,3474,7,5,5,6,0,0,Orgless5,AMERICAS
12407,22008,Bind,Decider,Anatolia Esports,Elektronik Denetleme Sistem,Anatolia Esports,935,Elektronik Denetleme Sistem,3265,1,11,2,3,0,0,Elektronik Denetleme Sistem,AMERICAS
12407,22009,Haven,Decider,Elektronik Denetleme Sistem,Anatolia Esports,Anatolia Esports,935,Elektronik Denetleme Sistem,3265,6,6,7,4,0,0,Anatolia Esports,AMERICAS
12407,22010,Ascent,Decider,Anatolia Esports,Elektronik Denetleme Sistem,Anatolia Esports,935,Elektronik Denetleme Sistem,3265,6,6,2,7,0,0,Anatolia Esports,AMERICAS
12408,22011,Ascent,Decider,BAU Raiders,Team Aurora,BAU Raiders,3476,Team Aurora,2903,3,9,4,0,0,0,Team Aurora,AMERICAS
12408,22012,Haven,Decider,Team Aurora,BAU Raiders,BAU Raiders,3476,Team Aurora,2903,7,5,2,6,0,0,Team Aurora,AMERICAS
12409,22014,Split,Decider,kebabmasterz,Fenerbahçe Esports,kebabmasterz,3271,Fenerbahçe Esports,5310,7,5,8,2,0,0,Fenerbahçe Esports,AMERICAS
12409,22015,Ascent,Decider,Fenerbahçe Esports,kebabmasterz,kebabmasterz,3271,Fenerbahçe Esports,5310,5,7,6,4,0,0,kebabmasterz,AMERICAS
12409,22016,Bind,Decider,kebabmasterz,Fenerbahçe Esports,kebabmasterz,3271,Fenerbahçe Esports,5310,4,8,5,3,0,0,Fenerbahçe Esports,AMERICAS
12410,22017,Haven,Decider,We Need Org,Team 6IX,We Need Org,3477,Team 6IX,2654,12,0,2,1,0,0,We Need Org,AMERICAS
12410,22018,Bind,Decider,Team 6IX,We Need Org,We Need Org,3477,Team 6IX,2654,1,11,2,0,0,0,We Need Org,AMERICAS
12411,22020,Split,Decider,PCIFIC,Zero Zone,PCIFIC,5653,Zero Zone,1675,9,3,9,3,0,2,Zero Zone,AMERICAS
12411,22021,Ascent,Decider,Zero Zone,PCIFIC,PCIFIC,5653,Zero Zone,1675,6,6,0,7,0,0,Zero Zone,AMERICAS
12412,22023,Ascent,Decider,5HEADS,Yankees,5HEADS,3479,Yankees,3480,8,4,5,5,0,0,5HEADS,AMERICAS
12412,22024,Haven,Decider,5HEADS,Yankees,5HEADS,3479,Yankees,3480,6,6,0,7,0,0,5HEADS,AMERICAS
12413,22026,Ascent,Decider,Designated,Beşiktaş Esports,Designated,1238,Beşiktaş Esports,2036,4,8,4,8,2,4,Beşiktaş Esports,AMERICAS
12413,22027,Haven,Decider,Designated,Beşiktaş Esports,Designated,1238,Beşiktaş Esports,2036,7,5,4,6,0,0,Designated,AMERICAS
12413,22028,Bind,Decider,Designated,Beşiktaş Esports,Designated,1238,Beşiktaş Esports,2036,2,10,3,5,0,0,Beşiktaş Esports,AMERICAS
12414,22029,Split,Decider,Galakticos,Eliza,Galakticos,4762,Eliza,3466,8,4,5,5,0,0,Galakticos,AMERICAS
12414,22030,Bind,Decider,Eliza,Galakticos,Galakticos,4762,Eliza,3466,5,7,6,5,0,0,Galakticos,AMERICAS
12415,22032,Bind,Decider,Thunderbolts Gaming,Antalyaspor Esports,Thunderbolts Gaming,2908,Antalyaspor Esports,3468,3,9,4,8,0,0,Antalyaspor Esports,AMERICAS
12415,22033,Split,Decider,Antalyaspor Esports,Thunderbolts Gaming,Thunderbolts Gaming,2908,Antalyaspor Esports,3468,4,8,5,3,0,0,Thunderbolts Gaming,AMERICAS
12415,22034,Ascent,Decider,Thunderbolts Gaming,Antalyaspor Esports,Thunderbolts Gaming,2908,Antalyaspor Esports,3468,5,7,6,5,0,0,Antalyaspor Esports,AMERICAS
12416,22035,Ascent,Decider,BANGER5,Kafalar eSports,BANGER5,2906,Kafalar eSports,3261,5,7,6,4,0,0,Kafalar eSports,AMERICAS
12416,22036,Haven,Decider,Kafalar eSports,BANGER5,BANGER5,2906,Kafalar eSports,3261,4,8,3,9,0,0,Kafalar eSports,AMERICAS
12417,22038,Ascent,Decider,Sangal Esports,Orgless5,Sangal Esports,1237,Orgless5,3474,11,1,4,2,0,0,Sangal Esports,AMERICAS
12417,22039,Icebox,Decider,Orgless5,Sangal Esports,Sangal Esports,1237,Orgless5,3474,4,8,5,1,0,0,Sangal Esports,AMERICAS
12418,22041,Ascent,Decider,Anatolia Esports,Team Aurora,Anatolia Esports,935,Team Aurora,2903,9,3,4,4,0,0,Anatolia Esports,AMERICAS
12418,22042,Haven,Decider,Team Aurora,Anatolia Esports,Anatolia Esports,935,Team Aurora,2903,3,9,4,3,0,0,Anatolia Esports,AMERICAS
12419,22044,Haven,Decider,Fenerbahçe Esports,We Need Org,Fenerbahçe Esports,5310,We Need Org,3477,9,3,7,4,0,0,Fenerbahçe Esports,AMERICAS
12419,22045,Bind,Decider,We Need Org,Fenerbahçe Esports,Fenerbahçe Esports,5310,We Need Org,3477,6,6,4,7,0,0,We Need Org,AMERICAS
12419,22046,Ascent,Decider,Fenerbahçe Esports,We Need Org,Fenerbahçe Esports,5310,We Need Org,3477,3,9,4,2,0,0,We Need Org,AMERICAS
12420,22047,Bind,Decider,Zero Zone,5HEADS,Zero Zone,1675,5HEADS,3479,7,5,5,6,0,0,Zero Zone,AMERICAS
12420,22048,Ascent,Decider,5HEADS,Zero Zone,Zero Zone,1675,5HEADS,3479,5,7,6,2,0,0,Zero Zone,AMERICAS
12421,22050,Haven,Galakticos,Beşiktaş Esports,Galakticos,Beşiktaş Esports,2036,Galakticos,4762,1,11,2,1,0,0,Galakticos,AMERICAS
12421,22051,Bind,Beşiktaş Esports,Galakticos,Beşiktaş Esports,Beşiktaş Esports,2036,Galakticos,4762,3,9,4,0,0,0,Beşiktaş Esports,AMERICAS
12421,22052,Ascent,Galakticos,Beşiktaş Esports,Galakticos,Beşiktaş Esports,2036,Galakticos,4762,3,9,1,10,0,0,Beşiktaş Esports,AMERICAS
12422,22053,Haven,Kafalar eSports,Antalyaspor Esports,Kafalar eSports,Antalyaspor Esports,3468,Kafalar eSports,3261,3,9,4,8,0,0,Kafalar eSports,AMERICAS
12422,22054,Bind,Antalyaspor Esports,Kafalar eSports,Antalyaspor Esports,Antalyaspor Esports,3468,Kafalar eSports,3261,6,6,2,7,0,0,Kafalar eSports,AMERICAS
12423,22056,Ascent,Anatolia Esports,Sangal Esports,Anatolia Esports,Sangal Esports,1237,Anatolia Esports,935,2,10,3,0,0,0,Anatolia Esports,AMERICAS
12423,22057,Bind,Sangal Esports,Anatolia Esports,Sangal Esports,Sangal Esports,1237,Anatolia Esports,935,10,2,2,3,0,0,Anatolia Esports,AMERICAS
12424,22059,Icebox,Zero Zone,Zero Zone,We Need Org,We Need Org,3477,Zero Zone,1675,10,2,0,3,0,0,Zero Zone,AMERICAS
12424,22060,Bind,We Need Org,Zero Zone,We Need Org,We Need Org,3477,Zero Zone,1675,7,5,5,6,0,0,Zero Zone,AMERICAS
12425,22062,Icebox,Beşiktaş Esports,Beşiktaş Esports,Cyber Skull Esports,Cyber Skull Esports,2416,Beşiktaş Esports,2036,4,8,5,5,0,0,Cyber Skull Esports,AMERICAS
12425,22063,Ascent,Cyber Skull Esports,Beşiktaş Esports,Cyber Skull Esports,Cyber Skull Esports,2416,Beşiktaş Esports,2036,3,9,4,5,0,0,Cyber Skull Esports,AMERICAS
12426,22065,Ascent,Kafalar eSports,RARE Esports,Kafalar eSports,RARE Esports,1913,Kafalar eSports,3261,3,9,4,5,0,0,Kafalar eSports,AMERICAS
12426,22066,Haven,RARE Esports,Kafalar eSports,RARE Esports,RARE Esports,1913,Kafalar eSports,3261,4,8,5,5,0,0,RARE Esports,AMERICAS
12426,22067,Bind,Kafalar eSports,RARE Esports,Kafalar eSports,RARE Esports,1913,Kafalar eSports,3261,8,4,3,5,0,0,RARE Esports,AMERICAS
12427,22068,Haven,Anatolia Esports,FUT Esports,Anatolia Esports,FUT Esports,1184,Anatolia Esports,935,11,1,10,2,0,0,FUT Esports,AMERICAS
12427,22069,Icebox,FUT Esports,Anatolia Esports,FUT Esports,FUT Esports,1184,Anatolia Esports,935,6,6,7,5,0,0,FUT Esports,AMERICAS
12428,22071,Ascent,Zero Zone,İstanbul Wildcats,Zero Zone,İstanbul Wildcats,6132,Zero Zone,1675,6,6,7,4,0,0,Zero Zone,AMERICAS
12428,22072,Icebox,İstanbul Wildcats,İstanbul Wildcats,Zero Zone,İstanbul Wildcats,6132,Zero Zone,1675,4,8,5,7,0,0,Zero Zone,AMERICAS
11676,20516,Ascent,Decider,Team Gravity,John Howard,Team Gravity,2308,John Howard,1558,6,6,4,7,0,0,Team Gravity,AMERICAS
11676,20517,Bind,Decider,John Howard,Team Gravity,Team Gravity,2308,John Howard,1558,5,7,6,3,0,0,Team Gravity,AMERICAS
11678,20522,Ascent,Decider,Team Sinful,Guild Esports,Team Sinful,3396,Guild Esports,1209,3,9,4,3,0,0,Guild Esports,AMERICAS
11678,20523,Split,Decider,Guild Esports,Team Sinful,Team Sinful,3396,Guild Esports,1209,11,1,0,2,0,0,Guild Esports,AMERICAS
11679,20525,Ascent,Decider,noFEAR,Next level,Next level,3075,noFEAR,2930,7,5,4,6,0,0,noFEAR,AMERICAS
11679,20526,Bind,Decider,noFEAR,Next level,Next level,3075,noFEAR,2930,3,9,3,9,2,0,noFEAR,AMERICAS
11680,20529,Ascent,Decider,Circe,6'4 fully tatted,6'4 fully tatted,1828,Circe,1816,7,5,7,5,2,0,Circe,AMERICAS
11680,22302,Bind,Decider,6'4 fully tatted,Circe,6'4 fully tatted,1828,Circe,1816,7,5,8,3,0,0,Circe,AMERICAS
11681,20531,Split,Decider,Pit Stop,Attack Them,Pit Stop,2330,Attack Them,3380,12,0,0,1,0,0,Pit Stop,AMERICAS
11681,20532,Icebox,Decider,Attack Them,Pit Stop,Pit Stop,2330,Attack Them,3380,1,11,2,0,0,0,Pit Stop,AMERICAS
11682,20534,Ascent,Decider,Honvéd Esport,19esports,Honvéd Esport,8172,19esports,6139,5,7,6,3,0,0,19esports,AMERICAS
11682,20535,Bind,Decider,19esports,Honvéd Esport,Honvéd Esport,8172,19esports,6139,8,4,0,5,0,0,19esports,AMERICAS
11683,20537,Split,Decider,Backlink Gaming,Lancraft,Backlink Gaming,1076,Lancraft,3397,2,10,3,4,0,0,Lancraft,AMERICAS
11683,20538,Haven,Decider,Backlink Gaming,Lancraft,Backlink Gaming,1076,Lancraft,3397,8,4,8,4,1,3,Lancraft,AMERICAS
11684,20540,Ascent,Decider,animel,Team Sprel,animel,3065,Team Sprel,3383,12,0,0,1,0,0,animel,AMERICAS
11684,20541,Split,Decider,Team Sprel,animel,animel,3065,Team Sprel,3383,4,8,5,0,0,0,animel,AMERICAS
11685,20543,Icebox,Decider,Prima Esport,ALCYONE,Prima Esport,1344,ALCYONE,1621,3,9,4,0,0,0,ALCYONE,AMERICAS
11685,20544,Ascent,Decider,ALCYONE,Prima Esport,Prima Esport,1344,ALCYONE,1621,8,4,9,3,0,0,Prima Esport,AMERICAS
11685,20545,Split,Decider,Prima Esport,ALCYONE,Prima Esport,1344,ALCYONE,1621,9,3,1,4,0,0,Prima Esport,AMERICAS
11686,20546,Haven,Decider,LSWeasels,Entropiq,LSWeasels,2645,Entropiq,2819,1,11,2,0,0,0,Entropiq,AMERICAS
11686,20547,Split,Decider,Entropiq,LSWeasels,LSWeasels,2645,Entropiq,2819,9,3,0,4,0,0,Entropiq,AMERICAS
11687,20549,Bind,Decider,IN YOUR HEAD,Sniper Monkey,IN YOUR HEAD,3073,Sniper Monkey,3297,5,7,6,3,0,0,Sniper Monkey,AMERICAS
11687,20550,Split,Decider,Sniper Monkey,IN YOUR HEAD,IN YOUR HEAD,3073,Sniper Monkey,3297,4,8,3,9,0,0,Sniper Monkey,AMERICAS
11688,20552,Ascent,Decider,WhynotVLR,UCAM Esports Club,UCAM Esports Club,4616,WhynotVLR,2418,9,3,4,4,0,0,WhynotVLR,AMERICAS
11688,20553,Bind,Decider,UCAM Esports Club,WhynotVLR,UCAM Esports Club,4616,WhynotVLR,2418,8,4,5,5,0,0,UCAM Esports Club,AMERICAS
11688,20554,Haven,Decider,UCAM Esports Club,WhynotVLR,UCAM Esports Club,4616,WhynotVLR,2418,7,5,7,5,0,2,WhynotVLR,AMERICAS
11689,20555,Ascent,Decider,Chakalaka,BLUEJAYS Frates,Chakalaka,1421,BLUEJAYS Frates,3384,11,1,0,2,0,0,Chakalaka,AMERICAS
11689,20556,Split,Decider,BLUEJAYS Frates,Chakalaka,Chakalaka,1421,BLUEJAYS Frates,3384,1,11,2,2,0,0,Chakalaka,AMERICAS
11690,20558,Haven,Decider,Wizards Club,NoNamers,NoNamers,2319,Wizards Club,703,6,6,7,5,0,0,NoNamers,AMERICAS
11690,20559,Bind,Decider,Wizards Club,NoNamers,NoNamers,2319,Wizards Club,703,7,5,8,3,0,0,NoNamers,AMERICAS
11691,20561,Ascent,Decider,Tarren Mill,playzone,Tarren Mill,1090,playzone,2649,8,4,6,5,0,0,Tarren Mill,AMERICAS
11691,20562,Haven,Decider,playzone,Tarren Mill,Tarren Mill,1090,playzone,2649,6,6,7,4,0,0,Tarren Mill,AMERICAS
11692,20564,Icebox,Decider,RevengeGG,Movistar Riders,RevengeGG,3099,Movistar Riders,2499,2,10,3,0,0,0,Movistar Riders,AMERICAS
11692,20565,Ascent,Decider,Movistar Riders,RevengeGG,RevengeGG,3099,Movistar Riders,2499,5,7,1,8,0,0,Movistar Riders,AMERICAS
11693,20567,Bind,Decider,Anime Sax Squad(Amarok E-sports),REPLY TOTEM,Anime Sax Squad(Amarok E-sports),3308,REPLY TOTEM,1351,0,11,2,0,0,0,REPLY TOTEM,AMERICAS
11693,20568,Split,Decider,REPLY TOTEM,Anime Sax Squad(Amarok E-sports),Anime Sax Squad(Amarok E-sports),3308,REPLY TOTEM,1351,9,0,0,4,0,0,REPLY TOTEM,AMERICAS
11694,20570,Split,Decider,KETÄ,DfuseTeam,KETÄ,2690,DfuseTeam,1982,0,12,1,2,0,0,DfuseTeam,AMERICAS
11694,20571,Bind,Decider,DfuseTeam,KETÄ,KETÄ,2690,DfuseTeam,1982,10,2,0,3,0,0,DfuseTeam,AMERICAS
11695,20573,Icebox,Decider,Team 7AM,YAZDA,Team 7AM,2501,YAZDA,1903,1,11,2,6,0,0,YAZDA,AMERICAS
11695,20574,Bind,Decider,YAZDA,Team 7AM,Team 7AM,2501,YAZDA,1903,7,5,8,4,0,0,Team 7AM,AMERICAS
11695,20575,Split,Decider,Team 7AM,YAZDA,Team 7AM,2501,YAZDA,1903,8,4,3,5,0,0,Team 7AM,AMERICAS
11696,20576,Ascent,Decider,Megastitut,Catalyst Esports,Catalyst Esports,1619,Megastitut,686,8,4,7,5,0,0,Megastitut,AMERICAS
11696,20577,Haven,Decider,Megastitut,Catalyst Esports,Catalyst Esports,1619,Megastitut,686,7,5,2,6,0,0,Megastitut,AMERICAS
11697,20579,Haven,Decider,Project GreyWing,Winfinity,Project GreyWing,3027,Winfinity,1250,1,11,2,0,0,0,Winfinity,AMERICAS
11697,20580,Ascent,Decider,Winfinity,Project GreyWing,Project GreyWing,3027,Winfinity,1250,6,6,5,7,0,0,Winfinity,AMERICAS
11698,20582,Ascent,Decider,Team Queso,FormaGwint,Team Queso,4538,FormaGwint,3327,7,5,1,6,0,0,Team Queso,AMERICAS
11698,20583,Icebox,Decider,FormaGwint,Team Queso,Team Queso,4538,FormaGwint,3327,2,10,3,4,0,0,Team Queso,AMERICAS
11699,20585,Icebox,Decider,Finest,craic,Finest,673,craic,3388,11,1,1,2,0,0,Finest,AMERICAS
11699,20586,Haven,Decider,Finest,craic,Finest,673,craic,3388,9,3,3,4,0,0,Finest,AMERICAS
11700,20588,Split,Decider,keepYOURskill,Ovation eSports,keepYOURskill,556,Ovation eSports,1800,5,7,2,8,0,0,keepYOURskill,AMERICAS
11700,20589,Ascent,Decider,Ovation eSports,keepYOURskill,keepYOURskill,556,Ovation eSports,1800,5,7,3,8,0,0,Ovation eSports,AMERICAS
11700,20590,Haven,Decider,keepYOURskill,Ovation eSports,keepYOURskill,556,Ovation eSports,1800,5,7,6,6,0,0,Ovation eSports,AMERICAS
11702,20594,Bind,Decider,Giants Gaming,eSuba,Giants Gaming,2304,eSuba,1474,11,1,4,2,0,0,Giants Gaming,AMERICAS
11702,20595,Ascent,Decider,eSuba,Giants Gaming,Giants Gaming,2304,eSuba,1474,3,9,4,1,0,0,Giants Gaming,AMERICAS
11703,20597,Haven,Decider,57,Aqualix,Aqualix,2335,57,3387,5,7,4,8,0,0,57,AMERICAS
11703,20598,Ascent,Decider,57,Aqualix,Aqualix,2335,57,3387,7,5,3,6,0,0,57,AMERICAS
11704,20600,Ascent,Decider,MBAPPEEK,iPon Esport,MBAPPEEK,3390,iPon Esport,576,4,8,5,2,0,0,iPon Esport,AMERICAS
11704,20601,Split,Decider,iPon Esport,MBAPPEEK,MBAPPEEK,3390,iPon Esport,576,7,5,3,6,0,0,iPon Esport,AMERICAS
11705,20603,Split,Decider,Ambitious,Baecon GG,Ambitious,2636,Baecon GG,3391,8,4,7,5,0,0,Ambitious,AMERICAS
11705,20604,Ascent,Decider,Ambitious,Baecon GG,Ambitious,2636,Baecon GG,3391,8,4,9,3,0,0,Baecon GG,AMERICAS
11705,20605,Bind,Decider,Ambitious,Baecon GG,Ambitious,2636,Baecon GG,3391,8,4,8,4,3,1,Ambitious,AMERICAS
11706,20606,Haven,Decider,Team Sampi,Team Leaf,Team Sampi,1234,Team Leaf,3392,8,4,2,5,0,0,Team Sampi,AMERICAS
11706,20607,Icebox,Decider,Team Leaf,Team Sampi,Team Sampi,1234,Team Leaf,3392,1,11,2,0,0,0,Team Sampi,AMERICAS
11707,20609,Haven,Decider,Dark Tigers,Arbalest,Dark Tigers,3362,Arbalest,2026,4,8,5,7,0,0,Arbalest,AMERICAS
11707,20610,Split,Decider,Arbalest,Dark Tigers,Dark Tigers,3362,Arbalest,2026,7,5,2,6,0,0,Arbalest,AMERICAS
11708,20612,Bind,Decider,Patchwork,Tensei Esports,Tensei Esports,3080,Patchwork,2642,8,4,6,5,0,0,Patchwork,AMERICAS
11708,20613,Ascent,Decider,Tensei Esports,Patchwork,Tensei Esports,3080,Patchwork,2642,8,4,9,0,0,0,Patchwork,AMERICAS
11709,20615,Split,Decider,OKGG,HONK,OKGG,3088,HONK,2562,3,9,4,0,0,0,HONK,AMERICAS
11709,20616,Ascent,Decider,HONK,OKGG,OKGG,3088,HONK,2562,11,1,1,2,0,0,HONK,AMERICAS
11711,20621,Haven,Decider,AVEZ Esport,STAGA,STAGA,2340,AVEZ Esport,3393,5,7,6,4,0,0,STAGA,AMERICAS
11711,20622,Split,Decider,AVEZ Esport,STAGA,STAGA,2340,AVEZ Esport,3393,5,7,6,1,0,0,STAGA,AMERICAS
11712,20624,Bind,Decider,ExtraOrdinary,Rulers Esports,ExtraOrdinary,3381,Rulers Esports,2674,7,5,1,6,0,0,ExtraOrdinary,AMERICAS
11712,20625,Haven,Decider,Rulers Esports,ExtraOrdinary,ExtraOrdinary,3381,Rulers Esports,2674,3,9,4,3,0,0,ExtraOrdinary,AMERICAS
11713,20627,Ascent,Decider,Marten Gaming,Team Air,Marten Gaming,2133,Team Air,3398,4,8,5,7,0,0,Team Air,AMERICAS
11713,20628,Split,Decider,Team Air,Marten Gaming,Marten Gaming,2133,Team Air,3398,3,9,4,0,0,0,Marten Gaming,AMERICAS
11713,20629,Icebox,Decider,Team Air,Marten Gaming,Marten Gaming,2133,Team Air,3398,2,10,3,2,0,0,Marten Gaming,AMERICAS
11715,20633,Bind,Decider,HEET,Yendez,HEET,2408,Yendez,1174,4,8,5,3,0,0,Yendez,AMERICAS
11715,20634,Haven,Decider,Yendez,HEET,HEET,2408,Yendez,1174,6,6,7,5,0,0,HEET,AMERICAS
11715,20635,Ascent,Decider,HEET,Yendez,HEET,2408,Yendez,1174,4,8,5,1,0,0,Yendez,AMERICAS
11716,20636,Icebox,Decider,Purple Cobras,volvo peek,Purple Cobras,2925,volvo peek,3303,4,8,5,0,0,0,volvo peek,AMERICAS
11716,20637,Split,Decider,volvo peek,Purple Cobras,Purple Cobras,2925,volvo peek,3303,3,9,4,0,0,0,Purple Cobras,AMERICAS
11716,20638,Bind,Decider,Purple Cobras,volvo peek,Purple Cobras,2925,volvo peek,3303,5,7,6,1,0,0,volvo peek,AMERICAS
11717,20639,Ascent,Decider,DiaXmix,Iron Division,DiaXmix,1420,Iron Division,3374,6,6,4,7,0,0,DiaXmix,AMERICAS
11717,20640,Bind,Decider,Iron Division,DiaXmix,DiaXmix,1420,Iron Division,3374,2,10,3,2,0,0,DiaXmix,AMERICAS
11718,20642,Haven,Decider,świeca,HSDIRR,świeca,3072,HSDIRR,685,3,9,4,1,0,0,HSDIRR,AMERICAS
11718,20643,Ascent,Decider,HSDIRR,świeca,świeca,3072,HSDIRR,685,8,4,7,5,0,0,HSDIRR,AMERICAS
11719,20645,Bind,Decider,sh00pdawh00p,UBITEAM,sh00pdawh00p,2999,UBITEAM,2058,4,8,5,2,0,0,UBITEAM,AMERICAS
11719,20646,Ascent,Decider,UBITEAM,sh00pdawh00p,sh00pdawh00p,2999,UBITEAM,2058,9,3,0,4,0,0,UBITEAM,AMERICAS
11720,20648,Split,Decider,d00msday,Digital Ninjas,d00msday,3394,Digital Ninjas,1530,11,1,1,2,0,0,d00msday,AMERICAS
11720,20649,Haven,Decider,Digital Ninjas,d00msday,d00msday,3394,Digital Ninjas,1530,1,11,2,2,0,0,d00msday,AMERICAS
11721,20651,Icebox,Decider,lil pamp esports,Ballista,lil pamp esports,2162,Ballista,2566,8,4,8,4,2,4,Ballista,AMERICAS
11721,20652,Split,Decider,Ballista,lil pamp esports,lil pamp esports,2162,Ballista,2566,8,4,3,5,0,0,Ballista,AMERICAS
11723,20657,Bind,Decider,Dragonborn Esport,Ignite,Dragonborn Esport,1552,Ignite,2670,6,6,7,3,0,0,Ignite,AMERICAS
11723,20658,Ascent,Decider,Ignite,Dragonborn Esport,Dragonborn Esport,1552,Ignite,2670,6,6,2,7,0,0,Ignite,AMERICAS
11724,20660,Bind,Decider,DIVAN,SAW,DIVAN,3400,SAW,2755,3,9,4,2,0,0,SAW,AMERICAS
11724,20661,Ascent,Decider,SAW,DIVAN,DIVAN,3400,SAW,2755,9,3,1,4,0,0,SAW,AMERICAS
11725,20663,Ascent,Decider,Květinky,Ingenuity,Květinky,965,Ingenuity,2661,8,4,1,5,0,0,Květinky,AMERICAS
11725,20664,Bind,Decider,Ingenuity,Květinky,Květinky,965,Ingenuity,2661,4,8,5,7,0,0,Květinky,AMERICAS
11726,20666,Haven,Decider,indepeNdent,Edelweiss Esports,indepeNdent,3401,Edelweiss Esports,2607,1,11,2,0,0,0,Edelweiss Esports,AMERICAS
11726,20667,Bind,Decider,Edelweiss Esports,indepeNdent,indepeNdent,3401,Edelweiss Esports,2607,5,7,1,8,0,0,Edelweiss Esports,AMERICAS
11727,20669,Ascent,Decider,Pingu Gang,Helios Gaming,Pingu Gang,568,Helios Gaming,1795,5,7,6,6,0,0,Helios Gaming,AMERICAS
11727,20670,Split,Decider,Helios Gaming,Pingu Gang,Pingu Gang,568,Helios Gaming,1795,4,8,5,0,0,0,Pingu Gang,AMERICAS
11727,20671,Bind,Decider,Pingu Gang,Helios Gaming,Pingu Gang,568,Helios Gaming,1795,6,6,2,7,0,0,Pingu Gang,AMERICAS
11729,20675,Split,Decider,Team Questionmark,ShockDart,Team Questionmark,2685,ShockDart,2298,4,8,5,1,0,0,ShockDart,AMERICAS
11729,20676,Haven,Decider,ShockDart,Team Questionmark,Team Questionmark,2685,ShockDart,2298,7,5,3,6,0,0,ShockDart,AMERICAS
11730,20678,Bind,Decider,FlashDash,Raise Your Edge,FlashDash,3325,Raise Your Edge,2577,6,6,7,2,0,0,Raise Your Edge,AMERICAS
11730,20679,Haven,Decider,Raise Your Edge,FlashDash,FlashDash,3325,Raise Your Edge,2577,9,3,2,4,0,0,Raise Your Edge,AMERICAS
11731,20681,Haven,Decider,Team Galaga,Team Vitality,Team Galaga,6195,Team Vitality,2059,5,7,6,0,0,0,Team Vitality,AMERICAS
11731,20682,Bind,Decider,Team Vitality,Team Galaga,Team Galaga,6195,Team Vitality,2059,8,4,1,5,0,0,Team Vitality,AMERICAS
11732,20684,Bind,Decider,PowerHouse,MATCHMAKING LOVERS,MATCHMAKING LOVERS,3376,PowerHouse,3147,11,1,0,2,0,0,PowerHouse,AMERICAS
11732,20685,Icebox,Decider,MATCHMAKING LOVERS,PowerHouse,MATCHMAKING LOVERS,3376,PowerHouse,3147,3,9,4,4,0,0,PowerHouse,AMERICAS
11733,20687,Split,Decider,BloodyDevils,nevermindgg,BloodyDevils,3395,nevermindgg,2932,8,4,8,4,2,0,BloodyDevils,AMERICAS
11733,20688,Ascent,Decider,nevermindgg,BloodyDevils,BloodyDevils,3395,nevermindgg,2932,7,5,0,6,0,0,nevermindgg,AMERICAS
11733,22304,Bind,Decider,BloodyDevils,nevermindgg,BloodyDevils,3395,nevermindgg,2932,5,7,3,8,0,0,BloodyDevils,AMERICAS
11734,20690,Ascent,Decider,Bean Boys,Lunaris,Bean Boys,3375,Lunaris,3093,2,10,3,0,0,0,Lunaris,AMERICAS
11734,20691,Bind,Decider,Lunaris,Bean Boys,Bean Boys,3375,Lunaris,3093,6,6,1,7,0,0,Lunaris,AMERICAS
11735,20693,Bind,Decider,Team Liquid,Nexus Gaming,Team Liquid,474,Nexus Gaming,3402,12,0,2,1,0,0,Team Liquid,AMERICAS
11735,20694,Haven,Decider,Nexus Gaming,Team Liquid,Team Liquid,474,Nexus Gaming,3402,1,11,2,0,0,0,Team Liquid,AMERICAS
11736,20697,Haven,Decider,Cream Real Betis,IGP Alpha,Cream Real Betis,1035,IGP Alpha,559,9,3,2,4,0,0,Cream Real Betis,AMERICAS
11736,22303,Bind,Decider,Cream Real Betis,IGP Alpha,Cream Real Betis,1035,IGP Alpha,559,12,0,0,1,0,0,Cream Real Betis,AMERICAS
11737,20699,Ascent,Decider,unsigned,Young Guys Club,unsigned,1071,Young Guys Club,3039,10,2,3,3,0,0,unsigned,AMERICAS
11737,20700,Bind,Decider,Young Guys Club,unsigned,unsigned,1071,Young Guys Club,3039,2,10,3,3,0,0,unsigned,AMERICAS
11738,20702,Ascent,Decider,BadTurtles Esport,IC9,BadTurtles Esport,2637,IC9,2337,7,5,8,3,0,0,IC9,AMERICAS
11738,20703,Bind,Decider,IC9,BadTurtles Esport,BadTurtles Esport,2637,IC9,2337,10,2,1,3,0,0,IC9,AMERICAS
11739,20705,Haven,Decider,Rix.GG Thunder,ATRAVS,ATRAVS,1875,Rix.GG Thunder,2373,6,6,3,7,0,0,Rix.GG Thunder,AMERICAS
11739,20706,Bind,Decider,ATRAVS,Rix.GG Thunder,ATRAVS,1875,Rix.GG Thunder,2373,2,10,3,6,0,0,Rix.GG Thunder,AMERICAS
11677,20519,Ascent,Decider,S2V Esports,Radiant Comedy Club,Radiant Comedy Club,2710,S2V Esports,2310,8,4,0,5,0,0,S2V Esports,AMERICAS
11677,20520,Split,Decider,S2V Esports,Radiant Comedy Club,Radiant Comedy Club,2710,S2V Esports,2310,6,6,1,7,0,0,S2V Esports,AMERICAS
11710,20618,Ascent,Decider,Wolfix Gaming,Angry Titans,Wolfix Gaming,3405,Angry Titans,3347,6,6,7,3,0,0,Angry Titans,AMERICAS
11710,20619,Haven,Decider,Wolfix Gaming,Angry Titans,Wolfix Gaming,3405,Angry Titans,3347,5,7,6,4,0,0,Angry Titans,AMERICAS
11673,20507,Ascent,Decider,Lunaris,Team Liquid,Lunaris,3093,Team Liquid,474,2,10,3,0,0,0,Team Liquid,AMERICAS
11673,20508,Split,Decider,Team Liquid,Lunaris,Lunaris,3093,Team Liquid,474,8,4,3,5,0,0,Team Liquid,AMERICAS
11652,20444,Bind,Decider,Movistar Riders,REPLY TOTEM,Movistar Riders,2499,REPLY TOTEM,1351,7,5,2,6,0,0,Movistar Riders,AMERICAS
11652,20445,Ascent,Decider,REPLY TOTEM,Movistar Riders,Movistar Riders,2499,REPLY TOTEM,1351,3,9,4,3,0,0,Movistar Riders,AMERICAS
11644,20420,Ascent,Decider,Team Gravity,S2V Esports,Team Gravity,2308,S2V Esports,2310,6,6,7,0,0,0,S2V Esports,AMERICAS
11644,20421,Split,Decider,S2V Esports,Team Gravity,Team Gravity,2308,S2V Esports,2310,11,1,0,2,0,0,S2V Esports,AMERICAS
11645,20423,Ascent,Decider,Guild Esports,noFEAR,Guild Esports,1209,noFEAR,2930,11,1,2,2,0,0,Guild Esports,AMERICAS
11645,20424,Haven,Decider,noFEAR,Guild Esports,Guild Esports,1209,noFEAR,2930,1,11,2,0,0,0,Guild Esports,AMERICAS
11646,20426,Ascent,Decider,Circe,Pit Stop,Circe,1816,Pit Stop,2330,9,3,3,4,0,0,Circe,AMERICAS
11646,20427,Bind,Decider,Pit Stop,Circe,Circe,1816,Pit Stop,2330,11,1,4,2,0,0,Pit Stop,AMERICAS
11646,20428,Split,Decider,Circe,Pit Stop,Circe,1816,Pit Stop,2330,4,8,5,1,0,0,Pit Stop,AMERICAS
11647,20429,Split,Decider,19esports,Lancraft,19esports,6139,Lancraft,3397,11,1,0,2,0,0,19esports,AMERICAS
11647,20430,Haven,Decider,Lancraft,19esports,19esports,6139,Lancraft,3397,1,11,2,0,0,0,19esports,AMERICAS
11649,20435,Ascent,Decider,Entropiq,Sniper Monkey,Entropiq,2819,Sniper Monkey,3297,6,6,6,6,3,1,Entropiq,AMERICAS
11649,20436,Bind,Decider,Sniper Monkey,Entropiq,Entropiq,2819,Sniper Monkey,3297,2,10,2,10,1,3,Entropiq,AMERICAS
11650,20438,Ascent,Decider,WhynotVLR,Chakalaka,WhynotVLR,2418,Chakalaka,1421,4,8,5,0,0,0,Chakalaka,AMERICAS
11650,20439,Bind,Decider,Chakalaka,WhynotVLR,WhynotVLR,2418,Chakalaka,1421,6,6,4,7,0,0,Chakalaka,AMERICAS
11651,20441,Split,Decider,NoNamers,Tarren Mill,NoNamers,2319,Tarren Mill,1090,2,10,3,3,0,0,Tarren Mill,AMERICAS
11651,20442,Haven,Decider,Tarren Mill,NoNamers,NoNamers,2319,Tarren Mill,1090,10,2,4,3,0,0,Tarren Mill,AMERICAS
11654,20450,Haven,Decider,Megastitut,Winfinity,Megastitut,686,Winfinity,1250,9,3,7,4,0,0,Megastitut,AMERICAS
11654,20451,Bind,Decider,Winfinity,Megastitut,Megastitut,686,Winfinity,1250,5,7,4,8,0,0,Winfinity,AMERICAS
11654,20452,Split,Decider,Megastitut,Winfinity,Megastitut,686,Winfinity,1250,7,5,8,0,0,0,Winfinity,AMERICAS
11655,20453,Ascent,Decider,Team Queso,Finest,Team Queso,4538,Finest,673,7,5,8,1,0,0,Finest,AMERICAS
11655,20454,Icebox,Decider,Finest,Team Queso,Team Queso,4538,Finest,673,7,5,3,6,0,0,Finest,AMERICAS
11657,20459,Bind,Decider,Giants Gaming,57,Giants Gaming,2304,57,3387,10,2,0,3,0,0,Giants Gaming,AMERICAS
11657,20460,Ascent,Decider,57,Giants Gaming,Giants Gaming,2304,57,3387,2,10,3,0,0,0,Giants Gaming,AMERICAS
11658,20462,Ascent,Decider,iPon Esport,Ambitious,iPon Esport,576,Ambitious,2636,10,2,3,3,0,0,iPon Esport,AMERICAS
11658,20463,Bind,Decider,Ambitious,iPon Esport,iPon Esport,576,Ambitious,2636,6,6,6,6,1,3,iPon Esport,AMERICAS
11659,20465,Haven,Decider,Team Sampi,Arbalest,Team Sampi,1234,Arbalest,2026,4,8,5,4,0,0,Arbalest,AMERICAS
11659,20466,Split,Decider,Arbalest,Team Sampi,Team Sampi,1234,Arbalest,2026,4,8,5,1,0,0,Team Sampi,AMERICAS
11659,20467,Ascent,Decider,Team Sampi,Arbalest,Team Sampi,1234,Arbalest,2026,5,7,6,6,0,0,Arbalest,AMERICAS
11660,20468,Haven,Decider,Patchwork,HONK,Patchwork,2642,HONK,2562,3,9,4,8,0,0,HONK,AMERICAS
11660,20469,Split,Decider,HONK,Patchwork,Patchwork,2642,HONK,2562,5,7,3,8,0,0,HONK,AMERICAS
11661,20471,Icebox,Decider,STAGA,Angry Titans,Angry Titans,3347,STAGA,2340,10,2,6,3,0,0,STAGA,AMERICAS
11661,20472,Split,Decider,STAGA,Angry Titans,Angry Titans,3347,STAGA,2340,11,1,1,2,0,0,STAGA,AMERICAS
11662,20474,Haven,Decider,ExtraOrdinary,Marten Gaming,ExtraOrdinary,3381,Marten Gaming,2133,1,11,2,0,0,0,Marten Gaming,AMERICAS
11662,20475,Split,Decider,Marten Gaming,ExtraOrdinary,ExtraOrdinary,3381,Marten Gaming,2133,7,5,8,4,0,0,ExtraOrdinary,AMERICAS
11662,20476,Ascent,Decider,ExtraOrdinary,Marten Gaming,ExtraOrdinary,3381,Marten Gaming,2133,7,5,8,3,0,0,Marten Gaming,AMERICAS
11663,20477,Bind,Decider,99Percent.,Yendez,99Percent.,3399,Yendez,1174,5,7,5,7,3,1,99Percent.,AMERICAS
11663,20478,Ascent,Decider,Yendez,99Percent.,99Percent.,3399,Yendez,1174,6,6,7,4,0,0,99Percent.,AMERICAS
11664,20480,Bind,Decider,volvo peek,DiaXmix,volvo peek,3303,DiaXmix,1420,9,3,1,4,0,0,volvo peek,AMERICAS
11664,20481,Ascent,Decider,DiaXmix,volvo peek,volvo peek,3303,DiaXmix,1420,4,8,5,0,0,0,volvo peek,AMERICAS
11665,20483,Ascent,Decider,UBITEAM,HSDIRR,HSDIRR,685,UBITEAM,2058,2,10,3,3,0,0,HSDIRR,AMERICAS
11665,20484,Split,Decider,UBITEAM,HSDIRR,HSDIRR,685,UBITEAM,2058,6,6,7,2,0,0,HSDIRR,AMERICAS
11666,20486,Bind,Decider,d00msday,Ballista,d00msday,3394,Ballista,2566,2,10,3,4,0,0,Ballista,AMERICAS
11666,20487,Split,Decider,Ballista,d00msday,d00msday,3394,Ballista,2566,9,3,0,4,0,0,Ballista,AMERICAS
11667,20489,Ascent,Decider,SUPRMODE Gaming,Ignite,SUPRMODE Gaming,3115,Ignite,2670,5,7,6,1,0,0,Ignite,AMERICAS
11667,20490,Haven,Decider,Ignite,SUPRMODE Gaming,SUPRMODE Gaming,3115,Ignite,2670,6,6,4,7,0,0,Ignite,AMERICAS
11668,20492,Bind,Decider,SAW,Květinky,SAW,2755,Květinky,965,8,4,1,5,0,0,SAW,AMERICAS
11668,20493,Ascent,Decider,Květinky,SAW,SAW,2755,Květinky,965,3,9,4,1,0,0,SAW,AMERICAS
11670,20498,Ascent,Decider,E9Sports,ShockDart,E9Sports,3382,ShockDart,2298,5,7,6,0,0,0,ShockDart,AMERICAS
11670,20499,Haven,Decider,ShockDart,E9Sports,E9Sports,3382,ShockDart,2298,10,2,1,3,0,0,ShockDart,AMERICAS
11671,20501,Haven,Decider,Raise Your Edge,Team Vitality,Raise Your Edge,2577,Team Vitality,2059,5,7,4,8,0,0,Raise Your Edge,AMERICAS
11671,20502,Bind,Decider,Team Vitality,Raise Your Edge,Raise Your Edge,2577,Team Vitality,2059,5,7,6,2,0,0,Raise Your Edge,AMERICAS
11674,20510,Bind,Decider,Cream Real Betis,unsigned,Cream Real Betis,1035,unsigned,1071,7,5,5,6,0,0,Cream Real Betis,AMERICAS
11674,20511,Split,Decider,unsigned,Cream Real Betis,Cream Real Betis,1035,unsigned,1071,2,10,3,0,0,0,Cream Real Betis,AMERICAS
11675,20513,Bind,Decider,IC9,Rix.GG Thunder,IC9,2337,Rix.GG Thunder,2373,3,9,4,3,0,0,Rix.GG Thunder,AMERICAS
11675,20514,Ascent,Decider,Rix.GG Thunder,IC9,IC9,2337,Rix.GG Thunder,2373,9,3,0,4,0,0,Rix.GG Thunder,AMERICAS
11648,20432,Ascent,Decider,animel,Prima Esport,animel,3065,Prima Esport,1344,9,3,9,3,0,2,Prima Esport,AMERICAS
11648,20433,Split,Decider,Prima Esport,animel,animel,3065,Prima Esport,1344,3,9,4,4,0,0,animel,AMERICAS
11648,20434,Icebox,Decider,animel,Prima Esport,animel,3065,Prima Esport,1344,5,7,5,7,2,0,animel,AMERICAS
11653,20447,Split,Decider,DfuseTeam,Team 7AM,DfuseTeam,1982,Team 7AM,2501,5,7,3,8,0,0,DfuseTeam,AMERICAS
11653,20448,Bind,Decider,Team 7AM,DfuseTeam,DfuseTeam,1982,Team 7AM,2501,2,10,3,0,0,0,DfuseTeam,AMERICAS
11656,20456,Haven,Decider,Ovation eSports,We Knep The Meta,Ovation eSports,1800,We Knep The Meta,2612,10,2,0,3,0,0,Ovation eSports,AMERICAS
11656,20457,Ascent,Decider,We Knep The Meta,Ovation eSports,Ovation eSports,1800,We Knep The Meta,2612,0,12,1,0,0,0,Ovation eSports,AMERICAS
11669,20495,Ascent,Decider,Edelweiss Esports,Pingu Gang,Edelweiss Esports,2607,Pingu Gang,568,6,6,6,6,2,0,Edelweiss Esports,AMERICAS
11669,20496,Bind,Decider,Pingu Gang,Edelweiss Esports,Edelweiss Esports,2607,Pingu Gang,568,4,8,2,9,0,0,Pingu Gang,AMERICAS
11669,20497,Split,Decider,Edelweiss Esports,Pingu Gang,Edelweiss Esports,2607,Pingu Gang,568,11,1,0,2,0,0,Edelweiss Esports,AMERICAS
11672,20504,Bind,Decider,BloodyDevils,PowerHouse,PowerHouse,3147,BloodyDevils,3395,3,9,4,0,0,0,PowerHouse,AMERICAS
11672,20505,Split,Decider,BloodyDevils,PowerHouse,PowerHouse,3147,BloodyDevils,3395,7,5,8,2,0,0,PowerHouse,AMERICAS
11615,20333,Split,Decider,S2V Esports,Guild Esports,S2V Esports,2310,Guild Esports,1209,5,7,6,1,0,0,Guild Esports,AMERICAS
11615,20334,Ascent,Decider,Guild Esports,S2V Esports,S2V Esports,2310,Guild Esports,1209,6,6,1,7,0,0,Guild Esports,AMERICAS
11616,20336,Ascent,Decider,Pit Stop,19esports,Pit Stop,2330,19esports,6139,6,6,2,7,0,0,Pit Stop,AMERICAS
11616,20337,Bind,Decider,19esports,Pit Stop,Pit Stop,2330,19esports,6139,1,11,2,0,0,0,Pit Stop,AMERICAS
11617,20339,Haven,Decider,animel,Entropiq,animel,3065,Entropiq,2819,5,7,5,7,1,3,Entropiq,AMERICAS
11617,20340,Split,Decider,Entropiq,animel,animel,3065,Entropiq,2819,9,3,1,4,0,0,Entropiq,AMERICAS
11618,20342,Split,Decider,Chakalaka,Tarren Mill,Chakalaka,1421,Tarren Mill,1090,9,3,0,4,0,0,Chakalaka,AMERICAS
11618,20343,Ascent,Decider,Tarren Mill,Chakalaka,Chakalaka,1421,Tarren Mill,1090,8,4,7,5,0,0,Tarren Mill,AMERICAS
11618,20344,Haven,Decider,Chakalaka,Tarren Mill,Chakalaka,1421,Tarren Mill,1090,6,6,6,6,4,2,Chakalaka,AMERICAS
11619,20345,Split,Decider,Movistar Riders,DfuseTeam,Movistar Riders,2499,DfuseTeam,1982,5,7,6,1,0,0,DfuseTeam,AMERICAS
11619,20346,Haven,Decider,DfuseTeam,Movistar Riders,Movistar Riders,2499,DfuseTeam,1982,10,2,0,3,0,0,DfuseTeam,AMERICAS
11620,20348,Icebox,Decider,Winfinity,Finest,Winfinity,1250,Finest,673,2,10,3,0,0,0,Finest,AMERICAS
11620,20349,Bind,Decider,Finest,Winfinity,Winfinity,1250,Finest,673,10,2,2,3,0,0,Finest,AMERICAS
11621,20351,Ascent,Decider,Giants Gaming,Ovation eSports,Ovation eSports,1800,Giants Gaming,2304,4,8,2,9,0,0,Giants Gaming,AMERICAS
11621,20352,Split,Decider,Ovation eSports,Giants Gaming,Ovation eSports,1800,Giants Gaming,2304,6,6,7,2,0,0,Giants Gaming,AMERICAS
11622,20354,Haven,Decider,iPon Esport,Arbalest,iPon Esport,576,Arbalest,2026,4,8,2,9,0,0,iPon Esport,AMERICAS
11622,20355,Ascent,Decider,Arbalest,iPon Esport,iPon Esport,576,Arbalest,2026,6,6,5,7,0,0,Arbalest,AMERICAS
11622,20356,Split,Decider,iPon Esport,Arbalest,iPon Esport,576,Arbalest,2026,3,9,3,9,2,0,iPon Esport,AMERICAS
11623,20357,Haven,Decider,HONK,STAGA,HONK,2562,STAGA,2340,6,6,0,7,0,0,HONK,AMERICAS
11623,20358,Bind,Decider,STAGA,HONK,HONK,2562,STAGA,2340,7,5,7,5,0,2,HONK,AMERICAS
11624,20360,Ascent,Decider,Marten Gaming,99Percent.,Marten Gaming,2133,99Percent.,3399,5,7,6,5,0,0,99Percent.,AMERICAS
11624,20361,Haven,Decider,99Percent.,Marten Gaming,Marten Gaming,2133,99Percent.,3399,7,5,7,5,1,3,Marten Gaming,AMERICAS
11624,20362,Icebox,Decider,99Percent.,Marten Gaming,Marten Gaming,2133,99Percent.,3399,9,3,4,4,0,0,99Percent.,AMERICAS
11625,20363,Split,Decider,volvo peek,HSDIRR,volvo peek,3303,HSDIRR,685,4,8,5,5,0,0,HSDIRR,AMERICAS
11625,20364,Ascent,Decider,HSDIRR,volvo peek,volvo peek,3303,HSDIRR,685,6,6,3,7,0,0,HSDIRR,AMERICAS
11626,20366,Bind,Decider,Ignite,Ballista,Ballista,2566,Ignite,2670,5,7,6,3,0,0,Ballista,AMERICAS
11626,20367,Haven,Decider,Ballista,Ignite,Ballista,2566,Ignite,2670,4,8,4,8,1,3,Ignite,AMERICAS
11626,20368,Split,Decider,Ballista,Ignite,Ballista,2566,Ignite,2670,7,5,2,6,0,0,Ballista,AMERICAS
11627,20369,Haven,Decider,SAW,Edelweiss Esports,SAW,2755,Edelweiss Esports,2607,3,9,3,9,0,2,Edelweiss Esports,AMERICAS
11627,20370,Bind,Decider,Edelweiss Esports,SAW,SAW,2755,Edelweiss Esports,2607,2,10,3,3,0,0,SAW,AMERICAS
11627,20371,Ascent,Decider,SAW,Edelweiss Esports,SAW,2755,Edelweiss Esports,2607,7,5,1,6,0,0,SAW,AMERICAS
11628,20372,Haven,Decider,ShockDart,Raise Your Edge,ShockDart,2298,Raise Your Edge,2577,8,4,6,5,0,0,ShockDart,AMERICAS
11628,20373,Ascent,Decider,Raise Your Edge,ShockDart,ShockDart,2298,Raise Your Edge,2577,10,2,0,3,0,0,Raise Your Edge,AMERICAS
11628,20374,Icebox,Decider,ShockDart,Raise Your Edge,ShockDart,2298,Raise Your Edge,2577,5,7,6,1,0,0,Raise Your Edge,AMERICAS
11642,20414,Haven,Decider,PowerHouse,Team Liquid,PowerHouse,3147,Team Liquid,474,3,9,4,4,0,0,Team Liquid,AMERICAS
11642,20415,Bind,Decider,Team Liquid,PowerHouse,PowerHouse,3147,Team Liquid,474,10,2,0,3,0,0,Team Liquid,AMERICAS
11643,20417,Bind,Decider,Cream Real Betis,Rix.GG Thunder,Cream Real Betis,1035,Rix.GG Thunder,2373,3,9,3,9,3,1,Cream Real Betis,AMERICAS
11643,20418,Haven,Decider,Rix.GG Thunder,Cream Real Betis,Cream Real Betis,1035,Rix.GG Thunder,2373,7,5,3,6,0,0,Rix.GG Thunder,AMERICAS
11643,20419,Split,Decider,Cream Real Betis,Rix.GG Thunder,Cream Real Betis,1035,Rix.GG Thunder,2373,7,5,7,5,0,2,Rix.GG Thunder,AMERICAS
11634,20390,Bind,Decider,Pit Stop,Guild Esports,Guild Esports,1209,Pit Stop,2330,7,5,8,0,0,0,Guild Esports,AMERICAS
11634,20391,Ascent,Decider,Pit Stop,Guild Esports,Guild Esports,1209,Pit Stop,2330,4,8,5,2,0,0,Guild Esports,AMERICAS
11635,20393,Split,Decider,Entropiq,Chakalaka,Entropiq,2819,Chakalaka,1421,6,6,7,3,0,0,Chakalaka,AMERICAS
11635,20394,Bind,Decider,Chakalaka,Entropiq,Entropiq,2819,Chakalaka,1421,5,7,6,3,0,0,Entropiq,AMERICAS
11635,20395,Haven,Decider,Entropiq,Chakalaka,Entropiq,2819,Chakalaka,1421,6,6,6,6,4,2,Entropiq,AMERICAS
11636,20396,Ascent,Decider,DfuseTeam,Finest,DfuseTeam,1982,Finest,673,6,6,4,7,0,0,DfuseTeam,AMERICAS
11636,20397,Haven,Decider,Finest,DfuseTeam,DfuseTeam,1982,Finest,673,2,10,3,1,0,0,DfuseTeam,AMERICAS
11637,20399,Bind,Decider,Giants Gaming,iPon Esport,Giants Gaming,2304,iPon Esport,576,8,4,5,5,0,0,Giants Gaming,AMERICAS
11637,20400,Ascent,Decider,iPon Esport,Giants Gaming,Giants Gaming,2304,iPon Esport,576,5,7,6,4,0,0,Giants Gaming,AMERICAS
11639,20405,Bind,Decider,HSDIRR,Ballista,HSDIRR,685,Ballista,2566,3,9,4,1,0,0,Ballista,AMERICAS
11639,20406,Haven,Decider,HSDIRR,Ballista,HSDIRR,685,Ballista,2566,3,9,4,4,0,0,Ballista,AMERICAS
11641,20411,Bind,Decider,Team Liquid,Rix.GG Thunder,Team Liquid,474,Rix.GG Thunder,2373,2,10,3,2,0,0,Rix.GG Thunder,AMERICAS
11641,20412,Ascent,Decider,Rix.GG Thunder,Team Liquid,Team Liquid,474,Rix.GG Thunder,2373,1,11,2,7,0,0,Team Liquid,AMERICAS
11641,20413,Split,Decider,Team Liquid,Rix.GG Thunder,Team Liquid,474,Rix.GG Thunder,2373,3,9,3,9,2,4,Rix.GG Thunder,AMERICAS
11640,20408,Haven,Decider,SAW,Raise Your Edge,SAW,2755,Raise Your Edge,2577,7,5,7,5,3,1,SAW,AMERICAS
11640,20409,Bind,Decider,Raise Your Edge,SAW,SAW,2755,Raise Your Edge,2577,10,2,0,3,0,0,Raise Your Edge,AMERICAS
11640,20410,Icebox,Decider,Raise Your Edge,SAW,SAW,2755,Raise Your Edge,2577,9,3,0,4,0,0,Raise Your Edge,AMERICAS
11638,20402,Bind,Decider,HONK,99Percent.,HONK,2562,99Percent.,3399,6,6,4,7,0,0,HONK,AMERICAS
11638,20403,Haven,Decider,99Percent.,HONK,HONK,2562,99Percent.,3399,6,6,7,2,0,0,HONK,AMERICAS
11594,20270,Haven,Entropiq,Entropiq,Guild Esports,Guild Esports,1209,Entropiq,2819,5,7,6,6,0,0,Guild Esports,AMERICAS
11594,20271,Ascent,Guild Esports,Entropiq,Guild Esports,Guild Esports,1209,Entropiq,2819,5,7,6,5,0,0,Guild Esports,AMERICAS
11596,20276,Ascent,Giants Gaming,DfuseTeam,Giants Gaming,DfuseTeam,1982,Giants Gaming,2304,9,3,0,4,0,0,DfuseTeam,AMERICAS
11596,20277,Split,DfuseTeam,Giants Gaming,DfuseTeam,DfuseTeam,1982,Giants Gaming,2304,4,8,5,1,0,0,DfuseTeam,AMERICAS
11595,20273,Haven,Ballista,HONK,Ballista,HONK,2562,Ballista,2566,3,9,4,2,0,0,Ballista,AMERICAS
11595,20274,Split,HONK,Ballista,HONK,HONK,2562,Ballista,2566,8,4,2,5,0,0,Ballista,AMERICAS
11597,20279,Bind,Rix.GG Thunder,Raise Your Edge,Rix.GG Thunder,Raise Your Edge,2577,Rix.GG Thunder,2373,9,3,10,2,0,0,Rix.GG Thunder,AMERICAS
11597,20280,Ascent,Raise Your Edge,Rix.GG Thunder,Raise Your Edge,Raise Your Edge,2577,Rix.GG Thunder,2373,9,3,9,3,0,2,Raise Your Edge,AMERICAS
11597,20281,Haven,Rix.GG Thunder,Raise Your Edge,Rix.GG Thunder,Raise Your Edge,2577,Rix.GG Thunder,2373,9,3,3,4,0,0,Raise Your Edge,AMERICAS
11598,20282,Split,Guild Esports,Wave Esports,Guild Esports,Wave Esports,324,Guild Esports,1209,4,8,5,1,0,0,Guild Esports,AMERICAS
11598,20283,Haven,Wave Esports,Guild Esports,Wave Esports,Wave Esports,324,Guild Esports,1209,9,3,3,4,0,0,Guild Esports,AMERICAS
11599,20285,Ascent,DfuseTeam,G2 Esports,DfuseTeam,G2 Esports,257,DfuseTeam,1982,9,3,0,4,0,0,G2 Esports,AMERICAS
11599,20286,Split,G2 Esports,DfuseTeam,G2 Esports,G2 Esports,257,DfuseTeam,1982,7,5,3,6,0,0,DfuseTeam,AMERICAS
11599,20287,Bind,Decider,G2 Esports,DfuseTeam,G2 Esports,257,DfuseTeam,1982,5,7,6,2,0,0,DfuseTeam,AMERICAS
11600,20288,Haven,Ballista,Ballista,FNATIC,FNATIC,2593,Ballista,2566,6,6,2,7,0,0,Ballista,AMERICAS
11600,20289,Bind,FNATIC,FNATIC,Ballista,FNATIC,2593,Ballista,2566,7,5,7,5,0,2,Ballista,AMERICAS
11601,20291,Ascent,Decider,OG,Raise Your Edge,OG,2965,Raise Your Edge,2577,3,9,4,0,0,0,Raise Your Edge,AMERICAS
11601,20292,Bind,OG,Raise Your Edge,OG,OG,2965,Raise Your Edge,2577,9,3,3,4,0,0,Raise Your Edge,AMERICAS
12491,22136,Ascent,Decider,969 gang,Trident Clan,969 gang,2865,Trident Clan,2891,5,7,6,1,0,0,Trident Clan,AMERICAS
12491,22137,Bind,Decider,Trident Clan,969 gang,969 gang,2865,Trident Clan,2891,11,1,0,2,0,0,Trident Clan,AMERICAS
12498,22157,Bind,Decider,samara mafia,pRESENSE,samara mafia,3365,pRESENSE,2855,5,7,6,2,0,0,pRESENSE,AMERICAS
12498,22158,Haven,Decider,samara mafia,pRESENSE,samara mafia,3365,pRESENSE,2855,4,8,5,3,0,0,pRESENSE,AMERICAS
12508,22187,Haven,Decider,PLATOON,4IMIGE,PLATOON,593,4IMIGE,2878,12,0,0,1,0,0,PLATOON,AMERICAS
12508,22188,Split,Decider,4IMIGE,PLATOON,PLATOON,593,4IMIGE,2878,0,12,1,0,0,0,PLATOON,AMERICAS
12513,22202,Ascent,Decider,EZ KATKA,Akatsuki clan,EZ KATKA,2845,Akatsuki clan,3238,12,0,0,1,0,0,EZ KATKA,AMERICAS
12513,22203,Bind,Decider,Akatsuki clan,EZ KATKA,EZ KATKA,2845,Akatsuki clan,3238,2,10,3,2,0,0,EZ KATKA,AMERICAS
12520,22223,Haven,Decider,Deja Vu,positive mental attitude,positive mental attitude,3228,Deja Vu,3371,10,2,0,3,0,0,Deja Vu,AMERICAS
12520,22224,Bind,Decider,Deja Vu,positive mental attitude,positive mental attitude,3228,Deja Vu,3371,11,1,2,2,0,0,Deja Vu,AMERICAS
12492,22139,Bind,Decider,feelmyhack,Fluency,feelmyhack,1580,Fluency,3251,5,7,6,1,0,0,Fluency,AMERICAS
12492,22140,Ascent,Decider,Fluency,feelmyhack,feelmyhack,1580,Fluency,3251,4,8,5,5,0,0,feelmyhack,AMERICAS
12492,22141,Haven,Decider,feelmyhack,Fluency,feelmyhack,1580,Fluency,3251,4,8,5,7,0,0,Fluency,AMERICAS
12499,22160,Haven,Decider,SMARACIS eSports,maybegokill,SMARACIS eSports,3361,maybegokill,2837,8,4,3,5,0,0,SMARACIS eSports,AMERICAS
12499,22161,Ascent,Decider,maybegokill,SMARACIS eSports,SMARACIS eSports,3361,maybegokill,2837,1,11,2,3,0,0,SMARACIS eSports,AMERICAS
12502,22169,Bind,Decider,Lost days,TooManyQuestions,Lost days,3378,TooManyQuestions,2118,2,10,3,0,0,0,TooManyQuestions,AMERICAS
12502,22170,Haven,Decider,Lost days,TooManyQuestions,Lost days,3378,TooManyQuestions,2118,3,9,4,2,0,0,TooManyQuestions,AMERICAS
12504,22175,Bind,Decider,zTitans,Electronic Zero,Electronic Zero,2857,zTitans,1186,12,0,0,1,0,0,zTitans,AMERICAS
12504,22176,Ascent,Decider,zTitans,Electronic Zero,Electronic Zero,2857,zTitans,1186,10,2,1,3,0,0,zTitans,AMERICAS
12505,22178,Bind,Decider,IMBAPEEK,kjpwr,IMBAPEEK,3333,kjpwr,3367,10,2,3,3,0,0,IMBAPEEK,AMERICAS
12505,22179,Haven,Decider,IMBAPEEK,kjpwr,IMBAPEEK,3333,kjpwr,3367,11,1,0,2,0,0,IMBAPEEK,AMERICAS
12507,22184,Ascent,Decider,Prodigy,eXiLe eSports,Prodigy,3368,eXiLe eSports,1189,2,10,3,0,0,0,eXiLe eSports,AMERICAS
12507,22185,Bind,Decider,eXiLe eSports,Prodigy,Prodigy,3368,eXiLe eSports,1189,11,1,0,2,0,0,eXiLe eSports,AMERICAS
12518,22217,Split,Decider,Project X,team04ka,Project X,2398,team04ka,2850,9,3,8,4,0,0,Project X,AMERICAS
12518,22218,Haven,Decider,team04ka,Project X,Project X,2398,team04ka,2850,4,8,5,0,0,0,Project X,AMERICAS
12519,22220,Split,Decider,Izanami,UGIT,Izanami,1768,UGIT,2320,2,10,3,0,0,0,UGIT,AMERICAS
12519,22221,Ascent,Decider,UGIT,Izanami,Izanami,1768,UGIT,2320,11,1,1,2,0,0,UGIT,AMERICAS
12489,22130,Bind,Decider,silence,Dobrya4ki,silence,3372,Dobrya4ki,2833,10,2,0,3,0,0,silence,AMERICAS
12489,22131,Ascent,Decider,Dobrya4ki,silence,silence,3372,Dobrya4ki,2833,7,5,4,6,0,0,Dobrya4ki,AMERICAS
12489,22132,Icebox,Decider,silence,Dobrya4ki,silence,3372,Dobrya4ki,2833,4,8,1,9,0,0,silence,AMERICAS
12490,22133,Bind,Decider,Katjietki,ARK Esports,Katjietki,3233,ARK Esports,2414,4,8,5,1,0,0,ARK Esports,AMERICAS
12490,22134,Ascent,Decider,ARK Esports,Katjietki,Katjietki,3233,ARK Esports,2414,7,5,7,5,2,0,ARK Esports,AMERICAS
12493,22142,Ascent,Decider,Radiance View,Vengeance,Radiance View,3363,Vengeance,1021,4,8,5,4,0,0,Vengeance,AMERICAS
12493,22143,Split,Decider,Vengeance,Radiance View,Radiance View,3363,Vengeance,1021,4,8,4,8,3,1,Vengeance,AMERICAS
12494,22145,Bind,Decider,top500 and dog,+W party,top500 and dog,2306,+W party,2179,4,8,5,7,0,0,+W party,AMERICAS
12494,22146,Ascent,Decider,+W party,top500 and dog,top500 and dog,2306,+W party,2179,3,9,4,7,0,0,top500 and dog,AMERICAS
12494,22147,Haven,Decider,top500 and dog,+W party,top500 and dog,2306,+W party,2179,6,6,5,7,0,0,top500 and dog,AMERICAS
12495,22148,Split,Decider,MoreThanZero,Jeremiah,MoreThanZero,3247,Jeremiah,1266,4,8,5,4,0,0,Jeremiah,AMERICAS
12495,22149,Icebox,Decider,Jeremiah,MoreThanZero,MoreThanZero,3247,Jeremiah,1266,9,3,2,4,0,0,Jeremiah,AMERICAS
12496,22151,Haven,Decider,NA TRAPE,#FIXBUCKY,NA TRAPE,3377,#FIXBUCKY,3364,10,2,1,3,0,0,NA TRAPE,AMERICAS
12496,22152,Ascent,Decider,#FIXBUCKY,NA TRAPE,NA TRAPE,3377,#FIXBUCKY,3364,7,5,2,6,0,0,#FIXBUCKY,AMERICAS
12496,22153,Split,Decider,NA TRAPE,#FIXBUCKY,NA TRAPE,3377,#FIXBUCKY,3364,6,6,5,7,0,0,NA TRAPE,AMERICAS
12497,22154,Ascent,Decider,Ksenox,Aim.Attack,Ksenox,2835,Aim.Attack,604,5,7,5,7,5,7,Aim.Attack,AMERICAS
12497,22155,Bind,Decider,Aim.Attack,Ksenox,Ksenox,2835,Aim.Attack,604,5,7,6,2,0,0,Ksenox,AMERICAS
12497,22156,Split,Decider,Ksenox,Aim.Attack,Ksenox,2835,Aim.Attack,604,9,3,3,4,0,0,Ksenox,AMERICAS
12500,22163,Haven,Decider,mcchicken,Save's eSports,Save's eSports,2889,mcchicken,2829,3,9,2,10,0,0,mcchicken,AMERICAS
12500,22164,Bind,Decider,Save's eSports,mcchicken,Save's eSports,2889,mcchicken,2829,10,2,0,3,0,0,Save's eSports,AMERICAS
12500,22165,Split,Decider,Save's eSports,mcchicken,Save's eSports,2889,mcchicken,2829,12,0,0,1,0,0,Save's eSports,AMERICAS
12501,22166,Icebox,Decider,jaba,EQUITES,jaba,2839,EQUITES,3231,10,2,0,3,0,0,jaba,AMERICAS
12501,22167,Haven,Decider,EQUITES,jaba,jaba,2839,EQUITES,3231,1,11,2,2,0,0,jaba,AMERICAS
12503,22298,Haven,Decider,KJlACCHblE,Hollywood,Hollywood,3366,KJlACCHblE,3404,2,10,3,2,0,0,Hollywood,AMERICAS
12503,22299,Split,Decider,Hollywood,KJlACCHblE,Hollywood,3366,KJlACCHblE,3404,7,5,8,0,0,0,KJlACCHblE,AMERICAS
12503,22301,Ascent,Decider,Hollywood,KJlACCHblE,Hollywood,3366,KJlACCHblE,3404,8,4,0,5,0,0,Hollywood,AMERICAS
12506,22181,Ascent,Decider,Yakuza,trying to win,Yakuza,2580,trying to win,3379,7,5,7,5,2,0,Yakuza,AMERICAS
12506,22182,Icebox,Decider,trying to win,Yakuza,Yakuza,2580,trying to win,3379,5,7,6,6,0,0,Yakuza,AMERICAS
12509,22190,Ascent,Decider,Shingeki No Kyojin,5up,Shingeki No Kyojin,3250,5up,2317,8,4,5,5,0,0,Shingeki No Kyojin,AMERICAS
12509,22191,Haven,Decider,5up,Shingeki No Kyojin,Shingeki No Kyojin,3250,5up,2317,2,10,3,2,0,0,Shingeki No Kyojin,AMERICAS
12510,22193,Bind,Decider,Brotherhood of the Five,team7,Brotherhood of the Five,2397,team7,3369,4,8,5,6,0,0,team7,AMERICAS
12510,22194,Ascent,Decider,team7,Brotherhood of the Five,Brotherhood of the Five,2397,team7,3369,7,5,8,1,0,0,Brotherhood of the Five,AMERICAS
12510,22195,Split,Decider,Brotherhood of the Five,team7,Brotherhood of the Five,2397,team7,3369,4,8,5,3,0,0,team7,AMERICAS
12511,22196,Bind,Decider,We don’t care,Invicta,We don’t care,3254,Invicta,2180,4,8,5,0,0,0,Invicta,AMERICAS
12511,22197,Ascent,Decider,Invicta,We don’t care,We don’t care,3254,Invicta,2180,8,4,2,5,0,0,Invicta,AMERICAS
12512,22199,Ascent,Decider,Thorns,Mangal,Thorns,2832,Mangal,2391,2,10,3,1,0,0,Mangal,AMERICAS
12512,22200,Haven,Decider,Mangal,Thorns,Thorns,2832,Mangal,2391,5,7,4,8,0,0,Mangal,AMERICAS
12514,22205,Bind,Decider,Aspire,Genei Ryodan,Aspire,2165,Genei Ryodan,2830,7,5,0,6,0,0,Aspire,AMERICAS
12514,22206,Ascent,Decider,Genei Ryodan,Aspire,Aspire,2165,Genei Ryodan,2830,4,8,5,0,0,0,Aspire,AMERICAS
12516,22211,Haven,Decider,HOLLOW,KronBars,HOLLOW,3370,KronBars,2079,5,7,6,1,0,0,KronBars,AMERICAS
12516,22212,Ascent,Decider,KronBars,HOLLOW,HOLLOW,3370,KronBars,2079,7,5,7,5,2,0,KronBars,AMERICAS
12517,22214,Ascent,Decider,Hypnotic Gaming,XacTJlePbI,Hypnotic Gaming,3246,XacTJlePbI,3232,2,10,3,1,0,0,XacTJlePbI,AMERICAS
12517,22215,Split,Decider,XacTJlePbI,Hypnotic Gaming,Hypnotic Gaming,3246,XacTJlePbI,3232,8,4,2,5,0,0,XacTJlePbI,AMERICAS
12522,22229,Bind,Decider,Trident Clan,Fluency,Trident Clan,2891,Fluency,3251,4,8,5,1,0,0,Fluency,AMERICAS
12522,22230,Ascent,Decider,Fluency,Trident Clan,Trident Clan,2891,Fluency,3251,7,5,4,6,0,0,Fluency,AMERICAS
12523,22232,Haven,Decider,Vengeance,top500 and dog,Vengeance,1021,top500 and dog,2306,10,2,9,3,0,0,Vengeance,AMERICAS
12523,22233,Ascent,Decider,top500 and dog,Vengeance,Vengeance,1021,top500 and dog,2306,7,5,0,6,0,0,top500 and dog,AMERICAS
12523,22234,Split,Decider,Vengeance,top500 and dog,Vengeance,1021,top500 and dog,2306,8,4,4,5,0,0,Vengeance,AMERICAS
12527,22244,Haven,Decider,Save's eSports,jaba,Save's eSports,2889,jaba,2839,4,8,5,5,0,0,jaba,AMERICAS
12527,22245,Icebox,Decider,jaba,Save's eSports,Save's eSports,2889,jaba,2839,10,2,0,3,0,0,jaba,AMERICAS
12529,22250,Bind,Decider,zTitans,IMBAPEEK,zTitans,1186,IMBAPEEK,3333,7,5,7,5,3,1,zTitans,AMERICAS
12529,22251,Haven,Decider,IMBAPEEK,zTitans,zTitans,1186,IMBAPEEK,3333,6,6,7,2,0,0,zTitans,AMERICAS
12530,22253,Ascent,Decider,Yakuza,eXiLe eSports,Yakuza,2580,eXiLe eSports,1189,5,7,6,1,0,0,eXiLe eSports,AMERICAS
12530,22254,Bind,Decider,eXiLe eSports,Yakuza,Yakuza,2580,eXiLe eSports,1189,3,9,4,4,0,0,Yakuza,AMERICAS
12530,22255,Icebox,Decider,Yakuza,eXiLe eSports,Yakuza,2580,eXiLe eSports,1189,5,7,5,7,4,2,Yakuza,AMERICAS
12531,22256,Haven,Decider,PLATOON,Shingeki No Kyojin,PLATOON,593,Shingeki No Kyojin,3250,7,5,8,2,0,0,Shingeki No Kyojin,AMERICAS
12531,22257,Split,Decider,Shingeki No Kyojin,PLATOON,PLATOON,593,Shingeki No Kyojin,3250,9,3,2,4,0,0,Shingeki No Kyojin,AMERICAS
12533,22262,Bind,Decider,Mangal,EZ KATKA,Mangal,2391,EZ KATKA,2845,4,8,5,6,0,0,EZ KATKA,AMERICAS
12533,22263,Ascent,Decider,EZ KATKA,Mangal,Mangal,2391,EZ KATKA,2845,8,4,9,2,0,0,Mangal,AMERICAS
12533,22264,Haven,Decider,Mangal,EZ KATKA,Mangal,2391,EZ KATKA,2845,8,4,1,5,0,0,Mangal,AMERICAS
12536,22271,Haven,Decider,UGIT,Deja Vu,UGIT,2320,Deja Vu,3371,3,9,4,0,0,0,Deja Vu,AMERICAS
12536,22272,Bind,Decider,Deja Vu,UGIT,UGIT,2320,Deja Vu,3371,10,2,0,3,0,0,Deja Vu,AMERICAS
12521,22226,Bind,Decider,silence,ARK Esports,silence,3372,ARK Esports,2414,2,10,3,4,0,0,ARK Esports,AMERICAS
12521,22227,Ascent,Decider,ARK Esports,silence,silence,3372,ARK Esports,2414,5,7,4,8,0,0,ARK Esports,AMERICAS
12524,22235,Ascent,Decider,Jeremiah,NA TRAPE,Jeremiah,1266,NA TRAPE,3377,9,3,6,4,0,0,Jeremiah,AMERICAS
12524,22236,Split,Decider,NA TRAPE,Jeremiah,Jeremiah,1266,NA TRAPE,3377,6,6,6,6,0,2,Jeremiah,AMERICAS
12525,22238,Bind,Decider,XacTJlePbI,Ksenox,XacTJlePbI,3232,Ksenox,2835,6,6,7,5,0,0,Ksenox,AMERICAS
12525,22239,Ascent,Decider,Ksenox,XacTJlePbI,XacTJlePbI,3232,Ksenox,2835,9,3,0,4,0,0,Ksenox,AMERICAS
12526,22241,Split,Decider,pRESENSE,SMARACIS eSports,pRESENSE,2855,SMARACIS eSports,3361,4,8,5,0,0,0,SMARACIS eSports,AMERICAS
12526,22242,Ascent,Decider,SMARACIS eSports,pRESENSE,pRESENSE,2855,SMARACIS eSports,3361,10,2,2,3,0,0,SMARACIS eSports,AMERICAS
12528,22247,Haven,Decider,Hollywood,TooManyQuestions,TooManyQuestions,2118,Hollywood,3366,1,11,2,2,0,0,TooManyQuestions,AMERICAS
12528,22248,Bind,Decider,Hollywood,TooManyQuestions,TooManyQuestions,2118,Hollywood,3366,0,12,1,0,0,0,TooManyQuestions,AMERICAS
12534,22265,Bind,Decider,Aspire,NO PRACCS,Aspire,2165,NO PRACCS,2847,6,6,3,7,0,0,Aspire,AMERICAS
12534,22266,Ascent,Decider,NO PRACCS,Aspire,Aspire,2165,NO PRACCS,2847,0,12,1,1,0,0,Aspire,AMERICAS
12535,22268,Haven,Decider,KronBars,Project X,KronBars,2079,Project X,2398,1,11,2,1,0,0,Project X,AMERICAS
12535,22269,Ascent,Decider,Project X,KronBars,KronBars,2079,Project X,2398,7,5,0,6,0,0,Project X,AMERICAS
12537,22274,Bind,Decider,ARK Esports,Fluency,ARK Esports,2414,Fluency,3251,5,7,6,6,0,0,Fluency,AMERICAS
12537,22275,Haven,Decider,Fluency,ARK Esports,ARK Esports,2414,Fluency,3251,9,3,2,4,0,0,Fluency,AMERICAS
12538,22277,Haven,Decider,Vengeance,Jeremiah,Vengeance,1021,Jeremiah,1266,4,8,5,1,0,0,Jeremiah,AMERICAS
12538,22278,Ascent,Decider,Jeremiah,Vengeance,Vengeance,1021,Jeremiah,1266,7,5,3,6,0,0,Jeremiah,AMERICAS
12540,22283,Ascent,Decider,jaba,TooManyQuestions,jaba,2839,TooManyQuestions,2118,2,10,3,2,0,0,TooManyQuestions,AMERICAS
12540,22284,Haven,Decider,jaba,TooManyQuestions,jaba,2839,TooManyQuestions,2118,4,8,5,5,0,0,TooManyQuestions,AMERICAS
12541,22286,Ascent,Decider,zTitans,Yakuza,zTitans,1186,Yakuza,2580,4,8,4,8,2,4,Yakuza,AMERICAS
12541,22287,Haven,Decider,Yakuza,zTitans,zTitans,1186,Yakuza,2580,6,6,6,6,1,3,zTitans,AMERICAS
12541,22288,Bind,Decider,zTitans,Yakuza,zTitans,1186,Yakuza,2580,9,3,2,4,0,0,zTitans,AMERICAS
12542,22289,Haven,Decider,Shingeki No Kyojin,team7,Shingeki No Kyojin,3250,team7,3369,6,6,6,6,3,1,Shingeki No Kyojin,AMERICAS
12542,22290,Split,Decider,team7,Shingeki No Kyojin,Shingeki No Kyojin,3250,team7,3369,7,5,8,3,0,0,Shingeki No Kyojin,AMERICAS
12543,22292,Haven,Decider,Mangal,Aspire,Mangal,2391,Aspire,2165,6,6,6,6,4,2,Mangal,AMERICAS
12543,22293,Split,Decider,Aspire,Mangal,Mangal,2391,Aspire,2165,5,7,6,2,0,0,Mangal,AMERICAS
12544,22295,Haven,Decider,Project X,Deja Vu,Project X,2398,Deja Vu,3371,6,6,6,6,2,4,Deja Vu,AMERICAS
12544,22296,Ascent,Decider,Deja Vu,Project X,Project X,2398,Deja Vu,3371,5,7,5,7,4,2,Deja Vu,AMERICAS
12539,22280,Icebox,Decider,Ksenox,SMARACIS eSports,Ksenox,2835,SMARACIS eSports,3361,5,7,6,3,0,0,SMARACIS eSports,AMERICAS
12539,22281,Split,Decider,SMARACIS eSports,Ksenox,Ksenox,2835,SMARACIS eSports,3361,4,8,5,0,0,0,Ksenox,AMERICAS
12539,22282,Ascent,Decider,Ksenox,SMARACIS eSports,Ksenox,2835,SMARACIS eSports,3361,9,3,3,4,0,0,Ksenox,AMERICAS
12657,22439,Haven,Jeremiah,Fluency,Jeremiah,Fluency,3251,Jeremiah,1266,3,9,4,5,0,0,Jeremiah,AMERICAS
12657,22440,Split,Fluency,Jeremiah,Fluency,Fluency,3251,Jeremiah,1266,5,7,1,8,0,0,Jeremiah,AMERICAS
12658,22442,Bind,TooManyQuestions,Ksenox,TooManyQuestions,Ksenox,2835,TooManyQuestions,2118,7,5,7,5,2,0,Ksenox,AMERICAS
12658,22443,Ascent,Ksenox,Ksenox,TooManyQuestions,Ksenox,2835,TooManyQuestions,2118,7,5,7,5,0,2,TooManyQuestions,AMERICAS
12658,22444,Icebox,TooManyQuestions,TooManyQuestions,Ksenox,Ksenox,2835,TooManyQuestions,2118,6,6,2,7,0,0,TooManyQuestions,AMERICAS
12659,22445,Haven,Shingeki No Kyojin,Shingeki No Kyojin,zTitans,zTitans,1186,Shingeki No Kyojin,3250,10,2,1,3,0,0,Shingeki No Kyojin,AMERICAS
12659,22446,Split,zTitans,Shingeki No Kyojin,zTitans,zTitans,1186,Shingeki No Kyojin,3250,9,3,9,3,2,0,Shingeki No Kyojin,AMERICAS
12660,22448,Haven,Deja Vu,Mangal,Deja Vu,Mangal,2391,Deja Vu,3371,6,6,7,3,0,0,Deja Vu,AMERICAS
12660,22449,Ascent,Mangal,Deja Vu,Mangal,Mangal,2391,Deja Vu,3371,7,5,8,0,0,0,Mangal,AMERICAS
12660,22450,Icebox,Deja Vu,Mangal,Deja Vu,Mangal,2391,Deja Vu,3371,7,5,8,4,0,0,Deja Vu,AMERICAS
12679,22504,Haven,Jeremiah,tyeasy,Jeremiah,tyeasy,488,Jeremiah,1266,7,5,2,6,0,0,tyeasy,AMERICAS
12679,22505,Icebox,tyeasy,Jeremiah,tyeasy,tyeasy,488,Jeremiah,1266,6,6,7,3,0,0,tyeasy,AMERICAS
12680,22507,Split,TooManyQuestions,GMT Esports,TooManyQuestions,GMT Esports,10094,TooManyQuestions,2118,9,3,7,4,0,0,GMT Esports,AMERICAS
12680,22508,Icebox,GMT Esports,TooManyQuestions,GMT Esports,GMT Esports,10094,TooManyQuestions,2118,7,5,2,6,0,0,TooManyQuestions,AMERICAS
12680,22509,Bind,TooManyQuestions,TooManyQuestions,GMT Esports,GMT Esports,10094,TooManyQuestions,2118,3,9,4,0,0,0,GMT Esports,AMERICAS
12681,22510,Haven,Shingeki No Kyojin,forZe,Shingeki No Kyojin,forZe,108,Shingeki No Kyojin,3250,6,6,1,7,0,0,forZe,AMERICAS
12681,22511,Bind,forZe,Shingeki No Kyojin,forZe,forZe,108,Shingeki No Kyojin,3250,4,8,5,1,0,0,forZe,AMERICAS
12682,22513,Bind,Deja Vu,Team Singularity,Deja Vu,Team Singularity,1341,Deja Vu,3371,8,4,3,5,0,0,Team Singularity,AMERICAS
12682,22514,Icebox,Team Singularity,Deja Vu,Team Singularity,Team Singularity,1341,Deja Vu,3371,12,0,4,1,0,0,Deja Vu,AMERICAS
12682,22515,Ascent,Deja Vu,Team Singularity,Deja Vu,Team Singularity,1341,Deja Vu,3371,7,5,6,6,0,0,Team Singularity,AMERICAS
11904,21043,Ascent,Decider,BARÇA,BEATOFFYOU,BARÇA,2898,BEATOFFYOU,3257,4,8,5,3,0,0,BEATOFFYOU,AMERICAS
11904,21044,Bind,Decider,BEATOFFYOU,BARÇA,BARÇA,2898,BEATOFFYOU,3257,10,2,0,3,0,0,BEATOFFYOU,AMERICAS
11905,21046,Ascent,Decider,No Org Found,1TAP eSports Turkey,No Org Found,2909,1TAP eSports Turkey,3263,8,4,2,5,0,0,No Org Found,AMERICAS
11905,21047,Bind,Decider,1TAP eSports Turkey,No Org Found,No Org Found,2909,1TAP eSports Turkey,3263,2,10,3,0,0,0,No Org Found,AMERICAS
11906,21049,Split,Decider,makaron,BANGER5,makaron,3258,BANGER5,2906,5,7,6,6,0,0,BANGER5,AMERICAS
11906,21050,Ascent,Decider,BANGER5,makaron,makaron,3258,BANGER5,2906,8,4,5,5,0,0,BANGER5,AMERICAS
11907,21052,Bind,Decider,Thunderbolts Gaming,Unity Esports,Thunderbolts Gaming,2908,Unity Esports,3259,5,7,6,2,0,0,Unity Esports,AMERICAS
11907,21053,Ascent,Decider,Thunderbolts Gaming,Unity Esports,Thunderbolts Gaming,2908,Unity Esports,3259,6,6,2,7,0,0,Thunderbolts Gaming,AMERICAS
11907,21054,Split,Decider,Thunderbolts Gaming,Unity Esports,Thunderbolts Gaming,2908,Unity Esports,3259,8,4,1,5,0,0,Thunderbolts Gaming,AMERICAS
11908,21055,Ascent,Decider,Kafalar eSports,Overwatch,Overwatch,3260,Kafalar eSports,3261,8,4,7,5,0,0,Kafalar eSports,AMERICAS
11908,21056,Icebox,Decider,Kafalar eSports,Overwatch,Overwatch,3260,Kafalar eSports,3261,6,6,3,7,0,0,Kafalar eSports,AMERICAS
11909,21058,Ascent,Decider,MNA ESPORTS,Designated,MNA ESPORTS,2902,Designated,1238,5,7,6,5,0,0,Designated,AMERICAS
11909,21059,Haven,Decider,Designated,MNA ESPORTS,MNA ESPORTS,2902,Designated,1238,5,7,5,7,3,1,Designated,AMERICAS
11910,21061,Haven,Decider,FireNation,Fenerbahçe Esports,FireNation,2689,Fenerbahçe Esports,5310,2,10,3,1,0,0,Fenerbahçe Esports,AMERICAS
11910,21062,Bind,Decider,Fenerbahçe Esports,FireNation,FireNation,2689,Fenerbahçe Esports,5310,8,4,2,5,0,0,Fenerbahçe Esports,AMERICAS
11911,21064,Haven,Decider,RARE Esports,red deers,RARE Esports,1913,red deers,3262,11,1,0,2,0,0,RARE Esports,AMERICAS
11912,21067,Ascent,Decider,ishjmafia,Eskişehir TepeBaşi eSport,ishjmafia,3264,Eskişehir TepeBaşi eSport,3272,11,1,0,2,0,0,ishjmafia,AMERICAS
11912,21068,Haven,Decider,Eskişehir TepeBaşi eSport,ishjmafia,ishjmafia,3264,Eskişehir TepeBaşi eSport,3272,4,8,5,7,0,0,ishjmafia,AMERICAS
11913,21070,Bind,Decider,Galakticos,Elektronik Denetleme Sistem,Galakticos,4762,Elektronik Denetleme Sistem,3265,4,8,5,2,0,0,Elektronik Denetleme Sistem,AMERICAS
11913,21071,Split,Decider,Elektronik Denetleme Sistem,Galakticos,Galakticos,4762,Elektronik Denetleme Sistem,3265,3,9,4,0,0,0,Galakticos,AMERICAS
11913,21072,Ascent,Decider,Galakticos,Elektronik Denetleme Sistem,Galakticos,4762,Elektronik Denetleme Sistem,3265,5,7,6,6,0,0,Elektronik Denetleme Sistem,AMERICAS
11914,21073,Haven,Decider,CANAVARLAR,Epin.CREW eSport,CANAVARLAR,2896,Epin.CREW eSport,3266,4,8,5,3,0,0,Epin.CREW eSport,AMERICAS
11914,21074,Ascent,Decider,Epin.CREW eSport,CANAVARLAR,CANAVARLAR,2896,Epin.CREW eSport,3266,3,9,4,3,0,0,CANAVARLAR,AMERICAS
11914,21075,Bind,Decider,CANAVARLAR,Epin.CREW eSport,CANAVARLAR,2896,Epin.CREW eSport,3266,9,3,8,4,0,0,CANAVARLAR,AMERICAS
11915,21076,Bind,Decider,OtherSide,Team Miracle,OtherSide,1453,Team Miracle,3267,8,4,6,5,0,0,OtherSide,AMERICAS
11915,21077,Ascent,Decider,Team Miracle,OtherSide,OtherSide,1453,Team Miracle,3267,3,9,4,1,0,0,OtherSide,AMERICAS
11916,21079,Icebox,Decider,XFlow Esports,Zero Zone,XFlow Esports,3268,Zero Zone,1675,3,9,4,1,0,0,Zero Zone,AMERICAS
11916,21080,Ascent,Decider,Zero Zone,XFlow Esports,XFlow Esports,3268,Zero Zone,1675,10,2,4,3,0,0,Zero Zone,AMERICAS
11917,21082,Ascent,Decider,ALFA Esport,Team Spartan,ALFA Esport,2625,Team Spartan,3269,7,5,1,6,0,0,ALFA Esport,AMERICAS
11917,21083,Haven,Decider,Team Spartan,ALFA Esport,ALFA Esport,2625,Team Spartan,3269,3,9,4,6,0,0,ALFA Esport,AMERICAS
11918,21085,Bind,Decider,ReZo,Sangal Esports,ReZo,3255,Sangal Esports,1237,5,7,6,1,0,0,Sangal Esports,AMERICAS
11918,21086,Icebox,Decider,Sangal Esports,ReZo,ReZo,3255,Sangal Esports,1237,9,3,4,4,0,0,Sangal Esports,AMERICAS
11919,21088,Ascent,Decider,İstanbul Wildcats,kebabmasterz,İstanbul Wildcats,6132,kebabmasterz,3271,8,4,4,5,0,0,İstanbul Wildcats,AMERICAS
11919,21089,Icebox,Decider,kebabmasterz,İstanbul Wildcats,İstanbul Wildcats,6132,kebabmasterz,3271,8,4,5,5,0,0,kebabmasterz,AMERICAS
11919,21090,Bind,Decider,İstanbul Wildcats,kebabmasterz,İstanbul Wildcats,6132,kebabmasterz,3271,8,4,5,5,0,0,İstanbul Wildcats,AMERICAS
11920,21091,Ascent,Decider,BEATOFFYOU,No Org Found,BEATOFFYOU,3257,No Org Found,2909,0,12,1,2,0,0,No Org Found,AMERICAS
11920,21092,Haven,Decider,No Org Found,BEATOFFYOU,BEATOFFYOU,3257,No Org Found,2909,9,3,0,4,0,0,No Org Found,AMERICAS
11921,21094,Ascent,Decider,BANGER5,Thunderbolts Gaming,BANGER5,2906,Thunderbolts Gaming,2908,2,10,3,9,0,0,Thunderbolts Gaming,AMERICAS
11921,21095,Split,Decider,Thunderbolts Gaming,BANGER5,BANGER5,2906,Thunderbolts Gaming,2908,4,8,0,9,0,0,Thunderbolts Gaming,AMERICAS
11922,21097,Ascent,Decider,Kafalar eSports,Designated,Kafalar eSports,3261,Designated,1238,8,4,6,5,0,0,Kafalar eSports,AMERICAS
11922,21098,Haven,Decider,Designated,Kafalar eSports,Kafalar eSports,3261,Designated,1238,9,3,0,4,0,0,Designated,AMERICAS
11922,21099,Bind,Decider,Kafalar eSports,Designated,Kafalar eSports,3261,Designated,1238,6,6,7,1,0,0,Designated,AMERICAS
11923,21100,Haven,Decider,Fenerbahçe Esports,RARE Esports,Fenerbahçe Esports,5310,RARE Esports,1913,4,8,5,2,0,0,RARE Esports,AMERICAS
11923,21101,Bind,Decider,RARE Esports,Fenerbahçe Esports,Fenerbahçe Esports,5310,RARE Esports,1913,8,4,7,5,0,0,RARE Esports,AMERICAS
11924,21103,Bind,Decider,ishjmafia,Elektronik Denetleme Sistem,ishjmafia,3264,Elektronik Denetleme Sistem,3265,3,9,4,0,0,0,Elektronik Denetleme Sistem,AMERICAS
11924,21104,Ascent,Decider,Elektronik Denetleme Sistem,ishjmafia,ishjmafia,3264,Elektronik Denetleme Sistem,3265,8,4,6,5,0,0,Elektronik Denetleme Sistem,AMERICAS
11926,21109,Bind,Decider,Zero Zone,ALFA Esport,Zero Zone,1675,ALFA Esport,2625,9,3,0,4,0,0,Zero Zone,AMERICAS
11926,21110,Split,Decider,ALFA Esport,Zero Zone,Zero Zone,1675,ALFA Esport,2625,3,9,4,2,0,0,Zero Zone,AMERICAS
11927,21112,Icebox,Decider,Sangal Esports,İstanbul Wildcats,Sangal Esports,1237,İstanbul Wildcats,6132,3,9,4,0,0,0,İstanbul Wildcats,AMERICAS
11927,21113,Bind,Decider,İstanbul Wildcats,Sangal Esports,Sangal Esports,1237,İstanbul Wildcats,6132,10,2,0,3,0,0,İstanbul Wildcats,AMERICAS
11925,21106,Ascent,Decider,CANAVARLAR,OtherSide,CANAVARLAR,2896,OtherSide,1453,4,8,3,9,0,0,CANAVARLAR,AMERICAS
11925,21107,Haven,Decider,OtherSide,CANAVARLAR,CANAVARLAR,2896,OtherSide,1453,9,3,2,4,0,0,OtherSide,AMERICAS
11925,21108,Bind,Decider,CANAVARLAR,OtherSide,CANAVARLAR,2896,OtherSide,1453,2,10,3,0,0,0,OtherSide,AMERICAS
11928,21121,Split,Thunderbolts Gaming,No Org Found,Thunderbolts Gaming,No Org Found,2909,Thunderbolts Gaming,2908,8,4,1,5,0,0,No Org Found,AMERICAS
11928,21122,Ascent,No Org Found,Thunderbolts Gaming,No Org Found,No Org Found,2909,Thunderbolts Gaming,2908,3,9,4,1,0,0,No Org Found,AMERICAS
11929,21124,Haven,Decider,Designated,RARE Esports,Designated,1238,RARE Esports,1913,3,9,4,3,0,0,RARE Esports,AMERICAS
11929,21125,Split,Decider,RARE Esports,Designated,Designated,1238,RARE Esports,1913,7,5,6,6,0,0,RARE Esports,AMERICAS
11930,21127,Bind,Decider,Elektronik Denetleme Sistem,OtherSide,Elektronik Denetleme Sistem,3265,OtherSide,1453,6,6,7,2,0,0,OtherSide,AMERICAS
11930,21128,Split,Decider,OtherSide,Elektronik Denetleme Sistem,Elektronik Denetleme Sistem,3265,OtherSide,1453,6,6,4,7,0,0,OtherSide,AMERICAS
11931,21130,Icebox,Decider,Zero Zone,İstanbul Wildcats,Zero Zone,1675,İstanbul Wildcats,6132,2,10,3,2,0,0,İstanbul Wildcats,AMERICAS
11931,21131,Bind,Decider,İstanbul Wildcats,Zero Zone,Zero Zone,1675,İstanbul Wildcats,6132,9,3,1,4,0,0,İstanbul Wildcats,AMERICAS
11590,20258,Split,Decider,Cyber Skull Esports,No Org Found,Cyber Skull Esports,2416,No Org Found,2909,3,9,4,4,0,0,No Org Found,AMERICAS
11590,20259,Haven,Decider,No Org Found,Cyber Skull Esports,Cyber Skull Esports,2416,No Org Found,2909,4,8,5,6,0,0,Cyber Skull Esports,AMERICAS
11590,20260,Bind,Decider,Cyber Skull Esports,No Org Found,Cyber Skull Esports,2416,No Org Found,2909,5,7,6,4,0,0,No Org Found,AMERICAS
11591,20261,Haven,RARE Esports,BBL Esports,RARE Esports,BBL Esports,397,RARE Esports,1913,7,5,6,6,0,0,BBL Esports,AMERICAS
11591,20262,Ascent,BBL Esports,RARE Esports,BBL Esports,BBL Esports,397,RARE Esports,1913,2,10,3,2,0,0,BBL Esports,AMERICAS
11592,20264,Ascent,OtherSide,FUT Esports,OtherSide,FUT Esports,1184,OtherSide,1453,6,6,6,6,4,2,FUT Esports,AMERICAS
11592,20265,Split,FUT Esports,OtherSide,FUT Esports,FUT Esports,1184,OtherSide,1453,4,8,4,8,5,3,OtherSide,AMERICAS
11592,20266,Haven,OtherSide,FUT Esports,OtherSide,FUT Esports,1184,OtherSide,1453,7,5,7,5,0,2,OtherSide,AMERICAS
11593,20267,Icebox,İstanbul Wildcats,İstanbul Wildcats,Oxygen Esports,Oxygen Esports,921,İstanbul Wildcats,6132,6,6,1,7,0,0,İstanbul Wildcats,AMERICAS
11593,20268,Ascent,Oxygen Esports,İstanbul Wildcats,Oxygen Esports,Oxygen Esports,921,İstanbul Wildcats,6132,8,4,9,0,0,0,Oxygen Esports,AMERICAS
11593,20269,Bind,İstanbul Wildcats,Oxygen Esports,İstanbul Wildcats,Oxygen Esports,921,İstanbul Wildcats,6132,5,7,1,8,0,0,Oxygen Esports,AMERICAS
11830,20846,Ascent,Decider,Hypnotic Gaming,Freak,Freak,3224,Hypnotic Gaming,3246,7,5,3,6,0,0,Hypnotic Gaming,AMERICAS
11830,20847,Haven,Decider,Freak,Hypnotic Gaming,Freak,3224,Hypnotic Gaming,3246,2,10,3,2,0,0,Hypnotic Gaming,AMERICAS
11831,20849,Bind,Decider,Aspire,blax,Aspire,2165,blax,3225,11,1,3,2,0,0,Aspire,AMERICAS
11831,20850,Ascent,Decider,blax,Aspire,Aspire,2165,blax,3225,3,9,4,4,0,0,Aspire,AMERICAS
11832,20852,Haven,Decider,+W party,tyeasy,+W party,2179,tyeasy,488,5,7,6,2,0,0,tyeasy,AMERICAS
11832,20853,Bind,Decider,tyeasy,+W party,+W party,2179,tyeasy,488,10,2,5,3,0,0,tyeasy,AMERICAS
11833,20855,Ascent,Decider,MoreThanZero,Electronic Zero,MoreThanZero,3247,Electronic Zero,2857,11,1,0,2,0,0,MoreThanZero,AMERICAS
11833,20856,Bind,Decider,Electronic Zero,MoreThanZero,MoreThanZero,3247,Electronic Zero,2857,1,11,2,3,0,0,MoreThanZero,AMERICAS
11834,20858,Haven,Decider,Trident Clan,mix123,mix123,3248,Trident Clan,2891,12,0,0,1,0,0,Trident Clan,AMERICAS
11834,20859,Ascent,Decider,Trident Clan,mix123,mix123,3248,Trident Clan,2891,10,2,4,3,0,0,Trident Clan,AMERICAS
11835,20861,Split,Decider,ezchoke,CyberBonch,ezchoke,2581,CyberBonch,3226,9,3,4,4,0,0,ezchoke,AMERICAS
11835,20862,Icebox,Decider,CyberBonch,ezchoke,ezchoke,2581,CyberBonch,3226,2,10,3,2,0,0,ezchoke,AMERICAS
11836,20864,Split,Decider,EZ KATKA,AnimeSquad,EZ KATKA,2845,AnimeSquad,2394,7,5,8,4,0,0,AnimeSquad,AMERICAS
11836,20865,Bind,Decider,AnimeSquad,EZ KATKA,EZ KATKA,2845,AnimeSquad,2394,6,6,7,1,0,0,EZ KATKA,AMERICAS
11836,20866,Haven,Decider,EZ KATKA,AnimeSquad,EZ KATKA,2845,AnimeSquad,2394,9,3,8,4,0,0,EZ KATKA,AMERICAS
11837,20867,Haven,Decider,Tale Quale,N1,Tale Quale,2103,N1,2863,9,3,2,4,0,0,Tale Quale,AMERICAS
11837,20868,Ascent,Decider,N1,Tale Quale,Tale Quale,2103,N1,2863,2,10,3,2,0,0,Tale Quale,AMERICAS
11838,20870,Split,Decider,Ksenox,PLATOON,Ksenox,2835,PLATOON,593,7,5,2,6,0,0,Ksenox,AMERICAS
11838,20871,Bind,Decider,PLATOON,Ksenox,Ksenox,2835,PLATOON,593,3,9,4,8,0,0,Ksenox,AMERICAS
11839,20873,Ascent,Decider,BadMonkeyGaming,Brotherhood of the Five,Brotherhood of the Five,2397,BadMonkeyGaming,3230,2,10,3,1,0,0,Brotherhood of the Five,AMERICAS
11839,20874,Bind,Decider,Brotherhood of the Five,BadMonkeyGaming,Brotherhood of the Five,2397,BadMonkeyGaming,3230,9,3,1,4,0,0,Brotherhood of the Five,AMERICAS
11840,20876,Haven,Decider,Dobrya4ki,jaba,jaba,2839,Dobrya4ki,2833,6,6,7,5,0,0,jaba,AMERICAS
11840,20877,Bind,Decider,jaba,Dobrya4ki,jaba,2839,Dobrya4ki,2833,5,7,5,7,0,2,Dobrya4ki,AMERICAS
11840,20878,Ascent,Decider,jaba,Dobrya4ki,jaba,2839,Dobrya4ki,2833,7,5,0,6,0,0,jaba,AMERICAS
11842,20882,Haven,Decider,Katjietki,GMT Esports,GMT Esports,10094,Katjietki,3233,2,10,3,1,0,0,GMT Esports,AMERICAS
11842,20883,Bind,Decider,Katjietki,GMT Esports,GMT Esports,10094,Katjietki,3233,2,10,3,0,0,0,GMT Esports,AMERICAS
11843,20885,Bind,Decider,mcchicken,FLEXIM,mcchicken,2829,FLEXIM,3249,6,6,5,7,0,0,mcchicken,AMERICAS
11843,20886,Split,Decider,FLEXIM,mcchicken,mcchicken,2829,FLEXIM,3249,6,6,5,7,0,0,FLEXIM,AMERICAS
11843,20887,Ascent,Decider,mcchicken,FLEXIM,mcchicken,2829,FLEXIM,3249,6,6,7,1,0,0,FLEXIM,AMERICAS
11844,20888,Bind,Decider,TooManyQuestions,MiNeLoxi,TooManyQuestions,2118,MiNeLoxi,3241,8,4,5,5,0,0,TooManyQuestions,AMERICAS
11844,20889,Haven,Decider,MiNeLoxi,TooManyQuestions,TooManyQuestions,2118,MiNeLoxi,3241,3,9,4,0,0,0,TooManyQuestions,AMERICAS
11845,20891,Ascent,Decider,Dirty boys,KickMasters,Dirty boys,1525,KickMasters,3240,11,1,0,2,0,0,Dirty boys,AMERICAS
11845,20892,Split,Decider,KickMasters,Dirty boys,Dirty boys,1525,KickMasters,3240,2,10,3,0,0,0,Dirty boys,AMERICAS
11846,20894,Ascent,Decider,We don’t care,zTitans,We don’t care,3254,zTitans,1186,7,5,7,5,2,0,We don’t care,AMERICAS
11846,20895,Haven,Decider,zTitans,We don’t care,We don’t care,3254,zTitans,1186,6,6,6,6,4,2,zTitans,AMERICAS
11846,20896,Split,Decider,We don’t care,zTitans,We don’t care,3254,zTitans,1186,7,5,8,2,0,0,zTitans,AMERICAS
11847,20897,Ascent,Decider,Infinite Skill,Akatsuki clan,Infinite Skill,3239,Akatsuki clan,3238,10,2,0,3,0,0,Infinite Skill,AMERICAS
11847,20898,Bind,Decider,Akatsuki clan,Infinite Skill,Infinite Skill,3239,Akatsuki clan,3238,1,11,2,0,0,0,Infinite Skill,AMERICAS
11848,20900,Icebox,Decider,Invicta,forZe,Invicta,2180,forZe,108,2,10,3,2,0,0,forZe,AMERICAS
11848,20901,Bind,Decider,forZe,Invicta,Invicta,2180,forZe,108,10,2,0,3,0,0,forZe,AMERICAS
11850,20906,Haven,Decider,maybegokill,top500 and dog,maybegokill,2837,top500 and dog,2306,5,7,5,7,0,2,top500 and dog,AMERICAS
11851,20909,Icebox,Decider,Poprikoly,Nasty Ninjas,Poprikoly,3252,Nasty Ninjas,1347,6,6,2,7,0,0,Poprikoly,AMERICAS
11851,20910,Ascent,Decider,Nasty Ninjas,Poprikoly,Poprikoly,3252,Nasty Ninjas,1347,8,4,0,5,0,0,Nasty Ninjas,AMERICAS
11851,20911,Haven,Decider,Poprikoly,Nasty Ninjas,Poprikoly,3252,Nasty Ninjas,1347,6,6,6,6,0,2,Nasty Ninjas,AMERICAS
11852,20912,Ascent,Decider,Radialis,5up,5up,2317,Radialis,3253,0,12,1,0,0,0,5up,AMERICAS
11852,20913,Bind,Decider,5up,Radialis,5up,2317,Radialis,3253,11,1,1,2,0,0,5up,AMERICAS
11853,20915,Bind,Decider,Save's eSports,SKYLINE Esports,Save's eSports,2889,SKYLINE Esports,1777,10,2,1,3,0,0,Save's eSports,AMERICAS
11853,20916,Haven,Decider,SKYLINE Esports,Save's eSports,Save's eSports,2889,SKYLINE Esports,1777,3,9,4,0,0,0,Save's eSports,AMERICAS
11854,20918,Ascent,Decider,NoAvocado,Team Divinity,NoAvocado,1783,Team Divinity,2049,6,6,7,5,0,0,Team Divinity,AMERICAS
11854,20919,Haven,Decider,Team Divinity,NoAvocado,NoAvocado,1783,Team Divinity,2049,6,6,3,7,0,0,Team Divinity,AMERICAS
11855,20921,Bind,Decider,Vengeance,Fluency,Vengeance,1021,Fluency,3251,5,7,5,7,6,4,Vengeance,AMERICAS
11855,20922,Ascent,Decider,Fluency,Vengeance,Vengeance,1021,Fluency,3251,3,9,3,9,5,3,Fluency,AMERICAS
11855,20923,Haven,Decider,Vengeance,Fluency,Vengeance,1021,Fluency,3251,9,3,1,4,0,0,Vengeance,AMERICAS
11856,20924,Haven,Decider,ELOHUNTERS,Yakuza,ELOHUNTERS,2843,Yakuza,2580,6,6,7,0,0,0,Yakuza,AMERICAS
11856,20925,Ascent,Decider,Yakuza,ELOHUNTERS,ELOHUNTERS,2843,Yakuza,2580,9,3,3,4,0,0,Yakuza,AMERICAS
11857,20927,Split,Decider,feelmyhack,Aim.Attack,feelmyhack,1580,Aim.Attack,604,5,7,6,3,0,0,Aim.Attack,AMERICAS
11857,20928,Haven,Decider,Aim.Attack,feelmyhack,feelmyhack,1580,Aim.Attack,604,6,6,1,7,0,0,Aim.Attack,AMERICAS
11858,20930,Ascent,Decider,Izanami,No Fear,Izanami,1768,No Fear,2274,0,12,1,0,0,0,No Fear,AMERICAS
11858,20931,Bind,Decider,No Fear,Izanami,Izanami,1768,No Fear,2274,8,4,1,5,0,0,No Fear,AMERICAS
11859,20933,Split,Decider,positive mental attitude,Project X,positive mental attitude,3228,Project X,2398,1,11,2,0,0,0,Project X,AMERICAS
11859,20934,Bind,Decider,Project X,positive mental attitude,positive mental attitude,3228,Project X,2398,11,1,1,2,0,0,Project X,AMERICAS
11860,20936,Haven,Decider,Mangal,Valorant,Mangal,2391,Valorant,3227,10,2,0,3,0,0,Mangal,AMERICAS
11860,20937,Split,Decider,Mangal,Valorant,Mangal,2391,Valorant,3227,11,1,0,2,0,0,Mangal,AMERICAS
11861,20939,Split,Decider,Jeremiah,UGIT,Jeremiah,1266,UGIT,2320,6,6,7,0,0,0,UGIT,AMERICAS
11861,20940,Icebox,Decider,UGIT,Jeremiah,Jeremiah,1266,UGIT,2320,4,8,5,6,0,0,Jeremiah,AMERICAS
11861,20941,Haven,Decider,Jeremiah,UGIT,Jeremiah,1266,UGIT,2320,9,3,0,4,0,0,Jeremiah,AMERICAS
11862,20942,Ascent,Decider,Hypnotic Gaming,Aspire,Hypnotic Gaming,3246,Aspire,2165,2,10,3,0,0,0,Aspire,AMERICAS
11862,20943,Haven,Decider,Aspire,Hypnotic Gaming,Hypnotic Gaming,3246,Aspire,2165,11,1,0,2,0,0,Aspire,AMERICAS
11863,20945,Bind,Decider,tyeasy,MoreThanZero,tyeasy,488,MoreThanZero,3247,9,3,4,4,0,0,tyeasy,AMERICAS
11863,20946,Haven,Decider,MoreThanZero,tyeasy,tyeasy,488,MoreThanZero,3247,2,10,3,0,0,0,tyeasy,AMERICAS
11864,20948,Split,Decider,Trident Clan,ezchoke,Trident Clan,2891,ezchoke,2581,10,2,2,3,0,0,Trident Clan,AMERICAS
11864,20949,Bind,Decider,ezchoke,Trident Clan,Trident Clan,2891,ezchoke,2581,5,7,6,3,0,0,Trident Clan,AMERICAS
11865,20951,Haven,Decider,EZ KATKA,Tale Quale,EZ KATKA,2845,Tale Quale,2103,6,6,7,3,0,0,Tale Quale,AMERICAS
11865,20952,Ascent,Decider,Tale Quale,EZ KATKA,EZ KATKA,2845,Tale Quale,2103,7,5,8,1,0,0,EZ KATKA,AMERICAS
11865,20953,Split,Decider,EZ KATKA,Tale Quale,EZ KATKA,2845,Tale Quale,2103,7,5,3,6,0,0,EZ KATKA,AMERICAS
11866,20954,Ascent,Decider,Ksenox,Brotherhood of the Five,Ksenox,2835,Brotherhood of the Five,2397,5,7,3,8,0,0,Ksenox,AMERICAS
11866,20955,Split,Decider,Brotherhood of the Five,Ksenox,Ksenox,2835,Brotherhood of the Five,2397,4,8,5,4,0,0,Ksenox,AMERICAS
11867,20957,Bind,Decider,jaba,EQUITES,jaba,2839,EQUITES,3231,5,7,6,1,0,0,EQUITES,AMERICAS
11867,20958,Haven,Decider,EQUITES,jaba,jaba,2839,EQUITES,3231,1,11,2,2,0,0,jaba,AMERICAS
11867,20959,Ascent,Decider,jaba,EQUITES,jaba,2839,EQUITES,3231,9,3,3,4,0,0,jaba,AMERICAS
11868,20960,Bind,Decider,FLEXIM,GMT Esports,GMT Esports,10094,FLEXIM,3249,3,9,4,3,0,0,GMT Esports,AMERICAS
11868,20961,Haven,Decider,GMT Esports,FLEXIM,GMT Esports,10094,FLEXIM,3249,11,1,0,2,0,0,GMT Esports,AMERICAS
11869,20963,Ascent,Decider,TooManyQuestions,Dirty boys,TooManyQuestions,2118,Dirty boys,1525,8,4,1,5,0,0,TooManyQuestions,AMERICAS
11869,20964,Split,Decider,Dirty boys,TooManyQuestions,TooManyQuestions,2118,Dirty boys,1525,3,9,4,3,0,0,TooManyQuestions,AMERICAS
11870,20966,Ascent,Decider,zTitans,Infinite Skill,zTitans,1186,Infinite Skill,3239,10,2,2,3,0,0,zTitans,AMERICAS
11870,20967,Haven,Decider,Infinite Skill,zTitans,zTitans,1186,Infinite Skill,3239,7,5,7,5,0,2,zTitans,AMERICAS
11871,20969,Split,Decider,forZe,Shingeki No Kyojin,forZe,108,Shingeki No Kyojin,3250,8,4,3,5,0,0,forZe,AMERICAS
11871,20970,Icebox,Decider,Shingeki No Kyojin,forZe,forZe,108,Shingeki No Kyojin,3250,5,7,6,1,0,0,forZe,AMERICAS
11872,20972,Bind,Decider,top500 and dog,Nasty Ninjas,top500 and dog,2306,Nasty Ninjas,1347,7,5,8,4,0,0,Nasty Ninjas,AMERICAS
11872,20973,Haven,Decider,Nasty Ninjas,top500 and dog,top500 and dog,2306,Nasty Ninjas,1347,2,10,3,5,0,0,top500 and dog,AMERICAS
11872,20974,Ascent,Decider,top500 and dog,Nasty Ninjas,top500 and dog,2306,Nasty Ninjas,1347,8,4,2,5,0,0,top500 and dog,AMERICAS
11873,20975,Haven,Decider,5up,Save's eSports,5up,2317,Save's eSports,2889,7,5,2,6,0,0,5up,AMERICAS
11873,20976,Bind,Decider,Save's eSports,5up,5up,2317,Save's eSports,2889,3,9,4,0,0,0,5up,AMERICAS
11874,20978,Ascent,Decider,Team Divinity,Vengeance,Team Divinity,2049,Vengeance,1021,4,8,5,2,0,0,Vengeance,AMERICAS
11874,20979,Bind,Decider,Vengeance,Team Divinity,Team Divinity,2049,Vengeance,1021,2,10,3,6,0,0,Team Divinity,AMERICAS
11874,20980,Icebox,Decider,Team Divinity,Vengeance,Team Divinity,2049,Vengeance,1021,7,5,7,5,3,1,Team Divinity,AMERICAS
11875,20981,Haven,Decider,Yakuza,Aim.Attack,Yakuza,2580,Aim.Attack,604,7,5,4,6,0,0,Yakuza,AMERICAS
11875,20982,Ascent,Decider,Aim.Attack,Yakuza,Yakuza,2580,Aim.Attack,604,9,3,1,4,0,0,Aim.Attack,AMERICAS
11875,20983,Bind,Decider,Yakuza,Aim.Attack,Yakuza,2580,Aim.Attack,604,9,3,9,3,4,2,Yakuza,AMERICAS
11876,20984,Bind,Decider,No Fear,Project X,No Fear,2274,Project X,2398,10,2,2,3,0,0,No Fear,AMERICAS
11876,20985,Icebox,Decider,Project X,No Fear,No Fear,2274,Project X,2398,8,4,5,5,0,0,Project X,AMERICAS
11876,20986,Haven,Decider,No Fear,Project X,No Fear,2274,Project X,2398,2,10,3,0,0,0,Project X,AMERICAS
11877,20987,Haven,Decider,Mangal,Jeremiah,Mangal,2391,Jeremiah,1266,7,5,8,4,0,0,Jeremiah,AMERICAS
11877,20988,Split,Decider,Jeremiah,Mangal,Mangal,2391,Jeremiah,1266,2,10,3,5,0,0,Mangal,AMERICAS
11877,20989,Ascent,Decider,Mangal,Jeremiah,Mangal,2391,Jeremiah,1266,8,4,8,4,3,5,Jeremiah,AMERICAS
11878,20990,Haven,Decider,Aspire,tyeasy,Aspire,2165,tyeasy,488,8,4,0,5,0,0,Aspire,AMERICAS
11878,20991,Bind,Decider,tyeasy,Aspire,Aspire,2165,tyeasy,488,9,3,0,4,0,0,tyeasy,AMERICAS
11878,20992,Split,Decider,Aspire,tyeasy,Aspire,2165,tyeasy,488,4,8,5,0,0,0,tyeasy,AMERICAS
11879,20993,Ascent,Decider,Trident Clan,EZ KATKA,Trident Clan,2891,EZ KATKA,2845,10,2,5,3,0,0,Trident Clan,AMERICAS
11879,20994,Haven,Decider,EZ KATKA,Trident Clan,Trident Clan,2891,EZ KATKA,2845,8,4,9,1,0,0,Trident Clan,AMERICAS
11880,20996,Ascent,Decider,Ksenox,jaba,Ksenox,2835,jaba,2839,6,6,5,7,0,0,Ksenox,AMERICAS
11880,20997,Bind,Decider,jaba,Ksenox,Ksenox,2835,jaba,2839,5,7,6,3,0,0,Ksenox,AMERICAS
11881,20999,Icebox,Decider,GMT Esports,TooManyQuestions,GMT Esports,10094,TooManyQuestions,2118,7,5,5,6,0,0,GMT Esports,AMERICAS
11881,21000,Haven,Decider,TooManyQuestions,GMT Esports,GMT Esports,10094,TooManyQuestions,2118,6,6,7,4,0,0,GMT Esports,AMERICAS
11882,21002,Bind,Decider,zTitans,forZe,zTitans,1186,forZe,108,4,8,5,2,0,0,forZe,AMERICAS
11882,21003,Haven,Decider,forZe,zTitans,zTitans,1186,forZe,108,8,4,3,5,0,0,forZe,AMERICAS
11883,21005,Ascent,Decider,top500 and dog,5up,top500 and dog,2306,5up,2317,6,6,7,4,0,0,5up,AMERICAS
11883,21006,Haven,Decider,5up,top500 and dog,top500 and dog,2306,5up,2317,4,8,3,9,0,0,5up,AMERICAS
11884,21008,Haven,Decider,Team Divinity,Yakuza,Team Divinity,2049,Yakuza,2580,8,4,9,2,0,0,Yakuza,AMERICAS
11884,21009,Ascent,Decider,Yakuza,Team Divinity,Team Divinity,2049,Yakuza,2580,4,8,5,1,0,0,Team Divinity,AMERICAS
11884,21010,Bind,Decider,Team Divinity,Yakuza,Team Divinity,2049,Yakuza,2580,6,6,4,7,0,0,Team Divinity,AMERICAS
11885,21011,Haven,Decider,Project X,Jeremiah,Project X,2398,Jeremiah,1266,4,8,5,4,0,0,Jeremiah,AMERICAS
11885,21012,Split,Decider,Jeremiah,Project X,Project X,2398,Jeremiah,1266,6,6,7,1,0,0,Project X,AMERICAS
11885,21013,Icebox,Decider,Project X,Jeremiah,Project X,2398,Jeremiah,1266,8,4,4,5,0,0,Project X,AMERICAS
11747,20723,Bind,GMT Esports,Ksenox,GMT Esports,Ksenox,2835,GMT Esports,10094,4,8,4,8,0,2,GMT Esports,AMERICAS
11747,20724,Icebox,Ksenox,GMT Esports,Ksenox,Ksenox,2835,GMT Esports,10094,5,7,3,8,0,0,GMT Esports,AMERICAS
11746,20720,Haven,Trident Clan,tyeasy,Trident Clan,tyeasy,488,Trident Clan,2891,2,10,3,3,0,0,Trident Clan,AMERICAS
11746,20721,Bind,tyeasy,Trident Clan,tyeasy,tyeasy,488,Trident Clan,2891,6,6,7,5,0,0,tyeasy,AMERICAS
11746,20722,Split,Trident Clan,tyeasy,Trident Clan,tyeasy,488,Trident Clan,2891,11,1,2,2,0,0,tyeasy,AMERICAS
11749,20729,Split,Project X,Team Divinity,Project X,Team Divinity,2049,Project X,2398,9,3,2,4,0,0,Team Divinity,AMERICAS
11749,20730,Bind,Team Divinity,Project X,Team Divinity,Team Divinity,2049,Project X,2398,3,9,4,3,0,0,Team Divinity,AMERICAS
11748,20726,Haven,5up,forZe,5up,forZe,108,5up,2317,7,5,0,6,0,0,forZe,AMERICAS
11748,20727,Bind,forZe,5up,forZe,forZe,108,5up,2317,6,6,6,6,0,2,forZe,AMERICAS
11742,20708,Split,tyeasy,One Breath Gaming,tyeasy,One Breath Gaming,6267,tyeasy,488,4,8,0,9,0,0,One Breath Gaming,AMERICAS
11742,20709,Icebox,One Breath Gaming,tyeasy,One Breath Gaming,One Breath Gaming,6267,tyeasy,488,5,7,6,0,0,0,One Breath Gaming,AMERICAS
11743,20711,Split,GMT Esports,Gambit Esports,GMT Esports,Gambit Esports,682,GMT Esports,10094,7,5,0,6,0,0,Gambit Esports,AMERICAS
11743,20712,Icebox,Gambit Esports,GMT Esports,Gambit Esports,Gambit Esports,682,GMT Esports,10094,7,5,8,3,0,0,Gambit Esports,AMERICAS
11744,20714,Icebox,forZe,CrowСrowd,forZe,CrowСrowd,1020,forZe,108,7,5,8,2,0,0,forZe,AMERICAS
11744,20715,Haven,CrowСrowd,forZe,CrowСrowd,CrowСrowd,1020,forZe,108,5,7,5,7,1,3,CrowСrowd,AMERICAS
11744,20716,Bind,forZe,forZe,CrowСrowd,CrowСrowd,1020,forZe,108,3,9,4,7,0,0,CrowСrowd,AMERICAS
11745,20717,Split,Team Divinity,Team Singularity,Team Divinity,Team Singularity,1341,Team Divinity,2049,6,6,7,5,0,0,Team Divinity,AMERICAS
11745,20718,Ascent,Team Singularity,Team Divinity,Team Singularity,Team Singularity,1341,Team Divinity,2049,7,5,8,4,0,0,Team Singularity,AMERICAS
11745,20719,Bind,Team Divinity,Team Singularity,Team Divinity,Team Singularity,1341,Team Divinity,2049,4,8,5,5,0,0,Team Divinity,AMERICAS
10716,18659,Haven,Decider,STAGA,Ingenuity,STAGA,2340,Ingenuity,2661,8,4,3,5,0,0,STAGA,AMERICAS
10717,18660,Ascent,Decider,The Streets,ALCYONE,The Streets,2684,ALCYONE,1621,9,3,2,4,0,0,The Streets,AMERICAS
10718,18661,Ascent,Decider,iPon Esport,Dragonborn Esport,iPon Esport,576,Dragonborn Esport,1552,8,4,8,4,3,1,iPon Esport,AMERICAS
10719,18662,Bind,Decider,FlyMatez,eXiLe Academy,eXiLe Academy,2370,FlyMatez,3007,10,2,2,3,0,0,FlyMatez,AMERICAS
10722,18665,Ascent,Decider,Almighty,Celestial Esports,Almighty,3012,Celestial Esports,2733,8,4,6,5,0,0,Almighty,AMERICAS
10724,18667,Bind,Decider,Digital Chokers,REPLY TOTEM,Digital Chokers,3014,REPLY TOTEM,1351,2,10,3,1,0,0,REPLY TOTEM,AMERICAS
10725,18668,Ascent,Decider,SAKADO,Tarren Mill,SAKADO,3015,Tarren Mill,1090,2,10,3,3,0,0,Tarren Mill,AMERICAS
10726,18669,Bind,Decider,Team Spectralis,Purple Cobras,Team Spectralis,92,Purple Cobras,2925,2,10,3,2,0,0,Purple Cobras,AMERICAS
10727,18670,Split,Decider,The.Box,TeamW,The.Box,3016,TeamW,3017,7,5,1,6,0,0,The.Box,AMERICAS
10730,18673,Ascent,Decider,Team Kaio,Project GreyWing,Project GreyWing,3027,Team Kaio,2729,4,8,4,8,0,2,Project GreyWing,AMERICAS
10732,18675,Bind,Decider,Team Queso,Turtle eSport,Team Queso,4538,Turtle eSport,3030,11,1,0,2,0,0,Team Queso,AMERICAS
10733,19076,Bind,Decider,REJECTS GAMING,ATH esport,REJECTS GAMING,2731,ATH esport,2712,10,2,1,3,0,0,REJECTS GAMING,AMERICAS
10734,18677,Ascent,Decider,KPI Gaming,Dogs,KPI Gaming,6313,Dogs,3031,10,2,1,3,0,0,KPI Gaming,AMERICAS
10740,18683,Ascent,Decider,Young Guys Club,peanutz,Young Guys Club,3039,peanutz,2331,8,4,8,4,0,2,peanutz,AMERICAS
10741,18684,Ascent,Decider,run it back,eMonkeyz Club,run it back,3041,eMonkeyz Club,2687,8,4,8,4,6,4,run it back,AMERICAS
10743,18686,Icebox,Decider,Moose Knucklers,Cream Real Betis,Cream Real Betis,1035,Moose Knucklers,2924,6,6,7,4,0,0,Cream Real Betis,AMERICAS
10744,18687,Bind,Decider,,,Izanami,1768,ECM FCG eSports,1796,0,0,0,0,0,0,Draw,AMERICAS
10745,18688,Haven,Decider,Minor Inconvenience,team AlphaMales,Minor Inconvenience,2666,team AlphaMales,3043,4,8,5,7,0,0,team AlphaMales,AMERICAS
10747,18690,Split,Decider,Ballista,neuken in de keuken,Ballista,2566,neuken in de keuken,3044,10,2,0,3,0,0,Ballista,AMERICAS
10751,18694,Bind,Decider,RCTIC,ATRAVS,RCTIC,2767,ATRAVS,1875,4,8,5,3,0,0,ATRAVS,AMERICAS
10758,18701,Haven,Decider,Verendus,DeftFox,Verendus,2671,DeftFox,2726,9,3,6,4,0,0,Verendus,AMERICAS
10759,18702,Bind,Decider,Inside Games,Miami pitingos,Inside Games,1010,Miami pitingos,3058,6,6,4,7,0,0,Inside Games,AMERICAS
10761,18704,Ascent,Decider,Finest,Radiant Comedy Club,Finest,673,Radiant Comedy Club,2710,9,3,1,4,0,0,Finest,AMERICAS
10762,19079,Ascent,Decider,DoubleCross eSports,The Gentleboys,DoubleCross eSports,3060,The Gentleboys,2738,1,11,2,5,0,0,The Gentleboys,AMERICAS
10763,18706,Ascent,Decider,Aqualix,Sausage Party,Aqualix,2335,Sausage Party,2617,6,6,7,2,0,0,Sausage Party,AMERICAS
10764,18707,Ascent,Decider,WATCH THIS,S2V Esports,WATCH THIS,1937,S2V Esports,2310,4,8,5,1,0,0,S2V Esports,AMERICAS
10765,18708,Ascent,Decider,ShadowzGG,TEMPO,ShadowzGG,3061,TEMPO,2635,6,6,7,1,0,0,TEMPO,AMERICAS
10767,18710,Bind,Decider,ORGLESS5,False Alarm,ORGLESS5,2734,False Alarm,2648,9,3,1,4,0,0,ORGLESS5,AMERICAS
10768,18711,Split,Decider,lancaster bombers,Dawn of Stars,lancaster bombers,3062,Dawn of Stars,395,1,11,2,0,0,0,Dawn of Stars,AMERICAS
10769,18712,Icebox,Decider,Washed,Team Sampi,Team Sampi,1234,Washed,2736,1,11,2,0,0,0,Team Sampi,AMERICAS
10771,18714,Ascent,Decider,animel,WhynotVLR,animel,3065,WhynotVLR,2418,6,6,6,6,2,0,animel,AMERICAS
10772,18715,Bind,Decider,Les Fatigues,YAZDA,Les Fatigues,3066,YAZDA,1903,5,7,6,1,0,0,YAZDA,AMERICAS
10773,18716,Bind,Decider,MSR Esport,LSWeasels,MSR Esport,3068,LSWeasels,2645,7,5,6,6,0,0,MSR Esport,AMERICAS
10774,18717,Ascent,Decider,Marten Gaming,justtry,Marten Gaming,2133,justtry,3067,9,3,0,4,0,0,Marten Gaming,AMERICAS
10776,18719,Bind,Decider,teamamen,Květinky,teamamen,3076,Květinky,965,4,8,5,1,0,0,Květinky,AMERICAS
10777,18720,Ascent,Decider,Exception eSports,cool kids,Exception eSports,2711,cool kids,3077,8,4,4,5,0,0,Exception eSports,AMERICAS
10778,18721,Split,Decider,Patchwork,Team Rocket,Team Rocket,2315,Patchwork,2642,7,5,8,2,0,0,Team Rocket,AMERICAS
10779,18722,Bind,Decider,Krijgslieden,BadTurtles Esport,Krijgslieden,2396,BadTurtles Esport,2637,6,6,5,7,0,0,Krijgslieden,AMERICAS
10781,18724,Ascent,Decider,Pit Stop,Bidony,Pit Stop,2330,Bidony,3078,11,1,1,2,0,0,Pit Stop,AMERICAS
10782,18725,Split,Decider,Offlimits,Tensei Esports,Offlimits,3079,Tensei Esports,3080,8,4,1,5,0,0,Offlimits,AMERICAS
10783,18726,Split,Decider,Clown Squad,Honvéd Esport,Clown Squad,2415,Honvéd Esport,8172,8,4,3,5,0,0,Clown Squad,AMERICAS
10786,18729,Ascent,Decider,123TAP,Lasagna Beam,123TAP,6445,Lasagna Beam,3082,6,6,7,5,0,0,Lasagna Beam,AMERICAS
10787,18730,Ascent,Decider,Swag Silicone,La rue,Swag Silicone,2012,La rue,3083,9,3,2,4,0,0,Swag Silicone,AMERICAS
10790,18733,Ascent,Decider,Edelweiss Esports,UCAM Esports Club,Edelweiss Esports,2607,UCAM Esports Club,4616,9,3,1,4,0,0,Edelweiss Esports,AMERICAS
10792,18735,Bind,Decider,Siberian Wombats,Phenomenon,Siberian Wombats,2737,Phenomenon,3086,7,5,8,1,0,0,Phenomenon,AMERICAS
10794,18737,Icebox,Decider,Les Babouches,Yendez,Les Babouches,3087,Yendez,1174,1,11,2,0,0,0,Yendez,AMERICAS
10796,18739,Ascent,Decider,Batcave,ShockDart,Batcave,2693,ShockDart,2298,2,10,3,0,0,0,ShockDart,AMERICAS
10799,18742,Ascent,Decider,Pingu Gang,FTW Esports,FTW Esports,1791,Pingu Gang,568,4,8,3,9,0,0,Pingu Gang,AMERICAS
10800,18743,Ascent,Decider,OKGG,ecobra,OKGG,3088,ecobra,3089,8,4,4,5,0,0,OKGG,AMERICAS
10802,18745,Ascent,Decider,TBD,HONK,TBD,,HONK,2562,0,6,7,0,0,0,HONK,AMERICAS
10804,18747,Bind,Decider,TauCeti,Wakandans,TauCeti,2663,Wakandans,1883,9,3,2,4,0,0,TauCeti,AMERICAS
10807,18750,Ascent,Decider,Team Gravity,Nameless,Nameless,3096,Team Gravity,2308,8,4,2,5,0,0,Team Gravity,AMERICAS
10809,18752,Haven,Decider,smell33t,IN YOUR HEAD,smell33t,2715,IN YOUR HEAD,3073,7,5,1,6,0,0,smell33t,AMERICAS
10811,18754,Bind,Decider,TP eSports,Adderall Andies,Adderall Andies,2728,TP eSports,3071,5,7,6,4,0,0,Adderall Andies,AMERICAS
10812,18755,Split,Decider,NOX Esports,Lunaris,NOX Esports,1626,Lunaris,3093,3,9,4,5,0,0,Lunaris,AMERICAS
10813,18756,Ascent,Decider,BIG,Kjottkaker i brun saus,BIG,472,Kjottkaker i brun saus,3094,12,0,0,1,0,0,BIG,AMERICAS
10816,18759,Haven,Decider,Pandemic,Arcana,Pandemic,2713,Arcana,2347,11,1,3,2,0,0,Pandemic,AMERICAS
10818,18761,Haven,Decider,PointAndClick,Reservoir dogs,PointAndClick,3047,Reservoir dogs,3048,9,3,7,4,0,0,PointAndClick,AMERICAS
10819,18762,Icebox,Decider,Helios Gaming,Illés Akadémia Spirit,Illés Akadémia Spirit,2176,Helios Gaming,1795,6,6,7,5,0,0,Illés Akadémia Spirit,AMERICAS
10820,18763,Ascent,Decider,Sprayz Gaming,L'institut,Sprayz Gaming,1533,L'institut,61,5,7,6,2,0,0,L'institut,AMERICAS
10821,18764,Icebox,Decider,Wizards Club,eSuba,Wizards Club,703,eSuba,1474,6,6,7,1,0,0,eSuba,AMERICAS
10822,18765,Haven,Decider,ESTONOESUNJUEGOVALE,R3jel,ESTONOESUNJUEGOVALE,2312,R3jel,3046,9,3,0,4,0,0,ESTONOESUNJUEGOVALE,AMERICAS
10823,18766,Ascent,Decider,Babos Gaming,Team Civics,Babos Gaming,2714,Team Civics,3045,3,9,4,1,0,0,Team Civics,AMERICAS
10824,18767,Bind,Decider,KETÄ,TwistedMinds,KETÄ,2690,TwistedMinds,2717,5,7,4,8,0,0,KETÄ,AMERICAS
10828,18771,Split,Decider,Against All Odds,Team LEISURE,Against All Odds,3023,Team LEISURE,3024,9,3,0,4,0,0,Against All Odds,AMERICAS
10829,18772,Split,Decider,Kamil Klein new chapter,Absurd Talents,Kamil Klein new chapter,1082,Absurd Talents,3022,1,11,2,8,0,0,Absurd Talents,AMERICAS
10830,18773,Bind,Decider,MAJSTERSZTYK,Entropiq,MAJSTERSZTYK,1150,Entropiq,2819,10,2,9,3,0,0,MAJSTERSZTYK,AMERICAS
10833,18776,Bind,Decider,Team Enigma,Leaked,Team Enigma,2388,Leaked,2643,12,0,2,1,0,0,Team Enigma,AMERICAS
10834,18777,Bind,Decider,OnPointGaming Bravo,Unsigned Losers,OnPointGaming Bravo,3020,Unsigned Losers,2725,3,9,4,3,0,0,Unsigned Losers,AMERICAS
10835,18778,Haven,Decider,young talents,Team Questionmark,young talents,3006,Team Questionmark,2685,5,7,6,2,0,0,Team Questionmark,AMERICAS
10836,18779,Bind,Decider,Ignite,eXiLe Female,Ignite,2670,eXiLe Female,3005,9,3,0,4,0,0,Ignite,AMERICAS
10839,18782,Ascent,Decider,Chakalaka,WallPeekTurret,Chakalaka,1421,WallPeekTurret,3001,11,1,0,2,0,0,Chakalaka,AMERICAS
10845,18790,Split,Decider,iPon Esport,FlyMatez,iPon Esport,576,FlyMatez,3007,6,6,0,7,0,0,iPon Esport,AMERICAS
10845,18791,Bind,Decider,FlyMatez,iPon Esport,iPon Esport,576,FlyMatez,3007,4,8,5,1,0,0,iPon Esport,AMERICAS
10882,18901,Haven,Decider,Phenomenon,NoNamers,Phenomenon,3086,NoNamers,2319,6,6,6,6,4,2,Phenomenon,AMERICAS
10882,18902,Bind,Decider,NoNamers,Phenomenon,Phenomenon,3086,NoNamers,2319,8,4,0,5,0,0,NoNamers,AMERICAS
10882,18903,Split,Decider,Phenomenon,NoNamers,Phenomenon,3086,NoNamers,2319,5,7,6,4,0,0,NoNamers,AMERICAS
10896,18943,Haven,eSuba,eSuba,L'institut,L'institut,61,eSuba,1474,2,10,3,1,0,0,L'institut,AMERICAS
10896,18944,Ascent,L'institut,eSuba,L'institut,L'institut,61,eSuba,1474,6,6,4,7,0,0,eSuba,AMERICAS
10896,18945,Bind,Decider,L'institut,eSuba,L'institut,61,eSuba,1474,5,7,1,8,0,0,L'institut,AMERICAS
10904,18967,Ascent,Decider,Ignite,Team Asteria,Ignite,2670,Team Asteria,3004,10,2,2,3,0,0,Ignite,AMERICAS
10904,18968,Bind,Decider,Team Asteria,Ignite,Ignite,2670,Team Asteria,3004,2,10,3,2,0,0,Ignite,AMERICAS
10844,18787,Haven,Decider,STAGA,The Streets,STAGA,2340,The Streets,2684,12,0,0,1,0,0,STAGA,AMERICAS
10844,18788,Split,Decider,The Streets,STAGA,STAGA,2340,The Streets,2684,2,10,3,2,0,0,STAGA,AMERICAS
10846,18793,Ascent,Decider,Team Vitality,stay Focused,Team Vitality,2059,stay Focused,3010,11,1,1,2,0,0,Team Vitality,AMERICAS
10846,18794,Haven,Decider,Team Vitality,stay Focused,Team Vitality,2059,stay Focused,3010,11,1,0,2,0,0,Team Vitality,AMERICAS
10847,18796,Haven,Decider,Almighty,chess on crack,Almighty,3012,chess on crack,3019,3,9,4,0,0,0,chess on crack,AMERICAS
10847,18797,Bind,Decider,chess on crack,Almighty,Almighty,3012,chess on crack,3019,9,3,4,4,0,0,chess on crack,AMERICAS
10848,18799,Icebox,Decider,REPLY TOTEM,Tarren Mill,REPLY TOTEM,1351,Tarren Mill,1090,8,4,6,5,0,0,REPLY TOTEM,AMERICAS
10848,18800,Split,Decider,Tarren Mill,REPLY TOTEM,REPLY TOTEM,1351,Tarren Mill,1090,6,6,6,6,0,2,REPLY TOTEM,AMERICAS
10849,18802,Split,Decider,Purple Cobras,The.Box,Purple Cobras,2925,The.Box,3016,9,3,7,4,0,0,Purple Cobras,AMERICAS
10849,18803,Icebox,Decider,The.Box,Purple Cobras,Purple Cobras,2925,The.Box,3016,2,10,3,0,0,0,Purple Cobras,AMERICAS
10850,18805,Ascent,Decider,DfuseTeam,New Dawn Esports,New Dawn Esports,3018,DfuseTeam,1982,9,3,0,4,0,0,DfuseTeam,AMERICAS
10850,18806,Bind,Decider,DfuseTeam,New Dawn Esports,New Dawn Esports,3018,DfuseTeam,1982,11,1,0,2,0,0,DfuseTeam,AMERICAS
10851,18809,Haven,Decider,Project GreyWing,Invicta Gaming,Project GreyWing,3027,Invicta Gaming,3029,3,9,1,10,0,0,Project GreyWing,AMERICAS
10851,18810,Ascent,Decider,Project GreyWing,Invicta Gaming,Project GreyWing,3027,Invicta Gaming,3029,3,9,4,1,0,0,Invicta Gaming,AMERICAS
10851,19080,Bind,Decider,Project GreyWing,Invicta Gaming,Project GreyWing,3027,Invicta Gaming,3029,6,6,7,2,0,0,Invicta Gaming,AMERICAS
10852,18811,Bind,Decider,Team Queso,REJECTS GAMING,Team Queso,4538,REJECTS GAMING,2731,9,3,5,4,0,0,Team Queso,AMERICAS
10852,18812,Haven,Decider,REJECTS GAMING,Team Queso,Team Queso,4538,REJECTS GAMING,2731,6,6,5,7,0,0,REJECTS GAMING,AMERICAS
10852,18813,Icebox,Decider,Team Queso,REJECTS GAMING,Team Queso,4538,REJECTS GAMING,2731,7,5,5,6,0,0,Team Queso,AMERICAS
10853,18814,Bind,Decider,KPI Gaming,Megastitut,KPI Gaming,6313,Megastitut,686,7,5,8,1,0,0,Megastitut,AMERICAS
10853,18815,Ascent,Decider,Megastitut,KPI Gaming,KPI Gaming,6313,Megastitut,686,7,5,1,6,0,0,Megastitut,AMERICAS
10854,18817,Ascent,Decider,Raptor Esport,Team Wukaï,Team Wukaï,3034,Raptor Esport,3035,10,2,0,3,0,0,Raptor Esport,AMERICAS
10854,18818,Bind,Decider,Raptor Esport,Team Wukaï,Team Wukaï,3034,Raptor Esport,3035,8,4,4,5,0,0,Raptor Esport,AMERICAS
10856,18823,Ascent,Decider,peanutz,run it back,peanutz,2331,run it back,3041,9,3,3,4,0,0,peanutz,AMERICAS
10856,18824,Split,Decider,run it back,peanutz,peanutz,2331,run it back,3041,8,4,0,5,0,0,run it back,AMERICAS
10856,18825,Bind,Decider,peanutz,run it back,peanutz,2331,run it back,3041,7,5,0,6,0,0,peanutz,AMERICAS
10857,18826,Haven,Decider,Raise Your Edge,Cream Real Betis,Raise Your Edge,2577,Cream Real Betis,1035,7,5,8,2,0,0,Cream Real Betis,AMERICAS
10857,18827,Bind,Decider,Cream Real Betis,Raise Your Edge,Raise Your Edge,2577,Cream Real Betis,1035,8,4,3,5,0,0,Cream Real Betis,AMERICAS
10858,18829,Bind,Decider,ECM FCG eSports,team AlphaMales,ECM FCG eSports,1796,team AlphaMales,3043,5,7,6,6,0,0,team AlphaMales,AMERICAS
10858,18830,Icebox,Decider,team AlphaMales,ECM FCG eSports,ECM FCG eSports,1796,team AlphaMales,3043,4,8,5,1,0,0,ECM FCG eSports,AMERICAS
10859,18832,Icebox,Decider,Alliance,Ballista,Alliance,2533,Ballista,2566,7,5,2,6,0,0,Alliance,AMERICAS
10859,18833,Split,Decider,Ballista,Alliance,Alliance,2533,Ballista,2566,5,7,6,6,0,0,Alliance,AMERICAS
10861,18838,Bind,Decider,Rix.GG Thunder,ATRAVS,Rix.GG Thunder,2373,ATRAVS,1875,10,2,0,3,0,0,Rix.GG Thunder,AMERICAS
10861,18839,Ascent,Decider,ATRAVS,Rix.GG Thunder,Rix.GG Thunder,2373,ATRAVS,1875,6,6,7,3,0,0,Rix.GG Thunder,AMERICAS
10862,18841,Ascent,Decider,UBITEAM,No Chance,UBITEAM,2058,No Chance,2679,3,9,4,0,0,0,No Chance,AMERICAS
10862,18842,Bind,Decider,No Chance,UBITEAM,UBITEAM,2058,No Chance,2679,10,2,4,3,0,0,No Chance,AMERICAS
10863,18844,Icebox,Decider,Inaequalis,G2 Esports,Inaequalis,2703,G2 Esports,257,2,10,3,0,0,0,G2 Esports,AMERICAS
10863,18845,Bind,Decider,G2 Esports,Inaequalis,Inaequalis,2703,G2 Esports,257,12,0,0,1,0,0,G2 Esports,AMERICAS
10864,18847,Icebox,Decider,Sector One,Thunderflash,Thunderflash,3056,Sector One,239,11,1,2,2,0,0,Sector One,AMERICAS
10864,18848,Haven,Decider,Sector One,Thunderflash,Thunderflash,3056,Sector One,239,4,8,5,3,0,0,Thunderflash,AMERICAS
10864,18849,Ascent,Decider,Sector One,Thunderflash,Thunderflash,3056,Sector One,239,9,3,2,4,0,0,Sector One,AMERICAS
10865,18850,Ascent,Decider,Verendus,Inside Games,Verendus,2671,Inside Games,1010,2,10,3,2,0,0,Inside Games,AMERICAS
10865,18851,Bind,Decider,Inside Games,Verendus,Verendus,2671,Inside Games,1010,7,5,6,6,0,0,Inside Games,AMERICAS
10866,18853,Ascent,Decider,On The Run Esports,Finest,On The Run Esports,3059,Finest,673,3,9,4,3,0,0,Finest,AMERICAS
10866,18854,Bind,Decider,Finest,On The Run Esports,On The Run Esports,3059,Finest,673,10,2,3,3,0,0,Finest,AMERICAS
10867,18856,Bind,Decider,The Gentleboys,Sausage Party,The Gentleboys,2738,Sausage Party,2617,3,9,4,4,0,0,Sausage Party,AMERICAS
10867,18857,Ascent,Decider,Sausage Party,The Gentleboys,The Gentleboys,2738,Sausage Party,2617,7,5,3,6,0,0,Sausage Party,AMERICAS
10868,18859,Ascent,Decider,S2V Esports,TEMPO,S2V Esports,2310,TEMPO,2635,6,6,3,7,0,0,S2V Esports,AMERICAS
10868,18860,Split,Decider,TEMPO,S2V Esports,S2V Esports,2310,TEMPO,2635,10,2,10,2,3,1,TEMPO,AMERICAS
10868,18861,Haven,Decider,S2V Esports,TEMPO,S2V Esports,2310,TEMPO,2635,8,4,8,4,2,0,S2V Esports,AMERICAS
10869,18862,Bind,Decider,19esports,ORGLESS5,19esports,6139,ORGLESS5,2734,4,8,2,9,0,0,19esports,AMERICAS
10869,18863,Ascent,Decider,ORGLESS5,19esports,19esports,6139,ORGLESS5,2734,7,5,1,6,0,0,ORGLESS5,AMERICAS
10869,18864,Split,Decider,19esports,ORGLESS5,19esports,6139,ORGLESS5,2734,5,7,6,2,0,0,ORGLESS5,AMERICAS
10870,18865,Icebox,Decider,Dawn of Stars,Team Sampi,Dawn of Stars,395,Team Sampi,1234,3,9,4,0,0,0,Team Sampi,AMERICAS
10870,18866,Split,Decider,Team Sampi,Dawn of Stars,Dawn of Stars,395,Team Sampi,1234,7,5,6,6,0,0,Team Sampi,AMERICAS
10871,18868,Bind,Decider,animel,Team Aurous,Team Aurous,3064,animel,3065,11,1,1,2,0,0,animel,AMERICAS
10871,18869,Ascent,Decider,animel,Team Aurous,Team Aurous,3064,animel,3065,11,1,0,2,0,0,animel,AMERICAS
10872,18871,Icebox,Decider,YAZDA,MSR Esport,YAZDA,1903,MSR Esport,3068,10,2,4,3,0,0,YAZDA,AMERICAS
10872,18872,Bind,Decider,MSR Esport,YAZDA,YAZDA,1903,MSR Esport,3068,2,10,3,0,0,0,YAZDA,AMERICAS
10873,18874,Ascent,Decider,Marten Gaming,Květinky,Marten Gaming,2133,Květinky,965,2,10,3,1,0,0,Květinky,AMERICAS
10873,18875,Haven,Decider,Květinky,Marten Gaming,Marten Gaming,2133,Květinky,965,7,5,4,6,0,0,Květinky,AMERICAS
10874,18877,Ascent,Decider,Exception eSports,Giants Gaming,Exception eSports,2711,Giants Gaming,2304,3,9,4,0,0,0,Giants Gaming,AMERICAS
10874,18878,Bind,Decider,Giants Gaming,Exception eSports,Exception eSports,2711,Giants Gaming,2304,8,4,0,5,0,0,Giants Gaming,AMERICAS
10875,18880,Bind,Decider,Krijgslieden,Team Rocket,Team Rocket,2315,Krijgslieden,2396,1,11,2,1,0,0,Team Rocket,AMERICAS
10875,18881,Haven,Decider,Krijgslieden,Team Rocket,Team Rocket,2315,Krijgslieden,2396,2,10,3,0,0,0,Team Rocket,AMERICAS
10876,18883,Ascent,Decider,Team 7AM,Pit Stop,Team 7AM,2501,Pit Stop,2330,4,8,5,4,0,0,Pit Stop,AMERICAS
10876,18884,Bind,Decider,Pit Stop,Team 7AM,Team 7AM,2501,Pit Stop,2330,7,5,4,6,0,0,Pit Stop,AMERICAS
10877,18886,Split,Decider,Offlimits,Clown Squad,Offlimits,3079,Clown Squad,2415,7,5,5,6,0,0,Offlimits,AMERICAS
10877,18887,Bind,Decider,Clown Squad,Offlimits,Offlimits,3079,Clown Squad,2415,6,6,3,7,0,0,Clown Squad,AMERICAS
10877,18888,Icebox,Decider,Offlimits,Clown Squad,Offlimits,3079,Clown Squad,2415,7,5,2,6,0,0,Offlimits,AMERICAS
10878,18889,Haven,Decider,99Crooks,FNATIC,FNATIC,2593,99Crooks,1895,1,11,2,0,0,0,FNATIC,AMERICAS
10878,18890,Bind,Decider,99Crooks,FNATIC,FNATIC,2593,99Crooks,1895,4,8,5,2,0,0,FNATIC,AMERICAS
10879,18892,Haven,Decider,Lasagna Beam,Swag Silicone,Lasagna Beam,3082,Swag Silicone,2012,4,8,5,5,0,0,Swag Silicone,AMERICAS
10879,18893,Ascent,Decider,Swag Silicone,Lasagna Beam,Lasagna Beam,3082,Swag Silicone,2012,10,2,7,3,0,0,Swag Silicone,AMERICAS
10881,18898,Bind,Decider,Edelweiss Esports,DiaXmix,Edelweiss Esports,2607,DiaXmix,1420,11,1,0,2,0,0,Edelweiss Esports,AMERICAS
10881,18899,Split,Decider,DiaXmix,Edelweiss Esports,Edelweiss Esports,2607,DiaXmix,1420,1,11,2,0,0,0,Edelweiss Esports,AMERICAS
10883,18904,Ascent,Decider,Yendez,Winfinity,Yendez,1174,Winfinity,1250,9,3,2,4,0,0,Yendez,AMERICAS
10883,18905,Icebox,Decider,Winfinity,Yendez,Yendez,1174,Winfinity,1250,2,10,3,8,0,0,Yendez,AMERICAS
10884,18907,Haven,Decider,ShockDart,Bachara Esports,ShockDart,2298,Bachara Esports,3097,10,2,1,3,0,0,ShockDart,AMERICAS
10884,18908,Ascent,Decider,Bachara Esports,ShockDart,ShockDart,2298,Bachara Esports,3097,4,8,5,1,0,0,ShockDart,AMERICAS
10885,18910,Ascent,Decider,Hajty,Pingu Gang,Hajty,662,Pingu Gang,568,5,7,6,1,0,0,Pingu Gang,AMERICAS
10885,18911,Split,Decider,Pingu Gang,Hajty,Hajty,662,Pingu Gang,568,7,5,8,4,0,0,Hajty,AMERICAS
10885,18912,Bind,Decider,Hajty,Pingu Gang,Hajty,662,Pingu Gang,568,6,6,0,7,0,0,Hajty,AMERICAS
10886,18913,Split,Decider,OKGG,Circe,OKGG,3088,Circe,1816,9,3,3,4,0,0,OKGG,AMERICAS
10886,18914,Bind,Decider,Circe,OKGG,OKGG,3088,Circe,1816,6,6,6,6,3,1,Circe,AMERICAS
10886,18915,Ascent,Decider,OKGG,Circe,OKGG,3088,Circe,1816,9,3,1,4,0,0,OKGG,AMERICAS
10887,18916,Icebox,Decider,SAW,HONK,HONK,2562,SAW,2755,4,8,5,5,0,0,HONK,AMERICAS
10887,18917,Ascent,Decider,SAW,HONK,HONK,2562,SAW,2755,3,9,4,1,0,0,HONK,AMERICAS
10888,18919,Ascent,Decider,TauCeti,Humanity Project,TauCeti,2663,Humanity Project,1258,5,7,6,6,0,0,Humanity Project,AMERICAS
10888,18920,Bind,Decider,Humanity Project,TauCeti,TauCeti,2663,Humanity Project,1258,3,9,4,6,0,0,TauCeti,AMERICAS
10888,18921,Haven,Decider,Humanity Project,TauCeti,TauCeti,2663,Humanity Project,1258,5,7,6,4,0,0,TauCeti,AMERICAS
10889,18922,Ascent,Decider,CZECH REPRE,Team Gravity,CZECH REPRE,3074,Team Gravity,2308,8,4,2,5,0,0,CZECH REPRE,AMERICAS
10889,18923,Haven,Decider,Team Gravity,CZECH REPRE,CZECH REPRE,3074,Team Gravity,2308,3,9,4,0,0,0,CZECH REPRE,AMERICAS
10890,18925,Ascent,Decider,świeca,smell33t,świeca,3072,smell33t,2715,9,3,8,4,0,0,świeca,AMERICAS
10890,18926,Haven,Decider,smell33t,świeca,świeca,3072,smell33t,2715,9,3,2,4,0,0,smell33t,AMERICAS
10890,18927,Split,Decider,świeca,smell33t,świeca,3072,smell33t,2715,7,5,0,6,0,0,świeca,AMERICAS
10891,18928,Bind,Decider,Guild Esports,Adderall Andies,Guild Esports,1209,Adderall Andies,2728,10,2,5,3,0,0,Guild Esports,AMERICAS
10891,18929,Ascent,Decider,Adderall Andies,Guild Esports,Guild Esports,1209,Adderall Andies,2728,4,8,5,0,0,0,Guild Esports,AMERICAS
10892,18931,Ascent,Decider,Lunaris,BIG,Lunaris,3093,BIG,472,5,7,3,8,0,0,Lunaris,AMERICAS
10892,18932,Split,Decider,BIG,Lunaris,Lunaris,3093,BIG,472,10,2,2,3,0,0,BIG,AMERICAS
10892,18933,Icebox,Decider,Lunaris,BIG,Lunaris,3093,BIG,472,2,10,3,3,0,0,BIG,AMERICAS
10893,18934,Split,Decider,X,Movistar Riders,X,3069,Movistar Riders,2499,3,9,4,5,0,0,Movistar Riders,AMERICAS
10893,18935,Haven,Decider,Movistar Riders,X,X,3069,Movistar Riders,2499,7,5,0,6,0,0,Movistar Riders,AMERICAS
10894,18937,Haven,Decider,Pandemic,HSDIRR,Pandemic,2713,HSDIRR,685,7,5,8,1,0,0,HSDIRR,AMERICAS
10894,18938,Ascent,Decider,HSDIRR,Pandemic,Pandemic,2713,HSDIRR,685,7,5,7,5,5,3,HSDIRR,AMERICAS
10895,18940,Haven,Decider,PointAndClick,Illés Akadémia Spirit,PointAndClick,3047,Illés Akadémia Spirit,2176,5,7,4,8,0,0,PointAndClick,AMERICAS
10895,18941,Icebox,Decider,PointAndClick,Illés Akadémia Spirit,PointAndClick,3047,Illés Akadémia Spirit,2176,5,7,6,4,0,0,Illés Akadémia Spirit,AMERICAS
10895,18942,Bind,Decider,PointAndClick,Illés Akadémia Spirit,PointAndClick,3047,Illés Akadémia Spirit,2176,10,2,5,3,0,0,PointAndClick,AMERICAS
10897,18946,Ascent,Decider,ESTONOESUNJUEGOVALE,Team Civics,ESTONOESUNJUEGOVALE,2312,Team Civics,3045,7,5,2,6,0,0,ESTONOESUNJUEGOVALE,AMERICAS
10897,18947,Haven,Decider,Team Civics,ESTONOESUNJUEGOVALE,ESTONOESUNJUEGOVALE,2312,Team Civics,3045,2,10,3,5,0,0,ESTONOESUNJUEGOVALE,AMERICAS
10898,18949,Ascent,Decider,Team Heretics,KETÄ,KETÄ,2690,Team Heretics,1001,12,0,1,1,0,0,Team Heretics,AMERICAS
10898,18950,Haven,Decider,KETÄ,Team Heretics,KETÄ,2690,Team Heretics,1001,3,9,4,0,0,0,Team Heretics,AMERICAS
10899,18952,Bind,Decider,Hydrated,QWERTZ,Hydrated,2718,QWERTZ,3025,9,3,1,4,0,0,Hydrated,AMERICAS
10899,18953,Split,Decider,QWERTZ,Hydrated,Hydrated,2718,QWERTZ,3025,4,8,5,4,0,0,Hydrated,AMERICAS
10900,18955,Split,Decider,Against All Odds,Absurd Talents,Against All Odds,3023,Absurd Talents,3022,10,2,7,3,0,0,Against All Odds,AMERICAS
10900,18956,Ascent,Decider,Against All Odds,Absurd Talents,Against All Odds,3023,Absurd Talents,3022,5,7,4,8,0,0,Against All Odds,AMERICAS
10901,18958,Haven,Decider,MAJSTERSZTYK,Bleiz,MAJSTERSZTYK,1150,Bleiz,2171,6,6,6,6,5,7,Bleiz,AMERICAS
10901,18959,Ascent,Decider,Bleiz,MAJSTERSZTYK,MAJSTERSZTYK,1150,Bleiz,2171,7,5,5,6,0,0,Bleiz,AMERICAS
10902,18961,Bind,Decider,HEET,Team Enigma,HEET,2408,Team Enigma,2388,8,4,1,5,0,0,HEET,AMERICAS
10902,18962,Icebox,Decider,HEET,Team Enigma,HEET,2408,Team Enigma,2388,9,3,3,4,0,0,HEET,AMERICAS
10903,18964,Bind,Decider,Team Questionmark,Unsigned Losers,Unsigned Losers,2725,Team Questionmark,2685,8,4,4,5,0,0,Team Questionmark,AMERICAS
10903,18965,Ascent,Decider,Team Questionmark,Unsigned Losers,Unsigned Losers,2725,Team Questionmark,2685,9,3,6,4,0,0,Team Questionmark,AMERICAS
10905,18970,Ascent,Decider,Flash and Dash,Chakalaka,Flash and Dash,1639,Chakalaka,1421,4,8,5,1,0,0,Chakalaka,AMERICAS
10905,18971,Bind,Decider,Chakalaka,Flash and Dash,Flash and Dash,1639,Chakalaka,1421,6,6,3,7,0,0,Chakalaka,AMERICAS
10906,18973,Ascent,Decider,Team Revenge,unsigned,Team Revenge,3000,unsigned,1071,2,10,3,0,0,0,unsigned,AMERICAS
10906,18974,Bind,Decider,unsigned,Team Revenge,Team Revenge,3000,unsigned,1071,12,0,0,1,0,0,unsigned,AMERICAS
10907,18976,Ascent,Decider,fivestack,Ambitious,fivestack,2998,Ambitious,2636,3,9,4,1,0,0,Ambitious,AMERICAS
10907,18977,Bind,Decider,Ambitious,fivestack,fivestack,2998,Ambitious,2636,8,4,6,5,0,0,Ambitious,AMERICAS
10917,19006,Bind,Decider,No Chance,G2 Esports,No Chance,2679,G2 Esports,257,6,6,7,5,0,0,G2 Esports,AMERICAS
10917,19007,Ascent,Decider,G2 Esports,No Chance,No Chance,2679,G2 Esports,257,7,5,7,5,2,0,G2 Esports,AMERICAS
10942,19089,Bind,Decider,Sophie's children,Rix.GG Thunder,Sophie's children,3051,Rix.GG Thunder,2373,6,6,7,1,0,0,Rix.GG Thunder,AMERICAS
10942,19090,Split,Decider,Rix.GG Thunder,Sophie's children,Sophie's children,3051,Rix.GG Thunder,2373,4,8,3,9,0,0,Rix.GG Thunder,AMERICAS
10908,18979,Bind,Decider,STAGA,iPon Esport,STAGA,2340,iPon Esport,576,6,6,7,3,0,0,iPon Esport,AMERICAS
10908,18980,Haven,Decider,iPon Esport,STAGA,STAGA,2340,iPon Esport,576,8,4,4,5,0,0,iPon Esport,AMERICAS
10909,18982,Ascent,Decider,Team Vitality,chess on crack,Team Vitality,2059,chess on crack,3019,8,4,3,5,0,0,Team Vitality,AMERICAS
10909,18983,Haven,Decider,chess on crack,Team Vitality,Team Vitality,2059,chess on crack,3019,3,9,4,5,0,0,Team Vitality,AMERICAS
10913,18994,Haven,Decider,Team Liquid,Raptor Esport,Raptor Esport,3035,Team Liquid,474,8,4,1,5,0,0,Team Liquid,AMERICAS
10913,18995,Ascent,Decider,Team Liquid,Raptor Esport,Raptor Esport,3035,Team Liquid,474,11,1,0,2,0,0,Team Liquid,AMERICAS
10922,19021,Ascent,Decider,YAZDA,Květinky,YAZDA,1903,Květinky,965,8,4,3,5,0,0,YAZDA,AMERICAS
10922,19022,Icebox,Decider,Květinky,YAZDA,YAZDA,1903,Květinky,965,5,7,6,2,0,0,YAZDA,AMERICAS
10923,19024,Bind,Decider,Giants Gaming,Team Rocket,Giants Gaming,2304,Team Rocket,2315,9,3,1,4,0,0,Giants Gaming,AMERICAS
10923,19025,Icebox,Decider,Giants Gaming,Team Rocket,Giants Gaming,2304,Team Rocket,2315,11,1,2,2,0,0,Giants Gaming,AMERICAS
10935,19060,Ascent,Decider,Team Heretics,Hydrated,Team Heretics,1001,Hydrated,2718,8,4,0,5,0,0,Team Heretics,AMERICAS
10935,19061,Haven,Decider,Hydrated,Team Heretics,Team Heretics,1001,Hydrated,2718,5,7,6,0,0,0,Team Heretics,AMERICAS
10938,19069,Ascent,Decider,Ignite,Chakalaka,Ignite,2670,Chakalaka,1421,4,8,5,3,0,0,Chakalaka,AMERICAS
10938,19070,Bind,Decider,Chakalaka,Ignite,Ignite,2670,Chakalaka,1421,8,4,0,5,0,0,Chakalaka,AMERICAS
10910,18985,Split,Decider,Purple Cobras,REPLY TOTEM,REPLY TOTEM,1351,Purple Cobras,2925,6,6,7,5,0,0,REPLY TOTEM,AMERICAS
10910,18986,Icebox,Decider,REPLY TOTEM,Purple Cobras,REPLY TOTEM,1351,Purple Cobras,2925,8,4,7,5,0,0,REPLY TOTEM,AMERICAS
10911,18988,Bind,Decider,DfuseTeam,Invicta Gaming,DfuseTeam,1982,Invicta Gaming,3029,4,8,1,9,0,0,DfuseTeam,AMERICAS
10911,18989,Haven,Decider,DfuseTeam,Invicta Gaming,DfuseTeam,1982,Invicta Gaming,3029,10,2,1,3,0,0,DfuseTeam,AMERICAS
10912,18991,Bind,Decider,Team Queso,Megastitut,Team Queso,4538,Megastitut,686,3,9,4,1,0,0,Megastitut,AMERICAS
10912,18992,Haven,Decider,Megastitut,Team Queso,Team Queso,4538,Megastitut,686,3,9,4,2,0,0,Team Queso,AMERICAS
10912,18993,Ascent,Decider,Team Queso,Megastitut,Team Queso,4538,Megastitut,686,8,4,9,3,0,0,Megastitut,AMERICAS
10914,18997,Split,Decider,peanutz,Cream Real Betis,peanutz,2331,Cream Real Betis,1035,2,10,3,6,0,0,Cream Real Betis,AMERICAS
10914,18998,Icebox,Decider,peanutz,Cream Real Betis,peanutz,2331,Cream Real Betis,1035,6,6,5,7,0,0,peanutz,AMERICAS
10914,18999,Bind,Decider,peanutz,Cream Real Betis,peanutz,2331,Cream Real Betis,1035,2,10,3,0,0,0,Cream Real Betis,AMERICAS
10918,19009,Ascent,Decider,Sector One,Inside Games,Sector One,239,Inside Games,1010,6,6,7,0,0,0,Inside Games,AMERICAS
10918,19010,Haven,Decider,Inside Games,Sector One,Sector One,239,Inside Games,1010,11,1,3,2,0,0,Inside Games,AMERICAS
10919,19012,Icebox,Decider,Finest,Sausage Party,Finest,673,Sausage Party,2617,11,1,5,2,0,0,Finest,AMERICAS
10919,19013,Ascent,Decider,Sausage Party,Finest,Finest,673,Sausage Party,2617,2,10,3,2,0,0,Finest,AMERICAS
10921,19019,Icebox,Decider,animel,Team Sampi,Team Sampi,1234,animel,3065,9,3,5,4,0,0,animel,AMERICAS
10921,19082,Ascent,Decider,Team Sampi,animel,Team Sampi,1234,animel,3065,5,7,6,2,0,0,animel,AMERICAS
10925,19030,Icebox,Decider,Swag Silicone,FNATIC,FNATIC,2593,Swag Silicone,2012,5,7,6,3,0,0,FNATIC,AMERICAS
10925,19031,Haven,Decider,FNATIC,Swag Silicone,FNATIC,2593,Swag Silicone,2012,7,5,1,6,0,0,FNATIC,AMERICAS
10926,19033,Split,Decider,Prima Esport,Edelweiss Esports,Prima Esport,1344,Edelweiss Esports,2607,5,7,6,2,0,0,Edelweiss Esports,AMERICAS
10926,19034,Haven,Decider,Edelweiss Esports,Prima Esport,Prima Esport,1344,Edelweiss Esports,2607,4,8,5,7,0,0,Prima Esport,AMERICAS
10926,19035,Ascent,Decider,Prima Esport,Edelweiss Esports,Prima Esport,1344,Edelweiss Esports,2607,1,11,2,2,0,0,Edelweiss Esports,AMERICAS
10927,19036,Ascent,Decider,NoNamers,Yendez,NoNamers,2319,Yendez,1174,4,8,5,6,0,0,Yendez,AMERICAS
10927,19037,Haven,Decider,Yendez,NoNamers,NoNamers,2319,Yendez,1174,6,6,7,5,0,0,NoNamers,AMERICAS
10927,19038,Split,Decider,NoNamers,Yendez,NoNamers,2319,Yendez,1174,7,5,7,5,0,2,Yendez,AMERICAS
10928,19039,Split,Decider,ShockDart,Hajty,ShockDart,2298,Hajty,662,8,4,8,4,3,5,Hajty,AMERICAS
10928,19040,Haven,Decider,Hajty,ShockDart,ShockDart,2298,Hajty,662,11,1,0,2,0,0,Hajty,AMERICAS
10929,19042,Split,Decider,OKGG,HONK,OKGG,3088,HONK,2562,2,10,3,0,0,0,HONK,AMERICAS
10929,19043,Ascent,Decider,OKGG,HONK,OKGG,3088,HONK,2562,2,10,3,0,0,0,HONK,AMERICAS
10931,19048,Haven,Decider,świeca,Guild Esports,świeca,3072,Guild Esports,1209,3,9,4,7,0,0,Guild Esports,AMERICAS
10931,19049,Ascent,Decider,Guild Esports,świeca,świeca,3072,Guild Esports,1209,7,5,6,6,0,0,Guild Esports,AMERICAS
10934,19057,Haven,Decider,ESTONOESUNJUEGOVALE,L'institut,L'institut,61,ESTONOESUNJUEGOVALE,2312,5,7,2,8,0,0,ESTONOESUNJUEGOVALE,AMERICAS
10934,19058,Ascent,Decider,L'institut,ESTONOESUNJUEGOVALE,L'institut,61,ESTONOESUNJUEGOVALE,2312,7,5,6,6,0,0,L'institut,AMERICAS
10934,19059,Split,Decider,L'institut,ESTONOESUNJUEGOVALE,L'institut,61,ESTONOESUNJUEGOVALE,2312,5,7,6,6,0,0,ESTONOESUNJUEGOVALE,AMERICAS
10936,19063,Haven,Decider,Against All Odds,Bleiz,Against All Odds,3023,Bleiz,2171,11,1,0,2,0,0,Against All Odds,AMERICAS
10936,19064,Ascent,Decider,Bleiz,Against All Odds,Against All Odds,3023,Bleiz,2171,3,9,4,0,0,0,Against All Odds,AMERICAS
10937,19066,Haven,Decider,Team Questionmark,HEET,HEET,2408,Team Questionmark,2685,4,8,5,6,0,0,HEET,AMERICAS
10937,19067,Ascent,Decider,Team Questionmark,HEET,HEET,2408,Team Questionmark,2685,7,5,8,0,0,0,HEET,AMERICAS
10939,19072,Ascent,Decider,unsigned,Ambitious,unsigned,1071,Ambitious,2636,7,5,5,6,0,0,unsigned,AMERICAS
10939,19073,Bind,Decider,Ambitious,unsigned,unsigned,1071,Ambitious,2636,0,12,1,0,0,0,unsigned,AMERICAS
10920,19015,Icebox,Decider,S2V Esports,ORGLESS5,S2V Esports,2310,ORGLESS5,2734,7,5,4,6,0,0,S2V Esports,AMERICAS
10920,19016,Ascent,Decider,ORGLESS5,S2V Esports,S2V Esports,2310,ORGLESS5,2734,10,2,5,3,0,0,ORGLESS5,AMERICAS
10920,19017,Split,Decider,S2V Esports,ORGLESS5,S2V Esports,2310,ORGLESS5,2734,6,6,7,1,0,0,ORGLESS5,AMERICAS
10915,19000,Haven,Decider,Alliance,ECM FCG eSports,ECM FCG eSports,1796,Alliance,2533,11,1,0,2,0,0,Alliance,AMERICAS
10915,19001,Icebox,Decider,Alliance,ECM FCG eSports,ECM FCG eSports,1796,Alliance,2533,8,4,3,5,0,0,Alliance,AMERICAS
10924,19027,Split,Decider,Pit Stop,Offlimits,Pit Stop,2330,Offlimits,3079,10,2,9,3,0,0,Pit Stop,AMERICAS
10924,19028,Icebox,Decider,Offlimits,Pit Stop,Pit Stop,2330,Offlimits,3079,5,7,6,0,0,0,Pit Stop,AMERICAS
10932,19051,Ascent,Decider,BIG,Movistar Riders,BIG,472,Movistar Riders,2499,9,3,2,4,0,0,BIG,AMERICAS
10932,19052,Haven,Decider,Movistar Riders,BIG,BIG,472,Movistar Riders,2499,4,8,5,7,0,0,BIG,AMERICAS
10930,19045,Haven,Decider,TauCeti,CZECH REPRE,TauCeti,2663,CZECH REPRE,3074,4,8,5,2,0,0,CZECH REPRE,AMERICAS
10930,19046,Ascent,Decider,CZECH REPRE,TauCeti,TauCeti,2663,CZECH REPRE,3074,10,2,2,3,0,0,CZECH REPRE,AMERICAS
10933,19054,Haven,Decider,HSDIRR,PointAndClick,HSDIRR,685,PointAndClick,3047,10,2,0,3,0,0,HSDIRR,AMERICAS
10944,19097,Haven,Team Vitality,iPon Esport,Team Vitality,iPon Esport,576,Team Vitality,2059,6,6,5,7,0,0,iPon Esport,AMERICAS
10944,19098,Bind,iPon Esport,Team Vitality,iPon Esport,iPon Esport,576,Team Vitality,2059,7,5,5,6,0,0,Team Vitality,AMERICAS
10944,19099,Ascent,Decider,iPon Esport,Team Vitality,iPon Esport,576,Team Vitality,2059,8,4,6,5,0,0,iPon Esport,AMERICAS
10945,19100,Ascent,DfuseTeam,REPLY TOTEM,DfuseTeam,REPLY TOTEM,1351,DfuseTeam,1982,7,5,8,0,0,0,DfuseTeam,AMERICAS
10945,19101,Split,REPLY TOTEM,DfuseTeam,REPLY TOTEM,REPLY TOTEM,1351,DfuseTeam,1982,7,5,3,6,0,0,DfuseTeam,AMERICAS
10946,19103,Haven,Decider,Megastitut,Team Liquid,Megastitut,686,Team Liquid,474,4,8,4,8,0,2,Team Liquid,AMERICAS
10946,19104,Ascent,Decider,Team Liquid,Megastitut,Megastitut,686,Team Liquid,474,7,5,0,6,0,0,Team Liquid,AMERICAS
10947,19106,Icebox,Decider,Alliance,Cream Real Betis,Cream Real Betis,1035,Alliance,2533,6,6,3,7,0,0,Alliance,AMERICAS
10947,19107,Haven,Decider,Alliance,Cream Real Betis,Cream Real Betis,1035,Alliance,2533,10,2,0,3,0,0,Alliance,AMERICAS
10948,19109,Bind,Decider,Rix.GG Thunder,G2 Esports,Rix.GG Thunder,2373,G2 Esports,257,9,3,10,2,0,0,G2 Esports,AMERICAS
10948,19110,Split,Decider,G2 Esports,Rix.GG Thunder,Rix.GG Thunder,2373,G2 Esports,257,7,5,1,6,0,0,G2 Esports,AMERICAS
10949,19112,Ascent,Decider,Finest,Inside Games,Inside Games,1010,Finest,673,5,7,6,5,0,0,Inside Games,AMERICAS
10949,19113,Haven,Decider,Inside Games,Finest,Inside Games,1010,Finest,673,8,4,7,5,0,0,Inside Games,AMERICAS
10950,19115,Ascent,Decider,IVY,animel,IVY,3114,animel,3065,3,9,4,8,0,0,animel,AMERICAS
10950,19116,Icebox,Decider,animel,IVY,IVY,3114,animel,3065,4,8,5,3,0,0,IVY,AMERICAS
10950,19117,Split,Decider,IVY,animel,IVY,3114,animel,3065,2,10,3,7,0,0,animel,AMERICAS
10951,19118,Ascent,Decider,YAZDA,Giants Gaming,YAZDA,1903,Giants Gaming,2304,6,6,7,4,0,0,Giants Gaming,AMERICAS
10951,19119,Bind,Decider,Giants Gaming,YAZDA,YAZDA,1903,Giants Gaming,2304,7,5,2,6,0,0,Giants Gaming,AMERICAS
10952,19121,Bind,Decider,Pit Stop,FNATIC,Pit Stop,2330,FNATIC,2593,8,4,8,4,5,3,Pit Stop,AMERICAS
10952,19122,Icebox,Decider,Pit Stop,FNATIC,Pit Stop,2330,FNATIC,2593,5,7,6,4,0,0,FNATIC,AMERICAS
10952,19123,Split,Decider,Pit Stop,FNATIC,Pit Stop,2330,FNATIC,2593,3,9,4,2,0,0,FNATIC,AMERICAS
10953,19124,Ascent,Decider,Edelweiss Esports,Yendez,Edelweiss Esports,2607,Yendez,1174,6,6,3,7,0,0,Edelweiss Esports,AMERICAS
10953,19125,Split,Decider,Yendez,Edelweiss Esports,Edelweiss Esports,2607,Yendez,1174,6,6,0,7,0,0,Yendez,AMERICAS
10953,19126,Haven,Decider,Edelweiss Esports,Yendez,Edelweiss Esports,2607,Yendez,1174,10,2,0,3,0,0,Edelweiss Esports,AMERICAS
10954,19127,Split,Decider,Hajty,HONK,Hajty,662,HONK,2562,8,4,5,5,0,0,Hajty,AMERICAS
10954,19128,Haven,Decider,Hajty,HONK,Hajty,662,HONK,2562,4,8,5,2,0,0,HONK,AMERICAS
10954,19129,Icebox,Decider,Hajty,HONK,Hajty,662,HONK,2562,6,6,7,1,0,0,HONK,AMERICAS
10955,19130,Haven,Decider,Guild Esports,CZECH REPRE,CZECH REPRE,3074,Guild Esports,1209,9,3,0,4,0,0,Guild Esports,AMERICAS
10955,19131,Ascent,Decider,CZECH REPRE,Guild Esports,CZECH REPRE,3074,Guild Esports,1209,8,4,9,2,0,0,Guild Esports,AMERICAS
10956,19133,Haven,Decider,BIG,HSDIRR,BIG,472,HSDIRR,685,9,3,9,3,2,0,BIG,AMERICAS
10956,19134,Ascent,Decider,HSDIRR,BIG,BIG,472,HSDIRR,685,8,4,3,5,0,0,HSDIRR,AMERICAS
10956,19135,Split,Decider,BIG,HSDIRR,BIG,472,HSDIRR,685,4,8,4,8,4,6,HSDIRR,AMERICAS
10957,19136,Ascent,Decider,ESTONOESUNJUEGOVALE,Team Heretics,ESTONOESUNJUEGOVALE,2312,Team Heretics,1001,0,12,1,1,0,0,Team Heretics,AMERICAS
10957,19137,Haven,Decider,Team Heretics,ESTONOESUNJUEGOVALE,ESTONOESUNJUEGOVALE,2312,Team Heretics,1001,11,1,1,2,0,0,Team Heretics,AMERICAS
10958,19139,Split,Decider,Against All Odds,HEET,Against All Odds,3023,HEET,2408,8,4,9,1,0,0,HEET,AMERICAS
10958,19140,Bind,Decider,HEET,Against All Odds,Against All Odds,3023,HEET,2408,10,2,6,3,0,0,HEET,AMERICAS
10959,19142,Bind,Decider,Chakalaka,unsigned,Chakalaka,1421,unsigned,1071,6,6,6,6,2,0,Chakalaka,AMERICAS
10959,19143,Ascent,Decider,unsigned,Chakalaka,Chakalaka,1421,unsigned,1071,9,3,9,3,2,0,unsigned,AMERICAS
10959,19144,Haven,Decider,Chakalaka,unsigned,Chakalaka,1421,unsigned,1071,8,4,8,4,2,0,Chakalaka,AMERICAS
10962,19151,Ascent,Decider,G2 Esports,Inside Games,G2 Esports,257,Inside Games,1010,9,3,0,4,0,0,G2 Esports,AMERICAS
10962,19152,Split,Decider,Inside Games,G2 Esports,G2 Esports,257,Inside Games,1010,2,10,3,0,0,0,G2 Esports,AMERICAS
10961,19148,Haven,Decider,Team Liquid,Alliance,Team Liquid,474,Alliance,2533,6,6,1,7,0,0,Team Liquid,AMERICAS
10961,19149,Icebox,Decider,Alliance,Team Liquid,Team Liquid,474,Alliance,2533,11,1,0,2,0,0,Alliance,AMERICAS
10961,19150,Split,Decider,Team Liquid,Alliance,Team Liquid,474,Alliance,2533,5,7,6,4,0,0,Alliance,AMERICAS
10963,19154,Bind,Decider,animel,Giants Gaming,animel,3065,Giants Gaming,2304,8,4,6,5,0,0,animel,AMERICAS
10963,19155,Ascent,Decider,Giants Gaming,animel,animel,3065,Giants Gaming,2304,3,9,3,9,2,0,Giants Gaming,AMERICAS
10963,19156,Icebox,Decider,animel,Giants Gaming,animel,3065,Giants Gaming,2304,7,5,5,6,0,0,animel,AMERICAS
10965,19160,Haven,Decider,Guild Esports,HONK,HONK,2562,Guild Esports,1209,5,7,3,8,0,0,Guild Esports,AMERICAS
10965,19161,Split,Decider,Guild Esports,HONK,HONK,2562,Guild Esports,1209,7,5,4,6,0,0,Guild Esports,AMERICAS
10967,19166,Ascent,Decider,HEET,Chakalaka,HEET,2408,Chakalaka,1421,4,8,4,8,3,5,Chakalaka,AMERICAS
10967,19167,Bind,Decider,Chakalaka,HEET,HEET,2408,Chakalaka,1421,6,6,7,5,0,0,HEET,AMERICAS
10967,19168,Split,Decider,HEET,Chakalaka,HEET,2408,Chakalaka,1421,4,8,4,8,0,2,Chakalaka,AMERICAS
10960,19145,Split,DfuseTeam,iPon Esport,DfuseTeam,iPon Esport,576,DfuseTeam,1982,7,5,8,3,0,0,DfuseTeam,AMERICAS
10960,19146,Haven,iPon Esport,DfuseTeam,iPon Esport,iPon Esport,576,DfuseTeam,1982,7,5,8,4,0,0,iPon Esport,AMERICAS
10960,19147,Ascent,Decider,iPon Esport,DfuseTeam,iPon Esport,576,DfuseTeam,1982,4,8,5,3,0,0,DfuseTeam,AMERICAS
10964,19157,Haven,Decider,Edelweiss Esports,FNATIC,FNATIC,2593,Edelweiss Esports,2607,8,4,9,3,0,0,FNATIC,AMERICAS
10964,19158,Bind,Decider,Edelweiss Esports,FNATIC,FNATIC,2593,Edelweiss Esports,2607,3,9,4,3,0,0,FNATIC,AMERICAS
10966,19163,Ascent,Decider,HSDIRR,Team Heretics,HSDIRR,685,Team Heretics,1001,4,8,5,1,0,0,Team Heretics,AMERICAS
10966,19164,Haven,Decider,Team Heretics,HSDIRR,HSDIRR,685,Team Heretics,1001,8,4,4,5,0,0,Team Heretics,AMERICAS
11010,19253,Haven,Alliance,DfuseTeam,Alliance,DfuseTeam,1982,Alliance,2533,8,4,8,4,3,5,Alliance,AMERICAS
11010,19254,Ascent,DfuseTeam,Alliance,DfuseTeam,DfuseTeam,1982,Alliance,2533,7,5,1,6,0,0,Alliance,AMERICAS
11011,19256,Split,animel,G2 Esports,animel,G2 Esports,257,animel,3065,10,2,2,3,0,0,G2 Esports,AMERICAS
11011,19257,Bind,G2 Esports,animel,G2 Esports,G2 Esports,257,animel,3065,7,5,8,2,0,0,G2 Esports,AMERICAS
11012,19259,Haven,Guild Esports,Guild Esports,FNATIC,FNATIC,2593,Guild Esports,1209,7,5,0,6,0,0,Guild Esports,AMERICAS
11012,19260,Bind,FNATIC,Guild Esports,FNATIC,FNATIC,2593,Guild Esports,1209,3,9,4,5,0,0,FNATIC,AMERICAS
11012,19261,Split,Guild Esports,Guild Esports,FNATIC,FNATIC,2593,Guild Esports,1209,5,7,5,7,0,2,FNATIC,AMERICAS
11013,19262,Ascent,Chakalaka,Team Heretics,Chakalaka,Team Heretics,1001,Chakalaka,1421,4,8,3,9,0,0,Team Heretics,AMERICAS
11013,19263,Split,Team Heretics,Chakalaka,Team Heretics,Team Heretics,1001,Chakalaka,1421,7,5,6,6,0,0,Chakalaka,AMERICAS
11013,19264,Bind,Chakalaka,Team Heretics,Chakalaka,Team Heretics,1001,Chakalaka,1421,7,5,2,6,0,0,Team Heretics,AMERICAS
11121,19433,Icebox,Alliance,Wave Esports,Alliance,Wave Esports,324,Alliance,2533,4,8,5,5,0,0,Alliance,AMERICAS
11121,19434,Haven,Wave Esports,Alliance,Wave Esports,Wave Esports,324,Alliance,2533,8,4,8,4,5,3,Alliance,AMERICAS
11122,19436,Ascent,G2 Esports,Ninjas in Pyjamas,G2 Esports,Ninjas in Pyjamas,3,G2 Esports,257,5,7,2,8,0,0,Ninjas in Pyjamas,AMERICAS
11122,19437,Haven,Ninjas in Pyjamas,G2 Esports,Ninjas in Pyjamas,Ninjas in Pyjamas,3,G2 Esports,257,5,7,6,5,0,0,Ninjas in Pyjamas,AMERICAS
11126,19445,Bind,FNATIC,FNATIC,FunPlus Phoenix,FunPlus Phoenix,628,FNATIC,2593,6,6,0,7,0,0,FNATIC,AMERICAS
11126,19446,Split,FunPlus Phoenix,FNATIC,FunPlus Phoenix,FunPlus Phoenix,628,FNATIC,2593,2,10,3,1,0,0,FunPlus Phoenix,AMERICAS
11126,19447,Haven,FNATIC,FNATIC,FunPlus Phoenix,FunPlus Phoenix,628,FNATIC,2593,4,8,5,3,0,0,FunPlus Phoenix,AMERICAS
11124,19442,Ascent,Team Heretics,OG,Team Heretics,OG,2965,Team Heretics,1001,4,8,5,2,0,0,Team Heretics,AMERICAS
11124,19443,Bind,OG,Team Heretics,OG,OG,2965,Team Heretics,1001,10,2,5,3,0,0,Team Heretics,AMERICAS
10442,18088,Haven,Decider,Fenerbahçe Esports,Glorious Gorillas,Glorious Gorillas,2893,Fenerbahçe Esports,5310,6,6,2,7,0,0,Fenerbahçe Esports,AMERICAS
10442,18089,Bind,Decider,Fenerbahçe Esports,Glorious Gorillas,Glorious Gorillas,2893,Fenerbahçe Esports,5310,11,1,0,2,0,0,Fenerbahçe Esports,AMERICAS
10443,18091,Ascent,Decider,CANAVARLAR,ThunderBolts AC,ThunderBolts AC,2895,CANAVARLAR,2896,9,3,1,4,0,0,CANAVARLAR,AMERICAS
10443,18092,Split,Decider,CANAVARLAR,ThunderBolts AC,ThunderBolts AC,2895,CANAVARLAR,2896,7,5,3,6,0,0,CANAVARLAR,AMERICAS
10444,18094,Bind,Decider,ALFA Esport,FOXNGAME Esports,ALFA Esport,2625,FOXNGAME Esports,2897,9,3,5,4,0,0,ALFA Esport,AMERICAS
10445,18097,Bind,Decider,Cyber Skull Esports,BARÇA,Cyber Skull Esports,2416,BARÇA,2898,7,5,4,6,0,0,Cyber Skull Esports,AMERICAS
10445,18098,Haven,Decider,BARÇA,Cyber Skull Esports,Cyber Skull Esports,2416,BARÇA,2898,0,12,1,0,0,0,Cyber Skull Esports,AMERICAS
10446,18100,Haven,Decider,Galakticos,Sentinel Keep,Sentinel Keep,2899,Galakticos,4762,10,2,1,3,0,0,Galakticos,AMERICAS
10446,18101,Ascent,Decider,Galakticos,Sentinel Keep,Sentinel Keep,2899,Galakticos,4762,9,3,2,4,0,0,Galakticos,AMERICAS
10447,18103,Bind,Decider,Designated,OtherSide,Designated,1238,OtherSide,1453,7,5,7,5,0,2,OtherSide,AMERICAS
10447,18104,Ascent,Decider,OtherSide,Designated,Designated,1238,OtherSide,1453,10,2,8,3,0,0,OtherSide,AMERICAS
10474,18186,Bind,Decider,836.PizzaLocale,BBL Esports,836.PizzaLocale,2901,BBL Esports,397,2,10,3,0,0,0,BBL Esports,AMERICAS
10474,18187,Haven,Decider,BBL Esports,836.PizzaLocale,836.PizzaLocale,2901,BBL Esports,397,10,2,2,3,0,0,BBL Esports,AMERICAS
10475,18189,Icebox,Decider,MNA ESPORTS,PayHesap Kütahya Esports,MNA ESPORTS,2902,PayHesap Kütahya Esports,2769,7,5,4,6,0,0,MNA ESPORTS,AMERICAS
10475,18190,Bind,Decider,PayHesap Kütahya Esports,MNA ESPORTS,MNA ESPORTS,2902,PayHesap Kütahya Esports,2769,7,5,8,0,0,0,MNA ESPORTS,AMERICAS
10476,18192,Icebox,Decider,Team Aurora,Worst Brutals,Team Aurora,2903,Worst Brutals,2904,7,5,1,6,0,0,Team Aurora,AMERICAS
10476,18193,Bind,Decider,Worst Brutals,Team Aurora,Team Aurora,2903,Worst Brutals,2904,4,8,5,0,0,0,Team Aurora,AMERICAS
10477,18195,Ascent,Decider,FUT Esports,Blame Esports,FUT Esports,1184,Blame Esports,2905,7,5,2,6,0,0,FUT Esports,AMERICAS
10477,18196,Icebox,Decider,Blame Esports,FUT Esports,FUT Esports,1184,Blame Esports,2905,2,10,3,0,0,0,FUT Esports,AMERICAS
10478,18198,Icebox,Decider,İstanbul Wildcats,BANGER5,İstanbul Wildcats,6132,BANGER5,2906,10,2,3,3,0,0,İstanbul Wildcats,AMERICAS
10478,18199,Bind,Decider,BANGER5,İstanbul Wildcats,İstanbul Wildcats,6132,BANGER5,2906,3,9,4,2,0,0,İstanbul Wildcats,AMERICAS
10479,18201,Ascent,Decider,Zero Zone,RED5,Zero Zone,1675,RED5,2223,8,4,0,5,0,0,Zero Zone,AMERICAS
10479,18202,Icebox,Decider,RED5,Zero Zone,Zero Zone,1675,RED5,2223,2,10,3,4,0,0,Zero Zone,AMERICAS
10480,18204,Ascent,Decider,LUL,Thunderbolts Gaming,LUL,2907,Thunderbolts Gaming,2908,8,4,8,4,1,3,Thunderbolts Gaming,AMERICAS
10480,18205,Bind,Decider,Thunderbolts Gaming,LUL,LUL,2907,Thunderbolts Gaming,2908,6,6,5,7,0,0,Thunderbolts Gaming,AMERICAS
10481,18207,Ascent,Decider,RARE Esports,No Org Found,RARE Esports,1913,No Org Found,2909,5,7,6,2,0,0,No Org Found,AMERICAS
10481,18208,Bind,Decider,No Org Found,RARE Esports,RARE Esports,1913,No Org Found,2909,5,7,2,8,0,0,No Org Found,AMERICAS
10482,18210,Bind,Decider,Boca Boston,WAL,Boca Boston,2910,WAL,2911,3,9,4,2,0,0,WAL,AMERICAS
10482,18211,Ascent,Decider,WAL,Boca Boston,Boca Boston,2910,WAL,2911,5,7,6,6,0,0,Boca Boston,AMERICAS
10482,18212,Haven,Decider,Boca Boston,WAL,Boca Boston,2910,WAL,2911,7,5,3,6,0,0,Boca Boston,AMERICAS
10483,18213,Ascent,Decider,Oxygen Esports,FireNation,Oxygen Esports,921,FireNation,2689,11,1,0,2,0,0,Oxygen Esports,AMERICAS
10483,18214,Icebox,Decider,Oxygen Esports,FireNation,Oxygen Esports,921,FireNation,2689,11,1,2,2,0,0,Oxygen Esports,AMERICAS
10488,18228,Split,Decider,Team Aurora,FUT Esports,Team Aurora,2903,FUT Esports,1184,0,12,1,0,0,0,FUT Esports,AMERICAS
10488,18229,Ascent,Decider,FUT Esports,Team Aurora,Team Aurora,2903,FUT Esports,1184,7,5,0,6,0,0,FUT Esports,AMERICAS
10490,18234,Ascent,Decider,Thunderbolts Gaming,No Org Found,Thunderbolts Gaming,2908,No Org Found,2909,5,7,6,0,0,0,No Org Found,AMERICAS
10490,18235,Bind,Decider,No Org Found,Thunderbolts Gaming,Thunderbolts Gaming,2908,No Org Found,2909,9,3,2,4,0,0,No Org Found,AMERICAS
10487,18225,Haven,Decider,BBL Esports,MNA ESPORTS,BBL Esports,397,MNA ESPORTS,2902,9,3,2,4,0,0,BBL Esports,AMERICAS
10487,18226,Bind,Decider,MNA ESPORTS,BBL Esports,BBL Esports,397,MNA ESPORTS,2902,5,7,6,4,0,0,BBL Esports,AMERICAS
10484,18216,Haven,Decider,Fenerbahçe Esports,CANAVARLAR,Fenerbahçe Esports,5310,CANAVARLAR,2896,4,8,0,9,0,0,Fenerbahçe Esports,AMERICAS
10484,18217,Split,Decider,CANAVARLAR,Fenerbahçe Esports,Fenerbahçe Esports,5310,CANAVARLAR,2896,4,8,2,9,0,0,CANAVARLAR,AMERICAS
10484,18218,Bind,Decider,Fenerbahçe Esports,CANAVARLAR,Fenerbahçe Esports,5310,CANAVARLAR,2896,7,5,1,6,0,0,Fenerbahçe Esports,AMERICAS
10485,18219,Bind,Decider,ALFA Esport,Cyber Skull Esports,ALFA Esport,2625,Cyber Skull Esports,2416,9,3,8,4,0,0,ALFA Esport,AMERICAS
10485,18220,Split,Decider,Cyber Skull Esports,ALFA Esport,ALFA Esport,2625,Cyber Skull Esports,2416,9,3,1,4,0,0,Cyber Skull Esports,AMERICAS
10485,18221,Icebox,Decider,ALFA Esport,Cyber Skull Esports,ALFA Esport,2625,Cyber Skull Esports,2416,5,7,6,5,0,0,Cyber Skull Esports,AMERICAS
10486,18222,Bind,Decider,Galakticos,OtherSide,Galakticos,4762,OtherSide,1453,7,5,5,6,0,0,Galakticos,AMERICAS
10486,18223,Haven,Decider,OtherSide,Galakticos,Galakticos,4762,OtherSide,1453,8,4,9,1,0,0,Galakticos,AMERICAS
10489,18231,Icebox,Decider,İstanbul Wildcats,Zero Zone,İstanbul Wildcats,6132,Zero Zone,1675,3,9,3,9,2,0,İstanbul Wildcats,AMERICAS
10489,18232,Bind,Decider,Zero Zone,İstanbul Wildcats,İstanbul Wildcats,6132,Zero Zone,1675,7,5,8,1,0,0,İstanbul Wildcats,AMERICAS
10491,18237,Icebox,Decider,Boca Boston,Oxygen Esports,Boca Boston,2910,Oxygen Esports,921,5,7,2,8,0,0,Boca Boston,AMERICAS
10491,18238,Ascent,Decider,Oxygen Esports,Boca Boston,Boca Boston,2910,Oxygen Esports,921,7,5,3,6,0,0,Oxygen Esports,AMERICAS
10491,18239,Bind,Decider,Boca Boston,Oxygen Esports,Boca Boston,2910,Oxygen Esports,921,3,9,4,0,0,0,Oxygen Esports,AMERICAS
10351,17968,Haven,Decider,Fenerbahçe Esports,Cyber Skull Esports,Fenerbahçe Esports,5310,Cyber Skull Esports,2416,5,7,6,6,0,0,Cyber Skull Esports,AMERICAS
10351,17969,Split,Decider,Cyber Skull Esports,Fenerbahçe Esports,Fenerbahçe Esports,5310,Cyber Skull Esports,2416,5,7,6,3,0,0,Fenerbahçe Esports,AMERICAS
10351,17970,Icebox,Decider,Fenerbahçe Esports,Cyber Skull Esports,Fenerbahçe Esports,5310,Cyber Skull Esports,2416,6,6,7,2,0,0,Cyber Skull Esports,AMERICAS
10352,17971,Bind,Decider,Galakticos,BBL Esports,Galakticos,4762,BBL Esports,397,5,7,6,2,0,0,BBL Esports,AMERICAS
10352,17972,Haven,Decider,BBL Esports,Galakticos,Galakticos,4762,BBL Esports,397,11,1,1,2,0,0,BBL Esports,AMERICAS
10354,17977,Bind,Decider,No Org Found,Oxygen Esports,No Org Found,2909,Oxygen Esports,921,2,10,3,2,0,0,Oxygen Esports,AMERICAS
10354,17978,Ascent,Decider,Oxygen Esports,No Org Found,No Org Found,2909,Oxygen Esports,921,11,1,4,2,0,0,Oxygen Esports,AMERICAS
10353,17974,Icebox,İstanbul Wildcats,FUT Esports,İstanbul Wildcats,FUT Esports,1184,İstanbul Wildcats,6132,4,8,5,2,0,0,İstanbul Wildcats,AMERICAS
10353,17975,Haven,FUT Esports,FUT Esports,İstanbul Wildcats,FUT Esports,1184,İstanbul Wildcats,6132,5,7,3,8,0,0,FUT Esports,AMERICAS
10353,17976,Ascent,İstanbul Wildcats,İstanbul Wildcats,FUT Esports,FUT Esports,1184,İstanbul Wildcats,6132,5,7,6,0,0,0,FUT Esports,AMERICAS
10369,18016,Haven,Decider,PLATOON,Lankräm,PLATOON,593,Lankräm,355,5,7,2,8,0,0,PLATOON,AMERICAS
10370,18017,Bind,Decider,FieryWall Gaming,16const,FieryWall Gaming,2884,16const,2879,1,11,2,0,0,0,16const,AMERICAS
10371,18018,Ascent,Decider,TooManyQuestions,FULL FOCUS,TooManyQuestions,2118,FULL FOCUS,2862,10,2,0,3,0,0,TooManyQuestions,AMERICAS
10372,18019,Haven,Decider,Project X,FR1END5,Project X,2398,FR1END5,2849,4,8,5,2,0,0,FR1END5,AMERICAS
10373,18020,Split,Decider,feelmyhack,eXiLe eSports,feelmyhack,1580,eXiLe eSports,1189,5,7,0,8,0,0,feelmyhack,AMERICAS
10374,18021,Ascent,Decider,AnimeSquad,MUSICA,AnimeSquad,2394,MUSICA,2871,11,1,8,2,0,0,AnimeSquad,AMERICAS
10375,18022,Split,Decider,Aspire,FRPL Esports,Aspire,2165,FRPL Esports,2866,12,0,0,1,0,0,Aspire,AMERICAS
10377,18024,Haven,Decider,Flex-Team,Tale Quale,Flex-Team,2883,Tale Quale,2103,3,9,4,0,0,0,Tale Quale,AMERICAS
10378,18025,Split,Decider,ezchoke,Dirty Gaming,ezchoke,2581,Dirty Gaming,2875,11,1,0,2,0,0,ezchoke,AMERICAS
10380,18027,TBD,Decider,,,Anthrax,2861,Yakuza,2580,0,0,0,0,0,0,Draw,AMERICAS
10381,18028,Haven,Decider,Super-Ukrainci,5up,Super-Ukrainci,1781,5up,2317,1,11,2,0,0,0,5up,AMERICAS
10382,18029,Bind,Decider,GMT Esports,nnavgplayers,nnavgplayers,2880,GMT Esports,10094,9,3,1,4,0,0,GMT Esports,AMERICAS
10383,18087,TBD,Decider,,,Ksenox,2835,Savage,2864,0,0,0,0,0,0,Draw,AMERICAS
10384,18031,Haven,Decider,SKYLINE Esports,TragedyMakers,TragedyMakers,2859,SKYLINE Esports,1777,3,9,4,0,0,0,TragedyMakers,AMERICAS
10385,18032,Ascent,Decider,Universe,Nomads,Universe,2846,Nomads,2912,2,10,3,2,0,0,Nomads,AMERICAS
10386,18033,Ascent,Decider,NO PRACCS,Izanami,NO PRACCS,2847,Izanami,1768,5,7,5,7,2,0,NO PRACCS,AMERICAS
10387,18034,Bind,Decider,Dirty boys,pRESENSE,Dirty boys,1525,pRESENSE,2855,7,5,8,4,0,0,pRESENSE,AMERICAS
10388,18035,Ascent,Decider,HelloKitty,Mangal,HelloKitty,2842,Mangal,2391,9,3,10,1,0,0,Mangal,AMERICAS
10389,18036,Bind,Decider,Invicta,BALLAS,BALLAS,2888,Invicta,2180,9,3,0,4,0,0,Invicta,AMERICAS
10390,18037,Ascent,Decider,SOLO,969 gang,SOLO,2887,969 gang,2865,4,8,5,0,0,0,969 gang,AMERICAS
10391,18038,Ascent,Decider,Five terrible heroes,GeT_6paTBa,Five terrible heroes,2858,GeT_6paTBa,2840,2,10,3,3,0,0,GeT_6paTBa,AMERICAS
10393,18040,Ascent,Decider,CrowСrowd,No Fear,CrowСrowd,1020,No Fear,2274,7,5,3,6,0,0,CrowСrowd,AMERICAS
10394,18041,Bind,Decider,top500 and dog,shtrihcod,shtrihcod,2848,top500 and dog,2306,10,2,1,3,0,0,top500 and dog,AMERICAS
10397,18044,Icebox,Decider,Found us,Siberian,Found us,2870,Siberian,1679,2,10,3,0,0,0,Siberian,AMERICAS
10398,18045,Haven,Decider,NEVER LOOK BACK,Save's eSports,NEVER LOOK BACK,2018,Save's eSports,2889,2,10,3,0,0,0,Save's eSports,AMERICAS
10399,18046,Ascent,Decider,PolyCyber,Piyat,Piyat,2869,PolyCyber,1572,12,0,0,1,0,0,PolyCyber,AMERICAS
10400,18047,Icebox,Decider,Jeremiah,badb0ys,Jeremiah,1266,badb0ys,2873,10,2,0,3,0,0,Jeremiah,AMERICAS
10402,18049,Bind,Decider,UGIT,TURKISH MAFIA,UGIT,2320,TURKISH MAFIA,2890,8,4,3,5,0,0,UGIT,AMERICAS
10403,18050,Ascent,Decider,Brotherhood of the Five,nurture,nurture,2868,Brotherhood of the Five,2397,9,3,0,4,0,0,Brotherhood of the Five,AMERICAS
10404,18051,Ascent,Decider,zTitans,EZ KATKA,zTitans,1186,EZ KATKA,2845,2,10,3,1,0,0,EZ KATKA,AMERICAS
10405,18052,Split,Decider,5op,team04ka,5op,2876,team04ka,2850,4,8,5,5,0,0,team04ka,AMERICAS
10406,18053,Ascent,Decider,paroXysme,Electronic Zero,paroXysme,2867,Electronic Zero,2857,11,1,0,2,0,0,paroXysme,AMERICAS
10408,18054,Haven,Decider,PLATOON,Vengeance,PLATOON,593,Vengeance,1021,5,7,6,6,0,0,Vengeance,AMERICAS
10409,18055,Bind,Decider,TooManyQuestions,16const,16const,2879,TooManyQuestions,2118,9,3,1,4,0,0,TooManyQuestions,AMERICAS
10410,18056,Bind,Decider,CISFAITH,FR1END5,CISFAITH,2307,FR1END5,2849,7,5,6,6,0,0,CISFAITH,AMERICAS
10412,18058,Ascent,Decider,AnimeSquad,Aspire,AnimeSquad,2394,Aspire,2165,2,10,3,4,0,0,Aspire,AMERICAS
10413,18059,Haven,Decider,Genei Ryodan,One Breath Gaming,One Breath Gaming,6267,Genei Ryodan,2830,4,8,5,0,0,0,One Breath Gaming,AMERICAS
10414,18060,Ascent,Decider,Tale Quale,vthree,Tale Quale,2103,vthree,2393,9,3,5,4,0,0,Tale Quale,AMERICAS
10416,18062,Icebox,Decider,Aim.Attack,ARK Esports,Aim.Attack,604,ARK Esports,2414,9,3,1,4,0,0,Aim.Attack,AMERICAS
10417,18063,TBD,Decider,,,Thorns,2832,Yakuza,2580,0,0,0,0,0,0,Draw,AMERICAS
10418,18064,Bind,Decider,Dobrya4ki,5up,Dobrya4ki,2833,5up,2317,4,8,5,0,0,0,5up,AMERICAS
10419,18065,Bind,Decider,Axsor,GMT Esports,Axsor,1342,GMT Esports,10094,3,9,4,0,0,0,GMT Esports,AMERICAS
10420,18066,Bind,Decider,Ksenox,SpartanTeam,SpartanTeam,2834,Ksenox,2835,8,4,0,5,0,0,Ksenox,AMERICAS
10421,18067,Ascent,Decider,N4PAS,TragedyMakers,TragedyMakers,2859,N4PAS,1774,11,1,3,2,0,0,N4PAS,AMERICAS
10422,18641,Bind,Decider,Nomads,NO PRACCS,Nomads,2912,NO PRACCS,2847,10,2,1,3,0,0,Nomads,AMERICAS
10423,18069,Ascent,Decider,Gambit Esports,pRESENSE,Gambit Esports,682,pRESENSE,2855,10,2,0,3,0,0,Gambit Esports,AMERICAS
10424,18070,Split,Decider,Mangal,AtleticsDogs,Mangal,2391,AtleticsDogs,2836,11,1,0,2,0,0,Mangal,AMERICAS
10425,18071,Bind,Decider,maybegokill,Invicta,maybegokill,2837,Invicta,2180,3,9,4,7,0,0,Invicta,AMERICAS
10426,18072,Bind,Decider,969 gang,Meduzza Gaming,Meduzza Gaming,2838,969 gang,2865,11,1,0,2,0,0,969 gang,AMERICAS
10427,18073,Split,Decider,Not All Home,jaba,Not All Home,1746,jaba,2839,3,9,4,0,0,0,jaba,AMERICAS
10428,18074,Ascent,Decider,GeT_6paTBa,Party Carrots,GeT_6paTBa,2840,Party Carrots,2841,8,4,6,5,0,0,GeT_6paTBa,AMERICAS
10429,18075,Bind,Decider,forZe,CrowСrowd,forZe,108,CrowСrowd,1020,5,7,6,5,0,0,CrowСrowd,AMERICAS
10431,18077,Haven,Decider,N1,368,368,2844,N1,2863,7,5,4,6,0,0,N1,AMERICAS
10432,18078,Ascent,Decider,Team Mystery,Siberian,Team Mystery,2851,Siberian,1679,5,7,6,0,0,0,Siberian,AMERICAS
10433,18079,Bind,Decider,NeverHunt,Save's eSports,Save's eSports,2889,NeverHunt,2882,1,11,2,2,0,0,Save's eSports,AMERICAS
10434,18080,Split,Decider,PolyCyber,Team Singularity,PolyCyber,1572,Team Singularity,1341,5,7,6,1,0,0,Team Singularity,AMERICAS
10435,18081,Haven,Decider,Jeremiah,DISBAND,Jeremiah,1266,DISBAND,2852,10,2,0,3,0,0,Jeremiah,AMERICAS
10436,18082,Icebox,Decider,tyeasy,UGIT,tyeasy,488,UGIT,2320,6,6,1,7,0,0,tyeasy,AMERICAS
10437,18083,Ascent,Decider,Brotherhood of the Five,Trident Clan,Brotherhood of the Five,2397,Trident Clan,2891,8,4,8,4,2,0,Brotherhood of the Five,AMERICAS
10438,18084,Bind,Decider,EZ KATKA,team04ka,EZ KATKA,2845,team04ka,2850,9,3,0,4,0,0,EZ KATKA,AMERICAS
10439,18085,Ascent,Decider,BrawlStars2005,paroXysme,paroXysme,2867,BrawlStars2005,2853,9,3,9,3,2,4,paroXysme,AMERICAS
10492,18240,Haven,Decider,TooManyQuestions,Vengeance,Vengeance,1021,TooManyQuestions,2118,6,6,7,3,0,0,Vengeance,AMERICAS
10492,18241,Ascent,Decider,TooManyQuestions,Vengeance,Vengeance,1021,TooManyQuestions,2118,5,7,6,1,0,0,Vengeance,AMERICAS
10493,18243,Ascent,Decider,CISFAITH,feelmyhack,CISFAITH,2307,feelmyhack,1580,10,2,7,3,0,0,CISFAITH,AMERICAS
10493,18244,Icebox,Decider,feelmyhack,CISFAITH,CISFAITH,2307,feelmyhack,1580,3,9,4,3,0,0,CISFAITH,AMERICAS
10494,18246,Ascent,Decider,Aspire,One Breath Gaming,Aspire,2165,One Breath Gaming,6267,5,7,6,1,0,0,One Breath Gaming,AMERICAS
10494,18247,Split,Decider,One Breath Gaming,Aspire,Aspire,2165,One Breath Gaming,6267,10,2,5,3,0,0,One Breath Gaming,AMERICAS
10495,18249,Split,Decider,Tale Quale,ezchoke,Tale Quale,2103,ezchoke,2581,5,7,5,7,2,0,Tale Quale,AMERICAS
10495,18250,Ascent,Decider,ezchoke,Tale Quale,Tale Quale,2103,ezchoke,2581,6,6,6,6,0,2,Tale Quale,AMERICAS
10496,18252,Ascent,Decider,Aim.Attack,Yakuza,Aim.Attack,604,Yakuza,2580,5,7,3,8,0,0,Aim.Attack,AMERICAS
10496,18253,Icebox,Decider,Yakuza,Aim.Attack,Aim.Attack,604,Yakuza,2580,6,6,5,7,0,0,Yakuza,AMERICAS
10496,18254,Bind,Decider,Aim.Attack,Yakuza,Aim.Attack,604,Yakuza,2580,8,4,1,5,0,0,Aim.Attack,AMERICAS
10497,18255,Bind,Decider,5up,GMT Esports,5up,2317,GMT Esports,10094,3,9,4,4,0,0,GMT Esports,AMERICAS
10497,18256,Haven,Decider,5up,GMT Esports,5up,2317,GMT Esports,10094,5,7,6,2,0,0,GMT Esports,AMERICAS
10499,18261,Ascent,Gambit Esports,Nomads,Gambit Esports,Nomads,2912,Gambit Esports,682,1,11,2,0,0,0,Gambit Esports,AMERICAS
10499,18262,Bind,Nomads,Gambit Esports,Nomads,Nomads,2912,Gambit Esports,682,10,2,0,3,0,0,Gambit Esports,AMERICAS
10500,18264,Bind,Decider,Mangal,Invicta,Mangal,2391,Invicta,2180,5,7,6,2,0,0,Invicta,AMERICAS
10500,18265,Split,Decider,Mangal,Invicta,Mangal,2391,Invicta,2180,10,2,2,3,0,0,Mangal,AMERICAS
10500,18266,Ascent,Decider,Mangal,Invicta,Mangal,2391,Invicta,2180,10,2,2,3,0,0,Mangal,AMERICAS
10501,18267,Split,Decider,969 gang,jaba,969 gang,2865,jaba,2839,2,10,3,4,0,0,jaba,AMERICAS
10501,18268,Ascent,Decider,jaba,969 gang,969 gang,2865,jaba,2839,10,2,2,3,0,0,jaba,AMERICAS
10502,18270,Icebox,Decider,GeT_6paTBa,CrowСrowd,GeT_6paTBa,2840,CrowСrowd,1020,1,11,2,2,0,0,CrowСrowd,AMERICAS
10502,18271,Haven,Decider,CrowСrowd,GeT_6paTBa,GeT_6paTBa,2840,CrowСrowd,1020,10,2,0,3,0,0,CrowСrowd,AMERICAS
10503,18273,Haven,Decider,top500 and dog,N1,top500 and dog,2306,N1,2863,8,4,2,5,0,0,top500 and dog,AMERICAS
10503,18274,Bind,Decider,N1,top500 and dog,top500 and dog,2306,N1,2863,7,5,3,6,0,0,N1,AMERICAS
10503,18275,Ascent,Decider,top500 and dog,N1,top500 and dog,2306,N1,2863,4,8,4,8,2,0,top500 and dog,AMERICAS
10504,18276,Haven,Decider,Siberian,Save's eSports,Siberian,1679,Save's eSports,2889,5,7,6,6,0,0,Save's eSports,AMERICAS
10504,18277,Icebox,Decider,Save's eSports,Siberian,Siberian,1679,Save's eSports,2889,8,4,4,5,0,0,Save's eSports,AMERICAS
10505,18279,Ascent,Decider,Team Singularity,Jeremiah,Team Singularity,1341,Jeremiah,1266,8,4,0,5,0,0,Team Singularity,AMERICAS
10505,18280,Icebox,Decider,Jeremiah,Team Singularity,Team Singularity,1341,Jeremiah,1266,4,8,5,4,0,0,Team Singularity,AMERICAS
10506,18282,Bind,Decider,tyeasy,Brotherhood of the Five,tyeasy,488,Brotherhood of the Five,2397,5,7,6,3,0,0,Brotherhood of the Five,AMERICAS
10506,18283,Haven,Decider,Brotherhood of the Five,tyeasy,tyeasy,488,Brotherhood of the Five,2397,3,9,4,2,0,0,tyeasy,AMERICAS
10506,18284,Split,Decider,tyeasy,Brotherhood of the Five,tyeasy,488,Brotherhood of the Five,2397,4,8,1,9,0,0,tyeasy,AMERICAS
10507,18285,Ascent,Decider,EZ KATKA,paroXysme,EZ KATKA,2845,paroXysme,2867,10,2,11,0,0,0,paroXysme,AMERICAS
10508,18288,Bind,CISFAITH,Vengeance,CISFAITH,Vengeance,1021,CISFAITH,2307,3,9,4,3,0,0,CISFAITH,AMERICAS
10508,18289,Ascent,Vengeance,CISFAITH,Vengeance,Vengeance,1021,CISFAITH,2307,7,5,2,6,0,0,CISFAITH,AMERICAS
10511,18297,Icebox,Decider,Ksenox,Gambit Esports,Ksenox,2835,Gambit Esports,682,6,6,7,2,0,0,Gambit Esports,AMERICAS
10511,18298,Split,Decider,Gambit Esports,Ksenox,Ksenox,2835,Gambit Esports,682,10,2,8,3,0,0,Gambit Esports,AMERICAS
10514,18306,Icebox,Decider,Save's eSports,Team Singularity,Save's eSports,2889,Team Singularity,1341,2,10,3,1,0,0,Team Singularity,AMERICAS
10514,18307,Bind,Decider,Team Singularity,Save's eSports,Save's eSports,2889,Team Singularity,1341,10,2,7,3,0,0,Team Singularity,AMERICAS
10509,18291,Haven,Decider,Tale Quale,One Breath Gaming,One Breath Gaming,6267,Tale Quale,2103,2,10,3,0,0,0,One Breath Gaming,AMERICAS
10509,18292,Icebox,Decider,Tale Quale,One Breath Gaming,One Breath Gaming,6267,Tale Quale,2103,2,10,2,10,2,4,One Breath Gaming,AMERICAS
10510,18294,Bind,Decider,Aim.Attack,GMT Esports,Aim.Attack,604,GMT Esports,10094,6,6,7,2,0,0,GMT Esports,AMERICAS
10510,18295,Icebox,Decider,Aim.Attack,GMT Esports,Aim.Attack,604,GMT Esports,10094,2,10,3,5,0,0,GMT Esports,AMERICAS
10512,18300,Split,Decider,Mangal,jaba,Mangal,2391,jaba,2839,8,4,8,4,1,3,jaba,AMERICAS
10512,18301,Ascent,Decider,jaba,Mangal,Mangal,2391,jaba,2839,5,7,5,7,1,3,Mangal,AMERICAS
10512,18302,Haven,Decider,Mangal,jaba,Mangal,2391,jaba,2839,9,3,1,4,0,0,Mangal,AMERICAS
10513,18303,Haven,Decider,CrowСrowd,top500 and dog,CrowСrowd,1020,top500 and dog,2306,10,2,1,3,0,0,CrowСrowd,AMERICAS
10513,18304,Bind,Decider,top500 and dog,CrowСrowd,CrowСrowd,1020,top500 and dog,2306,4,8,5,0,0,0,CrowСrowd,AMERICAS
10515,18309,Icebox,Decider,tyeasy,paroXysme,tyeasy,488,paroXysme,2867,11,1,0,2,0,0,tyeasy,AMERICAS
10515,18310,Bind,Decider,paroXysme,tyeasy,tyeasy,488,paroXysme,2867,2,10,3,0,0,0,tyeasy,AMERICAS
10358,17989,Icebox,tyeasy,Team Singularity,tyeasy,Team Singularity,1341,tyeasy,488,5,7,5,7,2,0,Team Singularity,AMERICAS
10358,17990,Split,Team Singularity,tyeasy,Team Singularity,Team Singularity,1341,tyeasy,488,11,1,0,2,0,0,tyeasy,AMERICAS
10358,17991,Bind,tyeasy,Team Singularity,tyeasy,Team Singularity,1341,tyeasy,488,10,2,6,3,0,0,Team Singularity,AMERICAS
10357,17986,Bind,CrowСrowd,Mangal,CrowСrowd,Mangal,2391,CrowСrowd,1020,3,9,4,7,0,0,CrowСrowd,AMERICAS
10357,17987,Ascent,Mangal,CrowСrowd,Mangal,Mangal,2391,CrowСrowd,1020,9,3,2,4,0,0,CrowСrowd,AMERICAS
10356,17983,Icebox,Gambit Esports,Gambit Esports,GMT Esports,GMT Esports,10094,Gambit Esports,682,10,2,4,3,0,0,Gambit Esports,AMERICAS
10356,17984,Bind,GMT Esports,Gambit Esports,GMT Esports,GMT Esports,10094,Gambit Esports,682,9,3,9,3,2,0,Gambit Esports,AMERICAS
10355,17980,Icebox,One Breath Gaming,CISFAITH,One Breath Gaming,CISFAITH,2307,One Breath Gaming,6267,1,11,2,0,0,0,One Breath Gaming,AMERICAS
10355,17981,Ascent,CISFAITH,CISFAITH,One Breath Gaming,CISFAITH,2307,One Breath Gaming,6267,3,9,4,2,0,0,One Breath Gaming,AMERICAS
9590,16357,Ascent,Decider,mix123,Enterprise Esports,mix123,2616,Enterprise Esports,876,6,6,6,6,0,2,Enterprise Esports,AMERICAS
9591,16358,Bind,Decider,Sausage Party,Wave Esports,Sausage Party,2617,Wave Esports,324,3,9,4,0,0,0,Wave Esports,AMERICAS
9592,16359,Split,Decider,STAGA,Honvéd Esport,STAGA,2340,Honvéd Esport,8172,6,6,5,7,0,0,STAGA,AMERICAS
9593,16360,Ascent,Decider,Sardine Breath FC,Chameau maléfique,Chameau maléfique,2727,Sardine Breath FC,2619,4,8,5,4,0,0,Chameau maléfique,AMERICAS
9595,16362,Split,Decider,Tarren Mill,MonkeyBizniz,Tarren Mill,1090,MonkeyBizniz,2622,9,3,4,4,0,0,Tarren Mill,AMERICAS
9596,16363,Bind,Decider,CGN Esports,Team Name Under Construction,CGN Esports,5214,Team Name Under Construction,2623,10,2,0,3,0,0,CGN Esports,AMERICAS
9597,16364,Ascent,Decider,PoppinHeads,The Gentleboys,PoppinHeads,2624,The Gentleboys,2738,6,6,7,4,0,0,The Gentleboys,AMERICAS
9599,16366,Ascent,Decider,Team Spectralis,Quickmath,Team Spectralis,92,Quickmath,480,5,7,6,1,0,0,Quickmath,AMERICAS
9600,16367,Bind,Decider,Siberian Wombats,DEUS,Siberian Wombats,2737,DEUS,2627,9,3,0,4,0,0,Siberian Wombats,AMERICAS
9601,16368,Haven,Decider,Evereux,NoNamers,Evereux,1080,NoNamers,2319,2,10,3,0,0,0,NoNamers,AMERICAS
9602,16369,Ascent,Decider,NeedMoreMeow,AKATSUKI,NeedMoreMeow,2628,AKATSUKI,2739,7,5,7,5,2,0,NeedMoreMeow,AMERICAS
9603,16370,Haven,Decider,Homies With Extra Chromies,Sector One,Sector One,239,Homies With Extra Chromies,2629,4,8,5,2,0,0,Sector One,AMERICAS
9604,16371,Split,Decider,S2V Esports,DfuseTeam,S2V Esports,2310,DfuseTeam,1982,5,7,5,7,3,1,S2V Esports,AMERICAS
9605,16372,Bind,Decider,Flash and Dash,Entropy,Entropy,2369,Flash and Dash,1639,9,3,1,4,0,0,Flash and Dash,AMERICAS
9606,16373,Ascent,Decider,RandomMix,Dawn of Stars,RandomMix,2638,Dawn of Stars,395,2,10,3,1,0,0,Dawn of Stars,AMERICAS
9607,16374,Haven,Decider,VISU Gaming,MAJSTERSZTYK,VISU Gaming,2034,MAJSTERSZTYK,1150,3,9,3,9,0,2,MAJSTERSZTYK,AMERICAS
9609,16376,Ascent,Decider,Big Gorilla Army,Adderall Andies,Big Gorilla Army,2314,Adderall Andies,2728,9,3,0,4,0,0,Big Gorilla Army,AMERICAS
9610,16377,Haven,Decider,Smoke After Game,123TAP,Smoke After Game,2640,123TAP,6445,0,12,1,0,0,0,123TAP,AMERICAS
9611,16378,Bind,Decider,Tabula Rasa,FNATIC,Tabula Rasa,2641,FNATIC,2593,2,10,3,0,0,0,FNATIC,AMERICAS
9612,16379,Ascent,Decider,NEW LEGENDS GAMING,Patchwork,NEW LEGENDS GAMING,2721,Patchwork,2642,7,5,8,3,0,0,Patchwork,AMERICAS
9614,16381,Ascent,Decider,Running HS,LSWeasels,Running HS,2722,LSWeasels,2645,6,6,5,7,0,0,Running HS,AMERICAS
9615,16382,Ascent,Decider,Secret Project,Giants Gaming,Secret Project,2646,Giants Gaming,2304,1,11,2,0,0,0,Giants Gaming,AMERICAS
9616,16383,Ascent,Decider,REBORN eSports,Team Kaio,REBORN eSports,1801,Team Kaio,2729,6,6,6,6,0,2,Team Kaio,AMERICAS
9617,16384,Ascent,Decider,Souldazz,NAIGI,NAIGI,2662,Souldazz,6292,10,2,1,3,0,0,Souldazz,AMERICAS
9618,16385,Ascent,Decider,TauCeti,iPon Esport,TauCeti,2663,iPon Esport,576,1,11,2,0,0,0,iPon Esport,AMERICAS
9619,16386,Split,Decider,Helios Gaming,HighRollers,Helios Gaming,1795,HighRollers,2664,9,3,1,4,0,0,Helios Gaming,AMERICAS
9620,16387,Icebox,Decider,Lanboken,Minor Inconvenience,Lanboken,2665,Minor Inconvenience,2666,9,3,4,4,0,0,Lanboken,AMERICAS
9621,16388,Haven,Decider,Oserv Esport,99Crooks,Oserv Esport,2667,99Crooks,1895,4,8,5,2,0,0,99Crooks,AMERICAS
9624,16391,Icebox,Decider,Ignite,G2 Esports,Ignite,2670,G2 Esports,257,3,9,4,2,0,0,G2 Esports,AMERICAS
9626,16393,Ascent,Decider,REPLY TOTEM,Chakalaka,REPLY TOTEM,1351,Chakalaka,1421,5,7,6,0,0,0,Chakalaka,AMERICAS
9627,16394,Ascent,Decider,,,Execute Initators,2682,GreyFace,2683,0,0,0,0,0,0,Draw,AMERICAS
9628,16395,Bind,Decider,Rix.GG Thunder,EGN Esports,Rix.GG Thunder,2373,EGN Esports,4671,9,3,3,4,0,0,Rix.GG Thunder,AMERICAS
9629,16396,Split,Decider,The Streets,Team Questionmark,The Streets,2684,Team Questionmark,2685,3,9,4,5,0,0,Team Questionmark,AMERICAS
9630,16397,Bind,Decider,unsigned,LBP,unsigned,1071,LBP,2686,12,0,0,1,0,0,unsigned,AMERICAS
9631,16398,Ascent,Decider,Art of Revolution,eMonkeyz Club,Art of Revolution,2730,eMonkeyz Club,2687,9,3,2,4,0,0,Art of Revolution,AMERICAS
9633,16400,Ascent,Decider,KETÄ,TierTenTeam,KETÄ,2690,TierTenTeam,2410,5,7,6,2,0,0,TierTenTeam,AMERICAS
9635,16402,Split,Decider,ayned,Pingu Gang,ayned,2692,Pingu Gang,568,6,6,7,4,0,0,Pingu Gang,AMERICAS
9636,16403,Split,Decider,FTW Esports,Batcave,FTW Esports,1791,Batcave,2693,7,5,7,5,2,0,FTW Esports,AMERICAS
9637,16404,Ascent,Decider,Les Braqueurs,internaziomale,Les Braqueurs,2297,internaziomale,2694,8,4,8,4,3,1,Les Braqueurs,AMERICAS
9638,16405,Bind,Decider,Dragonborn Esport,ECM FCG eSports,Dragonborn Esport,1552,ECM FCG eSports,1796,2,10,3,3,0,0,ECM FCG eSports,AMERICAS
9639,16406,Haven,Decider,HSDIRR,HoryJin Blue,HoryJin Blue,2695,HSDIRR,685,10,2,1,3,0,0,HSDIRR,AMERICAS
9640,16407,Split,Decider,19esports,LFO,19esports,6139,LFO,2696,11,1,0,2,0,0,19esports,AMERICAS
9641,16408,Ascent,Decider,ALCYONE,Only Good Players,ALCYONE,1621,Only Good Players,2697,11,1,0,2,0,0,ALCYONE,AMERICAS
9643,16410,Haven,Decider,Marten Gaming,Necrotic Esports,Marten Gaming,2133,Necrotic Esports,1797,8,4,6,5,0,0,Marten Gaming,AMERICAS
9644,16411,Bind,Decider,Team SMOKER,The 5th Dimension,Team SMOKER,2707,The 5th Dimension,2708,10,2,3,3,0,0,Team SMOKER,AMERICAS
9648,16415,Split,Decider,QLASH,ATH esport,QLASH,1316,ATH esport,2712,8,4,2,5,0,0,QLASH,AMERICAS
9649,16416,Ascent,Decider,Ninjas in Pyjamas,Team Enigma,Ninjas in Pyjamas,3,Team Enigma,2388,7,5,3,6,0,0,Ninjas in Pyjamas,AMERICAS
9652,16419,Haven,Decider,Winfinity,Dropz Esports,Winfinity,1250,Dropz Esports,1501,6,6,5,7,0,0,Winfinity,AMERICAS
9653,16420,Haven,Decider,Babos Gaming,FiveStars,Babos Gaming,2714,FiveStars,2322,2,10,3,2,0,0,FiveStars,AMERICAS
9654,16421,Ascent,Decider,Legerity Val,aspyxia,aspyxia,1574,Legerity Val,1838,7,5,4,6,0,0,Legerity Val,AMERICAS
9655,16422,Ascent,Decider,Team Legit Energy,Prophecy ESC,Team Legit Energy,2716,Prophecy ESC,1817,2,10,3,1,0,0,Prophecy ESC,AMERICAS
9657,16424,Ascent,Decider,Raise Your Edge,ciszej,Raise Your Edge,2577,ciszej,708,8,4,0,5,0,0,Raise Your Edge,AMERICAS
9659,16426,Ascent,Decider,Arbalest,AnimeSquad,Arbalest,2026,AnimeSquad,2394,8,4,1,5,0,0,Arbalest,AMERICAS
9662,16429,Ascent,Decider,Alliance,HONK,Alliance,2533,HONK,2562,5,7,5,7,2,0,Alliance,AMERICAS
9663,16430,Split,Decider,High Coast Esports,UBITEAM,High Coast Esports,2706,UBITEAM,2058,8,4,1,5,0,0,High Coast Esports,AMERICAS
9664,16431,Bind,Decider,noHands,Humanity Legend,noHands,2732,Humanity Legend,1870,4,8,5,1,0,0,Humanity Legend,AMERICAS
9671,16438,Haven,Decider,corgi,Team Sampi,corgi,2119,Team Sampi,1234,6,6,7,5,0,0,Team Sampi,AMERICAS
9672,16439,Ascent,Decider,SurrealpLay,No Chance,SurrealpLay,2326,No Chance,2679,1,11,2,0,0,0,No Chance,AMERICAS
9673,16440,Ascent,Decider,Marlian eSports,WeSlap!,Marlian eSports,2678,WeSlap!,2582,1,11,2,0,0,0,WeSlap!,AMERICAS
9674,16441,Haven,Decider,Starlan Gaming Club,Cream Real Betis,Starlan Gaming Club,2677,Cream Real Betis,1035,0,12,1,0,0,0,Cream Real Betis,AMERICAS
9675,16442,Ascent,Decider,Illés Akadémia Spirit,CISEU,Illés Akadémia Spirit,2176,CISEU,2676,3,9,4,7,0,0,CISEU,AMERICAS
9676,16443,Ascent,Decider,ShockDart,HEET,ShockDart,2298,HEET,2408,7,5,8,3,0,0,HEET,AMERICAS
9677,16444,Haven,Decider,Aqualix,Team Palomita Delta,Aqualix,2335,Team Palomita Delta,2675,4,8,4,8,2,0,Aqualix,AMERICAS
9678,16445,Bind,Decider,Rulers Esports,ferrari peek,ferrari peek,2740,Rulers Esports,2674,10,2,3,3,0,0,Rulers Esports,AMERICAS
9681,16448,Ascent,Decider,Team Liquid,Ingenuity,Team Liquid,474,Ingenuity,2661,8,4,5,5,0,0,Team Liquid,AMERICAS
9685,16452,Ascent,Decider,YAZDA,Akademus Esport,YAZDA,1903,Akademus Esport,252,7,5,4,6,0,0,YAZDA,AMERICAS
9686,16453,Ascent,Decider,Grecco Gaming,UCAM Esports Club,Grecco Gaming,2656,UCAM Esports Club,4616,4,8,5,2,0,0,UCAM Esports Club,AMERICAS
9687,16454,Haven,Decider,Team Vitality,Hajty,Team Vitality,2059,Hajty,662,8,4,1,5,0,0,Team Vitality,AMERICAS
9689,16456,Bind,Decider,Swag Silicone,Kuma Louis,Swag Silicone,2012,Kuma Louis,2652,10,2,1,3,0,0,Swag Silicone,AMERICAS
9690,16457,Icebox,Decider,ORGLESS5,BIG,BIG,472,ORGLESS5,2734,5,7,6,5,0,0,BIG,AMERICAS
9691,16458,Bind,Decider,men,SLAMMING GEARS,SLAMMING GEARS,2252,men,2653,6,6,7,2,0,0,SLAMMING GEARS,AMERICAS
9693,16460,Ascent,Decider,playzone,Colossus Gaming,playzone,2649,Colossus Gaming,2650,11,1,0,2,0,0,playzone,AMERICAS
9694,16461,Haven,Decider,Sprayz Gaming,eSuba,Sprayz Gaming,1533,eSuba,1474,2,10,3,0,0,0,eSuba,AMERICAS
9695,16462,Haven,Decider,roughtimes,False Alarm,roughtimes,2724,False Alarm,2648,6,6,6,6,2,0,roughtimes,AMERICAS
9698,16465,Bind,Decider,Entropiq,KPI Gaming,Entropiq,2819,KPI Gaming,6313,7,5,6,6,0,0,Entropiq,AMERICAS
9699,16466,Haven,Decider,,,Team Heretics,1001,Krijgslieden,2396,0,0,0,0,0,0,Draw,AMERICAS
9700,16467,Icebox,Decider,Ambitious,BadTurtles,Ambitious,2636,BadTurtles,1848,10,2,1,3,0,0,Ambitious,AMERICAS
9701,16468,Ascent,Decider,Monkey Business,Circe,Monkey Business,2567,Circe,1816,10,2,1,3,0,0,Monkey Business,AMERICAS
9702,16469,Ascent,Decider,Team Queso,Gamerbots,Team Queso,4538,Gamerbots,2015,9,3,4,4,0,0,Team Queso,AMERICAS
9706,16473,Split,Decider,Conor's BBs,Weeb Strikers,Conor's BBs,2631,Weeb Strikers,2389,2,10,3,0,0,0,Weeb Strikers,AMERICAS
9708,16475,Ascent,Decider,Valorando,Guild Esports,Guild Esports,1209,Valorando,42,3,9,4,0,0,0,Guild Esports,AMERICAS
9709,16476,Haven,Decider,EXOH Esports,Almost International,EXOH Esports,1874,Almost International,2346,5,7,6,0,0,0,Almost International,AMERICAS
9710,16477,Haven,Decider,xD,Yendez,xD,2615,Yendez,1174,1,11,2,0,0,0,Yendez,AMERICAS
9711,16478,Bind,Decider,Woot Gaming,6'4 fully tatted,6'4 fully tatted,1828,Woot Gaming,2735,4,8,5,0,0,0,6'4 fully tatted,AMERICAS
9712,16479,Bind,Decider,Finest,Movistar Riders,Finest,673,Movistar Riders,2499,2,10,3,9,0,0,Movistar Riders,AMERICAS
9714,16481,Haven,Decider,Vanity,We Knep The Meta,Vanity,2613,We Knep The Meta,2612,8,4,4,5,0,0,Vanity,AMERICAS
9716,16483,Ascent,Decider,Washed,Warriors,Washed,2736,Warriors,2351,2,10,3,2,0,0,Warriors,AMERICAS
9717,16484,Haven,Decider,NoEffort,KNAEKBRQD,NoEffort,2608,KNAEKBRQD,2609,8,4,6,5,0,0,NoEffort,AMERICAS
9772,16539,Bind,Decider,Entropiq,Team Heretics,Entropiq,2819,Team Heretics,1001,6,6,4,7,0,0,Entropiq,AMERICAS
9718,16485,Split,Decider,Enterprise Esports,Wave Esports,Enterprise Esports,876,Wave Esports,324,7,5,8,4,0,0,Wave Esports,AMERICAS
9719,16486,Haven,Decider,STAGA,Chameau maléfique,STAGA,2340,Chameau maléfique,2727,8,4,2,5,0,0,STAGA,AMERICAS
9720,16487,Split,Decider,ROLLO,Tarren Mill,ROLLO,2620,Tarren Mill,1090,10,2,10,2,2,4,Tarren Mill,AMERICAS
9721,16488,Ascent,Decider,CGN Esports,The Gentleboys,CGN Esports,5214,The Gentleboys,2738,8,4,1,5,0,0,CGN Esports,AMERICAS
9723,16490,Haven,Decider,Siberian Wombats,NoNamers,Siberian Wombats,2737,NoNamers,2319,7,5,8,3,0,0,NoNamers,AMERICAS
9725,16492,Icebox,Decider,S2V Esports,Flash and Dash,S2V Esports,2310,Flash and Dash,1639,7,5,2,6,0,0,S2V Esports,AMERICAS
9726,16493,Split,Decider,Dawn of Stars,MAJSTERSZTYK,Dawn of Stars,395,MAJSTERSZTYK,1150,5,7,6,2,0,0,MAJSTERSZTYK,AMERICAS
9727,16494,Ascent,Decider,Prima Esport,Big Gorilla Army,Prima Esport,1344,Big Gorilla Army,2314,6,6,7,4,0,0,Big Gorilla Army,AMERICAS
9728,16495,Haven,Decider,123TAP,FNATIC,123TAP,6445,FNATIC,2593,6,6,7,2,0,0,FNATIC,AMERICAS
9729,16496,Ascent,Decider,Patchwork,Leaked,Patchwork,2642,Leaked,2643,8,4,0,5,0,0,Patchwork,AMERICAS
9730,16497,Ascent,Decider,Running HS,Giants Gaming,Running HS,2722,Giants Gaming,2304,3,9,4,2,0,0,Giants Gaming,AMERICAS
9731,16498,Ascent,Decider,Team Kaio,Souldazz,Team Kaio,2729,Souldazz,6292,6,6,7,3,0,0,Souldazz,AMERICAS
9732,16499,Split,Decider,iPon Esport,Helios Gaming,iPon Esport,576,Helios Gaming,1795,9,3,4,4,0,0,iPon Esport,AMERICAS
9733,16500,Haven,Decider,Lanboken,99Crooks,Lanboken,2665,99Crooks,1895,7,5,7,5,4,2,Lanboken,AMERICAS
9734,16501,Bind,Decider,VI VET MEST,iAm Esports,VI VET MEST,405,iAm Esports,2669,10,2,0,3,0,0,VI VET MEST,AMERICAS
9735,16502,Bind,Decider,G2 Esports,WEF,G2 Esports,257,WEF,2680,11,1,1,2,0,0,G2 Esports,AMERICAS
9736,16503,Ascent,Decider,Chakalaka,GreyFace,Chakalaka,1421,GreyFace,2683,5,7,6,4,0,0,GreyFace,AMERICAS
9737,16504,Split,Decider,Rix.GG Thunder,Team Questionmark,Rix.GG Thunder,2373,Team Questionmark,2685,9,3,3,4,0,0,Rix.GG Thunder,AMERICAS
9738,16505,Ascent,Decider,unsigned,Art of Revolution,unsigned,1071,Art of Revolution,2730,8,4,4,5,0,0,unsigned,AMERICAS
9739,16506,Bind,Decider,PANKE,TierTenTeam,PANKE,2688,TierTenTeam,2410,4,8,5,2,0,0,TierTenTeam,AMERICAS
9740,16507,Ascent,Decider,Clown Squad,Pingu Gang,Clown Squad,2415,Pingu Gang,568,4,8,5,2,0,0,Pingu Gang,AMERICAS
9741,16508,Ascent,Decider,FTW Esports,Les Braqueurs,FTW Esports,1791,Les Braqueurs,2297,5,7,2,8,0,0,FTW Esports,AMERICAS
9742,16509,Haven,Decider,HSDIRR,ECM FCG eSports,ECM FCG eSports,1796,HSDIRR,685,11,1,0,2,0,0,HSDIRR,AMERICAS
9743,16510,Split,Decider,19esports,ALCYONE,19esports,6139,ALCYONE,1621,10,2,2,3,0,0,19esports,AMERICAS
9744,16511,Haven,Decider,REJECTS GAMING,Marten Gaming,REJECTS GAMING,2731,Marten Gaming,2133,1,11,2,2,0,0,Marten Gaming,AMERICAS
9745,16512,Bind,Decider,Team SMOKER,smell33t,Team SMOKER,2707,smell33t,2715,3,9,2,10,0,0,Team SMOKER,AMERICAS
9746,16513,Bind,Decider,Exception eSports,Bleiz,Exception eSports,2711,Bleiz,2171,4,8,5,0,0,0,Bleiz,AMERICAS
9747,16514,Icebox,Decider,QLASH,Ninjas in Pyjamas,QLASH,1316,Ninjas in Pyjamas,3,3,9,4,0,0,0,Ninjas in Pyjamas,AMERICAS
9748,16515,Ascent,Decider,peanutz,NerdTown eSport,peanutz,2331,NerdTown eSport,2598,4,8,5,5,0,0,NerdTown eSport,AMERICAS
9749,16516,Ascent,Decider,Winfinity,FiveStars,Winfinity,1250,FiveStars,2322,7,5,3,6,0,0,Winfinity,AMERICAS
9750,16517,Ascent,Decider,Legerity Val,Prophecy ESC,Legerity Val,1838,Prophecy ESC,1817,3,9,4,4,0,0,Prophecy ESC,AMERICAS
9751,16518,Ascent,Decider,TwistedMinds,Raise Your Edge,TwistedMinds,2717,Raise Your Edge,2577,1,11,2,0,0,0,Raise Your Edge,AMERICAS
9752,16519,Ascent,Decider,L'institut,Arbalest,L'institut,61,Arbalest,2026,4,8,1,9,0,0,L'institut,AMERICAS
9754,16521,Haven,Decider,Alliance,High Coast Esports,Alliance,2533,High Coast Esports,2706,8,4,1,5,0,0,Alliance,AMERICAS
9755,16522,Bind,Decider,Humanity Legend,iRubbix,Humanity Legend,1870,iRubbix,2705,5,7,6,6,0,0,iRubbix,AMERICAS
9756,16523,Bind,Decider,Inside Games,ATRAVS,Inside Games,1010,ATRAVS,1875,6,6,6,6,2,0,Inside Games,AMERICAS
9758,16525,Haven,Decider,Team Sampi,Team Galaga,Team Galaga,6195,Team Sampi,1234,8,4,2,5,0,0,Team Sampi,AMERICAS
9759,16526,Ascent,Decider,No Chance,WeSlap!,No Chance,2679,WeSlap!,2582,7,5,5,6,0,0,No Chance,AMERICAS
9760,16527,Haven,Decider,CISEU,Cream Real Betis,Cream Real Betis,1035,CISEU,2676,5,7,6,3,0,0,Cream Real Betis,AMERICAS
9761,16528,Haven,Decider,Aqualix,HEET,HEET,2408,Aqualix,2335,2,10,3,0,0,0,HEET,AMERICAS
9762,16529,Haven,Decider,Rulers Esports,Team Logic Esports,Rulers Esports,2674,Team Logic Esports,2673,8,4,1,5,0,0,Rulers Esports,AMERICAS
9763,16530,Haven,Decider,Celestial Esports,Team Liquid,Celestial Esports,2733,Team Liquid,474,1,11,2,1,0,0,Team Liquid,AMERICAS
9764,16531,Icebox,Decider,2G4L,SPARX ESPORTS,2G4L,1964,SPARX ESPORTS,574,4,8,5,5,0,0,SPARX ESPORTS,AMERICAS
9765,16532,Ascent,Decider,YAZDA,Fratres,Fratres,2657,YAZDA,1903,7,5,3,6,0,0,YAZDA,AMERICAS
9766,16533,Icebox,Decider,UCAM Esports Club,Team Vitality,UCAM Esports Club,4616,Team Vitality,2059,4,8,5,0,0,0,Team Vitality,AMERICAS
9767,16534,Ascent,Decider,Chicago Parsnips,Swag Silicone,Chicago Parsnips,2655,Swag Silicone,2012,7,5,8,1,0,0,Swag Silicone,AMERICAS
9768,16535,Ascent,Decider,BIG,SLAMMING GEARS,BIG,472,SLAMMING GEARS,2252,9,3,1,4,0,0,BIG,AMERICAS
9769,16536,Ascent,Decider,KillGoFrenzy,playzone,KillGoFrenzy,2651,playzone,2649,1,11,2,0,0,0,playzone,AMERICAS
9770,16537,Bind,Decider,eSuba,roughtimes,eSuba,1474,roughtimes,2724,5,7,6,0,0,0,roughtimes,AMERICAS
9773,16540,Bind,Decider,Ambitious,Monkey Business,Ambitious,2636,Monkey Business,2567,5,7,6,1,0,0,Monkey Business,AMERICAS
9774,16541,Haven,Decider,Team Queso,TEMPO,Team Queso,4538,TEMPO,2635,8,4,3,5,0,0,Team Queso,AMERICAS
9775,16542,Haven,Decider,CyberGround Gaming,Megastitut,CyberGround Gaming,6535,Megastitut,686,2,10,3,0,0,0,Megastitut,AMERICAS
9776,16543,Icebox,Decider,Weeb Strikers,Ballista,Weeb Strikers,2389,Ballista,2566,1,11,2,0,0,0,Ballista,AMERICAS
9777,16544,Icebox,Decider,Guild Esports,Almost International,Guild Esports,1209,Almost International,2346,7,5,1,6,0,0,Guild Esports,AMERICAS
9778,16545,Ascent,Decider,Yendez,6'4 fully tatted,Yendez,1174,6'4 fully tatted,1828,7,5,8,4,0,0,6'4 fully tatted,AMERICAS
9779,16546,Split,Decider,Movistar Riders,DeftFox,Movistar Riders,2499,DeftFox,2726,10,2,1,3,0,0,Movistar Riders,AMERICAS
9780,16547,Split,Decider,Vanity,Circus,Vanity,2613,Circus,2610,7,5,3,6,0,0,Vanity,AMERICAS
9781,16548,Ascent,Decider,Warriors,NoEffort,Warriors,2351,NoEffort,2608,11,1,3,2,0,0,Warriors,AMERICAS
9790,16557,Split,Decider,VI VET MEST,G2 Esports,VI VET MEST,405,G2 Esports,257,2,10,3,0,0,0,G2 Esports,AMERICAS
9792,16559,Ascent,Decider,unsigned,TierTenTeam,unsigned,1071,TierTenTeam,2410,7,5,3,6,0,0,unsigned,AMERICAS
9796,16563,Icebox,Decider,Bleiz,Ninjas in Pyjamas,Bleiz,2171,Ninjas in Pyjamas,3,1,11,2,0,0,0,Ninjas in Pyjamas,AMERICAS
9798,16565,Ascent,Decider,Prophecy ESC,Raise Your Edge,Prophecy ESC,1817,Raise Your Edge,2577,6,6,7,4,0,0,Raise Your Edge,AMERICAS
9806,16573,Ascent,Decider,Team Vitality,Swag Silicone,Team Vitality,2059,Swag Silicone,2012,8,4,0,5,0,0,Team Vitality,AMERICAS
9782,16549,Bind,Decider,Wave Esports,STAGA,Wave Esports,324,STAGA,2340,6,6,2,7,0,0,Wave Esports,AMERICAS
9783,16550,Ascent,Decider,Tarren Mill,CGN Esports,Tarren Mill,1090,CGN Esports,5214,4,8,5,3,0,0,CGN Esports,AMERICAS
9784,16551,Split,Decider,Quickmath,NoNamers,Quickmath,480,NoNamers,2319,5,7,6,6,0,0,NoNamers,AMERICAS
9786,16553,Ascent,Decider,MAJSTERSZTYK,Big Gorilla Army,MAJSTERSZTYK,1150,Big Gorilla Army,2314,4,8,2,9,0,0,MAJSTERSZTYK,AMERICAS
9787,16554,Icebox,Decider,FNATIC,Patchwork,FNATIC,2593,Patchwork,2642,10,2,2,3,0,0,FNATIC,AMERICAS
9788,16555,Ascent,Decider,Giants Gaming,Souldazz,Giants Gaming,2304,Souldazz,6292,7,5,6,6,0,0,Giants Gaming,AMERICAS
9791,16558,Bind,Decider,GreyFace,Rix.GG Thunder,GreyFace,2683,Rix.GG Thunder,2373,9,3,10,0,0,0,Rix.GG Thunder,AMERICAS
9793,16560,Split,Decider,Pingu Gang,FTW Esports,Pingu Gang,568,FTW Esports,1791,4,8,5,4,0,0,FTW Esports,AMERICAS
9794,16561,Ascent,Decider,HSDIRR,19esports,HSDIRR,685,19esports,6139,4,8,5,2,0,0,19esports,AMERICAS
9795,16562,Ascent,Decider,Marten Gaming,Team SMOKER,Marten Gaming,2133,Team SMOKER,2707,7,5,8,3,0,0,Team SMOKER,AMERICAS
9800,16567,Haven,Decider,Alliance,iRubbix,Alliance,2533,iRubbix,2705,11,1,0,2,0,0,Alliance,AMERICAS
9801,16568,Split,Decider,Inside Games,BestTeamDK,Inside Games,1010,BestTeamDK,2700,5,7,2,8,0,0,Inside Games,AMERICAS
9802,16569,Split,Decider,Team Sampi,No Chance,Team Sampi,1234,No Chance,2679,8,4,7,5,0,0,Team Sampi,AMERICAS
9803,16570,Icebox,Decider,HEET,Cream Real Betis,Cream Real Betis,1035,HEET,2408,6,6,3,7,0,0,HEET,AMERICAS
9804,16571,Haven,Decider,Rulers Esports,Team Liquid,Rulers Esports,2674,Team Liquid,474,1,11,2,3,0,0,Team Liquid,AMERICAS
9805,16572,Ascent,Decider,SPARX ESPORTS,YAZDA,SPARX ESPORTS,574,YAZDA,1903,6,6,6,6,0,2,YAZDA,AMERICAS
9807,16574,Ascent,Decider,BIG,playzone,BIG,472,playzone,2649,5,7,6,5,0,0,playzone,AMERICAS
9809,16576,Bind,Decider,Entropiq,Monkey Business,Entropiq,2819,Monkey Business,2567,5,7,6,4,0,0,Monkey Business,AMERICAS
9810,16577,Haven,Decider,Team Queso,Megastitut,Team Queso,4538,Megastitut,686,8,4,8,4,2,0,Team Queso,AMERICAS
9811,16578,Icebox,Decider,Ballista,Guild Esports,Ballista,2566,Guild Esports,1209,2,10,3,4,0,0,Guild Esports,AMERICAS
9812,16579,Bind,Decider,Movistar Riders,6'4 fully tatted,6'4 fully tatted,1828,Movistar Riders,2499,10,2,0,3,0,0,Movistar Riders,AMERICAS
9813,16580,Icebox,Decider,Vanity,Warriors,Vanity,2613,Warriors,2351,4,8,5,3,0,0,Warriors,AMERICAS
9799,16566,Haven,Decider,L'institut,FunPlus Phoenix,L'institut,61,FunPlus Phoenix,628,0,0,0,0,0,0,Draw,AMERICAS
9789,16556,Ascent,Decider,iPon Esport,Lanboken,iPon Esport,576,Lanboken,2665,8,4,3,5,0,0,iPon Esport,AMERICAS
9808,16575,Haven,Decider,roughtimes,Wizards Club,roughtimes,2724,Wizards Club,703,4,8,3,9,0,0,roughtimes,AMERICAS
9797,16564,Bind,Decider,NerdTown eSport,Winfinity,NerdTown eSport,2598,Winfinity,1250,5,7,6,1,0,0,Winfinity,AMERICAS
9724,16491,Haven,Decider,NeedMoreMeow,Sector One,NeedMoreMeow,2628,Sector One,239,4,8,1,9,0,0,NeedMoreMeow,AMERICAS
9785,16552,Ascent,Decider,NeedMoreMeow,S2V Esports,NeedMoreMeow,2628,S2V Esports,2310,4,8,5,5,0,0,S2V Esports,AMERICAS
9816,16581,Bind,Decider,Wave Esports,CGN Esports,Wave Esports,324,CGN Esports,5214,9,3,6,4,0,0,Wave Esports,AMERICAS
9816,16582,Haven,Decider,CGN Esports,Wave Esports,Wave Esports,324,CGN Esports,5214,2,10,3,0,0,0,Wave Esports,AMERICAS
9817,16584,Ascent,Decider,NoNamers,S2V Esports,NoNamers,2319,S2V Esports,2310,6,6,7,0,0,0,S2V Esports,AMERICAS
9817,16585,Bind,Decider,S2V Esports,NoNamers,NoNamers,2319,S2V Esports,2310,3,9,4,4,0,0,NoNamers,AMERICAS
9817,16586,Split,Decider,NoNamers,S2V Esports,NoNamers,2319,S2V Esports,2310,8,4,0,5,0,0,NoNamers,AMERICAS
9818,16587,Bind,Decider,MAJSTERSZTYK,FNATIC,MAJSTERSZTYK,1150,FNATIC,2593,9,3,8,4,0,0,MAJSTERSZTYK,AMERICAS
9818,16588,Haven,Decider,MAJSTERSZTYK,FNATIC,MAJSTERSZTYK,1150,FNATIC,2593,3,9,3,9,3,5,FNATIC,AMERICAS
9818,16589,Split,Decider,MAJSTERSZTYK,FNATIC,MAJSTERSZTYK,1150,FNATIC,2593,2,10,3,0,0,0,FNATIC,AMERICAS
9819,16590,Ascent,Decider,Giants Gaming,iPon Esport,Giants Gaming,2304,iPon Esport,576,7,5,0,6,0,0,Giants Gaming,AMERICAS
9819,16591,Bind,Decider,iPon Esport,Giants Gaming,Giants Gaming,2304,iPon Esport,576,11,1,3,2,0,0,iPon Esport,AMERICAS
9819,16592,Split,Decider,Giants Gaming,iPon Esport,Giants Gaming,2304,iPon Esport,576,10,2,1,3,0,0,Giants Gaming,AMERICAS
9820,16593,Bind,Decider,G2 Esports,Rix.GG Thunder,G2 Esports,257,Rix.GG Thunder,2373,8,4,1,5,0,0,G2 Esports,AMERICAS
9820,16594,Split,Decider,Rix.GG Thunder,G2 Esports,G2 Esports,257,Rix.GG Thunder,2373,2,10,3,0,0,0,G2 Esports,AMERICAS
9821,16596,Ascent,Decider,unsigned,FTW Esports,unsigned,1071,FTW Esports,1791,7,5,2,6,0,0,unsigned,AMERICAS
9821,16597,Icebox,Decider,FTW Esports,unsigned,unsigned,1071,FTW Esports,1791,2,10,3,1,0,0,unsigned,AMERICAS
9822,16599,Haven,Decider,19esports,Team SMOKER,19esports,6139,Team SMOKER,2707,9,3,0,4,0,0,19esports,AMERICAS
9822,16600,Bind,Decider,19esports,Team SMOKER,19esports,6139,Team SMOKER,2707,11,1,2,2,0,0,19esports,AMERICAS
9823,16602,Haven,Decider,Ninjas in Pyjamas,Winfinity,Ninjas in Pyjamas,3,Winfinity,1250,6,6,5,7,0,0,Ninjas in Pyjamas,AMERICAS
9823,16603,Split,Decider,Winfinity,Ninjas in Pyjamas,Ninjas in Pyjamas,3,Winfinity,1250,2,10,3,0,0,0,Ninjas in Pyjamas,AMERICAS
9824,16605,Split,FunPlus Phoenix,Raise Your Edge,FunPlus Phoenix,Raise Your Edge,2577,FunPlus Phoenix,628,2,10,3,2,0,0,FunPlus Phoenix,AMERICAS
9824,16606,Haven,Raise Your Edge,FunPlus Phoenix,Raise Your Edge,Raise Your Edge,2577,FunPlus Phoenix,628,8,4,8,4,2,0,FunPlus Phoenix,AMERICAS
9825,16608,Ascent,Decider,Alliance,Inside Games,Alliance,2533,Inside Games,1010,6,6,7,5,0,0,Inside Games,AMERICAS
9825,16609,Haven,Decider,Inside Games,Alliance,Alliance,2533,Inside Games,1010,4,8,5,1,0,0,Alliance,AMERICAS
9825,16610,Split,Decider,Alliance,Inside Games,Alliance,2533,Inside Games,1010,8,4,2,5,0,0,Alliance,AMERICAS
9826,16611,Ascent,Decider,Team Sampi,HEET,Team Sampi,1234,HEET,2408,3,9,4,3,0,0,HEET,AMERICAS
9826,16612,Haven,Decider,Team Sampi,HEET,Team Sampi,1234,HEET,2408,3,9,4,6,0,0,HEET,AMERICAS
9827,16614,Ascent,Decider,Team Liquid,YAZDA,Team Liquid,474,YAZDA,1903,9,3,2,4,0,0,Team Liquid,AMERICAS
9827,16615,Icebox,Decider,YAZDA,Team Liquid,Team Liquid,474,YAZDA,1903,3,9,4,0,0,0,Team Liquid,AMERICAS
9828,16617,Ascent,Decider,Team Vitality,playzone,Team Vitality,2059,playzone,2649,10,2,1,3,0,0,Team Vitality,AMERICAS
9828,16618,Icebox,Decider,playzone,Team Vitality,Team Vitality,2059,playzone,2649,7,5,8,0,0,0,Team Vitality,AMERICAS
9829,16620,Bind,Decider,roughtimes,Monkey Business,roughtimes,2724,Monkey Business,2567,6,6,7,3,0,0,Monkey Business,AMERICAS
9829,16621,Split,Decider,Monkey Business,roughtimes,roughtimes,2724,Monkey Business,2567,7,5,1,6,0,0,Monkey Business,AMERICAS
9830,16623,Ascent,Decider,Team Queso,Guild Esports,Team Queso,4538,Guild Esports,1209,4,8,5,1,0,0,Guild Esports,AMERICAS
9830,16624,Bind,Decider,Guild Esports,Team Queso,Team Queso,4538,Guild Esports,1209,6,6,1,7,0,0,Guild Esports,AMERICAS
9831,16626,Ascent,Decider,Movistar Riders,Warriors,Movistar Riders,2499,Warriors,2351,3,9,4,3,0,0,Warriors,AMERICAS
9831,16627,Bind,Decider,Warriors,Movistar Riders,Movistar Riders,2499,Warriors,2351,9,3,2,4,0,0,Warriors,AMERICAS
9834,16635,Icebox,Decider,G2 Esports,unsigned,G2 Esports,257,unsigned,1071,8,4,6,5,0,0,G2 Esports,AMERICAS
9834,16636,Bind,Decider,unsigned,G2 Esports,G2 Esports,257,unsigned,1071,2,10,3,0,0,0,G2 Esports,AMERICAS
9837,16644,Icebox,Decider,Team Liquid,HEET,HEET,2408,Team Liquid,474,9,3,5,4,0,0,Team Liquid,AMERICAS
9837,16645,Haven,Decider,Team Liquid,HEET,HEET,2408,Team Liquid,474,8,4,0,5,0,0,Team Liquid,AMERICAS
9838,16647,Ascent,Monkey Business,Team Vitality,Monkey Business,Team Vitality,2059,Monkey Business,2567,5,7,6,4,0,0,Monkey Business,AMERICAS
9838,16648,Icebox,Team Vitality,Monkey Business,Team Vitality,Team Vitality,2059,Monkey Business,2567,5,7,3,8,0,0,Monkey Business,AMERICAS
9832,16629,Bind,Decider,Wave Esports,NoNamers,Wave Esports,324,NoNamers,2319,9,3,0,4,0,0,Wave Esports,AMERICAS
9832,16630,Haven,Decider,NoNamers,Wave Esports,Wave Esports,324,NoNamers,2319,4,8,5,0,0,0,Wave Esports,AMERICAS
9835,16638,Split,Decider,19esports,Ninjas in Pyjamas,19esports,6139,Ninjas in Pyjamas,3,2,10,3,7,0,0,Ninjas in Pyjamas,AMERICAS
9835,16639,Haven,Decider,Ninjas in Pyjamas,19esports,19esports,6139,Ninjas in Pyjamas,3,5,7,6,2,0,0,19esports,AMERICAS
9835,16640,Bind,Decider,19esports,Ninjas in Pyjamas,19esports,6139,Ninjas in Pyjamas,3,2,10,3,1,0,0,Ninjas in Pyjamas,AMERICAS
9836,16641,Haven,Decider,Alliance,FunPlus Phoenix,FunPlus Phoenix,628,Alliance,2533,7,5,8,2,0,0,FunPlus Phoenix,AMERICAS
9836,16642,Split,Decider,Alliance,FunPlus Phoenix,FunPlus Phoenix,628,Alliance,2533,2,10,3,5,0,0,FunPlus Phoenix,AMERICAS
9839,16650,Icebox,Decider,Guild Esports,Warriors,Guild Esports,1209,Warriors,2351,7,5,5,6,0,0,Guild Esports,AMERICAS
9839,16651,Haven,Decider,Warriors,Guild Esports,Guild Esports,1209,Warriors,2351,4,8,5,2,0,0,Guild Esports,AMERICAS
9833,16632,Split,Decider,FNATIC,Giants Gaming,FNATIC,2593,Giants Gaming,2304,9,3,6,4,0,0,FNATIC,AMERICAS
9833,16633,Bind,Decider,Giants Gaming,FNATIC,FNATIC,2593,Giants Gaming,2304,1,11,2,0,0,0,FNATIC,AMERICAS
9852,16668,Icebox,Ninjas in Pyjamas,G2 Esports,Ninjas in Pyjamas,G2 Esports,257,Ninjas in Pyjamas,3,4,8,5,3,0,0,Ninjas in Pyjamas,AMERICAS
9852,16672,Bind,G2 Esports,Ninjas in Pyjamas,G2 Esports,G2 Esports,257,Ninjas in Pyjamas,3,3,9,4,2,0,0,G2 Esports,AMERICAS
9852,16673,Split,Decider,G2 Esports,Ninjas in Pyjamas,G2 Esports,257,Ninjas in Pyjamas,3,8,4,9,2,0,0,Ninjas in Pyjamas,AMERICAS
9853,16669,Ascent,Guild Esports,Monkey Business,Guild Esports,Monkey Business,2567,Guild Esports,1209,8,4,0,5,0,0,Monkey Business,AMERICAS
9853,16674,Icebox,Monkey Business,Guild Esports,Monkey Business,Monkey Business,2567,Guild Esports,1209,5,7,6,4,0,0,Monkey Business,AMERICAS
9854,16670,Bind,FNATIC,Wave Esports,FNATIC,Wave Esports,324,FNATIC,2593,3,9,4,3,0,0,FNATIC,AMERICAS
9854,16676,Haven,Wave Esports,Wave Esports,FNATIC,Wave Esports,324,FNATIC,2593,6,6,6,6,4,2,Wave Esports,AMERICAS
9854,16677,Split,Decider,Wave Esports,FNATIC,Wave Esports,324,FNATIC,2593,6,6,0,7,0,0,Wave Esports,AMERICAS
9855,16671,Haven,Team Liquid,Team Liquid,FunPlus Phoenix,Team Liquid,474,FunPlus Phoenix,628,9,3,9,3,1,3,FunPlus Phoenix,AMERICAS
9855,16678,Split,FunPlus Phoenix,Team Liquid,FunPlus Phoenix,Team Liquid,474,FunPlus Phoenix,628,8,4,8,4,3,5,FunPlus Phoenix,AMERICAS
