region,match_id,match_url,event_id,match_date,match_time
PACIFIC,596399,https://www.vlr.gg/596399/envy-vs-evil-geniuses-vct-2026-americas-kickoff-ur1,2682,2026-01-16,5:00 AM
PACIFIC,596398,https://www.vlr.gg/596398/loud-vs-cloud9-vct-2026-americas-kickoff-ur1,2682,2026-01-16,8:10 AM
PACIFIC,596400,https://www.vlr.gg/596400/kr-esports-vs-furia-vct-2026-americas-kickoff-ur1,2682,2026-01-17,5:00 AM
PACIFIC,596401,https://www.vlr.gg/596401/100-thieves-vs-leviat-n-vct-2026-americas-kickoff-ur1,2682,2026-01-17,8:05 AM
PACIFIC,596402,https://www.vlr.gg/596402/nrg-vs-cloud9-vct-2026-americas-kickoff-ur2,2682,2026-01-18,5:00 AM
PACIFIC,596403,https://www.vlr.gg/596403/mibr-vs-envy-vct-2026-americas-kickoff-ur2,2682,2026-01-18,7:00 AM
PACIFIC,596404,https://www.vlr.gg/596404/sentinels-vs-furia-vct-2026-americas-kickoff-ur2,2682,2026-01-19,5:00 AM
PACIFIC,596405,https://www.vlr.gg/596405/g2-esports-vs-100-thieves-vct-2026-americas-kickoff-ur2,2682,2026-01-19,7:20 AM
PACIFIC,596409,https://www.vlr.gg/596409/loud-vs-100-thieves-vct-2026-americas-kickoff-mr1,2682,2026-01-24,5:00 AM
PACIFIC,596410,https://www.vlr.gg/596410/evil-geniuses-vs-sentinels-vct-2026-americas-kickoff-mr1,2682,2026-01-24,8:10 AM
PACIFIC,596411,https://www.vlr.gg/596411/kr-esports-vs-envy-vct-2026-americas-kickoff-mr1,2682,2026-01-25,5:00 AM
PACIFIC,596412,https://www.vlr.gg/596412/leviat-n-vs-cloud9-vct-2026-americas-kickoff-mr1,2682,2026-01-25,8:05 AM
PACIFIC,596413,https://www.vlr.gg/596413/100-thieves-vs-sentinels-vct-2026-americas-kickoff-mr2,2682,2026-01-26,5:00 AM
PACIFIC,596414,https://www.vlr.gg/596414/envy-vs-cloud9-vct-2026-americas-kickoff-mr2,2682,2026-01-26,8:00 AM
PACIFIC,596406,https://www.vlr.gg/596406/nrg-vs-mibr-vct-2026-americas-kickoff-ur3,2682,2026-01-31,5:00 AM
PACIFIC,596407,https://www.vlr.gg/596407/furia-vs-g2-esports-vct-2026-americas-kickoff-ur3,2682,2026-01-31,8:55 AM
PACIFIC,596419,https://www.vlr.gg/596419/loud-vs-evil-geniuses-vct-2026-americas-kickoff-lr1,2682,2026-02-01,5:00 AM
PACIFIC,596420,https://www.vlr.gg/596420/kr-esports-vs-leviat-n-vct-2026-americas-kickoff-lr1,2682,2026-02-01,7:45 AM
PACIFIC,596415,https://www.vlr.gg/596415/nrg-vs-100-thieves-vct-2026-americas-kickoff-mr3,2682,2026-02-02,5:00 AM
PACIFIC,596416,https://www.vlr.gg/596416/g2-esports-vs-cloud9-vct-2026-americas-kickoff-mr3,2682,2026-02-02,7:25 AM
PACIFIC,596421,https://www.vlr.gg/596421/envy-vs-evil-geniuses-vct-2026-americas-kickoff-lr2,2682,2026-02-07,5:00 AM
PACIFIC,596422,https://www.vlr.gg/596422/sentinels-vs-leviat-n-vct-2026-americas-kickoff-lr2,2682,2026-02-07,7:30 AM
PACIFIC,596423,https://www.vlr.gg/596423/100-thieves-vs-evil-geniuses-vct-2026-americas-kickoff-lr3,2682,2026-02-08,3:00 AM
PACIFIC,596424,https://www.vlr.gg/596424/cloud9-vs-leviat-n-vct-2026-americas-kickoff-lr3,2682,2026-02-08,6:20 AM
PACIFIC,596417,https://www.vlr.gg/596417/nrg-vs-g2-esports-vct-2026-americas-kickoff-mr4,2682,2026-02-08,8:25 AM
PACIFIC,596425,https://www.vlr.gg/596425/100-thieves-vs-cloud9-vct-2026-americas-kickoff-lr4,2682,2026-02-14,3:00 AM
PACIFIC,596408,https://www.vlr.gg/596408/mibr-vs-furia-vct-2026-americas-kickoff-ubf,2682,2026-02-14,6:30 AM
PACIFIC,596426,https://www.vlr.gg/596426/nrg-vs-100-thieves-vct-2026-americas-kickoff-lr5,2682,2026-02-15,3:00 AM
PACIFIC,596418,https://www.vlr.gg/596418/mibr-vs-g2-esports-vct-2026-americas-kickoff-mbf,2682,2026-02-15,5:20 AM
PACIFIC,596427,https://www.vlr.gg/596427/mibr-vs-nrg-vct-2026-americas-kickoff-lbf,2682,2026-02-16,5:00 AM
PACIFIC,509801,https://www.vlr.gg/509801/cloud9-vs-furia-vct-2025-americas-stage-2-w1,2501,2025-07-19,4:00 AM
PACIFIC,509802,https://www.vlr.gg/509802/leviat-n-vs-loud-vct-2025-americas-stage-2-w1,2501,2025-07-19,6:10 AM
PACIFIC,509803,https://www.vlr.gg/509803/evil-geniuses-vs-2game-esports-vct-2025-americas-stage-2-w1,2501,2025-07-20,4:00 AM
PACIFIC,509804,https://www.vlr.gg/509804/mibr-vs-kr-esports-vct-2025-americas-stage-2-w1,2501,2025-07-20,7:25 AM
PACIFIC,509805,https://www.vlr.gg/509805/100-thieves-vs-nrg-vct-2025-americas-stage-2-w1,2501,2025-07-21,4:00 AM
PACIFIC,509806,https://www.vlr.gg/509806/sentinels-vs-g2-esports-vct-2025-americas-stage-2-w1,2501,2025-07-21,6:00 AM
PACIFIC,509807,https://www.vlr.gg/509807/2game-esports-vs-g2-esports-vct-2025-americas-stage-2-w2,2501,2025-07-26,4:00 AM
PACIFIC,509808,https://www.vlr.gg/509808/furia-vs-sentinels-vct-2025-americas-stage-2-w2,2501,2025-07-26,6:10 AM
PACIFIC,509809,https://www.vlr.gg/509809/100-thieves-vs-kr-esports-vct-2025-americas-stage-2-w2,2501,2025-07-27,4:00 AM
PACIFIC,509810,https://www.vlr.gg/509810/nrg-vs-loud-vct-2025-americas-stage-2-w2,2501,2025-07-27,6:00 AM
PACIFIC,509811,https://www.vlr.gg/509811/cloud9-vs-evil-geniuses-vct-2025-americas-stage-2-w2,2501,2025-07-28,4:00 AM
PACIFIC,509812,https://www.vlr.gg/509812/mibr-vs-leviat-n-vct-2025-americas-stage-2-w2,2501,2025-07-28,6:25 AM
PACIFIC,509813,https://www.vlr.gg/509813/2game-esports-vs-furia-vct-2025-americas-stage-2-w3,2501,2025-08-02,4:00 AM
PACIFIC,509814,https://www.vlr.gg/509814/leviat-n-vs-nrg-vct-2025-americas-stage-2-w3,2501,2025-08-02,7:05 AM
PACIFIC,509815,https://www.vlr.gg/509815/sentinels-vs-cloud9-vct-2025-americas-stage-2-w3,2501,2025-08-03,4:00 AM
PACIFIC,509816,https://www.vlr.gg/509816/mibr-vs-100-thieves-vct-2025-americas-stage-2-w3,2501,2025-08-03,6:15 AM
PACIFIC,509817,https://www.vlr.gg/509817/g2-esports-vs-evil-geniuses-vct-2025-americas-stage-2-w3,2501,2025-08-04,4:00 AM
PACIFIC,509818,https://www.vlr.gg/509818/loud-vs-kr-esports-vct-2025-americas-stage-2-w3,2501,2025-08-04,7:15 AM
PACIFIC,509819,https://www.vlr.gg/509819/cloud9-vs-2game-esports-vct-2025-americas-stage-2-w4,2501,2025-08-09,4:00 AM
PACIFIC,509820,https://www.vlr.gg/509820/mibr-vs-nrg-vct-2025-americas-stage-2-w4,2501,2025-08-09,6:00 AM
PACIFIC,509821,https://www.vlr.gg/509821/sentinels-vs-evil-geniuses-vct-2025-americas-stage-2-w4,2501,2025-08-10,4:00 AM
PACIFIC,509822,https://www.vlr.gg/509822/leviat-n-vs-kr-esports-vct-2025-americas-stage-2-w4,2501,2025-08-10,6:15 AM
PACIFIC,509823,https://www.vlr.gg/509823/furia-vs-g2-esports-vct-2025-americas-stage-2-w4,2501,2025-08-11,4:00 AM
PACIFIC,509824,https://www.vlr.gg/509824/loud-vs-100-thieves-vct-2025-americas-stage-2-w4,2501,2025-08-11,6:00 AM
PACIFIC,509825,https://www.vlr.gg/509825/kr-esports-vs-nrg-vct-2025-americas-stage-2-w5,2501,2025-08-16,4:00 AM
PACIFIC,509826,https://www.vlr.gg/509826/100-thieves-vs-leviat-n-vct-2025-americas-stage-2-w5,2501,2025-08-16,7:05 AM
PACIFIC,509827,https://www.vlr.gg/509827/furia-vs-evil-geniuses-vct-2025-americas-stage-2-w5,2501,2025-08-17,4:00 AM
PACIFIC,509829,https://www.vlr.gg/509829/2game-esports-vs-sentinels-vct-2025-americas-stage-2-w5,2501,2025-08-17,6:20 AM
PACIFIC,509830,https://www.vlr.gg/509830/g2-esports-vs-cloud9-vct-2025-americas-stage-2-w5,2501,2025-08-18,4:00 AM
PACIFIC,509831,https://www.vlr.gg/509831/mibr-vs-loud-vct-2025-americas-stage-2-w5,2501,2025-08-18,6:30 AM
PACIFIC,530902,https://www.vlr.gg/530902/leviat-n-vs-cloud9-vct-2025-americas-stage-2-ur1,2501,2025-08-22,4:00 AM
PACIFIC,530903,https://www.vlr.gg/530903/g2-esports-vs-100-thieves-vct-2025-americas-stage-2-ur1,2501,2025-08-22,7:45 AM
PACIFIC,530906,https://www.vlr.gg/530906/sentinels-vs-cloud9-vct-2025-americas-stage-2-ubsf,2501,2025-08-23,4:00 AM
PACIFIC,530907,https://www.vlr.gg/530907/nrg-vs-g2-esports-vct-2025-americas-stage-2-ubsf,2501,2025-08-23,7:35 AM
PACIFIC,530904,https://www.vlr.gg/530904/leviat-n-vs-kr-esports-vct-2025-americas-stage-2-lr1,2501,2025-08-24,4:00 AM
PACIFIC,530905,https://www.vlr.gg/530905/100-thieves-vs-evil-geniuses-vct-2025-americas-stage-2-lr1,2501,2025-08-24,7:25 AM
PACIFIC,530908,https://www.vlr.gg/530908/nrg-vs-leviat-n-vct-2025-americas-stage-2-lr2,2501,2025-08-25,4:00 AM
PACIFIC,530909,https://www.vlr.gg/530909/cloud9-vs-100-thieves-vct-2025-americas-stage-2-lr2,2501,2025-08-25,5:50 AM
PACIFIC,530910,https://www.vlr.gg/530910/sentinels-vs-g2-esports-vct-2025-americas-stage-2-ubf,2501,2025-08-30,4:00 AM
PACIFIC,530911,https://www.vlr.gg/530911/nrg-vs-cloud9-vct-2025-americas-stage-2-lr3,2501,2025-08-30,6:30 AM
PACIFIC,536985,https://www.vlr.gg/536985/team-alpha-vs-team-omega-vct-2025-americas-stage-2-override,2501,2025-08-31,4:00 AM
PACIFIC,530912,https://www.vlr.gg/530912/sentinels-vs-nrg-vct-2025-americas-stage-2-lbf,2501,2025-08-31,5:00 AM
PACIFIC,530913,https://www.vlr.gg/530913/g2-esports-vs-nrg-vct-2025-americas-stage-2-gf,2501,2025-09-01,4:00 AM
PACIFIC,490309,https://www.vlr.gg/490309/team-heretics-vs-paper-rex-champions-tour-2025-masters-toronto-r1,2282,2025-06-07,11:00 PM
PACIFIC,490307,https://www.vlr.gg/490307/bilibili-gaming-vs-team-liquid-champions-tour-2025-masters-toronto-r1,2282,2025-06-08,1:10 AM
PACIFIC,490308,https://www.vlr.gg/490308/sentinels-vs-wolves-esports-champions-tour-2025-masters-toronto-r1,2282,2025-06-08,11:00 PM
PACIFIC,490306,https://www.vlr.gg/490306/gen-g-vs-mibr-champions-tour-2025-masters-toronto-r1,2282,2025-06-09,1:45 AM
PACIFIC,490311,https://www.vlr.gg/490311/bilibili-gaming-vs-sentinels-champions-tour-2025-masters-toronto-r2-1-0,2282,2025-06-09,11:00 PM
PACIFIC,490310,https://www.vlr.gg/490310/paper-rex-vs-gen-g-champions-tour-2025-masters-toronto-r2-1-0,2282,2025-06-10,2:30 AM
PACIFIC,490312,https://www.vlr.gg/490312/team-heretics-vs-wolves-esports-valorant-masters-2025-toronto-r2-0-1,2282,2025-06-10,11:00 PM
PACIFIC,490313,https://www.vlr.gg/490313/team-liquid-vs-mibr-valorant-masters-2025-toronto-r2-0-1,2282,2025-06-11,1:30 AM
PACIFIC,490315,https://www.vlr.gg/490315/bilibili-gaming-vs-wolves-esports-valorant-masters-2025-toronto-r3-1-1,2282,2025-06-11,11:00 PM
PACIFIC,490314,https://www.vlr.gg/490314/paper-rex-vs-team-liquid-valorant-masters-toronto-2025-r3-1-1,2282,2025-06-12,1:30 AM
PACIFIC,498622,https://www.vlr.gg/498622/g2-esports-vs-paper-rex-valorant-masters-toronto-2025-ubqf,2282,2025-06-13,11:00 PM
PACIFIC,498621,https://www.vlr.gg/498621/xi-lai-gaming-vs-sentinels-valorant-masters-toronto-2025-ubqf,2282,2025-06-14,1:25 AM
PACIFIC,498623,https://www.vlr.gg/498623/rex-regum-qeon-vs-wolves-esports-valorant-masters-toronto-2025-ubqf,2282,2025-06-14,11:00 PM
PACIFIC,498624,https://www.vlr.gg/498624/fnatic-vs-gen-g-valorant-masters-toronto-2025-ubqf,2282,2025-06-15,1:30 AM
PACIFIC,498629,https://www.vlr.gg/498629/xi-lai-gaming-vs-g2-esports-valorant-masters-toronto-2025-lr1,2282,2025-06-15,11:00 PM
PACIFIC,498630,https://www.vlr.gg/498630/rex-regum-qeon-vs-fnatic-valorant-masters-toronto-2025-lr1,2282,2025-06-16,1:10 AM
PACIFIC,498626,https://www.vlr.gg/498626/wolves-esports-vs-gen-g-valorant-masters-toronto-2025-ubsf,2282,2025-06-16,11:00 PM
PACIFIC,498625,https://www.vlr.gg/498625/sentinels-vs-paper-rex-valorant-masters-toronto-2025-ubsf,2282,2025-06-17,1:30 AM
PACIFIC,498631,https://www.vlr.gg/498631/gen-g-vs-g2-esports-valorant-masters-toronto-2025-lr2,2282,2025-06-17,11:00 PM
PACIFIC,498632,https://www.vlr.gg/498632/sentinels-vs-fnatic-valorant-masters-toronto-2025-lr2,2282,2025-06-18,2:35 AM
PACIFIC,498627,https://www.vlr.gg/498627/paper-rex-vs-wolves-esports-valorant-masters-toronto-2025-ubf,2282,2025-06-20,11:00 PM
PACIFIC,498633,https://www.vlr.gg/498633/g2-esports-vs-fnatic-valorant-masters-toronto-2025-lr3,2282,2025-06-21,1:40 AM
PACIFIC,498634,https://www.vlr.gg/498634/wolves-esports-vs-fnatic-valorant-masters-toronto-2025-lbf,2282,2025-06-21,11:00 PM
PACIFIC,507067,https://www.vlr.gg/507067/team-tarik-vs-team-toast-valorant-masters-toronto-2025-showmatch,2282,2025-06-22,11:00 PM
PACIFIC,498628,https://www.vlr.gg/498628/paper-rex-vs-fnatic-valorant-masters-toronto-2025-gf,2282,2025-06-23,12:15 AM
PACIFIC,459517,https://www.vlr.gg/459517/cloud9-vs-nrg-esports-champions-tour-2025-americas-stage-1-w1,2347,2025-03-22,4:00 AM
PACIFIC,459518,https://www.vlr.gg/459518/kr-esports-vs-loud-champions-tour-2025-americas-stage-1-w1,2347,2025-03-22,7:25 AM
PACIFIC,459519,https://www.vlr.gg/459519/g2-esports-vs-furia-champions-tour-2025-americas-stage-1-w1,2347,2025-03-23,4:00 AM
PACIFIC,459520,https://www.vlr.gg/459520/mibr-vs-leviat-n-champions-tour-2025-americas-stage-1-w1,2347,2025-03-23,6:25 AM
PACIFIC,459521,https://www.vlr.gg/459521/2game-esports-vs-evil-geniuses-champions-tour-2025-americas-stage-1-w1,2347,2025-03-24,4:00 AM
PACIFIC,459522,https://www.vlr.gg/459522/sentinels-vs-100-thieves-champions-tour-2025-americas-stage-1-w1,2347,2025-03-24,6:30 AM
PACIFIC,459523,https://www.vlr.gg/459523/nrg-esports-vs-furia-champions-tour-2025-americas-stage-1-w2,2347,2025-03-29,4:00 AM
PACIFIC,459524,https://www.vlr.gg/459524/sentinels-vs-kr-esports-champions-tour-2025-americas-stage-1-w2,2347,2025-03-29,7:00 AM
PACIFIC,459525,https://www.vlr.gg/459525/100-thieves-vs-evil-geniuses-champions-tour-2025-americas-stage-1-w2,2347,2025-03-30,4:00 AM
PACIFIC,459526,https://www.vlr.gg/459526/g2-esports-vs-mibr-champions-tour-2025-americas-stage-1-w2,2347,2025-03-30,6:15 AM
PACIFIC,459527,https://www.vlr.gg/459527/loud-vs-2game-esports-champions-tour-2025-americas-stage-1-w2,2347,2025-03-31,4:00 AM
PACIFIC,459528,https://www.vlr.gg/459528/leviat-n-vs-cloud9-champions-tour-2025-americas-stage-1-w2,2347,2025-03-31,6:50 AM
PACIFIC,459529,https://www.vlr.gg/459529/evil-geniuses-vs-sentinels-champions-tour-2025-americas-stage-1-w3,2347,2025-04-05,4:00 AM
PACIFIC,459530,https://www.vlr.gg/459530/100-thieves-vs-loud-champions-tour-2025-americas-stage-1-w3,2347,2025-04-05,6:10 AM
PACIFIC,459531,https://www.vlr.gg/459531/2game-esports-vs-kr-esports-champions-tour-2025-americas-stage-1-w3,2347,2025-04-06,4:00 AM
PACIFIC,459532,https://www.vlr.gg/459532/g2-esports-vs-nrg-esports-champions-tour-2025-americas-stage-1-w3,2347,2025-04-06,7:10 AM
PACIFIC,459533,https://www.vlr.gg/459533/furia-vs-leviat-n-champions-tour-2025-americas-stage-1-w3,2347,2025-04-07,4:00 AM
PACIFIC,459534,https://www.vlr.gg/459534/cloud9-vs-mibr-champions-tour-2025-americas-stage-1-w3,2347,2025-04-07,6:15 AM
PACIFIC,459535,https://www.vlr.gg/459535/100-thieves-vs-2game-esports-champions-tour-2025-americas-stage-1-w4,2347,2025-04-12,4:00 AM
PACIFIC,459536,https://www.vlr.gg/459536/g2-esports-vs-leviat-n-champions-tour-2025-americas-stage-1-w4,2347,2025-04-12,6:30 AM
PACIFIC,459537,https://www.vlr.gg/459537/furia-vs-cloud9-champions-tour-2025-americas-stage-1-w4,2347,2025-04-13,4:00 AM
PACIFIC,459538,https://www.vlr.gg/459538/sentinels-vs-loud-champions-tour-2025-americas-stage-1-w4,2347,2025-04-13,6:25 AM
PACIFIC,459539,https://www.vlr.gg/459539/kr-esports-vs-evil-geniuses-champions-tour-2025-americas-stage-1-w4,2347,2025-04-14,4:00 AM
PACIFIC,459540,https://www.vlr.gg/459540/nrg-esports-vs-mibr-champions-tour-2025-americas-stage-1-w4,2347,2025-04-14,6:10 AM
PACIFIC,459541,https://www.vlr.gg/459541/g2-esports-vs-cloud9-champions-tour-2025-americas-stage-1-w5,2347,2025-04-19,4:00 AM
PACIFIC,459542,https://www.vlr.gg/459542/mibr-vs-furia-champions-tour-2025-americas-stage-1-w5,2347,2025-04-19,7:00 AM
PACIFIC,459543,https://www.vlr.gg/459543/sentinels-vs-2game-esports-champions-tour-2025-americas-stage-1-w5,2347,2025-04-20,4:00 AM
PACIFIC,459544,https://www.vlr.gg/459544/kr-esports-vs-100-thieves-champions-tour-2025-americas-stage-1-w5,2347,2025-04-20,6:10 AM
PACIFIC,459545,https://www.vlr.gg/459545/evil-geniuses-vs-loud-champions-tour-2025-americas-stage-1-w5,2347,2025-04-21,4:00 AM
PACIFIC,459546,https://www.vlr.gg/459546/leviat-n-vs-nrg-esports-champions-tour-2025-americas-stage-1-w5,2347,2025-04-21,8:00 AM
PACIFIC,475897,https://www.vlr.gg/475897/mibr-vs-100-thieves-champions-tour-2025-americas-stage-1-ubr1,2347,2025-04-25,4:00 AM
PACIFIC,475898,https://www.vlr.gg/475898/sentinels-vs-cloud9-champions-tour-2025-americas-stage-1-ubr1,2347,2025-04-25,6:15 AM
PACIFIC,475903,https://www.vlr.gg/475903/100-thieves-vs-nrg-esports-champions-tour-2025-americas-stage-1-lr1,2347,2025-04-26,4:00 AM
PACIFIC,475904,https://www.vlr.gg/475904/cloud9-vs-evil-geniuses-champions-tour-2025-americas-stage-1-lr1,2347,2025-04-26,6:15 AM
PACIFIC,475899,https://www.vlr.gg/475899/kr-esports-vs-mibr-champions-tour-2025-americas-stage-1-ubsf,2347,2025-04-27,4:00 AM
PACIFIC,475900,https://www.vlr.gg/475900/g2-esports-vs-sentinels-champions-tour-2025-americas-stage-1-ubsf,2347,2025-04-27,6:05 AM
PACIFIC,475906,https://www.vlr.gg/475906/kr-esports-vs-evil-geniuses-champions-tour-2025-americas-stage-1-lr2,2347,2025-04-28,4:00 AM
PACIFIC,475905,https://www.vlr.gg/475905/g2-esports-vs-100-thieves-champions-tour-2025-americas-stage-1-lr2,2347,2025-04-28,6:40 AM
PACIFIC,475901,https://www.vlr.gg/475901/mibr-vs-sentinels-champions-tour-2025-americas-stage-1-ubf,2347,2025-05-03,4:00 AM
PACIFIC,475907,https://www.vlr.gg/475907/g2-esports-vs-evil-geniuses-champions-tour-2025-americas-stage-1-lr3,2347,2025-05-03,6:50 AM
PACIFIC,475908,https://www.vlr.gg/475908/mibr-vs-g2-esports-champions-tour-2025-americas-stage-1-lbf,2347,2025-05-04,4:00 AM
PACIFIC,475902,https://www.vlr.gg/475902/sentinels-vs-g2-esports-champions-tour-2025-americas-stage-1-gf,2347,2025-05-05,4:00 AM
PACIFIC,427991,https://www.vlr.gg/427991/evil-geniuses-vs-loud-champions-tour-2025-americas-kickoff-ur1,2274,2025-01-17,5:00 AM
PACIFIC,427992,https://www.vlr.gg/427992/mibr-vs-100-thieves-champions-tour-2025-americas-kickoff-ur1,2274,2025-01-17,7:45 AM
PACIFIC,427994,https://www.vlr.gg/427994/2game-esports-vs-furia-champions-tour-2025-americas-kickoff-ur1,2274,2025-01-18,5:00 AM
PACIFIC,427993,https://www.vlr.gg/427993/nrg-esports-vs-cloud9-champions-tour-2025-americas-kickoff-ur1,2274,2025-01-18,7:05 AM
PACIFIC,427995,https://www.vlr.gg/427995/kr-esports-vs-loud-champions-tour-2025-americas-kickoff-ubqf,2274,2025-01-19,5:00 AM
PACIFIC,427996,https://www.vlr.gg/427996/sentinels-vs-100-thieves-champions-tour-2025-americas-kickoff-ubqf,2274,2025-01-19,7:25 AM
PACIFIC,427998,https://www.vlr.gg/427998/leviat-n-vs-furia-champions-tour-2025-americas-kickoff-ubqf,2274,2025-01-20,5:00 AM
PACIFIC,427997,https://www.vlr.gg/427997/g2-esports-vs-cloud9-champions-tour-2025-americas-kickoff-ubqf,2274,2025-01-20,7:20 AM
PACIFIC,428003,https://www.vlr.gg/428003/furia-vs-evil-geniuses-champions-tour-2025-americas-kickoff-lr1,2274,2025-01-24,5:00 AM
PACIFIC,428004,https://www.vlr.gg/428004/cloud9-vs-mibr-champions-tour-2025-americas-kickoff-lr1,2274,2025-01-24,7:20 AM
PACIFIC,428006,https://www.vlr.gg/428006/kr-esports-vs-2game-esports-champions-tour-2025-americas-kickoff-lr1,2274,2025-01-25,5:00 AM
PACIFIC,428005,https://www.vlr.gg/428005/100-thieves-vs-nrg-esports-champions-tour-2025-americas-kickoff-lr1,2274,2025-01-25,7:00 AM
PACIFIC,427999,https://www.vlr.gg/427999/loud-vs-sentinels-champions-tour-2025-americas-kickoff-ubsf,2274,2025-02-01,5:00 AM
PACIFIC,428000,https://www.vlr.gg/428000/g2-esports-vs-leviat-n-champions-tour-2025-americas-kickoff-ubsf,2274,2025-02-01,9:00 AM
PACIFIC,428007,https://www.vlr.gg/428007/evil-geniuses-vs-mibr-champions-tour-2025-americas-kickoff-lr2,2274,2025-02-02,5:00 AM
PACIFIC,428008,https://www.vlr.gg/428008/nrg-esports-vs-kr-esports-champions-tour-2025-americas-kickoff-lr2,2274,2025-02-02,7:30 AM
PACIFIC,428009,https://www.vlr.gg/428009/leviat-n-vs-mibr-champions-tour-2025-americas-kickoff-lr3,2274,2025-02-03,5:00 AM
PACIFIC,428010,https://www.vlr.gg/428010/loud-vs-kr-esports-champions-tour-2025-americas-kickoff-lr3,2274,2025-02-03,8:30 AM
PACIFIC,428001,https://www.vlr.gg/428001/sentinels-vs-g2-esports-champions-tour-2025-americas-kickoff-ubf,2274,2025-02-07,5:00 AM
PACIFIC,428011,https://www.vlr.gg/428011/mibr-vs-kr-esports-champions-tour-2025-americas-kickoff-lr4,2274,2025-02-07,7:20 AM
PACIFIC,428012,https://www.vlr.gg/428012/sentinels-vs-mibr-champions-tour-2025-americas-kickoff-lbf,2274,2025-02-08,5:00 AM
PACIFIC,428002,https://www.vlr.gg/428002/g2-esports-vs-sentinels-champions-tour-2025-americas-kickoff-gf,2274,2025-02-09,5:00 AM
PACIFIC,353177,https://www.vlr.gg/353177/mibr-vs-leviat-n-champions-tour-2024-americas-stage-2-w1,2095,2024-06-23,4:00 AM
PACIFIC,353178,https://www.vlr.gg/353178/sentinels-vs-nrg-esports-champions-tour-2024-americas-stage-2-w1,2095,2024-06-23,6:15 AM
PACIFIC,353179,https://www.vlr.gg/353179/furia-vs-100-thieves-champions-tour-2024-americas-stage-2-w1,2095,2024-06-24,4:00 AM
PACIFIC,353180,https://www.vlr.gg/353180/loud-vs-evil-geniuses-champions-tour-2024-americas-stage-2-w1,2095,2024-06-24,6:45 AM
PACIFIC,353181,https://www.vlr.gg/353181/g2-esports-vs-cloud9-champions-tour-2024-americas-stage-2-w1,2095,2024-06-25,4:00 AM
PACIFIC,353182,https://www.vlr.gg/353182/evil-geniuses-vs-furia-champions-tour-2024-americas-stage-2-w2,2095,2024-06-30,4:00 AM
PACIFIC,353183,https://www.vlr.gg/353183/sentinels-vs-kr-esports-champions-tour-2024-americas-stage-2-w2,2095,2024-06-30,6:00 AM
PACIFIC,353184,https://www.vlr.gg/353184/loud-vs-mibr-champions-tour-2024-americas-stage-2-w2,2095,2024-07-01,4:00 AM
PACIFIC,353185,https://www.vlr.gg/353185/leviat-n-vs-100-thieves-champions-tour-2024-americas-stage-2-w2,2095,2024-07-01,7:20 AM
PACIFIC,353186,https://www.vlr.gg/353186/nrg-esports-vs-g2-esports-champions-tour-2024-americas-stage-2-w2,2095,2024-07-02,4:00 AM
PACIFIC,353187,https://www.vlr.gg/353187/sentinels-vs-cloud9-champions-tour-2024-americas-stage-2-w2,2095,2024-07-02,6:25 AM
PACIFIC,353188,https://www.vlr.gg/353188/evil-geniuses-vs-leviat-n-champions-tour-2024-americas-stage-2-w2,2095,2024-07-03,4:00 AM
PACIFIC,353189,https://www.vlr.gg/353189/loud-vs-furia-champions-tour-2024-americas-stage-2-w2,2095,2024-07-03,6:15 AM
PACIFIC,353190,https://www.vlr.gg/353190/mibr-vs-100-thieves-champions-tour-2024-americas-stage-2-w2,2095,2024-07-04,4:00 AM
PACIFIC,353191,https://www.vlr.gg/353191/nrg-esports-vs-kr-esports-champions-tour-2024-americas-stage-2-w2,2095,2024-07-04,6:05 AM
PACIFIC,353192,https://www.vlr.gg/353192/g2-esports-vs-kr-esports-champions-tour-2024-americas-stage-2-w3,2095,2024-07-07,4:00 AM
PACIFIC,353193,https://www.vlr.gg/353193/loud-vs-leviat-n-champions-tour-2024-americas-stage-2-w3,2095,2024-07-07,7:35 AM
PACIFIC,353194,https://www.vlr.gg/353194/mibr-vs-furia-champions-tour-2024-americas-stage-2-w3,2095,2024-07-08,4:00 AM
PACIFIC,353195,https://www.vlr.gg/353195/nrg-esports-vs-cloud9-champions-tour-2024-americas-stage-2-w3,2095,2024-07-08,6:15 AM
PACIFIC,353196,https://www.vlr.gg/353196/evil-geniuses-vs-100-thieves-champions-tour-2024-americas-stage-2-w3,2095,2024-07-09,4:00 AM
PACIFIC,353197,https://www.vlr.gg/353197/cloud9-vs-kr-esports-champions-tour-2024-americas-stage-2-w4,2095,2024-07-13,7:00 AM
PACIFIC,353198,https://www.vlr.gg/353198/evil-geniuses-vs-mibr-champions-tour-2024-americas-stage-2-w4,2095,2024-07-14,4:00 AM
PACIFIC,353199,https://www.vlr.gg/353199/leviat-n-vs-furia-champions-tour-2024-americas-stage-2-w4,2095,2024-07-14,6:10 AM
PACIFIC,353200,https://www.vlr.gg/353200/loud-vs-100-thieves-champions-tour-2024-americas-stage-2-w4,2095,2024-07-15,4:00 AM
PACIFIC,353201,https://www.vlr.gg/353201/sentinels-vs-g2-esports-champions-tour-2024-americas-stage-2-w4,2095,2024-07-15,7:00 AM
PACIFIC,371266,https://www.vlr.gg/371266/kr-esports-vs-cloud9-champions-tour-2024-americas-stage-2-ko,2095,2024-07-18,4:00 AM
PACIFIC,371267,https://www.vlr.gg/371267/sentinels-vs-100-thieves-champions-tour-2024-americas-stage-2-ko,2095,2024-07-18,7:30 AM
PACIFIC,371268,https://www.vlr.gg/371268/leviat-n-vs-kr-esports-champions-tour-2024-americas-stage-2-ubsf,2095,2024-07-19,4:00 AM
PACIFIC,371269,https://www.vlr.gg/371269/g2-esports-vs-100-thieves-champions-tour-2024-americas-stage-2-ubsf,2095,2024-07-19,5:55 AM
PACIFIC,371270,https://www.vlr.gg/371270/leviat-n-vs-g2-esports-champions-tour-2024-americas-stage-2-ubf,2095,2024-07-20,4:00 AM
PACIFIC,371272,https://www.vlr.gg/371272/kr-esports-vs-100-thieves-champions-tour-2024-americas-stage-2-lr1,2095,2024-07-20,6:10 AM
PACIFIC,371273,https://www.vlr.gg/371273/leviat-n-vs-kr-esports-champions-tour-2024-americas-stage-2-lbf,2095,2024-07-21,4:00 AM
PACIFIC,371271,https://www.vlr.gg/371271/g2-esports-vs-leviat-n-champions-tour-2024-americas-stage-2-gf,2095,2024-07-22,4:00 AM
PACIFIC,314622,https://www.vlr.gg/314622/cloud9-vs-leviat-n-champions-tour-2024-americas-stage-1-w1,2004,2024-04-07,4:00 AM
PACIFIC,314623,https://www.vlr.gg/314623/nrg-esports-vs-loud-champions-tour-2024-americas-stage-1-w1,2004,2024-04-07,8:00 AM
PACIFIC,314624,https://www.vlr.gg/314624/g2-esports-vs-evil-geniuses-champions-tour-2024-americas-stage-1-w1,2004,2024-04-08,4:00 AM
PACIFIC,314625,https://www.vlr.gg/314625/sentinels-vs-100-thieves-champions-tour-2024-americas-stage-1-w1,2004,2024-04-08,6:10 AM
PACIFIC,314626,https://www.vlr.gg/314626/kr-esports-vs-furia-champions-tour-2024-americas-stage-1-w1,2004,2024-04-09,4:00 AM
PACIFIC,314628,https://www.vlr.gg/314628/g2-esports-vs-100-thieves-champions-tour-2024-americas-stage-1-w2,2004,2024-04-14,4:00 AM
PACIFIC,314629,https://www.vlr.gg/314629/sentinels-vs-leviat-n-champions-tour-2024-americas-stage-1-w2,2004,2024-04-14,6:25 AM
PACIFIC,314630,https://www.vlr.gg/314630/kr-esports-vs-mibr-champions-tour-2024-americas-stage-1-w2,2004,2024-04-15,4:00 AM
PACIFIC,314631,https://www.vlr.gg/314631/nrg-esports-vs-furia-champions-tour-2024-americas-stage-1-w2,2004,2024-04-15,6:20 AM
PACIFIC,314632,https://www.vlr.gg/314632/cloud9-vs-evil-geniuses-champions-tour-2024-americas-stage-1-w2,2004,2024-04-16,4:00 AM
PACIFIC,314634,https://www.vlr.gg/314634/sentinels-vs-mibr-champions-tour-2024-americas-stage-1-w3,2004,2024-04-21,4:00 AM
PACIFIC,314635,https://www.vlr.gg/314635/cloud9-vs-loud-champions-tour-2024-americas-stage-1-w3,2004,2024-04-21,6:30 AM
PACIFIC,314636,https://www.vlr.gg/314636/kr-esports-vs-evil-geniuses-champions-tour-2024-americas-stage-1-w3,2004,2024-04-22,4:00 AM
PACIFIC,314637,https://www.vlr.gg/314637/nrg-esports-vs-leviat-n-champions-tour-2024-americas-stage-1-w3,2004,2024-04-22,6:15 AM
PACIFIC,314638,https://www.vlr.gg/314638/g2-esports-vs-furia-champions-tour-2024-americas-stage-1-w3,2004,2024-04-23,4:00 AM
PACIFIC,314639,https://www.vlr.gg/314639/cloud9-vs-100-thieves-champions-tour-2024-americas-stage-1-w3,2004,2024-04-23,6:00 AM
PACIFIC,314640,https://www.vlr.gg/314640/sentinels-vs-evil-geniuses-champions-tour-2024-americas-stage-1-w3,2004,2024-04-24,4:00 AM
PACIFIC,314641,https://www.vlr.gg/314641/nrg-esports-vs-mibr-champions-tour-2024-americas-stage-1-w3,2004,2024-04-24,7:30 AM
PACIFIC,314642,https://www.vlr.gg/314642/g2-esports-vs-leviat-n-champions-tour-2024-americas-stage-1-w3,2004,2024-04-25,4:00 AM
PACIFIC,314643,https://www.vlr.gg/314643/kr-esports-vs-loud-champions-tour-2024-americas-stage-1-w3,2004,2024-04-25,7:15 AM
PACIFIC,314644,https://www.vlr.gg/314644/g2-esports-vs-mibr-champions-tour-2024-americas-stage-1-w4,2004,2024-04-28,4:00 AM
PACIFIC,314645,https://www.vlr.gg/314645/sentinels-vs-loud-champions-tour-2024-americas-stage-1-w4,2004,2024-04-28,6:05 AM
PACIFIC,314646,https://www.vlr.gg/314646/cloud9-vs-furia-champions-tour-2024-americas-stage-1-w4,2004,2024-04-29,4:00 AM
PACIFIC,314647,https://www.vlr.gg/314647/nrg-esports-vs-evil-geniuses-champions-tour-2024-americas-stage-1-w4,2004,2024-04-29,6:55 AM
PACIFIC,314648,https://www.vlr.gg/314648/kr-esports-vs-100-thieves-champions-tour-2024-americas-stage-1-w4,2004,2024-04-30,4:00 AM
PACIFIC,314650,https://www.vlr.gg/314650/sentinels-vs-furia-champions-tour-2024-americas-stage-1-w5,2004,2024-05-04,7:00 AM
PACIFIC,314651,https://www.vlr.gg/314651/nrg-esports-vs-100-thieves-champions-tour-2024-americas-stage-1-w5,2004,2024-05-05,4:00 AM
PACIFIC,314652,https://www.vlr.gg/314652/kr-esports-vs-leviat-n-champions-tour-2024-americas-stage-1-w5,2004,2024-05-05,6:20 AM
PACIFIC,314653,https://www.vlr.gg/314653/cloud9-vs-mibr-champions-tour-2024-americas-stage-1-w5,2004,2024-05-06,4:00 AM
PACIFIC,314654,https://www.vlr.gg/314654/g2-esports-vs-loud-champions-tour-2024-americas-stage-1-w5,2004,2024-05-06,6:35 AM
PACIFIC,337407,https://www.vlr.gg/337407/cloud9-vs-g2-esports-champions-tour-2024-americas-stage-1-ko,2004,2024-05-09,4:00 AM
PACIFIC,337408,https://www.vlr.gg/337408/100-thieves-vs-loud-champions-tour-2024-americas-stage-1-ko,2004,2024-05-09,6:25 AM
PACIFIC,337409,https://www.vlr.gg/337409/kr-esports-vs-g2-esports-champions-tour-2024-americas-stage-1-ubsf,2004,2024-05-10,4:00 AM
PACIFIC,337410,https://www.vlr.gg/337410/leviat-n-vs-100-thieves-champions-tour-2024-americas-stage-1-ubsf,2004,2024-05-10,6:05 AM
PACIFIC,337411,https://www.vlr.gg/337411/g2-esports-vs-100-thieves-champions-tour-2024-americas-stage-1-ubf,2004,2024-05-11,4:00 AM
PACIFIC,337413,https://www.vlr.gg/337413/kr-esports-vs-leviat-n-champions-tour-2024-americas-stage-1-lr1,2004,2024-05-11,7:00 AM
PACIFIC,337414,https://www.vlr.gg/337414/g2-esports-vs-leviat-n-champions-tour-2024-americas-stage-1-lbf,2004,2024-05-12,4:00 AM
PACIFIC,337412,https://www.vlr.gg/337412/100-thieves-vs-g2-esports-champions-tour-2024-americas-stage-1-gf,2004,2024-05-13,4:00 AM
PACIFIC,295605,https://www.vlr.gg/295605/nrg-esports-vs-furia-champions-tour-2024-americas-kickoff-opening-a,1923,2024-02-17,5:00 AM
PACIFIC,295606,https://www.vlr.gg/295606/cloud9-vs-mibr-champions-tour-2024-americas-kickoff-opening-a,1923,2024-02-17,8:00 AM
PACIFIC,295610,https://www.vlr.gg/295610/loud-vs-sentinels-champions-tour-2024-americas-kickoff-opening-b,1923,2024-02-18,5:00 AM
PACIFIC,295611,https://www.vlr.gg/295611/leviat-n-vs-100-thieves-champions-tour-2024-americas-kickoff-opening-b,1923,2024-02-18,7:35 AM
PACIFIC,295615,https://www.vlr.gg/295615/kr-esports-vs-g2-esports-champions-tour-2024-americas-kickoff-opening-c,1923,2024-02-19,5:00 AM
PACIFIC,295608,https://www.vlr.gg/295608/furia-vs-mibr-champions-tour-2024-americas-kickoff-elim-a,1923,2024-02-20,5:00 AM
PACIFIC,295613,https://www.vlr.gg/295613/sentinels-vs-100-thieves-champions-tour-2024-americas-kickoff-elim-b,1923,2024-02-20,7:45 AM
PACIFIC,295607,https://www.vlr.gg/295607/nrg-esports-vs-cloud9-champions-tour-2024-americas-kickoff-winners-a,1923,2024-02-24,5:00 AM
PACIFIC,295612,https://www.vlr.gg/295612/loud-vs-leviat-n-champions-tour-2024-americas-kickoff-winners-b,1923,2024-02-24,7:25 AM
PACIFIC,295617,https://www.vlr.gg/295617/g2-esports-vs-evil-geniuses-champions-tour-2024-americas-kickoff-winners-c,1923,2024-02-25,5:00 AM
PACIFIC,295609,https://www.vlr.gg/295609/cloud9-vs-mibr-champions-tour-2024-americas-kickoff-decider-a,1923,2024-02-26,3:00 AM
PACIFIC,295614,https://www.vlr.gg/295614/leviat-n-vs-sentinels-champions-tour-2024-americas-kickoff-decider-b,1923,2024-02-26,5:40 AM
PACIFIC,295619,https://www.vlr.gg/295619/g2-esports-vs-kr-esports-champions-tour-2024-americas-kickoff-decider-c,1923,2024-02-26,8:55 AM
PACIFIC,307572,https://www.vlr.gg/307572/mibr-vs-sentinels-champions-tour-2024-americas-kickoff-play-ins,1923,2024-02-27,3:00 AM
PACIFIC,307573,https://www.vlr.gg/307573/g2-esports-vs-mibr-champions-tour-2024-americas-kickoff-play-ins,1923,2024-02-27,5:10 AM
PACIFIC,307574,https://www.vlr.gg/307574/sentinels-vs-g2-esports-champions-tour-2024-americas-kickoff-play-ins,1923,2024-02-27,8:55 AM
PACIFIC,303087,https://www.vlr.gg/303087/evil-geniuses-vs-loud-champions-tour-2024-americas-kickoff-sf,1923,2024-03-03,5:00 AM
PACIFIC,303088,https://www.vlr.gg/303088/nrg-esports-vs-sentinels-champions-tour-2024-americas-kickoff-sf,1923,2024-03-03,8:00 AM
PACIFIC,303086,https://www.vlr.gg/303086/loud-vs-sentinels-champions-tour-2024-americas-kickoff-gf,1923,2024-03-04,5:00 AM
PACIFIC,247100,https://www.vlr.gg/247100/team-liquid-vs-natus-vincere-valorant-champions-2023-group-stage-opening-d,1657,2023-08-07,2:00 AM
PACIFIC,247101,https://www.vlr.gg/247101/drx-vs-loud-valorant-champions-2023-group-stage-opening-d,1657,2023-08-07,5:20 AM
PACIFIC,247087,https://www.vlr.gg/247087/fut-esports-vs-t1-valorant-champions-2023-group-stage-opening-b,1657,2023-08-08,2:00 AM
PACIFIC,247086,https://www.vlr.gg/247086/evil-geniuses-vs-funplus-phoenix-valorant-champions-2023-group-stage-opening-b,1657,2023-08-08,4:10 AM
PACIFIC,247102,https://www.vlr.gg/247102/natus-vincere-vs-drx-valorant-champions-2023-group-stage-winners-d,1657,2023-08-08,6:15 AM
PACIFIC,247094,https://www.vlr.gg/247094/nrg-esports-vs-bilibili-gaming-valorant-champions-2023-group-stage-opening-c,1657,2023-08-09,2:00 AM
PACIFIC,247093,https://www.vlr.gg/247093/fnatic-vs-zeta-division-valorant-champions-2023-group-stage-opening-c,1657,2023-08-09,4:35 AM
PACIFIC,247088,https://www.vlr.gg/247088/evil-geniuses-vs-fut-esports-valorant-champions-2023-group-stage-winners-b,1657,2023-08-09,6:40 AM
PACIFIC,247075,https://www.vlr.gg/247075/paper-rex-vs-kr-esports-valorant-champions-2023-group-stage-opening-a,1657,2023-08-10,2:00 AM
PACIFIC,247076,https://www.vlr.gg/247076/edward-gaming-vs-giants-gaming-valorant-champions-2023-group-stage-opening-a,1657,2023-08-10,4:15 AM
PACIFIC,247095,https://www.vlr.gg/247095/fnatic-vs-bilibili-gaming-valorant-champions-2023-group-stage-winners-c,1657,2023-08-10,8:00 AM
PACIFIC,247103,https://www.vlr.gg/247103/team-liquid-vs-loud-valorant-champions-2023-group-stage-elim-d,1657,2023-08-11,2:00 AM
PACIFIC,247089,https://www.vlr.gg/247089/funplus-phoenix-vs-t1-valorant-champions-2023-group-stage-elim-b,1657,2023-08-11,4:25 AM
PACIFIC,247077,https://www.vlr.gg/247077/paper-rex-vs-edward-gaming-valorant-champions-2023-group-stage-winners-a,1657,2023-08-11,6:45 AM
PACIFIC,247078,https://www.vlr.gg/247078/kr-esports-vs-giants-gaming-valorant-champions-2023-group-stage-elim-a,1657,2023-08-12,2:00 AM
PACIFIC,247096,https://www.vlr.gg/247096/zeta-division-vs-nrg-esports-valorant-champions-2023-group-stage-elim-c,1657,2023-08-12,4:45 AM
PACIFIC,247104,https://www.vlr.gg/247104/natus-vincere-vs-loud-valorant-champions-2023-group-stage-decider-d,1657,2023-08-13,2:00 AM
PACIFIC,247090,https://www.vlr.gg/247090/fut-esports-vs-t1-valorant-champions-2023-group-stage-decider-b,1657,2023-08-13,5:55 AM
PACIFIC,247079,https://www.vlr.gg/247079/edward-gaming-vs-giants-gaming-valorant-champions-2023-group-stage-decider-a,1657,2023-08-14,2:00 AM
PACIFIC,247098,https://www.vlr.gg/247098/bilibili-gaming-vs-nrg-esports-valorant-champions-2023-group-stage-decider-c,1657,2023-08-14,4:15 AM
PACIFIC,248270,https://www.vlr.gg/248270/fnatic-vs-loud-valorant-champions-2023-playoffs-ubqf,1657,2023-08-17,2:00 AM
PACIFIC,248271,https://www.vlr.gg/248271/paper-rex-vs-fut-esports-valorant-champions-2023-playoffs-ubqf,1657,2023-08-17,4:25 AM
PACIFIC,248272,https://www.vlr.gg/248272/drx-vs-bilibili-gaming-valorant-champions-2023-playoffs-ubqf,1657,2023-08-18,2:00 AM
PACIFIC,248273,https://www.vlr.gg/248273/evil-geniuses-vs-edward-gaming-valorant-champions-2023-playoffs-ubqf,1657,2023-08-18,4:25 AM
PACIFIC,248278,https://www.vlr.gg/248278/fnatic-vs-fut-esports-valorant-champions-2023-playoffs-lr1,1657,2023-08-19,2:00 AM
PACIFIC,248279,https://www.vlr.gg/248279/bilibili-gaming-vs-edward-gaming-valorant-champions-2023-playoffs-lr1,1657,2023-08-19,4:10 AM
PACIFIC,248274,https://www.vlr.gg/248274/loud-vs-paper-rex-valorant-champions-2023-playoffs-ubsf,1657,2023-08-20,2:00 AM
PACIFIC,248275,https://www.vlr.gg/248275/drx-vs-evil-geniuses-valorant-champions-2023-playoffs-ubsf,1657,2023-08-20,5:25 AM
PACIFIC,248281,https://www.vlr.gg/248281/loud-vs-edward-gaming-valorant-champions-2023-playoffs-lr2,1657,2023-08-21,2:00 AM
PACIFIC,248280,https://www.vlr.gg/248280/drx-vs-fnatic-valorant-champions-2023-playoffs-lr2,1657,2023-08-21,5:20 AM
PACIFIC,248276,https://www.vlr.gg/248276/paper-rex-vs-evil-geniuses-valorant-champions-2023-playoffs-uf,1657,2023-08-25,2:00 AM
PACIFIC,248282,https://www.vlr.gg/248282/fnatic-vs-loud-valorant-champions-2023-playoffs-lr3,1657,2023-08-25,5:45 AM
PACIFIC,248283,https://www.vlr.gg/248283/evil-geniuses-vs-loud-valorant-champions-2023-playoffs-lbf,1657,2023-08-26,2:00 AM
PACIFIC,248277,https://www.vlr.gg/248277/paper-rex-vs-evil-geniuses-valorant-champions-2023-playoffs-gf,1657,2023-08-27,2:30 AM
PACIFIC,232729,https://www.vlr.gg/232729/mibr-vs-kr-esports-champions-tour-2023-americas-last-chance-qualifier-ur1,1658,2023-07-16,3:00 AM
PACIFIC,232731,https://www.vlr.gg/232731/furia-vs-kr-esports-champions-tour-2023-americas-last-chance-qualifier-ubqf,1658,2023-07-17,3:00 AM
PACIFIC,232730,https://www.vlr.gg/232730/sentinels-vs-100-thieves-champions-tour-2023-americas-last-chance-qualifier-ubqf,1658,2023-07-17,6:45 AM
PACIFIC,232732,https://www.vlr.gg/232732/cloud9-vs-sentinels-champions-tour-2023-americas-last-chance-qualifier-ubsf,1658,2023-07-18,3:00 AM
PACIFIC,232733,https://www.vlr.gg/232733/leviat-n-vs-kr-esports-champions-tour-2023-americas-last-chance-qualifier-ubsf,1658,2023-07-18,6:00 AM
PACIFIC,232734,https://www.vlr.gg/232734/cloud9-vs-kr-esports-champions-tour-2023-americas-last-chance-qualifier-ubf,1658,2023-07-19,3:00 AM
PACIFIC,232736,https://www.vlr.gg/232736/sentinels-vs-leviat-n-champions-tour-2023-americas-last-chance-qualifier-lr1,1658,2023-07-19,6:05 AM
PACIFIC,232737,https://www.vlr.gg/232737/cloud9-vs-leviat-n-champions-tour-2023-americas-last-chance-qualifier-lbf,1658,2023-07-23,3:00 AM
PACIFIC,232735,https://www.vlr.gg/232735/kr-esports-vs-leviat-n-champions-tour-2023-americas-last-chance-qualifier-gf,1658,2023-07-24,3:00 AM
PACIFIC,183774,https://www.vlr.gg/183774/sentinels-vs-100-thieves-champions-tour-2023-americas-league-w1,1189,2023-04-02,2:00 AM
PACIFIC,183775,https://www.vlr.gg/183775/kr-esports-vs-furia-champions-tour-2023-americas-league-w1,1189,2023-04-02,6:15 AM
PACIFIC,183776,https://www.vlr.gg/183776/loud-vs-mibr-champions-tour-2023-americas-league-w1,1189,2023-04-03,2:00 AM
PACIFIC,183777,https://www.vlr.gg/183777/evil-geniuses-vs-cloud9-champions-tour-2023-americas-league-w1,1189,2023-04-03,5:45 AM
PACIFIC,183778,https://www.vlr.gg/183778/leviat-n-vs-nrg-esports-champions-tour-2023-americas-league-w1,1189,2023-04-04,2:00 AM
PACIFIC,183779,https://www.vlr.gg/183779/cloud9-vs-loud-champions-tour-2023-americas-league-w2,1189,2023-04-09,2:00 AM
PACIFIC,183780,https://www.vlr.gg/183780/leviat-n-vs-furia-champions-tour-2023-americas-league-w2,1189,2023-04-09,5:35 AM
PACIFIC,183781,https://www.vlr.gg/183781/nrg-esports-vs-sentinels-champions-tour-2023-americas-league-w2,1189,2023-04-10,2:00 AM
PACIFIC,183782,https://www.vlr.gg/183782/mibr-vs-kr-esports-champions-tour-2023-americas-league-w2,1189,2023-04-10,4:35 AM
PACIFIC,183783,https://www.vlr.gg/183783/evil-geniuses-vs-100-thieves-champions-tour-2023-americas-league-w2,1189,2023-04-11,2:00 AM
PACIFIC,183785,https://www.vlr.gg/183785/cloud9-vs-100-thieves-champions-tour-2023-americas-league-w3,1189,2023-04-16,2:00 AM
PACIFIC,183786,https://www.vlr.gg/183786/nrg-esports-vs-mibr-champions-tour-2023-americas-league-w3,1189,2023-04-16,5:00 AM
PACIFIC,183787,https://www.vlr.gg/183787/leviat-n-vs-sentinels-champions-tour-2023-americas-league-w3,1189,2023-04-17,2:00 AM
PACIFIC,183788,https://www.vlr.gg/183788/evil-geniuses-vs-kr-esports-champions-tour-2023-americas-league-w3,1189,2023-04-17,6:00 AM
PACIFIC,183789,https://www.vlr.gg/183789/loud-vs-furia-champions-tour-2023-americas-league-w3,1189,2023-04-18,2:00 AM
PACIFIC,183791,https://www.vlr.gg/183791/loud-vs-sentinels-champions-tour-2023-americas-league-w4,1189,2023-04-22,2:00 AM
PACIFIC,183792,https://www.vlr.gg/183792/leviat-n-vs-mibr-champions-tour-2023-americas-league-w4,1189,2023-04-22,6:00 AM
PACIFIC,183793,https://www.vlr.gg/183793/kr-esports-vs-100-thieves-champions-tour-2023-americas-league-w4,1189,2023-04-23,2:00 AM
PACIFIC,183794,https://www.vlr.gg/183794/evil-geniuses-vs-furia-champions-tour-2023-americas-league-w4,1189,2023-04-23,5:20 AM
PACIFIC,183795,https://www.vlr.gg/183795/nrg-esports-vs-cloud9-champions-tour-2023-americas-league-w4,1189,2023-04-24,2:00 AM
PACIFIC,183796,https://www.vlr.gg/183796/mibr-vs-sentinels-champions-tour-2023-americas-league-w4,1189,2023-04-24,6:05 AM
PACIFIC,183797,https://www.vlr.gg/183797/leviat-n-vs-100-thieves-champions-tour-2023-americas-league-w4,1189,2023-04-25,2:00 AM
PACIFIC,183798,https://www.vlr.gg/183798/evil-geniuses-vs-loud-champions-tour-2023-americas-league-w4,1189,2023-04-25,6:00 AM
PACIFIC,183799,https://www.vlr.gg/183799/cloud9-vs-furia-champions-tour-2023-americas-league-w4,1189,2023-04-26,2:00 AM
PACIFIC,183800,https://www.vlr.gg/183800/nrg-esports-vs-kr-esports-champions-tour-2023-americas-league-w4,1189,2023-04-26,4:30 AM
PACIFIC,183801,https://www.vlr.gg/183801/nrg-esports-vs-100-thieves-champions-tour-2023-americas-league-w5,1189,2023-04-30,2:00 AM
PACIFIC,183802,https://www.vlr.gg/183802/mibr-vs-furia-champions-tour-2023-americas-league-w5,1189,2023-04-30,4:20 AM
PACIFIC,183803,https://www.vlr.gg/183803/cloud9-vs-sentinels-champions-tour-2023-americas-league-w5,1189,2023-05-01,2:00 AM
PACIFIC,183804,https://www.vlr.gg/183804/leviat-n-vs-evil-geniuses-champions-tour-2023-americas-league-w5,1189,2023-05-01,4:25 AM
PACIFIC,183805,https://www.vlr.gg/183805/loud-vs-kr-esports-champions-tour-2023-americas-league-w5,1189,2023-05-02,2:00 AM
PACIFIC,183807,https://www.vlr.gg/183807/evil-geniuses-vs-sentinels-champions-tour-2023-americas-league-w6,1189,2023-05-07,2:00 AM
PACIFIC,183808,https://www.vlr.gg/183808/cloud9-vs-mibr-champions-tour-2023-americas-league-w6,1189,2023-05-07,4:10 AM
PACIFIC,183809,https://www.vlr.gg/183809/loud-vs-100-thieves-champions-tour-2023-americas-league-w6,1189,2023-05-08,2:00 AM
PACIFIC,183810,https://www.vlr.gg/183810/leviat-n-vs-kr-esports-champions-tour-2023-americas-league-w6,1189,2023-05-08,4:30 AM
PACIFIC,183811,https://www.vlr.gg/183811/nrg-esports-vs-furia-champions-tour-2023-americas-league-w6,1189,2023-05-09,2:00 AM
PACIFIC,183812,https://www.vlr.gg/183812/furia-vs-100-thieves-champions-tour-2023-americas-league-w7,1189,2023-05-14,2:00 AM
PACIFIC,183813,https://www.vlr.gg/183813/evil-geniuses-vs-mibr-champions-tour-2023-americas-league-w7,1189,2023-05-14,5:30 AM
PACIFIC,183814,https://www.vlr.gg/183814/kr-esports-vs-sentinels-champions-tour-2023-americas-league-w7,1189,2023-05-15,2:00 AM
PACIFIC,183815,https://www.vlr.gg/183815/nrg-esports-vs-loud-champions-tour-2023-americas-league-w7,1189,2023-05-15,4:45 AM
PACIFIC,183816,https://www.vlr.gg/183816/leviat-n-vs-cloud9-champions-tour-2023-americas-league-w7,1189,2023-05-16,2:00 AM
PACIFIC,184032,https://www.vlr.gg/184032/sentinels-vs-furia-champions-tour-2023-americas-league-w8,1189,2023-05-19,2:00 AM
PACIFIC,184033,https://www.vlr.gg/184033/nrg-esports-vs-evil-geniuses-champions-tour-2023-americas-league-w8,1189,2023-05-19,5:45 AM
PACIFIC,184034,https://www.vlr.gg/184034/cloud9-vs-kr-esports-champions-tour-2023-americas-league-w8,1189,2023-05-20,2:00 AM
PACIFIC,184035,https://www.vlr.gg/184035/leviat-n-vs-loud-champions-tour-2023-americas-league-w8,1189,2023-05-20,5:40 AM
PACIFIC,184036,https://www.vlr.gg/184036/mibr-vs-100-thieves-champions-tour-2023-americas-league-w8,1189,2023-05-21,2:00 AM
PACIFIC,189050,https://www.vlr.gg/189050/leviat-n-vs-furia-champions-tour-2023-americas-league-ur1,1189,2023-05-24,2:55 AM
PACIFIC,189051,https://www.vlr.gg/189051/nrg-esports-vs-evil-geniuses-champions-tour-2023-americas-league-ur1,1189,2023-05-24,6:45 AM
PACIFIC,189052,https://www.vlr.gg/189052/loud-vs-furia-champions-tour-2023-americas-league-ubsf,1189,2023-05-25,2:50 AM
PACIFIC,189053,https://www.vlr.gg/189053/cloud9-vs-evil-geniuses-champions-tour-2023-americas-league-ubsf,1189,2023-05-25,5:10 AM
PACIFIC,189057,https://www.vlr.gg/189057/furia-vs-nrg-esports-champions-tour-2023-americas-league-lr1,1189,2023-05-26,3:00 AM
PACIFIC,189056,https://www.vlr.gg/189056/cloud9-vs-leviat-n-champions-tour-2023-americas-league-lr1,1189,2023-05-26,5:30 AM
PACIFIC,189054,https://www.vlr.gg/189054/loud-vs-evil-geniuses-champions-tour-2023-americas-league-ubf,1189,2023-05-27,3:00 AM
PACIFIC,189058,https://www.vlr.gg/189058/cloud9-vs-nrg-esports-champions-tour-2023-americas-league-lr2,1189,2023-05-27,6:20 AM
PACIFIC,189059,https://www.vlr.gg/189059/evil-geniuses-vs-nrg-esports-champions-tour-2023-americas-league-lbf,1189,2023-05-28,3:00 AM
PACIFIC,189055,https://www.vlr.gg/189055/loud-vs-nrg-esports-champions-tour-2023-americas-league-gf,1189,2023-05-29,3:00 AM
PACIFIC,123322,https://www.vlr.gg/123322/the-guard-vs-sentinels-champions-tour-north-america-last-chance-qualifier-ubqf,1130,2022-08-05,3:00 AM
PACIFIC,123324,https://www.vlr.gg/123324/faze-clan-vs-evil-geniuses-champions-tour-north-america-last-chance-qualifier-ubqf,1130,2022-08-05,7:05 AM
PACIFIC,123325,https://www.vlr.gg/123325/nrg-esports-vs-100-thieves-champions-tour-north-america-last-chance-qualifier-ubqf,1130,2022-08-06,3:00 AM
PACIFIC,123323,https://www.vlr.gg/123323/shopify-rebellion-vs-cloud9-champions-tour-north-america-last-chance-qualifier-ubqf,1130,2022-08-06,6:45 AM
PACIFIC,123326,https://www.vlr.gg/123326/the-guard-vs-cloud9-champions-tour-north-america-last-chance-qualifier-ubsf,1130,2022-08-07,3:00 AM
PACIFIC,123330,https://www.vlr.gg/123330/sentinels-vs-shopify-rebellion-champions-tour-north-america-last-chance-qualifier-lr1,1130,2022-08-07,5:30 AM
PACIFIC,123327,https://www.vlr.gg/123327/faze-clan-vs-100-thieves-champions-tour-north-america-last-chance-qualifier-ubsf,1130,2022-08-08,3:00 AM
PACIFIC,123331,https://www.vlr.gg/123331/evil-geniuses-vs-nrg-esports-champions-tour-north-america-last-chance-qualifier-lr1,1130,2022-08-08,6:10 AM
PACIFIC,123332,https://www.vlr.gg/123332/100-thieves-vs-sentinels-champions-tour-north-america-last-chance-qualifier-lr2,1130,2022-08-12,3:00 AM
PACIFIC,123333,https://www.vlr.gg/123333/cloud9-vs-nrg-esports-champions-tour-north-america-last-chance-qualifier-lr2,1130,2022-08-12,7:00 AM
PACIFIC,123328,https://www.vlr.gg/123328/the-guard-vs-faze-clan-champions-tour-north-america-last-chance-qualifier-ubf,1130,2022-08-13,3:00 AM
PACIFIC,123334,https://www.vlr.gg/123334/100-thieves-vs-cloud9-champions-tour-north-america-last-chance-qualifier-lr3,1130,2022-08-13,5:30 AM
PACIFIC,123335,https://www.vlr.gg/123335/faze-clan-vs-100-thieves-champions-tour-north-america-last-chance-qualifier-lbf,1130,2022-08-14,3:00 AM
PACIFIC,123329,https://www.vlr.gg/123329/the-guard-vs-100-thieves-champions-tour-north-america-last-chance-qualifier-gf,1130,2022-08-15,3:00 AM
PACIFIC,94199,https://www.vlr.gg/94199/zer0-latency-vs-ten-5-champions-tour-north-america-stage-2-challengers-ro128,800,2022-04-29,5:00 AM
PACIFIC,94200,https://www.vlr.gg/94200/yfp-gaming-vs-mew2-champions-tour-north-america-stage-2-challengers-ro128,800,2022-04-29,5:00 AM
PACIFIC,94201,https://www.vlr.gg/94201/complexity-vs-tokyo-revengers-champions-tour-north-america-stage-2-challengers-ro128,800,2022-04-29,5:00 AM
PACIFIC,94202,https://www.vlr.gg/94202/aspyre-vs-syndicates-champions-tour-north-america-stage-2-challengers-ro128,800,2022-04-29,5:00 AM
PACIFIC,94203,https://www.vlr.gg/94203/soar-vs-mizzou-esports-champions-tour-north-america-stage-2-challengers-ro128,800,2022-04-29,5:00 AM
PACIFIC,94204,https://www.vlr.gg/94204/exotic-vs-free-fall-champions-tour-north-america-stage-2-challengers-ro128,800,2022-04-29,5:00 AM
PACIFIC,94207,https://www.vlr.gg/94207/darkzero-esports-vs-ego-peekers-champions-tour-north-america-stage-2-challengers-ro128,800,2022-04-29,5:00 AM
PACIFIC,94208,https://www.vlr.gg/94208/able-esports-vs-dawn-champions-tour-north-america-stage-2-challengers-ro128,800,2022-04-29,5:00 AM
PACIFIC,94209,https://www.vlr.gg/94209/ghost-gaming-vs-team-opulence-black-champions-tour-north-america-stage-2-challengers-ro128,800,2022-04-29,5:00 AM
PACIFIC,94210,https://www.vlr.gg/94210/5-of-a-kind-vs-nation-gaming-champions-tour-north-america-stage-2-challengers-ro128,800,2022-04-29,5:00 AM
PACIFIC,94211,https://www.vlr.gg/94211/team-basilisk-vs-lycus-empire-champions-tour-north-america-stage-2-challengers-ro128,800,2022-04-29,5:00 AM
PACIFIC,94212,https://www.vlr.gg/94212/thanos-mug-academy-vs-swarm-esports-champions-tour-north-america-stage-2-challengers-ro128,800,2022-04-29,5:00 AM
PACIFIC,94215,https://www.vlr.gg/94215/the-11-vs-team-opulence-gold-champions-tour-north-america-stage-2-challengers-ro128,800,2022-04-29,5:00 AM
PACIFIC,94216,https://www.vlr.gg/94216/nights-academy-vs-fart-clan-champions-tour-north-america-stage-2-challengers-ro128,800,2022-04-29,5:00 AM
PACIFIC,94217,https://www.vlr.gg/94217/t1-vs-ugly-hamsters-champions-tour-north-america-stage-2-challengers-ro128,800,2022-04-29,5:00 AM
PACIFIC,94218,https://www.vlr.gg/94218/team-flux-vs-aftermath-esports-champions-tour-north-america-stage-2-challengers-ro128,800,2022-04-29,5:00 AM
PACIFIC,94219,https://www.vlr.gg/94219/moon-raccoons-vs-nanas-biscuits-champions-tour-north-america-stage-2-challengers-ro128,800,2022-04-29,5:00 AM
PACIFIC,94220,https://www.vlr.gg/94220/new-moon-vs-select-few-champions-tour-north-america-stage-2-challengers-ro128,800,2022-04-29,5:00 AM
PACIFIC,94223,https://www.vlr.gg/94223/lenny-time-vs-go-4-broke-champions-tour-north-america-stage-2-challengers-ro128,800,2022-04-29,5:00 AM
PACIFIC,94224,https://www.vlr.gg/94224/unknown-vs-eros-champions-tour-north-america-stage-2-challengers-ro128,800,2022-04-29,5:00 AM
PACIFIC,94225,https://www.vlr.gg/94225/soniqs-vs-ssa-champions-tour-north-america-stage-2-challengers-ro128,800,2022-04-29,5:00 AM
PACIFIC,94226,https://www.vlr.gg/94226/moonrise-vs-crownless-champions-tour-north-america-stage-2-challengers-ro128,800,2022-04-29,5:00 AM
PACIFIC,94227,https://www.vlr.gg/94227/zero-marksmen-black-vs-slodi-repus-champions-tour-north-america-stage-2-challengers-ro128,800,2022-04-29,5:00 AM
PACIFIC,94228,https://www.vlr.gg/94228/based-vs-panda-party-champions-tour-north-america-stage-2-challengers-ro128,800,2022-04-29,5:00 AM
PACIFIC,94231,https://www.vlr.gg/94231/tradelikepros-red-vs-goth-boy-clique-champions-tour-north-america-stage-2-challengers-ro128,800,2022-04-29,5:00 AM
PACIFIC,94232,https://www.vlr.gg/94232/girl-kissers-vs-phoenix2-champions-tour-north-america-stage-2-challengers-ro128,800,2022-04-29,5:00 AM
PACIFIC,94233,https://www.vlr.gg/94233/gen-g-vs-face-off-champions-tour-north-america-stage-2-challengers-ro128,800,2022-04-29,5:00 AM
PACIFIC,94234,https://www.vlr.gg/94234/team-mystic-vs-dallas-vendetta-champions-tour-north-america-stage-2-challengers-ro128,800,2022-04-29,5:00 AM
PACIFIC,94235,https://www.vlr.gg/94235/clanless-vs-syr-champions-tour-north-america-stage-2-challengers-ro128,800,2022-04-29,5:00 AM
PACIFIC,94236,https://www.vlr.gg/94236/cloud9-white-vs-edo-tensei-champions-tour-north-america-stage-2-challengers-ro128,800,2022-04-29,5:00 AM
PACIFIC,94239,https://www.vlr.gg/94239/nyfu-vs-pasquallys-pizza-posse-champions-tour-north-america-stage-2-challengers-ro128,800,2022-04-29,5:00 AM
PACIFIC,94240,https://www.vlr.gg/94240/gorilla-gang-vs-nocturnals-champions-tour-north-america-stage-2-challengers-ro128,800,2022-04-29,5:00 AM
PACIFIC,94241,https://www.vlr.gg/94241/tsm-vs-discord-kitties-uwu-champions-tour-north-america-stage-2-challengers-ro128,800,2022-04-29,5:00 AM
PACIFIC,94242,https://www.vlr.gg/94242/illuzion-vs-eclectiq-champions-tour-north-america-stage-2-challengers-ro128,800,2022-04-29,5:00 AM
PACIFIC,94243,https://www.vlr.gg/94243/cosmic-divide-vs-desire-rising-champions-tour-north-america-stage-2-challengers-ro128,800,2022-04-29,5:00 AM
PACIFIC,94244,https://www.vlr.gg/94244/resonate-vs-starbound-champions-tour-north-america-stage-2-challengers-ro128,800,2022-04-29,5:00 AM
PACIFIC,94247,https://www.vlr.gg/94247/team-reckaroo-vs-moonrise-black-champions-tour-north-america-stage-2-challengers-ro128,800,2022-04-29,5:00 AM
PACIFIC,94248,https://www.vlr.gg/94248/pugstars-vs-gonjo-champions-tour-north-america-stage-2-challengers-ro128,800,2022-04-29,5:00 AM
PACIFIC,94249,https://www.vlr.gg/94249/akrew-vs-team-blank-champions-tour-north-america-stage-2-challengers-ro128,800,2022-04-29,5:00 AM
PACIFIC,94250,https://www.vlr.gg/94250/mach5-vs-omnipotent-gaming-champions-tour-north-america-stage-2-challengers-ro128,800,2022-04-29,5:00 AM
PACIFIC,94251,https://www.vlr.gg/94251/built-by-gamers-academy-vs-mugi-champions-tour-north-america-stage-2-challengers-ro128,800,2022-04-29,5:00 AM
PACIFIC,94252,https://www.vlr.gg/94252/solstice-esports-vs-zenigma-alpha-champions-tour-north-america-stage-2-challengers-ro128,800,2022-04-29,5:00 AM
PACIFIC,94255,https://www.vlr.gg/94255/skwirel-warriers-vs-stayhydrated-champions-tour-north-america-stage-2-challengers-ro128,800,2022-04-29,5:00 AM
PACIFIC,94256,https://www.vlr.gg/94256/run-it-down-vs-conquest-esports-champions-tour-north-america-stage-2-challengers-ro128,800,2022-04-29,5:00 AM
PACIFIC,94257,https://www.vlr.gg/94257/nearest-airport-vs-godspeed-champions-tour-north-america-stage-2-challengers-ro128,800,2022-04-29,5:00 AM
PACIFIC,94258,https://www.vlr.gg/94258/shopify-rebellion-vs-tempest-gaming-champions-tour-north-america-stage-2-challengers-ro128,800,2022-04-29,5:00 AM
PACIFIC,94259,https://www.vlr.gg/94259/virtuoso-vs-dart-monkeys-champions-tour-north-america-stage-2-challengers-ro128,800,2022-04-29,5:00 AM
PACIFIC,94260,https://www.vlr.gg/94260/gifted-vs-immortals-champions-tour-north-america-stage-2-challengers-ro128,800,2022-04-29,5:00 AM
PACIFIC,94262,https://www.vlr.gg/94262/zer0-latency-vs-yfp-gaming-champions-tour-north-america-stage-2-challengers-ro64,800,2022-04-29,7:00 AM
PACIFIC,94264,https://www.vlr.gg/94264/soar-vs-free-fall-champions-tour-north-america-stage-2-challengers-ro64,800,2022-04-29,7:00 AM
PACIFIC,94266,https://www.vlr.gg/94266/darkzero-esports-vs-dawn-champions-tour-north-america-stage-2-challengers-ro64,800,2022-04-29,7:00 AM
PACIFIC,94267,https://www.vlr.gg/94267/ghost-gaming-vs-nation-gaming-champions-tour-north-america-stage-2-challengers-ro64,800,2022-04-29,7:00 AM
PACIFIC,94271,https://www.vlr.gg/94271/t1-vs-aftermath-esports-champions-tour-north-america-stage-2-challengers-ro64,800,2022-04-29,7:00 AM
PACIFIC,94272,https://www.vlr.gg/94272/moon-raccoons-vs-new-moon-champions-tour-north-america-stage-2-challengers-ro64,800,2022-04-29,7:00 AM
PACIFIC,94274,https://www.vlr.gg/94274/lenny-time-vs-unknown-champions-tour-north-america-stage-2-challengers-ro64,800,2022-04-29,7:00 AM
PACIFIC,94276,https://www.vlr.gg/94276/zero-marksmen-black-vs-based-champions-tour-north-america-stage-2-challengers-ro64,800,2022-04-29,7:00 AM
PACIFIC,94278,https://www.vlr.gg/94278/tradelikepros-red-vs-girl-kissers-champions-tour-north-america-stage-2-challengers-ro64,800,2022-04-29,7:00 AM
PACIFIC,94279,https://www.vlr.gg/94279/gen-g-vs-team-mystic-champions-tour-north-america-stage-2-challengers-ro64,800,2022-04-29,7:00 AM
PACIFIC,94280,https://www.vlr.gg/94280/clanless-vs-cloud9-white-champions-tour-north-america-stage-2-challengers-ro64,800,2022-04-29,7:00 AM
PACIFIC,94282,https://www.vlr.gg/94282/nyfu-vs-gorilla-gang-champions-tour-north-america-stage-2-challengers-ro64,800,2022-04-29,7:00 AM
PACIFIC,94288,https://www.vlr.gg/94288/built-by-gamers-academy-vs-solstice-esports-champions-tour-north-america-stage-2-challengers-ro6,800,2022-04-29,7:00 AM
PACIFIC,94291,https://www.vlr.gg/94291/nearest-airport-vs-shopify-rebellion-champions-tour-north-america-stage-2-challengers-ro64,800,2022-04-29,7:00 AM
PACIFIC,94292,https://www.vlr.gg/94292/virtuoso-vs-gifted-champions-tour-north-america-stage-2-challengers-ro64,800,2022-04-29,7:00 AM
PACIFIC,94263,https://www.vlr.gg/94263/complexity-vs-aspyre-champions-tour-north-america-stage-2-challengers-ro64,800,2022-04-29,7:30 AM
PACIFIC,94275,https://www.vlr.gg/94275/soniqs-vs-moonrise-champions-tour-north-america-stage-2-challengers-ro64,800,2022-04-29,7:30 AM
PACIFIC,94270,https://www.vlr.gg/94270/the-11-vs-nights-academy-champions-tour-north-america-stage-2-challengers-ro64,800,2022-04-29,7:45 AM
PACIFIC,94287,https://www.vlr.gg/94287/akrew-vs-mach5-champions-tour-north-america-stage-2-challengers-ro64,800,2022-04-29,7:45 AM
PACIFIC,94290,https://www.vlr.gg/94290/skwirel-warriers-vs-run-it-down-champions-tour-north-america-stage-2-challengers-ro64,800,2022-04-29,7:45 AM
PACIFIC,94283,https://www.vlr.gg/94283/tsm-vs-illuzion-champions-tour-north-america-stage-2-challengers-ro64,800,2022-04-29,7:50 AM
PACIFIC,94268,https://www.vlr.gg/94268/team-basilisk-vs-swarm-esports-champions-tour-north-america-stage-2-challengers-ro64,800,2022-04-29,8:00 AM
PACIFIC,94284,https://www.vlr.gg/94284/cosmic-divide-vs-resonate-champions-tour-north-america-stage-2-challengers-ro64,800,2022-04-29,8:00 AM
PACIFIC,94286,https://www.vlr.gg/94286/team-reckaroo-vs-pugstars-champions-tour-north-america-stage-2-challengers-ro64,800,2022-04-29,8:00 AM
PACIFIC,94299,https://www.vlr.gg/94299/version1-vs-zer0-latency-champions-tour-north-america-stage-2-challengers-uro32,800,2022-04-30,5:00 AM
PACIFIC,94300,https://www.vlr.gg/94300/complexity-vs-soar-champions-tour-north-america-stage-2-challengers-uro32,800,2022-04-30,5:00 AM
PACIFIC,94301,https://www.vlr.gg/94301/evil-geniuses-vs-darkzero-esports-champions-tour-north-america-stage-2-challengers-uro32,800,2022-04-30,5:00 AM
PACIFIC,94302,https://www.vlr.gg/94302/ghost-gaming-vs-team-basilisk-champions-tour-north-america-stage-2-challengers-uro32,800,2022-04-30,5:00 AM
PACIFIC,94303,https://www.vlr.gg/94303/knights-vs-nights-academy-champions-tour-north-america-stage-2-challengers-uro32,800,2022-04-30,5:00 AM
PACIFIC,94304,https://www.vlr.gg/94304/t1-vs-moon-raccoons-champions-tour-north-america-stage-2-challengers-uro32,800,2022-04-30,5:00 AM
PACIFIC,94305,https://www.vlr.gg/94305/nrg-esports-vs-lenny-time-champions-tour-north-america-stage-2-challengers-uro32,800,2022-04-30,5:00 AM
PACIFIC,94306,https://www.vlr.gg/94306/soniqs-vs-zero-marksmen-black-champions-tour-north-america-stage-2-challengers-uro32,800,2022-04-30,5:00 AM
PACIFIC,94307,https://www.vlr.gg/94307/luminosity-vs-girl-kissers-champions-tour-north-america-stage-2-challengers-uro32,800,2022-04-30,5:00 AM
PACIFIC,94308,https://www.vlr.gg/94308/gen-g-vs-cloud9-white-champions-tour-north-america-stage-2-challengers-uro32,800,2022-04-30,5:00 AM
PACIFIC,94309,https://www.vlr.gg/94309/100-thieves-vs-nyfu-champions-tour-north-america-stage-2-challengers-uro32,800,2022-04-30,5:00 AM
PACIFIC,94310,https://www.vlr.gg/94310/tsm-vs-cosmic-divide-champions-tour-north-america-stage-2-challengers-uro32,800,2022-04-30,5:00 AM
PACIFIC,94311,https://www.vlr.gg/94311/sentinels-vs-pugstars-champions-tour-north-america-stage-2-challengers-uro32,800,2022-04-30,5:00 AM
PACIFIC,94312,https://www.vlr.gg/94312/akrew-vs-built-by-gamers-academy-champions-tour-north-america-stage-2-challengers-uro32,800,2022-04-30,5:00 AM
PACIFIC,94313,https://www.vlr.gg/94313/faze-clan-vs-run-it-down-champions-tour-north-america-stage-2-challengers-uro32,800,2022-04-30,5:00 AM
PACIFIC,94314,https://www.vlr.gg/94314/nearest-airport-vs-virtuoso-champions-tour-north-america-stage-2-challengers-uro32,800,2022-04-30,5:00 AM
PACIFIC,94335,https://www.vlr.gg/94335/built-by-gamers-academy-vs-pugstars-champions-tour-north-america-stage-2-challengers-lr1,800,2022-04-30,7:15 AM
PACIFIC,94321,https://www.vlr.gg/94321/sentinels-vs-akrew-champions-tour-north-america-stage-2-challengers-uro16,800,2022-04-30,7:20 AM
PACIFIC,94316,https://www.vlr.gg/94316/evil-geniuses-vs-team-basilisk-champions-tour-north-america-stage-2-challengers-uro16,800,2022-04-30,7:35 AM
PACIFIC,94330,https://www.vlr.gg/94330/ghost-gaming-vs-darkzero-esports-champions-tour-north-america-stage-2-challengers-lr1,800,2022-04-30,7:35 AM
PACIFIC,94318,https://www.vlr.gg/94318/nrg-esports-vs-zero-marksmen-black-champions-tour-north-america-stage-2-challengers-uro16,800,2022-04-30,7:45 AM
PACIFIC,94332,https://www.vlr.gg/94332/soniqs-vs-lenny-time-champions-tour-north-america-stage-2-challengers-lr1,800,2022-04-30,7:45 AM
PACIFIC,94315,https://www.vlr.gg/94315/version1-vs-complexity-champions-tour-north-america-stage-2-challengers-uro16,800,2022-04-30,7:50 AM
PACIFIC,94322,https://www.vlr.gg/94322/faze-clan-vs-virtuoso-champions-tour-north-america-stage-2-challengers-uro16,800,2022-04-30,7:55 AM
PACIFIC,94329,https://www.vlr.gg/94329/soar-vs-zer0-latency-champions-tour-north-america-stage-2-challengers-lr1,800,2022-04-30,8:00 AM
PACIFIC,94334,https://www.vlr.gg/94334/cosmic-divide-vs-nyfu-champions-tour-north-america-stage-2-challengers-lr1,800,2022-04-30,8:00 AM
PACIFIC,94336,https://www.vlr.gg/94336/nearest-airport-vs-run-it-down-champions-tour-north-america-stage-2-challengers-lr1,800,2022-04-30,8:00 AM
PACIFIC,94319,https://www.vlr.gg/94319/luminosity-vs-gen-g-champions-tour-north-america-stage-2-challengers-uro16,800,2022-04-30,8:15 AM
PACIFIC,94333,https://www.vlr.gg/94333/cloud9-white-vs-girl-kissers-champions-tour-north-america-stage-2-challengers-lr1,800,2022-04-30,8:15 AM
PACIFIC,94320,https://www.vlr.gg/94320/100-thieves-vs-tsm-champions-tour-north-america-stage-2-challengers-uro16,800,2022-04-30,8:20 AM
PACIFIC,94317,https://www.vlr.gg/94317/knights-vs-t1-champions-tour-north-america-stage-2-challengers-uro16,800,2022-04-30,9:05 AM
PACIFIC,94331,https://www.vlr.gg/94331/moon-raccoons-vs-nights-academy-champions-tour-north-america-stage-2-challengers-lr1,800,2022-04-30,9:05 AM
PACIFIC,94323,https://www.vlr.gg/94323/version1-vs-evil-geniuses-champions-tour-north-america-stage-2-challengers-ubqf,800,2022-05-01,3:00 AM
PACIFIC,94324,https://www.vlr.gg/94324/knights-vs-nrg-esports-champions-tour-north-america-stage-2-challengers-ubqf,800,2022-05-01,3:00 AM
PACIFIC,94325,https://www.vlr.gg/94325/luminosity-vs-tsm-champions-tour-north-america-stage-2-challengers-ubqf,800,2022-05-01,3:00 AM
PACIFIC,94326,https://www.vlr.gg/94326/sentinels-vs-faze-clan-champions-tour-north-america-stage-2-challengers-ubqf,800,2022-05-01,3:00 AM
PACIFIC,94337,https://www.vlr.gg/94337/virtuoso-vs-zer0-latency-champions-tour-north-america-stage-2-challengers-lr2,800,2022-05-01,3:00 AM
PACIFIC,94338,https://www.vlr.gg/94338/akrew-vs-darkzero-esports-champions-tour-north-america-stage-2-challengers-lr2,800,2022-05-01,3:00 AM
PACIFIC,94339,https://www.vlr.gg/94339/100-thieves-vs-moon-raccoons-champions-tour-north-america-stage-2-challengers-lr2,800,2022-05-01,3:00 AM
PACIFIC,94340,https://www.vlr.gg/94340/gen-g-vs-soniqs-champions-tour-north-america-stage-2-challengers-lr2,800,2022-05-01,3:00 AM
PACIFIC,94341,https://www.vlr.gg/94341/zero-marksmen-black-vs-girl-kissers-champions-tour-north-america-stage-2-challengers-lr2,800,2022-05-01,3:00 AM
PACIFIC,94342,https://www.vlr.gg/94342/t1-vs-nyfu-champions-tour-north-america-stage-2-challengers-lr2,800,2022-05-01,3:00 AM
PACIFIC,94343,https://www.vlr.gg/94343/team-basilisk-vs-built-by-gamers-academy-champions-tour-north-america-stage-2-challengers-lr2,800,2022-05-01,3:00 AM
PACIFIC,94344,https://www.vlr.gg/94344/complexity-vs-nearest-airport-champions-tour-north-america-stage-2-challengers-lr2,800,2022-05-01,3:00 AM
PACIFIC,94327,https://www.vlr.gg/94327/version1-vs-nrg-esports-champions-tour-north-america-stage-2-challengers-ubsf,800,2022-05-01,5:50 AM
PACIFIC,94348,https://www.vlr.gg/94348/built-by-gamers-academy-vs-complexity-champions-tour-north-america-stage-2-challengers-lr3,800,2022-05-01,6:10 AM
PACIFIC,94345,https://www.vlr.gg/94345/virtuoso-vs-darkzero-esports-champions-tour-north-america-stage-2-challengers-lr3,800,2022-05-01,6:30 AM
PACIFIC,94346,https://www.vlr.gg/94346/100-thieves-vs-gen-g-champions-tour-north-america-stage-2-challengers-lr3,800,2022-05-01,6:30 AM
PACIFIC,94347,https://www.vlr.gg/94347/zero-marksmen-black-vs-nyfu-champions-tour-north-america-stage-2-challengers-lr3,800,2022-05-01,6:35 AM
PACIFIC,94328,https://www.vlr.gg/94328/tsm-vs-faze-clan-champions-tour-north-america-stage-2-challengers-ubsf,800,2022-05-01,8:30 AM
PACIFIC,94349,https://www.vlr.gg/94349/knights-vs-darkzero-esports-champions-tour-north-america-stage-2-challengers-lr4,800,2022-05-01,8:30 AM
PACIFIC,94352,https://www.vlr.gg/94352/luminosity-vs-built-by-gamers-academy-champions-tour-north-america-stage-2-challengers-lr4,800,2022-05-01,8:30 AM
PACIFIC,94350,https://www.vlr.gg/94350/evil-geniuses-vs-100-thieves-champions-tour-north-america-stage-2-challengers-lr4,800,2022-05-01,9:10 AM
PACIFIC,94351,https://www.vlr.gg/94351/sentinels-vs-nyfu-champions-tour-north-america-stage-2-challengers-lr4,800,2022-05-01,9:20 AM
PACIFIC,94353,https://www.vlr.gg/94353/knights-vs-100-thieves-champions-tour-north-america-stage-2-challengers-lr5,800,2022-05-02,3:00 AM
PACIFIC,94354,https://www.vlr.gg/94354/sentinels-vs-luminosity-champions-tour-north-america-stage-2-challengers-lr5,800,2022-05-02,3:00 AM
PACIFIC,94355,https://www.vlr.gg/94355/tsm-vs-100-thieves-champions-tour-north-america-stage-2-challengers-lr6,800,2022-05-02,6:30 AM
PACIFIC,94356,https://www.vlr.gg/94356/version1-vs-luminosity-champions-tour-north-america-stage-2-challengers-lr6,800,2022-05-02,9:55 AM
PACIFIC,96983,https://www.vlr.gg/96983/gorilla-gang-vs-phoenix2-champions-tour-north-america-stage-2-challengers-ro128,800,2022-05-06,5:00 AM
PACIFIC,96984,https://www.vlr.gg/96984/team-reckaroo-vs-gen-g-black-champions-tour-north-america-stage-2-challengers-ro128,800,2022-05-06,5:00 AM
PACIFIC,96985,https://www.vlr.gg/96985/t1-vs-misfits-black-champions-tour-north-america-stage-2-challengers-ro128,800,2022-05-06,5:00 AM
PACIFIC,96986,https://www.vlr.gg/96986/aftermath-esports-vs-team-opulence-gold-champions-tour-north-america-stage-2-challengers-ro128,800,2022-05-06,5:00 AM
PACIFIC,96987,https://www.vlr.gg/96987/soniqs-vs-1rule-champions-tour-north-america-stage-2-challengers-ro128,800,2022-05-06,5:00 AM
PACIFIC,96988,https://www.vlr.gg/96988/vexo-esports-vs-select-few-champions-tour-north-america-stage-2-challengers-ro128,800,2022-05-06,5:00 AM
PACIFIC,96991,https://www.vlr.gg/96991/lenny-time-vs-eros-champions-tour-north-america-stage-2-challengers-ro128,800,2022-05-06,5:00 AM
PACIFIC,96992,https://www.vlr.gg/96992/able-esports-vs-starbound-champions-tour-north-america-stage-2-challengers-ro128,800,2022-05-06,5:00 AM
PACIFIC,96993,https://www.vlr.gg/96993/gen-g-vs-panda-party-champions-tour-north-america-stage-2-challengers-ro128,800,2022-05-06,5:00 AM
PACIFIC,96994,https://www.vlr.gg/96994/spectral-esports-vs-big-baller-brand-champions-tour-north-america-stage-2-challengers-ro128,800,2022-05-06,5:00 AM
PACIFIC,96995,https://www.vlr.gg/96995/soar-vs-pasquallys-pizza-posse-champions-tour-north-america-stage-2-challengers-ro128,800,2022-05-06,5:00 AM
PACIFIC,96996,https://www.vlr.gg/96996/tradelikepros-red-vs-pulsar-red-champions-tour-north-america-stage-2-challengers-ro128,800,2022-05-06,5:00 AM
PACIFIC,96999,https://www.vlr.gg/96999/clanless-vs-slodi-repus-champions-tour-north-america-stage-2-challengers-ro128,800,2022-05-06,5:00 AM
PACIFIC,97000,https://www.vlr.gg/97000/resonate-vs-gonjo-champions-tour-north-america-stage-2-challengers-ro128,800,2022-05-06,5:00 AM
PACIFIC,97001,https://www.vlr.gg/97001/akrew-vs-ugly-hamsters-champions-tour-north-america-stage-2-challengers-ro128,800,2022-05-06,5:00 AM
PACIFIC,97002,https://www.vlr.gg/97002/nation-gaming-vs-baddiesonval-champions-tour-north-america-stage-2-challengers-ro128,800,2022-05-06,5:00 AM
PACIFIC,97003,https://www.vlr.gg/97003/team-basilisk-vs-5-of-a-kind-champions-tour-north-america-stage-2-challengers-ro128,800,2022-05-06,5:00 AM
PACIFIC,97004,https://www.vlr.gg/97004/hypehorizen-vs-zenigma-alpha-champions-tour-north-america-stage-2-challengers-ro128,800,2022-05-06,5:00 AM
PACIFIC,97007,https://www.vlr.gg/97007/nights-academy-vs-mew2-champions-tour-north-america-stage-2-challengers-ro128,800,2022-05-06,5:00 AM
PACIFIC,97008,https://www.vlr.gg/97008/unknown-vs-based-champions-tour-north-america-stage-2-challengers-ro128,800,2022-05-06,5:00 AM
PACIFIC,97009,https://www.vlr.gg/97009/complexity-vs-nanas-biscuits-champions-tour-north-america-stage-2-challengers-ro128,800,2022-05-06,5:00 AM
PACIFIC,97010,https://www.vlr.gg/97010/free-fall-vs-omnipotent-gaming-champions-tour-north-america-stage-2-challengers-ro128,800,2022-05-06,5:00 AM
PACIFIC,97011,https://www.vlr.gg/97011/cosmic-divide-vs-chapter-4-champions-tour-north-america-stage-2-challengers-ro128,800,2022-05-06,5:00 AM
PACIFIC,97012,https://www.vlr.gg/97012/lycus-empire-vs-conquest-esports-champions-tour-north-america-stage-2-challengers-ro128,800,2022-05-06,5:00 AM
PACIFIC,97015,https://www.vlr.gg/97015/skwirel-warriers-vs-shift-walkers-champions-tour-north-america-stage-2-challengers-ro128,800,2022-05-06,5:00 AM
PACIFIC,97016,https://www.vlr.gg/97016/mach5-vs-syndicates-champions-tour-north-america-stage-2-challengers-ro128,800,2022-05-06,5:00 AM
PACIFIC,97017,https://www.vlr.gg/97017/girl-kissers-vs-moonrise-black-champions-tour-north-america-stage-2-challengers-ro128,800,2022-05-06,5:00 AM
PACIFIC,97018,https://www.vlr.gg/97018/moonrise-vs-tempest-gaming-champions-tour-north-america-stage-2-challengers-ro128,800,2022-05-06,5:00 AM
PACIFIC,97019,https://www.vlr.gg/97019/nearest-airport-vs-cg-champions-tour-north-america-stage-2-challengers-ro128,800,2022-05-06,5:00 AM
PACIFIC,97020,https://www.vlr.gg/97020/new-moon-vs-rated-gaming-champions-tour-north-america-stage-2-challengers-ro128,800,2022-05-06,5:00 AM
PACIFIC,97023,https://www.vlr.gg/97023/pugstars-vs-syr-champions-tour-north-america-stage-2-challengers-ro128,800,2022-05-06,5:00 AM
PACIFIC,97024,https://www.vlr.gg/97024/solstice-esports-vs-avesta-champions-tour-north-america-stage-2-challengers-ro128,800,2022-05-06,5:00 AM
PACIFIC,97025,https://www.vlr.gg/97025/zero-marksmen-black-vs-mizzou-esports-champions-tour-north-america-stage-2-challengers-ro128,800,2022-05-06,5:00 AM
PACIFIC,97026,https://www.vlr.gg/97026/eclectiq-vs-tokyo-revengers-champions-tour-north-america-stage-2-challengers-ro128,800,2022-05-06,5:00 AM
PACIFIC,97027,https://www.vlr.gg/97027/ghost-gaming-vs-area-of-effect-champions-tour-north-america-stage-2-challengers-ro128,800,2022-05-06,5:00 AM
PACIFIC,97028,https://www.vlr.gg/97028/illuzion-vs-tbd-champions-tour-north-america-stage-2-challengers-ro128,800,2022-05-06,5:00 AM
PACIFIC,97031,https://www.vlr.gg/97031/yfp-gaming-vs-dart-monkeys-champions-tour-north-america-stage-2-challengers-ro128,800,2022-05-06,5:00 AM
PACIFIC,97032,https://www.vlr.gg/97032/swarm-esports-vs-desire-rising-champions-tour-north-america-stage-2-challengers-ro128,800,2022-05-06,5:00 AM
PACIFIC,97033,https://www.vlr.gg/97033/moon-raccoons-vs-godspeed-champions-tour-north-america-stage-2-challengers-ro128,800,2022-05-06,5:00 AM
PACIFIC,97034,https://www.vlr.gg/97034/adhd-vs-team-flux-champions-tour-north-america-stage-2-challengers-ro128,800,2022-05-06,5:00 AM
PACIFIC,97035,https://www.vlr.gg/97035/zer0-latency-vs-face-off-champions-tour-north-america-stage-2-challengers-ro128,800,2022-05-06,5:00 AM
PACIFIC,97036,https://www.vlr.gg/97036/aspyre-vs-dallas-vendetta-champions-tour-north-america-stage-2-challengers-ro128,800,2022-05-06,5:00 AM
PACIFIC,97039,https://www.vlr.gg/97039/cloud9-white-vs-ten-5-champions-tour-north-america-stage-2-challengers-ro128,800,2022-05-06,5:00 AM
PACIFIC,97040,https://www.vlr.gg/97040/oni-vs-fart-clan-champions-tour-north-america-stage-2-challengers-ro128,800,2022-05-06,5:00 AM
PACIFIC,97041,https://www.vlr.gg/97041/virtuoso-vs-nocturnals-champions-tour-north-america-stage-2-challengers-ro128,800,2022-05-06,5:00 AM
PACIFIC,97042,https://www.vlr.gg/97042/team-mystic-vs-exotic-champions-tour-north-america-stage-2-challengers-ro128,800,2022-05-06,5:00 AM
PACIFIC,97043,https://www.vlr.gg/97043/run-it-down-vs-team-opulence-black-champions-tour-north-america-stage-2-challengers-ro128,800,2022-05-06,5:00 AM
PACIFIC,97044,https://www.vlr.gg/97044/team-mystic-vs-team-blank-champions-tour-north-america-stage-2-challengers-ro128,800,2022-05-06,5:00 AM
PACIFIC,97046,https://www.vlr.gg/97046/gorilla-gang-vs-team-reckaroo-champions-tour-north-america-stage-2-challengers-ro64,800,2022-05-06,6:45 AM
PACIFIC,97048,https://www.vlr.gg/97048/soniqs-vs-vexo-esports-champions-tour-north-america-stage-2-challengers-ro64,800,2022-05-06,6:45 AM
PACIFIC,97050,https://www.vlr.gg/97050/lenny-time-vs-starbound-champions-tour-north-america-stage-2-challengers-ro64,800,2022-05-06,7:00 AM
PACIFIC,97051,https://www.vlr.gg/97051/gen-g-vs-big-baller-brand-champions-tour-north-america-stage-2-challengers-ro64,800,2022-05-06,7:00 AM
PACIFIC,97052,https://www.vlr.gg/97052/soar-vs-tradelikepros-red-champions-tour-north-america-stage-2-challengers-ro64,800,2022-05-06,7:00 AM
PACIFIC,97055,https://www.vlr.gg/97055/akrew-vs-nation-gaming-champions-tour-north-america-stage-2-challengers-ro64,800,2022-05-06,7:00 AM
PACIFIC,97058,https://www.vlr.gg/97058/nights-academy-vs-based-champions-tour-north-america-stage-2-challengers-ro64,800,2022-05-06,7:00 AM
PACIFIC,97059,https://www.vlr.gg/97059/complexity-vs-free-fall-champions-tour-north-america-stage-2-challengers-ro64,800,2022-05-06,7:00 AM
PACIFIC,97060,https://www.vlr.gg/97060/cosmic-divide-vs-lycus-empire-champions-tour-north-america-stage-2-challengers-ro64,800,2022-05-06,7:00 AM
PACIFIC,97063,https://www.vlr.gg/97063/girl-kissers-vs-moonrise-champions-tour-north-america-stage-2-challengers-ro64,800,2022-05-06,7:00 AM
PACIFIC,97067,https://www.vlr.gg/97067/zero-marksmen-black-vs-eclectiq-champions-tour-north-america-stage-2-challengers-ro64,800,2022-05-06,7:00 AM
PACIFIC,97068,https://www.vlr.gg/97068/ghost-gaming-vs-illuzion-champions-tour-north-america-stage-2-challengers-ro64,800,2022-05-06,7:00 AM
PACIFIC,97072,https://www.vlr.gg/97072/zer0-latency-vs-aspyre-champions-tour-north-america-stage-2-challengers-ro64,800,2022-05-06,7:00 AM
PACIFIC,97076,https://www.vlr.gg/97076/run-it-down-vs-team-mystic-champions-tour-north-america-stage-2-challengers-ro64,800,2022-05-06,7:00 AM
PACIFIC,97047,https://www.vlr.gg/97047/t1-vs-aftermath-esports-champions-tour-north-america-stage-2-challengers-ro64,800,2022-05-06,7:15 AM
PACIFIC,97075,https://www.vlr.gg/97075/virtuoso-vs-exotic-champions-tour-north-america-stage-2-challengers-ro64,800,2022-05-06,7:15 AM
PACIFIC,97056,https://www.vlr.gg/97056/team-basilisk-vs-hypehorizen-champions-tour-north-america-stage-2-challengers-ro64,800,2022-05-06,7:30 AM
PACIFIC,97066,https://www.vlr.gg/97066/pugstars-vs-avesta-champions-tour-north-america-stage-2-challengers-ro64,800,2022-05-06,7:30 AM
PACIFIC,97071,https://www.vlr.gg/97071/moon-raccoons-vs-adhd-champions-tour-north-america-stage-2-challengers-ro64,800,2022-05-06,7:30 AM
PACIFIC,97074,https://www.vlr.gg/97074/cloud9-white-vs-oni-champions-tour-north-america-stage-2-challengers-ro64,800,2022-05-06,7:45 AM
PACIFIC,97054,https://www.vlr.gg/97054/clanless-vs-resonate-champions-tour-north-america-stage-2-challengers-ro64,800,2022-05-06,8:00 AM
PACIFIC,97062,https://www.vlr.gg/97062/skwirel-warriers-vs-syndicates-champions-tour-north-america-stage-2-challengers-ro64,800,2022-05-06,8:00 AM
PACIFIC,97064,https://www.vlr.gg/97064/nearest-airport-vs-rated-gaming-champions-tour-north-america-stage-2-challengers-ro64,800,2022-05-06,8:00 AM
PACIFIC,97070,https://www.vlr.gg/97070/yfp-gaming-vs-desire-rising-champions-tour-north-america-stage-2-challengers-ro64,800,2022-05-06,8:00 AM
PACIFIC,97176,https://www.vlr.gg/97176/100-thieves-vs-team-reckaroo-champions-tour-north-america-stage-2-challengers-uro32,800,2022-05-07,5:00 AM
PACIFIC,97177,https://www.vlr.gg/97177/t1-vs-soniqs-champions-tour-north-america-stage-2-challengers-uro32,800,2022-05-07,5:00 AM
PACIFIC,97178,https://www.vlr.gg/97178/nyfu-vs-lenny-time-champions-tour-north-america-stage-2-challengers-uro32,800,2022-05-07,5:00 AM
PACIFIC,97179,https://www.vlr.gg/97179/gen-g-vs-soar-champions-tour-north-america-stage-2-challengers-uro32,800,2022-05-07,5:00 AM
PACIFIC,97180,https://www.vlr.gg/97180/sentinels-vs-clanless-champions-tour-north-america-stage-2-challengers-uro32,800,2022-05-07,5:00 AM
PACIFIC,97181,https://www.vlr.gg/97181/akrew-vs-team-basilisk-champions-tour-north-america-stage-2-challengers-uro32,800,2022-05-07,5:00 AM
PACIFIC,97182,https://www.vlr.gg/97182/built-by-gamers-academy-vs-nights-academy-champions-tour-north-america-stage-2-challengers-uro32,800,2022-05-07,5:00 AM
PACIFIC,97183,https://www.vlr.gg/97183/complexity-vs-cosmic-divide-champions-tour-north-america-stage-2-challengers-uro32,800,2022-05-07,5:00 AM
PACIFIC,97184,https://www.vlr.gg/97184/version1-vs-skwirel-warriers-champions-tour-north-america-stage-2-challengers-uro32,800,2022-05-07,5:00 AM
PACIFIC,97185,https://www.vlr.gg/97185/girl-kissers-vs-rated-gaming-champions-tour-north-america-stage-2-challengers-uro32,800,2022-05-07,5:00 AM
PACIFIC,97186,https://www.vlr.gg/97186/evil-geniuses-vs-pugstars-champions-tour-north-america-stage-2-challengers-uro32,800,2022-05-07,5:00 AM
PACIFIC,97187,https://www.vlr.gg/97187/zero-marksmen-black-vs-ghost-gaming-champions-tour-north-america-stage-2-challengers-uro32,800,2022-05-07,5:00 AM
PACIFIC,97188,https://www.vlr.gg/97188/knights-vs-yfp-gaming-champions-tour-north-america-stage-2-challengers-uro32,800,2022-05-07,5:00 AM
PACIFIC,97189,https://www.vlr.gg/97189/moon-raccoons-vs-aspyre-champions-tour-north-america-stage-2-challengers-uro32,800,2022-05-07,5:00 AM
PACIFIC,97190,https://www.vlr.gg/97190/darkzero-esports-vs-cloud9-white-champions-tour-north-america-stage-2-challengers-uro32,800,2022-05-07,5:00 AM
PACIFIC,97191,https://www.vlr.gg/97191/virtuoso-vs-team-mystic-champions-tour-north-america-stage-2-challengers-uro32,800,2022-05-07,5:00 AM
PACIFIC,97192,https://www.vlr.gg/97192/100-thieves-vs-soniqs-champions-tour-north-america-stage-2-challengers-uro16,800,2022-05-07,7:00 AM
PACIFIC,97196,https://www.vlr.gg/97196/version1-vs-girl-kissers-champions-tour-north-america-stage-2-challengers-uro16,800,2022-05-07,7:00 AM
PACIFIC,97206,https://www.vlr.gg/97206/t1-vs-team-reckaroo-champions-tour-north-america-stage-2-challengers-lr1,800,2022-05-07,7:00 AM
PACIFIC,97194,https://www.vlr.gg/97194/sentinels-vs-akrew-champions-tour-north-america-stage-2-challengers-uro16,800,2022-05-07,7:05 AM
PACIFIC,97208,https://www.vlr.gg/97208/team-basilisk-vs-clanless-champions-tour-north-america-stage-2-challengers-lr1,800,2022-05-07,7:05 AM
PACIFIC,97197,https://www.vlr.gg/97197/evil-geniuses-vs-ghost-gaming-champions-tour-north-america-stage-2-challengers-uro16,800,2022-05-07,7:10 AM
PACIFIC,97211,https://www.vlr.gg/97211/zero-marksmen-black-vs-pugstars-champions-tour-north-america-stage-2-challengers-lr1,800,2022-05-07,7:10 AM
PACIFIC,97195,https://www.vlr.gg/97195/built-by-gamers-academy-vs-cosmic-divide-champions-tour-north-america-stage-2-challengers-uro16,800,2022-05-07,7:15 AM
PACIFIC,97209,https://www.vlr.gg/97209/complexity-vs-nights-academy-champions-tour-north-america-stage-2-challengers-lr1,800,2022-05-07,7:15 AM
PACIFIC,97198,https://www.vlr.gg/97198/knights-vs-moon-raccoons-champions-tour-north-america-stage-2-challengers-uro16,800,2022-05-07,7:20 AM
PACIFIC,97212,https://www.vlr.gg/97212/aspyre-vs-yfp-gaming-champions-tour-north-america-stage-2-challengers-lr1,800,2022-05-07,7:20 AM
PACIFIC,97199,https://www.vlr.gg/97199/darkzero-esports-vs-virtuoso-champions-tour-north-america-stage-2-challengers-uro16,800,2022-05-07,8:00 AM
PACIFIC,97210,https://www.vlr.gg/97210/skwirel-warriers-vs-rated-gaming-champions-tour-north-america-stage-2-challengers-lr1,800,2022-05-07,8:00 AM
PACIFIC,97213,https://www.vlr.gg/97213/team-mystic-vs-cloud9-white-champions-tour-north-america-stage-2-challengers-lr1,800,2022-05-07,8:00 AM
PACIFIC,97193,https://www.vlr.gg/97193/nyfu-vs-soar-champions-tour-north-america-stage-2-challengers-uro16,800,2022-05-07,8:15 AM
PACIFIC,97207,https://www.vlr.gg/97207/gen-g-vs-lenny-time-champions-tour-north-america-stage-2-challengers-lr1,800,2022-05-07,8:15 AM
PACIFIC,97200,https://www.vlr.gg/97200/100-thieves-vs-nyfu-champions-tour-north-america-stage-2-challengers-ubqf,800,2022-05-08,2:00 AM
PACIFIC,97201,https://www.vlr.gg/97201/akrew-vs-built-by-gamers-academy-champions-tour-north-america-stage-2-challengers-ubqf,800,2022-05-08,2:00 AM
PACIFIC,97202,https://www.vlr.gg/97202/girl-kissers-vs-evil-geniuses-champions-tour-north-america-stage-2-challengers-ubqf,800,2022-05-08,2:00 AM
PACIFIC,97203,https://www.vlr.gg/97203/knights-vs-darkzero-esports-champions-tour-north-america-stage-2-challengers-ubqf,800,2022-05-08,2:00 AM
PACIFIC,97214,https://www.vlr.gg/97214/virtuoso-vs-t1-champions-tour-north-america-stage-2-challengers-lr2,800,2022-05-08,2:00 AM
PACIFIC,97215,https://www.vlr.gg/97215/moon-raccoons-vs-gen-g-champions-tour-north-america-stage-2-challengers-lr2,800,2022-05-08,2:00 AM
PACIFIC,97216,https://www.vlr.gg/97216/ghost-gaming-vs-team-basilisk-champions-tour-north-america-stage-2-challengers-lr2,800,2022-05-08,2:00 AM
PACIFIC,97217,https://www.vlr.gg/97217/version1-vs-complexity-champions-tour-north-america-stage-2-challengers-lr2,800,2022-05-08,2:00 AM
PACIFIC,97218,https://www.vlr.gg/97218/cosmic-divide-vs-skwirel-warriers-champions-tour-north-america-stage-2-challengers-lr2,800,2022-05-08,2:00 AM
PACIFIC,97219,https://www.vlr.gg/97219/sentinels-vs-pugstars-champions-tour-north-america-stage-2-challengers-lr2,800,2022-05-08,2:00 AM
PACIFIC,97220,https://www.vlr.gg/97220/soar-vs-yfp-gaming-champions-tour-north-america-stage-2-challengers-lr2,800,2022-05-08,2:00 AM
PACIFIC,97221,https://www.vlr.gg/97221/soniqs-vs-team-mystic-champions-tour-north-america-stage-2-challengers-lr2,800,2022-05-08,2:00 AM
PACIFIC,97225,https://www.vlr.gg/97225/soar-vs-soniqs-champions-tour-north-america-stage-2-challengers-lr3,800,2022-05-08,3:55 AM
PACIFIC,97222,https://www.vlr.gg/97222/virtuoso-vs-gen-g-champions-tour-north-america-stage-2-challengers-lr3,800,2022-05-08,4:25 AM
PACIFIC,97204,https://www.vlr.gg/97204/100-thieves-vs-akrew-champions-tour-north-america-stage-2-challengers-ubsf,800,2022-05-08,4:45 AM
PACIFIC,97224,https://www.vlr.gg/97224/cosmic-divide-vs-sentinels-champions-tour-north-america-stage-2-challengers-lr3,800,2022-05-08,5:00 AM
PACIFIC,97223,https://www.vlr.gg/97223/ghost-gaming-vs-complexity-champions-tour-north-america-stage-2-challengers-lr3,800,2022-05-08,5:15 AM
PACIFIC,97226,https://www.vlr.gg/97226/built-by-gamers-academy-vs-gen-g-champions-tour-north-america-stage-2-challengers-lr4,800,2022-05-08,6:10 AM
PACIFIC,97205,https://www.vlr.gg/97205/evil-geniuses-vs-knights-champions-tour-north-america-stage-2-challengers-ubsf,800,2022-05-08,6:35 AM
PACIFIC,97229,https://www.vlr.gg/97229/girl-kissers-vs-soar-champions-tour-north-america-stage-2-challengers-lr4,800,2022-05-08,6:45 AM
PACIFIC,97228,https://www.vlr.gg/97228/darkzero-esports-vs-sentinels-champions-tour-north-america-stage-2-challengers-lr4,800,2022-05-08,7:05 AM
PACIFIC,97227,https://www.vlr.gg/97227/nyfu-vs-ghost-gaming-champions-tour-north-america-stage-2-challengers-lr4,800,2022-05-08,7:20 AM
PACIFIC,97230,https://www.vlr.gg/97230/built-by-gamers-academy-vs-ghost-gaming-champions-tour-north-america-stage-2-challengers-lr5,800,2022-05-09,2:00 AM
PACIFIC,97231,https://www.vlr.gg/97231/sentinels-vs-soar-champions-tour-north-america-stage-2-challengers-lr5,800,2022-05-09,2:00 AM
PACIFIC,97232,https://www.vlr.gg/97232/knights-vs-ghost-gaming-champions-tour-north-america-stage-2-challengers-lr6,800,2022-05-09,4:30 AM
PACIFIC,97233,https://www.vlr.gg/97233/akrew-vs-sentinels-champions-tour-north-america-stage-2-challengers-lr6,800,2022-05-09,6:55 AM
PACIFIC,99686,https://www.vlr.gg/99686/the-guard-vs-100-thieves-champions-tour-north-america-stage-2-challengers-w1,800,2022-05-14,3:00 AM
PACIFIC,99687,https://www.vlr.gg/99687/luminosity-vs-sentinels-champions-tour-north-america-stage-2-challengers-w1,800,2022-05-14,5:25 AM
PACIFIC,99688,https://www.vlr.gg/99688/optic-gaming-vs-faze-clan-champions-tour-north-america-stage-2-challengers-w1,800,2022-05-15,3:00 AM
PACIFIC,99689,https://www.vlr.gg/99689/xset-vs-ghost-gaming-champions-tour-north-america-stage-2-challengers-w1,800,2022-05-15,5:30 AM
PACIFIC,99690,https://www.vlr.gg/99690/nrg-esports-vs-tsm-champions-tour-north-america-stage-2-challengers-w1,800,2022-05-16,3:00 AM
PACIFIC,99691,https://www.vlr.gg/99691/cloud9-vs-evil-geniuses-champions-tour-north-america-stage-2-challengers-w1,800,2022-05-16,5:50 AM
PACIFIC,99692,https://www.vlr.gg/99692/faze-clan-vs-luminosity-champions-tour-north-america-stage-2-challengers-w2,800,2022-05-21,3:00 AM
PACIFIC,99693,https://www.vlr.gg/99693/ghost-gaming-vs-the-guard-champions-tour-north-america-stage-2-challengers-w2,800,2022-05-21,6:00 AM
PACIFIC,99694,https://www.vlr.gg/99694/tsm-vs-100-thieves-champions-tour-north-america-stage-2-challengers-w2,800,2022-05-22,3:00 AM
PACIFIC,99695,https://www.vlr.gg/99695/evil-geniuses-vs-sentinels-champions-tour-north-america-stage-2-challengers-w2,800,2022-05-22,5:40 AM
PACIFIC,99696,https://www.vlr.gg/99696/optic-gaming-vs-cloud9-champions-tour-north-america-stage-2-challengers-w2,800,2022-05-23,3:00 AM
PACIFIC,99697,https://www.vlr.gg/99697/xset-vs-nrg-esports-champions-tour-north-america-stage-2-challengers-w2,800,2022-05-23,6:20 AM
PACIFIC,99704,https://www.vlr.gg/99704/the-guard-vs-tsm-champions-tour-north-america-stage-2-challengers-w3,800,2022-05-28,3:00 AM
PACIFIC,99705,https://www.vlr.gg/99705/luminosity-vs-evil-geniuses-champions-tour-north-america-stage-2-challengers-w3,800,2022-05-28,5:30 AM
PACIFIC,99706,https://www.vlr.gg/99706/sentinels-vs-optic-gaming-champions-tour-north-america-stage-2-challengers-w3,800,2022-05-29,3:00 AM
PACIFIC,99707,https://www.vlr.gg/99707/100-thieves-vs-xset-champions-tour-north-america-stage-2-challengers-w3,800,2022-05-29,5:15 AM
PACIFIC,99708,https://www.vlr.gg/99708/faze-clan-vs-cloud9-champions-tour-north-america-stage-2-challengers-w3,800,2022-05-30,3:00 AM
PACIFIC,99709,https://www.vlr.gg/99709/ghost-gaming-vs-nrg-esports-champions-tour-north-america-stage-2-challengers-w3,800,2022-05-30,5:15 AM
PACIFIC,99710,https://www.vlr.gg/99710/the-guard-vs-xset-champions-tour-north-america-stage-2-challengers-w4,800,2022-06-04,3:00 AM
PACIFIC,99711,https://www.vlr.gg/99711/evil-geniuses-vs-optic-gaming-champions-tour-north-america-stage-2-challengers-w4,800,2022-06-04,6:55 AM
PACIFIC,99712,https://www.vlr.gg/99712/sentinels-vs-faze-clan-champions-tour-north-america-stage-2-challengers-w4,800,2022-06-05,3:00 AM
PACIFIC,99713,https://www.vlr.gg/99713/tsm-vs-ghost-gaming-champions-tour-north-america-stage-2-challengers-w4,800,2022-06-05,5:45 AM
PACIFIC,99714,https://www.vlr.gg/99714/nrg-esports-vs-100-thieves-champions-tour-north-america-stage-2-challengers-w4,800,2022-06-06,3:00 AM
PACIFIC,99715,https://www.vlr.gg/99715/cloud9-vs-luminosity-champions-tour-north-america-stage-2-challengers-w4,800,2022-06-06,5:15 AM
PACIFIC,99716,https://www.vlr.gg/99716/xset-vs-tsm-champions-tour-north-america-stage-2-challengers-w5,800,2022-06-11,3:15 AM
PACIFIC,99717,https://www.vlr.gg/99717/faze-clan-vs-evil-geniuses-champions-tour-north-america-stage-2-challengers-w5,800,2022-06-11,5:25 AM
PACIFIC,99718,https://www.vlr.gg/99718/nrg-esports-vs-the-guard-champions-tour-north-america-stage-2-challengers-w5,800,2022-06-12,3:00 AM
PACIFIC,99719,https://www.vlr.gg/99719/100-thieves-vs-ghost-gaming-champions-tour-north-america-stage-2-challengers-w5,800,2022-06-12,6:50 AM
PACIFIC,99720,https://www.vlr.gg/99720/cloud9-vs-sentinels-champions-tour-north-america-stage-2-challengers-w5,800,2022-06-13,3:00 AM
PACIFIC,99721,https://www.vlr.gg/99721/optic-gaming-vs-luminosity-champions-tour-north-america-stage-2-challengers-w5,800,2022-06-13,5:00 AM
PACIFIC,107143,https://www.vlr.gg/107143/faze-clan-vs-100-thieves-champions-tour-north-america-stage-2-challengers-ubr1,800,2022-06-17,3:20 AM
PACIFIC,107144,https://www.vlr.gg/107144/ghost-gaming-vs-evil-geniuses-champions-tour-north-america-stage-2-challengers-ubr1,800,2022-06-17,6:55 AM
PACIFIC,107142,https://www.vlr.gg/107142/ghost-gaming-vs-nrg-esports-champions-tour-north-america-stage-2-challengers-lbr1,800,2022-06-18,3:20 AM
PACIFIC,107141,https://www.vlr.gg/107141/faze-clan-vs-luminosity-champions-tour-north-america-stage-2-challengers-lbr1,800,2022-06-18,5:55 AM
PACIFIC,107435,https://www.vlr.gg/107435/xset-vs-100-thieves-champions-tour-north-america-stage-2-challengers-ubsf,800,2022-06-19,3:00 AM
PACIFIC,107436,https://www.vlr.gg/107436/optic-gaming-vs-evil-geniuses-champions-tour-north-america-stage-2-challengers-ubsf,800,2022-06-19,5:35 AM
PACIFIC,107739,https://www.vlr.gg/107739/evil-geniuses-vs-nrg-esports-champions-tour-north-america-stage-2-challengers-lbr2,800,2022-06-20,3:00 AM
PACIFIC,107740,https://www.vlr.gg/107740/100-thieves-vs-faze-clan-champions-tour-north-america-stage-2-challengers-lbr2,800,2022-06-20,6:30 AM
PACIFIC,107737,https://www.vlr.gg/107737/xset-vs-optic-gaming-champions-tour-north-america-stage-2-challengers-ubf,800,2022-06-25,3:00 AM
PACIFIC,107741,https://www.vlr.gg/107741/nrg-esports-vs-faze-clan-champions-tour-north-america-stage-2-challengers-lbr3,800,2022-06-25,7:45 AM
PACIFIC,107742,https://www.vlr.gg/107742/xset-vs-faze-clan-champions-tour-north-america-stage-2-challengers-lbf,800,2022-06-26,3:00 AM
PACIFIC,107743,https://www.vlr.gg/107743/optic-gaming-vs-xset-champions-tour-north-america-stage-2-challengers-gf,800,2022-06-27,3:00 AM
PACIFIC,66975,https://www.vlr.gg/66975/version1-vs-604-champions-tour-north-america-stage-1-challengers-ro128,799,2022-01-28,6:00 AM
PACIFIC,66976,https://www.vlr.gg/66976/new-moon-vs-sussy-champions-tour-north-america-stage-1-challengers-ro128,799,2022-01-28,6:00 AM
PACIFIC,66977,https://www.vlr.gg/66977/kowareta-vs-bababooey-champions-tour-north-america-stage-1-challengers-ro128,799,2022-01-28,6:00 AM
PACIFIC,66978,https://www.vlr.gg/66978/vireo-pro-vs-24haven-champions-tour-north-america-stage-1-challengers-ro128,799,2022-01-28,6:00 AM
PACIFIC,66979,https://www.vlr.gg/66979/soar-vs-jit-lickers-champions-tour-north-america-stage-1-challengers-ro128,799,2022-01-28,6:00 AM
PACIFIC,66980,https://www.vlr.gg/66980/cloud9-white-vs-crownless-champions-tour-north-america-stage-1-challengers-ro128,799,2022-01-28,6:00 AM
PACIFIC,66981,https://www.vlr.gg/66981/complexity-vs-burger-gaming-champions-tour-north-america-stage-1-challengers-ro128,799,2022-01-28,6:00 AM
PACIFIC,66982,https://www.vlr.gg/66982/run-it-down-vs-neons-ninjas-champions-tour-north-america-stage-1-challengers-ro128,799,2022-01-28,6:00 AM
PACIFIC,66983,https://www.vlr.gg/66983/akrew-vs-resilience-champions-tour-north-america-stage-1-challengers-ro128,799,2022-01-28,6:00 AM
PACIFIC,66984,https://www.vlr.gg/66984/able-esports-vs-nameless-esports-champions-tour-north-america-stage-1-challengers-ro128,799,2022-01-28,6:00 AM
PACIFIC,66985,https://www.vlr.gg/66985/third-impact-vs-archons-champions-tour-north-america-stage-1-challengers-ro128,799,2022-01-28,6:00 AM
PACIFIC,66986,https://www.vlr.gg/66986/synergy-vs-james-madison-university-champions-tour-north-america-stage-1-challengers-ro128,799,2022-01-28,6:00 AM
PACIFIC,66987,https://www.vlr.gg/66987/pioneers-vs-regen-champions-tour-north-america-stage-1-challengers-ro128,799,2022-01-28,6:00 AM
PACIFIC,66988,https://www.vlr.gg/66988/hugh-jass-construction-vs-rated-gaming-champions-tour-north-america-stage-1-challengers-ro128,799,2022-01-28,6:00 AM
PACIFIC,66989,https://www.vlr.gg/66989/zero-marksmen-black-vs-stayhydrated-champions-tour-north-america-stage-1-challengers-ro128,799,2022-01-28,6:00 AM
PACIFIC,66990,https://www.vlr.gg/66990/up-next-vs-tidal-champions-tour-north-america-stage-1-challengers-ro128,799,2022-01-28,6:00 AM
PACIFIC,66991,https://www.vlr.gg/66991/rise-vs-patriots-champions-tour-north-america-stage-1-challengers-ro128,799,2022-01-28,6:00 AM
PACIFIC,66992,https://www.vlr.gg/66992/acacia-vs-thanos-mug-academy-champions-tour-north-america-stage-1-challengers-ro128,799,2022-01-28,6:00 AM
PACIFIC,66993,https://www.vlr.gg/66993/elysium-vs-ualberta-green-champions-tour-north-america-stage-1-challengers-ro128,799,2022-01-28,6:00 AM
PACIFIC,66994,https://www.vlr.gg/66994/team-x-vs-freelo-champions-tour-north-america-stage-1-challengers-ro128,799,2022-01-28,6:00 AM
PACIFIC,66995,https://www.vlr.gg/66995/built-by-gamers-vs-discord-kittens-champions-tour-north-america-stage-1-challengers-ro128,799,2022-01-28,6:00 AM
PACIFIC,66996,https://www.vlr.gg/66996/actually-homeless-vs-last-resistance-champions-tour-north-america-stage-1-challengers-ro128,799,2022-01-28,6:00 AM
PACIFIC,66997,https://www.vlr.gg/66997/soniqs-vs-agoge-gaming-champions-tour-north-america-stage-1-challengers-ro128,799,2022-01-28,6:00 AM
PACIFIC,66998,https://www.vlr.gg/66998/gx-vs-oneshot-esports-champions-tour-north-america-stage-1-challengers-ro128,799,2022-01-28,6:00 AM
PACIFIC,66999,https://www.vlr.gg/66999/gen-g-vs-zeal-champions-tour-north-america-stage-1-challengers-ro128,799,2022-01-28,6:00 AM
PACIFIC,67000,https://www.vlr.gg/67000/echo-alternative-vs-free-fall-champions-tour-north-america-stage-1-challengers-ro128,799,2022-01-28,6:00 AM
PACIFIC,67001,https://www.vlr.gg/67001/bait-academy-vs-corn-dogs-champions-tour-north-america-stage-1-challengers-ro128,799,2022-01-28,6:00 AM
PACIFIC,67002,https://www.vlr.gg/67002/team-reckaroo-vs-hyperspace-dark-champions-tour-north-america-stage-1-challengers-ro128,799,2022-01-28,6:00 AM
PACIFIC,67003,https://www.vlr.gg/67003/t1-vs-rit-orange-champions-tour-north-america-stage-1-challengers-ro128,799,2022-01-28,6:00 AM
PACIFIC,67004,https://www.vlr.gg/67004/vexo-esports-vs-outaimed-champions-tour-north-america-stage-1-challengers-ro128,799,2022-01-28,6:00 AM
PACIFIC,67005,https://www.vlr.gg/67005/evil-geniuses-vs-asian-ravioli-champions-tour-north-america-stage-1-challengers-ro128,799,2022-01-28,6:00 AM
PACIFIC,67006,https://www.vlr.gg/67006/valkyrie-vs-clicken-chickens-champions-tour-north-america-stage-1-challengers-ro128,799,2022-01-28,6:00 AM
PACIFIC,67007,https://www.vlr.gg/67007/xset-vs-team-aiya-champions-tour-north-america-stage-1-challengers-ro128,799,2022-01-28,6:00 AM
PACIFIC,67008,https://www.vlr.gg/67008/shopify-rebellion-vs-edo-tensei-champions-tour-north-america-stage-1-challengers-ro128,799,2022-01-28,6:00 AM
PACIFIC,67009,https://www.vlr.gg/67009/illuzion-vs-lucky-cat-gaming-champions-tour-north-america-stage-1-challengers-ro128,799,2022-01-28,6:00 AM
PACIFIC,67010,https://www.vlr.gg/67010/yfp-gaming-vs-yasei-champions-tour-north-america-stage-1-challengers-ro128,799,2022-01-28,6:00 AM
PACIFIC,67011,https://www.vlr.gg/67011/renegades-vs-medics-champions-tour-north-america-stage-1-challengers-ro128,799,2022-01-28,6:00 AM
PACIFIC,67012,https://www.vlr.gg/67012/team-assent-vs-bear-minimum-champions-tour-north-america-stage-1-challengers-ro128,799,2022-01-28,6:00 AM
PACIFIC,67013,https://www.vlr.gg/67013/radiance-vs-onliners-champions-tour-north-america-stage-1-challengers-ro128,799,2022-01-28,6:00 AM
PACIFIC,67014,https://www.vlr.gg/67014/team-mystic-vs-nano-champions-tour-north-america-stage-1-challengers-ro128,799,2022-01-28,6:00 AM
PACIFIC,67015,https://www.vlr.gg/67015/nrg-esports-vs-rumor-2-0-champions-tour-north-america-stage-1-challengers-ro128,799,2022-01-28,6:00 AM
PACIFIC,67016,https://www.vlr.gg/67016/fluid-gaming-vs-eclectiq-champions-tour-north-america-stage-1-challengers-ro128,799,2022-01-28,6:00 AM
PACIFIC,67017,https://www.vlr.gg/67017/cosmic-divide-vs-neebs-and-weebs-champions-tour-north-america-stage-1-challengers-ro128,799,2022-01-28,6:00 AM
PACIFIC,67018,https://www.vlr.gg/67018/aspyre-vs-team-trivec-champions-tour-north-america-stage-1-challengers-ro128,799,2022-01-28,6:00 AM
PACIFIC,67019,https://www.vlr.gg/67019/ghost-gaming-vs-divided-sons-champions-tour-north-america-stage-1-challengers-ro128,799,2022-01-28,6:00 AM
PACIFIC,67020,https://www.vlr.gg/67020/green-beans-vs-team-swift-champions-tour-north-america-stage-1-challengers-ro128,799,2022-01-28,6:00 AM
PACIFIC,67021,https://www.vlr.gg/67021/andbox-vs-team-opulence-champions-tour-north-america-stage-1-challengers-ro128,799,2022-01-28,6:00 AM
PACIFIC,67022,https://www.vlr.gg/67022/illumina-blue-vs-select-few-champions-tour-north-america-stage-1-challengers-ro128,799,2022-01-28,6:00 AM
PACIFIC,67023,https://www.vlr.gg/67023/luminosity-vs-5-of-a-kind-champions-tour-north-america-stage-1-challengers-ro128,799,2022-01-28,6:00 AM
PACIFIC,67024,https://www.vlr.gg/67024/nightblood-gaming-vs-nocturnals-champions-tour-north-america-stage-1-challengers-ro128,799,2022-01-28,6:00 AM
PACIFIC,67025,https://www.vlr.gg/67025/virtuoso-vs-s4-ge-champions-tour-north-america-stage-1-challengers-ro128,799,2022-01-28,6:00 AM
PACIFIC,67026,https://www.vlr.gg/67026/zero-marksmen-silver-vs-explicit-champions-tour-north-america-stage-1-challengers-ro128,799,2022-01-28,6:00 AM
PACIFIC,67027,https://www.vlr.gg/67027/faze-clan-vs-team-mommy-champions-tour-north-america-stage-1-challengers-ro128,799,2022-01-28,6:00 AM
PACIFIC,67028,https://www.vlr.gg/67028/carpe-noctem-vs-exile-gaming-champions-tour-north-america-stage-1-challengers-ro128,799,2022-01-28,6:00 AM
PACIFIC,67029,https://www.vlr.gg/67029/the-guard-vs-goofy-gremlins-champions-tour-north-america-stage-1-challengers-ro128,799,2022-01-28,6:00 AM
PACIFIC,67030,https://www.vlr.gg/67030/aspire-vs-mozzy-champions-tour-north-america-stage-1-challengers-ro128,799,2022-01-28,6:00 AM
PACIFIC,67032,https://www.vlr.gg/67032/tsm-vs-girl-kissers-champions-tour-north-america-stage-1-challengers-ro128,799,2022-01-28,6:00 AM
PACIFIC,67033,https://www.vlr.gg/67033/godset-vs-berzerkers-champions-tour-north-america-stage-1-challengers-ro128,799,2022-01-28,6:00 AM
PACIFIC,67034,https://www.vlr.gg/67034/project-a-vs-nerd-emoji-champions-tour-north-america-stage-1-challengers-ro128,799,2022-01-28,6:00 AM
PACIFIC,67035,https://www.vlr.gg/67035/team-basilisk-vs-spectral-esports-purple-champions-tour-north-america-stage-1-challengers-ro128,799,2022-01-28,6:00 AM
PACIFIC,67036,https://www.vlr.gg/67036/knights-vs-acy-esports-champions-tour-north-america-stage-1-challengers-ro128,799,2022-01-28,6:00 AM
PACIFIC,67037,https://www.vlr.gg/67037/303-esports-vs-rose-champions-tour-north-america-stage-1-challengers-ro128,799,2022-01-28,6:00 AM
PACIFIC,67038,https://www.vlr.gg/67038/darkzero-esports-vs-b-n-b-hu-champions-tour-north-america-stage-1-challengers-ro128,799,2022-01-28,6:00 AM
PACIFIC,67039,https://www.vlr.gg/67039/gunsforhire-vs-rush-champions-tour-north-america-stage-1-challengers-ro128,799,2022-01-28,6:00 AM
PACIFIC,67062,https://www.vlr.gg/67062/ghost-gaming-vs-green-beans-champions-tour-north-america-stage-1-challengers-ro64,799,2022-01-28,7:10 AM
PACIFIC,67040,https://www.vlr.gg/67040/version1-vs-new-moon-champions-tour-north-america-stage-1-challengers-ro64,799,2022-01-28,8:00 AM
PACIFIC,67041,https://www.vlr.gg/67041/kowareta-vs-vireo-pro-champions-tour-north-america-stage-1-challengers-ro64,799,2022-01-28,8:00 AM
PACIFIC,67047,https://www.vlr.gg/67047/zero-marksmen-black-vs-up-next-champions-tour-north-america-stage-1-challengers-ro64,799,2022-01-28,8:00 AM
PACIFIC,67048,https://www.vlr.gg/67048/rise-vs-thanos-mug-academy-champions-tour-north-america-stage-1-challengers-ro64,799,2022-01-28,8:00 AM
PACIFIC,67049,https://www.vlr.gg/67049/elysium-vs-team-x-champions-tour-north-america-stage-1-challengers-ro64,799,2022-01-28,8:00 AM
PACIFIC,67050,https://www.vlr.gg/67050/built-by-gamers-vs-actually-homeless-champions-tour-north-america-stage-1-challengers-ro64,799,2022-01-28,8:00 AM
PACIFIC,67052,https://www.vlr.gg/67052/gen-g-vs-free-fall-champions-tour-north-america-stage-1-challengers-ro64,799,2022-01-28,8:00 AM
PACIFIC,67054,https://www.vlr.gg/67054/t1-vs-vexo-esports-champions-tour-north-america-stage-1-challengers-ro64,799,2022-01-28,8:00 AM
PACIFIC,67056,https://www.vlr.gg/67056/xset-vs-shopify-rebellion-champions-tour-north-america-stage-1-challengers-ro64,799,2022-01-28,8:00 AM
PACIFIC,67058,https://www.vlr.gg/67058/renegades-vs-team-assent-champions-tour-north-america-stage-1-challengers-ro64,799,2022-01-28,8:00 AM
PACIFIC,67059,https://www.vlr.gg/67059/radiance-vs-team-mystic-champions-tour-north-america-stage-1-challengers-ro64,799,2022-01-28,8:00 AM
PACIFIC,67061,https://www.vlr.gg/67061/cosmic-divide-vs-aspyre-champions-tour-north-america-stage-1-challengers-ro64,799,2022-01-28,8:00 AM
PACIFIC,67064,https://www.vlr.gg/67064/luminosity-vs-nightblood-gaming-champions-tour-north-america-stage-1-challengers-ro64,799,2022-01-28,8:00 AM
PACIFIC,67065,https://www.vlr.gg/67065/virtuoso-vs-zero-marksmen-silver-champions-tour-north-america-stage-1-challengers-ro64,799,2022-01-28,8:00 AM
PACIFIC,67066,https://www.vlr.gg/67066/faze-clan-vs-carpe-noctem-champions-tour-north-america-stage-1-challengers-ro64,799,2022-01-28,8:00 AM
PACIFIC,67069,https://www.vlr.gg/67069/project-a-vs-team-basilisk-champions-tour-north-america-stage-1-challengers-ro64,799,2022-01-28,8:00 AM
PACIFIC,67070,https://www.vlr.gg/67070/knights-vs-303-esports-champions-tour-north-america-stage-1-challengers-ro64,799,2022-01-28,8:00 AM
PACIFIC,67043,https://www.vlr.gg/67043/complexity-vs-run-it-down-champions-tour-north-america-stage-1-challengers-ro64,799,2022-01-28,8:15 AM
PACIFIC,67044,https://www.vlr.gg/67044/akrew-vs-able-esports-champions-tour-north-america-stage-1-challengers-ro64,799,2022-01-28,8:15 AM
PACIFIC,67051,https://www.vlr.gg/67051/soniqs-vs-gx-champions-tour-north-america-stage-1-challengers-ro64,799,2022-01-28,8:15 AM
PACIFIC,67053,https://www.vlr.gg/67053/bait-academy-vs-team-reckaroo-champions-tour-north-america-stage-1-challengers-ro64,799,2022-01-28,8:30 AM
PACIFIC,67055,https://www.vlr.gg/67055/evil-geniuses-vs-valkyrie-champions-tour-north-america-stage-1-challengers-ro64,799,2022-01-28,8:30 AM
PACIFIC,67042,https://www.vlr.gg/67042/soar-vs-cloud9-white-champions-tour-north-america-stage-1-challengers-ro64,799,2022-01-28,8:45 AM
PACIFIC,67046,https://www.vlr.gg/67046/pioneers-vs-hugh-jass-construction-champions-tour-north-america-stage-1-challengers-ro64,799,2022-01-28,8:45 AM
PACIFIC,67057,https://www.vlr.gg/67057/illuzion-vs-yfp-gaming-champions-tour-north-america-stage-1-challengers-ro64,799,2022-01-28,8:45 AM
PACIFIC,67060,https://www.vlr.gg/67060/nrg-esports-vs-eclectiq-champions-tour-north-america-stage-1-challengers-ro64,799,2022-01-28,8:45 AM
PACIFIC,67067,https://www.vlr.gg/67067/the-guard-vs-mozzy-champions-tour-north-america-stage-1-challengers-ro64,799,2022-01-28,8:45 AM
PACIFIC,67071,https://www.vlr.gg/67071/darkzero-esports-vs-rush-champions-tour-north-america-stage-1-challengers-ro64,799,2022-01-28,8:45 AM
PACIFIC,67045,https://www.vlr.gg/67045/third-impact-vs-synergy-champions-tour-north-america-stage-1-challengers-ro64,799,2022-01-28,9:00 AM
PACIFIC,67063,https://www.vlr.gg/67063/andbox-vs-illumina-blue-champions-tour-north-america-stage-1-challengers-ro64,799,2022-01-28,9:00 AM
PACIFIC,67068,https://www.vlr.gg/67068/tsm-vs-berzerkers-champions-tour-north-america-stage-1-challengers-ro64,799,2022-01-28,9:00 AM
PACIFIC,67306,https://www.vlr.gg/67306/version1-vs-kowareta-champions-tour-north-america-stage-1-challengers-uro32,799,2022-01-29,6:00 AM
PACIFIC,67307,https://www.vlr.gg/67307/soar-vs-complexity-champions-tour-north-america-stage-1-challengers-uro32,799,2022-01-29,6:00 AM
PACIFIC,67308,https://www.vlr.gg/67308/akrew-vs-synergy-champions-tour-north-america-stage-1-challengers-uro32,799,2022-01-29,6:00 AM
PACIFIC,67309,https://www.vlr.gg/67309/pioneers-vs-zero-marksmen-black-champions-tour-north-america-stage-1-challengers-uro32,799,2022-01-29,6:00 AM
PACIFIC,67310,https://www.vlr.gg/67310/rise-vs-team-x-champions-tour-north-america-stage-1-challengers-uro32,799,2022-01-29,6:00 AM
PACIFIC,67311,https://www.vlr.gg/67311/built-by-gamers-vs-soniqs-champions-tour-north-america-stage-1-challengers-uro32,799,2022-01-29,6:00 AM
PACIFIC,67313,https://www.vlr.gg/67313/gen-g-vs-bait-academy-champions-tour-north-america-stage-1-challengers-uro32,799,2022-01-29,6:00 AM
PACIFIC,67314,https://www.vlr.gg/67314/t1-vs-evil-geniuses-champions-tour-north-america-stage-1-challengers-uro32,799,2022-01-29,6:00 AM
PACIFIC,67315,https://www.vlr.gg/67315/xset-vs-illuzion-champions-tour-north-america-stage-1-challengers-uro32,799,2022-01-29,6:00 AM
PACIFIC,67316,https://www.vlr.gg/67316/renegades-vs-radiance-champions-tour-north-america-stage-1-challengers-uro32,799,2022-01-29,6:00 AM
PACIFIC,67317,https://www.vlr.gg/67317/nrg-esports-vs-cosmic-divide-champions-tour-north-america-stage-1-challengers-uro32,799,2022-01-29,6:00 AM
PACIFIC,67318,https://www.vlr.gg/67318/ghost-gaming-vs-andbox-champions-tour-north-america-stage-1-challengers-uro32,799,2022-01-29,6:00 AM
PACIFIC,67319,https://www.vlr.gg/67319/luminosity-vs-virtuoso-champions-tour-north-america-stage-1-challengers-uro32,799,2022-01-29,6:00 AM
PACIFIC,67320,https://www.vlr.gg/67320/faze-clan-vs-the-guard-champions-tour-north-america-stage-1-challengers-uro32,799,2022-01-29,6:00 AM
PACIFIC,67321,https://www.vlr.gg/67321/tsm-vs-team-basilisk-champions-tour-north-america-stage-1-challengers-uro32,799,2022-01-29,6:00 AM
PACIFIC,67322,https://www.vlr.gg/67322/knights-vs-darkzero-esports-champions-tour-north-america-stage-1-challengers-uro32,799,2022-01-29,6:00 AM
PACIFIC,67323,https://www.vlr.gg/67323/version1-vs-complexity-champions-tour-north-america-stage-1-challengers-uro16,799,2022-01-29,8:00 AM
PACIFIC,67324,https://www.vlr.gg/67324/akrew-vs-pioneers-champions-tour-north-america-stage-1-challengers-uro16,799,2022-01-29,8:00 AM
PACIFIC,67368,https://www.vlr.gg/67368/kowareta-vs-soar-champions-tour-north-america-stage-1-challengers-lr1,799,2022-01-29,8:00 AM
PACIFIC,67369,https://www.vlr.gg/67369/synergy-vs-zero-marksmen-black-champions-tour-north-america-stage-1-challengers-lr1,799,2022-01-29,8:00 AM
PACIFIC,67328,https://www.vlr.gg/67328/nrg-esports-vs-andbox-champions-tour-north-america-stage-1-challengers-uro16,799,2022-01-29,8:15 AM
PACIFIC,67373,https://www.vlr.gg/67373/cosmic-divide-vs-ghost-gaming-champions-tour-north-america-stage-1-challengers-lr1,799,2022-01-29,8:15 AM
PACIFIC,67327,https://www.vlr.gg/67327/xset-vs-radiance-champions-tour-north-america-stage-1-challengers-uro16,799,2022-01-29,9:00 AM
PACIFIC,67372,https://www.vlr.gg/67372/illuzion-vs-renegades-champions-tour-north-america-stage-1-challengers-lr1,799,2022-01-29,9:00 AM
PACIFIC,67374,https://www.vlr.gg/67374/virtuoso-vs-faze-clan-champions-tour-north-america-stage-1-challengers-lr1,799,2022-01-29,9:00 AM
PACIFIC,67330,https://www.vlr.gg/67330/tsm-vs-knights-champions-tour-north-america-stage-1-challengers-uro16,799,2022-01-29,9:15 AM
PACIFIC,67375,https://www.vlr.gg/67375/team-basilisk-vs-darkzero-esports-champions-tour-north-america-stage-1-challengers-lr1,799,2022-01-29,9:15 AM
PACIFIC,67325,https://www.vlr.gg/67325/rise-vs-soniqs-champions-tour-north-america-stage-1-challengers-uro16,799,2022-01-29,9:30 AM
PACIFIC,67326,https://www.vlr.gg/67326/gen-g-vs-t1-champions-tour-north-america-stage-1-challengers-uro16,799,2022-01-29,9:30 AM
PACIFIC,67329,https://www.vlr.gg/67329/luminosity-vs-the-guard-champions-tour-north-america-stage-1-challengers-uro16,799,2022-01-29,9:30 AM
PACIFIC,67370,https://www.vlr.gg/67370/team-x-vs-built-by-gamers-champions-tour-north-america-stage-1-challengers-lr1,799,2022-01-29,9:30 AM
PACIFIC,67371,https://www.vlr.gg/67371/bait-academy-vs-evil-geniuses-champions-tour-north-america-stage-1-challengers-lr1,799,2022-01-29,9:30 AM
PACIFIC,67331,https://www.vlr.gg/67331/version1-vs-akrew-champions-tour-north-america-stage-1-challengers-ubqf,799,2022-01-30,4:00 AM
PACIFIC,67332,https://www.vlr.gg/67332/rise-vs-t1-champions-tour-north-america-stage-1-challengers-ubqf,799,2022-01-30,4:00 AM
PACIFIC,67333,https://www.vlr.gg/67333/xset-vs-nrg-esports-champions-tour-north-america-stage-1-challengers-ubqf,799,2022-01-30,4:00 AM
PACIFIC,67334,https://www.vlr.gg/67334/the-guard-vs-knights-champions-tour-north-america-stage-1-challengers-ubqf,799,2022-01-30,4:00 AM
PACIFIC,67345,https://www.vlr.gg/67345/tsm-vs-soar-champions-tour-north-america-stage-1-challengers-lr2,799,2022-01-30,4:00 AM
PACIFIC,67346,https://www.vlr.gg/67346/luminosity-vs-zero-marksmen-black-champions-tour-north-america-stage-1-challengers-lr2,799,2022-01-30,4:00 AM
PACIFIC,67347,https://www.vlr.gg/67347/andbox-vs-team-x-champions-tour-north-america-stage-1-challengers-lr2,799,2022-01-30,4:00 AM
PACIFIC,67348,https://www.vlr.gg/67348/radiance-vs-bait-academy-champions-tour-north-america-stage-1-challengers-lr2,799,2022-01-30,4:00 AM
PACIFIC,67349,https://www.vlr.gg/67349/gen-g-vs-renegades-champions-tour-north-america-stage-1-challengers-lr2,799,2022-01-30,4:00 AM
PACIFIC,67350,https://www.vlr.gg/67350/soniqs-vs-cosmic-divide-champions-tour-north-america-stage-1-challengers-lr2,799,2022-01-30,4:00 AM
PACIFIC,67351,https://www.vlr.gg/67351/pioneers-vs-faze-clan-champions-tour-north-america-stage-1-challengers-lr2,799,2022-01-30,4:00 AM
PACIFIC,67352,https://www.vlr.gg/67352/complexity-vs-team-basilisk-champions-tour-north-america-stage-1-challengers-lr2,799,2022-01-30,4:00 AM
PACIFIC,67353,https://www.vlr.gg/67353/tsm-vs-luminosity-champions-tour-north-america-stage-1-challengers-lr3,799,2022-01-30,6:00 AM
PACIFIC,67335,https://www.vlr.gg/67335/version1-vs-rise-champions-tour-north-america-stage-1-challengers-ubsf,799,2022-01-30,6:30 AM
PACIFIC,67354,https://www.vlr.gg/67354/andbox-vs-bait-academy-champions-tour-north-america-stage-1-challengers-lr3,799,2022-01-30,7:00 AM
PACIFIC,67355,https://www.vlr.gg/67355/gen-g-vs-soniqs-champions-tour-north-america-stage-1-challengers-lr3,799,2022-01-30,7:00 AM
PACIFIC,67356,https://www.vlr.gg/67356/pioneers-vs-team-basilisk-champions-tour-north-america-stage-1-challengers-lr3,799,2022-01-30,7:05 AM
PACIFIC,67336,https://www.vlr.gg/67336/xset-vs-the-guard-champions-tour-north-america-stage-1-challengers-ubsf,799,2022-01-30,8:20 AM
PACIFIC,67360,https://www.vlr.gg/67360/nrg-esports-vs-pioneers-champions-tour-north-america-stage-1-challengers-lr4,799,2022-01-30,10:15 AM
PACIFIC,67359,https://www.vlr.gg/67359/knights-vs-soniqs-champions-tour-north-america-stage-1-challengers-lr4,799,2022-01-30,10:20 AM
PACIFIC,67357,https://www.vlr.gg/67357/t1-vs-tsm-champions-tour-north-america-stage-1-challengers-lr4,799,2022-01-30,10:30 AM
PACIFIC,67358,https://www.vlr.gg/67358/akrew-vs-bait-academy-champions-tour-north-america-stage-1-challengers-lr4,799,2022-01-30,10:55 AM
PACIFIC,67361,https://www.vlr.gg/67361/tsm-vs-akrew-champions-tour-north-america-stage-1-challengers-lr5,799,2022-01-31,4:00 AM
PACIFIC,67362,https://www.vlr.gg/67362/knights-vs-nrg-esports-champions-tour-north-america-stage-1-challengers-lr5,799,2022-01-31,4:00 AM
PACIFIC,67363,https://www.vlr.gg/67363/the-guard-vs-akrew-champions-tour-north-america-stage-1-challengers-lr6,799,2022-01-31,6:30 AM
PACIFIC,67364,https://www.vlr.gg/67364/rise-vs-nrg-esports-champions-tour-north-america-stage-1-challengers-lr6,799,2022-01-31,8:45 AM
PACIFIC,68578,https://www.vlr.gg/68578/rise-vs-team-swift-champions-tour-north-america-stage-1-challengers-ro128,799,2022-02-04,6:00 AM
PACIFIC,68579,https://www.vlr.gg/68579/303-esports-vs-free-fall-champions-tour-north-america-stage-1-challengers-ro128,799,2022-02-04,6:00 AM
PACIFIC,68580,https://www.vlr.gg/68580/elysium-vs-vx-champions-tour-north-america-stage-1-challengers-ro128,799,2022-02-04,6:00 AM
PACIFIC,68581,https://www.vlr.gg/68581/reformed-vs-goofy-gremlins-champions-tour-north-america-stage-1-challengers-ro128,799,2022-02-04,6:00 AM
PACIFIC,68582,https://www.vlr.gg/68582/radiance-vs-bababooey-champions-tour-north-america-stage-1-challengers-ro128,799,2022-02-04,6:00 AM
PACIFIC,68583,https://www.vlr.gg/68583/aspyre-vs-last-resistance-champions-tour-north-america-stage-1-challengers-ro128,799,2022-02-04,6:00 AM
PACIFIC,68584,https://www.vlr.gg/68584/zero-marksmen-black-vs-nameless-esports-champions-tour-north-america-stage-1-challengers-ro128,799,2022-02-04,6:00 AM
PACIFIC,68585,https://www.vlr.gg/68585/team-assent-vs-24haven-champions-tour-north-america-stage-1-challengers-ro128,799,2022-02-04,6:00 AM
PACIFIC,68586,https://www.vlr.gg/68586/t1-vs-exile-gaming-champions-tour-north-america-stage-1-challengers-ro128,799,2022-02-04,6:00 AM
PACIFIC,68587,https://www.vlr.gg/68587/hitbox-hiros-vs-hugh-jass-construction-champions-tour-north-america-stage-1-challengers-ro128,799,2022-02-04,6:00 AM
PACIFIC,68588,https://www.vlr.gg/68588/virtuoso-vs-asian-ravioli-champions-tour-north-america-stage-1-challengers-ro128,799,2022-02-04,6:00 AM
PACIFIC,68589,https://www.vlr.gg/68589/showrunners-vs-united-nerds-champions-tour-north-america-stage-1-challengers-ro128,799,2022-02-04,6:00 AM
PACIFIC,68590,https://www.vlr.gg/68590/luminosity-vs-scooby-gang-champions-tour-north-america-stage-1-challengers-ro128,799,2022-02-04,6:00 AM
PACIFIC,68591,https://www.vlr.gg/68591/zero-marksmen-silver-vs-edo-tensei-champions-tour-north-america-stage-1-challengers-ro128,799,2022-02-04,6:00 AM
PACIFIC,68592,https://www.vlr.gg/68592/kowareta-vs-brickedup-champions-tour-north-america-stage-1-challengers-ro128,799,2022-02-04,6:00 AM
PACIFIC,68593,https://www.vlr.gg/68593/actually-homeless-vs-archons-champions-tour-north-america-stage-1-challengers-ro128,799,2022-02-04,6:00 AM
PACIFIC,68594,https://www.vlr.gg/68594/tsm-vs-omni-performance-sd-champions-tour-north-america-stage-1-challengers-ro128,799,2022-02-04,6:00 AM
PACIFIC,68595,https://www.vlr.gg/68595/shopify-rebellion-vs-thanos-mug-academy-champions-tour-north-america-stage-1-challengers-ro128,799,2022-02-04,6:00 AM
PACIFIC,68596,https://www.vlr.gg/68596/third-impact-vs-team-mommy-champions-tour-north-america-stage-1-challengers-ro128,799,2022-02-04,6:00 AM
PACIFIC,68597,https://www.vlr.gg/68597/gunsforhire-vs-runaway-champions-tour-north-america-stage-1-challengers-ro128,799,2022-02-04,6:00 AM
PACIFIC,68598,https://www.vlr.gg/68598/faze-clan-vs-team-aiya-champions-tour-north-america-stage-1-challengers-ro128,799,2022-02-04,6:00 AM
PACIFIC,68599,https://www.vlr.gg/68599/unitedera-vs-resilience-champions-tour-north-america-stage-1-challengers-ro128,799,2022-02-04,6:00 AM
PACIFIC,68600,https://www.vlr.gg/68600/ghost-gaming-vs-5-of-a-kind-champions-tour-north-america-stage-1-challengers-ro128,799,2022-02-04,6:00 AM
PACIFIC,68601,https://www.vlr.gg/68601/up-next-vs-clg-red-champions-tour-north-america-stage-1-challengers-ro128,799,2022-02-04,6:00 AM
PACIFIC,68602,https://www.vlr.gg/68602/bait-academy-vs-nocturnals-champions-tour-north-america-stage-1-challengers-ro128,799,2022-02-04,6:00 AM
PACIFIC,68603,https://www.vlr.gg/68603/carpe-noctem-vs-able-esports-champions-tour-north-america-stage-1-challengers-ro128,799,2022-02-04,6:00 AM
PACIFIC,68604,https://www.vlr.gg/68604/pack-a-punch-vs-agoge-gaming-champions-tour-north-america-stage-1-challengers-ro128,799,2022-02-04,6:00 AM
PACIFIC,68605,https://www.vlr.gg/68605/lenny-time-vs-jit-lickers-champions-tour-north-america-stage-1-challengers-ro128,799,2022-02-04,6:00 AM
PACIFIC,68606,https://www.vlr.gg/68606/team-basilisk-vs-select-few-champions-tour-north-america-stage-1-challengers-ro128,799,2022-02-04,6:00 AM
PACIFIC,68607,https://www.vlr.gg/68607/1337-vs-rated-gaming-champions-tour-north-america-stage-1-challengers-ro128,799,2022-02-04,6:00 AM
PACIFIC,68608,https://www.vlr.gg/68608/evil-geniuses-vs-starbound-champions-tour-north-america-stage-1-challengers-ro128,799,2022-02-04,6:00 AM
PACIFIC,68609,https://www.vlr.gg/68609/new-moon-vs-hyperspace-dark-champions-tour-north-america-stage-1-challengers-ro128,799,2022-02-04,6:00 AM
PACIFIC,68610,https://www.vlr.gg/68610/akrew-vs-nes-champions-tour-north-america-stage-1-challengers-ro128,799,2022-02-04,6:00 AM
PACIFIC,68611,https://www.vlr.gg/68611/gx-vs-mozzy-champions-tour-north-america-stage-1-challengers-ro128,799,2022-02-04,6:00 AM
PACIFIC,68612,https://www.vlr.gg/68612/yfp-gaming-vs-explicit-champions-tour-north-america-stage-1-challengers-ro128,799,2022-02-04,6:00 AM
PACIFIC,68613,https://www.vlr.gg/68613/moon-raccoons-vs-yasei-champions-tour-north-america-stage-1-challengers-ro128,799,2022-02-04,6:00 AM
PACIFIC,68614,https://www.vlr.gg/68614/complexity-vs-discord-kittens-champions-tour-north-america-stage-1-challengers-ro128,799,2022-02-04,6:00 AM
PACIFIC,68615,https://www.vlr.gg/68615/vireo-pro-vs-clicken-chickens-champions-tour-north-america-stage-1-challengers-ro128,799,2022-02-04,6:00 AM
PACIFIC,68616,https://www.vlr.gg/68616/soar-vs-rit-orange-champions-tour-north-america-stage-1-challengers-ro128,799,2022-02-04,6:00 AM
PACIFIC,68617,https://www.vlr.gg/68617/nightblood-gaming-vs-bear-minimum-champions-tour-north-america-stage-1-challengers-ro128,799,2022-02-04,6:00 AM
PACIFIC,68618,https://www.vlr.gg/68618/soniqs-vs-team-trivec-champions-tour-north-america-stage-1-challengers-ro128,799,2022-02-04,6:00 AM
PACIFIC,68619,https://www.vlr.gg/68619/acy-esports-vs-gen-g-black-champions-tour-north-america-stage-1-challengers-ro128,799,2022-02-04,6:00 AM
PACIFIC,68620,https://www.vlr.gg/68620/illuzion-vs-strike-x-champions-tour-north-america-stage-1-challengers-ro128,799,2022-02-04,6:00 AM
PACIFIC,68621,https://www.vlr.gg/68621/run-it-down-vs-lionheart-champions-tour-north-america-stage-1-challengers-ro128,799,2022-02-04,6:00 AM
PACIFIC,68622,https://www.vlr.gg/68622/andbox-vs-huh-champions-tour-north-america-stage-1-challengers-ro128,799,2022-02-04,6:00 AM
PACIFIC,68623,https://www.vlr.gg/68623/cloud9-white-vs-neons-ninjas-champions-tour-north-america-stage-1-challengers-ro128,799,2022-02-04,6:00 AM
PACIFIC,68624,https://www.vlr.gg/68624/darkzero-esports-vs-james-madison-university-champions-tour-north-america-stage-1-challengers,799,2022-02-04,6:00 AM
PACIFIC,68625,https://www.vlr.gg/68625/team-rocket-vs-spectral-esports-purple-champions-tour-north-america-stage-1-challengers-ro128,799,2022-02-04,6:00 AM
PACIFIC,68626,https://www.vlr.gg/68626/knights-vs-tempest-champions-tour-north-america-stage-1-challengers-ro128,799,2022-02-04,6:00 AM
PACIFIC,68627,https://www.vlr.gg/68627/valorsgg-vs-zenigma-alpha-champions-tour-north-america-stage-1-challengers-ro128,799,2022-02-04,6:00 AM
PACIFIC,68628,https://www.vlr.gg/68628/team-reckaroo-vs-the-chads-champions-tour-north-america-stage-1-challengers-ro128,799,2022-02-04,6:00 AM
PACIFIC,68629,https://www.vlr.gg/68629/omicron-vs-trd-champions-tour-north-america-stage-1-challengers-ro128,799,2022-02-04,6:00 AM
PACIFIC,68630,https://www.vlr.gg/68630/renegades-vs-regen-champions-tour-north-america-stage-1-challengers-ro128,799,2022-02-04,6:00 AM
PACIFIC,68631,https://www.vlr.gg/68631/aspire-vs-acacia-champions-tour-north-america-stage-1-challengers-ro128,799,2022-02-04,6:00 AM
PACIFIC,68632,https://www.vlr.gg/68632/cosmic-divide-vs-oneshot-esports-champions-tour-north-america-stage-1-challengers-ro128,799,2022-02-04,6:00 AM
PACIFIC,68633,https://www.vlr.gg/68633/berzerkers-vs-mugi-champions-tour-north-america-stage-1-challengers-ro128,799,2022-02-04,6:00 AM
PACIFIC,68634,https://www.vlr.gg/68634/pioneers-vs-neebs-and-weebs-champions-tour-north-america-stage-1-challengers-ro128,799,2022-02-04,6:00 AM
PACIFIC,68635,https://www.vlr.gg/68635/illumina-blue-vs-eclectiq-champions-tour-north-america-stage-1-challengers-ro128,799,2022-02-04,6:00 AM
PACIFIC,68636,https://www.vlr.gg/68636/synergy-vs-zeal-champions-tour-north-america-stage-1-challengers-ro128,799,2022-02-04,6:00 AM
PACIFIC,68637,https://www.vlr.gg/68637/vexo-esports-vs-604-champions-tour-north-america-stage-1-challengers-ro128,799,2022-02-04,6:00 AM
PACIFIC,68638,https://www.vlr.gg/68638/gen-g-vs-weenie-hut-jr-champions-tour-north-america-stage-1-challengers-ro128,799,2022-02-04,6:00 AM
PACIFIC,68639,https://www.vlr.gg/68639/valkyrie-vs-rose-champions-tour-north-america-stage-1-challengers-ro128,799,2022-02-04,6:00 AM
PACIFIC,68640,https://www.vlr.gg/68640/built-by-gamers-vs-patriots-champions-tour-north-america-stage-1-challengers-ro128,799,2022-02-04,6:00 AM
PACIFIC,68641,https://www.vlr.gg/68641/green-beans-vs-aftermath-esports-champions-tour-north-america-stage-1-challengers-ro128,799,2022-02-04,6:00 AM
PACIFIC,68664,https://www.vlr.gg/68664/andbox-vs-cloud9-white-champions-tour-north-america-stage-1-challengers-ro64,799,2022-02-04,7:50 AM
PACIFIC,68644,https://www.vlr.gg/68644/radiance-vs-aspyre-champions-tour-north-america-stage-1-challengers-ro64,799,2022-02-04,7:55 AM
PACIFIC,68659,https://www.vlr.gg/68659/yfp-gaming-vs-moon-raccoons-champions-tour-north-america-stage-1-challengers-ro64,799,2022-02-04,7:55 AM
PACIFIC,68642,https://www.vlr.gg/68642/rise-vs-free-fall-champions-tour-north-america-stage-1-challengers-ro64,799,2022-02-04,8:00 AM
PACIFIC,68643,https://www.vlr.gg/68643/elysium-vs-reformed-champions-tour-north-america-stage-1-challengers-ro64,799,2022-02-04,8:00 AM
PACIFIC,68645,https://www.vlr.gg/68645/zero-marksmen-black-vs-team-assent-champions-tour-north-america-stage-1-challengers-ro64,799,2022-02-04,8:00 AM
PACIFIC,68646,https://www.vlr.gg/68646/t1-vs-hugh-jass-construction-champions-tour-north-america-stage-1-challengers-ro64,799,2022-02-04,8:00 AM
PACIFIC,68651,https://www.vlr.gg/68651/third-impact-vs-gunsforhire-champions-tour-north-america-stage-1-challengers-ro64,799,2022-02-04,8:00 AM
PACIFIC,68652,https://www.vlr.gg/68652/faze-clan-vs-unitedera-champions-tour-north-america-stage-1-challengers-ro64,799,2022-02-04,8:00 AM
PACIFIC,68654,https://www.vlr.gg/68654/bait-academy-vs-able-esports-champions-tour-north-america-stage-1-challengers-ro64,799,2022-02-04,8:00 AM
PACIFIC,68655,https://www.vlr.gg/68655/pack-a-punch-vs-lenny-time-champions-tour-north-america-stage-1-challengers-ro64,799,2022-02-04,8:00 AM
PACIFIC,68656,https://www.vlr.gg/68656/team-basilisk-vs-1337-champions-tour-north-america-stage-1-challengers-ro64,799,2022-02-04,8:00 AM
PACIFIC,68658,https://www.vlr.gg/68658/akrew-vs-mozzy-champions-tour-north-america-stage-1-challengers-ro64,799,2022-02-04,8:00 AM
PACIFIC,68660,https://www.vlr.gg/68660/complexity-vs-vireo-pro-champions-tour-north-america-stage-1-challengers-ro64,799,2022-02-04,8:00 AM
PACIFIC,68661,https://www.vlr.gg/68661/soar-vs-nightblood-gaming-champions-tour-north-america-stage-1-challengers-ro64,799,2022-02-04,8:00 AM
PACIFIC,68663,https://www.vlr.gg/68663/illuzion-vs-run-it-down-champions-tour-north-america-stage-1-challengers-ro64,799,2022-02-04,8:00 AM
PACIFIC,68665,https://www.vlr.gg/68665/darkzero-esports-vs-team-rocket-champions-tour-north-america-stage-1-challengers-ro64,799,2022-02-04,8:00 AM
PACIFIC,68667,https://www.vlr.gg/68667/team-reckaroo-vs-omicron-champions-tour-north-america-stage-1-challengers-ro64,799,2022-02-04,8:00 AM
PACIFIC,68668,https://www.vlr.gg/68668/renegades-vs-aspire-champions-tour-north-america-stage-1-challengers-ro64,799,2022-02-04,8:00 AM
PACIFIC,68671,https://www.vlr.gg/68671/synergy-vs-vexo-esports-champions-tour-north-america-stage-1-challengers-ro64,799,2022-02-04,8:00 AM
PACIFIC,68672,https://www.vlr.gg/68672/gen-g-vs-valkyrie-champions-tour-north-america-stage-1-challengers-ro64,799,2022-02-04,8:00 AM
PACIFIC,68647,https://www.vlr.gg/68647/virtuoso-vs-showrunners-champions-tour-north-america-stage-1-challengers-ro64,799,2022-02-04,8:15 AM
PACIFIC,68670,https://www.vlr.gg/68670/pioneers-vs-illumina-blue-champions-tour-north-america-stage-1-challengers-ro64,799,2022-02-04,8:15 AM
PACIFIC,68650,https://www.vlr.gg/68650/tsm-vs-thanos-mug-academy-champions-tour-north-america-stage-1-challengers-ro64,799,2022-02-04,8:45 AM
PACIFIC,68648,https://www.vlr.gg/68648/luminosity-vs-zero-marksmen-silver-champions-tour-north-america-stage-1-challengers-ro64,799,2022-02-04,9:00 AM
PACIFIC,68649,https://www.vlr.gg/68649/kowareta-vs-archons-champions-tour-north-america-stage-1-challengers-ro64,799,2022-02-04,9:00 AM
PACIFIC,68653,https://www.vlr.gg/68653/ghost-gaming-vs-clg-red-champions-tour-north-america-stage-1-challengers-ro64,799,2022-02-04,9:00 AM
PACIFIC,68657,https://www.vlr.gg/68657/evil-geniuses-vs-hyperspace-dark-champions-tour-north-america-stage-1-challengers-ro64,799,2022-02-04,9:00 AM
PACIFIC,68662,https://www.vlr.gg/68662/soniqs-vs-acy-esports-champions-tour-north-america-stage-1-challengers-ro64,799,2022-02-04,9:00 AM
PACIFIC,68666,https://www.vlr.gg/68666/knights-vs-valorsgg-champions-tour-north-america-stage-1-challengers-ro64,799,2022-02-04,9:00 AM
PACIFIC,68669,https://www.vlr.gg/68669/cosmic-divide-vs-mugi-champions-tour-north-america-stage-1-challengers-ro64,799,2022-02-04,9:00 AM
PACIFIC,68673,https://www.vlr.gg/68673/built-by-gamers-vs-green-beans-champions-tour-north-america-stage-1-challengers-ro64,799,2022-02-04,9:00 AM
PACIFIC,68674,https://www.vlr.gg/68674/rise-vs-reformed-champions-tour-north-america-stage-1-challengers-uro32,799,2022-02-05,6:00 AM
PACIFIC,68675,https://www.vlr.gg/68675/radiance-vs-zero-marksmen-black-champions-tour-north-america-stage-1-challengers-uro32,799,2022-02-05,6:00 AM
PACIFIC,68676,https://www.vlr.gg/68676/t1-vs-virtuoso-champions-tour-north-america-stage-1-challengers-uro32,799,2022-02-05,6:00 AM
PACIFIC,68677,https://www.vlr.gg/68677/luminosity-vs-archons-champions-tour-north-america-stage-1-challengers-uro32,799,2022-02-05,6:00 AM
PACIFIC,68678,https://www.vlr.gg/68678/tsm-vs-gunsforhire-champions-tour-north-america-stage-1-challengers-uro32,799,2022-02-05,6:00 AM
PACIFIC,68679,https://www.vlr.gg/68679/faze-clan-vs-ghost-gaming-champions-tour-north-america-stage-1-challengers-uro32,799,2022-02-05,6:00 AM
PACIFIC,68680,https://www.vlr.gg/68680/bait-academy-vs-pack-a-punch-champions-tour-north-america-stage-1-challengers-uro32,799,2022-02-05,6:00 AM
PACIFIC,68681,https://www.vlr.gg/68681/team-basilisk-vs-evil-geniuses-champions-tour-north-america-stage-1-challengers-uro32,799,2022-02-05,6:00 AM
PACIFIC,68682,https://www.vlr.gg/68682/akrew-vs-moon-raccoons-champions-tour-north-america-stage-1-challengers-uro32,799,2022-02-05,6:00 AM
PACIFIC,68683,https://www.vlr.gg/68683/complexity-vs-soar-champions-tour-north-america-stage-1-challengers-uro32,799,2022-02-05,6:00 AM
PACIFIC,68684,https://www.vlr.gg/68684/soniqs-vs-run-it-down-champions-tour-north-america-stage-1-challengers-uro32,799,2022-02-05,6:00 AM
PACIFIC,68685,https://www.vlr.gg/68685/andbox-vs-team-rocket-champions-tour-north-america-stage-1-challengers-uro32,799,2022-02-05,6:00 AM
PACIFIC,68686,https://www.vlr.gg/68686/knights-vs-omicron-champions-tour-north-america-stage-1-challengers-uro32,799,2022-02-05,6:00 AM
PACIFIC,68687,https://www.vlr.gg/68687/renegades-vs-cosmic-divide-champions-tour-north-america-stage-1-challengers-uro32,799,2022-02-05,6:00 AM
PACIFIC,68688,https://www.vlr.gg/68688/pioneers-vs-synergy-champions-tour-north-america-stage-1-challengers-uro32,799,2022-02-05,6:00 AM
PACIFIC,68689,https://www.vlr.gg/68689/gen-g-vs-built-by-gamers-champions-tour-north-america-stage-1-challengers-uro32,799,2022-02-05,6:00 AM
PACIFIC,68693,https://www.vlr.gg/68693/pack-a-punch-vs-evil-geniuses-champions-tour-north-america-stage-1-challengers-uro16,799,2022-02-05,8:10 AM
PACIFIC,68705,https://www.vlr.gg/68705/t1-vs-archons-champions-tour-north-america-stage-1-challengers-lr1,799,2022-02-05,8:15 AM
PACIFIC,68707,https://www.vlr.gg/68707/bait-academy-vs-team-basilisk-champions-tour-north-america-stage-1-challengers-lr1,799,2022-02-05,8:15 AM
PACIFIC,68691,https://www.vlr.gg/68691/virtuoso-vs-luminosity-champions-tour-north-america-stage-1-challengers-uro16,799,2022-02-05,8:25 AM
PACIFIC,68711,https://www.vlr.gg/68711/gen-g-vs-synergy-champions-tour-north-america-stage-1-challengers-lr1,799,2022-02-05,8:30 AM
PACIFIC,68694,https://www.vlr.gg/68694/akrew-vs-soar-champions-tour-north-america-stage-1-challengers-uro16,799,2022-02-05,8:59 AM
PACIFIC,68690,https://www.vlr.gg/68690/rise-vs-zero-marksmen-black-champions-tour-north-america-stage-1-challengers-uro16,799,2022-02-05,9:00 AM
PACIFIC,68695,https://www.vlr.gg/68695/soniqs-vs-andbox-champions-tour-north-america-stage-1-challengers-uro16,799,2022-02-05,9:00 AM
PACIFIC,68696,https://www.vlr.gg/68696/knights-vs-cosmic-divide-champions-tour-north-america-stage-1-challengers-uro16,799,2022-02-05,9:00 AM
PACIFIC,68697,https://www.vlr.gg/68697/pioneers-vs-built-by-gamers-champions-tour-north-america-stage-1-challengers-uro16,799,2022-02-05,9:00 AM
PACIFIC,68704,https://www.vlr.gg/68704/reformed-vs-radiance-champions-tour-north-america-stage-1-challengers-lr1,799,2022-02-05,9:00 AM
PACIFIC,68708,https://www.vlr.gg/68708/complexity-vs-moon-raccoons-champions-tour-north-america-stage-1-challengers-lr1,799,2022-02-05,9:00 AM
PACIFIC,68709,https://www.vlr.gg/68709/team-rocket-vs-run-it-down-champions-tour-north-america-stage-1-challengers-lr1,799,2022-02-05,9:00 AM
PACIFIC,68710,https://www.vlr.gg/68710/renegades-vs-omicron-champions-tour-north-america-stage-1-challengers-lr1,799,2022-02-05,9:00 AM
PACIFIC,68706,https://www.vlr.gg/68706/faze-clan-vs-gunsforhire-champions-tour-north-america-stage-1-challengers-lr1,799,2022-02-05,9:30 AM
PACIFIC,68692,https://www.vlr.gg/68692/tsm-vs-ghost-gaming-champions-tour-north-america-stage-1-challengers-uro16,799,2022-02-05,9:40 AM
PACIFIC,68698,https://www.vlr.gg/68698/rise-vs-luminosity-champions-tour-north-america-stage-1-challengers-ubqf,799,2022-02-06,3:00 AM
PACIFIC,68699,https://www.vlr.gg/68699/ghost-gaming-vs-evil-geniuses-champions-tour-north-america-stage-1-challengers-ubqf,799,2022-02-06,3:00 AM
PACIFIC,68700,https://www.vlr.gg/68700/akrew-vs-soniqs-champions-tour-north-america-stage-1-challengers-ubqf,799,2022-02-06,3:00 AM
PACIFIC,68701,https://www.vlr.gg/68701/knights-vs-built-by-gamers-champions-tour-north-america-stage-1-challengers-ubqf,799,2022-02-06,3:00 AM
PACIFIC,68712,https://www.vlr.gg/68712/pioneers-vs-radiance-champions-tour-north-america-stage-1-challengers-lr2,799,2022-02-06,3:00 AM
PACIFIC,68713,https://www.vlr.gg/68713/cosmic-divide-vs-t1-champions-tour-north-america-stage-1-challengers-lr2,799,2022-02-06,3:00 AM
PACIFIC,68714,https://www.vlr.gg/68714/andbox-vs-faze-clan-champions-tour-north-america-stage-1-challengers-lr2,799,2022-02-06,3:00 AM
PACIFIC,68715,https://www.vlr.gg/68715/soar-vs-bait-academy-champions-tour-north-america-stage-1-challengers-lr2,799,2022-02-06,3:00 AM
PACIFIC,68716,https://www.vlr.gg/68716/pack-a-punch-vs-complexity-champions-tour-north-america-stage-1-challengers-lr2,799,2022-02-06,3:00 AM
PACIFIC,68717,https://www.vlr.gg/68717/tsm-vs-run-it-down-champions-tour-north-america-stage-1-challengers-lr2,799,2022-02-06,3:00 AM
PACIFIC,68718,https://www.vlr.gg/68718/virtuoso-vs-renegades-champions-tour-north-america-stage-1-challengers-lr2,799,2022-02-06,3:00 AM
PACIFIC,68719,https://www.vlr.gg/68719/zero-marksmen-black-vs-gen-g-champions-tour-north-america-stage-1-challengers-lr2,799,2022-02-06,3:00 AM
PACIFIC,68723,https://www.vlr.gg/68723/renegades-vs-gen-g-champions-tour-north-america-stage-1-challengers-lr3,799,2022-02-06,6:00 AM
PACIFIC,68702,https://www.vlr.gg/68702/rise-vs-evil-geniuses-champions-tour-north-america-stage-1-challengers-ubsf,799,2022-02-06,6:15 AM
PACIFIC,68721,https://www.vlr.gg/68721/andbox-vs-bait-academy-champions-tour-north-america-stage-1-challengers-lr3,799,2022-02-06,6:15 AM
PACIFIC,68722,https://www.vlr.gg/68722/complexity-vs-tsm-champions-tour-north-america-stage-1-challengers-lr3,799,2022-02-06,6:15 AM
PACIFIC,68720,https://www.vlr.gg/68720/pioneers-vs-cosmic-divide-champions-tour-north-america-stage-1-challengers-lr3,799,2022-02-06,6:30 AM
PACIFIC,68724,https://www.vlr.gg/68724/ghost-gaming-vs-pioneers-champions-tour-north-america-stage-1-challengers-lr4,799,2022-02-06,9:20 AM
PACIFIC,68725,https://www.vlr.gg/68725/luminosity-vs-bait-academy-champions-tour-north-america-stage-1-challengers-lr4,799,2022-02-06,9:20 AM
PACIFIC,68727,https://www.vlr.gg/68727/akrew-vs-renegades-champions-tour-north-america-stage-1-challengers-lr4,799,2022-02-06,9:20 AM
PACIFIC,68703,https://www.vlr.gg/68703/soniqs-vs-knights-champions-tour-north-america-stage-1-challengers-ubsf,799,2022-02-06,9:30 AM
PACIFIC,68726,https://www.vlr.gg/68726/built-by-gamers-vs-tsm-champions-tour-north-america-stage-1-challengers-lr4,799,2022-02-06,9:30 AM
PACIFIC,68728,https://www.vlr.gg/68728/pioneers-vs-luminosity-champions-tour-north-america-stage-1-challengers-lr5,799,2022-02-07,3:00 AM
PACIFIC,68729,https://www.vlr.gg/68729/built-by-gamers-vs-akrew-champions-tour-north-america-stage-1-challengers-lr5,799,2022-02-07,3:00 AM
PACIFIC,68730,https://www.vlr.gg/68730/soniqs-vs-luminosity-champions-tour-north-america-stage-1-challengers-lr6,799,2022-02-07,6:00 AM
PACIFIC,68731,https://www.vlr.gg/68731/rise-vs-built-by-gamers-champions-tour-north-america-stage-1-challengers-lr6,799,2022-02-07,9:15 AM
PACIFIC,69877,https://www.vlr.gg/69877/cloud9-vs-100-thieves-champions-tour-north-america-stage-1-challengers-w1,799,2022-02-12,4:00 AM
PACIFIC,69878,https://www.vlr.gg/69878/version1-vs-knights-champions-tour-north-america-stage-1-challengers-w1,799,2022-02-12,7:00 AM
PACIFIC,69879,https://www.vlr.gg/69879/sentinels-vs-nrg-esports-champions-tour-north-america-stage-1-challengers-w1,799,2022-02-13,4:00 AM
PACIFIC,69880,https://www.vlr.gg/69880/the-guard-vs-luminosity-champions-tour-north-america-stage-1-challengers-w1,799,2022-02-13,8:05 AM
PACIFIC,69881,https://www.vlr.gg/69881/optic-gaming-vs-rise-champions-tour-north-america-stage-1-challengers-w1,799,2022-02-14,4:00 AM
PACIFIC,69882,https://www.vlr.gg/69882/xset-vs-evil-geniuses-champions-tour-north-america-stage-1-challengers-w1,799,2022-02-14,8:00 AM
PACIFIC,70057,https://www.vlr.gg/70057/knights-vs-sentinels-champions-tour-north-america-stage-1-challengers-w2,799,2022-02-19,4:00 AM
PACIFIC,70058,https://www.vlr.gg/70058/evil-geniuses-vs-luminosity-champions-tour-north-america-stage-1-challengers-w2,799,2022-02-19,7:30 AM
PACIFIC,70059,https://www.vlr.gg/70059/xset-vs-cloud9-champions-tour-north-america-stage-1-challengers-w2,799,2022-02-20,4:00 AM
PACIFIC,70060,https://www.vlr.gg/70060/rise-vs-version1-champions-tour-north-america-stage-1-challengers-w2,799,2022-02-20,7:15 AM
PACIFIC,70061,https://www.vlr.gg/70061/nrg-esports-vs-optic-gaming-champions-tour-north-america-stage-1-challengers-w2,799,2022-02-21,4:00 AM
PACIFIC,70063,https://www.vlr.gg/70063/100-thieves-vs-the-guard-champions-tour-north-america-stage-1-challengers-w2,799,2022-02-21,6:30 AM
PACIFIC,70064,https://www.vlr.gg/70064/cloud9-vs-evil-geniuses-champions-tour-north-america-stage-1-challengers-w3,799,2022-02-26,4:00 AM
PACIFIC,70065,https://www.vlr.gg/70065/knights-vs-rise-champions-tour-north-america-stage-1-challengers-w3,799,2022-02-26,7:00 AM
PACIFIC,70066,https://www.vlr.gg/70066/sentinels-vs-optic-gaming-champions-tour-north-america-stage-1-challengers-w3,799,2022-02-27,4:00 AM
PACIFIC,70067,https://www.vlr.gg/70067/the-guard-vs-xset-champions-tour-north-america-stage-1-challengers-w3,799,2022-02-27,7:15 AM
PACIFIC,70068,https://www.vlr.gg/70068/luminosity-vs-100-thieves-champions-tour-north-america-stage-1-challengers-w3,799,2022-02-28,4:00 AM
PACIFIC,70069,https://www.vlr.gg/70069/version1-vs-nrg-esports-champions-tour-north-america-stage-1-challengers-w3,799,2022-02-28,7:50 AM
PACIFIC,70070,https://www.vlr.gg/70070/rise-vs-sentinels-champions-tour-north-america-stage-1-challengers-w4,799,2022-03-05,4:00 AM
PACIFIC,70071,https://www.vlr.gg/70071/evil-geniuses-vs-the-guard-champions-tour-north-america-stage-1-challengers-w4,799,2022-03-05,7:00 AM
PACIFIC,70072,https://www.vlr.gg/70072/luminosity-vs-cloud9-champions-tour-north-america-stage-1-challengers-w4,799,2022-03-06,4:00 AM
PACIFIC,70073,https://www.vlr.gg/70073/nrg-esports-vs-knights-champions-tour-north-america-stage-1-challengers-w4,799,2022-03-06,6:35 AM
PACIFIC,70074,https://www.vlr.gg/70074/100-thieves-vs-xset-champions-tour-north-america-stage-1-challengers-w4,799,2022-03-07,4:00 AM
PACIFIC,70075,https://www.vlr.gg/70075/optic-gaming-vs-version1-champions-tour-north-america-stage-1-challengers-w4,799,2022-03-07,7:15 AM
PACIFIC,70076,https://www.vlr.gg/70076/cloud9-vs-the-guard-champions-tour-north-america-stage-1-challengers-w5,799,2022-03-12,4:00 AM
PACIFIC,70077,https://www.vlr.gg/70077/nrg-esports-vs-rise-champions-tour-north-america-stage-1-challengers-w5,799,2022-03-12,7:00 AM
PACIFIC,70079,https://www.vlr.gg/70079/100-thieves-vs-evil-geniuses-champions-tour-north-america-stage-1-challengers-w5,799,2022-03-13,4:00 AM
PACIFIC,70081,https://www.vlr.gg/70081/xset-vs-luminosity-champions-tour-north-america-stage-1-challengers-w5,799,2022-03-13,6:30 AM
PACIFIC,70078,https://www.vlr.gg/70078/sentinels-vs-version1-champions-tour-north-america-stage-1-challengers-w5,799,2022-03-14,3:00 AM
PACIFIC,70080,https://www.vlr.gg/70080/optic-gaming-vs-knights-champions-tour-north-america-stage-1-challengers-w5,799,2022-03-14,5:45 AM
PACIFIC,77785,https://www.vlr.gg/77785/cloud9-vs-knights-champions-tour-north-america-stage-1-challengers-ubqf,799,2022-03-18,3:00 AM
PACIFIC,77786,https://www.vlr.gg/77786/optic-gaming-vs-xset-champions-tour-north-america-stage-1-challengers-ubqf,799,2022-03-18,6:30 AM
PACIFIC,77787,https://www.vlr.gg/77787/version1-vs-luminosity-champions-tour-north-america-stage-1-challengers-ubqf,799,2022-03-19,3:00 AM
PACIFIC,77788,https://www.vlr.gg/77788/the-guard-vs-sentinels-champions-tour-north-america-stage-1-challengers-ubqf,799,2022-03-19,6:25 AM
PACIFIC,77789,https://www.vlr.gg/77789/cloud9-vs-optic-gaming-champions-tour-north-america-stage-1-challengers-ubsf,799,2022-03-20,3:00 AM
PACIFIC,77790,https://www.vlr.gg/77790/luminosity-vs-the-guard-champions-tour-north-america-stage-1-challengers-ubsf,799,2022-03-20,6:05 AM
PACIFIC,77793,https://www.vlr.gg/77793/knights-vs-xset-champions-tour-north-america-stage-1-challengers-lr1,799,2022-03-21,3:00 AM
PACIFIC,77794,https://www.vlr.gg/77794/version1-vs-sentinels-champions-tour-north-america-stage-1-challengers-lr1,799,2022-03-21,5:30 AM
PACIFIC,77795,https://www.vlr.gg/77795/luminosity-vs-xset-champions-tour-north-america-stage-1-challengers-lr2,799,2022-03-25,3:00 AM
PACIFIC,77796,https://www.vlr.gg/77796/cloud9-vs-version1-champions-tour-north-america-stage-1-challengers-lr2,799,2022-03-25,5:20 AM
PACIFIC,77791,https://www.vlr.gg/77791/optic-gaming-vs-the-guard-champions-tour-north-america-stage-1-challengers-ubf,799,2022-03-26,3:00 AM
PACIFIC,77797,https://www.vlr.gg/77797/xset-vs-cloud9-champions-tour-north-america-stage-1-challengers-lr3,799,2022-03-26,5:15 AM
PACIFIC,77798,https://www.vlr.gg/77798/the-guard-vs-cloud9-champions-tour-north-america-stage-1-challengers-lbf,799,2022-03-27,3:00 AM
PACIFIC,77792,https://www.vlr.gg/77792/optic-gaming-vs-the-guard-champions-tour-north-america-stage-1-challengers-gf,799,2022-03-28,3:00 AM
PACIFIC,43764,https://www.vlr.gg/43764/100-thieves-vs-gen-g-champions-tour-north-america-last-chance-qualifier-ubqf,558,2021-10-13,2:30 AM
PACIFIC,43765,https://www.vlr.gg/43765/xset-vs-luminosity-champions-tour-north-america-last-chance-qualifier-ubqf,558,2021-10-13,6:05 AM
PACIFIC,43768,https://www.vlr.gg/43768/100-thieves-vs-xset-champions-tour-north-america-last-chance-qualifier-ubsf,558,2021-10-13,9:20 AM
PACIFIC,43766,https://www.vlr.gg/43766/faze-clan-vs-rise-champions-tour-north-america-last-chance-qualifier-ubqf,558,2021-10-28,2:15 AM
PACIFIC,43767,https://www.vlr.gg/43767/version1-vs-cloud9-blue-champions-tour-north-america-last-chance-qualifier-ubqf,558,2021-10-28,5:55 AM
PACIFIC,43769,https://www.vlr.gg/43769/rise-vs-cloud9-blue-champions-tour-north-america-last-chance-qualifier-ubsf,558,2021-10-29,2:25 AM
PACIFIC,43772,https://www.vlr.gg/43772/gen-g-vs-luminosity-champions-tour-north-america-last-chance-qualifier-lr1,558,2021-10-29,4:40 AM
PACIFIC,43773,https://www.vlr.gg/43773/faze-clan-vs-version1-champions-tour-north-america-last-chance-qualifier-lr1,558,2021-10-29,7:05 AM
PACIFIC,43774,https://www.vlr.gg/43774/cloud9-blue-vs-gen-g-champions-tour-north-america-last-chance-qualifier-lr2,558,2021-10-30,2:10 AM
PACIFIC,43775,https://www.vlr.gg/43775/xset-vs-version1-champions-tour-north-america-last-chance-qualifier-lr2,558,2021-10-30,6:15 AM
PACIFIC,43770,https://www.vlr.gg/43770/100-thieves-vs-rise-champions-tour-north-america-last-chance-qualifier-ubf,558,2021-10-30,8:30 AM
PACIFIC,43776,https://www.vlr.gg/43776/cloud9-blue-vs-xset-champions-tour-north-america-last-chance-qualifier-lr3,558,2021-10-31,3:15 AM
PACIFIC,43777,https://www.vlr.gg/43777/100-thieves-vs-cloud9-blue-champions-tour-north-america-last-chance-qualifier-lbf,558,2021-10-31,6:00 AM
PACIFIC,43771,https://www.vlr.gg/43771/rise-vs-cloud9-blue-champions-tour-north-america-last-chance-qualifier-gf,558,2021-11-01,2:00 AM
PACIFIC,34948,https://www.vlr.gg/34948/supermassive-blaze-vs-acend-valorant-champions-tour-stage-3-masters-berlin-opening-a,466,2021-09-10,8:00 PM
PACIFIC,35938,https://www.vlr.gg/35938/g2-esports-vs-f4q-valorant-champions-tour-stage-3-masters-berlin-group-d,466,2021-09-10,11:10 PM
PACIFIC,34952,https://www.vlr.gg/34952/100-thieves-vs-havan-liberty-valorant-champions-tour-stage-3-masters-berlin-opening-c,466,2021-09-11,2:50 AM
PACIFIC,34947,https://www.vlr.gg/34947/vision-strikers-vs-paper-rex-valorant-champions-tour-stage-3-masters-berlin-opening-a,466,2021-09-11,8:00 PM
PACIFIC,34951,https://www.vlr.gg/34951/gambit-esports-vs-crazy-raccoon-valorant-champions-tour-stage-3-masters-berlin-opening-c,466,2021-09-11,11:00 PM
PACIFIC,34949,https://www.vlr.gg/34949/vivo-keyd-vs-envy-valorant-champions-tour-stage-3-masters-berlin-opening-b,466,2021-09-12,1:15 AM
PACIFIC,34950,https://www.vlr.gg/34950/kr-esports-vs-zeta-division-valorant-champions-tour-stage-3-masters-berlin-opening-b,466,2021-09-12,8:00 PM
PACIFIC,35939,https://www.vlr.gg/35939/sentinels-vs-g2-esports-valorant-champions-tour-stage-3-masters-berlin-group-d,466,2021-09-12,11:50 PM
PACIFIC,34964,https://www.vlr.gg/34964/gambit-esports-vs-100-thieves-valorant-champions-tour-stage-3-masters-berlin-winners-c,466,2021-09-13,3:35 AM
PACIFIC,34961,https://www.vlr.gg/34961/envy-vs-kr-esports-valorant-champions-tour-stage-3-masters-berlin-winners-b,466,2021-09-13,8:00 PM
PACIFIC,34958,https://www.vlr.gg/34958/vision-strikers-vs-acend-valorant-champions-tour-stage-3-masters-berlin-winners-a,466,2021-09-13,10:20 PM
PACIFIC,35940,https://www.vlr.gg/35940/f4q-vs-sentinels-valorant-champions-tour-stage-3-masters-berlin-group-d,466,2021-09-14,1:00 AM
PACIFIC,35941,https://www.vlr.gg/35941/f4q-vs-g2-esports-valorant-champions-tour-stage-3-masters-berlin-group-d,466,2021-09-14,8:00 PM
PACIFIC,34962,https://www.vlr.gg/34962/vivo-keyd-vs-zeta-division-valorant-champions-tour-stage-3-masters-berlin-elimination-b,466,2021-09-14,10:50 PM
PACIFIC,34965,https://www.vlr.gg/34965/crazy-raccoon-vs-havan-liberty-valorant-champions-tour-stage-3-masters-berlin-elimination-c,466,2021-09-15,1:15 AM
PACIFIC,34959,https://www.vlr.gg/34959/paper-rex-vs-supermassive-blaze-valorant-champions-tour-stage-3-masters-berlin-elimination-a,466,2021-09-15,8:00 PM
PACIFIC,35942,https://www.vlr.gg/35942/g2-esports-vs-sentinels-valorant-champions-tour-stage-3-masters-berlin-group-d,466,2021-09-16,12:00 AM
PACIFIC,34963,https://www.vlr.gg/34963/kr-esports-vs-vivo-keyd-valorant-champions-tour-stage-3-masters-berlin-decider-b,466,2021-09-16,2:50 AM
PACIFIC,34960,https://www.vlr.gg/34960/acend-vs-supermassive-blaze-valorant-champions-tour-stage-3-masters-berlin-decider-a,466,2021-09-16,8:00 PM
PACIFIC,34966,https://www.vlr.gg/34966/gambit-esports-vs-crazy-raccoon-valorant-champions-tour-stage-3-masters-berlin-decider-c,466,2021-09-17,12:15 AM
PACIFIC,35943,https://www.vlr.gg/35943/sentinels-vs-f4q-valorant-champions-tour-stage-3-masters-berlin-group-d,466,2021-09-17,3:05 AM
PACIFIC,34975,https://www.vlr.gg/34975/vision-strikers-vs-gambit-esports-valorant-champions-tour-stage-3-masters-berlin-qf,466,2021-09-17,6:00 PM
PACIFIC,34976,https://www.vlr.gg/34976/g2-esports-vs-kr-esports-valorant-champions-tour-stage-3-masters-berlin-qf,466,2021-09-17,9:35 PM
PACIFIC,34973,https://www.vlr.gg/34973/100-thieves-vs-acend-valorant-champions-tour-stage-3-masters-berlin-qf,466,2021-09-18,12:15 AM
PACIFIC,34974,https://www.vlr.gg/34974/envy-vs-sentinels-valorant-champions-tour-stage-3-masters-berlin-qf,466,2021-09-18,3:55 AM
PACIFIC,34977,https://www.vlr.gg/34977/gambit-esports-vs-g2-esports-valorant-champions-tour-stage-3-masters-berlin-sf,466,2021-09-18,11:00 PM
PACIFIC,34978,https://www.vlr.gg/34978/100-thieves-vs-envy-valorant-champions-tour-stage-3-masters-berlin-sf,466,2021-09-19,1:35 AM
PACIFIC,34979,https://www.vlr.gg/34979/envy-vs-gambit-esports-valorant-champions-tour-stage-3-masters-berlin-gf,466,2021-09-19,11:00 PM
PACIFIC,29391,https://www.vlr.gg/29391/sentinels-vs-rise-champions-tour-north-america-stage-3-challengers-playoffs-ubqf,578,2021-08-12,2:00 AM
PACIFIC,29392,https://www.vlr.gg/29392/envy-vs-tsm-champions-tour-north-america-stage-3-challengers-playoffs-ubqf,578,2021-08-12,2:00 AM
PACIFIC,29393,https://www.vlr.gg/29393/100-thieves-vs-faze-clan-champions-tour-north-america-stage-3-challengers-playoffs-ubqf,578,2021-08-12,4:55 AM
PACIFIC,29394,https://www.vlr.gg/29394/xset-vs-luminosity-champions-tour-north-america-stage-3-challengers-playoffs-ubqf,578,2021-08-12,5:25 AM
PACIFIC,29395,https://www.vlr.gg/29395/sentinels-vs-envy-champions-tour-north-america-stage-3-challengers-playoffs-ubsf,578,2021-08-12,7:05 AM
PACIFIC,29396,https://www.vlr.gg/29396/100-thieves-vs-xset-champions-tour-north-america-stage-3-challengers-playoffs-ubsf,578,2021-08-12,7:30 AM
PACIFIC,29399,https://www.vlr.gg/29399/rise-vs-tsm-champions-tour-north-america-stage-3-challengers-playoffs-lr1,578,2021-08-13,4:00 AM
PACIFIC,29400,https://www.vlr.gg/29400/faze-clan-vs-luminosity-champions-tour-north-america-stage-3-challengers-playoffs-lr1,578,2021-08-13,4:00 AM
PACIFIC,29402,https://www.vlr.gg/29402/envy-vs-faze-clan-champions-tour-north-america-stage-3-challengers-playoffs-lr2,578,2021-08-13,7:00 AM
PACIFIC,29401,https://www.vlr.gg/29401/xset-vs-rise-champions-tour-north-america-stage-3-challengers-playoffs-lr2,578,2021-08-13,7:25 AM
PACIFIC,29397,https://www.vlr.gg/29397/sentinels-vs-100-thieves-champions-tour-north-america-stage-3-challengers-playoffs-ubf,578,2021-08-14,4:00 AM
PACIFIC,29403,https://www.vlr.gg/29403/xset-vs-envy-champions-tour-north-america-stage-3-challengers-playoffs-lr3,578,2021-08-14,6:15 AM
PACIFIC,29404,https://www.vlr.gg/29404/100-thieves-vs-envy-champions-tour-north-america-stage-3-challengers-playoffs-lbf,578,2021-08-15,2:00 AM
PACIFIC,29398,https://www.vlr.gg/29398/sentinels-vs-100-thieves-champions-tour-north-america-stage-3-challengers-playoffs-gf,578,2021-08-16,2:00 AM
PACIFIC,28227,https://www.vlr.gg/28227/faze-clan-vs-pepecool-champions-tour-north-america-stage-3-challengers-2-qualifier-ro128,576,2021-07-23,4:00 AM
PACIFIC,28268,https://www.vlr.gg/28268/east-hill-vs-depth-esports-champions-tour-north-america-stage-3-challengers-2-qualifier-ro128,576,2021-07-23,4:00 AM
PACIFIC,28270,https://www.vlr.gg/28270/foxy-vs-aim-stars-champions-tour-north-america-stage-3-challengers-2-qualifier-ro128,576,2021-07-23,4:00 AM
PACIFIC,28219,https://www.vlr.gg/28219/soniqs-vs-method2madness-champions-tour-north-america-stage-3-challengers-2-qualifier-ro128,576,2021-07-23,4:00 AM
PACIFIC,28220,https://www.vlr.gg/28220/vial-vs-company-8-champions-tour-north-america-stage-3-challengers-2-qualifier-ro128,576,2021-07-23,4:00 AM
PACIFIC,28221,https://www.vlr.gg/28221/fortnite-fraggers-vs-stealth-champions-tour-north-america-stage-3-challengers-2-qualifier-ro128,576,2021-07-23,4:00 AM
PACIFIC,28222,https://www.vlr.gg/28222/ookers-vs-webarebears-champions-tour-north-america-stage-3-challengers-2-qualifier-ro128,576,2021-07-23,4:00 AM
PACIFIC,28223,https://www.vlr.gg/28223/ez5-vs-last-resistance-champions-tour-north-america-stage-3-challengers-2-qualifier-ro128,576,2021-07-23,4:00 AM
PACIFIC,28224,https://www.vlr.gg/28224/whats-going-on-vs-damn-i-love-fwogs-champions-tour-north-america-stage-3-challengers-2-qualifie,576,2021-07-23,4:00 AM
PACIFIC,28225,https://www.vlr.gg/28225/ghost-gaming-vs-white-lotus-champions-tour-north-america-stage-3-challengers-2-qualifier-ro128,576,2021-07-23,4:00 AM
PACIFIC,28226,https://www.vlr.gg/28226/recon-5-vs-frag-hunters-champions-tour-north-america-stage-3-challengers-2-qualifier-ro128,576,2021-07-23,4:00 AM
PACIFIC,28228,https://www.vlr.gg/28228/slime-slats-vs-reborn-champions-tour-north-america-stage-3-challengers-2-qualifier-ro128,576,2021-07-23,4:00 AM
PACIFIC,28229,https://www.vlr.gg/28229/brimstone-gaming-vs-dank-daddies-champions-tour-north-america-stage-3-challengers-2-qualifier-ro,576,2021-07-23,4:00 AM
PACIFIC,28230,https://www.vlr.gg/28230/cloud9-white-vs-evolved-gamers-champions-tour-north-america-stage-3-challengers-2-qualifier-ro1,576,2021-07-23,4:00 AM
PACIFIC,28231,https://www.vlr.gg/28231/immortals-vs-lobster-car-champions-tour-north-america-stage-3-challengers-2-qualifier-ro128,576,2021-07-23,4:00 AM
PACIFIC,28232,https://www.vlr.gg/28232/illuzion-black-vs-ugk-esports-champions-tour-north-america-stage-3-challengers-2-qualifier-ro128,576,2021-07-23,4:00 AM
PACIFIC,28233,https://www.vlr.gg/28233/1337-vs-mobuckets-champions-tour-north-america-stage-3-challengers-2-qualifier-ro128,576,2021-07-23,4:00 AM
PACIFIC,28234,https://www.vlr.gg/28234/all-around-savants-vs-street-sharks-champions-tour-north-america-stage-3-challengers-2-qualifier,576,2021-07-23,4:00 AM
PACIFIC,28235,https://www.vlr.gg/28235/darkzero-esports-vs-psistorm-champions-tour-north-america-stage-3-challengers-2-qualifier-ro128,576,2021-07-23,4:00 AM
PACIFIC,28236,https://www.vlr.gg/28236/aftermath-esports-vs-fiu-champions-tour-north-america-stage-3-challengers-2-qualifier-ro128,576,2021-07-23,4:00 AM
PACIFIC,28237,https://www.vlr.gg/28237/big-frames-vs-storm-champions-tour-north-america-stage-3-challengers-2-qualifier-ro128,576,2021-07-23,4:00 AM
PACIFIC,28238,https://www.vlr.gg/28238/last-round-save-vs-aggie-gaming-at-uc-champions-tour-north-america-stage-3-challengers-2-qualifi,576,2021-07-23,4:00 AM
PACIFIC,28239,https://www.vlr.gg/28239/knights-vs-anime-aimers-champions-tour-north-america-stage-3-challengers-2-qualifier-ro128,576,2021-07-23,4:00 AM
PACIFIC,28240,https://www.vlr.gg/28240/ecap-vs-university-at-buffalo-champions-tour-north-america-stage-3-challengers-2-qualifier-ro128,576,2021-07-23,4:00 AM
PACIFIC,28241,https://www.vlr.gg/28241/soar-vs-zoomers-champions-tour-north-america-stage-3-challengers-2-qualifier-ro128,576,2021-07-23,4:00 AM
PACIFIC,28242,https://www.vlr.gg/28242/valkyrie-vs-crowd-pleasers-champions-tour-north-america-stage-3-challengers-2-qualifier-ro128,576,2021-07-23,4:00 AM
PACIFIC,28243,https://www.vlr.gg/28243/andbox-vs-swaygg-champions-tour-north-america-stage-3-challengers-2-qualifier-ro128,576,2021-07-23,4:00 AM
PACIFIC,28244,https://www.vlr.gg/28244/organic-gamers-vs-freelo-champions-tour-north-america-stage-3-challengers-2-qualifier-ro128,576,2021-07-23,4:00 AM
PACIFIC,28245,https://www.vlr.gg/28245/zero-marksmen-vs-bobs-girls-champions-tour-north-america-stage-3-challengers-2-qualifier-ro128,576,2021-07-23,4:00 AM
PACIFIC,28246,https://www.vlr.gg/28246/cot-vs-99-effort-champions-tour-north-america-stage-3-challengers-2-qualifier-ro128,576,2021-07-23,4:00 AM
PACIFIC,28247,https://www.vlr.gg/28247/tsm-vs-team-mystic-champions-tour-north-america-stage-3-challengers-2-qualifier-ro128,576,2021-07-23,4:00 AM
PACIFIC,28248,https://www.vlr.gg/28248/303-esports-vs-4-gorillas-and-a-monkey-champions-tour-north-america-stage-3-challengers-2-qualif,576,2021-07-23,4:00 AM
PACIFIC,28249,https://www.vlr.gg/28249/squirtle-squad-vs-apes-together-strong-champions-tour-north-america-stage-3-challengers-2-qualif,576,2021-07-23,4:00 AM
PACIFIC,28250,https://www.vlr.gg/28250/levitate-vs-flu-esports-champions-tour-north-america-stage-3-challengers-2-qualifier-ro128,576,2021-07-23,4:00 AM
PACIFIC,28251,https://www.vlr.gg/28251/t1-vs-spectral-esports-purple-champions-tour-north-america-stage-3-challengers-2-qualifier-ro128,576,2021-07-23,4:00 AM
PACIFIC,28252,https://www.vlr.gg/28252/taipan-esports-vs-o7-champions-tour-north-america-stage-3-challengers-2-qualifier-ro128,576,2021-07-23,4:00 AM
PACIFIC,28253,https://www.vlr.gg/28253/project-13-vs-aspyre-entertainment-champions-tour-north-america-stage-3-challengers-2-qualifier,576,2021-07-23,4:00 AM
PACIFIC,28254,https://www.vlr.gg/28254/professional-malders-vs-synergy-champions-tour-north-america-stage-3-challengers-2-qualifier-ro1,576,2021-07-23,4:00 AM
PACIFIC,28255,https://www.vlr.gg/28255/renegades-vs-waifu-warriors-champions-tour-north-america-stage-3-challengers-2-qualifier-ro128,576,2021-07-23,4:00 AM
PACIFIC,28256,https://www.vlr.gg/28256/shopify-rebellion-vs-pog-champions-champions-tour-north-america-stage-3-challengers-2-qualifier,576,2021-07-23,4:00 AM
PACIFIC,28257,https://www.vlr.gg/28257/yfp-gaming-vs-mozzymembas-champions-tour-north-america-stage-3-challengers-2-qualifier-ro128,576,2021-07-23,4:00 AM
PACIFIC,28258,https://www.vlr.gg/28258/fyb-vs-positive-mental-attitude-champions-tour-north-america-stage-3-challengers-2-qualifier-ro1,576,2021-07-23,4:00 AM
PACIFIC,28259,https://www.vlr.gg/28259/virtuoso-vs-double-vision-champions-tour-north-america-stage-3-challengers-2-qualifier-ro128,576,2021-07-23,4:00 AM
PACIFIC,28260,https://www.vlr.gg/28260/sbread-gaming-vs-norcal-esports-champions-tour-north-america-stage-3-challengers-2-qualifier-ro1,576,2021-07-23,4:00 AM
PACIFIC,28261,https://www.vlr.gg/28261/divize-vs-eclectiq-champions-tour-north-america-stage-3-challengers-2-qualifier-ro128,576,2021-07-23,4:00 AM
PACIFIC,28262,https://www.vlr.gg/28262/down-two-earth-vs-indiana-syndicate-champions-tour-north-america-stage-3-challengers-2-qualifier,576,2021-07-23,4:00 AM
PACIFIC,28263,https://www.vlr.gg/28263/built-by-gamers-vs-hoax-champions-tour-north-america-stage-3-challengers-2-qualifier-ro128,576,2021-07-23,4:00 AM
PACIFIC,28264,https://www.vlr.gg/28264/carpe-noctem-vs-amogus-champions-tour-north-america-stage-3-challengers-2-qualifier-ro128,576,2021-07-23,4:00 AM
PACIFIC,28265,https://www.vlr.gg/28265/team-basilisk-vs-miracle-champions-tour-north-america-stage-3-challengers-2-qualifier-ro128,576,2021-07-23,4:00 AM
PACIFIC,28266,https://www.vlr.gg/28266/horizongg-vs-zelos-champions-tour-north-america-stage-3-challengers-2-qualifier-ro128,576,2021-07-23,4:00 AM
PACIFIC,28267,https://www.vlr.gg/28267/cloud9-blue-vs-celestial-violet-champions-tour-north-america-stage-3-challengers-2-qualifier-ro1,576,2021-07-23,4:00 AM
PACIFIC,28269,https://www.vlr.gg/28269/good-fellas-vs-sussy-champions-tour-north-america-stage-3-challengers-2-qualifier-ro128,576,2021-07-23,4:00 AM
PACIFIC,28271,https://www.vlr.gg/28271/complexity-vs-carnos-arks-champions-tour-north-america-stage-3-challengers-2-qualifier-ro128,576,2021-07-23,4:00 AM
PACIFIC,28272,https://www.vlr.gg/28272/karma-vs-for-fun-champions-tour-north-america-stage-3-challengers-2-qualifier-ro128,576,2021-07-23,4:00 AM
PACIFIC,28273,https://www.vlr.gg/28273/evil-geniuses-vs-team-volpid-champions-tour-north-america-stage-3-challengers-2-qualifier-ro128,576,2021-07-23,4:00 AM
PACIFIC,28274,https://www.vlr.gg/28274/lazarus-vs-xtr-champions-tour-north-america-stage-3-challengers-2-qualifier-ro128,576,2021-07-23,4:00 AM
PACIFIC,28275,https://www.vlr.gg/28275/luminosity-vs-spectrum-swing-champions-tour-north-america-stage-3-challengers-2-qualifier-ro128,576,2021-07-23,4:00 AM
PACIFIC,28276,https://www.vlr.gg/28276/clg-red-vs-hysteria-champions-tour-north-america-stage-3-challengers-2-qualifier-ro128,576,2021-07-23,4:00 AM
PACIFIC,28277,https://www.vlr.gg/28277/fenrir-vs-uyu-champions-tour-north-america-stage-3-challengers-2-qualifier-ro128,576,2021-07-23,4:00 AM
PACIFIC,28278,https://www.vlr.gg/28278/p11-vs-vale-champions-tour-north-america-stage-3-challengers-2-qualifier-ro128,576,2021-07-23,4:00 AM
PACIFIC,28279,https://www.vlr.gg/28279/nrg-esports-vs-magma-champions-tour-north-america-stage-3-challengers-2-qualifier-ro128,576,2021-07-23,4:00 AM
PACIFIC,28280,https://www.vlr.gg/28280/rock-bottom-vs-xplicit-champions-tour-north-america-stage-3-challengers-2-qualifier-ro128,576,2021-07-23,4:00 AM
PACIFIC,28281,https://www.vlr.gg/28281/resonate-vs-fidelity-champions-tour-north-america-stage-3-challengers-2-qualifier-ro128,576,2021-07-23,4:00 AM
PACIFIC,28282,https://www.vlr.gg/28282/able-esports-vs-karasuno-champions-tour-north-america-stage-3-challengers-2-qualifier-ro128,576,2021-07-23,4:00 AM
PACIFIC,28287,https://www.vlr.gg/28287/faze-clan-vs-slime-slats-champions-tour-north-america-stage-3-challengers-2-qualifier-ro64,576,2021-07-23,5:30 AM
PACIFIC,28297,https://www.vlr.gg/28297/tsm-vs-303-esports-champions-tour-north-america-stage-3-challengers-2-qualifier-ro64,576,2021-07-23,5:30 AM
PACIFIC,28289,https://www.vlr.gg/28289/immortals-vs-illuzion-black-champions-tour-north-america-stage-3-challengers-2-qualifier-ro64,576,2021-07-23,5:43 AM
PACIFIC,28284,https://www.vlr.gg/28284/fortnite-fraggers-vs-ookers-champions-tour-north-america-stage-3-challengers-2-qualifier-ro64,576,2021-07-23,6:00 AM
PACIFIC,28285,https://www.vlr.gg/28285/ez5-vs-whats-going-on-champions-tour-north-america-stage-3-challengers-2-qualifier-ro64,576,2021-07-23,6:15 AM
PACIFIC,28301,https://www.vlr.gg/28301/renegades-vs-shopify-rebellion-champions-tour-north-america-stage-3-challengers-2-qualifier-ro64,576,2021-07-23,6:15 AM
PACIFIC,28298,https://www.vlr.gg/28298/squirtle-squad-vs-flu-esports-champions-tour-north-america-stage-3-challengers-2-qualifier-ro64,576,2021-07-23,6:30 AM
PACIFIC,28304,https://www.vlr.gg/28304/divize-vs-down-two-earth-champions-tour-north-america-stage-3-challengers-2-qualifier-ro64,576,2021-07-23,6:30 AM
PACIFIC,28308,https://www.vlr.gg/28308/good-fellas-vs-aim-stars-champions-tour-north-america-stage-3-challengers-2-qualifier-ro64,576,2021-07-23,6:30 AM
PACIFIC,28283,https://www.vlr.gg/28283/soniqs-vs-vial-champions-tour-north-america-stage-3-challengers-2-qualifier-ro64,576,2021-07-23,6:30 AM
PACIFIC,28286,https://www.vlr.gg/28286/ghost-gaming-vs-frag-hunters-champions-tour-north-america-stage-3-challengers-2-qualifier-ro64,576,2021-07-23,6:30 AM
PACIFIC,28288,https://www.vlr.gg/28288/brimstone-gaming-vs-cloud9-white-champions-tour-north-america-stage-3-challengers-2-qualifier,576,2021-07-23,6:30 AM
PACIFIC,28290,https://www.vlr.gg/28290/1337-vs-all-around-savants-champions-tour-north-america-stage-3-challengers-2-qualifier-ro64,576,2021-07-23,6:30 AM
PACIFIC,28291,https://www.vlr.gg/28291/darkzero-esports-vs-fiu-champions-tour-north-america-stage-3-challengers-2-qualifier-ro64,576,2021-07-23,6:30 AM
PACIFIC,28292,https://www.vlr.gg/28292/big-frames-vs-last-round-save-champions-tour-north-america-stage-3-challengers-2-qualifier-ro64,576,2021-07-23,6:30 AM
PACIFIC,28293,https://www.vlr.gg/28293/knights-vs-ecap-champions-tour-north-america-stage-3-challengers-2-qualifier-ro64,576,2021-07-23,6:30 AM
PACIFIC,28294,https://www.vlr.gg/28294/soar-vs-valkyrie-champions-tour-north-america-stage-3-challengers-2-qualifier-ro64,576,2021-07-23,6:30 AM
PACIFIC,28295,https://www.vlr.gg/28295/andbox-vs-organic-gamers-champions-tour-north-america-stage-3-challengers-2-qualifier-ro64,576,2021-07-23,6:30 AM
PACIFIC,28296,https://www.vlr.gg/28296/zero-marksmen-vs-cot-champions-tour-north-america-stage-3-challengers-2-qualifier-ro64,576,2021-07-23,6:30 AM
PACIFIC,28299,https://www.vlr.gg/28299/t1-vs-taipan-esports-champions-tour-north-america-stage-3-challengers-2-qualifier-ro64,576,2021-07-23,6:30 AM
PACIFIC,28300,https://www.vlr.gg/28300/project-13-vs-professional-malders-champions-tour-north-america-stage-3-challengers-2-qualifier,576,2021-07-23,6:30 AM
PACIFIC,28302,https://www.vlr.gg/28302/yfp-gaming-vs-positive-mental-attitude-champions-tour-north-america-stage-3-challengers-2-qualif,576,2021-07-23,6:30 AM
PACIFIC,28303,https://www.vlr.gg/28303/virtuoso-vs-norcal-esports-champions-tour-north-america-stage-3-challengers-2-qualifier-ro64,576,2021-07-23,6:30 AM
PACIFIC,28305,https://www.vlr.gg/28305/built-by-gamers-vs-carpe-noctem-champions-tour-north-america-stage-3-challengers-2-qualifier-ro6,576,2021-07-23,6:30 AM
PACIFIC,28306,https://www.vlr.gg/28306/team-basilisk-vs-horizongg-champions-tour-north-america-stage-3-challengers-2-qualifier-ro64,576,2021-07-23,6:30 AM
PACIFIC,28307,https://www.vlr.gg/28307/cloud9-blue-vs-east-hill-champions-tour-north-america-stage-3-challengers-2-qualifier-ro64,576,2021-07-23,6:30 AM
PACIFIC,28309,https://www.vlr.gg/28309/complexity-vs-karma-champions-tour-north-america-stage-3-challengers-2-qualifier-ro64,576,2021-07-23,6:30 AM
PACIFIC,28310,https://www.vlr.gg/28310/evil-geniuses-vs-lazarus-champions-tour-north-america-stage-3-challengers-2-qualifier-ro64,576,2021-07-23,6:30 AM
PACIFIC,28311,https://www.vlr.gg/28311/luminosity-vs-hysteria-champions-tour-north-america-stage-3-challengers-2-qualifier-ro64,576,2021-07-23,6:30 AM
PACIFIC,28312,https://www.vlr.gg/28312/fenrir-vs-p11-champions-tour-north-america-stage-3-challengers-2-qualifier-ro64,576,2021-07-23,6:30 AM
PACIFIC,28313,https://www.vlr.gg/28313/nrg-esports-vs-rock-bottom-champions-tour-north-america-stage-3-challengers-2-qualifier-ro64,576,2021-07-23,6:30 AM
PACIFIC,28314,https://www.vlr.gg/28314/resonate-vs-able-esports-champions-tour-north-america-stage-3-challengers-2-qualifier-ro64,576,2021-07-23,6:30 AM
PACIFIC,28316,https://www.vlr.gg/28316/ez5-vs-ghost-gaming-champions-tour-north-america-stage-3-challengers-2-qualifier-ro32,576,2021-07-24,4:00 AM
PACIFIC,28320,https://www.vlr.gg/28320/knights-vs-soar-champions-tour-north-america-stage-3-challengers-2-qualifier-ro32,576,2021-07-24,4:00 AM
PACIFIC,28322,https://www.vlr.gg/28322/tsm-vs-squirtle-squad-champions-tour-north-america-stage-3-challengers-2-qualifier-ro32,576,2021-07-24,4:00 AM
PACIFIC,28323,https://www.vlr.gg/28323/t1-vs-project-13-champions-tour-north-america-stage-3-challengers-2-qualifier-ro32,576,2021-07-24,4:00 AM
PACIFIC,28325,https://www.vlr.gg/28325/virtuoso-vs-divize-champions-tour-north-america-stage-3-challengers-2-qualifier-ro32,576,2021-07-24,4:00 AM
PACIFIC,28327,https://www.vlr.gg/28327/cloud9-blue-vs-good-fellas-champions-tour-north-america-stage-3-challengers-2-qualifier-ro32,576,2021-07-24,4:00 AM
PACIFIC,28328,https://www.vlr.gg/28328/complexity-vs-evil-geniuses-champions-tour-north-america-stage-3-challengers-2-qualifier-ro32,576,2021-07-24,4:00 AM
PACIFIC,28329,https://www.vlr.gg/28329/luminosity-vs-p11-champions-tour-north-america-stage-3-challengers-2-qualifier-ro32,576,2021-07-24,4:00 AM
PACIFIC,28330,https://www.vlr.gg/28330/nrg-esports-vs-resonate-champions-tour-north-america-stage-3-challengers-2-qualifier-ro32,576,2021-07-24,4:00 AM
PACIFIC,28315,https://www.vlr.gg/28315/soniqs-vs-ookers-champions-tour-north-america-stage-3-challengers-2-qualifier-ro32,576,2021-07-24,4:00 AM
PACIFIC,28317,https://www.vlr.gg/28317/faze-clan-vs-brimstone-gaming-champions-tour-north-america-stage-3-challengers-2-qualifier-ro32,576,2021-07-24,4:00 AM
PACIFIC,28318,https://www.vlr.gg/28318/immortals-vs-all-around-savants-champions-tour-north-america-stage-3-challengers-2-qualifier-ro3,576,2021-07-24,4:00 AM
PACIFIC,28319,https://www.vlr.gg/28319/darkzero-esports-vs-last-round-save-champions-tour-north-america-stage-3-challengers-2-qualifie,576,2021-07-24,4:00 AM
PACIFIC,28321,https://www.vlr.gg/28321/andbox-vs-zero-marksmen-champions-tour-north-america-stage-3-challengers-2-qualifier-ro32,576,2021-07-24,4:00 AM
PACIFIC,28324,https://www.vlr.gg/28324/renegades-vs-yfp-gaming-champions-tour-north-america-stage-3-challengers-2-qualifier-ro32,576,2021-07-24,4:00 AM
PACIFIC,28326,https://www.vlr.gg/28326/built-by-gamers-vs-team-basilisk-champions-tour-north-america-stage-3-challengers-2-qualifier-ro,576,2021-07-24,4:00 AM
PACIFIC,28335,https://www.vlr.gg/28335/t1-vs-renegades-champions-tour-north-america-stage-3-challengers-2-qualifier-ro16,576,2021-07-24,5:45 AM
PACIFIC,28337,https://www.vlr.gg/28337/cloud9-blue-vs-complexity-champions-tour-north-america-stage-3-challengers-2-qualifier-ro16,576,2021-07-24,6:00 AM
PACIFIC,28332,https://www.vlr.gg/28332/faze-clan-vs-immortals-champions-tour-north-america-stage-3-challengers-2-qualifier-ro16,576,2021-07-24,6:05 AM
PACIFIC,28331,https://www.vlr.gg/28331/soniqs-vs-ghost-gaming-champions-tour-north-america-stage-3-challengers-2-qualifier-ro16,576,2021-07-24,6:15 AM
PACIFIC,28334,https://www.vlr.gg/28334/andbox-vs-tsm-champions-tour-north-america-stage-3-challengers-2-qualifier-ro16,576,2021-07-24,6:15 AM
PACIFIC,28336,https://www.vlr.gg/28336/divize-vs-built-by-gamers-champions-tour-north-america-stage-3-challengers-2-qualifier-ro16,576,2021-07-24,6:30 AM
PACIFIC,28338,https://www.vlr.gg/28338/luminosity-vs-resonate-champions-tour-north-america-stage-3-challengers-2-qualifier-ro16,576,2021-07-24,7:00 AM
PACIFIC,28333,https://www.vlr.gg/28333/darkzero-esports-vs-knights-champions-tour-north-america-stage-3-challengers-2-qualifier-ro16,576,2021-07-24,7:25 AM
PACIFIC,28339,https://www.vlr.gg/28339/ghost-gaming-vs-faze-clan-champions-tour-north-america-stage-3-challengers-2-qualifier-qf,576,2021-07-25,2:00 AM
PACIFIC,28340,https://www.vlr.gg/28340/darkzero-esports-vs-tsm-champions-tour-north-america-stage-3-challengers-2-qualifier-qf,576,2021-07-25,5:00 AM
PACIFIC,28341,https://www.vlr.gg/28341/t1-vs-built-by-gamers-champions-tour-north-america-stage-3-challengers-2-qualifier-qf,576,2021-07-26,2:00 AM
PACIFIC,28342,https://www.vlr.gg/28342/cloud9-blue-vs-luminosity-champions-tour-north-america-stage-3-challengers-2-qualifier-qf,576,2021-07-26,4:15 AM
PACIFIC,29251,https://www.vlr.gg/29251/gen-g-vs-tsm-champions-tour-north-america-stage-3-challengers-2-ubqf,576,2021-07-30,2:00 AM
PACIFIC,29252,https://www.vlr.gg/29252/version1-vs-t1-champions-tour-north-america-stage-3-challengers-2-ubqf,576,2021-07-30,2:00 AM
PACIFIC,29254,https://www.vlr.gg/29254/rise-vs-faze-clan-champions-tour-north-america-stage-3-challengers-2-ubqf,576,2021-07-30,5:15 AM
PACIFIC,29253,https://www.vlr.gg/29253/pioneers-vs-luminosity-champions-tour-north-america-stage-3-challengers-2-ubqf,576,2021-07-30,6:15 AM
PACIFIC,29259,https://www.vlr.gg/29259/gen-g-vs-version1-champions-tour-north-america-stage-3-challengers-2-lr1,576,2021-07-30,7:20 AM
PACIFIC,29260,https://www.vlr.gg/29260/pioneers-vs-faze-clan-champions-tour-north-america-stage-3-challengers-2-lr1,576,2021-07-30,9:45 AM
PACIFIC,29255,https://www.vlr.gg/29255/tsm-vs-t1-champions-tour-north-america-stage-3-challengers-2-ubsf,576,2021-07-31,4:00 AM
PACIFIC,29256,https://www.vlr.gg/29256/luminosity-vs-rise-champions-tour-north-america-stage-3-challengers-2-ubsf,576,2021-07-31,4:00 AM
PACIFIC,29261,https://www.vlr.gg/29261/rise-vs-gen-g-champions-tour-north-america-stage-3-challengers-2-lr2,576,2021-07-31,6:00 AM
PACIFIC,29262,https://www.vlr.gg/29262/t1-vs-faze-clan-champions-tour-north-america-stage-3-challengers-2-lr2,576,2021-07-31,7:30 AM
PACIFIC,29257,https://www.vlr.gg/29257/tsm-vs-luminosity-champions-tour-north-america-stage-3-challengers-2-ubf,576,2021-08-01,2:00 AM
PACIFIC,29263,https://www.vlr.gg/29263/rise-vs-faze-clan-champions-tour-north-america-stage-3-challengers-2-lr3,576,2021-08-01,4:05 AM
PACIFIC,29264,https://www.vlr.gg/29264/luminosity-vs-faze-clan-champions-tour-north-america-stage-3-challengers-2-lbf,576,2021-08-01,7:00 AM
PACIFIC,29258,https://www.vlr.gg/29258/tsm-vs-faze-clan-champions-tour-north-america-stage-3-challengers-2-gf,576,2021-08-02,2:00 AM
PACIFIC,23943,https://www.vlr.gg/23943/yfp-gaming-vs-neo-culture-technology-champions-tour-north-america-stage-3-challengers-1-ro128,520,2021-07-02,4:00 AM
PACIFIC,23910,https://www.vlr.gg/23910/evil-geniuses-vs-sewercats-champions-tour-north-america-stage-3-challengers-1-ro128,520,2021-07-02,4:00 AM
PACIFIC,23911,https://www.vlr.gg/23911/sum-2-prove-vs-bewds-retirement-home-champions-tour-north-america-stage-3-challengers-1-ro128,520,2021-07-02,4:00 AM
PACIFIC,23912,https://www.vlr.gg/23912/soniqs-vs-stealth-champions-tour-north-america-stage-3-challengers-1-ro128,520,2021-07-02,4:00 AM
PACIFIC,23913,https://www.vlr.gg/23913/down-two-earth-vs-silent-lurkers-champions-tour-north-america-stage-3-challengers-1-ro128,520,2021-07-02,4:00 AM
PACIFIC,23914,https://www.vlr.gg/23914/renegades-vs-aggie-gaming-at-uc-champions-tour-north-america-stage-3-challengers-1-ro128,520,2021-07-02,4:00 AM
PACIFIC,23915,https://www.vlr.gg/23915/able-esports-vs-bch-champions-tour-north-america-stage-3-challengers-1-ro128,520,2021-07-02,4:00 AM
PACIFIC,23916,https://www.vlr.gg/23916/xset-vs-university-at-buffalo-champions-tour-north-america-stage-3-challengers-1-ro128,520,2021-07-02,4:00 AM
PACIFIC,23917,https://www.vlr.gg/23917/recon-5-vs-tradelikepros-champions-tour-north-america-stage-3-challengers-1-ro128,520,2021-07-02,4:00 AM
PACIFIC,23918,https://www.vlr.gg/23918/ookers-vs-project-1-champions-tour-north-america-stage-3-challengers-1-ro128,520,2021-07-02,4:00 AM
PACIFIC,23919,https://www.vlr.gg/23919/insight-vs-hyped-esports-champions-tour-north-america-stage-3-challengers-1-ro128,520,2021-07-02,4:00 AM
PACIFIC,23920,https://www.vlr.gg/23920/faze-clan-vs-meowmeow-champions-tour-north-america-stage-3-challengers-1-ro128,520,2021-07-02,4:00 AM
PACIFIC,23921,https://www.vlr.gg/23921/og4z-vs-frail-males-champions-tour-north-america-stage-3-challengers-1-ro128,520,2021-07-02,4:00 AM
PACIFIC,23922,https://www.vlr.gg/23922/darkzero-esports-vs-night-raid-champions-tour-north-america-stage-3-challengers-1-ro128,520,2021-07-02,4:00 AM
PACIFIC,23923,https://www.vlr.gg/23923/cot-vs-radiants-with-attitude-champions-tour-north-america-stage-3-challengers-1-ro128,520,2021-07-02,4:00 AM
PACIFIC,23924,https://www.vlr.gg/23924/envy-vs-carnos-arks-champions-tour-north-america-stage-3-challengers-1-ro128,520,2021-07-02,4:00 AM
PACIFIC,23925,https://www.vlr.gg/23925/carpe-noctem-vs-merry-men-champions-tour-north-america-stage-3-challengers-1-ro128,520,2021-07-02,4:00 AM
PACIFIC,23926,https://www.vlr.gg/23926/brimstone-gaming-vs-swaygg-champions-tour-north-america-stage-3-challengers-1-ro128,520,2021-07-02,4:00 AM
PACIFIC,23927,https://www.vlr.gg/23927/squirtle-squad-vs-galaxy-champions-tour-north-america-stage-3-challengers-1-ro128,520,2021-07-02,4:00 AM
PACIFIC,23928,https://www.vlr.gg/23928/t1-vs-dark-matter-purple-champions-tour-north-america-stage-3-challengers-1-ro128,520,2021-07-02,4:00 AM
PACIFIC,23929,https://www.vlr.gg/23929/o-o-d-a-loopers-vs-akuma-esports-champions-tour-north-america-stage-3-challengers-1-ro128,520,2021-07-02,4:00 AM
PACIFIC,23930,https://www.vlr.gg/23930/ghost-gaming-vs-aim-stars-champions-tour-north-america-stage-3-challengers-1-ro128,520,2021-07-02,4:00 AM
PACIFIC,23931,https://www.vlr.gg/23931/zero-marksmen-vs-apes-together-strong-champions-tour-north-america-stage-3-challengers-1-ro128,520,2021-07-02,4:00 AM
PACIFIC,23932,https://www.vlr.gg/23932/100-thieves-vs-illuzion-orange-champions-tour-north-america-stage-3-challengers-1-ro128,520,2021-07-02,4:00 AM
PACIFIC,23933,https://www.vlr.gg/23933/hysteria-vs-lazarus-champions-tour-north-america-stage-3-challengers-1-ro128,520,2021-07-02,4:00 AM
PACIFIC,23934,https://www.vlr.gg/23934/soar-vs-team-nemesis-champions-tour-north-america-stage-3-challengers-1-ro128,520,2021-07-02,4:00 AM
PACIFIC,23935,https://www.vlr.gg/23935/cosmic-divide-vs-synergy-champions-tour-north-america-stage-3-challengers-1-ro128,520,2021-07-02,4:00 AM
PACIFIC,23936,https://www.vlr.gg/23936/tsm-vs-fbm-champions-tour-north-america-stage-3-challengers-1-ro128,520,2021-07-02,4:00 AM
PACIFIC,23937,https://www.vlr.gg/23937/levitate-vs-karasuno-champions-tour-north-america-stage-3-challengers-1-ro128,520,2021-07-02,4:00 AM
PACIFIC,23938,https://www.vlr.gg/23938/noble-vs-miracle-champions-tour-north-america-stage-3-challengers-1-ro128,520,2021-07-02,4:00 AM
PACIFIC,23939,https://www.vlr.gg/23939/professional-malders-vs-time-in-champions-tour-north-america-stage-3-challengers-1-ro128,520,2021-07-02,4:00 AM
PACIFIC,23942,https://www.vlr.gg/23942/resonate-vs-to-da-crib-champions-tour-north-america-stage-3-challengers-1-ro128,520,2021-07-02,4:00 AM
PACIFIC,23944,https://www.vlr.gg/23944/luminosity-vs-windstorm-champions-tour-north-america-stage-3-challengers-1-ro128,520,2021-07-02,4:00 AM
PACIFIC,23945,https://www.vlr.gg/23945/cloud9-white-vs-dotexe-champions-tour-north-america-stage-3-challengers-1-ro128,520,2021-07-02,4:00 AM
PACIFIC,23946,https://www.vlr.gg/23946/complexity-vs-project-core-champions-tour-north-america-stage-3-challengers-1-ro128,520,2021-07-02,4:00 AM
PACIFIC,23947,https://www.vlr.gg/23947/horizongg-vs-stanky-bois-champions-tour-north-america-stage-3-challengers-1-ro128,520,2021-07-02,4:00 AM
PACIFIC,23948,https://www.vlr.gg/23948/andbox-vs-pirate-nation-champions-tour-north-america-stage-3-challengers-1-ro128,520,2021-07-02,4:00 AM
PACIFIC,23949,https://www.vlr.gg/23949/rock-bottom-vs-indiana-syndicate-champions-tour-north-america-stage-3-challengers-1-ro128,520,2021-07-02,4:00 AM
PACIFIC,23950,https://www.vlr.gg/23950/ez5-vs-reasonable-doubt-champions-tour-north-america-stage-3-challengers-1-ro128,520,2021-07-02,4:00 AM
PACIFIC,23951,https://www.vlr.gg/23951/dnadiff-vs-we-lost-champions-tour-north-america-stage-3-challengers-1-ro128,520,2021-07-02,4:00 AM
PACIFIC,23952,https://www.vlr.gg/23952/gen-g-vs-eclectiq-champions-tour-north-america-stage-3-challengers-1-ro128,520,2021-07-02,4:00 AM
PACIFIC,23953,https://www.vlr.gg/23953/exotic-vs-lycus-empire-champions-tour-north-america-stage-3-challengers-1-ro128,520,2021-07-02,4:00 AM
PACIFIC,23954,https://www.vlr.gg/23954/knights-vs-unleashed-esports-champions-tour-north-america-stage-3-challengers-1-ro128,520,2021-07-02,4:00 AM
PACIFIC,23955,https://www.vlr.gg/23955/sbread-gaming-vs-astral-champions-tour-north-america-stage-3-challengers-1-ro128,520,2021-07-02,4:00 AM
PACIFIC,23956,https://www.vlr.gg/23956/cloud9-blue-vs-foxy-champions-tour-north-america-stage-3-challengers-1-ro128,520,2021-07-02,4:00 AM
PACIFIC,23957,https://www.vlr.gg/23957/aftermath-esports-vs-303-esports-champions-tour-north-america-stage-3-challengers-1-ro128,520,2021-07-02,4:00 AM
PACIFIC,23958,https://www.vlr.gg/23958/team-basilisk-vs-boosted-immortals-champions-tour-north-america-stage-3-challengers-1-ro128,520,2021-07-02,4:00 AM
PACIFIC,23959,https://www.vlr.gg/23959/big-frames-vs-uh-esports-champions-tour-north-america-stage-3-challengers-1-ro128,520,2021-07-02,4:00 AM
PACIFIC,23960,https://www.vlr.gg/23960/built-by-gamers-vs-atk-mode-champions-tour-north-america-stage-3-challengers-1-ro128,520,2021-07-02,4:00 AM
PACIFIC,23961,https://www.vlr.gg/23961/la-familia-vs-fiu-valorant-champions-tour-north-america-stage-3-challengers-1-ro128,520,2021-07-02,4:00 AM
PACIFIC,23962,https://www.vlr.gg/23962/rise-vs-xplicit-champions-tour-north-america-stage-3-challengers-1-ro128,520,2021-07-02,4:00 AM
PACIFIC,23963,https://www.vlr.gg/23963/zestys-money-crew-vs-organic-gamers-champions-tour-north-america-stage-3-challengers-1-ro128,520,2021-07-02,4:00 AM
PACIFIC,23964,https://www.vlr.gg/23964/nrg-esports-vs-taipan-esports-champions-tour-north-america-stage-3-challengers-1-ro128,520,2021-07-02,4:00 AM
PACIFIC,23965,https://www.vlr.gg/23965/illuzion-black-vs-hog-knobbers-champions-tour-north-america-stage-3-challengers-1-ro128,520,2021-07-02,4:00 AM
PACIFIC,23966,https://www.vlr.gg/23966/virtuoso-vs-thrifty-champions-tour-north-america-stage-3-challengers-1-ro128,520,2021-07-02,4:00 AM
PACIFIC,23967,https://www.vlr.gg/23967/fenrir-vs-leftovers-champions-tour-north-america-stage-3-challengers-1-ro128,520,2021-07-02,4:00 AM
PACIFIC,23968,https://www.vlr.gg/23968/immortals-vs-storm-champions-tour-north-america-stage-3-challengers-1-ro128,520,2021-07-02,4:00 AM
PACIFIC,23969,https://www.vlr.gg/23969/last-round-save-vs-norcal-esports-champions-tour-north-america-stage-3-challengers-1-ro128,520,2021-07-02,4:00 AM
PACIFIC,23970,https://www.vlr.gg/23970/kansas-city-pioneers-vs-east-hill-champions-tour-north-america-stage-3-challengers-1-ro128,520,2021-07-02,4:00 AM
PACIFIC,23971,https://www.vlr.gg/23971/baking-company-vs-dark-matter-black-champions-tour-north-america-stage-3-challengers-1-ro128,520,2021-07-02,4:00 AM
PACIFIC,23980,https://www.vlr.gg/23980/envy-vs-carpe-noctem-champions-tour-north-america-stage-3-challengers-1-ro64,520,2021-07-02,5:50 AM
PACIFIC,23973,https://www.vlr.gg/23973/evil-geniuses-vs-bewds-retirement-home-champions-tour-north-america-stage-3-challengers-1-ro64,520,2021-07-02,6:00 AM
PACIFIC,23974,https://www.vlr.gg/23974/soniqs-vs-down-two-earth-champions-tour-north-america-stage-3-challengers-1-ro64,520,2021-07-02,6:00 AM
PACIFIC,23975,https://www.vlr.gg/23975/renegades-vs-able-esports-champions-tour-north-america-stage-3-challengers-1-ro64,520,2021-07-02,6:00 AM
PACIFIC,23978,https://www.vlr.gg/23978/faze-clan-vs-frail-males-champions-tour-north-america-stage-3-challengers-1-ro64,520,2021-07-02,6:00 AM
PACIFIC,23979,https://www.vlr.gg/23979/darkzero-esports-vs-cot-champions-tour-north-america-stage-3-challengers-1-ro64,520,2021-07-02,6:00 AM
PACIFIC,23981,https://www.vlr.gg/23981/brimstone-gaming-vs-squirtle-squad-champions-tour-north-america-stage-3-challengers-1-ro64,520,2021-07-02,6:00 AM
PACIFIC,23982,https://www.vlr.gg/23982/t1-vs-o-o-d-a-loopers-champions-tour-north-america-stage-3-challengers-1-ro64,520,2021-07-02,6:00 AM
PACIFIC,23983,https://www.vlr.gg/23983/ghost-gaming-vs-zero-marksmen-champions-tour-north-america-stage-3-challengers-1-ro64,520,2021-07-02,6:00 AM
PACIFIC,23990,https://www.vlr.gg/23990/luminosity-vs-cloud9-white-champions-tour-north-america-stage-3-challengers-1-ro64,520,2021-07-02,6:00 AM
PACIFIC,23991,https://www.vlr.gg/23991/complexity-vs-horizongg-champions-tour-north-america-stage-3-challengers-1-ro64,520,2021-07-02,6:00 AM
PACIFIC,23993,https://www.vlr.gg/23993/ez5-vs-dnadiff-champions-tour-north-america-stage-3-challengers-1-ro64,520,2021-07-02,6:00 AM
PACIFIC,23994,https://www.vlr.gg/23994/gen-g-vs-exotic-champions-tour-north-america-stage-3-challengers-1-ro64,520,2021-07-02,6:00 AM
PACIFIC,23995,https://www.vlr.gg/23995/knights-vs-sbread-gaming-champions-tour-north-america-stage-3-challengers-1-ro64,520,2021-07-02,6:00 AM
PACIFIC,23996,https://www.vlr.gg/23996/cloud9-blue-vs-303-esports-champions-tour-north-america-stage-3-challengers-1-ro64,520,2021-07-02,6:00 AM
PACIFIC,23999,https://www.vlr.gg/23999/rise-vs-zestys-money-crew-champions-tour-north-america-stage-3-challengers-1-ro64,520,2021-07-02,6:00 AM
PACIFIC,24000,https://www.vlr.gg/24000/nrg-esports-vs-illuzion-black-champions-tour-north-america-stage-3-challengers-1-ro64,520,2021-07-02,6:00 AM
PACIFIC,24002,https://www.vlr.gg/24002/immortals-vs-last-round-save-champions-tour-north-america-stage-3-challengers-1-ro64,520,2021-07-02,6:00 AM
PACIFIC,23986,https://www.vlr.gg/23986/tsm-vs-levitate-champions-tour-north-america-stage-3-challengers-1-ro64,520,2021-07-02,6:20 AM
PACIFIC,23977,https://www.vlr.gg/23977/ookers-vs-insight-champions-tour-north-america-stage-3-challengers-1-ro64,520,2021-07-02,6:30 AM
PACIFIC,23984,https://www.vlr.gg/23984/100-thieves-vs-lazarus-champions-tour-north-america-stage-3-challengers-1-ro64,520,2021-07-02,6:30 AM
PACIFIC,23985,https://www.vlr.gg/23985/soar-vs-cosmic-divide-champions-tour-north-america-stage-3-challengers-1-ro64,520,2021-07-02,6:30 AM
PACIFIC,23987,https://www.vlr.gg/23987/noble-vs-professional-malders-champions-tour-north-america-stage-3-challengers-1-ro64,520,2021-07-02,6:30 AM
PACIFIC,23989,https://www.vlr.gg/23989/resonate-vs-yfp-gaming-champions-tour-north-america-stage-3-challengers-1-ro64,520,2021-07-02,6:30 AM
PACIFIC,23992,https://www.vlr.gg/23992/andbox-vs-rock-bottom-champions-tour-north-america-stage-3-challengers-1-ro64,520,2021-07-02,6:30 AM
PACIFIC,23997,https://www.vlr.gg/23997/team-basilisk-vs-big-frames-champions-tour-north-america-stage-3-challengers-1-ro64,520,2021-07-02,6:30 AM
PACIFIC,24001,https://www.vlr.gg/24001/virtuoso-vs-fenrir-champions-tour-north-america-stage-3-challengers-1-ro64,520,2021-07-02,6:30 AM
PACIFIC,24003,https://www.vlr.gg/24003/kansas-city-pioneers-vs-baking-company-champions-tour-north-america-stage-3-challengers-1-ro64,520,2021-07-02,6:30 AM
PACIFIC,23976,https://www.vlr.gg/23976/xset-vs-tradelikepros-champions-tour-north-america-stage-3-challengers-1-ro64,520,2021-07-02,6:45 AM
PACIFIC,23998,https://www.vlr.gg/23998/built-by-gamers-vs-la-familia-champions-tour-north-america-stage-3-challengers-1-ro64,520,2021-07-02,7:15 AM
PACIFIC,24007,https://www.vlr.gg/24007/faze-clan-vs-darkzero-esports-champions-tour-north-america-stage-3-challengers-1-ro32,520,2021-07-03,4:00 AM
PACIFIC,24011,https://www.vlr.gg/24011/tsm-vs-noble-champions-tour-north-america-stage-3-challengers-1-ro32,520,2021-07-03,4:00 AM
PACIFIC,24004,https://www.vlr.gg/24004/sentinels-vs-evil-geniuses-champions-tour-north-america-stage-3-challengers-1-ro32,520,2021-07-03,4:00 AM
PACIFIC,24005,https://www.vlr.gg/24005/soniqs-vs-renegades-champions-tour-north-america-stage-3-challengers-1-ro32,520,2021-07-03,4:00 AM
PACIFIC,24006,https://www.vlr.gg/24006/xset-vs-insight-champions-tour-north-america-stage-3-challengers-1-ro32,520,2021-07-03,4:00 AM
PACIFIC,24008,https://www.vlr.gg/24008/envy-vs-squirtle-squad-champions-tour-north-america-stage-3-challengers-1-ro32,520,2021-07-03,4:00 AM
PACIFIC,24009,https://www.vlr.gg/24009/t1-vs-ghost-gaming-champions-tour-north-america-stage-3-challengers-1-ro32,520,2021-07-03,4:00 AM
PACIFIC,24010,https://www.vlr.gg/24010/100-thieves-vs-soar-champions-tour-north-america-stage-3-challengers-1-ro32,520,2021-07-03,4:00 AM
PACIFIC,24012,https://www.vlr.gg/24012/version1-vs-yfp-gaming-champions-tour-north-america-stage-3-challengers-1-ro32,520,2021-07-03,4:00 AM
PACIFIC,24013,https://www.vlr.gg/24013/luminosity-vs-complexity-champions-tour-north-america-stage-3-challengers-1-ro32,520,2021-07-03,4:00 AM
PACIFIC,24014,https://www.vlr.gg/24014/andbox-vs-ez5-champions-tour-north-america-stage-3-challengers-1-ro32,520,2021-07-03,4:00 AM
PACIFIC,24015,https://www.vlr.gg/24015/gen-g-vs-knights-champions-tour-north-america-stage-3-challengers-1-ro32,520,2021-07-03,4:00 AM
PACIFIC,24016,https://www.vlr.gg/24016/cloud9-blue-vs-team-basilisk-champions-tour-north-america-stage-3-challengers-1-ro32,520,2021-07-03,4:00 AM
PACIFIC,24017,https://www.vlr.gg/24017/built-by-gamers-vs-rise-champions-tour-north-america-stage-3-challengers-1-ro32,520,2021-07-03,4:00 AM
PACIFIC,24018,https://www.vlr.gg/24018/nrg-esports-vs-virtuoso-champions-tour-north-america-stage-3-challengers-1-ro32,520,2021-07-03,4:00 AM
PACIFIC,24019,https://www.vlr.gg/24019/immortals-vs-kansas-city-pioneers-champions-tour-north-america-stage-3-challengers-1-ro32,520,2021-07-03,4:00 AM
PACIFIC,24020,https://www.vlr.gg/24020/sentinels-vs-soniqs-champions-tour-north-america-stage-3-challengers-1-ro16,520,2021-07-04,2:00 AM
PACIFIC,24021,https://www.vlr.gg/24021/xset-vs-darkzero-esports-champions-tour-north-america-stage-3-challengers-1-ro16,520,2021-07-04,2:00 AM
PACIFIC,24022,https://www.vlr.gg/24022/envy-vs-t1-champions-tour-north-america-stage-3-challengers-1-ro16,520,2021-07-04,4:45 AM
PACIFIC,24023,https://www.vlr.gg/24023/100-thieves-vs-noble-champions-tour-north-america-stage-3-challengers-1-ro16,520,2021-07-04,5:30 AM
PACIFIC,24024,https://www.vlr.gg/24024/version1-vs-luminosity-champions-tour-north-america-stage-3-challengers-1-ro16,520,2021-07-05,2:00 AM
PACIFIC,24025,https://www.vlr.gg/24025/andbox-vs-gen-g-champions-tour-north-america-stage-3-challengers-1-ro16,520,2021-07-05,2:00 AM
PACIFIC,24026,https://www.vlr.gg/24026/cloud9-blue-vs-rise-champions-tour-north-america-stage-3-challengers-1-ro16,520,2021-07-05,4:05 AM
PACIFIC,24027,https://www.vlr.gg/24027/virtuoso-vs-kansas-city-pioneers-champions-tour-north-america-stage-3-challengers-1-ro16,520,2021-07-05,5:05 AM
PACIFIC,25193,https://www.vlr.gg/25193/version1-vs-100-thieves-champions-tour-north-america-stage-3-challengers-1-ubqf,520,2021-07-09,4:00 AM
PACIFIC,25194,https://www.vlr.gg/25194/envy-vs-pioneers-champions-tour-north-america-stage-3-challengers-1-ubqf,520,2021-07-09,4:00 AM
PACIFIC,25195,https://www.vlr.gg/25195/xset-vs-rise-champions-tour-north-america-stage-3-challengers-1-ubqf,520,2021-07-09,6:15 AM
PACIFIC,25196,https://www.vlr.gg/25196/sentinels-vs-gen-g-champions-tour-north-america-stage-3-challengers-1-ubqf,520,2021-07-09,6:45 AM
PACIFIC,25201,https://www.vlr.gg/25201/version1-vs-pioneers-champions-tour-north-america-stage-3-challengers-1-lr1,520,2021-07-09,9:00 AM
PACIFIC,25202,https://www.vlr.gg/25202/rise-vs-gen-g-champions-tour-north-america-stage-3-challengers-1-lr1,520,2021-07-09,9:45 AM
PACIFIC,25197,https://www.vlr.gg/25197/100-thieves-vs-envy-champions-tour-north-america-stage-3-challengers-1-ubsf,520,2021-07-10,4:00 AM
PACIFIC,25198,https://www.vlr.gg/25198/xset-vs-sentinels-champions-tour-north-america-stage-3-challengers-1-ubsf,520,2021-07-10,4:00 AM
PACIFIC,25204,https://www.vlr.gg/25204/envy-vs-gen-g-champions-tour-north-america-stage-3-challengers-1-lr2,520,2021-07-10,6:15 AM
PACIFIC,25203,https://www.vlr.gg/25203/sentinels-vs-pioneers-champions-tour-north-america-stage-3-challengers-1-lr2,520,2021-07-10,7:15 AM
PACIFIC,25199,https://www.vlr.gg/25199/100-thieves-vs-xset-champions-tour-north-america-stage-3-challengers-1-ubf,520,2021-07-11,2:00 AM
PACIFIC,25205,https://www.vlr.gg/25205/sentinels-vs-envy-champions-tour-north-america-stage-3-challengers-1-lr3,520,2021-07-11,5:20 AM
PACIFIC,25206,https://www.vlr.gg/25206/100-thieves-vs-sentinels-champions-tour-north-america-stage-3-challengers-1-lbf,520,2021-07-11,7:15 AM
PACIFIC,25200,https://www.vlr.gg/25200/xset-vs-sentinels-champions-tour-north-america-stage-3-challengers-1-gf,520,2021-07-12,2:00 AM
PACIFIC,16998,https://www.vlr.gg/16998/100-thieves-vs-andbox-champions-tour-north-america-stage-2-challengers-finals-ubqf,372,2021-04-30,3:00 AM
PACIFIC,16999,https://www.vlr.gg/16999/version1-vs-sentinels-champions-tour-north-america-stage-2-challengers-finals-ubqf,372,2021-04-30,3:00 AM
PACIFIC,17000,https://www.vlr.gg/17000/envy-vs-cloud9-blue-champions-tour-north-america-stage-2-challengers-finals-ubqf,372,2021-04-30,5:10 AM
PACIFIC,17001,https://www.vlr.gg/17001/xset-vs-nrg-esports-champions-tour-north-america-stage-2-challengers-finals-ubqf,372,2021-04-30,5:40 AM
PACIFIC,17385,https://www.vlr.gg/17385/andbox-vs-version1-champions-tour-north-america-stage-2-challengers-finals-lbr1,372,2021-04-30,7:10 AM
PACIFIC,17386,https://www.vlr.gg/17386/envy-vs-xset-champions-tour-north-america-stage-2-challengers-finals-lbr1,372,2021-04-30,7:40 AM
PACIFIC,17382,https://www.vlr.gg/17382/100-thieves-vs-sentinels-champions-tour-north-america-stage-2-challengers-finals-ubsf,372,2021-05-01,3:00 AM
PACIFIC,17383,https://www.vlr.gg/17383/cloud9-blue-vs-nrg-esports-champions-tour-north-america-stage-2-challengers-finals-ubsf,372,2021-05-01,3:00 AM
PACIFIC,17387,https://www.vlr.gg/17387/nrg-esports-vs-version1-champions-tour-north-america-stage-2-challengers-finals-lbr2,372,2021-05-01,5:10 AM
PACIFIC,17388,https://www.vlr.gg/17388/100-thieves-vs-envy-champions-tour-north-america-stage-2-challengers-finals-lbr2,372,2021-05-01,5:55 AM
PACIFIC,17384,https://www.vlr.gg/17384/sentinels-vs-cloud9-blue-champions-tour-north-america-stage-2-challengers-finals-ubf,372,2021-05-02,3:00 AM
PACIFIC,17389,https://www.vlr.gg/17389/version1-vs-envy-champions-tour-north-america-stage-2-challengers-finals-lbr3,372,2021-05-02,5:45 AM
PACIFIC,17390,https://www.vlr.gg/17390/cloud9-blue-vs-version1-champions-tour-north-america-stage-2-challengers-finals-lbf,372,2021-05-02,9:00 AM
PACIFIC,17391,https://www.vlr.gg/17391/sentinels-vs-version1-champions-tour-north-america-stage-2-challengers-finals-gf,372,2021-05-03,3:00 AM
PACIFIC,13810,https://www.vlr.gg/13810/sentinels-vs-valkyrie-champions-tour-north-america-stage-2-challengers-2-ro128,371,2021-04-16,5:00 AM
PACIFIC,13811,https://www.vlr.gg/13811/nc-state-esports-vs-neebs-and-weebs-champions-tour-north-america-stage-2-challengers-2-ro128,371,2021-04-16,5:00 AM
PACIFIC,13812,https://www.vlr.gg/13812/insert-name-here-vs-boosted-immortals-champions-tour-north-america-stage-2-challengers-2-ro128,371,2021-04-16,5:00 AM
PACIFIC,13813,https://www.vlr.gg/13813/grapefruit-techniques-vs-crafters-champions-tour-north-america-stage-2-challengers-2-ro128,371,2021-04-16,5:00 AM
PACIFIC,13814,https://www.vlr.gg/13814/eunited-vs-all-knights-champions-tour-north-america-stage-2-challengers-2-ro128,371,2021-04-16,5:00 AM
PACIFIC,13815,https://www.vlr.gg/13815/tradelikepros-vs-rise-champions-tour-north-america-stage-2-challengers-2-ro128,371,2021-04-16,5:00 AM
PACIFIC,13816,https://www.vlr.gg/13816/spot-up-vs-nightly-champions-tour-north-america-stage-2-challengers-2-ro128,371,2021-04-16,5:00 AM
PACIFIC,13817,https://www.vlr.gg/13817/1-victory-royale-vs-karasuno-champions-tour-north-america-stage-2-challengers-2-ro128,371,2021-04-16,5:00 AM
PACIFIC,13818,https://www.vlr.gg/13818/ghost-gaming-vs-neutralize-reborn-champions-tour-north-america-stage-2-challengers-2-ro128,371,2021-04-16,5:00 AM
PACIFIC,13819,https://www.vlr.gg/13819/titan-esports-vs-meant-2-be-champions-tour-north-america-stage-2-challengers-2-ro128,371,2021-04-16,5:00 AM
PACIFIC,13820,https://www.vlr.gg/13820/on-the-way-vs-ohio-northern-university-champions-tour-north-america-stage-2-challengers-2-ro128,371,2021-04-16,5:00 AM
PACIFIC,13821,https://www.vlr.gg/13821/303-esports-vs-down-two-earth-champions-tour-north-america-stage-2-challengers-2-ro128,371,2021-04-16,5:00 AM
PACIFIC,13822,https://www.vlr.gg/13822/noble-vs-rancor-champions-tour-north-america-stage-2-challengers-2-ro128,371,2021-04-16,5:00 AM
PACIFIC,13823,https://www.vlr.gg/13823/archons-vs-aqua-champions-tour-north-america-stage-2-challengers-2-ro128,371,2021-04-16,5:00 AM
PACIFIC,13824,https://www.vlr.gg/13824/evil-geniuses-vs-big-boned-bandits-champions-tour-north-america-stage-2-challengers-2-ro128,371,2021-04-16,5:00 AM
PACIFIC,13825,https://www.vlr.gg/13825/blahaj-vs-ow-refugees-champions-tour-north-america-stage-2-challengers-2-ro128,371,2021-04-16,5:00 AM
PACIFIC,13826,https://www.vlr.gg/13826/luminosity-vs-cracked-and-dialed-champions-tour-north-america-stage-2-challengers-2-ro128,371,2021-04-16,5:00 AM
PACIFIC,13827,https://www.vlr.gg/13827/norcal-esports-vs-dababy-clan-champions-tour-north-america-stage-2-challengers-2-ro128,371,2021-04-16,5:00 AM
PACIFIC,13828,https://www.vlr.gg/13828/akella-vs-akuma-esports-champions-tour-north-america-stage-2-challengers-2-ro128,371,2021-04-16,5:00 AM
PACIFIC,13829,https://www.vlr.gg/13829/lunch-club-vs-goofy-goobers-champions-tour-north-america-stage-2-challengers-2-ro128,371,2021-04-16,5:00 AM
PACIFIC,13830,https://www.vlr.gg/13830/kooky-koalas-vs-exodus-champions-tour-north-america-stage-2-challengers-2-ro128,371,2021-04-16,5:00 AM
PACIFIC,13831,https://www.vlr.gg/13831/virtuoso-vs-want-it-gaming-champions-tour-north-america-stage-2-challengers-2-ro128,371,2021-04-16,5:00 AM
PACIFIC,13832,https://www.vlr.gg/13832/time-in-vs-hypothermia-champions-tour-north-america-stage-2-challengers-2-ro128,371,2021-04-16,5:00 AM
PACIFIC,13833,https://www.vlr.gg/13833/dallas-vandetta-vs-sum-2-prove-champions-tour-north-america-stage-2-challengers-2-ro128,371,2021-04-16,5:00 AM
PACIFIC,13834,https://www.vlr.gg/13834/nrg-esports-vs-downbad-champions-tour-north-america-stage-2-challengers-2-ro128,371,2021-04-16,5:00 AM
PACIFIC,13835,https://www.vlr.gg/13835/yfp-gaming-vs-delusional-confidence-champions-tour-north-america-stage-2-challengers-2-ro128,371,2021-04-16,5:00 AM
PACIFIC,13836,https://www.vlr.gg/13836/ookers-vs-vancouver-elated-champions-tour-north-america-stage-2-challengers-2-ro128,371,2021-04-16,5:00 AM
PACIFIC,13837,https://www.vlr.gg/13837/interstate-95-vs-veggie-straws-champions-tour-north-america-stage-2-challengers-2-ro128,371,2021-04-16,5:00 AM
PACIFIC,13838,https://www.vlr.gg/13838/beastcoast-vs-head-hunters-champions-tour-north-america-stage-2-challengers-2-ro128,371,2021-04-16,5:00 AM
PACIFIC,13839,https://www.vlr.gg/13839/waverunners-vs-goldhorn-gaming-champions-tour-north-america-stage-2-challengers-2-ro128,371,2021-04-16,5:00 AM
PACIFIC,13840,https://www.vlr.gg/13840/seeker-vs-d2e-stayrooted-champions-tour-north-america-stage-2-challengers-2-ro128,371,2021-04-16,5:00 AM
PACIFIC,13841,https://www.vlr.gg/13841/squirtle-squad-vs-no-kizzy-champions-tour-north-america-stage-2-challengers-2-ro128,371,2021-04-16,5:00 AM
PACIFIC,13842,https://www.vlr.gg/13842/faze-clan-vs-tamu-maroon-champions-tour-north-america-stage-2-challengers-2-ro128,371,2021-04-16,5:00 AM
PACIFIC,13843,https://www.vlr.gg/13843/ucf-valorant-vs-slu-esports-champions-tour-north-america-stage-2-challengers-2-ro128,371,2021-04-16,5:00 AM
PACIFIC,13844,https://www.vlr.gg/13844/foxy-vs-hog-knobbers-champions-tour-north-america-stage-2-challengers-2-ro128,371,2021-04-16,5:00 AM
PACIFIC,13845,https://www.vlr.gg/13845/reformed-vs-expandable-champions-tour-north-america-stage-2-challengers-2-ro128,371,2021-04-16,5:00 AM
PACIFIC,13846,https://www.vlr.gg/13846/ez5-vs-ivy-champions-tour-north-america-stage-2-challengers-2-ro128,371,2021-04-16,5:00 AM
PACIFIC,13847,https://www.vlr.gg/13847/zero-marksmen-new-vs-university-at-buffalo-champions-tour-north-america-stage-2-challengers-2-ro,371,2021-04-16,5:00 AM
PACIFIC,13848,https://www.vlr.gg/13848/team-basilisk-vs-def-mode-champions-tour-north-america-stage-2-challengers-2-ro128,371,2021-04-16,5:00 AM
PACIFIC,13849,https://www.vlr.gg/13849/exotic-vs-ares-gaming-champions-tour-north-america-stage-2-challengers-2-ro128,371,2021-04-16,5:00 AM
PACIFIC,13850,https://www.vlr.gg/13850/t1-vs-fbm-champions-tour-north-america-stage-2-challengers-2-ro128,371,2021-04-16,5:00 AM
PACIFIC,13851,https://www.vlr.gg/13851/nbks-centurions-vs-unprepared-champions-tour-north-america-stage-2-challengers-2-ro128,371,2021-04-16,5:00 AM
PACIFIC,13852,https://www.vlr.gg/13852/project-a-vs-the-gorillas-champions-tour-north-america-stage-2-challengers-2-ro128,371,2021-04-16,5:00 AM
PACIFIC,13853,https://www.vlr.gg/13853/brimstone-gaming-vs-oddysseygg-champions-tour-north-america-stage-2-challengers-2-ro128,371,2021-04-16,5:00 AM
PACIFIC,13854,https://www.vlr.gg/13854/renegades-vs-afkblinders-champions-tour-north-america-stage-2-challengers-2-ro128,371,2021-04-16,5:00 AM
PACIFIC,13855,https://www.vlr.gg/13855/clg-red-vs-starlessgg-champions-tour-north-america-stage-2-challengers-2-ro128,371,2021-04-16,5:00 AM
PACIFIC,13856,https://www.vlr.gg/13856/team-name-vs-to-da-crib-champions-tour-north-america-stage-2-challengers-2-ro128,371,2021-04-16,5:00 AM
PACIFIC,13857,https://www.vlr.gg/13857/able-esports-vs-whomegalul-champions-tour-north-america-stage-2-challengers-2-ro128,371,2021-04-16,5:00 AM
PACIFIC,13858,https://www.vlr.gg/13858/gen-g-vs-chilling-in-space-champions-tour-north-america-stage-2-challengers-2-ro128,371,2021-04-16,5:00 AM
PACIFIC,13859,https://www.vlr.gg/13859/zestys-money-crew-vs-event-horizon-champions-tour-north-america-stage-2-challengers-2-ro128,371,2021-04-16,5:00 AM
PACIFIC,13860,https://www.vlr.gg/13860/slimey-boogermen-vs-dnadiff-champions-tour-north-america-stage-2-challengers-2-ro128,371,2021-04-16,5:00 AM
PACIFIC,13861,https://www.vlr.gg/13861/icons-vs-recon-5-champions-tour-north-america-stage-2-challengers-2-ro128,371,2021-04-16,5:00 AM
PACIFIC,13862,https://www.vlr.gg/13862/pittsburgh-knights-vs-synthetic-champions-tour-north-america-stage-2-challengers-2-ro128,371,2021-04-16,5:00 AM
PACIFIC,13863,https://www.vlr.gg/13863/elmerz-glue-vs-lifethrugaming-champions-tour-north-america-stage-2-challengers-2-ro128,371,2021-04-16,5:00 AM
PACIFIC,13864,https://www.vlr.gg/13864/complexity-vs-space-bound-champions-tour-north-america-stage-2-challengers-2-ro128,371,2021-04-16,5:00 AM
PACIFIC,13865,https://www.vlr.gg/13865/aftermath-esports-vs-generation-5-champions-tour-north-america-stage-2-challengers-2-ro128,371,2021-04-16,5:00 AM
PACIFIC,13866,https://www.vlr.gg/13866/tsm-vs-barely-acceptable-champions-tour-north-america-stage-2-challengers-2-ro128,371,2021-04-16,5:00 AM
PACIFIC,13867,https://www.vlr.gg/13867/fiu-valorant-vs-east-coast-no-cappers-champions-tour-north-america-stage-2-challengers-2-ro128,371,2021-04-16,5:00 AM
PACIFIC,13868,https://www.vlr.gg/13868/resonate-vs-starlight-champions-tour-north-america-stage-2-challengers-2-ro128,371,2021-04-16,5:00 AM
PACIFIC,13869,https://www.vlr.gg/13869/freelo-vs-chicken-club-champions-tour-north-america-stage-2-challengers-2-ro128,371,2021-04-16,5:00 AM
PACIFIC,13870,https://www.vlr.gg/13870/soniqs-vs-aggie-gaming-at-uc-champions-tour-north-america-stage-2-challengers-2-ro128,371,2021-04-16,5:00 AM
PACIFIC,13871,https://www.vlr.gg/13871/prism-esports-vs-saber-champions-tour-north-america-stage-2-challengers-2-ro128,371,2021-04-16,5:00 AM
PACIFIC,13872,https://www.vlr.gg/13872/soar-gaming-vs-agoge-gaming-champions-tour-north-america-stage-2-challengers-2-ro128,371,2021-04-16,5:00 AM
PACIFIC,13873,https://www.vlr.gg/13873/radiant-roombas-vs-o-o-d-a-loopers-champions-tour-north-america-stage-2-challengers-2-ro128,371,2021-04-16,5:00 AM
PACIFIC,13878,https://www.vlr.gg/13878/spot-up-vs-1-victory-royale-champions-tour-north-america-stage-2-challengers-2-ro64,371,2021-04-16,6:30 AM
PACIFIC,13897,https://www.vlr.gg/13897/renegades-vs-starlessgg-champions-tour-north-america-stage-2-challengers-2-ro64,371,2021-04-16,6:30 AM
PACIFIC,13881,https://www.vlr.gg/13881/noble-vs-archons-champions-tour-north-america-stage-2-challengers-2-ro64,371,2021-04-16,6:40 AM
PACIFIC,13876,https://www.vlr.gg/13876/insert-name-here-vs-grapefruit-techniques-champions-tour-north-america-stage-2-challengers-2-ro6,371,2021-04-16,6:45 AM
PACIFIC,13877,https://www.vlr.gg/13877/eunited-vs-rise-champions-tour-north-america-stage-2-challengers-2-ro64,371,2021-04-16,6:45 AM
PACIFIC,13880,https://www.vlr.gg/13880/on-the-way-vs-down-two-earth-champions-tour-north-america-stage-2-challengers-2-ro64,371,2021-04-16,6:45 AM
PACIFIC,13886,https://www.vlr.gg/13886/time-in-vs-sum-2-prove-champions-tour-north-america-stage-2-challengers-2-ro64,371,2021-04-16,6:45 AM
PACIFIC,13898,https://www.vlr.gg/13898/team-name-vs-able-esports-champions-tour-north-america-stage-2-challengers-2-ro64,371,2021-04-16,6:45 AM
PACIFIC,13884,https://www.vlr.gg/13884/akella-vs-lunch-club-champions-tour-north-america-stage-2-challengers-2-ro64,371,2021-04-16,6:50 AM
PACIFIC,13890,https://www.vlr.gg/13890/seeker-vs-squirtle-squad-champions-tour-north-america-stage-2-challengers-2-ro64,371,2021-04-16,6:50 AM
PACIFIC,13891,https://www.vlr.gg/13891/faze-clan-vs-ucf-valorant-champions-tour-north-america-stage-2-challengers-2-ro64,371,2021-04-16,6:50 AM
PACIFIC,13892,https://www.vlr.gg/13892/foxy-vs-reformed-champions-tour-north-america-stage-2-challengers-2-ro64,371,2021-04-16,6:50 AM
PACIFIC,13883,https://www.vlr.gg/13883/luminosity-vs-dababy-clan-champions-tour-north-america-stage-2-challengers-2-ro64,371,2021-04-16,7:00 AM
PACIFIC,13899,https://www.vlr.gg/13899/gen-g-vs-zestys-money-crew-champions-tour-north-america-stage-2-challengers-2-ro64,371,2021-04-16,7:00 AM
PACIFIC,13894,https://www.vlr.gg/13894/team-basilisk-vs-exotic-champions-tour-north-america-stage-2-challengers-2-ro64,371,2021-04-16,7:10 AM
PACIFIC,13893,https://www.vlr.gg/13893/ez5-vs-zero-marksmen-new-champions-tour-north-america-stage-2-challengers-2-ro64,371,2021-04-16,7:15 AM
PACIFIC,13879,https://www.vlr.gg/13879/ghost-gaming-vs-meant-2-be-champions-tour-north-america-stage-2-challengers-2-ro64,371,2021-04-16,7:30 AM
PACIFIC,13885,https://www.vlr.gg/13885/kooky-koalas-vs-virtuoso-champions-tour-north-america-stage-2-challengers-2-ro64,371,2021-04-16,7:30 AM
PACIFIC,13887,https://www.vlr.gg/13887/nrg-esports-vs-delusional-confidence-champions-tour-north-america-stage-2-challengers-2-ro64,371,2021-04-16,7:30 AM
PACIFIC,13888,https://www.vlr.gg/13888/ookers-vs-interstate-95-champions-tour-north-america-stage-2-challengers-2-ro64,371,2021-04-16,7:30 AM
PACIFIC,13889,https://www.vlr.gg/13889/beastcoast-vs-waverunners-champions-tour-north-america-stage-2-challengers-2-ro64,371,2021-04-16,7:30 AM
PACIFIC,13895,https://www.vlr.gg/13895/t1-vs-nbks-centurions-champions-tour-north-america-stage-2-challengers-2-ro64,371,2021-04-16,7:30 AM
PACIFIC,13901,https://www.vlr.gg/13901/pittsburgh-knights-vs-elmerz-glue-champions-tour-north-america-stage-2-challengers-2-ro64,371,2021-04-16,7:30 AM
PACIFIC,13902,https://www.vlr.gg/13902/complexity-vs-aftermath-esports-champions-tour-north-america-stage-2-challengers-2-ro64,371,2021-04-16,7:30 AM
PACIFIC,13903,https://www.vlr.gg/13903/tsm-vs-fiu-valorant-champions-tour-north-america-stage-2-challengers-2-ro64,371,2021-04-16,7:30 AM
PACIFIC,13904,https://www.vlr.gg/13904/resonate-vs-freelo-champions-tour-north-america-stage-2-challengers-2-ro64,371,2021-04-16,7:30 AM
PACIFIC,13905,https://www.vlr.gg/13905/soniqs-vs-saber-champions-tour-north-america-stage-2-challengers-2-ro64,371,2021-04-16,7:30 AM
PACIFIC,13875,https://www.vlr.gg/13875/sentinels-vs-neebs-and-weebs-champions-tour-north-america-stage-2-challengers-2-ro64,371,2021-04-16,7:45 AM
PACIFIC,13900,https://www.vlr.gg/13900/slimey-boogermen-vs-recon-5-champions-tour-north-america-stage-2-challengers-2-ro64,371,2021-04-16,7:45 AM
PACIFIC,13882,https://www.vlr.gg/13882/evil-geniuses-vs-blahaj-champions-tour-north-america-stage-2-challengers-2-ro64,371,2021-04-16,8:00 AM
PACIFIC,13906,https://www.vlr.gg/13906/soar-gaming-vs-o-o-d-a-loopers-champions-tour-north-america-stage-2-challengers-2-ro64,371,2021-04-16,8:00 AM
PACIFIC,13896,https://www.vlr.gg/13896/project-a-vs-brimstone-gaming-champions-tour-north-america-stage-2-challengers-2-ro64,371,2021-04-16,8:10 AM
PACIFIC,13907,https://www.vlr.gg/13907/sentinels-vs-grapefruit-techniques-champions-tour-north-america-stage-2-challengers-2-ro32,371,2021-04-17,5:00 AM
PACIFIC,13908,https://www.vlr.gg/13908/rise-vs-spot-up-champions-tour-north-america-stage-2-challengers-2-ro32,371,2021-04-17,5:00 AM
PACIFIC,13909,https://www.vlr.gg/13909/ghost-gaming-vs-on-the-way-champions-tour-north-america-stage-2-challengers-2-ro32,371,2021-04-17,5:00 AM
PACIFIC,13910,https://www.vlr.gg/13910/noble-vs-evil-geniuses-champions-tour-north-america-stage-2-challengers-2-ro32,371,2021-04-17,5:00 AM
PACIFIC,13911,https://www.vlr.gg/13911/luminosity-vs-akella-champions-tour-north-america-stage-2-challengers-2-ro32,371,2021-04-17,5:00 AM
PACIFIC,13912,https://www.vlr.gg/13912/virtuoso-vs-sum-2-prove-champions-tour-north-america-stage-2-challengers-2-ro32,371,2021-04-17,5:00 AM
PACIFIC,13913,https://www.vlr.gg/13913/nrg-esports-vs-ookers-champions-tour-north-america-stage-2-challengers-2-ro32,371,2021-04-17,5:00 AM
PACIFIC,13914,https://www.vlr.gg/13914/beastcoast-vs-squirtle-squad-champions-tour-north-america-stage-2-challengers-2-ro32,371,2021-04-17,5:00 AM
PACIFIC,13915,https://www.vlr.gg/13915/faze-clan-vs-reformed-champions-tour-north-america-stage-2-challengers-2-ro32,371,2021-04-17,5:00 AM
PACIFIC,13916,https://www.vlr.gg/13916/ez5-vs-team-basilisk-champions-tour-north-america-stage-2-challengers-2-ro32,371,2021-04-17,5:00 AM
PACIFIC,13917,https://www.vlr.gg/13917/t1-vs-project-a-champions-tour-north-america-stage-2-challengers-2-ro32,371,2021-04-17,5:00 AM
PACIFIC,13918,https://www.vlr.gg/13918/renegades-vs-team-name-champions-tour-north-america-stage-2-challengers-2-ro32,371,2021-04-17,5:00 AM
PACIFIC,13919,https://www.vlr.gg/13919/gen-g-vs-slimey-boogermen-champions-tour-north-america-stage-2-challengers-2-ro32,371,2021-04-17,5:00 AM
PACIFIC,13920,https://www.vlr.gg/13920/elmerz-glue-vs-complexity-champions-tour-north-america-stage-2-challengers-2-ro32,371,2021-04-17,5:00 AM
PACIFIC,13921,https://www.vlr.gg/13921/tsm-vs-resonate-champions-tour-north-america-stage-2-challengers-2-ro32,371,2021-04-17,5:00 AM
PACIFIC,13922,https://www.vlr.gg/13922/soniqs-vs-o-o-d-a-loopers-champions-tour-north-america-stage-2-challengers-2-ro32,371,2021-04-17,5:00 AM
PACIFIC,13923,https://www.vlr.gg/13923/sentinels-vs-rise-champions-tour-north-america-stage-2-challengers-2-ro16,371,2021-04-17,6:45 AM
PACIFIC,13924,https://www.vlr.gg/13924/on-the-way-vs-noble-champions-tour-north-america-stage-2-challengers-2-ro16,371,2021-04-17,6:50 AM
PACIFIC,13928,https://www.vlr.gg/13928/t1-vs-renegades-champions-tour-north-america-stage-2-challengers-2-ro16,371,2021-04-17,7:15 AM
PACIFIC,13925,https://www.vlr.gg/13925/luminosity-vs-sum-2-prove-champions-tour-north-america-stage-2-challengers-2-ro16,371,2021-04-17,7:30 AM
PACIFIC,13930,https://www.vlr.gg/13930/tsm-vs-soniqs-champions-tour-north-america-stage-2-challengers-2-ro16,371,2021-04-17,7:30 AM
PACIFIC,13927,https://www.vlr.gg/13927/faze-clan-vs-ez5-champions-tour-north-america-stage-2-challengers-2-ro16,371,2021-04-17,8:00 AM
PACIFIC,13929,https://www.vlr.gg/13929/gen-g-vs-complexity-champions-tour-north-america-stage-2-challengers-2-ro16,371,2021-04-17,8:10 AM
PACIFIC,13926,https://www.vlr.gg/13926/nrg-esports-vs-squirtle-squad-champions-tour-north-america-stage-2-challengers-2-ro16,371,2021-04-17,8:25 AM
PACIFIC,13931,https://www.vlr.gg/13931/sentinels-vs-noble-champions-tour-north-america-stage-2-challengers-2-qf,371,2021-04-18,5:00 AM
PACIFIC,13932,https://www.vlr.gg/13932/luminosity-vs-nrg-esports-champions-tour-north-america-stage-2-challengers-2-qf,371,2021-04-18,6:45 AM
PACIFIC,13933,https://www.vlr.gg/13933/faze-clan-vs-t1-champions-tour-north-america-stage-2-challengers-2-qf,371,2021-04-19,5:00 AM
PACIFIC,13934,https://www.vlr.gg/13934/gen-g-vs-tsm-champions-tour-north-america-stage-2-challengers-2-qf,371,2021-04-19,7:30 AM
PACIFIC,16984,https://www.vlr.gg/16984/cloud9-blue-vs-t1-champions-tour-north-america-stage-2-challengers-2-ubqf,371,2021-04-23,2:00 AM
PACIFIC,16985,https://www.vlr.gg/16985/andbox-vs-sentinels-champions-tour-north-america-stage-2-challengers-2-ubqf,371,2021-04-23,2:00 AM
PACIFIC,16986,https://www.vlr.gg/16986/immortals-vs-tsm-champions-tour-north-america-stage-2-challengers-2-ubqf,371,2021-04-23,4:00 AM
PACIFIC,16987,https://www.vlr.gg/16987/built-by-gamers-vs-nrg-esports-champions-tour-north-america-stage-2-challengers-2-ubqf,371,2021-04-23,4:15 AM
PACIFIC,16992,https://www.vlr.gg/16992/t1-vs-sentinels-champions-tour-north-america-stage-2-challengers-2-lbr1,371,2021-04-23,7:10 AM
PACIFIC,16991,https://www.vlr.gg/16991/tsm-vs-built-by-gamers-champions-tour-north-america-stage-2-challengers-2-lbr1,371,2021-04-23,7:15 AM
PACIFIC,16988,https://www.vlr.gg/16988/cloud9-blue-vs-andbox-champions-tour-north-america-stage-2-challengers-2-ubsf,371,2021-04-24,2:00 AM
PACIFIC,16989,https://www.vlr.gg/16989/immortals-vs-nrg-esports-champions-tour-north-america-stage-2-challengers-2-ubsf,371,2021-04-24,2:00 AM
PACIFIC,16993,https://www.vlr.gg/16993/andbox-vs-tsm-champions-tour-north-america-stage-2-challengers-2-lbr2,371,2021-04-24,4:10 AM
PACIFIC,16994,https://www.vlr.gg/16994/immortals-vs-sentinels-champions-tour-north-america-stage-2-challengers-2-lbr2,371,2021-04-24,5:00 AM
PACIFIC,16990,https://www.vlr.gg/16990/cloud9-blue-vs-nrg-esports-champions-tour-north-america-stage-2-challengers-2-ubf,371,2021-04-25,2:00 AM
PACIFIC,16995,https://www.vlr.gg/16995/sentinels-vs-andbox-champions-tour-north-america-stage-2-challengers-2-lbr3,371,2021-04-25,3:55 AM
PACIFIC,16996,https://www.vlr.gg/16996/nrg-esports-vs-sentinels-champions-tour-north-america-stage-2-challengers-2-lbf,371,2021-04-25,6:15 AM
PACIFIC,16997,https://www.vlr.gg/16997/cloud9-blue-vs-sentinels-champions-tour-north-america-stage-2-challengers-2-gf,371,2021-04-26,2:00 AM
PACIFIC,14537,https://www.vlr.gg/14537/sentinels-vs-the-noah-aiello-champions-tour-north-america-stage-2-challengers-1-ro128,370,2021-04-02,5:00 AM
PACIFIC,14538,https://www.vlr.gg/14538/rebel-vs-interstate-95-champions-tour-north-america-stage-2-challengers-1-ro128,370,2021-04-02,5:00 AM
PACIFIC,14539,https://www.vlr.gg/14539/cloud9-white-vs-atk-mode-champions-tour-north-america-stage-2-challengers-1-ro128,370,2021-04-02,5:00 AM
PACIFIC,14540,https://www.vlr.gg/14540/soniqs-vs-admirals-champions-tour-north-america-stage-2-challengers-1-ro128,370,2021-04-02,5:00 AM
PACIFIC,14541,https://www.vlr.gg/14541/built-by-gamers-vs-illuzion-orange-champions-tour-north-america-stage-2-challengers-1-ro128,370,2021-04-02,5:00 AM
PACIFIC,14542,https://www.vlr.gg/14542/on-the-way-vs-yma-champions-tour-north-america-stage-2-challengers-1-ro128,370,2021-04-02,5:00 AM
PACIFIC,14543,https://www.vlr.gg/14543/beastcoast-vs-omegakek-champions-tour-north-america-stage-2-challengers-1-ro128,370,2021-04-02,5:00 AM
PACIFIC,14544,https://www.vlr.gg/14544/depth-esports-vs-abc-boiz-champions-tour-north-america-stage-2-challengers-1-ro128,370,2021-04-02,5:00 AM
PACIFIC,14545,https://www.vlr.gg/14545/xset-vs-krampus-champions-tour-north-america-stage-2-challengers-1-ro128,370,2021-04-02,5:00 AM
PACIFIC,14546,https://www.vlr.gg/14546/rifle-crutchers-vs-goldhorn-gaming-champions-tour-north-america-stage-2-challengers-1-ro128,370,2021-04-02,5:00 AM
PACIFIC,14547,https://www.vlr.gg/14547/spot-up-vs-saber-champions-tour-north-america-stage-2-challengers-1-ro128,370,2021-04-02,5:00 AM
PACIFIC,14548,https://www.vlr.gg/14548/slimey-boogermen-vs-team-fenrir-champions-tour-north-america-stage-2-challengers-1-ro128,370,2021-04-02,5:00 AM
PACIFIC,14549,https://www.vlr.gg/14549/nrg-esports-vs-mega-minors-champions-tour-north-america-stage-2-challengers-1-ro128,370,2021-04-02,5:00 AM
PACIFIC,14550,https://www.vlr.gg/14550/headshot-percentage-vs-prism-esports-champions-tour-north-america-stage-2-challengers-1-ro128,370,2021-04-02,5:00 AM
PACIFIC,14551,https://www.vlr.gg/14551/spacestation-gaming-vs-to-da-crib-champions-tour-north-america-stage-2-challengers-1-ro128,370,2021-04-02,5:00 AM
PACIFIC,14552,https://www.vlr.gg/14552/virtuoso-vs-dallas-vandetta-champions-tour-north-america-stage-2-challengers-1-ro128,370,2021-04-02,5:00 AM
PACIFIC,14553,https://www.vlr.gg/14553/envy-vs-vespa-champions-tour-north-america-stage-2-challengers-1-ro128,370,2021-04-02,5:00 AM
PACIFIC,14554,https://www.vlr.gg/14554/radiant-roombas-vs-exotic-champions-tour-north-america-stage-2-challengers-1-ro128,370,2021-04-02,5:00 AM
PACIFIC,14555,https://www.vlr.gg/14555/eunited-vs-hdmi-port-champions-tour-north-america-stage-2-challengers-1-ro128,370,2021-04-02,5:00 AM
PACIFIC,14556,https://www.vlr.gg/14556/evil-geniuses-vs-space-bound-champions-tour-north-america-stage-2-challengers-1-ro128,370,2021-04-02,5:00 AM
PACIFIC,14557,https://www.vlr.gg/14557/kooky-koalas-vs-chicken-club-champions-tour-north-america-stage-2-challengers-1-ro128,370,2021-04-02,5:00 AM
PACIFIC,14558,https://www.vlr.gg/14558/entourage-vs-devision-esports-champions-tour-north-america-stage-2-challengers-1-ro128,370,2021-04-02,5:00 AM
PACIFIC,14559,https://www.vlr.gg/14559/ghost-gaming-vs-boosted-immortals-champions-tour-north-america-stage-2-challengers-1-ro128,370,2021-04-02,5:00 AM
PACIFIC,14560,https://www.vlr.gg/14560/freelo-vs-rages-rangos-champions-tour-north-america-stage-2-challengers-1-ro128,370,2021-04-02,5:00 AM
PACIFIC,14561,https://www.vlr.gg/14561/luminosity-vs-1337-champions-tour-north-america-stage-2-challengers-1-ro128,370,2021-04-02,5:00 AM
PACIFIC,14562,https://www.vlr.gg/14562/waverunners-vs-head-hunters-champions-tour-north-america-stage-2-challengers-1-ro128,370,2021-04-02,5:00 AM
PACIFIC,14563,https://www.vlr.gg/14563/noble-vs-chilling-in-space-champions-tour-north-america-stage-2-challengers-1-ro128,370,2021-04-02,5:00 AM
PACIFIC,14564,https://www.vlr.gg/14564/penguin-sledding-vs-silence-esports-champions-tour-north-america-stage-2-challengers-1-ro128,370,2021-04-02,5:00 AM
PACIFIC,14565,https://www.vlr.gg/14565/andbox-vs-veggie-straws-champions-tour-north-america-stage-2-challengers-1-ro128,370,2021-04-02,5:00 AM
PACIFIC,14566,https://www.vlr.gg/14566/resonate-vs-slaughter-house-champions-tour-north-america-stage-2-challengers-1-ro128,370,2021-04-02,5:00 AM
PACIFIC,14567,https://www.vlr.gg/14567/pittsburgh-knights-vs-sadhours-champions-tour-north-america-stage-2-challengers-1-ro128,370,2021-04-02,5:00 AM
PACIFIC,14568,https://www.vlr.gg/14568/303-esports-vs-dimmadome-champions-tour-north-america-stage-2-challengers-1-ro128,370,2021-04-02,5:00 AM
PACIFIC,14569,https://www.vlr.gg/14569/faze-clan-vs-south-east-movement-champions-tour-north-america-stage-2-challengers-1-ro128,370,2021-04-02,5:00 AM
PACIFIC,14570,https://www.vlr.gg/14570/yfp-gaming-vs-recon-5-champions-tour-north-america-stage-2-challengers-1-ro128,370,2021-04-02,5:00 AM
PACIFIC,14571,https://www.vlr.gg/14571/decisive-vs-all-knights-champions-tour-north-america-stage-2-challengers-1-ro128,370,2021-04-02,5:00 AM
PACIFIC,14572,https://www.vlr.gg/14572/team-basilisk-vs-fbm-champions-tour-north-america-stage-2-challengers-1-ro128,370,2021-04-02,5:00 AM
PACIFIC,14573,https://www.vlr.gg/14573/version1-vs-relentless-esports-champions-tour-north-america-stage-2-challengers-1-ro128,370,2021-04-02,5:00 AM
PACIFIC,14574,https://www.vlr.gg/14574/able-esports-vs-vancouver-elated-champions-tour-north-america-stage-2-challengers-1-ro128,370,2021-04-02,5:00 AM
PACIFIC,14575,https://www.vlr.gg/14575/renegades-vs-alpha-peeks-champions-tour-north-america-stage-2-challengers-1-ro128,370,2021-04-02,5:00 AM
PACIFIC,14576,https://www.vlr.gg/14576/grapefruit-techniques-vs-oes-solo-champions-tour-north-america-stage-2-challengers-1-ro128,370,2021-04-02,5:00 AM
PACIFIC,14577,https://www.vlr.gg/14577/immortals-vs-illuzion-black-champions-tour-north-america-stage-2-challengers-1-ro128,370,2021-04-02,5:00 AM
PACIFIC,14578,https://www.vlr.gg/14578/kingsmen-vs-slu-esports-champions-tour-north-america-stage-2-challengers-1-ro128,370,2021-04-02,5:00 AM
PACIFIC,14579,https://www.vlr.gg/14579/rise-vs-taco-shack-champions-tour-north-america-stage-2-challengers-1-ro128,370,2021-04-02,5:00 AM
PACIFIC,14580,https://www.vlr.gg/14580/last-round-save-vs-scarlet-knights-champions-tour-north-america-stage-2-challengers-1-ro128,370,2021-04-02,5:00 AM
PACIFIC,14581,https://www.vlr.gg/14581/tsm-vs-akuma-esports-champions-tour-north-america-stage-2-challengers-1-ro128,370,2021-04-02,5:00 AM
PACIFIC,14582,https://www.vlr.gg/14582/reformed-vs-nautic-champions-tour-north-america-stage-2-challengers-1-ro128,370,2021-04-02,5:00 AM
PACIFIC,14583,https://www.vlr.gg/14583/ez5-vs-theory-nation-champions-tour-north-america-stage-2-challengers-1-ro128,370,2021-04-02,5:00 AM
PACIFIC,14584,https://www.vlr.gg/14584/akella-vs-voyager-esports-champions-tour-north-america-stage-2-challengers-1-ro128,370,2021-04-02,5:00 AM
PACIFIC,14585,https://www.vlr.gg/14585/gen-g-vs-expandable-champions-tour-north-america-stage-2-challengers-1-ro128,370,2021-04-02,5:00 AM
PACIFIC,14586,https://www.vlr.gg/14586/tradelikepros-vs-ookers-champions-tour-north-america-stage-2-challengers-1-ro128,370,2021-04-02,5:00 AM
PACIFIC,14587,https://www.vlr.gg/14587/complexity-vs-no-shot-champions-tour-north-america-stage-2-challengers-1-ro128,370,2021-04-02,5:00 AM
PACIFIC,14588,https://www.vlr.gg/14588/lemonade-stand-vs-reborn-champions-tour-north-america-stage-2-challengers-1-ro128,370,2021-04-02,5:00 AM
PACIFIC,14589,https://www.vlr.gg/14589/cloud9-blue-vs-nc-state-esports-champions-tour-north-america-stage-2-challengers-1-ro128,370,2021-04-02,5:00 AM
PACIFIC,14590,https://www.vlr.gg/14590/cute-fat-boys-vs-valkyrie-champions-tour-north-america-stage-2-challengers-1-ro128,370,2021-04-02,5:00 AM
PACIFIC,14591,https://www.vlr.gg/14591/demon-time-vs-aggie-gaming-at-uc-champions-tour-north-america-stage-2-challengers-1-ro128,370,2021-04-02,5:00 AM
PACIFIC,14592,https://www.vlr.gg/14592/seeker-vs-rekreational-esports-champions-tour-north-america-stage-2-challengers-1-ro128,370,2021-04-02,5:00 AM
PACIFIC,14593,https://www.vlr.gg/14593/100-thieves-vs-o-o-d-a-loopers-champions-tour-north-america-stage-2-challengers-1-ro128,370,2021-04-02,5:00 AM
PACIFIC,14594,https://www.vlr.gg/14594/lycus-empire-vs-norcal-esports-champions-tour-north-america-stage-2-challengers-1-ro128,370,2021-04-02,5:00 AM
PACIFIC,14595,https://www.vlr.gg/14595/pugstars-vs-insight-champions-tour-north-america-stage-2-challengers-1-ro128,370,2021-04-02,5:00 AM
PACIFIC,14596,https://www.vlr.gg/14596/time-in-vs-rock-bottom-champions-tour-north-america-stage-2-challengers-1-ro128,370,2021-04-02,5:00 AM
PACIFIC,14597,https://www.vlr.gg/14597/t1-vs-mhm-champions-tour-north-america-stage-2-challengers-1-ro128,370,2021-04-02,5:00 AM
PACIFIC,14598,https://www.vlr.gg/14598/brimstone-gaming-vs-fiu-valorant-champions-tour-north-america-stage-2-challengers-1-ro128,370,2021-04-02,5:00 AM
PACIFIC,14599,https://www.vlr.gg/14599/rice-and-meatballs-vs-rice-ball-gang-champions-tour-north-america-stage-2-challengers-1-ro128,370,2021-04-02,5:00 AM
PACIFIC,14600,https://www.vlr.gg/14600/foxy-vs-crayz-pandas-champions-tour-north-america-stage-2-challengers-1-ro128,370,2021-04-02,5:00 AM
PACIFIC,14604,https://www.vlr.gg/14604/beastcoast-vs-depth-esports-champions-tour-north-america-stage-2-challengers-1-ro64,370,2021-04-02,6:30 AM
PACIFIC,14615,https://www.vlr.gg/14615/andbox-vs-resonate-champions-tour-north-america-stage-2-challengers-1-ro64,370,2021-04-02,6:30 AM
PACIFIC,14620,https://www.vlr.gg/14620/renegades-vs-grapefruit-techniques-champions-tour-north-america-stage-2-challengers-1-ro64,370,2021-04-02,6:30 AM
PACIFIC,14625,https://www.vlr.gg/14625/gen-g-vs-ookers-champions-tour-north-america-stage-2-challengers-1-ro64,370,2021-04-02,6:40 AM
PACIFIC,14631,https://www.vlr.gg/14631/t1-vs-brimstone-gaming-champions-tour-north-america-stage-2-challengers-1-ro64,370,2021-04-02,6:40 AM
PACIFIC,14603,https://www.vlr.gg/14603/built-by-gamers-vs-on-the-way-champions-tour-north-america-stage-2-challengers-1-ro64,370,2021-04-02,6:45 AM
PACIFIC,14626,https://www.vlr.gg/14626/complexity-vs-lemonade-stand-champions-tour-north-america-stage-2-challengers-1-ro64,370,2021-04-02,6:45 AM
PACIFIC,14612,https://www.vlr.gg/14612/ghost-gaming-vs-freelo-champions-tour-north-america-stage-2-challengers-1-ro64,370,2021-04-02,6:50 AM
PACIFIC,14614,https://www.vlr.gg/14614/noble-vs-penguin-sledding-champions-tour-north-america-stage-2-challengers-1-ro64,370,2021-04-02,6:50 AM
PACIFIC,14621,https://www.vlr.gg/14621/immortals-vs-slu-esports-champions-tour-north-america-stage-2-challengers-1-ro64,370,2021-04-02,6:50 AM
PACIFIC,14618,https://www.vlr.gg/14618/decisive-vs-team-basilisk-champions-tour-north-america-stage-2-challengers-1-ro64,370,2021-04-02,6:55 AM
PACIFIC,14619,https://www.vlr.gg/14619/version1-vs-able-esports-champions-tour-north-america-stage-2-challengers-1-ro64,370,2021-04-02,6:55 AM
PACIFIC,14624,https://www.vlr.gg/14624/ez5-vs-akella-champions-tour-north-america-stage-2-challengers-1-ro64,370,2021-04-02,6:55 AM
PACIFIC,14602,https://www.vlr.gg/14602/cloud9-white-vs-soniqs-champions-tour-north-america-stage-2-challengers-1-ro64,370,2021-04-02,7:00 AM
PACIFIC,14605,https://www.vlr.gg/14605/xset-vs-rifle-crutchers-champions-tour-north-america-stage-2-challengers-1-ro64,370,2021-04-02,7:00 AM
PACIFIC,14606,https://www.vlr.gg/14606/spot-up-vs-slimey-boogermen-champions-tour-north-america-stage-2-challengers-1-ro64,370,2021-04-02,7:00 AM
PACIFIC,14608,https://www.vlr.gg/14608/spacestation-gaming-vs-dallas-vandetta-champions-tour-north-america-stage-2-challengers-1-ro64,370,2021-04-02,7:00 AM
PACIFIC,14611,https://www.vlr.gg/14611/kooky-koalas-vs-entourage-champions-tour-north-america-stage-2-challengers-1-ro64,370,2021-04-02,7:00 AM
PACIFIC,14613,https://www.vlr.gg/14613/luminosity-vs-waverunners-champions-tour-north-america-stage-2-challengers-1-ro64,370,2021-04-02,7:00 AM
PACIFIC,14622,https://www.vlr.gg/14622/rise-vs-last-round-save-champions-tour-north-america-stage-2-challengers-1-ro64,370,2021-04-02,7:00 AM
PACIFIC,14627,https://www.vlr.gg/14627/cloud9-blue-vs-cute-fat-boys-champions-tour-north-america-stage-2-challengers-1-ro64,370,2021-04-02,7:00 AM
PACIFIC,14632,https://www.vlr.gg/14632/rice-and-meatballs-vs-foxy-champions-tour-north-america-stage-2-challengers-1-ro64,370,2021-04-02,7:00 AM
PACIFIC,14616,https://www.vlr.gg/14616/pittsburgh-knights-vs-303-esports-champions-tour-north-america-stage-2-challengers-1-ro64,370,2021-04-02,7:05 AM
PACIFIC,14623,https://www.vlr.gg/14623/tsm-vs-reformed-champions-tour-north-america-stage-2-challengers-1-ro64,370,2021-04-02,7:05 AM
PACIFIC,14629,https://www.vlr.gg/14629/100-thieves-vs-lycus-empire-champions-tour-north-america-stage-2-challengers-1-ro64,370,2021-04-02,7:10 AM
PACIFIC,14601,https://www.vlr.gg/14601/sentinels-vs-interstate-95-champions-tour-north-america-stage-2-challengers-1-ro64,370,2021-04-02,7:15 AM
PACIFIC,14617,https://www.vlr.gg/14617/faze-clan-vs-yfp-gaming-champions-tour-north-america-stage-2-challengers-1-ro64,370,2021-04-02,7:30 AM
PACIFIC,14628,https://www.vlr.gg/14628/demon-time-vs-seeker-champions-tour-north-america-stage-2-challengers-1-ro64,370,2021-04-02,7:30 AM
PACIFIC,14630,https://www.vlr.gg/14630/pugstars-vs-time-in-champions-tour-north-america-stage-2-challengers-1-ro64,370,2021-04-02,7:30 AM
PACIFIC,14609,https://www.vlr.gg/14609/envy-vs-exotic-champions-tour-north-america-stage-2-challengers-1-ro64,370,2021-04-02,7:45 AM
PACIFIC,14610,https://www.vlr.gg/14610/eunited-vs-evil-geniuses-champions-tour-north-america-stage-2-challengers-1-ro64,370,2021-04-02,7:55 AM
PACIFIC,14607,https://www.vlr.gg/14607/nrg-esports-vs-headshot-percentage-champions-tour-north-america-stage-2-challengers-1-ro64,370,2021-04-02,8:00 AM
PACIFIC,14633,https://www.vlr.gg/14633/sentinels-vs-soniqs-champions-tour-north-america-stage-2-challengers-1-ro32,370,2021-04-03,5:00 AM
PACIFIC,14634,https://www.vlr.gg/14634/built-by-gamers-vs-beastcoast-champions-tour-north-america-stage-2-challengers-1-ro32,370,2021-04-03,5:00 AM
PACIFIC,14635,https://www.vlr.gg/14635/xset-vs-spot-up-champions-tour-north-america-stage-2-challengers-1-ro32,370,2021-04-03,5:00 AM
PACIFIC,14636,https://www.vlr.gg/14636/nrg-esports-vs-spacestation-gaming-champions-tour-north-america-stage-2-challengers-1-ro32,370,2021-04-03,5:00 AM
PACIFIC,14637,https://www.vlr.gg/14637/envy-vs-eunited-champions-tour-north-america-stage-2-challengers-1-ro32,370,2021-04-03,5:00 AM
PACIFIC,14638,https://www.vlr.gg/14638/kooky-koalas-vs-ghost-gaming-champions-tour-north-america-stage-2-challengers-1-ro32,370,2021-04-03,5:00 AM
PACIFIC,14639,https://www.vlr.gg/14639/luminosity-vs-noble-champions-tour-north-america-stage-2-challengers-1-ro32,370,2021-04-03,5:00 AM
PACIFIC,14640,https://www.vlr.gg/14640/andbox-vs-pittsburgh-knights-champions-tour-north-america-stage-2-challengers-1-ro32,370,2021-04-03,5:00 AM
PACIFIC,14641,https://www.vlr.gg/14641/faze-clan-vs-team-basilisk-champions-tour-north-america-stage-2-challengers-1-ro32,370,2021-04-03,5:00 AM
PACIFIC,14642,https://www.vlr.gg/14642/version1-vs-renegades-champions-tour-north-america-stage-2-challengers-1-ro32,370,2021-04-03,5:00 AM
PACIFIC,14643,https://www.vlr.gg/14643/immortals-vs-rise-champions-tour-north-america-stage-2-challengers-1-ro32,370,2021-04-03,5:00 AM
PACIFIC,14644,https://www.vlr.gg/14644/tsm-vs-ez5-champions-tour-north-america-stage-2-challengers-1-ro32,370,2021-04-03,5:00 AM
PACIFIC,14645,https://www.vlr.gg/14645/gen-g-vs-complexity-champions-tour-north-america-stage-2-challengers-1-ro32,370,2021-04-03,5:00 AM
PACIFIC,14646,https://www.vlr.gg/14646/cloud9-blue-vs-seeker-champions-tour-north-america-stage-2-challengers-1-ro32,370,2021-04-03,5:00 AM
PACIFIC,14647,https://www.vlr.gg/14647/100-thieves-vs-time-in-champions-tour-north-america-stage-2-challengers-1-ro32,370,2021-04-03,5:00 AM
PACIFIC,14648,https://www.vlr.gg/14648/t1-vs-rice-and-meatballs-champions-tour-north-america-stage-2-challengers-1-ro32,370,2021-04-03,5:00 AM
PACIFIC,13802,https://www.vlr.gg/13802/sentinels-vs-built-by-gamers-champions-tour-north-america-stage-2-challengers-1-ro16,370,2021-04-04,5:00 AM
PACIFIC,13803,https://www.vlr.gg/13803/xset-vs-nrg-esports-champions-tour-north-america-stage-2-challengers-1-ro16,370,2021-04-04,5:00 AM
PACIFIC,13804,https://www.vlr.gg/13804/envy-vs-ghost-gaming-champions-tour-north-america-stage-2-challengers-1-ro16,370,2021-04-04,6:55 AM
PACIFIC,13807,https://www.vlr.gg/13807/immortals-vs-tsm-champions-tour-north-america-stage-2-challengers-1-ro16,370,2021-04-04,7:05 AM
PACIFIC,13805,https://www.vlr.gg/13805/noble-vs-andbox-champions-tour-north-america-stage-2-challengers-1-ro16,370,2021-04-05,5:00 AM
PACIFIC,13806,https://www.vlr.gg/13806/faze-clan-vs-version1-champions-tour-north-america-stage-2-challengers-1-ro16,370,2021-04-05,5:00 AM
PACIFIC,13808,https://www.vlr.gg/13808/gen-g-vs-cloud9-blue-champions-tour-north-america-stage-2-challengers-1-ro16,370,2021-04-05,7:55 AM
PACIFIC,13809,https://www.vlr.gg/13809/100-thieves-vs-rice-and-meatballs-champions-tour-north-america-stage-2-challengers-1-ro16,370,2021-04-05,7:55 AM
PACIFIC,15622,https://www.vlr.gg/15622/100-thieves-vs-andbox-champions-tour-north-america-stage-2-challengers-1-ubqf,370,2021-04-09,2:00 AM
PACIFIC,15623,https://www.vlr.gg/15623/cloud9-blue-vs-immortals-champions-tour-north-america-stage-2-challengers-1-ubqf,370,2021-04-09,2:00 AM
PACIFIC,15625,https://www.vlr.gg/15625/envy-vs-version1-champions-tour-north-america-stage-2-challengers-1-ubqf,370,2021-04-09,3:55 AM
PACIFIC,15624,https://www.vlr.gg/15624/xset-vs-built-by-gamers-champions-tour-north-america-stage-2-challengers-1-ubqf,370,2021-04-09,4:45 AM
PACIFIC,15629,https://www.vlr.gg/15629/immortals-vs-andbox-champions-tour-north-america-stage-2-challengers-1-lr1,370,2021-04-09,6:10 AM
PACIFIC,15630,https://www.vlr.gg/15630/version1-vs-built-by-gamers-champions-tour-north-america-stage-2-challengers-1-lr1,370,2021-04-09,6:20 AM
PACIFIC,15626,https://www.vlr.gg/15626/100-thieves-vs-cloud9-blue-champions-tour-north-america-stage-2-challengers-1-ubsf,370,2021-04-10,2:00 AM
PACIFIC,15627,https://www.vlr.gg/15627/xset-vs-envy-champions-tour-north-america-stage-2-challengers-1-ubsf,370,2021-04-10,2:00 AM
PACIFIC,15631,https://www.vlr.gg/15631/xset-vs-immortals-champions-tour-north-america-stage-2-challengers-1-lr2,370,2021-04-10,3:55 AM
PACIFIC,15632,https://www.vlr.gg/15632/cloud9-blue-vs-version1-champions-tour-north-america-stage-2-challengers-1-lr2,370,2021-04-10,3:55 AM
PACIFIC,15628,https://www.vlr.gg/15628/100-thieves-vs-envy-champions-tour-north-america-stage-2-challengers-1-ubf,370,2021-04-11,2:00 AM
PACIFIC,15633,https://www.vlr.gg/15633/xset-vs-version1-champions-tour-north-america-stage-2-challengers-1-lr3,370,2021-04-11,4:45 AM
PACIFIC,15634,https://www.vlr.gg/15634/envy-vs-xset-champions-tour-north-america-stage-2-challengers-1-lbf,370,2021-04-11,7:20 AM
PACIFIC,15635,https://www.vlr.gg/15635/100-thieves-vs-xset-champions-tour-north-america-stage-2-challengers-1-gf,370,2021-04-12,2:00 AM
PACIFIC,12550,https://www.vlr.gg/12550/envy-vs-gen-g-champions-tour-north-america-stage-1-masters-ubqf,333,2021-03-12,3:25 AM
PACIFIC,12551,https://www.vlr.gg/12551/xset-vs-faze-clan-champions-tour-north-america-stage-1-masters-ubqf,333,2021-03-12,6:20 AM
PACIFIC,12552,https://www.vlr.gg/12552/sentinels-vs-luminosity-champions-tour-north-america-stage-1-masters-ubqf,333,2021-03-13,3:00 AM
PACIFIC,12553,https://www.vlr.gg/12553/immortals-vs-100-thieves-champions-tour-north-america-stage-1-masters-ubqf,333,2021-03-13,7:25 AM
PACIFIC,12558,https://www.vlr.gg/12558/gen-g-vs-xset-champions-tour-north-america-stage-1-masters-lr1,333,2021-03-14,3:00 AM
PACIFIC,12559,https://www.vlr.gg/12559/luminosity-vs-immortals-champions-tour-north-america-stage-1-masters-lr1,333,2021-03-14,5:30 AM
PACIFIC,12554,https://www.vlr.gg/12554/envy-vs-faze-clan-champions-tour-north-america-stage-1-masters-ubsf,333,2021-03-15,2:15 AM
PACIFIC,12555,https://www.vlr.gg/12555/sentinels-vs-100-thieves-champions-tour-north-america-stage-1-masters-ubsf,333,2021-03-15,4:15 AM
PACIFIC,12560,https://www.vlr.gg/12560/100-thieves-vs-gen-g-champions-tour-north-america-stage-1-masters-lr2,333,2021-03-20,3:00 AM
PACIFIC,12561,https://www.vlr.gg/12561/envy-vs-luminosity-champions-tour-north-america-stage-1-masters-lr2,333,2021-03-20,5:30 AM
PACIFIC,12556,https://www.vlr.gg/12556/faze-clan-vs-sentinels-champions-tour-north-america-stage-1-masters-ubf,333,2021-03-20,7:30 AM
PACIFIC,12562,https://www.vlr.gg/12562/gen-g-vs-envy-champions-tour-north-america-stage-1-masters-lr3,333,2021-03-21,3:00 AM
PACIFIC,12563,https://www.vlr.gg/12563/faze-clan-vs-gen-g-champions-tour-north-america-stage-1-masters-lbf,333,2021-03-21,6:15 AM
PACIFIC,12557,https://www.vlr.gg/12557/sentinels-vs-faze-clan-champions-tour-north-america-stage-1-masters-gf,333,2021-03-22,3:00 AM
PACIFIC,11335,https://www.vlr.gg/11335/tsm-vs-lgi-champions-tour-north-america-stage-1-challengers-3-ro128,324,2021-02-26,6:00 AM
PACIFIC,11336,https://www.vlr.gg/11336/tradelikepros-vs-zero-marksmen-new-champions-tour-north-america-stage-1-challengers-3-ro128,324,2021-02-26,6:00 AM
PACIFIC,11337,https://www.vlr.gg/11337/penguin-sledding-vs-scrub-garden-champions-tour-north-america-stage-1-challengers-3-ro128,324,2021-02-26,6:00 AM
PACIFIC,11338,https://www.vlr.gg/11338/303-esports-vs-valkyrie-champions-tour-north-america-stage-1-challengers-3-ro128,324,2021-02-26,6:00 AM
PACIFIC,11339,https://www.vlr.gg/11339/spot-up-vs-delta-esports-champions-tour-north-america-stage-1-challengers-3-ro128,324,2021-02-26,6:00 AM
PACIFIC,11340,https://www.vlr.gg/11340/fluid-gaming-vs-nautic-champions-tour-north-america-stage-1-challengers-3-ro128,324,2021-02-26,6:00 AM
PACIFIC,11341,https://www.vlr.gg/11341/complexity-vs-jumba-champions-tour-north-america-stage-1-challengers-3-ro128,324,2021-02-26,6:00 AM
PACIFIC,11342,https://www.vlr.gg/11342/lycus-empire-vs-cereal-before-milk-champions-tour-north-america-stage-1-challengers-3-ro128,324,2021-02-26,6:00 AM
PACIFIC,11343,https://www.vlr.gg/11343/version1-vs-nc-state-esports-champions-tour-north-america-stage-1-challengers-3-ro128,324,2021-02-26,6:00 AM
PACIFIC,11344,https://www.vlr.gg/11344/d2e-black-vs-entourage-champions-tour-north-america-stage-1-challengers-3-ro128,324,2021-02-26,6:00 AM
PACIFIC,11345,https://www.vlr.gg/11345/nsic-vs-vault-guardians-champions-tour-north-america-stage-1-challengers-3-ro128,324,2021-02-26,6:00 AM
PACIFIC,11346,https://www.vlr.gg/11346/take-flyte-vs-visionx-champions-tour-north-america-stage-1-challengers-3-ro128,324,2021-02-26,6:00 AM
PACIFIC,11347,https://www.vlr.gg/11347/rise-vs-tamu-maroon-champions-tour-north-america-stage-1-challengers-3-ro128,324,2021-02-26,6:00 AM
PACIFIC,11348,https://www.vlr.gg/11348/dialed-in-vs-atk-mode-champions-tour-north-america-stage-1-challengers-3-ro128,324,2021-02-26,6:00 AM
PACIFIC,11349,https://www.vlr.gg/11349/headshot-percentage-vs-java-pr-champions-tour-north-america-stage-1-challengers-3-ro128,324,2021-02-26,6:00 AM
PACIFIC,11350,https://www.vlr.gg/11350/seeker-vs-blevinsfanclub-champions-tour-north-america-stage-1-challengers-3-ro128,324,2021-02-26,6:00 AM
PACIFIC,11351,https://www.vlr.gg/11351/andbox-vs-iq-white-champions-tour-north-america-stage-1-challengers-3-ro128,324,2021-02-26,6:00 AM
PACIFIC,11352,https://www.vlr.gg/11352/swagoi-vs-pirate-nation-champions-tour-north-america-stage-1-challengers-3-ro128,324,2021-02-26,6:00 AM
PACIFIC,11353,https://www.vlr.gg/11353/cloud9-white-vs-shoguns-champions-tour-north-america-stage-1-challengers-3-ro128,324,2021-02-26,6:00 AM
PACIFIC,11354,https://www.vlr.gg/11354/demon-time-vs-hotcakes-champions-tour-north-america-stage-1-challengers-3-ro128,324,2021-02-26,6:00 AM
PACIFIC,11355,https://www.vlr.gg/11355/pittsburgh-knights-vs-pure-champions-tour-north-america-stage-1-challengers-3-ro128,324,2021-02-26,6:00 AM
PACIFIC,11356,https://www.vlr.gg/11356/rifle-crutchers-vs-big-swampy-society-champions-tour-north-america-stage-1-challengers-3-ro128,324,2021-02-26,6:00 AM
PACIFIC,11357,https://www.vlr.gg/11357/hollywood-hooliganz-vs-triangle-offense-champions-tour-north-america-stage-1-challengers-3-ro128,324,2021-02-26,6:00 AM
PACIFIC,11358,https://www.vlr.gg/11358/on-top-soon-vs-foxy-champions-tour-north-america-stage-1-challengers-3-ro128,324,2021-02-26,6:00 AM
PACIFIC,11359,https://www.vlr.gg/11359/nrg-esports-vs-sac-state-hornets-champions-tour-north-america-stage-1-challengers-3-ro128,324,2021-02-26,6:00 AM
PACIFIC,11360,https://www.vlr.gg/11360/vzn-vs-divine-champions-tour-north-america-stage-1-challengers-3-ro128,324,2021-02-26,6:00 AM
PACIFIC,11361,https://www.vlr.gg/11361/time-in-vs-logan-paulers-champions-tour-north-america-stage-1-challengers-3-ro128,324,2021-02-26,6:00 AM
PACIFIC,11362,https://www.vlr.gg/11362/able-esports-vs-windstorm-champions-tour-north-america-stage-1-challengers-3-ro128,324,2021-02-26,6:00 AM
PACIFIC,11363,https://www.vlr.gg/11363/equinox-esports-vs-sadhours-champions-tour-north-america-stage-1-challengers-3-ro128,324,2021-02-26,6:00 AM
PACIFIC,11364,https://www.vlr.gg/11364/yfp-gaming-vs-team-atlas-champions-tour-north-america-stage-1-challengers-3-ro128,324,2021-02-26,6:00 AM
PACIFIC,11365,https://www.vlr.gg/11365/on-the-way-vs-pulsar-champions-tour-north-america-stage-1-challengers-3-ro128,324,2021-02-26,6:00 AM
PACIFIC,11366,https://www.vlr.gg/11366/onslaught-gaming-vs-interstate-95-champions-tour-north-america-stage-1-challengers-3-ro128,324,2021-02-26,6:00 AM
PACIFIC,11367,https://www.vlr.gg/11367/t1-vs-in-the-lab-champions-tour-north-america-stage-1-challengers-3-ro128,324,2021-02-26,6:00 AM
PACIFIC,11368,https://www.vlr.gg/11368/pugstars-vs-dallas-vandetta-champions-tour-north-america-stage-1-challengers-3-ro128,324,2021-02-26,6:00 AM
PACIFIC,11369,https://www.vlr.gg/11369/reformed-vs-arlington-e-c-champions-tour-north-america-stage-1-challengers-3-ro128,324,2021-02-26,6:00 AM
PACIFIC,11370,https://www.vlr.gg/11370/archons-vs-synthetic-champions-tour-north-america-stage-1-challengers-3-ro128,324,2021-02-26,6:00 AM
PACIFIC,11371,https://www.vlr.gg/11371/eunited-vs-enigma-champions-tour-north-america-stage-1-challengers-3-ro128,324,2021-02-26,6:00 AM
PACIFIC,11372,https://www.vlr.gg/11372/frick-ya-bag-vs-anygurls-champions-tour-north-america-stage-1-challengers-3-ro128,324,2021-02-26,6:00 AM
PACIFIC,11373,https://www.vlr.gg/11373/carpe-noctem-vs-iq-purple-champions-tour-north-america-stage-1-challengers-3-ro128,324,2021-02-26,6:00 AM
PACIFIC,11374,https://www.vlr.gg/11374/grapefruit-techniques-vs-hyperspace-dark-champions-tour-north-america-stage-1-challengers-3-ro12,324,2021-02-26,6:00 AM
PACIFIC,11375,https://www.vlr.gg/11375/cloud9-blue-vs-thiccwreck-champions-tour-north-america-stage-1-challengers-3-ro128,324,2021-02-26,6:00 AM
PACIFIC,11376,https://www.vlr.gg/11376/ow-refugees-vs-the-bros-champions-tour-north-america-stage-1-challengers-3-ro128,324,2021-02-26,6:00 AM
PACIFIC,11377,https://www.vlr.gg/11377/last-round-save-vs-caught-in-4k-champions-tour-north-america-stage-1-challengers-3-ro128,324,2021-02-26,6:00 AM
PACIFIC,11378,https://www.vlr.gg/11378/brimstone-gaming-vs-akuma-esports-champions-tour-north-america-stage-1-challengers-3-ro128,324,2021-02-26,6:00 AM
PACIFIC,11379,https://www.vlr.gg/11379/ghost-gaming-vs-all-gas-no-brakes-champions-tour-north-america-stage-1-challengers-3-ro128,324,2021-02-26,6:00 AM
PACIFIC,11380,https://www.vlr.gg/11380/radiant-roombas-vs-lads-champions-tour-north-america-stage-1-challengers-3-ro128,324,2021-02-26,6:00 AM
PACIFIC,11381,https://www.vlr.gg/11381/ex-funsnatchers-vs-team-reinvented-gaming-champions-tour-north-america-stage-1-challengers-3-ro1,324,2021-02-26,6:00 AM
PACIFIC,11382,https://www.vlr.gg/11382/spotlight-vs-illuzion-gaming-champions-tour-north-america-stage-1-challengers-3-ro128,324,2021-02-26,6:00 AM
PACIFIC,11383,https://www.vlr.gg/11383/renegades-vs-stay-small-stay-second-champions-tour-north-america-stage-1-challengers-3-ro128,324,2021-02-26,6:00 AM
PACIFIC,11384,https://www.vlr.gg/11384/the-five-emperors-vs-premiergg-champions-tour-north-america-stage-1-challengers-3-ro128,324,2021-02-26,6:00 AM
PACIFIC,11385,https://www.vlr.gg/11385/evil-geniuses-vs-aqua-champions-tour-north-america-stage-1-challengers-3-ro128,324,2021-02-26,6:00 AM
PACIFIC,11386,https://www.vlr.gg/11386/project-vs-lov-champions-tour-north-america-stage-1-challengers-3-ro128,324,2021-02-26,6:00 AM
PACIFIC,11387,https://www.vlr.gg/11387/sedated-vs-ethank-fan-club-champions-tour-north-america-stage-1-challengers-3-ro128,324,2021-02-26,6:00 AM
PACIFIC,11388,https://www.vlr.gg/11388/akella-vs-exzit-champions-tour-north-america-stage-1-challengers-3-ro128,324,2021-02-26,6:00 AM
PACIFIC,11389,https://www.vlr.gg/11389/beastcoast-vs-gcu-esports-champions-tour-north-america-stage-1-challengers-3-ro128,324,2021-02-26,6:00 AM
PACIFIC,11390,https://www.vlr.gg/11390/sakura-storm-vs-bounty-esports-champions-tour-north-america-stage-1-challengers-3-ro128,324,2021-02-26,6:00 AM
PACIFIC,11391,https://www.vlr.gg/11391/built-by-gamers-vs-expandable-champions-tour-north-america-stage-1-challengers-3-ro128,324,2021-02-26,6:00 AM
PACIFIC,11392,https://www.vlr.gg/11392/nbks-centurions-vs-neebs-and-weebs-champions-tour-north-america-stage-1-challengers-3-ro128,324,2021-02-26,6:00 AM
PACIFIC,11393,https://www.vlr.gg/11393/elysium-vs-mnr-champions-tour-north-america-stage-1-challengers-3-ro128,324,2021-02-26,6:00 AM
PACIFIC,11394,https://www.vlr.gg/11394/blahaj-vs-ymcmb-champions-tour-north-america-stage-1-challengers-3-ro128,324,2021-02-26,6:00 AM
PACIFIC,11395,https://www.vlr.gg/11395/spacestation-gaming-vs-lunch-club-champions-tour-north-america-stage-1-challengers-3-ro128,324,2021-02-26,6:00 AM
PACIFIC,11396,https://www.vlr.gg/11396/vt-valorant-vs-s2xx-champions-tour-north-america-stage-1-challengers-3-ro128,324,2021-02-26,6:00 AM
PACIFIC,11397,https://www.vlr.gg/11397/dahoonkabhankoloos-vs-square-nation-champions-tour-north-america-stage-1-challengers-3-ro128,324,2021-02-26,6:00 AM
PACIFIC,11398,https://www.vlr.gg/11398/virtuoso-vs-kissy-boys-champions-tour-north-america-stage-1-challengers-3-ro128,324,2021-02-26,6:00 AM
PACIFIC,11421,https://www.vlr.gg/11421/eunited-vs-frick-ya-bag-champions-tour-north-america-stage-1-challengers-3-ro64,324,2021-02-26,7:45 AM
PACIFIC,11406,https://www.vlr.gg/11406/complexity-vs-lycus-empire-champions-tour-north-america-stage-1-challengers-3-ro64,324,2021-02-26,8:00 AM
PACIFIC,11407,https://www.vlr.gg/11407/version1-vs-entourage-champions-tour-north-america-stage-1-challengers-3-ro64,324,2021-02-26,8:00 AM
PACIFIC,11415,https://www.vlr.gg/11415/nrg-esports-vs-vzn-champions-tour-north-america-stage-1-challengers-3-ro64,324,2021-02-26,8:00 AM
PACIFIC,11404,https://www.vlr.gg/11404/penguin-sledding-vs-303-esports-champions-tour-north-america-stage-1-challengers-3-ro64,324,2021-02-26,8:30 AM
PACIFIC,11405,https://www.vlr.gg/11405/spot-up-vs-nautic-champions-tour-north-america-stage-1-challengers-3-ro64,324,2021-02-26,8:30 AM
PACIFIC,11408,https://www.vlr.gg/11408/nsic-vs-take-flyte-champions-tour-north-america-stage-1-challengers-3-ro64,324,2021-02-26,8:30 AM
PACIFIC,11409,https://www.vlr.gg/11409/rise-vs-dialed-in-champions-tour-north-america-stage-1-challengers-3-ro64,324,2021-02-26,8:30 AM
PACIFIC,11410,https://www.vlr.gg/11410/headshot-percentage-vs-seeker-champions-tour-north-america-stage-1-challengers-3-ro64,324,2021-02-26,8:30 AM
PACIFIC,11411,https://www.vlr.gg/11411/andbox-vs-pirate-nation-champions-tour-north-america-stage-1-challengers-3-ro64,324,2021-02-26,8:30 AM
PACIFIC,11412,https://www.vlr.gg/11412/cloud9-white-vs-demon-time-champions-tour-north-america-stage-1-challengers-3-ro64,324,2021-02-26,8:30 AM
PACIFIC,11413,https://www.vlr.gg/11413/pittsburgh-knights-vs-rifle-crutchers-champions-tour-north-america-stage-1-challengers-3-ro64,324,2021-02-26,8:30 AM
PACIFIC,11414,https://www.vlr.gg/11414/hollywood-hooliganz-vs-on-top-soon-champions-tour-north-america-stage-1-challengers-3-ro64,324,2021-02-26,8:30 AM
PACIFIC,11417,https://www.vlr.gg/11417/equinox-esports-vs-yfp-gaming-champions-tour-north-america-stage-1-challengers-3-ro64,324,2021-02-26,8:30 AM
PACIFIC,11420,https://www.vlr.gg/11420/reformed-vs-archons-champions-tour-north-america-stage-1-challengers-3-ro64,324,2021-02-26,8:30 AM
PACIFIC,11422,https://www.vlr.gg/11422/carpe-noctem-vs-grapefruit-techniques-champions-tour-north-america-stage-1-challengers-3-ro64,324,2021-02-26,8:30 AM
PACIFIC,11423,https://www.vlr.gg/11423/cloud9-blue-vs-ow-refugees-champions-tour-north-america-stage-1-challengers-3-ro64,324,2021-02-26,8:30 AM
PACIFIC,11424,https://www.vlr.gg/11424/last-round-save-vs-brimstone-gaming-champions-tour-north-america-stage-1-challengers-3-ro64,324,2021-02-26,8:30 AM
PACIFIC,11425,https://www.vlr.gg/11425/ghost-gaming-vs-radiant-roombas-champions-tour-north-america-stage-1-challengers-3-ro64,324,2021-02-26,8:30 AM
PACIFIC,11426,https://www.vlr.gg/11426/ex-funsnatchers-vs-spotlight-champions-tour-north-america-stage-1-challengers-3-ro64,324,2021-02-26,8:30 AM
PACIFIC,11427,https://www.vlr.gg/11427/renegades-vs-the-five-emperors-champions-tour-north-america-stage-1-challengers-3-ro64,324,2021-02-26,8:30 AM
PACIFIC,11428,https://www.vlr.gg/11428/evil-geniuses-vs-project-champions-tour-north-america-stage-1-challengers-3-ro64,324,2021-02-26,8:30 AM
PACIFIC,11429,https://www.vlr.gg/11429/sedated-vs-akella-champions-tour-north-america-stage-1-challengers-3-ro64,324,2021-02-26,8:30 AM
PACIFIC,11430,https://www.vlr.gg/11430/beastcoast-vs-bounty-esports-champions-tour-north-america-stage-1-challengers-3-ro64,324,2021-02-26,8:30 AM
PACIFIC,11431,https://www.vlr.gg/11431/built-by-gamers-vs-nbks-centurions-champions-tour-north-america-stage-1-challengers-3-ro64,324,2021-02-26,8:30 AM
PACIFIC,11433,https://www.vlr.gg/11433/spacestation-gaming-vs-s2xx-champions-tour-north-america-stage-1-challengers-3-ro64,324,2021-02-26,8:30 AM
PACIFIC,11434,https://www.vlr.gg/11434/dahoonkabhankoloos-vs-virtuoso-champions-tour-north-america-stage-1-challengers-3-ro64,324,2021-02-26,8:30 AM
PACIFIC,11419,https://www.vlr.gg/11419/t1-vs-pugstars-champions-tour-north-america-stage-1-challengers-3-ro64,324,2021-02-26,8:40 AM
PACIFIC,11403,https://www.vlr.gg/11403/tsm-vs-tradelikepros-champions-tour-north-america-stage-1-challengers-3-ro64,324,2021-02-26,8:45 AM
PACIFIC,11416,https://www.vlr.gg/11416/time-in-vs-able-esports-champions-tour-north-america-stage-1-challengers-3-ro64,324,2021-02-26,8:45 AM
PACIFIC,11418,https://www.vlr.gg/11418/on-the-way-vs-interstate-95-champions-tour-north-america-stage-1-challengers-3-ro64,324,2021-02-26,8:45 AM
PACIFIC,11432,https://www.vlr.gg/11432/elysium-vs-blahaj-champions-tour-north-america-stage-1-challengers-3-ro64,324,2021-02-26,8:45 AM
PACIFIC,11435,https://www.vlr.gg/11435/tsm-vs-penguin-sledding-champions-tour-north-america-stage-1-challengers-3-ro32,324,2021-02-27,6:00 AM
PACIFIC,11436,https://www.vlr.gg/11436/spot-up-vs-complexity-champions-tour-north-america-stage-1-challengers-3-ro32,324,2021-02-27,6:00 AM
PACIFIC,11437,https://www.vlr.gg/11437/version1-vs-nsic-champions-tour-north-america-stage-1-challengers-3-ro32,324,2021-02-27,6:00 AM
PACIFIC,11438,https://www.vlr.gg/11438/rise-vs-seeker-champions-tour-north-america-stage-1-challengers-3-ro32,324,2021-02-27,6:00 AM
PACIFIC,11439,https://www.vlr.gg/11439/andbox-vs-demon-time-champions-tour-north-america-stage-1-challengers-3-ro32,324,2021-02-27,6:00 AM
PACIFIC,11440,https://www.vlr.gg/11440/pittsburgh-knights-vs-on-top-soon-champions-tour-north-america-stage-1-challengers-3-ro32,324,2021-02-27,6:00 AM
PACIFIC,11441,https://www.vlr.gg/11441/nrg-esports-vs-time-in-champions-tour-north-america-stage-1-challengers-3-ro32,324,2021-02-27,6:00 AM
PACIFIC,11442,https://www.vlr.gg/11442/equinox-esports-vs-on-the-way-champions-tour-north-america-stage-1-challengers-3-ro32,324,2021-02-27,6:00 AM
PACIFIC,11443,https://www.vlr.gg/11443/t1-vs-archons-champions-tour-north-america-stage-1-challengers-3-ro32,324,2021-02-27,6:00 AM
PACIFIC,11444,https://www.vlr.gg/11444/frick-ya-bag-vs-grapefruit-techniques-champions-tour-north-america-stage-1-challengers-3-ro32,324,2021-02-27,6:00 AM
PACIFIC,11445,https://www.vlr.gg/11445/cloud9-blue-vs-last-round-save-champions-tour-north-america-stage-1-challengers-3-ro32,324,2021-02-27,6:00 AM
PACIFIC,11446,https://www.vlr.gg/11446/ghost-gaming-vs-spotlight-champions-tour-north-america-stage-1-challengers-3-ro32,324,2021-02-27,6:00 AM
PACIFIC,11447,https://www.vlr.gg/11447/renegades-vs-evil-geniuses-champions-tour-north-america-stage-1-challengers-3-ro32,324,2021-02-27,6:00 AM
PACIFIC,11448,https://www.vlr.gg/11448/akella-vs-beastcoast-champions-tour-north-america-stage-1-challengers-3-ro32,324,2021-02-27,6:00 AM
PACIFIC,11449,https://www.vlr.gg/11449/built-by-gamers-vs-elysium-champions-tour-north-america-stage-1-challengers-3-ro32,324,2021-02-27,6:00 AM
PACIFIC,11450,https://www.vlr.gg/11450/spacestation-gaming-vs-dahoonkabhankoloos-champions-tour-north-america-stage-1-challengers-3-ro3,324,2021-02-27,6:00 AM
PACIFIC,11452,https://www.vlr.gg/11452/version1-vs-rise-champions-tour-north-america-stage-1-challengers-3-ro16,324,2021-02-27,8:00 AM
PACIFIC,11455,https://www.vlr.gg/11455/t1-vs-frick-ya-bag-champions-tour-north-america-stage-1-challengers-3-ro16,324,2021-02-27,8:15 AM
PACIFIC,11458,https://www.vlr.gg/11458/built-by-gamers-vs-dahoonkabhankoloos-champions-tour-north-america-stage-1-challengers-3-ro16,324,2021-02-27,8:20 AM
PACIFIC,11451,https://www.vlr.gg/11451/tsm-vs-spot-up-champions-tour-north-america-stage-1-challengers-3-ro16,324,2021-02-27,8:30 AM
PACIFIC,11453,https://www.vlr.gg/11453/demon-time-vs-pittsburgh-knights-champions-tour-north-america-stage-1-challengers-3-ro16,324,2021-02-27,8:30 AM
PACIFIC,11457,https://www.vlr.gg/11457/renegades-vs-beastcoast-champions-tour-north-america-stage-1-challengers-3-ro16,324,2021-02-27,8:30 AM
PACIFIC,11456,https://www.vlr.gg/11456/cloud9-blue-vs-ghost-gaming-champions-tour-north-america-stage-1-challengers-3-ro16,324,2021-02-27,9:05 AM
PACIFIC,11454,https://www.vlr.gg/11454/nrg-esports-vs-on-the-way-champions-tour-north-america-stage-1-challengers-3-ro16,324,2021-02-27,9:55 AM
PACIFIC,11459,https://www.vlr.gg/11459/tsm-vs-version1-champions-tour-north-america-stage-1-challengers-3-qf,324,2021-02-28,6:00 AM
PACIFIC,11460,https://www.vlr.gg/11460/demon-time-vs-nrg-esports-champions-tour-north-america-stage-1-challengers-3-qf,324,2021-02-28,8:05 AM
PACIFIC,11461,https://www.vlr.gg/11461/t1-vs-cloud9-blue-champions-tour-north-america-stage-1-challengers-3-qf,324,2021-03-01,6:00 AM
PACIFIC,11462,https://www.vlr.gg/11462/beastcoast-vs-dahoonkabhankoloos-champions-tour-north-america-stage-1-challengers-3-qf,324,2021-03-01,8:10 AM
PACIFIC,11465,https://www.vlr.gg/11465/luminosity-vs-kooky-koalas-champions-tour-north-america-stage-1-challengers-3-main-event-ubqf,324,2021-03-05,3:00 AM
PACIFIC,11466,https://www.vlr.gg/11466/gen-g-vs-tsm-champions-tour-north-america-stage-1-challengers-3-main-event-ubqf,324,2021-03-05,3:00 AM
PACIFIC,11468,https://www.vlr.gg/11468/faze-clan-vs-t1-champions-tour-north-america-stage-1-challengers-3-main-event-ubqf,324,2021-03-05,5:00 AM
PACIFIC,11467,https://www.vlr.gg/11467/100-thieves-vs-nrg-esports-champions-tour-north-america-stage-1-challengers-3-main-event-ubqf,324,2021-03-05,5:25 AM
PACIFIC,11475,https://www.vlr.gg/11475/kooky-koalas-vs-gen-g-champions-tour-north-america-stage-1-challengers-3-main-event-lr1,324,2021-03-05,7:20 AM
PACIFIC,11476,https://www.vlr.gg/11476/100-thieves-vs-t1-champions-tour-north-america-stage-1-challengers-3-main-event-lr1,324,2021-03-05,8:40 AM
PACIFIC,11469,https://www.vlr.gg/11469/luminosity-vs-tsm-champions-tour-north-america-stage-1-challengers-3-main-event-ubsf,324,2021-03-06,3:00 AM
PACIFIC,11470,https://www.vlr.gg/11470/nrg-esports-vs-faze-clan-champions-tour-north-america-stage-1-challengers-3-main-event-ubsf,324,2021-03-06,3:00 AM
PACIFIC,11478,https://www.vlr.gg/11478/tsm-vs-100-thieves-champions-tour-north-america-stage-1-challengers-3-main-event-lr2,324,2021-03-06,5:05 AM
PACIFIC,11477,https://www.vlr.gg/11477/nrg-esports-vs-gen-g-champions-tour-north-america-stage-1-challengers-3-main-event-lr2,324,2021-03-06,6:15 AM
PACIFIC,11471,https://www.vlr.gg/11471/luminosity-vs-faze-clan-champions-tour-north-america-stage-1-challengers-3-main-event-ubf,324,2021-03-07,3:00 AM
PACIFIC,11479,https://www.vlr.gg/11479/gen-g-vs-100-thieves-champions-tour-north-america-stage-1-challengers-3-main-event-lr3,324,2021-03-07,4:55 AM
PACIFIC,11480,https://www.vlr.gg/11480/luminosity-vs-100-thieves-champions-tour-north-america-stage-1-challengers-3-main-event-lf,324,2021-03-07,7:50 AM
PACIFIC,11474,https://www.vlr.gg/11474/faze-clan-vs-100-thieves-champions-tour-north-america-stage-1-challengers-3-main-event-gf,324,2021-03-08,3:00 AM
PACIFIC,10137,https://www.vlr.gg/10137/100-thieves-vs-caught-in-4k-champions-tour-north-america-stage-1-challengers-2-ro128,306,2021-02-12,6:00 AM
PACIFIC,10138,https://www.vlr.gg/10138/nautic-vs-vzn-champions-tour-north-america-stage-1-challengers-2-ro128,306,2021-02-12,6:00 AM
PACIFIC,10139,https://www.vlr.gg/10139/nsic-vs-all-gas-no-brakes-champions-tour-north-america-stage-1-challengers-2-ro128,306,2021-02-12,6:00 AM
PACIFIC,10140,https://www.vlr.gg/10140/elevate-vs-royal-champions-tour-north-america-stage-1-challengers-2-ro128,306,2021-02-12,6:00 AM
PACIFIC,10141,https://www.vlr.gg/10141/ghost-gaming-vs-the-five-emperors-champions-tour-north-america-stage-1-challengers-2-ro128,306,2021-02-12,6:00 AM
PACIFIC,10142,https://www.vlr.gg/10142/big-backwoods-vs-heathens-champions-tour-north-america-stage-1-challengers-2-ro128,306,2021-02-12,6:00 AM
PACIFIC,10143,https://www.vlr.gg/10143/complexity-vs-sfg-champions-tour-north-america-stage-1-challengers-2-ro128,306,2021-02-12,6:00 AM
PACIFIC,10144,https://www.vlr.gg/10144/odyssey-vs-resonate-champions-tour-north-america-stage-1-challengers-2-ro128,306,2021-02-12,6:00 AM
PACIFIC,10145,https://www.vlr.gg/10145/nrg-esports-vs-pure-champions-tour-north-america-stage-1-challengers-2-ro128,306,2021-02-12,6:00 AM
PACIFIC,10146,https://www.vlr.gg/10146/anew-esports-vs-rated-gaming-champions-tour-north-america-stage-1-challengers-2-ro128,306,2021-02-12,6:00 AM
PACIFIC,10147,https://www.vlr.gg/10147/funsnatchers-vs-orange-juice-gaming-champions-tour-north-america-stage-1-challengers-2-ro128,306,2021-02-12,6:00 AM
PACIFIC,10148,https://www.vlr.gg/10148/last-round-save-vs-hotcakes-champions-tour-north-america-stage-1-challengers-2-ro128,306,2021-02-12,6:00 AM
PACIFIC,10149,https://www.vlr.gg/10149/andbox-vs-amarok-esports-champions-tour-north-america-stage-1-challengers-2-ro128,306,2021-02-12,6:00 AM
PACIFIC,10150,https://www.vlr.gg/10150/take-flyte-vs-dallas-vandetta-champions-tour-north-america-stage-1-challengers-2-ro128,306,2021-02-12,6:00 AM
PACIFIC,10151,https://www.vlr.gg/10151/cloud9-white-vs-lunch-club-champions-tour-north-america-stage-1-challengers-2-ro128,306,2021-02-12,6:00 AM
PACIFIC,10152,https://www.vlr.gg/10152/on-the-way-vs-thiccwreck-champions-tour-north-america-stage-1-challengers-2-ro128,306,2021-02-12,6:00 AM
PACIFIC,10153,https://www.vlr.gg/10153/faze-clan-vs-match-point-champions-tour-north-america-stage-1-challengers-2-ro128,306,2021-02-12,6:00 AM
PACIFIC,10154,https://www.vlr.gg/10154/flow-state-vs-enigma-champions-tour-north-america-stage-1-challengers-2-ro128,306,2021-02-12,6:00 AM
PACIFIC,10155,https://www.vlr.gg/10155/eunited-vs-gcu-esports-champions-tour-north-america-stage-1-challengers-2-ro128,306,2021-02-12,6:00 AM
PACIFIC,10156,https://www.vlr.gg/10156/sakura-storm-vs-premiergg-champions-tour-north-america-stage-1-challengers-2-ro128,306,2021-02-12,6:00 AM
PACIFIC,10157,https://www.vlr.gg/10157/carpe-noctem-vs-sadhours-champions-tour-north-america-stage-1-challengers-2-ro128,306,2021-02-12,6:00 AM
PACIFIC,10158,https://www.vlr.gg/10158/vt-valorant-vs-triangle-offense-champions-tour-north-america-stage-1-challengers-2-ro128,306,2021-02-12,6:00 AM
PACIFIC,10159,https://www.vlr.gg/10159/version1-vs-onslaught-gaming-champions-tour-north-america-stage-1-challengers-2-ro128,306,2021-02-12,6:00 AM
PACIFIC,10160,https://www.vlr.gg/10160/time-in-vs-s2-champions-tour-north-america-stage-1-challengers-2-ro128,306,2021-02-12,6:00 AM
PACIFIC,10161,https://www.vlr.gg/10161/t1-vs-nc-state-esports-champions-tour-north-america-stage-1-challengers-2-ro128,306,2021-02-12,6:00 AM
PACIFIC,10162,https://www.vlr.gg/10162/headshot-percentage-vs-nice-throw-champions-tour-north-america-stage-1-challengers-2-ro128,306,2021-02-12,6:00 AM
PACIFIC,10163,https://www.vlr.gg/10163/ex-serenity-vs-phantom-v-champions-tour-north-america-stage-1-challengers-2-ro128,306,2021-02-12,6:00 AM
PACIFIC,10164,https://www.vlr.gg/10164/303-esports-vs-entourage-champions-tour-north-america-stage-1-challengers-2-ro128,306,2021-02-12,6:00 AM
PACIFIC,10165,https://www.vlr.gg/10165/built-by-gamers-vs-iq-white-champions-tour-north-america-stage-1-challengers-2-ro128,306,2021-02-12,6:00 AM
PACIFIC,10166,https://www.vlr.gg/10166/demon-time-vs-lads-champions-tour-north-america-stage-1-challengers-2-ro128,306,2021-02-12,6:00 AM
PACIFIC,10167,https://www.vlr.gg/10167/spot-up-vs-abc-boiz-champions-tour-north-america-stage-1-challengers-2-ro128,306,2021-02-12,6:00 AM
PACIFIC,10168,https://www.vlr.gg/10168/brimstone-gaming-vs-bad-karma-esports-champions-tour-north-america-stage-1-challengers-2-ro128,306,2021-02-12,6:00 AM
PACIFIC,10169,https://www.vlr.gg/10169/tsm-vs-atk-mode-champions-tour-north-america-stage-1-challengers-2-ro128,306,2021-02-12,6:00 AM
PACIFIC,10170,https://www.vlr.gg/10170/aqua-vs-d2e-gold-champions-tour-north-america-stage-1-challengers-2-ro128,306,2021-02-12,6:00 AM
PACIFIC,10171,https://www.vlr.gg/10171/slimey-boogermen-vs-blevinsfanclub-champions-tour-north-america-stage-1-challengers-2-ro128,306,2021-02-12,6:00 AM
PACIFIC,10172,https://www.vlr.gg/10172/elysium-vs-zero-marksmen-champions-tour-north-america-stage-1-challengers-2-ro128,306,2021-02-12,6:00 AM
PACIFIC,10173,https://www.vlr.gg/10173/big-frames-vs-mob-mentality-esports-champions-tour-north-america-stage-1-challengers-2-ro128,306,2021-02-12,6:00 AM
PACIFIC,10174,https://www.vlr.gg/10174/able-esports-vs-ethank-fan-club-champions-tour-north-america-stage-1-challengers-2-ro128,306,2021-02-12,6:00 AM
PACIFIC,10175,https://www.vlr.gg/10175/dignitas-vs-shoguns-champions-tour-north-america-stage-1-challengers-2-ro128,306,2021-02-12,6:00 AM
PACIFIC,10176,https://www.vlr.gg/10176/rifle-crutchers-vs-boys-who-cry-champions-tour-north-america-stage-1-challengers-2-ro128,306,2021-02-12,6:00 AM
PACIFIC,10177,https://www.vlr.gg/10177/gen-g-vs-tamu-maroon-champions-tour-north-america-stage-1-challengers-2-ro128,306,2021-02-12,6:00 AM
PACIFIC,10178,https://www.vlr.gg/10178/virtuoso-vs-dialed-in-champions-tour-north-america-stage-1-challengers-2-ro128,306,2021-02-12,6:00 AM
PACIFIC,10179,https://www.vlr.gg/10179/penguin-sledding-vs-d2e-black-champions-tour-north-america-stage-1-challengers-2-ro128,306,2021-02-12,6:00 AM
PACIFIC,10180,https://www.vlr.gg/10180/down-bad-vs-waverunners-champions-tour-north-america-stage-1-challengers-2-ro128,306,2021-02-12,6:00 AM
PACIFIC,10181,https://www.vlr.gg/10181/cloud9-blue-vs-stay-small-stay-second-champions-tour-north-america-stage-1-challengers-2-ro128,306,2021-02-12,6:00 AM
PACIFIC,10182,https://www.vlr.gg/10182/fluid-gaming-vs-smile-factory-champions-tour-north-america-stage-1-challengers-2-ro128,306,2021-02-12,6:00 AM
PACIFIC,10183,https://www.vlr.gg/10183/roosters-vs-black-dragon-society-champions-tour-north-america-stage-1-challengers-2-ro128,306,2021-02-12,6:00 AM
PACIFIC,10184,https://www.vlr.gg/10184/hollywood-hooliganz-vs-team-o7-champions-tour-north-america-stage-1-challengers-2-ro128,306,2021-02-12,6:00 AM
PACIFIC,10185,https://www.vlr.gg/10185/envy-vs-aquatik-champions-tour-north-america-stage-1-challengers-2-ro128,306,2021-02-12,6:00 AM
PACIFIC,10186,https://www.vlr.gg/10186/archons-vs-allknights-champions-tour-north-america-stage-1-challengers-2-ro128,306,2021-02-12,6:00 AM
PACIFIC,10187,https://www.vlr.gg/10187/beastcoast-vs-radiant-roombas-champions-tour-north-america-stage-1-challengers-2-ro128,306,2021-02-12,6:00 AM
PACIFIC,10188,https://www.vlr.gg/10188/evil-geniuses-vs-bounty-esports-champions-tour-north-america-stage-1-challengers-2-ro128,306,2021-02-12,6:00 AM
PACIFIC,10189,https://www.vlr.gg/10189/spacestation-gaming-vs-prism-esports-champions-tour-north-america-stage-1-challengers-2-ro128,306,2021-02-12,6:00 AM
PACIFIC,10190,https://www.vlr.gg/10190/yfp-gaming-vs-sdk-champions-tour-north-america-stage-1-challengers-2-ro128,306,2021-02-12,6:00 AM
PACIFIC,10191,https://www.vlr.gg/10191/pittsburgh-knights-vs-lgi-champions-tour-north-america-stage-1-challengers-2-ro128,306,2021-02-12,6:00 AM
PACIFIC,10192,https://www.vlr.gg/10192/grapefruit-techniques-vs-team-wide-peek-champions-tour-north-america-stage-1-challengers-2-ro128,306,2021-02-12,6:00 AM
PACIFIC,10193,https://www.vlr.gg/10193/renegades-vs-java-pr-champions-tour-north-america-stage-1-challengers-2-ro128,306,2021-02-12,6:00 AM
PACIFIC,10194,https://www.vlr.gg/10194/seeker-vs-goomba-squad-champions-tour-north-america-stage-1-challengers-2-ro128,306,2021-02-12,6:00 AM
PACIFIC,10195,https://www.vlr.gg/10195/sedated-vs-5g-gaming-champions-tour-north-america-stage-1-challengers-2-ro128,306,2021-02-12,6:00 AM
PACIFIC,10196,https://www.vlr.gg/10196/blahaj-vs-zero-gravity-champions-tour-north-america-stage-1-challengers-2-ro128,306,2021-02-12,6:00 AM
PACIFIC,10197,https://www.vlr.gg/10197/equinox-esports-vs-gamerduderguys-champions-tour-north-america-stage-1-challengers-2-ro128,306,2021-02-12,6:00 AM
PACIFIC,10198,https://www.vlr.gg/10198/spotlight-vs-team-reinvented-gaming-champions-tour-north-america-stage-1-challengers-2-ro128,306,2021-02-12,6:00 AM
PACIFIC,10199,https://www.vlr.gg/10199/rise-vs-onslaught-gaming-red-champions-tour-north-america-stage-1-challengers-2-ro128,306,2021-02-12,6:00 AM
PACIFIC,10200,https://www.vlr.gg/10200/project-x-vs-nbks-centurions-champions-tour-north-america-stage-1-challengers-2-ro128,306,2021-02-12,6:00 AM
PACIFIC,10220,https://www.vlr.gg/10220/complexity-vs-odyssey-champions-tour-north-america-stage-1-challengers-2-ro64,306,2021-02-12,7:30 AM
PACIFIC,10229,https://www.vlr.gg/10229/t1-vs-headshot-percentage-champions-tour-north-america-stage-1-challengers-2-ro64,306,2021-02-12,7:35 AM
PACIFIC,10218,https://www.vlr.gg/10218/nsic-vs-elevate-champions-tour-north-america-stage-1-challengers-2-ro64,306,2021-02-12,7:45 AM
PACIFIC,10219,https://www.vlr.gg/10219/ghost-gaming-vs-big-backwoods-champions-tour-north-america-stage-1-challengers-2-ro64,306,2021-02-12,7:45 AM
PACIFIC,10221,https://www.vlr.gg/10221/nrg-esports-vs-anew-esports-champions-tour-north-america-stage-1-challengers-2-ro64,306,2021-02-12,7:45 AM
PACIFIC,10223,https://www.vlr.gg/10223/andbox-vs-take-flyte-champions-tour-north-america-stage-1-challengers-2-ro64,306,2021-02-12,7:45 AM
PACIFIC,10225,https://www.vlr.gg/10225/faze-clan-vs-flow-state-champions-tour-north-america-stage-1-challengers-2-ro64,306,2021-02-12,7:45 AM
PACIFIC,10228,https://www.vlr.gg/10228/version1-vs-time-in-champions-tour-north-america-stage-1-challengers-2-ro64,306,2021-02-12,7:45 AM
PACIFIC,10231,https://www.vlr.gg/10231/built-by-gamers-vs-demon-time-champions-tour-north-america-stage-1-challengers-2-ro64,306,2021-02-12,7:45 AM
PACIFIC,10201,https://www.vlr.gg/10201/tsm-vs-d2e-gold-champions-tour-north-america-stage-1-challengers-2-ro64,306,2021-02-12,7:45 AM
PACIFIC,10202,https://www.vlr.gg/10202/slimey-boogermen-vs-elysium-champions-tour-north-america-stage-1-challengers-2-ro64,306,2021-02-12,7:45 AM
PACIFIC,10203,https://www.vlr.gg/10203/big-frames-vs-able-esports-champions-tour-north-america-stage-1-challengers-2-ro64,306,2021-02-12,7:45 AM
PACIFIC,10207,https://www.vlr.gg/10207/cloud9-blue-vs-fluid-gaming-champions-tour-north-america-stage-1-challengers-2-ro64,306,2021-02-12,7:45 AM
PACIFIC,10209,https://www.vlr.gg/10209/envy-vs-archons-champions-tour-north-america-stage-1-challengers-2-ro64,306,2021-02-12,7:45 AM
PACIFIC,10215,https://www.vlr.gg/10215/equinox-esports-vs-spotlight-champions-tour-north-america-stage-1-challengers-2-ro64,306,2021-02-12,7:45 AM
PACIFIC,10222,https://www.vlr.gg/10222/funsnatchers-vs-last-round-save-champions-tour-north-america-stage-1-challengers-2-ro64,306,2021-02-12,7:50 AM
PACIFIC,10227,https://www.vlr.gg/10227/carpe-noctem-vs-triangle-offense-champions-tour-north-america-stage-1-challengers-2-ro64,306,2021-02-12,8:00 AM
PACIFIC,10230,https://www.vlr.gg/10230/ex-serenity-vs-303-esports-champions-tour-north-america-stage-1-challengers-2-ro64,306,2021-02-12,8:00 AM
PACIFIC,10204,https://www.vlr.gg/10204/dignitas-vs-rifle-crutchers-champions-tour-north-america-stage-1-challengers-2-ro64,306,2021-02-12,8:00 AM
PACIFIC,10205,https://www.vlr.gg/10205/gen-g-vs-virtuoso-champions-tour-north-america-stage-1-challengers-2-ro64,306,2021-02-12,8:00 AM
PACIFIC,10212,https://www.vlr.gg/10212/pittsburgh-knights-vs-grapefruit-techniques-champions-tour-north-america-stage-1-challengers-2-r,306,2021-02-12,8:00 AM
PACIFIC,10216,https://www.vlr.gg/10216/rise-vs-nbks-centurions-champions-tour-north-america-stage-1-challengers-2-ro64,306,2021-02-12,8:00 AM
PACIFIC,10217,https://www.vlr.gg/10217/100-thieves-vs-vzn-champions-tour-north-america-stage-1-challengers-2-ro64,306,2021-02-12,8:30 AM
PACIFIC,10224,https://www.vlr.gg/10224/cloud9-white-vs-on-the-way-champions-tour-north-america-stage-1-challengers-2-ro64,306,2021-02-12,8:30 AM
PACIFIC,10232,https://www.vlr.gg/10232/spot-up-vs-brimstone-gaming-champions-tour-north-america-stage-1-challengers-2-ro64,306,2021-02-12,8:30 AM
PACIFIC,10208,https://www.vlr.gg/10208/black-dragon-society-vs-hollywood-hooliganz-champions-tour-north-america-stage-1-challengers-2-r,306,2021-02-12,8:30 AM
PACIFIC,10210,https://www.vlr.gg/10210/beastcoast-vs-evil-geniuses-champions-tour-north-america-stage-1-challengers-2-ro64,306,2021-02-12,8:30 AM
PACIFIC,10214,https://www.vlr.gg/10214/sedated-vs-blahaj-champions-tour-north-america-stage-1-challengers-2-ro64,306,2021-02-12,8:30 AM
PACIFIC,10206,https://www.vlr.gg/10206/d2e-black-vs-down-bad-champions-tour-north-america-stage-1-challengers-2-ro64,306,2021-02-12,8:45 AM
PACIFIC,10211,https://www.vlr.gg/10211/spacestation-gaming-vs-sdk-champions-tour-north-america-stage-1-challengers-2-ro64,306,2021-02-12,8:45 AM
PACIFIC,10213,https://www.vlr.gg/10213/renegades-vs-goomba-squad-champions-tour-north-america-stage-1-challengers-2-ro64,306,2021-02-12,8:45 AM
PACIFIC,10226,https://www.vlr.gg/10226/eunited-vs-premiergg-champions-tour-north-america-stage-1-challengers-2-ro64,306,2021-02-12,9:00 AM
PACIFIC,10121,https://www.vlr.gg/10121/100-thieves-vs-nsic-champions-tour-north-america-stage-1-challengers-2-ro32,306,2021-02-13,6:00 AM
PACIFIC,10122,https://www.vlr.gg/10122/ghost-gaming-vs-complexity-champions-tour-north-america-stage-1-challengers-2-ro32,306,2021-02-13,6:00 AM
PACIFIC,10123,https://www.vlr.gg/10123/nrg-esports-vs-funsnatchers-champions-tour-north-america-stage-1-challengers-2-ro32,306,2021-02-13,6:00 AM
PACIFIC,10124,https://www.vlr.gg/10124/andbox-vs-on-the-way-champions-tour-north-america-stage-1-challengers-2-ro32,306,2021-02-13,6:00 AM
PACIFIC,10125,https://www.vlr.gg/10125/faze-clan-vs-eunited-champions-tour-north-america-stage-1-challengers-2-ro32,306,2021-02-13,6:00 AM
PACIFIC,10126,https://www.vlr.gg/10126/carpe-noctem-vs-version1-champions-tour-north-america-stage-1-challengers-2-ro32,306,2021-02-13,6:00 AM
PACIFIC,10127,https://www.vlr.gg/10127/headshot-percentage-vs-ex-serenity-champions-tour-north-america-stage-1-challengers-2-ro32,306,2021-02-13,6:00 AM
PACIFIC,10128,https://www.vlr.gg/10128/built-by-gamers-vs-spot-up-champions-tour-north-america-stage-1-challengers-2-ro32,306,2021-02-13,6:00 AM
PACIFIC,10129,https://www.vlr.gg/10129/tsm-vs-slimey-boogermen-champions-tour-north-america-stage-1-challengers-2-ro32,306,2021-02-13,6:00 AM
PACIFIC,10130,https://www.vlr.gg/10130/big-frames-vs-dignitas-champions-tour-north-america-stage-1-challengers-2-ro32,306,2021-02-13,6:00 AM
PACIFIC,10131,https://www.vlr.gg/10131/gen-g-vs-down-bad-champions-tour-north-america-stage-1-challengers-2-ro32,306,2021-02-13,6:00 AM
PACIFIC,10132,https://www.vlr.gg/10132/cloud9-blue-vs-hollywood-hooliganz-champions-tour-north-america-stage-1-challengers-2-ro32,306,2021-02-13,6:00 AM
PACIFIC,10133,https://www.vlr.gg/10133/envy-vs-beastcoast-champions-tour-north-america-stage-1-challengers-2-ro32,306,2021-02-13,6:00 AM
PACIFIC,10134,https://www.vlr.gg/10134/spacestation-gaming-vs-pittsburgh-knights-champions-tour-north-america-stage-1-challengers-2-ro3,306,2021-02-13,6:00 AM
PACIFIC,10135,https://www.vlr.gg/10135/renegades-vs-sedated-champions-tour-north-america-stage-1-challengers-2-ro32,306,2021-02-13,6:00 AM
PACIFIC,10136,https://www.vlr.gg/10136/equinox-esports-vs-rise-champions-tour-north-america-stage-1-challengers-2-ro32,306,2021-02-13,6:00 AM
PACIFIC,10237,https://www.vlr.gg/10237/tsm-vs-dignitas-champions-tour-north-america-stage-1-challengers-2-ro16,306,2021-02-13,7:35 AM
PACIFIC,10234,https://www.vlr.gg/10234/nrg-esports-vs-andbox-champions-tour-north-america-stage-1-challengers-2-ro16,306,2021-02-13,7:45 AM
PACIFIC,10238,https://www.vlr.gg/10238/gen-g-vs-cloud9-blue-champions-tour-north-america-stage-1-challengers-2-ro16,306,2021-02-13,7:45 AM
PACIFIC,10233,https://www.vlr.gg/10233/100-thieves-vs-ghost-gaming-champions-tour-north-america-stage-1-challengers-2-ro16,306,2021-02-13,8:25 AM
PACIFIC,10235,https://www.vlr.gg/10235/faze-clan-vs-version1-champions-tour-north-america-stage-1-challengers-2-ro16,306,2021-02-13,8:25 AM
PACIFIC,10236,https://www.vlr.gg/10236/ex-serenity-vs-built-by-gamers-champions-tour-north-america-stage-1-challengers-2-ro16,306,2021-02-13,8:35 AM
PACIFIC,10240,https://www.vlr.gg/10240/renegades-vs-rise-champions-tour-north-america-stage-1-challengers-2-ro16,306,2021-02-13,8:50 AM
PACIFIC,10239,https://www.vlr.gg/10239/envy-vs-spacestation-gaming-champions-tour-north-america-stage-1-challengers-2-ro16,306,2021-02-13,8:55 AM
PACIFIC,10241,https://www.vlr.gg/10241/100-thieves-vs-andbox-champions-tour-north-america-stage-1-challengers-2-qf,306,2021-02-14,6:00 AM
PACIFIC,10242,https://www.vlr.gg/10242/faze-clan-vs-built-by-gamers-champions-tour-north-america-stage-1-challengers-2-qf,306,2021-02-14,7:55 AM
PACIFIC,10243,https://www.vlr.gg/10243/tsm-vs-gen-g-champions-tour-north-america-stage-1-challengers-2-qf,306,2021-02-15,6:00 AM
PACIFIC,10244,https://www.vlr.gg/10244/envy-vs-renegades-champions-tour-north-america-stage-1-challengers-2-qf,306,2021-02-15,9:10 AM
PACIFIC,10245,https://www.vlr.gg/10245/sentinels-vs-faze-clan-champions-tour-north-america-stage-1-challengers-2-ubqf,306,2021-02-21,3:00 AM
PACIFIC,10246,https://www.vlr.gg/10246/xset-vs-envy-champions-tour-north-america-stage-1-challengers-2-ubqf,306,2021-02-21,3:00 AM
PACIFIC,10247,https://www.vlr.gg/10247/immortals-vs-gen-g-champions-tour-north-america-stage-1-challengers-2-ubqf,306,2021-02-21,4:45 AM
PACIFIC,10248,https://www.vlr.gg/10248/luminosity-vs-100-thieves-champions-tour-north-america-stage-1-challengers-2-ubqf,306,2021-02-21,5:00 AM
PACIFIC,10249,https://www.vlr.gg/10249/faze-clan-vs-xset-champions-tour-north-america-stage-1-challengers-2-lr1,306,2021-02-21,6:45 AM
PACIFIC,10250,https://www.vlr.gg/10250/gen-g-vs-100-thieves-champions-tour-north-america-stage-1-challengers-2-lr1,306,2021-02-21,8:00 AM
PACIFIC,10251,https://www.vlr.gg/10251/sentinels-vs-envy-champions-tour-north-america-stage-1-challengers-2-ubsf,306,2021-02-22,3:00 AM
PACIFIC,10252,https://www.vlr.gg/10252/immortals-vs-luminosity-champions-tour-north-america-stage-1-challengers-2-ubsf,306,2021-02-22,3:00 AM
PACIFIC,10253,https://www.vlr.gg/10253/sentinels-vs-100-thieves-champions-tour-north-america-stage-1-challengers-2-lr2,306,2021-02-22,6:10 AM
PACIFIC,10254,https://www.vlr.gg/10254/luminosity-vs-xset-champions-tour-north-america-stage-1-challengers-2-lr2,306,2021-02-22,6:25 AM
PACIFIC,10255,https://www.vlr.gg/10255/envy-vs-immortals-champions-tour-north-america-stage-1-challengers-2-ubf,306,2021-02-23,3:00 AM
PACIFIC,10256,https://www.vlr.gg/10256/xset-vs-sentinels-champions-tour-north-america-stage-1-challengers-2-lr3,306,2021-02-23,5:40 AM
PACIFIC,10257,https://www.vlr.gg/10257/immortals-vs-sentinels-champions-tour-north-america-stage-1-challengers-2-lbf,306,2021-02-23,7:25 AM
PACIFIC,10258,https://www.vlr.gg/10258/envy-vs-sentinels-champions-tour-north-america-stage-1-challengers-2-gf,306,2021-02-24,3:00 AM
PACIFIC,9109,https://www.vlr.gg/9109/100-thieves-vs-the-five-emperors-champions-tour-north-america-stage-1-challengers-1-ro128,291,2021-01-28,7:00 AM
PACIFIC,9110,https://www.vlr.gg/9110/spotlight-vs-prism-esports-champions-tour-north-america-stage-1-challengers-1-ro128,291,2021-01-28,7:00 AM
PACIFIC,9111,https://www.vlr.gg/9111/carpe-noctem-vs-premiergg-champions-tour-north-america-stage-1-challengers-1-ro128,291,2021-01-28,7:00 AM
PACIFIC,9112,https://www.vlr.gg/9112/archons-vs-brimstone-gaming-champions-tour-north-america-stage-1-challengers-1-ro128,291,2021-01-28,7:00 AM
PACIFIC,9113,https://www.vlr.gg/9113/nrg-esports-vs-virtuoso-champions-tour-north-america-stage-1-challengers-1-ro128,291,2021-01-28,7:00 AM
PACIFIC,9114,https://www.vlr.gg/9114/blahaj-vs-atk-mode-champions-tour-north-america-stage-1-challengers-1-ro128,291,2021-01-28,7:00 AM
PACIFIC,9115,https://www.vlr.gg/9115/dignitas-vs-abc-boiz-champions-tour-north-america-stage-1-challengers-1-ro128,291,2021-01-28,7:00 AM
PACIFIC,9116,https://www.vlr.gg/9116/project-x-vs-expandable-champions-tour-north-america-stage-1-challengers-1-ro128,291,2021-01-28,7:00 AM
PACIFIC,9117,https://www.vlr.gg/9117/renegades-vs-pirate-nation-champions-tour-north-america-stage-1-challengers-1-ro128,291,2021-01-28,7:00 AM
PACIFIC,9118,https://www.vlr.gg/9118/yfp-gaming-vs-slu-esports-champions-tour-north-america-stage-1-challengers-1-ro128,291,2021-01-28,7:00 AM
PACIFIC,9119,https://www.vlr.gg/9119/spot-up-vs-d2e-black-champions-tour-north-america-stage-1-challengers-1-ro128,291,2021-01-28,7:00 AM
PACIFIC,9120,https://www.vlr.gg/9120/ez5-vs-scarlet-knights-champions-tour-north-america-stage-1-challengers-1-ro128,291,2021-01-28,7:00 AM
PACIFIC,9121,https://www.vlr.gg/9121/gen-g-vs-deadlife-champions-tour-north-america-stage-1-challengers-1-ro128,291,2021-01-28,7:00 AM
PACIFIC,9122,https://www.vlr.gg/9122/exotic-vs-fluid-gaming-champions-tour-north-america-stage-1-challengers-1-ro128,291,2021-01-28,7:00 AM
PACIFIC,9123,https://www.vlr.gg/9123/pittsburgh-knights-vs-anew-esports-champions-tour-north-america-stage-1-challengers-1-ro128,291,2021-01-28,7:00 AM
PACIFIC,9124,https://www.vlr.gg/9124/nsic-vs-mob-mentality-esports-champions-tour-north-america-stage-1-challengers-1-ro128,291,2021-01-28,7:00 AM
PACIFIC,9125,https://www.vlr.gg/9125/envy-vs-sac-state-hornets-champions-tour-north-america-stage-1-challengers-1-ro128,291,2021-01-28,7:00 AM
PACIFIC,9126,https://www.vlr.gg/9126/take-flyte-vs-wulfpack-esports-champions-tour-north-america-stage-1-challengers-1-ro128,291,2021-01-28,7:00 AM
PACIFIC,9127,https://www.vlr.gg/9127/roosters-vs-ascendants-champions-tour-north-america-stage-1-challengers-1-ro128,291,2021-01-28,7:00 AM
PACIFIC,9128,https://www.vlr.gg/9128/ex-phoenix1-vs-blevinsfanclub-champions-tour-north-america-stage-1-challengers-1-ro128,291,2021-01-28,7:00 AM
PACIFIC,9129,https://www.vlr.gg/9129/equinox-esports-vs-bounty-esports-champions-tour-north-america-stage-1-challengers-1-ro128,291,2021-01-28,7:00 AM
PACIFIC,9130,https://www.vlr.gg/9130/cpc-vs-onslaught-gaming-champions-tour-north-america-stage-1-challengers-1-ro128,291,2021-01-28,7:00 AM
PACIFIC,9131,https://www.vlr.gg/9131/complexity-vs-us-army-esports-champions-tour-north-america-stage-1-challengers-1-ro128,291,2021-01-28,7:00 AM
PACIFIC,9132,https://www.vlr.gg/9132/demon-time-vs-heathens-champions-tour-north-america-stage-1-challengers-1-ro128,291,2021-01-28,7:00 AM
PACIFIC,9133,https://www.vlr.gg/9133/faze-clan-vs-retake-champions-tour-north-america-stage-1-challengers-1-ro128,291,2021-01-28,7:00 AM
PACIFIC,9134,https://www.vlr.gg/9134/tlp-vs-big-backwoods-champions-tour-north-america-stage-1-challengers-1-ro128,291,2021-01-28,7:00 AM
PACIFIC,9135,https://www.vlr.gg/9135/slimey-boogermen-vs-boberts-bugs-b-gone-champions-tour-north-america-stage-1-challengers-1-ro128,291,2021-01-28,7:00 AM
PACIFIC,9136,https://www.vlr.gg/9136/neverdone-vs-virus-and-friends-champions-tour-north-america-stage-1-challengers-1-ro128,291,2021-01-28,7:00 AM
PACIFIC,9137,https://www.vlr.gg/9137/luminosity-vs-elevation-champions-tour-north-america-stage-1-challengers-1-ro128,291,2021-01-28,7:00 AM
PACIFIC,9138,https://www.vlr.gg/9138/vt-valorant-vs-xoxo-champions-tour-north-america-stage-1-challengers-1-ro128,291,2021-01-28,7:00 AM
PACIFIC,9139,https://www.vlr.gg/9139/time-in-vs-sandwich-eaters-40-champions-tour-north-america-stage-1-challengers-1-ro128,291,2021-01-28,7:00 AM
PACIFIC,9140,https://www.vlr.gg/9140/penguin-sledding-vs-bumpaamaid-champions-tour-north-america-stage-1-challengers-1-ro128,291,2021-01-28,7:00 AM
PACIFIC,9141,https://www.vlr.gg/9141/tsm-vs-rated-gaming-champions-tour-north-america-stage-1-challengers-1-ro128,291,2021-01-28,7:00 AM
PACIFIC,9142,https://www.vlr.gg/9142/balanced-esports-vs-zero-marksmen-champions-tour-north-america-stage-1-challengers-1-ro128,291,2021-01-28,7:00 AM
PACIFIC,9143,https://www.vlr.gg/9143/rise-vs-onslaught-gaming-red-champions-tour-north-america-stage-1-challengers-1-ro128,291,2021-01-28,7:00 AM
PACIFIC,9144,https://www.vlr.gg/9144/elysium-vs-akuma-esports-champions-tour-north-america-stage-1-challengers-1-ro128,291,2021-01-28,7:00 AM
PACIFIC,9145,https://www.vlr.gg/9145/xset-vs-primeval-champions-tour-north-america-stage-1-challengers-1-ro128,291,2021-01-28,7:00 AM
PACIFIC,9146,https://www.vlr.gg/9146/down-bad-vs-the-bros-champions-tour-north-america-stage-1-challengers-1-ro128,291,2021-01-28,7:00 AM
PACIFIC,9147,https://www.vlr.gg/9147/eunited-vs-dialed-in-champions-tour-north-america-stage-1-challengers-1-ro128,291,2021-01-28,7:00 AM
PACIFIC,9148,https://www.vlr.gg/9148/cloud9-white-vs-d2e-gold-champions-tour-north-america-stage-1-challengers-1-ro128,291,2021-01-28,7:00 AM
PACIFIC,9149,https://www.vlr.gg/9149/immortals-vs-aqua-champions-tour-north-america-stage-1-challengers-1-ro128,291,2021-01-28,7:00 AM
PACIFIC,9150,https://www.vlr.gg/9150/elevate-vs-nbk-valorant-champions-tour-north-america-stage-1-challengers-1-ro128,291,2021-01-28,7:00 AM
PACIFIC,9151,https://www.vlr.gg/9151/big-frames-vs-bad-karma-esports-champions-tour-north-america-stage-1-challengers-1-ro128,291,2021-01-28,7:00 AM
PACIFIC,9152,https://www.vlr.gg/9152/obstacle-vs-gangster-gorillas-champions-tour-north-america-stage-1-challengers-1-ro128,291,2021-01-28,7:00 AM
PACIFIC,9153,https://www.vlr.gg/9153/cloud9-blue-vs-waverunners-champions-tour-north-america-stage-1-challengers-1-ro128,291,2021-01-28,7:00 AM
PACIFIC,9154,https://www.vlr.gg/9154/seeker-vs-poised-champions-tour-north-america-stage-1-challengers-1-ro128,291,2021-01-28,7:00 AM
PACIFIC,9155,https://www.vlr.gg/9155/ghost-gaming-vs-ace-champions-tour-north-america-stage-1-challengers-1-ro128,291,2021-01-28,7:00 AM
PACIFIC,9156,https://www.vlr.gg/9156/sakura-storm-vs-radiant-roombas-champions-tour-north-america-stage-1-challengers-1-ro128,291,2021-01-28,7:00 AM
PACIFIC,9157,https://www.vlr.gg/9157/sentinels-vs-ethank-fan-club-champions-tour-north-america-stage-1-challengers-1-ro128,291,2021-01-28,7:00 AM
PACIFIC,9158,https://www.vlr.gg/9158/techno-monks-vs-dog-team-club-org-champions-tour-north-america-stage-1-challengers-1-ro128,291,2021-01-28,7:00 AM
PACIFIC,9159,https://www.vlr.gg/9159/evil-geniuses-vs-mrorgless-champions-tour-north-america-stage-1-challengers-1-ro128,291,2021-01-28,7:00 AM
PACIFIC,9160,https://www.vlr.gg/9160/serenity-vs-insert-name-here-champions-tour-north-america-stage-1-challengers-1-ro128,291,2021-01-28,7:00 AM
PACIFIC,9161,https://www.vlr.gg/9161/built-by-gamers-vs-silhouette-champions-tour-north-america-stage-1-challengers-1-ro128,291,2021-01-28,7:00 AM
PACIFIC,9162,https://www.vlr.gg/9162/headshot-percentage-vs-rifle-crutchers-champions-tour-north-america-stage-1-challengers-1-ro128,291,2021-01-28,7:00 AM
PACIFIC,9163,https://www.vlr.gg/9163/spacestation-gaming-vs-binghamton-bearcats-champions-tour-north-america-stage-1-challengers-1-ro,291,2021-01-28,7:00 AM
PACIFIC,9164,https://www.vlr.gg/9164/resonate-vs-yma-champions-tour-north-america-stage-1-challengers-1-ro128,291,2021-01-28,7:00 AM
PACIFIC,9165,https://www.vlr.gg/9165/t1-vs-asdf-champions-tour-north-america-stage-1-challengers-1-ro128,291,2021-01-28,7:00 AM
PACIFIC,9166,https://www.vlr.gg/9166/able-esports-vs-nbks-centurions-champions-tour-north-america-stage-1-challengers-1-ro128,291,2021-01-28,7:00 AM
PACIFIC,9167,https://www.vlr.gg/9167/hollywood-hooliganz-vs-carleton-ravens-champions-tour-north-america-stage-1-challengers-1-ro128,291,2021-01-28,7:00 AM
PACIFIC,9168,https://www.vlr.gg/9168/303-esports-vs-roaches-champions-tour-north-america-stage-1-challengers-1-ro128,291,2021-01-28,7:00 AM
PACIFIC,9169,https://www.vlr.gg/9169/andbox-vs-dallas-vandetta-champions-tour-north-america-stage-1-challengers-1-ro128,291,2021-01-28,7:00 AM
PACIFIC,9170,https://www.vlr.gg/9170/anbu-ops-vs-swagoi-champions-tour-north-america-stage-1-challengers-1-ro128,291,2021-01-28,7:00 AM
PACIFIC,9171,https://www.vlr.gg/9171/sedated-vs-team-exon-champions-tour-north-america-stage-1-challengers-1-ro128,291,2021-01-28,7:00 AM
PACIFIC,9172,https://www.vlr.gg/9172/funsnatchers-vs-team-corruption-champions-tour-north-america-stage-1-challengers-1-ro128,291,2021-01-28,7:00 AM
PACIFIC,9178,https://www.vlr.gg/9178/spot-up-vs-ez5-champions-tour-north-america-stage-1-challengers-1-ro64,291,2021-01-28,8:30 AM
PACIFIC,9181,https://www.vlr.gg/9181/envy-vs-take-flyte-champions-tour-north-america-stage-1-challengers-1-ro64,291,2021-01-28,8:30 AM
PACIFIC,9190,https://www.vlr.gg/9190/rise-vs-elysium-champions-tour-north-america-stage-1-challengers-1-ro64,291,2021-01-28,8:30 AM
PACIFIC,9193,https://www.vlr.gg/9193/immortals-vs-elevate-champions-tour-north-america-stage-1-challengers-1-ro64,291,2021-01-28,8:30 AM
PACIFIC,9175,https://www.vlr.gg/9175/nrg-esports-vs-blahaj-champions-tour-north-america-stage-1-challengers-1-ro64,291,2021-01-28,8:45 AM
PACIFIC,9179,https://www.vlr.gg/9179/gen-g-vs-fluid-gaming-champions-tour-north-america-stage-1-challengers-1-ro64,291,2021-01-28,8:45 AM
PACIFIC,9176,https://www.vlr.gg/9176/dignitas-vs-project-x-champions-tour-north-america-stage-1-challengers-1-ro64,291,2021-01-28,9:00 AM
PACIFIC,9177,https://www.vlr.gg/9177/renegades-vs-yfp-gaming-champions-tour-north-america-stage-1-challengers-1-ro64,291,2021-01-28,9:00 AM
PACIFIC,9184,https://www.vlr.gg/9184/complexity-vs-demon-time-champions-tour-north-america-stage-1-challengers-1-ro64,291,2021-01-28,9:00 AM
PACIFIC,9187,https://www.vlr.gg/9187/luminosity-vs-vt-valorant-champions-tour-north-america-stage-1-challengers-1-ro64,291,2021-01-28,9:00 AM
PACIFIC,9188,https://www.vlr.gg/9188/sandwich-eaters-40-vs-penguin-sledding-champions-tour-north-america-stage-1-challengers-1-ro64,291,2021-01-28,9:00 AM
PACIFIC,9189,https://www.vlr.gg/9189/tsm-vs-balanced-esports-champions-tour-north-america-stage-1-challengers-1-ro64,291,2021-01-28,9:00 AM
PACIFIC,9195,https://www.vlr.gg/9195/cloud9-blue-vs-poised-champions-tour-north-america-stage-1-challengers-1-ro64,291,2021-01-28,9:00 AM
PACIFIC,9197,https://www.vlr.gg/9197/sentinels-vs-techno-monks-champions-tour-north-america-stage-1-challengers-1-ro64,291,2021-01-28,9:00 AM
PACIFIC,9202,https://www.vlr.gg/9202/hollywood-hooliganz-vs-303-esports-champions-tour-north-america-stage-1-challengers-1-ro64,291,2021-01-28,9:00 AM
PACIFIC,9204,https://www.vlr.gg/9204/sedated-vs-funsnatchers-champions-tour-north-america-stage-1-challengers-1-ro64,291,2021-01-28,9:00 AM
PACIFIC,9173,https://www.vlr.gg/9173/100-thieves-vs-spotlight-champions-tour-north-america-stage-1-challengers-1-ro64,291,2021-01-28,9:30 AM
PACIFIC,9174,https://www.vlr.gg/9174/carpe-noctem-vs-brimstone-gaming-champions-tour-north-america-stage-1-challengers-1-ro64,291,2021-01-28,9:30 AM
PACIFIC,9180,https://www.vlr.gg/9180/pittsburgh-knights-vs-nsic-champions-tour-north-america-stage-1-challengers-1-ro64,291,2021-01-28,9:30 AM
PACIFIC,9191,https://www.vlr.gg/9191/xset-vs-down-bad-champions-tour-north-america-stage-1-challengers-1-ro64,291,2021-01-28,9:30 AM
PACIFIC,9192,https://www.vlr.gg/9192/eunited-vs-cloud9-white-champions-tour-north-america-stage-1-challengers-1-ro64,291,2021-01-28,9:30 AM
PACIFIC,9194,https://www.vlr.gg/9194/big-frames-vs-obstacle-champions-tour-north-america-stage-1-challengers-1-ro64,291,2021-01-28,9:30 AM
PACIFIC,9198,https://www.vlr.gg/9198/evil-geniuses-vs-serenity-champions-tour-north-america-stage-1-challengers-1-ro64,291,2021-01-28,9:30 AM
PACIFIC,9199,https://www.vlr.gg/9199/built-by-gamers-vs-rifle-crutchers-champions-tour-north-america-stage-1-challengers-1-ro64,291,2021-01-28,9:30 AM
PACIFIC,9200,https://www.vlr.gg/9200/spacestation-gaming-vs-resonate-champions-tour-north-america-stage-1-challengers-1-ro64,291,2021-01-28,9:30 AM
PACIFIC,9201,https://www.vlr.gg/9201/t1-vs-able-esports-champions-tour-north-america-stage-1-challengers-1-ro64,291,2021-01-28,9:30 AM
PACIFIC,9203,https://www.vlr.gg/9203/andbox-vs-swagoi-champions-tour-north-america-stage-1-challengers-1-ro64,291,2021-01-28,9:30 AM
PACIFIC,9182,https://www.vlr.gg/9182/roosters-vs-ex-phoenix1-champions-tour-north-america-stage-1-challengers-1-ro64,291,2021-01-28,9:45 AM
PACIFIC,9186,https://www.vlr.gg/9186/slimey-boogermen-vs-neverdone-champions-tour-north-america-stage-1-challengers-1-ro64,291,2021-01-28,9:45 AM
PACIFIC,9183,https://www.vlr.gg/9183/equinox-esports-vs-cpc-champions-tour-north-america-stage-1-challengers-1-ro64,291,2021-01-28,10:00 AM
PACIFIC,9185,https://www.vlr.gg/9185/faze-clan-vs-big-backwoods-champions-tour-north-america-stage-1-challengers-1-ro64,291,2021-01-28,10:00 AM
PACIFIC,9196,https://www.vlr.gg/9196/ghost-gaming-vs-sakura-storm-champions-tour-north-america-stage-1-challengers-1-ro64,291,2021-01-28,10:00 AM
PACIFIC,9205,https://www.vlr.gg/9205/100-thieves-vs-carpe-noctem-champions-tour-north-america-stage-1-challengers-1-ro32,291,2021-01-29,7:00 AM
PACIFIC,9206,https://www.vlr.gg/9206/nrg-esports-vs-dignitas-champions-tour-north-america-stage-1-challengers-1-ro32,291,2021-01-29,7:00 AM
PACIFIC,9207,https://www.vlr.gg/9207/renegades-vs-spot-up-champions-tour-north-america-stage-1-challengers-1-ro32,291,2021-01-29,7:00 AM
PACIFIC,9208,https://www.vlr.gg/9208/gen-g-vs-pittsburgh-knights-champions-tour-north-america-stage-1-challengers-1-ro32,291,2021-01-29,7:00 AM
PACIFIC,9209,https://www.vlr.gg/9209/envy-vs-roosters-champions-tour-north-america-stage-1-challengers-1-ro32,291,2021-01-29,7:00 AM
PACIFIC,9210,https://www.vlr.gg/9210/equinox-esports-vs-complexity-champions-tour-north-america-stage-1-challengers-1-ro32,291,2021-01-29,7:00 AM
PACIFIC,9211,https://www.vlr.gg/9211/faze-clan-vs-neverdone-champions-tour-north-america-stage-1-challengers-1-ro32,291,2021-01-29,7:00 AM
PACIFIC,9212,https://www.vlr.gg/9212/luminosity-vs-penguin-sledding-champions-tour-north-america-stage-1-challengers-1-ro32,291,2021-01-29,7:00 AM
PACIFIC,9213,https://www.vlr.gg/9213/tsm-vs-rise-champions-tour-north-america-stage-1-challengers-1-ro32,291,2021-01-29,7:00 AM
PACIFIC,9214,https://www.vlr.gg/9214/xset-vs-cloud9-white-champions-tour-north-america-stage-1-challengers-1-ro32,291,2021-01-29,7:00 AM
PACIFIC,9215,https://www.vlr.gg/9215/immortals-vs-big-frames-champions-tour-north-america-stage-1-challengers-1-ro32,291,2021-01-29,7:00 AM
PACIFIC,9216,https://www.vlr.gg/9216/cloud9-blue-vs-ghost-gaming-champions-tour-north-america-stage-1-challengers-1-ro32,291,2021-01-29,7:00 AM
PACIFIC,9217,https://www.vlr.gg/9217/sentinels-vs-serenity-champions-tour-north-america-stage-1-challengers-1-ro32,291,2021-01-29,7:00 AM
PACIFIC,9218,https://www.vlr.gg/9218/built-by-gamers-vs-spacestation-gaming-champions-tour-north-america-stage-1-challengers-1-ro32,291,2021-01-29,7:00 AM
PACIFIC,9219,https://www.vlr.gg/9219/t1-vs-hollywood-hooliganz-champions-tour-north-america-stage-1-challengers-1-ro32,291,2021-01-29,7:00 AM
PACIFIC,9220,https://www.vlr.gg/9220/andbox-vs-funsnatchers-champions-tour-north-america-stage-1-challengers-1-ro32,291,2021-01-29,7:00 AM
PACIFIC,9228,https://www.vlr.gg/9228/t1-vs-andbox-champions-tour-north-america-stage-1-challengers-1-ro16,291,2021-01-29,8:45 AM
PACIFIC,9222,https://www.vlr.gg/9222/renegades-vs-gen-g-champions-tour-north-america-stage-1-challengers-1-ro16,291,2021-01-29,9:30 AM
PACIFIC,9225,https://www.vlr.gg/9225/tsm-vs-xset-champions-tour-north-america-stage-1-challengers-1-ro16,291,2021-01-29,9:30 AM
PACIFIC,9227,https://www.vlr.gg/9227/sentinels-vs-built-by-gamers-champions-tour-north-america-stage-1-challengers-1-ro16,291,2021-01-29,9:45 AM
PACIFIC,9223,https://www.vlr.gg/9223/envy-vs-equinox-esports-champions-tour-north-america-stage-1-challengers-1-ro16,291,2021-01-29,10:00 AM
PACIFIC,9224,https://www.vlr.gg/9224/faze-clan-vs-luminosity-champions-tour-north-america-stage-1-challengers-1-ro16,291,2021-01-29,10:00 AM
PACIFIC,9221,https://www.vlr.gg/9221/carpe-noctem-vs-nrg-esports-champions-tour-north-america-stage-1-challengers-1-ro16,291,2021-01-29,10:20 AM
PACIFIC,9226,https://www.vlr.gg/9226/immortals-vs-cloud9-blue-champions-tour-north-america-stage-1-challengers-1-ro16,291,2021-01-29,10:20 AM
PACIFIC,9229,https://www.vlr.gg/9229/nrg-esports-vs-gen-g-champions-tour-north-america-stage-1-challengers-1-qf,291,2021-01-30,6:00 AM
PACIFIC,9232,https://www.vlr.gg/9232/sentinels-vs-andbox-champions-tour-north-america-stage-1-challengers-1-qf,291,2021-01-30,6:00 AM
PACIFIC,9230,https://www.vlr.gg/9230/envy-vs-luminosity-champions-tour-north-america-stage-1-challengers-1-qf,291,2021-01-30,7:50 AM
PACIFIC,9231,https://www.vlr.gg/9231/xset-vs-immortals-champions-tour-north-america-stage-1-challengers-1-qf,291,2021-01-30,8:30 AM
PACIFIC,9233,https://www.vlr.gg/9233/nrg-esports-vs-envy-champions-tour-north-america-stage-1-challengers-1-sf,291,2021-01-31,6:00 AM
PACIFIC,9234,https://www.vlr.gg/9234/immortals-vs-sentinels-champions-tour-north-america-stage-1-challengers-1-sf,291,2021-01-31,7:50 AM
PACIFIC,9235,https://www.vlr.gg/9235/envy-vs-immortals-champions-tour-north-america-stage-1-challengers-1-gf,291,2021-02-01,7:00 AM
PACIFIC,9510,https://www.vlr.gg/9510/immortals-vs-xset-champions-tour-north-america-stage-1-challengers-1-ubqf,291,2021-02-05,3:00 AM
PACIFIC,9511,https://www.vlr.gg/9511/nrg-esports-vs-gen-g-champions-tour-north-america-stage-1-challengers-1-ubqf,291,2021-02-05,3:00 AM
PACIFIC,9513,https://www.vlr.gg/9513/sentinels-vs-luminosity-champions-tour-north-america-stage-1-challengers-1-ubqf,291,2021-02-05,5:20 AM
PACIFIC,9512,https://www.vlr.gg/9512/envy-vs-andbox-champions-tour-north-america-stage-1-challengers-1-ubqf,291,2021-02-05,6:15 AM
PACIFIC,9283,https://www.vlr.gg/9283/xset-vs-nrg-esports-champions-tour-north-america-stage-1-challengers-1-lr1,291,2021-02-05,7:20 AM
PACIFIC,9284,https://www.vlr.gg/9284/sentinels-vs-andbox-champions-tour-north-america-stage-1-challengers-1-lr1,291,2021-02-05,8:25 AM
PACIFIC,9280,https://www.vlr.gg/9280/immortals-vs-gen-g-champions-tour-north-america-stage-1-challengers-1-ubsf,291,2021-02-06,3:00 AM
PACIFIC,9281,https://www.vlr.gg/9281/envy-vs-luminosity-champions-tour-north-america-stage-1-challengers-1-ubsf,291,2021-02-06,3:00 AM
PACIFIC,9285,https://www.vlr.gg/9285/xset-vs-envy-champions-tour-north-america-stage-1-challengers-1-lr2,291,2021-02-06,5:10 AM
PACIFIC,9286,https://www.vlr.gg/9286/sentinels-vs-gen-g-champions-tour-north-america-stage-1-challengers-1-lr2,291,2021-02-06,5:30 AM
PACIFIC,9282,https://www.vlr.gg/9282/immortals-vs-luminosity-champions-tour-north-america-stage-1-challengers-1-ubf,291,2021-02-07,3:00 AM
PACIFIC,9287,https://www.vlr.gg/9287/xset-vs-sentinels-champions-tour-north-america-stage-1-challengers-1-lr3,291,2021-02-07,5:40 AM
PACIFIC,9288,https://www.vlr.gg/9288/luminosity-vs-sentinels-champions-tour-north-america-stage-1-challengers-1-lbf,291,2021-02-07,7:50 AM
PACIFIC,9289,https://www.vlr.gg/9289/immortals-vs-sentinels-champions-tour-north-america-stage-1-challengers-1-gf,291,2021-02-08,3:00 AM
