match_id,map_id,map_name,team_pick,ct_team,t_team,team_1,team_1_id,team_2,team_2_id,first_half_ct_win_rounds,first_half_t_win_rounds,second_half_ct_win_rounds,second_half_t_win_rounds,ot_team_ct_win,ot_team_t_win,map_winner,region
596399,244778,Abyss,ENVY,Evil Geniuses,ENVY,ENVY,427,Evil Geniuses,5248,10,2,7,3,0,0,Evil Geniuses,PACIFIC
596399,244779,Corrode,Evil Geniuses,ENVY,Evil Geniuses,ENVY,427,Evil Geniuses,5248,7,5,5,6,0,0,ENVY,PACIFIC
596399,244780,Bind,Decider,ENVY,Evil Geniuses,ENVY,427,Evil Geniuses,5248,7,5,4,6,0,0,ENVY,PACIFIC
596398,244775,Haven,Cloud9,Cloud9,LOUD,LOUD,6961,Cloud9,188,7,5,2,6,0,0,Cloud9,PACIFIC
596398,244776,Abyss,LOUD,Cloud9,LOUD,LOUD,6961,Cloud9,188,5,7,4,8,0,0,Cloud9,PACIFIC
596400,244781,Pearl,KRÜ Esports,FURIA,KRÜ Esports,KRÜ Esports,2355,FURIA,2406,5,7,6,5,0,0,KRÜ Esports,PACIFIC
596400,244782,Breeze,FURIA,FURIA,KRÜ Esports,KRÜ Esports,2355,FURIA,2406,5,7,1,8,0,0,FURIA,PACIFIC
596400,244783,Abyss,Decider,FURIA,KRÜ Esports,KRÜ Esports,2355,FURIA,2406,8,4,1,5,0,0,FURIA,PACIFIC
596401,244784,Bind,LEVIATÁN,LEVIATÁN,100 Thieves,100 Thieves,120,LEVIATÁN,2359,3,9,4,6,0,0,100 Thieves,PACIFIC
596401,244785,Pearl,100 Thieves,LEVIATÁN,100 Thieves,100 Thieves,120,LEVIATÁN,2359,5,7,3,8,0,0,LEVIATÁN,PACIFIC
596401,244786,Split,Decider,LEVIATÁN,100 Thieves,100 Thieves,120,LEVIATÁN,2359,6,6,7,3,0,0,100 Thieves,PACIFIC
596402,244787,Pearl,Cloud9,Cloud9,NRG,NRG,1034,Cloud9,188,2,10,3,0,0,0,NRG,PACIFIC
596402,244788,Breeze,NRG,NRG,Cloud9,NRG,1034,Cloud9,188,10,2,7,3,0,0,NRG,PACIFIC
596403,244790,Abyss,ENVY,MIBR,ENVY,MIBR,7386,ENVY,427,9,3,4,4,0,0,MIBR,PACIFIC
596403,244791,Corrode,MIBR,ENVY,MIBR,MIBR,7386,ENVY,427,2,10,3,9,0,0,MIBR,PACIFIC
596404,244793,Split,Sentinels,FURIA,Sentinels,Sentinels,2,FURIA,2406,9,3,2,4,0,0,FURIA,PACIFIC
596404,244794,Breeze,FURIA,Sentinels,FURIA,Sentinels,2,FURIA,2406,5,7,6,6,0,0,FURIA,PACIFIC
596405,244796,Bind,100 Thieves,100 Thieves,G2 Esports,G2 Esports,11058,100 Thieves,120,4,8,5,7,0,0,G2 Esports,PACIFIC
596405,244797,Corrode,G2 Esports,100 Thieves,G2 Esports,G2 Esports,11058,100 Thieves,120,11,1,2,2,0,0,100 Thieves,PACIFIC
596405,244798,Split,Decider,100 Thieves,G2 Esports,G2 Esports,11058,100 Thieves,120,2,10,3,6,0,0,G2 Esports,PACIFIC
596409,244810,Breeze,LOUD,LOUD,100 Thieves,LOUD,6961,100 Thieves,120,7,5,6,6,0,0,LOUD,PACIFIC
596409,244812,Bind,Decider,100 Thieves,LOUD,LOUD,6961,100 Thieves,120,9,3,3,4,0,0,100 Thieves,PACIFIC
596409,249108,Pearl,100 Thieves,100 Thieves,LOUD,LOUD,6961,100 Thieves,120,10,2,0,3,0,0,100 Thieves,PACIFIC
596410,244813,Abyss,Evil Geniuses,Evil Geniuses,Sentinels,Evil Geniuses,5248,Sentinels,2,3,9,4,5,0,0,Sentinels,PACIFIC
596410,244814,Pearl,Sentinels,Evil Geniuses,Sentinels,Evil Geniuses,5248,Sentinels,2,7,5,8,4,0,0,Sentinels,PACIFIC
596411,244816,Abyss,ENVY,ENVY,KRÜ Esports,KRÜ Esports,2355,ENVY,427,4,8,5,5,0,0,KRÜ Esports,PACIFIC
596411,244817,Pearl,KRÜ Esports,ENVY,KRÜ Esports,KRÜ Esports,2355,ENVY,427,11,1,4,2,0,0,ENVY,PACIFIC
596411,244818,Breeze,Decider,KRÜ Esports,ENVY,KRÜ Esports,2355,ENVY,427,7,5,8,2,0,0,ENVY,PACIFIC
596412,244819,Pearl,LEVIATÁN,Cloud9,LEVIATÁN,LEVIATÁN,2359,Cloud9,188,10,2,1,3,0,0,Cloud9,PACIFIC
596412,244820,Split,Cloud9,LEVIATÁN,Cloud9,LEVIATÁN,2359,Cloud9,188,5,7,6,3,0,0,Cloud9,PACIFIC
596413,244822,Corrode,100 Thieves,Sentinels,100 Thieves,100 Thieves,120,Sentinels,2,7,5,8,4,0,0,100 Thieves,PACIFIC
596413,244823,Split,Sentinels,Sentinels,100 Thieves,100 Thieves,120,Sentinels,2,4,8,4,8,2,4,100 Thieves,PACIFIC
596414,244825,Pearl,Cloud9,ENVY,Cloud9,ENVY,427,Cloud9,188,7,5,7,5,6,8,Cloud9,PACIFIC
596414,244826,Breeze,ENVY,Cloud9,ENVY,ENVY,427,Cloud9,188,5,7,6,3,0,0,ENVY,PACIFIC
596414,244827,Split,Decider,Cloud9,ENVY,ENVY,427,Cloud9,188,5,7,4,8,0,0,Cloud9,PACIFIC
596406,244799,Abyss,MIBR,MIBR,NRG,NRG,1034,MIBR,7386,1,11,2,5,0,0,NRG,PACIFIC
596406,244800,Split,NRG,NRG,MIBR,NRG,1034,MIBR,7386,7,5,8,4,0,0,MIBR,PACIFIC
596406,244801,Breeze,Decider,NRG,MIBR,NRG,1034,MIBR,7386,3,9,4,5,0,0,MIBR,PACIFIC
596407,244802,Abyss,FURIA,FURIA,G2 Esports,FURIA,2406,G2 Esports,11058,8,4,3,5,0,0,FURIA,PACIFIC
596407,244803,Bind,G2 Esports,FURIA,G2 Esports,FURIA,2406,G2 Esports,11058,5,7,6,1,0,0,G2 Esports,PACIFIC
596407,244804,Split,Decider,G2 Esports,FURIA,FURIA,2406,G2 Esports,11058,3,9,4,0,0,0,FURIA,PACIFIC
596419,244842,Haven,Evil Geniuses,Evil Geniuses,LOUD,LOUD,6961,Evil Geniuses,5248,9,3,2,4,0,0,Evil Geniuses,PACIFIC
596419,244843,Abyss,LOUD,LOUD,Evil Geniuses,LOUD,6961,Evil Geniuses,5248,7,5,7,5,0,2,Evil Geniuses,PACIFIC
596420,244845,Bind,LEVIATÁN,LEVIATÁN,KRÜ Esports,KRÜ Esports,2355,LEVIATÁN,2359,9,3,1,4,0,0,LEVIATÁN,PACIFIC
596420,244846,Split,KRÜ Esports,LEVIATÁN,KRÜ Esports,KRÜ Esports,2355,LEVIATÁN,2359,7,5,5,6,0,0,LEVIATÁN,PACIFIC
596415,244828,Haven,100 Thieves,100 Thieves,NRG,NRG,1034,100 Thieves,120,5,7,6,4,0,0,NRG,PACIFIC
596415,244829,Corrode,NRG,100 Thieves,NRG,NRG,1034,100 Thieves,120,6,6,7,5,0,0,NRG,PACIFIC
596416,244831,Corrode,Cloud9,G2 Esports,Cloud9,G2 Esports,11058,Cloud9,188,5,7,4,8,0,0,G2 Esports,PACIFIC
596416,244832,Bind,G2 Esports,Cloud9,G2 Esports,G2 Esports,11058,Cloud9,188,6,6,7,3,0,0,G2 Esports,PACIFIC
596421,244848,Pearl,Evil Geniuses,Evil Geniuses,ENVY,ENVY,427,Evil Geniuses,5248,8,4,8,4,4,2,Evil Geniuses,PACIFIC
596421,244849,Corrode,ENVY,Evil Geniuses,ENVY,ENVY,427,Evil Geniuses,5248,8,4,1,5,0,0,Evil Geniuses,PACIFIC
596422,244851,Corrode,Sentinels,LEVIATÁN,Sentinels,Sentinels,2,LEVIATÁN,2359,7,5,5,6,0,0,LEVIATÁN,PACIFIC
596422,244852,Bind,LEVIATÁN,LEVIATÁN,Sentinels,Sentinels,2,LEVIATÁN,2359,8,4,8,4,2,0,LEVIATÁN,PACIFIC
596423,244854,Haven,Evil Geniuses,Evil Geniuses,100 Thieves,100 Thieves,120,Evil Geniuses,5248,2,10,3,9,0,0,100 Thieves,PACIFIC
596423,244855,Bind,100 Thieves,100 Thieves,Evil Geniuses,100 Thieves,120,Evil Geniuses,5248,7,5,7,5,3,1,100 Thieves,PACIFIC
596424,244857,Bind,LEVIATÁN,Cloud9,LEVIATÁN,Cloud9,188,LEVIATÁN,2359,9,3,2,4,0,0,Cloud9,PACIFIC
596424,244858,Breeze,Cloud9,Cloud9,LEVIATÁN,Cloud9,188,LEVIATÁN,2359,7,5,2,6,0,0,Cloud9,PACIFIC
596417,244834,Pearl,NRG,G2 Esports,NRG,NRG,1034,G2 Esports,11058,10,2,1,3,0,0,G2 Esports,PACIFIC
596417,244835,Split,G2 Esports,G2 Esports,NRG,NRG,1034,G2 Esports,11058,7,5,3,6,0,0,G2 Esports,PACIFIC
596425,244860,Pearl,Cloud9,Cloud9,100 Thieves,100 Thieves,120,Cloud9,188,6,6,6,6,0,2,100 Thieves,PACIFIC
596425,244861,Split,100 Thieves,Cloud9,100 Thieves,100 Thieves,120,Cloud9,188,6,6,5,7,0,0,Cloud9,PACIFIC
596425,244862,Abyss,Decider,Cloud9,100 Thieves,100 Thieves,120,Cloud9,188,2,10,3,0,0,0,100 Thieves,PACIFIC
596408,244805,Bind,MIBR,MIBR,FURIA,MIBR,7386,FURIA,2406,5,7,1,8,0,0,MIBR,PACIFIC
596408,244806,Abyss,FURIA,MIBR,FURIA,MIBR,7386,FURIA,2406,2,10,3,6,0,0,FURIA,PACIFIC
596408,244807,Haven,MIBR,MIBR,FURIA,MIBR,7386,FURIA,2406,6,6,7,5,0,0,FURIA,PACIFIC
596408,244808,Breeze,FURIA,MIBR,FURIA,MIBR,7386,FURIA,2406,12,0,2,1,0,0,MIBR,PACIFIC
596408,244809,Split,Decider,FURIA,MIBR,MIBR,7386,FURIA,2406,6,6,2,7,0,0,FURIA,PACIFIC
596426,244863,Pearl,100 Thieves,100 Thieves,NRG,NRG,1034,100 Thieves,120,3,9,4,0,0,0,NRG,PACIFIC
596426,244864,Abyss,NRG,NRG,100 Thieves,NRG,1034,100 Thieves,120,7,5,3,6,0,0,NRG,PACIFIC
596418,244837,Breeze,MIBR,G2 Esports,MIBR,MIBR,7386,G2 Esports,11058,7,5,1,6,0,0,G2 Esports,PACIFIC
596418,244838,Haven,G2 Esports,MIBR,G2 Esports,MIBR,7386,G2 Esports,11058,4,8,5,0,0,0,G2 Esports,PACIFIC
596418,244839,Corrode,MIBR,MIBR,G2 Esports,MIBR,7386,G2 Esports,11058,3,9,4,4,0,0,G2 Esports,PACIFIC
596427,244866,Bind,MIBR,MIBR,NRG,MIBR,7386,NRG,1034,6,6,3,7,0,0,MIBR,PACIFIC
596427,244867,Corrode,NRG,NRG,MIBR,MIBR,7386,NRG,1034,4,8,5,1,0,0,MIBR,PACIFIC
596427,244868,Split,MIBR,NRG,MIBR,MIBR,7386,NRG,1034,3,9,1,10,0,0,NRG,PACIFIC
596427,244869,Abyss,NRG,NRG,MIBR,MIBR,7386,NRG,1034,9,3,1,4,0,0,NRG,PACIFIC
596427,244870,Haven,Decider,NRG,MIBR,MIBR,7386,NRG,1034,11,1,4,2,0,0,NRG,PACIFIC
509801,224713,Haven,FURIA,FURIA,Cloud9,Cloud9,188,FURIA,2406,5,7,6,0,0,0,Cloud9,PACIFIC
509801,224714,Bind,Cloud9,Cloud9,FURIA,Cloud9,188,FURIA,2406,9,3,1,4,0,0,Cloud9,PACIFIC
509802,224716,Bind,LEVIATÁN,LEVIATÁN,LOUD,LEVIATÁN,2359,LOUD,6961,5,7,3,8,0,0,LEVIATÁN,PACIFIC
509802,224717,Ascent,LOUD,LEVIATÁN,LOUD,LEVIATÁN,2359,LOUD,6961,7,5,8,3,0,0,LOUD,PACIFIC
509802,224718,Icebox,Decider,LOUD,LEVIATÁN,LEVIATÁN,2359,LOUD,6961,8,4,7,5,0,0,LOUD,PACIFIC
509803,224719,Sunset,2Game Esports,2Game Esports,Evil Geniuses,Evil Geniuses,5248,2Game Esports,15072,6,6,1,7,0,0,2Game Esports,PACIFIC
509803,224720,Lotus,Evil Geniuses,Evil Geniuses,2Game Esports,Evil Geniuses,5248,2Game Esports,15072,6,6,5,7,0,0,Evil Geniuses,PACIFIC
509803,224721,Ascent,Decider,2Game Esports,Evil Geniuses,Evil Geniuses,5248,2Game Esports,15072,7,5,8,2,0,0,Evil Geniuses,PACIFIC
509804,224722,Corrode,VISA KRÜ(KRÜ Esports),MIBR,VISA KRÜ(KRÜ Esports),MIBR,7386,VISA KRÜ(KRÜ Esports),2355,8,0,0,5,0,0,MIBR,PACIFIC
509804,224723,Ascent,MIBR,VISA KRÜ(KRÜ Esports),MIBR,MIBR,7386,VISA KRÜ(KRÜ Esports),2355,0,1,0,0,0,0,MIBR,PACIFIC
509804,224724,Haven,Decider,MIBR,VISA KRÜ(KRÜ Esports),MIBR,7386,VISA KRÜ(KRÜ Esports),2355,4,0,0,5,0,0,MIBR,PACIFIC
509805,224725,Bind,100 Thieves,100 Thieves,NRG,100 Thieves,120,NRG,1034,9,3,7,4,0,0,100 Thieves,PACIFIC
509805,224726,Sunset,NRG,100 Thieves,NRG,100 Thieves,120,NRG,1034,10,2,2,3,0,0,100 Thieves,PACIFIC
509806,224728,Corrode,Sentinels,G2 Esports,Sentinels,Sentinels,2,G2 Esports,11058,2,10,3,6,0,0,Sentinels,PACIFIC
509806,224729,Ascent,G2 Esports,Sentinels,G2 Esports,Sentinels,2,G2 Esports,11058,3,9,4,3,0,0,G2 Esports,PACIFIC
509806,224730,Lotus,Decider,G2 Esports,Sentinels,Sentinels,2,G2 Esports,11058,8,4,8,4,0,2,Sentinels,PACIFIC
509807,224731,Ascent,2Game Esports,2Game Esports,G2 Esports,2Game Esports,15072,G2 Esports,11058,6,6,7,2,0,0,G2 Esports,PACIFIC
509807,224732,Haven,G2 Esports,G2 Esports,2Game Esports,2Game Esports,15072,G2 Esports,11058,8,4,1,5,0,0,G2 Esports,PACIFIC
509808,224734,Sunset,Sentinels,Sentinels,FURIA,FURIA,2406,Sentinels,2,10,2,2,3,0,0,Sentinels,PACIFIC
509808,224735,Icebox,FURIA,FURIA,Sentinels,FURIA,2406,Sentinels,2,0,12,1,0,0,0,Sentinels,PACIFIC
509809,224737,Corrode,VISA KRÜ(KRÜ Esports),100 Thieves,VISA KRÜ(KRÜ Esports),100 Thieves,120,VISA KRÜ(KRÜ Esports),2355,8,0,0,5,0,0,100 Thieves,PACIFIC
509809,224738,Bind,100 Thieves,VISA KRÜ(KRÜ Esports),100 Thieves,100 Thieves,120,VISA KRÜ(KRÜ Esports),2355,0,8,5,0,0,0,100 Thieves,PACIFIC
509810,224740,Haven,LOUD,LOUD,NRG,NRG,1034,LOUD,6961,4,8,5,0,0,0,NRG,PACIFIC
509810,224741,Corrode,NRG,LOUD,NRG,NRG,1034,LOUD,6961,5,7,6,4,0,0,NRG,PACIFIC
509811,224743,Lotus,Evil Geniuses,Evil Geniuses,Cloud9,Cloud9,188,Evil Geniuses,5248,4,8,5,3,0,0,Cloud9,PACIFIC
509811,224744,Haven,Cloud9,Cloud9,Evil Geniuses,Cloud9,188,Evil Geniuses,5248,4,8,2,9,0,0,Cloud9,PACIFIC
509812,224746,Lotus,MIBR,MIBR,LEVIATÁN,MIBR,7386,LEVIATÁN,2359,5,7,6,3,0,0,LEVIATÁN,PACIFIC
509812,224747,Sunset,LEVIATÁN,MIBR,LEVIATÁN,MIBR,7386,LEVIATÁN,2359,3,9,4,0,0,0,LEVIATÁN,PACIFIC
509813,224749,Corrode,FURIA,FURIA,2Game Esports,2Game Esports,15072,FURIA,2406,7,5,7,5,2,0,FURIA,PACIFIC
509813,224750,Sunset,2Game Esports,2Game Esports,FURIA,2Game Esports,15072,FURIA,2406,9,3,0,4,0,0,2Game Esports,PACIFIC
509813,224751,Ascent,Decider,FURIA,2Game Esports,2Game Esports,15072,FURIA,2406,2,10,3,0,0,0,2Game Esports,PACIFIC
509814,224752,Lotus,NRG,NRG,LEVIATÁN,LEVIATÁN,2359,NRG,1034,7,5,2,6,0,0,NRG,PACIFIC
509814,224753,Haven,LEVIATÁN,LEVIATÁN,NRG,LEVIATÁN,2359,NRG,1034,7,5,7,5,2,0,LEVIATÁN,PACIFIC
509814,224754,Icebox,Decider,LEVIATÁN,NRG,LEVIATÁN,2359,NRG,1034,3,9,4,8,0,0,NRG,PACIFIC
509815,224755,Lotus,Sentinels,Sentinels,Cloud9,Sentinels,2,Cloud9,188,9,3,2,4,0,0,Sentinels,PACIFIC
509815,224756,Haven,Cloud9,Cloud9,Sentinels,Sentinels,2,Cloud9,188,3,9,4,6,0,0,Sentinels,PACIFIC
509816,224758,Icebox,MIBR,100 Thieves,MIBR,MIBR,7386,100 Thieves,120,3,9,4,7,0,0,MIBR,PACIFIC
509816,224759,Bind,100 Thieves,MIBR,100 Thieves,MIBR,7386,100 Thieves,120,2,10,2,10,2,0,MIBR,PACIFIC
509817,224761,Corrode,G2 Esports,Evil Geniuses,G2 Esports,G2 Esports,11058,Evil Geniuses,5248,6,6,5,7,0,0,Evil Geniuses,PACIFIC
509817,224762,Haven,Evil Geniuses,G2 Esports,Evil Geniuses,G2 Esports,11058,Evil Geniuses,5248,10,2,2,3,0,0,G2 Esports,PACIFIC
509817,224763,Ascent,Decider,Evil Geniuses,G2 Esports,G2 Esports,11058,Evil Geniuses,5248,3,9,4,1,0,0,G2 Esports,PACIFIC
509818,224764,Haven,LOUD,LOUD,VISA KRÜ(KRÜ Esports),LOUD,6961,VISA KRÜ(KRÜ Esports),2355,6,0,0,1,0,0,LOUD,PACIFIC
509818,224765,Bind,VISA KRÜ(KRÜ Esports),LOUD,VISA KRÜ(KRÜ Esports),LOUD,6961,VISA KRÜ(KRÜ Esports),2355,8,0,0,5,0,0,LOUD,PACIFIC
509818,224766,Ascent,Decider,LOUD,VISA KRÜ(KRÜ Esports),LOUD,6961,VISA KRÜ(KRÜ Esports),2355,4,0,0,0,0,0,LOUD,PACIFIC
509819,224767,Bind,Cloud9,Cloud9,2Game Esports,Cloud9,188,2Game Esports,15072,11,1,0,2,0,0,Cloud9,PACIFIC
509819,224768,Lotus,2Game Esports,Cloud9,2Game Esports,Cloud9,188,2Game Esports,15072,8,4,3,5,0,0,Cloud9,PACIFIC
509820,224770,Lotus,NRG,MIBR,NRG,MIBR,7386,NRG,1034,7,5,7,5,1,3,NRG,PACIFIC
509820,224771,Bind,MIBR,MIBR,NRG,MIBR,7386,NRG,1034,4,8,5,6,0,0,NRG,PACIFIC
509821,224773,Lotus,Sentinels,Sentinels,Evil Geniuses,Sentinels,2,Evil Geniuses,5248,9,3,5,4,0,0,Sentinels,PACIFIC
509821,224774,Corrode,Evil Geniuses,Sentinels,Evil Geniuses,Sentinels,2,Evil Geniuses,5248,9,3,1,4,0,0,Sentinels,PACIFIC
509822,224776,Bind,LEVIATÁN,VISA KRÜ(KRÜ Esports),LEVIATÁN,LEVIATÁN,2359,VISA KRÜ(KRÜ Esports),2355,0,6,0,0,0,0,LEVIATÁN,PACIFIC
509822,224777,Haven,VISA KRÜ(KRÜ Esports),VISA KRÜ(KRÜ Esports),LEVIATÁN,LEVIATÁN,2359,VISA KRÜ(KRÜ Esports),2355,0,4,9,0,0,0,LEVIATÁN,PACIFIC
509822,224778,Ascent,Decider,LEVIATÁN,VISA KRÜ(KRÜ Esports),LEVIATÁN,2359,VISA KRÜ(KRÜ Esports),2355,8,0,0,5,0,0,LEVIATÁN,PACIFIC
509823,224779,Corrode,FURIA,FURIA,G2 Esports,FURIA,2406,G2 Esports,11058,2,10,3,0,0,0,G2 Esports,PACIFIC
509823,224780,Ascent,G2 Esports,FURIA,G2 Esports,FURIA,2406,G2 Esports,11058,4,8,5,1,0,0,G2 Esports,PACIFIC
509824,224782,Sunset,LOUD,100 Thieves,LOUD,LOUD,6961,100 Thieves,120,2,10,3,0,0,0,LOUD,PACIFIC
509824,224783,Bind,100 Thieves,LOUD,100 Thieves,LOUD,6961,100 Thieves,120,5,7,6,2,0,0,100 Thieves,PACIFIC
509824,224784,Lotus,Decider,LOUD,100 Thieves,LOUD,6961,100 Thieves,120,6,6,6,6,0,2,100 Thieves,PACIFIC
509825,224785,Sunset,VISA KRÜ(KRÜ Esports),VISA KRÜ(KRÜ Esports),NRG,VISA KRÜ(KRÜ Esports),2355,NRG,1034,0,5,1,0,0,0,NRG,PACIFIC
509825,224786,Lotus,NRG,VISA KRÜ(KRÜ Esports),NRG,VISA KRÜ(KRÜ Esports),2355,NRG,1034,0,6,7,0,0,0,NRG,PACIFIC
509825,224787,Haven,Decider,NRG,VISA KRÜ(KRÜ Esports),VISA KRÜ(KRÜ Esports),2355,NRG,1034,10,0,0,3,0,0,NRG,PACIFIC
509826,224788,Haven,100 Thieves,LEVIATÁN,100 Thieves,100 Thieves,120,LEVIATÁN,2359,9,3,10,1,0,0,100 Thieves,PACIFIC
509826,224789,Sunset,LEVIATÁN,100 Thieves,LEVIATÁN,100 Thieves,120,LEVIATÁN,2359,5,7,6,5,0,0,LEVIATÁN,PACIFIC
509826,224790,Lotus,Decider,LEVIATÁN,100 Thieves,100 Thieves,120,LEVIATÁN,2359,10,2,0,3,0,0,LEVIATÁN,PACIFIC
509827,224791,Corrode,Evil Geniuses,FURIA,Evil Geniuses,FURIA,2406,Evil Geniuses,5248,4,8,5,2,0,0,Evil Geniuses,PACIFIC
509827,224792,Ascent,FURIA,Evil Geniuses,FURIA,FURIA,2406,Evil Geniuses,5248,8,4,5,5,0,0,Evil Geniuses,PACIFIC
509829,224794,Sunset,2Game Esports,2Game Esports,Sentinels,2Game Esports,15072,Sentinels,2,5,7,2,8,0,0,2Game Esports,PACIFIC
509829,224795,Lotus,Sentinels,Sentinels,2Game Esports,2Game Esports,15072,Sentinels,2,10,2,2,3,0,0,Sentinels,PACIFIC
509829,224796,Haven,Decider,2Game Esports,Sentinels,2Game Esports,15072,Sentinels,2,3,9,4,1,0,0,Sentinels,PACIFIC
509830,224797,Ascent,G2 Esports,Cloud9,G2 Esports,G2 Esports,11058,Cloud9,188,6,6,7,2,0,0,G2 Esports,PACIFIC
509830,224798,Lotus,Cloud9,G2 Esports,Cloud9,G2 Esports,11058,Cloud9,188,8,4,5,5,0,0,G2 Esports,PACIFIC
509831,224800,Icebox,MIBR,LOUD,MIBR,MIBR,7386,LOUD,6961,8,4,9,3,0,0,MIBR,PACIFIC
509831,224801,Sunset,LOUD,MIBR,LOUD,MIBR,7386,LOUD,6961,6,6,4,7,0,0,MIBR,PACIFIC
530902,231348,Corrode,Cloud9,LEVIATÁN,Cloud9,LEVIATÁN,2359,Cloud9,188,8,4,9,2,0,0,Cloud9,PACIFIC
530902,231349,Haven,LEVIATÁN,LEVIATÁN,Cloud9,LEVIATÁN,2359,Cloud9,188,2,10,0,11,0,0,LEVIATÁN,PACIFIC
530902,231350,Lotus,Decider,Cloud9,LEVIATÁN,LEVIATÁN,2359,Cloud9,188,5,7,4,8,0,0,Cloud9,PACIFIC
530903,231351,Sunset,100 Thieves,G2 Esports,100 Thieves,G2 Esports,11058,100 Thieves,120,10,2,2,3,0,0,G2 Esports,PACIFIC
530903,231352,Haven,G2 Esports,100 Thieves,G2 Esports,G2 Esports,11058,100 Thieves,120,3,9,4,2,0,0,G2 Esports,PACIFIC
530906,231360,Corrode,Sentinels,Cloud9,Sentinels,Sentinels,2,Cloud9,188,5,7,6,5,0,0,Sentinels,PACIFIC
530906,231361,Icebox,Cloud9,Cloud9,Sentinels,Sentinels,2,Cloud9,188,6,6,3,7,0,0,Cloud9,PACIFIC
530906,231362,Lotus,Decider,Cloud9,Sentinels,Sentinels,2,Cloud9,188,4,8,5,6,0,0,Sentinels,PACIFIC
530907,231363,Corrode,NRG,NRG,G2 Esports,NRG,1034,G2 Esports,11058,8,4,6,5,0,0,NRG,PACIFIC
530907,231364,Sunset,G2 Esports,NRG,G2 Esports,NRG,1034,G2 Esports,11058,7,5,8,4,0,0,G2 Esports,PACIFIC
530907,231365,Bind,Decider,G2 Esports,NRG,NRG,1034,G2 Esports,11058,10,2,5,3,0,0,G2 Esports,PACIFIC
530904,231354,Lotus,LEVIATÁN,VISA KRÜ(KRÜ Esports),LEVIATÁN,LEVIATÁN,2359,VISA KRÜ(KRÜ Esports),2355,0,6,6,0,0,2,LEVIATÁN,PACIFIC
530904,231355,Sunset,VISA KRÜ(KRÜ Esports),LEVIATÁN,VISA KRÜ(KRÜ Esports),LEVIATÁN,2359,VISA KRÜ(KRÜ Esports),2355,4,0,0,2,0,0,LEVIATÁN,PACIFIC
530904,231356,Haven,Decider,LEVIATÁN,VISA KRÜ(KRÜ Esports),LEVIATÁN,2359,VISA KRÜ(KRÜ Esports),2355,9,0,0,4,0,0,LEVIATÁN,PACIFIC
530905,231357,Bind,100 Thieves,100 Thieves,Evil Geniuses,100 Thieves,120,Evil Geniuses,5248,9,3,1,4,0,0,100 Thieves,PACIFIC
530905,231358,Corrode,Evil Geniuses,100 Thieves,Evil Geniuses,100 Thieves,120,Evil Geniuses,5248,4,8,4,8,2,0,100 Thieves,PACIFIC
530908,231366,Ascent,LEVIATÁN,NRG,LEVIATÁN,NRG,1034,LEVIATÁN,2359,10,2,0,3,0,0,NRG,PACIFIC
530908,231367,Icebox,NRG,NRG,LEVIATÁN,NRG,1034,LEVIATÁN,2359,10,2,0,3,0,0,NRG,PACIFIC
530909,231369,Haven,100 Thieves,100 Thieves,Cloud9,Cloud9,188,100 Thieves,120,4,8,5,5,0,0,Cloud9,PACIFIC
530909,231370,Icebox,Cloud9,100 Thieves,Cloud9,Cloud9,188,100 Thieves,120,8,4,8,4,0,2,Cloud9,PACIFIC
530910,231372,Bind,G2 Esports,G2 Esports,Sentinels,Sentinels,2,G2 Esports,11058,7,5,3,6,0,0,G2 Esports,PACIFIC
530910,231373,Sunset,Sentinels,Sentinels,G2 Esports,Sentinels,2,G2 Esports,11058,3,9,4,6,0,0,G2 Esports,PACIFIC
530911,231376,Corrode,Cloud9,NRG,Cloud9,NRG,1034,Cloud9,188,10,2,0,3,0,0,NRG,PACIFIC
530911,231377,Lotus,Decider,NRG,Cloud9,NRG,1034,Cloud9,188,6,6,4,7,0,0,NRG,PACIFIC
530911,233203,Haven,NRG,Cloud9,NRG,NRG,1034,Cloud9,188,8,4,6,5,0,0,Cloud9,PACIFIC
536985,232626,Corrode,Decider,Team Omega,Team Alpha,Team Alpha,19707,Team Omega,19708,4,8,5,0,0,0,Team Alpha,PACIFIC
530912,231378,Lotus,Sentinels,NRG,Sentinels,Sentinels,2,NRG,1034,10,2,2,3,0,0,NRG,PACIFIC
530912,231379,Icebox,NRG,NRG,Sentinels,Sentinels,2,NRG,1034,4,8,3,9,0,0,NRG,PACIFIC
530912,231380,Sunset,Sentinels,NRG,Sentinels,Sentinels,2,NRG,1034,7,5,8,3,0,0,Sentinels,PACIFIC
530912,231381,Corrode,NRG,Sentinels,NRG,Sentinels,2,NRG,1034,1,11,2,7,0,0,NRG,PACIFIC
530913,231383,Bind,G2 Esports,NRG,G2 Esports,G2 Esports,11058,NRG,1034,9,3,10,2,0,0,G2 Esports,PACIFIC
530913,231384,Lotus,NRG,G2 Esports,NRG,G2 Esports,11058,NRG,1034,7,5,3,6,0,0,G2 Esports,PACIFIC
530913,231385,Ascent,G2 Esports,NRG,G2 Esports,G2 Esports,11058,NRG,1034,5,7,6,5,0,0,G2 Esports,PACIFIC
490309,217256,Pearl,Paper Rex,Team Heretics,Paper Rex,Team Heretics,1001,Paper Rex,624,1,11,2,0,0,0,Paper Rex,PACIFIC
490309,217257,Icebox,Team Heretics,Paper Rex,Team Heretics,Team Heretics,1001,Paper Rex,624,5,7,2,8,0,0,Paper Rex,PACIFIC
490307,217250,Icebox,Guangzhou Huadu Bilibili Gaming(Bilibili Gaming),Guangzhou Huadu Bilibili Gaming(Bilibili Gaming),Team Liquid,Guangzhou Huadu Bilibili Gaming(Bilibili Gaming),12010,Team Liquid,474,0,7,3,0,0,0,Team Liquid,PACIFIC
490307,217251,Haven,Team Liquid,Team Liquid,Guangzhou Huadu Bilibili Gaming(Bilibili Gaming),Guangzhou Huadu Bilibili Gaming(Bilibili Gaming),12010,Team Liquid,474,4,0,0,8,4,0,Team Liquid,PACIFIC
490307,217252,Sunset,Decider,Team Liquid,Guangzhou Huadu Bilibili Gaming(Bilibili Gaming),Guangzhou Huadu Bilibili Gaming(Bilibili Gaming),12010,Team Liquid,474,5,0,0,5,0,0,Team Liquid,PACIFIC
490308,217253,Split,Wolves Esports,Sentinels,Wolves Esports,Sentinels,2,Wolves Esports,13790,4,8,3,9,0,0,Sentinels,PACIFIC
490308,217254,Lotus,Sentinels,Sentinels,Wolves Esports,Sentinels,2,Wolves Esports,13790,9,3,5,4,0,0,Sentinels,PACIFIC
490306,217247,Sunset,MIBR,Gen.G,MIBR,Gen.G,17,MIBR,7386,9,3,2,4,0,0,Gen.G,PACIFIC
490306,217248,Haven,Gen.G,Gen.G,MIBR,Gen.G,17,MIBR,7386,11,1,0,2,0,0,Gen.G,PACIFIC
490311,217262,Icebox,Guangzhou Huadu Bilibili Gaming(Bilibili Gaming),Sentinels,Guangzhou Huadu Bilibili Gaming(Bilibili Gaming),Guangzhou Huadu Bilibili Gaming(Bilibili Gaming),12010,Sentinels,2,4,0,0,5,0,0,Sentinels,PACIFIC
490311,217263,Sunset,Sentinels,Sentinels,Guangzhou Huadu Bilibili Gaming(Bilibili Gaming),Guangzhou Huadu Bilibili Gaming(Bilibili Gaming),12010,Sentinels,2,7,0,0,6,0,0,Sentinels,PACIFIC
490311,217264,Lotus,Decider,Sentinels,Guangzhou Huadu Bilibili Gaming(Bilibili Gaming),Guangzhou Huadu Bilibili Gaming(Bilibili Gaming),12010,Sentinels,2,5,0,0,8,0,0,Sentinels,PACIFIC
490310,217259,Ascent,Gen.G,Paper Rex,Gen.G,Paper Rex,624,Gen.G,17,4,8,5,7,0,0,Gen.G,PACIFIC
490310,217260,Icebox,Paper Rex,Gen.G,Paper Rex,Paper Rex,624,Gen.G,17,9,3,0,4,0,0,Gen.G,PACIFIC
490312,217265,Pearl,Wolves Esports,Wolves Esports,Team Heretics,Team Heretics,1001,Wolves Esports,13790,8,4,6,5,0,0,Wolves Esports,PACIFIC
490312,217266,Lotus,Team Heretics,Team Heretics,Wolves Esports,Team Heretics,1001,Wolves Esports,13790,5,7,6,4,0,0,Wolves Esports,PACIFIC
490313,217268,Icebox,MIBR,Team Liquid,MIBR,Team Liquid,474,MIBR,7386,7,5,1,6,0,0,Team Liquid,PACIFIC
490313,217269,Sunset,Team Liquid,MIBR,Team Liquid,Team Liquid,474,MIBR,7386,5,7,6,2,0,0,Team Liquid,PACIFIC
490315,217275,Split,Wolves Esports,Guangzhou Huadu Bilibili Gaming(Bilibili Gaming),Wolves Esports,Guangzhou Huadu Bilibili Gaming(Bilibili Gaming),12010,Wolves Esports,13790,0,8,5,0,0,0,Wolves Esports,PACIFIC
490315,221383,Ascent,Guangzhou Huadu Bilibili Gaming(Bilibili Gaming),Wolves Esports,Guangzhou Huadu Bilibili Gaming(Bilibili Gaming),Guangzhou Huadu Bilibili Gaming(Bilibili Gaming),12010,Wolves Esports,13790,7,0,0,6,0,0,Wolves Esports,PACIFIC
490314,217271,Split,Paper Rex,Paper Rex,Team Liquid,Paper Rex,624,Team Liquid,474,8,4,8,4,1,3,Team Liquid,PACIFIC
490314,217272,Sunset,Team Liquid,Team Liquid,Paper Rex,Paper Rex,624,Team Liquid,474,5,7,6,0,0,0,Paper Rex,PACIFIC
490314,217273,Lotus,Decider,Paper Rex,Team Liquid,Paper Rex,624,Team Liquid,474,11,1,11,1,2,0,Paper Rex,PACIFIC
498622,221150,Split,Paper Rex,Paper Rex,G2 Esports,G2 Esports,11058,Paper Rex,624,5,7,3,8,0,0,Paper Rex,PACIFIC
498622,221151,Lotus,G2 Esports,Paper Rex,G2 Esports,G2 Esports,11058,Paper Rex,624,6,6,5,7,0,0,Paper Rex,PACIFIC
498621,221147,Sunset,Xi Lai Gaming,Xi Lai Gaming,Sentinels,Xi Lai Gaming,13581,Sentinels,2,4,8,5,2,0,0,Sentinels,PACIFIC
498621,221148,Lotus,Sentinels,Sentinels,Xi Lai Gaming,Xi Lai Gaming,13581,Sentinels,2,8,4,2,5,0,0,Sentinels,PACIFIC
498623,221153,Ascent,Wolves Esports,Rex Regum Qeon,Wolves Esports,Rex Regum Qeon,878,Wolves Esports,13790,4,8,5,7,0,0,Wolves Esports,PACIFIC
498623,221154,Icebox,Rex Regum Qeon,Wolves Esports,Rex Regum Qeon,Rex Regum Qeon,878,Wolves Esports,13790,4,8,0,9,0,0,Wolves Esports,PACIFIC
498624,221156,Haven,Gen.G,FNATIC,Gen.G,FNATIC,2593,Gen.G,17,8,4,9,3,0,0,Gen.G,PACIFIC
498624,221157,Split,FNATIC,FNATIC,Gen.G,FNATIC,2593,Gen.G,17,3,9,3,9,2,0,FNATIC,PACIFIC
498624,221158,Sunset,Decider,Gen.G,FNATIC,FNATIC,2593,Gen.G,17,8,4,2,5,0,0,Gen.G,PACIFIC
498629,221173,Icebox,Xi Lai Gaming,G2 Esports,Xi Lai Gaming,Xi Lai Gaming,13581,G2 Esports,11058,10,2,1,3,0,0,G2 Esports,PACIFIC
498629,221174,Haven,G2 Esports,G2 Esports,Xi Lai Gaming,Xi Lai Gaming,13581,G2 Esports,11058,7,5,3,6,0,0,G2 Esports,PACIFIC
498630,221176,Lotus,FNATIC,FNATIC,Rex Regum Qeon,Rex Regum Qeon,878,FNATIC,2593,9,3,2,4,0,0,FNATIC,PACIFIC
498630,221177,Haven,Rex Regum Qeon,FNATIC,Rex Regum Qeon,Rex Regum Qeon,878,FNATIC,2593,2,10,3,4,0,0,Rex Regum Qeon,PACIFIC
498630,221178,Ascent,Decider,Rex Regum Qeon,FNATIC,Rex Regum Qeon,878,FNATIC,2593,3,9,4,2,0,0,FNATIC,PACIFIC
498626,221162,Split,Wolves Esports,Gen.G,Wolves Esports,Wolves Esports,13790,Gen.G,17,9,3,10,2,0,0,Wolves Esports,PACIFIC
498626,221163,Sunset,Gen.G,Wolves Esports,Gen.G,Wolves Esports,13790,Gen.G,17,4,8,1,9,0,0,Wolves Esports,PACIFIC
498625,221159,Split,Paper Rex,Sentinels,Paper Rex,Sentinels,2,Paper Rex,624,2,10,3,1,0,0,Paper Rex,PACIFIC
498625,221160,Sunset,Sentinels,Sentinels,Paper Rex,Sentinels,2,Paper Rex,624,7,5,8,4,0,0,Paper Rex,PACIFIC
498631,221179,Lotus,G2 Esports,G2 Esports,Gen.G,Gen.G,17,G2 Esports,11058,10,2,5,3,0,0,G2 Esports,PACIFIC
498631,221180,Haven,Gen.G,G2 Esports,Gen.G,Gen.G,17,G2 Esports,11058,7,5,8,4,0,0,Gen.G,PACIFIC
498631,221181,Icebox,Decider,G2 Esports,Gen.G,Gen.G,17,G2 Esports,11058,4,8,3,9,0,0,G2 Esports,PACIFIC
498632,221182,Sunset,Sentinels,Sentinels,FNATIC,Sentinels,2,FNATIC,2593,8,4,5,5,0,0,Sentinels,PACIFIC
498632,221183,Ascent,FNATIC,Sentinels,FNATIC,Sentinels,2,FNATIC,2593,4,8,5,3,0,0,FNATIC,PACIFIC
498632,221184,Icebox,Decider,FNATIC,Sentinels,Sentinels,2,FNATIC,2593,5,7,2,8,0,0,FNATIC,PACIFIC
498627,221165,Lotus,Paper Rex,Paper Rex,Wolves Esports,Paper Rex,624,Wolves Esports,13790,5,7,5,7,2,0,Paper Rex,PACIFIC
498627,221166,Ascent,Wolves Esports,Paper Rex,Wolves Esports,Paper Rex,624,Wolves Esports,13790,8,4,4,5,0,0,Paper Rex,PACIFIC
498633,221185,Lotus,G2 Esports,FNATIC,G2 Esports,G2 Esports,11058,FNATIC,2593,6,6,4,7,0,0,FNATIC,PACIFIC
498633,221186,Split,FNATIC,G2 Esports,FNATIC,G2 Esports,11058,FNATIC,2593,7,5,8,3,0,0,FNATIC,PACIFIC
498634,221188,Split,FNATIC,Wolves Esports,FNATIC,Wolves Esports,13790,FNATIC,2593,2,10,3,7,0,0,FNATIC,PACIFIC
498634,221189,Icebox,Wolves Esports,FNATIC,Wolves Esports,Wolves Esports,13790,FNATIC,2593,9,3,1,4,0,0,FNATIC,PACIFIC
498634,221190,Lotus,FNATIC,Wolves Esports,FNATIC,Wolves Esports,13790,FNATIC,2593,6,6,4,7,0,0,Wolves Esports,PACIFIC
498634,221191,Ascent,Wolves Esports,FNATIC,Wolves Esports,Wolves Esports,13790,FNATIC,2593,8,4,1,5,0,0,FNATIC,PACIFIC
507067,223246,Corrode,Decider,Team Toast,Team tarik,Team tarik,12065,Team Toast,19008,7,5,2,6,0,0,Team Toast,PACIFIC
498628,221168,Sunset,Paper Rex,FNATIC,Paper Rex,Paper Rex,624,FNATIC,2593,4,8,5,7,0,0,Paper Rex,PACIFIC
498628,221169,Icebox,FNATIC,Paper Rex,FNATIC,Paper Rex,624,FNATIC,2593,6,6,6,6,3,5,FNATIC,PACIFIC
498628,221170,Pearl,Paper Rex,Paper Rex,FNATIC,Paper Rex,624,FNATIC,2593,5,7,3,8,0,0,Paper Rex,PACIFIC
498628,221171,Lotus,FNATIC,Paper Rex,FNATIC,Paper Rex,624,FNATIC,2593,7,5,7,5,2,0,Paper Rex,PACIFIC
459517,206933,Lotus,NRG,NRG,Cloud9,Cloud9,188,NRG,1034,7,5,1,6,0,0,NRG,PACIFIC
459517,206934,Fracture,Cloud9,Cloud9,NRG,Cloud9,188,NRG,1034,8,4,1,5,0,0,Cloud9,PACIFIC
459517,206935,Pearl,Decider,Cloud9,NRG,Cloud9,188,NRG,1034,9,3,6,4,0,0,Cloud9,PACIFIC
459518,206936,Fracture,VISA KRÜ(KRÜ Esports),VISA KRÜ(KRÜ Esports),LOUD,VISA KRÜ(KRÜ Esports),2355,LOUD,6961,0,11,2,0,0,0,LOUD,PACIFIC
459518,206937,Haven,LOUD,VISA KRÜ(KRÜ Esports),LOUD,VISA KRÜ(KRÜ Esports),2355,LOUD,6961,0,2,0,0,0,0,LOUD,PACIFIC
459518,206938,Split,Decider,VISA KRÜ(KRÜ Esports),LOUD,VISA KRÜ(KRÜ Esports),2355,LOUD,6961,0,8,2,0,0,0,LOUD,PACIFIC
459519,206939,Lotus,G2 Esports,G2 Esports,FURIA,G2 Esports,11058,FURIA,2406,3,9,1,10,0,0,G2 Esports,PACIFIC
459519,206940,Ascent,FURIA,FURIA,G2 Esports,G2 Esports,11058,FURIA,2406,4,8,5,3,0,0,G2 Esports,PACIFIC
459520,206942,Split,LEVIATÁN,LEVIATÁN,MIBR,MIBR,7386,LEVIATÁN,2359,6,6,7,1,0,0,MIBR,PACIFIC
459520,206943,Icebox,MIBR,MIBR,LEVIATÁN,MIBR,7386,LEVIATÁN,2359,4,8,0,9,0,0,MIBR,PACIFIC
459521,206945,Haven,2Game Esports,2Game Esports,Evil Geniuses,2Game Esports,15072,Evil Geniuses,5248,4,8,5,7,0,0,Evil Geniuses,PACIFIC
459521,206946,Lotus,Evil Geniuses,Evil Geniuses,2Game Esports,2Game Esports,15072,Evil Geniuses,5248,7,5,3,6,0,0,Evil Geniuses,PACIFIC
459522,206948,Pearl,Sentinels,100 Thieves,Sentinels,Sentinels,2,100 Thieves,120,4,8,5,1,0,0,Sentinels,PACIFIC
459522,206949,Haven,100 Thieves,100 Thieves,Sentinels,Sentinels,2,100 Thieves,120,6,6,3,7,0,0,100 Thieves,PACIFIC
459522,206950,Split,Decider,Sentinels,100 Thieves,Sentinels,2,100 Thieves,120,11,1,0,2,0,0,Sentinels,PACIFIC
459523,206951,Lotus,NRG,NRG,FURIA,NRG,1034,FURIA,2406,6,6,7,4,0,0,FURIA,PACIFIC
459523,206952,Pearl,FURIA,FURIA,NRG,NRG,1034,FURIA,2406,2,10,3,0,0,0,NRG,PACIFIC
459523,206953,Fracture,Decider,FURIA,NRG,NRG,1034,FURIA,2406,2,10,3,2,0,0,NRG,PACIFIC
459524,206954,Lotus,Sentinels,Sentinels,VISA KRÜ(KRÜ Esports),Sentinels,2,VISA KRÜ(KRÜ Esports),2355,6,0,0,1,0,0,Sentinels,PACIFIC
459524,206955,Icebox,VISA KRÜ(KRÜ Esports),VISA KRÜ(KRÜ Esports),Sentinels,Sentinels,2,VISA KRÜ(KRÜ Esports),2355,0,7,1,0,0,0,Sentinels,PACIFIC
459525,206957,Fracture,Evil Geniuses,100 Thieves,Evil Geniuses,100 Thieves,120,Evil Geniuses,5248,6,6,4,7,0,0,100 Thieves,PACIFIC
459525,206958,Haven,100 Thieves,100 Thieves,Evil Geniuses,100 Thieves,120,Evil Geniuses,5248,6,6,1,7,0,0,100 Thieves,PACIFIC
459526,206960,Pearl,MIBR,G2 Esports,MIBR,G2 Esports,11058,MIBR,7386,6,6,6,6,0,2,MIBR,PACIFIC
459526,206961,Haven,G2 Esports,G2 Esports,MIBR,G2 Esports,11058,MIBR,7386,7,5,6,6,0,0,G2 Esports,PACIFIC
459526,206962,Ascent,Decider,MIBR,G2 Esports,G2 Esports,11058,MIBR,7386,4,8,5,4,0,0,G2 Esports,PACIFIC
459527,206963,Lotus,LOUD,LOUD,2Game Esports,LOUD,6961,2Game Esports,15072,7,5,7,5,0,2,2Game Esports,PACIFIC
459527,206964,Pearl,2Game Esports,LOUD,2Game Esports,LOUD,6961,2Game Esports,15072,5,7,6,6,0,0,2Game Esports,PACIFIC
459528,206966,Split,Cloud9,LEVIATÁN,Cloud9,LEVIATÁN,2359,Cloud9,188,4,8,5,4,0,0,Cloud9,PACIFIC
459528,206967,Ascent,LEVIATÁN,Cloud9,LEVIATÁN,LEVIATÁN,2359,Cloud9,188,11,1,2,2,0,0,Cloud9,PACIFIC
459529,206969,Haven,Evil Geniuses,Evil Geniuses,Sentinels,Evil Geniuses,5248,Sentinels,2,2,10,3,2,0,0,Sentinels,PACIFIC
459529,206970,Pearl,Sentinels,Sentinels,Evil Geniuses,Evil Geniuses,5248,Sentinels,2,7,5,1,6,0,0,Sentinels,PACIFIC
459530,206972,Haven,Decider,100 Thieves,LOUD,100 Thieves,120,LOUD,6961,4,8,5,2,0,0,LOUD,PACIFIC
459530,206973,Icebox,Decider,100 Thieves,LOUD,100 Thieves,120,LOUD,6961,3,9,2,10,0,0,100 Thieves,PACIFIC
459530,206974,Split,Decider,100 Thieves,LOUD,100 Thieves,120,LOUD,6961,7,5,3,6,0,0,100 Thieves,PACIFIC
459531,206975,Icebox,VISA KRÜ(KRÜ Esports),VISA KRÜ(KRÜ Esports),2Game Esports,2Game Esports,15072,VISA KRÜ(KRÜ Esports),2355,0,4,2,0,0,0,2Game Esports,PACIFIC
459531,206976,Ascent,2Game Esports,VISA KRÜ(KRÜ Esports),2Game Esports,2Game Esports,15072,VISA KRÜ(KRÜ Esports),2355,0,6,7,0,0,0,2Game Esports,PACIFIC
459531,206977,Pearl,Decider,VISA KRÜ(KRÜ Esports),2Game Esports,2Game Esports,15072,VISA KRÜ(KRÜ Esports),2355,0,0,6,0,0,0,2Game Esports,PACIFIC
459532,206978,Lotus,NRG,G2 Esports,NRG,G2 Esports,11058,NRG,1034,11,1,0,2,0,0,G2 Esports,PACIFIC
459532,206979,Ascent,G2 Esports,NRG,G2 Esports,G2 Esports,11058,NRG,1034,2,10,3,4,0,0,G2 Esports,PACIFIC
459533,206981,Ascent,FURIA,LEVIATÁN,FURIA,FURIA,2406,LEVIATÁN,2359,8,4,0,5,0,0,LEVIATÁN,PACIFIC
459533,206982,Pearl,LEVIATÁN,LEVIATÁN,FURIA,FURIA,2406,LEVIATÁN,2359,8,4,1,5,0,0,LEVIATÁN,PACIFIC
459534,206984,Pearl,MIBR,Cloud9,MIBR,Cloud9,188,MIBR,7386,5,7,2,8,0,0,Cloud9,PACIFIC
459534,206985,Lotus,Cloud9,MIBR,Cloud9,Cloud9,188,MIBR,7386,9,3,9,3,3,1,MIBR,PACIFIC
459534,206986,Haven,Decider,Cloud9,MIBR,Cloud9,188,MIBR,7386,3,9,4,8,0,0,MIBR,PACIFIC
459535,206987,Ascent,2Game Esports,100 Thieves,2Game Esports,100 Thieves,120,2Game Esports,15072,6,6,6,6,3,1,100 Thieves,PACIFIC
459535,206988,Icebox,100 Thieves,100 Thieves,2Game Esports,100 Thieves,120,2Game Esports,15072,7,5,1,6,0,0,100 Thieves,PACIFIC
459536,206990,Lotus,G2 Esports,G2 Esports,LEVIATÁN,G2 Esports,11058,LEVIATÁN,2359,6,6,4,7,0,0,G2 Esports,PACIFIC
459536,206991,Fracture,LEVIATÁN,G2 Esports,LEVIATÁN,G2 Esports,11058,LEVIATÁN,2359,7,5,8,4,0,0,LEVIATÁN,PACIFIC
459536,206992,Haven,Decider,G2 Esports,LEVIATÁN,G2 Esports,11058,LEVIATÁN,2359,10,2,5,3,0,0,G2 Esports,PACIFIC
459537,206993,Lotus,FURIA,FURIA,Cloud9,FURIA,2406,Cloud9,188,4,8,4,8,2,4,Cloud9,PACIFIC
459537,206994,Pearl,Cloud9,Cloud9,FURIA,FURIA,2406,Cloud9,188,11,1,0,2,0,0,Cloud9,PACIFIC
459538,206996,Split,Sentinels,LOUD,Sentinels,Sentinels,2,LOUD,6961,5,7,6,5,0,0,Sentinels,PACIFIC
459538,206997,Lotus,LOUD,LOUD,Sentinels,Sentinels,2,LOUD,6961,6,6,5,7,0,0,LOUD,PACIFIC
459538,211889,Haven,Decider,LOUD,Sentinels,Sentinels,2,LOUD,6961,3,9,4,2,0,0,Sentinels,PACIFIC
459539,206999,Lotus,VISA KRÜ(KRÜ Esports),VISA KRÜ(KRÜ Esports),Evil Geniuses,VISA KRÜ(KRÜ Esports),2355,Evil Geniuses,5248,0,10,3,0,0,0,Evil Geniuses,PACIFIC
459539,207000,Pearl,Evil Geniuses,VISA KRÜ(KRÜ Esports),Evil Geniuses,VISA KRÜ(KRÜ Esports),2355,Evil Geniuses,5248,0,10,3,0,0,0,Evil Geniuses,PACIFIC
459540,207002,Haven,NRG,NRG,MIBR,NRG,1034,MIBR,7386,6,6,7,0,0,0,MIBR,PACIFIC
459540,207003,Icebox,MIBR,MIBR,NRG,NRG,1034,MIBR,7386,9,3,2,4,0,0,MIBR,PACIFIC
459541,207005,Icebox,Cloud9,Cloud9,G2 Esports,G2 Esports,11058,Cloud9,188,4,8,5,1,0,0,G2 Esports,PACIFIC
459541,207006,Haven,G2 Esports,G2 Esports,Cloud9,G2 Esports,11058,Cloud9,188,3,9,4,1,0,0,Cloud9,PACIFIC
459541,207007,Pearl,Decider,Cloud9,G2 Esports,G2 Esports,11058,Cloud9,188,5,7,6,6,0,0,G2 Esports,PACIFIC
459542,207008,Icebox,MIBR,MIBR,FURIA,MIBR,7386,FURIA,2406,9,3,0,4,0,0,MIBR,PACIFIC
459542,207009,Ascent,FURIA,MIBR,FURIA,MIBR,7386,FURIA,2406,2,10,3,7,0,0,FURIA,PACIFIC
459542,207010,Split,Decider,FURIA,MIBR,MIBR,7386,FURIA,2406,5,7,6,3,0,0,MIBR,PACIFIC
459543,207011,Haven,2Game Esports,2Game Esports,Sentinels,Sentinels,2,2Game Esports,15072,3,9,4,1,0,0,Sentinels,PACIFIC
459543,207012,Pearl,Sentinels,Sentinels,2Game Esports,Sentinels,2,2Game Esports,15072,8,4,1,5,0,0,Sentinels,PACIFIC
459544,207014,Fracture,100 Thieves,100 Thieves,VISA KRÜ(KRÜ Esports),VISA KRÜ(KRÜ Esports),2355,100 Thieves,120,6,0,0,4,0,0,100 Thieves,PACIFIC
459544,207015,Icebox,VISA KRÜ(KRÜ Esports),100 Thieves,VISA KRÜ(KRÜ Esports),VISA KRÜ(KRÜ Esports),2355,100 Thieves,120,6,0,0,3,0,0,100 Thieves,PACIFIC
459545,207017,Lotus,LOUD,LOUD,Evil Geniuses,Evil Geniuses,5248,LOUD,6961,6,6,5,7,0,0,LOUD,PACIFIC
459545,207018,Pearl,Evil Geniuses,LOUD,Evil Geniuses,Evil Geniuses,5248,LOUD,6961,6,6,6,6,0,2,Evil Geniuses,PACIFIC
459545,207019,Split,Decider,LOUD,Evil Geniuses,Evil Geniuses,5248,LOUD,6961,8,4,9,3,0,0,Evil Geniuses,PACIFIC
459546,207020,Fracture,NRG,LEVIATÁN,NRG,LEVIATÁN,2359,NRG,1034,7,5,7,5,1,3,NRG,PACIFIC
459546,207021,Icebox,LEVIATÁN,LEVIATÁN,NRG,LEVIATÁN,2359,NRG,1034,6,6,7,2,0,0,NRG,PACIFIC
475897,213487,Split,100 Thieves,100 Thieves,MIBR,MIBR,7386,100 Thieves,120,5,7,6,5,0,0,MIBR,PACIFIC
475897,213488,Icebox,MIBR,MIBR,100 Thieves,MIBR,7386,100 Thieves,120,9,3,1,4,0,0,MIBR,PACIFIC
475898,213490,Ascent,Cloud9,Sentinels,Cloud9,Sentinels,2,Cloud9,188,9,3,6,4,0,0,Sentinels,PACIFIC
475898,213491,Pearl,Sentinels,Cloud9,Sentinels,Sentinels,2,Cloud9,188,3,9,4,6,0,0,Sentinels,PACIFIC
475903,213507,Fracture,100 Thieves,100 Thieves,NRG,100 Thieves,120,NRG,1034,8,4,1,5,0,0,100 Thieves,PACIFIC
475903,213508,Haven,NRG,NRG,100 Thieves,100 Thieves,120,NRG,1034,8,4,9,3,0,0,100 Thieves,PACIFIC
475904,213510,Fracture,Evil Geniuses,Evil Geniuses,Cloud9,Cloud9,188,Evil Geniuses,5248,8,4,5,5,0,0,Evil Geniuses,PACIFIC
475904,213511,Icebox,Cloud9,Cloud9,Evil Geniuses,Cloud9,188,Evil Geniuses,5248,7,5,7,5,1,3,Evil Geniuses,PACIFIC
475899,213493,Lotus,VISA KRÜ(KRÜ Esports),VISA KRÜ(KRÜ Esports),MIBR,VISA KRÜ(KRÜ Esports),2355,MIBR,7386,0,8,5,0,0,0,MIBR,PACIFIC
475899,213494,Icebox,MIBR,VISA KRÜ(KRÜ Esports),MIBR,VISA KRÜ(KRÜ Esports),2355,MIBR,7386,0,9,4,0,0,0,MIBR,PACIFIC
475900,213496,Split,Sentinels,Sentinels,G2 Esports,G2 Esports,11058,Sentinels,2,4,8,5,1,0,0,G2 Esports,PACIFIC
475900,213497,Icebox,G2 Esports,G2 Esports,Sentinels,G2 Esports,11058,Sentinels,2,6,6,7,5,0,0,Sentinels,PACIFIC
475900,213498,Ascent,Decider,Sentinels,G2 Esports,G2 Esports,11058,Sentinels,2,10,2,9,3,0,0,Sentinels,PACIFIC
475906,213516,Lotus,Evil Geniuses,Evil Geniuses,VISA KRÜ(KRÜ Esports),VISA KRÜ(KRÜ Esports),2355,Evil Geniuses,5248,5,0,0,7,2,0,Evil Geniuses,PACIFIC
475906,213517,Icebox,VISA KRÜ(KRÜ Esports),VISA KRÜ(KRÜ Esports),Evil Geniuses,VISA KRÜ(KRÜ Esports),2355,Evil Geniuses,5248,0,9,4,0,0,0,Evil Geniuses,PACIFIC
475905,213513,Haven,100 Thieves,100 Thieves,G2 Esports,G2 Esports,11058,100 Thieves,120,4,8,5,0,0,0,G2 Esports,PACIFIC
475905,213514,Split,G2 Esports,100 Thieves,G2 Esports,G2 Esports,11058,100 Thieves,120,6,6,6,6,2,0,100 Thieves,PACIFIC
475905,213515,Pearl,Decider,100 Thieves,G2 Esports,G2 Esports,11058,100 Thieves,120,6,6,6,6,2,4,G2 Esports,PACIFIC
475901,213499,Lotus,MIBR,MIBR,Sentinels,MIBR,7386,Sentinels,2,3,9,4,4,0,0,Sentinels,PACIFIC
475901,213500,Split,Sentinels,Sentinels,MIBR,MIBR,7386,Sentinels,2,8,4,7,5,0,0,Sentinels,PACIFIC
475907,213519,Lotus,Evil Geniuses,G2 Esports,Evil Geniuses,G2 Esports,11058,Evil Geniuses,5248,8,4,9,1,0,0,Evil Geniuses,PACIFIC
475907,213520,Split,G2 Esports,Evil Geniuses,G2 Esports,G2 Esports,11058,Evil Geniuses,5248,4,8,5,3,0,0,G2 Esports,PACIFIC
475907,213521,Pearl,Decider,G2 Esports,Evil Geniuses,G2 Esports,11058,Evil Geniuses,5248,5,7,4,8,0,0,G2 Esports,PACIFIC
475908,213522,Haven,MIBR,MIBR,G2 Esports,MIBR,7386,G2 Esports,11058,6,6,4,7,0,0,MIBR,PACIFIC
475908,213523,Lotus,G2 Esports,G2 Esports,MIBR,MIBR,7386,G2 Esports,11058,7,5,7,5,3,1,G2 Esports,PACIFIC
475908,213524,Split,MIBR,G2 Esports,MIBR,MIBR,7386,G2 Esports,11058,5,7,3,8,0,0,G2 Esports,PACIFIC
475908,215607,Ascent,G2 Esports,MIBR,G2 Esports,MIBR,7386,G2 Esports,11058,6,6,7,2,0,0,G2 Esports,PACIFIC
475902,213502,Haven,Sentinels,G2 Esports,Sentinels,Sentinels,2,G2 Esports,11058,5,7,2,8,0,0,G2 Esports,PACIFIC
475902,213503,Split,G2 Esports,Sentinels,G2 Esports,Sentinels,2,G2 Esports,11058,6,6,7,3,0,0,G2 Esports,PACIFIC
475902,213504,Pearl,Sentinels,G2 Esports,Sentinels,Sentinels,2,G2 Esports,11058,2,10,3,8,0,0,Sentinels,PACIFIC
475902,213505,Ascent,G2 Esports,Sentinels,G2 Esports,Sentinels,2,G2 Esports,11058,7,5,8,3,0,0,G2 Esports,PACIFIC
427991,195761,Split,LOUD,Evil Geniuses,LOUD,Evil Geniuses,5248,LOUD,6961,8,4,8,4,0,2,LOUD,PACIFIC
427991,195762,Pearl,Evil Geniuses,Evil Geniuses,LOUD,Evil Geniuses,5248,LOUD,6961,6,6,7,4,0,0,LOUD,PACIFIC
427992,195764,Lotus,MIBR,MIBR,100 Thieves,MIBR,7386,100 Thieves,120,2,10,3,2,0,0,100 Thieves,PACIFIC
427992,195765,Bind,100 Thieves,100 Thieves,MIBR,MIBR,7386,100 Thieves,120,4,8,1,9,0,0,100 Thieves,PACIFIC
427994,195770,Haven,2Game Esports,2Game Esports,FURIA,2Game Esports,15072,FURIA,2406,5,7,6,2,0,0,FURIA,PACIFIC
427994,195771,Lotus,FURIA,FURIA,2Game Esports,2Game Esports,15072,FURIA,2406,8,4,1,5,0,0,FURIA,PACIFIC
427993,195767,Fracture,NRG,NRG,Cloud9,NRG,1034,Cloud9,188,2,10,2,10,0,2,Cloud9,PACIFIC
427993,195768,Lotus,Cloud9,Cloud9,NRG,NRG,1034,Cloud9,188,6,6,4,7,0,0,Cloud9,PACIFIC
427995,195773,Haven,LOUD,LOUD,KRÜ Esports,KRÜ Esports,2355,LOUD,6961,10,2,5,3,0,0,LOUD,PACIFIC
427995,195774,Split,KRÜ Esports,LOUD,KRÜ Esports,KRÜ Esports,2355,LOUD,6961,6,6,4,7,0,0,LOUD,PACIFIC
427996,195776,Split,Sentinels,100 Thieves,Sentinels,Sentinels,2,100 Thieves,120,8,4,0,5,0,0,100 Thieves,PACIFIC
427996,195777,Bind,100 Thieves,100 Thieves,Sentinels,Sentinels,2,100 Thieves,120,5,7,6,4,0,0,Sentinels,PACIFIC
427996,195778,Pearl,Decider,Sentinels,100 Thieves,Sentinels,2,100 Thieves,120,6,6,3,7,0,0,Sentinels,PACIFIC
427998,195782,Haven,FURIA,FURIA,LEVIATÁN,LEVIATÁN,2359,FURIA,2406,3,9,4,5,0,0,LEVIATÁN,PACIFIC
427998,195783,Split,LEVIATÁN,FURIA,LEVIATÁN,LEVIATÁN,2359,FURIA,2406,3,9,4,3,0,0,LEVIATÁN,PACIFIC
427997,195779,Lotus,Cloud9,G2 Esports,Cloud9,G2 Esports,11058,Cloud9,188,8,4,2,5,0,0,G2 Esports,PACIFIC
427997,195780,Abyss,G2 Esports,G2 Esports,Cloud9,G2 Esports,11058,Cloud9,188,9,3,5,4,0,0,G2 Esports,PACIFIC
428003,195799,Abyss,Evil Geniuses,Evil Geniuses,FURIA,FURIA,2406,Evil Geniuses,5248,7,5,2,6,0,0,Evil Geniuses,PACIFIC
428003,195800,Fracture,FURIA,FURIA,Evil Geniuses,FURIA,2406,Evil Geniuses,5248,2,10,3,5,0,0,Evil Geniuses,PACIFIC
428004,195802,Lotus,Cloud9,MIBR,Cloud9,Cloud9,188,MIBR,7386,6,6,7,1,0,0,Cloud9,PACIFIC
428004,195803,Abyss,MIBR,Cloud9,MIBR,Cloud9,188,MIBR,7386,2,10,3,8,0,0,MIBR,PACIFIC
428004,195804,Pearl,Decider,Cloud9,MIBR,Cloud9,188,MIBR,7386,4,8,5,3,0,0,MIBR,PACIFIC
428006,195808,Abyss,2Game Esports,2Game Esports,KRÜ Esports,KRÜ Esports,2355,2Game Esports,15072,2,10,3,1,0,0,KRÜ Esports,PACIFIC
428006,195809,Split,KRÜ Esports,2Game Esports,KRÜ Esports,KRÜ Esports,2355,2Game Esports,15072,2,10,3,0,0,0,KRÜ Esports,PACIFIC
428005,195805,Lotus,100 Thieves,100 Thieves,NRG,100 Thieves,120,NRG,1034,6,6,6,6,2,0,100 Thieves,PACIFIC
428005,195806,Pearl,NRG,100 Thieves,NRG,100 Thieves,120,NRG,1034,5,7,6,4,0,0,NRG,PACIFIC
428005,195807,Bind,Decider,NRG,100 Thieves,100 Thieves,120,NRG,1034,6,6,3,7,0,0,NRG,PACIFIC
427999,195785,Lotus,LOUD,Sentinels,LOUD,LOUD,6961,Sentinels,2,6,6,7,5,0,0,LOUD,PACIFIC
427999,195786,Pearl,Sentinels,Sentinels,LOUD,LOUD,6961,Sentinels,2,5,7,4,8,0,0,Sentinels,PACIFIC
427999,195787,Split,Decider,LOUD,Sentinels,LOUD,6961,Sentinels,2,6,6,7,3,0,0,Sentinels,PACIFIC
428000,195788,Pearl,G2 Esports,LEVIATÁN,G2 Esports,G2 Esports,11058,LEVIATÁN,2359,4,8,5,1,0,0,G2 Esports,PACIFIC
428000,195789,Fracture,LEVIATÁN,LEVIATÁN,G2 Esports,G2 Esports,11058,LEVIATÁN,2359,4,8,5,5,0,0,G2 Esports,PACIFIC
428007,195811,Abyss,MIBR,MIBR,Evil Geniuses,Evil Geniuses,5248,MIBR,7386,6,6,4,7,0,0,MIBR,PACIFIC
428007,195812,Split,Evil Geniuses,MIBR,Evil Geniuses,Evil Geniuses,5248,MIBR,7386,10,2,1,3,0,0,MIBR,PACIFIC
428008,195814,Abyss,KRÜ Esports,KRÜ Esports,NRG,NRG,1034,KRÜ Esports,2355,5,7,1,8,0,0,KRÜ Esports,PACIFIC
428008,195815,Haven,NRG,KRÜ Esports,NRG,NRG,1034,KRÜ Esports,2355,8,4,9,2,0,0,NRG,PACIFIC
428008,195816,Bind,Decider,KRÜ Esports,NRG,NRG,1034,KRÜ Esports,2355,8,4,3,5,0,0,KRÜ Esports,PACIFIC
428009,195817,Lotus,LEVIATÁN,LEVIATÁN,MIBR,LEVIATÁN,2359,MIBR,7386,6,6,1,7,0,0,LEVIATÁN,PACIFIC
428009,195818,Pearl,MIBR,MIBR,LEVIATÁN,LEVIATÁN,2359,MIBR,7386,6,6,3,7,0,0,MIBR,PACIFIC
428009,195819,Split,Decider,LEVIATÁN,MIBR,LEVIATÁN,2359,MIBR,7386,5,7,5,7,0,2,MIBR,PACIFIC
428010,195820,Bind,KRÜ Esports,KRÜ Esports,LOUD,LOUD,6961,KRÜ Esports,2355,9,3,2,4,0,0,KRÜ Esports,PACIFIC
428010,195821,Haven,LOUD,KRÜ Esports,LOUD,LOUD,6961,KRÜ Esports,2355,9,3,8,4,0,0,KRÜ Esports,PACIFIC
428001,195791,Abyss,G2 Esports,Sentinels,G2 Esports,Sentinels,2,G2 Esports,11058,2,10,3,5,0,0,G2 Esports,PACIFIC
428001,195792,Pearl,Sentinels,G2 Esports,Sentinels,Sentinels,2,G2 Esports,11058,7,5,2,6,0,0,G2 Esports,PACIFIC
428011,195823,Bind,KRÜ Esports,MIBR,KRÜ Esports,MIBR,7386,KRÜ Esports,2355,6,6,7,2,0,0,KRÜ Esports,PACIFIC
428011,195824,Abyss,MIBR,MIBR,KRÜ Esports,MIBR,7386,KRÜ Esports,2355,8,4,4,5,0,0,MIBR,PACIFIC
428011,195825,Split,Decider,KRÜ Esports,MIBR,MIBR,7386,KRÜ Esports,2355,4,8,5,7,0,0,MIBR,PACIFIC
428012,195826,Lotus,Sentinels,Sentinels,MIBR,Sentinels,2,MIBR,7386,9,3,4,4,0,0,Sentinels,PACIFIC
428012,195827,Abyss,MIBR,MIBR,Sentinels,Sentinels,2,MIBR,7386,3,9,4,2,0,0,Sentinels,PACIFIC
428012,195828,Pearl,Sentinels,MIBR,Sentinels,Sentinels,2,MIBR,7386,3,9,3,9,9,7,MIBR,PACIFIC
428012,195829,Split,MIBR,MIBR,Sentinels,Sentinels,2,MIBR,7386,3,9,4,4,0,0,Sentinels,PACIFIC
428002,195794,Split,G2 Esports,Sentinels,G2 Esports,G2 Esports,11058,Sentinels,2,9,3,1,4,0,0,Sentinels,PACIFIC
428002,195795,Pearl,Sentinels,G2 Esports,Sentinels,G2 Esports,11058,Sentinels,2,6,6,2,7,0,0,G2 Esports,PACIFIC
428002,195796,Abyss,G2 Esports,G2 Esports,Sentinels,G2 Esports,11058,Sentinels,2,5,7,6,4,0,0,Sentinels,PACIFIC
428002,195797,Fracture,Sentinels,Sentinels,G2 Esports,G2 Esports,11058,Sentinels,2,4,8,5,1,0,0,G2 Esports,PACIFIC
428002,195798,Haven,Decider,G2 Esports,Sentinels,G2 Esports,11058,Sentinels,2,9,3,7,4,0,0,G2 Esports,PACIFIC
353177,173415,Ascent,MIBR,LEVIATÁN,MIBR,MIBR,7386,LEVIATÁN,2359,6,6,3,7,0,0,LEVIATÁN,PACIFIC
353177,173416,Icebox,LEVIATÁN,LEVIATÁN,MIBR,MIBR,7386,LEVIATÁN,2359,9,3,4,4,0,0,LEVIATÁN,PACIFIC
353178,173418,Lotus,NRG,NRG,Sentinels,Sentinels,2,NRG,1034,4,8,5,4,0,0,Sentinels,PACIFIC
353178,173419,Sunset,Sentinels,NRG,Sentinels,Sentinels,2,NRG,1034,3,9,3,9,0,2,Sentinels,PACIFIC
353179,173421,Icebox,FURIA,100 Thieves,FURIA,FURIA,2406,100 Thieves,120,6,6,6,6,0,2,FURIA,PACIFIC
353179,173422,Haven,100 Thieves,100 Thieves,FURIA,FURIA,2406,100 Thieves,120,3,9,3,9,2,4,FURIA,PACIFIC
353180,173424,Lotus,LOUD,LOUD,Evil Geniuses,LOUD,6961,Evil Geniuses,5248,6,6,1,7,0,0,LOUD,PACIFIC
353180,173425,Sunset,Evil Geniuses,LOUD,Evil Geniuses,LOUD,6961,Evil Geniuses,5248,6,6,7,0,0,0,Evil Geniuses,PACIFIC
353180,173426,Icebox,Decider,Evil Geniuses,LOUD,LOUD,6961,Evil Geniuses,5248,7,5,6,6,0,0,Evil Geniuses,PACIFIC
353181,173427,Ascent,G2 Esports,Cloud9,G2 Esports,G2 Esports,11058,Cloud9,188,8,4,9,3,0,0,G2 Esports,PACIFIC
353181,173428,Icebox,Cloud9,G2 Esports,Cloud9,G2 Esports,11058,Cloud9,188,2,10,3,3,0,0,Cloud9,PACIFIC
353181,173429,Lotus,Decider,Cloud9,G2 Esports,G2 Esports,11058,Cloud9,188,8,4,9,0,0,0,G2 Esports,PACIFIC
353182,173430,Bind,FURIA,FURIA,Evil Geniuses,Evil Geniuses,5248,FURIA,2406,3,9,4,2,0,0,Evil Geniuses,PACIFIC
353182,173431,Lotus,Evil Geniuses,Evil Geniuses,FURIA,Evil Geniuses,5248,FURIA,2406,10,2,2,3,0,0,Evil Geniuses,PACIFIC
353183,173433,Lotus,KRÜ Esports,KRÜ Esports,Sentinels,Sentinels,2,KRÜ Esports,2355,4,8,5,7,0,0,Sentinels,PACIFIC
353183,173434,Split,Sentinels,KRÜ Esports,Sentinels,Sentinels,2,KRÜ Esports,2355,4,8,5,6,0,0,Sentinels,PACIFIC
353184,173436,Ascent,MIBR,LOUD,MIBR,LOUD,6961,MIBR,7386,8,4,3,5,0,0,LOUD,PACIFIC
353184,173437,Lotus,LOUD,LOUD,MIBR,LOUD,6961,MIBR,7386,5,7,6,6,0,0,MIBR,PACIFIC
353184,173438,Sunset,Decider,LOUD,MIBR,LOUD,6961,MIBR,7386,6,6,3,7,0,0,LOUD,PACIFIC
353185,173439,Bind,100 Thieves,LEVIATÁN,100 Thieves,LEVIATÁN,2359,100 Thieves,120,8,4,6,5,0,0,LEVIATÁN,PACIFIC
353185,173440,Haven,LEVIATÁN,LEVIATÁN,100 Thieves,LEVIATÁN,2359,100 Thieves,120,10,2,2,3,0,0,LEVIATÁN,PACIFIC
353186,173442,Haven,NRG,NRG,G2 Esports,NRG,1034,G2 Esports,11058,4,8,5,3,0,0,G2 Esports,PACIFIC
353186,173443,Bind,G2 Esports,NRG,G2 Esports,NRG,1034,G2 Esports,11058,3,9,4,5,0,0,G2 Esports,PACIFIC
353187,173445,Haven,Cloud9,Cloud9,Sentinels,Sentinels,2,Cloud9,188,5,7,6,0,0,0,Sentinels,PACIFIC
353187,173446,Split,Sentinels,Cloud9,Sentinels,Sentinels,2,Cloud9,188,6,6,7,2,0,0,Sentinels,PACIFIC
353188,173448,Icebox,LEVIATÁN,LEVIATÁN,Evil Geniuses,Evil Geniuses,5248,LEVIATÁN,2359,7,5,0,6,0,0,LEVIATÁN,PACIFIC
353188,173449,Sunset,Evil Geniuses,LEVIATÁN,Evil Geniuses,Evil Geniuses,5248,LEVIATÁN,2359,6,6,4,7,0,0,LEVIATÁN,PACIFIC
353189,173451,Haven,LOUD,LOUD,FURIA,LOUD,6961,FURIA,2406,5,7,4,8,0,0,LOUD,PACIFIC
353189,173452,Icebox,FURIA,FURIA,LOUD,LOUD,6961,FURIA,2406,7,5,5,6,0,0,FURIA,PACIFIC
353189,173453,Bind,Decider,LOUD,FURIA,LOUD,6961,FURIA,2406,5,7,6,4,0,0,FURIA,PACIFIC
353190,173454,Icebox,100 Thieves,100 Thieves,MIBR,MIBR,7386,100 Thieves,120,9,3,2,4,0,0,100 Thieves,PACIFIC
353190,173455,Split,MIBR,100 Thieves,MIBR,MIBR,7386,100 Thieves,120,10,2,4,3,0,0,100 Thieves,PACIFIC
353191,173457,Split,KRÜ Esports,NRG,KRÜ Esports,NRG,1034,KRÜ Esports,2355,5,7,6,3,0,0,KRÜ Esports,PACIFIC
353191,173458,Ascent,NRG,KRÜ Esports,NRG,NRG,1034,KRÜ Esports,2355,5,7,6,3,0,0,NRG,PACIFIC
353191,173459,Sunset,Decider,KRÜ Esports,NRG,NRG,1034,KRÜ Esports,2355,3,9,4,4,0,0,NRG,PACIFIC
353192,173460,Lotus,KRÜ Esports,G2 Esports,KRÜ Esports,G2 Esports,11058,KRÜ Esports,2355,3,9,4,1,0,0,KRÜ Esports,PACIFIC
353192,173461,Ascent,G2 Esports,KRÜ Esports,G2 Esports,G2 Esports,11058,KRÜ Esports,2355,5,7,5,7,2,4,G2 Esports,PACIFIC
353192,173462,Split,Decider,KRÜ Esports,G2 Esports,G2 Esports,11058,KRÜ Esports,2355,3,9,4,2,0,0,G2 Esports,PACIFIC
353193,173463,Lotus,LOUD,LOUD,LEVIATÁN,LOUD,6961,LEVIATÁN,2359,8,4,9,3,0,0,LEVIATÁN,PACIFIC
353193,173464,Icebox,LEVIATÁN,LEVIATÁN,LOUD,LOUD,6961,LEVIATÁN,2359,8,4,2,5,0,0,LEVIATÁN,PACIFIC
353194,173466,Sunset,MIBR,FURIA,MIBR,MIBR,7386,FURIA,2406,6,6,4,7,0,0,FURIA,PACIFIC
353194,173467,Icebox,FURIA,FURIA,MIBR,MIBR,7386,FURIA,2406,9,3,4,4,0,0,FURIA,PACIFIC
353195,173469,Ascent,NRG,Cloud9,NRG,NRG,1034,Cloud9,188,3,9,4,0,0,0,NRG,PACIFIC
353195,173470,Icebox,Cloud9,Cloud9,NRG,NRG,1034,Cloud9,188,5,7,3,8,0,0,Cloud9,PACIFIC
353195,173471,Sunset,Decider,Cloud9,NRG,NRG,1034,Cloud9,188,5,7,5,7,2,0,Cloud9,PACIFIC
353196,173472,Lotus,Evil Geniuses,Evil Geniuses,100 Thieves,Evil Geniuses,5248,100 Thieves,120,4,8,5,6,0,0,100 Thieves,PACIFIC
353196,173473,Bind,100 Thieves,100 Thieves,Evil Geniuses,Evil Geniuses,5248,100 Thieves,120,4,8,5,6,0,0,Evil Geniuses,PACIFIC
353196,173474,Ascent,Decider,Evil Geniuses,100 Thieves,Evil Geniuses,5248,100 Thieves,120,3,9,4,4,0,0,100 Thieves,PACIFIC
353197,173475,Icebox,Cloud9,Cloud9,KRÜ Esports,Cloud9,188,KRÜ Esports,2355,5,7,6,2,0,0,KRÜ Esports,PACIFIC
353197,173476,Split,KRÜ Esports,Cloud9,KRÜ Esports,Cloud9,188,KRÜ Esports,2355,5,7,6,5,0,0,KRÜ Esports,PACIFIC
353198,173478,Bind,Evil Geniuses,Evil Geniuses,MIBR,Evil Geniuses,5248,MIBR,7386,5,7,6,4,0,0,MIBR,PACIFIC
353198,173479,Lotus,MIBR,Evil Geniuses,MIBR,Evil Geniuses,5248,MIBR,7386,2,10,3,0,0,0,MIBR,PACIFIC
353199,173481,Sunset,LEVIATÁN,FURIA,LEVIATÁN,LEVIATÁN,2359,FURIA,2406,4,8,5,2,0,0,LEVIATÁN,PACIFIC
353199,173482,Icebox,FURIA,LEVIATÁN,FURIA,LEVIATÁN,2359,FURIA,2406,7,5,1,6,0,0,LEVIATÁN,PACIFIC
353200,173484,Ascent,LOUD,100 Thieves,LOUD,LOUD,6961,100 Thieves,120,11,1,0,2,0,0,100 Thieves,PACIFIC
353200,173485,Bind,100 Thieves,100 Thieves,LOUD,LOUD,6961,100 Thieves,120,6,6,7,2,0,0,LOUD,PACIFIC
353200,173486,Lotus,Decider,LOUD,100 Thieves,LOUD,6961,100 Thieves,120,7,5,5,6,0,0,LOUD,PACIFIC
353201,173487,Bind,G2 Esports,G2 Esports,Sentinels,Sentinels,2,G2 Esports,11058,6,6,0,7,0,0,G2 Esports,PACIFIC
353201,173488,Lotus,Sentinels,G2 Esports,Sentinels,Sentinels,2,G2 Esports,11058,8,4,5,5,0,0,G2 Esports,PACIFIC
371266,178819,Abyss,Cloud9,Cloud9,KRÜ Esports,KRÜ Esports,2355,Cloud9,188,6,6,7,5,0,0,KRÜ Esports,PACIFIC
371266,178820,Lotus,KRÜ Esports,KRÜ Esports,Cloud9,KRÜ Esports,2355,Cloud9,188,1,11,2,10,0,0,Cloud9,PACIFIC
371266,178821,Haven,Decider,KRÜ Esports,Cloud9,KRÜ Esports,2355,Cloud9,188,9,3,3,4,0,0,KRÜ Esports,PACIFIC
371267,178822,Haven,Sentinels,Sentinels,100 Thieves,Sentinels,2,100 Thieves,120,3,9,4,4,0,0,100 Thieves,PACIFIC
371267,178823,Ascent,100 Thieves,Sentinels,100 Thieves,Sentinels,2,100 Thieves,120,4,8,5,6,0,0,100 Thieves,PACIFIC
371268,178825,Icebox,LEVIATÁN,LEVIATÁN,KRÜ Esports,LEVIATÁN,2359,KRÜ Esports,2355,10,2,0,3,0,0,LEVIATÁN,PACIFIC
371268,178826,Sunset,KRÜ Esports,LEVIATÁN,KRÜ Esports,LEVIATÁN,2359,KRÜ Esports,2355,10,2,2,3,0,0,LEVIATÁN,PACIFIC
371269,178828,Lotus,G2 Esports,G2 Esports,100 Thieves,G2 Esports,11058,100 Thieves,120,7,5,0,6,0,0,G2 Esports,PACIFIC
371269,178829,Abyss,100 Thieves,G2 Esports,100 Thieves,G2 Esports,11058,100 Thieves,120,7,5,5,6,0,0,G2 Esports,PACIFIC
371270,178831,Icebox,LEVIATÁN,LEVIATÁN,G2 Esports,LEVIATÁN,2359,G2 Esports,11058,2,10,3,6,0,0,G2 Esports,PACIFIC
371270,178832,Bind,G2 Esports,LEVIATÁN,G2 Esports,LEVIATÁN,2359,G2 Esports,11058,4,8,5,2,0,0,G2 Esports,PACIFIC
371272,178839,Icebox,100 Thieves,KRÜ Esports,100 Thieves,KRÜ Esports,2355,100 Thieves,120,6,6,7,3,0,0,100 Thieves,PACIFIC
371272,178840,Lotus,KRÜ Esports,KRÜ Esports,100 Thieves,KRÜ Esports,2355,100 Thieves,120,6,6,5,7,0,0,KRÜ Esports,PACIFIC
371272,178841,Ascent,Decider,100 Thieves,KRÜ Esports,KRÜ Esports,2355,100 Thieves,120,7,5,8,4,0,0,KRÜ Esports,PACIFIC
371273,178842,Icebox,LEVIATÁN,KRÜ Esports,LEVIATÁN,LEVIATÁN,2359,KRÜ Esports,2355,1,11,2,2,0,0,LEVIATÁN,PACIFIC
371273,178843,Haven,KRÜ Esports,LEVIATÁN,KRÜ Esports,LEVIATÁN,2359,KRÜ Esports,2355,7,5,8,4,0,0,KRÜ Esports,PACIFIC
371273,178844,Sunset,LEVIATÁN,LEVIATÁN,KRÜ Esports,LEVIATÁN,2359,KRÜ Esports,2355,3,9,4,4,0,0,KRÜ Esports,PACIFIC
371273,178845,Abyss,KRÜ Esports,LEVIATÁN,KRÜ Esports,LEVIATÁN,2359,KRÜ Esports,2355,8,4,6,5,0,0,LEVIATÁN,PACIFIC
371273,178846,Ascent,Decider,KRÜ Esports,LEVIATÁN,LEVIATÁN,2359,KRÜ Esports,2355,4,8,5,6,0,0,LEVIATÁN,PACIFIC
371271,178834,Lotus,G2 Esports,G2 Esports,LEVIATÁN,G2 Esports,11058,LEVIATÁN,2359,6,6,6,6,1,3,LEVIATÁN,PACIFIC
371271,178835,Haven,LEVIATÁN,LEVIATÁN,G2 Esports,G2 Esports,11058,LEVIATÁN,2359,7,5,7,5,4,2,LEVIATÁN,PACIFIC
371271,178836,Bind,G2 Esports,LEVIATÁN,G2 Esports,G2 Esports,11058,LEVIATÁN,2359,8,4,9,1,0,0,G2 Esports,PACIFIC
371271,178837,Ascent,LEVIATÁN,G2 Esports,LEVIATÁN,G2 Esports,11058,LEVIATÁN,2359,4,8,5,0,0,0,LEVIATÁN,PACIFIC
314622,163351,Icebox,Cloud9,Cloud9,LEVIATÁN,Cloud9,188,LEVIATÁN,2359,3,9,4,4,0,0,LEVIATÁN,PACIFIC
314622,163352,Sunset,LEVIATÁN,Cloud9,LEVIATÁN,Cloud9,188,LEVIATÁN,2359,6,6,1,7,0,0,Cloud9,PACIFIC
314622,163353,Ascent,Decider,Cloud9,LEVIATÁN,Cloud9,188,LEVIATÁN,2359,5,7,5,7,6,4,Cloud9,PACIFIC
314623,163354,Breeze,NRG,NRG,LOUD,NRG,1034,LOUD,6961,5,7,3,8,0,0,NRG,PACIFIC
314623,163355,Sunset,LOUD,LOUD,NRG,NRG,1034,LOUD,6961,2,10,3,0,0,0,NRG,PACIFIC
314624,163357,Lotus,G2 Esports,G2 Esports,Evil Geniuses,G2 Esports,11058,Evil Geniuses,5248,6,6,2,7,0,0,G2 Esports,PACIFIC
314624,163358,Icebox,Evil Geniuses,G2 Esports,Evil Geniuses,G2 Esports,11058,Evil Geniuses,5248,9,3,0,4,0,0,G2 Esports,PACIFIC
314625,163360,Icebox,100 Thieves,Sentinels,100 Thieves,Sentinels,2,100 Thieves,120,5,7,3,8,0,0,Sentinels,PACIFIC
314625,163361,Split,Sentinels,100 Thieves,Sentinels,Sentinels,2,100 Thieves,120,5,7,6,1,0,0,Sentinels,PACIFIC
314626,163363,Lotus,FURIA,FURIA,KRÜ Esports,KRÜ Esports,2355,FURIA,2406,2,10,3,5,0,0,KRÜ Esports,PACIFIC
314626,163364,Icebox,KRÜ Esports,KRÜ Esports,FURIA,KRÜ Esports,2355,FURIA,2406,4,8,5,7,0,0,FURIA,PACIFIC
314626,163365,Breeze,Decider,KRÜ Esports,FURIA,KRÜ Esports,2355,FURIA,2406,7,5,2,6,0,0,KRÜ Esports,PACIFIC
314628,163366,Bind,100 Thieves,G2 Esports,100 Thieves,G2 Esports,11058,100 Thieves,120,4,8,5,5,0,0,100 Thieves,PACIFIC
314628,163367,Split,G2 Esports,100 Thieves,G2 Esports,G2 Esports,11058,100 Thieves,120,8,4,4,5,0,0,100 Thieves,PACIFIC
314629,163369,Lotus,Sentinels,Sentinels,LEVIATÁN,Sentinels,2,LEVIATÁN,2359,3,9,3,9,5,7,LEVIATÁN,PACIFIC
314629,163370,Icebox,LEVIATÁN,Sentinels,LEVIATÁN,Sentinels,2,LEVIATÁN,2359,5,7,6,6,0,0,LEVIATÁN,PACIFIC
314630,163372,Icebox,KRÜ Esports,MIBR,KRÜ Esports,KRÜ Esports,2355,MIBR,7386,5,7,6,1,0,0,KRÜ Esports,PACIFIC
314630,163373,Sunset,MIBR,KRÜ Esports,MIBR,KRÜ Esports,2355,MIBR,7386,7,5,3,6,0,0,KRÜ Esports,PACIFIC
314631,163375,Split,FURIA,FURIA,NRG,NRG,1034,FURIA,2406,2,10,3,0,0,0,NRG,PACIFIC
314631,163376,Breeze,NRG,NRG,FURIA,NRG,1034,FURIA,2406,6,6,2,7,0,0,NRG,PACIFIC
314632,163378,Lotus,Cloud9,Cloud9,Evil Geniuses,Cloud9,188,Evil Geniuses,5248,7,5,8,2,0,0,Evil Geniuses,PACIFIC
314632,163379,Sunset,Evil Geniuses,Evil Geniuses,Cloud9,Cloud9,188,Evil Geniuses,5248,4,8,5,4,0,0,Cloud9,PACIFIC
314632,163380,Split,Decider,Cloud9,Evil Geniuses,Cloud9,188,Evil Geniuses,5248,10,2,2,3,0,0,Cloud9,PACIFIC
314634,163381,Lotus,Sentinels,Sentinels,MIBR,Sentinels,2,MIBR,7386,9,3,0,4,0,0,Sentinels,PACIFIC
314634,163382,Bind,MIBR,MIBR,Sentinels,Sentinels,2,MIBR,7386,3,9,4,4,0,0,Sentinels,PACIFIC
314635,163384,Bind,Cloud9,Cloud9,LOUD,Cloud9,188,LOUD,6961,6,6,7,5,0,0,LOUD,PACIFIC
314635,163385,Icebox,LOUD,LOUD,Cloud9,Cloud9,188,LOUD,6961,3,9,4,1,0,0,Cloud9,PACIFIC
314635,163386,Lotus,Decider,LOUD,Cloud9,Cloud9,188,LOUD,6961,6,6,7,3,0,0,Cloud9,PACIFIC
314636,163387,Lotus,Evil Geniuses,Evil Geniuses,KRÜ Esports,KRÜ Esports,2355,Evil Geniuses,5248,2,10,3,3,0,0,KRÜ Esports,PACIFIC
314636,163388,Breeze,KRÜ Esports,KRÜ Esports,Evil Geniuses,KRÜ Esports,2355,Evil Geniuses,5248,8,4,5,5,0,0,KRÜ Esports,PACIFIC
314637,163390,Sunset,NRG,LEVIATÁN,NRG,NRG,1034,LEVIATÁN,2359,10,2,2,3,0,0,LEVIATÁN,PACIFIC
314637,163391,Bind,LEVIATÁN,LEVIATÁN,NRG,NRG,1034,LEVIATÁN,2359,11,1,3,2,0,0,LEVIATÁN,PACIFIC
314638,163393,Lotus,FURIA,FURIA,G2 Esports,G2 Esports,11058,FURIA,2406,3,9,4,0,0,0,G2 Esports,PACIFIC
314638,163394,Icebox,G2 Esports,G2 Esports,FURIA,G2 Esports,11058,FURIA,2406,9,3,0,4,0,0,G2 Esports,PACIFIC
314639,163396,Bind,100 Thieves,100 Thieves,Cloud9,Cloud9,188,100 Thieves,120,8,4,3,5,0,0,100 Thieves,PACIFIC
314639,163397,Ascent,Cloud9,100 Thieves,Cloud9,Cloud9,188,100 Thieves,120,11,1,5,2,0,0,100 Thieves,PACIFIC
314640,163399,Lotus,Sentinels,Sentinels,Evil Geniuses,Sentinels,2,Evil Geniuses,5248,3,9,1,10,0,0,Sentinels,PACIFIC
314640,163400,Bind,Evil Geniuses,Evil Geniuses,Sentinels,Sentinels,2,Evil Geniuses,5248,2,10,1,11,0,0,Evil Geniuses,PACIFIC
314640,163401,Sunset,Decider,Evil Geniuses,Sentinels,Sentinels,2,Evil Geniuses,5248,6,6,4,7,0,0,Evil Geniuses,PACIFIC
314641,163402,Split,MIBR,MIBR,NRG,NRG,1034,MIBR,7386,5,7,6,4,0,0,NRG,PACIFIC
314641,163403,Breeze,NRG,NRG,MIBR,NRG,1034,MIBR,7386,9,3,0,4,0,0,NRG,PACIFIC
314642,163405,Breeze,LEVIATÁN,LEVIATÁN,G2 Esports,G2 Esports,11058,LEVIATÁN,2359,10,2,4,3,0,0,LEVIATÁN,PACIFIC
314642,163406,Icebox,G2 Esports,G2 Esports,LEVIATÁN,G2 Esports,11058,LEVIATÁN,2359,6,6,2,7,0,0,G2 Esports,PACIFIC
314642,163407,Lotus,Decider,G2 Esports,LEVIATÁN,G2 Esports,11058,LEVIATÁN,2359,5,7,6,4,0,0,LEVIATÁN,PACIFIC
314643,163408,Split,KRÜ Esports,KRÜ Esports,LOUD,KRÜ Esports,2355,LOUD,6961,5,7,1,8,0,0,KRÜ Esports,PACIFIC
314643,163409,Ascent,LOUD,KRÜ Esports,LOUD,KRÜ Esports,2355,LOUD,6961,7,5,3,6,0,0,KRÜ Esports,PACIFIC
314644,163411,Icebox,G2 Esports,G2 Esports,MIBR,G2 Esports,11058,MIBR,7386,7,5,4,6,0,0,G2 Esports,PACIFIC
314644,163412,Bind,MIBR,MIBR,G2 Esports,G2 Esports,11058,MIBR,7386,1,11,2,2,0,0,G2 Esports,PACIFIC
314645,163414,Lotus,Sentinels,Sentinels,LOUD,Sentinels,2,LOUD,6961,2,10,3,5,0,0,LOUD,PACIFIC
314645,163415,Icebox,LOUD,Sentinels,LOUD,Sentinels,2,LOUD,6961,5,7,6,3,0,0,LOUD,PACIFIC
314646,163417,Ascent,FURIA,Cloud9,FURIA,Cloud9,188,FURIA,2406,0,12,1,2,0,0,FURIA,PACIFIC
314646,163418,Lotus,Cloud9,Cloud9,FURIA,Cloud9,188,FURIA,2406,9,3,0,4,0,0,Cloud9,PACIFIC
314646,163419,Bind,Decider,Cloud9,FURIA,Cloud9,188,FURIA,2406,8,4,4,5,0,0,Cloud9,PACIFIC
314647,163420,Ascent,NRG,Evil Geniuses,NRG,NRG,1034,Evil Geniuses,5248,10,2,4,3,0,0,Evil Geniuses,PACIFIC
314647,163421,Lotus,Evil Geniuses,Evil Geniuses,NRG,NRG,1034,Evil Geniuses,5248,6,6,6,6,2,4,NRG,PACIFIC
314647,163422,Sunset,Decider,NRG,Evil Geniuses,NRG,1034,Evil Geniuses,5248,5,7,6,6,0,0,Evil Geniuses,PACIFIC
314648,163423,Sunset,100 Thieves,100 Thieves,KRÜ Esports,KRÜ Esports,2355,100 Thieves,120,5,7,6,2,0,0,KRÜ Esports,PACIFIC
314648,163424,Breeze,KRÜ Esports,100 Thieves,KRÜ Esports,KRÜ Esports,2355,100 Thieves,120,8,4,7,5,0,0,100 Thieves,PACIFIC
314648,163425,Split,Decider,100 Thieves,KRÜ Esports,KRÜ Esports,2355,100 Thieves,120,6,6,7,2,0,0,KRÜ Esports,PACIFIC
314650,163426,Split,Sentinels,Sentinels,FURIA,Sentinels,2,FURIA,2406,8,4,1,5,0,0,Sentinels,PACIFIC
314650,163427,Icebox,FURIA,Sentinels,FURIA,Sentinels,2,FURIA,2406,8,4,5,5,0,0,Sentinels,PACIFIC
314651,163429,Split,NRG,100 Thieves,NRG,NRG,1034,100 Thieves,120,5,7,1,8,0,0,100 Thieves,PACIFIC
314651,163430,Bind,100 Thieves,100 Thieves,NRG,NRG,1034,100 Thieves,120,8,4,3,5,0,0,100 Thieves,PACIFIC
314652,163432,Ascent,KRÜ Esports,LEVIATÁN,KRÜ Esports,KRÜ Esports,2355,LEVIATÁN,2359,9,3,1,4,0,0,LEVIATÁN,PACIFIC
314652,163433,Breeze,LEVIATÁN,LEVIATÁN,KRÜ Esports,KRÜ Esports,2355,LEVIATÁN,2359,8,4,8,4,0,2,KRÜ Esports,PACIFIC
314652,163434,Lotus,Decider,LEVIATÁN,KRÜ Esports,KRÜ Esports,2355,LEVIATÁN,2359,6,6,4,7,0,0,LEVIATÁN,PACIFIC
314653,163435,Icebox,Cloud9,Cloud9,MIBR,Cloud9,188,MIBR,7386,9,3,9,3,2,0,Cloud9,PACIFIC
314653,163436,Sunset,MIBR,MIBR,Cloud9,Cloud9,188,MIBR,7386,4,8,5,5,0,0,Cloud9,PACIFIC
314654,163438,Bind,G2 Esports,G2 Esports,LOUD,G2 Esports,11058,LOUD,6961,5,7,6,6,0,0,LOUD,PACIFIC
314654,163439,Icebox,LOUD,LOUD,G2 Esports,G2 Esports,11058,LOUD,6961,9,3,1,4,0,0,LOUD,PACIFIC
337407,168972,Lotus,Cloud9,Cloud9,G2 Esports,Cloud9,188,G2 Esports,11058,5,7,6,1,0,0,G2 Esports,PACIFIC
337407,168973,Ascent,G2 Esports,Cloud9,G2 Esports,Cloud9,188,G2 Esports,11058,5,7,5,7,1,3,G2 Esports,PACIFIC
337408,168975,Bind,100 Thieves,100 Thieves,LOUD,100 Thieves,120,LOUD,6961,8,4,2,5,0,0,100 Thieves,PACIFIC
337408,168976,Icebox,LOUD,100 Thieves,LOUD,100 Thieves,120,LOUD,6961,10,2,2,3,0,0,100 Thieves,PACIFIC
337409,168978,Icebox,KRÜ Esports,G2 Esports,KRÜ Esports,KRÜ Esports,2355,G2 Esports,11058,8,4,1,5,0,0,G2 Esports,PACIFIC
337409,168979,Ascent,G2 Esports,KRÜ Esports,G2 Esports,KRÜ Esports,2355,G2 Esports,11058,6,6,7,2,0,0,G2 Esports,PACIFIC
337410,168981,Bind,100 Thieves,100 Thieves,LEVIATÁN,LEVIATÁN,2359,100 Thieves,120,9,3,0,4,0,0,100 Thieves,PACIFIC
337410,168982,Sunset,LEVIATÁN,100 Thieves,LEVIATÁN,LEVIATÁN,2359,100 Thieves,120,4,8,4,8,0,2,LEVIATÁN,PACIFIC
337410,168983,Icebox,Decider,100 Thieves,LEVIATÁN,LEVIATÁN,2359,100 Thieves,120,6,6,4,7,0,0,100 Thieves,PACIFIC
337411,168984,Ascent,G2 Esports,100 Thieves,G2 Esports,G2 Esports,11058,100 Thieves,120,7,5,0,6,0,0,100 Thieves,PACIFIC
337411,168985,Bind,100 Thieves,G2 Esports,100 Thieves,G2 Esports,11058,100 Thieves,120,6,6,2,7,0,0,G2 Esports,PACIFIC
337411,168986,Split,Decider,G2 Esports,100 Thieves,G2 Esports,11058,100 Thieves,120,8,4,9,3,0,0,100 Thieves,PACIFIC
337413,168992,Lotus,LEVIATÁN,LEVIATÁN,KRÜ Esports,KRÜ Esports,2355,LEVIATÁN,2359,5,7,6,1,0,0,KRÜ Esports,PACIFIC
337413,168993,Icebox,KRÜ Esports,KRÜ Esports,LEVIATÁN,KRÜ Esports,2355,LEVIATÁN,2359,7,5,8,4,0,0,LEVIATÁN,PACIFIC
337413,168994,Sunset,Decider,LEVIATÁN,KRÜ Esports,KRÜ Esports,2355,LEVIATÁN,2359,5,7,1,8,0,0,LEVIATÁN,PACIFIC
337414,168995,Bind,G2 Esports,G2 Esports,LEVIATÁN,G2 Esports,11058,LEVIATÁN,2359,6,6,6,6,0,2,LEVIATÁN,PACIFIC
337414,168996,Breeze,LEVIATÁN,G2 Esports,LEVIATÁN,G2 Esports,11058,LEVIATÁN,2359,9,3,4,4,0,0,G2 Esports,PACIFIC
337414,168997,Icebox,G2 Esports,G2 Esports,LEVIATÁN,G2 Esports,11058,LEVIATÁN,2359,6,6,6,6,0,2,LEVIATÁN,PACIFIC
337414,168998,Lotus,LEVIATÁN,LEVIATÁN,G2 Esports,G2 Esports,11058,LEVIATÁN,2359,4,8,5,6,0,0,G2 Esports,PACIFIC
337414,168999,Ascent,Decider,LEVIATÁN,G2 Esports,G2 Esports,11058,LEVIATÁN,2359,7,5,8,4,0,0,G2 Esports,PACIFIC
337412,168987,Bind,100 Thieves,G2 Esports,100 Thieves,100 Thieves,120,G2 Esports,11058,8,4,9,1,0,0,100 Thieves,PACIFIC
337412,168988,Breeze,G2 Esports,100 Thieves,G2 Esports,100 Thieves,120,G2 Esports,11058,6,6,1,7,0,0,100 Thieves,PACIFIC
337412,168989,Sunset,100 Thieves,100 Thieves,G2 Esports,100 Thieves,120,G2 Esports,11058,8,4,4,5,0,0,100 Thieves,PACIFIC
295605,153722,Breeze,FURIA,NRG,FURIA,NRG,1034,FURIA,2406,8,4,6,5,0,0,NRG,PACIFIC
295605,153723,Ascent,NRG,FURIA,NRG,NRG,1034,FURIA,2406,6,6,7,2,0,0,NRG,PACIFIC
295606,153725,Bind,Cloud9,Cloud9,MIBR,Cloud9,188,MIBR,7386,5,7,4,8,0,0,Cloud9,PACIFIC
295606,153726,Split,MIBR,Cloud9,MIBR,Cloud9,188,MIBR,7386,6,6,7,2,0,0,MIBR,PACIFIC
295606,153727,Lotus,Decider,MIBR,Cloud9,Cloud9,188,MIBR,7386,7,5,8,3,0,0,Cloud9,PACIFIC
295610,153737,Split,Sentinels,Sentinels,LOUD,LOUD,6961,Sentinels,2,8,4,9,3,0,0,LOUD,PACIFIC
295610,153738,Ascent,LOUD,Sentinels,LOUD,LOUD,6961,Sentinels,2,7,5,8,2,0,0,LOUD,PACIFIC
295611,153740,Bind,100 Thieves,100 Thieves,LEVIATÁN,LEVIATÁN,2359,100 Thieves,120,5,7,6,4,0,0,LEVIATÁN,PACIFIC
295611,153741,Split,LEVIATÁN,100 Thieves,LEVIATÁN,LEVIATÁN,2359,100 Thieves,120,9,3,0,4,0,0,100 Thieves,PACIFIC
295611,153742,Icebox,Decider,LEVIATÁN,100 Thieves,LEVIATÁN,2359,100 Thieves,120,7,5,6,6,0,0,LEVIATÁN,PACIFIC
295615,153752,Icebox,G2 Esports,KRÜ Esports,G2 Esports,KRÜ Esports,2355,G2 Esports,11058,6,6,3,7,0,0,KRÜ Esports,PACIFIC
295615,153753,Sunset,KRÜ Esports,G2 Esports,KRÜ Esports,KRÜ Esports,2355,G2 Esports,11058,6,6,3,7,0,0,G2 Esports,PACIFIC
295615,153754,Ascent,Decider,G2 Esports,KRÜ Esports,KRÜ Esports,2355,G2 Esports,11058,5,7,4,8,0,0,G2 Esports,PACIFIC
295608,153731,Split,MIBR,MIBR,FURIA,FURIA,2406,MIBR,7386,5,7,2,8,0,0,MIBR,PACIFIC
295608,153732,Breeze,FURIA,FURIA,MIBR,FURIA,2406,MIBR,7386,8,4,9,3,0,0,MIBR,PACIFIC
295613,153746,Lotus,100 Thieves,100 Thieves,Sentinels,Sentinels,2,100 Thieves,120,3,9,4,2,0,0,Sentinels,PACIFIC
295613,153747,Bind,Sentinels,Sentinels,100 Thieves,Sentinels,2,100 Thieves,120,4,8,5,2,0,0,100 Thieves,PACIFIC
295613,153748,Split,Decider,100 Thieves,Sentinels,Sentinels,2,100 Thieves,120,5,7,6,3,0,0,Sentinels,PACIFIC
295607,153728,Sunset,Cloud9,NRG,Cloud9,NRG,1034,Cloud9,188,8,4,3,5,0,0,NRG,PACIFIC
295607,153729,Ascent,NRG,Cloud9,NRG,NRG,1034,Cloud9,188,7,5,7,5,0,2,NRG,PACIFIC
295612,153743,Bind,LEVIATÁN,LOUD,LEVIATÁN,LOUD,6961,LEVIATÁN,2359,3,9,4,8,0,0,LEVIATÁN,PACIFIC
295612,153744,Split,LOUD,LOUD,LEVIATÁN,LOUD,6961,LEVIATÁN,2359,6,6,4,7,0,0,LOUD,PACIFIC
295612,153745,Ascent,Decider,LEVIATÁN,LOUD,LOUD,6961,LEVIATÁN,2359,3,9,4,4,0,0,LOUD,PACIFIC
295617,153758,Sunset,G2 Esports,Evil Geniuses,G2 Esports,G2 Esports,11058,Evil Geniuses,5248,4,8,4,8,3,1,Evil Geniuses,PACIFIC
295617,153759,Icebox,Evil Geniuses,Evil Geniuses,G2 Esports,G2 Esports,11058,Evil Geniuses,5248,7,5,6,6,0,0,Evil Geniuses,PACIFIC
295609,153734,Bind,Cloud9,Cloud9,MIBR,Cloud9,188,MIBR,7386,5,7,5,7,0,2,MIBR,PACIFIC
295609,153735,Ascent,MIBR,Cloud9,MIBR,Cloud9,188,MIBR,7386,5,7,6,4,0,0,MIBR,PACIFIC
295614,153749,Split,Sentinels,Sentinels,LEVIATÁN,LEVIATÁN,2359,Sentinels,2,9,3,0,4,0,0,Sentinels,PACIFIC
295614,153750,Breeze,LEVIATÁN,Sentinels,LEVIATÁN,LEVIATÁN,2359,Sentinels,2,3,9,4,3,0,0,LEVIATÁN,PACIFIC
295614,153751,Bind,Decider,LEVIATÁN,Sentinels,LEVIATÁN,2359,Sentinels,2,6,6,7,3,0,0,Sentinels,PACIFIC
295619,153764,Split,KRÜ Esports,G2 Esports,KRÜ Esports,G2 Esports,11058,KRÜ Esports,2355,7,5,3,6,0,0,G2 Esports,PACIFIC
295619,153765,Sunset,G2 Esports,G2 Esports,KRÜ Esports,G2 Esports,11058,KRÜ Esports,2355,5,7,1,8,0,0,G2 Esports,PACIFIC
307572,161397,Split,Sentinels,Sentinels,MIBR,MIBR,7386,Sentinels,2,10,2,5,3,0,0,Sentinels,PACIFIC
307572,161398,Ascent,MIBR,Sentinels,MIBR,MIBR,7386,Sentinels,2,7,5,1,6,0,0,Sentinels,PACIFIC
307573,161400,Sunset,G2 Esports,G2 Esports,MIBR,G2 Esports,11058,MIBR,7386,6,6,7,3,0,0,MIBR,PACIFIC
307573,161401,Split,MIBR,G2 Esports,MIBR,G2 Esports,11058,MIBR,7386,5,7,5,7,3,1,G2 Esports,PACIFIC
307573,161402,Breeze,Decider,G2 Esports,MIBR,G2 Esports,11058,MIBR,7386,6,6,7,4,0,0,MIBR,PACIFIC
307574,161403,Sunset,Sentinels,G2 Esports,Sentinels,Sentinels,2,G2 Esports,11058,8,4,9,0,0,0,Sentinels,PACIFIC
307574,161404,Breeze,G2 Esports,Sentinels,G2 Esports,Sentinels,2,G2 Esports,11058,3,9,4,6,0,0,G2 Esports,PACIFIC
307574,161405,Split,Decider,Sentinels,G2 Esports,Sentinels,2,G2 Esports,11058,7,5,8,2,0,0,G2 Esports,PACIFIC
303087,160718,Ascent,LOUD,Evil Geniuses,LOUD,Evil Geniuses,5248,LOUD,6961,9,3,4,4,0,0,Evil Geniuses,PACIFIC
303087,160719,Icebox,Evil Geniuses,Evil Geniuses,LOUD,Evil Geniuses,5248,LOUD,6961,4,8,5,3,0,0,LOUD,PACIFIC
303087,160720,Sunset,Decider,LOUD,Evil Geniuses,Evil Geniuses,5248,LOUD,6961,8,4,1,5,0,0,LOUD,PACIFIC
303088,160721,Sunset,Sentinels,NRG,Sentinels,NRG,1034,Sentinels,2,7,5,7,5,2,4,Sentinels,PACIFIC
303088,160722,Ascent,NRG,Sentinels,NRG,NRG,1034,Sentinels,2,4,8,5,4,0,0,NRG,PACIFIC
303088,160723,Split,Decider,Sentinels,NRG,NRG,1034,Sentinels,2,11,1,2,2,0,0,Sentinels,PACIFIC
303086,160715,Sunset,LOUD,LOUD,Sentinels,LOUD,6961,Sentinels,2,4,8,5,5,0,0,Sentinels,PACIFIC
303086,160716,Split,Sentinels,Sentinels,LOUD,LOUD,6961,Sentinels,2,9,3,0,4,0,0,Sentinels,PACIFIC
303086,160717,Icebox,LOUD,Sentinels,LOUD,LOUD,6961,Sentinels,2,4,8,5,7,0,0,LOUD,PACIFIC
303086,160724,Bind,Sentinels,Sentinels,LOUD,LOUD,6961,Sentinels,2,3,9,4,5,0,0,LOUD,PACIFIC
303086,160725,Lotus,Decider,LOUD,Sentinels,LOUD,6961,Sentinels,2,2,10,3,2,0,0,Sentinels,PACIFIC
247100,137395,Fracture,Natus Vincere,Natus Vincere,Team Liquid,Team Liquid,474,Natus Vincere,4915,6,6,5,7,0,0,Natus Vincere,PACIFIC
247100,137396,Bind,Team Liquid,Natus Vincere,Team Liquid,Team Liquid,474,Natus Vincere,4915,5,7,5,7,5,3,Natus Vincere,PACIFIC
247101,137398,Lotus,LOUD,LOUD,KIWOOM DRX,KIWOOM DRX,8185,LOUD,6961,5,7,5,7,3,1,LOUD,PACIFIC
247101,137399,Split,KIWOOM DRX,KIWOOM DRX,LOUD,KIWOOM DRX,8185,LOUD,6961,8,4,2,5,0,0,KIWOOM DRX,PACIFIC
247101,137400,Ascent,Decider,KIWOOM DRX,LOUD,KIWOOM DRX,8185,LOUD,6961,8,4,4,5,0,0,KIWOOM DRX,PACIFIC
247087,137368,Pearl,T1,FUT Esports,T1,FUT Esports,1184,T1,14,9,3,1,4,0,0,FUT Esports,PACIFIC
247087,137369,Haven,FUT Esports,FUT Esports,T1,FUT Esports,1184,T1,14,7,5,2,6,0,0,FUT Esports,PACIFIC
247086,137365,Ascent,Evil Geniuses,Evil Geniuses,FunPlus Phoenix,Evil Geniuses,5248,FunPlus Phoenix,11328,6,6,2,7,0,0,Evil Geniuses,PACIFIC
247086,137366,Pearl,FunPlus Phoenix,Evil Geniuses,FunPlus Phoenix,Evil Geniuses,5248,FunPlus Phoenix,11328,9,3,5,4,0,0,Evil Geniuses,PACIFIC
247102,137401,Bind,Natus Vincere,Natus Vincere,KIWOOM DRX,Natus Vincere,4915,KIWOOM DRX,8185,8,4,8,4,1,3,KIWOOM DRX,PACIFIC
247102,137402,Split,KIWOOM DRX,Natus Vincere,KIWOOM DRX,Natus Vincere,4915,KIWOOM DRX,8185,6,6,3,7,0,0,Natus Vincere,PACIFIC
247102,137403,Lotus,Decider,Natus Vincere,KIWOOM DRX,Natus Vincere,4915,KIWOOM DRX,8185,6,6,6,6,0,2,KIWOOM DRX,PACIFIC
247094,137383,Lotus,Bilibili Gaming,Bilibili Gaming,NRG,NRG,1034,Bilibili Gaming,12010,5,7,5,7,2,0,Bilibili Gaming,PACIFIC
247094,137384,Split,NRG,Bilibili Gaming,NRG,NRG,1034,Bilibili Gaming,12010,8,4,4,5,0,0,Bilibili Gaming,PACIFIC
247093,137380,Fracture,ZETA DIVISION,ZETA DIVISION,FNATIC,FNATIC,2593,ZETA DIVISION,5448,4,8,5,1,0,0,FNATIC,PACIFIC
247093,137381,Haven,FNATIC,ZETA DIVISION,FNATIC,FNATIC,2593,ZETA DIVISION,5448,5,7,6,1,0,0,FNATIC,PACIFIC
247088,137371,Pearl,Evil Geniuses,Evil Geniuses,FUT Esports,Evil Geniuses,5248,FUT Esports,1184,9,3,9,3,3,1,Evil Geniuses,PACIFIC
247088,137372,Bind,FUT Esports,Evil Geniuses,FUT Esports,Evil Geniuses,5248,FUT Esports,1184,6,6,3,7,0,0,Evil Geniuses,PACIFIC
247075,137350,Split,KRÜ Esports,KRÜ Esports,Paper Rex,Paper Rex,624,KRÜ Esports,2355,4,8,5,3,0,0,Paper Rex,PACIFIC
247075,137351,Pearl,Paper Rex,KRÜ Esports,Paper Rex,Paper Rex,624,KRÜ Esports,2355,4,8,5,4,0,0,Paper Rex,PACIFIC
247076,137353,Split,Giants Gaming,EDward Gaming,Giants Gaming,EDward Gaming,1120,Giants Gaming,2304,3,9,3,9,1,3,Giants Gaming,PACIFIC
247076,137354,Bind,EDward Gaming,Giants Gaming,EDward Gaming,EDward Gaming,1120,Giants Gaming,2304,6,6,7,5,0,0,EDward Gaming,PACIFIC
247076,137355,Ascent,Decider,Giants Gaming,EDward Gaming,EDward Gaming,1120,Giants Gaming,2304,5,7,6,3,0,0,EDward Gaming,PACIFIC
247095,137386,Haven,Bilibili Gaming,Bilibili Gaming,FNATIC,FNATIC,2593,Bilibili Gaming,12010,2,10,3,0,0,0,FNATIC,PACIFIC
247095,137387,Lotus,FNATIC,Bilibili Gaming,FNATIC,FNATIC,2593,Bilibili Gaming,12010,3,9,4,5,0,0,FNATIC,PACIFIC
247103,137404,Haven,LOUD,LOUD,Team Liquid,Team Liquid,474,LOUD,6961,10,2,0,3,0,0,LOUD,PACIFIC
247103,137405,Split,Team Liquid,Team Liquid,LOUD,Team Liquid,474,LOUD,6961,6,6,7,2,0,0,LOUD,PACIFIC
247089,137374,Lotus,FunPlus Phoenix,T1,FunPlus Phoenix,FunPlus Phoenix,11328,T1,14,5,7,3,8,0,0,T1,PACIFIC
247089,137375,Bind,T1,FunPlus Phoenix,T1,FunPlus Phoenix,11328,T1,14,3,9,4,4,0,0,T1,PACIFIC
247077,137356,Fracture,EDward Gaming,EDward Gaming,Paper Rex,Paper Rex,624,EDward Gaming,1120,4,8,5,3,0,0,Paper Rex,PACIFIC
247077,137357,Pearl,Paper Rex,Paper Rex,EDward Gaming,Paper Rex,624,EDward Gaming,1120,5,7,5,7,4,2,Paper Rex,PACIFIC
247078,137359,Lotus,KRÜ Esports,Giants Gaming,KRÜ Esports,KRÜ Esports,2355,Giants Gaming,2304,5,7,3,8,0,0,Giants Gaming,PACIFIC
247078,137360,Pearl,Giants Gaming,Giants Gaming,KRÜ Esports,KRÜ Esports,2355,Giants Gaming,2304,7,5,7,5,2,0,Giants Gaming,PACIFIC
247096,137389,Bind,ZETA DIVISION,ZETA DIVISION,NRG,ZETA DIVISION,5448,NRG,1034,7,5,7,5,1,3,NRG,PACIFIC
247096,137390,Haven,NRG,ZETA DIVISION,NRG,ZETA DIVISION,5448,NRG,1034,1,11,2,0,0,0,NRG,PACIFIC
247104,137407,Pearl,Natus Vincere,Natus Vincere,LOUD,Natus Vincere,4915,LOUD,6961,8,4,7,5,0,0,Natus Vincere,PACIFIC
247104,137408,Ascent,LOUD,Natus Vincere,LOUD,Natus Vincere,4915,LOUD,6961,6,6,7,5,0,0,LOUD,PACIFIC
247104,137409,Bind,Decider,Natus Vincere,LOUD,Natus Vincere,4915,LOUD,6961,5,7,6,6,0,0,LOUD,PACIFIC
247090,137377,Bind,T1,FUT Esports,T1,FUT Esports,1184,T1,14,10,2,8,3,0,0,FUT Esports,PACIFIC
247090,137378,Pearl,FUT Esports,T1,FUT Esports,FUT Esports,1184,T1,14,5,7,5,7,0,2,FUT Esports,PACIFIC
247079,137362,Split,Giants Gaming,Giants Gaming,EDward Gaming,EDward Gaming,1120,Giants Gaming,2304,3,9,4,3,0,0,EDward Gaming,PACIFIC
247079,137363,Fracture,EDward Gaming,EDward Gaming,Giants Gaming,EDward Gaming,1120,Giants Gaming,2304,8,4,3,5,0,0,EDward Gaming,PACIFIC
247098,137392,Bind,NRG,Bilibili Gaming,NRG,Bilibili Gaming,12010,NRG,1034,5,7,3,8,0,0,Bilibili Gaming,PACIFIC
247098,137393,Ascent,Bilibili Gaming,NRG,Bilibili Gaming,Bilibili Gaming,12010,NRG,1034,4,8,5,1,0,0,Bilibili Gaming,PACIFIC
248270,137618,Ascent,LOUD,FNATIC,LOUD,FNATIC,2593,LOUD,6961,6,6,7,5,0,0,LOUD,PACIFIC
248270,137619,Lotus,FNATIC,FNATIC,LOUD,FNATIC,2593,LOUD,6961,4,8,5,2,0,0,LOUD,PACIFIC
248271,137621,Ascent,FUT Esports,FUT Esports,Paper Rex,Paper Rex,624,FUT Esports,1184,8,4,9,2,0,0,Paper Rex,PACIFIC
248271,137622,Pearl,Paper Rex,FUT Esports,Paper Rex,Paper Rex,624,FUT Esports,1184,1,11,2,3,0,0,Paper Rex,PACIFIC
248272,137624,Lotus,Bilibili Gaming,Bilibili Gaming,KIWOOM DRX,KIWOOM DRX,8185,Bilibili Gaming,12010,10,2,11,0,0,0,KIWOOM DRX,PACIFIC
248272,137625,Haven,KIWOOM DRX,Bilibili Gaming,KIWOOM DRX,KIWOOM DRX,8185,Bilibili Gaming,12010,5,7,6,4,0,0,KIWOOM DRX,PACIFIC
248273,137627,Split,EDward Gaming,Evil Geniuses,EDward Gaming,Evil Geniuses,5248,EDward Gaming,1120,4,8,4,8,0,2,EDward Gaming,PACIFIC
248273,137628,Ascent,Evil Geniuses,Evil Geniuses,EDward Gaming,Evil Geniuses,5248,EDward Gaming,1120,8,4,1,5,0,0,Evil Geniuses,PACIFIC
248273,137629,Pearl,Decider,Evil Geniuses,EDward Gaming,Evil Geniuses,5248,EDward Gaming,1120,8,4,1,5,0,0,Evil Geniuses,PACIFIC
248278,137644,Split,FNATIC,FUT Esports,FNATIC,FNATIC,2593,FUT Esports,1184,2,10,3,3,0,0,FNATIC,PACIFIC
248278,137645,Haven,FUT Esports,FUT Esports,FNATIC,FNATIC,2593,FUT Esports,1184,7,5,8,2,0,0,FNATIC,PACIFIC
248279,137647,Bind,Bilibili Gaming,Bilibili Gaming,EDward Gaming,Bilibili Gaming,12010,EDward Gaming,1120,2,10,3,2,0,0,EDward Gaming,PACIFIC
248279,137648,Split,EDward Gaming,Bilibili Gaming,EDward Gaming,Bilibili Gaming,12010,EDward Gaming,1120,8,4,8,4,3,1,Bilibili Gaming,PACIFIC
248279,137649,Haven,Decider,EDward Gaming,Bilibili Gaming,Bilibili Gaming,12010,EDward Gaming,1120,6,6,4,7,0,0,EDward Gaming,PACIFIC
248274,137630,Lotus,LOUD,LOUD,Paper Rex,LOUD,6961,Paper Rex,624,7,5,7,5,1,3,Paper Rex,PACIFIC
248274,137631,Split,Paper Rex,Paper Rex,LOUD,LOUD,6961,Paper Rex,624,2,10,3,0,0,0,LOUD,PACIFIC
248274,137632,Pearl,Decider,LOUD,Paper Rex,LOUD,6961,Paper Rex,624,5,7,6,5,0,0,Paper Rex,PACIFIC
248275,137633,Fracture,Evil Geniuses,Evil Geniuses,KIWOOM DRX,KIWOOM DRX,8185,Evil Geniuses,5248,8,4,5,5,0,0,Evil Geniuses,PACIFIC
248275,137634,Lotus,KIWOOM DRX,KIWOOM DRX,Evil Geniuses,KIWOOM DRX,8185,Evil Geniuses,5248,2,10,3,2,0,0,Evil Geniuses,PACIFIC
248281,137653,Bind,EDward Gaming,LOUD,EDward Gaming,LOUD,6961,EDward Gaming,1120,6,6,7,5,0,0,EDward Gaming,PACIFIC
248281,137654,Ascent,LOUD,LOUD,EDward Gaming,LOUD,6961,EDward Gaming,1120,8,4,1,5,0,0,LOUD,PACIFIC
248281,137655,Haven,Decider,LOUD,EDward Gaming,LOUD,6961,EDward Gaming,1120,6,6,5,7,0,0,LOUD,PACIFIC
248280,137650,Bind,FNATIC,KIWOOM DRX,FNATIC,KIWOOM DRX,8185,FNATIC,2593,11,1,0,2,0,0,KIWOOM DRX,PACIFIC
248280,137651,Haven,KIWOOM DRX,KIWOOM DRX,FNATIC,KIWOOM DRX,8185,FNATIC,2593,6,6,7,3,0,0,FNATIC,PACIFIC
248280,137652,Split,Decider,KIWOOM DRX,FNATIC,KIWOOM DRX,8185,FNATIC,2593,5,7,6,1,0,0,FNATIC,PACIFIC
248276,137636,Ascent,Evil Geniuses,Evil Geniuses,Paper Rex,Paper Rex,624,Evil Geniuses,5248,5,7,3,8,0,0,Evil Geniuses,PACIFIC
248276,137637,Bind,Paper Rex,Evil Geniuses,Paper Rex,Paper Rex,624,Evil Geniuses,5248,7,5,8,2,0,0,Paper Rex,PACIFIC
248276,137638,Pearl,Decider,Evil Geniuses,Paper Rex,Paper Rex,624,Evil Geniuses,5248,6,6,6,6,1,3,Paper Rex,PACIFIC
248282,137656,Split,FNATIC,FNATIC,LOUD,FNATIC,2593,LOUD,6961,4,8,5,0,0,0,LOUD,PACIFIC
248282,137657,Ascent,LOUD,FNATIC,LOUD,FNATIC,2593,LOUD,6961,5,7,2,8,0,0,FNATIC,PACIFIC
248282,137658,Haven,Decider,LOUD,FNATIC,FNATIC,2593,LOUD,6961,8,4,3,5,0,0,LOUD,PACIFIC
248283,137659,Ascent,Evil Geniuses,LOUD,Evil Geniuses,Evil Geniuses,5248,LOUD,6961,5,7,5,7,0,2,Evil Geniuses,PACIFIC
248283,137660,Lotus,LOUD,LOUD,Evil Geniuses,Evil Geniuses,5248,LOUD,6961,2,10,3,2,0,0,Evil Geniuses,PACIFIC
248283,137661,Pearl,Evil Geniuses,Evil Geniuses,LOUD,Evil Geniuses,5248,LOUD,6961,3,9,4,5,0,0,LOUD,PACIFIC
248283,137662,Split,LOUD,Evil Geniuses,LOUD,Evil Geniuses,5248,LOUD,6961,3,9,4,4,0,0,LOUD,PACIFIC
248283,137663,Bind,Decider,LOUD,Evil Geniuses,Evil Geniuses,5248,LOUD,6961,5,7,6,3,0,0,Evil Geniuses,PACIFIC
248277,137639,Split,Paper Rex,Evil Geniuses,Paper Rex,Paper Rex,624,Evil Geniuses,5248,4,8,2,9,0,0,Evil Geniuses,PACIFIC
248277,137640,Ascent,Evil Geniuses,Evil Geniuses,Paper Rex,Paper Rex,624,Evil Geniuses,5248,5,7,6,6,0,0,Paper Rex,PACIFIC
248277,137641,Bind,Paper Rex,Evil Geniuses,Paper Rex,Paper Rex,624,Evil Geniuses,5248,9,3,2,4,0,0,Evil Geniuses,PACIFIC
248277,137642,Lotus,Evil Geniuses,Evil Geniuses,Paper Rex,Paper Rex,624,Evil Geniuses,5248,5,7,3,8,0,0,Evil Geniuses,PACIFIC
232729,134548,Bind,KRÜ Esports,KRÜ Esports,MIBR,MIBR,7386,KRÜ Esports,2355,9,3,4,4,0,0,KRÜ Esports,PACIFIC
232729,134549,Lotus,MIBR,MIBR,KRÜ Esports,MIBR,7386,KRÜ Esports,2355,3,9,4,5,0,0,KRÜ Esports,PACIFIC
232731,134554,Split,KRÜ Esports,KRÜ Esports,FURIA,FURIA,2406,KRÜ Esports,2355,5,7,5,7,0,2,FURIA,PACIFIC
232731,134555,Ascent,FURIA,FURIA,KRÜ Esports,FURIA,2406,KRÜ Esports,2355,3,9,4,1,0,0,KRÜ Esports,PACIFIC
232731,134556,Bind,Decider,FURIA,KRÜ Esports,FURIA,2406,KRÜ Esports,2355,7,5,8,4,0,0,KRÜ Esports,PACIFIC
232730,134551,Pearl,100 Thieves,Sentinels,100 Thieves,Sentinels,2,100 Thieves,120,9,3,9,3,0,2,100 Thieves,PACIFIC
232730,134552,Split,Sentinels,100 Thieves,Sentinels,Sentinels,2,100 Thieves,120,7,5,8,0,0,0,Sentinels,PACIFIC
232730,134553,Bind,Decider,100 Thieves,Sentinels,Sentinels,2,100 Thieves,120,2,10,3,5,0,0,Sentinels,PACIFIC
232732,134557,Pearl,Sentinels,Sentinels,Cloud9,Cloud9,188,Sentinels,2,4,8,5,4,0,0,Cloud9,PACIFIC
232732,134558,Fracture,Cloud9,Sentinels,Cloud9,Cloud9,188,Sentinels,2,9,3,2,4,0,0,Sentinels,PACIFIC
232732,134559,Split,Decider,Sentinels,Cloud9,Cloud9,188,Sentinels,2,4,8,5,4,0,0,Cloud9,PACIFIC
232733,134560,Split,KRÜ Esports,LEVIATÁN,KRÜ Esports,LEVIATÁN,2359,KRÜ Esports,2355,3,9,4,2,0,0,KRÜ Esports,PACIFIC
232733,134561,Lotus,LEVIATÁN,KRÜ Esports,LEVIATÁN,LEVIATÁN,2359,KRÜ Esports,2355,7,5,2,6,0,0,KRÜ Esports,PACIFIC
232734,134563,Ascent,KRÜ Esports,Cloud9,KRÜ Esports,Cloud9,188,KRÜ Esports,2355,8,4,0,5,0,0,Cloud9,PACIFIC
232734,134564,Pearl,Cloud9,Cloud9,KRÜ Esports,Cloud9,188,KRÜ Esports,2355,0,12,1,4,0,0,KRÜ Esports,PACIFIC
232734,134565,Haven,Decider,Cloud9,KRÜ Esports,Cloud9,188,KRÜ Esports,2355,4,8,5,2,0,0,KRÜ Esports,PACIFIC
232736,134571,Fracture,LEVIATÁN,Sentinels,LEVIATÁN,Sentinels,2,LEVIATÁN,2359,6,6,7,2,0,0,LEVIATÁN,PACIFIC
232736,134572,Split,Sentinels,LEVIATÁN,Sentinels,Sentinels,2,LEVIATÁN,2359,8,4,0,5,0,0,LEVIATÁN,PACIFIC
232737,134574,Lotus,Cloud9,LEVIATÁN,Cloud9,Cloud9,188,LEVIATÁN,2359,4,8,5,3,0,0,Cloud9,PACIFIC
232737,134575,Pearl,LEVIATÁN,LEVIATÁN,Cloud9,Cloud9,188,LEVIATÁN,2359,6,6,7,3,0,0,Cloud9,PACIFIC
232737,134576,Split,Cloud9,LEVIATÁN,Cloud9,Cloud9,188,LEVIATÁN,2359,6,6,5,7,0,0,LEVIATÁN,PACIFIC
232737,134577,Haven,LEVIATÁN,LEVIATÁN,Cloud9,Cloud9,188,LEVIATÁN,2359,3,9,1,10,0,0,LEVIATÁN,PACIFIC
232737,134578,Bind,Decider,Cloud9,LEVIATÁN,Cloud9,188,LEVIATÁN,2359,5,7,6,2,0,0,LEVIATÁN,PACIFIC
232735,134566,Split,KRÜ Esports,LEVIATÁN,KRÜ Esports,KRÜ Esports,2355,LEVIATÁN,2359,3,9,4,2,0,0,KRÜ Esports,PACIFIC
232735,134567,Pearl,LEVIATÁN,KRÜ Esports,LEVIATÁN,KRÜ Esports,2355,LEVIATÁN,2359,7,5,8,1,0,0,LEVIATÁN,PACIFIC
232735,134568,Ascent,KRÜ Esports,LEVIATÁN,KRÜ Esports,KRÜ Esports,2355,LEVIATÁN,2359,5,7,6,1,0,0,KRÜ Esports,PACIFIC
232735,134569,Lotus,LEVIATÁN,KRÜ Esports,LEVIATÁN,KRÜ Esports,2355,LEVIATÁN,2359,6,6,4,7,0,0,KRÜ Esports,PACIFIC
183774,118923,Fracture,Sentinels,Sentinels,100 Thieves,Sentinels,2,100 Thieves,120,7,5,6,6,0,0,Sentinels,PACIFIC
183774,118924,Split,100 Thieves,Sentinels,100 Thieves,Sentinels,2,100 Thieves,120,7,5,7,5,0,2,100 Thieves,PACIFIC
183774,118925,Ascent,Decider,Sentinels,100 Thieves,Sentinels,2,100 Thieves,120,4,8,4,8,2,0,Sentinels,PACIFIC
183775,118926,Split,KRÜ Esports,FURIA,KRÜ Esports,KRÜ Esports,2355,FURIA,2406,6,6,5,7,0,0,FURIA,PACIFIC
183775,118927,Ascent,FURIA,KRÜ Esports,FURIA,KRÜ Esports,2355,FURIA,2406,5,7,6,0,0,0,FURIA,PACIFIC
183776,118929,Split,LOUD,LOUD,MIBR,LOUD,6961,MIBR,7386,8,4,1,5,0,0,LOUD,PACIFIC
183776,118930,Lotus,MIBR,MIBR,LOUD,LOUD,6961,MIBR,7386,7,5,6,6,0,0,MIBR,PACIFIC
183776,118931,Haven,Decider,MIBR,LOUD,LOUD,6961,MIBR,7386,4,8,5,7,0,0,LOUD,PACIFIC
183777,118932,Pearl,Evil Geniuses,Evil Geniuses,Cloud9,Evil Geniuses,5248,Cloud9,188,9,3,10,2,0,0,Cloud9,PACIFIC
183777,118933,Fracture,Cloud9,Evil Geniuses,Cloud9,Evil Geniuses,5248,Cloud9,188,4,8,5,5,0,0,Cloud9,PACIFIC
183778,118935,Pearl,LEVIATÁN,LEVIATÁN,NRG,LEVIATÁN,2359,NRG,1034,6,6,5,7,0,0,LEVIATÁN,PACIFIC
183778,118936,Lotus,NRG,LEVIATÁN,NRG,LEVIATÁN,2359,NRG,1034,8,4,0,5,0,0,LEVIATÁN,PACIFIC
183779,118938,Split,Cloud9,LOUD,Cloud9,Cloud9,188,LOUD,6961,4,8,5,3,0,0,Cloud9,PACIFIC
183779,118939,Ascent,LOUD,Cloud9,LOUD,Cloud9,188,LOUD,6961,3,9,4,5,0,0,LOUD,PACIFIC
183779,118940,Pearl,Decider,LOUD,Cloud9,Cloud9,188,LOUD,6961,8,4,3,5,0,0,LOUD,PACIFIC
183780,118941,Pearl,LEVIATÁN,LEVIATÁN,FURIA,LEVIATÁN,2359,FURIA,2406,3,9,2,10,0,0,LEVIATÁN,PACIFIC
183780,118942,Icebox,FURIA,LEVIATÁN,FURIA,LEVIATÁN,2359,FURIA,2406,2,10,3,3,0,0,FURIA,PACIFIC
183780,118943,Ascent,Decider,LEVIATÁN,FURIA,LEVIATÁN,2359,FURIA,2406,9,3,10,1,0,0,FURIA,PACIFIC
183781,118944,Lotus,Sentinels,Sentinels,NRG,NRG,1034,Sentinels,2,3,9,4,7,0,0,NRG,PACIFIC
183781,118945,Icebox,NRG,NRG,Sentinels,NRG,1034,Sentinels,2,10,2,0,3,0,0,NRG,PACIFIC
183782,118947,Ascent,KRÜ Esports,MIBR,KRÜ Esports,MIBR,7386,KRÜ Esports,2355,7,5,8,2,0,0,KRÜ Esports,PACIFIC
183782,118948,Lotus,MIBR,MIBR,KRÜ Esports,MIBR,7386,KRÜ Esports,2355,4,8,3,9,0,0,MIBR,PACIFIC
183782,118949,Pearl,Decider,KRÜ Esports,MIBR,MIBR,7386,KRÜ Esports,2355,5,7,5,7,0,2,MIBR,PACIFIC
183783,118950,Haven,Evil Geniuses,Evil Geniuses,100 Thieves,Evil Geniuses,5248,100 Thieves,120,6,6,7,3,0,0,100 Thieves,PACIFIC
183783,118951,Icebox,100 Thieves,Evil Geniuses,100 Thieves,Evil Geniuses,5248,100 Thieves,120,3,9,4,2,0,0,100 Thieves,PACIFIC
183785,118953,Lotus,Cloud9,Cloud9,100 Thieves,Cloud9,188,100 Thieves,120,8,4,3,5,0,0,Cloud9,PACIFIC
183785,118954,Ascent,100 Thieves,Cloud9,100 Thieves,Cloud9,188,100 Thieves,120,8,4,8,4,2,0,Cloud9,PACIFIC
183786,118956,Icebox,NRG,MIBR,NRG,NRG,1034,MIBR,7386,6,6,4,7,0,0,MIBR,PACIFIC
183786,118957,Pearl,MIBR,MIBR,NRG,NRG,1034,MIBR,7386,4,8,4,8,2,4,NRG,PACIFIC
183786,118958,Split,Decider,NRG,MIBR,NRG,1034,MIBR,7386,8,4,8,4,2,4,MIBR,PACIFIC
183787,118959,Split,Sentinels,LEVIATÁN,Sentinels,LEVIATÁN,2359,Sentinels,2,5,7,5,7,2,0,LEVIATÁN,PACIFIC
183787,118960,Ascent,LEVIATÁN,Sentinels,LEVIATÁN,LEVIATÁN,2359,Sentinels,2,7,5,6,6,0,0,Sentinels,PACIFIC
183787,118961,Pearl,Decider,LEVIATÁN,Sentinels,LEVIATÁN,2359,Sentinels,2,10,2,2,3,0,0,LEVIATÁN,PACIFIC
183788,118962,Pearl,Evil Geniuses,Evil Geniuses,KRÜ Esports,Evil Geniuses,5248,KRÜ Esports,2355,3,9,2,10,0,0,Evil Geniuses,PACIFIC
183788,118963,Ascent,KRÜ Esports,Evil Geniuses,KRÜ Esports,Evil Geniuses,5248,KRÜ Esports,2355,8,4,9,3,0,0,KRÜ Esports,PACIFIC
183788,118964,Fracture,Decider,Evil Geniuses,KRÜ Esports,Evil Geniuses,5248,KRÜ Esports,2355,7,5,2,6,0,0,Evil Geniuses,PACIFIC
183789,118965,Split,LOUD,FURIA,LOUD,LOUD,6961,FURIA,2406,6,6,7,3,0,0,LOUD,PACIFIC
183789,118966,Icebox,FURIA,FURIA,LOUD,LOUD,6961,FURIA,2406,4,8,5,0,0,0,LOUD,PACIFIC
183791,118968,Pearl,LOUD,LOUD,Sentinels,LOUD,6961,Sentinels,2,5,7,6,1,0,0,Sentinels,PACIFIC
183791,118969,Haven,Sentinels,Sentinels,LOUD,LOUD,6961,Sentinels,2,5,7,6,6,0,0,LOUD,PACIFIC
183791,118970,Ascent,Decider,LOUD,Sentinels,LOUD,6961,Sentinels,2,9,3,5,4,0,0,LOUD,PACIFIC
183792,118971,Pearl,LEVIATÁN,LEVIATÁN,MIBR,LEVIATÁN,2359,MIBR,7386,10,2,2,3,0,0,LEVIATÁN,PACIFIC
183792,118972,Icebox,MIBR,LEVIATÁN,MIBR,LEVIATÁN,2359,MIBR,7386,10,2,1,3,0,0,LEVIATÁN,PACIFIC
183793,118974,Ascent,KRÜ Esports,KRÜ Esports,100 Thieves,KRÜ Esports,2355,100 Thieves,120,9,3,1,4,0,0,KRÜ Esports,PACIFIC
183793,118975,Split,100 Thieves,KRÜ Esports,100 Thieves,KRÜ Esports,2355,100 Thieves,120,8,4,9,3,0,0,100 Thieves,PACIFIC
183793,118976,Fracture,Decider,100 Thieves,KRÜ Esports,KRÜ Esports,2355,100 Thieves,120,8,4,1,5,0,0,100 Thieves,PACIFIC
183794,118977,Ascent,FURIA,Evil Geniuses,FURIA,Evil Geniuses,5248,FURIA,2406,7,5,7,5,1,3,FURIA,PACIFIC
183794,118978,Fracture,Evil Geniuses,FURIA,Evil Geniuses,Evil Geniuses,5248,FURIA,2406,4,8,5,3,0,0,Evil Geniuses,PACIFIC
183794,118979,Haven,Decider,FURIA,Evil Geniuses,Evil Geniuses,5248,FURIA,2406,5,7,3,8,0,0,FURIA,PACIFIC
183795,118980,Haven,Cloud9,Cloud9,NRG,NRG,1034,Cloud9,188,3,9,4,5,0,0,NRG,PACIFIC
183795,118981,Pearl,NRG,NRG,Cloud9,NRG,1034,Cloud9,188,7,5,8,2,0,0,Cloud9,PACIFIC
183795,118982,Ascent,Decider,Cloud9,NRG,NRG,1034,Cloud9,188,8,4,3,5,0,0,Cloud9,PACIFIC
183796,118983,Pearl,Sentinels,MIBR,Sentinels,MIBR,7386,Sentinels,2,3,9,4,2,0,0,Sentinels,PACIFIC
183796,118984,Fracture,MIBR,MIBR,Sentinels,MIBR,7386,Sentinels,2,3,9,4,3,0,0,Sentinels,PACIFIC
183797,118986,Icebox,100 Thieves,LEVIATÁN,100 Thieves,LEVIATÁN,2359,100 Thieves,120,7,5,7,5,3,1,LEVIATÁN,PACIFIC
183797,118987,Haven,LEVIATÁN,LEVIATÁN,100 Thieves,LEVIATÁN,2359,100 Thieves,120,6,6,7,5,0,0,100 Thieves,PACIFIC
183797,118988,Lotus,Decider,100 Thieves,LEVIATÁN,LEVIATÁN,2359,100 Thieves,120,5,7,4,8,0,0,100 Thieves,PACIFIC
183798,118989,Split,LOUD,LOUD,Evil Geniuses,Evil Geniuses,5248,LOUD,6961,3,9,4,0,0,0,Evil Geniuses,PACIFIC
183798,118990,Haven,Evil Geniuses,Evil Geniuses,LOUD,Evil Geniuses,5248,LOUD,6961,4,8,5,6,0,0,LOUD,PACIFIC
183798,118991,Pearl,Decider,Evil Geniuses,LOUD,Evil Geniuses,5248,LOUD,6961,0,12,1,0,0,0,LOUD,PACIFIC
183799,118992,Ascent,FURIA,Cloud9,FURIA,Cloud9,188,FURIA,2406,8,4,4,5,0,0,Cloud9,PACIFIC
183799,118993,Fracture,Cloud9,Cloud9,FURIA,Cloud9,188,FURIA,2406,6,6,3,7,0,0,Cloud9,PACIFIC
183800,118995,Haven,NRG,KRÜ Esports,NRG,NRG,1034,KRÜ Esports,2355,4,8,5,6,0,0,NRG,PACIFIC
183800,118996,Ascent,KRÜ Esports,NRG,KRÜ Esports,NRG,1034,KRÜ Esports,2355,9,3,1,4,0,0,NRG,PACIFIC
183801,118998,Bind,NRG,NRG,100 Thieves,NRG,1034,100 Thieves,120,7,5,2,6,0,0,NRG,PACIFIC
183801,118999,Fracture,100 Thieves,100 Thieves,NRG,NRG,1034,100 Thieves,120,1,11,2,2,0,0,NRG,PACIFIC
183802,119001,Pearl,FURIA,FURIA,MIBR,MIBR,7386,FURIA,2406,4,8,3,9,0,0,FURIA,PACIFIC
183802,119002,Split,MIBR,FURIA,MIBR,MIBR,7386,FURIA,2406,10,2,5,3,0,0,FURIA,PACIFIC
183803,119004,Lotus,Sentinels,Cloud9,Sentinels,Cloud9,188,Sentinels,2,9,3,1,4,0,0,Cloud9,PACIFIC
183803,119005,Fracture,Cloud9,Cloud9,Sentinels,Cloud9,188,Sentinels,2,11,1,5,2,0,0,Cloud9,PACIFIC
183804,119007,Split,Evil Geniuses,LEVIATÁN,Evil Geniuses,LEVIATÁN,2359,Evil Geniuses,5248,8,4,9,2,0,0,Evil Geniuses,PACIFIC
183804,119008,Pearl,LEVIATÁN,LEVIATÁN,Evil Geniuses,LEVIATÁN,2359,Evil Geniuses,5248,6,6,4,7,0,0,LEVIATÁN,PACIFIC
183804,119009,Ascent,Decider,Evil Geniuses,LEVIATÁN,LEVIATÁN,2359,Evil Geniuses,5248,9,3,7,4,0,0,Evil Geniuses,PACIFIC
183805,119010,Pearl,LOUD,KRÜ Esports,LOUD,LOUD,6961,KRÜ Esports,2355,4,8,2,9,0,0,KRÜ Esports,PACIFIC
183805,119011,Ascent,KRÜ Esports,KRÜ Esports,LOUD,LOUD,6961,KRÜ Esports,2355,8,4,9,3,0,0,LOUD,PACIFIC
183805,119012,Split,Decider,KRÜ Esports,LOUD,LOUD,6961,KRÜ Esports,2355,4,8,5,6,0,0,LOUD,PACIFIC
183807,119013,Fracture,Evil Geniuses,Evil Geniuses,Sentinels,Evil Geniuses,5248,Sentinels,2,9,3,3,4,0,0,Evil Geniuses,PACIFIC
183807,119014,Pearl,Sentinels,Sentinels,Evil Geniuses,Evil Geniuses,5248,Sentinels,2,2,10,3,3,0,0,Evil Geniuses,PACIFIC
183808,119016,Split,Cloud9,MIBR,Cloud9,Cloud9,188,MIBR,7386,5,7,6,0,0,0,Cloud9,PACIFIC
183808,119017,Lotus,MIBR,Cloud9,MIBR,Cloud9,188,MIBR,7386,8,4,0,5,0,0,Cloud9,PACIFIC
183809,119019,Ascent,LOUD,100 Thieves,LOUD,LOUD,6961,100 Thieves,120,4,8,5,1,0,0,LOUD,PACIFIC
183809,119020,Split,100 Thieves,100 Thieves,LOUD,LOUD,6961,100 Thieves,120,6,6,6,6,1,3,LOUD,PACIFIC
183810,119022,Haven,LEVIATÁN,KRÜ Esports,LEVIATÁN,LEVIATÁN,2359,KRÜ Esports,2355,1,11,2,3,0,0,LEVIATÁN,PACIFIC
183810,119023,Split,KRÜ Esports,LEVIATÁN,KRÜ Esports,LEVIATÁN,2359,KRÜ Esports,2355,9,3,1,4,0,0,LEVIATÁN,PACIFIC
183811,119025,Bind,NRG,NRG,FURIA,NRG,1034,FURIA,2406,3,9,2,10,0,0,NRG,PACIFIC
183811,119026,Haven,FURIA,FURIA,NRG,NRG,1034,FURIA,2406,6,6,5,7,0,0,FURIA,PACIFIC
183811,119027,Pearl,Decider,FURIA,NRG,NRG,1034,FURIA,2406,4,8,5,2,0,0,NRG,PACIFIC
183812,119028,Pearl,FURIA,FURIA,100 Thieves,FURIA,2406,100 Thieves,120,7,5,5,6,0,0,FURIA,PACIFIC
183812,119029,Fracture,100 Thieves,FURIA,100 Thieves,FURIA,2406,100 Thieves,120,2,10,3,5,0,0,100 Thieves,PACIFIC
183812,119030,Haven,Decider,FURIA,100 Thieves,FURIA,2406,100 Thieves,120,6,6,7,5,0,0,100 Thieves,PACIFIC
183813,119031,Lotus,MIBR,Evil Geniuses,MIBR,Evil Geniuses,5248,MIBR,7386,10,2,0,3,0,0,Evil Geniuses,PACIFIC
183813,119032,Fracture,Evil Geniuses,Evil Geniuses,MIBR,Evil Geniuses,5248,MIBR,7386,8,4,1,5,0,0,Evil Geniuses,PACIFIC
183814,119034,Lotus,Sentinels,Sentinels,KRÜ Esports,KRÜ Esports,2355,Sentinels,2,6,6,6,6,2,0,Sentinels,PACIFIC
183814,119035,Bind,KRÜ Esports,Sentinels,KRÜ Esports,KRÜ Esports,2355,Sentinels,2,8,4,6,5,0,0,Sentinels,PACIFIC
183815,119037,Split,LOUD,LOUD,NRG,NRG,1034,LOUD,6961,3,9,4,2,0,0,NRG,PACIFIC
183815,119038,Pearl,NRG,NRG,LOUD,NRG,1034,LOUD,6961,6,6,3,7,0,0,NRG,PACIFIC
183816,119040,Lotus,Cloud9,LEVIATÁN,Cloud9,LEVIATÁN,2359,Cloud9,188,3,9,4,4,0,0,Cloud9,PACIFIC
183816,119041,Haven,LEVIATÁN,LEVIATÁN,Cloud9,LEVIATÁN,2359,Cloud9,188,2,10,3,2,0,0,Cloud9,PACIFIC
184032,119231,Split,Sentinels,FURIA,Sentinels,Sentinels,2,FURIA,2406,3,9,4,4,0,0,Sentinels,PACIFIC
184032,119232,Haven,FURIA,Sentinels,FURIA,Sentinels,2,FURIA,2406,4,8,5,1,0,0,FURIA,PACIFIC
184032,119233,Bind,Decider,Sentinels,FURIA,Sentinels,2,FURIA,2406,6,6,6,6,7,5,Sentinels,PACIFIC
184033,119234,Bind,NRG,Evil Geniuses,NRG,NRG,1034,Evil Geniuses,5248,8,4,9,1,0,0,NRG,PACIFIC
184033,119235,Split,Evil Geniuses,Evil Geniuses,NRG,NRG,1034,Evil Geniuses,5248,5,7,6,2,0,0,NRG,PACIFIC
184034,119237,Lotus,Cloud9,Cloud9,KRÜ Esports,Cloud9,188,KRÜ Esports,2355,3,9,3,9,3,1,Cloud9,PACIFIC
184034,119238,Ascent,KRÜ Esports,Cloud9,KRÜ Esports,Cloud9,188,KRÜ Esports,2355,6,6,7,0,0,0,KRÜ Esports,PACIFIC
184034,119239,Split,Decider,KRÜ Esports,Cloud9,Cloud9,188,KRÜ Esports,2355,4,8,5,5,0,0,Cloud9,PACIFIC
184035,119240,Haven,LEVIATÁN,LEVIATÁN,LOUD,LEVIATÁN,2359,LOUD,6961,4,8,5,3,0,0,LOUD,PACIFIC
184035,119241,Ascent,LOUD,LEVIATÁN,LOUD,LEVIATÁN,2359,LOUD,6961,3,9,4,2,0,0,LOUD,PACIFIC
184036,119243,Fracture,100 Thieves,100 Thieves,MIBR,MIBR,7386,100 Thieves,120,4,8,5,2,0,0,MIBR,PACIFIC
184036,119244,Pearl,MIBR,MIBR,100 Thieves,MIBR,7386,100 Thieves,120,8,4,8,4,0,2,100 Thieves,PACIFIC
184036,119245,Lotus,Decider,MIBR,100 Thieves,MIBR,7386,100 Thieves,120,7,5,2,6,0,0,MIBR,PACIFIC
189050,123159,Ascent,FURIA,LEVIATÁN,FURIA,LEVIATÁN,2359,FURIA,2406,4,8,5,1,0,0,FURIA,PACIFIC
189050,123160,Pearl,LEVIATÁN,LEVIATÁN,FURIA,LEVIATÁN,2359,FURIA,2406,4,8,4,8,8,6,LEVIATÁN,PACIFIC
189050,123161,Bind,Decider,LEVIATÁN,FURIA,LEVIATÁN,2359,FURIA,2406,5,7,6,1,0,0,FURIA,PACIFIC
189051,123162,Haven,NRG,Evil Geniuses,NRG,NRG,1034,Evil Geniuses,5248,6,6,7,5,0,0,NRG,PACIFIC
189051,123163,Split,Evil Geniuses,Evil Geniuses,NRG,NRG,1034,Evil Geniuses,5248,8,4,8,4,3,1,Evil Geniuses,PACIFIC
189051,123164,Ascent,Decider,NRG,Evil Geniuses,NRG,1034,Evil Geniuses,5248,5,7,6,2,0,0,Evil Geniuses,PACIFIC
189052,123165,Haven,FURIA,FURIA,LOUD,LOUD,6961,FURIA,2406,3,9,4,1,0,0,LOUD,PACIFIC
189052,123166,Ascent,LOUD,FURIA,LOUD,LOUD,6961,FURIA,2406,3,9,4,2,0,0,LOUD,PACIFIC
189053,123168,Fracture,Evil Geniuses,Evil Geniuses,Cloud9,Cloud9,188,Evil Geniuses,5248,8,4,1,5,0,0,Evil Geniuses,PACIFIC
189053,123169,Bind,Cloud9,Evil Geniuses,Cloud9,Cloud9,188,Evil Geniuses,5248,10,2,0,3,0,0,Evil Geniuses,PACIFIC
189057,123182,Bind,NRG,NRG,FURIA,FURIA,2406,NRG,1034,10,2,7,3,0,0,NRG,PACIFIC
189057,123183,Haven,FURIA,FURIA,NRG,FURIA,2406,NRG,1034,7,5,8,3,0,0,NRG,PACIFIC
189056,123179,Haven,LEVIATÁN,LEVIATÁN,Cloud9,Cloud9,188,LEVIATÁN,2359,3,9,4,5,0,0,Cloud9,PACIFIC
189056,123180,Lotus,Cloud9,LEVIATÁN,Cloud9,Cloud9,188,LEVIATÁN,2359,6,6,4,7,0,0,LEVIATÁN,PACIFIC
189056,123181,Ascent,Decider,LEVIATÁN,Cloud9,Cloud9,188,LEVIATÁN,2359,4,8,5,0,0,0,Cloud9,PACIFIC
189054,123171,Fracture,Evil Geniuses,Evil Geniuses,LOUD,LOUD,6961,Evil Geniuses,5248,5,7,6,4,0,0,LOUD,PACIFIC
189054,123172,Ascent,LOUD,Evil Geniuses,LOUD,LOUD,6961,Evil Geniuses,5248,5,7,4,8,0,0,Evil Geniuses,PACIFIC
189054,123173,Bind,Decider,Evil Geniuses,LOUD,LOUD,6961,Evil Geniuses,5248,2,10,3,1,0,0,LOUD,PACIFIC
189058,123185,Pearl,NRG,NRG,Cloud9,Cloud9,188,NRG,1034,7,5,8,3,0,0,Cloud9,PACIFIC
189058,123186,Lotus,Cloud9,Cloud9,NRG,Cloud9,188,NRG,1034,5,7,6,4,0,0,NRG,PACIFIC
189058,123187,Haven,Decider,Cloud9,NRG,Cloud9,188,NRG,1034,6,6,6,6,0,2,NRG,PACIFIC
189059,123188,Haven,NRG,Evil Geniuses,NRG,Evil Geniuses,5248,NRG,1034,7,5,6,6,0,0,Evil Geniuses,PACIFIC
189059,123189,Ascent,Evil Geniuses,NRG,Evil Geniuses,Evil Geniuses,5248,NRG,1034,9,3,5,4,0,0,NRG,PACIFIC
189059,123190,Lotus,NRG,Evil Geniuses,NRG,Evil Geniuses,5248,NRG,1034,7,5,8,3,0,0,NRG,PACIFIC
189059,123191,Split,Evil Geniuses,Evil Geniuses,NRG,Evil Geniuses,5248,NRG,1034,1,11,2,3,0,0,NRG,PACIFIC
189055,123174,Ascent,LOUD,NRG,LOUD,LOUD,6961,NRG,1034,7,5,8,2,0,0,LOUD,PACIFIC
189055,123175,Bind,NRG,LOUD,NRG,LOUD,6961,NRG,1034,6,6,5,7,0,0,LOUD,PACIFIC
189055,123176,Fracture,LOUD,LOUD,NRG,LOUD,6961,NRG,1034,5,7,4,8,0,0,LOUD,PACIFIC
123322,93470,Breeze,Sentinels,The Guard,Sentinels,The Guard,6675,Sentinels,2,5,7,5,7,1,3,Sentinels,PACIFIC
123322,93471,Ascent,The Guard,Sentinels,The Guard,The Guard,6675,Sentinels,2,6,6,7,4,0,0,The Guard,PACIFIC
123322,93472,Icebox,Decider,Sentinels,The Guard,The Guard,6675,Sentinels,2,5,7,5,7,1,3,The Guard,PACIFIC
123324,93476,Icebox,Evil Geniuses,Evil Geniuses,FaZe Clan,FaZe Clan,337,Evil Geniuses,5248,4,8,3,9,0,0,Evil Geniuses,PACIFIC
123324,93477,Breeze,FaZe Clan,Evil Geniuses,FaZe Clan,FaZe Clan,337,Evil Geniuses,5248,8,4,8,4,1,3,FaZe Clan,PACIFIC
123324,93478,Ascent,Decider,Evil Geniuses,FaZe Clan,FaZe Clan,337,Evil Geniuses,5248,6,6,6,6,5,7,FaZe Clan,PACIFIC
123325,93479,Icebox,NRG,100 Thieves,NRG,NRG,1034,100 Thieves,120,6,6,7,5,0,0,NRG,PACIFIC
123325,93480,Bind,100 Thieves,NRG,100 Thieves,NRG,1034,100 Thieves,120,5,7,6,2,0,0,100 Thieves,PACIFIC
123325,93481,Ascent,Decider,NRG,100 Thieves,NRG,1034,100 Thieves,120,6,6,7,5,0,0,100 Thieves,PACIFIC
123323,93473,Ascent,Cloud9,Cloud9,Shopify Rebellion Black,Shopify Rebellion Black,9353,Cloud9,188,6,6,4,7,0,0,Cloud9,PACIFIC
123323,93474,Fracture,Shopify Rebellion Black,Cloud9,Shopify Rebellion Black,Shopify Rebellion Black,9353,Cloud9,188,5,7,5,7,5,3,Cloud9,PACIFIC
123326,93482,Fracture,Cloud9,Cloud9,The Guard,The Guard,6675,Cloud9,188,7,5,8,2,0,0,The Guard,PACIFIC
123326,93483,Ascent,The Guard,Cloud9,The Guard,The Guard,6675,Cloud9,188,5,7,6,6,0,0,The Guard,PACIFIC
123330,93496,Breeze,Sentinels,Shopify Rebellion Black,Sentinels,Sentinels,2,Shopify Rebellion Black,9353,7,5,8,1,0,0,Sentinels,PACIFIC
123330,93497,Fracture,Shopify Rebellion Black,Sentinels,Shopify Rebellion Black,Sentinels,2,Shopify Rebellion Black,9353,5,7,5,7,5,3,Sentinels,PACIFIC
123327,93485,Haven,100 Thieves,100 Thieves,FaZe Clan,FaZe Clan,337,100 Thieves,120,4,8,5,2,0,0,FaZe Clan,PACIFIC
123327,93486,Breeze,FaZe Clan,100 Thieves,FaZe Clan,FaZe Clan,337,100 Thieves,120,8,4,4,5,0,0,100 Thieves,PACIFIC
123327,93487,Ascent,Decider,100 Thieves,FaZe Clan,FaZe Clan,337,100 Thieves,120,9,3,10,0,0,0,FaZe Clan,PACIFIC
123331,93499,Bind,Evil Geniuses,NRG,Evil Geniuses,Evil Geniuses,5248,NRG,1034,6,6,0,7,0,0,NRG,PACIFIC
123331,93500,Icebox,NRG,Evil Geniuses,NRG,Evil Geniuses,5248,NRG,1034,5,7,5,7,0,2,NRG,PACIFIC
123332,93502,Fracture,Sentinels,100 Thieves,Sentinels,100 Thieves,120,Sentinels,2,8,4,8,4,3,5,Sentinels,PACIFIC
123332,93503,Breeze,100 Thieves,Sentinels,100 Thieves,100 Thieves,120,Sentinels,2,5,7,6,2,0,0,100 Thieves,PACIFIC
123332,93504,Haven,Decider,Sentinels,100 Thieves,100 Thieves,120,Sentinels,2,4,8,5,7,0,0,100 Thieves,PACIFIC
123333,93505,Breeze,Cloud9,NRG,Cloud9,Cloud9,188,NRG,1034,3,9,4,4,0,0,Cloud9,PACIFIC
123333,93506,Icebox,NRG,Cloud9,NRG,Cloud9,188,NRG,1034,6,6,2,7,0,0,Cloud9,PACIFIC
123328,93488,Haven,Decider,The Guard,FaZe Clan,The Guard,6675,FaZe Clan,337,8,4,1,5,0,0,The Guard,PACIFIC
123328,93489,Icebox,The Guard,The Guard,FaZe Clan,The Guard,6675,FaZe Clan,337,8,4,3,5,0,0,The Guard,PACIFIC
123334,93508,Ascent,100 Thieves,Cloud9,100 Thieves,100 Thieves,120,Cloud9,188,5,7,6,2,0,0,100 Thieves,PACIFIC
123334,93509,Fracture,Cloud9,100 Thieves,Cloud9,100 Thieves,120,Cloud9,188,7,5,5,6,0,0,100 Thieves,PACIFIC
123335,93511,Icebox,100 Thieves,FaZe Clan,100 Thieves,FaZe Clan,337,100 Thieves,120,6,6,7,4,0,0,100 Thieves,PACIFIC
123335,93512,Breeze,FaZe Clan,100 Thieves,FaZe Clan,FaZe Clan,337,100 Thieves,120,7,5,1,6,0,0,100 Thieves,PACIFIC
123335,93513,Ascent,100 Thieves,100 Thieves,FaZe Clan,FaZe Clan,337,100 Thieves,120,9,3,0,4,0,0,100 Thieves,PACIFIC
123329,93491,Icebox,The Guard,100 Thieves,The Guard,The Guard,6675,100 Thieves,120,8,4,3,5,0,0,100 Thieves,PACIFIC
123329,93492,Fracture,100 Thieves,100 Thieves,The Guard,The Guard,6675,100 Thieves,120,9,3,3,4,0,0,100 Thieves,PACIFIC
123329,93493,Haven,The Guard,100 Thieves,The Guard,The Guard,6675,100 Thieves,120,7,5,4,6,0,0,100 Thieves,PACIFIC
94199,78827,Ascent,Decider,Zer0 Latency,TEN-5,Zer0 Latency,8357,TEN-5,8472,9,3,8,4,0,0,Zer0 Latency,PACIFIC
94199,78828,Haven,Decider,Zer0 Latency,TEN-5,Zer0 Latency,8357,TEN-5,8472,7,5,4,6,0,0,Zer0 Latency,PACIFIC
94200,78830,Breeze,Decider,YFP,MEW2,YFP,5038,MEW2,8612,9,3,0,4,0,0,YFP,PACIFIC
94200,78831,Ascent,Decider,YFP,MEW2,YFP,5038,MEW2,8612,11,1,1,2,0,0,YFP,PACIFIC
94201,78833,Haven,Decider,Complexity,Tokyo Revengers,Complexity,470,Tokyo Revengers,8459,9,3,1,4,0,0,Complexity,PACIFIC
94201,78834,Ascent,Decider,Complexity,Tokyo Revengers,Complexity,470,Tokyo Revengers,8459,8,4,0,5,0,0,Complexity,PACIFIC
94202,78836,Split,Decider,RILLAS,Aspyre x Swarm,Aspyre x Swarm,12836,RILLAS,8613,6,6,7,4,0,0,Aspyre x Swarm,PACIFIC
94202,78837,Fracture,Decider,Aspyre x Swarm,RILLAS,Aspyre x Swarm,12836,RILLAS,8613,5,7,5,7,1,3,RILLAS,PACIFIC
94202,78838,Haven,Decider,Aspyre x Swarm,RILLAS,Aspyre x Swarm,12836,RILLAS,8613,8,4,0,5,0,0,Aspyre x Swarm,PACIFIC
94203,78839,Breeze,Decider,Mizzou Esports,SoaR,SoaR,4345,Mizzou Esports,8614,5,7,6,1,0,0,SoaR,PACIFIC
94203,78840,Icebox,Decider,SoaR,Mizzou Esports,SoaR,4345,Mizzou Esports,8614,9,3,4,4,0,0,SoaR,PACIFIC
94204,78842,Icebox,Decider,Free Fall,Exotic,Exotic,1301,Free Fall,7704,10,2,6,3,0,0,Free Fall,PACIFIC
94204,78843,Ascent,Decider,Exotic,Free Fall,Exotic,1301,Free Fall,7704,7,5,8,1,0,0,Free Fall,PACIFIC
94207,78851,Haven,Decider,DarkZero Esports,Ego peekers,DarkZero Esports,4346,Ego peekers,8615,12,0,0,1,0,0,DarkZero Esports,PACIFIC
94207,78852,Breeze,Decider,DarkZero Esports,Ego peekers,DarkZero Esports,4346,Ego peekers,8615,11,1,1,2,0,0,DarkZero Esports,PACIFIC
94208,78854,Haven,Decider,Able Esports,DawN,Able Esports,1669,DawN,8616,5,7,6,4,0,0,DawN,PACIFIC
94208,78855,Ascent,Decider,DawN,Able Esports,Able Esports,1669,DawN,8616,9,3,1,4,0,0,DawN,PACIFIC
94209,78857,Haven,Decider,Ghost Gaming,Team Opulence Black,Ghost Gaming,2291,Team Opulence Black,8498,10,2,0,3,0,0,Ghost Gaming,PACIFIC
94209,78858,Breeze,Decider,Team Opulence Black,Ghost Gaming,Ghost Gaming,2291,Team Opulence Black,8498,2,10,3,0,0,0,Ghost Gaming,PACIFIC
94210,78860,Ascent,Decider,Nation Gaming,5 of a Kind,5 of a Kind,7816,Nation Gaming,8453,11,1,2,2,0,0,Nation Gaming,PACIFIC
94210,78861,Bind,Decider,5 of a Kind,Nation Gaming,5 of a Kind,7816,Nation Gaming,8453,6,6,7,4,0,0,Nation Gaming,PACIFIC
94211,78863,Breeze,Decider,Lycus Empire,BASILISK,BASILISK,3337,Lycus Empire,6431,5,7,3,8,0,0,Lycus Empire,PACIFIC
94211,78864,Ascent,Decider,BASILISK,Lycus Empire,BASILISK,3337,Lycus Empire,6431,7,5,6,6,0,0,BASILISK,PACIFIC
94211,78865,Icebox,Decider,BASILISK,Lycus Empire,BASILISK,3337,Lycus Empire,6431,10,2,4,3,0,0,BASILISK,PACIFIC
94212,78866,Bind,Decider,SWARM esports,Thanos Mug Academy,Thanos Mug Academy,7839,SWARM esports,8617,8,4,8,4,0,2,Thanos Mug Academy,PACIFIC
94212,78867,Icebox,Decider,Thanos Mug Academy,SWARM esports,Thanos Mug Academy,7839,SWARM esports,8617,3,9,4,5,0,0,SWARM esports,PACIFIC
94212,78868,Split,Decider,Thanos Mug Academy,SWARM esports,Thanos Mug Academy,7839,SWARM esports,8617,7,5,8,3,0,0,SWARM esports,PACIFIC
94215,78875,Ascent,Decider,AstraSect,Team Opulence Gold,AstraSect,8120,Team Opulence Gold,8593,6,6,7,3,0,0,Team Opulence Gold,PACIFIC
94215,78876,Haven,Decider,Team Opulence Gold,AstraSect,AstraSect,8120,Team Opulence Gold,8593,5,7,6,2,0,0,AstraSect,PACIFIC
94215,78877,Breeze,Decider,Team Opulence Gold,AstraSect,AstraSect,8120,Team Opulence Gold,8593,8,4,9,1,0,0,AstraSect,PACIFIC
94216,78878,TBD,Decider,,,Flex Gaming,8460,FaRt Clan,8358,0,0,0,0,0,0,Draw,PACIFIC
94216,78879,Breeze,Decider,Flex Gaming,FaRt Clan,Flex Gaming,8460,FaRt Clan,8358,8,4,3,5,0,0,Flex Gaming,PACIFIC
94217,78881,Icebox,Decider,Ugly Hamsters,T1,T1,14,Ugly Hamsters,8476,8,4,9,2,0,0,T1,PACIFIC
94217,78882,Breeze,Decider,Ugly Hamsters,T1,T1,14,Ugly Hamsters,8476,5,7,6,0,0,0,T1,PACIFIC
94218,78884,Fracture,Decider,afterMath Esports,Team Flux,Team Flux,952,afterMath Esports,4260,8,4,7,5,0,0,afterMath Esports,PACIFIC
94218,78885,Ascent,Decider,Team Flux,afterMath Esports,Team Flux,952,afterMath Esports,4260,4,8,5,1,0,0,afterMath Esports,PACIFIC
94219,78887,Bind,Decider,Moon Raccoons,Nana's Biscuits,Moon Raccoons,793,Nana's Biscuits,8619,8,4,2,5,0,0,Moon Raccoons,PACIFIC
94219,78888,Haven,Decider,Nana's Biscuits,Moon Raccoons,Moon Raccoons,793,Nana's Biscuits,8619,1,11,2,0,0,0,Moon Raccoons,PACIFIC
94220,78890,Icebox,Decider,select few,New Moon,New Moon,7862,select few,7707,4,8,5,4,0,0,New Moon,PACIFIC
94220,78891,Breeze,Decider,New Moon,select few,New Moon,7862,select few,7707,8,4,0,5,0,0,New Moon,PACIFIC
94223,78899,Ascent,Decider,Go 4 Broke,Lenny Time,Lenny Time,6045,Go 4 Broke,8473,4,8,5,2,0,0,Lenny Time,PACIFIC
94223,78900,Breeze,Decider,Lenny Time,Go 4 Broke,Lenny Time,6045,Go 4 Broke,8473,7,5,1,6,0,0,Lenny Time,PACIFIC
94224,78902,Ascent,Decider,Eros,Unknown,Unknown,8478,Eros,4648,0,12,1,0,0,0,Unknown,PACIFIC
94224,78903,Bind,Decider,Unknown,Eros,Unknown,8478,Eros,4648,8,4,0,5,0,0,Unknown,PACIFIC
94225,78905,Haven,Decider,SSA,Soniqs,Soniqs,2350,SSA,8620,1,11,2,0,0,0,Soniqs,PACIFIC
94225,78906,Icebox,Decider,Soniqs,SSA,Soniqs,2350,SSA,8620,11,1,0,2,0,0,Soniqs,PACIFIC
94226,78908,Ascent,Decider,Crownless,Moonrise,Moonrise,6912,Crownless,6861,4,8,5,3,0,0,Moonrise,PACIFIC
94226,78909,Split,Decider,Crownless,Moonrise,Moonrise,6912,Crownless,6861,6,6,3,7,0,0,Crownless,PACIFIC
94226,78910,Icebox,Decider,Crownless,Moonrise,Moonrise,6912,Crownless,6861,5,7,6,3,0,0,Moonrise,PACIFIC
94227,78911,Haven,Decider,SLODI REPUS,Zero MarksMen Black,Zero MarksMen Black,5832,SLODI REPUS,8558,4,8,5,3,0,0,Zero MarksMen Black,PACIFIC
94227,78912,Icebox,Decider,Zero MarksMen Black,SLODI REPUS,Zero MarksMen Black,5832,SLODI REPUS,8558,8,4,2,5,0,0,Zero MarksMen Black,PACIFIC
94228,78914,Split,Decider,Panda Party,BASED,BASED,8621,Panda Party,8731,3,9,4,0,0,0,BASED,PACIFIC
94228,78915,Haven,Decider,BASED,Panda Party,BASED,8621,Panda Party,8731,8,4,0,5,0,0,BASED,PACIFIC
94231,78923,Haven,Decider,TradeLikePros,goth boy clique,TradeLikePros,1248,goth boy clique,8622,12,0,2,1,0,0,TradeLikePros,PACIFIC
94231,78924,Ascent,Decider,TradeLikePros,goth boy clique,TradeLikePros,1248,goth boy clique,8622,10,2,6,3,0,0,TradeLikePros,PACIFIC
94232,78926,Breeze,Decider,Girl Kissers,Phoenix2,Girl Kissers,7854,Phoenix2,8623,10,2,2,3,0,0,Girl Kissers,PACIFIC
94232,78927,Haven,Decider,Girl Kissers,Phoenix2,Girl Kissers,7854,Phoenix2,8623,11,1,0,2,0,0,Girl Kissers,PACIFIC
94233,78929,Bind,Decider,Gen.G,Face Off,Gen.G,17,Face Off,8624,10,2,1,3,0,0,Gen.G,PACIFIC
94233,78930,Breeze,Decider,Gen.G,Face Off,Gen.G,17,Face Off,8624,12,0,3,1,0,0,Gen.G,PACIFIC
94234,78932,Breeze,Decider,Team MystiC,Dallas Vendetta,Team MystiC,8640,Dallas Vendetta,2228,7,5,5,6,0,0,Team MystiC,PACIFIC
94234,78933,Haven,Decider,Team MystiC,Dallas Vendetta,Team MystiC,8640,Dallas Vendetta,2228,8,4,3,5,0,0,Team MystiC,PACIFIC
94235,78935,Icebox,Decider,Clanless,SYR,Clanless,8568,SYR,8327,12,0,0,1,0,0,Clanless,PACIFIC
94235,78936,Ascent,Decider,SYR,Clanless,Clanless,8568,SYR,8327,5,7,6,0,0,0,Clanless,PACIFIC
94236,78938,Haven,Decider,EDO TENSEI,Cloud9 White,Cloud9 White,1267,EDO TENSEI,7716,7,5,8,2,0,0,Cloud9 White,PACIFIC
94236,78939,Ascent,Decider,Cloud9 White,EDO TENSEI,Cloud9 White,1267,EDO TENSEI,7716,10,2,0,3,0,0,Cloud9 White,PACIFIC
94239,78947,Bind,Decider,NYFU,Pasquallys Pizza Posse,NYFU,8370,Pasquallys Pizza Posse,8625,8,4,1,5,0,0,NYFU,PACIFIC
94239,78948,Ascent,Decider,Pasquallys Pizza Posse,NYFU,NYFU,8370,Pasquallys Pizza Posse,8625,3,9,4,0,0,0,NYFU,PACIFIC
94240,78950,Haven,Decider,Gorilla Gang,Nocturnals,Gorilla Gang,2939,Nocturnals,7838,12,0,0,1,0,0,Gorilla Gang,PACIFIC
94240,78951,Icebox,Decider,Gorilla Gang,Nocturnals,Gorilla Gang,2939,Nocturnals,7838,9,3,0,4,0,0,Gorilla Gang,PACIFIC
94241,78953,Haven,Decider,TSM,Discord Kitties uwu,TSM,106,Discord Kitties uwu,8628,11,1,1,2,0,0,TSM,PACIFIC
94241,78954,Ascent,Decider,Discord Kitties uwu,TSM,TSM,106,Discord Kitties uwu,8628,1,11,2,0,0,0,TSM,PACIFIC
94242,78956,Icebox,Decider,IlluZion,Eclectiq,IlluZion,4529,Eclectiq,6454,7,5,1,6,0,0,IlluZion,PACIFIC
94242,78957,Haven,Decider,Eclectiq,IlluZion,IlluZion,4529,Eclectiq,6454,9,3,4,4,0,0,Eclectiq,PACIFIC
94242,78958,Ascent,Decider,Eclectiq,IlluZion,IlluZion,4529,Eclectiq,6454,4,8,5,5,0,0,IlluZion,PACIFIC
94243,78959,Split,Decider,Desire Rising,Cosmic Divide,Cosmic Divide,4388,Desire Rising,8626,5,7,4,8,0,0,Desire Rising,PACIFIC
94243,78960,Haven,Decider,Cosmic Divide,Desire Rising,Cosmic Divide,4388,Desire Rising,8626,9,3,3,4,0,0,Cosmic Divide,PACIFIC
94243,78961,Icebox,Decider,Cosmic Divide,Desire Rising,Cosmic Divide,4388,Desire Rising,8626,6,6,1,7,0,0,Cosmic Divide,PACIFIC
94244,78962,Icebox,Decider,StarBound,Resonate,Resonate,6422,StarBound,8058,1,11,2,0,0,0,Resonate,PACIFIC
94244,78963,Haven,Decider,Resonate,StarBound,Resonate,6422,StarBound,8058,7,5,4,6,0,0,Resonate,PACIFIC
94247,78971,Haven,Decider,Team Reckaroo,Moonrise Black,Team Reckaroo,3748,Moonrise Black,8059,4,8,5,7,0,0,Moonrise Black,PACIFIC
94247,78972,Icebox,Decider,Moonrise Black,Team Reckaroo,Team Reckaroo,3748,Moonrise Black,8059,5,7,6,1,0,0,Team Reckaroo,PACIFIC
94247,78973,Breeze,Decider,Moonrise Black,Team Reckaroo,Team Reckaroo,3748,Moonrise Black,8059,1,11,2,5,0,0,Team Reckaroo,PACIFIC
94248,78974,Icebox,Decider,GONJO,PUGSTARS,PUGSTARS,2938,GONJO,8627,3,9,4,6,0,0,PUGSTARS,PACIFIC
94248,78975,Haven,Decider,PUGSTARS,GONJO,PUGSTARS,2938,GONJO,8627,1,11,2,7,0,0,GONJO,PACIFIC
94248,78976,Bind,Decider,PUGSTARS,GONJO,PUGSTARS,2938,GONJO,8627,8,4,0,5,0,0,PUGSTARS,PACIFIC
94249,78977,Icebox,Decider,Team Blank,Akrew,Akrew,6461,Team Blank,8597,2,10,3,4,0,0,Akrew,PACIFIC
94249,78978,Split,Decider,Team Blank,Akrew,Akrew,6461,Team Blank,8597,8,4,9,0,0,0,Akrew,PACIFIC
94250,78980,Icebox,Decider,Omnipotent Gaming,Mach5,Mach5,8260,Omnipotent Gaming,8471,7,5,3,6,0,0,Omnipotent Gaming,PACIFIC
94250,78981,Haven,Decider,Omnipotent Gaming,Mach5,Mach5,8260,Omnipotent Gaming,8471,4,8,5,1,0,0,Mach5,PACIFIC
94250,78982,Fracture,Decider,Omnipotent Gaming,Mach5,Mach5,8260,Omnipotent Gaming,8471,3,9,4,1,0,0,Mach5,PACIFIC
94251,78983,Icebox,Decider,Northern Forces,Built By Gamers Academy,Built By Gamers Academy,6451,Northern Forces,8066,6,6,7,0,0,0,Built By Gamers Academy,PACIFIC
94251,78984,Haven,Decider,Built By Gamers Academy,Northern Forces,Built By Gamers Academy,6451,Northern Forces,8066,7,5,7,5,3,1,Built By Gamers Academy,PACIFIC
94252,78986,Haven,Decider,Solstice Esports,Zenigma Alpha,Solstice Esports,1114,Zenigma Alpha,6879,7,5,4,6,0,0,Solstice Esports,PACIFIC
94252,78987,Ascent,Decider,Solstice Esports,Zenigma Alpha,Solstice Esports,1114,Zenigma Alpha,6879,9,3,0,4,0,0,Solstice Esports,PACIFIC
94255,78995,Ascent,Decider,Skwirel Warriers,StayHydrated,Skwirel Warriers,8569,StayHydrated,7051,9,3,4,4,0,0,Skwirel Warriers,PACIFIC
94255,78996,Split,Decider,StayHydrated,Skwirel Warriers,Skwirel Warriers,8569,StayHydrated,7051,3,9,4,0,0,0,Skwirel Warriers,PACIFIC
94256,78998,Icebox,Decider,Conquest Esports,Run it Down,Run it Down,7853,Conquest Esports,8618,8,4,4,5,0,0,Conquest Esports,PACIFIC
94256,78999,Bind,Decider,Run it Down,Conquest Esports,Run it Down,7853,Conquest Esports,8618,8,4,3,5,0,0,Run it Down,PACIFIC
94256,79000,Split,Decider,Run it Down,Conquest Esports,Run it Down,7853,Conquest Esports,8618,7,5,4,6,0,0,Run it Down,PACIFIC
94257,79001,Split,Decider,Nearest Airport,GodSpeed Gold,Nearest Airport,8264,GodSpeed Gold,8732,10,2,1,3,0,0,Nearest Airport,PACIFIC
94257,79002,Icebox,Decider,GodSpeed Gold,Nearest Airport,Nearest Airport,8264,GodSpeed Gold,8732,2,10,3,0,0,0,Nearest Airport,PACIFIC
94259,79007,Breeze,Decider,VIRTUOSO,dart monkeys,VIRTUOSO,2348,dart monkeys,8159,8,4,2,5,0,0,VIRTUOSO,PACIFIC
94259,79008,Bind,Decider,dart monkeys,VIRTUOSO,VIRTUOSO,2348,dart monkeys,8159,0,12,1,0,0,0,VIRTUOSO,PACIFIC
94260,79010,Haven,Decider,Gifted,Immortals,Gifted,6707,Immortals,7875,11,1,1,2,0,0,Gifted,PACIFIC
94260,79011,Breeze,Decider,Gifted,Immortals,Gifted,6707,Immortals,7875,6,6,4,7,0,0,Gifted,PACIFIC
94262,79016,Ascent,Decider,YFP,Zer0 Latency,Zer0 Latency,8357,YFP,5038,7,5,8,1,0,0,Zer0 Latency,PACIFIC
94262,79017,Haven,Decider,Zer0 Latency,YFP,Zer0 Latency,8357,YFP,5038,7,5,4,6,0,0,Zer0 Latency,PACIFIC
94264,79022,Ascent,Decider,SoaR,Free Fall,SoaR,4345,Free Fall,7704,5,7,4,8,0,0,SoaR,PACIFIC
94264,79023,Haven,Decider,Free Fall,SoaR,SoaR,4345,Free Fall,7704,4,8,5,1,0,0,SoaR,PACIFIC
94266,79028,Haven,Decider,DarkZero Esports,DawN,DarkZero Esports,4346,DawN,8616,4,8,1,9,0,0,DarkZero Esports,PACIFIC
94266,79029,Breeze,Decider,DawN,DarkZero Esports,DarkZero Esports,4346,DawN,8616,3,9,4,1,0,0,DarkZero Esports,PACIFIC
94267,79031,Ascent,Decider,Ghost Gaming,Nation Gaming,Ghost Gaming,2291,Nation Gaming,8453,10,2,1,3,0,0,Ghost Gaming,PACIFIC
94267,79032,Breeze,Decider,Nation Gaming,Ghost Gaming,Ghost Gaming,2291,Nation Gaming,8453,6,6,7,3,0,0,Ghost Gaming,PACIFIC
94271,79043,Icebox,Decider,afterMath Esports,T1,T1,14,afterMath Esports,4260,1,11,2,2,0,0,T1,PACIFIC
94271,79044,Ascent,Decider,T1,afterMath Esports,T1,14,afterMath Esports,4260,8,4,1,5,0,0,T1,PACIFIC
94272,79046,Breeze,Decider,Moon Raccoons,New Moon,Moon Raccoons,793,New Moon,7862,10,2,1,3,0,0,Moon Raccoons,PACIFIC
94272,79047,Fracture,Decider,New Moon,Moon Raccoons,Moon Raccoons,793,New Moon,7862,2,10,3,4,0,0,Moon Raccoons,PACIFIC
94274,79052,Split,Decider,Unknown,Lenny Time,Lenny Time,6045,Unknown,8478,3,9,4,6,0,0,Lenny Time,PACIFIC
94274,79053,Ascent,Decider,Lenny Time,Unknown,Lenny Time,6045,Unknown,8478,9,3,1,4,0,0,Lenny Time,PACIFIC
94276,79058,Bind,Decider,BASED,Zero MarksMen Black,Zero MarksMen Black,5832,BASED,8621,4,8,5,1,0,0,Zero MarksMen Black,PACIFIC
94276,79059,Ascent,Decider,Zero MarksMen Black,BASED,Zero MarksMen Black,5832,BASED,8621,4,8,5,5,0,0,BASED,PACIFIC
94276,79060,Split,Decider,Zero MarksMen Black,BASED,Zero MarksMen Black,5832,BASED,8621,7,5,4,6,0,0,Zero MarksMen Black,PACIFIC
94278,79064,Haven,Decider,Girl Kissers,TradeLikePros,TradeLikePros,1248,Girl Kissers,7854,11,1,4,2,0,0,Girl Kissers,PACIFIC
94278,79065,Split,Decider,TradeLikePros,Girl Kissers,TradeLikePros,1248,Girl Kissers,7854,1,11,2,0,0,0,Girl Kissers,PACIFIC
94279,79067,Breeze,Decider,Team MystiC,Gen.G,Gen.G,17,Team MystiC,8640,0,12,1,1,0,0,Gen.G,PACIFIC
94279,79068,Bind,Decider,Team MystiC,Gen.G,Gen.G,17,Team MystiC,8640,3,9,4,1,0,0,Gen.G,PACIFIC
94280,79070,Haven,Decider,Clanless,Cloud9 White,Clanless,8568,Cloud9 White,1267,5,7,6,6,0,0,Cloud9 White,PACIFIC
94280,79071,Split,Decider,Cloud9 White,Clanless,Clanless,8568,Cloud9 White,1267,9,3,3,4,0,0,Cloud9 White,PACIFIC
94282,79076,Bind,Decider,NYFU,Gorilla Gang,NYFU,8370,Gorilla Gang,2939,6,6,2,7,0,0,NYFU,PACIFIC
94282,79077,Ascent,Decider,Gorilla Gang,NYFU,NYFU,8370,Gorilla Gang,2939,6,6,3,7,0,0,Gorilla Gang,PACIFIC
94282,79078,Split,Decider,Gorilla Gang,NYFU,NYFU,8370,Gorilla Gang,2939,3,9,4,4,0,0,NYFU,PACIFIC
94288,79094,Split,Decider,Built By Gamers Academy,Solstice Esports,Built By Gamers Academy,6451,Solstice Esports,1114,6,6,4,7,0,0,Built By Gamers Academy,PACIFIC
94288,79095,Fracture,Decider,Solstice Esports,Built By Gamers Academy,Built By Gamers Academy,6451,Solstice Esports,1114,6,6,7,2,0,0,Built By Gamers Academy,PACIFIC
94291,79103,Icebox,Decider,Nearest Airport,Shopify Rebellion GC,Nearest Airport,8264,Shopify Rebellion GC,4837,10,2,0,3,0,0,Nearest Airport,PACIFIC
94291,79104,Split,Decider,Shopify Rebellion GC,Nearest Airport,Nearest Airport,8264,Shopify Rebellion GC,4837,4,8,5,1,0,0,Nearest Airport,PACIFIC
94292,79106,Icebox,Decider,VIRTUOSO,Gifted,VIRTUOSO,2348,Gifted,6707,10,2,10,2,2,0,VIRTUOSO,PACIFIC
94292,79107,Fracture,Decider,Gifted,VIRTUOSO,VIRTUOSO,2348,Gifted,6707,8,4,9,1,0,0,VIRTUOSO,PACIFIC
94263,79019,Haven,Decider,Aspyre x Swarm,Complexity,Complexity,470,Aspyre x Swarm,12836,7,5,8,0,0,0,Complexity,PACIFIC
94263,79020,Split,Decider,Complexity,Aspyre x Swarm,Complexity,470,Aspyre x Swarm,12836,9,3,6,4,0,0,Complexity,PACIFIC
94275,79055,Haven,Decider,Moonrise,Soniqs,Soniqs,2350,Moonrise,6912,2,10,3,1,0,0,Soniqs,PACIFIC
94275,79056,Icebox,Decider,Soniqs,Moonrise,Soniqs,2350,Moonrise,6912,7,5,1,6,0,0,Soniqs,PACIFIC
94270,79040,Split,Decider,Flex Gaming,AstraSect,AstraSect,8120,Flex Gaming,8460,9,3,1,4,0,0,Flex Gaming,PACIFIC
94270,79041,Haven,Decider,Flex Gaming,AstraSect,AstraSect,8120,Flex Gaming,8460,5,7,6,5,0,0,AstraSect,PACIFIC
94270,79042,Breeze,Decider,AstraSect,Flex Gaming,AstraSect,8120,Flex Gaming,8460,2,10,3,9,0,0,Flex Gaming,PACIFIC
94287,79091,Haven,Decider,Akrew,Mach5,Akrew,6461,Mach5,8260,4,8,5,5,0,0,Mach5,PACIFIC
94287,79092,Split,Decider,Mach5,Akrew,Akrew,6461,Mach5,8260,2,10,3,0,0,0,Akrew,PACIFIC
94287,79093,Ascent,Decider,Mach5,Akrew,Akrew,6461,Mach5,8260,8,4,9,1,0,0,Akrew,PACIFIC
94290,79100,Fracture,Decider,Skwirel Warriers,Run it Down,Skwirel Warriers,8569,Run it Down,7853,3,9,4,7,0,0,Run it Down,PACIFIC
94290,79101,Ascent,Decider,Run it Down,Skwirel Warriers,Skwirel Warriers,8569,Run it Down,7853,9,3,2,4,0,0,Run it Down,PACIFIC
94283,79079,Icebox,IlluZion,TSM,IlluZion,TSM,106,IlluZion,4529,10,2,3,3,0,0,TSM,PACIFIC
94283,79080,Ascent,TSM,IlluZion,TSM,TSM,106,IlluZion,4529,5,7,6,1,0,0,TSM,PACIFIC
94268,79034,Bind,Decider,SWARM esports,BASILISK,BASILISK,3337,SWARM esports,8617,6,6,7,5,0,0,BASILISK,PACIFIC
94268,79035,Breeze,Decider,BASILISK,SWARM esports,BASILISK,3337,SWARM esports,8617,4,8,5,3,0,0,SWARM esports,PACIFIC
94268,79036,Icebox,Decider,BASILISK,SWARM esports,BASILISK,3337,SWARM esports,8617,3,9,1,10,0,0,BASILISK,PACIFIC
94284,79082,Haven,Decider,Resonate,Cosmic Divide,Cosmic Divide,4388,Resonate,6422,5,7,2,8,0,0,Resonate,PACIFIC
94284,79083,Icebox,Decider,Cosmic Divide,Resonate,Cosmic Divide,4388,Resonate,6422,8,4,6,5,0,0,Cosmic Divide,PACIFIC
94284,79084,Bind,Decider,Cosmic Divide,Resonate,Cosmic Divide,4388,Resonate,6422,10,2,0,3,0,0,Cosmic Divide,PACIFIC
94286,79088,Ascent,Decider,Team Reckaroo,PUGSTARS,Team Reckaroo,3748,PUGSTARS,2938,3,9,4,5,0,0,PUGSTARS,PACIFIC
94286,79089,Icebox,Decider,Team Reckaroo,PUGSTARS,Team Reckaroo,3748,PUGSTARS,2938,3,9,4,1,0,0,PUGSTARS,PACIFIC
94299,79110,Fracture,Decider,Version1,Zer0 Latency,Version1,2815,Zer0 Latency,8357,8,4,1,5,0,0,Version1,PACIFIC
94299,79111,Icebox,Decider,Zer0 Latency,Version1,Version1,2815,Zer0 Latency,8357,5,7,6,1,0,0,Version1,PACIFIC
94300,79113,Haven,Decider,SoaR,Complexity,Complexity,470,SoaR,4345,8,4,1,5,0,0,SoaR,PACIFIC
94300,79114,Breeze,Decider,Complexity,SoaR,Complexity,470,SoaR,4345,7,5,4,6,0,0,Complexity,PACIFIC
94300,79115,Ascent,Decider,Complexity,SoaR,Complexity,470,SoaR,4345,9,3,7,4,0,0,Complexity,PACIFIC
94301,79116,Breeze,Decider,Evil Geniuses,DarkZero Esports,Evil Geniuses,5248,DarkZero Esports,4346,6,6,6,6,3,1,Evil Geniuses,PACIFIC
94301,79117,Bind,Decider,DarkZero Esports,Evil Geniuses,Evil Geniuses,5248,DarkZero Esports,4346,3,9,4,4,0,0,Evil Geniuses,PACIFIC
94302,79119,Icebox,Decider,Ghost Gaming,BASILISK,Ghost Gaming,2291,BASILISK,3337,4,8,5,3,0,0,BASILISK,PACIFIC
94302,79120,Split,Decider,BASILISK,Ghost Gaming,Ghost Gaming,2291,BASILISK,3337,9,3,0,4,0,0,BASILISK,PACIFIC
94303,79122,Breeze,Decider,Knights,Flex Gaming,Knights,1615,Flex Gaming,8460,5,7,3,8,0,0,Knights,PACIFIC
94303,79123,Haven,Decider,Knights,Flex Gaming,Knights,1615,Flex Gaming,8460,11,1,0,2,0,0,Knights,PACIFIC
94304,79125,Icebox,Decider,Moon Raccoons,T1,T1,14,Moon Raccoons,793,3,9,4,5,0,0,T1,PACIFIC
94304,79126,Breeze,Decider,Moon Raccoons,T1,T1,14,Moon Raccoons,793,7,5,7,5,3,1,Moon Raccoons,PACIFIC
94304,79127,Bind,Decider,Moon Raccoons,T1,T1,14,Moon Raccoons,793,6,6,6,6,0,2,T1,PACIFIC
94305,79128,Haven,Decider,Lenny Time,NRG,NRG,1034,Lenny Time,6045,3,9,4,1,0,0,NRG,PACIFIC
94305,79129,Split,Decider,NRG,Lenny Time,NRG,1034,Lenny Time,6045,9,3,2,4,0,0,NRG,PACIFIC
94306,79131,Split,Decider,Zero MarksMen Black,Soniqs,Soniqs,2350,Zero MarksMen Black,5832,6,6,7,2,0,0,Soniqs,PACIFIC
94306,79132,Haven,Decider,Soniqs,Zero MarksMen Black,Soniqs,2350,Zero MarksMen Black,5832,2,10,3,0,0,0,Zero MarksMen Black,PACIFIC
94306,79133,Icebox,Decider,Soniqs,Zero MarksMen Black,Soniqs,2350,Zero MarksMen Black,5832,8,4,9,1,0,0,Zero MarksMen Black,PACIFIC
94307,79134,Icebox,Decider,Luminosity,Girl Kissers,Luminosity,642,Girl Kissers,7854,7,5,8,3,0,0,Girl Kissers,PACIFIC
94307,79135,Bind,Decider,Girl Kissers,Luminosity,Luminosity,642,Girl Kissers,7854,6,6,7,4,0,0,Luminosity,PACIFIC
94307,79136,Fracture,Decider,Girl Kissers,Luminosity,Luminosity,642,Girl Kissers,7854,4,8,5,4,0,0,Luminosity,PACIFIC
94308,79137,Haven,Decider,Gen.G,Cloud9 White,Gen.G,17,Cloud9 White,1267,8,4,0,5,0,0,Gen.G,PACIFIC
94308,79138,Bind,Decider,Cloud9 White,Gen.G,Gen.G,17,Cloud9 White,1267,1,11,2,2,0,0,Gen.G,PACIFIC
94309,79140,Split,100 Thieves,NYFU,100 Thieves,100 Thieves,120,NYFU,8370,8,4,9,2,0,0,100 Thieves,PACIFIC
94309,79141,Haven,NYFU,100 Thieves,NYFU,100 Thieves,120,NYFU,8370,7,5,0,6,0,0,100 Thieves,PACIFIC
94310,79143,Bind,Decider,TSM,Cosmic Divide,TSM,106,Cosmic Divide,4388,6,6,7,4,0,0,Cosmic Divide,PACIFIC
94310,79144,Ascent,Decider,Cosmic Divide,TSM,TSM,106,Cosmic Divide,4388,5,7,6,2,0,0,TSM,PACIFIC
94310,79145,Haven,Decider,Cosmic Divide,TSM,TSM,106,Cosmic Divide,4388,2,10,3,2,0,0,TSM,PACIFIC
94311,79146,Ascent,Decider,Sentinels,PUGSTARS,Sentinels,2,PUGSTARS,2938,11,1,0,2,0,0,Sentinels,PACIFIC
94311,79147,Bind,Decider,PUGSTARS,Sentinels,Sentinels,2,PUGSTARS,2938,5,7,6,0,0,0,Sentinels,PACIFIC
94312,79149,Breeze,Decider,Built By Gamers Academy,Akrew,Akrew,6461,Built By Gamers Academy,6451,5,7,6,1,0,0,Akrew,PACIFIC
94312,79150,Split,Decider,Built By Gamers Academy,Akrew,Akrew,6461,Built By Gamers Academy,6451,2,10,3,0,0,0,Akrew,PACIFIC
94313,79152,Bind,Decider,FaZe Clan,Run it Down,FaZe Clan,337,Run it Down,7853,9,3,3,4,0,0,FaZe Clan,PACIFIC
94313,79153,Breeze,Decider,Run it Down,FaZe Clan,FaZe Clan,337,Run it Down,7853,5,7,6,2,0,0,FaZe Clan,PACIFIC
94314,79155,Ascent,Decider,VIRTUOSO,Nearest Airport,Nearest Airport,8264,VIRTUOSO,2348,8,4,3,5,0,0,VIRTUOSO,PACIFIC
94314,79156,Bind,Decider,Nearest Airport,VIRTUOSO,Nearest Airport,8264,VIRTUOSO,2348,5,7,0,8,0,0,Nearest Airport,PACIFIC
94314,79157,Split,Decider,Nearest Airport,VIRTUOSO,Nearest Airport,8264,VIRTUOSO,2348,4,8,5,4,0,0,VIRTUOSO,PACIFIC
94335,79218,Ascent,Decider,Built By Gamers Academy,PUGSTARS,Built By Gamers Academy,6451,PUGSTARS,2938,5,7,1,8,0,0,Built By Gamers Academy,PACIFIC
94335,79219,Split,Decider,PUGSTARS,Built By Gamers Academy,Built By Gamers Academy,6451,PUGSTARS,2938,7,5,0,6,0,0,PUGSTARS,PACIFIC
94335,79220,Icebox,Decider,Built By Gamers Academy,PUGSTARS,Built By Gamers Academy,6451,PUGSTARS,2938,10,2,2,3,0,0,Built By Gamers Academy,PACIFIC
94321,79176,Split,Akrew,Sentinels,Akrew,Sentinels,2,Akrew,6461,3,9,4,2,0,0,Akrew,PACIFIC
94321,79177,Bind,Sentinels,Akrew,Sentinels,Sentinels,2,Akrew,6461,2,10,3,5,0,0,Sentinels,PACIFIC
94321,79178,Ascent,Decider,Akrew,Sentinels,Sentinels,2,Akrew,6461,7,5,8,3,0,0,Sentinels,PACIFIC
94316,79161,Ascent,Decider,Evil Geniuses,BASILISK,Evil Geniuses,5248,BASILISK,3337,10,2,0,3,0,0,Evil Geniuses,PACIFIC
94316,79162,Breeze,Decider,Evil Geniuses,BASILISK,Evil Geniuses,5248,BASILISK,3337,10,2,6,3,0,0,Evil Geniuses,PACIFIC
94330,79203,Fracture,Decider,DarkZero Esports,Ghost Gaming,Ghost Gaming,2291,DarkZero Esports,4346,8,4,9,1,0,0,Ghost Gaming,PACIFIC
94330,79204,Icebox,Decider,Ghost Gaming,DarkZero Esports,Ghost Gaming,2291,DarkZero Esports,4346,4,8,5,6,0,0,DarkZero Esports,PACIFIC
94330,79205,Haven,Decider,Ghost Gaming,DarkZero Esports,Ghost Gaming,2291,DarkZero Esports,4346,3,9,4,3,0,0,DarkZero Esports,PACIFIC
94318,79167,Breeze,Decider,Zero MarksMen Black,NRG,NRG,1034,Zero MarksMen Black,5832,7,5,7,5,0,2,NRG,PACIFIC
94318,79168,Haven,Decider,NRG,Zero MarksMen Black,NRG,1034,Zero MarksMen Black,5832,5,7,3,8,0,0,NRG,PACIFIC
94332,79209,Split,Decider,Lenny Time,Soniqs,Soniqs,2350,Lenny Time,6045,4,8,5,3,0,0,Soniqs,PACIFIC
94332,79210,Breeze,Decider,Soniqs,Lenny Time,Soniqs,2350,Lenny Time,6045,5,7,6,4,0,0,Lenny Time,PACIFIC
94332,79211,Haven,Decider,Soniqs,Lenny Time,Soniqs,2350,Lenny Time,6045,5,7,3,8,0,0,Soniqs,PACIFIC
94315,79158,Haven,Decider,Complexity,Version1,Version1,2815,Complexity,470,8,4,8,4,2,0,Complexity,PACIFIC
94315,79159,Icebox,Decider,Complexity,Version1,Version1,2815,Complexity,470,2,10,3,2,0,0,Version1,PACIFIC
94315,79160,Ascent,Decider,Complexity,Version1,Version1,2815,Complexity,470,5,7,6,1,0,0,Version1,PACIFIC
94322,79179,Bind,Decider,FaZe Clan,VIRTUOSO,FaZe Clan,337,VIRTUOSO,2348,4,8,5,4,0,0,VIRTUOSO,PACIFIC
94322,79180,Breeze,Decider,VIRTUOSO,FaZe Clan,FaZe Clan,337,VIRTUOSO,2348,4,8,5,7,0,0,FaZe Clan,PACIFIC
94322,79181,Ascent,Decider,VIRTUOSO,FaZe Clan,FaZe Clan,337,VIRTUOSO,2348,5,7,6,0,0,0,FaZe Clan,PACIFIC
94329,79200,Haven,Decider,Zer0 Latency,SoaR,SoaR,4345,Zer0 Latency,8357,2,10,2,10,4,2,Zer0 Latency,PACIFIC
94329,79201,Ascent,Decider,SoaR,Zer0 Latency,SoaR,4345,Zer0 Latency,8357,7,5,8,4,0,0,Zer0 Latency,PACIFIC
94334,79215,Bind,Decider,NYFU,Cosmic Divide,Cosmic Divide,4388,NYFU,8370,8,4,7,5,0,0,NYFU,PACIFIC
94334,79216,Ascent,Decider,Cosmic Divide,NYFU,Cosmic Divide,4388,NYFU,8370,9,3,9,3,2,0,Cosmic Divide,PACIFIC
94334,79217,Split,Decider,Cosmic Divide,NYFU,Cosmic Divide,4388,NYFU,8370,5,7,6,1,0,0,NYFU,PACIFIC
94336,79221,Icebox,Decider,Run it Down,Nearest Airport,Nearest Airport,8264,Run it Down,7853,6,6,1,7,0,0,Run it Down,PACIFIC
94336,79222,Fracture,Decider,Run it Down,Nearest Airport,Nearest Airport,8264,Run it Down,7853,4,8,5,4,0,0,Nearest Airport,PACIFIC
94336,79223,Split,Decider,Nearest Airport,Run it Down,Nearest Airport,8264,Run it Down,7853,10,2,1,3,0,0,Nearest Airport,PACIFIC
94319,79170,Ascent,Decider,Luminosity,Gen.G,Luminosity,642,Gen.G,17,9,3,3,4,0,0,Luminosity,PACIFIC
94319,79171,Bind,Decider,Gen.G,Luminosity,Luminosity,642,Gen.G,17,3,9,4,5,0,0,Luminosity,PACIFIC
94333,79212,Haven,Decider,Girl Kissers,Cloud9 White,Cloud9 White,1267,Girl Kissers,7854,10,2,0,3,0,0,Girl Kissers,PACIFIC
94333,79213,Icebox,Decider,Cloud9 White,Girl Kissers,Cloud9 White,1267,Girl Kissers,7854,4,8,5,2,0,0,Girl Kissers,PACIFIC
94320,79173,Split,Decider,TSM,100 Thieves,100 Thieves,120,TSM,106,3,9,4,0,0,0,100 Thieves,PACIFIC
94320,79174,Ascent,Decider,100 Thieves,TSM,100 Thieves,120,TSM,106,3,9,4,8,0,0,TSM,PACIFIC
94320,79175,Breeze,Decider,100 Thieves,TSM,100 Thieves,120,TSM,106,2,10,3,0,0,0,TSM,PACIFIC
94317,79164,Bind,Decider,Knights,T1,Knights,1615,T1,14,8,4,7,5,0,0,Knights,PACIFIC
94317,79165,Breeze,Decider,Knights,T1,Knights,1615,T1,14,4,8,5,1,0,0,T1,PACIFIC
94317,79166,Haven,Decider,Knights,T1,Knights,1615,T1,14,8,4,4,5,0,0,Knights,PACIFIC
94331,79206,Fracture,Decider,Moon Raccoons,Flex Gaming,Moon Raccoons,793,Flex Gaming,8460,10,2,2,3,0,0,Moon Raccoons,PACIFIC
94331,79207,Haven,Decider,Flex Gaming,Moon Raccoons,Moon Raccoons,793,Flex Gaming,8460,5,7,6,3,0,0,Moon Raccoons,PACIFIC
94323,79182,Bind,Evil Geniuses,Version1,Evil Geniuses,Version1,2815,Evil Geniuses,5248,7,5,7,5,2,0,Version1,PACIFIC
94323,79183,Fracture,Version1,Evil Geniuses,Version1,Version1,2815,Evil Geniuses,5248,9,3,9,3,0,2,Version1,PACIFIC
94324,79185,Fracture,Knights,NRG,Knights,Knights,1615,NRG,1034,6,6,5,7,0,0,NRG,PACIFIC
94324,79186,Bind,NRG,Knights,NRG,Knights,1615,NRG,1034,1,11,2,1,0,0,NRG,PACIFIC
94325,79188,Ascent,TSM,Luminosity,TSM,Luminosity,642,TSM,106,10,2,6,3,0,0,Luminosity,PACIFIC
94325,79189,Bind,Luminosity,TSM,Luminosity,Luminosity,642,TSM,106,6,6,3,7,0,0,TSM,PACIFIC
94325,79190,Icebox,Decider,TSM,Luminosity,Luminosity,642,TSM,106,9,3,7,4,0,0,TSM,PACIFIC
94326,79191,Ascent,FaZe Clan,Sentinels,FaZe Clan,Sentinels,2,FaZe Clan,337,5,7,6,2,0,0,FaZe Clan,PACIFIC
94326,79192,Bind,Sentinels,FaZe Clan,Sentinels,Sentinels,2,FaZe Clan,337,4,8,5,3,0,0,Sentinels,PACIFIC
94326,79193,Haven,Decider,FaZe Clan,Sentinels,Sentinels,2,FaZe Clan,337,9,3,8,4,0,0,FaZe Clan,PACIFIC
94337,79224,Ascent,Decider,VIRTUOSO,Zer0 Latency,VIRTUOSO,2348,Zer0 Latency,8357,9,3,1,4,0,0,VIRTUOSO,PACIFIC
94337,79225,Fracture,Decider,Zer0 Latency,VIRTUOSO,VIRTUOSO,2348,Zer0 Latency,8357,7,5,2,6,0,0,Zer0 Latency,PACIFIC
94337,79226,Bind,Decider,Zer0 Latency,VIRTUOSO,VIRTUOSO,2348,Zer0 Latency,8357,1,11,2,0,0,0,VIRTUOSO,PACIFIC
94338,79227,Icebox,Decider,DarkZero Esports,Akrew,Akrew,6461,DarkZero Esports,4346,5,7,6,6,0,0,Akrew,PACIFIC
94338,79228,Ascent,Decider,DarkZero Esports,Akrew,Akrew,6461,DarkZero Esports,4346,9,3,0,4,0,0,DarkZero Esports,PACIFIC
94338,79229,Breeze,Decider,DarkZero Esports,Akrew,Akrew,6461,DarkZero Esports,4346,6,6,5,7,0,0,DarkZero Esports,PACIFIC
94339,79230,Fracture,Moon Raccoons,100 Thieves,Moon Raccoons,100 Thieves,120,Moon Raccoons,793,9,3,7,4,0,0,100 Thieves,PACIFIC
94339,79231,Haven,100 Thieves,Moon Raccoons,100 Thieves,100 Thieves,120,Moon Raccoons,793,7,5,4,6,0,0,Moon Raccoons,PACIFIC
94339,79232,Bind,Decider,Moon Raccoons,100 Thieves,100 Thieves,120,Moon Raccoons,793,5,7,6,5,0,0,100 Thieves,PACIFIC
94340,79233,Fracture,Gen.G,Gen.G,Soniqs,Gen.G,17,Soniqs,2350,4,8,2,9,0,0,Gen.G,PACIFIC
94340,79234,Breeze,Soniqs,Soniqs,Gen.G,Gen.G,17,Soniqs,2350,9,3,4,4,0,0,Soniqs,PACIFIC
94340,79235,Haven,Gen.G,Soniqs,Gen.G,Gen.G,17,Soniqs,2350,5,7,6,5,0,0,Gen.G,PACIFIC
94341,79236,Bind,Decider,Girl Kissers,Zero MarksMen Black,Zero MarksMen Black,5832,Girl Kissers,7854,1,11,2,0,0,0,Zero MarksMen Black,PACIFIC
94341,79237,Haven,Decider,Zero MarksMen Black,Girl Kissers,Zero MarksMen Black,5832,Girl Kissers,7854,4,8,5,2,0,0,Girl Kissers,PACIFIC
94341,79238,Icebox,Decider,Zero MarksMen Black,Girl Kissers,Zero MarksMen Black,5832,Girl Kissers,7854,9,3,4,4,0,0,Zero MarksMen Black,PACIFIC
94342,79239,Breeze,Decider,NYFU,T1,T1,14,NYFU,8370,2,10,3,2,0,0,T1,PACIFIC
94342,79240,Split,Decider,T1,NYFU,T1,14,NYFU,8370,5,7,5,7,0,2,NYFU,PACIFIC
94342,79241,Bind,Decider,NYFU,T1,T1,14,NYFU,8370,4,8,4,8,2,0,NYFU,PACIFIC
94343,79242,Split,Decider,Built By Gamers Academy,BASILISK,BASILISK,3337,Built By Gamers Academy,6451,6,6,3,7,0,0,Built By Gamers Academy,PACIFIC
94343,79243,Ascent,Decider,BASILISK,Built By Gamers Academy,BASILISK,3337,Built By Gamers Academy,6451,4,8,5,7,0,0,Built By Gamers Academy,PACIFIC
94344,79245,Split,Decider,Nearest Airport,Complexity,Complexity,470,Nearest Airport,8264,10,2,2,3,0,0,Nearest Airport,PACIFIC
94344,79246,Fracture,Decider,Complexity,Nearest Airport,Complexity,470,Nearest Airport,8264,6,6,2,7,0,0,Complexity,PACIFIC
94344,79247,Breeze,Decider,Complexity,Nearest Airport,Complexity,470,Nearest Airport,8264,7,5,5,6,0,0,Complexity,PACIFIC
94327,79194,Fracture,NRG,Version1,NRG,Version1,2815,NRG,1034,7,5,8,4,0,0,NRG,PACIFIC
94327,79195,Icebox,Version1,NRG,Version1,Version1,2815,NRG,1034,5,7,4,8,0,0,NRG,PACIFIC
94348,79257,Haven,Complexity,Built By Gamers Academy,Complexity,Built By Gamers Academy,6451,Complexity,470,6,6,2,7,0,0,Built By Gamers Academy,PACIFIC
94348,79258,Icebox,Built By Gamers Academy,Complexity,Built By Gamers Academy,Built By Gamers Academy,6451,Complexity,470,6,6,6,6,0,2,Built By Gamers Academy,PACIFIC
94345,79248,Icebox,DarkZero Esports,VIRTUOSO,DarkZero Esports,VIRTUOSO,2348,DarkZero Esports,4346,2,10,3,3,0,0,DarkZero Esports,PACIFIC
94345,79249,Fracture,VIRTUOSO,DarkZero Esports,VIRTUOSO,VIRTUOSO,2348,DarkZero Esports,4346,9,3,1,4,0,0,DarkZero Esports,PACIFIC
94346,79251,Bind,Gen.G,100 Thieves,Gen.G,100 Thieves,120,Gen.G,17,2,10,3,0,0,0,Gen.G,PACIFIC
94346,79252,Split,100 Thieves,Gen.G,100 Thieves,100 Thieves,120,Gen.G,17,7,5,8,1,0,0,100 Thieves,PACIFIC
94346,79253,Ascent,Decider,Gen.G,100 Thieves,100 Thieves,120,Gen.G,17,5,7,6,5,0,0,100 Thieves,PACIFIC
94347,79254,Bind,Zero MarksMen Black,NYFU,Zero MarksMen Black,Zero MarksMen Black,5832,NYFU,8370,8,4,0,5,0,0,NYFU,PACIFIC
94347,79255,Split,NYFU,Zero MarksMen Black,NYFU,Zero MarksMen Black,5832,NYFU,8370,9,3,7,4,0,0,Zero MarksMen Black,PACIFIC
94347,79256,Icebox,Decider,Zero MarksMen Black,NYFU,Zero MarksMen Black,5832,NYFU,8370,6,6,7,4,0,0,NYFU,PACIFIC
94328,79197,Ascent,FaZe Clan,TSM,FaZe Clan,TSM,106,FaZe Clan,337,3,9,4,4,0,0,FaZe Clan,PACIFIC
94328,79198,Icebox,TSM,FaZe Clan,TSM,TSM,106,FaZe Clan,337,3,9,4,2,0,0,TSM,PACIFIC
94328,79199,Haven,Decider,FaZe Clan,TSM,TSM,106,FaZe Clan,337,9,3,9,3,3,1,FaZe Clan,PACIFIC
94349,79260,Breeze,Decider,Knights,DarkZero Esports,Knights,1615,DarkZero Esports,4346,8,4,8,4,2,0,Knights,PACIFIC
94349,79261,Ascent,Decider,DarkZero Esports,Knights,Knights,1615,DarkZero Esports,4346,2,10,3,0,0,0,Knights,PACIFIC
94352,79269,Icebox,Decider,Luminosity,Built By Gamers Academy,Luminosity,642,Built By Gamers Academy,6451,7,5,6,6,0,0,Luminosity,PACIFIC
94352,79270,Fracture,Decider,Built By Gamers Academy,Luminosity,Luminosity,642,Built By Gamers Academy,6451,1,11,2,0,0,0,Luminosity,PACIFIC
94350,79263,Bind,Decider,100 Thieves,Evil Geniuses,Evil Geniuses,5248,100 Thieves,120,9,3,3,4,0,0,100 Thieves,PACIFIC
94350,79264,Split,Decider,Evil Geniuses,100 Thieves,Evil Geniuses,5248,100 Thieves,120,8,4,9,0,0,0,100 Thieves,PACIFIC
94351,79266,Split,Decider,Sentinels,NYFU,Sentinels,2,NYFU,8370,7,5,8,3,0,0,NYFU,PACIFIC
94351,79267,Haven,Decider,NYFU,Sentinels,Sentinels,2,NYFU,8370,3,9,4,1,0,0,Sentinels,PACIFIC
94351,79268,Bind,Decider,NYFU,Sentinels,Sentinels,2,NYFU,8370,1,11,2,9,0,0,Sentinels,PACIFIC
94353,79272,Breeze,100 Thieves,Knights,100 Thieves,Knights,1615,100 Thieves,120,5,7,5,7,0,2,100 Thieves,PACIFIC
94353,79273,Haven,Knights,100 Thieves,Knights,Knights,1615,100 Thieves,120,2,10,3,1,0,0,Knights,PACIFIC
94353,79274,Fracture,Decider,100 Thieves,Knights,Knights,1615,100 Thieves,120,6,6,6,6,2,0,100 Thieves,PACIFIC
94354,79275,Bind,Sentinels,Luminosity,Sentinels,Sentinels,2,Luminosity,642,3,9,1,10,0,0,Luminosity,PACIFIC
94354,79276,Fracture,Luminosity,Sentinels,Luminosity,Sentinels,2,Luminosity,642,5,7,3,8,0,0,Sentinels,PACIFIC
94354,79277,Split,Decider,Sentinels,Luminosity,Sentinels,2,Luminosity,642,3,9,4,3,0,0,Luminosity,PACIFIC
94355,79278,Split,100 Thieves,TSM,100 Thieves,TSM,106,100 Thieves,120,4,8,5,3,0,0,100 Thieves,PACIFIC
94355,79279,Icebox,TSM,100 Thieves,TSM,TSM,106,100 Thieves,120,7,5,7,5,1,3,TSM,PACIFIC
94355,79280,Ascent,Decider,100 Thieves,TSM,TSM,106,100 Thieves,120,6,6,7,1,0,0,TSM,PACIFIC
94356,79281,Bind,Luminosity,Version1,Luminosity,Version1,2815,Luminosity,642,5,7,6,2,0,0,Luminosity,PACIFIC
94356,79282,Ascent,Version1,Luminosity,Version1,Version1,2815,Luminosity,642,6,6,7,4,0,0,Version1,PACIFIC
94356,79283,Breeze,Decider,Luminosity,Version1,Version1,2815,Luminosity,642,8,4,7,5,0,0,Luminosity,PACIFIC
96983,81380,Breeze,Decider,Gorilla Gang,Phoenix2,Gorilla Gang,2939,Phoenix2,8623,10,2,1,3,0,0,Gorilla Gang,PACIFIC
96983,81381,Haven,Decider,Gorilla Gang,Phoenix2,Gorilla Gang,2939,Phoenix2,8623,9,3,3,4,0,0,Gorilla Gang,PACIFIC
96984,81383,Icebox,Decider,Gen.G Black,Team Reckaroo,Team Reckaroo,3748,Gen.G Black,4475,2,10,3,2,0,0,Team Reckaroo,PACIFIC
96984,81384,Fracture,Decider,Team Reckaroo,Gen.G Black,Team Reckaroo,3748,Gen.G Black,4475,8,4,1,5,0,0,Team Reckaroo,PACIFIC
96985,81386,Icebox,Decider,Misfits Black,T1,T1,14,Misfits Black,6727,1,11,2,0,0,0,T1,PACIFIC
96985,81387,Haven,Decider,Misfits Black,T1,T1,14,Misfits Black,6727,0,12,1,0,0,0,T1,PACIFIC
96986,81389,Ascent,Decider,Team Opulence Gold,afterMath Esports,afterMath Esports,4260,Team Opulence Gold,8593,4,8,4,8,1,3,afterMath Esports,PACIFIC
96986,81390,Split,Decider,afterMath Esports,Team Opulence Gold,afterMath Esports,4260,Team Opulence Gold,8593,6,6,1,7,0,0,afterMath Esports,PACIFIC
96987,81392,Split,Decider,1Rule,Soniqs,Soniqs,2350,1Rule,8831,2,10,3,1,0,0,Soniqs,PACIFIC
96987,81393,Haven,Decider,Soniqs,1Rule,Soniqs,2350,1Rule,8831,10,2,0,3,0,0,Soniqs,PACIFIC
96988,81395,Split,Decider,Vexo Esports,select few,Vexo Esports,7822,select few,7707,9,3,2,4,0,0,Vexo Esports,PACIFIC
96988,81396,Haven,Decider,Vexo Esports,select few,Vexo Esports,7822,select few,7707,9,3,1,4,0,0,Vexo Esports,PACIFIC
96991,81404,Ascent,Decider,Eros,Lenny Time,Lenny Time,6045,Eros,4648,2,10,3,4,0,0,Lenny Time,PACIFIC
96991,81405,Bind,Decider,Lenny Time,Eros,Lenny Time,6045,Eros,4648,10,2,0,3,0,0,Lenny Time,PACIFIC
96992,81407,Ascent,Decider,StarBound,Able Esports,Able Esports,1669,StarBound,8058,10,2,6,3,0,0,StarBound,PACIFIC
96992,81408,Split,Decider,Able Esports,StarBound,Able Esports,1669,StarBound,8058,7,5,3,6,0,0,Able Esports,PACIFIC
96992,81409,Icebox,Decider,StarBound,Able Esports,Able Esports,1669,StarBound,8058,9,3,1,4,0,0,StarBound,PACIFIC
96993,81410,Split,Decider,Gen.G,Panda Party,Gen.G,17,Panda Party,8731,8,4,0,5,0,0,Gen.G,PACIFIC
96993,81411,Ascent,Decider,Panda Party,Gen.G,Gen.G,17,Panda Party,8731,3,9,4,1,0,0,Gen.G,PACIFIC
96994,81413,Haven,Decider,Big Baller Brand,Spectral Esports,Spectral Esports,2275,Big Baller Brand,5923,11,1,1,2,0,0,Big Baller Brand,PACIFIC
96994,81414,Ascent,Decider,Spectral Esports,Big Baller Brand,Spectral Esports,2275,Big Baller Brand,5923,5,7,6,2,0,0,Big Baller Brand,PACIFIC
96995,81416,Haven,Decider,Pasquallys Pizza Posse,SoaR,SoaR,4345,Pasquallys Pizza Posse,8625,6,6,7,0,0,0,SoaR,PACIFIC
96995,81417,Bind,Decider,SoaR,Pasquallys Pizza Posse,SoaR,4345,Pasquallys Pizza Posse,8625,12,0,0,1,0,0,SoaR,PACIFIC
96996,81419,Haven,Decider,TradeLikePros,Pulsar Red,TradeLikePros,1248,Pulsar Red,8832,5,7,3,8,0,0,TradeLikePros,PACIFIC
96996,81420,Bind,Decider,TradeLikePros,Pulsar Red,TradeLikePros,1248,Pulsar Red,8832,10,2,2,3,0,0,TradeLikePros,PACIFIC
96999,81428,Icebox,Decider,Clanless,SLODI REPUS,Clanless,8568,SLODI REPUS,8558,10,2,2,3,0,0,Clanless,PACIFIC
96999,81429,Ascent,Decider,SLODI REPUS,Clanless,Clanless,8568,SLODI REPUS,8558,5,7,6,1,0,0,Clanless,PACIFIC
97000,81431,Haven,Decider,Resonate,GONJO,Resonate,6422,GONJO,8627,7,5,3,6,0,0,Resonate,PACIFIC
97000,81432,Bind,Decider,Resonate,GONJO,Resonate,6422,GONJO,8627,5,7,6,3,0,0,GONJO,PACIFIC
97000,81433,Split,Decider,Resonate,GONJO,Resonate,6422,GONJO,8627,7,5,2,6,0,0,Resonate,PACIFIC
97002,81437,Haven,Decider,BaddiesOnVal,Nation Gaming,Nation Gaming,8453,BaddiesOnVal,8833,4,8,5,6,0,0,Nation Gaming,PACIFIC
97002,81438,Ascent,Decider,Nation Gaming,BaddiesOnVal,Nation Gaming,8453,BaddiesOnVal,8833,10,2,2,3,0,0,Nation Gaming,PACIFIC
97003,81440,Bind,Decider,5 of a Kind,BASILISK,BASILISK,3337,5 of a Kind,7816,4,8,5,0,0,0,BASILISK,PACIFIC
97003,81441,Split,Decider,BASILISK,5 of a Kind,BASILISK,3337,5 of a Kind,7816,5,7,1,8,0,0,BASILISK,PACIFIC
97004,81443,Ascent,Decider,Zenigma Alpha,HypeHorizen,HypeHorizen,8313,Zenigma Alpha,6879,4,8,5,0,0,0,HypeHorizen,PACIFIC
97004,81444,Haven,Decider,HypeHorizen,Zenigma Alpha,HypeHorizen,8313,Zenigma Alpha,6879,5,7,6,4,0,0,Zenigma Alpha,PACIFIC
97004,81445,Icebox,Decider,Zenigma Alpha,HypeHorizen,HypeHorizen,8313,Zenigma Alpha,6879,5,7,6,3,0,0,HypeHorizen,PACIFIC
97007,81452,Breeze,Decider,MEW2,Flex Gaming,Flex Gaming,8460,MEW2,8612,1,11,2,0,0,0,Flex Gaming,PACIFIC
97007,81453,Icebox,Decider,Flex Gaming,MEW2,Flex Gaming,8460,MEW2,8612,8,4,4,5,0,0,Flex Gaming,PACIFIC
97008,81455,Bind,Decider,BASED,Unknown,Unknown,8478,BASED,8621,8,4,6,5,0,0,BASED,PACIFIC
97008,81456,Ascent,Decider,Unknown,BASED,Unknown,8478,BASED,8621,6,6,7,2,0,0,BASED,PACIFIC
97009,81458,Haven,Decider,Nana's Biscuits,Complexity,Complexity,470,Nana's Biscuits,8619,3,9,4,0,0,0,Complexity,PACIFIC
97009,81459,Split,Decider,Complexity,Nana's Biscuits,Complexity,470,Nana's Biscuits,8619,11,1,1,2,0,0,Complexity,PACIFIC
97010,81461,Icebox,Decider,Free Fall,Omnipotent Gaming,Free Fall,7704,Omnipotent Gaming,8471,5,7,2,8,0,0,Free Fall,PACIFIC
97010,81462,Ascent,Decider,Free Fall,Omnipotent Gaming,Free Fall,7704,Omnipotent Gaming,8471,11,1,0,2,0,0,Free Fall,PACIFIC
97011,81464,Bind,Decider,Chapter 4,Cosmic Divide,Cosmic Divide,4388,Chapter 4,8174,2,10,3,0,0,0,Cosmic Divide,PACIFIC
97011,81465,Haven,Decider,Cosmic Divide,Chapter 4,Cosmic Divide,4388,Chapter 4,8174,7,5,3,6,0,0,Cosmic Divide,PACIFIC
97012,81467,Haven,Decider,Lycus Empire,Conquest Esports,Lycus Empire,6431,Conquest Esports,8618,10,2,0,3,0,0,Lycus Empire,PACIFIC
97012,81468,Icebox,Decider,Lycus Empire,Conquest Esports,Lycus Empire,6431,Conquest Esports,8618,7,5,5,6,0,0,Lycus Empire,PACIFIC
97015,81476,Ascent,Decider,Skwirel Warriers,Jellyspotters,Skwirel Warriers,8569,Jellyspotters,8834,10,2,2,3,0,0,Skwirel Warriers,PACIFIC
97015,81477,Split,Decider,Jellyspotters,Skwirel Warriers,Skwirel Warriers,8569,Jellyspotters,8834,5,7,6,0,0,0,Skwirel Warriers,PACIFIC
97016,81479,Icebox,Decider,Mach5,RILLAS,Mach5,8260,RILLAS,8613,7,5,3,6,0,0,Mach5,PACIFIC
97016,81480,Ascent,Decider,Mach5,RILLAS,Mach5,8260,RILLAS,8613,6,6,7,2,0,0,RILLAS,PACIFIC
97016,81481,Fracture,Decider,RILLAS,Mach5,Mach5,8260,RILLAS,8613,7,5,0,6,0,0,RILLAS,PACIFIC
97017,81482,Split,Decider,Girl Kissers,Moonrise Black,Girl Kissers,7854,Moonrise Black,8059,11,1,0,2,0,0,Girl Kissers,PACIFIC
97017,81483,Haven,Decider,Girl Kissers,Moonrise Black,Girl Kissers,7854,Moonrise Black,8059,12,0,0,1,0,0,Girl Kissers,PACIFIC
97018,81485,Breeze,Decider,Moonrise,Tempest Gaming,Moonrise,6912,Tempest Gaming,8451,7,5,5,6,0,0,Moonrise,PACIFIC
97018,81486,Split,Decider,Tempest Gaming,Moonrise,Moonrise,6912,Tempest Gaming,8451,7,5,8,2,0,0,Moonrise,PACIFIC
97019,81488,Icebox,Decider,Nearest Airport,CG,Nearest Airport,8264,CG,8878,12,0,1,1,0,0,Nearest Airport,PACIFIC
97019,81489,Breeze,Decider,Nearest Airport,CG,Nearest Airport,8264,CG,8878,12,0,0,1,0,0,Nearest Airport,PACIFIC
97020,81491,Icebox,Decider,New Moon,Rated Gaming,New Moon,7862,Rated Gaming,7049,5,7,2,8,0,0,New Moon,PACIFIC
97020,81492,Breeze,Decider,New Moon,Rated Gaming,New Moon,7862,Rated Gaming,7049,7,5,7,5,0,2,Rated Gaming,PACIFIC
97020,81493,Haven,Decider,Rated Gaming,New Moon,New Moon,7862,Rated Gaming,7049,5,7,5,7,4,2,Rated Gaming,PACIFIC
97023,81500,Icebox,Decider,SYR,PUGSTARS,PUGSTARS,2938,SYR,8327,2,10,3,0,0,0,PUGSTARS,PACIFIC
97023,81501,Ascent,Decider,SYR,PUGSTARS,PUGSTARS,2938,SYR,8327,4,8,5,1,0,0,PUGSTARS,PACIFIC
97024,81503,Haven,Decider,AVESTA,Solstice Esports,Solstice Esports,1114,AVESTA,8835,3,9,4,1,0,0,Solstice Esports,PACIFIC
97024,81504,Split,Decider,Solstice Esports,AVESTA,Solstice Esports,1114,AVESTA,8835,8,4,8,4,2,4,AVESTA,PACIFIC
97024,81505,Breeze,Decider,Solstice Esports,AVESTA,Solstice Esports,1114,AVESTA,8835,6,6,7,4,0,0,AVESTA,PACIFIC
97025,81506,Haven,Decider,Mizzou Esports,Zero MarksMen Black,Zero MarksMen Black,5832,Mizzou Esports,8614,3,9,4,0,0,0,Zero MarksMen Black,PACIFIC
97025,81507,Icebox,Decider,Zero MarksMen Black,Mizzou Esports,Zero MarksMen Black,5832,Mizzou Esports,8614,9,3,5,4,0,0,Zero MarksMen Black,PACIFIC
97026,81509,Bind,Decider,Eclectiq,Tokyo Revengers,Eclectiq,6454,Tokyo Revengers,8459,8,4,0,5,0,0,Eclectiq,PACIFIC
97026,81510,TBD,Decider,,,Eclectiq,6454,Tokyo Revengers,8459,0,0,0,0,0,0,Draw,PACIFIC
97027,81512,Icebox,Decider,Ghost Gaming,Area of Effect,Ghost Gaming,2291,Area of Effect,8836,10,2,0,3,0,0,Ghost Gaming,PACIFIC
97027,81513,Ascent,Decider,Ghost Gaming,Area of Effect,Ghost Gaming,2291,Area of Effect,8836,10,2,4,3,0,0,Ghost Gaming,PACIFIC
97031,81524,Breeze,Decider,YFP,dart monkeys,YFP,5038,dart monkeys,8159,10,2,0,3,0,0,YFP,PACIFIC
97031,81525,Icebox,Decider,YFP,dart monkeys,YFP,5038,dart monkeys,8159,12,0,0,1,0,0,YFP,PACIFIC
97032,81527,Icebox,Decider,Desire Rising,SWARM esports,SWARM esports,8617,Desire Rising,8626,9,3,5,4,0,0,Desire Rising,PACIFIC
97032,81528,Split,Decider,SWARM esports,Desire Rising,SWARM esports,8617,Desire Rising,8626,7,5,7,5,4,2,SWARM esports,PACIFIC
97032,81529,Bind,Decider,SWARM esports,Desire Rising,SWARM esports,8617,Desire Rising,8626,7,5,8,0,0,0,Desire Rising,PACIFIC
97033,81530,Haven,Decider,GodSpeed Gold,Moon Raccoons,Moon Raccoons,793,GodSpeed Gold,8732,3,9,4,0,0,0,Moon Raccoons,PACIFIC
97033,81531,Fracture,Decider,GodSpeed Gold,Moon Raccoons,Moon Raccoons,793,GodSpeed Gold,8732,3,9,4,0,0,0,Moon Raccoons,PACIFIC
97034,81533,Haven,Decider,Team Flux,ADHD,ADHD,8837,Team Flux,952,7,5,3,6,0,0,Team Flux,PACIFIC
97034,81534,Fracture,Decider,ADHD,Team Flux,ADHD,8837,Team Flux,952,9,3,2,4,0,0,ADHD,PACIFIC
97034,81535,Bind,Decider,ADHD,Team Flux,ADHD,8837,Team Flux,952,9,3,3,4,0,0,ADHD,PACIFIC
97035,81536,Bind,Decider,Zer0 Latency,Face Off,Zer0 Latency,8357,Face Off,8624,8,4,2,5,0,0,Zer0 Latency,PACIFIC
97035,81537,Haven,Decider,Zer0 Latency,Face Off,Zer0 Latency,8357,Face Off,8624,8,4,1,5,0,0,Zer0 Latency,PACIFIC
97036,81539,Split,Decider,Dallas Vendetta,Aspyre x Swarm,Aspyre x Swarm,12836,Dallas Vendetta,2228,4,8,4,8,0,2,Aspyre x Swarm,PACIFIC
97036,81540,Ascent,Decider,Aspyre x Swarm,Dallas Vendetta,Aspyre x Swarm,12836,Dallas Vendetta,2228,10,2,0,3,0,0,Aspyre x Swarm,PACIFIC
97039,81548,Haven,Decider,TEN-5,Cloud9 White,Cloud9 White,1267,TEN-5,8472,0,12,1,0,0,0,Cloud9 White,PACIFIC
97039,81549,Ascent,Decider,Cloud9 White,TEN-5,Cloud9 White,1267,TEN-5,8472,3,9,4,5,0,0,TEN-5,PACIFIC
97039,81550,Split,Decider,Cloud9 White,TEN-5,Cloud9 White,1267,TEN-5,8472,9,3,3,4,0,0,Cloud9 White,PACIFIC
97040,81551,Icebox,Decider,ONi,FaRt Clan,ONi,8497,FaRt Clan,8358,9,3,2,4,0,0,ONi,PACIFIC
97040,81552,TBD,Decider,,,ONi,8497,FaRt Clan,8358,0,0,0,0,0,0,Draw,PACIFIC
97041,81554,Fracture,Decider,VIRTUOSO,Nocturnals,VIRTUOSO,2348,Nocturnals,7838,11,1,0,2,0,0,VIRTUOSO,PACIFIC
97041,81555,Bind,Decider,Nocturnals,VIRTUOSO,VIRTUOSO,2348,Nocturnals,7838,1,11,2,0,0,0,VIRTUOSO,PACIFIC
97042,81557,Breeze,Decider,Team MystiC,Exotic,Team MystiC,8640,Exotic,1301,4,8,5,7,0,0,Exotic,PACIFIC
97042,81558,Haven,Decider,Exotic,Team MystiC,Team MystiC,8640,Exotic,1301,9,3,5,4,0,0,Exotic,PACIFIC
97043,81560,Breeze,Decider,Team Opulence Black,Run it Down,Run it Down,7853,Team Opulence Black,8498,3,9,4,1,0,0,Run it Down,PACIFIC
97043,81561,Fracture,Decider,Run it Down,Team Opulence Black,Run it Down,7853,Team Opulence Black,8498,10,2,1,3,0,0,Run it Down,PACIFIC
97044,81563,Haven,Decider,Team Mystic,Team Blank,Team Mystic,5829,Team Blank,8597,5,7,5,7,4,2,Team Mystic,PACIFIC
97044,81564,Icebox,Decider,Team Mystic,Team Blank,Team Mystic,5829,Team Blank,8597,9,3,0,4,0,0,Team Mystic,PACIFIC
97046,81569,Breeze,Decider,Gorilla Gang,Team Reckaroo,Gorilla Gang,2939,Team Reckaroo,3748,5,7,6,6,0,0,Team Reckaroo,PACIFIC
97046,81570,Icebox,Decider,Team Reckaroo,Gorilla Gang,Gorilla Gang,2939,Team Reckaroo,3748,5,7,2,8,0,0,Team Reckaroo,PACIFIC
97048,81575,Breeze,Soniqs,Vexo Esports,Soniqs,Soniqs,2350,Vexo Esports,7822,4,8,5,3,0,0,Soniqs,PACIFIC
97048,81576,Haven,Vexo Esports,Soniqs,Vexo Esports,Soniqs,2350,Vexo Esports,7822,6,6,1,7,0,0,Soniqs,PACIFIC
97050,81581,Breeze,Decider,StarBound,Lenny Time,Lenny Time,6045,StarBound,8058,7,5,8,4,0,0,Lenny Time,PACIFIC
97050,81582,Haven,Decider,Lenny Time,StarBound,Lenny Time,6045,StarBound,8058,7,5,0,6,0,0,Lenny Time,PACIFIC
97051,81584,Haven,Decider,Gen.G,Big Baller Brand,Gen.G,17,Big Baller Brand,5923,4,8,3,9,0,0,Gen.G,PACIFIC
97051,81585,Breeze,Decider,Big Baller Brand,Gen.G,Gen.G,17,Big Baller Brand,5923,3,9,4,1,0,0,Gen.G,PACIFIC
97052,81587,Haven,Decider,TradeLikePros,SoaR,SoaR,4345,TradeLikePros,1248,5,7,5,7,1,3,SoaR,PACIFIC
97052,81588,Bind,Decider,SoaR,TradeLikePros,SoaR,4345,TradeLikePros,1248,8,4,8,4,3,1,SoaR,PACIFIC
97055,81596,Haven,Decider,Nation Gaming,Akrew,Akrew,6461,Nation Gaming,8453,11,1,0,2,0,0,Nation Gaming,PACIFIC
97055,81597,Ascent,Decider,Nation Gaming,Akrew,Akrew,6461,Nation Gaming,8453,7,5,8,2,0,0,Akrew,PACIFIC
97055,81598,Icebox,Decider,Nation Gaming,Akrew,Akrew,6461,Nation Gaming,8453,5,7,6,3,0,0,Akrew,PACIFIC
97058,81605,Breeze,Decider,BASED,Flex Gaming,Flex Gaming,8460,BASED,8621,7,5,8,3,0,0,Flex Gaming,PACIFIC
97058,81606,Split,Decider,Flex Gaming,BASED,Flex Gaming,8460,BASED,8621,8,4,1,5,0,0,Flex Gaming,PACIFIC
97059,81608,Haven,Decider,Free Fall,Complexity,Complexity,470,Free Fall,7704,3,9,4,1,0,0,Complexity,PACIFIC
97059,81609,Ascent,Decider,Complexity,Free Fall,Complexity,470,Free Fall,7704,9,3,2,4,0,0,Complexity,PACIFIC
97060,81611,Split,Decider,Lycus Empire,Cosmic Divide,Cosmic Divide,4388,Lycus Empire,6431,3,9,4,2,0,0,Cosmic Divide,PACIFIC
97060,81612,Ascent,Decider,Cosmic Divide,Lycus Empire,Cosmic Divide,4388,Lycus Empire,6431,9,3,5,4,0,0,Cosmic Divide,PACIFIC
97063,81620,Icebox,Decider,Girl Kissers,Moonrise,Girl Kissers,7854,Moonrise,6912,7,5,4,6,0,0,Girl Kissers,PACIFIC
97063,81621,Haven,Decider,Moonrise,Girl Kissers,Girl Kissers,7854,Moonrise,6912,5,7,6,3,0,0,Girl Kissers,PACIFIC
97067,81632,Icebox,Decider,Zero MarksMen Black,Eclectiq,Zero MarksMen Black,5832,Eclectiq,6454,10,2,3,3,0,0,Zero MarksMen Black,PACIFIC
97067,81633,Haven,Decider,Eclectiq,Zero MarksMen Black,Zero MarksMen Black,5832,Eclectiq,6454,9,3,10,1,0,0,Zero MarksMen Black,PACIFIC
97068,81635,Ascent,Decider,Ghost Gaming,IlluZion,Ghost Gaming,2291,IlluZion,4529,11,1,0,2,0,0,Ghost Gaming,PACIFIC
97068,81636,Breeze,Decider,IlluZion,Ghost Gaming,Ghost Gaming,2291,IlluZion,4529,4,8,5,5,0,0,Ghost Gaming,PACIFIC
97072,81647,Fracture,Decider,Aspyre x Swarm,Zer0 Latency,Zer0 Latency,8357,Aspyre x Swarm,12836,6,6,5,7,0,0,Aspyre x Swarm,PACIFIC
97072,81648,Ascent,Decider,Zer0 Latency,Aspyre x Swarm,Zer0 Latency,8357,Aspyre x Swarm,12836,6,6,7,4,0,0,Aspyre x Swarm,PACIFIC
97076,81659,Breeze,Decider,Team Mystic,Run it Down,Run it Down,7853,Team Mystic,5829,6,6,5,7,0,0,Team Mystic,PACIFIC
97076,81660,Icebox,Decider,Run it Down,Team Mystic,Run it Down,7853,Team Mystic,5829,6,6,6,6,2,4,Team Mystic,PACIFIC
97047,81572,Icebox,Decider,afterMath Esports,T1,T1,14,afterMath Esports,4260,4,8,5,2,0,0,T1,PACIFIC
97047,81573,Ascent,Decider,T1,afterMath Esports,T1,14,afterMath Esports,4260,8,4,2,5,0,0,T1,PACIFIC
97075,81656,Breeze,Decider,VIRTUOSO,Exotic,VIRTUOSO,2348,Exotic,1301,8,4,9,2,0,0,Exotic,PACIFIC
97075,81657,Bind,Decider,Exotic,VIRTUOSO,VIRTUOSO,2348,Exotic,1301,4,8,5,4,0,0,VIRTUOSO,PACIFIC
97075,81658,Split,Decider,Exotic,VIRTUOSO,VIRTUOSO,2348,Exotic,1301,4,8,5,2,0,0,VIRTUOSO,PACIFIC
97056,81599,Icebox,Decider,BASILISK,HypeHorizen,BASILISK,3337,HypeHorizen,8313,12,0,0,1,0,0,BASILISK,PACIFIC
97056,81600,Ascent,Decider,BASILISK,HypeHorizen,BASILISK,3337,HypeHorizen,8313,6,6,5,7,0,0,BASILISK,PACIFIC
97066,81629,Haven,Decider,AVESTA,PUGSTARS,PUGSTARS,2938,AVESTA,8835,5,7,6,2,0,0,PUGSTARS,PACIFIC
97066,81630,Ascent,Decider,AVESTA,PUGSTARS,PUGSTARS,2938,AVESTA,8835,10,2,10,2,0,2,PUGSTARS,PACIFIC
97071,81644,Icebox,Decider,Moon Raccoons,ADHD,Moon Raccoons,793,ADHD,8837,6,6,1,7,0,0,Moon Raccoons,PACIFIC
97071,81645,Fracture,Decider,ADHD,Moon Raccoons,Moon Raccoons,793,ADHD,8837,4,8,5,3,0,0,Moon Raccoons,PACIFIC
97074,81653,Haven,Decider,ONi,Cloud9 White,Cloud9 White,1267,ONi,8497,5,7,6,2,0,0,Cloud9 White,PACIFIC
97074,81654,Icebox,Decider,Cloud9 White,ONi,Cloud9 White,1267,ONi,8497,8,4,1,5,0,0,Cloud9 White,PACIFIC
97054,81593,Icebox,Decider,Clanless,Resonate,Clanless,8568,Resonate,6422,8,4,2,5,0,0,Clanless,PACIFIC
97054,81594,Ascent,Decider,Resonate,Clanless,Clanless,8568,Resonate,6422,3,9,4,4,0,0,Clanless,PACIFIC
97062,81617,Icebox,Decider,Skwirel Warriers,RILLAS,Skwirel Warriers,8569,RILLAS,8613,4,8,4,8,1,3,RILLAS,PACIFIC
97062,81618,Split,Decider,RILLAS,Skwirel Warriers,Skwirel Warriers,8569,RILLAS,8613,2,10,3,0,0,0,Skwirel Warriers,PACIFIC
97062,81619,Ascent,Decider,RILLAS,Skwirel Warriers,Skwirel Warriers,8569,RILLAS,8613,4,8,5,4,0,0,Skwirel Warriers,PACIFIC
97064,81623,Bind,Decider,Rated Gaming,Nearest Airport,Nearest Airport,8264,Rated Gaming,7049,2,10,3,0,0,0,Nearest Airport,PACIFIC
97064,81624,Icebox,Decider,Nearest Airport,Rated Gaming,Nearest Airport,8264,Rated Gaming,7049,9,3,10,2,0,0,Rated Gaming,PACIFIC
97064,81625,Breeze,Decider,Nearest Airport,Rated Gaming,Nearest Airport,8264,Rated Gaming,7049,5,7,5,7,3,5,Rated Gaming,PACIFIC
97070,81641,Ascent,Decider,Desire Rising,YFP,YFP,5038,Desire Rising,8626,5,7,6,0,0,0,YFP,PACIFIC
97070,81642,Haven,Decider,YFP,Desire Rising,YFP,5038,Desire Rising,8626,6,6,6,6,2,0,YFP,PACIFIC
97176,81752,Haven,Decider,100 Thieves,Team Reckaroo,100 Thieves,120,Team Reckaroo,3748,9,3,3,4,0,0,100 Thieves,PACIFIC
97176,81753,Fracture,Decider,Team Reckaroo,100 Thieves,100 Thieves,120,Team Reckaroo,3748,2,10,3,2,0,0,100 Thieves,PACIFIC
97177,81755,Bind,Decider,Soniqs,T1,T1,14,Soniqs,2350,11,1,0,2,0,0,Soniqs,PACIFIC
97177,81756,Split,Decider,T1,Soniqs,T1,14,Soniqs,2350,4,8,5,1,0,0,Soniqs,PACIFIC
97178,81758,Ascent,Decider,NYFU,Lenny Time,NYFU,8370,Lenny Time,6045,5,7,2,8,0,0,NYFU,PACIFIC
97178,81759,Split,Decider,Lenny Time,NYFU,NYFU,8370,Lenny Time,6045,8,4,8,4,2,0,Lenny Time,PACIFIC
97178,81760,Breeze,Decider,Lenny Time,NYFU,NYFU,8370,Lenny Time,6045,7,5,8,4,0,0,NYFU,PACIFIC
97179,81761,Haven,Decider,Gen.G,SoaR,Gen.G,17,SoaR,4345,3,9,4,1,0,0,SoaR,PACIFIC
97179,81762,Bind,Decider,SoaR,Gen.G,Gen.G,17,SoaR,4345,2,10,1,11,0,0,SoaR,PACIFIC
97180,81764,Ascent,Decider,Sentinels,Clanless,Sentinels,2,Clanless,8568,6,6,3,7,0,0,Sentinels,PACIFIC
97180,81765,Bind,Decider,Clanless,Sentinels,Sentinels,2,Clanless,8568,3,9,4,4,0,0,Sentinels,PACIFIC
97181,81767,Bind,Decider,Akrew,BASILISK,Akrew,6461,BASILISK,3337,11,1,0,2,0,0,Akrew,PACIFIC
97181,81768,Split,Decider,BASILISK,Akrew,Akrew,6461,BASILISK,3337,5,7,6,0,0,0,Akrew,PACIFIC
97182,81770,Breeze,Decider,Built By Gamers Academy,Flex Gaming,Built By Gamers Academy,6451,Flex Gaming,8460,9,3,0,4,0,0,Built By Gamers Academy,PACIFIC
97182,81771,Icebox,Decider,Flex Gaming,Built By Gamers Academy,Built By Gamers Academy,6451,Flex Gaming,8460,3,9,4,5,0,0,Built By Gamers Academy,PACIFIC
97183,81773,Haven,Decider,Cosmic Divide,Complexity,Complexity,470,Cosmic Divide,4388,5,7,4,8,0,0,Cosmic Divide,PACIFIC
97183,81774,Split,Decider,Complexity,Cosmic Divide,Complexity,470,Cosmic Divide,4388,7,5,8,3,0,0,Cosmic Divide,PACIFIC
97184,81776,Bind,Decider,Version1,Skwirel Warriers,Version1,2815,Skwirel Warriers,8569,4,8,4,8,2,0,Version1,PACIFIC
97184,81777,Icebox,Decider,Skwirel Warriers,Version1,Version1,2815,Skwirel Warriers,8569,4,8,5,0,0,0,Version1,PACIFIC
97186,81782,Ascent,Decider,Evil Geniuses,PUGSTARS,Evil Geniuses,5248,PUGSTARS,2938,4,8,5,1,0,0,PUGSTARS,PACIFIC
97186,81783,Icebox,Decider,Evil Geniuses,PUGSTARS,Evil Geniuses,5248,PUGSTARS,2938,10,2,2,3,0,0,Evil Geniuses,PACIFIC
97186,81784,Breeze,Decider,Evil Geniuses,PUGSTARS,Evil Geniuses,5248,PUGSTARS,2938,9,3,1,4,0,0,Evil Geniuses,PACIFIC
97187,81785,Fracture,Decider,Zero MarksMen Black,Ghost Gaming,Zero MarksMen Black,5832,Ghost Gaming,2291,8,4,9,0,0,0,Ghost Gaming,PACIFIC
97187,81786,Haven,Decider,Ghost Gaming,Zero MarksMen Black,Zero MarksMen Black,5832,Ghost Gaming,2291,5,7,4,8,0,0,Ghost Gaming,PACIFIC
97188,81788,Haven,Decider,YFP,Knights,Knights,1615,YFP,5038,5,7,5,7,1,3,Knights,PACIFIC
97188,81789,Breeze,Decider,Knights,YFP,Knights,1615,YFP,5038,12,0,3,1,0,0,Knights,PACIFIC
97189,81791,Bind,Decider,Moon Raccoons,Aspyre x Swarm,Moon Raccoons,793,Aspyre x Swarm,12836,7,5,5,6,0,0,Moon Raccoons,PACIFIC
97189,81792,Fracture,Decider,Aspyre x Swarm,Moon Raccoons,Moon Raccoons,793,Aspyre x Swarm,12836,3,9,4,4,0,0,Moon Raccoons,PACIFIC
97190,81794,Haven,Decider,DarkZero Esports,Cloud9 White,DarkZero Esports,4346,Cloud9 White,1267,4,8,5,2,0,0,Cloud9 White,PACIFIC
97190,81795,Icebox,Decider,Cloud9 White,DarkZero Esports,DarkZero Esports,4346,Cloud9 White,1267,4,8,5,0,0,0,DarkZero Esports,PACIFIC
97190,81796,Ascent,Decider,Cloud9 White,DarkZero Esports,DarkZero Esports,4346,Cloud9 White,1267,2,10,3,3,0,0,DarkZero Esports,PACIFIC
97191,81797,Icebox,Decider,VIRTUOSO,Team Mystic,VIRTUOSO,2348,Team Mystic,5829,4,8,5,2,0,0,Team Mystic,PACIFIC
97191,81798,Fracture,Decider,Team Mystic,VIRTUOSO,VIRTUOSO,2348,Team Mystic,5829,4,8,5,2,0,0,VIRTUOSO,PACIFIC
97191,81799,Split,Decider,Team Mystic,VIRTUOSO,VIRTUOSO,2348,Team Mystic,5829,8,4,8,4,0,2,VIRTUOSO,PACIFIC
97192,81800,Breeze,Soniqs,100 Thieves,Soniqs,100 Thieves,120,Soniqs,2350,8,4,0,5,0,0,100 Thieves,PACIFIC
97192,81801,Fracture,100 Thieves,Soniqs,100 Thieves,100 Thieves,120,Soniqs,2350,1,11,2,2,0,0,100 Thieves,PACIFIC
97196,81812,Haven,Decider,Version1,Girl Kissers,Version1,2815,Girl Kissers,7854,6,6,7,5,0,0,Girl Kissers,PACIFIC
97196,81813,Icebox,Decider,Girl Kissers,Version1,Version1,2815,Girl Kissers,7854,3,9,4,0,0,0,Version1,PACIFIC
97196,81814,Fracture,Decider,Girl Kissers,Version1,Version1,2815,Girl Kissers,7854,7,5,4,6,0,0,Girl Kissers,PACIFIC
97206,81842,Icebox,Decider,Team Reckaroo,T1,T1,14,Team Reckaroo,3748,8,4,9,2,0,0,T1,PACIFIC
97206,81843,Ascent,Decider,T1,Team Reckaroo,T1,14,Team Reckaroo,3748,10,2,1,3,0,0,T1,PACIFIC
97194,81806,Icebox,Akrew,Sentinels,Akrew,Sentinels,2,Akrew,6461,5,7,6,5,0,0,Akrew,PACIFIC
97194,81807,Bind,Sentinels,Akrew,Sentinels,Sentinels,2,Akrew,6461,4,8,4,8,3,1,Akrew,PACIFIC
97208,81848,Icebox,Decider,Clanless,BASILISK,BASILISK,3337,Clanless,8568,6,6,2,7,0,0,Clanless,PACIFIC
97208,81849,Split,Decider,BASILISK,Clanless,BASILISK,3337,Clanless,8568,7,5,6,6,0,0,BASILISK,PACIFIC
97208,81850,Bind,Decider,BASILISK,Clanless,BASILISK,3337,Clanless,8568,7,5,0,6,0,0,BASILISK,PACIFIC
97197,81815,Ascent,Ghost Gaming,Evil Geniuses,Ghost Gaming,Evil Geniuses,5248,Ghost Gaming,2291,3,9,4,3,0,0,Ghost Gaming,PACIFIC
97197,81816,Icebox,Evil Geniuses,Ghost Gaming,Evil Geniuses,Evil Geniuses,5248,Ghost Gaming,2291,3,9,4,8,0,0,Evil Geniuses,PACIFIC
97197,81817,Split,Decider,Ghost Gaming,Evil Geniuses,Evil Geniuses,5248,Ghost Gaming,2291,3,9,4,1,0,0,Evil Geniuses,PACIFIC
97211,81857,Breeze,Decider,Zero MarksMen Black,PUGSTARS,Zero MarksMen Black,5832,PUGSTARS,2938,5,7,6,1,0,0,PUGSTARS,PACIFIC
97211,81858,Haven,Decider,Zero MarksMen Black,PUGSTARS,Zero MarksMen Black,5832,PUGSTARS,2938,5,7,6,2,0,0,PUGSTARS,PACIFIC
97195,81809,Split,Decider,Built By Gamers Academy,Cosmic Divide,Built By Gamers Academy,6451,Cosmic Divide,4388,4,8,1,9,0,0,Built By Gamers Academy,PACIFIC
97195,81810,Icebox,Decider,Cosmic Divide,Built By Gamers Academy,Built By Gamers Academy,6451,Cosmic Divide,4388,4,8,2,9,0,0,Cosmic Divide,PACIFIC
97195,81811,Ascent,Decider,Cosmic Divide,Built By Gamers Academy,Built By Gamers Academy,6451,Cosmic Divide,4388,7,5,8,4,0,0,Built By Gamers Academy,PACIFIC
97209,81851,Haven,Decider,Flex Gaming,Complexity,Complexity,470,Flex Gaming,8460,0,12,1,5,0,0,Complexity,PACIFIC
97209,81852,Breeze,Decider,Complexity,Flex Gaming,Complexity,470,Flex Gaming,8460,12,0,4,1,0,0,Complexity,PACIFIC
97198,81818,Ascent,Decider,Moon Raccoons,Knights,Knights,1615,Moon Raccoons,793,2,10,3,2,0,0,Knights,PACIFIC
97198,81819,Haven,Decider,Knights,Moon Raccoons,Knights,1615,Moon Raccoons,793,4,8,4,8,3,1,Knights,PACIFIC
97212,81860,Split,Decider,YFP,Aspyre x Swarm,Aspyre x Swarm,12836,YFP,5038,9,3,0,4,0,0,YFP,PACIFIC
97212,81861,Ascent,Decider,Aspyre x Swarm,YFP,Aspyre x Swarm,12836,YFP,5038,8,4,8,4,1,3,YFP,PACIFIC
97199,81821,Ascent,Decider,DarkZero Esports,VIRTUOSO,DarkZero Esports,4346,VIRTUOSO,2348,4,8,4,8,2,0,DarkZero Esports,PACIFIC
97199,81822,Icebox,Decider,DarkZero Esports,VIRTUOSO,DarkZero Esports,4346,VIRTUOSO,2348,7,5,2,6,0,0,DarkZero Esports,PACIFIC
97213,81863,Bind,Decider,Team Mystic,Cloud9 White,Team Mystic,5829,Cloud9 White,1267,8,4,0,5,0,0,Team Mystic,PACIFIC
97213,81864,Icebox,Decider,Cloud9 White,Team Mystic,Team Mystic,5829,Cloud9 White,1267,4,8,2,9,0,0,Cloud9 White,PACIFIC
97213,81865,Split,Decider,Cloud9 White,Team Mystic,Team Mystic,5829,Cloud9 White,1267,8,4,9,3,0,0,Team Mystic,PACIFIC
97193,81803,Breeze,Decider,NYFU,SoaR,NYFU,8370,SoaR,4345,7,5,5,6,0,0,NYFU,PACIFIC
97193,81804,Split,Decider,SoaR,NYFU,NYFU,8370,SoaR,4345,4,8,5,1,0,0,NYFU,PACIFIC
97207,81845,Breeze,Decider,Lenny Time,Gen.G,Gen.G,17,Lenny Time,6045,6,6,6,6,0,2,Gen.G,PACIFIC
97207,81846,Bind,Decider,Lenny Time,Gen.G,Gen.G,17,Lenny Time,6045,3,9,4,8,0,0,Gen.G,PACIFIC
97200,81824,Split,NYFU,100 Thieves,NYFU,100 Thieves,120,NYFU,8370,4,8,5,1,0,0,NYFU,PACIFIC
97200,81825,Icebox,100 Thieves,NYFU,100 Thieves,100 Thieves,120,NYFU,8370,2,10,3,2,0,0,100 Thieves,PACIFIC
97200,81826,Breeze,Decider,NYFU,100 Thieves,100 Thieves,120,NYFU,8370,3,9,4,2,0,0,100 Thieves,PACIFIC
97201,81827,Haven,Built By Gamers Academy,Akrew,Built By Gamers Academy,Akrew,6461,Built By Gamers Academy,6451,8,4,0,5,0,0,Akrew,PACIFIC
97201,81828,Split,Akrew,Built By Gamers Academy,Akrew,Akrew,6461,Built By Gamers Academy,6451,3,9,4,5,0,0,Akrew,PACIFIC
97202,81830,Fracture,Girl Kissers,Evil Geniuses,Girl Kissers,Girl Kissers,7854,Evil Geniuses,5248,8,4,1,5,0,0,Evil Geniuses,PACIFIC
97202,81831,Breeze,Evil Geniuses,Girl Kissers,Evil Geniuses,Girl Kissers,7854,Evil Geniuses,5248,6,6,6,6,0,2,Evil Geniuses,PACIFIC
97203,81833,Haven,Knights,DarkZero Esports,Knights,Knights,1615,DarkZero Esports,4346,6,6,7,4,0,0,Knights,PACIFIC
97203,81834,Breeze,DarkZero Esports,Knights,DarkZero Esports,Knights,1615,DarkZero Esports,4346,5,7,2,8,0,0,Knights,PACIFIC
97214,81866,Icebox,Decider,VIRTUOSO,T1,VIRTUOSO,2348,T1,14,8,4,2,5,0,0,VIRTUOSO,PACIFIC
97214,81867,Ascent,Decider,T1,VIRTUOSO,VIRTUOSO,2348,T1,14,4,8,5,6,0,0,VIRTUOSO,PACIFIC
97215,81869,Bind,Decider,Moon Raccoons,Gen.G,Moon Raccoons,793,Gen.G,17,5,7,6,4,0,0,Gen.G,PACIFIC
97215,81870,Fracture,Decider,Gen.G,Moon Raccoons,Moon Raccoons,793,Gen.G,17,5,7,3,8,0,0,Gen.G,PACIFIC
97216,81872,Icebox,Decider,Ghost Gaming,BASILISK,Ghost Gaming,2291,BASILISK,3337,10,2,3,3,0,0,Ghost Gaming,PACIFIC
97216,81873,Fracture,Decider,Ghost Gaming,BASILISK,Ghost Gaming,2291,BASILISK,3337,8,4,0,5,0,0,Ghost Gaming,PACIFIC
97217,81875,Breeze,Decider,Version1,Complexity,Version1,2815,Complexity,470,8,4,0,5,0,0,Version1,PACIFIC
97217,81876,Icebox,Version1,Complexity,Version1,Version1,2815,Complexity,470,7,5,2,6,0,0,Complexity,PACIFIC
97217,81877,Ascent,Decider,Complexity,Version1,Version1,2815,Complexity,470,8,4,8,4,4,2,Complexity,PACIFIC
97218,81878,Icebox,Decider,Skwirel Warriers,Cosmic Divide,Cosmic Divide,4388,Skwirel Warriers,8569,6,6,7,0,0,0,Cosmic Divide,PACIFIC
97218,81879,Split,Decider,Cosmic Divide,Skwirel Warriers,Cosmic Divide,4388,Skwirel Warriers,8569,7,5,8,3,0,0,Skwirel Warriers,PACIFIC
97218,81880,Bind,Decider,Cosmic Divide,Skwirel Warriers,Cosmic Divide,4388,Skwirel Warriers,8569,9,3,5,4,0,0,Cosmic Divide,PACIFIC
97219,81881,Icebox,Decider,Sentinels,PUGSTARS,Sentinels,2,PUGSTARS,2938,8,4,4,5,0,0,Sentinels,PACIFIC
97219,81882,Bind,Decider,PUGSTARS,Sentinels,Sentinels,2,PUGSTARS,2938,1,11,2,2,0,0,Sentinels,PACIFIC
97220,81884,Breeze,Decider,YFP,SoaR,SoaR,4345,YFP,5038,2,10,3,3,0,0,SoaR,PACIFIC
97220,81885,Ascent,Decider,SoaR,YFP,SoaR,4345,YFP,5038,11,1,0,2,0,0,SoaR,PACIFIC
97221,81887,Split,Decider,Team Mystic,Soniqs,Soniqs,2350,Team Mystic,5829,5,7,6,2,0,0,Soniqs,PACIFIC
97221,81888,Breeze,Decider,Soniqs,Team Mystic,Soniqs,2350,Team Mystic,5829,10,2,1,3,0,0,Soniqs,PACIFIC
97225,81899,Split,Decider,SoaR,Soniqs,SoaR,4345,Soniqs,2350,5,7,5,7,2,0,SoaR,PACIFIC
97225,81900,Breeze,SoaR,Soniqs,SoaR,SoaR,4345,Soniqs,2350,10,2,1,3,0,0,Soniqs,PACIFIC
97225,81901,Ascent,Decider,Soniqs,SoaR,SoaR,4345,Soniqs,2350,5,7,6,4,0,0,SoaR,PACIFIC
97222,81890,Ascent,Decider,VIRTUOSO,Gen.G,VIRTUOSO,2348,Gen.G,17,4,8,5,2,0,0,Gen.G,PACIFIC
97222,81891,Split,Gen.G,VIRTUOSO,Gen.G,VIRTUOSO,2348,Gen.G,17,4,8,5,0,0,0,Gen.G,PACIFIC
97204,81836,Split,Akrew,100 Thieves,Akrew,100 Thieves,120,Akrew,6461,9,3,4,4,0,0,100 Thieves,PACIFIC
97204,81837,Breeze,100 Thieves,Akrew,100 Thieves,100 Thieves,120,Akrew,6461,1,11,2,0,0,0,100 Thieves,PACIFIC
97224,81896,Icebox,Cosmic Divide,Sentinels,Cosmic Divide,Cosmic Divide,4388,Sentinels,2,10,2,4,3,0,0,Sentinels,PACIFIC
97224,81897,Bind,Sentinels,Cosmic Divide,Sentinels,Cosmic Divide,4388,Sentinels,2,5,7,6,5,0,0,Sentinels,PACIFIC
97223,81893,Breeze,Decider,Complexity,Ghost Gaming,Ghost Gaming,2291,Complexity,470,3,9,4,1,0,0,Ghost Gaming,PACIFIC
97223,81894,Split,Complexity,Ghost Gaming,Complexity,Ghost Gaming,2291,Complexity,470,9,3,6,4,0,0,Ghost Gaming,PACIFIC
97226,81902,Split,Gen.G,Built By Gamers Academy,Gen.G,Built By Gamers Academy,6451,Gen.G,17,7,5,4,6,0,0,Built By Gamers Academy,PACIFIC
97226,81903,Ascent,Decider,Built By Gamers Academy,Gen.G,Built By Gamers Academy,6451,Gen.G,17,10,2,9,3,0,0,Built By Gamers Academy,PACIFIC
97205,81839,Haven,Knights,Evil Geniuses,Knights,Evil Geniuses,5248,Knights,1615,7,5,4,6,0,0,Evil Geniuses,PACIFIC
97205,81840,Icebox,Evil Geniuses,Knights,Evil Geniuses,Evil Geniuses,5248,Knights,1615,6,6,7,4,0,0,Evil Geniuses,PACIFIC
97229,81911,Haven,Decider,SoaR,Girl Kissers,Girl Kissers,7854,SoaR,4345,4,8,2,9,0,0,SoaR,PACIFIC
97229,81912,Breeze,SoaR,Girl Kissers,SoaR,Girl Kissers,7854,SoaR,4345,5,7,5,7,0,2,SoaR,PACIFIC
97228,81908,Haven,Decider,DarkZero Esports,Sentinels,DarkZero Esports,4346,Sentinels,2,2,10,3,0,0,0,Sentinels,PACIFIC
97228,81909,Breeze,DarkZero Esports,Sentinels,DarkZero Esports,DarkZero Esports,4346,Sentinels,2,9,3,7,4,0,0,Sentinels,PACIFIC
97227,81905,Icebox,Ghost Gaming,NYFU,Ghost Gaming,NYFU,8370,Ghost Gaming,2291,8,4,7,5,0,0,NYFU,PACIFIC
97227,81906,Split,NYFU,Ghost Gaming,NYFU,NYFU,8370,Ghost Gaming,2291,10,2,4,3,0,0,Ghost Gaming,PACIFIC
97227,81907,Breeze,Decider,Ghost Gaming,NYFU,NYFU,8370,Ghost Gaming,2291,7,5,5,6,0,0,Ghost Gaming,PACIFIC
97230,81914,Breeze,Ghost Gaming,Built By Gamers Academy,Ghost Gaming,Built By Gamers Academy,6451,Ghost Gaming,2291,5,7,6,0,0,0,Ghost Gaming,PACIFIC
97230,81915,Icebox,Built By Gamers Academy,Ghost Gaming,Built By Gamers Academy,Built By Gamers Academy,6451,Ghost Gaming,2291,6,6,2,7,0,0,Ghost Gaming,PACIFIC
97231,81917,Haven,SoaR,Sentinels,SoaR,Sentinels,2,SoaR,4345,8,4,2,5,0,0,Sentinels,PACIFIC
97231,81918,Bind,Sentinels,SoaR,Sentinels,Sentinels,2,SoaR,4345,6,6,7,2,0,0,Sentinels,PACIFIC
97232,81920,Icebox,Ghost Gaming,Knights,Ghost Gaming,Knights,1615,Ghost Gaming,2291,4,8,5,7,0,0,Ghost Gaming,PACIFIC
97232,81921,Ascent,Knights,Ghost Gaming,Knights,Knights,1615,Ghost Gaming,2291,6,6,6,6,2,0,Ghost Gaming,PACIFIC
97233,81923,Haven,Sentinels,Akrew,Sentinels,Akrew,6461,Sentinels,2,1,11,2,0,0,0,Sentinels,PACIFIC
97233,81924,Icebox,Akrew,Sentinels,Akrew,Akrew,6461,Sentinels,2,5,7,2,8,0,0,Sentinels,PACIFIC
99686,83939,Fracture,100 Thieves,The Guard,100 Thieves,The Guard,6675,100 Thieves,120,2,10,3,3,0,0,100 Thieves,PACIFIC
99686,83940,Bind,The Guard,100 Thieves,The Guard,The Guard,6675,100 Thieves,120,6,6,0,7,0,0,100 Thieves,PACIFIC
99687,83942,Bind,Sentinels,Luminosity,Sentinels,Luminosity,642,Sentinels,2,7,5,6,6,0,0,Luminosity,PACIFIC
99687,83943,Breeze,Luminosity,Sentinels,Luminosity,Luminosity,642,Sentinels,2,8,4,8,4,4,2,Sentinels,PACIFIC
99687,83944,Fracture,Decider,Sentinels,Luminosity,Luminosity,642,Sentinels,2,4,8,5,0,0,0,Luminosity,PACIFIC
99688,83945,Ascent,FaZe Clan,OpTic Gaming,FaZe Clan,OpTic Gaming,8127,FaZe Clan,337,9,3,5,4,0,0,OpTic Gaming,PACIFIC
99688,83946,Fracture,OpTic Gaming,FaZe Clan,OpTic Gaming,OpTic Gaming,8127,FaZe Clan,337,7,5,8,2,0,0,OpTic Gaming,PACIFIC
99689,83948,Haven,XSET,Ghost Gaming,XSET,XSET,533,Ghost Gaming,2291,4,8,5,7,0,0,XSET,PACIFIC
99689,83949,Fracture,Ghost Gaming,XSET,Ghost Gaming,XSET,533,Ghost Gaming,2291,7,5,4,6,0,0,XSET,PACIFIC
99690,83951,Breeze,NRG,NRG,TSM,NRG,1034,TSM,106,6,6,6,6,3,1,NRG,PACIFIC
99690,83952,Ascent,TSM,NRG,TSM,NRG,1034,TSM,106,8,4,6,5,0,0,NRG,PACIFIC
99691,83954,Icebox,Evil Geniuses,Cloud9,Evil Geniuses,Cloud9,188,Evil Geniuses,5248,4,8,4,8,3,1,Cloud9,PACIFIC
99691,83955,Fracture,Cloud9,Evil Geniuses,Cloud9,Cloud9,188,Evil Geniuses,5248,5,7,6,4,0,0,Cloud9,PACIFIC
99692,83957,Fracture,Luminosity,FaZe Clan,Luminosity,FaZe Clan,337,Luminosity,642,5,7,6,6,0,0,Luminosity,PACIFIC
99692,83958,Icebox,FaZe Clan,Luminosity,FaZe Clan,FaZe Clan,337,Luminosity,642,6,6,6,6,2,0,Luminosity,PACIFIC
99693,83960,Haven,The Guard,Ghost Gaming,The Guard,Ghost Gaming,2291,The Guard,6675,11,1,0,2,0,0,Ghost Gaming,PACIFIC
99693,83961,Ascent,Ghost Gaming,The Guard,Ghost Gaming,Ghost Gaming,2291,The Guard,6675,10,2,6,3,0,0,The Guard,PACIFIC
99693,83962,Fracture,Decider,The Guard,Ghost Gaming,Ghost Gaming,2291,The Guard,6675,5,7,6,3,0,0,Ghost Gaming,PACIFIC
99694,83963,Split,100 Thieves,TSM,100 Thieves,TSM,106,100 Thieves,120,8,4,6,5,0,0,TSM,PACIFIC
99694,83964,Haven,TSM,100 Thieves,TSM,TSM,106,100 Thieves,120,3,9,4,3,0,0,TSM,PACIFIC
99695,83966,Ascent,Sentinels,Evil Geniuses,Sentinels,Evil Geniuses,5248,Sentinels,2,6,6,5,7,0,0,Evil Geniuses,PACIFIC
99695,83967,Icebox,Evil Geniuses,Sentinels,Evil Geniuses,Evil Geniuses,5248,Sentinels,2,6,6,7,4,0,0,Evil Geniuses,PACIFIC
99696,83969,Icebox,Cloud9,OpTic Gaming,Cloud9,OpTic Gaming,8127,Cloud9,188,4,8,5,0,0,0,Cloud9,PACIFIC
99696,83970,Ascent,OpTic Gaming,Cloud9,OpTic Gaming,OpTic Gaming,8127,Cloud9,188,3,9,4,2,0,0,OpTic Gaming,PACIFIC
99696,83971,Haven,Decider,Cloud9,OpTic Gaming,OpTic Gaming,8127,Cloud9,188,6,6,7,4,0,0,OpTic Gaming,PACIFIC
99697,83972,Bind,NRG,XSET,NRG,XSET,533,NRG,1034,6,6,2,7,0,0,XSET,PACIFIC
99697,83973,Split,XSET,NRG,XSET,XSET,533,NRG,1034,5,7,6,4,0,0,XSET,PACIFIC
99704,83993,Haven,TSM,The Guard,TSM,The Guard,6675,TSM,106,5,7,3,8,0,0,The Guard,PACIFIC
99704,83994,Icebox,The Guard,TSM,The Guard,The Guard,6675,TSM,106,4,8,5,3,0,0,The Guard,PACIFIC
99705,83996,Icebox,Evil Geniuses,Luminosity,Evil Geniuses,Luminosity,642,Evil Geniuses,5248,2,10,3,5,0,0,Evil Geniuses,PACIFIC
99705,83997,Bind,Luminosity,Evil Geniuses,Luminosity,Luminosity,642,Evil Geniuses,5248,10,2,0,3,0,0,Evil Geniuses,PACIFIC
99706,83999,Fracture,OpTic Gaming,Sentinels,OpTic Gaming,Sentinels,2,OpTic Gaming,8127,2,10,3,3,0,0,OpTic Gaming,PACIFIC
99706,84000,Bind,Sentinels,OpTic Gaming,Sentinels,Sentinels,2,OpTic Gaming,8127,10,2,6,3,0,0,OpTic Gaming,PACIFIC
99707,84002,Breeze,XSET,100 Thieves,XSET,100 Thieves,120,XSET,533,9,3,1,4,0,0,100 Thieves,PACIFIC
99707,84003,Bind,100 Thieves,XSET,100 Thieves,100 Thieves,120,XSET,533,7,5,8,2,0,0,100 Thieves,PACIFIC
99708,84005,Fracture,Cloud9,FaZe Clan,Cloud9,FaZe Clan,337,Cloud9,188,8,4,1,5,0,0,FaZe Clan,PACIFIC
99708,84006,Haven,FaZe Clan,Cloud9,FaZe Clan,FaZe Clan,337,Cloud9,188,6,6,7,2,0,0,FaZe Clan,PACIFIC
99709,84008,Haven,Ghost Gaming,NRG,Ghost Gaming,Ghost Gaming,2291,NRG,1034,4,8,5,2,0,0,Ghost Gaming,PACIFIC
99709,84009,Breeze,NRG,Ghost Gaming,NRG,Ghost Gaming,2291,NRG,1034,9,3,2,4,0,0,Ghost Gaming,PACIFIC
99710,84011,Split,XSET,The Guard,XSET,The Guard,6675,XSET,533,6,6,6,6,2,0,The Guard,PACIFIC
99710,84012,Icebox,The Guard,XSET,The Guard,The Guard,6675,XSET,533,9,3,3,4,0,0,XSET,PACIFIC
99710,84013,Haven,Decider,The Guard,XSET,The Guard,6675,XSET,533,5,7,6,6,0,0,XSET,PACIFIC
99711,84014,Bind,Decider,Evil Geniuses,OpTic Gaming,Evil Geniuses,5248,OpTic Gaming,8127,7,5,3,6,0,0,Evil Geniuses,PACIFIC
99711,84015,Split,Evil Geniuses,OpTic Gaming,Evil Geniuses,Evil Geniuses,5248,OpTic Gaming,8127,6,6,5,7,0,0,OpTic Gaming,PACIFIC
99711,84016,Ascent,Decider,OpTic Gaming,Evil Geniuses,Evil Geniuses,5248,OpTic Gaming,8127,8,4,9,3,0,0,Evil Geniuses,PACIFIC
99712,84017,Fracture,FaZe Clan,Sentinels,FaZe Clan,Sentinels,2,FaZe Clan,337,4,8,5,7,0,0,FaZe Clan,PACIFIC
99712,84018,Haven,Sentinels,FaZe Clan,Sentinels,Sentinels,2,FaZe Clan,337,5,7,5,7,4,2,FaZe Clan,PACIFIC
99713,84020,Breeze,Ghost Gaming,TSM,Ghost Gaming,TSM,106,Ghost Gaming,2291,7,5,8,2,0,0,Ghost Gaming,PACIFIC
99713,84021,Split,TSM,Ghost Gaming,TSM,TSM,106,Ghost Gaming,2291,5,7,5,7,3,1,Ghost Gaming,PACIFIC
99714,84023,Icebox,NRG,100 Thieves,NRG,NRG,1034,100 Thieves,120,6,6,3,7,0,0,100 Thieves,PACIFIC
99714,84024,Bind,100 Thieves,NRG,100 Thieves,NRG,1034,100 Thieves,120,3,9,4,1,0,0,100 Thieves,PACIFIC
99715,84026,Fracture,Luminosity,Cloud9,Luminosity,Cloud9,188,Luminosity,642,4,8,5,7,0,0,Luminosity,PACIFIC
99715,84027,Icebox,Cloud9,Luminosity,Cloud9,Cloud9,188,Luminosity,642,5,7,2,8,0,0,Luminosity,PACIFIC
99716,84029,Split,XSET,TSM,XSET,XSET,533,TSM,106,5,7,6,4,0,0,XSET,PACIFIC
99716,84030,Haven,TSM,TSM,XSET,XSET,533,TSM,106,4,8,5,5,0,0,XSET,PACIFIC
99717,84032,Icebox,Evil Geniuses,FaZe Clan,Evil Geniuses,FaZe Clan,337,Evil Geniuses,5248,9,3,9,3,3,1,FaZe Clan,PACIFIC
99717,84033,Breeze,FaZe Clan,Evil Geniuses,FaZe Clan,FaZe Clan,337,Evil Geniuses,5248,9,3,10,0,0,0,FaZe Clan,PACIFIC
99718,84035,Bind,NRG,The Guard,NRG,NRG,1034,The Guard,6675,8,4,7,5,0,0,The Guard,PACIFIC
99718,84036,Haven,The Guard,NRG,The Guard,NRG,1034,The Guard,6675,7,5,5,6,0,0,NRG,PACIFIC
99718,84037,Split,Decider,NRG,The Guard,NRG,1034,The Guard,6675,10,2,4,3,0,0,NRG,PACIFIC
99719,84038,Breeze,Ghost Gaming,100 Thieves,Ghost Gaming,100 Thieves,120,Ghost Gaming,2291,7,5,8,4,0,0,Ghost Gaming,PACIFIC
99719,84039,Icebox,100 Thieves,Ghost Gaming,100 Thieves,100 Thieves,120,Ghost Gaming,2291,8,4,2,5,0,0,Ghost Gaming,PACIFIC
99720,84041,Haven,Sentinels,Cloud9,Sentinels,Cloud9,188,Sentinels,2,10,2,0,3,0,0,Cloud9,PACIFIC
99720,84042,Ascent,Cloud9,Sentinels,Cloud9,Cloud9,188,Sentinels,2,7,5,8,0,0,0,Cloud9,PACIFIC
99721,84044,Split,Luminosity,OpTic Gaming,Luminosity,OpTic Gaming,8127,Luminosity,642,9,3,9,3,2,0,OpTic Gaming,PACIFIC
99721,84045,Ascent,OpTic Gaming,Luminosity,OpTic Gaming,OpTic Gaming,8127,Luminosity,642,5,7,6,3,0,0,OpTic Gaming,PACIFIC
107143,88615,Split,100 Thieves,FaZe Clan,100 Thieves,FaZe Clan,337,100 Thieves,120,9,3,10,1,0,0,100 Thieves,PACIFIC
107143,88616,Fracture,FaZe Clan,100 Thieves,FaZe Clan,FaZe Clan,337,100 Thieves,120,3,9,4,4,0,0,FaZe Clan,PACIFIC
107143,88617,Icebox,Decider,100 Thieves,FaZe Clan,FaZe Clan,337,100 Thieves,120,3,9,2,10,0,0,100 Thieves,PACIFIC
107144,88618,Breeze,Ghost Gaming,Evil Geniuses,Ghost Gaming,Ghost Gaming,2291,Evil Geniuses,5248,7,5,3,6,0,0,Evil Geniuses,PACIFIC
107144,88619,Icebox,Evil Geniuses,Ghost Gaming,Evil Geniuses,Ghost Gaming,2291,Evil Geniuses,5248,6,6,7,3,0,0,Evil Geniuses,PACIFIC
107142,88612,Breeze,Ghost Gaming,NRG,Ghost Gaming,Ghost Gaming,2291,NRG,1034,6,6,1,7,0,0,NRG,PACIFIC
107142,88613,Icebox,NRG,Ghost Gaming,NRG,Ghost Gaming,2291,NRG,1034,9,3,9,3,0,2,NRG,PACIFIC
107141,88609,Split,Luminosity,FaZe Clan,Luminosity,FaZe Clan,337,Luminosity,642,6,6,7,3,0,0,Luminosity,PACIFIC
107141,88610,Fracture,FaZe Clan,Luminosity,FaZe Clan,FaZe Clan,337,Luminosity,642,5,7,6,0,0,0,FaZe Clan,PACIFIC
107141,88611,Breeze,Decider,Luminosity,FaZe Clan,FaZe Clan,337,Luminosity,642,7,5,7,5,0,2,FaZe Clan,PACIFIC
107435,88723,Icebox,XSET,100 Thieves,XSET,XSET,533,100 Thieves,120,6,6,7,4,0,0,XSET,PACIFIC
107435,88724,Ascent,100 Thieves,XSET,100 Thieves,XSET,533,100 Thieves,120,10,2,2,3,0,0,XSET,PACIFIC
107436,88726,Breeze,Evil Geniuses,OpTic Gaming,Evil Geniuses,OpTic Gaming,8127,Evil Geniuses,5248,10,2,3,3,0,0,OpTic Gaming,PACIFIC
107436,88727,Haven,OpTic Gaming,Evil Geniuses,OpTic Gaming,OpTic Gaming,8127,Evil Geniuses,5248,3,9,4,0,0,0,OpTic Gaming,PACIFIC
107739,88857,Bind,Evil Geniuses,NRG,Evil Geniuses,Evil Geniuses,5248,NRG,1034,3,9,4,0,0,0,Evil Geniuses,PACIFIC
107739,88858,Ascent,NRG,Evil Geniuses,NRG,Evil Geniuses,5248,NRG,1034,5,7,6,3,0,0,NRG,PACIFIC
107739,88859,Split,Decider,Evil Geniuses,NRG,Evil Geniuses,5248,NRG,1034,6,6,7,5,0,0,NRG,PACIFIC
107740,88860,Split,100 Thieves,FaZe Clan,100 Thieves,100 Thieves,120,FaZe Clan,337,8,4,8,4,0,2,100 Thieves,PACIFIC
107740,88861,Fracture,FaZe Clan,100 Thieves,FaZe Clan,100 Thieves,120,FaZe Clan,337,3,9,4,7,0,0,FaZe Clan,PACIFIC
107740,88862,Breeze,Decider,100 Thieves,FaZe Clan,100 Thieves,120,FaZe Clan,337,5,7,6,6,0,0,FaZe Clan,PACIFIC
107737,88852,Haven,OpTic Gaming,XSET,OpTic Gaming,XSET,533,OpTic Gaming,8127,5,7,0,8,0,0,XSET,PACIFIC
107737,88853,Icebox,XSET,OpTic Gaming,XSET,XSET,533,OpTic Gaming,8127,5,7,4,8,0,0,OpTic Gaming,PACIFIC
107737,88854,Ascent,OpTic Gaming,XSET,OpTic Gaming,XSET,533,OpTic Gaming,8127,9,3,10,2,0,0,OpTic Gaming,PACIFIC
107737,88855,Breeze,XSET,OpTic Gaming,XSET,XSET,533,OpTic Gaming,8127,8,4,2,5,0,0,OpTic Gaming,PACIFIC
107741,88863,Icebox,NRG,FaZe Clan,NRG,NRG,1034,FaZe Clan,337,10,2,9,3,0,0,FaZe Clan,PACIFIC
107741,88864,Haven,FaZe Clan,NRG,FaZe Clan,NRG,1034,FaZe Clan,337,8,4,4,5,0,0,NRG,PACIFIC
107741,88865,Ascent,Decider,NRG,FaZe Clan,NRG,1034,FaZe Clan,337,2,10,3,6,0,0,FaZe Clan,PACIFIC
107742,88866,Split,XSET,XSET,FaZe Clan,XSET,533,FaZe Clan,337,7,5,8,4,0,0,FaZe Clan,PACIFIC
107742,88867,Breeze,FaZe Clan,XSET,FaZe Clan,XSET,533,FaZe Clan,337,6,6,4,7,0,0,XSET,PACIFIC
107742,88868,Icebox,XSET,FaZe Clan,XSET,XSET,533,FaZe Clan,337,3,9,3,9,2,4,XSET,PACIFIC
107742,88869,Ascent,FaZe Clan,XSET,FaZe Clan,XSET,533,FaZe Clan,337,9,3,1,4,0,0,XSET,PACIFIC
107743,88871,Fracture,OpTic Gaming,XSET,OpTic Gaming,OpTic Gaming,8127,XSET,533,7,5,7,5,0,2,OpTic Gaming,PACIFIC
107743,88872,Haven,XSET,OpTic Gaming,XSET,OpTic Gaming,8127,XSET,533,3,9,4,0,0,0,XSET,PACIFIC
107743,88873,Bind,OpTic Gaming,XSET,OpTic Gaming,OpTic Gaming,8127,XSET,533,9,3,4,4,0,0,XSET,PACIFIC
107743,88874,Ascent,XSET,OpTic Gaming,XSET,OpTic Gaming,8127,XSET,533,9,3,10,2,0,0,XSET,PACIFIC
66975,67740,Breeze,Decider,Version1,604,Version1,2815,604,7836,12,0,0,1,0,0,Version1,PACIFIC
66975,67741,Icebox,Decider,Version1,604,Version1,2815,604,7836,11,1,0,2,0,0,Version1,PACIFIC
66976,67743,Ascent,Decider,Sussy,New Moon,New Moon,7862,Sussy,5477,2,10,3,0,0,0,New Moon,PACIFIC
66976,67744,Breeze,Decider,New Moon,Sussy,New Moon,7862,Sussy,5477,4,8,3,9,0,0,New Moon,PACIFIC
66977,67746,Fracture,Decider,Kowareta,Bababooey,Kowareta,5482,Bababooey,7834,10,2,4,3,0,0,Kowareta,PACIFIC
66977,67747,Ascent,Decider,Bababooey,Kowareta,Kowareta,5482,Bababooey,7834,4,8,4,8,0,2,Kowareta,PACIFIC
66978,67749,Bind,Decider,Vireo.pro,24Haven,Vireo.pro,6990,24Haven,4924,10,2,1,3,0,0,Vireo.pro,PACIFIC
66978,67750,Haven,Decider,Vireo.pro,24Haven,Vireo.pro,6990,24Haven,4924,9,3,1,4,0,0,Vireo.pro,PACIFIC
66979,67752,Split,Decider,Jit Lickers,SoaR,SoaR,4345,Jit Lickers,7824,2,10,3,0,0,0,SoaR,PACIFIC
66979,67753,Haven,Decider,SoaR,Jit Lickers,SoaR,4345,Jit Lickers,7824,9,3,4,4,0,0,SoaR,PACIFIC
66980,67755,Fracture,Decider,Crownless,Cloud9 White,Cloud9 White,1267,Crownless,6861,5,7,6,0,0,0,Cloud9 White,PACIFIC
66980,67756,Split,Decider,Cloud9 White,Crownless,Cloud9 White,1267,Crownless,6861,5,7,6,3,0,0,Crownless,PACIFIC
66980,67757,Haven,Decider,Crownless,Cloud9 White,Cloud9 White,1267,Crownless,6861,4,8,5,6,0,0,Cloud9 White,PACIFIC
66981,67758,Icebox,Decider,Burger Gaming,Complexity,Complexity,470,Burger Gaming,6728,0,12,1,0,0,0,Complexity,PACIFIC
66981,67759,Haven,Decider,Burger Gaming,Complexity,Complexity,470,Burger Gaming,6728,0,12,1,0,0,0,Complexity,PACIFIC
66982,67761,TBD,Decider,,,Run it Down,7853,Neons Ninjas,7520,0,0,0,0,0,0,Draw,PACIFIC
66982,67762,Icebox,Decider,Neons Ninjas,Run it Down,Run it Down,7853,Neons Ninjas,7520,3,9,4,5,0,0,Run it Down,PACIFIC
66983,67764,Bind,Decider,Akrew,Roulette,Akrew,6461,Roulette,6125,11,1,0,2,0,0,Akrew,PACIFIC
66983,67765,Haven,Decider,Roulette,Akrew,Akrew,6461,Roulette,6125,2,10,3,0,0,0,Akrew,PACIFIC
66984,67767,Fracture,Decider,Able Esports,Nameless Esports,Able Esports,1669,Nameless Esports,7522,4,8,5,7,0,0,Nameless Esports,PACIFIC
66984,67768,Icebox,Decider,Able Esports,Nameless Esports,Able Esports,1669,Nameless Esports,7522,9,3,0,4,0,0,Able Esports,PACIFIC
66984,67769,Ascent,Decider,Nameless Esports,Able Esports,Able Esports,1669,Nameless Esports,7522,2,10,3,2,0,0,Able Esports,PACIFIC
66985,67770,Breeze,Decider,Archons,Third Impact,Third Impact,4455,Archons,1654,8,4,7,5,0,0,Archons,PACIFIC
66985,67771,Ascent,Decider,Third Impact,Archons,Third Impact,4455,Archons,1654,6,6,6,6,2,0,Third Impact,PACIFIC
66985,67772,Icebox,Decider,Third Impact,Archons,Third Impact,4455,Archons,1654,7,5,2,6,0,0,Third Impact,PACIFIC
66986,67773,Bind,Decider,Synergy,James Madison University,Synergy,4880,James Madison University,7831,5,7,2,8,0,0,Synergy,PACIFIC
66986,67774,Haven,Decider,James Madison University,Synergy,Synergy,4880,James Madison University,7831,1,11,2,4,0,0,Synergy,PACIFIC
66987,67776,Ascent,Decider,Pioneers,REGEN,Pioneers,4940,REGEN,7866,12,0,2,1,0,0,Pioneers,PACIFIC
66987,67777,Icebox,Decider,REGEN,Pioneers,Pioneers,4940,REGEN,7866,3,9,4,2,0,0,Pioneers,PACIFIC
66988,67779,Haven,Decider,Rated Gaming,Hugh Jass Construction,Hugh Jass Construction,6848,Rated Gaming,7049,4,8,5,1,0,0,Hugh Jass Construction,PACIFIC
66988,67780,Icebox,Decider,Rated Gaming,Hugh Jass Construction,Hugh Jass Construction,6848,Rated Gaming,7049,8,4,4,5,0,0,Rated Gaming,PACIFIC
66988,67781,Breeze,Decider,Hugh Jass Construction,Rated Gaming,Hugh Jass Construction,6848,Rated Gaming,7049,5,7,4,8,0,0,Hugh Jass Construction,PACIFIC
66989,67783,Ascent,Decider,Zero MarksMen Black,StayHydrated,Zero MarksMen Black,5832,StayHydrated,7051,4,8,2,9,0,0,Zero MarksMen Black,PACIFIC
66990,67785,Haven,Decider,Up Next,Tidal,Up Next,6782,Tidal,7843,9,3,3,4,0,0,Up Next,PACIFIC
66990,67786,Icebox,Decider,Up Next,Tidal,Up Next,6782,Tidal,7843,7,5,3,6,0,0,Up Next,PACIFIC
66991,67788,Ascent,Decider,Patriots,Rise,Rise,637,Patriots,7821,1,11,2,0,0,0,Rise,PACIFIC
66991,67789,Fracture,Decider,Rise,Patriots,Rise,637,Patriots,7821,12,0,0,1,0,0,Rise,PACIFIC
66992,67791,Icebox,Decider,Thanos Mug Academy,Acacia,Acacia,7011,Thanos Mug Academy,7839,7,5,4,6,0,0,Thanos Mug Academy,PACIFIC
66992,67792,Haven,Decider,Acacia,Thanos Mug Academy,Acacia,7011,Thanos Mug Academy,7839,0,12,1,2,0,0,Thanos Mug Academy,PACIFIC
66993,67794,Haven,Decider,UAESA Green,Elysium,Elysium,6419,UAESA Green,7812,1,11,2,3,0,0,Elysium,PACIFIC
66993,67795,Bind,Decider,Elysium,UAESA Green,Elysium,6419,UAESA Green,7812,10,2,0,3,0,0,Elysium,PACIFIC
66994,67797,Breeze,Decider,Team X(Pack a Punch),freelo,Team X(Pack a Punch),7966,freelo,5826,0,2,0,0,0,0,freelo,PACIFIC
66994,67798,Ascent,Decider,freelo,Team X(Pack a Punch),Team X(Pack a Punch),7966,freelo,5826,2,0,0,0,0,0,freelo,PACIFIC
66995,67800,Haven,Decider,Built By Gamers,Discord Kittens,Built By Gamers,473,Discord Kittens,7855,9,3,2,4,0,0,Built By Gamers,PACIFIC
66995,67801,Ascent,Decider,Discord Kittens,Built By Gamers,Built By Gamers,473,Discord Kittens,7855,3,9,4,1,0,0,Built By Gamers,PACIFIC
66996,67803,Ascent,Decider,Last Resistance,Actually Homeless,Actually Homeless,6418,Last Resistance,5810,3,9,4,5,0,0,Actually Homeless,PACIFIC
66996,67804,Breeze,Decider,Actually Homeless,Last Resistance,Actually Homeless,6418,Last Resistance,5810,8,4,3,5,0,0,Actually Homeless,PACIFIC
66997,67806,Breeze,Decider,Soniqs,Agoge Gaming,Soniqs,2350,Agoge Gaming,2937,8,4,4,5,0,0,Soniqs,PACIFIC
66997,67807,Ascent,Decider,Agoge Gaming,Soniqs,Soniqs,2350,Agoge Gaming,2937,2,10,3,1,0,0,Soniqs,PACIFIC
66998,67809,Haven,Decider,Gx,OneShot Esports,Gx,7382,OneShot Esports,7837,7,5,6,6,0,0,Gx,PACIFIC
66998,67810,Ascent,Decider,OneShot Esports,Gx,Gx,7382,OneShot Esports,7837,7,5,7,5,2,4,Gx,PACIFIC
66999,67812,Icebox,Decider,Gen.G,Zeal,Gen.G,17,Zeal,7815,10,2,0,3,0,0,Gen.G,PACIFIC
66999,67813,Fracture,Decider,Zeal,Gen.G,Gen.G,17,Zeal,7815,3,9,4,1,0,0,Gen.G,PACIFIC
67001,67818,Haven,Decider,Corn Dogs,Bait Academy,Bait Academy,5444,Corn Dogs,7858,2,10,3,0,0,0,Bait Academy,PACIFIC
67001,67819,Icebox,Decider,Bait Academy,Corn Dogs,Bait Academy,5444,Corn Dogs,7858,10,2,1,3,0,0,Bait Academy,PACIFIC
67002,67821,Haven,Decider,Team Reckaroo,Hyperspace Dark,Team Reckaroo,3748,Hyperspace Dark,6022,12,0,0,1,0,0,Team Reckaroo,PACIFIC
67002,67822,Icebox,Decider,Hyperspace Dark,Team Reckaroo,Team Reckaroo,3748,Hyperspace Dark,6022,7,5,7,5,0,2,Team Reckaroo,PACIFIC
67003,67824,Icebox,Decider,RIT Orange,T1,T1,14,RIT Orange,6866,2,10,3,0,0,0,T1,PACIFIC
67003,67825,Split,Decider,T1,RIT Orange,T1,14,RIT Orange,6866,9,3,2,4,0,0,T1,PACIFIC
67004,67827,Split,Decider,OutAimed,Vexo Esports,Vexo Esports,7822,OutAimed,7823,5,7,6,0,0,0,Vexo Esports,PACIFIC
67004,67828,Haven,Decider,Vexo Esports,OutAimed,Vexo Esports,7822,OutAimed,7823,9,3,3,4,0,0,Vexo Esports,PACIFIC
67005,67830,Bind,Decider,Evil Geniuses,Asian Ravioli,Evil Geniuses,5248,Asian Ravioli,7860,10,2,0,3,0,0,Evil Geniuses,PACIFIC
67005,67831,Split,Decider,Asian Ravioli,Evil Geniuses,Evil Geniuses,5248,Asian Ravioli,7860,3,9,4,0,0,0,Evil Geniuses,PACIFIC
67006,67833,Icebox,Decider,Valkyrie,Clicken Chickens,Valkyrie,2760,Clicken Chickens,6960,2,10,3,6,0,0,Clicken Chickens,PACIFIC
67006,67834,Ascent,Decider,Valkyrie,Clicken Chickens,Valkyrie,2760,Clicken Chickens,6960,9,3,0,4,0,0,Valkyrie,PACIFIC
67006,67835,Haven,Decider,Clicken Chickens,Valkyrie,Valkyrie,2760,Clicken Chickens,6960,5,7,6,1,0,0,Valkyrie,PACIFIC
67007,67836,Ascent,Decider,Team AIYA,XSET,XSET,533,Team AIYA,7841,1,11,2,0,0,0,XSET,PACIFIC
67007,67837,Haven,Decider,XSET,Team AIYA,XSET,533,Team AIYA,7841,12,0,0,1,0,0,XSET,PACIFIC
67008,67839,Icebox,Decider,Shopify Rebellion GC,EDO TENSEI,Shopify Rebellion GC,4837,EDO TENSEI,7716,7,5,6,6,0,0,Shopify Rebellion GC,PACIFIC
67008,67840,Breeze,Decider,EDO TENSEI,Shopify Rebellion GC,Shopify Rebellion GC,4837,EDO TENSEI,7716,2,10,3,5,0,0,Shopify Rebellion GC,PACIFIC
67009,67842,Fracture,Decider,Lucky Cat Gaming,IlluZion,IlluZion,4529,Lucky Cat Gaming,7819,5,7,6,3,0,0,IlluZion,PACIFIC
67009,67843,Haven,Decider,IlluZion,Lucky Cat Gaming,IlluZion,4529,Lucky Cat Gaming,7819,9,3,0,4,0,0,IlluZion,PACIFIC
67010,67845,Fracture,Decider,Yasei,YFP,YFP,5038,Yasei,7813,1,11,2,5,0,0,YFP,PACIFIC
67010,67846,Breeze,Decider,YFP,Yasei,YFP,5038,Yasei,7813,4,8,5,2,0,0,Yasei,PACIFIC
67010,67847,Ascent,Decider,YFP,Yasei,YFP,5038,Yasei,7813,10,2,0,3,0,0,YFP,PACIFIC
67011,67848,Haven,Decider,Medics,Renegades,Renegades,468,Medics,7865,1,11,2,0,0,0,Renegades,PACIFIC
67011,67849,Icebox,Decider,Renegades,Medics,Renegades,468,Medics,7865,11,1,1,2,0,0,Renegades,PACIFIC
67012,67851,Icebox,Decider,Bear Minimum,Team Assent,Team Assent,6429,Bear Minimum,7008,5,7,6,3,0,0,Team Assent,PACIFIC
67012,67852,Haven,Decider,Team Assent,Bear Minimum,Team Assent,6429,Bear Minimum,7008,6,6,6,6,2,0,Team Assent,PACIFIC
67013,67854,Breeze,Decider,onliners,Radiance,Radiance,6164,onliners,7861,2,10,3,0,0,0,Radiance,PACIFIC
67013,67855,Ascent,Decider,Radiance,onliners,Radiance,6164,onliners,7861,9,3,1,4,0,0,Radiance,PACIFIC
67014,67857,Icebox,Decider,Team Mystic,NANO,Team Mystic,5829,NANO,7809,11,1,2,2,0,0,Team Mystic,PACIFIC
67014,67858,Haven,Decider,NANO,Team Mystic,Team Mystic,5829,NANO,7809,3,9,4,0,0,0,Team Mystic,PACIFIC
67015,67860,Haven,Decider,Rumor 2.0,NRG,NRG,1034,Rumor 2.0,7844,0,12,1,0,0,0,NRG,PACIFIC
67015,67861,Breeze,Decider,NRG,Rumor 2.0,NRG,1034,Rumor 2.0,7844,11,1,0,2,0,0,NRG,PACIFIC
67016,67863,Haven,Decider,Eclectiq,Fluid Gaming,Fluid Gaming,6417,Eclectiq,6454,3,9,4,2,0,0,Fluid Gaming,PACIFIC
67016,67864,Icebox,Decider,Eclectiq,Fluid Gaming,Fluid Gaming,6417,Eclectiq,6454,7,5,0,6,0,0,Eclectiq,PACIFIC
67016,67865,Breeze,Decider,Eclectiq,Fluid Gaming,Fluid Gaming,6417,Eclectiq,6454,7,5,6,6,0,0,Eclectiq,PACIFIC
67017,67866,Haven,Decider,Neebs and Weebs,Cosmic Divide,Cosmic Divide,4388,Neebs and Weebs,7820,2,10,3,1,0,0,Cosmic Divide,PACIFIC
67017,67867,Split,Decider,Cosmic Divide,Neebs and Weebs,Cosmic Divide,4388,Neebs and Weebs,7820,7,5,4,6,0,0,Cosmic Divide,PACIFIC
67018,67869,Bind,Decider,Team TriVec,Aspyre x Swarm,Aspyre x Swarm,12836,Team TriVec,7842,6,6,7,2,0,0,Aspyre x Swarm,PACIFIC
67018,67870,Breeze,Decider,Aspyre x Swarm,Team TriVec,Aspyre x Swarm,12836,Team TriVec,7842,10,2,8,3,0,0,Aspyre x Swarm,PACIFIC
67019,67872,Bind,Decider,Ghost Gaming,Divided Sons,Ghost Gaming,2291,Divided Sons,7811,10,2,1,3,0,0,Ghost Gaming,PACIFIC
67019,67873,Ascent,Decider,Divided Sons,Ghost Gaming,Ghost Gaming,2291,Divided Sons,7811,0,12,1,0,0,0,Ghost Gaming,PACIFIC
67020,67875,Ascent,Decider,Team Suits Gaming,Green Beans,Green Beans,6019,Team Suits Gaming,7798,2,10,3,0,0,0,Green Beans,PACIFIC
67020,67876,Icebox,Decider,Green Beans,Team Suits Gaming,Green Beans,6019,Team Suits Gaming,7798,11,1,0,2,0,0,Green Beans,PACIFIC
67021,67878,Haven,Decider,Andbox,Team Opulence,Andbox,856,Team Opulence,7810,10,2,2,3,0,0,Andbox,PACIFIC
67021,67879,Breeze,Decider,Andbox,Team Opulence,Andbox,856,Team Opulence,7810,9,3,2,4,0,0,Andbox,PACIFIC
67022,67881,Icebox,Decider,Illumina Blue,select few,Illumina Blue,6172,select few,7707,8,4,8,4,2,0,Illumina Blue,PACIFIC
67022,67882,Breeze,Decider,select few,Illumina Blue,Illumina Blue,6172,select few,7707,8,4,1,5,0,0,select few,PACIFIC
67022,67883,Bind,Decider,select few,Illumina Blue,Illumina Blue,6172,select few,7707,5,7,6,6,0,0,Illumina Blue,PACIFIC
67023,67884,Breeze,Decider,Luminosity,5 of a Kind,Luminosity,642,5 of a Kind,7816,10,2,0,3,0,0,Luminosity,PACIFIC
67023,67885,Icebox,Decider,Luminosity,5 of a Kind,Luminosity,642,5 of a Kind,7816,8,4,2,5,0,0,Luminosity,PACIFIC
67024,67887,Ascent,Decider,Nightblood Gaming,Nocturnals,Nightblood Gaming,5601,Nocturnals,7838,7,5,2,6,0,0,Nightblood Gaming,PACIFIC
67024,67888,Breeze,Decider,Nocturnals,Nightblood Gaming,Nightblood Gaming,5601,Nocturnals,7838,4,8,5,0,0,0,Nightblood Gaming,PACIFIC
67025,67890,Haven,Decider,VIRTUOSO,S4-GE,VIRTUOSO,2348,S4-GE,7856,10,2,0,3,0,0,VIRTUOSO,PACIFIC
67025,67891,Bind,Decider,VIRTUOSO,S4-GE,VIRTUOSO,2348,S4-GE,7856,10,2,1,3,0,0,VIRTUOSO,PACIFIC
67026,67893,Haven,Decider,L DaNce(Zero MarksMen Silver),Explicit,L DaNce(Zero MarksMen Silver),6904,Explicit,7835,0,7,1,0,0,0,Explicit,PACIFIC
67026,67894,Breeze,Decider,Explicit,L DaNce(Zero MarksMen Silver),L DaNce(Zero MarksMen Silver),6904,Explicit,7835,4,0,0,0,0,0,Explicit,PACIFIC
67027,67896,Haven,Decider,Eros,FaZe Clan,FaZe Clan,337,Eros,4648,0,12,1,2,0,0,FaZe Clan,PACIFIC
67027,67897,Icebox,Decider,Eros,FaZe Clan,FaZe Clan,337,Eros,4648,1,11,2,0,0,0,FaZe Clan,PACIFIC
67028,67899,Haven,Decider,Carpe Noctem,ExiLe Gaming,Carpe Noctem,5213,ExiLe Gaming,6427,8,4,2,5,0,0,Carpe Noctem,PACIFIC
67028,67900,Icebox,Decider,ExiLe Gaming,Carpe Noctem,Carpe Noctem,5213,ExiLe Gaming,6427,7,5,8,1,0,0,Carpe Noctem,PACIFIC
67029,67902,Split,Decider,The Guard,Goofy Gremlins,The Guard,6675,Goofy Gremlins,7715,10,2,0,3,0,0,The Guard,PACIFIC
67029,67903,Icebox,Decider,Goofy Gremlins,The Guard,The Guard,6675,Goofy Gremlins,7715,1,11,2,0,0,0,The Guard,PACIFIC
67030,67905,Icebox,Decider,Aspire,mozzy,Aspire,6783,mozzy,7814,9,3,8,4,0,0,Aspire,PACIFIC
67030,67906,Bind,Decider,Aspire,mozzy,Aspire,6783,mozzy,7814,5,7,6,2,0,0,mozzy,PACIFIC
67030,67907,Ascent,Decider,Aspire,mozzy,Aspire,6783,mozzy,7814,5,7,6,2,0,0,mozzy,PACIFIC
67032,67908,Haven,TSM,Girl Kissers,TSM,TSM,106,Girl Kissers,8852,3,9,4,2,0,0,TSM,PACIFIC
67032,67909,Ascent,Decider,TSM,Girl Kissers,TSM,106,Girl Kissers,8852,9,3,0,4,0,0,TSM,PACIFIC
67033,67911,Icebox,Decider,Berzerkers,Godset,Godset,6241,Berzerkers,7711,4,8,5,5,0,0,Godset,PACIFIC
67033,67912,Haven,Decider,Godset,Berzerkers,Godset,6241,Berzerkers,7711,7,5,7,5,0,2,Berzerkers,PACIFIC
67033,67913,Ascent,Decider,Godset,Berzerkers,Godset,6241,Berzerkers,7711,3,9,4,2,0,0,Berzerkers,PACIFIC
67034,67914,Ascent,Decider,nerd emoji,Project A,Project A,6148,nerd emoji,7818,2,10,3,1,0,0,Project A,PACIFIC
67034,67915,Breeze,Decider,Project A,nerd emoji,Project A,6148,nerd emoji,7818,11,1,5,2,0,0,Project A,PACIFIC
67035,67917,Icebox,Decider,Spectral Purple,BASILISK,BASILISK,3337,Spectral Purple,6529,1,11,2,2,0,0,BASILISK,PACIFIC
67035,67918,Breeze,Decider,Spectral Purple,BASILISK,BASILISK,3337,Spectral Purple,6529,1,11,2,0,0,0,BASILISK,PACIFIC
67036,67920,Haven,Decider,Knights,FYL,Knights,1615,FYL,3215,10,2,1,3,0,0,Knights,PACIFIC
67036,67921,Ascent,Decider,FYL,Knights,Knights,1615,FYL,3215,4,8,5,0,0,0,Knights,PACIFIC
67037,67923,Ascent,Decider,Rose,303 Esports,303 Esports,2139,Rose,6991,6,6,7,2,0,0,303 Esports,PACIFIC
67037,67924,Icebox,Decider,303 Esports,Rose,303 Esports,2139,Rose,6991,8,4,8,4,6,4,303 Esports,PACIFIC
67038,67926,Bind,Decider,DarkZero Esports,Bún bò Huế,DarkZero Esports,4346,Bún bò Huế,7817,8,4,2,5,0,0,DarkZero Esports,PACIFIC
67038,67927,Ascent,Decider,Bún bò Huế,DarkZero Esports,DarkZero Esports,4346,Bún bò Huế,7817,0,12,1,0,0,0,DarkZero Esports,PACIFIC
67039,67929,Haven,Decider,RUSH,GunsForHire,GunsForHire,6653,RUSH,7864,8,4,3,5,0,0,RUSH,PACIFIC
67039,67930,Breeze,Decider,RUSH,GunsForHire,GunsForHire,6653,RUSH,7864,6,6,7,2,0,0,GunsForHire,PACIFIC
67039,67931,Icebox,Decider,GunsForHire,RUSH,GunsForHire,6653,RUSH,7864,4,8,5,4,0,0,RUSH,PACIFIC
67062,67998,Haven,Decider,Ghost Gaming,Green Beans,Ghost Gaming,2291,Green Beans,6019,5,7,3,8,0,0,Ghost Gaming,PACIFIC
67062,67999,Ascent,Decider,Green Beans,Ghost Gaming,Ghost Gaming,2291,Green Beans,6019,6,6,7,0,0,0,Ghost Gaming,PACIFIC
67040,67932,Ascent,Decider,Version1,New Moon,Version1,2815,New Moon,7862,8,4,1,5,0,0,Version1,PACIFIC
67040,67933,Icebox,Decider,New Moon,Version1,Version1,2815,New Moon,7862,1,11,2,0,0,0,Version1,PACIFIC
67041,67935,Ascent,Decider,Kowareta,Vireo.pro,Kowareta,5482,Vireo.pro,6990,9,3,5,4,0,0,Kowareta,PACIFIC
67041,67936,Haven,Decider,Vireo.pro,Kowareta,Kowareta,5482,Vireo.pro,6990,4,8,5,5,0,0,Kowareta,PACIFIC
67047,67953,Split,Decider,Up Next,Zero MarksMen Black,Zero MarksMen Black,5832,Up Next,6782,5,7,6,3,0,0,Zero MarksMen Black,PACIFIC
67047,67954,Fracture,Decider,Zero MarksMen Black,Up Next,Zero MarksMen Black,5832,Up Next,6782,7,5,2,6,0,0,Zero MarksMen Black,PACIFIC
67048,67956,Haven,Decider,Rise,Thanos Mug Academy,Rise,637,Thanos Mug Academy,7839,11,1,3,2,0,0,Rise,PACIFIC
67048,67957,Bind,Decider,Thanos Mug Academy,Rise,Rise,637,Thanos Mug Academy,7839,1,11,2,0,0,0,Rise,PACIFIC
67049,67959,Haven,Decider,Team X(Pack a Punch),Elysium,Elysium,6419,Team X(Pack a Punch),7966,0,3,0,0,0,0,Elysium,PACIFIC
67049,67960,Breeze,Decider,Elysium,Team X(Pack a Punch),Elysium,6419,Team X(Pack a Punch),7966,3,0,0,5,0,0,Elysium,PACIFIC
67050,67962,Ascent,Decider,Built By Gamers,Actually Homeless,Built By Gamers,473,Actually Homeless,6418,8,4,2,5,0,0,Built By Gamers,PACIFIC
67050,67963,Haven,Decider,Actually Homeless,Built By Gamers,Built By Gamers,473,Actually Homeless,6418,7,5,0,6,0,0,Actually Homeless,PACIFIC
67050,67964,Bind,Decider,Actually Homeless,Built By Gamers,Built By Gamers,473,Actually Homeless,6418,3,9,4,4,0,0,Built By Gamers,PACIFIC
67052,67968,Haven,Decider,Gen.G,Free Fall,Gen.G,17,Free Fall,7704,11,1,0,2,0,0,Gen.G,PACIFIC
67052,67969,Split,Decider,Free Fall,Gen.G,Gen.G,17,Free Fall,7704,3,9,4,3,0,0,Gen.G,PACIFIC
67054,67974,Icebox,Decider,T1,Vexo Esports,T1,14,Vexo Esports,7822,11,1,0,2,0,0,T1,PACIFIC
67054,67975,Split,Decider,T1,Vexo Esports,T1,14,Vexo Esports,7822,10,2,2,3,0,0,T1,PACIFIC
67056,67980,Haven,Decider,Shopify Rebellion GC,XSET,XSET,533,Shopify Rebellion GC,4837,4,8,5,2,0,0,XSET,PACIFIC
67056,67981,Breeze,Decider,XSET,Shopify Rebellion GC,XSET,533,Shopify Rebellion GC,4837,7,5,2,6,0,0,XSET,PACIFIC
67058,67986,Haven,Decider,Team Assent,Renegades,Renegades,468,Team Assent,6429,2,10,3,1,0,0,Renegades,PACIFIC
67058,67987,Icebox,Decider,Renegades,Team Assent,Renegades,468,Team Assent,6429,11,1,0,2,0,0,Renegades,PACIFIC
67059,67989,Bind,Decider,Team Mystic,Radiance,Radiance,6164,Team Mystic,5829,2,10,3,5,0,0,Radiance,PACIFIC
67059,67990,Icebox,Decider,Radiance,Team Mystic,Radiance,6164,Team Mystic,5829,11,1,10,2,0,0,Radiance,PACIFIC
67061,67995,Haven,Decider,Aspyre x Swarm,Cosmic Divide,Cosmic Divide,4388,Aspyre x Swarm,12836,4,8,5,4,0,0,Cosmic Divide,PACIFIC
67061,67996,Ascent,Decider,Cosmic Divide,Aspyre x Swarm,Cosmic Divide,4388,Aspyre x Swarm,12836,9,3,0,4,0,0,Cosmic Divide,PACIFIC
67064,68004,Haven,Decider,Luminosity,Nightblood Gaming,Luminosity,642,Nightblood Gaming,5601,11,1,0,2,0,0,Luminosity,PACIFIC
67064,68005,Icebox,Decider,Luminosity,Nightblood Gaming,Luminosity,642,Nightblood Gaming,5601,8,4,0,5,0,0,Luminosity,PACIFIC
67065,68007,Icebox,Decider,VIRTUOSO,L DaNce(Zero MarksMen Silver),VIRTUOSO,2348,L DaNce(Zero MarksMen Silver),6904,4,0,0,9,0,0,VIRTUOSO,PACIFIC
67065,68008,Bind,Decider,L DaNce(Zero MarksMen Silver),VIRTUOSO,VIRTUOSO,2348,L DaNce(Zero MarksMen Silver),6904,0,5,8,0,0,0,VIRTUOSO,PACIFIC
67066,68010,Haven,Decider,Carpe Noctem,FaZe Clan,FaZe Clan,337,Carpe Noctem,5213,1,11,2,0,0,0,FaZe Clan,PACIFIC
67066,68011,Icebox,Decider,FaZe Clan,Carpe Noctem,FaZe Clan,337,Carpe Noctem,5213,10,2,3,3,0,0,FaZe Clan,PACIFIC
67069,68019,Ascent,Decider,BASILISK,Project A,Project A,6148,BASILISK,3337,6,6,7,1,0,0,Project A,PACIFIC
67069,68020,Breeze,Decider,Project A,BASILISK,Project A,6148,BASILISK,3337,6,6,7,4,0,0,BASILISK,PACIFIC
67069,68021,Icebox,Decider,Project A,BASILISK,Project A,6148,BASILISK,3337,6,6,7,2,0,0,BASILISK,PACIFIC
67070,68022,Split,Decider,Knights,303 Esports,Knights,1615,303 Esports,2139,9,3,1,4,0,0,Knights,PACIFIC
67070,68023,Ascent,Decider,303 Esports,Knights,Knights,1615,303 Esports,2139,3,9,4,0,0,0,Knights,PACIFIC
67043,67941,Haven,Decider,Run it Down,Complexity,Complexity,470,Run it Down,7853,3,9,4,2,0,0,Complexity,PACIFIC
67043,67942,Fracture,Decider,Complexity,Run it Down,Complexity,470,Run it Down,7853,6,6,6,6,4,2,Complexity,PACIFIC
67044,67944,Icebox,Decider,Akrew,Able Esports,Akrew,6461,Able Esports,1669,11,1,0,2,0,0,Akrew,PACIFIC
67044,67945,Haven,Decider,Able Esports,Akrew,Akrew,6461,Able Esports,1669,1,11,2,4,0,0,Akrew,PACIFIC
67051,67965,Ascent,Decider,Soniqs,Gx,Soniqs,2350,Gx,7382,9,3,0,4,0,0,Soniqs,PACIFIC
67051,67966,Breeze,Decider,Soniqs,Gx,Soniqs,2350,Gx,7382,8,4,4,5,0,0,Soniqs,PACIFIC
67053,67971,Haven,Decider,Team Reckaroo,Bait Academy,Bait Academy,5444,Team Reckaroo,3748,4,8,5,4,0,0,Bait Academy,PACIFIC
67053,67972,Ascent,Decider,Bait Academy,Team Reckaroo,Bait Academy,5444,Team Reckaroo,3748,3,9,4,4,0,0,Team Reckaroo,PACIFIC
67053,67973,Icebox,Decider,Bait Academy,Team Reckaroo,Bait Academy,5444,Team Reckaroo,3748,10,2,0,3,0,0,Bait Academy,PACIFIC
67055,67977,Breeze,Decider,Evil Geniuses,Valkyrie,Evil Geniuses,5248,Valkyrie,2760,9,3,9,3,3,1,Evil Geniuses,PACIFIC
67055,67978,Haven,Decider,Valkyrie,Evil Geniuses,Evil Geniuses,5248,Valkyrie,2760,3,9,4,8,0,0,Evil Geniuses,PACIFIC
67042,67938,Split,Decider,Cloud9 White,SoaR,SoaR,4345,Cloud9 White,1267,4,8,5,0,0,0,SoaR,PACIFIC
67042,67939,Bind,Decider,SoaR,Cloud9 White,SoaR,4345,Cloud9 White,1267,7,5,1,6,0,0,SoaR,PACIFIC
67046,67950,Haven,Decider,Pioneers,Hugh Jass Construction,Pioneers,4940,Hugh Jass Construction,6848,9,3,7,4,0,0,Pioneers,PACIFIC
67046,67951,Icebox,Decider,Pioneers,Hugh Jass Construction,Pioneers,4940,Hugh Jass Construction,6848,11,1,0,2,0,0,Pioneers,PACIFIC
67057,67983,Split,Decider,IlluZion,YFP,IlluZion,4529,YFP,5038,8,4,5,5,0,0,IlluZion,PACIFIC
67057,67984,Haven,Decider,YFP,IlluZion,IlluZion,4529,YFP,5038,10,2,2,3,0,0,YFP,PACIFIC
67057,67985,Ascent,Decider,YFP,IlluZion,IlluZion,4529,YFP,5038,9,3,10,0,0,0,IlluZion,PACIFIC
67060,67992,Ascent,Decider,Eclectiq,NRG,NRG,1034,Eclectiq,6454,4,8,5,3,0,0,NRG,PACIFIC
67060,67993,Icebox,Decider,NRG,Eclectiq,NRG,1034,Eclectiq,6454,5,7,5,7,2,0,NRG,PACIFIC
67067,68013,Ascent,Decider,The Guard,mozzy,The Guard,6675,mozzy,7814,10,2,2,3,0,0,The Guard,PACIFIC
67067,68014,Icebox,Decider,The Guard,mozzy,The Guard,6675,mozzy,7814,11,1,5,2,0,0,The Guard,PACIFIC
67071,68025,Icebox,Decider,RUSH,DarkZero Esports,DarkZero Esports,4346,RUSH,7864,4,8,5,3,0,0,DarkZero Esports,PACIFIC
67071,68026,Bind,Decider,RUSH,DarkZero Esports,DarkZero Esports,4346,RUSH,7864,4,8,5,3,0,0,DarkZero Esports,PACIFIC
67045,67947,Haven,Decider,Third Impact,Synergy,Third Impact,4455,Synergy,4880,5,7,6,4,0,0,Synergy,PACIFIC
67045,67948,Icebox,Decider,Synergy,Third Impact,Third Impact,4455,Synergy,4880,6,6,5,7,0,0,Synergy,PACIFIC
67063,68001,Breeze,Decider,Andbox,Illumina Blue,Andbox,856,Illumina Blue,6172,11,1,0,2,0,0,Andbox,PACIFIC
67063,68002,Bind,Decider,Illumina Blue,Andbox,Andbox,856,Illumina Blue,6172,4,8,5,2,0,0,Andbox,PACIFIC
67068,68016,Bind,Decider,TSM,Berzerkers,TSM,106,Berzerkers,7711,9,3,0,4,0,0,TSM,PACIFIC
67068,68017,Ascent,Decider,TSM,Berzerkers,TSM,106,Berzerkers,7711,9,3,0,4,0,0,TSM,PACIFIC
67306,68264,Ascent,Decider,Version1,Kowareta,Version1,2815,Kowareta,5482,10,2,4,3,0,0,Version1,PACIFIC
67306,68265,Icebox,Decider,Version1,Kowareta,Version1,2815,Kowareta,5482,11,1,0,2,0,0,Version1,PACIFIC
67307,68267,Split,Decider,Complexity,SoaR,SoaR,4345,Complexity,470,10,2,2,3,0,0,Complexity,PACIFIC
67307,68268,Haven,Decider,SoaR,Complexity,SoaR,4345,Complexity,470,3,9,3,9,0,2,Complexity,PACIFIC
67308,68270,Ascent,Decider,Akrew,Synergy,Akrew,6461,Synergy,4880,7,5,1,6,0,0,Akrew,PACIFIC
67308,68271,Split,Decider,Synergy,Akrew,Akrew,6461,Synergy,4880,3,9,4,4,0,0,Akrew,PACIFIC
67309,68273,Breeze,Decider,Pioneers,Zero MarksMen Black,Pioneers,4940,Zero MarksMen Black,5832,10,2,2,3,0,0,Pioneers,PACIFIC
67309,68274,Ascent,Decider,Zero MarksMen Black,Pioneers,Pioneers,4940,Zero MarksMen Black,5832,5,7,6,3,0,0,Pioneers,PACIFIC
67310,68276,Breeze,Decider,Rise,Team X(Pack a Punch),Rise,637,Team X(Pack a Punch),7966,8,0,0,5,0,0,Rise,PACIFIC
67310,68277,Haven,Decider,Team X(Pack a Punch),Rise,Rise,637,Team X(Pack a Punch),7966,0,3,10,0,0,0,Rise,PACIFIC
67311,68279,Split,Decider,Built By Gamers,Soniqs,Built By Gamers,473,Soniqs,2350,8,4,4,5,0,0,Built By Gamers,PACIFIC
67311,68280,Bind,Decider,Built By Gamers,Soniqs,Built By Gamers,473,Soniqs,2350,2,10,3,9,0,0,Soniqs,PACIFIC
67311,68281,Ascent,Decider,Built By Gamers,Soniqs,Built By Gamers,473,Soniqs,2350,4,8,5,0,0,0,Soniqs,PACIFIC
67313,68282,Icebox,Decider,Gen.G,Bait Academy,Gen.G,17,Bait Academy,5444,4,8,3,9,0,0,Gen.G,PACIFIC
67313,68283,Split,Decider,Bait Academy,Gen.G,Gen.G,17,Bait Academy,5444,3,9,2,10,0,0,Bait Academy,PACIFIC
67313,68284,Fracture,Decider,Bait Academy,Gen.G,Gen.G,17,Bait Academy,5444,6,6,6,6,1,3,Gen.G,PACIFIC
67314,68285,Split,Decider,Evil Geniuses,T1,T1,14,Evil Geniuses,5248,8,4,9,2,0,0,T1,PACIFIC
67314,68286,Bind,Decider,T1,Evil Geniuses,T1,14,Evil Geniuses,5248,3,9,4,8,0,0,Evil Geniuses,PACIFIC
67314,68287,Haven,Decider,T1,Evil Geniuses,T1,14,Evil Geniuses,5248,4,8,4,8,2,0,T1,PACIFIC
67315,68288,Ascent,Decider,IlluZion,XSET,XSET,533,IlluZion,4529,2,10,3,4,0,0,XSET,PACIFIC
67315,68289,Split,Decider,XSET,IlluZion,XSET,533,IlluZion,4529,9,3,2,4,0,0,XSET,PACIFIC
67316,68291,Icebox,Decider,Radiance,Renegades,Renegades,468,Radiance,6164,5,7,3,8,0,0,Radiance,PACIFIC
67316,68292,Breeze,Decider,Renegades,Radiance,Renegades,468,Radiance,6164,8,4,3,5,0,0,Renegades,PACIFIC
67316,68293,Bind,Decider,Renegades,Radiance,Renegades,468,Radiance,6164,4,8,5,5,0,0,Radiance,PACIFIC
67317,68294,Breeze,Decider,NRG,Cosmic Divide,NRG,1034,Cosmic Divide,4388,10,2,0,3,0,0,NRG,PACIFIC
67317,68295,Icebox,Decider,NRG,Cosmic Divide,NRG,1034,Cosmic Divide,4388,9,3,0,4,0,0,NRG,PACIFIC
67318,68297,Fracture,Decider,Ghost Gaming,Andbox,Ghost Gaming,2291,Andbox,856,7,5,7,5,0,2,Andbox,PACIFIC
67318,68298,Breeze,Decider,Andbox,Ghost Gaming,Ghost Gaming,2291,Andbox,856,8,4,6,5,0,0,Andbox,PACIFIC
67319,68300,Bind,Decider,Luminosity,VIRTUOSO,Luminosity,642,VIRTUOSO,2348,5,7,1,8,0,0,Luminosity,PACIFIC
67319,68301,Split,Decider,VIRTUOSO,Luminosity,Luminosity,642,VIRTUOSO,2348,5,7,6,2,0,0,Luminosity,PACIFIC
67320,68303,Haven,The Guard,FaZe Clan,The Guard,FaZe Clan,337,The Guard,6675,6,6,7,2,0,0,The Guard,PACIFIC
67320,68304,Ascent,FaZe Clan,The Guard,FaZe Clan,FaZe Clan,337,The Guard,6675,4,8,5,1,0,0,FaZe Clan,PACIFIC
67320,68305,Split,Decider,The Guard,FaZe Clan,FaZe Clan,337,The Guard,6675,8,4,4,5,0,0,The Guard,PACIFIC
67321,68306,Split,Decider,BASILISK,TSM,TSM,106,BASILISK,3337,1,11,2,0,0,0,TSM,PACIFIC
67321,68307,Breeze,Decider,TSM,BASILISK,TSM,106,BASILISK,3337,6,6,4,7,0,0,TSM,PACIFIC
67322,68309,Icebox,Decider,Knights,DarkZero Esports,Knights,1615,DarkZero Esports,4346,4,8,5,4,0,0,DarkZero Esports,PACIFIC
67322,68310,Ascent,Decider,DarkZero Esports,Knights,Knights,1615,DarkZero Esports,4346,3,9,4,1,0,0,Knights,PACIFIC
67322,68311,Split,Decider,DarkZero Esports,Knights,Knights,1615,DarkZero Esports,4346,4,8,5,7,0,0,Knights,PACIFIC
67323,68312,Haven,Complexity,Version1,Complexity,Version1,2815,Complexity,470,7,5,2,6,0,0,Version1,PACIFIC
67323,68313,Fracture,Version1,Complexity,Version1,Version1,2815,Complexity,470,2,10,3,0,0,0,Version1,PACIFIC
67324,68315,Fracture,Decider,Akrew,Pioneers,Akrew,6461,Pioneers,4940,7,5,2,6,0,0,Akrew,PACIFIC
67324,68316,Split,Decider,Pioneers,Akrew,Akrew,6461,Pioneers,4940,6,6,7,3,0,0,Akrew,PACIFIC
67368,68438,Icebox,Decider,Kowareta,SoaR,Kowareta,5482,SoaR,4345,5,7,2,8,0,0,Kowareta,PACIFIC
67368,68439,Ascent,Decider,SoaR,Kowareta,Kowareta,5482,SoaR,4345,9,3,2,4,0,0,SoaR,PACIFIC
67368,68440,Bind,Decider,SoaR,Kowareta,Kowareta,5482,SoaR,4345,6,6,2,7,0,0,SoaR,PACIFIC
67369,68441,Icebox,Decider,Synergy,Zero MarksMen Black,Synergy,4880,Zero MarksMen Black,5832,5,7,6,4,0,0,Zero MarksMen Black,PACIFIC
67369,68442,Haven,Decider,Zero MarksMen Black,Synergy,Synergy,4880,Zero MarksMen Black,5832,10,2,4,3,0,0,Zero MarksMen Black,PACIFIC
67328,68327,Haven,NRG,Andbox,NRG,NRG,1034,Andbox,856,7,5,8,4,0,0,NRG,PACIFIC
67328,68328,Breeze,Andbox,NRG,Andbox,NRG,1034,Andbox,856,5,7,5,7,2,0,NRG,PACIFIC
67373,68453,Haven,Decider,Ghost Gaming,Cosmic Divide,Cosmic Divide,4388,Ghost Gaming,2291,6,6,7,4,0,0,Cosmic Divide,PACIFIC
67373,68454,Breeze,Decider,Cosmic Divide,Ghost Gaming,Cosmic Divide,4388,Ghost Gaming,2291,8,4,9,1,0,0,Ghost Gaming,PACIFIC
67373,68455,Ascent,Decider,Cosmic Divide,Ghost Gaming,Cosmic Divide,4388,Ghost Gaming,2291,4,8,4,8,3,1,Cosmic Divide,PACIFIC
67327,68324,Ascent,XSET,Radiance,XSET,XSET,533,Radiance,6164,8,4,4,5,0,0,Radiance,PACIFIC
67327,68325,Breeze,Radiance,XSET,Radiance,XSET,533,Radiance,6164,7,5,4,6,0,0,XSET,PACIFIC
67327,68326,Icebox,Decider,XSET,Radiance,XSET,533,Radiance,6164,9,3,3,4,0,0,XSET,PACIFIC
67372,68450,Split,Decider,Renegades,IlluZion,IlluZion,4529,Renegades,468,7,5,4,6,0,0,Renegades,PACIFIC
67372,68451,Haven,Decider,,,IlluZion,4529,Renegades,468,0,0,0,0,0,0,Draw,PACIFIC
67374,68456,Breeze,Decider,FaZe Clan,VIRTUOSO,VIRTUOSO,2348,FaZe Clan,337,9,3,2,4,0,0,FaZe Clan,PACIFIC
67374,68457,Ascent,Decider,VIRTUOSO,FaZe Clan,VIRTUOSO,2348,FaZe Clan,337,1,11,2,2,0,0,FaZe Clan,PACIFIC
67330,68333,Split,TSM,Knights,TSM,TSM,106,Knights,1615,3,9,4,2,0,0,TSM,PACIFIC
67330,68334,Ascent,Knights,TSM,Knights,TSM,106,Knights,1615,7,5,8,1,0,0,Knights,PACIFIC
67330,68335,Bind,Decider,TSM,Knights,TSM,106,Knights,1615,8,4,8,4,2,4,Knights,PACIFIC
67375,68459,Breeze,Decider,DarkZero Esports,BASILISK,BASILISK,3337,DarkZero Esports,4346,7,5,8,2,0,0,BASILISK,PACIFIC
67375,68460,Icebox,Decider,BASILISK,DarkZero Esports,BASILISK,3337,DarkZero Esports,4346,7,5,7,5,5,3,BASILISK,PACIFIC
67325,68318,Ascent,Decider,Rise,Soniqs,Rise,637,Soniqs,2350,5,7,6,6,0,0,Soniqs,PACIFIC
67325,68319,Bind,Decider,Rise,Soniqs,Rise,637,Soniqs,2350,11,1,0,2,0,0,Rise,PACIFIC
67325,68320,Haven,Decider,Rise,Soniqs,Rise,637,Soniqs,2350,5,7,5,7,3,1,Rise,PACIFIC
67326,68321,Icebox,T1,Gen.G,T1,Gen.G,17,T1,14,4,8,5,1,0,0,T1,PACIFIC
67326,68322,Split,Gen.G,T1,Gen.G,Gen.G,17,T1,14,9,3,9,3,2,0,T1,PACIFIC
67329,68330,Bind,Decider,Luminosity,The Guard,Luminosity,642,The Guard,6675,5,7,5,7,3,5,The Guard,PACIFIC
67329,68331,Icebox,Decider,The Guard,Luminosity,Luminosity,642,The Guard,6675,6,6,4,7,0,0,The Guard,PACIFIC
67370,68444,Breeze,Decider,Built By Gamers,Team X(Pack a Punch),Team X(Pack a Punch),7966,Built By Gamers,473,5,0,0,5,0,0,Built By Gamers,PACIFIC
67370,68445,Ascent,Decider,Team X(Pack a Punch),Built By Gamers,Team X(Pack a Punch),7966,Built By Gamers,473,0,1,10,0,0,0,Built By Gamers,PACIFIC
67371,68447,Breeze,Decider,Evil Geniuses,Bait Academy,Bait Academy,5444,Evil Geniuses,5248,7,5,8,4,0,0,Bait Academy,PACIFIC
67371,68448,Split,Decider,Bait Academy,Evil Geniuses,Bait Academy,5444,Evil Geniuses,5248,5,7,5,7,2,0,Bait Academy,PACIFIC
67331,68336,Haven,Akrew,Version1,Akrew,Version1,2815,Akrew,6461,10,2,4,3,0,0,Version1,PACIFIC
67331,68337,Fracture,Version1,Akrew,Version1,Version1,2815,Akrew,6461,6,6,7,2,0,0,Version1,PACIFIC
67332,68339,Bind,Rise,T1,Rise,Rise,637,T1,14,5,7,6,6,0,0,Rise,PACIFIC
67332,68340,Split,T1,Rise,T1,Rise,637,T1,14,10,2,0,3,0,0,Rise,PACIFIC
67333,68342,Bind,Decider,NRG,XSET,XSET,533,NRG,1034,4,8,5,5,0,0,XSET,PACIFIC
67333,68343,Breeze,Decider,XSET,NRG,XSET,533,NRG,1034,6,6,5,7,0,0,XSET,PACIFIC
67334,68345,Icebox,Decider,Knights,The Guard,The Guard,6675,Knights,1615,2,10,3,6,0,0,The Guard,PACIFIC
67334,68346,Ascent,Decider,The Guard,Knights,The Guard,6675,Knights,1615,8,4,9,2,0,0,Knights,PACIFIC
67334,68347,Haven,Decider,The Guard,Knights,The Guard,6675,Knights,1615,10,2,1,3,0,0,The Guard,PACIFIC
67345,68378,Split,TSM,SoaR,TSM,TSM,106,SoaR,4345,2,10,3,1,0,0,TSM,PACIFIC
67345,68379,Breeze,SoaR,TSM,SoaR,TSM,106,SoaR,4345,3,9,2,10,0,0,TSM,PACIFIC
67346,68381,Haven,Decider,Luminosity,Zero MarksMen Black,Luminosity,642,Zero MarksMen Black,5832,6,6,2,7,0,0,Luminosity,PACIFIC
67346,68382,Split,Decider,Zero MarksMen Black,Luminosity,Luminosity,642,Zero MarksMen Black,5832,7,5,8,2,0,0,Luminosity,PACIFIC
67347,68384,Haven,Decider,Andbox,Team X(Pack a Punch),Andbox,856,Team X(Pack a Punch),7966,8,0,0,3,0,0,Andbox,PACIFIC
67347,68385,Breeze,Decider,Team X(Pack a Punch),Andbox,Andbox,856,Team X(Pack a Punch),7966,0,7,5,0,0,3,Andbox,PACIFIC
67347,68386,Split,Decider,Team X(Pack a Punch),Andbox,Andbox,856,Team X(Pack a Punch),7966,0,5,8,0,0,0,Andbox,PACIFIC
67348,68387,Ascent,Decider,Bait Academy,Radiance,Radiance,6164,Bait Academy,5444,11,1,2,2,0,0,Bait Academy,PACIFIC
67348,68388,Breeze,Decider,Radiance,Bait Academy,Radiance,6164,Bait Academy,5444,2,10,2,10,0,2,Bait Academy,PACIFIC
67349,68390,Bind,Decider,Gen.G,Renegades,Gen.G,17,Renegades,468,3,9,4,5,0,0,Renegades,PACIFIC
67349,68391,Fracture,Decider,Renegades,Gen.G,Gen.G,17,Renegades,468,4,8,5,6,0,0,Gen.G,PACIFIC
67349,68392,Breeze,Decider,Renegades,Gen.G,Gen.G,17,Renegades,468,3,9,4,0,0,0,Gen.G,PACIFIC
67350,68393,Haven,Decider,Cosmic Divide,Soniqs,Soniqs,2350,Cosmic Divide,4388,3,9,4,4,0,0,Soniqs,PACIFIC
67350,68394,Ascent,Decider,Cosmic Divide,Soniqs,Soniqs,2350,Cosmic Divide,4388,5,7,6,4,0,0,Soniqs,PACIFIC
67351,68396,Icebox,Decider,Pioneers,FaZe Clan,Pioneers,4940,FaZe Clan,337,3,9,4,2,0,0,FaZe Clan,PACIFIC
67351,68397,Breeze,Decider,FaZe Clan,Pioneers,Pioneers,4940,FaZe Clan,337,4,8,4,8,3,5,Pioneers,PACIFIC
67351,68398,Ascent,Decider,Pioneers,FaZe Clan,Pioneers,4940,FaZe Clan,337,8,4,6,5,0,0,Pioneers,PACIFIC
67352,68399,Split,Decider,BASILISK,Complexity,Complexity,470,BASILISK,3337,6,6,6,6,4,2,BASILISK,PACIFIC
67352,68400,Icebox,Decider,Complexity,BASILISK,Complexity,470,BASILISK,3337,6,6,4,7,0,0,Complexity,PACIFIC
67352,68401,Bind,Decider,Complexity,BASILISK,Complexity,470,BASILISK,3337,2,10,3,3,0,0,BASILISK,PACIFIC
67353,68402,Split,TSM,Luminosity,TSM,TSM,106,Luminosity,642,7,5,8,4,0,0,TSM,PACIFIC
67353,68403,Icebox,Luminosity,TSM,Luminosity,TSM,106,Luminosity,642,6,6,7,5,0,0,Luminosity,PACIFIC
67353,68404,Bind,Decider,TSM,Luminosity,TSM,106,Luminosity,642,6,6,6,6,4,2,TSM,PACIFIC
67335,68348,Ascent,Rise,Version1,Rise,Version1,2815,Rise,637,9,3,2,4,0,0,Version1,PACIFIC
67335,68349,Haven,Version1,Rise,Version1,Version1,2815,Rise,637,4,8,5,0,0,0,Version1,PACIFIC
67354,68405,Icebox,Bait Academy,Andbox,Bait Academy,Andbox,856,Bait Academy,5444,6,6,3,7,0,0,Andbox,PACIFIC
67354,68406,Breeze,Andbox,Bait Academy,Andbox,Andbox,856,Bait Academy,5444,8,4,2,5,0,0,Bait Academy,PACIFIC
67354,68407,Split,Decider,Bait Academy,Andbox,Andbox,856,Bait Academy,5444,8,4,5,5,0,0,Bait Academy,PACIFIC
67355,68408,Bind,Soniqs,Gen.G,Soniqs,Gen.G,17,Soniqs,2350,9,3,0,4,0,0,Gen.G,PACIFIC
67355,68409,Breeze,Gen.G,Soniqs,Gen.G,Gen.G,17,Soniqs,2350,7,5,3,6,0,0,Soniqs,PACIFIC
67355,68410,Split,Decider,Gen.G,Soniqs,Gen.G,17,Soniqs,2350,5,7,6,5,0,0,Soniqs,PACIFIC
67356,68411,Icebox,BASILISK,Pioneers,BASILISK,Pioneers,4940,BASILISK,3337,8,4,8,4,2,0,Pioneers,PACIFIC
67356,68412,Breeze,Pioneers,BASILISK,Pioneers,Pioneers,4940,BASILISK,3337,7,5,7,5,0,2,Pioneers,PACIFIC
67336,68351,Split,XSET,The Guard,XSET,XSET,533,The Guard,6675,3,9,4,0,0,0,XSET,PACIFIC
67336,68352,Bind,The Guard,XSET,The Guard,XSET,533,The Guard,6675,8,4,2,5,0,0,XSET,PACIFIC
67360,68423,Breeze,NRG,Pioneers,NRG,NRG,1034,Pioneers,4940,4,8,5,2,0,0,NRG,PACIFIC
67360,68424,Ascent,Pioneers,NRG,Pioneers,NRG,1034,Pioneers,4940,8,4,9,1,0,0,Pioneers,PACIFIC
67360,68425,Bind,Decider,NRG,Pioneers,NRG,1034,Pioneers,4940,11,1,0,2,0,0,NRG,PACIFIC
67359,68420,Ascent,Knights,Knights,Soniqs,Knights,1615,Soniqs,2350,7,5,4,6,0,0,Knights,PACIFIC
67359,68421,Split,Soniqs,Knights,Soniqs,Knights,1615,Soniqs,2350,5,7,5,7,0,2,Soniqs,PACIFIC
67359,68422,Breeze,Decider,Knights,Soniqs,Knights,1615,Soniqs,2350,7,5,4,6,0,0,Knights,PACIFIC
67357,68414,Split,TSM,T1,TSM,T1,14,TSM,106,6,6,1,7,0,0,T1,PACIFIC
67357,68415,Icebox,T1,TSM,T1,T1,14,TSM,106,4,8,0,0,0,0,T1,PACIFIC
67358,68417,Icebox,Bait Academy,Akrew,Bait Academy,Akrew,6461,Bait Academy,5444,8,4,2,5,0,0,Akrew,PACIFIC
67358,68418,Ascent,Akrew,Bait Academy,Akrew,Akrew,6461,Bait Academy,5444,5,7,5,7,2,0,Bait Academy,PACIFIC
67358,68419,Haven,Decider,Bait Academy,Akrew,Akrew,6461,Bait Academy,5444,7,5,8,0,0,0,Akrew,PACIFIC
67361,68426,Fracture,TSM,Akrew,TSM,TSM,106,Akrew,6461,9,3,6,4,0,0,Akrew,PACIFIC
67361,68427,Icebox,Akrew,TSM,Akrew,TSM,106,Akrew,6461,6,6,7,3,0,0,Akrew,PACIFIC
67362,68429,Breeze,NRG,Knights,NRG,Knights,1615,NRG,1034,4,8,5,4,0,0,NRG,PACIFIC
67362,68430,Split,Knights,NRG,Knights,Knights,1615,NRG,1034,10,2,3,3,0,0,NRG,PACIFIC
67363,68432,Haven,The Guard,Akrew,The Guard,The Guard,6675,Akrew,6461,5,7,6,5,0,0,The Guard,PACIFIC
67363,68433,Ascent,Akrew,The Guard,Akrew,The Guard,6675,Akrew,6461,7,5,2,6,0,0,The Guard,PACIFIC
67364,68435,Ascent,Rise,NRG,Rise,Rise,637,NRG,1034,10,2,1,3,0,0,NRG,PACIFIC
67364,68436,Breeze,NRG,Rise,NRG,Rise,637,NRG,1034,3,9,4,0,0,0,NRG,PACIFIC
68578,69471,Ascent,Decider,Rise,Team Suits Gaming,Rise,637,Team Suits Gaming,7798,12,0,0,1,0,0,Rise,PACIFIC
68578,69472,Bind,Decider,Team Suits Gaming,Rise,Rise,637,Team Suits Gaming,7798,2,10,3,0,0,0,Rise,PACIFIC
68579,69474,Haven,Decider,303 Esports,Free Fall,303 Esports,2139,Free Fall,7704,3,9,4,4,0,0,Free Fall,PACIFIC
68579,69475,Split,Decider,Free Fall,303 Esports,303 Esports,2139,Free Fall,7704,10,2,8,3,0,0,Free Fall,PACIFIC
68580,69477,Haven,Decider,Elysium,Vx,Elysium,6419,Vx,8051,11,1,3,2,0,0,Elysium,PACIFIC
68580,69478,Ascent,Decider,Vx,Elysium,Elysium,6419,Vx,8051,4,8,5,3,0,0,Elysium,PACIFIC
68581,69480,Bind,Decider,Reformed,Goofy Gremlins,Reformed,8052,Goofy Gremlins,7715,7,5,1,6,0,0,Reformed,PACIFIC
68581,69481,Ascent,Decider,Goofy Gremlins,Reformed,Reformed,8052,Goofy Gremlins,7715,3,9,4,1,0,0,Reformed,PACIFIC
68582,69483,Breeze,Decider,Bababooey,Radiance,Radiance,6164,Bababooey,7834,0,12,1,2,0,0,Radiance,PACIFIC
68582,69484,Fracture,Decider,Radiance,Bababooey,Radiance,6164,Bababooey,7834,9,3,1,4,0,0,Radiance,PACIFIC
68583,69486,Ascent,Decider,Last Resistance,Aspyre x Swarm,Aspyre x Swarm,12836,Last Resistance,5810,6,6,7,5,0,0,Aspyre x Swarm,PACIFIC
68583,69487,Split,Decider,Aspyre x Swarm,Last Resistance,Aspyre x Swarm,12836,Last Resistance,5810,9,3,0,4,0,0,Aspyre x Swarm,PACIFIC
68584,69489,Haven,Decider,Zero MarksMen Black,Nameless Esports,Zero MarksMen Black,5832,Nameless Esports,7522,10,2,0,3,0,0,Zero MarksMen Black,PACIFIC
68584,69490,Ascent,Decider,Zero MarksMen Black,Nameless Esports,Zero MarksMen Black,5832,Nameless Esports,7522,9,3,1,4,0,0,Zero MarksMen Black,PACIFIC
68585,69492,Icebox,Decider,24Haven,Team Assent,Team Assent,6429,24Haven,4924,1,11,2,0,0,0,Team Assent,PACIFIC
68585,69493,Breeze,Decider,Team Assent,24Haven,Team Assent,6429,24Haven,4924,5,7,1,8,0,0,Team Assent,PACIFIC
68586,69495,Icebox,Decider,ExiLe Gaming,T1,T1,14,ExiLe Gaming,6427,5,7,6,4,0,0,T1,PACIFIC
68586,69496,Haven,Decider,T1,ExiLe Gaming,T1,14,ExiLe Gaming,6427,6,6,2,7,0,0,T1,PACIFIC
68588,69501,Bind,Decider,VIRTUOSO,Asian Ravioli,VIRTUOSO,2348,Asian Ravioli,7860,9,3,0,4,0,0,VIRTUOSO,PACIFIC
68588,69502,Breeze,Decider,Asian Ravioli,VIRTUOSO,VIRTUOSO,2348,Asian Ravioli,7860,2,10,3,4,0,0,VIRTUOSO,PACIFIC
68589,69504,Ascent,Decider,United Nerds,SHOWRUNNERS,SHOWRUNNERS,7329,United Nerds,8053,6,6,7,3,0,0,SHOWRUNNERS,PACIFIC
68589,69505,Haven,Decider,SHOWRUNNERS,United Nerds,SHOWRUNNERS,7329,United Nerds,8053,7,5,5,6,0,0,SHOWRUNNERS,PACIFIC
68590,69507,Breeze,Decider,Luminosity,Scooby Gang,Luminosity,642,Scooby Gang,8054,10,2,0,3,0,0,Luminosity,PACIFIC
68590,69508,Bind,Decider,Scooby Gang,Luminosity,Luminosity,642,Scooby Gang,8054,1,11,2,0,0,0,Luminosity,PACIFIC
68591,69510,Bind,Decider,L DaNce(Zero MarksMen Silver),EDO TENSEI,L DaNce(Zero MarksMen Silver),6904,EDO TENSEI,7716,0,4,8,0,0,0,EDO TENSEI,PACIFIC
68591,69511,Split,Decider,EDO TENSEI,L DaNce(Zero MarksMen Silver),L DaNce(Zero MarksMen Silver),6904,EDO TENSEI,7716,7,0,0,6,0,0,EDO TENSEI,PACIFIC
68591,69512,Icebox,Decider,EDO TENSEI,L DaNce(Zero MarksMen Silver),L DaNce(Zero MarksMen Silver),6904,EDO TENSEI,7716,4,0,0,4,0,0,EDO TENSEI,PACIFIC
68592,69513,Ascent,Decider,BRICKEDUP,Kowareta,Kowareta,5482,BRICKEDUP,8055,1,11,2,0,0,0,Kowareta,PACIFIC
68592,69514,Haven,Decider,Kowareta,BRICKEDUP,Kowareta,5482,BRICKEDUP,8055,11,1,2,2,0,0,Kowareta,PACIFIC
68593,69516,Icebox,Decider,Archons,Actually Homeless,Actually Homeless,6418,Archons,1654,5,7,6,2,0,0,Actually Homeless,PACIFIC
68593,69517,Breeze,Decider,Actually Homeless,Archons,Actually Homeless,6418,Archons,1654,6,6,7,5,0,0,Archons,PACIFIC
68593,69518,Ascent,Decider,Actually Homeless,Archons,Actually Homeless,6418,Archons,1654,7,5,8,2,0,0,Archons,PACIFIC
68594,69519,Fracture,Decider,Omni Performance SD,TSM,TSM,106,Omni Performance SD,8056,2,10,3,0,0,0,TSM,PACIFIC
68594,69520,Breeze,Decider,TSM,Omni Performance SD,TSM,106,Omni Performance SD,8056,10,2,0,3,0,0,TSM,PACIFIC
68595,69522,Haven,Decider,Thanos Mug Academy,Shopify Rebellion GC,Shopify Rebellion GC,4837,Thanos Mug Academy,7839,9,3,1,4,0,0,Thanos Mug Academy,PACIFIC
68595,69523,Breeze,Decider,Thanos Mug Academy,Shopify Rebellion GC,Shopify Rebellion GC,4837,Thanos Mug Academy,7839,2,10,3,2,0,0,Shopify Rebellion GC,PACIFIC
68595,69524,Split,Decider,Thanos Mug Academy,Shopify Rebellion GC,Shopify Rebellion GC,4837,Thanos Mug Academy,7839,8,4,7,5,0,0,Thanos Mug Academy,PACIFIC
68596,69525,Icebox,Decider,Third Impact,Eros,Third Impact,4455,Eros,4648,7,5,0,6,0,0,Third Impact,PACIFIC
68596,69526,Haven,Decider,Eros,Third Impact,Third Impact,4455,Eros,4648,5,7,6,3,0,0,Third Impact,PACIFIC
68597,69528,Haven,Decider,Runaway,GunsForHire,GunsForHire,6653,Runaway,8057,5,7,6,2,0,0,GunsForHire,PACIFIC
68597,69529,Icebox,Decider,GunsForHire,Runaway,GunsForHire,6653,Runaway,8057,9,3,3,4,0,0,GunsForHire,PACIFIC
68598,69531,Ascent,Decider,FaZe Clan,Team AIYA,FaZe Clan,337,Team AIYA,7841,11,1,0,2,0,0,FaZe Clan,PACIFIC
68598,69532,Haven,Decider,FaZe Clan,Team AIYA,FaZe Clan,337,Team AIYA,7841,10,2,1,3,0,0,FaZe Clan,PACIFIC
68599,69534,Ascent,Decider,UnitedERA,Roulette,UnitedERA,7053,Roulette,6125,11,1,0,2,0,0,UnitedERA,PACIFIC
68599,69535,Breeze,Decider,Roulette,UnitedERA,UnitedERA,7053,Roulette,6125,2,10,3,5,0,0,UnitedERA,PACIFIC
68600,69537,Split,Decider,5 of a Kind,Ghost Gaming,Ghost Gaming,2291,5 of a Kind,7816,0,12,1,2,0,0,Ghost Gaming,PACIFIC
68600,69538,Ascent,Decider,Ghost Gaming,5 of a Kind,Ghost Gaming,2291,5 of a Kind,7816,12,0,0,1,0,0,Ghost Gaming,PACIFIC
68601,69540,Haven,Decider,CLG Red,Up Next,Up Next,6782,CLG Red,3545,4,8,5,2,0,0,Up Next,PACIFIC
68601,69541,Ascent,Decider,Up Next,CLG Red,Up Next,6782,CLG Red,3545,4,8,5,3,0,0,CLG Red,PACIFIC
68601,69542,Icebox,Decider,Up Next,CLG Red,Up Next,6782,CLG Red,3545,6,6,6,6,3,5,CLG Red,PACIFIC
68602,69543,Breeze,Decider,Nocturnals,Bait Academy,Bait Academy,5444,Nocturnals,7838,2,10,3,0,0,0,Bait Academy,PACIFIC
68602,69544,Split,Decider,Bait Academy,Nocturnals,Bait Academy,5444,Nocturnals,7838,7,5,1,6,0,0,Bait Academy,PACIFIC
68603,69546,Breeze,Decider,Able Esports,Carpe Noctem,Carpe Noctem,5213,Able Esports,1669,8,4,4,5,0,0,Able Esports,PACIFIC
68603,69547,Haven,Decider,Able Esports,Carpe Noctem,Carpe Noctem,5213,Able Esports,1669,7,5,6,6,0,0,Able Esports,PACIFIC
68604,69549,Breeze,Decider,Pack a Punch,Agoge Gaming,Pack a Punch,7966,Agoge Gaming,2937,10,2,0,3,0,0,Pack a Punch,PACIFIC
68604,69550,Icebox,Decider,Pack a Punch,Agoge Gaming,Pack a Punch,7966,Agoge Gaming,2937,9,3,0,4,0,0,Pack a Punch,PACIFIC
68605,69552,Haven,Decider,Lenny Time,Jit Lickers,Lenny Time,6045,Jit Lickers,7824,8,4,0,5,0,0,Lenny Time,PACIFIC
68605,69553,Ascent,Decider,Jit Lickers,Lenny Time,Lenny Time,6045,Jit Lickers,7824,5,7,6,2,0,0,Lenny Time,PACIFIC
68606,69555,Bind,Decider,select few,BASILISK,BASILISK,3337,select few,7707,5,7,6,0,0,0,BASILISK,PACIFIC
68606,69556,Breeze,Decider,BASILISK,select few,BASILISK,3337,select few,7707,10,2,9,3,0,0,BASILISK,PACIFIC
68607,69558,Split,Decider,Rated Gaming,1337,1337,14662,Rated Gaming,7049,6,6,7,2,0,0,1337,PACIFIC
68607,69559,Icebox,Decider,1337,Rated Gaming,1337,14662,Rated Gaming,7049,6,6,1,7,0,0,1337,PACIFIC
68608,69561,Icebox,Decider,Evil Geniuses,StarBound,Evil Geniuses,5248,StarBound,8058,8,4,2,5,0,0,Evil Geniuses,PACIFIC
68608,69562,Split,Decider,StarBound,Evil Geniuses,Evil Geniuses,5248,StarBound,8058,7,5,7,5,0,2,Evil Geniuses,PACIFIC
68609,69564,Ascent,Decider,Hyperspace Dark,New Moon,New Moon,7862,Hyperspace Dark,6022,5,7,1,8,0,0,Hyperspace Dark,PACIFIC
68609,69565,Icebox,Decider,New Moon,Hyperspace Dark,New Moon,7862,Hyperspace Dark,6022,8,4,8,4,3,1,New Moon,PACIFIC
68609,69566,Haven,Decider,New Moon,Hyperspace Dark,New Moon,7862,Hyperspace Dark,6022,6,6,7,5,0,0,Hyperspace Dark,PACIFIC
68610,69567,Bind,Decider,Akrew,Moonrise Black,Akrew,6461,Moonrise Black,8059,11,1,0,2,0,0,Akrew,PACIFIC
68610,69568,Haven,Decider,Akrew,Moonrise Black,Akrew,6461,Moonrise Black,8059,9,3,0,4,0,0,Akrew,PACIFIC
68611,69570,Ascent,Decider,Gx,mozzy,Gx,7382,mozzy,7814,1,11,2,7,0,0,mozzy,PACIFIC
68611,69571,Haven,Decider,Gx,mozzy,Gx,7382,mozzy,7814,4,8,5,4,0,0,mozzy,PACIFIC
68612,69573,Haven,Decider,YFP,Explicit,YFP,5038,Explicit,7835,11,1,0,2,0,0,YFP,PACIFIC
68612,69574,Bind,Decider,YFP,Explicit,YFP,5038,Explicit,7835,9,3,0,4,0,0,YFP,PACIFIC
68613,69576,Haven,Decider,Yasei,Moon Raccoons,Moon Raccoons,793,Yasei,7813,3,9,4,3,0,0,Moon Raccoons,PACIFIC
68613,69577,Ascent,Decider,Yasei,Moon Raccoons,Moon Raccoons,793,Yasei,7813,2,10,3,1,0,0,Moon Raccoons,PACIFIC
68614,69579,Breeze,Decider,Complexity,Discord Kittens,Complexity,470,Discord Kittens,7855,8,4,2,5,0,0,Complexity,PACIFIC
68614,69580,Haven,Decider,Complexity,Discord Kittens,Complexity,470,Discord Kittens,7855,6,6,2,7,0,0,Complexity,PACIFIC
68615,69582,Icebox,Decider,Vireo.pro,Clicken Chickens,Vireo.pro,6990,Clicken Chickens,6960,5,7,2,8,0,0,Vireo.pro,PACIFIC
68615,69583,Ascent,Decider,Clicken Chickens,Vireo.pro,Vireo.pro,6990,Clicken Chickens,6960,1,11,2,5,0,0,Vireo.pro,PACIFIC
68616,69585,Breeze,Decider,RIT Orange,SoaR,SoaR,4345,RIT Orange,6866,0,12,1,0,0,0,SoaR,PACIFIC
68616,69586,Icebox,Decider,SoaR,RIT Orange,SoaR,4345,RIT Orange,6866,7,5,0,6,0,0,SoaR,PACIFIC
68617,69588,Haven,Decider,Bear Minimum,Nightblood Gaming,Nightblood Gaming,5601,Bear Minimum,7008,0,12,1,0,0,0,Nightblood Gaming,PACIFIC
68617,69589,Split,Decider,Nightblood Gaming,Bear Minimum,Nightblood Gaming,5601,Bear Minimum,7008,9,3,3,4,0,0,Nightblood Gaming,PACIFIC
68618,69591,Bind,Decider,Team TriVec,Soniqs,Soniqs,2350,Team TriVec,7842,2,10,3,1,0,0,Soniqs,PACIFIC
68618,69592,Split,Decider,Team TriVec,Soniqs,Soniqs,2350,Team TriVec,7842,3,9,4,2,0,0,Soniqs,PACIFIC
68619,69594,Ascent,Decider,Gen.G Black,FYL,FYL,3215,Gen.G Black,4475,7,5,3,6,0,0,Gen.G Black,PACIFIC
68619,69595,Icebox,Decider,FYL,Gen.G Black,FYL,3215,Gen.G Black,4475,7,5,2,6,0,0,FYL,PACIFIC
68619,69596,Haven,Decider,FYL,Gen.G Black,FYL,3215,Gen.G Black,4475,11,1,2,2,0,0,FYL,PACIFIC
68620,69597,Icebox,Decider,IlluZion,Strike X,IlluZion,4529,Strike X,8060,8,4,1,5,0,0,IlluZion,PACIFIC
68620,69598,Breeze,Decider,Strike X,IlluZion,IlluZion,4529,Strike X,8060,8,4,9,3,0,0,IlluZion,PACIFIC
68621,69600,Ascent,Decider,Run it Down,LionHeart,Run it Down,7853,LionHeart,8039,12,0,3,1,0,0,Run it Down,PACIFIC
68621,69601,Haven,Decider,Run it Down,LionHeart,Run it Down,7853,LionHeart,8039,9,3,2,4,0,0,Run it Down,PACIFIC
68622,69603,Haven,Decider,Andbox,Huh,Andbox,856,Huh,8061,12,0,0,1,0,0,Andbox,PACIFIC
68622,69604,Fracture,Decider,Huh,Andbox,Andbox,856,Huh,8061,2,10,3,0,0,0,Andbox,PACIFIC
68623,69606,Fracture,Decider,Neons Ninjas,Cloud9 White,Cloud9 White,1267,Neons Ninjas,7520,3,9,4,1,0,0,Cloud9 White,PACIFIC
68623,69607,Ascent,Decider,Cloud9 White,Neons Ninjas,Cloud9 White,1267,Neons Ninjas,7520,9,3,2,4,0,0,Cloud9 White,PACIFIC
68624,69609,Bind,Decider,DarkZero Esports,James Madison University,DarkZero Esports,4346,James Madison University,7831,8,4,1,5,0,0,DarkZero Esports,PACIFIC
68624,69610,Icebox,Decider,James Madison University,DarkZero Esports,DarkZero Esports,4346,James Madison University,7831,1,11,2,6,0,0,DarkZero Esports,PACIFIC
68625,69612,Haven,Decider,Spectral Purple,Team Rocket,Team Rocket,6146,Spectral Purple,6529,3,9,4,3,0,0,Team Rocket,PACIFIC
68625,69613,Fracture,Decider,Team Rocket,Spectral Purple,Team Rocket,6146,Spectral Purple,6529,10,2,3,3,0,0,Team Rocket,PACIFIC
68626,69615,Ascent,Decider,Tempest Gaming,Knights,Knights,1615,Tempest Gaming,8451,4,8,5,3,0,0,Knights,PACIFIC
68626,69616,Icebox,Decider,Knights,Tempest Gaming,Knights,1615,Tempest Gaming,8451,11,1,1,2,0,0,Knights,PACIFIC
68627,69618,Ascent,Decider,ValorsGG,Zenigma Alpha,ValorsGG,6388,Zenigma Alpha,6879,3,9,4,7,0,0,Zenigma Alpha,PACIFIC
68627,69619,Bind,Decider,Zenigma Alpha,ValorsGG,ValorsGG,6388,Zenigma Alpha,6879,5,7,6,6,0,0,ValorsGG,PACIFIC
68627,69620,Haven,Decider,Zenigma Alpha,ValorsGG,ValorsGG,6388,Zenigma Alpha,6879,7,5,8,2,0,0,ValorsGG,PACIFIC
68628,69621,Haven,Decider,Team Reckaroo,The Chads,Team Reckaroo,3748,The Chads,8062,11,1,2,2,0,0,Team Reckaroo,PACIFIC
68628,69622,Ascent,Decider,The Chads,Team Reckaroo,Team Reckaroo,3748,The Chads,8062,2,10,3,0,0,0,Team Reckaroo,PACIFIC
68629,69624,Icebox,Decider,OMICRON,TRD,OMICRON,8063,TRD,8064,11,1,0,2,0,0,OMICRON,PACIFIC
68629,69625,Ascent,Decider,TRD,OMICRON,OMICRON,8063,TRD,8064,3,9,4,2,0,0,OMICRON,PACIFIC
68630,69627,Bind,Decider,REGEN,Renegades,Renegades,468,REGEN,7866,2,10,3,1,0,0,Renegades,PACIFIC
68630,69628,Breeze,Decider,REGEN,Renegades,Renegades,468,REGEN,7866,0,12,1,2,0,0,Renegades,PACIFIC
68631,69630,Haven,Decider,Acacia,Aspire,Aspire,6783,Acacia,7011,4,8,5,6,0,0,Aspire,PACIFIC
68631,69631,Icebox,Decider,Aspire,Acacia,Aspire,6783,Acacia,7011,10,2,4,3,0,0,Aspire,PACIFIC
68632,69633,Haven,Decider,OneShot Esports,Cosmic Divide,Cosmic Divide,4388,OneShot Esports,7837,4,8,5,3,0,0,Cosmic Divide,PACIFIC
68632,69634,Ascent,Decider,Cosmic Divide,OneShot Esports,Cosmic Divide,4388,OneShot Esports,7837,5,7,6,3,0,0,OneShot Esports,PACIFIC
68632,69635,Breeze,Decider,Cosmic Divide,OneShot Esports,Cosmic Divide,4388,OneShot Esports,7837,10,2,10,2,3,1,Cosmic Divide,PACIFIC
68633,69636,Haven,Decider,Berzerkers,Northern Forces,Berzerkers,7711,Northern Forces,8066,4,8,5,6,0,0,Northern Forces,PACIFIC
68633,69637,Icebox,Decider,Berzerkers,Northern Forces,Berzerkers,7711,Northern Forces,8066,5,7,2,8,0,0,Berzerkers,PACIFIC
68633,69638,Ascent,Decider,Berzerkers,Northern Forces,Berzerkers,7711,Northern Forces,8066,4,8,5,1,0,0,Northern Forces,PACIFIC
68634,69639,Split,Decider,Pioneers,Neebs and Weebs,Pioneers,4940,Neebs and Weebs,7820,11,1,0,2,0,0,Pioneers,PACIFIC
68634,69640,Ascent,Decider,Neebs and Weebs,Pioneers,Pioneers,4940,Neebs and Weebs,7820,3,9,4,0,0,0,Pioneers,PACIFIC
68635,69642,Icebox,Decider,Illumina Blue,Eclectiq,Illumina Blue,6172,Eclectiq,6454,7,5,4,6,0,0,Illumina Blue,PACIFIC
68635,69643,Bind,Decider,Eclectiq,Illumina Blue,Illumina Blue,6172,Eclectiq,6454,5,7,6,6,0,0,Illumina Blue,PACIFIC
68636,69645,Fracture,Decider,Synergy,Zeal,Synergy,4880,Zeal,7815,10,2,1,3,0,0,Synergy,PACIFIC
68636,69646,Ascent,Decider,Zeal,Synergy,Synergy,4880,Zeal,7815,3,9,4,0,0,0,Synergy,PACIFIC
68637,69648,Split,Decider,604,Vexo Esports,Vexo Esports,7822,604,7836,3,9,4,0,0,0,Vexo Esports,PACIFIC
68637,69649,Haven,Decider,Vexo Esports,604,Vexo Esports,7822,604,7836,11,1,0,2,0,0,Vexo Esports,PACIFIC
68638,69651,Split,Decider,Gen.G,Weenie Hut Jr,Gen.G,17,Weenie Hut Jr,8065,10,2,0,3,0,0,Gen.G,PACIFIC
68638,69652,Fracture,Decider,Weenie Hut Jr,Gen.G,Gen.G,17,Weenie Hut Jr,8065,2,10,3,0,0,0,Gen.G,PACIFIC
68639,69654,Haven,Decider,Rose,Valkyrie,Valkyrie,2760,Rose,6991,2,10,3,3,0,0,Valkyrie,PACIFIC
68639,69655,Icebox,Decider,Rose,Valkyrie,Valkyrie,2760,Rose,6991,2,10,3,4,0,0,Valkyrie,PACIFIC
68640,69657,Ascent,Decider,Built By Gamers,Patriots,Built By Gamers,473,Patriots,7821,8,4,0,5,0,0,Built By Gamers,PACIFIC
68640,69658,Split,Decider,Patriots,Built By Gamers,Built By Gamers,473,Patriots,7821,1,11,2,0,0,0,Built By Gamers,PACIFIC
68641,69660,Haven,Decider,afterMath Esports,Green Beans,Green Beans,6019,afterMath Esports,4260,3,9,4,5,0,0,Green Beans,PACIFIC
68641,69661,Ascent,Decider,Green Beans,afterMath Esports,Green Beans,6019,afterMath Esports,4260,7,5,8,0,0,0,afterMath Esports,PACIFIC
68641,69662,Split,Decider,Green Beans,afterMath Esports,Green Beans,6019,afterMath Esports,4260,8,4,8,4,5,3,Green Beans,PACIFIC
68664,69729,Haven,Cloud9 White,Andbox,Cloud9 White,Andbox,856,Cloud9 White,1267,8,4,3,5,0,0,Andbox,PACIFIC
68664,69730,Fracture,Andbox,Cloud9 White,Andbox,Andbox,856,Cloud9 White,1267,3,9,4,3,0,0,Andbox,PACIFIC
68644,69669,Bind,Decider,Aspyre x Swarm,Radiance,Radiance,6164,Aspyre x Swarm,12836,4,8,5,4,0,0,Radiance,PACIFIC
68644,69670,Ascent,Decider,Radiance,Aspyre x Swarm,Radiance,6164,Aspyre x Swarm,12836,4,8,5,7,0,0,Aspyre x Swarm,PACIFIC
68644,69671,Icebox,Decider,Radiance,Aspyre x Swarm,Radiance,6164,Aspyre x Swarm,12836,12,0,1,1,0,0,Radiance,PACIFIC
68659,69714,Split,Decider,Moon Raccoons,YFP,YFP,5038,Moon Raccoons,793,9,3,4,4,0,0,Moon Raccoons,PACIFIC
68659,69715,Ascent,Decider,YFP,Moon Raccoons,YFP,5038,Moon Raccoons,793,3,9,4,3,0,0,Moon Raccoons,PACIFIC
68642,69663,Haven,Decider,Rise,Free Fall,Rise,637,Free Fall,7704,12,0,1,1,0,0,Rise,PACIFIC
68642,69664,Bind,Decider,Free Fall,Rise,Rise,637,Free Fall,7704,2,10,3,2,0,0,Rise,PACIFIC
68643,69666,Bind,Decider,Reformed,Elysium,Elysium,6419,Reformed,8052,6,6,5,7,0,0,Reformed,PACIFIC
68643,70014,Ascent,Decider,Elysium,Reformed,Elysium,6419,Reformed,8052,7,5,8,3,0,0,Reformed,PACIFIC
68645,69672,Icebox,Decider,Team Assent,Zero MarksMen Black,Zero MarksMen Black,5832,Team Assent,6429,0,12,1,6,0,0,Zero MarksMen Black,PACIFIC
68645,69673,Ascent,Decider,Zero MarksMen Black,Team Assent,Zero MarksMen Black,5832,Team Assent,6429,8,4,0,5,0,0,Zero MarksMen Black,PACIFIC
68646,69675,Icebox,Decider,Hugh Jass Construction,T1,T1,14,Hugh Jass Construction,6848,2,10,3,0,0,0,T1,PACIFIC
68646,69676,Breeze,Decider,T1,Hugh Jass Construction,T1,14,Hugh Jass Construction,6848,8,4,4,5,0,0,T1,PACIFIC
68651,69690,Haven,Decider,Third Impact,GunsForHire,Third Impact,4455,GunsForHire,6653,8,4,9,3,0,0,GunsForHire,PACIFIC
68651,69691,Breeze,Decider,GunsForHire,Third Impact,Third Impact,4455,GunsForHire,6653,10,2,0,3,0,0,GunsForHire,PACIFIC
68652,69693,Ascent,Decider,FaZe Clan,UnitedERA,FaZe Clan,337,UnitedERA,7053,11,1,1,2,0,0,FaZe Clan,PACIFIC
68652,69694,Breeze,Decider,FaZe Clan,UnitedERA,FaZe Clan,337,UnitedERA,7053,10,2,1,3,0,0,FaZe Clan,PACIFIC
68654,69699,Icebox,Decider,Able Esports,Bait Academy,Bait Academy,5444,Able Esports,1669,7,5,8,1,0,0,Bait Academy,PACIFIC
68654,69700,Ascent,Decider,Bait Academy,Able Esports,Bait Academy,5444,Able Esports,1669,11,1,3,2,0,0,Bait Academy,PACIFIC
68655,69702,Haven,Decider,Pack a Punch,Lenny Time,Pack a Punch,7966,Lenny Time,6045,5,7,4,8,0,0,Pack a Punch,PACIFIC
68655,69703,Breeze,Decider,Lenny Time,Pack a Punch,Pack a Punch,7966,Lenny Time,6045,1,11,2,1,0,0,Pack a Punch,PACIFIC
68656,69705,Bind,Decider,BASILISK,1337,BASILISK,3337,1337,14662,3,9,4,3,0,0,1337,PACIFIC
68656,69706,Split,Decider,BASILISK,1337,BASILISK,3337,1337,14662,10,2,2,3,0,0,BASILISK,PACIFIC
68656,69707,Icebox,Decider,BASILISK,1337,BASILISK,3337,1337,14662,5,7,2,8,0,0,BASILISK,PACIFIC
68658,69711,Icebox,Decider,Akrew,mozzy,Akrew,6461,mozzy,7814,10,2,1,3,0,0,Akrew,PACIFIC
68658,69712,Bind,Decider,mozzy,Akrew,Akrew,6461,mozzy,7814,1,11,2,0,0,0,Akrew,PACIFIC
68660,69717,Haven,Decider,Vireo.pro,Complexity,Complexity,470,Vireo.pro,6990,4,8,5,3,0,0,Complexity,PACIFIC
68660,69718,Ascent,Decider,Complexity,Vireo.pro,Complexity,470,Vireo.pro,6990,10,2,0,3,0,0,Complexity,PACIFIC
68661,69720,Breeze,Decider,Nightblood Gaming,SoaR,SoaR,4345,Nightblood Gaming,5601,1,11,2,0,0,0,SoaR,PACIFIC
68661,69721,Haven,Decider,SoaR,Nightblood Gaming,SoaR,4345,Nightblood Gaming,5601,12,0,0,1,0,0,SoaR,PACIFIC
68663,69726,Haven,Decider,Run it Down,IlluZion,IlluZion,4529,Run it Down,7853,6,6,7,1,0,0,IlluZion,PACIFIC
68663,69727,Breeze,Decider,IlluZion,Run it Down,IlluZion,4529,Run it Down,7853,6,6,7,5,0,0,Run it Down,PACIFIC
68663,69728,Icebox,Decider,IlluZion,Run it Down,IlluZion,4529,Run it Down,7853,3,9,4,7,0,0,Run it Down,PACIFIC
68665,69732,Haven,Decider,DarkZero Esports,Team Rocket,DarkZero Esports,4346,Team Rocket,6146,8,4,4,5,0,0,DarkZero Esports,PACIFIC
68665,69733,Icebox,Decider,Team Rocket,DarkZero Esports,DarkZero Esports,4346,Team Rocket,6146,10,2,4,3,0,0,Team Rocket,PACIFIC
68665,69734,Ascent,Decider,Team Rocket,DarkZero Esports,DarkZero Esports,4346,Team Rocket,6146,10,2,5,3,0,0,Team Rocket,PACIFIC
68667,69738,Icebox,Decider,Team Reckaroo,OMICRON,Team Reckaroo,3748,OMICRON,8063,5,7,6,5,0,0,OMICRON,PACIFIC
68667,69739,Breeze,Decider,OMICRON,Team Reckaroo,Team Reckaroo,3748,OMICRON,8063,6,6,7,1,0,0,Team Reckaroo,PACIFIC
68667,69740,Haven,Decider,OMICRON,Team Reckaroo,Team Reckaroo,3748,OMICRON,8063,5,7,5,7,2,0,OMICRON,PACIFIC
68668,69741,Haven,Decider,Renegades,Aspire,Renegades,468,Aspire,6783,8,4,0,5,0,0,Renegades,PACIFIC
68668,69742,Icebox,Decider,Renegades,Aspire,Renegades,468,Aspire,6783,8,4,2,5,0,0,Renegades,PACIFIC
68671,69750,Split,Decider,Synergy,Vexo Esports,Synergy,4880,Vexo Esports,7822,4,8,4,8,2,0,Synergy,PACIFIC
68671,69751,Breeze,Decider,Vexo Esports,Synergy,Synergy,4880,Vexo Esports,7822,7,5,8,1,0,0,Synergy,PACIFIC
68672,69753,Breeze,Decider,Gen.G,Valkyrie,Gen.G,17,Valkyrie,2760,8,4,1,5,0,0,Gen.G,PACIFIC
68672,69754,Haven,Decider,Gen.G,Valkyrie,Gen.G,17,Valkyrie,2760,7,5,2,6,0,0,Gen.G,PACIFIC
68647,69678,Ascent,Decider,VIRTUOSO,SHOWRUNNERS,VIRTUOSO,2348,SHOWRUNNERS,7329,10,2,2,3,0,0,VIRTUOSO,PACIFIC
68647,69679,Bind,Decider,SHOWRUNNERS,VIRTUOSO,VIRTUOSO,2348,SHOWRUNNERS,7329,5,7,6,5,0,0,VIRTUOSO,PACIFIC
68670,69747,Icebox,Decider,Pioneers,Illumina Blue,Pioneers,4940,Illumina Blue,6172,10,2,1,3,0,0,Pioneers,PACIFIC
68670,69748,Breeze,Decider,Illumina Blue,Pioneers,Pioneers,4940,Illumina Blue,6172,3,9,4,2,0,0,Pioneers,PACIFIC
68650,69687,Fracture,Decider,Thanos Mug Academy,TSM,TSM,106,Thanos Mug Academy,7839,3,9,4,2,0,0,TSM,PACIFIC
68650,69688,Haven,Decider,TSM,Thanos Mug Academy,TSM,106,Thanos Mug Academy,7839,8,4,2,5,0,0,TSM,PACIFIC
68648,69681,Breeze,Decider,Luminosity,L DaNce(Zero MarksMen Silver),Luminosity,642,L DaNce(Zero MarksMen Silver),6904,10,0,0,3,0,0,Luminosity,PACIFIC
68648,69682,Icebox,Decider,L DaNce(Zero MarksMen Silver),Luminosity,Luminosity,642,L DaNce(Zero MarksMen Silver),6904,0,7,6,0,0,0,Luminosity,PACIFIC
68649,69684,Ascent,Decider,Archons,Kowareta,Kowareta,5482,Archons,1654,7,5,6,6,0,0,Archons,PACIFIC
68649,69685,Breeze,Decider,Kowareta,Archons,Kowareta,5482,Archons,1654,6,6,4,7,0,0,Kowareta,PACIFIC
68649,69686,Split,Decider,Kowareta,Archons,Kowareta,5482,Archons,1654,7,5,8,2,0,0,Archons,PACIFIC
68653,69696,Breeze,Decider,CLG Red,Ghost Gaming,Ghost Gaming,2291,CLG Red,3545,3,9,4,2,0,0,Ghost Gaming,PACIFIC
68653,69697,Icebox,Decider,Ghost Gaming,CLG Red,Ghost Gaming,2291,CLG Red,3545,9,3,0,4,0,0,Ghost Gaming,PACIFIC
68657,69708,Icebox,Decider,Evil Geniuses,Hyperspace Dark,Evil Geniuses,5248,Hyperspace Dark,6022,4,8,0,9,0,0,Evil Geniuses,PACIFIC
68657,69709,Split,Decider,Hyperspace Dark,Evil Geniuses,Evil Geniuses,5248,Hyperspace Dark,6022,4,8,5,1,0,0,Evil Geniuses,PACIFIC
68662,69723,Haven,Decider,FYL,Soniqs,Soniqs,2350,FYL,3215,1,11,2,0,0,0,Soniqs,PACIFIC
68662,69724,Ascent,Decider,FYL,Soniqs,Soniqs,2350,FYL,3215,6,6,7,1,0,0,Soniqs,PACIFIC
68666,69735,Ascent,Decider,ValorsGG,Knights,Knights,1615,ValorsGG,6388,5,7,6,0,0,0,Knights,PACIFIC
68666,69736,Bind,Decider,Knights,ValorsGG,Knights,1615,ValorsGG,6388,9,3,0,4,0,0,Knights,PACIFIC
68669,69744,Haven,Decider,Cosmic Divide,Northern Forces,Cosmic Divide,4388,Northern Forces,8066,3,9,3,9,2,0,Cosmic Divide,PACIFIC
68669,69745,Ascent,Decider,Cosmic Divide,Northern Forces,Cosmic Divide,4388,Northern Forces,8066,7,5,5,6,0,0,Cosmic Divide,PACIFIC
68673,69756,Haven,Decider,Built By Gamers,Green Beans,Built By Gamers,473,Green Beans,6019,5,7,4,8,0,0,Built By Gamers,PACIFIC
68673,69757,Split,Decider,Green Beans,Built By Gamers,Built By Gamers,473,Green Beans,6019,2,10,3,2,0,0,Built By Gamers,PACIFIC
68674,69759,Breeze,Decider,,,Rise,637,Reformed,8052,0,0,0,0,0,0,Draw,PACIFIC
68674,69760,Split,Decider,Reformed,Rise,Rise,637,Reformed,8052,6,6,7,2,0,0,Rise,PACIFIC
68675,69762,Breeze,Decider,Zero MarksMen Black,Radiance,Radiance,6164,Zero MarksMen Black,5832,9,3,9,3,0,2,Radiance,PACIFIC
68675,69763,Icebox,Decider,Radiance,Zero MarksMen Black,Radiance,6164,Zero MarksMen Black,5832,7,5,8,1,0,0,Zero MarksMen Black,PACIFIC
68675,69764,Split,Decider,Radiance,Zero MarksMen Black,Radiance,6164,Zero MarksMen Black,5832,7,5,8,4,0,0,Zero MarksMen Black,PACIFIC
68676,69765,Bind,Decider,T1,VIRTUOSO,T1,14,VIRTUOSO,2348,8,4,9,2,0,0,VIRTUOSO,PACIFIC
68676,69766,Icebox,Decider,VIRTUOSO,T1,T1,14,VIRTUOSO,2348,9,3,4,4,0,0,VIRTUOSO,PACIFIC
68677,69768,Bind,Decider,Luminosity,Archons,Luminosity,642,Archons,1654,11,1,0,2,0,0,Luminosity,PACIFIC
68677,69769,Breeze,Decider,Archons,Luminosity,Luminosity,642,Archons,1654,4,8,5,2,0,0,Luminosity,PACIFIC
68678,69771,Split,Decider,GunsForHire,TSM,TSM,106,GunsForHire,6653,5,7,6,6,0,0,TSM,PACIFIC
68678,69772,Haven,Decider,TSM,GunsForHire,TSM,106,GunsForHire,6653,9,3,1,4,0,0,TSM,PACIFIC
68679,69774,Breeze,Decider,FaZe Clan,Ghost Gaming,FaZe Clan,337,Ghost Gaming,2291,9,3,3,4,0,0,FaZe Clan,PACIFIC
68679,69775,Icebox,Decider,Ghost Gaming,FaZe Clan,FaZe Clan,337,Ghost Gaming,2291,8,4,7,5,0,0,Ghost Gaming,PACIFIC
68679,69776,Haven,Decider,Ghost Gaming,FaZe Clan,FaZe Clan,337,Ghost Gaming,2291,5,7,5,7,3,1,Ghost Gaming,PACIFIC
68680,69777,Breeze,Decider,Bait Academy,Pack a Punch,Bait Academy,5444,Pack a Punch,7966,3,9,4,2,0,0,Pack a Punch,PACIFIC
68680,69778,Fracture,Decider,Pack a Punch,Bait Academy,Bait Academy,5444,Pack a Punch,7966,7,5,6,6,0,0,Pack a Punch,PACIFIC
68681,69780,Split,Decider,Evil Geniuses,BASILISK,BASILISK,3337,Evil Geniuses,5248,9,3,7,4,0,0,Evil Geniuses,PACIFIC
68681,69781,Bind,Decider,BASILISK,Evil Geniuses,BASILISK,3337,Evil Geniuses,5248,4,8,5,0,0,0,Evil Geniuses,PACIFIC
68682,69783,Fracture,Decider,Akrew,Moon Raccoons,Akrew,6461,Moon Raccoons,793,9,3,6,4,0,0,Akrew,PACIFIC
68682,69784,Icebox,Decider,Akrew,Moon Raccoons,Akrew,6461,Moon Raccoons,793,8,4,3,5,0,0,Akrew,PACIFIC
68683,69786,Haven,Decider,SoaR,Complexity,Complexity,470,SoaR,4345,4,8,5,5,0,0,Complexity,PACIFIC
68683,69787,Icebox,Decider,Complexity,SoaR,Complexity,470,SoaR,4345,6,6,7,2,0,0,SoaR,PACIFIC
68683,69788,Split,Decider,Complexity,SoaR,Complexity,470,SoaR,4345,4,8,4,8,0,2,SoaR,PACIFIC
68684,69789,Breeze,Decider,Run it Down,Soniqs,Soniqs,2350,Run it Down,7853,8,4,8,4,3,1,Run it Down,PACIFIC
68684,69790,Split,Decider,Run it Down,Soniqs,Soniqs,2350,Run it Down,7853,4,8,5,1,0,0,Soniqs,PACIFIC
68684,69791,Haven,Decider,Run it Down,Soniqs,Soniqs,2350,Run it Down,7853,3,9,4,0,0,0,Soniqs,PACIFIC
68685,69792,Haven,Decider,Andbox,Team Rocket,Andbox,856,Team Rocket,6146,7,5,0,6,0,0,Andbox,PACIFIC
68685,69793,Breeze,Decider,Team Rocket,Andbox,Andbox,856,Team Rocket,6146,4,8,5,0,0,0,Andbox,PACIFIC
68686,69795,Ascent,Decider,OMICRON,Knights,Knights,1615,OMICRON,8063,2,10,3,1,0,0,Knights,PACIFIC
68686,69796,Icebox,Decider,Knights,OMICRON,Knights,1615,OMICRON,8063,10,2,1,3,0,0,Knights,PACIFIC
68687,69798,Haven,Decider,Renegades,Cosmic Divide,Renegades,468,Cosmic Divide,4388,6,6,4,7,0,0,Renegades,PACIFIC
68687,69799,Icebox,Decider,Renegades,Cosmic Divide,Renegades,468,Cosmic Divide,4388,6,6,7,3,0,0,Cosmic Divide,PACIFIC
68687,69800,Bind,Decider,Cosmic Divide,Renegades,Renegades,468,Cosmic Divide,4388,4,8,4,8,2,0,Cosmic Divide,PACIFIC
68688,69801,Haven,Decider,Pioneers,Synergy,Pioneers,4940,Synergy,4880,8,4,0,5,0,0,Pioneers,PACIFIC
68688,69802,Ascent,Decider,Synergy,Pioneers,Pioneers,4940,Synergy,4880,5,7,6,2,0,0,Pioneers,PACIFIC
68689,69804,Split,Decider,Gen.G,Built By Gamers,Gen.G,17,Built By Gamers,473,5,7,5,7,0,2,Built By Gamers,PACIFIC
68689,69805,Breeze,Decider,Built By Gamers,Gen.G,Gen.G,17,Built By Gamers,473,10,2,8,3,0,0,Built By Gamers,PACIFIC
68693,69816,Bind,Decider,Pack a Punch,Evil Geniuses,Pack a Punch,7966,Evil Geniuses,5248,6,6,7,3,0,0,Evil Geniuses,PACIFIC
68693,69817,Breeze,Decider,Evil Geniuses,Pack a Punch,Pack a Punch,7966,Evil Geniuses,5248,9,3,2,4,0,0,Evil Geniuses,PACIFIC
68705,69852,Icebox,Decider,Archons,T1,T1,14,Archons,1654,2,10,3,0,0,0,T1,PACIFIC
68705,69853,Breeze,Decider,T1,Archons,T1,14,Archons,1654,8,4,8,4,2,0,T1,PACIFIC
68707,69858,Ascent,Decider,BASILISK,Bait Academy,Bait Academy,5444,BASILISK,3337,8,4,8,4,5,3,BASILISK,PACIFIC
68707,69859,Split,Decider,Bait Academy,BASILISK,Bait Academy,5444,BASILISK,3337,6,6,4,7,0,0,Bait Academy,PACIFIC
68707,69860,Breeze,Decider,Bait Academy,BASILISK,Bait Academy,5444,BASILISK,3337,7,5,3,6,0,0,Bait Academy,PACIFIC
68691,69810,Breeze,Decider,VIRTUOSO,Luminosity,VIRTUOSO,2348,Luminosity,642,4,8,5,0,0,0,Luminosity,PACIFIC
68691,69811,Bind,Decider,Luminosity,VIRTUOSO,VIRTUOSO,2348,Luminosity,642,3,9,4,7,0,0,VIRTUOSO,PACIFIC
68691,69812,Icebox,Decider,Luminosity,VIRTUOSO,VIRTUOSO,2348,Luminosity,642,7,5,1,6,0,0,Luminosity,PACIFIC
68711,69870,Breeze,Decider,Gen.G,Synergy,Gen.G,17,Synergy,4880,11,1,3,2,0,0,Gen.G,PACIFIC
68711,69871,Fracture,Decider,Synergy,Gen.G,Gen.G,17,Synergy,4880,4,8,5,2,0,0,Gen.G,PACIFIC
68694,69819,Icebox,Decider,Akrew,SoaR,Akrew,6461,SoaR,4345,5,7,1,8,0,0,Akrew,PACIFIC
68694,69820,Haven,Decider,SoaR,Akrew,Akrew,6461,SoaR,4345,8,4,5,5,0,0,SoaR,PACIFIC
68694,69821,Split,Decider,SoaR,Akrew,Akrew,6461,SoaR,4345,7,5,8,4,0,0,Akrew,PACIFIC
68690,69807,Haven,Decider,Rise,Zero MarksMen Black,Rise,637,Zero MarksMen Black,5832,8,4,8,4,2,0,Rise,PACIFIC
68690,69808,Split,Decider,Zero MarksMen Black,Rise,Rise,637,Zero MarksMen Black,5832,8,4,9,0,0,0,Rise,PACIFIC
68695,69822,Breeze,Decider,Andbox,Soniqs,Soniqs,2350,Andbox,856,4,8,5,7,0,0,Soniqs,PACIFIC
68695,69823,Split,Decider,Andbox,Soniqs,Soniqs,2350,Andbox,856,7,5,8,1,0,0,Soniqs,PACIFIC
68696,69825,Ascent,Decider,Cosmic Divide,Knights,Knights,1615,Cosmic Divide,4388,4,8,5,0,0,0,Knights,PACIFIC
68696,69826,Icebox,Decider,Knights,Cosmic Divide,Knights,1615,Cosmic Divide,4388,8,4,7,5,0,0,Knights,PACIFIC
68697,69828,Split,Decider,Pioneers,Built By Gamers,Pioneers,4940,Built By Gamers,473,7,5,8,4,0,0,Built By Gamers,PACIFIC
68697,69829,Ascent,Decider,Built By Gamers,Pioneers,Pioneers,4940,Built By Gamers,473,2,10,3,2,0,0,Pioneers,PACIFIC
68697,69830,Breeze,Decider,Built By Gamers,Pioneers,Pioneers,4940,Built By Gamers,473,9,3,1,4,0,0,Built By Gamers,PACIFIC
68704,69849,Breeze,Decider,Reformed,Radiance,Reformed,8052,Radiance,6164,7,5,8,2,0,0,Radiance,PACIFIC
68704,69850,Ascent,Decider,Radiance,Reformed,Reformed,8052,Radiance,6164,7,5,5,6,0,0,Radiance,PACIFIC
68708,69861,Haven,Decider,Complexity,Moon Raccoons,Complexity,470,Moon Raccoons,793,11,1,0,2,0,0,Complexity,PACIFIC
68708,69862,Ascent,Decider,Complexity,Moon Raccoons,Complexity,470,Moon Raccoons,793,5,7,6,1,0,0,Moon Raccoons,PACIFIC
68708,69863,Split,Decider,Complexity,Moon Raccoons,Complexity,470,Moon Raccoons,793,10,2,0,3,0,0,Complexity,PACIFIC
68709,69864,Haven,Decider,Run it Down,Team Rocket,Team Rocket,6146,Run it Down,7853,7,5,5,6,0,0,Run it Down,PACIFIC
68709,69865,Breeze,Decider,Team Rocket,Run it Down,Team Rocket,6146,Run it Down,7853,5,7,6,4,0,0,Run it Down,PACIFIC
68710,69867,Haven,Decider,OMICRON,Renegades,Renegades,468,OMICRON,8063,3,9,4,1,0,0,Renegades,PACIFIC
68710,69868,Icebox,Decider,Renegades,OMICRON,Renegades,468,OMICRON,8063,5,7,0,8,0,0,Renegades,PACIFIC
68706,69855,Haven,Decider,FaZe Clan,GunsForHire,FaZe Clan,337,GunsForHire,6653,10,2,5,3,0,0,FaZe Clan,PACIFIC
68706,69856,Icebox,Decider,GunsForHire,FaZe Clan,FaZe Clan,337,GunsForHire,6653,3,9,4,0,0,0,FaZe Clan,PACIFIC
68692,69813,Fracture,TSM,Ghost Gaming,TSM,TSM,106,Ghost Gaming,2291,6,6,7,2,0,0,TSM,PACIFIC
68692,69814,Breeze,Ghost Gaming,Ghost Gaming,TSM,TSM,106,Ghost Gaming,2291,6,6,2,7,0,0,Ghost Gaming,PACIFIC
68692,69815,Ascent,Decider,TSM,Ghost Gaming,TSM,106,Ghost Gaming,2291,7,5,8,1,0,0,Ghost Gaming,PACIFIC
68698,69831,Fracture,Luminosity,Rise,Luminosity,Rise,637,Luminosity,642,6,6,7,4,0,0,Luminosity,PACIFIC
68698,69832,Bind,Rise,Luminosity,Rise,Rise,637,Luminosity,642,4,8,5,1,0,0,Rise,PACIFIC
68698,69833,Split,Decider,Luminosity,Rise,Rise,637,Luminosity,642,7,5,8,2,0,0,Rise,PACIFIC
68699,69834,Breeze,Ghost Gaming,Evil Geniuses,Ghost Gaming,Ghost Gaming,2291,Evil Geniuses,5248,5,7,6,2,0,0,Ghost Gaming,PACIFIC
68699,69835,Ascent,Evil Geniuses,Ghost Gaming,Evil Geniuses,Ghost Gaming,2291,Evil Geniuses,5248,7,5,8,3,0,0,Evil Geniuses,PACIFIC
68699,69836,Haven,Decider,Ghost Gaming,Evil Geniuses,Ghost Gaming,2291,Evil Geniuses,5248,6,6,7,5,0,0,Evil Geniuses,PACIFIC
68700,69837,Ascent,Soniqs,Akrew,Soniqs,Akrew,6461,Soniqs,2350,4,8,5,4,0,0,Soniqs,PACIFIC
68700,69838,Bind,Akrew,Akrew,Soniqs,Akrew,6461,Soniqs,2350,8,4,9,3,0,0,Soniqs,PACIFIC
68701,69840,Ascent,Knights,Built By Gamers,Knights,Knights,1615,Built By Gamers,473,5,7,6,2,0,0,Knights,PACIFIC
68701,69841,Breeze,Built By Gamers,Knights,Built By Gamers,Knights,1615,Built By Gamers,473,3,9,4,0,0,0,Built By Gamers,PACIFIC
68701,69842,Bind,Decider,Knights,Built By Gamers,Knights,1615,Built By Gamers,473,5,7,5,7,4,2,Knights,PACIFIC
68712,69873,Breeze,Decider,Pioneers,Radiance,Pioneers,4940,Radiance,6164,7,5,6,6,0,0,Pioneers,PACIFIC
68712,69874,Ascent,Decider,Radiance,Pioneers,Pioneers,4940,Radiance,6164,6,6,2,7,0,0,Radiance,PACIFIC
68712,69875,Split,Decider,Radiance,Pioneers,Pioneers,4940,Radiance,6164,8,4,8,4,1,3,Pioneers,PACIFIC
68713,69876,Icebox,Decider,Cosmic Divide,T1,Cosmic Divide,4388,T1,14,4,8,5,0,0,0,T1,PACIFIC
68713,69877,Haven,Decider,T1,Cosmic Divide,Cosmic Divide,4388,T1,14,2,10,3,3,0,0,Cosmic Divide,PACIFIC
68713,69878,Bind,Decider,T1,Cosmic Divide,Cosmic Divide,4388,T1,14,5,7,6,2,0,0,Cosmic Divide,PACIFIC
68714,69879,Breeze,FaZe Clan,Andbox,FaZe Clan,Andbox,856,FaZe Clan,337,7,5,1,6,0,0,Andbox,PACIFIC
68714,69880,Fracture,Andbox,FaZe Clan,Andbox,Andbox,856,FaZe Clan,337,8,4,2,5,0,0,FaZe Clan,PACIFIC
68714,69881,Bind,Decider,FaZe Clan,Andbox,Andbox,856,FaZe Clan,337,3,9,4,2,0,0,Andbox,PACIFIC
68715,69883,Icebox,Decider,Bait Academy,SoaR,SoaR,4345,Bait Academy,5444,6,6,5,7,0,0,Bait Academy,PACIFIC
68715,70440,Breeze,Decider,,,SoaR,4345,Bait Academy,5444,0,0,0,0,0,0,Draw,PACIFIC
68716,69885,Haven,Decider,Pack a Punch,Complexity,Pack a Punch,7966,Complexity,470,5,7,2,8,0,0,Pack a Punch,PACIFIC
68716,69886,Ascent,Decider,Complexity,Pack a Punch,Pack a Punch,7966,Complexity,470,9,3,3,4,0,0,Complexity,PACIFIC
68716,69887,Icebox,Decider,Complexity,Pack a Punch,Pack a Punch,7966,Complexity,470,6,6,5,7,0,0,Complexity,PACIFIC
68717,69888,Fracture,TSM,Run it Down,TSM,TSM,106,Run it Down,7853,3,9,4,6,0,0,TSM,PACIFIC
68717,69889,Breeze,Run it Down,Run it Down,TSM,TSM,106,Run it Down,7853,5,7,5,7,2,4,TSM,PACIFIC
68718,69891,Fracture,Decider,VIRTUOSO,Renegades,VIRTUOSO,2348,Renegades,468,3,9,4,3,0,0,Renegades,PACIFIC
68718,69892,Bind,Decider,VIRTUOSO,Renegades,VIRTUOSO,2348,Renegades,468,8,4,2,5,0,0,VIRTUOSO,PACIFIC
68718,69893,Icebox,Decider,Renegades,VIRTUOSO,VIRTUOSO,2348,Renegades,468,8,4,4,5,0,0,Renegades,PACIFIC
68719,69894,Icebox,Decider,Zero MarksMen Black,Gen.G,Zero MarksMen Black,5832,Gen.G,17,4,8,5,7,0,0,Gen.G,PACIFIC
68719,69895,Haven,Decider,Zero MarksMen Black,Gen.G,Zero MarksMen Black,5832,Gen.G,17,6,6,6,6,3,5,Gen.G,PACIFIC
68723,69906,Fracture,Decider,Renegades,Gen.G,Renegades,468,Gen.G,17,5,7,5,7,4,6,Gen.G,PACIFIC
68723,69907,Haven,Decider,Gen.G,Renegades,Renegades,468,Gen.G,17,4,8,5,1,0,0,Renegades,PACIFIC
68723,69908,Split,Decider,Gen.G,Renegades,Renegades,468,Gen.G,17,11,1,11,1,0,2,Renegades,PACIFIC
68702,69843,Ascent,Evil Geniuses,Rise,Evil Geniuses,Rise,637,Evil Geniuses,5248,8,4,3,5,0,0,Rise,PACIFIC
68702,69844,Split,Rise,Evil Geniuses,Rise,Rise,637,Evil Geniuses,5248,4,8,0,9,0,0,Evil Geniuses,PACIFIC
68702,69845,Bind,Decider,Evil Geniuses,Rise,Rise,637,Evil Geniuses,5248,8,4,3,5,0,0,Evil Geniuses,PACIFIC
68721,69900,Haven,Decider,Andbox,Bait Academy,Andbox,856,Bait Academy,5444,6,6,3,7,0,0,Andbox,PACIFIC
68721,69901,Breeze,Decider,Bait Academy,Andbox,Andbox,856,Bait Academy,5444,10,2,2,3,0,0,Bait Academy,PACIFIC
68721,69902,Fracture,Decider,Bait Academy,Andbox,Andbox,856,Bait Academy,5444,4,8,4,8,4,2,Bait Academy,PACIFIC
68722,69903,Split,Decider,Complexity,TSM,Complexity,470,TSM,106,5,7,2,8,0,0,Complexity,PACIFIC
68722,69904,Ascent,Decider,TSM,Complexity,Complexity,470,TSM,106,9,3,6,4,0,0,TSM,PACIFIC
68722,69905,Bind,Decider,TSM,Complexity,Complexity,470,TSM,106,6,6,4,7,0,0,TSM,PACIFIC
68720,69897,Haven,Decider,Pioneers,Cosmic Divide,Pioneers,4940,Cosmic Divide,4388,6,6,7,5,0,0,Cosmic Divide,PACIFIC
68720,69898,Ascent,Decider,Cosmic Divide,Pioneers,Pioneers,4940,Cosmic Divide,4388,4,8,5,1,0,0,Pioneers,PACIFIC
68720,69899,Breeze,Decider,Cosmic Divide,Pioneers,Pioneers,4940,Cosmic Divide,4388,2,10,3,4,0,0,Pioneers,PACIFIC
68724,69909,Haven,Decider,Pioneers,Ghost Gaming,Ghost Gaming,2291,Pioneers,4940,6,6,2,7,0,0,Pioneers,PACIFIC
68724,69910,Ascent,Decider,Ghost Gaming,Pioneers,Ghost Gaming,2291,Pioneers,4940,9,3,1,4,0,0,Ghost Gaming,PACIFIC
68724,69911,Split,Decider,Ghost Gaming,Pioneers,Ghost Gaming,2291,Pioneers,4940,3,9,4,0,0,0,Pioneers,PACIFIC
68725,69912,Haven,Decider,Luminosity,Bait Academy,Luminosity,642,Bait Academy,5444,8,4,7,5,0,0,Luminosity,PACIFIC
68725,69913,Icebox,Decider,Bait Academy,Luminosity,Luminosity,642,Bait Academy,5444,6,6,7,2,0,0,Luminosity,PACIFIC
68727,69918,Haven,Decider,Akrew,Renegades,Akrew,6461,Renegades,468,7,5,5,6,0,0,Akrew,PACIFIC
68727,69919,Icebox,Decider,Renegades,Akrew,Akrew,6461,Renegades,468,4,8,5,6,0,0,Akrew,PACIFIC
68703,69846,Ascent,Decider,Knights,Soniqs,Soniqs,2350,Knights,1615,9,3,8,4,0,0,Knights,PACIFIC
68703,69847,Split,Decider,Knights,Soniqs,Soniqs,2350,Knights,1615,10,2,2,3,0,0,Knights,PACIFIC
68726,69915,Bind,Decider,Built By Gamers,TSM,Built By Gamers,473,TSM,106,6,6,3,7,0,0,Built By Gamers,PACIFIC
68726,69916,Split,Decider,TSM,Built By Gamers,Built By Gamers,473,TSM,106,5,7,6,1,0,0,Built By Gamers,PACIFIC
68728,69921,Split,Pioneers,Luminosity,Pioneers,Pioneers,4940,Luminosity,642,3,9,4,0,0,0,Pioneers,PACIFIC
68728,69922,Icebox,Luminosity,Pioneers,Luminosity,Pioneers,4940,Luminosity,642,5,7,6,4,0,0,Luminosity,PACIFIC
68728,69923,Bind,Decider,Pioneers,Luminosity,Pioneers,4940,Luminosity,642,5,7,6,3,0,0,Luminosity,PACIFIC
68729,69924,Icebox,Akrew,Built By Gamers,Akrew,Built By Gamers,473,Akrew,6461,10,2,0,3,0,0,Built By Gamers,PACIFIC
68729,69925,Split,Built By Gamers,Akrew,Built By Gamers,Built By Gamers,473,Akrew,6461,8,4,8,4,0,2,Built By Gamers,PACIFIC
68730,69927,Breeze,Luminosity,Luminosity,Soniqs,Soniqs,2350,Luminosity,642,7,5,8,3,0,0,Soniqs,PACIFIC
68730,69928,Split,Soniqs,Luminosity,Soniqs,Soniqs,2350,Luminosity,642,10,2,1,3,0,0,Luminosity,PACIFIC
68730,69929,Bind,Decider,Soniqs,Luminosity,Soniqs,2350,Luminosity,642,6,6,7,5,0,0,Luminosity,PACIFIC
68731,69930,Breeze,Built By Gamers,Rise,Built By Gamers,Rise,637,Built By Gamers,473,10,2,5,3,0,0,Rise,PACIFIC
68731,69931,Ascent,Rise,Built By Gamers,Rise,Rise,637,Built By Gamers,473,8,4,3,5,0,0,Built By Gamers,PACIFIC
68731,69932,Haven,Decider,Built By Gamers,Rise,Rise,637,Built By Gamers,473,2,10,3,7,0,0,Rise,PACIFIC
69877,70808,Split,100 Thieves,Cloud9,100 Thieves,Cloud9,188,100 Thieves,120,9,3,7,4,0,0,Cloud9,PACIFIC
69877,70809,Breeze,Cloud9,100 Thieves,Cloud9,Cloud9,188,100 Thieves,120,5,7,6,1,0,0,Cloud9,PACIFIC
69878,70811,Ascent,Knights,Version1,Knights,Version1,2815,Knights,1615,8,4,0,5,0,0,Version1,PACIFIC
69878,70812,Icebox,Version1,Knights,Version1,Version1,2815,Knights,1615,2,10,3,0,0,0,Version1,PACIFIC
69879,70814,Fracture,Sentinels,NRG,Sentinels,Sentinels,2,NRG,1034,9,3,7,4,0,0,NRG,PACIFIC
69879,70815,Haven,NRG,Sentinels,NRG,Sentinels,2,NRG,1034,5,7,4,8,0,0,Sentinels,PACIFIC
69879,70816,Bind,Decider,Sentinels,NRG,Sentinels,2,NRG,1034,11,1,8,2,0,0,Sentinels,PACIFIC
69880,70817,Haven,The Guard,Luminosity,The Guard,The Guard,6675,Luminosity,642,1,11,2,0,0,0,The Guard,PACIFIC
69880,70818,Fracture,Luminosity,The Guard,Luminosity,The Guard,6675,Luminosity,642,4,8,4,8,3,1,The Guard,PACIFIC
69881,70820,Bind,Decider,OpTic Gaming,Rise,OpTic Gaming,8127,Rise,637,5,7,6,5,0,0,Rise,PACIFIC
69881,70821,Haven,Decider,Rise,OpTic Gaming,OpTic Gaming,8127,Rise,637,6,6,7,5,0,0,OpTic Gaming,PACIFIC
69881,70822,Ascent,Decider,Rise,OpTic Gaming,OpTic Gaming,8127,Rise,637,7,5,4,6,0,0,Rise,PACIFIC
69882,70823,Breeze,XSET,Evil Geniuses,XSET,XSET,533,Evil Geniuses,5248,5,7,6,4,0,0,XSET,PACIFIC
69882,70824,Bind,Evil Geniuses,XSET,Evil Geniuses,XSET,533,Evil Geniuses,5248,8,4,3,5,0,0,XSET,PACIFIC
70057,71127,Ascent,Knights,Sentinels,Knights,Knights,1615,Sentinels,2,6,6,6,6,1,3,Knights,PACIFIC
70057,71128,Bind,Sentinels,Knights,Sentinels,Knights,1615,Sentinels,2,3,9,4,2,0,0,Sentinels,PACIFIC
70057,71129,Haven,Decider,Knights,Sentinels,Knights,1615,Sentinels,2,4,8,5,4,0,0,Sentinels,PACIFIC
70058,71130,Bind,Luminosity,Evil Geniuses,Luminosity,Evil Geniuses,5248,Luminosity,642,2,10,3,0,0,0,Luminosity,PACIFIC
70058,71131,Split,Evil Geniuses,Luminosity,Evil Geniuses,Evil Geniuses,5248,Luminosity,642,8,4,9,3,0,0,Evil Geniuses,PACIFIC
70058,71132,Breeze,Decider,Luminosity,Evil Geniuses,Evil Geniuses,5248,Luminosity,642,9,3,9,3,2,0,Luminosity,PACIFIC
70059,71133,Bind,XSET,Cloud9,XSET,XSET,533,Cloud9,188,7,5,8,0,0,0,XSET,PACIFIC
70059,71134,Breeze,Cloud9,XSET,Cloud9,XSET,533,Cloud9,188,5,7,6,2,0,0,Cloud9,PACIFIC
70059,71135,Icebox,Decider,XSET,Cloud9,XSET,533,Cloud9,188,6,6,7,4,0,0,Cloud9,PACIFIC
70060,71136,Breeze,Rise,Rise,Version1,Rise,637,Version1,2815,3,9,4,3,0,0,Version1,PACIFIC
70060,71137,Fracture,Version1,Rise,Version1,Rise,637,Version1,2815,4,8,5,2,0,0,Version1,PACIFIC
70061,71139,Icebox,Decider,OpTic Gaming,NRG,NRG,1034,OpTic Gaming,8127,8,4,3,5,0,0,OpTic Gaming,PACIFIC
70061,71140,Fracture,OpTic Gaming,NRG,OpTic Gaming,NRG,1034,OpTic Gaming,8127,1,11,2,4,0,0,OpTic Gaming,PACIFIC
70063,71142,Haven,The Guard,100 Thieves,The Guard,100 Thieves,120,The Guard,6675,2,10,2,10,0,2,The Guard,PACIFIC
70063,71143,Split,100 Thieves,The Guard,100 Thieves,100 Thieves,120,The Guard,6675,6,6,7,0,0,0,100 Thieves,PACIFIC
70063,71144,Ascent,Decider,The Guard,100 Thieves,100 Thieves,120,The Guard,6675,12,0,0,1,0,0,The Guard,PACIFIC
70064,71145,Haven,Evil Geniuses,Evil Geniuses,Cloud9,Cloud9,188,Evil Geniuses,5248,3,9,4,2,0,0,Cloud9,PACIFIC
70064,71146,Breeze,Cloud9,Evil Geniuses,Cloud9,Cloud9,188,Evil Geniuses,5248,7,5,3,6,0,0,Evil Geniuses,PACIFIC
70064,71147,Ascent,Decider,Evil Geniuses,Cloud9,Cloud9,188,Evil Geniuses,5248,2,10,3,0,0,0,Cloud9,PACIFIC
70065,71148,Ascent,Knights,Rise,Knights,Knights,1615,Rise,637,8,4,9,1,0,0,Knights,PACIFIC
70065,71149,Bind,Rise,Knights,Rise,Knights,1615,Rise,637,8,4,4,5,0,0,Knights,PACIFIC
70066,71151,Bind,Sentinels,OpTic Gaming,Sentinels,Sentinels,2,OpTic Gaming,8127,10,2,0,3,0,0,OpTic Gaming,PACIFIC
70066,71152,Fracture,OpTic Gaming,Sentinels,OpTic Gaming,Sentinels,2,OpTic Gaming,8127,8,4,6,5,0,0,Sentinels,PACIFIC
70066,71153,Icebox,Decider,Sentinels,OpTic Gaming,Sentinels,2,OpTic Gaming,8127,5,7,6,4,0,0,OpTic Gaming,PACIFIC
70067,71154,Haven,The Guard,The Guard,XSET,The Guard,6675,XSET,533,8,4,3,5,0,0,The Guard,PACIFIC
70067,71155,Bind,XSET,The Guard,XSET,The Guard,6675,XSET,533,7,5,8,4,0,0,XSET,PACIFIC
70067,71156,Fracture,Decider,The Guard,XSET,The Guard,6675,XSET,533,11,1,2,2,0,0,The Guard,PACIFIC
70068,71157,Split,100 Thieves,Luminosity,100 Thieves,Luminosity,642,100 Thieves,120,8,4,5,5,0,0,Luminosity,PACIFIC
70068,71158,Fracture,Luminosity,100 Thieves,Luminosity,Luminosity,642,100 Thieves,120,7,5,4,6,0,0,100 Thieves,PACIFIC
70068,71159,Breeze,Decider,100 Thieves,Luminosity,Luminosity,642,100 Thieves,120,6,6,6,6,0,2,Luminosity,PACIFIC
70069,71160,Haven,NRG,NRG,Version1,Version1,2815,NRG,1034,6,6,6,6,2,0,NRG,PACIFIC
70069,71161,Fracture,Decider,NRG,Version1,Version1,2815,NRG,1034,3,9,4,8,0,0,Version1,PACIFIC
70069,71162,Icebox,Decider,NRG,Version1,Version1,2815,NRG,1034,6,6,7,5,0,0,Version1,PACIFIC
70070,71163,Haven,Decider,Sentinels,Rise,Rise,637,Sentinels,2,5,7,6,4,0,0,Rise,PACIFIC
70070,71164,Fracture,Sentinels,Rise,Sentinels,Rise,637,Sentinels,2,3,9,4,8,0,0,Sentinels,PACIFIC
70070,71165,Bind,Decider,Rise,Sentinels,Rise,637,Sentinels,2,5,7,6,3,0,0,Sentinels,PACIFIC
70071,71166,Haven,The Guard,Evil Geniuses,The Guard,Evil Geniuses,5248,The Guard,6675,5,7,6,4,0,0,The Guard,PACIFIC
70071,71167,Icebox,Evil Geniuses,The Guard,Evil Geniuses,Evil Geniuses,5248,The Guard,6675,7,5,6,6,0,0,The Guard,PACIFIC
70072,71169,Haven,Luminosity,Luminosity,Cloud9,Luminosity,642,Cloud9,188,1,11,2,2,0,0,Cloud9,PACIFIC
70072,71170,Bind,Cloud9,Cloud9,Luminosity,Luminosity,642,Cloud9,188,7,5,7,5,3,1,Cloud9,PACIFIC
70073,71172,Breeze,NRG,Knights,NRG,NRG,1034,Knights,1615,6,6,0,7,0,0,Knights,PACIFIC
70073,71173,Bind,Knights,NRG,Knights,NRG,1034,Knights,1615,7,5,3,6,0,0,NRG,PACIFIC
70073,71174,Haven,Decider,NRG,Knights,NRG,1034,Knights,1615,5,7,6,0,0,0,Knights,PACIFIC
70074,71175,Breeze,Decider,100 Thieves,XSET,100 Thieves,120,XSET,533,5,7,6,3,0,0,XSET,PACIFIC
70074,71176,Fracture,100 Thieves,XSET,100 Thieves,100 Thieves,120,XSET,533,7,5,8,2,0,0,100 Thieves,PACIFIC
70074,71177,Split,Decider,XSET,100 Thieves,100 Thieves,120,XSET,533,10,2,2,3,0,0,XSET,PACIFIC
70075,71178,Ascent,Version1,OpTic Gaming,Version1,OpTic Gaming,8127,Version1,2815,10,2,0,3,0,0,OpTic Gaming,PACIFIC
70075,71179,Haven,OpTic Gaming,Version1,OpTic Gaming,OpTic Gaming,8127,Version1,2815,7,5,0,6,0,0,Version1,PACIFIC
70075,71180,Icebox,Decider,Version1,OpTic Gaming,OpTic Gaming,8127,Version1,2815,8,4,1,5,0,0,Version1,PACIFIC
70076,71181,Bind,The Guard,Cloud9,The Guard,Cloud9,188,The Guard,6675,4,8,5,3,0,0,The Guard,PACIFIC
70076,71182,Ascent,Cloud9,The Guard,Cloud9,Cloud9,188,The Guard,6675,3,9,4,1,0,0,Cloud9,PACIFIC
70076,71183,Haven,Decider,The Guard,Cloud9,Cloud9,188,The Guard,6675,2,10,3,0,0,0,Cloud9,PACIFIC
70077,71184,Fracture,NRG,Rise,NRG,NRG,1034,Rise,637,6,6,7,1,0,0,NRG,PACIFIC
70077,71185,Haven,Rise,NRG,Rise,NRG,1034,Rise,637,8,4,0,5,0,0,NRG,PACIFIC
70079,71190,Breeze,Evil Geniuses,100 Thieves,Evil Geniuses,100 Thieves,120,Evil Geniuses,5248,6,6,5,7,0,0,100 Thieves,PACIFIC
70079,71191,Haven,100 Thieves,Evil Geniuses,100 Thieves,100 Thieves,120,Evil Geniuses,5248,2,10,2,10,0,2,100 Thieves,PACIFIC
70081,71196,Breeze,XSET,Luminosity,XSET,XSET,533,Luminosity,642,3,9,4,2,0,0,XSET,PACIFIC
70081,71197,Split,Luminosity,XSET,Luminosity,XSET,533,Luminosity,642,7,5,6,6,0,0,XSET,PACIFIC
70078,71187,Ascent,Version1,Sentinels,Version1,Sentinels,2,Version1,2815,4,8,5,0,0,0,Version1,PACIFIC
70078,71188,Haven,Sentinels,Sentinels,Version1,Sentinels,2,Version1,2815,6,6,7,5,0,0,Version1,PACIFIC
70080,71193,Ascent,Knights,OpTic Gaming,Knights,OpTic Gaming,8127,Knights,1615,7,5,1,6,0,0,OpTic Gaming,PACIFIC
70080,71194,Bind,OpTic Gaming,Knights,OpTic Gaming,OpTic Gaming,8127,Knights,1615,3,9,4,4,0,0,OpTic Gaming,PACIFIC
77785,74744,Ascent,Decider,Cloud9,Knights,Cloud9,188,Knights,1615,7,5,7,5,2,0,Cloud9,PACIFIC
77785,74745,Breeze,Cloud9,Knights,Cloud9,Cloud9,188,Knights,1615,7,5,3,6,0,0,Knights,PACIFIC
77785,74746,Haven,Decider,Knights,Cloud9,Cloud9,188,Knights,1615,5,7,6,1,0,0,Cloud9,PACIFIC
77786,74747,Split,XSET,OpTic Gaming,XSET,OpTic Gaming,8127,XSET,533,2,10,3,2,0,0,XSET,PACIFIC
77786,74748,Ascent,OpTic Gaming,XSET,OpTic Gaming,OpTic Gaming,8127,XSET,533,4,8,5,5,0,0,OpTic Gaming,PACIFIC
77786,74749,Bind,Decider,XSET,OpTic Gaming,OpTic Gaming,8127,XSET,533,6,6,7,1,0,0,OpTic Gaming,PACIFIC
77787,74750,Bind,Luminosity,Version1,Luminosity,Version1,2815,Luminosity,642,7,5,8,3,0,0,Luminosity,PACIFIC
77787,74751,Ascent,Version1,Luminosity,Version1,Version1,2815,Luminosity,642,6,6,7,2,0,0,Version1,PACIFIC
77787,74752,Fracture,Decider,Luminosity,Version1,Version1,2815,Luminosity,642,4,8,4,8,3,1,Luminosity,PACIFIC
77788,74753,Bind,Sentinels,Sentinels,The Guard,The Guard,6675,Sentinels,2,4,8,5,2,0,0,The Guard,PACIFIC
77788,74754,Icebox,The Guard,Sentinels,The Guard,The Guard,6675,Sentinels,2,1,11,2,0,0,0,The Guard,PACIFIC
77789,74756,Haven,Decider,OpTic Gaming,Cloud9,Cloud9,188,OpTic Gaming,8127,4,8,4,8,2,0,OpTic Gaming,PACIFIC
77789,74757,Fracture,OpTic Gaming,Cloud9,OpTic Gaming,Cloud9,188,OpTic Gaming,8127,8,4,1,5,0,0,Cloud9,PACIFIC
77789,74758,Ascent,Decider,Cloud9,OpTic Gaming,Cloud9,188,OpTic Gaming,8127,7,5,8,1,0,0,OpTic Gaming,PACIFIC
77790,74760,Icebox,The Guard,Luminosity,The Guard,Luminosity,642,The Guard,6675,3,9,4,2,0,0,The Guard,PACIFIC
77790,75938,Bind,Luminosity,Luminosity,The Guard,Luminosity,642,The Guard,6675,6,6,7,4,0,0,The Guard,PACIFIC
77793,74770,Split,XSET,Knights,XSET,Knights,1615,XSET,533,5,7,6,3,0,0,XSET,PACIFIC
77793,74771,Breeze,Knights,XSET,Knights,Knights,1615,XSET,533,7,5,2,6,0,0,XSET,PACIFIC
77794,74773,Haven,Sentinels,Sentinels,Version1,Version1,2815,Sentinels,2,8,4,3,5,0,0,Sentinels,PACIFIC
77794,74774,Ascent,Version1,Sentinels,Version1,Version1,2815,Sentinels,2,6,6,7,3,0,0,Version1,PACIFIC
77794,74775,Fracture,Decider,Sentinels,Version1,Version1,2815,Sentinels,2,6,6,7,2,0,0,Version1,PACIFIC
77795,74776,Breeze,XSET,Luminosity,XSET,Luminosity,642,XSET,533,4,8,5,1,0,0,XSET,PACIFIC
77795,74778,Ascent,Luminosity,XSET,Luminosity,Luminosity,642,XSET,533,7,5,0,6,0,0,XSET,PACIFIC
77796,74779,Breeze,Cloud9,Cloud9,Version1,Cloud9,188,Version1,2815,6,6,7,4,0,0,Version1,PACIFIC
77796,74780,Ascent,Version1,Cloud9,Version1,Cloud9,188,Version1,2815,7,5,5,6,0,0,Cloud9,PACIFIC
77796,74781,Fracture,Decider,Version1,Cloud9,Cloud9,188,Version1,2815,5,7,6,2,0,0,Cloud9,PACIFIC
77791,74762,Split,The Guard,OpTic Gaming,The Guard,OpTic Gaming,8127,The Guard,6675,6,6,4,7,0,0,OpTic Gaming,PACIFIC
77791,74763,Bind,OpTic Gaming,OpTic Gaming,The Guard,OpTic Gaming,8127,The Guard,6675,8,4,0,5,0,0,OpTic Gaming,PACIFIC
77797,74782,Haven,Cloud9,Cloud9,XSET,XSET,533,Cloud9,188,12,0,4,1,0,0,Cloud9,PACIFIC
77797,74783,Split,XSET,Cloud9,XSET,XSET,533,Cloud9,188,7,5,8,4,0,0,XSET,PACIFIC
77797,74784,Ascent,Decider,Cloud9,XSET,XSET,533,Cloud9,188,10,2,0,3,0,0,Cloud9,PACIFIC
77798,74785,Icebox,The Guard,The Guard,Cloud9,The Guard,6675,Cloud9,188,7,5,7,5,5,3,The Guard,PACIFIC
77798,74786,Haven,Cloud9,The Guard,Cloud9,The Guard,6675,Cloud9,188,8,4,1,5,0,0,The Guard,PACIFIC
77798,74787,Split,The Guard,Cloud9,The Guard,The Guard,6675,Cloud9,188,8,4,9,2,0,0,The Guard,PACIFIC
77792,74765,Ascent,OpTic Gaming,The Guard,OpTic Gaming,OpTic Gaming,8127,The Guard,6675,6,6,7,3,0,0,OpTic Gaming,PACIFIC
77792,74766,Icebox,The Guard,OpTic Gaming,The Guard,OpTic Gaming,8127,The Guard,6675,6,6,7,3,0,0,The Guard,PACIFIC
77792,74767,Breeze,OpTic Gaming,The Guard,OpTic Gaming,OpTic Gaming,8127,The Guard,6675,10,2,0,3,0,0,The Guard,PACIFIC
77792,74768,Split,The Guard,OpTic Gaming,The Guard,OpTic Gaming,8127,The Guard,6675,9,3,4,4,0,0,OpTic Gaming,PACIFIC
77792,74769,Haven,Decider,The Guard,OpTic Gaming,OpTic Gaming,8127,The Guard,6675,4,8,3,9,0,0,The Guard,PACIFIC
43764,53279,Breeze,100 Thieves,Gen.G,100 Thieves,100 Thieves,120,Gen.G,17,5,7,3,8,0,0,Gen.G,PACIFIC
43764,53280,Split,Gen.G,100 Thieves,Gen.G,100 Thieves,120,Gen.G,17,10,2,6,3,0,0,100 Thieves,PACIFIC
43764,53281,Icebox,100 Thieves,Gen.G,100 Thieves,100 Thieves,120,Gen.G,17,3,9,4,1,0,0,100 Thieves,PACIFIC
43765,53282,Haven,XSET,Luminosity,XSET,XSET,533,Luminosity,642,10,2,0,3,0,0,Luminosity,PACIFIC
43765,53283,Ascent,Luminosity,XSET,Luminosity,XSET,533,Luminosity,642,8,4,4,5,0,0,XSET,PACIFIC
43765,53284,Split,XSET,Luminosity,XSET,XSET,533,Luminosity,642,7,5,8,3,0,0,XSET,PACIFIC
43768,53291,Split,XSET,100 Thieves,XSET,100 Thieves,120,XSET,533,5,7,6,4,0,0,XSET,PACIFIC
43768,53292,Breeze,100 Thieves,XSET,100 Thieves,100 Thieves,120,XSET,533,2,10,3,6,0,0,100 Thieves,PACIFIC
43768,53293,Ascent,XSET,100 Thieves,XSET,100 Thieves,120,XSET,533,6,6,3,7,0,0,100 Thieves,PACIFIC
43766,53285,Breeze,FaZe Clan,Rise,FaZe Clan,FaZe Clan,337,Rise,637,3,9,4,5,0,0,FaZe Clan,PACIFIC
43766,53286,Ascent,Rise,FaZe Clan,Rise,FaZe Clan,337,Rise,637,7,5,8,1,0,0,Rise,PACIFIC
43766,53287,Bind,FaZe Clan,Rise,FaZe Clan,FaZe Clan,337,Rise,637,7,5,2,6,0,0,Rise,PACIFIC
43767,53288,Breeze,Version1,Cloud9,Version1,Version1,2815,Cloud9,188,8,4,1,5,0,0,Cloud9,PACIFIC
43767,53289,Icebox,Cloud9,Version1,Cloud9,Version1,2815,Cloud9,188,5,7,6,4,0,0,Cloud9,PACIFIC
43769,53295,Ascent,Rise,Cloud9,Rise,Rise,637,Cloud9,188,5,7,5,7,2,0,Cloud9,PACIFIC
43769,53296,Haven,Cloud9,Rise,Cloud9,Rise,637,Cloud9,188,8,4,0,5,0,0,Rise,PACIFIC
43769,55526,Breeze,Cloud9,Rise,Cloud9,Rise,637,Cloud9,188,5,7,5,7,2,1,Rise,PACIFIC
43772,53305,Haven,Luminosity,Gen.G,Luminosity,Gen.G,17,Luminosity,642,6,6,3,7,0,0,Gen.G,PACIFIC
43772,53306,Split,Gen.G,Luminosity,Gen.G,Gen.G,17,Luminosity,642,4,8,5,5,0,0,Gen.G,PACIFIC
43773,53308,Icebox,Version1,FaZe Clan,Version1,FaZe Clan,337,Version1,2815,3,9,4,7,0,0,Version1,PACIFIC
43773,53309,Breeze,FaZe Clan,Version1,FaZe Clan,FaZe Clan,337,Version1,2815,6,6,4,7,0,0,Version1,PACIFIC
43774,53311,Ascent,Cloud9,Gen.G,Cloud9,Cloud9,188,Gen.G,17,1,11,2,0,0,0,Cloud9,PACIFIC
43774,53312,Split,Gen.G,Cloud9,Gen.G,Cloud9,188,Gen.G,17,7,5,7,5,0,2,Gen.G,PACIFIC
43774,53313,Breeze,Cloud9,Gen.G,Cloud9,Cloud9,188,Gen.G,17,6,6,7,4,0,0,Cloud9,PACIFIC
43775,53314,Bind,XSET,Version1,XSET,XSET,533,Version1,2815,5,7,6,2,0,0,XSET,PACIFIC
43775,53315,Icebox,Version1,XSET,Version1,XSET,533,Version1,2815,9,3,1,4,0,0,XSET,PACIFIC
43770,53297,Breeze,100 Thieves,Rise,100 Thieves,100 Thieves,120,Rise,637,5,7,4,8,0,0,Rise,PACIFIC
43770,53298,Ascent,Rise,100 Thieves,Rise,100 Thieves,120,Rise,637,8,4,6,5,0,0,100 Thieves,PACIFIC
43770,53299,Haven,100 Thieves,Rise,100 Thieves,100 Thieves,120,Rise,637,5,7,4,8,0,0,Rise,PACIFIC
43776,53317,Bind,XSET,Cloud9,XSET,Cloud9,188,XSET,533,7,5,2,6,0,0,Cloud9,PACIFIC
43776,53318,Ascent,Cloud9,XSET,Cloud9,Cloud9,188,XSET,533,5,7,5,7,0,2,Cloud9,PACIFIC
43777,53320,Icebox,100 Thieves,Cloud9,100 Thieves,100 Thieves,120,Cloud9,188,4,8,4,8,0,2,100 Thieves,PACIFIC
43777,53321,Breeze,100 Thieves,100 Thieves,Cloud9,100 Thieves,120,Cloud9,188,4,8,5,1,0,0,Cloud9,PACIFIC
43777,53322,Haven,Cloud9,100 Thieves,Cloud9,100 Thieves,120,Cloud9,188,6,6,7,3,0,0,Cloud9,PACIFIC
43771,53300,Breeze,Cloud9,Rise,Cloud9,Rise,637,Cloud9,188,5,7,6,3,0,0,Cloud9,PACIFIC
43771,53301,Split,Rise,Cloud9,Rise,Rise,637,Cloud9,188,12,0,0,1,0,0,Cloud9,PACIFIC
43771,53302,Bind,Decider,Rise,Cloud9,Rise,637,Cloud9,188,6,6,7,5,0,0,Cloud9,PACIFIC
34948,50203,Ascent,Papara SuperMassive,Acend,Papara SuperMassive,Papara SuperMassive,4567,Acend,3531,5,7,2,8,0,0,Acend,PACIFIC
34948,50204,Bind,Acend,Papara SuperMassive,Acend,Papara SuperMassive,4567,Acend,3531,2,10,3,3,0,0,Acend,PACIFIC
35938,51040,Ascent,G2 Esports,F4Q,G2 Esports,G2 Esports,257,F4Q,1670,1,11,2,4,0,0,G2 Esports,PACIFIC
35938,51041,Bind,F4Q,G2 Esports,F4Q,G2 Esports,257,F4Q,1670,4,8,5,5,0,0,F4Q,PACIFIC
35938,51042,Haven,G2 Esports,F4Q,G2 Esports,G2 Esports,257,F4Q,1670,5,7,6,3,0,0,G2 Esports,PACIFIC
34952,50214,Ascent,100 Thieves,100 Thieves,Liberty,100 Thieves,120,Liberty,581,9,3,0,4,0,0,100 Thieves,PACIFIC
34952,50215,Icebox,Liberty,100 Thieves,Liberty,100 Thieves,120,Liberty,581,8,4,2,5,0,0,100 Thieves,PACIFIC
34947,50199,Haven,Vision Strikers,Paper Rex,Vision Strikers,Vision Strikers,198,Paper Rex,624,4,8,5,5,0,0,Vision Strikers,PACIFIC
34947,50200,Icebox,Paper Rex,Vision Strikers,Paper Rex,Vision Strikers,198,Paper Rex,624,3,9,2,10,0,0,Vision Strikers,PACIFIC
34951,50211,Bind,Gambit Esports,Crazy Raccoon,Gambit Esports,Gambit Esports,682,Crazy Raccoon,277,1,11,2,0,0,0,Gambit Esports,PACIFIC
34951,50212,Icebox,Crazy Raccoon,Gambit Esports,Crazy Raccoon,Gambit Esports,682,Crazy Raccoon,277,11,1,0,2,0,0,Gambit Esports,PACIFIC
34949,50205,Icebox,Keyd Stars,ENVY,Keyd Stars,Keyd Stars,4894,ENVY,427,4,8,4,8,3,1,ENVY,PACIFIC
34949,50206,Bind,ENVY,Keyd Stars,ENVY,Keyd Stars,4894,ENVY,427,5,7,6,4,0,0,ENVY,PACIFIC
34950,50208,Ascent,KRÜ Esports,KRÜ Esports,ZETA DIVISION,KRÜ Esports,2355,ZETA DIVISION,5448,11,1,7,2,0,0,KRÜ Esports,PACIFIC
34950,50209,Split,ZETA DIVISION,KRÜ Esports,ZETA DIVISION,KRÜ Esports,2355,ZETA DIVISION,5448,5,7,6,0,0,0,ZETA DIVISION,PACIFIC
34950,50210,Bind,KRÜ Esports,KRÜ Esports,ZETA DIVISION,KRÜ Esports,2355,ZETA DIVISION,5448,7,5,2,6,0,0,KRÜ Esports,PACIFIC
35939,51043,Split,Sentinels,G2 Esports,Sentinels,Sentinels,2,G2 Esports,257,4,8,5,2,0,0,Sentinels,PACIFIC
35939,51044,Icebox,G2 Esports,Sentinels,G2 Esports,Sentinels,2,G2 Esports,257,4,8,5,4,0,0,G2 Esports,PACIFIC
35939,51045,Haven,Sentinels,Sentinels,G2 Esports,Sentinels,2,G2 Esports,257,11,1,7,2,0,0,Sentinels,PACIFIC
34964,50241,Ascent,Gambit Esports,100 Thieves,Gambit Esports,Gambit Esports,682,100 Thieves,120,5,7,6,0,0,0,Gambit Esports,PACIFIC
34964,50242,Icebox,100 Thieves,100 Thieves,Gambit Esports,Gambit Esports,682,100 Thieves,120,3,9,2,10,0,0,100 Thieves,PACIFIC
34964,50243,Split,Gambit Esports,100 Thieves,Gambit Esports,Gambit Esports,682,100 Thieves,120,9,3,7,4,0,0,100 Thieves,PACIFIC
34961,50232,Icebox,KRÜ Esports,ENVY,KRÜ Esports,ENVY,427,KRÜ Esports,2355,6,6,3,7,0,0,ENVY,PACIFIC
34961,50233,Ascent,ENVY,KRÜ Esports,ENVY,ENVY,427,KRÜ Esports,2355,2,10,3,0,0,0,ENVY,PACIFIC
34958,50223,Haven,Vision Strikers,Vision Strikers,Acend,Vision Strikers,198,Acend,3531,8,4,3,5,0,0,Vision Strikers,PACIFIC
34958,50224,Icebox,Acend,Acend,Vision Strikers,Vision Strikers,198,Acend,3531,5,7,6,4,0,0,Vision Strikers,PACIFIC
35940,51046,Split,F4Q,Sentinels,F4Q,F4Q,1670,Sentinels,2,7,5,4,6,0,0,Sentinels,PACIFIC
35940,51047,Breeze,Sentinels,F4Q,Sentinels,F4Q,1670,Sentinels,2,4,8,5,0,0,0,Sentinels,PACIFIC
35941,51049,Bind,F4Q,F4Q,G2 Esports,F4Q,1670,G2 Esports,257,3,9,4,0,0,0,G2 Esports,PACIFIC
35941,51050,Ascent,G2 Esports,F4Q,G2 Esports,F4Q,1670,G2 Esports,257,3,9,4,3,0,0,G2 Esports,PACIFIC
34962,50235,Breeze,Keyd Stars,ZETA DIVISION,Keyd Stars,Keyd Stars,4894,ZETA DIVISION,5448,3,9,4,0,0,0,Keyd Stars,PACIFIC
34962,50236,Split,ZETA DIVISION,Keyd Stars,ZETA DIVISION,Keyd Stars,4894,ZETA DIVISION,5448,10,2,2,3,0,0,Keyd Stars,PACIFIC
34965,50244,Haven,Liberty,Crazy Raccoon,Liberty,Crazy Raccoon,277,Liberty,581,7,5,4,6,0,0,Crazy Raccoon,PACIFIC
34965,50245,Split,Crazy Raccoon,Liberty,Crazy Raccoon,Crazy Raccoon,277,Liberty,581,3,9,4,5,0,0,Crazy Raccoon,PACIFIC
34959,50226,Haven,Papara SuperMassive,Paper Rex,Papara SuperMassive,Paper Rex,624,Papara SuperMassive,4567,5,7,5,7,2,0,Paper Rex,PACIFIC
34959,50227,Breeze,Paper Rex,Papara SuperMassive,Paper Rex,Paper Rex,624,Papara SuperMassive,4567,10,2,0,3,0,0,Papara SuperMassive,PACIFIC
34959,50228,Split,Papara SuperMassive,Paper Rex,Papara SuperMassive,Paper Rex,624,Papara SuperMassive,4567,6,6,7,4,0,0,Papara SuperMassive,PACIFIC
35942,51052,Icebox,G2 Esports,Sentinels,G2 Esports,G2 Esports,257,Sentinels,2,3,9,4,0,0,0,G2 Esports,PACIFIC
35942,51053,Split,Sentinels,G2 Esports,Sentinels,G2 Esports,257,Sentinels,2,8,4,7,5,0,0,G2 Esports,PACIFIC
34963,50238,Split,Keyd Stars,KRÜ Esports,Keyd Stars,KRÜ Esports,2355,Keyd Stars,4894,7,5,6,6,0,0,KRÜ Esports,PACIFIC
34963,50239,Haven,KRÜ Esports,Keyd Stars,KRÜ Esports,KRÜ Esports,2355,Keyd Stars,4894,8,4,9,3,0,0,KRÜ Esports,PACIFIC
34960,50229,Ascent,Papara SuperMassive,Acend,Papara SuperMassive,Acend,3531,Papara SuperMassive,4567,5,7,6,1,0,0,Papara SuperMassive,PACIFIC
34960,50230,Bind,Acend,Acend,Papara SuperMassive,Acend,3531,Papara SuperMassive,4567,9,3,4,4,0,0,Acend,PACIFIC
34960,50231,Split,Papara SuperMassive,Acend,Papara SuperMassive,Acend,3531,Papara SuperMassive,4567,6,6,4,7,0,0,Acend,PACIFIC
34966,50248,Icebox,Crazy Raccoon,Gambit Esports,Crazy Raccoon,Gambit Esports,682,Crazy Raccoon,277,4,8,4,8,2,0,Gambit Esports,PACIFIC
34966,50249,Ascent,Gambit Esports,Crazy Raccoon,Gambit Esports,Gambit Esports,682,Crazy Raccoon,277,7,5,8,1,0,0,Gambit Esports,PACIFIC
35943,51055,Breeze,Sentinels,F4Q,Sentinels,Sentinels,2,F4Q,1670,2,10,3,1,0,0,Sentinels,PACIFIC
35943,51056,Split,F4Q,Sentinels,F4Q,Sentinels,2,F4Q,1670,7,5,8,2,0,0,F4Q,PACIFIC
35943,51057,Haven,Sentinels,F4Q,Sentinels,Sentinels,2,F4Q,1670,2,10,3,2,0,0,Sentinels,PACIFIC
34975,50265,Bind,Vision Strikers,Vision Strikers,Gambit Esports,Vision Strikers,198,Gambit Esports,682,2,10,3,0,0,0,Gambit Esports,PACIFIC
34975,50266,Split,Gambit Esports,Vision Strikers,Gambit Esports,Vision Strikers,198,Gambit Esports,682,8,4,3,5,0,0,Vision Strikers,PACIFIC
34975,50267,Icebox,Vision Strikers,Vision Strikers,Gambit Esports,Vision Strikers,198,Gambit Esports,682,4,8,5,4,0,0,Gambit Esports,PACIFIC
34976,50269,Haven,KRÜ Esports,G2 Esports,KRÜ Esports,G2 Esports,257,KRÜ Esports,2355,7,5,2,6,0,0,G2 Esports,PACIFIC
34976,50270,Icebox,G2 Esports,KRÜ Esports,G2 Esports,G2 Esports,257,KRÜ Esports,2355,5,7,6,4,0,0,G2 Esports,PACIFIC
34973,50259,Ascent,100 Thieves,100 Thieves,Acend,100 Thieves,120,Acend,3531,6,6,7,3,0,0,Acend,PACIFIC
34973,50260,Haven,Acend,100 Thieves,Acend,100 Thieves,120,Acend,3531,8,4,4,5,0,0,100 Thieves,PACIFIC
34973,50261,Breeze,100 Thieves,100 Thieves,Acend,100 Thieves,120,Acend,3531,4,8,4,8,2,0,100 Thieves,PACIFIC
34974,50262,Haven,ENVY,Sentinels,ENVY,ENVY,427,Sentinels,2,3,9,3,9,1,3,ENVY,PACIFIC
34974,50263,Split,Sentinels,ENVY,Sentinels,ENVY,427,Sentinels,2,7,5,2,6,0,0,ENVY,PACIFIC
34977,50271,Breeze,Gambit Esports,Gambit Esports,G2 Esports,Gambit Esports,682,G2 Esports,257,7,5,5,6,0,0,Gambit Esports,PACIFIC
34977,50272,Icebox,G2 Esports,G2 Esports,Gambit Esports,Gambit Esports,682,G2 Esports,257,0,12,1,0,0,0,Gambit Esports,PACIFIC
34978,50274,Haven,ENVY,100 Thieves,ENVY,100 Thieves,120,ENVY,427,3,9,4,2,0,0,ENVY,PACIFIC
34978,50275,Ascent,100 Thieves,ENVY,100 Thieves,100 Thieves,120,ENVY,427,7,5,3,6,0,0,ENVY,PACIFIC
34979,50277,Bind,Gambit Esports,ENVY,Gambit Esports,ENVY,427,Gambit Esports,682,7,5,7,5,1,3,Gambit Esports,PACIFIC
34979,50278,Haven,ENVY,Gambit Esports,ENVY,ENVY,427,Gambit Esports,682,4,8,3,9,0,0,Gambit Esports,PACIFIC
34979,50279,Split,Gambit Esports,ENVY,Gambit Esports,ENVY,427,Gambit Esports,682,6,6,7,3,0,0,Gambit Esports,PACIFIC
29391,46671,Breeze,Sentinels,Sentinels,Rise,Sentinels,2,Rise,637,11,1,2,2,0,0,Sentinels,PACIFIC
29391,46672,Ascent,Rise,Sentinels,Rise,Sentinels,2,Rise,637,6,6,7,1,0,0,Rise,PACIFIC
29391,46673,Bind,Sentinels,Rise,Sentinels,Sentinels,2,Rise,637,2,10,3,2,0,0,Sentinels,PACIFIC
29392,46674,Haven,ENVY,TSM,ENVY,ENVY,427,TSM,106,5,7,6,2,0,0,ENVY,PACIFIC
29392,46675,Breeze,TSM,ENVY,TSM,ENVY,427,TSM,106,2,10,3,9,0,0,TSM,PACIFIC
29392,46676,Ascent,ENVY,TSM,ENVY,ENVY,427,TSM,106,5,7,6,3,0,0,ENVY,PACIFIC
29393,46677,Haven,100 Thieves,FaZe Clan,100 Thieves,100 Thieves,120,FaZe Clan,337,5,7,6,1,0,0,100 Thieves,PACIFIC
29393,46678,Breeze,FaZe Clan,100 Thieves,FaZe Clan,100 Thieves,120,FaZe Clan,337,9,3,6,4,0,0,100 Thieves,PACIFIC
29394,46680,Haven,XSET,Luminosity,XSET,XSET,533,Luminosity,642,3,9,4,3,0,0,XSET,PACIFIC
29394,46681,Split,Luminosity,XSET,Luminosity,XSET,533,Luminosity,642,7,5,0,6,0,0,XSET,PACIFIC
29395,46683,Icebox,Sentinels,ENVY,Sentinels,Sentinels,2,ENVY,427,6,6,7,5,0,0,Sentinels,PACIFIC
29395,46684,Haven,ENVY,Sentinels,ENVY,Sentinels,2,ENVY,427,7,5,6,6,0,0,Sentinels,PACIFIC
29396,46686,Haven,XSET,100 Thieves,XSET,100 Thieves,120,XSET,533,3,9,2,10,0,0,100 Thieves,PACIFIC
29396,46687,Ascent,100 Thieves,XSET,100 Thieves,100 Thieves,120,XSET,533,4,8,5,7,0,0,100 Thieves,PACIFIC
29399,46697,Split,TSM,TSM,Rise,Rise,637,TSM,106,8,4,6,5,0,0,TSM,PACIFIC
29399,46698,Haven,Rise,TSM,Rise,Rise,637,TSM,106,6,6,7,0,0,0,Rise,PACIFIC
29399,46699,Breeze,TSM,Rise,TSM,Rise,637,TSM,106,7,5,0,6,0,0,Rise,PACIFIC
29400,46700,Ascent,FaZe Clan,Luminosity,FaZe Clan,FaZe Clan,337,Luminosity,642,8,4,4,5,0,0,Luminosity,PACIFIC
29400,46701,Split,Luminosity,FaZe Clan,Luminosity,FaZe Clan,337,Luminosity,642,8,4,2,5,0,0,FaZe Clan,PACIFIC
29400,46702,Bind,FaZe Clan,Luminosity,FaZe Clan,FaZe Clan,337,Luminosity,642,5,7,6,4,0,0,FaZe Clan,PACIFIC
29402,46706,Haven,ENVY,FaZe Clan,ENVY,ENVY,427,FaZe Clan,337,5,7,5,7,2,0,FaZe Clan,PACIFIC
29402,46707,Bind,FaZe Clan,ENVY,FaZe Clan,ENVY,427,FaZe Clan,337,9,3,7,4,0,0,ENVY,PACIFIC
29402,46708,Ascent,ENVY,FaZe Clan,ENVY,ENVY,427,FaZe Clan,337,4,8,5,4,0,0,ENVY,PACIFIC
29401,46703,Haven,XSET,XSET,Rise,XSET,533,Rise,637,7,5,8,0,0,0,Rise,PACIFIC
29401,46704,Split,Rise,XSET,Rise,XSET,533,Rise,637,7,5,5,6,0,0,XSET,PACIFIC
29401,46705,Ascent,XSET,Rise,XSET,XSET,533,Rise,637,5,7,6,2,0,0,XSET,PACIFIC
29397,46689,Split,Sentinels,Sentinels,100 Thieves,Sentinels,2,100 Thieves,120,11,1,1,2,0,0,Sentinels,PACIFIC
29397,46690,Haven,100 Thieves,Sentinels,100 Thieves,Sentinels,2,100 Thieves,120,6,6,2,7,0,0,Sentinels,PACIFIC
29403,46709,Ascent,XSET,ENVY,XSET,XSET,533,ENVY,427,6,6,5,7,0,0,ENVY,PACIFIC
29403,46710,Haven,ENVY,ENVY,XSET,XSET,533,ENVY,427,9,3,4,4,0,0,ENVY,PACIFIC
29404,46712,Haven,ENVY,100 Thieves,ENVY,100 Thieves,120,ENVY,427,2,10,3,3,0,0,ENVY,PACIFIC
29404,46713,Breeze,100 Thieves,ENVY,100 Thieves,100 Thieves,120,ENVY,427,6,6,7,4,0,0,100 Thieves,PACIFIC
29404,46714,Ascent,ENVY,100 Thieves,ENVY,100 Thieves,120,ENVY,427,7,5,5,6,0,0,100 Thieves,PACIFIC
29404,48136,Icebox,100 Thieves,ENVY,100 Thieves,100 Thieves,120,ENVY,427,8,4,4,5,0,0,ENVY,PACIFIC
29404,48137,Split,Decider,100 Thieves,ENVY,100 Thieves,120,ENVY,427,9,3,2,4,0,0,100 Thieves,PACIFIC
29398,46692,Bind,100 Thieves,Sentinels,100 Thieves,Sentinels,2,100 Thieves,120,8,4,7,5,0,0,Sentinels,PACIFIC
29398,46693,Breeze,Sentinels,100 Thieves,Sentinels,Sentinels,2,100 Thieves,120,5,7,4,8,0,0,100 Thieves,PACIFIC
29398,46694,Haven,100 Thieves,Sentinels,100 Thieves,Sentinels,2,100 Thieves,120,9,3,3,4,0,0,Sentinels,PACIFIC
29398,46695,Split,Sentinels,100 Thieves,Sentinels,Sentinels,2,100 Thieves,120,3,9,4,2,0,0,Sentinels,PACIFIC
28227,45187,Ascent,Decider,pepecool,FaZe Clan,FaZe Clan,337,pepecool,5816,1,11,2,1,0,0,FaZe Clan,PACIFIC
28227,45188,Bind,Decider,FaZe Clan,pepecool,FaZe Clan,337,pepecool,5816,11,1,0,2,0,0,FaZe Clan,PACIFIC
28268,45310,Haven,Decider,Depth Esports,East Hill,East Hill,5239,Depth Esports,5969,8,4,9,2,0,0,East Hill,PACIFIC
28268,45311,Icebox,Decider,Depth Esports,East Hill,East Hill,5239,Depth Esports,5969,9,3,6,4,0,0,Depth Esports,PACIFIC
28268,45312,Ascent,Decider,Depth Esports,East Hill,East Hill,5239,Depth Esports,5969,6,6,7,2,0,0,East Hill,PACIFIC
28270,45316,Bind,Decider,God Given,Foxy,Foxy,4535,God Given,4966,5,7,6,6,0,0,Foxy,PACIFIC
28270,45317,Ascent,Decider,Foxy,God Given,Foxy,4535,God Given,4966,4,8,5,5,0,0,God Given,PACIFIC
28219,45163,Haven,Decider,Soniqs,Method2Madness,Soniqs,2350,Method2Madness,5808,11,1,2,2,0,0,Soniqs,PACIFIC
28219,45164,Bind,Decider,Soniqs,Method2Madness,Soniqs,2350,Method2Madness,5808,10,2,5,3,0,0,Soniqs,PACIFIC
28220,45166,Bind,Decider,Vial,Company 8,Vial,5815,Company 8,4689,8,4,5,5,0,0,Vial,PACIFIC
28220,45167,TBD,Decider,,,Vial,5815,Company 8,4689,0,0,0,0,0,0,Draw,PACIFIC
28221,45169,Split,Decider,Stealth,Fortnite Fraggers,Fortnite Fraggers,4827,Stealth,4977,3,9,4,4,0,0,Fortnite Fraggers,PACIFIC
28221,45170,Haven,Decider,Fortnite Fraggers,Stealth,Fortnite Fraggers,4827,Stealth,4977,8,4,1,5,0,0,Fortnite Fraggers,PACIFIC
28222,45172,Breeze,Decider,OOKERS,WeBareBears,OOKERS,3765,WeBareBears,5809,8,4,6,5,0,0,OOKERS,PACIFIC
28222,45173,Split,Decider,OOKERS,WeBareBears,OOKERS,3765,WeBareBears,5809,6,6,0,7,0,0,OOKERS,PACIFIC
28223,45176,Icebox,Decider,ez5,Last Resistance,ez5,5251,Last Resistance,5810,9,3,8,4,0,0,ez5,PACIFIC
28223,46344,Bind,Decider,,,ez5,5251,Last Resistance,5810,0,0,0,0,0,0,Draw,PACIFIC
28224,45178,Haven,Decider,What's going on,Damn I Love Fwogs,What's going on,5811,Damn I Love Fwogs,5812,9,3,3,4,0,0,What's going on,PACIFIC
28224,45179,Bind,Decider,What's going on,Damn I Love Fwogs,What's going on,5811,Damn I Love Fwogs,5812,8,4,0,5,0,0,What's going on,PACIFIC
28225,45181,Split,Decider,Ghost Gaming,White Lotus,Ghost Gaming,2291,White Lotus,5813,8,4,3,5,0,0,Ghost Gaming,PACIFIC
28225,45182,Haven,Decider,Ghost Gaming,White Lotus,Ghost Gaming,2291,White Lotus,5813,10,2,0,3,0,0,Ghost Gaming,PACIFIC
28226,45184,Haven,Decider,ex-Recon 5,Frag Hunters,ex-Recon 5,4789,Frag Hunters,5814,5,7,2,8,0,0,ex-Recon 5,PACIFIC
28226,45185,Bind,Decider,ex-Recon 5,Frag Hunters,ex-Recon 5,4789,Frag Hunters,5814,2,10,3,4,0,0,Frag Hunters,PACIFIC
28226,45186,Split,Decider,Frag Hunters,ex-Recon 5,ex-Recon 5,4789,Frag Hunters,5814,6,6,6,6,2,0,Frag Hunters,PACIFIC
28228,45190,Ascent,Decider,Reborn,slime slats,slime slats,5817,Reborn,4817,4,8,5,2,0,0,slime slats,PACIFIC
28228,45191,Icebox,Decider,Reborn,slime slats,slime slats,5817,Reborn,4817,2,10,3,3,0,0,slime slats,PACIFIC
28230,45196,Ascent,Decider,Cloud9 White,Evolved Gamers,Cloud9 White,1267,Evolved Gamers,5606,2,10,3,0,0,0,Evolved Gamers,PACIFIC
28230,45197,Bind,Decider,Evolved Gamers,Cloud9 White,Cloud9 White,1267,Evolved Gamers,5606,3,9,4,0,0,0,Cloud9 White,PACIFIC
28230,45198,Haven,Decider,,,Cloud9 White,1267,Evolved Gamers,5606,0,0,0,0,0,0,Draw,PACIFIC
28231,45199,Haven,Decider,Lobster Car,Immortals,Immortals,103,Lobster Car,5819,0,12,1,0,0,0,Immortals,PACIFIC
28231,45200,Icebox,Decider,Lobster Car,Immortals,Immortals,103,Lobster Car,5819,2,10,3,1,0,0,Immortals,PACIFIC
28232,45202,Haven,Decider,UGK Esports,IlluZion,IlluZion,4529,UGK Esports,5820,4,8,5,2,0,0,IlluZion,PACIFIC
28232,45203,Ascent,Decider,IlluZion,UGK Esports,IlluZion,4529,UGK Esports,5820,8,4,2,5,0,0,IlluZion,PACIFIC
28233,45205,Ascent,Decider,MoBuckets,1337,1337,14662,MoBuckets,5487,4,8,5,1,0,0,1337,PACIFIC
28233,45206,Bind,Decider,1337,MoBuckets,1337,14662,MoBuckets,5487,12,0,2,1,0,0,1337,PACIFIC
28234,45208,Ascent,Decider,STREET SHARKS,All Around Savants,All Around Savants,5821,STREET SHARKS,5602,6,6,7,2,0,0,All Around Savants,PACIFIC
28234,45209,Haven,Decider,All Around Savants,STREET SHARKS,All Around Savants,5821,STREET SHARKS,5602,7,5,6,6,0,0,All Around Savants,PACIFIC
28235,45211,Ascent,Decider,PSISTORM,DarkZero Esports,DarkZero Esports,4346,PSISTORM,5822,4,8,5,0,0,0,DarkZero Esports,PACIFIC
28235,45212,Icebox,Decider,DarkZero Esports,PSISTORM,DarkZero Esports,4346,PSISTORM,5822,10,2,4,3,0,0,DarkZero Esports,PACIFIC
28236,45214,Ascent,Decider,FIU,afterMath Esports,afterMath Esports,4260,FIU,4818,9,3,9,3,2,0,FIU,PACIFIC
28236,45215,Bind,Decider,afterMath Esports,FIU,afterMath Esports,4260,FIU,4818,5,7,6,5,0,0,FIU,PACIFIC
28237,45217,Haven,Decider,Big Frames,STORM,Big Frames,5313,STORM,5238,10,2,1,3,0,0,Big Frames,PACIFIC
28237,45218,Ascent,Decider,Big Frames,STORM,Big Frames,5313,STORM,5238,7,5,3,6,0,0,Big Frames,PACIFIC
28238,45220,Icebox,Decider,Last Round Save,Aggie Gaming at UC,Last Round Save,4899,Aggie Gaming at UC,3759,11,1,0,2,0,0,Last Round Save,PACIFIC
28238,45221,Ascent,Decider,Last Round Save,Aggie Gaming at UC,Last Round Save,4899,Aggie Gaming at UC,3759,9,3,1,4,0,0,Last Round Save,PACIFIC
28239,45223,Breeze,Decider,Anime Aimers,Knights,Knights,1615,Anime Aimers,5823,1,11,2,4,0,0,Knights,PACIFIC
28239,45224,Ascent,Decider,Knights,Anime Aimers,Knights,1615,Anime Aimers,5823,9,3,1,4,0,0,Knights,PACIFIC
28240,45226,Bind,Decider,Buffalo,ECAP,ECAP,5909,Buffalo,12724,6,6,5,7,0,0,Buffalo,PACIFIC
28240,45227,Split,Decider,ECAP,Buffalo,ECAP,5909,Buffalo,12724,4,8,4,8,2,0,ECAP,PACIFIC
28240,45228,Ascent,Decider,Buffalo,ECAP,ECAP,5909,Buffalo,12724,3,9,4,3,0,0,ECAP,PACIFIC
28241,45229,Haven,Decider,Zoomers,SoaR,SoaR,4345,Zoomers,5824,3,9,4,2,0,0,SoaR,PACIFIC
28241,45230,Icebox,Decider,SoaR,Zoomers,SoaR,4345,Zoomers,5824,10,2,2,3,0,0,SoaR,PACIFIC
28242,45232,Haven,Decider,Crowd Pleasers,Valkyrie,Valkyrie,2760,Crowd Pleasers,5825,8,4,6,5,0,0,Crowd Pleasers,PACIFIC
28242,45233,Split,Decider,Valkyrie,Crowd Pleasers,Valkyrie,2760,Crowd Pleasers,5825,8,4,4,5,0,0,Valkyrie,PACIFIC
28242,45234,Split,Decider,Valkyrie,Crowd Pleasers,Valkyrie,2760,Crowd Pleasers,5825,8,4,4,5,0,0,Valkyrie,PACIFIC
28243,45235,Haven,Decider,Andbox,Sway eSports,Andbox,856,Sway eSports,11687,10,2,2,3,0,0,Andbox,PACIFIC
28243,45236,Breeze,Decider,Sway eSports,Andbox,Andbox,856,Sway eSports,11687,1,11,2,0,0,0,Andbox,PACIFIC
28244,45238,Breeze,Decider,freelo,Organic Gamers,Organic Gamers,5237,freelo,5826,3,9,4,0,0,0,Organic Gamers,PACIFIC
28245,45241,Icebox,Decider,Zero MarksMen,Bob's Girls,Zero MarksMen,4447,Bob's Girls,5827,9,3,3,4,0,0,Zero MarksMen,PACIFIC
28245,45242,Haven,Decider,Zero MarksMen,Bob's Girls,Zero MarksMen,4447,Bob's Girls,5827,10,2,3,3,0,0,Zero MarksMen,PACIFIC
28246,45244,Haven,Decider,99% Effort,CoT,CoT,4647,99% Effort,5828,4,8,5,2,0,0,CoT,PACIFIC
28246,45245,Icebox,Decider,CoT,99% Effort,CoT,4647,99% Effort,5828,8,4,1,5,0,0,CoT,PACIFIC
28247,45247,Ascent,Decider,Team Mystic,TSM,TSM,106,Team Mystic,5829,1,11,2,0,0,0,TSM,PACIFIC
28247,45248,Haven,Decider,TSM,Team Mystic,TSM,106,Team Mystic,5829,10,2,0,3,0,0,TSM,PACIFIC
28248,45250,Haven,Decider,303 Esports,4 Gorillas and A Monkey,303 Esports,2139,4 Gorillas and A Monkey,5830,11,1,0,2,0,0,303 Esports,PACIFIC
28248,45251,Ascent,Decider,303 Esports,4 Gorillas and A Monkey,303 Esports,2139,4 Gorillas and A Monkey,5830,10,2,0,3,0,0,303 Esports,PACIFIC
28249,45253,Icebox,Decider,Apes Together Strong,Squirtle Squad,Squirtle Squad,4315,Apes Together Strong,4968,1,11,2,0,0,0,Squirtle Squad,PACIFIC
28249,45254,Bind,Decider,Squirtle Squad,Apes Together Strong,Squirtle Squad,4315,Apes Together Strong,4968,10,2,5,3,0,0,Squirtle Squad,PACIFIC
28250,45256,Haven,Decider,Levitate,FLu Esports,Levitate,4845,FLu Esports,5596,9,3,10,2,0,0,FLu Esports,PACIFIC
28250,45257,Ascent,Decider,Levitate,FLu Esports,Levitate,4845,FLu Esports,5596,12,0,0,1,0,0,Levitate,PACIFIC
28250,45258,Split,Decider,FLu Esports,Levitate,Levitate,4845,FLu Esports,5596,7,5,1,6,0,0,FLu Esports,PACIFIC
28251,45259,Icebox,Decider,T1,Spectral Esports Purple,T1,14,Spectral Esports Purple,5436,10,2,0,3,0,0,T1,PACIFIC
28251,45260,Bind,Decider,T1,Spectral Esports Purple,T1,14,Spectral Esports Purple,5436,12,0,0,1,0,0,T1,PACIFIC
28252,45262,Haven,Decider,Taipan Esports,o7,Taipan Esports,4976,o7,2772,8,4,0,5,0,0,Taipan Esports,PACIFIC
28252,45263,Icebox,Decider,Taipan Esports,o7,Taipan Esports,4976,o7,2772,0,12,1,2,0,0,o7,PACIFIC
28252,45264,Ascent,Decider,o7,Taipan Esports,Taipan Esports,4976,o7,2772,4,8,5,1,0,0,Taipan Esports,PACIFIC
28253,45265,Ascent,Decider,Aspyre Entertainment,Bait Academy,Bait Academy,5444,Aspyre Entertainment,5831,4,8,5,3,0,0,Bait Academy,PACIFIC
28253,45266,Split,Decider,Bait Academy,Aspyre Entertainment,Bait Academy,5444,Aspyre Entertainment,5831,6,6,3,7,0,0,Bait Academy,PACIFIC
28254,45268,Bind,Decider,Professional Malders,Synergy,Professional Malders,4658,Synergy,4880,8,4,2,5,0,0,Professional Malders,PACIFIC
28254,45269,Icebox,Decider,Synergy,Professional Malders,Professional Malders,4658,Synergy,4880,4,8,5,3,0,0,Professional Malders,PACIFIC
28255,45271,Bind,Decider,Waifu Warriors,Renegades,Renegades,468,Waifu Warriors,4531,2,10,3,0,0,0,Renegades,PACIFIC
28255,45272,Split,Decider,Renegades,Waifu Warriors,Renegades,468,Waifu Warriors,4531,10,2,0,3,0,0,Renegades,PACIFIC
28256,45274,Split,Decider,Pog Champions,Shopify Rebellion GC,Shopify Rebellion GC,4837,Pog Champions,5911,4,8,5,4,0,0,Shopify Rebellion GC,PACIFIC
28256,45275,Ascent,Decider,Shopify Rebellion GC,Pog Champions,Shopify Rebellion GC,4837,Pog Champions,5911,7,5,1,6,0,0,Shopify Rebellion GC,PACIFIC
28257,45277,Icebox,Decider,YFP,mozzymembas,YFP,5038,mozzymembas,5478,7,5,8,2,0,0,mozzymembas,PACIFIC
28257,45278,Ascent,Decider,YFP,mozzymembas,YFP,5038,mozzymembas,5478,8,4,3,5,0,0,YFP,PACIFIC
28257,45279,Split,Decider,YFP,mozzymembas,YFP,5038,mozzymembas,5478,8,4,5,5,0,0,YFP,PACIFIC
28258,45280,Ascent,Decider,Positive Mental Attitude,FYB,FYB,5595,Positive Mental Attitude,5910,12,0,6,1,0,0,Positive Mental Attitude,PACIFIC
28258,45281,Icebox,Decider,FYB,Positive Mental Attitude,FYB,5595,Positive Mental Attitude,5910,2,10,3,3,0,0,Positive Mental Attitude,PACIFIC
28259,45283,Icebox,Decider,VIRTUOSO,Double Vision,VIRTUOSO,2348,Double Vision,5833,7,5,2,6,0,0,VIRTUOSO,PACIFIC
28259,45284,Breeze,Decider,Double Vision,VIRTUOSO,VIRTUOSO,2348,Double Vision,5833,2,10,3,0,0,0,VIRTUOSO,PACIFIC
28261,45289,Split,Decider,DIVIZE,HalfBliss,DIVIZE,5890,HalfBliss,2588,11,1,4,2,0,0,DIVIZE,PACIFIC
28261,45290,Ascent,Decider,HalfBliss,DIVIZE,DIVIZE,5890,HalfBliss,2588,6,6,7,1,0,0,DIVIZE,PACIFIC
28262,45292,Ascent,Decider,Indiana Syndicate,Down Two Earth,Down Two Earth,4308,Indiana Syndicate,4263,3,9,4,3,0,0,Down Two Earth,PACIFIC
28262,45293,Icebox,Decider,Down Two Earth,Indiana Syndicate,Down Two Earth,4308,Indiana Syndicate,4263,5,7,6,5,0,0,Indiana Syndicate,PACIFIC
28262,45294,Breeze,Decider,Down Two Earth,Indiana Syndicate,Down Two Earth,4308,Indiana Syndicate,4263,8,4,3,5,0,0,Down Two Earth,PACIFIC
28263,45295,Haven,Decider,Hoax,Built By Gamers,Built By Gamers,473,Hoax,5834,1,11,2,0,0,0,Built By Gamers,PACIFIC
28263,45296,Icebox,Decider,Built By Gamers,Hoax,Built By Gamers,473,Hoax,5834,10,2,5,3,0,0,Built By Gamers,PACIFIC
28264,45298,Ascent,Decider,Carpe Noctem,Amogus,Carpe Noctem,5213,Amogus,5835,10,2,0,3,0,0,Carpe Noctem,PACIFIC
28264,45299,Bind,Decider,Carpe Noctem,Amogus,Carpe Noctem,5213,Amogus,5835,11,1,3,2,0,0,Carpe Noctem,PACIFIC
28265,45302,Icebox,Decider,BASILISK,MIRACLE,BASILISK,3337,MIRACLE,4980,11,1,0,2,0,0,BASILISK,PACIFIC
28265,46345,Ascent,Decider,MIRACLE,BASILISK,BASILISK,3337,MIRACLE,4980,6,6,7,0,0,0,BASILISK,PACIFIC
28266,45304,Icebox,Decider,Zelos,HorizonGG,HorizonGG,4692,Zelos,5439,1,11,2,2,0,0,HorizonGG,PACIFIC
28266,45305,Haven,Decider,HorizonGG,Zelos,HorizonGG,4692,Zelos,5439,10,2,4,3,0,0,HorizonGG,PACIFIC
28267,45307,Icebox,Decider,Celestial Violet,Cloud9,Cloud9,188,Celestial Violet,5604,4,8,5,0,0,0,Cloud9,PACIFIC
28267,45308,Ascent,Decider,Cloud9,Celestial Violet,Cloud9,188,Celestial Violet,5604,12,0,0,1,0,0,Cloud9,PACIFIC
28269,45313,Icebox,Decider,Good Fellas,Sussy,Good Fellas,5440,Sussy,5477,9,3,3,4,0,0,Good Fellas,PACIFIC
28269,45314,Ascent,Decider,Sussy,Good Fellas,Good Fellas,5440,Sussy,5477,4,8,5,2,0,0,Good Fellas,PACIFIC
28271,45319,Ascent,Decider,Complexity,Carnos Arks,Complexity,470,Carnos Arks,5211,9,3,0,4,0,0,Complexity,PACIFIC
28271,45320,Icebox,Decider,Complexity,Carnos Arks,Complexity,470,Carnos Arks,5211,9,3,1,4,0,0,Complexity,PACIFIC
28272,45322,Ascent,Decider,Karma,For Fun,Karma,5250,For Fun,5837,9,3,0,4,0,0,Karma,PACIFIC
28272,45323,Icebox,Decider,Karma,For Fun,Karma,5250,For Fun,5837,11,1,5,2,0,0,Karma,PACIFIC
28273,45325,Split,Decider,Team Volpid,Evil Geniuses,Evil Geniuses,5248,Team Volpid,5476,3,9,4,5,0,0,Evil Geniuses,PACIFIC
28273,45326,Ascent,Decider,Evil Geniuses,Team Volpid,Evil Geniuses,5248,Team Volpid,5476,11,1,2,2,0,0,Evil Geniuses,PACIFIC
28274,45328,Icebox,Decider,XTR,Lazarus,Lazarus,5893,XTR,5838,2,10,3,0,0,0,Lazarus,PACIFIC
28274,45329,Ascent,Decider,Lazarus,XTR,Lazarus,5893,XTR,5838,9,3,0,4,0,0,Lazarus,PACIFIC
28275,45331,Icebox,Decider,Spectrum Swing,Luminosity,Luminosity,642,Spectrum Swing,4814,7,5,7,5,0,2,Luminosity,PACIFIC
28275,45332,Split,Decider,Luminosity,Spectrum Swing,Luminosity,642,Spectrum Swing,4814,9,3,3,4,0,0,Luminosity,PACIFIC
28276,45334,Split,Decider,Hysteria,CLG Red,CLG Red,3545,Hysteria,4843,7,5,0,6,0,0,Hysteria,PACIFIC
28276,45335,Ascent,Decider,CLG Red,Hysteria,CLG Red,3545,Hysteria,4843,3,9,4,2,0,0,Hysteria,PACIFIC
28277,45337,Bind,Decider,Fenrir,UYU,Fenrir,4688,UYU,4295,3,9,4,6,0,0,UYU,PACIFIC
28277,45338,Ascent,Decider,Fenrir,UYU,Fenrir,4688,UYU,4295,7,5,2,6,0,0,Fenrir,PACIFIC
28277,45339,Split,Decider,UYU,Fenrir,Fenrir,4688,UYU,4295,2,10,3,2,0,0,Fenrir,PACIFIC
28278,45340,Ascent,Decider,Vale,Time Out,Time Out,5839,Vale,5840,1,11,2,2,0,0,Time Out,PACIFIC
28278,45341,Haven,Decider,Vale,Time Out,Time Out,5839,Vale,5840,0,12,1,8,0,0,Time Out,PACIFIC
28279,45343,Bind,Decider,Magma,NRG,NRG,1034,Magma,5841,2,10,3,2,0,0,NRG,PACIFIC
28279,45344,Ascent,Decider,NRG,Magma,NRG,1034,Magma,5841,8,4,4,5,0,0,NRG,PACIFIC
28281,45349,Haven,Decider,Resonate,Fidelity,Resonate,6422,Fidelity,5842,11,1,0,2,0,0,Resonate,PACIFIC
28281,45350,Breeze,Decider,Resonate,Fidelity,Resonate,6422,Fidelity,5842,9,3,2,4,0,0,Resonate,PACIFIC
28282,45352,Ascent,Decider,Karasuno,Able Esports,Able Esports,1669,Karasuno,4344,3,9,4,0,0,0,Able Esports,PACIFIC
28282,45353,Haven,Decider,Karasuno,Able Esports,Able Esports,1669,Karasuno,4344,6,6,6,6,0,2,Able Esports,PACIFIC
28287,45367,Ascent,Decider,slime slats,FaZe Clan,FaZe Clan,337,slime slats,5817,2,10,3,0,0,0,FaZe Clan,PACIFIC
28287,45368,Haven,Decider,FaZe Clan,slime slats,FaZe Clan,337,slime slats,5817,11,1,0,2,0,0,FaZe Clan,PACIFIC
28297,45397,Bind,Decider,303 Esports,TSM,TSM,106,303 Esports,2139,7,5,7,5,2,4,TSM,PACIFIC
28297,45398,Haven,Decider,TSM,303 Esports,TSM,106,303 Esports,2139,11,1,0,2,0,0,TSM,PACIFIC
28289,45373,Haven,Decider,Immortals,IlluZion,Immortals,103,IlluZion,4529,8,4,3,5,0,0,Immortals,PACIFIC
28289,45374,Breeze,Decider,Immortals,IlluZion,Immortals,103,IlluZion,4529,10,2,0,3,0,0,Immortals,PACIFIC
28284,45358,Haven,Decider,OOKERS,Fortnite Fraggers,Fortnite Fraggers,4827,OOKERS,3765,10,2,4,3,0,0,OOKERS,PACIFIC
28284,45359,Ascent,Decider,Fortnite Fraggers,OOKERS,Fortnite Fraggers,4827,OOKERS,3765,4,8,5,4,0,0,OOKERS,PACIFIC
28285,45362,Haven,Decider,ez5,What's going on,ez5,5251,What's going on,5811,9,3,2,4,0,0,ez5,PACIFIC
28285,45363,Breeze,Decider,What's going on,ez5,ez5,5251,What's going on,5811,1,11,2,6,0,0,ez5,PACIFIC
28301,45409,Haven,Decider,Shopify Rebellion GC,Renegades,Renegades,468,Shopify Rebellion GC,4837,1,11,2,1,0,0,Renegades,PACIFIC
28301,45410,Split,Decider,Renegades,Shopify Rebellion GC,Renegades,468,Shopify Rebellion GC,4837,11,1,0,2,0,0,Renegades,PACIFIC
28298,45400,Ascent,Decider,FLu Esports,Squirtle Squad,Squirtle Squad,4315,FLu Esports,5596,7,5,8,2,0,0,Squirtle Squad,PACIFIC
28298,45401,Haven,Decider,Squirtle Squad,FLu Esports,Squirtle Squad,4315,FLu Esports,5596,12,0,0,1,0,0,Squirtle Squad,PACIFIC
28304,45418,Ascent,Decider,DIVIZE,Down Two Earth,DIVIZE,5890,Down Two Earth,4308,8,4,6,5,0,0,DIVIZE,PACIFIC
28304,45419,Icebox,Decider,Down Two Earth,DIVIZE,DIVIZE,5890,Down Two Earth,4308,9,3,2,4,0,0,Down Two Earth,PACIFIC
28304,45420,Split,Decider,DIVIZE,Down Two Earth,DIVIZE,5890,Down Two Earth,4308,11,1,4,2,0,0,DIVIZE,PACIFIC
28308,45430,Haven,Decider,Good Fellas,God Given,Good Fellas,5440,God Given,4966,9,3,2,4,0,0,Good Fellas,PACIFIC
28308,45431,Ascent,Decider,God Given,Good Fellas,Good Fellas,5440,God Given,4966,2,10,3,0,0,0,Good Fellas,PACIFIC
28283,45355,Icebox,Decider,Soniqs,Vial,Soniqs,2350,Vial,5815,5,7,0,8,0,0,Soniqs,PACIFIC
28283,45356,Haven,Decider,Soniqs,Vial,Soniqs,2350,Vial,5815,11,1,1,2,0,0,Soniqs,PACIFIC
28286,45364,Breeze,Decider,Ghost Gaming,Frag Hunters,Ghost Gaming,2291,Frag Hunters,5814,10,2,3,3,0,0,Ghost Gaming,PACIFIC
28286,45365,Haven,Decider,Ghost Gaming,Frag Hunters,Ghost Gaming,2291,Frag Hunters,5814,11,1,3,2,0,0,Ghost Gaming,PACIFIC
28288,45370,Haven,Decider,Cloud9 White,Brimstone Gaming,Brimstone Gaming,2377,Cloud9 White,1267,7,5,7,5,2,4,Brimstone Gaming,PACIFIC
28288,45371,Icebox,Decider,Brimstone Gaming,Cloud9 White,Brimstone Gaming,2377,Cloud9 White,1267,6,6,6,6,2,4,Cloud9 White,PACIFIC
28288,45372,Split,Decider,Cloud9 White,Brimstone Gaming,Brimstone Gaming,2377,Cloud9 White,1267,2,10,3,8,0,0,Brimstone Gaming,PACIFIC
28290,45376,Bind,Decider,All Around Savants,1337,1337,14662,All Around Savants,5821,8,4,3,5,0,0,All Around Savants,PACIFIC
28290,45377,Icebox,Decider,1337,All Around Savants,1337,14662,All Around Savants,5821,9,3,1,4,0,0,1337,PACIFIC
28290,45378,Ascent,Decider,All Around Savants,1337,1337,14662,All Around Savants,5821,8,4,7,5,0,0,All Around Savants,PACIFIC
28291,45379,Ascent,Decider,FIU,DarkZero Esports,DarkZero Esports,4346,FIU,4818,4,8,5,6,0,0,DarkZero Esports,PACIFIC
28291,45380,Haven,Decider,DarkZero Esports,FIU,DarkZero Esports,4346,FIU,4818,8,4,4,5,0,0,DarkZero Esports,PACIFIC
28292,45382,Ascent,Decider,Last Round Save,Big Frames,Big Frames,5313,Last Round Save,4899,11,1,4,2,0,0,Last Round Save,PACIFIC
28292,45383,Icebox,Decider,Big Frames,Last Round Save,Big Frames,5313,Last Round Save,4899,2,10,3,2,0,0,Last Round Save,PACIFIC
28293,45385,Breeze,Decider,Knights,ECAP,Knights,1615,ECAP,5909,10,2,2,3,0,0,Knights,PACIFIC
28293,45386,Ascent,Decider,Knights,ECAP,Knights,1615,ECAP,5909,8,4,6,5,0,0,Knights,PACIFIC
28294,45388,Bind,Decider,Valkyrie,SoaR,SoaR,4345,Valkyrie,2760,2,10,3,0,0,0,SoaR,PACIFIC
28294,45389,Icebox,Decider,SoaR,Valkyrie,SoaR,4345,Valkyrie,2760,10,2,0,3,0,0,SoaR,PACIFIC
28295,45391,Haven,Decider,Andbox,Organic Gamers,Andbox,856,Organic Gamers,5237,11,1,3,2,0,0,Andbox,PACIFIC
28295,45392,Icebox,Decider,Andbox,Organic Gamers,Andbox,856,Organic Gamers,5237,11,1,0,2,0,0,Andbox,PACIFIC
28296,45394,Icebox,Decider,CoT,Zero MarksMen,Zero MarksMen,4447,CoT,4647,6,6,5,7,0,0,CoT,PACIFIC
28296,45395,Haven,Decider,Zero MarksMen,CoT,Zero MarksMen,4447,CoT,4647,7,5,7,5,2,0,Zero MarksMen,PACIFIC
28296,45396,Ascent,Decider,CoT,Zero MarksMen,Zero MarksMen,4447,CoT,4647,9,3,10,2,0,0,Zero MarksMen,PACIFIC
28299,45403,Icebox,Decider,T1,Taipan Esports,T1,14,Taipan Esports,4976,10,2,1,3,0,0,T1,PACIFIC
28299,46346,Haven,Decider,,,T1,14,Taipan Esports,4976,0,0,0,0,0,0,Draw,PACIFIC
28300,45406,Bind,Decider,Professional Malders,Bait Academy,Bait Academy,5444,Professional Malders,4658,3,9,4,4,0,0,Bait Academy,PACIFIC
28300,45407,Haven,Decider,Bait Academy,Professional Malders,Bait Academy,5444,Professional Malders,4658,9,3,8,4,0,0,Bait Academy,PACIFIC
28302,45412,Split,Decider,Positive Mental Attitude,YFP,YFP,5038,Positive Mental Attitude,5910,6,6,7,1,0,0,YFP,PACIFIC
28302,45413,Ascent,Decider,YFP,Positive Mental Attitude,YFP,5038,Positive Mental Attitude,5910,8,4,1,5,0,0,YFP,PACIFIC
28303,45416,Ascent,Decider,VIRTUOSO,Team Reckaroo,VIRTUOSO,2348,Team Reckaroo,3748,4,8,5,4,0,0,Team Reckaroo,PACIFIC
28303,45417,Breeze,Decider,VIRTUOSO,Team Reckaroo,VIRTUOSO,2348,Team Reckaroo,3748,5,7,4,8,0,0,VIRTUOSO,PACIFIC
28303,46348,Icebox,Decider,,,VIRTUOSO,2348,Team Reckaroo,3748,0,0,0,0,0,0,Draw,PACIFIC
28305,45422,Ascent,Decider,Built By Gamers,Carpe Noctem,Built By Gamers,473,Carpe Noctem,5213,12,0,0,1,0,0,Built By Gamers,PACIFIC
28305,45423,Breeze,Decider,Built By Gamers,Carpe Noctem,Built By Gamers,473,Carpe Noctem,5213,6,6,5,7,0,0,Built By Gamers,PACIFIC
28305,46535,Haven,Decider,,,Built By Gamers,473,Carpe Noctem,5213,0,0,0,0,0,0,Draw,PACIFIC
28306,45424,Ascent,Decider,HorizonGG,BASILISK,BASILISK,3337,HorizonGG,4692,10,2,0,3,0,0,HorizonGG,PACIFIC
28306,45425,Icebox,Decider,BASILISK,HorizonGG,BASILISK,3337,HorizonGG,4692,7,5,3,6,0,0,BASILISK,PACIFIC
28306,45426,Bind,Decider,HorizonGG,BASILISK,BASILISK,3337,HorizonGG,4692,5,7,6,3,0,0,BASILISK,PACIFIC
28307,45427,Icebox,Decider,Cloud9,East Hill,Cloud9,188,East Hill,5239,12,0,1,1,0,0,Cloud9,PACIFIC
28307,45428,Haven,Decider,East Hill,Cloud9,Cloud9,188,East Hill,5239,1,11,2,1,0,0,Cloud9,PACIFIC
28309,45433,Icebox,Decider,Complexity,Karma,Complexity,470,Karma,5250,11,1,0,2,0,0,Complexity,PACIFIC
28309,45434,Ascent,Decider,Karma,Complexity,Complexity,470,Karma,5250,2,10,3,1,0,0,Complexity,PACIFIC
28310,45436,Icebox,Decider,Lazarus,Evil Geniuses,Evil Geniuses,5248,Lazarus,5893,3,9,4,0,0,0,Evil Geniuses,PACIFIC
28310,45437,Breeze,Decider,Evil Geniuses,Lazarus,Evil Geniuses,5248,Lazarus,5893,3,9,4,4,0,0,Lazarus,PACIFIC
28310,45438,Ascent,Decider,Lazarus,Evil Geniuses,Evil Geniuses,5248,Lazarus,5893,4,8,5,6,0,0,Evil Geniuses,PACIFIC
28311,45439,Icebox,Decider,Luminosity,Hysteria,Luminosity,642,Hysteria,4843,11,1,1,2,0,0,Luminosity,PACIFIC
28311,45440,Ascent,Decider,Luminosity,Hysteria,Luminosity,642,Hysteria,4843,8,4,0,5,0,0,Luminosity,PACIFIC
28312,45442,Split,Decider,Time Out,Fenrir,Fenrir,4688,Time Out,5839,7,5,8,3,0,0,Fenrir,PACIFIC
28312,45443,Ascent,Decider,Fenrir,Time Out,Fenrir,4688,Time Out,5839,9,3,10,2,0,0,Time Out,PACIFIC
28312,45444,Bind,Decider,Time Out,Fenrir,Fenrir,4688,Time Out,5839,7,5,5,6,0,0,Time Out,PACIFIC
28313,45445,Ascent,Decider,NRG,Rock Bottom,NRG,1034,Rock Bottom,11653,10,2,2,3,0,0,NRG,PACIFIC
28313,45446,Bind,Decider,Rock Bottom,NRG,NRG,1034,Rock Bottom,11653,3,9,4,7,0,0,NRG,PACIFIC
28314,45448,Icebox,Decider,Resonate,Able Esports,Resonate,6422,Able Esports,1669,3,9,3,9,4,6,Able Esports,PACIFIC
28314,45449,Haven,Decider,Able Esports,Resonate,Resonate,6422,Able Esports,1669,3,9,4,0,0,0,Resonate,PACIFIC
28314,45450,Ascent,Decider,Resonate,Able Esports,Resonate,6422,Able Esports,1669,7,5,1,6,0,0,Resonate,PACIFIC
28316,45454,Bind,Decider,Ghost Gaming,ez5,ez5,5251,Ghost Gaming,2291,6,6,3,7,0,0,Ghost Gaming,PACIFIC
28316,45455,Breeze,Decider,Ghost Gaming,ez5,ez5,5251,Ghost Gaming,2291,6,6,2,7,0,0,Ghost Gaming,PACIFIC
28320,45466,Breeze,Decider,SoaR,Knights,Knights,1615,SoaR,4345,7,5,8,2,0,0,Knights,PACIFIC
28320,45467,Bind,Decider,Knights,SoaR,Knights,1615,SoaR,4345,5,7,6,2,0,0,SoaR,PACIFIC
28320,45468,Haven,Decider,SoaR,Knights,Knights,1615,SoaR,4345,7,5,7,5,0,2,Knights,PACIFIC
28322,45472,Ascent,TSM,Squirtle Squad,TSM,TSM,106,Squirtle Squad,4315,2,10,3,4,0,0,TSM,PACIFIC
28322,45473,Icebox,Squirtle Squad,TSM,Squirtle Squad,TSM,106,Squirtle Squad,4315,9,3,1,4,0,0,TSM,PACIFIC
28323,45475,Split,Decider,Bait Academy,T1,T1,14,Bait Academy,5444,4,8,5,3,0,0,T1,PACIFIC
28323,45476,Bind,Decider,T1,Bait Academy,T1,14,Bait Academy,5444,10,2,5,3,0,0,T1,PACIFIC
28325,45481,Ascent,Decider,VIRTUOSO,DIVIZE,VIRTUOSO,2348,DIVIZE,5890,1,11,2,8,0,0,DIVIZE,PACIFIC
28325,45482,Icebox,Decider,DIVIZE,VIRTUOSO,VIRTUOSO,2348,DIVIZE,5890,8,4,5,5,0,0,DIVIZE,PACIFIC
28327,45487,Icebox,Decider,Good Fellas,Cloud9,Cloud9,188,Good Fellas,5440,2,10,3,2,0,0,Cloud9,PACIFIC
28327,45488,Haven,Decider,Good Fellas,Cloud9,Cloud9,188,Good Fellas,5440,5,7,6,2,0,0,Cloud9,PACIFIC
28328,45490,Icebox,Decider,Evil Geniuses,Complexity,Complexity,470,Evil Geniuses,5248,4,8,5,0,0,0,Complexity,PACIFIC
28328,45491,Split,Decider,Complexity,Evil Geniuses,Complexity,470,Evil Geniuses,5248,9,3,3,4,0,0,Complexity,PACIFIC
28329,45493,Icebox,Decider,Time Out,Luminosity,Luminosity,642,Time Out,5839,4,8,5,4,0,0,Luminosity,PACIFIC
28329,45494,Haven,Decider,Luminosity,Time Out,Luminosity,642,Time Out,5839,8,4,1,5,0,0,Luminosity,PACIFIC
28330,45496,Haven,Decider,Resonate,NRG,NRG,1034,Resonate,6422,3,9,2,10,0,0,Resonate,PACIFIC
28330,45497,Breeze,Decider,NRG,Resonate,NRG,1034,Resonate,6422,7,5,0,6,0,0,NRG,PACIFIC
28330,45498,Ascent,Decider,Resonate,NRG,NRG,1034,Resonate,6422,7,5,3,6,0,0,Resonate,PACIFIC
28315,45451,Breeze,Decider,OOKERS,Soniqs,Soniqs,2350,OOKERS,3765,5,7,6,1,0,0,Soniqs,PACIFIC
28315,45452,Bind,Decider,Soniqs,OOKERS,Soniqs,2350,OOKERS,3765,8,4,8,4,3,1,Soniqs,PACIFIC
28317,45457,Ascent,Decider,Brimstone Gaming,FaZe Clan,FaZe Clan,337,Brimstone Gaming,2377,6,6,7,1,0,0,FaZe Clan,PACIFIC
28317,45458,Split,Decider,FaZe Clan,Brimstone Gaming,FaZe Clan,337,Brimstone Gaming,2377,7,5,2,6,0,0,FaZe Clan,PACIFIC
28318,45460,Haven,Decider,All Around Savants,Immortals,Immortals,103,All Around Savants,5821,1,11,2,0,0,0,Immortals,PACIFIC
28318,45461,Ascent,Decider,Immortals,All Around Savants,Immortals,103,All Around Savants,5821,10,2,1,3,0,0,Immortals,PACIFIC
28319,45463,Ascent,Decider,Last Round Save,DarkZero Esports,DarkZero Esports,4346,Last Round Save,4899,7,5,4,6,0,0,Last Round Save,PACIFIC
28319,45464,Icebox,Decider,DarkZero Esports,Last Round Save,DarkZero Esports,4346,Last Round Save,4899,7,5,4,6,0,0,DarkZero Esports,PACIFIC
28319,45465,Haven,Decider,Last Round Save,DarkZero Esports,DarkZero Esports,4346,Last Round Save,4899,2,10,3,6,0,0,DarkZero Esports,PACIFIC
28321,45469,Haven,Decider,Andbox,Zero MarksMen,Andbox,856,Zero MarksMen,4447,10,2,4,3,0,0,Andbox,PACIFIC
28321,45470,Breeze,Decider,Zero MarksMen,Andbox,Andbox,856,Zero MarksMen,4447,4,8,5,0,0,0,Andbox,PACIFIC
28324,45478,Bind,Decider,YFP,Renegades,Renegades,468,YFP,5038,3,9,4,0,0,0,Renegades,PACIFIC
28324,45479,Icebox,Decider,Renegades,YFP,Renegades,468,YFP,5038,9,3,3,4,0,0,Renegades,PACIFIC
28326,45484,Ascent,Decider,BASILISK,Built By Gamers,Built By Gamers,473,BASILISK,3337,3,9,4,3,0,0,Built By Gamers,PACIFIC
28326,45485,Icebox,Decider,Built By Gamers,BASILISK,Built By Gamers,473,BASILISK,3337,6,6,2,7,0,0,Built By Gamers,PACIFIC
28335,45511,Icebox,Decider,Renegades,T1,T1,14,Renegades,468,2,10,3,3,0,0,T1,PACIFIC
28335,45512,Bind,Decider,T1,Renegades,T1,14,Renegades,468,10,2,5,3,0,0,T1,PACIFIC
28337,45517,Ascent,Cloud9,Complexity,Cloud9,Cloud9,188,Complexity,470,3,9,4,0,0,0,Cloud9,PACIFIC
28337,45518,Icebox,Complexity,Complexity,Cloud9,Cloud9,188,Complexity,470,7,5,7,5,0,2,Cloud9,PACIFIC
28332,45502,Ascent,FaZe Clan,Immortals,FaZe Clan,FaZe Clan,337,Immortals,103,6,6,6,6,2,4,FaZe Clan,PACIFIC
28332,45503,Breeze,Immortals,FaZe Clan,Immortals,FaZe Clan,337,Immortals,103,9,3,0,4,0,0,FaZe Clan,PACIFIC
28331,45499,Breeze,Soniqs,Ghost Gaming,Soniqs,Soniqs,2350,Ghost Gaming,2291,7,5,5,6,0,0,Ghost Gaming,PACIFIC
28331,45500,Split,Ghost Gaming,Soniqs,Ghost Gaming,Soniqs,2350,Ghost Gaming,2291,3,9,4,5,0,0,Ghost Gaming,PACIFIC
28334,45508,Haven,Andbox,TSM,Andbox,Andbox,856,TSM,106,5,7,1,8,0,0,TSM,PACIFIC
28334,45509,Split,TSM,Andbox,TSM,Andbox,856,TSM,106,6,6,6,6,2,0,Andbox,PACIFIC
28334,45510,Icebox,Andbox,TSM,Andbox,Andbox,856,TSM,106,7,5,7,5,8,6,TSM,PACIFIC
28336,45514,Ascent,Decider,DIVIZE,Built By Gamers,DIVIZE,5890,Built By Gamers,473,2,10,3,3,0,0,Built By Gamers,PACIFIC
28336,45515,Icebox,Decider,Built By Gamers,DIVIZE,DIVIZE,5890,Built By Gamers,473,8,4,0,5,0,0,Built By Gamers,PACIFIC
28338,45520,Icebox,Decider,Resonate,Luminosity,Luminosity,642,Resonate,6422,3,9,4,5,0,0,Luminosity,PACIFIC
28338,45521,Haven,Decider,Luminosity,Resonate,Luminosity,642,Resonate,6422,6,6,2,7,0,0,Luminosity,PACIFIC
28333,45505,Haven,Decider,DarkZero Esports,Knights,DarkZero Esports,4346,Knights,1615,6,6,6,6,5,7,Knights,PACIFIC
28333,45506,Breeze,Decider,DarkZero Esports,Knights,DarkZero Esports,4346,Knights,1615,3,9,2,10,0,0,DarkZero Esports,PACIFIC
28333,45507,Icebox,Decider,Knights,DarkZero Esports,DarkZero Esports,4346,Knights,1615,6,6,6,6,0,2,DarkZero Esports,PACIFIC
28339,45524,Bind,FaZe Clan,Ghost Gaming,FaZe Clan,Ghost Gaming,2291,FaZe Clan,337,2,10,3,9,0,0,FaZe Clan,PACIFIC
28339,46601,Ascent,Decider,FaZe Clan,Ghost Gaming,Ghost Gaming,2291,FaZe Clan,337,4,8,4,8,2,0,FaZe Clan,PACIFIC
28340,45526,Haven,DarkZero Esports,TSM,DarkZero Esports,DarkZero Esports,4346,TSM,106,5,7,6,6,0,0,DarkZero Esports,PACIFIC
28340,45527,Ascent,TSM,DarkZero Esports,TSM,DarkZero Esports,4346,TSM,106,4,8,4,8,0,2,TSM,PACIFIC
28340,45528,Icebox,DarkZero Esports,TSM,DarkZero Esports,DarkZero Esports,4346,TSM,106,6,6,2,7,0,0,TSM,PACIFIC
28341,45529,Icebox,T1,Built By Gamers,T1,T1,14,Built By Gamers,473,6,6,7,3,0,0,T1,PACIFIC
28341,45530,Ascent,Built By Gamers,T1,Built By Gamers,T1,14,Built By Gamers,473,10,2,7,3,0,0,T1,PACIFIC
28342,45532,Ascent,Cloud9,Luminosity,Cloud9,Cloud9,188,Luminosity,642,9,3,6,4,0,0,Luminosity,PACIFIC
28342,45533,Icebox,Luminosity,Cloud9,Luminosity,Cloud9,188,Luminosity,642,7,5,8,2,0,0,Luminosity,PACIFIC
29251,46602,Bind,Gen.G,TSM,Gen.G,Gen.G,17,TSM,106,6,6,7,4,0,0,Gen.G,PACIFIC
29251,46603,Split,TSM,Gen.G,TSM,Gen.G,17,TSM,106,9,3,9,3,8,8,Draw,PACIFIC
29251,46604,Icebox,Gen.G,TSM,Gen.G,Gen.G,17,TSM,106,4,8,2,9,0,0,TSM,PACIFIC
29252,46605,Haven,Decider,T1,Version1,Version1,2815,T1,14,9,3,7,4,0,0,T1,PACIFIC
29252,46606,Icebox,T1,T1,Version1,Version1,2815,T1,14,6,6,7,2,0,0,Version1,PACIFIC
29252,46607,Split,Version1,T1,Version1,Version1,2815,T1,14,10,2,7,3,0,0,T1,PACIFIC
29254,46611,Split,Rise,FaZe Clan,Rise,Rise,637,FaZe Clan,337,2,10,3,0,0,0,Rise,PACIFIC
29254,46612,Bind,FaZe Clan,Rise,FaZe Clan,Rise,637,FaZe Clan,337,6,6,5,7,0,0,Rise,PACIFIC
29253,46608,Icebox,Luminosity,Pioneers,Luminosity,Pioneers,4940,Luminosity,642,7,5,5,6,0,0,Pioneers,PACIFIC
29253,46609,Ascent,Pioneers,Luminosity,Pioneers,Pioneers,4940,Luminosity,642,5,7,5,7,3,1,Luminosity,PACIFIC
29253,46610,Split,Luminosity,Pioneers,Luminosity,Pioneers,4940,Luminosity,642,3,9,4,3,0,0,Luminosity,PACIFIC
29259,46628,Breeze,Gen.G,Version1,Gen.G,Gen.G,17,Version1,2815,5,7,6,3,0,0,Gen.G,PACIFIC
29259,46629,Haven,Version1,Gen.G,Version1,Gen.G,17,Version1,2815,5,7,6,6,0,0,Version1,PACIFIC
29259,46630,Ascent,Gen.G,Version1,Gen.G,Gen.G,17,Version1,2815,6,6,7,5,0,0,Gen.G,PACIFIC
29260,46631,Ascent,Decider,Pioneers,FaZe Clan,Pioneers,4940,FaZe Clan,337,5,7,5,7,0,2,FaZe Clan,PACIFIC
29260,46632,Bind,Pioneers,FaZe Clan,Pioneers,Pioneers,4940,FaZe Clan,337,6,6,3,7,0,0,FaZe Clan,PACIFIC
29255,46614,Split,TSM,T1,TSM,TSM,106,T1,14,4,8,5,0,0,0,TSM,PACIFIC
29255,46615,Icebox,Decider,TSM,T1,TSM,106,T1,14,7,5,8,1,0,0,T1,PACIFIC
29255,46616,Haven,TSM,T1,TSM,TSM,106,T1,14,4,8,5,2,0,0,TSM,PACIFIC
29256,46617,Ascent,Rise,Luminosity,Rise,Luminosity,642,Rise,637,6,6,3,7,0,0,Luminosity,PACIFIC
29256,46618,Icebox,Luminosity,Rise,Luminosity,Luminosity,642,Rise,637,2,10,3,0,0,0,Luminosity,PACIFIC
29261,46634,Ascent,Rise,Gen.G,Rise,Rise,637,Gen.G,17,2,10,3,0,0,0,Rise,PACIFIC
29261,46635,Bind,Gen.G,Rise,Gen.G,Rise,637,Gen.G,17,7,5,6,6,0,0,Rise,PACIFIC
29262,46637,Split,T1,FaZe Clan,T1,T1,14,FaZe Clan,337,9,3,7,4,0,0,FaZe Clan,PACIFIC
29262,46638,Ascent,FaZe Clan,T1,FaZe Clan,T1,14,FaZe Clan,337,5,7,6,5,0,0,FaZe Clan,PACIFIC
29257,46620,Bind,Luminosity,TSM,Luminosity,TSM,106,Luminosity,642,7,5,1,6,0,0,TSM,PACIFIC
29257,46621,Breeze,TSM,Luminosity,TSM,TSM,106,Luminosity,642,4,8,5,3,0,0,TSM,PACIFIC
29263,46640,Ascent,Rise,FaZe Clan,Rise,Rise,637,FaZe Clan,337,8,4,2,5,0,0,FaZe Clan,PACIFIC
29263,46641,Haven,FaZe Clan,Rise,FaZe Clan,Rise,637,FaZe Clan,337,5,7,3,8,0,0,Rise,PACIFIC
29263,46642,Bind,Rise,FaZe Clan,Rise,Rise,637,FaZe Clan,337,7,5,3,6,0,0,FaZe Clan,PACIFIC
29264,46643,Split,Luminosity,FaZe Clan,Luminosity,Luminosity,642,FaZe Clan,337,8,4,8,4,2,0,FaZe Clan,PACIFIC
29264,46644,Breeze,FaZe Clan,Luminosity,FaZe Clan,Luminosity,642,FaZe Clan,337,5,7,5,7,0,2,FaZe Clan,PACIFIC
29258,46623,Ascent,FaZe Clan,TSM,FaZe Clan,TSM,106,FaZe Clan,337,8,4,9,3,0,0,FaZe Clan,PACIFIC
29258,46624,Split,TSM,FaZe Clan,TSM,TSM,106,FaZe Clan,337,3,9,4,3,0,0,TSM,PACIFIC
29258,46625,Breeze,FaZe Clan,TSM,FaZe Clan,TSM,106,FaZe Clan,337,10,2,4,3,0,0,TSM,PACIFIC
29258,46626,Haven,TSM,FaZe Clan,TSM,TSM,106,FaZe Clan,337,2,10,3,0,0,0,TSM,PACIFIC
23943,39882,Icebox,Decider,Neo Culture Technology,YFP,YFP,5038,Neo Culture Technology,4969,1,11,2,0,0,0,YFP,PACIFIC
23943,39883,Bind,Decider,YFP,Neo Culture Technology,YFP,5038,Neo Culture Technology,4969,2,10,3,7,0,0,Neo Culture Technology,PACIFIC
23943,39884,Split,Decider,Neo Culture Technology,YFP,YFP,5038,Neo Culture Technology,4969,2,10,3,0,0,0,YFP,PACIFIC
23910,39783,Ascent,Decider,Sewercats,Evil Geniuses,Evil Geniuses,5248,Sewercats,4975,4,8,5,5,0,0,Evil Geniuses,PACIFIC
23910,39784,Bind,Decider,Evil Geniuses,Sewercats,Evil Geniuses,5248,Sewercats,4975,9,3,0,4,0,0,Evil Geniuses,PACIFIC
23911,39786,Bind,Decider,Bewds Retirement Home,Sum 2 Prove,Sum 2 Prove,4282,Bewds Retirement Home,4477,8,4,2,5,0,0,Bewds Retirement Home,PACIFIC
23911,39787,Split,Decider,Sum 2 Prove,Bewds Retirement Home,Sum 2 Prove,4282,Bewds Retirement Home,4477,4,8,5,2,0,0,Bewds Retirement Home,PACIFIC
23912,39789,Haven,Decider,Stealth,Soniqs,Soniqs,2350,Stealth,4977,4,8,5,2,0,0,Soniqs,PACIFIC
23912,39790,Ascent,Decider,Soniqs,Stealth,Soniqs,2350,Stealth,4977,10,2,0,3,0,0,Soniqs,PACIFIC
23913,39792,Breeze,Decider,Silent Lurkers,Down Two Earth,Down Two Earth,4308,Silent Lurkers,4973,3,9,4,2,0,0,Down Two Earth,PACIFIC
23913,39793,Split,Decider,Down Two Earth,Silent Lurkers,Down Two Earth,4308,Silent Lurkers,4973,10,2,0,3,0,0,Down Two Earth,PACIFIC
23914,39795,Bind,Decider,Aggie Gaming at UC,Renegades,Renegades,468,Aggie Gaming at UC,3759,2,10,3,7,0,0,Renegades,PACIFIC
23914,39796,Haven,Decider,Renegades,Aggie Gaming at UC,Renegades,468,Aggie Gaming at UC,3759,7,5,3,6,0,0,Renegades,PACIFIC
23915,39798,Ascent,Decider,Able Esports,BCH,Able Esports,1669,BCH,5202,11,1,0,2,0,0,Able Esports,PACIFIC
23915,39799,Icebox,Decider,BCH,Able Esports,Able Esports,1669,BCH,5202,6,6,7,0,0,0,Able Esports,PACIFIC
23916,39801,Icebox,Decider,Buffalo,XSET,XSET,533,Buffalo,12724,1,11,2,0,0,0,XSET,PACIFIC
23916,39802,Split,Decider,XSET,Buffalo,XSET,533,Buffalo,12724,9,3,0,4,0,0,XSET,PACIFIC
23917,39804,Ascent,Decider,TradeLikePros,ex-Recon 5,ex-Recon 5,4789,TradeLikePros,6462,7,5,3,6,0,0,TradeLikePros,PACIFIC
23917,39805,Split,Decider,ex-Recon 5,TradeLikePros,ex-Recon 5,4789,TradeLikePros,6462,9,3,9,3,2,0,ex-Recon 5,PACIFIC
23917,39806,Icebox,Decider,ex-Recon 5,TradeLikePros,ex-Recon 5,4789,TradeLikePros,6462,6,6,7,4,0,0,TradeLikePros,PACIFIC
23918,39807,Haven,Decider,OOKERS,Project 1,OOKERS,3765,Project 1,4967,6,6,2,7,0,0,OOKERS,PACIFIC
23918,39808,Bind,Decider,Project 1,OOKERS,OOKERS,3765,Project 1,4967,2,10,3,0,0,0,OOKERS,PACIFIC
23919,39810,Split,Decider,Hyped Esports,Insight,Insight,3791,Hyped Esports,5205,2,10,3,0,0,0,Insight,PACIFIC
23919,39811,Breeze,Decider,Insight,Hyped Esports,Insight,3791,Hyped Esports,5205,4,8,0,9,0,0,Insight,PACIFIC
23920,39813,Ascent,Decider,FaZe Clan,MeowMeow,FaZe Clan,337,MeowMeow,5206,9,3,2,4,0,0,FaZe Clan,PACIFIC
23920,39814,Split,Decider,FaZe Clan,MeowMeow,FaZe Clan,337,MeowMeow,5206,10,2,0,3,0,0,FaZe Clan,PACIFIC
23921,39816,Bind,Decider,Frail Males,OG4Z,OG4Z,4820,Frail Males,4965,8,4,0,5,0,0,Frail Males,PACIFIC
23921,39817,Ascent,Decider,OG4Z,Frail Males,OG4Z,4820,Frail Males,4965,3,9,4,2,0,0,Frail Males,PACIFIC
23922,39819,Icebox,Decider,DarkZero Esports,Night Raid,DarkZero Esports,4346,Night Raid,5357,7,5,3,6,0,0,DarkZero Esports,PACIFIC
23922,39820,TBD,Decider,,,DarkZero Esports,4346,Night Raid,5357,0,0,0,0,0,0,Draw,PACIFIC
23923,39822,Ascent,Decider,Radiants With Attitude,CoT,CoT,4647,Radiants With Attitude,5209,6,6,7,3,0,0,CoT,PACIFIC
23923,39823,Bind,Decider,CoT,Radiants With Attitude,CoT,4647,Radiants With Attitude,5209,9,3,9,3,2,0,CoT,PACIFIC
23924,39825,Bind,Decider,Carnos Arks,ENVY,ENVY,427,Carnos Arks,5211,2,10,3,0,0,0,ENVY,PACIFIC
23924,39826,Icebox,Decider,Carnos Arks,ENVY,ENVY,427,Carnos Arks,5211,1,11,2,0,0,0,ENVY,PACIFIC
23925,39828,Ascent,Decider,Merry Men,Carpe Noctem,Carpe Noctem,5213,Merry Men,4480,1,11,2,1,0,0,Carpe Noctem,PACIFIC
23925,39829,Icebox,Decider,Merry Men,Carpe Noctem,Carpe Noctem,5213,Merry Men,4480,1,11,2,0,0,0,Carpe Noctem,PACIFIC
23926,39831,Haven,Decider,Sway eSports,Brimstone Gaming,Brimstone Gaming,2377,Sway eSports,11687,3,9,4,3,0,0,Brimstone Gaming,PACIFIC
23926,39832,Bind,Decider,Brimstone Gaming,Sway eSports,Brimstone Gaming,2377,Sway eSports,11687,9,3,0,4,0,0,Brimstone Gaming,PACIFIC
23927,39834,Ascent,Decider,Reborn,Squirtle Squad,Squirtle Squad,4315,Reborn,4817,3,9,4,0,0,0,Squirtle Squad,PACIFIC
23927,39835,Icebox,Decider,Squirtle Squad,Reborn,Squirtle Squad,4315,Reborn,4817,10,2,1,3,0,0,Squirtle Squad,PACIFIC
23928,39837,Icebox,Decider,Dark Matter Purple,T1,T1,14,Dark Matter Purple,4979,4,8,5,1,0,0,T1,PACIFIC
23928,39838,Bind,Decider,T1,Dark Matter Purple,T1,14,Dark Matter Purple,4979,11,1,0,2,0,0,T1,PACIFIC
23929,39840,Icebox,Decider,Akuma Esports Black,O.O.D.A Loopers,O.O.D.A Loopers,3756,Akuma Esports Black,2472,5,7,6,0,0,0,O.O.D.A Loopers,PACIFIC
23929,39841,Split,Decider,O.O.D.A Loopers,Akuma Esports Black,O.O.D.A Loopers,3756,Akuma Esports Black,2472,7,5,3,6,0,0,O.O.D.A Loopers,PACIFIC
23930,39843,Ascent,Decider,God Given,Ghost Gaming,Ghost Gaming,2291,God Given,4966,4,8,5,0,0,0,Ghost Gaming,PACIFIC
23930,39844,Haven,Decider,Ghost Gaming,God Given,Ghost Gaming,2291,God Given,4966,10,2,0,3,0,0,Ghost Gaming,PACIFIC
23931,39846,Bind,Decider,Apes Together Strong,Zero MarksMen,Zero MarksMen,4447,Apes Together Strong,4968,5,7,6,2,0,0,Zero MarksMen,PACIFIC
23931,39847,Icebox,Decider,Zero MarksMen,Apes Together Strong,Zero MarksMen,4447,Apes Together Strong,4968,11,1,0,2,0,0,Zero MarksMen,PACIFIC
23932,39849,Breeze,Decider,100 Thieves,Team Volted,100 Thieves,120,Team Volted,5039,11,1,0,2,0,0,100 Thieves,PACIFIC
23932,39850,Icebox,Decider,100 Thieves,Team Volted,100 Thieves,120,Team Volted,5039,6,6,1,7,0,0,100 Thieves,PACIFIC
23933,39852,Split,Decider,Hysteria,Lazarus,Hysteria,4843,Lazarus,3535,2,10,3,1,0,0,Lazarus,PACIFIC
23933,39853,Ascent,Decider,Lazarus,Hysteria,Hysteria,4843,Lazarus,3535,6,6,7,3,0,0,Hysteria,PACIFIC
23933,39854,Icebox,Decider,Hysteria,Lazarus,Hysteria,4843,Lazarus,3535,3,9,4,2,0,0,Lazarus,PACIFIC
23934,39855,Ascent,Decider,SoaR,Team Nemesis,SoaR,4345,Team Nemesis,5358,12,0,0,1,0,0,SoaR,PACIFIC
23934,39856,Icebox,Decider,SoaR,Team Nemesis,SoaR,4345,Team Nemesis,5358,10,2,0,3,0,0,SoaR,PACIFIC
23935,39858,Bind,Decider,Cosmic Divide,Synergy,Cosmic Divide,4388,Synergy,4880,9,3,3,4,0,0,Cosmic Divide,PACIFIC
23935,39859,Ascent,Decider,Synergy,Cosmic Divide,Cosmic Divide,4388,Synergy,4880,3,9,3,9,0,2,Cosmic Divide,PACIFIC
23936,39861,Split,Decider,FBM,TSM,TSM,106,FBM,3762,2,10,3,0,0,0,TSM,PACIFIC
23936,39862,Haven,Decider,TSM,FBM,TSM,106,FBM,3762,10,2,1,3,0,0,TSM,PACIFIC
23937,39864,Haven,Decider,Karasuno,Levitate,Levitate,4845,Karasuno,4344,4,8,5,3,0,0,Levitate,PACIFIC
23937,39865,Bind,Decider,Levitate,Karasuno,Levitate,4845,Karasuno,4344,9,3,0,4,0,0,Levitate,PACIFIC
23939,39870,Bind,Decider,Call It Luck(Time In),Professional Malders,Professional Malders,4658,Call It Luck(Time In),1166,0,7,6,0,0,0,Professional Malders,PACIFIC
23939,39871,Ascent,Decider,Professional Malders,Call It Luck(Time In),Professional Malders,4658,Call It Luck(Time In),1166,8,0,0,5,0,0,Professional Malders,PACIFIC
23942,39879,Breeze,Decider,Resonate,To Da Crib,Resonate,6422,To Da Crib,3786,9,3,0,4,0,0,Resonate,PACIFIC
23942,39880,Ascent,Decider,Resonate,To Da Crib,Resonate,6422,To Da Crib,3786,10,2,0,3,0,0,Resonate,PACIFIC
23944,39885,Bind,Decider,Windstorm,Luminosity,Luminosity,642,Windstorm,3202,5,7,6,2,0,0,Luminosity,PACIFIC
23944,39886,Icebox,Decider,Luminosity,Windstorm,Luminosity,642,Windstorm,3202,8,4,0,5,0,0,Luminosity,PACIFIC
23945,39888,Bind,Decider,dotExE,Cloud9 White,Cloud9 White,1267,dotExE,5224,2,10,3,0,0,0,Cloud9 White,PACIFIC
23945,39889,Icebox,Decider,Cloud9 White,dotExE,Cloud9 White,1267,dotExE,5224,10,2,0,3,0,0,Cloud9 White,PACIFIC
23946,39891,Icebox,Decider,Complexity,Project CORE,Complexity,470,Project CORE,4971,7,5,1,6,0,0,Complexity,PACIFIC
23946,39892,Breeze,Decider,Project CORE,Complexity,Complexity,470,Project CORE,4971,2,10,3,0,0,0,Complexity,PACIFIC
23947,39894,Icebox,Decider,HorizonGG,Stanky Bois,HorizonGG,4692,Stanky Bois,5227,9,3,3,4,0,0,HorizonGG,PACIFIC
23947,39895,Ascent,Decider,HorizonGG,Stanky Bois,HorizonGG,4692,Stanky Bois,5227,9,3,0,4,0,0,HorizonGG,PACIFIC
23948,39897,Split,Decider,Pirate Nation,Andbox,Andbox,856,Pirate Nation,2449,3,9,4,1,0,0,Andbox,PACIFIC
23948,39898,Haven,Decider,,,Andbox,856,Pirate Nation,2449,0,0,0,0,0,0,Draw,PACIFIC
23949,39900,Ascent,Decider,Indiana Syndicate,Rock Bottom,Rock Bottom,11653,Indiana Syndicate,4263,4,8,5,6,0,0,Rock Bottom,PACIFIC
23949,39901,Icebox,Decider,Rock Bottom,Indiana Syndicate,Rock Bottom,11653,Indiana Syndicate,4263,2,10,3,0,0,0,Indiana Syndicate,PACIFIC
23949,39902,Bind,Decider,Indiana Syndicate,Rock Bottom,Rock Bottom,11653,Indiana Syndicate,4263,1,11,2,0,0,0,Rock Bottom,PACIFIC
23951,39906,Haven,Decider,we lost,DNADIFF,DNADIFF,4299,we lost,4974,4,8,5,0,0,0,DNADIFF,PACIFIC
23951,39907,Ascent,Decider,DNADIFF,we lost,DNADIFF,4299,we lost,4974,9,3,4,4,0,0,DNADIFF,PACIFIC
23952,39909,Breeze,Decider,HalfBliss,Gen.G,Gen.G,17,HalfBliss,2588,1,11,2,0,0,0,Gen.G,PACIFIC
23952,39910,Haven,Decider,Gen.G,HalfBliss,Gen.G,17,HalfBliss,2588,10,2,2,3,0,0,Gen.G,PACIFIC
23953,39912,Ascent,Decider,Lycus Empire,Exotic,Exotic,1301,Lycus Empire,4691,5,7,6,4,0,0,Exotic,PACIFIC
23953,39913,Bind,Decider,Exotic,Lycus Empire,Exotic,1301,Lycus Empire,4691,9,3,6,4,0,0,Exotic,PACIFIC
23954,39915,Haven,Decider,Knights,Unleashed Esports,Knights,1615,Unleashed Esports,5234,11,1,3,2,0,0,Knights,PACIFIC
23954,39916,Bind,Decider,Unleashed Esports,Knights,Knights,1615,Unleashed Esports,5234,2,10,3,0,0,0,Knights,PACIFIC
23955,39918,Bind,Decider,Astral,Sbread Gaming,Sbread Gaming,4660,Astral,4972,3,9,4,2,0,0,Sbread Gaming,PACIFIC
23955,39919,Ascent,Decider,Sbread Gaming,Astral,Sbread Gaming,4660,Astral,4972,12,0,0,1,0,0,Sbread Gaming,PACIFIC
23956,39921,Icebox,Decider,Foxy,Cloud9,Cloud9,188,Foxy,4535,3,9,4,5,0,0,Cloud9,PACIFIC
23956,39922,Haven,Decider,Foxy,Cloud9,Cloud9,188,Foxy,4535,2,10,3,6,0,0,Cloud9,PACIFIC
23957,39924,Icebox,Decider,303 Esports,afterMath Esports,afterMath Esports,4260,303 Esports,2139,7,5,5,6,0,0,303 Esports,PACIFIC
23957,39925,Haven,Decider,afterMath Esports,303 Esports,afterMath Esports,4260,303 Esports,2139,3,9,4,3,0,0,303 Esports,PACIFIC
23958,39927,Ascent,Decider,Boosted Immortals,BASILISK,BASILISK,3337,Boosted Immortals,3760,5,7,6,1,0,0,BASILISK,PACIFIC
23958,39928,Bind,Decider,BASILISK,Boosted Immortals,BASILISK,3337,Boosted Immortals,3760,10,2,0,3,0,0,BASILISK,PACIFIC
23959,39930,Ascent,Decider,UH Esports,Big Frames,Big Frames,5313,UH Esports,5235,5,7,6,3,0,0,Big Frames,PACIFIC
23959,39931,Icebox,Decider,Big Frames,UH Esports,Big Frames,5313,UH Esports,5235,6,6,1,7,0,0,Big Frames,PACIFIC
23960,39933,Haven,Decider,Built By Gamers,ATK Mode,Built By Gamers,473,ATK Mode,5236,10,2,1,3,0,0,Built By Gamers,PACIFIC
23960,39934,Icebox,Decider,Built By Gamers,ATK Mode,Built By Gamers,473,ATK Mode,5236,8,4,0,5,0,0,Built By Gamers,PACIFIC
23961,39936,Ascent,Decider,FIU Valorant,La Familia,La Familia,4479,FIU Valorant,3758,6,6,5,7,0,0,FIU Valorant,PACIFIC
23961,39937,Bind,Decider,La Familia,FIU Valorant,La Familia,4479,FIU Valorant,3758,5,7,5,7,5,3,La Familia,PACIFIC
23961,39938,Split,Decider,FIU Valorant,La Familia,La Familia,4479,FIU Valorant,3758,7,5,8,2,0,0,La Familia,PACIFIC
23962,39939,Haven,Decider,Rise,Xplicit,Rise,637,Xplicit,5043,10,2,1,3,0,0,Rise,PACIFIC
23962,39940,Bind,Decider,Xplicit,Rise,Rise,637,Xplicit,5043,5,7,6,4,0,0,Rise,PACIFIC
23963,39942,Split,Decider,Organic Gamers,zesty's money crew,zesty's money crew,4364,Organic Gamers,5237,5,7,5,7,1,3,zesty's money crew,PACIFIC
23963,39943,Icebox,Decider,zesty's money crew,Organic Gamers,zesty's money crew,4364,Organic Gamers,5237,10,2,0,3,0,0,zesty's money crew,PACIFIC
23964,39945,Ascent,Decider,NRG,Taipan Esports,NRG,1034,Taipan Esports,4976,9,3,0,4,0,0,NRG,PACIFIC
23964,39946,Split,Decider,NRG,Taipan Esports,NRG,1034,Taipan Esports,4976,11,1,2,2,0,0,NRG,PACIFIC
23965,39948,Haven,Decider,UYU,IlluZion,IlluZion,4529,UYU,4295,6,6,7,1,0,0,IlluZion,PACIFIC
23965,39949,Bind,Decider,IlluZion,UYU,IlluZion,4529,UYU,4295,4,8,4,8,2,0,IlluZion,PACIFIC
23966,39951,Icebox,Decider,Thrifty,VIRTUOSO,VIRTUOSO,2348,Thrifty,4256,1,11,2,0,0,0,VIRTUOSO,PACIFIC
23966,39952,Bind,Decider,VIRTUOSO,Thrifty,VIRTUOSO,2348,Thrifty,4256,5,7,5,7,4,2,VIRTUOSO,PACIFIC
23967,39954,Ascent,Decider,Leftovers,Fenrir,Fenrir,4688,Leftovers,5241,7,5,8,0,0,0,Fenrir,PACIFIC
23967,39955,Haven,Decider,Leftovers,Fenrir,Fenrir,4688,Leftovers,5241,7,5,8,4,0,0,Fenrir,PACIFIC
23968,39957,Ascent,Decider,STORM,Immortals,Immortals,103,STORM,5238,4,8,5,0,0,0,Immortals,PACIFIC
23968,39958,Icebox,Decider,Immortals,STORM,Immortals,103,STORM,5238,10,2,1,3,0,0,Immortals,PACIFIC
23969,39960,Icebox,Decider,Team Reckaroo,Last Round Save,Last Round Save,4899,Team Reckaroo,3748,4,8,5,4,0,0,Last Round Save,PACIFIC
23969,39961,Split,Decider,Team Reckaroo,Last Round Save,Last Round Save,4899,Team Reckaroo,3748,3,9,4,4,0,0,Last Round Save,PACIFIC
23970,39963,Ascent,Decider,East Hill,Pioneers,Pioneers,4940,East Hill,5239,6,6,7,3,0,0,Pioneers,PACIFIC
23970,39964,Split,Decider,Pioneers,East Hill,Pioneers,4940,East Hill,5239,12,0,0,1,0,0,Pioneers,PACIFIC
23971,39966,Ascent,Decider,Baking Company,Dark Matter Black,Baking Company,4882,Dark Matter Black,4978,6,6,2,7,0,0,Baking Company,PACIFIC
23971,39967,Breeze,Decider,Baking Company,Dark Matter Black,Baking Company,4882,Dark Matter Black,4978,7,5,3,6,0,0,Baking Company,PACIFIC
23980,39993,Haven,Decider,ENVY,Carpe Noctem,ENVY,427,Carpe Noctem,5213,6,6,3,7,0,0,ENVY,PACIFIC
23980,39994,Ascent,Carpe Noctem,ENVY,Carpe Noctem,ENVY,427,Carpe Noctem,5213,8,4,5,5,0,0,ENVY,PACIFIC
23973,39972,Breeze,Decider,Evil Geniuses,Bewds Retirement Home,Evil Geniuses,5248,Bewds Retirement Home,4477,7,5,6,6,0,0,Evil Geniuses,PACIFIC
23973,39973,Ascent,Decider,Evil Geniuses,Bewds Retirement Home,Evil Geniuses,5248,Bewds Retirement Home,4477,9,3,3,4,0,0,Evil Geniuses,PACIFIC
23974,39975,Icebox,Decider,Down Two Earth,Soniqs,Soniqs,2350,Down Two Earth,4308,6,6,7,4,0,0,Soniqs,PACIFIC
23974,39976,Ascent,Decider,Soniqs,Down Two Earth,Soniqs,2350,Down Two Earth,4308,10,2,0,3,0,0,Soniqs,PACIFIC
23975,39978,Breeze,Decider,Renegades,Able Esports,Renegades,468,Able Esports,1669,7,5,1,6,0,0,Renegades,PACIFIC
23975,39979,Bind,Decider,Renegades,Able Esports,Renegades,468,Able Esports,1669,10,2,0,3,0,0,Renegades,PACIFIC
23978,39987,Ascent,Decider,Frail Males,FaZe Clan,FaZe Clan,337,Frail Males,4965,6,6,2,7,0,0,Frail Males,PACIFIC
23978,39988,Icebox,Decider,FaZe Clan,Frail Males,FaZe Clan,337,Frail Males,4965,7,5,4,6,0,0,FaZe Clan,PACIFIC
23978,39989,Haven,Decider,Frail Males,FaZe Clan,FaZe Clan,337,Frail Males,4965,1,11,2,2,0,0,FaZe Clan,PACIFIC
23979,39990,Haven,Decider,CoT,DarkZero Esports,DarkZero Esports,4346,CoT,4647,6,6,6,6,1,3,DarkZero Esports,PACIFIC
23979,39991,Ascent,Decider,DarkZero Esports,CoT,DarkZero Esports,4346,CoT,4647,8,4,6,5,0,0,DarkZero Esports,PACIFIC
23981,39996,Haven,Decider,Squirtle Squad,Brimstone Gaming,Brimstone Gaming,2377,Squirtle Squad,4315,9,3,3,4,0,0,Squirtle Squad,PACIFIC
23981,39997,Breeze,Decider,Brimstone Gaming,Squirtle Squad,Brimstone Gaming,2377,Squirtle Squad,4315,2,10,3,9,0,0,Squirtle Squad,PACIFIC
23982,39999,Icebox,Decider,O.O.D.A Loopers,T1,T1,14,O.O.D.A Loopers,3756,3,9,4,2,0,0,T1,PACIFIC
23982,40000,Ascent,Decider,T1,O.O.D.A Loopers,T1,14,O.O.D.A Loopers,3756,8,4,2,5,0,0,T1,PACIFIC
23983,40002,Ascent,Decider,Zero MarksMen,Ghost Gaming,Ghost Gaming,2291,Zero MarksMen,4447,7,5,8,3,0,0,Ghost Gaming,PACIFIC
23983,40003,Haven,Decider,Ghost Gaming,Zero MarksMen,Ghost Gaming,2291,Zero MarksMen,4447,6,6,2,7,0,0,Ghost Gaming,PACIFIC
23990,40023,Icebox,Decider,Cloud9 White,Luminosity,Luminosity,642,Cloud9 White,1267,2,10,3,5,0,0,Luminosity,PACIFIC
23990,40024,Haven,Decider,Luminosity,Cloud9 White,Luminosity,642,Cloud9 White,1267,8,4,0,5,0,0,Luminosity,PACIFIC
23991,40026,Icebox,Decider,Complexity,HorizonGG,Complexity,470,HorizonGG,4692,12,0,0,1,0,0,Complexity,PACIFIC
23991,40027,Split,Decider,HorizonGG,Complexity,Complexity,470,HorizonGG,4692,1,11,2,2,0,0,Complexity,PACIFIC
23993,40032,Bind,Decider,DNADIFF,ez5,ez5,5251,DNADIFF,4299,3,9,4,1,0,0,ez5,PACIFIC
23993,40033,Haven,Decider,ez5,DNADIFF,ez5,5251,DNADIFF,4299,6,6,7,4,0,0,DNADIFF,PACIFIC
23993,40034,Icebox,Decider,DNADIFF,ez5,ez5,5251,DNADIFF,4299,3,9,4,1,0,0,ez5,PACIFIC
23994,40035,Haven,Decider,Exotic,Gen.G,Gen.G,17,Exotic,1301,1,11,2,2,0,0,Gen.G,PACIFIC
23994,40036,Bind,Decider,Gen.G,Exotic,Gen.G,17,Exotic,1301,11,1,0,2,0,0,Gen.G,PACIFIC
23995,40038,Haven,Decider,Knights,Sbread Gaming,Knights,1615,Sbread Gaming,4660,9,3,1,4,0,0,Knights,PACIFIC
23995,40039,Bind,Decider,Sbread Gaming,Knights,Knights,1615,Sbread Gaming,4660,1,11,2,0,0,0,Knights,PACIFIC
23996,40041,Icebox,Decider,303 Esports,Cloud9,Cloud9,188,303 Esports,2139,3,9,4,7,0,0,Cloud9,PACIFIC
23996,40042,Haven,Decider,303 Esports,Cloud9,Cloud9,188,303 Esports,2139,6,6,7,3,0,0,Cloud9,PACIFIC
23999,40050,Ascent,Decider,Rise,zesty's money crew,Rise,637,zesty's money crew,4364,8,4,4,5,0,0,Rise,PACIFIC
23999,40051,Split,Decider,zesty's money crew,Rise,Rise,637,zesty's money crew,4364,8,4,9,3,0,0,Rise,PACIFIC
24000,40053,Bind,Decider,NRG,IlluZion,NRG,1034,IlluZion,4529,11,1,3,2,0,0,NRG,PACIFIC
24000,40054,Breeze,Decider,IlluZion,NRG,NRG,1034,IlluZion,4529,0,12,1,2,0,0,NRG,PACIFIC
24002,40059,Ascent,Decider,Last Round Save,Immortals,Immortals,103,Last Round Save,4899,2,10,3,0,0,0,Immortals,PACIFIC
24002,40060,Split,Decider,Immortals,Last Round Save,Immortals,103,Last Round Save,4899,4,8,4,8,3,1,Immortals,PACIFIC
23986,40011,Split,Decider,Levitate,TSM,TSM,106,Levitate,4845,6,6,7,2,0,0,TSM,PACIFIC
23986,40012,Haven,Decider,TSM,Levitate,TSM,106,Levitate,4845,6,6,0,7,0,0,TSM,PACIFIC
23977,39984,Bind,Decider,OOKERS,Insight,OOKERS,3765,Insight,3791,7,5,3,6,0,0,OOKERS,PACIFIC
23977,39985,Ascent,Decider,Insight,OOKERS,OOKERS,3765,Insight,3791,4,8,2,9,0,0,Insight,PACIFIC
23977,39986,Split,Decider,OOKERS,Insight,OOKERS,3765,Insight,3791,4,8,5,3,0,0,Insight,PACIFIC
23984,40005,Breeze,Decider,Lazarus,100 Thieves,100 Thieves,120,Lazarus,3535,3,9,4,5,0,0,100 Thieves,PACIFIC
23984,40006,Icebox,Decider,100 Thieves,Lazarus,100 Thieves,120,Lazarus,3535,9,3,2,4,0,0,100 Thieves,PACIFIC
23985,40008,Ascent,Decider,Cosmic Divide,SoaR,SoaR,4345,Cosmic Divide,4388,6,6,7,1,0,0,SoaR,PACIFIC
23985,40009,Haven,Decider,SoaR,Cosmic Divide,SoaR,4345,Cosmic Divide,4388,6,6,4,7,0,0,SoaR,PACIFIC
23987,40014,Haven,Decider,Professional Malders,Noble,Noble,3597,Professional Malders,4658,7,5,7,5,2,4,Noble,PACIFIC
23987,40015,Bind,Decider,Noble,Professional Malders,Noble,3597,Professional Malders,4658,5,7,2,8,0,0,Noble,PACIFIC
23989,40020,Breeze,Decider,Resonate,YFP,Resonate,6422,YFP,5038,8,4,9,2,0,0,YFP,PACIFIC
23989,40021,Icebox,Decider,Resonate,YFP,Resonate,6422,YFP,5038,5,7,3,8,0,0,Resonate,PACIFIC
23989,40022,Split,Decider,YFP,Resonate,Resonate,6422,YFP,5038,8,4,3,5,0,0,YFP,PACIFIC
23992,40029,Ascent,Decider,Andbox,Rock Bottom,Andbox,856,Rock Bottom,11653,8,4,0,5,0,0,Andbox,PACIFIC
23992,40030,Split,Decider,Andbox,Rock Bottom,Andbox,856,Rock Bottom,11653,8,4,1,5,0,0,Andbox,PACIFIC
23997,40044,Haven,Decider,Big Frames,BASILISK,BASILISK,3337,Big Frames,5313,5,7,6,3,0,0,BASILISK,PACIFIC
23997,40045,Ascent,Decider,BASILISK,Big Frames,BASILISK,3337,Big Frames,5313,7,5,2,6,0,0,BASILISK,PACIFIC
24001,40056,Ascent,Decider,Fenrir,VIRTUOSO,VIRTUOSO,2348,Fenrir,4688,7,5,8,1,0,0,VIRTUOSO,PACIFIC
24001,40057,Bind,Decider,VIRTUOSO,Fenrir,VIRTUOSO,2348,Fenrir,4688,4,8,5,6,0,0,Fenrir,PACIFIC
24001,40058,Breeze,Decider,Fenrir,VIRTUOSO,VIRTUOSO,2348,Fenrir,4688,7,5,8,4,0,0,VIRTUOSO,PACIFIC
24003,40062,Bind,Decider,Baking Company,Pioneers,Pioneers,4940,Baking Company,4882,3,9,4,2,0,0,Pioneers,PACIFIC
24003,40063,Ascent,Decider,Pioneers,Baking Company,Pioneers,4940,Baking Company,4882,9,3,2,4,0,0,Pioneers,PACIFIC
23976,39981,Icebox,Decider,XSET,TradeLikePros,XSET,533,TradeLikePros,6462,8,4,0,5,0,0,XSET,PACIFIC
23976,39982,Split,Decider,XSET,TradeLikePros,XSET,533,TradeLikePros,6462,7,5,3,6,0,0,XSET,PACIFIC
23998,40047,Ascent,Decider,La Familia,Built By Gamers,Built By Gamers,473,La Familia,4479,1,11,2,2,0,0,Built By Gamers,PACIFIC
23998,40048,Bind,Decider,Built By Gamers,La Familia,Built By Gamers,473,La Familia,4479,8,4,2,5,0,0,Built By Gamers,PACIFIC
24007,40074,Ascent,FaZe Clan,DarkZero Esports,FaZe Clan,FaZe Clan,337,DarkZero Esports,4346,5,7,5,7,3,1,DarkZero Esports,PACIFIC
24007,40075,Haven,DarkZero Esports,FaZe Clan,DarkZero Esports,FaZe Clan,337,DarkZero Esports,4346,8,4,0,5,0,0,FaZe Clan,PACIFIC
24007,40076,Icebox,FaZe Clan,DarkZero Esports,FaZe Clan,FaZe Clan,337,DarkZero Esports,4346,5,7,3,8,0,0,DarkZero Esports,PACIFIC
24011,40086,Haven,TSM,Noble,TSM,TSM,106,Noble,3597,7,5,5,6,0,0,Noble,PACIFIC
24011,40087,Bind,Noble,TSM,Noble,TSM,106,Noble,3597,11,1,0,2,0,0,TSM,PACIFIC
24011,40088,Ascent,TSM,Noble,TSM,TSM,106,Noble,3597,10,2,0,3,0,0,Noble,PACIFIC
24004,40065,Icebox,Evil Geniuses,Sentinels,Evil Geniuses,Sentinels,2,Evil Geniuses,5248,7,5,5,6,0,0,Sentinels,PACIFIC
24004,40066,Haven,Sentinels,Evil Geniuses,Sentinels,Sentinels,2,Evil Geniuses,5248,5,7,6,1,0,0,Sentinels,PACIFIC
24005,40068,Icebox,Soniqs,Renegades,Soniqs,Soniqs,2350,Renegades,468,6,6,7,4,0,0,Soniqs,PACIFIC
24005,40069,Breeze,Renegades,Soniqs,Renegades,Soniqs,2350,Renegades,468,7,5,7,5,4,2,Soniqs,PACIFIC
24006,40071,Icebox,Decider,Insight,XSET,XSET,533,Insight,3791,3,9,4,2,0,0,XSET,PACIFIC
24006,40072,Split,Decider,XSET,Insight,XSET,533,Insight,3791,10,2,5,3,0,0,XSET,PACIFIC
24008,40077,Bind,Decider,Squirtle Squad,ENVY,ENVY,427,Squirtle Squad,4315,2,10,3,0,0,0,ENVY,PACIFIC
24008,40078,Ascent,Decider,ENVY,Squirtle Squad,ENVY,427,Squirtle Squad,4315,10,2,9,3,0,0,ENVY,PACIFIC
24009,40080,Split,T1,Ghost Gaming,T1,T1,14,Ghost Gaming,2291,9,3,3,4,0,0,Ghost Gaming,PACIFIC
24009,40081,Haven,Ghost Gaming,T1,Ghost Gaming,T1,14,Ghost Gaming,2291,12,0,0,1,0,0,T1,PACIFIC
24009,40082,Bind,T1,Ghost Gaming,T1,T1,14,Ghost Gaming,2291,3,9,4,0,0,0,T1,PACIFIC
24010,40083,Icebox,100 Thieves,SoaR,100 Thieves,100 Thieves,120,SoaR,4345,7,5,6,6,0,0,SoaR,PACIFIC
24010,40084,Ascent,SoaR,100 Thieves,SoaR,100 Thieves,120,SoaR,4345,8,4,3,5,0,0,100 Thieves,PACIFIC
24010,40085,Haven,100 Thieves,SoaR,100 Thieves,100 Thieves,120,SoaR,4345,4,8,5,2,0,0,100 Thieves,PACIFIC
24012,40089,Ascent,Decider,YFP,Version1,Version1,2815,YFP,5038,3,9,4,4,0,0,Version1,PACIFIC
24012,40090,Split,Decider,Version1,YFP,Version1,2815,YFP,5038,7,5,3,6,0,0,Version1,PACIFIC
24013,40092,Split,Decider,Complexity,Luminosity,Luminosity,642,Complexity,470,6,6,6,6,2,4,Luminosity,PACIFIC
24013,40093,Icebox,Decider,Luminosity,Complexity,Luminosity,642,Complexity,470,4,8,4,8,2,0,Luminosity,PACIFIC
24014,40095,Haven,Decider,ez5,Andbox,Andbox,856,ez5,5251,2,10,3,2,0,0,Andbox,PACIFIC
24014,40096,Breeze,Decider,Andbox,ez5,Andbox,856,ez5,5251,7,5,1,6,0,0,Andbox,PACIFIC
24015,40098,Breeze,Gen.G,Knights,Gen.G,Gen.G,17,Knights,1615,5,7,4,8,0,0,Knights,PACIFIC
24015,40099,Bind,Knights,Gen.G,Knights,Gen.G,17,Knights,1615,6,6,2,7,0,0,Gen.G,PACIFIC
24015,40100,Split,Gen.G,Knights,Gen.G,Gen.G,17,Knights,1615,4,8,5,1,0,0,Gen.G,PACIFIC
24016,40101,Icebox,Decider,BASILISK,Cloud9,Cloud9,188,BASILISK,3337,4,8,5,2,0,0,Cloud9,PACIFIC
24016,40102,Haven,Decider,Cloud9,BASILISK,Cloud9,188,BASILISK,3337,6,6,1,7,0,0,Cloud9,PACIFIC
24017,40104,Haven,Decider,Rise,Built By Gamers,Built By Gamers,473,Rise,637,4,8,5,3,0,0,Built By Gamers,PACIFIC
24017,40105,Ascent,Decider,Built By Gamers,Rise,Built By Gamers,473,Rise,637,5,7,6,5,0,0,Rise,PACIFIC
24017,40106,Bind,Decider,Rise,Built By Gamers,Built By Gamers,473,Rise,637,11,1,0,2,0,0,Rise,PACIFIC
24018,40107,Ascent,VIRTUOSO,NRG,VIRTUOSO,NRG,1034,VIRTUOSO,2348,6,6,7,4,0,0,VIRTUOSO,PACIFIC
24018,40108,Bind,NRG,VIRTUOSO,NRG,NRG,1034,VIRTUOSO,2348,6,6,2,7,0,0,VIRTUOSO,PACIFIC
24019,40110,Ascent,Immortals,Pioneers,Immortals,Immortals,103,Pioneers,4940,6,6,5,7,0,0,Pioneers,PACIFIC
24019,40111,Icebox,Pioneers,Immortals,Pioneers,Immortals,103,Pioneers,4940,7,5,2,6,0,0,Immortals,PACIFIC
24019,40112,Bind,Immortals,Pioneers,Immortals,Immortals,103,Pioneers,4940,7,5,4,6,0,0,Pioneers,PACIFIC
24020,40113,Icebox,Soniqs,Sentinels,Soniqs,Sentinels,2,Soniqs,2350,4,8,5,3,0,0,Soniqs,PACIFIC
24020,40114,Bind,Sentinels,Soniqs,Sentinels,Sentinels,2,Soniqs,2350,4,8,5,1,0,0,Sentinels,PACIFIC
24020,40115,Haven,Decider,Sentinels,Soniqs,Sentinels,2,Soniqs,2350,9,3,2,4,0,0,Sentinels,PACIFIC
24021,40116,Icebox,XSET,DarkZero Esports,XSET,XSET,533,DarkZero Esports,4346,5,7,6,4,0,0,XSET,PACIFIC
24021,40117,Ascent,DarkZero Esports,XSET,DarkZero Esports,XSET,533,DarkZero Esports,4346,4,8,5,6,0,0,DarkZero Esports,PACIFIC
24021,40118,Breeze,XSET,DarkZero Esports,XSET,XSET,533,DarkZero Esports,4346,4,8,5,5,0,0,XSET,PACIFIC
24022,40119,Split,ENVY,T1,ENVY,ENVY,427,T1,14,8,4,1,5,0,0,T1,PACIFIC
24022,40120,Bind,T1,ENVY,T1,ENVY,427,T1,14,6,6,4,7,0,0,ENVY,PACIFIC
24022,40121,Haven,ENVY,T1,ENVY,ENVY,427,T1,14,0,12,1,0,0,0,ENVY,PACIFIC
24023,40123,Icebox,Noble,100 Thieves,Noble,100 Thieves,120,Noble,3597,2,10,3,7,0,0,Noble,PACIFIC
24023,40124,Haven,100 Thieves,Noble,100 Thieves,100 Thieves,120,Noble,3597,3,9,4,6,0,0,100 Thieves,PACIFIC
24023,41572,Ascent,100 Thieves,Noble,100 Thieves,100 Thieves,120,Noble,3597,7,5,8,1,0,0,100 Thieves,PACIFIC
24024,40125,Haven,Version1,Luminosity,Version1,Version1,2815,Luminosity,642,4,8,5,4,0,0,Version1,PACIFIC
24024,40126,Split,Luminosity,Version1,Luminosity,Version1,2815,Luminosity,642,6,6,2,7,0,0,Version1,PACIFIC
24025,40128,Breeze,Gen.G,Gen.G,Andbox,Andbox,856,Gen.G,17,2,10,3,3,0,0,Andbox,PACIFIC
24025,40129,Icebox,Gen.G,Andbox,Gen.G,Andbox,856,Gen.G,17,2,10,2,10,2,0,Andbox,PACIFIC
24025,40130,Split,Andbox,Gen.G,Andbox,Andbox,856,Gen.G,17,6,6,0,7,0,0,Gen.G,PACIFIC
24026,40131,Split,Cloud9,Rise,Cloud9,Cloud9,188,Rise,637,7,5,2,6,0,0,Rise,PACIFIC
24026,40132,Ascent,Rise,Cloud9,Rise,Cloud9,188,Rise,637,8,4,9,3,0,0,Rise,PACIFIC
24027,40134,Ascent,VIRTUOSO,Pioneers,VIRTUOSO,VIRTUOSO,2348,Pioneers,4940,11,1,2,2,0,0,Pioneers,PACIFIC
24027,40135,Bind,Pioneers,VIRTUOSO,Pioneers,VIRTUOSO,2348,Pioneers,4940,3,9,4,2,0,0,Pioneers,PACIFIC
25193,41573,Icebox,Version1,Version1,100 Thieves,Version1,2815,100 Thieves,120,5,7,5,7,5,7,100 Thieves,PACIFIC
25193,41574,Haven,100 Thieves,100 Thieves,Version1,Version1,2815,100 Thieves,120,9,3,2,4,0,0,100 Thieves,PACIFIC
25194,41576,Haven,ENVY,Pioneers,ENVY,ENVY,427,Pioneers,4940,7,5,8,2,0,0,ENVY,PACIFIC
25194,41577,Ascent,Pioneers,ENVY,Pioneers,ENVY,427,Pioneers,4940,9,3,8,4,0,0,ENVY,PACIFIC
25195,41579,Icebox,XSET,Rise,XSET,XSET,533,Rise,637,4,8,5,0,0,0,XSET,PACIFIC
25195,41580,Split,Rise,XSET,Rise,XSET,533,Rise,637,4,8,5,1,0,0,Rise,PACIFIC
25195,41581,Ascent,XSET,Rise,XSET,XSET,533,Rise,637,4,8,5,0,0,0,XSET,PACIFIC
25196,41582,Bind,Sentinels,Gen.G,Sentinels,Sentinels,2,Gen.G,17,4,8,3,9,0,0,Gen.G,PACIFIC
25196,41583,Icebox,Gen.G,Sentinels,Gen.G,Sentinels,2,Gen.G,17,7,5,2,6,0,0,Sentinels,PACIFIC
25196,41584,Haven,Sentinels,Gen.G,Sentinels,Sentinels,2,Gen.G,17,5,7,6,4,0,0,Sentinels,PACIFIC
25201,41599,Split,Version1,Pioneers,Version1,Version1,2815,Pioneers,4940,4,8,5,3,0,0,Version1,PACIFIC
25201,41600,Ascent,Pioneers,Version1,Pioneers,Version1,2815,Pioneers,4940,5,7,6,5,0,0,Pioneers,PACIFIC
25201,41601,Icebox,Version1,Pioneers,Version1,Version1,2815,Pioneers,4940,5,7,2,8,0,0,Pioneers,PACIFIC
25202,41602,Split,Rise,Gen.G,Rise,Rise,637,Gen.G,17,3,9,4,5,0,0,Rise,PACIFIC
25202,41603,Icebox,Gen.G,Gen.G,Rise,Rise,637,Gen.G,17,6,6,3,7,0,0,Gen.G,PACIFIC
25202,41604,Bind,Rise,Gen.G,Rise,Rise,637,Gen.G,17,9,3,1,4,0,0,Gen.G,PACIFIC
25197,41585,Haven,ENVY,ENVY,100 Thieves,100 Thieves,120,ENVY,427,5,7,6,4,0,0,100 Thieves,PACIFIC
25197,41586,Icebox,100 Thieves,ENVY,100 Thieves,100 Thieves,120,ENVY,427,4,8,5,3,0,0,100 Thieves,PACIFIC
25198,41588,Haven,Sentinels,Sentinels,XSET,XSET,533,Sentinels,2,4,8,5,5,0,0,XSET,PACIFIC
25198,41589,Icebox,XSET,Sentinels,XSET,XSET,533,Sentinels,2,9,3,8,4,0,0,Sentinels,PACIFIC
25198,41590,Split,Sentinels,XSET,Sentinels,XSET,533,Sentinels,2,7,5,3,6,0,0,XSET,PACIFIC
25204,41608,Haven,ENVY,Gen.G,ENVY,ENVY,427,Gen.G,17,5,7,6,4,0,0,ENVY,PACIFIC
25204,41609,Bind,Gen.G,ENVY,Gen.G,ENVY,427,Gen.G,17,8,4,0,5,0,0,ENVY,PACIFIC
25203,41605,Haven,Decider,Pioneers,Sentinels,Sentinels,2,Pioneers,4940,5,7,6,4,0,0,Sentinels,PACIFIC
25203,41606,Bind,Pioneers,Sentinels,Pioneers,Sentinels,2,Pioneers,4940,8,4,1,5,0,0,Sentinels,PACIFIC
25199,41591,Haven,100 Thieves,100 Thieves,XSET,100 Thieves,120,XSET,533,6,6,6,6,0,2,XSET,PACIFIC
25199,41592,Icebox,XSET,100 Thieves,XSET,100 Thieves,120,XSET,533,10,2,2,3,0,0,100 Thieves,PACIFIC
25199,41593,Ascent,100 Thieves,XSET,100 Thieves,100 Thieves,120,XSET,533,7,5,5,6,0,0,XSET,PACIFIC
25205,41611,Breeze,Sentinels,ENVY,Sentinels,Sentinels,2,ENVY,427,3,9,4,5,0,0,Sentinels,PACIFIC
25205,41612,Bind,ENVY,Sentinels,ENVY,Sentinels,2,ENVY,427,6,6,1,7,0,0,Sentinels,PACIFIC
25206,41614,Haven,100 Thieves,Sentinels,100 Thieves,100 Thieves,120,Sentinels,2,9,3,9,3,3,1,Sentinels,PACIFIC
25206,41615,Breeze,Sentinels,100 Thieves,Sentinels,100 Thieves,120,Sentinels,2,6,6,7,2,0,0,Sentinels,PACIFIC
25200,41594,Haven,Sentinels,Sentinels,XSET,XSET,533,Sentinels,2,4,8,5,5,0,0,XSET,PACIFIC
25200,41595,Breeze,XSET,Sentinels,XSET,XSET,533,Sentinels,2,9,3,4,4,0,0,Sentinels,PACIFIC
25200,41596,Icebox,Sentinels,XSET,Sentinels,XSET,533,Sentinels,2,6,6,6,6,0,2,Sentinels,PACIFIC
25200,41597,Ascent,XSET,Sentinels,XSET,XSET,533,Sentinels,2,7,5,5,6,0,0,Sentinels,PACIFIC
16998,31511,Ascent,Andbox,100 Thieves,Andbox,100 Thieves,120,Andbox,856,7,5,4,6,0,0,100 Thieves,PACIFIC
16998,31512,Icebox,100 Thieves,Andbox,100 Thieves,100 Thieves,120,Andbox,856,6,6,7,4,0,0,100 Thieves,PACIFIC
16999,31514,Ascent,Version1,Sentinels,Version1,Version1,2815,Sentinels,2,2,10,3,2,0,0,Version1,PACIFIC
16999,31515,Haven,Sentinels,Version1,Sentinels,Version1,2815,Sentinels,2,3,9,4,3,0,0,Sentinels,PACIFIC
16999,31516,Split,Decider,Sentinels,Version1,Version1,2815,Sentinels,2,11,1,2,2,0,0,Sentinels,PACIFIC
17000,31517,Haven,Cloud9,ENVY,Cloud9,ENVY,427,Cloud9,188,3,9,4,4,0,0,Cloud9,PACIFIC
17000,31518,Ascent,ENVY,Cloud9,ENVY,ENVY,427,Cloud9,188,7,5,4,6,0,0,Cloud9,PACIFIC
17001,31520,Ascent,NRG,XSET,NRG,XSET,533,NRG,1034,6,6,6,6,1,3,NRG,PACIFIC
17001,31521,Bind,XSET,NRG,XSET,XSET,533,NRG,1034,10,2,4,3,0,0,NRG,PACIFIC
17385,32025,Haven,Andbox,Andbox,Version1,Andbox,856,Version1,2815,1,11,2,3,0,0,Version1,PACIFIC
17385,32026,Ascent,Version1,Andbox,Version1,Andbox,856,Version1,2815,8,4,6,5,0,0,Andbox,PACIFIC
17385,32027,Split,Decider,Version1,Andbox,Andbox,856,Version1,2815,5,7,4,8,0,0,Version1,PACIFIC
17386,32028,Bind,ENVY,XSET,ENVY,ENVY,427,XSET,533,9,3,10,2,0,0,ENVY,PACIFIC
17386,32029,Ascent,XSET,ENVY,XSET,ENVY,427,XSET,533,7,5,8,3,0,0,XSET,PACIFIC
17386,32030,Split,Decider,XSET,ENVY,ENVY,427,XSET,533,2,10,3,9,0,0,ENVY,PACIFIC
17382,32016,Haven,Sentinels,100 Thieves,Sentinels,100 Thieves,120,Sentinels,2,3,9,4,8,0,0,Sentinels,PACIFIC
17382,32017,Icebox,100 Thieves,Sentinels,100 Thieves,100 Thieves,120,Sentinels,2,3,9,4,0,0,0,100 Thieves,PACIFIC
17382,32018,Bind,Decider,100 Thieves,Sentinels,100 Thieves,120,Sentinels,2,2,10,3,2,0,0,Sentinels,PACIFIC
17383,32019,Haven,Cloud9,NRG,Cloud9,Cloud9,188,NRG,1034,5,7,6,1,0,0,Cloud9,PACIFIC
17383,32020,Ascent,NRG,Cloud9,NRG,Cloud9,188,NRG,1034,8,4,7,5,0,0,Cloud9,PACIFIC
17387,32031,Split,Version1,NRG,Version1,NRG,1034,Version1,2815,8,4,9,1,0,0,Version1,PACIFIC
17387,32032,Ascent,NRG,Version1,NRG,NRG,1034,Version1,2815,8,4,2,5,0,0,Version1,PACIFIC
17388,32034,Bind,ENVY,100 Thieves,ENVY,100 Thieves,120,ENVY,427,7,5,8,4,0,0,ENVY,PACIFIC
17388,32035,Ascent,100 Thieves,ENVY,100 Thieves,100 Thieves,120,ENVY,427,5,7,6,3,0,0,100 Thieves,PACIFIC
17388,32036,Haven,Decider,100 Thieves,ENVY,100 Thieves,120,ENVY,427,6,6,7,5,0,0,ENVY,PACIFIC
17384,32022,Haven,Cloud9,Sentinels,Cloud9,Sentinels,2,Cloud9,188,9,3,8,4,0,0,Sentinels,PACIFIC
17384,32023,Split,Sentinels,Cloud9,Sentinels,Sentinels,2,Cloud9,188,11,1,0,2,0,0,Cloud9,PACIFIC
17384,32024,Icebox,Decider,Sentinels,Cloud9,Sentinels,2,Cloud9,188,6,6,0,7,0,0,Sentinels,PACIFIC
17389,32037,Split,Version1,ENVY,Version1,Version1,2815,ENVY,427,5,7,6,5,0,0,Version1,PACIFIC
17389,32038,Haven,ENVY,Version1,ENVY,Version1,2815,ENVY,427,4,8,4,8,0,2,ENVY,PACIFIC
17389,32039,Ascent,Decider,ENVY,Version1,Version1,2815,ENVY,427,6,6,7,3,0,0,Version1,PACIFIC
17390,32040,Haven,Cloud9,Version1,Cloud9,Cloud9,188,Version1,2815,8,4,1,5,0,0,Version1,PACIFIC
17390,32041,Ascent,Version1,Cloud9,Version1,Cloud9,188,Version1,2815,9,3,2,4,0,0,Cloud9,PACIFIC
17390,32042,Split,Decider,Version1,Cloud9,Cloud9,188,Version1,2815,7,5,2,6,0,0,Version1,PACIFIC
17391,32043,Bind,Sentinels,Version1,Sentinels,Sentinels,2,Version1,2815,7,5,8,1,0,0,Sentinels,PACIFIC
17391,32044,Haven,Sentinels,Version1,Sentinels,Sentinels,2,Version1,2815,4,8,5,5,0,0,Sentinels,PACIFIC
17391,32045,Icebox,Version1,Sentinels,Version1,Sentinels,2,Version1,2815,6,6,3,7,0,0,Sentinels,PACIFIC
13810,24515,Haven,Valkyrie,Sentinels,Valkyrie,Sentinels,2,Valkyrie,2760,11,1,0,2,0,0,Sentinels,PACIFIC
13810,24516,Icebox,Sentinels,Valkyrie,Sentinels,Sentinels,2,Valkyrie,2760,4,8,5,1,0,0,Sentinels,PACIFIC
13811,24518,Haven,Decider,Neebs and Weebs,NC State Esports,NC State Esports,2794,Neebs and Weebs,3193,4,8,5,7,0,0,NC State Esports,PACIFIC
13811,24519,Ascent,Decider,NC State Esports,Neebs and Weebs,NC State Esports,2794,Neebs and Weebs,3193,5,7,6,3,0,0,Neebs and Weebs,PACIFIC
13811,24520,Icebox,Decider,Neebs and Weebs,NC State Esports,NC State Esports,2794,Neebs and Weebs,3193,8,4,7,5,0,0,Neebs and Weebs,PACIFIC
13812,24521,Ascent,Decider,Boosted Immortals,Insert Name Here,Insert Name Here,4368,Boosted Immortals,3760,1,11,2,0,0,0,Insert Name Here,PACIFIC
13812,24522,Bind,Decider,Insert Name Here,Boosted Immortals,Insert Name Here,4368,Boosted Immortals,3760,7,5,1,6,0,0,Insert Name Here,PACIFIC
13813,24524,Bind,Decider,Grapefruit Techniques,Crafters,Grapefruit Techniques,1117,Crafters,4294,9,3,0,4,0,0,Grapefruit Techniques,PACIFIC
13813,24525,Ascent,Decider,Crafters,Grapefruit Techniques,Grapefruit Techniques,1117,Crafters,4294,4,8,5,2,0,0,Grapefruit Techniques,PACIFIC
13814,24527,Split,Decider,eUnited,All Knights,eUnited,2287,All Knights,3769,10,2,0,3,0,0,eUnited,PACIFIC
13814,24528,Ascent,Decider,All Knights,eUnited,eUnited,2287,All Knights,3769,3,9,4,0,0,0,eUnited,PACIFIC
13815,24530,Ascent,Decider,TradeLikePros,Rise,TradeLikePros,6462,Rise,637,6,6,7,0,0,0,Rise,PACIFIC
13815,24531,Haven,Decider,Rise,TradeLikePros,TradeLikePros,6462,Rise,637,8,4,5,5,0,0,Rise,PACIFIC
13816,24533,Bind,Decider,Spot Up,Nightly,Spot Up,302,Nightly,4292,9,3,0,4,0,0,Spot Up,PACIFIC
13816,24534,Ascent,Decider,Nightly,Spot Up,Spot Up,302,Nightly,4292,2,10,3,0,0,0,Spot Up,PACIFIC
13817,24536,Haven,Decider,Karasuno,#1 Victory Royale,#1 Victory Royale,4316,Karasuno,4344,1,11,2,0,0,0,#1 Victory Royale,PACIFIC
13817,24537,Bind,Decider,#1 Victory Royale,Karasuno,#1 Victory Royale,4316,Karasuno,4344,10,2,0,3,0,0,#1 Victory Royale,PACIFIC
13818,24539,Ascent,Decider,Ghost Gaming,Neutralize Reborn,Ghost Gaming,2291,Neutralize Reborn,4258,12,0,0,1,0,0,Ghost Gaming,PACIFIC
13818,24540,Haven,Decider,Neutralize Reborn,Ghost Gaming,Ghost Gaming,2291,Neutralize Reborn,4258,3,9,4,1,0,0,Ghost Gaming,PACIFIC
13819,24542,Icebox,Decider,Titan Esports,Meant 2 Be,Titan Esports,3523,Meant 2 Be,4280,6,6,7,0,0,0,Meant 2 Be,PACIFIC
13819,24543,Split,Decider,Meant 2 Be,Titan Esports,Titan Esports,3523,Meant 2 Be,4280,3,9,4,4,0,0,Titan Esports,PACIFIC
13819,24544,Bind,Decider,Titan Esports,Meant 2 Be,Titan Esports,3523,Meant 2 Be,4280,8,4,8,4,0,2,Meant 2 Be,PACIFIC
13820,24545,Icebox,Decider,On The Way,Ohio Northern University,On The Way,3778,Ohio Northern University,4309,10,2,2,3,0,0,On The Way,PACIFIC
13820,24546,Bind,Decider,Ohio Northern University,On The Way,On The Way,3778,Ohio Northern University,4309,1,11,2,0,0,0,On The Way,PACIFIC
13821,24548,Ascent,Decider,303 Esports,Down Two Earth,303 Esports,2139,Down Two Earth,4308,3,9,4,1,0,0,Down Two Earth,PACIFIC
13821,24549,Haven,Decider,Down Two Earth,303 Esports,303 Esports,2139,Down Two Earth,4308,7,5,0,6,0,0,Down Two Earth,PACIFIC
13822,24551,Ascent,Decider,Noble,Rancor,Noble,3597,Rancor,4303,11,1,0,2,0,0,Noble,PACIFIC
13822,24552,Bind,Decider,Rancor,Noble,Noble,3597,Rancor,4303,4,8,5,3,0,0,Noble,PACIFIC
13823,24554,Ascent,Decider,Archons,Aqua,Archons,1654,Aqua,2477,10,2,2,3,0,0,Archons,PACIFIC
13823,24555,Bind,Decider,Aqua,Archons,Archons,1654,Aqua,2477,5,7,6,2,0,0,Archons,PACIFIC
13824,24557,Haven,Decider,Evil Geniuses,Big Boned Bandits,Evil Geniuses,5248,Big Boned Bandits,4301,6,6,2,7,0,0,Evil Geniuses,PACIFIC
13824,24558,Icebox,Decider,Big Boned Bandits,Evil Geniuses,Evil Geniuses,5248,Big Boned Bandits,4301,2,10,3,3,0,0,Evil Geniuses,PACIFIC
13825,24560,Bind,Decider,BLAHAJ,OW Refugees,BLAHAJ,2401,OW Refugees,3186,5,7,5,7,2,4,OW Refugees,PACIFIC
13825,24561,Icebox,Decider,OW Refugees,BLAHAJ,BLAHAJ,2401,OW Refugees,3186,3,9,4,0,0,0,BLAHAJ,PACIFIC
13825,24562,Split,Decider,BLAHAJ,OW Refugees,BLAHAJ,2401,OW Refugees,3186,11,1,6,2,0,0,BLAHAJ,PACIFIC
13826,24563,Split,Cracked and Dialed,Luminosity,Cracked and Dialed,Luminosity,642,Cracked and Dialed,4313,10,2,3,3,0,0,Luminosity,PACIFIC
13826,24564,Ascent,Luminosity,Cracked and Dialed,Luminosity,Luminosity,642,Cracked and Dialed,4313,6,6,7,3,0,0,Luminosity,PACIFIC
13827,24566,Bind,Decider,NorCal Esports,DaBaby Clan,NorCal Esports,6055,DaBaby Clan,4302,2,10,3,0,0,0,DaBaby Clan,PACIFIC
13827,24567,Ascent,Decider,DaBaby Clan,NorCal Esports,NorCal Esports,6055,DaBaby Clan,4302,9,3,3,4,0,0,DaBaby Clan,PACIFIC
13828,24569,Ascent,Decider,Akella,Akuma Esports Black,Akella,3274,Akuma Esports Black,2472,10,2,2,3,0,0,Akella,PACIFIC
13828,24570,Haven,Decider,Akuma Esports Black,Akella,Akella,3274,Akuma Esports Black,2472,3,9,4,0,0,0,Akella,PACIFIC
13829,24572,Icebox,Decider,Goofy Goobers,Lunch Club,Lunch Club,2774,Goofy Goobers,4290,4,8,5,2,0,0,Lunch Club,PACIFIC
13829,24573,Ascent,Decider,Lunch Club,Goofy Goobers,Lunch Club,2774,Goofy Goobers,4290,7,5,0,6,0,0,Lunch Club,PACIFIC
13830,24575,Ascent,Decider,Kooky Koalas,Exodus,Kooky Koalas,3187,Exodus,1671,11,1,2,2,0,0,Kooky Koalas,PACIFIC
13830,24576,Bind,Decider,Exodus,Kooky Koalas,Kooky Koalas,3187,Exodus,1671,3,9,4,8,0,0,Kooky Koalas,PACIFIC
13831,24578,Ascent,Decider,VIRTUOSO,Want It Gaming,VIRTUOSO,2348,Want It Gaming,4314,10,2,1,3,0,0,VIRTUOSO,PACIFIC
13831,24579,Icebox,Decider,Want It Gaming,VIRTUOSO,VIRTUOSO,2348,Want It Gaming,4314,3,9,4,0,0,0,VIRTUOSO,PACIFIC
13832,24581,Icebox,Decider,Time In,Hypothermia,Time In,1166,Hypothermia,4286,10,2,0,3,0,0,Time In,PACIFIC
13832,24582,Ascent,Decider,Hypothermia,Time In,Time In,1166,Hypothermia,4286,2,10,3,3,0,0,Time In,PACIFIC
13833,24584,Bind,Decider,Dallas Vendetta,Sum 2 Prove,Dallas Vendetta,2228,Sum 2 Prove,4282,8,4,9,1,0,0,Sum 2 Prove,PACIFIC
13833,24585,Ascent,Decider,Sum 2 Prove,Dallas Vendetta,Dallas Vendetta,2228,Sum 2 Prove,4282,9,3,0,4,0,0,Sum 2 Prove,PACIFIC
13834,24587,Bind,Decider,NRG,DownBad,NRG,1034,DownBad,4363,12,0,0,1,0,0,NRG,PACIFIC
13834,24588,Haven,NRG,DownBad,NRG,NRG,1034,DownBad,4363,5,7,6,0,0,0,NRG,PACIFIC
13835,24590,Ascent,Decider,YFP,Delusional Confidence,YFP,5038,Delusional Confidence,3530,7,5,6,6,0,0,YFP,PACIFIC
13835,24591,Bind,Decider,Delusional Confidence,YFP,YFP,5038,Delusional Confidence,3530,5,7,2,8,0,0,Delusional Confidence,PACIFIC
13835,24592,Haven,Decider,YFP,Delusional Confidence,YFP,5038,Delusional Confidence,3530,6,6,7,4,0,0,Delusional Confidence,PACIFIC
13836,24593,Split,Decider,OOKERS,Vancouver Elated,OOKERS,3765,Vancouver Elated,3781,9,3,2,4,0,0,OOKERS,PACIFIC
13836,24594,Ascent,Decider,Vancouver Elated,OOKERS,OOKERS,3765,Vancouver Elated,3781,2,10,3,2,0,0,OOKERS,PACIFIC
13837,24596,Haven,Decider,Interstate 95,Veggie Straws,Interstate 95,305,Veggie Straws,3783,6,6,4,7,0,0,Interstate 95,PACIFIC
13837,24597,Ascent,Decider,Veggie Straws,Interstate 95,Interstate 95,305,Veggie Straws,3783,2,10,3,4,0,0,Interstate 95,PACIFIC
13838,24599,Bind,Decider,beastcoast,HEAD HUNTERS,beastcoast,631,HEAD HUNTERS,3771,10,2,0,3,0,0,beastcoast,PACIFIC
13838,24600,Ascent,Decider,HEAD HUNTERS,beastcoast,beastcoast,631,HEAD HUNTERS,3771,1,11,2,0,0,0,beastcoast,PACIFIC
13839,24602,Ascent,Decider,Goldhorn Gaming,Waverunners,Waverunners,2481,Goldhorn Gaming,2943,5,7,6,6,0,0,Waverunners,PACIFIC
13839,24603,Split,Decider,Waverunners,Goldhorn Gaming,Waverunners,2481,Goldhorn Gaming,2943,4,8,4,8,3,1,Waverunners,PACIFIC
13840,24605,Haven,Decider,seeker,D2E Stayrooted,seeker,2136,D2E Stayrooted,3516,10,2,5,3,0,0,seeker,PACIFIC
13840,24606,Ascent,Decider,D2E Stayrooted,seeker,seeker,2136,D2E Stayrooted,3516,7,5,8,0,0,0,seeker,PACIFIC
13841,24608,Bind,Decider,Squirtle Squad,No Kizzy,Squirtle Squad,4315,No Kizzy,4300,9,3,0,4,0,0,Squirtle Squad,PACIFIC
13841,24609,Haven,Decider,No Kizzy,Squirtle Squad,Squirtle Squad,4315,No Kizzy,4300,2,10,3,0,0,0,Squirtle Squad,PACIFIC
13842,24611,Ascent,TAMU Maroon,FaZe Clan,TAMU Maroon,FaZe Clan,337,TAMU Maroon,2785,11,1,1,2,0,0,FaZe Clan,PACIFIC
13842,24612,Icebox,FaZe Clan,TAMU Maroon,FaZe Clan,FaZe Clan,337,TAMU Maroon,2785,1,11,2,0,0,0,FaZe Clan,PACIFIC
13843,24614,Ascent,Decider,UCF Valorant,SLU Esports,UCF Valorant,4307,SLU Esports,2448,10,2,2,3,0,0,UCF Valorant,PACIFIC
13843,24615,Haven,Decider,SLU Esports,UCF Valorant,UCF Valorant,4307,SLU Esports,2448,0,12,1,1,0,0,UCF Valorant,PACIFIC
13845,24620,Ascent,Decider,Reformed,ExPandable,Reformed,2802,ExPandable,2447,11,1,0,2,0,0,Reformed,PACIFIC
13845,24621,Split,Decider,ExPandable,Reformed,Reformed,2802,ExPandable,2447,6,6,7,3,0,0,Reformed,PACIFIC
13846,24623,Ascent,Decider,ez5,Ivy,ez5,5251,Ivy,4306,12,0,4,1,0,0,ez5,PACIFIC
13846,24624,Icebox,Decider,ez5,Ivy,ez5,5251,Ivy,4306,9,3,6,4,0,0,ez5,PACIFIC
13847,24626,Haven,Decider,Zero MarksMen,Buffalo,Zero MarksMen,4447,Buffalo,12724,11,1,0,2,0,0,Zero MarksMen,PACIFIC
13847,24627,Ascent,Decider,Buffalo,Zero MarksMen,Zero MarksMen,4447,Buffalo,12724,6,6,7,1,0,0,Zero MarksMen,PACIFIC
13848,24629,Ascent,Decider,BASILISK,DEF Mode,BASILISK,3337,DEF Mode,4311,11,1,0,2,0,0,BASILISK,PACIFIC
13848,24630,Icebox,Decider,DEF Mode,BASILISK,BASILISK,3337,DEF Mode,4311,6,6,6,6,2,4,BASILISK,PACIFIC
13849,24632,Split,Decider,Exotic,Ares Gaming,Exotic,1301,Ares Gaming,3542,7,5,4,6,0,0,Exotic,PACIFIC
13849,24633,Ascent,Decider,Ares Gaming,Exotic,Exotic,1301,Ares Gaming,3542,4,8,5,1,0,0,Exotic,PACIFIC
13850,24635,Bind,FBM,T1,FBM,T1,14,FBM,3762,5,7,1,8,0,0,T1,PACIFIC
13850,24636,Haven,T1,FBM,T1,T1,14,FBM,3762,2,10,3,1,0,0,T1,PACIFIC
13851,24638,Icebox,Decider,Unprepared,NBKS CENTURIONS,NBKS CENTURIONS,2492,Unprepared,4288,6,6,7,4,0,0,NBKS CENTURIONS,PACIFIC
13851,24639,Ascent,Decider,NBKS CENTURIONS,Unprepared,NBKS CENTURIONS,2492,Unprepared,4288,9,3,2,4,0,0,NBKS CENTURIONS,PACIFIC
13852,24641,Haven,Decider,Project A,the gorillas,Project A,4304,the gorillas,4287,8,4,6,5,0,0,Project A,PACIFIC
13852,24642,Ascent,Decider,the gorillas,Project A,Project A,4304,the gorillas,4287,5,7,3,8,0,0,the gorillas,PACIFIC
13852,24643,Bind,Decider,the gorillas,Project A,Project A,4304,the gorillas,4287,5,7,5,7,0,2,Project A,PACIFIC
13853,24644,Icebox,Decider,Brimstone Gaming,Oddyssey,Brimstone Gaming,2377,Oddyssey,4293,10,2,2,3,0,0,Brimstone Gaming,PACIFIC
13853,24645,Ascent,Decider,Oddyssey,Brimstone Gaming,Brimstone Gaming,2377,Oddyssey,4293,3,9,4,3,0,0,Brimstone Gaming,PACIFIC
13855,24650,Haven,Decider,CLG Red,StarlessGG,CLG Red,3545,StarlessGG,2246,1,11,2,0,0,0,StarlessGG,PACIFIC
13855,24651,Icebox,Decider,StarlessGG,CLG Red,CLG Red,3545,StarlessGG,2246,8,4,3,5,0,0,StarlessGG,PACIFIC
13856,24653,Ascent,Decider,To Da Crib,Team Name,Team Name,4347,To Da Crib,3786,1,11,2,2,0,0,Team Name,PACIFIC
13856,24654,Ascent,Decider,To Da Crib,Team Name,Team Name,4347,To Da Crib,3786,1,11,2,2,0,0,Team Name,PACIFIC
13857,24656,Haven,Decider,Able Esports,WHOMEGALUL,Able Esports,1669,WHOMEGALUL,4283,8,4,1,5,0,0,Able Esports,PACIFIC
13857,24657,Ascent,Decider,WHOMEGALUL,Able Esports,Able Esports,1669,WHOMEGALUL,4283,4,8,5,2,0,0,Able Esports,PACIFIC
13858,24659,Ascent,Decider,Gen.G,Chilling in Space,Gen.G,17,Chilling in Space,3790,10,2,1,3,0,0,Gen.G,PACIFIC
13858,24660,Haven,Decider,Chilling in Space,Gen.G,Gen.G,17,Chilling in Space,3790,2,10,3,2,0,0,Gen.G,PACIFIC
13859,24662,Ascent,Decider,zesty's money crew,Event Horizon,zesty's money crew,4364,Event Horizon,4317,8,4,7,5,0,0,zesty's money crew,PACIFIC
13859,24663,Bind,Decider,zesty's money crew,Event Horizon,zesty's money crew,4364,Event Horizon,4317,7,5,1,6,0,0,zesty's money crew,PACIFIC
13860,24665,Ascent,Decider,Slimy Boogermen,DNADIFF,Slimy Boogermen,2946,DNADIFF,4299,3,9,4,0,0,0,DNADIFF,PACIFIC
13860,24666,Icebox,Decider,DNADIFF,Slimy Boogermen,Slimy Boogermen,2946,DNADIFF,4299,5,7,6,2,0,0,Slimy Boogermen,PACIFIC
13860,24667,Haven,Decider,DNADIFF,Slimy Boogermen,Slimy Boogermen,2946,DNADIFF,4299,5,7,6,6,0,0,Slimy Boogermen,PACIFIC
13861,24668,Ascent,Decider,Icons,Recon 5,Icons,4367,Recon 5,3686,8,4,9,3,0,0,Recon 5,PACIFIC
13861,24669,Bind,Decider,Recon 5,Icons,Icons,4367,Recon 5,3686,9,3,5,4,0,0,Recon 5,PACIFIC
13862,24671,Ascent,Decider,Knights,Synthetic,Knights,1615,Synthetic,3213,9,3,4,4,0,0,Knights,PACIFIC
13862,24672,Bind,Decider,Synthetic,Knights,Knights,1615,Synthetic,3213,6,6,7,1,0,0,Knights,PACIFIC
13863,24674,Haven,Decider,Elmerz Glue,LifeThruGaming,Elmerz Glue,4366,LifeThruGaming,4285,10,2,2,3,0,0,Elmerz Glue,PACIFIC
13863,24675,Ascent,Decider,LifeThruGaming,Elmerz Glue,Elmerz Glue,4366,LifeThruGaming,4285,3,9,4,0,0,0,Elmerz Glue,PACIFIC
13864,24677,Haven,Decider,Complexity,Space Bound,Complexity,470,Space Bound,3793,8,4,2,5,0,0,Complexity,PACIFIC
13864,24678,Split,Decider,Space Bound,Complexity,Complexity,470,Space Bound,3793,6,6,6,6,0,2,Complexity,PACIFIC
13865,24680,Ascent,Decider,afterMath Esports,Generation 5,afterMath Esports,4260,Generation 5,4310,8,4,6,5,0,0,afterMath Esports,PACIFIC
13865,24681,Icebox,Decider,Generation 5,afterMath Esports,afterMath Esports,4260,Generation 5,4310,6,6,7,0,0,0,afterMath Esports,PACIFIC
13866,24683,Ascent,Barely Acceptable,TSM,Barely Acceptable,TSM,106,Barely Acceptable,4298,12,0,0,1,0,0,TSM,PACIFIC
13866,24684,Haven,TSM,Barely Acceptable,TSM,TSM,106,Barely Acceptable,4298,0,12,1,0,0,0,TSM,PACIFIC
13867,24686,Icebox,Decider,FIU Valorant,EAST COAST NO CAPPERS,FIU Valorant,3758,EAST COAST NO CAPPERS,4291,5,7,4,8,0,0,FIU Valorant,PACIFIC
13867,24687,Ascent,Decider,EAST COAST NO CAPPERS,FIU Valorant,FIU Valorant,3758,EAST COAST NO CAPPERS,4291,7,5,6,6,0,0,EAST COAST NO CAPPERS,PACIFIC
13867,24688,Split,Decider,FIU Valorant,EAST COAST NO CAPPERS,FIU Valorant,3758,EAST COAST NO CAPPERS,4291,11,1,2,2,0,0,FIU Valorant,PACIFIC
13868,24689,Haven,Decider,Resonate,Starlight,Resonate,6422,Starlight,4264,10,2,1,3,0,0,Resonate,PACIFIC
13868,24690,Bind,Decider,Starlight,Resonate,Resonate,6422,Starlight,4264,3,9,4,1,0,0,Resonate,PACIFIC
13869,24692,Ascent,Decider,FREELO,Chicken CLUB,FREELO,3768,Chicken CLUB,3777,10,2,6,3,0,0,FREELO,PACIFIC
13869,24693,Haven,Decider,Chicken CLUB,FREELO,FREELO,3768,Chicken CLUB,3777,1,11,2,0,0,0,FREELO,PACIFIC
13870,24695,Bind,Aggie Gaming at UC,Soniqs,Aggie Gaming at UC,Soniqs,2350,Aggie Gaming at UC,3759,9,3,0,4,0,0,Soniqs,PACIFIC
13870,24696,Ascent,Soniqs,Aggie Gaming at UC,Soniqs,Soniqs,2350,Aggie Gaming at UC,3759,2,10,3,0,0,0,Soniqs,PACIFIC
13871,30985,Ascent,Decider,Prism Esports,Saber,Prism Esports,853,Saber,3784,8,4,9,3,0,0,Saber,PACIFIC
13871,30986,Bind,Decider,Saber,Prism Esports,Prism Esports,853,Saber,3784,9,3,5,4,0,0,Saber,PACIFIC
13872,24701,Bind,Decider,SoaR,Agoge Gaming,SoaR,4345,Agoge Gaming,2937,11,1,0,2,0,0,SoaR,PACIFIC
13872,24702,Haven,Decider,Agoge Gaming,SoaR,SoaR,4345,Agoge Gaming,2937,6,6,7,0,0,0,SoaR,PACIFIC
13873,24704,Bind,Decider,Radiant Roombas,O.O.D.A Loopers,Radiant Roombas,2379,O.O.D.A Loopers,3756,7,5,8,2,0,0,O.O.D.A Loopers,PACIFIC
13873,24705,Split,Decider,O.O.D.A Loopers,Radiant Roombas,Radiant Roombas,2379,O.O.D.A Loopers,3756,5,7,6,2,0,0,Radiant Roombas,PACIFIC
13873,24706,Icebox,Decider,Radiant Roombas,O.O.D.A Loopers,Radiant Roombas,2379,O.O.D.A Loopers,3756,6,6,7,1,0,0,O.O.D.A Loopers,PACIFIC
13878,24716,Ascent,Decider,Spot Up,#1 Victory Royale,Spot Up,302,#1 Victory Royale,4316,4,8,4,8,2,0,Spot Up,PACIFIC
13878,24717,Bind,Decider,#1 Victory Royale,Spot Up,Spot Up,302,#1 Victory Royale,4316,5,7,6,3,0,0,Spot Up,PACIFIC
13897,24773,Haven,Decider,Renegades,StarlessGG,Renegades,468,StarlessGG,2246,10,2,2,3,0,0,Renegades,PACIFIC
13897,24774,Bind,Decider,Renegades,StarlessGG,Renegades,468,StarlessGG,2246,10,2,1,3,0,0,Renegades,PACIFIC
13881,24725,Ascent,Decider,Noble,Archons,Noble,3597,Archons,1654,5,7,2,8,0,0,Noble,PACIFIC
13881,24726,Bind,Decider,Archons,Noble,Noble,3597,Archons,1654,6,6,6,6,0,2,Noble,PACIFIC
13876,24710,Ascent,Decider,Insert Name Here,Grapefruit Techniques,Insert Name Here,4368,Grapefruit Techniques,1117,7,5,7,5,1,3,Grapefruit Techniques,PACIFIC
13876,24711,Bind,Decider,Grapefruit Techniques,Insert Name Here,Insert Name Here,4368,Grapefruit Techniques,1117,6,6,2,7,0,0,Grapefruit Techniques,PACIFIC
13877,24713,Bind,eUnited,Rise,eUnited,eUnited,2287,Rise,637,9,3,1,4,0,0,Rise,PACIFIC
13877,24714,Ascent,Rise,eUnited,Rise,eUnited,2287,Rise,637,6,6,6,6,1,3,Rise,PACIFIC
13880,24722,Bind,Decider,On The Way,Down Two Earth,On The Way,3778,Down Two Earth,4308,9,3,3,4,0,0,On The Way,PACIFIC
13880,24723,Haven,Decider,Down Two Earth,On The Way,On The Way,3778,Down Two Earth,4308,1,11,2,0,0,0,On The Way,PACIFIC
13886,24740,Bind,Decider,Time In,Sum 2 Prove,Time In,1166,Sum 2 Prove,4282,4,8,5,0,0,0,Sum 2 Prove,PACIFIC
13886,24741,Ascent,Decider,Sum 2 Prove,Time In,Time In,1166,Sum 2 Prove,4282,10,2,0,3,0,0,Sum 2 Prove,PACIFIC
13898,24776,Ascent,Decider,Team Name,Able Esports,Team Name,4347,Able Esports,1669,10,2,6,3,0,0,Team Name,PACIFIC
13898,24777,Bind,Decider,Able Esports,Team Name,Team Name,4347,Able Esports,1669,6,6,0,7,0,0,Able Esports,PACIFIC
13898,24778,Split,Decider,Team Name,Able Esports,Team Name,4347,Able Esports,1669,6,6,2,7,0,0,Team Name,PACIFIC
13884,24734,Icebox,Decider,Lunch Club,Akella,Akella,3274,Lunch Club,2774,4,8,5,6,0,0,Akella,PACIFIC
13884,24735,Ascent,Decider,Lunch Club,Akella,Akella,3274,Lunch Club,2774,3,9,4,3,0,0,Akella,PACIFIC
13890,24752,Haven,Decider,seeker,Squirtle Squad,seeker,2136,Squirtle Squad,4315,5,7,5,7,2,0,seeker,PACIFIC
13890,24753,Icebox,Decider,seeker,Squirtle Squad,seeker,2136,Squirtle Squad,4315,5,7,6,4,0,0,Squirtle Squad,PACIFIC
13890,24754,Ascent,Decider,seeker,Squirtle Squad,seeker,2136,Squirtle Squad,4315,6,6,7,4,0,0,Squirtle Squad,PACIFIC
13891,24755,Ascent,Decider,FaZe Clan,UCF Valorant,FaZe Clan,337,UCF Valorant,4307,8,4,1,5,0,0,FaZe Clan,PACIFIC
13891,24756,Icebox,Decider,UCF Valorant,FaZe Clan,FaZe Clan,337,UCF Valorant,4307,3,9,4,0,0,0,FaZe Clan,PACIFIC
13892,24758,Bind,Decider,Foxy,Reformed,Foxy,2529,Reformed,2802,4,8,2,9,0,0,Foxy,PACIFIC
13892,24759,Ascent,Decider,Reformed,Foxy,Foxy,2529,Reformed,2802,10,2,0,3,0,0,Reformed,PACIFIC
13892,24760,Icebox,Decider,Foxy,Reformed,Foxy,2529,Reformed,2802,2,10,3,4,0,0,Reformed,PACIFIC
13883,24731,Bind,Decider,Luminosity,DaBaby Clan,Luminosity,642,DaBaby Clan,4302,9,3,0,4,0,0,Luminosity,PACIFIC
13883,24732,Haven,Decider,DaBaby Clan,Luminosity,Luminosity,642,DaBaby Clan,4302,4,8,5,0,0,0,Luminosity,PACIFIC
13899,24779,Ascent,Decider,Gen.G,zesty's money crew,Gen.G,17,zesty's money crew,4364,12,0,3,1,0,0,Gen.G,PACIFIC
13899,24780,Icebox,Decider,zesty's money crew,Gen.G,Gen.G,17,zesty's money crew,4364,1,11,2,3,0,0,Gen.G,PACIFIC
13894,24764,Icebox,Decider,BASILISK,Exotic,BASILISK,3337,Exotic,1301,9,3,2,4,0,0,BASILISK,PACIFIC
13894,24765,Ascent,Decider,Exotic,BASILISK,BASILISK,3337,Exotic,1301,6,6,7,4,0,0,BASILISK,PACIFIC
13893,24761,Ascent,Decider,ez5,Zero MarksMen,ez5,5251,Zero MarksMen,4447,9,3,5,4,0,0,ez5,PACIFIC
13893,24762,Haven,Decider,Zero MarksMen,ez5,ez5,5251,Zero MarksMen,4447,5,7,6,3,0,0,ez5,PACIFIC
13879,24719,Bind,Decider,Ghost Gaming,Meant 2 Be,Ghost Gaming,2291,Meant 2 Be,4280,9,3,0,4,0,0,Ghost Gaming,PACIFIC
13879,24720,Haven,Decider,Meant 2 Be,Ghost Gaming,Ghost Gaming,2291,Meant 2 Be,4280,8,4,9,3,0,0,Ghost Gaming,PACIFIC
13885,24737,Icebox,Decider,Kooky Koalas,VIRTUOSO,Kooky Koalas,3187,VIRTUOSO,2348,1,11,2,0,0,0,VIRTUOSO,PACIFIC
13885,24738,Ascent,Decider,VIRTUOSO,Kooky Koalas,Kooky Koalas,3187,VIRTUOSO,2348,5,7,4,8,0,0,VIRTUOSO,PACIFIC
13887,24743,Ascent,Decider,NRG,Delusional Confidence,NRG,1034,Delusional Confidence,3530,10,2,3,3,0,0,NRG,PACIFIC
13887,24744,Haven,Decider,Delusional Confidence,NRG,NRG,1034,Delusional Confidence,3530,4,8,5,0,0,0,NRG,PACIFIC
13888,24746,Haven,Decider,OOKERS,Interstate 95,OOKERS,3765,Interstate 95,305,5,7,6,4,0,0,Interstate 95,PACIFIC
13888,24747,Ascent,Decider,Interstate 95,OOKERS,OOKERS,3765,Interstate 95,305,5,7,6,0,0,0,OOKERS,PACIFIC
13888,24748,Split,Decider,OOKERS,Interstate 95,OOKERS,3765,Interstate 95,305,8,4,0,5,0,0,OOKERS,PACIFIC
13889,24749,Ascent,Decider,beastcoast,Waverunners,beastcoast,631,Waverunners,2481,7,5,1,6,0,0,beastcoast,PACIFIC
13889,24750,Bind,Decider,Waverunners,beastcoast,beastcoast,631,Waverunners,2481,8,4,9,2,0,0,beastcoast,PACIFIC
13895,24767,Bind,Decider,T1,NBKS CENTURIONS,T1,14,NBKS CENTURIONS,2492,7,5,0,6,0,0,T1,PACIFIC
13895,24768,Haven,Decider,NBKS CENTURIONS,T1,T1,14,NBKS CENTURIONS,2492,3,9,4,1,0,0,T1,PACIFIC
13901,24786,Ascent,Decider,Elmerz Glue,Knights,Knights,1615,Elmerz Glue,4366,2,10,3,2,0,0,Knights,PACIFIC
13901,24787,Split,Decider,Knights,Elmerz Glue,Knights,1615,Elmerz Glue,4366,5,7,6,4,0,0,Elmerz Glue,PACIFIC
13901,30988,Haven,Decider,Knights,Elmerz Glue,Knights,1615,Elmerz Glue,4366,4,8,5,6,0,0,Elmerz Glue,PACIFIC
13902,24788,Ascent,Decider,Complexity,afterMath Esports,Complexity,470,afterMath Esports,4260,7,5,0,6,0,0,Complexity,PACIFIC
13902,24789,Icebox,Decider,afterMath Esports,Complexity,Complexity,470,afterMath Esports,4260,6,6,7,1,0,0,Complexity,PACIFIC
13903,24791,Ascent,Decider,TSM,FIU Valorant,TSM,106,FIU Valorant,3758,8,4,3,5,0,0,TSM,PACIFIC
13903,24792,Icebox,Decider,FIU Valorant,TSM,TSM,106,FIU Valorant,3758,2,10,3,0,0,0,TSM,PACIFIC
13904,24794,Ascent,Decider,Resonate,FREELO,Resonate,6422,FREELO,3768,10,2,1,3,0,0,Resonate,PACIFIC
13904,24795,Bind,Decider,FREELO,Resonate,Resonate,6422,FREELO,3768,3,9,4,2,0,0,Resonate,PACIFIC
13905,24797,Ascent,Decider,Soniqs,Saber,Soniqs,2350,Saber,3784,10,2,2,3,0,0,Soniqs,PACIFIC
13905,24798,Bind,Decider,Saber,Soniqs,Soniqs,2350,Saber,3784,6,6,7,5,0,0,Soniqs,PACIFIC
13875,24707,Haven,Decider,Sentinels,Neebs and Weebs,Sentinels,2,Neebs and Weebs,3193,10,2,0,3,0,0,Sentinels,PACIFIC
13875,24708,Split,Decider,Neebs and Weebs,Sentinels,Sentinels,2,Neebs and Weebs,3193,5,7,6,1,0,0,Sentinels,PACIFIC
13900,24782,Ascent,Decider,Slimy Boogermen,Recon 5,Slimy Boogermen,2946,Recon 5,3686,8,4,0,5,0,0,Slimy Boogermen,PACIFIC
13900,24783,Split,Decider,Recon 5,Slimy Boogermen,Slimy Boogermen,2946,Recon 5,3686,3,9,4,2,0,0,Slimy Boogermen,PACIFIC
13882,24728,Icebox,Decider,Evil Geniuses,BLAHAJ,Evil Geniuses,5248,BLAHAJ,2401,7,5,4,6,0,0,Evil Geniuses,PACIFIC
13882,24729,Haven,Decider,Evil Geniuses,BLAHAJ,Evil Geniuses,5248,BLAHAJ,2401,6,6,7,1,0,0,BLAHAJ,PACIFIC
13882,24730,Split,Decider,Evil Geniuses,BLAHAJ,Evil Geniuses,5248,BLAHAJ,2401,4,8,0,9,0,0,Evil Geniuses,PACIFIC
13906,24800,Bind,Decider,SoaR,O.O.D.A Loopers,SoaR,4345,O.O.D.A Loopers,3756,11,1,0,2,0,0,SoaR,PACIFIC
13906,24801,Ascent,Decider,O.O.D.A Loopers,SoaR,SoaR,4345,O.O.D.A Loopers,3756,9,3,8,4,0,0,O.O.D.A Loopers,PACIFIC
13906,24802,Icebox,Decider,SoaR,O.O.D.A Loopers,SoaR,4345,O.O.D.A Loopers,3756,3,9,4,6,0,0,O.O.D.A Loopers,PACIFIC
13896,24770,Haven,Decider,Project A,Brimstone Gaming,Project A,4304,Brimstone Gaming,2377,10,2,3,3,0,0,Project A,PACIFIC
13896,24771,Split,Decider,Brimstone Gaming,Project A,Project A,4304,Brimstone Gaming,2377,3,9,4,6,0,0,Project A,PACIFIC
13907,24803,Ascent,Grapefruit Techniques,Sentinels,Grapefruit Techniques,Sentinels,2,Grapefruit Techniques,1117,10,2,0,3,0,0,Sentinels,PACIFIC
13907,24804,Icebox,Sentinels,Grapefruit Techniques,Sentinels,Sentinels,2,Grapefruit Techniques,1117,5,7,6,2,0,0,Sentinels,PACIFIC
13908,24806,Bind,Spot Up,Rise,Spot Up,Rise,637,Spot Up,302,9,3,0,4,0,0,Rise,PACIFIC
13908,24807,Split,Rise,Spot Up,Rise,Rise,637,Spot Up,302,1,11,2,5,0,0,Rise,PACIFIC
13909,24809,Bind,Decider,Ghost Gaming,On The Way,Ghost Gaming,2291,On The Way,3778,5,7,6,1,0,0,On The Way,PACIFIC
13909,24810,Haven,Ghost Gaming,On The Way,Ghost Gaming,Ghost Gaming,2291,On The Way,3778,7,5,0,6,0,0,On The Way,PACIFIC
13910,24812,Ascent,Evil Geniuses,Noble,Evil Geniuses,Noble,3597,Evil Geniuses,5248,11,1,3,2,0,0,Noble,PACIFIC
13910,24813,Split,Noble,Evil Geniuses,Noble,Noble,3597,Evil Geniuses,5248,3,9,4,3,0,0,Noble,PACIFIC
13911,24815,Ascent,Akella,Luminosity,Akella,Luminosity,642,Akella,3274,6,6,2,7,0,0,Luminosity,PACIFIC
13911,24816,Bind,Luminosity,Akella,Luminosity,Luminosity,642,Akella,3274,3,9,1,10,0,0,Akella,PACIFIC
13911,24817,Haven,Decider,Luminosity,Akella,Luminosity,642,Akella,3274,7,5,0,6,0,0,Luminosity,PACIFIC
13912,24818,Split,Sum 2 Prove,VIRTUOSO,Sum 2 Prove,VIRTUOSO,2348,Sum 2 Prove,4282,5,7,5,7,1,3,Sum 2 Prove,PACIFIC
13912,24819,Ascent,VIRTUOSO,Sum 2 Prove,VIRTUOSO,VIRTUOSO,2348,Sum 2 Prove,4282,6,6,2,7,0,0,Sum 2 Prove,PACIFIC
13913,24821,Ascent,OOKERS,NRG,OOKERS,NRG,1034,OOKERS,3765,10,2,1,3,0,0,NRG,PACIFIC
13913,24822,Haven,NRG,OOKERS,NRG,NRG,1034,OOKERS,3765,1,11,2,0,0,0,NRG,PACIFIC
13914,24824,Icebox,Squirtle Squad,beastcoast,Squirtle Squad,beastcoast,631,Squirtle Squad,4315,10,2,6,3,0,0,beastcoast,PACIFIC
13914,24825,Ascent,beastcoast,Squirtle Squad,beastcoast,beastcoast,631,Squirtle Squad,4315,6,6,6,6,3,1,Squirtle Squad,PACIFIC
13914,24826,Bind,Decider,beastcoast,Squirtle Squad,beastcoast,631,Squirtle Squad,4315,7,5,8,4,0,0,Squirtle Squad,PACIFIC
13915,24827,Split,Reformed,FaZe Clan,Reformed,FaZe Clan,337,Reformed,2802,9,3,1,4,0,0,FaZe Clan,PACIFIC
13915,24828,Ascent,FaZe Clan,Reformed,FaZe Clan,FaZe Clan,337,Reformed,2802,4,8,5,0,0,0,FaZe Clan,PACIFIC
13916,24830,Haven,Decider,ez5,BASILISK,ez5,5251,BASILISK,3337,6,6,7,2,0,0,BASILISK,PACIFIC
13916,24831,Icebox,ez5,BASILISK,ez5,ez5,5251,BASILISK,3337,6,6,7,4,0,0,ez5,PACIFIC
13916,24832,Bind,Decider,ez5,BASILISK,ez5,5251,BASILISK,3337,6,6,4,7,0,0,ez5,PACIFIC
13917,24833,Split,Project A,T1,Project A,T1,14,Project A,4304,12,0,0,1,0,0,T1,PACIFIC
13917,24834,Haven,T1,Project A,T1,T1,14,Project A,4304,3,9,4,0,0,0,T1,PACIFIC
13918,24836,Bind,Team Name,Renegades,Team Name,Renegades,468,Team Name,4347,9,3,8,4,0,0,Renegades,PACIFIC
13918,24837,Icebox,Renegades,Team Name,Renegades,Renegades,468,Team Name,4347,6,6,7,2,0,0,Renegades,PACIFIC
13919,24839,Ascent,Slimy Boogermen,Gen.G,Slimy Boogermen,Gen.G,17,Slimy Boogermen,2946,9,3,0,4,0,0,Gen.G,PACIFIC
13919,24841,Haven,Decider,Slimy Boogermen,Gen.G,Gen.G,17,Slimy Boogermen,2946,6,6,7,3,0,0,Gen.G,PACIFIC
13919,31131,Icebox,Gen.G,Slimy Boogermen,Gen.G,Gen.G,17,Slimy Boogermen,2946,5,7,3,8,0,0,Slimy Boogermen,PACIFIC
13920,24842,Split,Complexity,Elmerz Glue,Complexity,Elmerz Glue,4366,Complexity,470,6,6,7,5,0,0,Complexity,PACIFIC
13920,24843,Haven,Elmerz Glue,Complexity,Elmerz Glue,Elmerz Glue,4366,Complexity,470,6,6,7,2,0,0,Elmerz Glue,PACIFIC
13920,24844,Ascent,Decider,Elmerz Glue,Complexity,Elmerz Glue,4366,Complexity,470,3,9,4,3,0,0,Complexity,PACIFIC
13921,24845,Split,Resonate,TSM,Resonate,TSM,106,Resonate,6422,10,2,1,3,0,0,TSM,PACIFIC
13921,24846,Ascent,TSM,Resonate,TSM,TSM,106,Resonate,6422,5,7,6,5,0,0,TSM,PACIFIC
13922,24848,Ascent,O.O.D.A Loopers,Soniqs,O.O.D.A Loopers,Soniqs,2350,O.O.D.A Loopers,3756,6,6,1,7,0,0,Soniqs,PACIFIC
13922,24849,Icebox,Soniqs,O.O.D.A Loopers,Soniqs,Soniqs,2350,O.O.D.A Loopers,3756,3,9,4,2,0,0,Soniqs,PACIFIC
13923,24851,Ascent,Rise,Sentinels,Rise,Sentinels,2,Rise,637,9,3,0,4,0,0,Sentinels,PACIFIC
13923,24852,Haven,Sentinels,Rise,Sentinels,Sentinels,2,Rise,637,6,6,7,3,0,0,Sentinels,PACIFIC
13924,24854,Bind,Noble,On The Way,Noble,On The Way,3778,Noble,3597,10,2,10,2,1,3,Noble,PACIFIC
13924,24855,Haven,On The Way,Noble,On The Way,On The Way,3778,Noble,3597,8,4,2,5,0,0,Noble,PACIFIC
13928,24866,Haven,T1,Renegades,T1,T1,14,Renegades,468,3,9,4,6,0,0,T1,PACIFIC
13928,24867,Icebox,Renegades,T1,Renegades,T1,14,Renegades,468,7,5,4,6,0,0,T1,PACIFIC
13925,24857,Split,Sum 2 Prove,Luminosity,Sum 2 Prove,Luminosity,642,Sum 2 Prove,4282,4,8,5,4,0,0,Sum 2 Prove,PACIFIC
13925,24858,Haven,Luminosity,Luminosity,Sum 2 Prove,Luminosity,642,Sum 2 Prove,4282,8,4,4,5,0,0,Luminosity,PACIFIC
13925,24859,Ascent,Decider,Luminosity,Sum 2 Prove,Luminosity,642,Sum 2 Prove,4282,9,3,4,4,0,0,Luminosity,PACIFIC
13930,24872,Icebox,Soniqs,TSM,Soniqs,TSM,106,Soniqs,2350,3,9,4,4,0,0,Soniqs,PACIFIC
13930,24873,Ascent,TSM,Soniqs,TSM,TSM,106,Soniqs,2350,3,9,4,5,0,0,TSM,PACIFIC
13930,24874,Split,Decider,TSM,Soniqs,TSM,106,Soniqs,2350,10,2,2,3,0,0,TSM,PACIFIC
13927,24863,Ascent,ez5,FaZe Clan,ez5,FaZe Clan,337,ez5,5251,8,4,3,5,0,0,FaZe Clan,PACIFIC
13927,24864,Bind,FaZe Clan,ez5,FaZe Clan,FaZe Clan,337,ez5,5251,3,9,4,3,0,0,FaZe Clan,PACIFIC
13929,24869,Icebox,Complexity,Gen.G,Complexity,Gen.G,17,Complexity,470,4,8,5,0,0,0,Complexity,PACIFIC
13929,24870,Haven,Gen.G,Complexity,Gen.G,Gen.G,17,Complexity,470,6,6,7,0,0,0,Gen.G,PACIFIC
13929,24871,Ascent,Decider,Gen.G,Complexity,Gen.G,17,Complexity,470,9,3,1,4,0,0,Gen.G,PACIFIC
13926,24860,Icebox,Squirtle Squad,NRG,Squirtle Squad,NRG,1034,Squirtle Squad,4315,5,7,5,7,0,2,Squirtle Squad,PACIFIC
13926,24861,Haven,NRG,Squirtle Squad,NRG,NRG,1034,Squirtle Squad,4315,1,11,2,2,0,0,NRG,PACIFIC
13926,24862,Ascent,Decider,NRG,Squirtle Squad,NRG,1034,Squirtle Squad,4315,10,2,3,3,0,0,NRG,PACIFIC
13931,24875,Haven,Noble,Sentinels,Noble,Sentinels,2,Noble,3597,8,4,2,5,0,0,Sentinels,PACIFIC
13931,24876,Ascent,Sentinels,Noble,Sentinels,Sentinels,2,Noble,3597,3,9,4,4,0,0,Sentinels,PACIFIC
13932,24878,Split,NRG,Luminosity,NRG,Luminosity,642,NRG,1034,6,6,7,4,0,0,NRG,PACIFIC
13932,24879,Bind,Luminosity,NRG,Luminosity,Luminosity,642,NRG,1034,6,6,1,7,0,0,NRG,PACIFIC
13933,24881,Icebox,T1,FaZe Clan,T1,FaZe Clan,337,T1,14,3,9,4,5,0,0,T1,PACIFIC
13933,24882,Bind,FaZe Clan,T1,FaZe Clan,FaZe Clan,337,T1,14,1,11,2,0,0,0,FaZe Clan,PACIFIC
13933,24883,Split,Decider,FaZe Clan,T1,FaZe Clan,337,T1,14,6,6,7,3,0,0,T1,PACIFIC
13934,24884,Ascent,TSM,Gen.G,TSM,Gen.G,17,TSM,106,2,10,3,4,0,0,TSM,PACIFIC
13934,24885,Haven,Gen.G,TSM,Gen.G,Gen.G,17,TSM,106,9,3,6,4,0,0,TSM,PACIFIC
16984,31467,Haven,Decider,T1,Cloud9,Cloud9,188,T1,14,5,7,6,2,0,0,Cloud9,PACIFIC
16984,31468,Icebox,T1,Cloud9,T1,Cloud9,188,T1,14,10,2,6,3,0,0,Cloud9,PACIFIC
16985,31470,Haven,Sentinels,Andbox,Sentinels,Andbox,856,Sentinels,2,7,5,7,5,3,1,Andbox,PACIFIC
16985,31471,Split,Andbox,Sentinels,Andbox,Andbox,856,Sentinels,2,8,4,9,3,0,0,Andbox,PACIFIC
16986,31473,Ascent,TSM,Immortals,TSM,Immortals,103,TSM,106,7,5,1,6,0,0,Immortals,PACIFIC
16986,31474,Icebox,Immortals,TSM,Immortals,Immortals,103,TSM,106,7,5,4,6,0,0,TSM,PACIFIC
16986,31475,Bind,Decider,Immortals,TSM,Immortals,103,TSM,106,7,5,6,6,0,0,Immortals,PACIFIC
16987,31476,Icebox,Built By Gamers,Built By Gamers,NRG,Built By Gamers,473,NRG,1034,7,5,8,1,0,0,NRG,PACIFIC
16987,31477,Haven,NRG,Built By Gamers,NRG,Built By Gamers,473,NRG,1034,3,9,4,3,0,0,NRG,PACIFIC
16992,31491,Haven,T1,Sentinels,T1,T1,14,Sentinels,2,4,8,5,5,0,0,T1,PACIFIC
16992,31492,Split,Sentinels,T1,Sentinels,T1,14,Sentinels,2,9,3,10,1,0,0,Sentinels,PACIFIC
16992,31493,Icebox,Decider,Sentinels,T1,T1,14,Sentinels,2,5,7,3,8,0,0,Sentinels,PACIFIC
16991,31488,Ascent,TSM,Built By Gamers,TSM,TSM,106,Built By Gamers,473,2,10,3,3,0,0,TSM,PACIFIC
16991,31489,Haven,Built By Gamers,TSM,Built By Gamers,TSM,106,Built By Gamers,473,9,3,0,4,0,0,TSM,PACIFIC
16988,31479,Haven,Cloud9,Andbox,Cloud9,Cloud9,188,Andbox,856,5,7,6,6,0,0,Cloud9,PACIFIC
16988,31480,Split,Andbox,Cloud9,Andbox,Cloud9,188,Andbox,856,8,4,5,5,0,0,Cloud9,PACIFIC
16989,31482,Icebox,NRG,Immortals,NRG,Immortals,103,NRG,1034,8,4,6,5,0,0,Immortals,PACIFIC
16989,31483,Ascent,Immortals,NRG,Immortals,Immortals,103,NRG,1034,9,3,6,4,0,0,NRG,PACIFIC
16989,31484,Haven,Decider,Immortals,NRG,Immortals,103,NRG,1034,2,10,3,2,0,0,NRG,PACIFIC
16993,31494,Haven,Andbox,TSM,Andbox,Andbox,856,TSM,106,6,6,7,5,0,0,Andbox,PACIFIC
16993,31495,Ascent,TSM,Andbox,TSM,Andbox,856,TSM,106,11,1,7,2,0,0,Andbox,PACIFIC
16994,31497,Haven,Sentinels,Immortals,Sentinels,Immortals,103,Sentinels,2,5,7,5,7,0,2,Sentinels,PACIFIC
16994,31498,Ascent,Immortals,Sentinels,Immortals,Immortals,103,Sentinels,2,8,4,2,5,0,0,Sentinels,PACIFIC
16990,31485,Haven,Cloud9,NRG,Cloud9,Cloud9,188,NRG,1034,4,8,4,8,1,3,Cloud9,PACIFIC
16990,31486,Icebox,NRG,Cloud9,NRG,Cloud9,188,NRG,1034,10,2,0,3,0,0,Cloud9,PACIFIC
16995,31500,Haven,Andbox,Sentinels,Andbox,Sentinels,2,Andbox,856,8,4,6,5,0,0,Sentinels,PACIFIC
16995,31501,Ascent,Sentinels,Andbox,Sentinels,Sentinels,2,Andbox,856,9,3,1,4,0,0,Andbox,PACIFIC
16995,31502,Split,Decider,Sentinels,Andbox,Sentinels,2,Andbox,856,7,5,1,6,0,0,Sentinels,PACIFIC
16996,31503,Split,Sentinels,NRG,Sentinels,NRG,1034,Sentinels,2,3,9,4,4,0,0,Sentinels,PACIFIC
16996,31504,Ascent,NRG,Sentinels,NRG,NRG,1034,Sentinels,2,5,7,5,7,5,3,Sentinels,PACIFIC
16997,31506,Bind,Cloud9,Sentinels,Cloud9,Cloud9,188,Sentinels,2,10,2,2,3,0,0,Sentinels,PACIFIC
16997,31507,Haven,Cloud9,Sentinels,Cloud9,Cloud9,188,Sentinels,2,6,6,0,7,0,0,Sentinels,PACIFIC
16997,31508,Split,Sentinels,Cloud9,Sentinels,Cloud9,188,Sentinels,2,8,4,8,4,0,2,Sentinels,PACIFIC
14537,25988,Ascent,The Noah Aiello,Sentinels,The Noah Aiello,Sentinels,2,The Noah Aiello,3780,10,2,0,3,0,0,Sentinels,PACIFIC
14537,25989,Haven,Sentinels,The Noah Aiello,Sentinels,Sentinels,2,The Noah Aiello,3780,2,10,3,0,0,0,Sentinels,PACIFIC
14538,25991,Ascent,Decider,Rebel,Interstate 95,Rebel,3995,Interstate 95,305,4,8,4,8,4,6,Interstate 95,PACIFIC
14538,25992,Icebox,Decider,Interstate 95,Rebel,Rebel,3995,Interstate 95,305,10,2,3,3,0,0,Interstate 95,PACIFIC
14539,25994,Bind,Decider,Cloud9 White,ATK Mode,Cloud9 White,1267,ATK Mode,2444,9,3,3,4,0,0,Cloud9 White,PACIFIC
14539,25995,Haven,Decider,ATK Mode,Cloud9 White,Cloud9 White,1267,ATK Mode,2444,3,9,4,4,0,0,Cloud9 White,PACIFIC
14540,25997,Icebox,Decider,Admirals,Soniqs,Soniqs,2350,Admirals,3776,2,10,3,0,0,0,Soniqs,PACIFIC
14540,25998,Ascent,Decider,Soniqs,Admirals,Soniqs,2350,Admirals,3776,6,6,1,7,0,0,Soniqs,PACIFIC
14541,26000,Haven,Decider,Built By Gamers,Illuzion Orange,Built By Gamers,473,Illuzion Orange,3204,10,2,1,3,0,0,Built By Gamers,PACIFIC
14541,26001,Ascent,Decider,Illuzion Orange,Built By Gamers,Built By Gamers,473,Illuzion Orange,3204,3,9,4,1,0,0,Built By Gamers,PACIFIC
14542,26003,Bind,Decider,On The Way,YMA,On The Way,3778,YMA,2490,8,4,0,5,0,0,On The Way,PACIFIC
14542,26004,Ascent,Decider,YMA,On The Way,On The Way,3778,YMA,2490,2,10,3,0,0,0,On The Way,PACIFIC
14543,26006,Ascent,Decider,beastcoast,OmegaKek,beastcoast,631,OmegaKek,3779,12,0,0,1,0,0,beastcoast,PACIFIC
14543,26007,Split,Decider,OmegaKek,beastcoast,beastcoast,631,OmegaKek,3779,3,9,4,3,0,0,beastcoast,PACIFIC
14544,26009,Ascent,Decider,Depth Esports,ABC Boiz,Depth Esports,3522,ABC Boiz,2445,10,2,0,3,0,0,Depth Esports,PACIFIC
14544,26010,Icebox,Decider,Depth Esports,ABC Boiz,Depth Esports,3522,ABC Boiz,2445,10,2,9,3,0,0,Depth Esports,PACIFIC
14545,26012,Bind,Decider,XSET,Krampus,XSET,533,Krampus,3754,11,1,0,2,0,0,XSET,PACIFIC
14545,28292,Haven,Decider,Krampus,XSET,XSET,533,Krampus,3754,4,8,5,1,0,0,XSET,PACIFIC
14546,26015,Ascent,Decider,Goldhorn Gaming,RIFLE CRUTCHERS,RIFLE CRUTCHERS,2238,Goldhorn Gaming,2943,2,10,3,2,0,0,RIFLE CRUTCHERS,PACIFIC
14546,26016,Haven,Decider,Goldhorn Gaming,RIFLE CRUTCHERS,RIFLE CRUTCHERS,2238,Goldhorn Gaming,2943,3,9,4,4,0,0,RIFLE CRUTCHERS,PACIFIC
14547,26018,Ascent,Decider,Spot Up,Saber,Spot Up,302,Saber,3784,6,6,3,7,0,0,Spot Up,PACIFIC
14547,26019,Icebox,Decider,Saber,Spot Up,Spot Up,302,Saber,3784,2,10,3,0,0,0,Spot Up,PACIFIC
14548,26021,Bind,Decider,Slimy Boogermen,FNR White,Slimy Boogermen,2946,FNR White,3774,8,4,1,5,0,0,Slimy Boogermen,PACIFIC
14548,26022,Ascent,Decider,FNR White,Slimy Boogermen,Slimy Boogermen,2946,FNR White,3774,3,9,4,1,0,0,Slimy Boogermen,PACIFIC
14549,26024,Haven,Decider,NRG,Mega Minors,NRG,1034,Mega Minors,3788,11,1,0,2,0,0,NRG,PACIFIC
14549,26025,Bind,Decider,NRG,Mega Minors,NRG,1034,Mega Minors,3788,11,1,0,2,0,0,NRG,PACIFIC
14550,26027,Split,Decider,Headshot Percentage,Prism Esports,Headshot Percentage,2209,Prism Esports,853,7,5,8,4,0,0,Prism Esports,PACIFIC
14550,26028,Bind,Decider,Prism Esports,Headshot Percentage,Headshot Percentage,2209,Prism Esports,853,6,6,7,2,0,0,Headshot Percentage,PACIFIC
14550,26029,Ascent,Decider,Headshot Percentage,Prism Esports,Headshot Percentage,2209,Prism Esports,853,7,5,0,6,0,0,Headshot Percentage,PACIFIC
14551,26030,Bind,Decider,Spacestation Gaming,To Da Crib,Spacestation Gaming,674,To Da Crib,3786,10,2,0,3,0,0,Spacestation Gaming,PACIFIC
14551,26031,Haven,Decider,Spacestation Gaming,To Da Crib,Spacestation Gaming,674,To Da Crib,3786,12,0,3,1,0,0,Spacestation Gaming,PACIFIC
14552,26033,Ascent,Decider,Dallas Vendetta,VIRTUOSO,VIRTUOSO,2348,Dallas Vendetta,2228,9,3,3,4,0,0,Dallas Vendetta,PACIFIC
14552,26034,Icebox,Decider,Dallas Vendetta,VIRTUOSO,VIRTUOSO,2348,Dallas Vendetta,2228,8,4,8,4,2,0,Dallas Vendetta,PACIFIC
14553,26036,Ascent,Decider,ENVY,VVT Premier,ENVY,427,VVT Premier,2467,11,1,0,2,0,0,ENVY,PACIFIC
14553,26037,Bind,Decider,VVT Premier,ENVY,ENVY,427,VVT Premier,2467,2,10,3,2,0,0,ENVY,PACIFIC
14554,26039,Bind,Decider,Exotic,Radiant Roombas,Radiant Roombas,2379,Exotic,1301,7,5,4,6,0,0,Exotic,PACIFIC
14554,26040,Ascent,Decider,Radiant Roombas,Exotic,Radiant Roombas,2379,Exotic,1301,11,1,9,2,0,0,Radiant Roombas,PACIFIC
14554,26041,Icebox,Decider,Radiant Roombas,Exotic,Radiant Roombas,2379,Exotic,1301,5,7,6,2,0,0,Exotic,PACIFIC
14555,26042,Ascent,Decider,eUnited,HDMI Port,eUnited,2287,HDMI Port,3761,11,1,3,2,0,0,eUnited,PACIFIC
14555,26043,Haven,Decider,HDMI Port,eUnited,eUnited,2287,HDMI Port,3761,2,10,3,1,0,0,eUnited,PACIFIC
14556,26045,Ascent,Decider,Evil Geniuses,Space Bound,Evil Geniuses,5248,Space Bound,3793,10,2,3,3,0,0,Evil Geniuses,PACIFIC
14556,26046,Haven,Decider,Space Bound,Evil Geniuses,Evil Geniuses,5248,Space Bound,3793,10,2,9,3,0,0,Space Bound,PACIFIC
14556,26047,Split,Decider,Evil Geniuses,Space Bound,Evil Geniuses,5248,Space Bound,3793,5,7,4,8,0,0,Evil Geniuses,PACIFIC
14557,26048,Ascent,Decider,Kooky Koalas,Chicken CLUB,Kooky Koalas,3187,Chicken CLUB,3777,11,1,0,2,0,0,Kooky Koalas,PACIFIC
14557,26049,Bind,Decider,Chicken CLUB,Kooky Koalas,Kooky Koalas,3187,Chicken CLUB,3777,2,10,3,0,0,0,Kooky Koalas,PACIFIC
14558,26051,Split,Decider,Entourage,Devision Esports,Entourage,2780,Devision Esports,3757,11,1,2,2,0,0,Entourage,PACIFIC
14558,26052,Bind,Decider,Devision Esports,Entourage,Entourage,2780,Devision Esports,3757,6,6,7,4,0,0,Entourage,PACIFIC
14559,26054,Bind,Decider,Boosted Immortals,Ghost Gaming,Ghost Gaming,2291,Boosted Immortals,3760,5,7,6,3,0,0,Ghost Gaming,PACIFIC
14559,26055,Split,Decider,Ghost Gaming,Boosted Immortals,Ghost Gaming,2291,Boosted Immortals,3760,10,2,0,3,0,0,Ghost Gaming,PACIFIC
14560,26057,Split,Decider,FREELO,Rage's Rangos,FREELO,3768,Rage's Rangos,3767,9,3,1,4,0,0,FREELO,PACIFIC
14560,26058,Ascent,Decider,Rage's Rangos,FREELO,FREELO,3768,Rage's Rangos,3767,0,12,1,1,0,0,FREELO,PACIFIC
14561,26060,Haven,Decider,Luminosity,1337,Luminosity,642,1337,14662,7,5,2,6,0,0,Luminosity,PACIFIC
14561,26061,Split,Decider,1337,Luminosity,Luminosity,642,1337,14662,4,8,5,5,0,0,Luminosity,PACIFIC
14562,26063,Bind,Decider,Waverunners,HEAD HUNTERS,Waverunners,2481,HEAD HUNTERS,3771,5,7,4,8,0,0,Waverunners,PACIFIC
14562,26064,Split,Decider,HEAD HUNTERS,Waverunners,Waverunners,2481,HEAD HUNTERS,3771,7,5,8,4,0,0,Waverunners,PACIFIC
14563,26066,Haven,Decider,Chilling in Space,Noble,Noble,3597,Chilling in Space,3790,1,11,2,0,0,0,Noble,PACIFIC
14563,26067,Split,Decider,Noble,Chilling in Space,Noble,3597,Chilling in Space,3790,11,1,2,2,0,0,Noble,PACIFIC
14564,26069,Haven,Decider,Penguin Sledding,Silence Esports,Penguin Sledding,1657,Silence Esports,3775,8,4,6,5,0,0,Penguin Sledding,PACIFIC
14564,26070,Ascent,Decider,Silence Esports,Penguin Sledding,Penguin Sledding,1657,Silence Esports,3775,2,10,3,0,0,0,Penguin Sledding,PACIFIC
14565,26072,Ascent,Decider,Andbox,Veggie Straws,Andbox,856,Veggie Straws,3783,11,1,0,2,0,0,Andbox,PACIFIC
14565,26073,Bind,Decider,Veggie Straws,Andbox,Andbox,856,Veggie Straws,3783,3,9,4,0,0,0,Andbox,PACIFIC
14566,26075,Icebox,Decider,Resonate,Slaughter House,Resonate,6422,Slaughter House,3772,10,2,0,3,0,0,Resonate,PACIFIC
14566,26076,Ascent,Decider,Slaughter House,Resonate,Resonate,6422,Slaughter House,3772,7,5,8,1,0,0,Resonate,PACIFIC
14567,26078,Bind,Decider,Knights,sadHours,Knights,1615,sadHours,2790,10,2,1,3,0,0,Knights,PACIFIC
14567,26079,Haven,Decider,sadHours,Knights,Knights,1615,sadHours,2790,2,10,3,0,0,0,Knights,PACIFIC
14568,26081,Haven,Decider,DimmaDome$,303 Esports,303 Esports,2139,DimmaDome$,3753,4,8,5,3,0,0,303 Esports,PACIFIC
14568,28293,Split,Decider,303 Esports,DimmaDome$,303 Esports,2139,DimmaDome$,3753,8,4,1,5,0,0,303 Esports,PACIFIC
14569,26084,Bind,Decider,FaZe Clan,South East Movement,FaZe Clan,337,South East Movement,3766,11,1,0,2,0,0,FaZe Clan,PACIFIC
14569,26085,Ascent,Decider,South East Movement,FaZe Clan,FaZe Clan,337,South East Movement,3766,2,10,3,3,0,0,FaZe Clan,PACIFIC
14570,26087,Ascent,Decider,YFP,Recon 5,YFP,5038,Recon 5,3686,9,3,10,2,0,0,Recon 5,PACIFIC
14570,26088,Haven,Decider,YFP,Recon 5,YFP,5038,Recon 5,3686,4,8,2,9,0,0,YFP,PACIFIC
14570,26089,Bind,Decider,YFP,Recon 5,YFP,5038,Recon 5,3686,9,3,3,4,0,0,YFP,PACIFIC
14572,26093,Icebox,Decider,BASILISK,FBM,BASILISK,3337,FBM,3762,11,1,2,2,0,0,BASILISK,PACIFIC
14572,26094,Split,Decider,FBM,BASILISK,BASILISK,3337,FBM,3762,9,3,9,3,2,4,BASILISK,PACIFIC
14573,26096,Ascent,Decider,Version1,Relentless Esports,Version1,2815,Relentless Esports,3773,9,3,0,4,0,0,Version1,PACIFIC
14573,26097,Haven,Decider,Relentless Esports,Version1,Version1,2815,Relentless Esports,3773,3,9,4,4,0,0,Version1,PACIFIC
14574,26099,Ascent,Decider,Able Esports,Vancouver Elated,Able Esports,1669,Vancouver Elated,3781,10,2,1,3,0,0,Able Esports,PACIFIC
14574,26100,Haven,Decider,Vancouver Elated,Able Esports,Able Esports,1669,Vancouver Elated,3781,7,5,8,0,0,0,Able Esports,PACIFIC
14575,26102,Haven,Decider,Renegades,Alpha Peeks,Renegades,468,Alpha Peeks,3755,9,3,1,4,0,0,Renegades,PACIFIC
14575,26103,Bind,Decider,Renegades,Alpha Peeks,Renegades,468,Alpha Peeks,3755,11,1,0,2,0,0,Renegades,PACIFIC
14576,26105,Ascent,Decider,Grapefruit Techniques,OES Solo,Grapefruit Techniques,1117,OES Solo,3763,11,1,1,2,0,0,Grapefruit Techniques,PACIFIC
14576,26106,Bind,Decider,OES Solo,Grapefruit Techniques,Grapefruit Techniques,1117,OES Solo,3763,2,10,3,1,0,0,Grapefruit Techniques,PACIFIC
14577,26108,Haven,Decider,Immortals,Illuzion Black,Immortals,103,Illuzion Black,3729,8,4,8,4,2,0,Immortals,PACIFIC
14577,26109,Ascent,Decider,Illuzion Black,Immortals,Immortals,103,Illuzion Black,3729,3,9,4,1,0,0,Immortals,PACIFIC
14580,26117,Ascent,Decider,Last Round Save,Scarlet Knights,Last Round Save,1300,Scarlet Knights,2451,10,2,1,3,0,0,Last Round Save,PACIFIC
14580,26118,Icebox,Decider,Scarlet Knights,Last Round Save,Last Round Save,1300,Scarlet Knights,2451,4,8,5,7,0,0,Last Round Save,PACIFIC
14581,26120,Ascent,Decider,TSM,Akuma Esports Black,TSM,106,Akuma Esports Black,2472,10,2,1,3,0,0,TSM,PACIFIC
14581,26121,Bind,Decider,Akuma Esports Black,TSM,TSM,106,Akuma Esports Black,2472,1,11,2,0,0,0,TSM,PACIFIC
14582,26123,Bind,Decider,Reformed,Nautic,Reformed,2802,Nautic,2758,7,5,2,6,0,0,Reformed,PACIFIC
14582,26124,Split,Decider,Nautic,Reformed,Reformed,2802,Nautic,2758,3,9,4,0,0,0,Reformed,PACIFIC
14583,26126,Ascent,Decider,ez5,Theory Nation,ez5,5251,Theory Nation,3749,11,1,0,2,0,0,ez5,PACIFIC
14583,26127,Bind,Decider,ez5,Theory Nation,ez5,5251,Theory Nation,3749,8,4,0,5,0,0,ez5,PACIFIC
14585,26132,Ascent,Decider,Gen.G,ExPandable,Gen.G,17,ExPandable,2447,10,2,0,3,0,0,Gen.G,PACIFIC
14585,26133,Icebox,Decider,Gen.G,ExPandable,Gen.G,17,ExPandable,2447,11,1,6,2,0,0,Gen.G,PACIFIC
14586,26135,Bind,Decider,TradeLikePros,OOKERS,TradeLikePros,6462,OOKERS,3765,5,7,6,1,0,0,OOKERS,PACIFIC
14586,26136,Haven,Decider,OOKERS,TradeLikePros,TradeLikePros,6462,OOKERS,3765,9,3,0,4,0,0,OOKERS,PACIFIC
14587,26138,Ascent,Decider,Complexity,no shot,Complexity,470,no shot,3519,11,1,0,2,0,0,Complexity,PACIFIC
14587,26139,Haven,Decider,Complexity,no shot,Complexity,470,no shot,3519,11,1,0,2,0,0,Complexity,PACIFIC
14588,26141,Ascent,Decider,Lemonade Stand,Reborn,Lemonade Stand,4020,Reborn,3770,9,3,2,4,0,0,Lemonade Stand,PACIFIC
14588,26142,Haven,Decider,Reborn,Lemonade Stand,Lemonade Stand,4020,Reborn,3770,1,11,2,0,0,0,Lemonade Stand,PACIFIC
14589,26144,Haven,Decider,NC State Esports,Cloud9,Cloud9,188,NC State Esports,2794,0,12,1,0,0,0,Cloud9,PACIFIC
14589,26145,Ascent,Decider,NC State Esports,Cloud9,Cloud9,188,NC State Esports,2794,1,11,2,1,0,0,Cloud9,PACIFIC
14590,26147,Ascent,Decider,Valkyrie,cute fat boys,cute fat boys,3785,Valkyrie,2760,1,11,2,0,0,0,cute fat boys,PACIFIC
14590,26148,Haven,Decider,cute fat boys,Valkyrie,cute fat boys,3785,Valkyrie,2760,10,2,4,3,0,0,cute fat boys,PACIFIC
14591,26150,Haven,Decider,Demon Time,Aggie Gaming at UC,Demon Time,382,Aggie Gaming at UC,3759,7,5,4,6,0,0,Demon Time,PACIFIC
14591,26151,Ascent,Decider,Aggie Gaming at UC,Demon Time,Demon Time,382,Aggie Gaming at UC,3759,9,3,5,4,0,0,Aggie Gaming at UC,PACIFIC
14591,26152,Split,Decider,Demon Time,Aggie Gaming at UC,Demon Time,382,Aggie Gaming at UC,3759,11,1,2,2,0,0,Demon Time,PACIFIC
14592,26153,Haven,Decider,seeker,Rekreational Esports,seeker,2136,Rekreational Esports,3787,8,4,4,5,0,0,seeker,PACIFIC
14592,26154,Split,Decider,Rekreational Esports,seeker,seeker,2136,Rekreational Esports,3787,6,6,7,0,0,0,seeker,PACIFIC
14593,26156,Bind,Decider,O.O.D.A Loopers,100 Thieves,100 Thieves,120,O.O.D.A Loopers,3756,0,12,1,2,0,0,100 Thieves,PACIFIC
14593,26157,Split,Decider,100 Thieves,O.O.D.A Loopers,100 Thieves,120,O.O.D.A Loopers,3756,7,5,2,6,0,0,100 Thieves,PACIFIC
14594,26159,Ascent,Decider,Lycus Empire,NorCal Esports,Lycus Empire,1269,NorCal Esports,6055,9,3,3,4,0,0,Lycus Empire,PACIFIC
14594,26160,Haven,Decider,Lycus Empire,NorCal Esports,Lycus Empire,1269,NorCal Esports,6055,6,6,1,7,0,0,Lycus Empire,PACIFIC
14595,26162,Haven,Decider,PUGSTARS,Insight,PUGSTARS,2938,Insight,3791,9,3,1,4,0,0,PUGSTARS,PACIFIC
14595,26163,Bind,Decider,Insight,PUGSTARS,PUGSTARS,2938,Insight,3791,2,10,3,0,0,0,PUGSTARS,PACIFIC
14596,26165,Haven,Decider,Time In,Rock Bottom,Time In,1166,Rock Bottom,11653,0,12,1,0,0,0,Rock Bottom,PACIFIC
14596,26166,Bind,Decider,Rock Bottom,Time In,Time In,1166,Rock Bottom,11653,4,8,4,8,0,2,Time In,PACIFIC
14596,26167,Ascent,Decider,Time In,Rock Bottom,Time In,1166,Rock Bottom,11653,8,4,7,5,0,0,Time In,PACIFIC
14597,26168,Bind,Decider,T1,mhm,T1,14,mhm,3764,12,0,1,1,0,0,T1,PACIFIC
14597,26169,Split,Decider,mhm,T1,T1,14,mhm,3764,1,11,2,2,0,0,T1,PACIFIC
14598,26171,Bind,Decider,Brimstone Gaming,FIU Valorant,Brimstone Gaming,2377,FIU Valorant,3758,11,1,5,2,0,0,Brimstone Gaming,PACIFIC
14598,26172,Ascent,Decider,FIU Valorant,Brimstone Gaming,Brimstone Gaming,2377,FIU Valorant,3758,4,8,5,2,0,0,Brimstone Gaming,PACIFIC
14599,26174,Ascent,Decider,rice and meatballs,Rice Ball Gang,rice and meatballs,4000,Rice Ball Gang,3751,7,5,3,6,0,0,rice and meatballs,PACIFIC
14599,26175,Haven,Decider,Rice Ball Gang,rice and meatballs,rice and meatballs,4000,Rice Ball Gang,3751,3,9,4,3,0,0,rice and meatballs,PACIFIC
14600,26177,Ascent,Decider,Foxy,CrayZ Panda's,Foxy,2529,CrayZ Panda's,3750,10,2,2,3,0,0,Foxy,PACIFIC
14600,26178,Haven,Decider,CrayZ Panda's,Foxy,Foxy,2529,CrayZ Panda's,3750,2,10,3,2,0,0,Foxy,PACIFIC
14604,26189,Ascent,Decider,beastcoast,Depth Esports,beastcoast,631,Depth Esports,3522,5,7,4,8,0,0,beastcoast,PACIFIC
14604,26190,Icebox,Decider,Depth Esports,beastcoast,beastcoast,631,Depth Esports,3522,4,8,5,3,0,0,beastcoast,PACIFIC
14615,26222,Ascent,Decider,Andbox,Resonate,Andbox,856,Resonate,6422,10,2,0,3,0,0,Andbox,PACIFIC
14615,26223,Split,Decider,Resonate,Andbox,Andbox,856,Resonate,6422,9,3,8,4,0,0,Resonate,PACIFIC
14615,26224,Icebox,Decider,Andbox,Resonate,Andbox,856,Resonate,6422,7,5,2,6,0,0,Andbox,PACIFIC
14620,26237,Bind,Decider,Renegades,Grapefruit Techniques,Renegades,468,Grapefruit Techniques,1117,6,6,1,7,0,0,Renegades,PACIFIC
14620,26238,Split,Decider,Grapefruit Techniques,Renegades,Renegades,468,Grapefruit Techniques,1117,3,9,4,5,0,0,Renegades,PACIFIC
14625,26252,Ascent,Decider,Gen.G,OOKERS,Gen.G,17,OOKERS,3765,6,6,3,7,0,0,Gen.G,PACIFIC
14625,26253,Haven,Decider,OOKERS,Gen.G,Gen.G,17,OOKERS,3765,2,10,3,3,0,0,Gen.G,PACIFIC
14631,26270,Haven,Decider,T1,Brimstone Gaming,T1,14,Brimstone Gaming,2377,9,3,3,4,0,0,T1,PACIFIC
14631,26271,Icebox,Decider,Brimstone Gaming,T1,T1,14,Brimstone Gaming,2377,4,8,5,4,0,0,T1,PACIFIC
14603,26186,Bind,Decider,Built By Gamers,On The Way,Built By Gamers,473,On The Way,3778,6,6,7,4,0,0,On The Way,PACIFIC
14603,26187,Split,Decider,On The Way,Built By Gamers,Built By Gamers,473,On The Way,3778,7,5,8,1,0,0,Built By Gamers,PACIFIC
14603,26188,Haven,Decider,Built By Gamers,On The Way,Built By Gamers,473,On The Way,3778,9,3,4,4,0,0,Built By Gamers,PACIFIC
14626,26256,Haven,Decider,Lemonade Stand,Complexity,Complexity,470,Lemonade Stand,4020,4,8,5,4,0,0,Complexity,PACIFIC
14626,28294,Ascent,Decider,Complexity,Lemonade Stand,Complexity,470,Lemonade Stand,4020,9,3,1,4,0,0,Complexity,PACIFIC
14612,26213,Ascent,Decider,Ghost Gaming,FREELO,Ghost Gaming,2291,FREELO,3768,6,6,1,7,0,0,Ghost Gaming,PACIFIC
14612,26214,Bind,Decider,FREELO,Ghost Gaming,Ghost Gaming,2291,FREELO,3768,3,9,4,4,0,0,Ghost Gaming,PACIFIC
14614,26219,Haven,Decider,Penguin Sledding,Noble,Noble,3597,Penguin Sledding,1657,7,5,7,5,0,2,Noble,PACIFIC
14614,26220,Bind,Decider,Noble,Penguin Sledding,Noble,3597,Penguin Sledding,1657,7,5,2,6,0,0,Noble,PACIFIC
14621,26240,Haven,Decider,Immortals,SLU Esports,Immortals,103,SLU Esports,2448,12,0,1,1,0,0,Immortals,PACIFIC
14621,26241,Ascent,Decider,Immortals,SLU Esports,Immortals,103,SLU Esports,2448,12,0,0,1,0,0,Immortals,PACIFIC
14618,26231,Split,Decider,Decisive,BASILISK,Decisive,3407,BASILISK,3337,0,12,1,0,0,0,BASILISK,PACIFIC
14618,26232,Icebox,Decider,BASILISK,Decisive,Decisive,3407,BASILISK,3337,5,7,6,6,0,0,Decisive,PACIFIC
14618,26233,Ascent,Decider,Decisive,BASILISK,Decisive,3407,BASILISK,3337,4,8,5,4,0,0,BASILISK,PACIFIC
14619,26234,Icebox,Decider,Version1,Able Esports,Version1,2815,Able Esports,1669,9,3,6,4,0,0,Version1,PACIFIC
14619,26235,Haven,Decider,Able Esports,Version1,Version1,2815,Able Esports,1669,2,10,3,7,0,0,Version1,PACIFIC
14624,26249,Ascent,Decider,Akella,ez5,ez5,5251,Akella,3274,3,9,4,8,0,0,ez5,PACIFIC
14624,26250,Haven,Decider,ez5,Akella,ez5,5251,Akella,3274,8,4,1,5,0,0,ez5,PACIFIC
14602,26183,Ascent,Decider,Cloud9 White,Soniqs,Cloud9 White,1267,Soniqs,2350,1,11,2,2,0,0,Soniqs,PACIFIC
14602,26184,Bind,Decider,Soniqs,Cloud9 White,Cloud9 White,1267,Soniqs,2350,5,7,5,7,2,0,Soniqs,PACIFIC
14605,26192,Ascent,Decider,XSET,RIFLE CRUTCHERS,XSET,533,RIFLE CRUTCHERS,2238,11,1,2,2,0,0,XSET,PACIFIC
14605,26193,Haven,Decider,XSET,RIFLE CRUTCHERS,XSET,533,RIFLE CRUTCHERS,2238,12,0,0,1,0,0,XSET,PACIFIC
14606,26195,Split,Decider,Spot Up,Slimy Boogermen,Spot Up,302,Slimy Boogermen,2946,10,2,4,3,0,0,Spot Up,PACIFIC
14606,26196,Ascent,Decider,Slimy Boogermen,Spot Up,Spot Up,302,Slimy Boogermen,2946,8,4,9,2,0,0,Spot Up,PACIFIC
14608,26201,Icebox,Decider,Spacestation Gaming,Dallas Vendetta,Spacestation Gaming,674,Dallas Vendetta,2228,8,4,6,5,0,0,Spacestation Gaming,PACIFIC
14608,26202,Bind,Decider,Dallas Vendetta,Spacestation Gaming,Spacestation Gaming,674,Dallas Vendetta,2228,1,11,2,2,0,0,Spacestation Gaming,PACIFIC
14611,26210,Bind,Decider,Kooky Koalas,Entourage,Kooky Koalas,3187,Entourage,2780,8,4,3,5,0,0,Kooky Koalas,PACIFIC
14611,26211,Ascent,Decider,Entourage,Kooky Koalas,Kooky Koalas,3187,Entourage,2780,3,9,4,2,0,0,Kooky Koalas,PACIFIC
14613,26216,Ascent,Decider,Luminosity,Waverunners,Luminosity,642,Waverunners,2481,10,2,4,3,0,0,Luminosity,PACIFIC
14613,26217,Haven,Decider,Waverunners,Luminosity,Luminosity,642,Waverunners,2481,2,10,3,5,0,0,Luminosity,PACIFIC
14622,26243,Ascent,Decider,Rise,Last Round Save,Rise,637,Last Round Save,1300,5,7,1,8,0,0,Rise,PACIFIC
14622,26244,Split,Decider,Last Round Save,Rise,Rise,637,Last Round Save,1300,6,6,7,0,0,0,Rise,PACIFIC
14627,26258,Ascent,Decider,Cloud9,cute fat boys,Cloud9,188,cute fat boys,3785,5,7,6,3,0,0,cute fat boys,PACIFIC
14627,26259,Haven,Decider,cute fat boys,Cloud9,Cloud9,188,cute fat boys,3785,2,10,3,5,0,0,Cloud9,PACIFIC
14627,26260,Split,Decider,Cloud9,cute fat boys,Cloud9,188,cute fat boys,3785,11,1,2,2,0,0,Cloud9,PACIFIC
14632,26273,Ascent,Decider,rice and meatballs,Foxy,rice and meatballs,4000,Foxy,2529,4,8,3,9,0,0,rice and meatballs,PACIFIC
14632,26274,Haven,Decider,Foxy,rice and meatballs,rice and meatballs,4000,Foxy,2529,6,6,7,3,0,0,rice and meatballs,PACIFIC
14616,26225,Haven,Decider,Knights,303 Esports,Knights,1615,303 Esports,2139,8,4,4,5,0,0,Knights,PACIFIC
14616,26226,Ascent,Decider,303 Esports,Knights,Knights,1615,303 Esports,2139,2,10,3,0,0,0,Knights,PACIFIC
14623,26246,Haven,Decider,TSM,Reformed,TSM,106,Reformed,2802,12,0,0,1,0,0,TSM,PACIFIC
14623,26247,Bind,Decider,Reformed,TSM,TSM,106,Reformed,2802,6,6,7,5,0,0,TSM,PACIFIC
14629,26264,Ascent,100 Thieves,Lycus Empire,100 Thieves,100 Thieves,120,Lycus Empire,1269,4,8,5,0,0,0,100 Thieves,PACIFIC
14629,26265,Haven,Lycus Empire,100 Thieves,Lycus Empire,100 Thieves,120,Lycus Empire,1269,11,1,2,2,0,0,100 Thieves,PACIFIC
14601,26180,Split,Decider,Sentinels,Interstate 95,Sentinels,2,Interstate 95,305,11,1,0,2,0,0,Sentinels,PACIFIC
14601,26181,Icebox,Decider,Interstate 95,Sentinels,Sentinels,2,Interstate 95,305,2,10,3,1,0,0,Sentinels,PACIFIC
14617,26228,Haven,Decider,FaZe Clan,YFP,FaZe Clan,337,YFP,5038,9,3,6,4,0,0,FaZe Clan,PACIFIC
14617,26229,Bind,Decider,YFP,FaZe Clan,FaZe Clan,337,YFP,5038,5,7,6,2,0,0,FaZe Clan,PACIFIC
14628,26261,Icebox,Decider,Demon Time,seeker,Demon Time,382,seeker,2136,5,7,6,1,0,0,seeker,PACIFIC
14628,26262,Ascent,Decider,seeker,Demon Time,Demon Time,382,seeker,2136,7,5,5,6,0,0,seeker,PACIFIC
14630,26267,Bind,Decider,PUGSTARS,Time In,PUGSTARS,2938,Time In,1166,8,4,8,4,0,2,Time In,PACIFIC
14630,26268,Ascent,Decider,Time In,PUGSTARS,PUGSTARS,2938,Time In,1166,6,6,7,3,0,0,PUGSTARS,PACIFIC
14630,26269,Icebox,Decider,PUGSTARS,Time In,PUGSTARS,2938,Time In,1166,5,7,5,7,2,4,Time In,PACIFIC
14609,26204,Bind,Decider,ENVY,Exotic,ENVY,427,Exotic,1301,9,3,1,4,0,0,ENVY,PACIFIC
14609,26205,Ascent,Decider,Exotic,ENVY,ENVY,427,Exotic,1301,4,8,5,0,0,0,ENVY,PACIFIC
14610,26207,Ascent,Decider,eUnited,Evil Geniuses,eUnited,2287,Evil Geniuses,5248,9,3,8,4,0,0,eUnited,PACIFIC
14610,26208,Haven,Decider,Evil Geniuses,eUnited,eUnited,2287,Evil Geniuses,5248,8,4,3,5,0,0,Evil Geniuses,PACIFIC
14610,26209,Split,Decider,eUnited,Evil Geniuses,eUnited,2287,Evil Geniuses,5248,10,2,0,3,0,0,eUnited,PACIFIC
14607,26198,Haven,Decider,NRG,Headshot Percentage,NRG,1034,Headshot Percentage,2209,6,6,0,7,0,0,NRG,PACIFIC
14607,26199,Bind,Decider,Headshot Percentage,NRG,NRG,1034,Headshot Percentage,2209,3,9,4,2,0,0,NRG,PACIFIC
14633,26276,Icebox,Soniqs,Sentinels,Soniqs,Sentinels,2,Soniqs,2350,5,7,3,8,0,0,Sentinels,PACIFIC
14633,26277,Split,Sentinels,Soniqs,Sentinels,Sentinels,2,Soniqs,2350,0,12,1,0,0,0,Sentinels,PACIFIC
14634,26279,Ascent,Decider,Built By Gamers,beastcoast,Built By Gamers,473,beastcoast,631,10,2,10,2,2,0,Built By Gamers,PACIFIC
14634,26280,Split,Decider,beastcoast,Built By Gamers,Built By Gamers,473,beastcoast,631,9,3,8,4,0,0,beastcoast,PACIFIC
14634,26281,Bind,Decider,Built By Gamers,beastcoast,Built By Gamers,473,beastcoast,631,8,4,5,5,0,0,Built By Gamers,PACIFIC
14635,26282,Ascent,Decider,XSET,Spot Up,XSET,533,Spot Up,302,10,2,7,3,0,0,XSET,PACIFIC
14635,26283,Haven,Decider,Spot Up,XSET,XSET,533,Spot Up,302,5,7,6,2,0,0,XSET,PACIFIC
14636,26285,Ascent,Spacestation Gaming,NRG,Spacestation Gaming,NRG,1034,Spacestation Gaming,674,8,4,6,5,0,0,NRG,PACIFIC
14636,26286,Haven,NRG,Spacestation Gaming,NRG,NRG,1034,Spacestation Gaming,674,6,6,7,0,0,0,NRG,PACIFIC
14637,26288,Ascent,Decider,ENVY,eUnited,ENVY,427,eUnited,2287,8,4,1,5,0,0,ENVY,PACIFIC
14637,26289,Bind,Decider,eUnited,ENVY,ENVY,427,eUnited,2287,3,9,4,8,0,0,ENVY,PACIFIC
14638,26291,Bind,Ghost Gaming,Kooky Koalas,Ghost Gaming,Kooky Koalas,3187,Ghost Gaming,2291,7,5,7,5,1,3,Ghost Gaming,PACIFIC
14638,26292,Ascent,Kooky Koalas,Ghost Gaming,Kooky Koalas,Kooky Koalas,3187,Ghost Gaming,2291,2,10,3,2,0,0,Kooky Koalas,PACIFIC
14638,26293,Haven,Decider,Kooky Koalas,Ghost Gaming,Kooky Koalas,3187,Ghost Gaming,2291,10,2,10,2,0,2,Ghost Gaming,PACIFIC
14639,26294,Haven,Decider,Luminosity,Noble,Luminosity,642,Noble,3597,4,8,5,7,0,0,Noble,PACIFIC
14639,26295,Ascent,Decider,Noble,Luminosity,Luminosity,642,Noble,3597,6,6,5,7,0,0,Noble,PACIFIC
14640,26297,Bind,Decider,Andbox,Knights,Andbox,856,Knights,1615,6,6,6,6,2,0,Andbox,PACIFIC
14640,26298,Ascent,Decider,Andbox,Knights,Andbox,856,Knights,1615,7,5,8,2,0,0,Knights,PACIFIC
14640,26299,Icebox,Decider,Andbox,Knights,Andbox,856,Knights,1615,6,6,3,7,0,0,Andbox,PACIFIC
14641,26300,Haven,BASILISK,FaZe Clan,BASILISK,FaZe Clan,337,BASILISK,3337,3,9,3,9,1,3,BASILISK,PACIFIC
14641,26301,Ascent,FaZe Clan,BASILISK,FaZe Clan,FaZe Clan,337,BASILISK,3337,6,6,7,3,0,0,FaZe Clan,PACIFIC
14641,26302,Icebox,Decider,FaZe Clan,BASILISK,FaZe Clan,337,BASILISK,3337,6,6,6,6,3,1,FaZe Clan,PACIFIC
14642,26303,Haven,Decider,Version1,Renegades,Version1,2815,Renegades,468,4,8,3,9,0,0,Version1,PACIFIC
14642,26304,Icebox,Decider,Version1,Renegades,Version1,2815,Renegades,468,6,6,5,7,0,0,Version1,PACIFIC
14643,26306,Split,Decider,Immortals,Rise,Immortals,103,Rise,637,8,4,0,5,0,0,Immortals,PACIFIC
14643,26307,Ascent,Decider,Rise,Immortals,Immortals,103,Rise,637,10,2,1,3,0,0,Rise,PACIFIC
14643,26308,Haven,Decider,Immortals,Rise,Immortals,103,Rise,637,9,3,6,4,0,0,Immortals,PACIFIC
14644,26309,Ascent,ez5,TSM,ez5,TSM,106,ez5,5251,10,2,3,3,0,0,TSM,PACIFIC
14644,26310,Bind,TSM,ez5,TSM,TSM,106,ez5,5251,3,9,4,0,0,0,TSM,PACIFIC
14645,26312,Icebox,Decider,Gen.G,Complexity,Gen.G,17,Complexity,470,7,5,3,6,0,0,Gen.G,PACIFIC
14645,26313,Ascent,Decider,Complexity,Gen.G,Gen.G,17,Complexity,470,7,5,8,2,0,0,Gen.G,PACIFIC
14646,26315,Icebox,Decider,Cloud9,seeker,Cloud9,188,seeker,2136,9,3,1,4,0,0,Cloud9,PACIFIC
14646,26316,Haven,Decider,seeker,Cloud9,Cloud9,188,seeker,2136,4,8,5,2,0,0,Cloud9,PACIFIC
14647,26318,Ascent,100 Thieves,Time In,100 Thieves,100 Thieves,120,Time In,1166,4,8,5,3,0,0,100 Thieves,PACIFIC
14647,26319,Icebox,Time In,100 Thieves,Time In,100 Thieves,120,Time In,1166,11,1,0,2,0,0,100 Thieves,PACIFIC
14648,26321,Haven,rice and meatballs,T1,rice and meatballs,T1,14,rice and meatballs,4000,3,9,4,1,0,0,rice and meatballs,PACIFIC
14648,26322,Icebox,Decider,rice and meatballs,T1,T1,14,rice and meatballs,4000,7,5,1,6,0,0,rice and meatballs,PACIFIC
13802,24491,Ascent,Built By Gamers,Sentinels,Built By Gamers,Sentinels,2,Built By Gamers,473,4,8,5,1,0,0,Built By Gamers,PACIFIC
13802,24492,Haven,Sentinels,Built By Gamers,Sentinels,Sentinels,2,Built By Gamers,473,8,4,1,5,0,0,Built By Gamers,PACIFIC
13803,24494,Haven,NRG,NRG,XSET,XSET,533,NRG,1034,6,6,7,5,0,0,XSET,PACIFIC
13803,24495,Bind,XSET,NRG,XSET,XSET,533,NRG,1034,7,5,8,4,0,0,XSET,PACIFIC
13804,24497,Bind,Ghost Gaming,ENVY,Ghost Gaming,ENVY,427,Ghost Gaming,2291,9,3,6,4,0,0,ENVY,PACIFIC
13804,24498,Ascent,ENVY,Ghost Gaming,ENVY,ENVY,427,Ghost Gaming,2291,7,5,4,6,0,0,Ghost Gaming,PACIFIC
13804,24499,Haven,Decider,ENVY,Ghost Gaming,ENVY,427,Ghost Gaming,2291,11,1,0,2,0,0,ENVY,PACIFIC
13807,24506,Haven,TSM,Immortals,TSM,Immortals,103,TSM,106,11,1,0,2,0,0,Immortals,PACIFIC
13807,24507,Bind,Immortals,TSM,Immortals,Immortals,103,TSM,106,4,8,5,2,0,0,Immortals,PACIFIC
13805,24500,Ascent,Andbox,Noble,Andbox,Noble,3597,Andbox,856,3,9,4,4,0,0,Andbox,PACIFIC
13805,24501,Bind,Noble,Andbox,Noble,Noble,3597,Andbox,856,5,7,6,1,0,0,Noble,PACIFIC
13805,24502,Split,Decider,Noble,Andbox,Noble,3597,Andbox,856,8,4,9,2,0,0,Andbox,PACIFIC
13806,24503,Haven,Version1,FaZe Clan,Version1,FaZe Clan,337,Version1,2815,4,8,5,4,0,0,Version1,PACIFIC
13806,24504,Ascent,FaZe Clan,Version1,FaZe Clan,FaZe Clan,337,Version1,2815,6,6,7,3,0,0,FaZe Clan,PACIFIC
13806,24505,Icebox,Version1,FaZe Clan,Version1,FaZe Clan,337,Version1,2815,5,7,5,7,0,2,Version1,PACIFIC
13808,24509,Icebox,Cloud9,Gen.G,Cloud9,Gen.G,17,Cloud9,188,5,7,5,7,0,2,Cloud9,PACIFIC
13808,24510,Ascent,Gen.G,Cloud9,Gen.G,Gen.G,17,Cloud9,188,10,2,3,3,0,0,Cloud9,PACIFIC
13809,24512,Icebox,rice and meatballs,100 Thieves,rice and meatballs,100 Thieves,120,rice and meatballs,4000,8,4,1,5,0,0,100 Thieves,PACIFIC
13809,24513,Bind,100 Thieves,rice and meatballs,100 Thieves,100 Thieves,120,rice and meatballs,4000,6,6,7,2,0,0,100 Thieves,PACIFIC
15622,28704,Ascent,Andbox,100 Thieves,Andbox,100 Thieves,120,Andbox,856,7,5,2,6,0,0,100 Thieves,PACIFIC
15622,28705,Bind,100 Thieves,Andbox,100 Thieves,100 Thieves,120,Andbox,856,7,5,8,2,0,0,100 Thieves,PACIFIC
15623,28707,Ascent,Immortals,Cloud9,Immortals,Cloud9,188,Immortals,103,1,11,2,2,0,0,Immortals,PACIFIC
15623,28708,Haven,Cloud9,Immortals,Cloud9,Cloud9,188,Immortals,103,8,4,9,1,0,0,Cloud9,PACIFIC
15623,28709,Split,Decider,Cloud9,Immortals,Cloud9,188,Immortals,103,8,4,6,5,0,0,Cloud9,PACIFIC
15625,28713,Haven,Version1,ENVY,Version1,ENVY,427,Version1,2815,7,5,4,6,0,0,ENVY,PACIFIC
15625,28714,Split,ENVY,Version1,ENVY,ENVY,427,Version1,2815,10,2,1,3,0,0,Version1,PACIFIC
15625,28715,Ascent,Decider,ENVY,Version1,ENVY,427,Version1,2815,10,2,2,3,0,0,ENVY,PACIFIC
15624,28710,Ascent,Built By Gamers,XSET,Built By Gamers,XSET,533,Built By Gamers,473,10,2,4,3,0,0,XSET,PACIFIC
15624,28711,Haven,XSET,Built By Gamers,XSET,XSET,533,Built By Gamers,473,2,10,3,1,0,0,XSET,PACIFIC
15629,28725,Split,Andbox,Immortals,Andbox,Immortals,103,Andbox,856,6,6,5,7,0,0,Immortals,PACIFIC
15629,28726,Ascent,Immortals,Andbox,Immortals,Immortals,103,Andbox,856,5,7,6,6,0,0,Immortals,PACIFIC
15630,28728,Bind,Built By Gamers,Version1,Built By Gamers,Version1,2815,Built By Gamers,473,4,8,5,6,0,0,Built By Gamers,PACIFIC
15630,28729,Haven,Version1,Built By Gamers,Version1,Version1,2815,Built By Gamers,473,4,8,4,8,0,2,Version1,PACIFIC
15630,28730,Split,Decider,Version1,Built By Gamers,Version1,2815,Built By Gamers,473,7,5,3,6,0,0,Version1,PACIFIC
15626,28716,Icebox,Cloud9,100 Thieves,Cloud9,100 Thieves,120,Cloud9,188,6,6,4,7,0,0,100 Thieves,PACIFIC
15626,28717,Ascent,100 Thieves,Cloud9,100 Thieves,100 Thieves,120,Cloud9,188,4,8,5,2,0,0,100 Thieves,PACIFIC
15627,28719,Haven,ENVY,XSET,ENVY,XSET,533,ENVY,427,6,6,7,0,0,0,ENVY,PACIFIC
15627,28720,Ascent,XSET,ENVY,XSET,XSET,533,ENVY,427,9,3,5,4,0,0,ENVY,PACIFIC
15631,28731,Ascent,Immortals,XSET,Immortals,XSET,533,Immortals,103,6,6,4,7,0,0,XSET,PACIFIC
15631,28732,Bind,XSET,Immortals,XSET,XSET,533,Immortals,103,11,1,0,2,0,0,Immortals,PACIFIC
15631,28733,Split,Decider,XSET,Immortals,XSET,533,Immortals,103,9,3,0,4,0,0,XSET,PACIFIC
15632,28734,Icebox,Version1,Cloud9,Version1,Cloud9,188,Version1,2815,4,8,5,2,0,0,Version1,PACIFIC
15632,28735,Split,Cloud9,Version1,Cloud9,Cloud9,188,Version1,2815,4,8,5,4,0,0,Cloud9,PACIFIC
15632,28736,Haven,Decider,Version1,Cloud9,Cloud9,188,Version1,2815,4,8,2,9,0,0,Version1,PACIFIC
15628,28722,Bind,ENVY,100 Thieves,ENVY,100 Thieves,120,ENVY,427,9,3,0,4,0,0,100 Thieves,PACIFIC
15628,28723,Ascent,100 Thieves,ENVY,100 Thieves,100 Thieves,120,ENVY,427,9,3,9,3,2,0,ENVY,PACIFIC
15628,28724,Haven,Decider,100 Thieves,ENVY,100 Thieves,120,ENVY,427,8,4,0,5,0,0,100 Thieves,PACIFIC
15633,28737,Split,Decider,XSET,Version1,XSET,533,Version1,2815,11,1,2,2,0,0,XSET,PACIFIC
15633,28738,Haven,XSET,Version1,XSET,XSET,533,Version1,2815,8,4,7,5,0,0,Version1,PACIFIC
15633,28739,Bind,Decider,XSET,Version1,XSET,533,Version1,2815,8,4,1,5,0,0,XSET,PACIFIC
15634,28740,Split,XSET,ENVY,XSET,ENVY,427,XSET,533,9,3,6,4,0,0,ENVY,PACIFIC
15634,28741,Bind,ENVY,XSET,ENVY,ENVY,427,XSET,533,7,5,4,6,0,0,XSET,PACIFIC
15634,28742,Ascent,Decider,ENVY,XSET,ENVY,427,XSET,533,4,8,5,5,0,0,XSET,PACIFIC
15635,28743,Icebox,100 Thieves,XSET,100 Thieves,100 Thieves,120,XSET,533,7,5,7,5,1,3,100 Thieves,PACIFIC
15635,28744,Ascent,100 Thieves,XSET,100 Thieves,100 Thieves,120,XSET,533,4,8,3,9,0,0,XSET,PACIFIC
15635,28745,Split,XSET,100 Thieves,XSET,100 Thieves,120,XSET,533,5,7,3,8,0,0,100 Thieves,PACIFIC
15635,28746,Haven,XSET,100 Thieves,XSET,100 Thieves,120,XSET,533,5,7,4,8,0,0,100 Thieves,PACIFIC
12550,22306,Haven,Gen.G,ENVY,Gen.G,ENVY,427,Gen.G,17,6,6,0,7,0,0,ENVY,PACIFIC
12550,22307,Icebox,ENVY,Gen.G,ENVY,ENVY,427,Gen.G,17,10,2,3,3,0,0,Gen.G,PACIFIC
12550,22308,Bind,Decider,ENVY,Gen.G,ENVY,427,Gen.G,17,6,6,4,7,0,0,ENVY,PACIFIC
12551,22309,Haven,FaZe Clan,FaZe Clan,XSET,XSET,533,FaZe Clan,337,7,5,1,6,0,0,FaZe Clan,PACIFIC
12551,22310,Bind,XSET,FaZe Clan,XSET,XSET,533,FaZe Clan,337,9,3,0,4,0,0,FaZe Clan,PACIFIC
12552,22312,Ascent,Luminosity,Sentinels,Luminosity,Sentinels,2,Luminosity,642,8,4,4,5,0,0,Sentinels,PACIFIC
12552,22313,Split,Sentinels,Luminosity,Sentinels,Sentinels,2,Luminosity,642,4,8,4,8,2,0,Luminosity,PACIFIC
12552,22314,Icebox,Decider,Sentinels,Luminosity,Sentinels,2,Luminosity,642,9,3,3,4,0,0,Sentinels,PACIFIC
12553,22315,Ascent,100 Thieves,Immortals,100 Thieves,Immortals,103,100 Thieves,120,4,8,4,8,1,3,100 Thieves,PACIFIC
12553,22316,Haven,Immortals,100 Thieves,Immortals,Immortals,103,100 Thieves,120,5,7,1,8,0,0,100 Thieves,PACIFIC
12558,22332,Ascent,Gen.G,XSET,Gen.G,Gen.G,17,XSET,533,7,5,8,1,0,0,Gen.G,PACIFIC
12558,22333,Haven,XSET,XSET,Gen.G,Gen.G,17,XSET,533,3,9,4,8,0,0,Gen.G,PACIFIC
12559,22335,Split,Luminosity,Immortals,Luminosity,Luminosity,642,Immortals,103,7,5,6,6,0,0,Immortals,PACIFIC
12559,22336,Haven,Immortals,Luminosity,Immortals,Luminosity,642,Immortals,103,6,6,3,7,0,0,Luminosity,PACIFIC
12559,22337,Bind,Decider,Immortals,Luminosity,Luminosity,642,Immortals,103,6,6,7,4,0,0,Luminosity,PACIFIC
12554,22318,Icebox,FaZe Clan,ENVY,FaZe Clan,ENVY,427,FaZe Clan,337,3,9,4,3,0,0,FaZe Clan,PACIFIC
12554,22319,Bind,ENVY,FaZe Clan,ENVY,ENVY,427,FaZe Clan,337,7,5,3,6,0,0,FaZe Clan,PACIFIC
12555,22321,Ascent,100 Thieves,Sentinels,100 Thieves,Sentinels,2,100 Thieves,120,10,2,0,3,0,0,Sentinels,PACIFIC
12555,22322,Haven,Sentinels,100 Thieves,Sentinels,Sentinels,2,100 Thieves,120,4,8,4,8,2,4,Sentinels,PACIFIC
12560,22338,Ascent,Gen.G,100 Thieves,Gen.G,100 Thieves,120,Gen.G,17,3,9,4,3,0,0,Gen.G,PACIFIC
12560,22339,Icebox,100 Thieves,Gen.G,100 Thieves,100 Thieves,120,Gen.G,17,5,7,4,8,0,0,Gen.G,PACIFIC
12561,22341,Haven,Luminosity,ENVY,Luminosity,ENVY,427,Luminosity,642,8,4,4,5,0,0,ENVY,PACIFIC
12561,22342,Ascent,ENVY,Luminosity,ENVY,ENVY,427,Luminosity,642,8,4,9,2,0,0,ENVY,PACIFIC
12556,22324,Icebox,FaZe Clan,Sentinels,FaZe Clan,FaZe Clan,337,Sentinels,2,9,3,2,4,0,0,Sentinels,PACIFIC
12556,22325,Haven,Sentinels,FaZe Clan,Sentinels,FaZe Clan,337,Sentinels,2,5,7,6,3,0,0,Sentinels,PACIFIC
12562,22344,Ascent,Gen.G,ENVY,Gen.G,Gen.G,17,ENVY,427,10,2,2,3,0,0,ENVY,PACIFIC
12562,22345,Haven,ENVY,ENVY,Gen.G,Gen.G,17,ENVY,427,6,6,7,4,0,0,Gen.G,PACIFIC
12562,22346,Bind,Decider,ENVY,Gen.G,Gen.G,17,ENVY,427,3,9,4,5,0,0,Gen.G,PACIFIC
12563,22347,Ascent,Gen.G,FaZe Clan,Gen.G,FaZe Clan,337,Gen.G,17,6,6,2,7,0,0,FaZe Clan,PACIFIC
12563,22348,Bind,FaZe Clan,Gen.G,FaZe Clan,FaZe Clan,337,Gen.G,17,4,8,5,5,0,0,FaZe Clan,PACIFIC
12557,22327,Ascent,Sentinels,FaZe Clan,Sentinels,Sentinels,2,FaZe Clan,337,8,4,9,3,0,0,Sentinels,PACIFIC
12557,22328,Bind,FaZe Clan,Sentinels,FaZe Clan,Sentinels,2,FaZe Clan,337,8,4,3,5,0,0,Sentinels,PACIFIC
12557,22329,Haven,Sentinels,FaZe Clan,Sentinels,Sentinels,2,FaZe Clan,337,2,10,3,2,0,0,Sentinels,PACIFIC
11335,19667,Bind,LGI,TSM,LGI,TSM,106,LGI,2776,5,7,2,8,0,0,TSM,PACIFIC
11335,19668,Icebox,TSM,LGI,TSM,TSM,106,LGI,2776,2,10,3,1,0,0,TSM,PACIFIC
11336,19670,Haven,Decider,TradeLikePros,Zero MarksMen,TradeLikePros,6462,Zero MarksMen,4447,7,5,3,6,0,0,TradeLikePros,PACIFIC
11336,19671,Ascent,Decider,Zero MarksMen,TradeLikePros,TradeLikePros,6462,Zero MarksMen,4447,8,4,4,5,0,0,Zero MarksMen,PACIFIC
11336,19672,Bind,Decider,TradeLikePros,Zero MarksMen,TradeLikePros,6462,Zero MarksMen,4447,8,4,6,5,0,0,TradeLikePros,PACIFIC
11337,19673,Haven,Decider,Scrub Garden,Penguin Sledding,Penguin Sledding,1657,Scrub Garden,3188,3,9,4,4,0,0,Penguin Sledding,PACIFIC
11337,19674,Ascent,Decider,Penguin Sledding,Scrub Garden,Penguin Sledding,1657,Scrub Garden,3188,5,7,5,7,4,2,Penguin Sledding,PACIFIC
11338,19676,Ascent,Decider,Valkyrie,303 Esports,303 Esports,2139,Valkyrie,2760,6,6,7,1,0,0,303 Esports,PACIFIC
11338,19677,Haven,Decider,303 Esports,Valkyrie,303 Esports,2139,Valkyrie,2760,8,4,0,5,0,0,303 Esports,PACIFIC
11339,19679,Ascent,Decider,Spot Up,FYL,Spot Up,302,FYL,3215,11,1,1,2,0,0,Spot Up,PACIFIC
11339,19680,Split,Decider,FYL,Spot Up,Spot Up,302,FYL,3215,8,4,9,1,0,0,Spot Up,PACIFIC
11340,19682,Haven,Decider,Fluid Gaming,Nautic,Fluid Gaming,6417,Nautic,2758,3,9,4,3,0,0,Nautic,PACIFIC
11340,19683,Bind,Decider,Nautic,Fluid Gaming,Fluid Gaming,6417,Nautic,2758,6,6,7,2,0,0,Fluid Gaming,PACIFIC
11340,19684,Split,Decider,Fluid Gaming,Nautic,Fluid Gaming,6417,Nautic,2758,1,11,2,6,0,0,Nautic,PACIFIC
11341,19685,Ascent,Decider,Complexity,Jumba,Complexity,470,Jumba,3191,11,1,3,2,0,0,Complexity,PACIFIC
11341,19686,Bind,Decider,Jumba,Complexity,Complexity,470,Jumba,3191,3,9,4,1,0,0,Complexity,PACIFIC
11342,19688,Haven,Decider,Lycus Empire,Cereal Before Milk,Lycus Empire,1269,Cereal Before Milk,3205,8,4,1,5,0,0,Lycus Empire,PACIFIC
11342,19689,Icebox,Decider,Cereal Before Milk,Lycus Empire,Lycus Empire,1269,Cereal Before Milk,3205,2,10,3,0,0,0,Lycus Empire,PACIFIC
11343,19691,Split,Decider,Version1,NC State Esports,Version1,2815,NC State Esports,2794,8,4,0,5,0,0,Version1,PACIFIC
11343,19692,Icebox,Decider,NC State Esports,Version1,Version1,2815,NC State Esports,2794,3,9,4,0,0,0,Version1,PACIFIC
11344,19694,Bind,Decider,D2E Black,Entourage,D2E Black,2450,Entourage,2780,7,5,7,5,0,2,Entourage,PACIFIC
11344,19695,Haven,Decider,Entourage,D2E Black,D2E Black,2450,Entourage,2780,6,6,1,7,0,0,Entourage,PACIFIC
11345,19697,Ascent,Decider,NSIC,Vault Guardians,NSIC,2403,Vault Guardians,3273,8,4,2,5,0,0,NSIC,PACIFIC
11345,19698,Haven,Decider,NSIC,Vault Guardians,NSIC,2403,Vault Guardians,3273,12,0,2,1,0,0,NSIC,PACIFIC
11346,21486,Ascent,Decider,Take Flyte,VisionX,Take Flyte,1030,VisionX,3211,7,5,4,6,0,0,Take Flyte,PACIFIC
11346,21487,Bind,Decider,VisionX,Take Flyte,Take Flyte,1030,VisionX,3211,3,9,4,7,0,0,Take Flyte,PACIFIC
11347,19703,Split,Decider,TAMU Maroon,Rise,Rise,637,TAMU Maroon,2785,5,7,6,4,0,0,Rise,PACIFIC
11347,19704,Haven,Decider,Rise,TAMU Maroon,Rise,637,TAMU Maroon,2785,6,6,4,7,0,0,Rise,PACIFIC
11348,19706,Bind,Decider,ATK Mode,Dialed In,Dialed In,2475,ATK Mode,2444,3,9,4,1,0,0,Dialed In,PACIFIC
11348,19707,Haven,Decider,Dialed In,ATK Mode,Dialed In,2475,ATK Mode,2444,10,2,1,3,0,0,Dialed In,PACIFIC
11349,19709,Ascent,Decider,Headshot Percentage,Java PR,Headshot Percentage,2209,Java PR,2778,9,3,2,4,0,0,Headshot Percentage,PACIFIC
11349,19710,Bind,Decider,Java PR,Headshot Percentage,Headshot Percentage,2209,Java PR,2778,3,9,4,0,0,0,Headshot Percentage,PACIFIC
11350,19712,Bind,Decider,seeker,Zelo,seeker,2136,Zelo,2458,6,6,3,7,0,0,seeker,PACIFIC
11350,19713,Ascent,Decider,Zelo,seeker,seeker,2136,Zelo,2458,6,6,7,2,0,0,seeker,PACIFIC
11351,19715,Split,Decider,Andbox,IQ White,Andbox,856,IQ White,2801,10,2,0,3,0,0,Andbox,PACIFIC
11351,19716,Ascent,Decider,Andbox,IQ White,Andbox,856,IQ White,2801,9,3,3,4,0,0,Andbox,PACIFIC
11352,19718,Haven,Decider,Pirate Nation,Swagoi,Swagoi,2498,Pirate Nation,2449,7,5,7,5,2,0,Pirate Nation,PACIFIC
11352,19719,Ascent,Decider,Pirate Nation,Swagoi,Swagoi,2498,Pirate Nation,2449,5,7,4,8,0,0,Pirate Nation,PACIFIC
11353,19721,Bind,Decider,Cloud9 White,Shoguns,Cloud9 White,1267,Shoguns,2786,9,3,3,4,0,0,Cloud9 White,PACIFIC
11353,19722,Haven,Decider,Cloud9 White,Shoguns,Cloud9 White,1267,Shoguns,2786,11,1,0,2,0,0,Cloud9 White,PACIFIC
11354,19724,Haven,Decider,Demon Time,Hotcakes,Demon Time,382,Hotcakes,2798,9,3,0,4,0,0,Demon Time,PACIFIC
11354,19725,Ascent,Decider,Demon Time,Hotcakes,Demon Time,382,Hotcakes,2798,10,2,0,3,0,0,Demon Time,PACIFIC
11355,19727,Ascent,Decider,Knights,Pure,Knights,1615,Pure,2793,11,1,1,2,0,0,Knights,PACIFIC
11355,19728,Haven,Decider,Pure,Knights,Knights,1615,Pure,2793,3,9,4,0,0,0,Knights,PACIFIC
11356,19730,Icebox,Decider,RIFLE CRUTCHERS,Big Swampy Society,RIFLE CRUTCHERS,2238,Big Swampy Society,3194,9,3,7,4,0,0,RIFLE CRUTCHERS,PACIFIC
11356,19731,Bind,Decider,Big Swampy Society,RIFLE CRUTCHERS,RIFLE CRUTCHERS,2238,Big Swampy Society,3194,5,7,6,0,0,0,RIFLE CRUTCHERS,PACIFIC
11357,19733,Ascent,Decider,Hollywood Hooliganz,Triangle Offense,Hollywood Hooliganz,1026,Triangle Offense,2225,9,3,7,4,0,0,Hollywood Hooliganz,PACIFIC
11357,19734,Bind,Decider,Triangle Offense,Hollywood Hooliganz,Hollywood Hooliganz,1026,Triangle Offense,2225,3,9,4,1,0,0,Hollywood Hooliganz,PACIFIC
11359,19739,Split,Decider,NRG,Sac State Hornets,NRG,1034,Sac State Hornets,2453,11,1,3,2,0,0,NRG,PACIFIC
11359,19740,Icebox,Decider,Sac State Hornets,NRG,NRG,1034,Sac State Hornets,2453,4,8,5,0,0,0,NRG,PACIFIC
11360,19742,Split,Decider,Divine,VZN,VZN,2759,Divine,2138,9,3,4,4,0,0,Divine,PACIFIC
11360,19743,Icebox,Decider,Divine,VZN,VZN,2759,Divine,2138,1,11,2,0,0,0,VZN,PACIFIC
11360,19744,Icebox,Decider,Divine,VZN,VZN,2759,Divine,2138,1,11,2,0,0,0,VZN,PACIFIC
11361,19745,Icebox,Decider,Time In,Logan Paulers,Time In,1166,Logan Paulers,3209,9,3,4,4,0,0,Time In,PACIFIC
11361,19746,Bind,Decider,Logan Paulers,Time In,Time In,1166,Logan Paulers,3209,4,8,5,0,0,0,Time In,PACIFIC
11362,19748,Bind,Decider,Able Esports,Windstorm,Able Esports,1669,Windstorm,3202,4,8,5,2,0,0,Windstorm,PACIFIC
11362,19749,Split,Decider,Windstorm,Able Esports,Able Esports,1669,Windstorm,3202,3,9,4,3,0,0,Able Esports,PACIFIC
11362,19750,Haven,Decider,Able Esports,Windstorm,Able Esports,1669,Windstorm,3202,8,4,4,5,0,0,Able Esports,PACIFIC
11363,19751,Split,Decider,sadHours,Equinox Esports,Equinox Esports,1152,sadHours,2790,1,11,2,0,0,0,Equinox Esports,PACIFIC
11363,19752,Ascent,Decider,sadHours,Equinox Esports,Equinox Esports,1152,sadHours,2790,2,10,3,0,0,0,Equinox Esports,PACIFIC
11364,19754,Icebox,Decider,YFP,Team Atlas,YFP,5038,Team Atlas,3196,10,2,3,3,0,0,YFP,PACIFIC
11364,19755,Ascent,Decider,Team Atlas,YFP,YFP,5038,Team Atlas,3196,6,6,7,3,0,0,YFP,PACIFIC
11365,19757,Haven,Decider,On The Way,Pulsar,On The Way,2214,Pulsar,3192,10,2,0,3,0,0,On The Way,PACIFIC
11365,19758,Ascent,Decider,Pulsar,On The Way,On The Way,2214,Pulsar,3192,6,6,7,4,0,0,On The Way,PACIFIC
11366,19760,Split,Decider,Onslaught Gaming,Interstate 95,Onslaught Gaming,1666,Interstate 95,305,4,8,5,3,0,0,Interstate 95,PACIFIC
11366,19761,Bind,Decider,Interstate 95,Onslaught Gaming,Onslaught Gaming,1666,Interstate 95,305,9,3,9,3,0,2,Onslaught Gaming,PACIFIC
11366,19762,Haven,Decider,Interstate 95,Onslaught Gaming,Onslaught Gaming,1666,Interstate 95,305,8,4,1,5,0,0,Interstate 95,PACIFIC
11367,19763,Ascent,Decider,T1,In The Lab,T1,14,In The Lab,2591,8,4,1,5,0,0,T1,PACIFIC
11367,19764,Haven,Decider,In The Lab,T1,T1,14,In The Lab,2591,1,11,2,0,0,0,T1,PACIFIC
11368,19768,Haven,Decider,Dallas Vendetta,PUGSTARS,PUGSTARS,2938,Dallas Vendetta,2228,2,10,3,2,0,0,PUGSTARS,PACIFIC
11368,21224,Bind,Decider,PUGSTARS,Dallas Vendetta,PUGSTARS,2938,Dallas Vendetta,2228,4,8,5,5,0,0,Dallas Vendetta,PACIFIC
11368,21225,Ascent,Decider,Dallas Vendetta,PUGSTARS,PUGSTARS,2938,Dallas Vendetta,2228,1,11,2,0,0,0,PUGSTARS,PACIFIC
11369,19769,Ascent,Decider,Reformed,Arlington E.C.,Reformed,2802,Arlington E.C.,3197,6,6,6,6,2,0,Reformed,PACIFIC
11369,19770,Split,Decider,Reformed,Arlington E.C.,Reformed,2802,Arlington E.C.,3197,10,2,1,3,0,0,Reformed,PACIFIC
11370,19772,Bind,Decider,Archons,Synthetic,Archons,1654,Synthetic,3213,7,5,5,6,0,0,Archons,PACIFIC
11370,19773,Icebox,Decider,Synthetic,Archons,Archons,1654,Synthetic,3213,3,9,4,0,0,0,Archons,PACIFIC
11371,19775,Bind,Decider,eUnited,Enigma,eUnited,2287,Enigma,2892,10,2,2,3,0,0,eUnited,PACIFIC
11371,19776,Ascent,Decider,Enigma,eUnited,eUnited,2287,Enigma,2892,3,9,4,1,0,0,eUnited,PACIFIC
11372,19778,Bind,Decider,Frick Ya Bag,anygurls,Frick Ya Bag,3214,anygurls,3198,10,2,4,3,0,0,Frick Ya Bag,PACIFIC
11372,19779,Ascent,Decider,Frick Ya Bag,anygurls,Frick Ya Bag,3214,anygurls,3198,8,4,2,5,0,0,Frick Ya Bag,PACIFIC
11373,19781,Bind,Decider,Carpe Noctem,IQ Purple,Carpe Noctem,2128,IQ Purple,3200,8,4,2,5,0,0,Carpe Noctem,PACIFIC
11373,19782,Ascent,Decider,Carpe Noctem,IQ Purple,Carpe Noctem,2128,IQ Purple,3200,10,2,2,3,0,0,Carpe Noctem,PACIFIC
11374,19784,Bind,Decider,Grapefruit Techniques,Hyperspace Dark,Grapefruit Techniques,1117,Hyperspace Dark,2425,7,5,2,6,0,0,Grapefruit Techniques,PACIFIC
11374,19785,Ascent,Decider,Hyperspace Dark,Grapefruit Techniques,Grapefruit Techniques,1117,Hyperspace Dark,2425,2,10,3,0,0,0,Grapefruit Techniques,PACIFIC
11375,19787,Ascent,Decider,Cloud9,ThiccWRECK,Cloud9,188,ThiccWRECK,2784,11,1,0,2,0,0,Cloud9,PACIFIC
11375,19788,Haven,Decider,ThiccWRECK,Cloud9,Cloud9,188,ThiccWRECK,2784,3,9,4,0,0,0,Cloud9,PACIFIC
11376,19790,Bind,Decider,OW Refugees,select few,OW Refugees,3186,select few,7707,7,5,6,6,0,0,OW Refugees,PACIFIC
11376,19791,Haven,Decider,OW Refugees,select few,OW Refugees,3186,select few,7707,6,6,7,0,0,0,select few,PACIFIC
11376,19792,Ascent,Decider,OW Refugees,select few,OW Refugees,3186,select few,7707,11,1,3,2,0,0,OW Refugees,PACIFIC
11377,19793,Ascent,Decider,Caught in 4k,Last Round Save,Last Round Save,1300,Caught in 4k,2799,2,10,3,5,0,0,Last Round Save,PACIFIC
11377,19794,Icebox,Decider,Last Round Save,Caught in 4k,Last Round Save,1300,Caught in 4k,2799,9,3,1,4,0,0,Last Round Save,PACIFIC
11378,19796,Haven,Decider,Brimstone Gaming,Akuma Esports Black,Brimstone Gaming,2377,Akuma Esports Black,2472,10,2,6,3,0,0,Brimstone Gaming,PACIFIC
11378,19797,Split,Decider,Akuma Esports Black,Brimstone Gaming,Brimstone Gaming,2377,Akuma Esports Black,2472,4,8,5,6,0,0,Brimstone Gaming,PACIFIC
11379,19799,Ascent,Decider,Ghost Gaming,ALL GAS NO BRAKES,Ghost Gaming,2291,ALL GAS NO BRAKES,2787,10,2,0,3,0,0,Ghost Gaming,PACIFIC
11379,19800,Bind,Decider,ALL GAS NO BRAKES,Ghost Gaming,Ghost Gaming,2291,ALL GAS NO BRAKES,2787,4,8,5,1,0,0,Ghost Gaming,PACIFIC
11381,19805,Ascent,Decider,ex-FUNSNATCHERS,Team Reinvented Gaming,ex-FUNSNATCHERS,3199,Team Reinvented Gaming,2783,10,2,6,3,0,0,ex-FUNSNATCHERS,PACIFIC
11381,19806,Haven,Decider,Team Reinvented Gaming,ex-FUNSNATCHERS,ex-FUNSNATCHERS,3199,Team Reinvented Gaming,2783,2,10,3,1,0,0,ex-FUNSNATCHERS,PACIFIC
11383,19811,Bind,Decider,Renegades,"Stay Small, Stay Second",Renegades,468,"Stay Small, Stay Second",2771,8,4,4,5,0,0,Renegades,PACIFIC
11383,19812,Haven,Decider,"Stay Small, Stay Second",Renegades,Renegades,468,"Stay Small, Stay Second",2771,4,8,5,5,0,0,Renegades,PACIFIC
11384,19814,Bind,Decider,THE FIVE EMPERORS,PremierGG,THE FIVE EMPERORS,2442,PremierGG,2443,7,5,0,6,0,0,THE FIVE EMPERORS,PACIFIC
11384,19815,Haven,Decider,PremierGG,THE FIVE EMPERORS,THE FIVE EMPERORS,2442,PremierGG,2443,7,5,8,2,0,0,THE FIVE EMPERORS,PACIFIC
11385,19817,Icebox,Decider,Evil Geniuses,Aqua,Evil Geniuses,5248,Aqua,2477,7,5,1,6,0,0,Evil Geniuses,PACIFIC
11385,19818,Haven,Decider,Evil Geniuses,Aqua,Evil Geniuses,5248,Aqua,2477,10,2,1,3,0,0,Evil Geniuses,PACIFIC
11386,19820,Bind,Decider,Project,LoV,Project,2936,LoV,3201,9,3,0,4,0,0,Project,PACIFIC
11386,19821,Icebox,Decider,Project,LoV,Project,2936,LoV,3201,9,3,0,4,0,0,Project,PACIFIC
11387,19823,Icebox,Decider,Sedated,EthanK Fan Club,Sedated,1305,EthanK Fan Club,2485,7,5,7,5,2,0,Sedated,PACIFIC
11387,19824,Ascent,Decider,EthanK Fan Club,Sedated,Sedated,1305,EthanK Fan Club,2485,1,11,2,0,0,0,Sedated,PACIFIC
11388,19826,Bind,Decider,Exzit,Akella,Akella,3274,Exzit,3203,1,11,2,0,0,0,Akella,PACIFIC
11388,19827,Ascent,Decider,Akella,Exzit,Akella,3274,Exzit,3203,8,4,0,5,0,0,Akella,PACIFIC
11389,19829,Icebox,Decider,beastcoast,GCU Esports,beastcoast,631,GCU Esports,2800,11,1,2,2,0,0,beastcoast,PACIFIC
11389,19830,Ascent,Decider,GCU Esports,beastcoast,beastcoast,631,GCU Esports,2800,0,12,1,0,0,0,beastcoast,PACIFIC
11390,19833,Ascent,Decider,Bounty Esports,Sakura Storm,Sakura Storm,1297,Bounty Esports,2383,6,6,0,7,0,0,Bounty Esports,PACIFIC
11390,19834,Haven,Decider,Sakura Storm,Bounty Esports,Sakura Storm,1297,Bounty Esports,2383,6,6,7,1,0,0,Bounty Esports,PACIFIC
11390,21222,Split,Decider,Sakura Storm,Bounty Esports,Sakura Storm,1297,Bounty Esports,2383,6,6,5,7,0,0,Sakura Storm,PACIFIC
11391,19835,Split,Decider,Built By Gamers,ExPandable,Built By Gamers,473,ExPandable,2447,12,0,0,1,0,0,Built By Gamers,PACIFIC
11391,19836,Ascent,Decider,ExPandable,Built By Gamers,Built By Gamers,473,ExPandable,2447,3,9,4,1,0,0,Built By Gamers,PACIFIC
11392,19838,Ascent,Decider,NBKS CENTURIONS,Neebs and Weebs,NBKS CENTURIONS,2492,Neebs and Weebs,3193,8,4,8,4,4,2,NBKS CENTURIONS,PACIFIC
11392,19839,Bind,Decider,Neebs and Weebs,NBKS CENTURIONS,NBKS CENTURIONS,2492,Neebs and Weebs,3193,10,2,3,3,0,0,Neebs and Weebs,PACIFIC
11392,19840,Haven,Decider,Neebs and Weebs,NBKS CENTURIONS,NBKS CENTURIONS,2492,Neebs and Weebs,3193,4,8,5,4,0,0,NBKS CENTURIONS,PACIFIC
11393,19841,Bind,Decider,Elysium,MNR,Elysium,6419,MNR,3210,9,3,4,4,0,0,Elysium,PACIFIC
11393,19842,Haven,Decider,Elysium,MNR,Elysium,6419,MNR,3210,4,8,5,5,0,0,MNR,PACIFIC
11393,19843,Ascent,Decider,Elysium,MNR,Elysium,6419,MNR,3210,8,4,7,5,0,0,Elysium,PACIFIC
11394,19844,Bind,Decider,YMCMB,BLAHAJ,BLAHAJ,2401,YMCMB,3195,5,7,5,7,9,7,YMCMB,PACIFIC
11394,19845,Icebox,Decider,BLAHAJ,YMCMB,BLAHAJ,2401,YMCMB,3195,11,1,2,2,0,0,BLAHAJ,PACIFIC
11394,19846,Ascent,Decider,BLAHAJ,YMCMB,BLAHAJ,2401,YMCMB,3195,8,4,0,5,0,0,BLAHAJ,PACIFIC
11395,19848,Bind,Decider,Spacestation Gaming,Lunch Club,Spacestation Gaming,674,Lunch Club,2774,10,2,3,3,0,0,Spacestation Gaming,PACIFIC
11395,21223,Ascent,Decider,Spacestation Gaming,Lunch Club,Spacestation Gaming,674,Lunch Club,2774,7,5,1,6,0,0,Spacestation Gaming,PACIFIC
11396,19851,Ascent,Decider,s2xx,VVT Premier,VVT Premier,2467,s2xx,3212,9,3,8,4,0,0,s2xx,PACIFIC
11396,21227,Split,Decider,VVT Premier,s2xx,VVT Premier,2467,s2xx,3212,4,8,5,3,0,0,s2xx,PACIFIC
11397,19853,Bind,Decider,DaHoonkaBhanKoloos(Kooky Koalas ),Square Nation,DaHoonkaBhanKoloos(Kooky Koalas ),3187,Square Nation,3206,0,4,1,0,0,0,Square Nation,PACIFIC
11397,19854,Ascent,Decider,Square Nation,DaHoonkaBhanKoloos(Kooky Koalas ),DaHoonkaBhanKoloos(Kooky Koalas ),3187,Square Nation,3206,4,0,0,5,0,0,Square Nation,PACIFIC
11398,19856,Haven,Decider,VIRTUOSO,Kissy Boys,VIRTUOSO,2348,Kissy Boys,3207,11,1,3,2,0,0,VIRTUOSO,PACIFIC
11398,19857,Split,Decider,Kissy Boys,VIRTUOSO,VIRTUOSO,2348,Kissy Boys,3207,3,9,4,1,0,0,VIRTUOSO,PACIFIC
11421,19917,Ascent,Decider,eUnited,Frick Ya Bag,eUnited,2287,Frick Ya Bag,3214,4,8,5,3,0,0,Frick Ya Bag,PACIFIC
11421,19918,Bind,Decider,eUnited,Frick Ya Bag,eUnited,2287,Frick Ya Bag,3214,7,5,8,4,0,0,Frick Ya Bag,PACIFIC
11406,19872,Icebox,Decider,Complexity,Lycus Empire,Complexity,470,Lycus Empire,1269,9,3,3,4,0,0,Complexity,PACIFIC
11406,19873,Ascent,Decider,Lycus Empire,Complexity,Complexity,470,Lycus Empire,1269,4,8,5,1,0,0,Complexity,PACIFIC
11407,19875,Icebox,Decider,Entourage,Version1,Version1,2815,Entourage,2780,5,7,6,1,0,0,Version1,PACIFIC
11407,19876,Haven,Decider,Version1,Entourage,Version1,2815,Entourage,2780,7,5,3,6,0,0,Version1,PACIFIC
11415,19899,Haven,Decider,NRG,VZN,NRG,1034,VZN,2759,6,6,5,7,0,0,NRG,PACIFIC
11415,19900,Icebox,Decider,VZN,NRG,NRG,1034,VZN,2759,6,6,7,1,0,0,NRG,PACIFIC
11404,19866,Ascent,Decider,303 Esports,Penguin Sledding,Penguin Sledding,1657,303 Esports,2139,10,2,0,3,0,0,303 Esports,PACIFIC
11404,19867,Haven,Decider,Penguin Sledding,303 Esports,Penguin Sledding,1657,303 Esports,2139,8,4,0,5,0,0,Penguin Sledding,PACIFIC
11404,19868,Split,Decider,303 Esports,Penguin Sledding,Penguin Sledding,1657,303 Esports,2139,5,7,6,2,0,0,Penguin Sledding,PACIFIC
11405,19869,Haven,Decider,Spot Up,Nautic,Spot Up,302,Nautic,2758,9,3,0,4,0,0,Spot Up,PACIFIC
11405,19870,Icebox,Decider,Spot Up,Nautic,Spot Up,302,Nautic,2758,9,3,2,4,0,0,Spot Up,PACIFIC
11408,19878,Ascent,Decider,NSIC,Take Flyte,NSIC,2403,Take Flyte,1030,8,4,2,5,0,0,NSIC,PACIFIC
11408,19879,Haven,Decider,Take Flyte,NSIC,NSIC,2403,Take Flyte,1030,5,7,6,1,0,0,NSIC,PACIFIC
11409,19881,Icebox,Decider,Rise,Dialed In,Rise,637,Dialed In,2475,4,8,5,2,0,0,Dialed In,PACIFIC
11409,19882,Bind,Decider,Rise,Dialed In,Rise,637,Dialed In,2475,11,1,9,2,0,0,Rise,PACIFIC
11409,21250,Split,Decider,Rise,Dialed In,Rise,637,Dialed In,2475,10,2,2,3,0,0,Rise,PACIFIC
11410,19884,Ascent,Decider,Headshot Percentage,seeker,Headshot Percentage,2209,seeker,2136,6,6,7,5,0,0,seeker,PACIFIC
11410,19885,Bind,Decider,seeker,Headshot Percentage,Headshot Percentage,2209,seeker,2136,6,6,7,5,0,0,Headshot Percentage,PACIFIC
11410,19886,Icebox,Decider,Headshot Percentage,seeker,Headshot Percentage,2209,seeker,2136,5,7,5,7,0,2,seeker,PACIFIC
11411,19887,Split,Decider,Andbox,Pirate Nation,Andbox,856,Pirate Nation,2449,6,6,1,7,0,0,Andbox,PACIFIC
11411,19888,Ascent,Decider,Pirate Nation,Andbox,Andbox,856,Pirate Nation,2449,1,11,2,0,0,0,Andbox,PACIFIC
11412,19890,Haven,Decider,Cloud9 White,Demon Time,Cloud9 White,1267,Demon Time,382,3,9,4,0,0,0,Demon Time,PACIFIC
11412,19891,Icebox,Decider,Demon Time,Cloud9 White,Cloud9 White,1267,Demon Time,382,7,5,6,6,0,0,Demon Time,PACIFIC
11413,19893,Bind,Decider,Knights,RIFLE CRUTCHERS,Knights,1615,RIFLE CRUTCHERS,2238,11,1,0,2,0,0,Knights,PACIFIC
11413,19894,Haven,Decider,RIFLE CRUTCHERS,Knights,Knights,1615,RIFLE CRUTCHERS,2238,6,6,3,7,0,0,RIFLE CRUTCHERS,PACIFIC
11413,19895,Ascent,Decider,Knights,RIFLE CRUTCHERS,Knights,1615,RIFLE CRUTCHERS,2238,9,3,7,4,0,0,Knights,PACIFIC
11414,19896,Ascent,Decider,Hollywood Hooliganz,On Top Soon,Hollywood Hooliganz,1026,On Top Soon,3208,5,7,6,5,0,0,On Top Soon,PACIFIC
11414,19897,Icebox,Decider,On Top Soon,Hollywood Hooliganz,Hollywood Hooliganz,1026,On Top Soon,3208,7,5,0,6,0,0,On Top Soon,PACIFIC
11417,19905,Haven,Decider,YFP,Equinox Esports,Equinox Esports,1152,YFP,5038,5,7,6,6,0,0,Equinox Esports,PACIFIC
11417,19906,Icebox,Decider,YFP,Equinox Esports,Equinox Esports,1152,YFP,5038,8,4,9,2,0,0,Equinox Esports,PACIFIC
11420,19914,Icebox,Decider,Reformed,Archons,Reformed,2802,Archons,1654,2,10,3,9,0,0,Archons,PACIFIC
11420,19915,Ascent,Decider,Archons,Reformed,Reformed,2802,Archons,1654,7,5,7,5,2,0,Archons,PACIFIC
11422,19920,Bind,Decider,Carpe Noctem,Grapefruit Techniques,Carpe Noctem,2128,Grapefruit Techniques,1117,3,9,4,2,0,0,Grapefruit Techniques,PACIFIC
11422,19921,Split,Decider,Grapefruit Techniques,Carpe Noctem,Carpe Noctem,2128,Grapefruit Techniques,1117,12,0,0,1,0,0,Grapefruit Techniques,PACIFIC
11423,19923,Bind,Decider,OW Refugees,Cloud9,Cloud9,188,OW Refugees,3186,4,8,5,0,0,0,Cloud9,PACIFIC
11423,19924,Ascent,Decider,OW Refugees,Cloud9,Cloud9,188,OW Refugees,3186,1,11,2,2,0,0,Cloud9,PACIFIC
11424,19926,Ascent,Decider,Brimstone Gaming,Last Round Save,Last Round Save,1300,Brimstone Gaming,2377,10,2,8,3,0,0,Brimstone Gaming,PACIFIC
11424,19927,Haven,Decider,Last Round Save,Brimstone Gaming,Last Round Save,1300,Brimstone Gaming,2377,8,4,8,4,2,0,Last Round Save,PACIFIC
11424,19928,Split,Decider,Brimstone Gaming,Last Round Save,Last Round Save,1300,Brimstone Gaming,2377,5,7,6,3,0,0,Last Round Save,PACIFIC
11425,19929,Bind,Decider,Ghost Gaming,Radiant Roombas,Ghost Gaming,2291,Radiant Roombas,2379,7,5,1,6,0,0,Ghost Gaming,PACIFIC
11425,19930,Ascent,Decider,Radiant Roombas,Ghost Gaming,Ghost Gaming,2291,Radiant Roombas,2379,3,9,4,1,0,0,Ghost Gaming,PACIFIC
11426,19932,Haven,Decider,ex-FUNSNATCHERS,Spotlight,ex-FUNSNATCHERS,3199,Spotlight,2249,5,7,6,3,0,0,Spotlight,PACIFIC
11426,19933,Ascent,Decider,Spotlight,ex-FUNSNATCHERS,ex-FUNSNATCHERS,3199,Spotlight,2249,9,3,8,4,0,0,Spotlight,PACIFIC
11427,19935,Bind,Decider,Renegades,THE FIVE EMPERORS,Renegades,468,THE FIVE EMPERORS,2442,9,3,5,4,0,0,Renegades,PACIFIC
11427,19936,Haven,Decider,THE FIVE EMPERORS,Renegades,Renegades,468,THE FIVE EMPERORS,2442,1,11,2,0,0,0,Renegades,PACIFIC
11428,19938,Ascent,Decider,Evil Geniuses,Project,Evil Geniuses,5248,Project,2936,9,3,9,3,0,2,Project,PACIFIC
11428,19940,Split,Decider,Evil Geniuses,Project,Evil Geniuses,5248,Project,2936,8,4,8,4,3,1,Evil Geniuses,PACIFIC
11428,21249,Icebox,Decider,Project,Evil Geniuses,Evil Geniuses,5248,Project,2936,2,10,3,5,0,0,Evil Geniuses,PACIFIC
11429,19941,Ascent,Decider,Sedated,Akella,Sedated,1305,Akella,3274,4,8,5,6,0,0,Akella,PACIFIC
11429,19942,Bind,Decider,Akella,Sedated,Sedated,1305,Akella,3274,10,2,2,3,0,0,Akella,PACIFIC
11430,19944,Bind,Decider,beastcoast,Bounty Esports,beastcoast,631,Bounty Esports,2383,9,3,6,4,0,0,beastcoast,PACIFIC
11430,19945,Ascent,Decider,Bounty Esports,beastcoast,beastcoast,631,Bounty Esports,2383,4,8,5,7,0,0,beastcoast,PACIFIC
11431,19947,Ascent,Decider,Built By Gamers,NBKS CENTURIONS,Built By Gamers,473,NBKS CENTURIONS,2492,10,2,0,3,0,0,Built By Gamers,PACIFIC
11431,19948,Bind,Decider,NBKS CENTURIONS,Built By Gamers,Built By Gamers,473,NBKS CENTURIONS,2492,2,10,3,0,0,0,Built By Gamers,PACIFIC
11433,19953,Bind,Decider,Spacestation Gaming,s2xx,Spacestation Gaming,674,s2xx,3212,7,5,2,6,0,0,Spacestation Gaming,PACIFIC
11433,19954,Ascent,Decider,s2xx,Spacestation Gaming,Spacestation Gaming,674,s2xx,3212,3,9,4,2,0,0,Spacestation Gaming,PACIFIC
11434,19956,Split,Decider,DaHoonkaBhanKoloos(Kooky Koalas ),VIRTUOSO,DaHoonkaBhanKoloos(Kooky Koalas ),3187,VIRTUOSO,2348,0,10,3,0,0,0,VIRTUOSO,PACIFIC
11434,19957,Ascent,Decider,DaHoonkaBhanKoloos(Kooky Koalas ),VIRTUOSO,DaHoonkaBhanKoloos(Kooky Koalas ),3187,VIRTUOSO,2348,0,3,4,0,0,0,VIRTUOSO,PACIFIC
11434,19958,Haven,Decider,DaHoonkaBhanKoloos(Kooky Koalas ),VIRTUOSO,DaHoonkaBhanKoloos(Kooky Koalas ),3187,VIRTUOSO,2348,0,2,0,0,0,0,VIRTUOSO,PACIFIC
11419,19911,Ascent,Decider,T1,PUGSTARS,T1,14,PUGSTARS,2938,4,8,5,2,0,0,PUGSTARS,PACIFIC
11419,19912,Haven,Decider,T1,PUGSTARS,T1,14,PUGSTARS,2938,7,5,4,6,0,0,T1,PACIFIC
11419,19913,Split,Decider,T1,PUGSTARS,T1,14,PUGSTARS,2938,10,2,3,3,0,0,T1,PACIFIC
11403,19863,Ascent,Decider,TSM,TradeLikePros,TSM,106,TradeLikePros,6462,11,1,0,2,0,0,TSM,PACIFIC
11403,19864,Icebox,Decider,TradeLikePros,TSM,TSM,106,TradeLikePros,6462,4,8,5,3,0,0,TSM,PACIFIC
11416,19902,Icebox,Decider,Time In,Able Esports,Time In,1166,Able Esports,1669,11,1,0,2,0,0,Time In,PACIFIC
11416,19903,Bind,Decider,Able Esports,Time In,Time In,1166,Able Esports,1669,6,6,7,2,0,0,Time In,PACIFIC
11418,19908,Haven,Decider,On The Way,Interstate 95,On The Way,2214,Interstate 95,305,10,2,4,3,0,0,On The Way,PACIFIC
11418,19909,Ascent,Decider,Interstate 95,On The Way,On The Way,2214,Interstate 95,305,4,8,5,2,0,0,On The Way,PACIFIC
11432,19950,Icebox,Decider,BLAHAJ,Elysium,Elysium,6419,BLAHAJ,2401,5,7,1,8,0,0,BLAHAJ,PACIFIC
11432,19951,Ascent,Decider,BLAHAJ,Elysium,Elysium,6419,BLAHAJ,2401,5,7,6,6,0,0,Elysium,PACIFIC
11432,19952,Bind,Decider,Elysium,BLAHAJ,Elysium,6419,BLAHAJ,2401,10,2,0,3,0,0,Elysium,PACIFIC
11435,19959,Bind,Decider,TSM,Penguin Sledding,TSM,106,Penguin Sledding,1657,9,3,4,4,0,0,TSM,PACIFIC
11435,19960,Ascent,Decider,Penguin Sledding,TSM,TSM,106,Penguin Sledding,1657,3,9,4,1,0,0,TSM,PACIFIC
11436,19962,Icebox,Decider,Spot Up,Complexity,Spot Up,302,Complexity,470,6,6,5,7,0,0,Spot Up,PACIFIC
11436,19963,Split,Decider,Complexity,Spot Up,Spot Up,302,Complexity,470,6,6,7,0,0,0,Spot Up,PACIFIC
11437,19965,Haven,Decider,Version1,NSIC,Version1,2815,NSIC,2403,9,3,7,4,0,0,Version1,PACIFIC
11437,19966,Split,Decider,NSIC,Version1,Version1,2815,NSIC,2403,6,6,7,5,0,0,Version1,PACIFIC
11438,19968,Icebox,Decider,seeker,Rise,Rise,637,seeker,2136,5,7,6,2,0,0,Rise,PACIFIC
11438,19969,Bind,Decider,Rise,seeker,Rise,637,seeker,2136,9,3,1,4,0,0,Rise,PACIFIC
11439,19971,Haven,Decider,Andbox,Demon Time,Andbox,856,Demon Time,382,3,9,4,1,0,0,Demon Time,PACIFIC
11439,19972,Ascent,Decider,Demon Time,Andbox,Andbox,856,Demon Time,382,2,10,3,6,0,0,Andbox,PACIFIC
11439,19973,Icebox,Decider,Andbox,Demon Time,Andbox,856,Demon Time,382,9,3,10,2,0,0,Demon Time,PACIFIC
11440,19974,Ascent,Decider,Knights,On Top Soon,Knights,1615,On Top Soon,3208,8,4,1,5,0,0,Knights,PACIFIC
11440,19975,Haven,Decider,On Top Soon,Knights,Knights,1615,On Top Soon,3208,1,11,2,0,0,0,Knights,PACIFIC
11441,19977,Icebox,Decider,NRG,Time In,NRG,1034,Time In,1166,3,9,2,10,0,0,NRG,PACIFIC
11441,19978,Ascent,Decider,Time In,NRG,NRG,1034,Time In,1166,8,4,9,3,0,0,NRG,PACIFIC
11442,19980,Ascent,Decider,On The Way,Equinox Esports,Equinox Esports,1152,On The Way,2214,9,3,2,4,0,0,On The Way,PACIFIC
11442,19981,Bind,Decider,On The Way,Equinox Esports,Equinox Esports,1152,On The Way,2214,4,8,5,1,0,0,Equinox Esports,PACIFIC
11442,19982,Icebox,Decider,On The Way,Equinox Esports,Equinox Esports,1152,On The Way,2214,9,3,3,4,0,0,On The Way,PACIFIC
11443,19983,Icebox,Decider,T1,Archons,T1,14,Archons,1654,3,9,0,10,0,0,T1,PACIFIC
11443,19984,Haven,Decider,Archons,T1,T1,14,Archons,1654,2,10,3,0,0,0,T1,PACIFIC
11444,19986,Haven,Decider,Frick Ya Bag,Grapefruit Techniques,Frick Ya Bag,3214,Grapefruit Techniques,1117,8,4,3,5,0,0,Frick Ya Bag,PACIFIC
11444,19987,Bind,Decider,Grapefruit Techniques,Frick Ya Bag,Frick Ya Bag,3214,Grapefruit Techniques,1117,4,8,5,5,0,0,Frick Ya Bag,PACIFIC
11445,19989,Haven,Decider,Last Round Save,Cloud9,Cloud9,188,Last Round Save,1300,3,9,4,4,0,0,Cloud9,PACIFIC
11445,19990,Icebox,Decider,Last Round Save,Cloud9,Cloud9,188,Last Round Save,1300,6,6,7,1,0,0,Cloud9,PACIFIC
11446,19992,Haven,Decider,Ghost Gaming,Spotlight,Ghost Gaming,2291,Spotlight,2249,6,6,7,5,0,0,Spotlight,PACIFIC
11446,19993,Ascent,Decider,Spotlight,Ghost Gaming,Ghost Gaming,2291,Spotlight,2249,5,7,6,1,0,0,Ghost Gaming,PACIFIC
11446,19994,Bind,Decider,Ghost Gaming,Spotlight,Ghost Gaming,2291,Spotlight,2249,9,3,3,4,0,0,Ghost Gaming,PACIFIC
11447,19995,Haven,Evil Geniuses,Renegades,Evil Geniuses,Renegades,468,Evil Geniuses,5248,11,1,0,2,0,0,Renegades,PACIFIC
11447,19996,Ascent,Renegades,Evil Geniuses,Renegades,Renegades,468,Evil Geniuses,5248,6,6,7,4,0,0,Renegades,PACIFIC
11448,19998,Icebox,Decider,Akella,beastcoast,Akella,3274,beastcoast,631,2,10,3,7,0,0,beastcoast,PACIFIC
11448,19999,Ascent,Decider,beastcoast,Akella,Akella,3274,beastcoast,631,5,7,5,7,8,6,beastcoast,PACIFIC
11449,20001,Bind,Decider,Built By Gamers,Elysium,Built By Gamers,473,Elysium,6419,10,2,0,3,0,0,Built By Gamers,PACIFIC
11449,20002,Ascent,Decider,Elysium,Built By Gamers,Built By Gamers,473,Elysium,6419,2,10,3,1,0,0,Built By Gamers,PACIFIC
11450,20004,Ascent,Decider,Spacestation Gaming,DaHoonkaBhanKoloos(Kooky Koalas ),Spacestation Gaming,674,DaHoonkaBhanKoloos(Kooky Koalas ),3187,3,0,0,5,0,0,Spacestation Gaming,PACIFIC
11450,21610,Icebox,Decider,DaHoonkaBhanKoloos(Kooky Koalas ),Spacestation Gaming,Spacestation Gaming,674,DaHoonkaBhanKoloos(Kooky Koalas ),3187,0,2,0,0,0,0,Spacestation Gaming,PACIFIC
11452,20010,Split,Rise,Version1,Rise,Version1,2815,Rise,637,1,11,0,12,0,0,Version1,PACIFIC
11452,20011,Icebox,Version1,Rise,Version1,Version1,2815,Rise,637,4,8,5,1,0,0,Version1,PACIFIC
11455,20019,Ascent,Decider,T1,Frick Ya Bag,T1,14,Frick Ya Bag,3214,11,1,0,2,0,0,T1,PACIFIC
11455,20020,Haven,Decider,Frick Ya Bag,T1,T1,14,Frick Ya Bag,3214,1,11,2,0,0,0,T1,PACIFIC
11458,20028,Bind,Decider,Built By Gamers,DaHoonkaBhanKoloos(Kooky Koalas ),Built By Gamers,473,DaHoonkaBhanKoloos(Kooky Koalas ),3187,7,0,0,3,0,0,Built By Gamers,PACIFIC
11458,20029,Ascent,Decider,DaHoonkaBhanKoloos(Kooky Koalas ),Built By Gamers,Built By Gamers,473,DaHoonkaBhanKoloos(Kooky Koalas ),3187,0,1,1,0,0,0,Built By Gamers,PACIFIC
11451,20007,Split,Decider,TSM,Spot Up,TSM,106,Spot Up,302,9,3,1,4,0,0,TSM,PACIFIC
11451,20008,Ascent,Decider,Spot Up,TSM,TSM,106,Spot Up,302,3,9,4,1,0,0,TSM,PACIFIC
11453,20013,Haven,Decider,Demon Time,Knights,Demon Time,382,Knights,1615,5,7,6,1,0,0,Knights,PACIFIC
11453,20014,Ascent,Decider,Knights,Demon Time,Demon Time,382,Knights,1615,9,3,10,2,0,0,Demon Time,PACIFIC
11453,20015,Split,Decider,Demon Time,Knights,Demon Time,382,Knights,1615,8,4,3,5,0,0,Demon Time,PACIFIC
11457,20025,Bind,Decider,Renegades,beastcoast,Renegades,468,beastcoast,631,5,7,5,7,2,0,Renegades,PACIFIC
11457,20026,Haven,Decider,beastcoast,Renegades,Renegades,468,beastcoast,631,9,3,8,4,0,0,beastcoast,PACIFIC
11457,20027,Ascent,Decider,Renegades,beastcoast,Renegades,468,beastcoast,631,8,4,9,3,0,0,beastcoast,PACIFIC
11456,21616,Haven,Decider,Ghost Gaming,Cloud9,Cloud9,188,Ghost Gaming,2291,7,5,1,6,0,0,Ghost Gaming,PACIFIC
11456,21617,Ascent,Decider,Ghost Gaming,Cloud9,Cloud9,188,Ghost Gaming,2291,5,7,6,0,0,0,Cloud9,PACIFIC
11456,21618,Split,Decider,Cloud9,Ghost Gaming,Cloud9,188,Ghost Gaming,2291,6,6,3,7,0,0,Cloud9,PACIFIC
11454,20016,Icebox,Decider,NRG,On The Way,NRG,1034,On The Way,2214,3,9,4,3,0,0,On The Way,PACIFIC
11454,20017,Haven,Decider,On The Way,NRG,NRG,1034,On The Way,2214,2,10,3,0,0,0,NRG,PACIFIC
11454,20018,Bind,Decider,NRG,On The Way,NRG,1034,On The Way,2214,8,4,1,5,0,0,NRG,PACIFIC
11459,20031,Icebox,Version1,TSM,Version1,TSM,106,Version1,2815,9,3,3,4,0,0,TSM,PACIFIC
11459,20032,Ascent,TSM,Version1,TSM,TSM,106,Version1,2815,9,3,9,3,0,2,TSM,PACIFIC
11460,20034,Split,NRG,Demon Time,NRG,Demon Time,382,NRG,1034,4,8,4,8,1,3,NRG,PACIFIC
11460,20035,Haven,Demon Time,NRG,Demon Time,Demon Time,382,NRG,1034,10,2,0,3,0,0,NRG,PACIFIC
11461,20037,Icebox,T1,Cloud9,T1,T1,14,Cloud9,188,6,6,7,4,0,0,T1,PACIFIC
11461,20038,Ascent,Cloud9,T1,Cloud9,T1,14,Cloud9,188,7,5,5,6,0,0,T1,PACIFIC
11462,20040,Ascent,DaHoonkaBhanKoloos(Kooky Koalas ),beastcoast,DaHoonkaBhanKoloos(Kooky Koalas ),beastcoast,631,DaHoonkaBhanKoloos(Kooky Koalas ),3187,5,0,0,0,0,0,beastcoast,PACIFIC
11462,20041,Icebox,beastcoast,DaHoonkaBhanKoloos(Kooky Koalas ),beastcoast,beastcoast,631,DaHoonkaBhanKoloos(Kooky Koalas ),3187,0,6,6,0,0,2,beastcoast,PACIFIC
11462,20042,Bind,Decider,beastcoast,DaHoonkaBhanKoloos(Kooky Koalas ),beastcoast,631,DaHoonkaBhanKoloos(Kooky Koalas ),3187,5,0,0,1,0,0,beastcoast,PACIFIC
11465,20045,Bind,Kooky Koalas,Luminosity,Kooky Koalas,Luminosity,642,Kooky Koalas,3187,8,4,3,5,0,0,Luminosity,PACIFIC
11465,20046,Icebox,Luminosity,Kooky Koalas,Luminosity,Luminosity,642,Kooky Koalas,3187,2,10,3,4,0,0,Luminosity,PACIFIC
11466,20048,Bind,Gen.G,TSM,Gen.G,Gen.G,17,TSM,106,7,5,3,6,0,0,TSM,PACIFIC
11466,20049,Ascent,TSM,Gen.G,TSM,Gen.G,17,TSM,106,5,7,6,4,0,0,TSM,PACIFIC
11468,20054,Icebox,T1,FaZe Clan,T1,FaZe Clan,337,T1,14,6,6,2,7,0,0,FaZe Clan,PACIFIC
11468,20055,Haven,FaZe Clan,T1,FaZe Clan,FaZe Clan,337,T1,14,5,7,5,7,0,2,FaZe Clan,PACIFIC
11467,20051,Haven,NRG,100 Thieves,NRG,100 Thieves,120,NRG,1034,4,8,4,8,5,3,100 Thieves,PACIFIC
11467,20052,Bind,100 Thieves,NRG,100 Thieves,100 Thieves,120,NRG,1034,7,5,2,6,0,0,NRG,PACIFIC
11467,20053,Ascent,Decider,100 Thieves,NRG,100 Thieves,120,NRG,1034,3,9,4,2,0,0,NRG,PACIFIC
11475,20073,Haven,Gen.G,Kooky Koalas,Gen.G,Kooky Koalas,3187,Gen.G,17,5,7,6,6,0,0,Gen.G,PACIFIC
11475,20074,Ascent,Kooky Koalas,Gen.G,Kooky Koalas,Kooky Koalas,3187,Gen.G,17,6,6,1,7,0,0,Gen.G,PACIFIC
11476,20076,Haven,100 Thieves,T1,100 Thieves,100 Thieves,120,T1,14,5,7,6,3,0,0,100 Thieves,PACIFIC
11476,20077,Icebox,T1,100 Thieves,T1,100 Thieves,120,T1,14,1,11,2,0,0,0,T1,PACIFIC
11476,20078,Ascent,Decider,T1,100 Thieves,100 Thieves,120,T1,14,4,8,5,4,0,0,100 Thieves,PACIFIC
11469,20057,Ascent,TSM,Luminosity,TSM,Luminosity,642,TSM,106,6,6,3,7,0,0,Luminosity,PACIFIC
11469,20058,Icebox,Luminosity,TSM,Luminosity,Luminosity,642,TSM,106,6,6,7,1,0,0,Luminosity,PACIFIC
11470,20060,Bind,NRG,FaZe Clan,NRG,NRG,1034,FaZe Clan,337,9,3,6,4,0,0,FaZe Clan,PACIFIC
11470,20061,Haven,FaZe Clan,NRG,FaZe Clan,NRG,1034,FaZe Clan,337,10,2,8,3,0,0,NRG,PACIFIC
11470,20062,Ascent,Decider,FaZe Clan,NRG,NRG,1034,FaZe Clan,337,8,4,6,5,0,0,FaZe Clan,PACIFIC
11478,20082,Icebox,100 Thieves,TSM,100 Thieves,TSM,106,100 Thieves,120,4,8,5,0,0,0,100 Thieves,PACIFIC
11478,20083,Ascent,TSM,100 Thieves,TSM,TSM,106,100 Thieves,120,6,6,1,7,0,0,100 Thieves,PACIFIC
11477,20079,Ascent,Gen.G,NRG,Gen.G,NRG,1034,Gen.G,17,6,6,7,3,0,0,Gen.G,PACIFIC
11477,20080,Haven,NRG,Gen.G,NRG,NRG,1034,Gen.G,17,5,7,3,8,0,0,Gen.G,PACIFIC
11471,20063,Icebox,FaZe Clan,Luminosity,FaZe Clan,Luminosity,642,FaZe Clan,337,5,7,6,2,0,0,FaZe Clan,PACIFIC
11471,20064,Ascent,Luminosity,FaZe Clan,Luminosity,Luminosity,642,FaZe Clan,337,7,5,3,6,0,0,FaZe Clan,PACIFIC
11479,20085,Ascent,Gen.G,Gen.G,100 Thieves,Gen.G,17,100 Thieves,120,10,2,10,2,3,5,100 Thieves,PACIFIC
11479,20086,Haven,100 Thieves,Gen.G,100 Thieves,Gen.G,17,100 Thieves,120,9,3,4,4,0,0,Gen.G,PACIFIC
11479,20087,Bind,Decider,100 Thieves,Gen.G,Gen.G,17,100 Thieves,120,10,2,2,3,0,0,100 Thieves,PACIFIC
11480,20088,Icebox,Luminosity,Luminosity,100 Thieves,Luminosity,642,100 Thieves,120,7,5,8,0,0,0,100 Thieves,PACIFIC
11480,20089,Ascent,100 Thieves,100 Thieves,Luminosity,Luminosity,642,100 Thieves,120,11,1,0,2,0,0,100 Thieves,PACIFIC
11474,20068,TBD,Decider,,,FaZe Clan,337,100 Thieves,120,0,0,0,0,0,0,Draw,PACIFIC
11474,20069,Icebox,100 Thieves,FaZe Clan,100 Thieves,FaZe Clan,337,100 Thieves,120,9,3,3,4,0,0,FaZe Clan,PACIFIC
11474,20070,Bind,FaZe Clan,100 Thieves,FaZe Clan,FaZe Clan,337,100 Thieves,120,6,6,7,2,0,0,FaZe Clan,PACIFIC
10137,17387,Haven,100 Thieves,Caught in 4k,100 Thieves,100 Thieves,120,Caught in 4k,2799,1,11,2,3,0,0,100 Thieves,PACIFIC
10137,17388,Bind,Caught in 4k,100 Thieves,Caught in 4k,100 Thieves,120,Caught in 4k,2799,11,1,0,2,0,0,100 Thieves,PACIFIC
10138,17390,Split,Decider,Nautic,VZN,Nautic,2758,VZN,2759,7,5,4,6,0,0,Nautic,PACIFIC
10138,17391,Ascent,Decider,VZN,Nautic,Nautic,2758,VZN,2759,9,3,0,4,0,0,VZN,PACIFIC
10138,17392,Haven,Decider,Nautic,VZN,Nautic,2758,VZN,2759,7,5,8,3,0,0,VZN,PACIFIC
10139,17393,Ascent,Decider,NSIC,ALL GAS NO BRAKES,NSIC,2403,ALL GAS NO BRAKES,2787,8,4,1,5,0,0,NSIC,PACIFIC
10139,17394,Haven,Decider,ALL GAS NO BRAKES,NSIC,NSIC,2403,ALL GAS NO BRAKES,2787,5,7,6,0,0,0,NSIC,PACIFIC
10140,17396,Bind,Decider,Elevate,Royal,Elevate,2531,Royal,833,11,1,5,2,0,0,Elevate,PACIFIC
10140,17397,Haven,Decider,Elevate,Royal,Elevate,2531,Royal,833,6,6,3,7,0,0,Elevate,PACIFIC
10141,17399,Bind,Decider,THE FIVE EMPERORS,Ghost Gaming,Ghost Gaming,2291,THE FIVE EMPERORS,2442,1,11,2,0,0,0,Ghost Gaming,PACIFIC
10141,17400,Haven,Decider,Ghost Gaming,THE FIVE EMPERORS,Ghost Gaming,2291,THE FIVE EMPERORS,2442,10,2,4,3,0,0,Ghost Gaming,PACIFIC
10142,17402,Ascent,Decider,Big Backwoods,Heathens,Big Backwoods,2463,Heathens,2461,10,2,0,3,0,0,Big Backwoods,PACIFIC
10142,17403,Haven,Decider,Big Backwoods,Heathens,Big Backwoods,2463,Heathens,2461,7,5,1,6,0,0,Big Backwoods,PACIFIC
10143,17405,Icebox,Decider,Complexity,SFG,Complexity,470,SFG,2770,10,2,0,3,0,0,Complexity,PACIFIC
10143,17406,Haven,Decider,SFG,Complexity,Complexity,470,SFG,2770,3,9,4,1,0,0,Complexity,PACIFIC
10145,17411,Split,Decider,NRG,Pure,NRG,1034,Pure,2793,12,0,0,1,0,0,NRG,PACIFIC
10145,17412,Haven,Decider,Pure,NRG,NRG,1034,Pure,2793,6,6,7,1,0,0,NRG,PACIFIC
10146,17414,Ascent,Decider,Rated Gaming,ANEW Esports,ANEW Esports,2244,Rated Gaming,2470,7,5,8,2,0,0,ANEW Esports,PACIFIC
10146,17415,Haven,Decider,ANEW Esports,Rated Gaming,ANEW Esports,2244,Rated Gaming,2470,9,3,4,4,0,0,ANEW Esports,PACIFIC
10147,17417,Haven,Decider,FUNSNATCHERS,Orange Juice Gaming,FUNSNATCHERS,1661,Orange Juice Gaming,2804,8,4,1,5,0,0,FUNSNATCHERS,PACIFIC
10147,17418,Ascent,Decider,Orange Juice Gaming,FUNSNATCHERS,FUNSNATCHERS,1661,Orange Juice Gaming,2804,5,7,6,3,0,0,FUNSNATCHERS,PACIFIC
10148,17420,Ascent,Decider,Hotcakes,Last Round Save,Last Round Save,1300,Hotcakes,2798,0,12,1,0,0,0,Last Round Save,PACIFIC
10148,17421,Haven,Decider,Last Round Save,Hotcakes,Last Round Save,1300,Hotcakes,2798,5,7,3,8,0,0,Last Round Save,PACIFIC
10149,17423,Icebox,Decider,Andbox,Amarok Esports,Andbox,856,Amarok Esports,2779,11,1,1,2,0,0,Andbox,PACIFIC
10149,17424,Split,Decider,Amarok Esports,Andbox,Andbox,856,Amarok Esports,2779,1,11,2,2,0,0,Andbox,PACIFIC
10150,17426,Ascent,Decider,Take Flyte,Dallas Vendetta,Take Flyte,1030,Dallas Vendetta,2228,7,5,2,6,0,0,Take Flyte,PACIFIC
10150,17427,Haven,Decider,Dallas Vendetta,Take Flyte,Take Flyte,1030,Dallas Vendetta,2228,2,10,3,9,0,0,Take Flyte,PACIFIC
10151,17429,Ascent,Decider,Cloud9 White,Lunch Club,Cloud9 White,1267,Lunch Club,2774,8,4,0,5,0,0,Cloud9 White,PACIFIC
10151,17430,Icebox,Decider,Lunch Club,Cloud9 White,Cloud9 White,1267,Lunch Club,2774,4,8,1,9,0,0,Lunch Club,PACIFIC
10151,17431,Haven,Decider,Cloud9 White,Lunch Club,Cloud9 White,1267,Lunch Club,2774,7,5,2,6,0,0,Cloud9 White,PACIFIC
10152,17432,Bind,Decider,On The Way,ThiccWRECK,On The Way,2214,ThiccWRECK,2784,8,4,2,5,0,0,On The Way,PACIFIC
10152,17433,Ascent,Decider,ThiccWRECK,On The Way,On The Way,2214,ThiccWRECK,2784,3,9,4,0,0,0,On The Way,PACIFIC
10153,17435,Haven,Decider,FaZe Clan,Match Point,FaZe Clan,337,Match Point,2796,10,2,0,3,0,0,FaZe Clan,PACIFIC
10153,17436,Bind,Decider,Match Point,FaZe Clan,FaZe Clan,337,Match Point,2796,1,11,2,2,0,0,FaZe Clan,PACIFIC
10154,17438,Bind,Decider,Flow State,Enigma,Flow State,994,Enigma,2892,11,1,1,2,0,0,Flow State,PACIFIC
10154,17439,Ascent,Decider,Enigma,Flow State,Flow State,994,Enigma,2892,7,5,8,3,0,0,Flow State,PACIFIC
10155,17441,Ascent,Decider,eUnited,GCU Esports,eUnited,2287,GCU Esports,2800,9,3,0,4,0,0,eUnited,PACIFIC
10155,17442,Bind,Decider,GCU Esports,eUnited,eUnited,2287,GCU Esports,2800,2,10,3,1,0,0,eUnited,PACIFIC
10156,17444,Haven,Decider,Sakura Storm,PremierGG,Sakura Storm,1297,PremierGG,2443,3,9,3,9,0,2,PremierGG,PACIFIC
10156,17445,Ascent,Decider,PremierGG,Sakura Storm,Sakura Storm,1297,PremierGG,2443,1,11,2,0,0,0,Sakura Storm,PACIFIC
10156,17446,Bind,Decider,Sakura Storm,PremierGG,Sakura Storm,1297,PremierGG,2443,6,6,6,6,0,2,PremierGG,PACIFIC
10157,17447,Split,Decider,sadHours,Carpe Noctem,Carpe Noctem,2128,sadHours,2790,7,5,8,4,0,0,Carpe Noctem,PACIFIC
10157,17448,Bind,Decider,sadHours,Carpe Noctem,Carpe Noctem,2128,sadHours,2790,1,11,2,0,0,0,Carpe Noctem,PACIFIC
10158,17450,Ascent,Decider,VVT Premier,Triangle Offense,VVT Premier,2467,Triangle Offense,2225,2,10,3,0,0,0,Triangle Offense,PACIFIC
10158,17451,Split,Decider,Triangle Offense,VVT Premier,VVT Premier,2467,Triangle Offense,2225,9,3,0,4,0,0,Triangle Offense,PACIFIC
10159,17453,Ascent,Decider,Version1,Onslaught Gaming,Version1,2815,Onslaught Gaming,1666,8,4,1,5,0,0,Version1,PACIFIC
10159,17454,Split,Decider,Onslaught Gaming,Version1,Version1,2815,Onslaught Gaming,1666,7,5,8,4,0,0,Version1,PACIFIC
10160,17456,Bind,Decider,Time In,S2,Time In,1166,S2,2781,9,3,0,4,0,0,Time In,PACIFIC
10160,17457,Ascent,Decider,S2,Time In,Time In,1166,S2,2781,4,8,5,4,0,0,Time In,PACIFIC
10161,17459,Haven,NC State Esports,T1,NC State Esports,T1,14,NC State Esports,2794,10,2,0,3,0,0,T1,PACIFIC
10161,17460,Icebox,T1,T1,NC State Esports,T1,14,NC State Esports,2794,12,0,0,1,0,0,T1,PACIFIC
10162,17462,Bind,Decider,Headshot Percentage,Nice Throw,Headshot Percentage,2209,Nice Throw,2789,8,4,3,5,0,0,Headshot Percentage,PACIFIC
10162,17463,Ascent,Decider,Nice Throw,Headshot Percentage,Headshot Percentage,2209,Nice Throw,2789,3,9,4,0,0,0,Headshot Percentage,PACIFIC
10163,17465,Ascent,Decider,ex-Serenity,Phantom V,ex-Serenity,2753,Phantom V,2795,10,2,1,3,0,0,ex-Serenity,PACIFIC
10163,17466,Haven,Decider,Phantom V,ex-Serenity,ex-Serenity,2753,Phantom V,2795,3,9,4,6,0,0,ex-Serenity,PACIFIC
10164,17468,Ascent,Decider,303 Esports,Entourage,303 Esports,2139,Entourage,2780,5,7,1,8,0,0,303 Esports,PACIFIC
10164,17469,Haven,Decider,Entourage,303 Esports,303 Esports,2139,Entourage,2780,6,6,6,6,0,2,303 Esports,PACIFIC
10165,17471,Ascent,Decider,Built By Gamers,IQ White,Built By Gamers,473,IQ White,2801,9,3,2,4,0,0,Built By Gamers,PACIFIC
10165,17472,Bind,Decider,IQ White,Built By Gamers,Built By Gamers,473,IQ White,2801,5,7,6,2,0,0,Built By Gamers,PACIFIC
10166,17474,Ascent,Decider,Demon Time,lads,Demon Time,382,lads,2775,10,2,0,3,0,0,Demon Time,PACIFIC
10166,17475,Haven,Decider,lads,Demon Time,Demon Time,382,lads,2775,3,9,4,2,0,0,Demon Time,PACIFIC
10167,17477,Ascent,Decider,Spot Up,ABC Boiz,Spot Up,302,ABC Boiz,2445,12,0,0,1,0,0,Spot Up,PACIFIC
10167,17478,Split,Decider,ABC Boiz,Spot Up,Spot Up,302,ABC Boiz,2445,0,12,1,3,0,0,Spot Up,PACIFIC
10168,17480,Icebox,Decider,Brimstone Gaming,Bad Karma Esports,Brimstone Gaming,2377,Bad Karma Esports,2484,7,5,7,5,9,7,Brimstone Gaming,PACIFIC
10168,17481,Bind,Decider,Brimstone Gaming,Bad Karma Esports,Brimstone Gaming,2377,Bad Karma Esports,2484,6,6,1,7,0,0,Brimstone Gaming,PACIFIC
10169,17483,Split,Decider,TSM,ATK Mode,TSM,106,ATK Mode,2444,11,1,0,2,0,0,TSM,PACIFIC
10169,17484,Bind,Decider,TSM,ATK Mode,TSM,106,ATK Mode,2444,9,3,1,4,0,0,TSM,PACIFIC
10170,17486,Icebox,Decider,D2E Gold,Aqua,Aqua,2477,D2E Gold,2476,9,3,6,4,0,0,D2E Gold,PACIFIC
10170,17487,Ascent,Decider,Aqua,D2E Gold,Aqua,2477,D2E Gold,2476,2,10,3,1,0,0,D2E Gold,PACIFIC
10171,17489,Ascent,Decider,Zelo,Slimy Boogermen,Slimy Boogermen,1312,Zelo,2458,3,9,4,1,0,0,Slimy Boogermen,PACIFIC
10171,17490,TBD,Decider,,,Slimy Boogermen,1312,Zelo,2458,0,0,0,0,0,0,Draw,PACIFIC
10172,17492,Ascent,Decider,Zero MarksMen,Elysium,Elysium,6419,Zero MarksMen,2205,1,11,2,3,0,0,Elysium,PACIFIC
10172,17493,Haven,Decider,Elysium,Zero MarksMen,Elysium,6419,Zero MarksMen,2205,7,5,3,6,0,0,Elysium,PACIFIC
10173,17495,Haven,Decider,Mob Mentality eSports,Big Frames,Big Frames,2033,Mob Mentality eSports,1726,5,7,6,0,0,0,Big Frames,PACIFIC
10173,17496,Bind,Decider,Mob Mentality eSports,Big Frames,Big Frames,2033,Mob Mentality eSports,1726,3,9,4,0,0,0,Big Frames,PACIFIC
10174,17498,Icebox,Decider,Able Esports,EthanK Fan Club,Able Esports,1669,EthanK Fan Club,2485,9,3,6,4,0,0,Able Esports,PACIFIC
10174,17499,Ascent,Decider,EthanK Fan Club,Able Esports,Able Esports,1669,EthanK Fan Club,2485,3,9,4,0,0,0,Able Esports,PACIFIC
10175,17501,Ascent,Decider,Dignitas,Shoguns,Dignitas,632,Shoguns,2786,10,2,0,3,0,0,Dignitas,PACIFIC
10175,17502,Bind,Decider,Shoguns,Dignitas,Dignitas,632,Shoguns,2786,3,9,4,1,0,0,Dignitas,PACIFIC
10176,17504,Ascent,Decider,Boys Who Cry,RIFLE CRUTCHERS,RIFLE CRUTCHERS,2238,Boys Who Cry,2803,4,8,5,3,0,0,RIFLE CRUTCHERS,PACIFIC
10176,17505,TBD,Decider,,,RIFLE CRUTCHERS,2238,Boys Who Cry,2803,0,0,0,0,0,0,Draw,PACIFIC
10177,17507,Haven,Decider,TAMU Maroon,Gen.G,Gen.G,17,TAMU Maroon,2785,2,10,3,0,0,0,Gen.G,PACIFIC
10177,17508,Icebox,Decider,TAMU Maroon,Gen.G,Gen.G,17,TAMU Maroon,2785,2,10,3,1,0,0,Gen.G,PACIFIC
10178,17510,Bind,Decider,VIRTUOSO,Dialed In,VIRTUOSO,2348,Dialed In,2475,4,8,1,9,0,0,VIRTUOSO,PACIFIC
10178,17511,Haven,Decider,VIRTUOSO,Dialed In,VIRTUOSO,2348,Dialed In,2475,5,7,2,8,0,0,VIRTUOSO,PACIFIC
10179,17513,Ascent,Decider,Penguin Sledding,D2E Black,Penguin Sledding,1657,D2E Black,2450,8,4,5,5,0,0,Penguin Sledding,PACIFIC
10179,17514,Haven,Decider,Penguin Sledding,D2E Black,Penguin Sledding,1657,D2E Black,2450,4,8,4,8,0,2,D2E Black,PACIFIC
10179,17515,Split,Decider,Penguin Sledding,D2E Black,Penguin Sledding,1657,D2E Black,2450,4,8,5,5,0,0,D2E Black,PACIFIC
10180,17517,Bind,Decider,down bad,Waverunners,down bad,1715,Waverunners,2481,7,5,2,6,0,0,down bad,PACIFIC
10180,18086,Haven,Decider,Waverunners,down bad,down bad,1715,Waverunners,2481,3,9,4,0,0,0,down bad,PACIFIC
10181,17519,Icebox,"Stay Small, Stay Second",Cloud9,"Stay Small, Stay Second",Cloud9,188,"Stay Small, Stay Second",2771,9,3,0,4,0,0,Cloud9,PACIFIC
10181,17520,Ascent,Cloud9,,,Cloud9,188,"Stay Small, Stay Second",2771,0,0,0,0,0,0,Draw,PACIFIC
10182,17522,Bind,Decider,Fluid Gaming,Valkyrie,Fluid Gaming,6417,Valkyrie,2760,8,4,3,5,0,0,Fluid Gaming,PACIFIC
10182,17523,Haven,Decider,Valkyrie,Fluid Gaming,Fluid Gaming,6417,Valkyrie,2760,7,5,8,4,0,0,Fluid Gaming,PACIFIC
10183,17525,Ascent,Decider,Black Dragon Society,Roosters,Roosters,1291,Black Dragon Society,2788,4,8,5,1,0,0,Roosters,PACIFIC
10183,17526,Bind,Decider,Black Dragon Society,Roosters,Roosters,1291,Black Dragon Society,2788,9,3,2,4,0,0,Black Dragon Society,PACIFIC
10183,17527,Haven,Decider,Black Dragon Society,Roosters,Roosters,1291,Black Dragon Society,2788,6,6,2,7,0,0,Black Dragon Society,PACIFIC
10184,17528,Ascent,Decider,Hollywood Hooliganz,o7,Hollywood Hooliganz,1026,o7,2772,9,3,2,4,0,0,Hollywood Hooliganz,PACIFIC
10184,17529,Icebox,Decider,o7,Hollywood Hooliganz,Hollywood Hooliganz,1026,o7,2772,2,10,3,5,0,0,Hollywood Hooliganz,PACIFIC
10185,17531,Split,Decider,ENVY,Aquatik,ENVY,427,Aquatik,2805,11,1,0,2,0,0,ENVY,PACIFIC
10185,17532,Bind,Decider,Aquatik,ENVY,ENVY,427,Aquatik,2805,2,10,3,0,0,0,ENVY,PACIFIC
10186,17534,Bind,Decider,Archons,AllKnights,Archons,1654,AllKnights,2797,10,2,4,3,0,0,Archons,PACIFIC
10186,17535,Haven,Decider,AllKnights,Archons,Archons,1654,AllKnights,2797,5,7,6,6,0,0,Archons,PACIFIC
10187,17537,Bind,Decider,beastcoast,Radiant Roombas,beastcoast,631,Radiant Roombas,2379,8,4,3,5,0,0,beastcoast,PACIFIC
10187,17538,Ascent,Decider,Radiant Roombas,beastcoast,beastcoast,631,Radiant Roombas,2379,7,5,8,3,0,0,beastcoast,PACIFIC
10188,17540,Haven,Decider,Evil Geniuses,Bounty Esports,Evil Geniuses,5248,Bounty Esports,2383,3,9,4,4,0,0,Bounty Esports,PACIFIC
10188,17541,Split,Decider,Bounty Esports,Evil Geniuses,Evil Geniuses,5248,Bounty Esports,2383,6,6,7,5,0,0,Evil Geniuses,PACIFIC
10188,17542,Ascent,Decider,Evil Geniuses,Bounty Esports,Evil Geniuses,5248,Bounty Esports,2383,9,3,6,4,0,0,Evil Geniuses,PACIFIC
10189,17543,Haven,Decider,Spacestation Gaming,Prism Esports,Spacestation Gaming,674,Prism Esports,853,9,3,0,4,0,0,Spacestation Gaming,PACIFIC
10189,17544,Ascent,Decider,Prism Esports,Spacestation Gaming,Spacestation Gaming,674,Prism Esports,853,3,9,4,0,0,0,Spacestation Gaming,PACIFIC
10190,17546,Ascent,Decider,SDK,YFP,YFP,5038,SDK,2791,9,3,0,4,0,0,SDK,PACIFIC
10190,17547,Haven,Decider,YFP,SDK,YFP,5038,SDK,2791,7,5,1,6,0,0,YFP,PACIFIC
10190,17548,Split,Decider,YFP,SDK,YFP,5038,SDK,2791,8,4,9,3,0,0,SDK,PACIFIC
10191,17549,Ascent,Decider,Knights,LGI,Knights,1615,LGI,2776,9,3,0,4,0,0,Knights,PACIFIC
10191,17550,Haven,Decider,LGI,Knights,Knights,1615,LGI,2776,1,11,2,0,0,0,Knights,PACIFIC
10192,17552,Icebox,Decider,Grapefruit Techniques,team wide peek,Grapefruit Techniques,1117,team wide peek,2278,6,6,3,7,0,0,Grapefruit Techniques,PACIFIC
10192,17553,Split,Decider,team wide peek,Grapefruit Techniques,Grapefruit Techniques,1117,team wide peek,2278,5,7,6,1,0,0,Grapefruit Techniques,PACIFIC
10193,17555,Ascent,Decider,Renegades,Java PR,Renegades,468,Java PR,2778,11,1,0,2,0,0,Renegades,PACIFIC
10193,17556,Haven,Decider,Java PR,Renegades,Renegades,468,Java PR,2778,1,11,2,0,0,0,Renegades,PACIFIC
10194,17558,Ascent,Decider,Goomba Squad,seeker,seeker,2136,Goomba Squad,2777,9,3,8,4,0,0,Goomba Squad,PACIFIC
10194,17559,Icebox,Decider,seeker,Goomba Squad,seeker,2136,Goomba Squad,2777,10,2,3,3,0,0,seeker,PACIFIC
10194,17560,Split,Decider,seeker,Goomba Squad,seeker,2136,Goomba Squad,2777,8,4,9,3,0,0,Goomba Squad,PACIFIC
10195,17561,Bind,Decider,Sedated,5G Gaming,Sedated,1305,5G Gaming,2773,8,4,0,5,0,0,Sedated,PACIFIC
10195,17562,Split,Decider,5G Gaming,Sedated,Sedated,1305,5G Gaming,2773,2,10,3,2,0,0,Sedated,PACIFIC
10196,17564,Bind,Decider,BLAHAJ,Zero Gravity,BLAHAJ,2401,Zero Gravity,2782,3,9,4,1,0,0,Zero Gravity,PACIFIC
10196,17565,Split,Decider,Zero Gravity,BLAHAJ,BLAHAJ,2401,Zero Gravity,2782,4,8,5,5,0,0,BLAHAJ,PACIFIC
10196,17566,Haven,Decider,Zero Gravity,BLAHAJ,BLAHAJ,2401,Zero Gravity,2782,2,10,3,2,0,0,BLAHAJ,PACIFIC
10197,17567,Haven,Decider,GamerDuderGuys,Equinox Esports,Equinox Esports,1152,GamerDuderGuys,2792,5,7,6,3,0,0,Equinox Esports,PACIFIC
10197,17568,Ascent,Decider,GamerDuderGuys,Equinox Esports,Equinox Esports,1152,GamerDuderGuys,2792,0,12,1,0,0,0,Equinox Esports,PACIFIC
10198,17570,Ascent,Decider,Spotlight,Team Reinvented Gaming,Spotlight,2249,Team Reinvented Gaming,2783,11,1,1,2,0,0,Spotlight,PACIFIC
10198,17571,Haven,Decider,Spotlight,Team Reinvented Gaming,Spotlight,2249,Team Reinvented Gaming,2783,10,2,0,3,0,0,Spotlight,PACIFIC
10199,17573,Bind,Decider,Onslaught Gaming Red,Rise,Rise,637,Onslaught Gaming Red,2471,1,11,2,0,0,0,Rise,PACIFIC
10199,17574,Haven,Decider,Rise,Onslaught Gaming Red,Rise,637,Onslaught Gaming Red,2471,12,0,0,1,0,0,Rise,PACIFIC
10200,17576,Ascent,Decider,PROJECT X,NBKS CENTURIONS,PROJECT X,1298,NBKS CENTURIONS,2492,8,4,5,5,0,0,PROJECT X,PACIFIC
10200,17577,Bind,Decider,NBKS CENTURIONS,PROJECT X,PROJECT X,1298,NBKS CENTURIONS,2492,9,3,1,4,0,0,NBKS CENTURIONS,PACIFIC
10200,17578,Haven,Decider,PROJECT X,NBKS CENTURIONS,PROJECT X,1298,NBKS CENTURIONS,2492,4,8,5,0,0,0,NBKS CENTURIONS,PACIFIC
10220,17636,Ascent,Decider,Complexity,Reformed,Complexity,470,Reformed,2802,9,3,0,4,0,0,Complexity,PACIFIC
10220,17637,Haven,Decider,Complexity,Reformed,Complexity,470,Reformed,2802,6,6,7,1,0,0,Reformed,PACIFIC
10220,17638,Split,Decider,Complexity,Reformed,Complexity,470,Reformed,2802,6,6,5,7,0,0,Complexity,PACIFIC
10229,17663,Ascent,Headshot Percentage,T1,Headshot Percentage,T1,14,Headshot Percentage,2209,4,8,5,3,0,0,Headshot Percentage,PACIFIC
10229,17664,Icebox,T1,Headshot Percentage,T1,T1,14,Headshot Percentage,2209,1,11,2,2,0,0,T1,PACIFIC
10229,17665,Haven,Decider,T1,Headshot Percentage,T1,14,Headshot Percentage,2209,5,7,6,4,0,0,Headshot Percentage,PACIFIC
10218,17630,Bind,Decider,NSIC,Elevate,NSIC,2403,Elevate,2531,6,6,7,5,0,0,Elevate,PACIFIC
10218,17631,Ascent,Decider,Elevate,NSIC,NSIC,2403,Elevate,2531,4,8,5,3,0,0,NSIC,PACIFIC
10218,17632,Haven,Decider,NSIC,Elevate,NSIC,2403,Elevate,2531,10,2,2,3,0,0,NSIC,PACIFIC
10219,17633,Bind,Decider,Big Backwoods,Ghost Gaming,Ghost Gaming,2291,Big Backwoods,2463,11,1,2,2,0,0,Big Backwoods,PACIFIC
10219,17634,Ascent,Decider,Ghost Gaming,Big Backwoods,Ghost Gaming,2291,Big Backwoods,2463,5,7,3,8,0,0,Ghost Gaming,PACIFIC
10219,17635,Split,Decider,Big Backwoods,Ghost Gaming,Ghost Gaming,2291,Big Backwoods,2463,3,9,4,3,0,0,Ghost Gaming,PACIFIC
10221,17639,Split,Decider,NRG,ANEW Esports,NRG,1034,ANEW Esports,2244,10,2,0,3,0,0,NRG,PACIFIC
10221,17640,Icebox,Decider,ANEW Esports,NRG,NRG,1034,ANEW Esports,2244,3,9,4,2,0,0,NRG,PACIFIC
10223,17645,Ascent,Decider,Andbox,Take Flyte,Andbox,856,Take Flyte,1030,7,5,1,6,0,0,Andbox,PACIFIC
10223,17646,Icebox,Decider,Take Flyte,Andbox,Andbox,856,Take Flyte,1030,1,11,2,2,0,0,Andbox,PACIFIC
10225,17651,Split,Decider,FaZe Clan,Flow State,FaZe Clan,337,Flow State,994,6,6,4,7,0,0,FaZe Clan,PACIFIC
10225,17652,Ascent,Decider,Flow State,FaZe Clan,FaZe Clan,337,Flow State,994,4,8,5,1,0,0,FaZe Clan,PACIFIC
10228,17660,Haven,Decider,Version1,Time In,Version1,2815,Time In,1166,9,3,0,4,0,0,Version1,PACIFIC
10228,17661,Icebox,Decider,Time In,Version1,Version1,2815,Time In,1166,1,11,2,0,0,0,Version1,PACIFIC
10231,17669,Haven,Decider,Built By Gamers,Demon Time,Built By Gamers,473,Demon Time,382,7,5,4,6,0,0,Built By Gamers,PACIFIC
10231,17670,Ascent,Decider,Demon Time,Built By Gamers,Built By Gamers,473,Demon Time,382,6,6,7,3,0,0,Built By Gamers,PACIFIC
10201,17579,Icebox,Decider,TSM,D2E Gold,TSM,106,D2E Gold,2476,10,2,3,3,0,0,TSM,PACIFIC
10201,17580,Ascent,Decider,D2E Gold,TSM,TSM,106,D2E Gold,2476,2,10,3,1,0,0,TSM,PACIFIC
10202,17582,Haven,Decider,Slimy Boogermen,Elysium,Slimy Boogermen,1312,Elysium,6419,4,8,5,5,0,0,Elysium,PACIFIC
10202,17583,Ascent,Decider,Slimy Boogermen,Elysium,Slimy Boogermen,1312,Elysium,6419,10,2,3,3,0,0,Slimy Boogermen,PACIFIC
10202,17584,Split,Decider,Slimy Boogermen,Elysium,Slimy Boogermen,1312,Elysium,6419,8,4,3,5,0,0,Slimy Boogermen,PACIFIC
10203,17585,Ascent,Decider,Big Frames,Able Esports,Big Frames,2033,Able Esports,1669,9,3,4,4,0,0,Big Frames,PACIFIC
10203,17586,Bind,Decider,Able Esports,Big Frames,Big Frames,2033,Able Esports,1669,6,6,7,5,0,0,Big Frames,PACIFIC
10207,17597,Haven,Decider,Fluid Gaming,Cloud9,Cloud9,188,Fluid Gaming,6417,5,7,6,2,0,0,Cloud9,PACIFIC
10207,17598,Split,Decider,Fluid Gaming,Cloud9,Cloud9,188,Fluid Gaming,6417,4,8,5,0,0,0,Cloud9,PACIFIC
10209,17603,Haven,Decider,ENVY,Archons,ENVY,427,Archons,1654,7,5,4,6,0,0,ENVY,PACIFIC
10209,17604,Bind,Decider,Archons,ENVY,ENVY,427,Archons,1654,3,9,4,1,0,0,ENVY,PACIFIC
10215,17621,Haven,Decider,Spotlight,Equinox Esports,Equinox Esports,1152,Spotlight,2249,7,5,8,4,0,0,Equinox Esports,PACIFIC
10215,17622,Bind,Decider,Spotlight,Equinox Esports,Equinox Esports,1152,Spotlight,2249,0,12,1,0,0,0,Equinox Esports,PACIFIC
10222,17642,Ascent,Decider,FUNSNATCHERS,Last Round Save,FUNSNATCHERS,1661,Last Round Save,1300,8,4,5,5,0,0,FUNSNATCHERS,PACIFIC
10222,17643,Haven,Decider,Last Round Save,FUNSNATCHERS,FUNSNATCHERS,1661,Last Round Save,1300,8,4,2,5,0,0,Last Round Save,PACIFIC
10222,17644,Icebox,Decider,Last Round Save,FUNSNATCHERS,FUNSNATCHERS,1661,Last Round Save,1300,5,7,6,0,0,0,FUNSNATCHERS,PACIFIC
10227,17657,Haven,Decider,Carpe Noctem,Triangle Offense,Carpe Noctem,2128,Triangle Offense,2225,6,6,1,7,0,0,Carpe Noctem,PACIFIC
10227,17658,Ascent,Decider,Triangle Offense,Carpe Noctem,Carpe Noctem,2128,Triangle Offense,2225,7,5,7,5,0,2,Carpe Noctem,PACIFIC
10230,17666,Haven,Decider,ex-Serenity,303 Esports,ex-Serenity,2753,303 Esports,2139,4,8,2,9,0,0,ex-Serenity,PACIFIC
10230,17667,Bind,Decider,303 Esports,ex-Serenity,ex-Serenity,2753,303 Esports,2139,1,11,2,0,0,0,ex-Serenity,PACIFIC
10204,17588,Ascent,Decider,Dignitas,RIFLE CRUTCHERS,Dignitas,632,RIFLE CRUTCHERS,2238,6,6,1,7,0,0,Dignitas,PACIFIC
10204,17589,Bind,Decider,RIFLE CRUTCHERS,Dignitas,Dignitas,632,RIFLE CRUTCHERS,2238,5,7,6,5,0,0,Dignitas,PACIFIC
10205,17591,Bind,Decider,Gen.G,VIRTUOSO,Gen.G,17,VIRTUOSO,2348,10,2,0,3,0,0,Gen.G,PACIFIC
10205,17592,Icebox,Decider,Gen.G,VIRTUOSO,Gen.G,17,VIRTUOSO,2348,7,5,5,6,0,0,Gen.G,PACIFIC
10212,17612,Haven,Decider,Knights,Grapefruit Techniques,Knights,1615,Grapefruit Techniques,1117,8,4,3,5,0,0,Knights,PACIFIC
10212,17613,Bind,Decider,Grapefruit Techniques,Knights,Knights,1615,Grapefruit Techniques,1117,6,6,6,6,1,3,Knights,PACIFIC
10216,17624,Bind,Decider,NBKS CENTURIONS,Rise,Rise,637,NBKS CENTURIONS,2492,3,9,4,0,0,0,Rise,PACIFIC
10216,17625,Haven,Decider,Rise,NBKS CENTURIONS,Rise,637,NBKS CENTURIONS,2492,11,1,1,2,0,0,Rise,PACIFIC
10217,17627,Haven,Decider,100 Thieves,VZN,100 Thieves,120,VZN,2759,9,3,1,4,0,0,100 Thieves,PACIFIC
10217,17628,Ascent,Decider,100 Thieves,VZN,100 Thieves,120,VZN,2759,8,4,4,5,0,0,100 Thieves,PACIFIC
10224,17648,Ascent,Decider,Cloud9 White,On The Way,Cloud9 White,1267,On The Way,2214,2,10,3,9,0,0,On The Way,PACIFIC
10224,17649,Icebox,Decider,On The Way,Cloud9 White,Cloud9 White,1267,On The Way,2214,5,7,5,7,2,0,On The Way,PACIFIC
10232,17672,Split,Decider,Spot Up,Brimstone Gaming,Spot Up,302,Brimstone Gaming,2377,8,4,1,5,0,0,Spot Up,PACIFIC
10232,17673,Icebox,Decider,Brimstone Gaming,Spot Up,Spot Up,302,Brimstone Gaming,2377,4,8,5,1,0,0,Spot Up,PACIFIC
10208,17600,Ascent,Decider,Black Dragon Society,Hollywood Hooliganz,Black Dragon Society,2788,Hollywood Hooliganz,1026,10,2,3,3,0,0,Black Dragon Society,PACIFIC
10208,17601,Bind,Decider,Hollywood Hooliganz,Black Dragon Society,Black Dragon Society,2788,Hollywood Hooliganz,1026,7,5,7,5,4,2,Hollywood Hooliganz,PACIFIC
10208,17602,Split,Decider,Black Dragon Society,Hollywood Hooliganz,Black Dragon Society,2788,Hollywood Hooliganz,1026,7,5,7,5,1,3,Hollywood Hooliganz,PACIFIC
10210,17606,Ascent,Decider,beastcoast,Evil Geniuses,beastcoast,631,Evil Geniuses,5248,9,3,3,4,0,0,beastcoast,PACIFIC
10210,17607,Icebox,Decider,Evil Geniuses,beastcoast,beastcoast,631,Evil Geniuses,5248,4,8,5,7,0,0,beastcoast,PACIFIC
10214,17618,Split,Decider,Sedated,BLAHAJ,Sedated,1305,BLAHAJ,2401,11,1,0,2,0,0,Sedated,PACIFIC
10214,17619,Icebox,Decider,Sedated,BLAHAJ,Sedated,1305,BLAHAJ,2401,7,5,7,5,2,0,Sedated,PACIFIC
10206,17594,Haven,Decider,down bad,D2E Black,D2E Black,2450,down bad,1715,7,5,2,6,0,0,down bad,PACIFIC
10206,17595,Ascent,Decider,down bad,D2E Black,D2E Black,2450,down bad,1715,4,8,1,9,0,0,down bad,PACIFIC
10211,17609,Ascent,Decider,Spacestation Gaming,SDK,Spacestation Gaming,674,SDK,2791,10,2,0,3,0,0,Spacestation Gaming,PACIFIC
10211,17610,Haven,Decider,Spacestation Gaming,SDK,Spacestation Gaming,674,SDK,2791,9,3,1,4,0,0,Spacestation Gaming,PACIFIC
10213,17615,Haven,Decider,Renegades,Goomba Squad,Renegades,468,Goomba Squad,2777,7,5,3,6,0,0,Renegades,PACIFIC
10213,17616,Ascent,Decider,Goomba Squad,Renegades,Renegades,468,Goomba Squad,2777,2,10,2,10,2,0,Goomba Squad,PACIFIC
10213,17617,Split,Decider,Renegades,Goomba Squad,Renegades,468,Goomba Squad,2777,7,5,2,6,0,0,Renegades,PACIFIC
10226,17654,Haven,Decider,eUnited,PremierGG,eUnited,2287,PremierGG,2443,9,3,3,4,0,0,eUnited,PACIFIC
10226,17655,Bind,Decider,PremierGG,eUnited,eUnited,2287,PremierGG,2443,6,6,7,3,0,0,eUnited,PACIFIC
10121,17339,Haven,Decider,NSIC,100 Thieves,100 Thieves,120,NSIC,2403,4,8,5,4,0,0,100 Thieves,PACIFIC
10121,17340,Ascent,Decider,100 Thieves,NSIC,100 Thieves,120,NSIC,2403,10,2,2,3,0,0,100 Thieves,PACIFIC
10122,17342,Split,Decider,Ghost Gaming,Complexity,Ghost Gaming,2291,Complexity,470,8,4,7,5,0,0,Ghost Gaming,PACIFIC
10122,17343,Bind,Decider,Complexity,Ghost Gaming,Ghost Gaming,2291,Complexity,470,7,5,8,3,0,0,Ghost Gaming,PACIFIC
10123,17345,Bind,Decider,NRG,FUNSNATCHERS,NRG,1034,FUNSNATCHERS,1661,9,3,1,4,0,0,NRG,PACIFIC
10123,17346,Icebox,Decider,NRG,FUNSNATCHERS,NRG,1034,FUNSNATCHERS,1661,9,3,0,4,0,0,NRG,PACIFIC
10124,17348,Bind,Decider,Andbox,On The Way,Andbox,856,On The Way,2214,9,3,1,4,0,0,Andbox,PACIFIC
10124,17349,Ascent,Decider,On The Way,Andbox,Andbox,856,On The Way,2214,5,7,6,1,0,0,Andbox,PACIFIC
10125,17351,Ascent,Decider,FaZe Clan,eUnited,FaZe Clan,337,eUnited,2287,6,6,3,7,0,0,FaZe Clan,PACIFIC
10125,17352,Bind,Decider,eUnited,FaZe Clan,FaZe Clan,337,eUnited,2287,7,5,2,6,0,0,eUnited,PACIFIC
10125,17353,Split,Decider,FaZe Clan,eUnited,FaZe Clan,337,eUnited,2287,12,0,0,1,0,0,FaZe Clan,PACIFIC
10126,17354,Haven,Decider,Version1,Carpe Noctem,Carpe Noctem,2128,Version1,2815,9,3,2,4,0,0,Version1,PACIFIC
10126,17355,Split,Decider,Version1,Carpe Noctem,Carpe Noctem,2128,Version1,2815,7,5,2,6,0,0,Version1,PACIFIC
10127,17357,Haven,Decider,Headshot Percentage,ex-Serenity,Headshot Percentage,2209,ex-Serenity,2753,6,6,7,3,0,0,ex-Serenity,PACIFIC
10127,17358,Bind,Decider,ex-Serenity,Headshot Percentage,Headshot Percentage,2209,ex-Serenity,2753,8,4,4,5,0,0,ex-Serenity,PACIFIC
10128,17360,Ascent,Decider,Built By Gamers,Spot Up,Built By Gamers,473,Spot Up,302,4,8,5,0,0,0,Spot Up,PACIFIC
10128,17361,Haven,Decider,Spot Up,Built By Gamers,Built By Gamers,473,Spot Up,302,4,8,5,6,0,0,Built By Gamers,PACIFIC
10128,17362,Split,Decider,Built By Gamers,Spot Up,Built By Gamers,473,Spot Up,302,8,4,0,5,0,0,Built By Gamers,PACIFIC
10129,17363,Split,Decider,TSM,Slimy Boogermen,TSM,106,Slimy Boogermen,1312,9,3,0,4,0,0,TSM,PACIFIC
10129,17364,Ascent,Decider,Slimy Boogermen,TSM,TSM,106,Slimy Boogermen,1312,4,8,5,0,0,0,TSM,PACIFIC
10130,17366,Haven,Decider,Dignitas,Big Frames,Big Frames,2033,Dignitas,632,10,2,2,3,0,0,Dignitas,PACIFIC
10130,17367,Ascent,Decider,Dignitas,Big Frames,Big Frames,2033,Dignitas,632,11,1,0,2,0,0,Dignitas,PACIFIC
10131,17369,Haven,Decider,down bad,Gen.G,Gen.G,17,down bad,1715,5,7,6,1,0,0,Gen.G,PACIFIC
10131,17370,Icebox,Decider,down bad,Gen.G,Gen.G,17,down bad,1715,5,7,6,5,0,0,Gen.G,PACIFIC
10132,17372,Icebox,Hollywood Hooliganz,Cloud9,Hollywood Hooliganz,Cloud9,188,Hollywood Hooliganz,1026,11,1,0,2,0,0,Cloud9,PACIFIC
10132,17373,Split,Cloud9,Hollywood Hooliganz,Cloud9,Cloud9,188,Hollywood Hooliganz,1026,6,6,7,2,0,0,Cloud9,PACIFIC
10133,17375,Icebox,beastcoast,ENVY,beastcoast,ENVY,427,beastcoast,631,10,2,1,3,0,0,ENVY,PACIFIC
10133,17376,Bind,ENVY,beastcoast,ENVY,ENVY,427,beastcoast,631,5,7,6,3,0,0,ENVY,PACIFIC
10134,17378,Haven,Decider,Spacestation Gaming,Knights,Spacestation Gaming,674,Knights,1615,6,6,5,7,0,0,Spacestation Gaming,PACIFIC
10134,17379,Ascent,Decider,Knights,Spacestation Gaming,Spacestation Gaming,674,Knights,1615,10,2,6,3,0,0,Knights,PACIFIC
10134,17380,Bind,Decider,Spacestation Gaming,Knights,Spacestation Gaming,674,Knights,1615,8,4,7,5,0,0,Spacestation Gaming,PACIFIC
10135,17381,Split,Decider,Renegades,Sedated,Renegades,468,Sedated,1305,7,5,0,6,0,0,Renegades,PACIFIC
10135,17382,Bind,Decider,Sedated,Renegades,Renegades,468,Sedated,1305,5,7,5,7,4,2,Sedated,PACIFIC
10135,17383,Ascent,Decider,Renegades,Sedated,Renegades,468,Sedated,1305,9,3,0,4,0,0,Renegades,PACIFIC
10136,17384,Split,Decider,Rise,Equinox Esports,Equinox Esports,1152,Rise,637,6,6,6,6,2,0,Rise,PACIFIC
10136,17385,Ascent,Decider,Rise,Equinox Esports,Equinox Esports,1152,Rise,637,3,9,4,3,0,0,Equinox Esports,PACIFIC
10136,17386,Bind,Decider,Rise,Equinox Esports,Equinox Esports,1152,Rise,637,8,4,6,5,0,0,Rise,PACIFIC
10237,17687,Bind,Dignitas,TSM,Dignitas,TSM,106,Dignitas,632,7,5,3,6,0,0,TSM,PACIFIC
10237,17688,Ascent,TSM,Dignitas,TSM,TSM,106,Dignitas,632,4,8,5,6,0,0,TSM,PACIFIC
10234,17678,Split,Andbox,NRG,Andbox,NRG,1034,Andbox,856,8,4,9,3,0,0,Andbox,PACIFIC
10234,17679,Icebox,NRG,Andbox,NRG,NRG,1034,Andbox,856,7,5,5,6,0,0,Andbox,PACIFIC
10238,17690,Icebox,Cloud9,Gen.G,Cloud9,Gen.G,17,Cloud9,188,4,8,5,1,0,0,Cloud9,PACIFIC
10238,17691,Haven,Gen.G,Gen.G,Cloud9,Gen.G,17,Cloud9,188,4,8,4,8,5,3,Gen.G,PACIFIC
10238,17692,Ascent,Decider,Cloud9,Gen.G,Gen.G,17,Cloud9,188,6,6,6,6,1,3,Gen.G,PACIFIC
10233,17675,Haven,100 Thieves,Ghost Gaming,100 Thieves,100 Thieves,120,Ghost Gaming,2291,5,7,6,5,0,0,100 Thieves,PACIFIC
10233,17676,Ascent,Ghost Gaming,100 Thieves,Ghost Gaming,100 Thieves,120,Ghost Gaming,2291,10,2,3,3,0,0,100 Thieves,PACIFIC
10235,17681,Haven,Version1,FaZe Clan,Version1,FaZe Clan,337,Version1,2815,5,7,5,7,1,3,Version1,PACIFIC
10235,17682,Ascent,FaZe Clan,Version1,FaZe Clan,FaZe Clan,337,Version1,2815,4,8,5,1,0,0,FaZe Clan,PACIFIC
10235,17683,Split,Decider,FaZe Clan,Version1,FaZe Clan,337,Version1,2815,6,6,3,7,0,0,FaZe Clan,PACIFIC
10236,17684,Haven,Built By Gamers,ex-Serenity,Built By Gamers,ex-Serenity,2753,Built By Gamers,473,5,7,6,5,0,0,Built By Gamers,PACIFIC
10236,17685,Ascent,ex-Serenity,Built By Gamers,ex-Serenity,ex-Serenity,2753,Built By Gamers,473,10,2,0,3,0,0,Built By Gamers,PACIFIC
10240,17696,Split,Rise,Renegades,Rise,Renegades,468,Rise,637,4,8,5,3,0,0,Rise,PACIFIC
10240,17697,Haven,Renegades,Rise,Renegades,Renegades,468,Rise,637,4,8,5,5,0,0,Renegades,PACIFIC
10240,17698,Bind,Decider,Renegades,Rise,Renegades,468,Rise,637,12,0,4,1,0,0,Renegades,PACIFIC
10239,17693,Bind,Spacestation Gaming,ENVY,Spacestation Gaming,ENVY,427,Spacestation Gaming,674,10,2,2,3,0,0,ENVY,PACIFIC
10239,17694,Icebox,ENVY,Spacestation Gaming,ENVY,ENVY,427,Spacestation Gaming,674,1,11,2,0,0,0,ENVY,PACIFIC
10241,17699,Ascent,100 Thieves,Andbox,100 Thieves,100 Thieves,120,Andbox,856,2,10,3,0,0,0,100 Thieves,PACIFIC
10241,17700,Icebox,Andbox,100 Thieves,Andbox,100 Thieves,120,Andbox,856,5,7,3,8,0,0,100 Thieves,PACIFIC
10242,17702,Bind,Built By Gamers,FaZe Clan,Built By Gamers,FaZe Clan,337,Built By Gamers,473,7,5,3,6,0,0,FaZe Clan,PACIFIC
10242,17703,Ascent,FaZe Clan,Built By Gamers,FaZe Clan,FaZe Clan,337,Built By Gamers,473,8,4,4,5,0,0,Built By Gamers,PACIFIC
10242,17704,Haven,Decider,FaZe Clan,Built By Gamers,FaZe Clan,337,Built By Gamers,473,7,5,4,6,0,0,FaZe Clan,PACIFIC
10243,17705,Icebox,Gen.G,TSM,Gen.G,TSM,106,Gen.G,17,4,8,5,3,0,0,Gen.G,PACIFIC
10243,17706,Ascent,TSM,TSM,Gen.G,TSM,106,Gen.G,17,7,5,6,6,0,0,TSM,PACIFIC
10243,17707,Bind,Decider,TSM,Gen.G,TSM,106,Gen.G,17,6,6,7,5,0,0,Gen.G,PACIFIC
10244,17708,Ascent,Renegades,ENVY,Renegades,ENVY,427,Renegades,468,7,5,2,6,0,0,ENVY,PACIFIC
10244,17709,Split,ENVY,Renegades,ENVY,ENVY,427,Renegades,468,4,8,5,4,0,0,ENVY,PACIFIC
10245,17711,Haven,FaZe Clan,Sentinels,FaZe Clan,Sentinels,2,FaZe Clan,337,6,6,1,7,0,0,Sentinels,PACIFIC
10245,17712,Split,Sentinels,FaZe Clan,Sentinels,Sentinels,2,FaZe Clan,337,6,6,7,1,0,0,Sentinels,PACIFIC
10246,17714,Split,ENVY,XSET,ENVY,XSET,533,ENVY,427,1,11,2,0,0,0,ENVY,PACIFIC
10246,17715,Bind,XSET,ENVY,XSET,XSET,533,ENVY,427,8,4,3,5,0,0,ENVY,PACIFIC
10247,17717,Icebox,Gen.G,Gen.G,Immortals,Immortals,103,Gen.G,17,6,6,7,0,0,0,Immortals,PACIFIC
10247,17718,Ascent,Immortals,Immortals,Gen.G,Immortals,103,Gen.G,17,6,6,3,7,0,0,Immortals,PACIFIC
10248,17720,Ascent,100 Thieves,Luminosity,100 Thieves,Luminosity,642,100 Thieves,120,6,6,7,0,0,0,100 Thieves,PACIFIC
10248,17721,Icebox,Luminosity,100 Thieves,Luminosity,Luminosity,642,100 Thieves,120,6,6,7,4,0,0,Luminosity,PACIFIC
10248,17722,Bind,Decider,Luminosity,100 Thieves,Luminosity,642,100 Thieves,120,6,6,1,7,0,0,Luminosity,PACIFIC
10249,17723,Haven,XSET,FaZe Clan,XSET,FaZe Clan,337,XSET,533,8,4,9,2,0,0,XSET,PACIFIC
10249,17724,Bind,FaZe Clan,XSET,FaZe Clan,FaZe Clan,337,XSET,533,7,5,2,6,0,0,XSET,PACIFIC
10250,17726,Haven,Gen.G,100 Thieves,Gen.G,Gen.G,17,100 Thieves,120,6,6,6,6,3,1,100 Thieves,PACIFIC
10250,17727,Icebox,100 Thieves,Gen.G,100 Thieves,Gen.G,17,100 Thieves,120,3,9,4,1,0,0,100 Thieves,PACIFIC
10251,17729,Ascent,ENVY,Sentinels,ENVY,Sentinels,2,ENVY,427,6,6,7,4,0,0,ENVY,PACIFIC
10251,17730,Icebox,Sentinels,ENVY,Sentinels,Sentinels,2,ENVY,427,7,5,8,3,0,0,Sentinels,PACIFIC
10251,17731,Split,Decider,Sentinels,ENVY,Sentinels,2,ENVY,427,4,8,5,5,0,0,ENVY,PACIFIC
10252,17732,Icebox,Luminosity,Immortals,Luminosity,Immortals,103,Luminosity,642,5,7,5,7,2,4,Luminosity,PACIFIC
10252,17733,Ascent,Immortals,Luminosity,Immortals,Immortals,103,Luminosity,642,5,7,6,6,0,0,Immortals,PACIFIC
10252,17734,Bind,Decider,Immortals,Luminosity,Immortals,103,Luminosity,642,6,6,1,7,0,0,Immortals,PACIFIC
10253,17735,Ascent,100 Thieves,Sentinels,100 Thieves,Sentinels,2,100 Thieves,120,9,3,3,4,0,0,Sentinels,PACIFIC
10253,17736,Haven,Sentinels,100 Thieves,Sentinels,Sentinels,2,100 Thieves,120,3,9,4,1,0,0,Sentinels,PACIFIC
10254,17738,Bind,XSET,Luminosity,XSET,Luminosity,642,XSET,533,3,9,4,3,0,0,XSET,PACIFIC
10254,17739,Ascent,Luminosity,XSET,Luminosity,Luminosity,642,XSET,533,8,4,3,5,0,0,XSET,PACIFIC
10255,17741,Bind,ENVY,Immortals,ENVY,ENVY,427,Immortals,103,6,6,7,2,0,0,ENVY,PACIFIC
10255,17742,Ascent,Immortals,ENVY,Immortals,ENVY,427,Immortals,103,6,6,7,1,0,0,Immortals,PACIFIC
10255,17743,Icebox,Decider,Immortals,ENVY,ENVY,427,Immortals,103,1,11,2,3,0,0,ENVY,PACIFIC
10256,17744,Haven,XSET,Sentinels,XSET,XSET,533,Sentinels,2,9,3,1,4,0,0,Sentinels,PACIFIC
10256,17745,Split,Sentinels,XSET,Sentinels,XSET,533,Sentinels,2,4,8,5,2,0,0,Sentinels,PACIFIC
10257,17747,Split,Sentinels,Immortals,Sentinels,Immortals,103,Sentinels,2,5,7,6,2,0,0,Sentinels,PACIFIC
10257,17748,Ascent,Immortals,Sentinels,Immortals,Immortals,103,Sentinels,2,6,6,3,7,0,0,Sentinels,PACIFIC
10258,17750,TBD,Decider,,,ENVY,427,Sentinels,2,0,0,0,0,0,0,Draw,PACIFIC
10258,17751,Haven,Sentinels,ENVY,Sentinels,ENVY,427,Sentinels,2,10,2,7,3,0,0,ENVY,PACIFIC
10258,17752,Bind,ENVY,Sentinels,ENVY,ENVY,427,Sentinels,2,2,10,3,1,0,0,ENVY,PACIFIC
9109,15296,Bind,100 Thieves,THE FIVE EMPERORS,100 Thieves,100 Thieves,120,THE FIVE EMPERORS,2442,4,8,5,4,0,0,100 Thieves,PACIFIC
9109,15297,Ascent,THE FIVE EMPERORS,100 Thieves,THE FIVE EMPERORS,100 Thieves,120,THE FIVE EMPERORS,2442,12,0,1,1,0,0,100 Thieves,PACIFIC
9110,15299,Ascent,Decider,Spotlight,Prism Esports,Spotlight,2249,Prism Esports,853,8,4,1,5,0,0,Spotlight,PACIFIC
9110,15300,Bind,Decider,Prism Esports,Spotlight,Spotlight,2249,Prism Esports,853,9,3,3,4,0,0,Prism Esports,PACIFIC
9110,15301,Haven,Decider,Spotlight,Prism Esports,Spotlight,2249,Prism Esports,853,8,4,2,5,0,0,Spotlight,PACIFIC
9111,15302,Haven,Decider,Carpe Noctem,PremierGG,Carpe Noctem,2128,PremierGG,2443,8,4,3,5,0,0,Carpe Noctem,PACIFIC
9111,15303,Bind,Decider,PremierGG,Carpe Noctem,Carpe Noctem,2128,PremierGG,2443,3,9,4,3,0,0,Carpe Noctem,PACIFIC
9112,15305,Ascent,Decider,Archons,Brimstone Gaming,Archons,1654,Brimstone Gaming,2377,5,7,6,2,0,0,Brimstone Gaming,PACIFIC
9112,15306,Haven,Decider,Brimstone Gaming,Archons,Archons,1654,Brimstone Gaming,2377,8,4,1,5,0,0,Brimstone Gaming,PACIFIC
9113,15308,Haven,Decider,NRG,VIRTUOSO,NRG,1034,VIRTUOSO,2348,9,3,0,4,0,0,NRG,PACIFIC
9113,15309,Bind,Decider,VIRTUOSO,NRG,NRG,1034,VIRTUOSO,2348,2,10,3,5,0,0,NRG,PACIFIC
9114,15311,Split,Decider,BLAHAJ,ATK Mode,BLAHAJ,2401,ATK Mode,2444,9,3,1,4,0,0,BLAHAJ,PACIFIC
9114,15312,Split,Decider,BLAHAJ,ATK Mode,BLAHAJ,2401,ATK Mode,2444,9,3,1,4,0,0,BLAHAJ,PACIFIC
9115,15314,Ascent,Decider,Dignitas,ABC Boiz,Dignitas,632,ABC Boiz,2445,12,0,0,1,0,0,Dignitas,PACIFIC
9115,15315,Haven,Decider,ABC Boiz,Dignitas,Dignitas,632,ABC Boiz,2445,1,11,2,4,0,0,Dignitas,PACIFIC
9116,15317,Ascent,Decider,PROJECT X,ExPandable,PROJECT X,1298,ExPandable,2447,5,7,3,8,0,0,PROJECT X,PACIFIC
9116,15318,Bind,Decider,ExPandable,PROJECT X,PROJECT X,1298,ExPandable,2447,4,8,4,8,4,6,PROJECT X,PACIFIC
9117,15320,Haven,Decider,Renegades,Pirate Nation,Renegades,468,Pirate Nation,2449,12,0,0,1,0,0,Renegades,PACIFIC
9117,15321,Ascent,Decider,Renegades,Pirate Nation,Renegades,468,Pirate Nation,2449,11,1,0,2,0,0,Renegades,PACIFIC
9118,15323,Ascent,Decider,YFP,SLU Esports,YFP,5038,SLU Esports,2448,4,8,2,9,0,0,YFP,PACIFIC
9118,15324,Bind,Decider,SLU Esports,YFP,YFP,5038,SLU Esports,2448,3,9,4,4,0,0,YFP,PACIFIC
9119,15326,Ascent,Decider,Spot Up,D2E Black,Spot Up,302,D2E Black,2450,10,2,2,3,0,0,Spot Up,PACIFIC
9119,15327,Haven,Decider,D2E Black,Spot Up,Spot Up,302,D2E Black,2450,2,10,3,2,0,0,Spot Up,PACIFIC
9120,15329,Split,Decider,On The Way,Scarlet Knights,On The Way,2214,Scarlet Knights,2451,11,1,0,2,0,0,On The Way,PACIFIC
9120,15330,Bind,Decider,Scarlet Knights,On The Way,On The Way,2214,Scarlet Knights,2451,3,9,4,3,0,0,On The Way,PACIFIC
9121,15332,Bind,Decider,Gen.G,Deadlife,Gen.G,17,Deadlife,2452,11,1,0,2,0,0,Gen.G,PACIFIC
9121,15333,Haven,Decider,Gen.G,Deadlife,Gen.G,17,Deadlife,2452,11,1,3,2,0,0,Gen.G,PACIFIC
9122,15335,Haven,Decider,Fluid Gaming,Exotic,Exotic,4964,Fluid Gaming,6417,9,3,2,4,0,0,Fluid Gaming,PACIFIC
9122,15336,Bind,Decider,Exotic,Fluid Gaming,Exotic,4964,Fluid Gaming,6417,1,11,2,4,0,0,Fluid Gaming,PACIFIC
9123,15338,Ascent,Decider,Knights,ANEW Esports,Knights,1615,ANEW Esports,2244,8,4,1,5,0,0,Knights,PACIFIC
9123,15339,Bind,Decider,ANEW Esports,Knights,Knights,1615,ANEW Esports,2244,1,11,2,2,0,0,Knights,PACIFIC
9124,15341,Icebox,Decider,NSIC,Mob Mentality eSports,NSIC,2403,Mob Mentality eSports,1726,9,3,1,4,0,0,NSIC,PACIFIC
9124,15342,TBD,Decider,,,NSIC,2403,Mob Mentality eSports,1726,0,0,0,0,0,0,Draw,PACIFIC
9125,15344,Ascent,Decider,ENVY,Sac State Hornets,ENVY,427,Sac State Hornets,2453,10,2,4,3,0,0,ENVY,PACIFIC
9125,15345,Bind,Decider,Sac State Hornets,ENVY,ENVY,427,Sac State Hornets,2453,1,11,2,0,0,0,ENVY,PACIFIC
9127,15350,Ascent,Decider,Ascendants,Roosters,Roosters,1291,Ascendants,1660,3,9,4,4,0,0,Roosters,PACIFIC
9127,15351,Bind,Decider,Roosters,Ascendants,Roosters,1291,Ascendants,1660,6,6,7,4,0,0,Ascendants,PACIFIC
9127,15352,Haven,Decider,Ascendants,Roosters,Roosters,1291,Ascendants,1660,6,6,6,6,1,3,Roosters,PACIFIC
9128,15353,Ascent,Decider,Derrek and Friends(ex-Phoenix1),Zelo,Derrek and Friends(ex-Phoenix1),2502,Zelo,2458,0,2,2,0,0,0,Zelo,PACIFIC
9128,15354,Haven,Decider,Derrek and Friends(ex-Phoenix1),Zelo,Derrek and Friends(ex-Phoenix1),2502,Zelo,2458,0,7,6,0,0,0,Zelo,PACIFIC
9128,15355,Bind,Decider,Zelo,Derrek and Friends(ex-Phoenix1),Derrek and Friends(ex-Phoenix1),2502,Zelo,2458,2,0,0,4,0,0,Zelo,PACIFIC
9129,15356,Ascent,Decider,Equinox Esports,Bounty Esports,Equinox Esports,1152,Bounty Esports,2383,7,5,4,6,0,0,Equinox Esports,PACIFIC
9129,15357,Bind,Decider,Equinox Esports,Bounty Esports,Equinox Esports,1152,Bounty Esports,2383,10,2,1,3,0,0,Equinox Esports,PACIFIC
9130,15359,Ascent,Decider,CPC,Onslaught Gaming,CPC,2459,Onslaught Gaming,1666,6,6,5,7,0,0,CPC,PACIFIC
9130,15360,Bind,Decider,Onslaught Gaming,CPC,CPC,2459,Onslaught Gaming,1666,7,5,7,5,2,0,Onslaught Gaming,PACIFIC
9130,15361,Haven,Decider,Onslaught Gaming,CPC,CPC,2459,Onslaught Gaming,1666,6,6,7,5,0,0,CPC,PACIFIC
9131,15362,Ascent,Decider,Complexity,US Army Esports,Complexity,470,US Army Esports,2460,11,1,0,2,0,0,Complexity,PACIFIC
9131,15363,Bind,Decider,US Army Esports,Complexity,Complexity,470,US Army Esports,2460,3,9,4,0,0,0,Complexity,PACIFIC
9132,15365,Haven,Decider,Demon Time,Heathens,Demon Time,382,Heathens,2461,10,2,0,3,0,0,Demon Time,PACIFIC
9132,15366,Ascent,Decider,Heathens,Demon Time,Demon Time,382,Heathens,2461,4,8,5,3,0,0,Demon Time,PACIFIC
9133,15368,Ascent,Decider,FaZe Clan,Retake,FaZe Clan,337,Retake,2462,7,5,1,6,0,0,FaZe Clan,PACIFIC
9133,15369,Split,Decider,Retake,FaZe Clan,FaZe Clan,337,Retake,2462,7,5,8,1,0,0,FaZe Clan,PACIFIC
9134,15371,Ascent,Decider,TradeLikePros,Big Backwoods,TradeLikePros,6462,Big Backwoods,2463,5,7,5,7,3,5,Big Backwoods,PACIFIC
9134,15372,Haven,Decider,Big Backwoods,TradeLikePros,TradeLikePros,6462,Big Backwoods,2463,7,5,7,5,8,6,Big Backwoods,PACIFIC
9135,15374,Haven,Decider,Slimy Boogermen,Boberts-Bugs-B-Gone,Slimy Boogermen,1312,Boberts-Bugs-B-Gone,2381,5,7,5,7,0,2,Boberts-Bugs-B-Gone,PACIFIC
9135,15375,Ascent,Decider,Boberts-Bugs-B-Gone,Slimy Boogermen,Slimy Boogermen,1312,Boberts-Bugs-B-Gone,2381,3,9,4,3,0,0,Slimy Boogermen,PACIFIC
9135,15376,Bind,Decider,Slimy Boogermen,Boberts-Bugs-B-Gone,Slimy Boogermen,1312,Boberts-Bugs-B-Gone,2381,7,5,5,6,0,0,Slimy Boogermen,PACIFIC
9136,15377,Haven,Decider,Virus and Friends,NeverDone,NeverDone,2402,Virus and Friends,2465,2,10,3,2,0,0,NeverDone,PACIFIC
9136,15378,Icebox,Decider,Virus and Friends,NeverDone,NeverDone,2402,Virus and Friends,2465,1,11,2,0,0,0,NeverDone,PACIFIC
9137,15380,Ascent,Decider,Luminosity,Elevation,Luminosity,642,Elevation,2466,10,2,9,3,0,0,Luminosity,PACIFIC
9137,15381,Icebox,Decider,Elevation,Luminosity,Luminosity,642,Elevation,2466,3,9,4,3,0,0,Luminosity,PACIFIC
9138,15383,Ascent,Decider,VVT Premier,xoxo,VVT Premier,2467,xoxo,2468,9,3,3,4,0,0,VVT Premier,PACIFIC
9138,15384,Split,Decider,xoxo,VVT Premier,VVT Premier,2467,xoxo,2468,6,6,7,1,0,0,VVT Premier,PACIFIC
9139,15386,Bind,Decider,Time In,Sandwich Eaters 40,Time In,1166,Sandwich Eaters 40,2422,7,5,8,2,0,0,Sandwich Eaters 40,PACIFIC
9139,15387,Ascent,Decider,Sandwich Eaters 40,Time In,Time In,1166,Sandwich Eaters 40,2422,8,4,6,5,0,0,Sandwich Eaters 40,PACIFIC
9140,15389,Ascent,Decider,Penguin Sledding,bumpaaMaid,Penguin Sledding,1657,bumpaaMaid,2469,8,4,3,5,0,0,Penguin Sledding,PACIFIC
9140,15390,Bind,Decider,bumpaaMaid,Penguin Sledding,Penguin Sledding,1657,bumpaaMaid,2469,6,6,7,1,0,0,Penguin Sledding,PACIFIC
9141,15392,Ascent,Decider,TSM,Rated Gaming,TSM,106,Rated Gaming,2470,11,1,0,2,0,0,TSM,PACIFIC
9141,15393,Bind,Decider,Rated Gaming,TSM,TSM,106,Rated Gaming,2470,6,6,7,1,0,0,TSM,PACIFIC
9142,15395,Bind,Decider,Zero MarksMen,Balanced Esports,Balanced Esports,2382,Zero MarksMen,2205,4,8,5,2,0,0,Balanced Esports,PACIFIC
9142,15396,Haven,Decider,Balanced Esports,Zero MarksMen,Balanced Esports,2382,Zero MarksMen,2205,9,3,0,4,0,0,Balanced Esports,PACIFIC
9143,15398,Ascent,Decider,Onslaught Gaming Red,Rise,Rise,637,Onslaught Gaming Red,2471,5,7,6,0,0,0,Rise,PACIFIC
9143,15399,Bind,Decider,Rise,Onslaught Gaming Red,Rise,637,Onslaught Gaming Red,2471,9,3,0,4,0,0,Rise,PACIFIC
9144,15401,Haven,Decider,Akuma Esports Black,Elysium,Elysium,6419,Akuma Esports Black,2472,4,8,5,2,0,0,Elysium,PACIFIC
9144,15402,Bind,Decider,Elysium,Akuma Esports Black,Elysium,6419,Akuma Esports Black,2472,11,1,3,2,0,0,Elysium,PACIFIC
9145,15404,TBD,Decider,,,XSET,533,Primeval,2424,0,0,0,0,0,0,Draw,PACIFIC
9145,15405,TBD,Decider,,,XSET,533,Primeval,2424,0,0,0,0,0,0,Draw,PACIFIC
9147,15410,Ascent,Decider,eUnited,Dialed In,eUnited,2287,Dialed In,2475,7,5,3,6,0,0,eUnited,PACIFIC
9147,15411,Haven,Decider,eUnited,Dialed In,eUnited,2287,Dialed In,2475,4,8,0,9,0,0,eUnited,PACIFIC
9148,15413,Ascent,Decider,Cloud9 White,D2E Gold,Cloud9 White,1267,D2E Gold,2476,7,5,1,6,0,0,Cloud9 White,PACIFIC
9148,15414,Bind,Decider,D2E Gold,Cloud9 White,Cloud9 White,1267,D2E Gold,2476,5,7,5,7,3,5,Cloud9 White,PACIFIC
9149,15416,Ascent,Decider,Immortals,Aqua,Immortals,103,Aqua,2477,11,1,0,2,0,0,Immortals,PACIFIC
9149,15417,Haven,Decider,Immortals,Aqua,Immortals,103,Aqua,2477,9,3,0,4,0,0,Immortals,PACIFIC
9150,15419,Ascent,Decider,Elevate,NBK Valorant,Elevate,2531,NBK Valorant,2478,12,0,0,1,0,0,Elevate,PACIFIC
9150,15420,Haven,Decider,NBK Valorant,Elevate,Elevate,2531,NBK Valorant,2478,1,11,2,2,0,0,Elevate,PACIFIC
9151,15422,Ascent,Decider,Big Frames,Bad Karma Esports,Big Frames,2033,Bad Karma Esports,2484,11,1,0,2,0,0,Big Frames,PACIFIC
9151,15423,Bind,Decider,Big Frames,Bad Karma Esports,Big Frames,2033,Bad Karma Esports,2484,9,3,0,4,0,0,Big Frames,PACIFIC
9152,15425,Ascent,Decider,Gangster Gorillas,Obstacle,Obstacle,1299,Gangster Gorillas,2480,4,8,5,2,0,0,Obstacle,PACIFIC
9152,15426,Icebox,Decider,Obstacle,Gangster Gorillas,Obstacle,1299,Gangster Gorillas,2480,10,2,0,3,0,0,Obstacle,PACIFIC
9153,15428,Bind,Decider,Cloud9,Waverunners,Cloud9,188,Waverunners,2481,10,2,1,3,0,0,Cloud9,PACIFIC
9153,15429,Split,Decider,Waverunners,Cloud9,Cloud9,188,Waverunners,2481,2,10,3,0,0,0,Cloud9,PACIFIC
9154,15431,Ascent,Decider,seeker,Poised,seeker,2136,Poised,2226,5,7,6,3,0,0,Poised,PACIFIC
9154,15432,Haven,Decider,Poised,seeker,seeker,2136,Poised,2226,10,2,0,3,0,0,Poised,PACIFIC
9155,15434,Bind,Decider,Ghost Gaming,ACE,Ghost Gaming,2291,ACE,2483,12,0,2,1,0,0,Ghost Gaming,PACIFIC
9155,15435,Haven,Decider,Ghost Gaming,ACE,Ghost Gaming,2291,ACE,2483,12,0,0,1,0,0,Ghost Gaming,PACIFIC
9156,15437,Bind,Decider,Sakura Storm,Radiant Roombas,Sakura Storm,1297,Radiant Roombas,2379,6,6,6,6,0,2,Radiant Roombas,PACIFIC
9156,15438,Ascent,Decider,Radiant Roombas,Sakura Storm,Sakura Storm,1297,Radiant Roombas,2379,3,9,4,2,0,0,Sakura Storm,PACIFIC
9156,15439,Haven,Decider,Sakura Storm,Radiant Roombas,Sakura Storm,1297,Radiant Roombas,2379,11,1,3,2,0,0,Sakura Storm,PACIFIC
9157,15440,Split,Decider,Sentinels,EthanK Fan Club,Sentinels,2,EthanK Fan Club,2485,11,1,0,2,0,0,Sentinels,PACIFIC
9157,15441,Haven,Decider,Sentinels,EthanK Fan Club,Sentinels,2,EthanK Fan Club,2485,9,3,0,4,0,0,Sentinels,PACIFIC
9158,15443,Bind,Decider,Techno Monks,Dog Team Club Org,Techno Monks,2384,Dog Team Club Org,2250,7,5,7,5,2,0,Techno Monks,PACIFIC
9158,15444,Ascent,Decider,Dog Team Club Org,Techno Monks,Techno Monks,2384,Dog Team Club Org,2250,2,10,3,0,0,0,Techno Monks,PACIFIC
9159,15446,Ascent,Decider,MROrgless,Evil Geniuses,Evil Geniuses,5248,MROrgless,2487,5,7,6,6,0,0,Evil Geniuses,PACIFIC
9159,15447,Split,Decider,Evil Geniuses,MROrgless,Evil Geniuses,5248,MROrgless,2487,7,5,4,6,0,0,Evil Geniuses,PACIFIC
9160,15449,Ascent,Decider,Serenity,Insert Name Here,Serenity,837,Insert Name Here,4368,2,10,3,0,0,0,Insert Name Here,PACIFIC
9160,15450,Haven,Decider,Insert Name Here,Serenity,Serenity,837,Insert Name Here,4368,6,6,7,4,0,0,Serenity,PACIFIC
9160,15451,Bind,Decider,Serenity,Insert Name Here,Serenity,837,Insert Name Here,4368,8,4,3,5,0,0,Serenity,PACIFIC
9161,15452,Ascent,Decider,Built By Gamers,Silhouette,Built By Gamers,473,Silhouette,2227,12,0,1,1,0,0,Built By Gamers,PACIFIC
9161,15453,Haven,Decider,Silhouette,Built By Gamers,Built By Gamers,473,Silhouette,2227,2,10,3,1,0,0,Built By Gamers,PACIFIC
9162,15455,Ascent,Decider,Headshot Percentage,RIFLE CRUTCHERS,Headshot Percentage,2209,RIFLE CRUTCHERS,2238,4,8,5,5,0,0,RIFLE CRUTCHERS,PACIFIC
9162,15456,Bind,Decider,Headshot Percentage,RIFLE CRUTCHERS,Headshot Percentage,2209,RIFLE CRUTCHERS,2238,6,6,7,0,0,0,RIFLE CRUTCHERS,PACIFIC
9163,15458,Haven,Decider,Spacestation Gaming,Binghamton Bearcats,Spacestation Gaming,674,Binghamton Bearcats,2489,7,5,1,6,0,0,Spacestation Gaming,PACIFIC
9163,15459,Ascent,Decider,Binghamton Bearcats,Spacestation Gaming,Spacestation Gaming,674,Binghamton Bearcats,2489,2,10,3,5,0,0,Spacestation Gaming,PACIFIC
9164,15461,Haven,Decider,YMA,Resonate,Resonate,6422,YMA,2490,3,9,4,0,0,0,Resonate,PACIFIC
9164,15462,Bind,Decider,Resonate,YMA,Resonate,6422,YMA,2490,12,0,0,1,0,0,Resonate,PACIFIC
9165,15464,Ascent,Decider,T1,asdf,T1,14,asdf,2491,10,2,1,3,0,0,T1,PACIFIC
9165,15465,Haven,Decider,asdf,T1,T1,14,asdf,2491,3,9,4,1,0,0,T1,PACIFIC
9166,15467,Haven,Decider,Able Esports,NBKS CENTURIONS,Able Esports,1669,NBKS CENTURIONS,2492,8,4,1,5,0,0,Able Esports,PACIFIC
9166,15468,Ascent,Decider,Able Esports,NBKS CENTURIONS,Able Esports,1669,NBKS CENTURIONS,2492,5,7,6,2,0,0,NBKS CENTURIONS,PACIFIC
9166,15469,Split,Decider,Able Esports,NBKS CENTURIONS,Able Esports,1669,NBKS CENTURIONS,2492,8,4,0,5,0,0,Able Esports,PACIFIC
9167,15470,Bind,Decider,Carleton Ravens,Hollywood Hooliganz,Hollywood Hooliganz,1026,Carleton Ravens,2493,3,9,4,0,0,0,Hollywood Hooliganz,PACIFIC
9167,15471,Ascent,Decider,Hollywood Hooliganz,Carleton Ravens,Hollywood Hooliganz,1026,Carleton Ravens,2493,10,2,2,3,0,0,Hollywood Hooliganz,PACIFIC
9168,15473,Bind,Decider,303 Esports,ROACHES,303 Esports,2139,ROACHES,2494,6,6,3,7,0,0,303 Esports,PACIFIC
9168,15474,Haven,Decider,ROACHES,303 Esports,303 Esports,2139,ROACHES,2494,0,12,1,2,0,0,303 Esports,PACIFIC
9169,15476,Ascent,Decider,Andbox,Dallas Vendetta,Andbox,856,Dallas Vendetta,2228,9,3,1,4,0,0,Andbox,PACIFIC
9169,15477,Split,Decider,Dallas Vendetta,Andbox,Andbox,856,Dallas Vendetta,2228,4,8,5,3,0,0,Andbox,PACIFIC
9170,15479,Haven,Decider,Swagoi,ANBU Ops,ANBU Ops,2495,Swagoi,2498,8,4,5,5,0,0,Swagoi,PACIFIC
9170,15480,Icebox,Decider,Swagoi,ANBU Ops,ANBU Ops,2495,Swagoi,2498,4,8,5,1,0,0,ANBU Ops,PACIFIC
9170,15481,Ascent,Decider,ANBU Ops,Swagoi,ANBU Ops,2495,Swagoi,2498,10,2,11,1,0,0,Swagoi,PACIFIC
9171,15482,Ascent,Decider,Sedated,Team eXoN,Sedated,1305,Team eXoN,2496,9,3,3,4,0,0,Sedated,PACIFIC
9171,15483,Icebox,Decider,Sedated,Team eXoN,Sedated,1305,Team eXoN,2496,10,2,0,3,0,0,Sedated,PACIFIC
9172,15485,Ascent,Decider,FUNSNATCHERS,Team Corruption,FUNSNATCHERS,1661,Team Corruption,2497,8,4,1,5,0,0,FUNSNATCHERS,PACIFIC
9172,15486,Bind,Decider,Team Corruption,FUNSNATCHERS,FUNSNATCHERS,1661,Team Corruption,2497,5,7,6,4,0,0,FUNSNATCHERS,PACIFIC
9178,15503,Ascent,Decider,Spot Up,On The Way,Spot Up,302,On The Way,2214,4,8,5,6,0,0,On The Way,PACIFIC
9178,15504,Icebox,Decider,On The Way,Spot Up,Spot Up,302,On The Way,2214,5,7,5,7,1,3,Spot Up,PACIFIC
9178,15505,Split,Decider,Spot Up,On The Way,Spot Up,302,On The Way,2214,8,4,1,5,0,0,Spot Up,PACIFIC
9181,15512,Bind,Decider,ENVY,Take Flyte,ENVY,427,Take Flyte,1030,11,1,0,2,0,0,ENVY,PACIFIC
9181,15513,Ascent,Decider,Take Flyte,ENVY,ENVY,427,Take Flyte,1030,6,6,6,6,0,2,ENVY,PACIFIC
9190,15539,Bind,Decider,Elysium,Rise,Rise,637,Elysium,6419,8,4,8,4,0,2,Rise,PACIFIC
9190,15540,Haven,Decider,Rise,Elysium,Rise,637,Elysium,6419,9,3,8,4,0,0,Rise,PACIFIC
9193,15548,Haven,Decider,Immortals,Elevate,Immortals,103,Elevate,2531,6,6,0,7,0,0,Immortals,PACIFIC
9193,15549,Ascent,Decider,Elevate,Immortals,Immortals,103,Elevate,2531,4,8,5,1,0,0,Immortals,PACIFIC
9175,15494,Icebox,BLAHAJ,NRG,BLAHAJ,NRG,1034,BLAHAJ,2401,10,2,3,3,0,0,NRG,PACIFIC
9175,15495,Bind,NRG,NRG,BLAHAJ,NRG,1034,BLAHAJ,2401,10,2,1,3,0,0,NRG,PACIFIC
9179,15506,Bind,Decider,Gen.G,Fluid Gaming,Gen.G,17,Fluid Gaming,6417,10,2,0,3,0,0,Gen.G,PACIFIC
9179,15507,Haven,Decider,Fluid Gaming,Gen.G,Gen.G,17,Fluid Gaming,6417,4,8,5,3,0,0,Gen.G,PACIFIC
9176,15497,Ascent,Decider,Dignitas,PROJECT X,Dignitas,632,PROJECT X,1298,9,3,1,4,0,0,Dignitas,PACIFIC
9176,15498,Icebox,Decider,PROJECT X,Dignitas,Dignitas,632,PROJECT X,1298,5,7,6,1,0,0,Dignitas,PACIFIC
9177,15500,Haven,Decider,Renegades,YFP,Renegades,468,YFP,5038,8,4,8,4,2,0,Renegades,PACIFIC
9177,15501,Ascent,Decider,YFP,Renegades,Renegades,468,YFP,5038,6,6,7,2,0,0,Renegades,PACIFIC
9184,15521,Icebox,Decider,Complexity,Demon Time,Complexity,470,Demon Time,382,5,7,1,8,0,0,Complexity,PACIFIC
9184,15522,Haven,Decider,Demon Time,Complexity,Complexity,470,Demon Time,382,5,7,5,7,0,2,Complexity,PACIFIC
9187,15530,Ascent,Decider,Luminosity,VVT Premier,Luminosity,642,VVT Premier,2467,10,2,2,3,0,0,Luminosity,PACIFIC
9187,15531,Icebox,Decider,VVT Premier,Luminosity,Luminosity,642,VVT Premier,2467,0,12,1,0,0,0,Luminosity,PACIFIC
9188,15533,Bind,Decider,Sandwich Eaters 40,Penguin Sledding,Sandwich Eaters 40,2422,Penguin Sledding,1657,3,9,4,6,0,0,Penguin Sledding,PACIFIC
9188,15534,Ascent,Decider,Penguin Sledding,Sandwich Eaters 40,Sandwich Eaters 40,2422,Penguin Sledding,1657,9,3,8,4,0,0,Penguin Sledding,PACIFIC
9189,15536,Bind,Decider,TSM,Balanced Esports,TSM,106,Balanced Esports,2382,11,1,2,2,0,0,TSM,PACIFIC
9189,15537,Ascent,Decider,Balanced Esports,TSM,TSM,106,Balanced Esports,2382,3,9,4,3,0,0,TSM,PACIFIC
9195,15554,Ascent,Decider,Cloud9,Poised,Cloud9,188,Poised,2226,9,3,2,4,0,0,Cloud9,PACIFIC
9195,15555,Icebox,Decider,Poised,Cloud9,Cloud9,188,Poised,2226,5,7,6,4,0,0,Cloud9,PACIFIC
9197,15560,Ascent,Techno Monks,Sentinels,Techno Monks,Sentinels,2,Techno Monks,2384,8,4,8,4,2,0,Sentinels,PACIFIC
9197,15561,Haven,Decider,Techno Monks,Sentinels,Sentinels,2,Techno Monks,2384,3,9,4,4,0,0,Sentinels,PACIFIC
9202,15575,Icebox,Decider,Hollywood Hooliganz,303 Esports,Hollywood Hooliganz,1026,303 Esports,2139,11,1,6,2,0,0,Hollywood Hooliganz,PACIFIC
9202,15576,Bind,Decider,303 Esports,Hollywood Hooliganz,Hollywood Hooliganz,1026,303 Esports,2139,6,6,5,7,0,0,303 Esports,PACIFIC
9202,15577,Split,Decider,Hollywood Hooliganz,303 Esports,Hollywood Hooliganz,1026,303 Esports,2139,9,3,9,3,2,0,Hollywood Hooliganz,PACIFIC
9204,15581,Ascent,Decider,Sedated,FUNSNATCHERS,Sedated,1305,FUNSNATCHERS,1661,2,10,3,3,0,0,FUNSNATCHERS,PACIFIC
9204,15582,Bind,Decider,FUNSNATCHERS,Sedated,Sedated,1305,FUNSNATCHERS,1661,6,6,1,7,0,0,FUNSNATCHERS,PACIFIC
9173,15488,Ascent,Decider,Spotlight,100 Thieves,100 Thieves,120,Spotlight,2249,5,7,6,4,0,0,100 Thieves,PACIFIC
9173,15489,Bind,Decider,100 Thieves,Spotlight,100 Thieves,120,Spotlight,2249,4,8,5,6,0,0,Spotlight,PACIFIC
9173,15490,Haven,Decider,Spotlight,100 Thieves,100 Thieves,120,Spotlight,2249,2,10,3,0,0,0,100 Thieves,PACIFIC
9174,15491,Ascent,Decider,Carpe Noctem,Brimstone Gaming,Carpe Noctem,2128,Brimstone Gaming,2377,7,5,4,6,0,0,Carpe Noctem,PACIFIC
9174,15492,Split,Decider,Brimstone Gaming,Carpe Noctem,Carpe Noctem,2128,Brimstone Gaming,2377,6,6,7,5,0,0,Carpe Noctem,PACIFIC
9180,15509,Ascent,Decider,Knights,NSIC,Knights,1615,NSIC,2403,5,7,4,8,0,0,Knights,PACIFIC
9180,15510,Haven,Decider,NSIC,Knights,Knights,1615,NSIC,2403,5,7,6,2,0,0,Knights,PACIFIC
9191,15542,Icebox,Decider,XSET,down bad,XSET,533,down bad,1715,4,8,4,8,3,1,XSET,PACIFIC
9191,15543,Haven,Decider,down bad,XSET,XSET,533,down bad,1715,4,8,5,6,0,0,XSET,PACIFIC
9192,15545,Bind,Decider,eUnited,Cloud9 White,eUnited,2287,Cloud9 White,1267,5,7,3,8,0,0,eUnited,PACIFIC
9192,15546,Haven,Decider,Cloud9 White,eUnited,eUnited,2287,Cloud9 White,1267,8,4,6,5,0,0,Cloud9 White,PACIFIC
9192,15547,Ascent,Decider,eUnited,Cloud9 White,eUnited,2287,Cloud9 White,1267,5,7,6,6,0,0,Cloud9 White,PACIFIC
9194,15551,Ascent,Decider,Big Frames,Obstacle,Big Frames,2033,Obstacle,1299,6,6,1,7,0,0,Big Frames,PACIFIC
9194,15552,Split,Decider,Obstacle,Big Frames,Big Frames,2033,Obstacle,1299,2,10,3,6,0,0,Big Frames,PACIFIC
9198,15563,Haven,Decider,Serenity,Evil Geniuses,Evil Geniuses,5248,Serenity,837,7,5,1,6,0,0,Serenity,PACIFIC
9198,15564,Split,Decider,Evil Geniuses,Serenity,Evil Geniuses,5248,Serenity,837,7,5,8,4,0,0,Serenity,PACIFIC
9199,15566,Bind,Decider,Built By Gamers,RIFLE CRUTCHERS,Built By Gamers,473,RIFLE CRUTCHERS,2238,6,6,3,7,0,0,Built By Gamers,PACIFIC
9199,15567,Ascent,Decider,Built By Gamers,RIFLE CRUTCHERS,Built By Gamers,473,RIFLE CRUTCHERS,2238,8,4,3,5,0,0,Built By Gamers,PACIFIC
9200,15569,Haven,Decider,Spacestation Gaming,Resonate,Spacestation Gaming,674,Resonate,6422,7,5,1,6,0,0,Spacestation Gaming,PACIFIC
9200,15570,Ascent,Decider,Resonate,Spacestation Gaming,Spacestation Gaming,674,Resonate,6422,4,8,5,0,0,0,Spacestation Gaming,PACIFIC
9201,15572,Ascent,Decider,T1,Able Esports,T1,14,Able Esports,1669,10,2,2,3,0,0,T1,PACIFIC
9201,15573,Haven,Decider,Able Esports,T1,T1,14,Able Esports,1669,2,10,3,0,0,0,T1,PACIFIC
9203,15578,Bind,Decider,Andbox,Swagoi,Andbox,856,Swagoi,2498,7,5,5,6,0,0,Andbox,PACIFIC
9203,15579,Split,Decider,Swagoi,Andbox,Andbox,856,Swagoi,2498,3,9,4,0,0,0,Andbox,PACIFIC
9182,15515,Bind,Decider,Derrek and Friends(ex-Phoenix1),Roosters,Roosters,1291,Derrek and Friends(ex-Phoenix1),2502,0,5,8,0,0,0,Roosters,PACIFIC
9182,15516,Icebox,Decider,Derrek and Friends(ex-Phoenix1),Roosters,Roosters,1291,Derrek and Friends(ex-Phoenix1),2502,0,6,3,0,0,0,Roosters,PACIFIC
9182,15517,Ascent,Decider,Derrek and Friends(ex-Phoenix1),Roosters,Roosters,1291,Derrek and Friends(ex-Phoenix1),2502,0,10,3,0,0,0,Roosters,PACIFIC
9186,15527,Haven,Decider,Slimy Boogermen,NeverDone,Slimy Boogermen,1312,NeverDone,2402,5,7,6,4,0,0,NeverDone,PACIFIC
9186,15528,Ascent,Decider,NeverDone,Slimy Boogermen,Slimy Boogermen,1312,NeverDone,2402,8,4,4,5,0,0,NeverDone,PACIFIC
9183,15518,Ascent,Decider,CPC,Equinox Esports,Equinox Esports,1152,CPC,2459,6,6,7,0,0,0,Equinox Esports,PACIFIC
9183,15519,Bind,Decider,CPC,Equinox Esports,Equinox Esports,1152,CPC,2459,5,7,6,1,0,0,Equinox Esports,PACIFIC
9185,15524,Ascent,Decider,FaZe Clan,Big Backwoods,FaZe Clan,337,Big Backwoods,2463,9,3,5,4,0,0,FaZe Clan,PACIFIC
9185,15525,Bind,Decider,Big Backwoods,FaZe Clan,FaZe Clan,337,Big Backwoods,2463,4,8,5,3,0,0,FaZe Clan,PACIFIC
9196,15557,Haven,Decider,Sakura Storm,Ghost Gaming,Ghost Gaming,2291,Sakura Storm,1297,4,8,5,3,0,0,Ghost Gaming,PACIFIC
9196,15558,Bind,Decider,Ghost Gaming,Sakura Storm,Ghost Gaming,2291,Sakura Storm,1297,8,4,0,5,0,0,Ghost Gaming,PACIFIC
9205,15584,Bind,Carpe Noctem,100 Thieves,Carpe Noctem,100 Thieves,120,Carpe Noctem,2128,5,7,6,6,0,0,Carpe Noctem,PACIFIC
9205,15585,Haven,100 Thieves,Carpe Noctem,100 Thieves,100 Thieves,120,Carpe Noctem,2128,6,6,5,7,0,0,Carpe Noctem,PACIFIC
9206,15587,Haven,Dignitas,NRG,Dignitas,NRG,1034,Dignitas,632,10,2,0,3,0,0,NRG,PACIFIC
9206,15588,Bind,NRG,Dignitas,NRG,NRG,1034,Dignitas,632,9,3,6,4,0,0,Dignitas,PACIFIC
9206,15589,Icebox,Decider,NRG,Dignitas,NRG,1034,Dignitas,632,6,6,6,6,8,6,NRG,PACIFIC
9207,15590,Haven,Decider,Renegades,Spot Up,Renegades,468,Spot Up,302,11,1,6,2,0,0,Renegades,PACIFIC
9207,15591,Ascent,Decider,Spot Up,Renegades,Renegades,468,Spot Up,302,5,7,3,8,0,0,Spot Up,PACIFIC
9207,15592,Split,Decider,Renegades,Spot Up,Renegades,468,Spot Up,302,10,2,4,3,0,0,Renegades,PACIFIC
9208,15593,Haven,Decider,Knights,Gen.G,Gen.G,17,Knights,1615,8,4,8,4,2,4,Gen.G,PACIFIC
9208,15594,Bind,Decider,Knights,Gen.G,Gen.G,17,Knights,1615,6,6,7,1,0,0,Gen.G,PACIFIC
9209,15596,Bind,ENVY,ENVY,Roosters,ENVY,427,Roosters,1291,8,4,1,5,0,0,ENVY,PACIFIC
9209,15597,Ascent,Roosters,ENVY,Roosters,ENVY,427,Roosters,1291,6,6,3,7,0,0,ENVY,PACIFIC
9210,15599,Haven,Complexity,Complexity,Equinox Esports,Equinox Esports,1152,Complexity,470,6,6,4,7,0,0,Complexity,PACIFIC
9210,15600,Ascent,Complexity,Complexity,Equinox Esports,Equinox Esports,1152,Complexity,470,6,6,7,5,0,0,Equinox Esports,PACIFIC
9210,15601,Split,Decider,Equinox Esports,Complexity,Equinox Esports,1152,Complexity,470,6,6,0,7,0,0,Equinox Esports,PACIFIC
9211,15602,Split,NeverDone,FaZe Clan,NeverDone,FaZe Clan,337,NeverDone,2402,6,6,2,7,0,0,FaZe Clan,PACIFIC
9211,15603,Ascent,FaZe Clan,NeverDone,FaZe Clan,FaZe Clan,337,NeverDone,2402,8,4,4,5,0,0,NeverDone,PACIFIC
9211,15604,Haven,Decider,FaZe Clan,NeverDone,FaZe Clan,337,NeverDone,2402,7,5,3,6,0,0,FaZe Clan,PACIFIC
9212,15605,Bind,Decider,Luminosity,Penguin Sledding,Luminosity,642,Penguin Sledding,1657,10,2,3,3,0,0,Luminosity,PACIFIC
9212,15606,Split,Decider,Penguin Sledding,Luminosity,Luminosity,642,Penguin Sledding,1657,3,9,4,1,0,0,Luminosity,PACIFIC
9213,15608,Ascent,Decider,TSM,Rise,TSM,106,Rise,637,8,4,2,5,0,0,TSM,PACIFIC
9213,15609,Bind,Decider,Rise,TSM,TSM,106,Rise,637,1,11,2,0,0,0,TSM,PACIFIC
9214,15611,Bind,Cloud9 White,XSET,Cloud9 White,XSET,533,Cloud9 White,1267,10,2,0,3,0,0,XSET,PACIFIC
9214,15612,Haven,XSET,Cloud9 White,XSET,XSET,533,Cloud9 White,1267,7,5,8,3,0,0,XSET,PACIFIC
9215,15614,Haven,Decider,Immortals,Big Frames,Immortals,103,Big Frames,2033,6,6,6,6,2,0,Immortals,PACIFIC
9215,15615,Ascent,Decider,Big Frames,Immortals,Immortals,103,Big Frames,2033,2,10,3,0,0,0,Immortals,PACIFIC
9216,15617,Bind,Decider,Cloud9,Ghost Gaming,Cloud9,188,Ghost Gaming,2291,4,8,4,8,0,2,Ghost Gaming,PACIFIC
9216,15618,Split,Decider,Ghost Gaming,Cloud9,Cloud9,188,Ghost Gaming,2291,6,6,7,4,0,0,Cloud9,PACIFIC
9216,15619,Ascent,Decider,Cloud9,Ghost Gaming,Cloud9,188,Ghost Gaming,2291,6,6,4,7,0,0,Cloud9,PACIFIC
9217,15620,Ascent,Serenity,Sentinels,Serenity,Sentinels,2,Serenity,837,5,7,6,0,0,0,Serenity,PACIFIC
9217,15621,Haven,Sentinels,Serenity,Sentinels,Sentinels,2,Serenity,837,8,4,9,3,0,0,Sentinels,PACIFIC
9217,15622,Icebox,Decider,Sentinels,Serenity,Sentinels,2,Serenity,837,7,5,2,6,0,0,Sentinels,PACIFIC
9218,15623,Ascent,Spacestation Gaming,Built By Gamers,Spacestation Gaming,Built By Gamers,473,Spacestation Gaming,674,9,3,8,4,0,0,Built By Gamers,PACIFIC
9218,15624,Haven,Built By Gamers,Spacestation Gaming,Built By Gamers,Built By Gamers,473,Spacestation Gaming,674,7,5,5,6,0,0,Spacestation Gaming,PACIFIC
9218,15625,Bind,Decider,Built By Gamers,Spacestation Gaming,Built By Gamers,473,Spacestation Gaming,674,10,2,0,3,0,0,Built By Gamers,PACIFIC
9219,15626,Split,Decider,T1,Hollywood Hooliganz,T1,14,Hollywood Hooliganz,1026,11,1,3,2,0,0,T1,PACIFIC
9219,15627,Bind,Decider,Hollywood Hooliganz,T1,T1,14,Hollywood Hooliganz,1026,3,9,4,3,0,0,T1,PACIFIC
9220,15629,Ascent,Decider,Andbox,FUNSNATCHERS,Andbox,856,FUNSNATCHERS,1661,9,3,0,4,0,0,Andbox,PACIFIC
9220,15630,Icebox,Decider,FUNSNATCHERS,Andbox,Andbox,856,FUNSNATCHERS,1661,3,9,4,1,0,0,Andbox,PACIFIC
9228,15653,Split,Andbox,T1,Andbox,T1,14,Andbox,856,5,7,6,4,0,0,Andbox,PACIFIC
9228,15654,Bind,T1,Andbox,T1,T1,14,Andbox,856,2,10,3,2,0,0,T1,PACIFIC
9228,15655,Ascent,Decider,T1,Andbox,T1,14,Andbox,856,3,9,4,0,0,0,Andbox,PACIFIC
9222,15635,Bind,Gen.G,Renegades,Gen.G,Renegades,468,Gen.G,17,3,9,4,4,0,0,Gen.G,PACIFIC
9222,15636,Haven,Renegades,Renegades,Gen.G,Renegades,468,Gen.G,17,4,8,5,4,0,0,Gen.G,PACIFIC
9225,15644,Bind,XSET,TSM,XSET,TSM,106,XSET,533,4,8,5,3,0,0,XSET,PACIFIC
9225,15645,Icebox,TSM,XSET,TSM,TSM,106,XSET,533,3,9,4,0,0,0,TSM,PACIFIC
9225,15646,Split,Decider,TSM,XSET,TSM,106,XSET,533,9,3,9,3,1,3,XSET,PACIFIC
9227,15650,Ascent,Built By Gamers,Sentinels,Built By Gamers,Sentinels,2,Built By Gamers,473,8,4,6,5,0,0,Sentinels,PACIFIC
9227,15651,Haven,Sentinels,Built By Gamers,Sentinels,Sentinels,2,Built By Gamers,473,3,9,4,0,0,0,Sentinels,PACIFIC
9223,15638,Ascent,Equinox Esports,ENVY,Equinox Esports,ENVY,427,Equinox Esports,1152,5,7,3,8,0,0,ENVY,PACIFIC
9223,15639,Split,ENVY,Equinox Esports,ENVY,ENVY,427,Equinox Esports,1152,2,10,3,4,0,0,ENVY,PACIFIC
9224,15641,Icebox,Luminosity,FaZe Clan,Luminosity,FaZe Clan,337,Luminosity,642,7,5,5,6,0,0,FaZe Clan,PACIFIC
9224,15642,Ascent,FaZe Clan,Luminosity,FaZe Clan,FaZe Clan,337,Luminosity,642,7,5,5,6,0,0,Luminosity,PACIFIC
9224,15643,Split,Decider,FaZe Clan,Luminosity,FaZe Clan,337,Luminosity,642,2,10,3,0,0,0,Luminosity,PACIFIC
9221,15632,Bind,Carpe Noctem,NRG,Carpe Noctem,Carpe Noctem,2128,NRG,1034,8,4,1,5,0,0,NRG,PACIFIC
9221,15633,Haven,NRG,Carpe Noctem,NRG,Carpe Noctem,2128,NRG,1034,2,10,3,0,0,0,NRG,PACIFIC
9226,15647,Split,Cloud9,Immortals,Cloud9,Immortals,103,Cloud9,188,6,6,7,4,0,0,Cloud9,PACIFIC
9226,15648,Ascent,Immortals,Cloud9,Immortals,Immortals,103,Cloud9,188,3,9,4,7,0,0,Immortals,PACIFIC
9226,15649,Icebox,Decider,Immortals,Cloud9,Immortals,103,Cloud9,188,7,5,6,6,0,0,Immortals,PACIFIC
9229,15656,Bind,Gen.G,NRG,Gen.G,NRG,1034,Gen.G,17,10,2,6,3,0,0,NRG,PACIFIC
9229,15657,Haven,NRG,NRG,Gen.G,NRG,1034,Gen.G,17,8,4,0,5,0,0,NRG,PACIFIC
9232,15665,Split,Andbox,Sentinels,Andbox,Sentinels,2,Andbox,856,11,1,7,2,0,0,Sentinels,PACIFIC
9232,15666,Icebox,Sentinels,Andbox,Sentinels,Sentinels,2,Andbox,856,4,8,5,7,0,0,Sentinels,PACIFIC
9230,15659,Bind,Luminosity,ENVY,Luminosity,ENVY,427,Luminosity,642,8,4,2,5,0,0,ENVY,PACIFIC
9230,15660,Split,ENVY,Luminosity,ENVY,ENVY,427,Luminosity,642,5,7,6,5,0,0,ENVY,PACIFIC
9231,15662,Icebox,Immortals,XSET,Immortals,XSET,533,Immortals,103,4,8,5,0,0,0,Immortals,PACIFIC
9231,15663,Haven,XSET,Immortals,XSET,XSET,533,Immortals,103,5,7,3,8,0,0,Immortals,PACIFIC
9233,15668,Split,ENVY,NRG,ENVY,NRG,1034,ENVY,427,4,8,5,2,0,0,ENVY,PACIFIC
9233,15669,Haven,NRG,ENVY,NRG,NRG,1034,ENVY,427,9,3,9,3,2,0,ENVY,PACIFIC
9234,15671,Icebox,Sentinels,Immortals,Sentinels,Immortals,103,Sentinels,2,7,5,4,6,0,0,Immortals,PACIFIC
9234,15672,Haven,Immortals,Sentinels,Immortals,Immortals,103,Sentinels,2,8,4,4,5,0,0,Sentinels,PACIFIC
9234,15673,Ascent,Decider,Immortals,Sentinels,Immortals,103,Sentinels,2,8,4,3,5,0,0,Immortals,PACIFIC
9235,15674,Split,ENVY,Immortals,ENVY,ENVY,427,Immortals,103,7,5,3,6,0,0,Immortals,PACIFIC
9235,15675,Icebox,Immortals,ENVY,Immortals,ENVY,427,Immortals,103,7,5,6,6,0,0,ENVY,PACIFIC
9235,15676,Bind,Decider,Immortals,ENVY,ENVY,427,Immortals,103,9,3,3,4,0,0,Immortals,PACIFIC
9235,16094,Ascent,Decider,ENVY,Immortals,ENVY,427,Immortals,103,4,8,5,1,0,0,Immortals,PACIFIC
9510,16182,Haven,XSET,Immortals,XSET,Immortals,103,XSET,533,5,7,5,7,1,3,XSET,PACIFIC
9510,16183,Ascent,Immortals,XSET,Immortals,Immortals,103,XSET,533,4,8,5,2,0,0,Immortals,PACIFIC
9510,16184,Bind,Decider,Immortals,XSET,Immortals,103,XSET,533,7,5,7,5,3,1,Immortals,PACIFIC
9511,16185,Bind,Gen.G,NRG,Gen.G,NRG,1034,Gen.G,17,8,4,9,2,0,0,Gen.G,PACIFIC
9511,16186,Haven,NRG,Gen.G,NRG,NRG,1034,Gen.G,17,6,6,4,7,0,0,Gen.G,PACIFIC
9513,16191,Icebox,Luminosity,Sentinels,Luminosity,Sentinels,2,Luminosity,642,9,3,9,3,0,2,Luminosity,PACIFIC
9513,16192,Split,Sentinels,Luminosity,Sentinels,Sentinels,2,Luminosity,642,9,3,6,4,0,0,Luminosity,PACIFIC
9512,16188,Icebox,Andbox,ENVY,Andbox,ENVY,427,Andbox,856,4,8,1,9,0,0,ENVY,PACIFIC
9512,16189,Bind,ENVY,Andbox,ENVY,ENVY,427,Andbox,856,2,10,3,0,0,0,ENVY,PACIFIC
9283,15761,Haven,XSET,NRG,XSET,XSET,533,NRG,1034,4,8,5,7,0,0,XSET,PACIFIC
9283,15763,Bind,NRG,XSET,NRG,XSET,533,NRG,1034,8,4,8,4,2,0,XSET,PACIFIC
9284,15764,Ascent,Andbox,Sentinels,Andbox,Sentinels,2,Andbox,856,6,6,4,7,0,0,Sentinels,PACIFIC
9284,15765,Haven,Sentinels,Andbox,Sentinels,Sentinels,2,Andbox,856,6,6,7,1,0,0,Sentinels,PACIFIC
9280,15752,Bind,Gen.G,Immortals,Gen.G,Immortals,103,Gen.G,17,9,3,0,4,0,0,Immortals,PACIFIC
9280,15753,Ascent,Immortals,Immortals,Gen.G,Immortals,103,Gen.G,17,5,7,1,8,0,0,Immortals,PACIFIC
9281,15755,Ascent,Luminosity,ENVY,Luminosity,ENVY,427,Luminosity,642,5,7,6,5,0,0,Luminosity,PACIFIC
9281,15756,Bind,ENVY,Luminosity,ENVY,ENVY,427,Luminosity,642,6,6,4,7,0,0,Luminosity,PACIFIC
9285,15767,Bind,XSET,ENVY,XSET,XSET,533,ENVY,427,8,4,8,4,0,2,XSET,PACIFIC
9285,15768,Split,ENVY,XSET,ENVY,XSET,533,ENVY,427,5,7,6,0,0,0,ENVY,PACIFIC
9285,15769,Ascent,Decider,ENVY,XSET,XSET,533,ENVY,427,5,7,6,5,0,0,XSET,PACIFIC
9286,15770,Icebox,Sentinels,Gen.G,Sentinels,Sentinels,2,Gen.G,17,7,5,4,6,0,0,Gen.G,PACIFIC
9286,15771,Haven,Gen.G,Sentinels,Gen.G,Sentinels,2,Gen.G,17,6,6,5,7,0,0,Sentinels,PACIFIC
9286,15772,Ascent,Decider,Sentinels,Gen.G,Sentinels,2,Gen.G,17,6,6,3,7,0,0,Sentinels,PACIFIC
9282,15758,Bind,Luminosity,Immortals,Luminosity,Immortals,103,Luminosity,642,9,3,0,4,0,0,Immortals,PACIFIC
9282,15759,Ascent,Immortals,Luminosity,Immortals,Immortals,103,Luminosity,642,7,5,2,6,0,0,Luminosity,PACIFIC
9282,15760,Icebox,Decider,Immortals,Luminosity,Immortals,103,Luminosity,642,4,8,3,9,0,0,Immortals,PACIFIC
9287,15773,Haven,Decider,Sentinels,XSET,XSET,533,Sentinels,2,6,6,4,7,0,0,Sentinels,PACIFIC
9287,15774,Split,Sentinels,XSET,Sentinels,XSET,533,Sentinels,2,5,7,6,3,0,0,Sentinels,PACIFIC
9288,15776,Split,Sentinels,Luminosity,Sentinels,Luminosity,642,Sentinels,2,2,10,3,8,0,0,Sentinels,PACIFIC
9288,15777,Ascent,Luminosity,Sentinels,Luminosity,Luminosity,642,Sentinels,2,6,6,7,5,0,0,Luminosity,PACIFIC
9288,15778,Icebox,Decider,Luminosity,Sentinels,Luminosity,642,Sentinels,2,4,8,5,5,0,0,Sentinels,PACIFIC
9289,15779,TBD,Decider,,,Immortals,103,Sentinels,2,0,0,0,0,0,0,Draw,PACIFIC
9289,15780,Split,Sentinels,Immortals,Sentinels,Immortals,103,Sentinels,2,3,9,4,0,0,0,Sentinels,PACIFIC
9289,15781,Bind,Immortals,Sentinels,Immortals,Immortals,103,Sentinels,2,7,5,3,6,0,0,Sentinels,PACIFIC
9289,15782,Icebox,Sentinels,Immortals,Sentinels,Immortals,103,Sentinels,2,4,8,5,0,0,0,Sentinels,PACIFIC
