https://www.vlr.gg/event/matches/2766/,/753444/100-thieves-vs-t1-valorant-champions-2026-opening-a,invalid_match_href
https://www.vlr.gg/event/matches/2766/,/753452/tbd-valorant-champions-2026-elim-b,invalid_match_href
https://www.vlr.gg/event/matches/2766/,/753458/tbd-valorant-champions-2026-decider-c,invalid_match_href
https://www.vlr.gg/event/matches/2766/,/753453/tbd-valorant-champions-2026-decider-b,invalid_match_href
https://www.vlr.gg/event/matches/2766/,/753448/tbd-valorant-champions-2026-decider-a,invalid_match_href
https://www.vlr.gg/event/matches/2766/,/753462/tbd-valorant-champions-2026-elim-d,invalid_match_href
https://www.vlr.gg/event/matches/2766/,/753461/tbd-valorant-champions-2026-winners-d,invalid_match_href
https://www.vlr.gg/event/matches/2766/,/753457/tbd-valorant-champions-2026-elim-c,invalid_match_href
https://www.vlr.gg/event/matches/2766/,/753456/tbd-valorant-champions-2026-winners-c,invalid_match_href
https://www.vlr.gg/event/matches/2766/,/753451/tbd-valorant-champions-2026-winners-b,invalid_match_href
https://www.vlr.gg/event/matches/2766/,/753445/jd-gaming-vs-fut-esports-valorant-champions-2026-opening-a,invalid_match_href
https://www.vlr.gg/event/matches/2766/,/753447/tbd-valorant-champions-2026-elim-a,invalid_match_href
https://www.vlr.gg/event/matches/2766/,/753446/tbd-valorant-champions-2026-winners-a,invalid_match_href
https://www.vlr.gg/event/matches/2766/,/753460/nongshim-redforce-vs-nrg-valorant-champions-2026-opening-d,invalid_match_href
https://www.vlr.gg/event/matches/2766/,/753459/karmine-corp-vs-xi-lai-gaming-valorant-champions-2026-opening-d,invalid_match_href
https://www.vlr.gg/event/matches/2766/,/753455/team-liquid-vs-paper-rex-valorant-champions-2026-opening-c,invalid_match_href
https://www.vlr.gg/event/matches/2766/,/753454/tyloo-vs-g2-esports-valorant-champions-2026-opening-c,invalid_match_href
https://www.vlr.gg/event/matches/2766/,/753450/loud-vs-edward-gaming-valorant-champions-2026-opening-b,invalid_match_href
https://www.vlr.gg/event/matches/2766/,/753449/global-esports-vs-team-vitality-valorant-champions-2026-opening-b,invalid_match_href
https://www.vlr.gg/event/matches/2766/,/753463/tbd-valorant-champions-2026-decider-d,invalid_match_href
https://www.vlr.gg/event/matches/2976/,/712803/fut-esports-vs-natus-vincere-vct-2026-emea-stage-2-w1,invalid_match_href
https://www.vlr.gg/event/matches/2976/,/712804/team-liquid-vs-eternal-fire-vct-2026-emea-stage-2-w1,invalid_match_href
https://www.vlr.gg/event/matches/2976/,/712805/fnatic-vs-giantx-vct-2026-emea-stage-2-w1,invalid_match_href
https://www.vlr.gg/event/matches/2976/,/712806/pcific-esports-vs-gentle-mates-vct-2026-emea-stage-2-w1,invalid_match_href
https://www.vlr.gg/event/matches/2976/,/712807/karmine-corp-vs-eternal-fire-vct-2026-emea-stage-2-w1,invalid_match_href
https://www.vlr.gg/event/matches/2976/,/712808/team-vitality-vs-natus-vincere-vct-2026-emea-stage-2-w1,invalid_match_href
https://www.vlr.gg/event/matches/2976/,/712809/gentle-mates-vs-fut-esports-vct-2026-emea-stage-2-w1,invalid_match_href
https://www.vlr.gg/event/matches/2976/,/712810/team-heretics-vs-team-liquid-vct-2026-emea-stage-2-w1,invalid_match_href
https://www.vlr.gg/event/matches/2976/,/712811/giantx-vs-karmine-corp-vct-2026-emea-stage-2-w1,invalid_match_href
https://www.vlr.gg/event/matches/2976/,/712812/team-vitality-vs-bbl-esports-vct-2026-emea-stage-2-w1,invalid_match_href
https://www.vlr.gg/event/matches/2976/,/712814/fut-esports-vs-pcific-esports-vct-2026-emea-stage-2-w2,invalid_match_href
https://www.vlr.gg/event/matches/2976/,/712815/fnatic-vs-karmine-corp-vct-2026-emea-stage-2-w2,invalid_match_href
https://www.vlr.gg/event/matches/2976/,/712816/eternal-fire-vs-team-heretics-vct-2026-emea-stage-2-w2,invalid_match_href
https://www.vlr.gg/event/matches/2976/,/712817/gentle-mates-vs-natus-vincere-vct-2026-emea-stage-2-w2,invalid_match_href
https://www.vlr.gg/event/matches/2976/,/712818/fut-esports-vs-bbl-esports-vct-2026-emea-stage-2-w2,invalid_match_href
https://www.vlr.gg/event/matches/2976/,/712819/team-liquid-vs-fnatic-vct-2026-emea-stage-2-w2,invalid_match_href
https://www.vlr.gg/event/matches/2976/,/712820/pcific-esports-vs-team-vitality-vct-2026-emea-stage-2-w2,invalid_match_href
https://www.vlr.gg/event/matches/2976/,/712821/eternal-fire-vs-giantx-vct-2026-emea-stage-2-w2,invalid_match_href
https://www.vlr.gg/event/matches/2976/,/712822/bbl-esports-vs-natus-vincere-vct-2026-emea-stage-2-w2,invalid_match_href
https://www.vlr.gg/event/matches/2976/,/712823/team-heretics-vs-karmine-corp-vct-2026-emea-stage-2-w2,invalid_match_href
https://www.vlr.gg/event/matches/2976/,/712824/giantx-vs-team-liquid-vct-2026-emea-stage-2-w3,invalid_match_href
https://www.vlr.gg/event/matches/2976/,/712825/gentle-mates-vs-team-vitality-vct-2026-emea-stage-2-w3,invalid_match_href
https://www.vlr.gg/event/matches/2976/,/712826/natus-vincere-vs-pcific-esports-vct-2026-emea-stage-2-w3,invalid_match_href
https://www.vlr.gg/event/matches/2976/,/712827/eternal-fire-vs-fnatic-vct-2026-emea-stage-2-w3,invalid_match_href
https://www.vlr.gg/event/matches/2976/,/712828/bbl-esports-vs-gentle-mates-vct-2026-emea-stage-2-w3,invalid_match_href
https://www.vlr.gg/event/matches/2976/,/712829/giantx-vs-team-heretics-vct-2026-emea-stage-2-w3,invalid_match_href
https://www.vlr.gg/event/matches/2976/,/712830/fut-esports-vs-team-vitality-vct-2026-emea-stage-2-w3,invalid_match_href
https://www.vlr.gg/event/matches/2976/,/712831/karmine-corp-vs-team-liquid-vct-2026-emea-stage-2-w3,invalid_match_href
https://www.vlr.gg/event/matches/2976/,/712832/bbl-esports-vs-pcific-esports-vct-2026-emea-stage-2-w3,invalid_match_href
https://www.vlr.gg/event/matches/2976/,/712833/fnatic-vs-team-heretics-vct-2026-emea-stage-2-w3,invalid_match_href
https://www.vlr.gg/event/matches/2976/,/729664/giantx-vs-eintracht-frankfurt-vct-2026-emea-stage-2-ur1,invalid_match_href
https://www.vlr.gg/event/matches/2976/,/729665/natus-vincere-vs-joblife-vct-2026-emea-stage-2-ur1,invalid_match_href
https://www.vlr.gg/event/matches/2976/,/729666/pcific-esports-vs-fire-flux-esports-vct-2026-emea-stage-2-ur1,invalid_match_href
https://www.vlr.gg/event/matches/2976/,/729667/fnatic-vs-enterprise-esports-vct-2026-emea-stage-2-ur1,invalid_match_href
https://www.vlr.gg/event/matches/2976/,/729668/fut-esports-vs-giantx-vct-2026-emea-stage-2-ubqf,invalid_match_href
https://www.vlr.gg/event/matches/2976/,/729669/eternal-fire-vs-joblife-vct-2026-emea-stage-2-ubqf,invalid_match_href
https://www.vlr.gg/event/matches/2976/,/729670/team-heretics-vs-fire-flux-esports-vct-2026-emea-stage-2-ubqf,invalid_match_href
https://www.vlr.gg/event/matches/2976/,/729671/gentle-mates-vs-enterprise-esports-vct-2026-emea-stage-2-ubqf,invalid_match_href
https://www.vlr.gg/event/matches/2976/,/729674/gentle-mates-vs-eintracht-frankfurt-vct-2026-emea-stage-2-lr1,invalid_match_href
https://www.vlr.gg/event/matches/2976/,/729675/team-heretics-vs-natus-vincere-vct-2026-emea-stage-2-lr1,invalid_match_href
https://www.vlr.gg/event/matches/2976/,/729676/joblife-vs-pcific-esports-vct-2026-emea-stage-2-lr1,invalid_match_href
https://www.vlr.gg/event/matches/2976/,/729677/giantx-vs-fnatic-vct-2026-emea-stage-2-lr1,invalid_match_href
https://www.vlr.gg/event/matches/2976/,/729678/eintracht-frankfurt-vs-team-heretics-vct-2026-emea-stage-2-lr2,invalid_match_href
https://www.vlr.gg/event/matches/2976/,/729680/joblife-vs-fnatic-vct-2026-emea-stage-2-lr2,invalid_match_href
https://www.vlr.gg/event/matches/2976/,/729673/fire-flux-esports-vs-enterprise-esports-vct-2026-emea-stage-2-ubsf,invalid_match_href
https://www.vlr.gg/event/matches/2976/,/729672/fut-esports-vs-eternal-fire-vct-2026-emea-stage-2-ubsf,invalid_match_href
https://www.vlr.gg/event/matches/2976/,/729681/eternal-fire-vs-eintracht-frankfurt-vct-2026-emea-stage-2-lr3,invalid_match_href
https://www.vlr.gg/event/matches/2976/,/729682/fire-flux-esports-vs-joblife-vct-2026-emea-stage-2-lr3,invalid_match_href
https://www.vlr.gg/event/matches/2976/,/731397/team-vitality-vs-enterprise-esports-vct-2026-emea-stage-2-ur1,invalid_match_href
https://www.vlr.gg/event/matches/2976/,/731396/team-liquid-vs-fut-esports-vct-2026-emea-stage-2-ur1,invalid_match_href
https://www.vlr.gg/event/matches/2976/,/731399/karmine-corp-vs-enterprise-esports-vct-2026-emea-stage-2-ubsf,invalid_match_href
https://www.vlr.gg/event/matches/2976/,/731398/bbl-esports-vs-fut-esports-vct-2026-emea-stage-2-ubsf,invalid_match_href
https://www.vlr.gg/event/matches/2976/,/731402/team-liquid-vs-eintracht-frankfurt-vct-2026-emea-stage-2-lr1,invalid_match_href
https://www.vlr.gg/event/matches/2976/,/731403/team-vitality-vs-fire-flux-esports-vct-2026-emea-stage-2-lr1,invalid_match_href
https://www.vlr.gg/event/matches/2976/,/731404/enterprise-esports-vs-team-liquid-vct-2026-emea-stage-2-lr2,invalid_match_href
https://www.vlr.gg/event/matches/2976/,/731406/bbl-esports-vs-fire-flux-esports-vct-2026-emea-stage-2-lr2,invalid_match_href
https://www.vlr.gg/event/matches/2976/,/731400/fut-esports-vs-karmine-corp-vct-2026-emea-stage-2-ubf,invalid_match_href
https://www.vlr.gg/event/matches/2976/,/731407/team-liquid-vs-fire-flux-esports-vct-2026-emea-stage-2-lr3,invalid_match_href
https://www.vlr.gg/event/matches/2976/,/731408/fut-esports-vs-team-liquid-vct-2026-emea-stage-2-lbf,invalid_match_href
https://www.vlr.gg/event/matches/2976/,/731401/karmine-corp-vs-team-liquid-vct-2026-emea-stage-2-gf,invalid_match_href
https://www.vlr.gg/event/matches/2765/,/684613/xi-lai-gaming-vs-nrg-valorant-masters-london-2026-r1,invalid_match_href
https://www.vlr.gg/event/matches/2765/,/684610/team-vitality-vs-dragon-ranger-gaming-valorant-masters-london-2026-r1,invalid_match_href
https://www.vlr.gg/event/matches/2765/,/684611/full-sense-vs-fut-esports-valorant-masters-london-2026-r1,invalid_match_href
https://www.vlr.gg/event/matches/2765/,/684612/leviat-n-vs-global-esports-valorant-masters-london-2026-r1,invalid_match_href
https://www.vlr.gg/event/matches/2765/,/684614/team-vitality-vs-fut-esports-valorant-masters-london-2026-r2-1-0,invalid_match_href
https://www.vlr.gg/event/matches/2765/,/684615/nrg-vs-leviat-n-valorant-masters-london-2026-r2-1-0,invalid_match_href
https://www.vlr.gg/event/matches/2765/,/684616/dragon-ranger-gaming-vs-xi-lai-gaming-valorant-masters-london-2026-r2-0-1,invalid_match_href
https://www.vlr.gg/event/matches/2765/,/684617/global-esports-vs-full-sense-valorant-masters-london-2026-r2-0-1,invalid_match_href
https://www.vlr.gg/event/matches/2765/,/684619/fut-esports-vs-nrg-valorant-masters-london-2026-r3-1-1,invalid_match_href
https://www.vlr.gg/event/matches/2765/,/684618/global-esports-vs-xi-lai-gaming-valorant-masters-london-2026-r3-1-1,invalid_match_href
https://www.vlr.gg/event/matches/2765/,/670466/paper-rex-vs-leviat-n-valorant-masters-london-2026-ubqf,invalid_match_href
https://www.vlr.gg/event/matches/2765/,/670467/team-heretics-vs-team-vitality-valorant-masters-london-2026-ubqf,invalid_match_href
https://www.vlr.gg/event/matches/2765/,/670465/edward-gaming-vs-fut-esports-valorant-masters-london-2026-ubqf,invalid_match_href
https://www.vlr.gg/event/matches/2765/,/670464/g2-esports-vs-xi-lai-gaming-valorant-masters-london-2026-ubqf,invalid_match_href
https://www.vlr.gg/event/matches/2765/,/670473/leviat-n-vs-team-heretics-valorant-masters-london-2026-lr1,invalid_match_href
https://www.vlr.gg/event/matches/2765/,/670472/g2-esports-vs-fut-esports-valorant-masters-london-2026-lr1,invalid_match_href
https://www.vlr.gg/event/matches/2765/,/670468/xi-lai-gaming-vs-edward-gaming-valorant-masters-london-2026-ubsf,invalid_match_href
https://www.vlr.gg/event/matches/2765/,/670469/paper-rex-vs-team-vitality-valorant-masters-london-2026-ubsf,invalid_match_href
https://www.vlr.gg/event/matches/2765/,/670475/xi-lai-gaming-vs-leviat-n-valorant-masters-london-2026-lr2,invalid_match_href
https://www.vlr.gg/event/matches/2765/,/670474/team-vitality-vs-fut-esports-valorant-masters-london-2026-lr2,invalid_match_href
https://www.vlr.gg/event/matches/2765/,/670470/edward-gaming-vs-paper-rex-valorant-masters-london-2026-ubf,invalid_match_href
https://www.vlr.gg/event/matches/2765/,/670476/team-vitality-vs-leviat-n-valorant-masters-london-2026-lr3,invalid_match_href
https://www.vlr.gg/event/matches/2765/,/670477/edward-gaming-vs-leviat-n-valorant-masters-london-2026-lbf,invalid_match_href
https://www.vlr.gg/event/matches/2765/,/670471/paper-rex-vs-leviat-n-valorant-masters-london-2026-gf,invalid_match_href
https://www.vlr.gg/event/matches/2863/,/644709/fnatic-vs-eternal-fire-vct-2026-emea-stage-1-w1,invalid_match_href
https://www.vlr.gg/event/matches/2863/,/644710/team-liquid-vs-karmine-corp-vct-2026-emea-stage-1-w1,invalid_match_href
https://www.vlr.gg/event/matches/2863/,/644711/team-vitality-vs-giantx-vct-2026-emea-stage-1-w1,invalid_match_href
https://www.vlr.gg/event/matches/2863/,/644712/gentle-mates-vs-fut-esports-vct-2026-emea-stage-1-w1,invalid_match_href
https://www.vlr.gg/event/matches/2863/,/644713/team-heretics-vs-natus-vincere-vct-2026-emea-stage-1-w1,invalid_match_href
https://www.vlr.gg/event/matches/2863/,/644714/bbl-esports-vs-pcific-esports-vct-2026-emea-stage-1-w1,invalid_match_href
https://www.vlr.gg/event/matches/2863/,/644716/pcific-esports-vs-giantx-vct-2026-emea-stage-1-w2,invalid_match_href
https://www.vlr.gg/event/matches/2863/,/644717/bbl-esports-vs-eternal-fire-vct-2026-emea-stage-1-w2,invalid_match_href
https://www.vlr.gg/event/matches/2863/,/644718/fnatic-vs-team-vitality-vct-2026-emea-stage-1-w2,invalid_match_href
https://www.vlr.gg/event/matches/2863/,/644719/team-liquid-vs-team-heretics-vct-2026-emea-stage-1-w2,invalid_match_href
https://www.vlr.gg/event/matches/2863/,/644720/fut-esports-vs-natus-vincere-vct-2026-emea-stage-1-w2,invalid_match_href
https://www.vlr.gg/event/matches/2863/,/644721/gentle-mates-vs-karmine-corp-vct-2026-emea-stage-1-w2,invalid_match_href
https://www.vlr.gg/event/matches/2863/,/644722/bbl-esports-vs-giantx-vct-2026-emea-stage-1-w3,invalid_match_href
https://www.vlr.gg/event/matches/2863/,/644723/gentle-mates-vs-natus-vincere-vct-2026-emea-stage-1-w3,invalid_match_href
https://www.vlr.gg/event/matches/2863/,/644724/eternal-fire-vs-team-vitality-vct-2026-emea-stage-1-w3,invalid_match_href
https://www.vlr.gg/event/matches/2863/,/644725/karmine-corp-vs-team-heretics-vct-2026-emea-stage-1-w3,invalid_match_href
https://www.vlr.gg/event/matches/2863/,/644726/fut-esports-vs-team-liquid-vct-2026-emea-stage-1-w3,invalid_match_href
https://www.vlr.gg/event/matches/2863/,/644727/pcific-esports-vs-fnatic-vct-2026-emea-stage-1-w3,invalid_match_href
https://www.vlr.gg/event/matches/2863/,/644728/eternal-fire-vs-pcific-esports-vct-2026-emea-stage-1-w4,invalid_match_href
https://www.vlr.gg/event/matches/2863/,/644729/natus-vincere-vs-team-liquid-vct-2026-emea-stage-1-w4,invalid_match_href
https://www.vlr.gg/event/matches/2863/,/644730/giantx-vs-fnatic-vct-2026-emea-stage-1-w4,invalid_match_href
https://www.vlr.gg/event/matches/2863/,/644731/karmine-corp-vs-fut-esports-vct-2026-emea-stage-1-w4,invalid_match_href
https://www.vlr.gg/event/matches/2863/,/644732/gentle-mates-vs-team-heretics-vct-2026-emea-stage-1-w4,invalid_match_href
https://www.vlr.gg/event/matches/2863/,/644733/bbl-esports-vs-team-vitality-vct-2026-emea-stage-1-w4,invalid_match_href
https://www.vlr.gg/event/matches/2863/,/644734/team-heretics-vs-fut-esports-vct-2026-emea-stage-1-w5,invalid_match_href
https://www.vlr.gg/event/matches/2863/,/644735/team-vitality-vs-pcific-esports-vct-2026-emea-stage-1-w5,invalid_match_href
https://www.vlr.gg/event/matches/2863/,/644736/natus-vincere-vs-karmine-corp-vct-2026-emea-stage-1-w5,invalid_match_href
https://www.vlr.gg/event/matches/2863/,/644737/bbl-esports-vs-fnatic-vct-2026-emea-stage-1-w5,invalid_match_href
https://www.vlr.gg/event/matches/2863/,/644738/giantx-vs-eternal-fire-vct-2026-emea-stage-1-w5,invalid_match_href
https://www.vlr.gg/event/matches/2863/,/644739/gentle-mates-vs-team-liquid-vct-2026-emea-stage-1-w5,invalid_match_href
https://www.vlr.gg/event/matches/2863/,/660381/eternal-fire-vs-team-heretics-vct-2026-emea-stage-1-ur1,invalid_match_href
https://www.vlr.gg/event/matches/2863/,/660382/team-liquid-vs-team-vitality-vct-2026-emea-stage-1-ur1,invalid_match_href
https://www.vlr.gg/event/matches/2863/,/660383/fut-esports-vs-eternal-fire-vct-2026-emea-stage-1-ubsf,invalid_match_href
https://www.vlr.gg/event/matches/2863/,/660384/fnatic-vs-team-vitality-vct-2026-emea-stage-1-ubsf,invalid_match_href
https://www.vlr.gg/event/matches/2863/,/660387/team-heretics-vs-bbl-esports-vct-2026-emea-stage-1-lr1,invalid_match_href
https://www.vlr.gg/event/matches/2863/,/660388/team-liquid-vs-gentle-mates-vct-2026-emea-stage-1-lr1,invalid_match_href
https://www.vlr.gg/event/matches/2863/,/660389/fnatic-vs-team-heretics-vct-2026-emea-stage-1-lr2,invalid_match_href
https://www.vlr.gg/event/matches/2863/,/660390/eternal-fire-vs-gentle-mates-vct-2026-emea-stage-1-lr2,invalid_match_href
https://www.vlr.gg/event/matches/2863/,/660385/fut-esports-vs-team-vitality-vct-2026-emea-stage-1-ubf,invalid_match_href
https://www.vlr.gg/event/matches/2863/,/660391/team-heretics-vs-eternal-fire-vct-2026-emea-stage-1-lr3,invalid_match_href
https://www.vlr.gg/event/matches/2863/,/660392/fut-esports-vs-team-heretics-vct-2026-emea-stage-1-lbf,invalid_match_href
https://www.vlr.gg/event/matches/2863/,/660386/team-vitality-vs-team-heretics-vct-2026-emea-stage-1-gf,invalid_match_href
https://www.vlr.gg/event/matches/2760/,/625788/gentle-mates-vs-edward-gaming-valorant-masters-santiago-2026-r1,invalid_match_href
https://www.vlr.gg/event/matches/2760/,/625791/xi-lai-gaming-vs-nrg-valorant-masters-santiago-2026-r1,invalid_match_href
https://www.vlr.gg/event/matches/2760/,/625790/g2-esports-vs-paper-rex-valorant-masters-santiago-2026-r1,invalid_match_href
https://www.vlr.gg/event/matches/2760/,/625789/t1-vs-team-liquid-valorant-masters-santiago-2026-r1,invalid_match_href
https://www.vlr.gg/event/matches/2760/,/626529/paper-rex-vs-nrg-valorant-masters-santiago-2026-r2-1-0,invalid_match_href
https://www.vlr.gg/event/matches/2760/,/626530/gentle-mates-vs-team-liquid-valorant-masters-santiago-2026-r2-1-0,invalid_match_href
https://www.vlr.gg/event/matches/2760/,/626532/edward-gaming-vs-t1-valorant-masters-santiago-2026-r2-0-1,invalid_match_href
https://www.vlr.gg/event/matches/2760/,/626533/xi-lai-gaming-vs-g2-esports-valorant-masters-santiago-2026-r2-0-1,invalid_match_href
https://www.vlr.gg/event/matches/2760/,/626535/nrg-vs-team-liquid-valorant-masters-santiago-2026-r3,invalid_match_href
https://www.vlr.gg/event/matches/2760/,/626534/g2-esports-vs-t1-valorant-masters-santiago-2026-r3,invalid_match_href
https://www.vlr.gg/event/matches/2760/,/626539/furia-vs-paper-rex-valorant-masters-santiago-2026-ubqf,invalid_match_href
https://www.vlr.gg/event/matches/2760/,/626537/nongshim-redforce-vs-gentle-mates-valorant-masters-santiago-2026-ubqf,invalid_match_href
https://www.vlr.gg/event/matches/2760/,/626540/bbl-esports-vs-nrg-valorant-masters-santiago-2026-ubqf,invalid_match_href
https://www.vlr.gg/event/matches/2760/,/626538/all-gamers-vs-g2-esports-valorant-masters-santiago-2026-ubqf,invalid_match_href
https://www.vlr.gg/event/matches/2760/,/626546/furia-vs-bbl-esports-valorant-masters-santiago-2026-lr1,invalid_match_href
https://www.vlr.gg/event/matches/2760/,/626545/gentle-mates-vs-all-gamers-valorant-masters-santiago-2026-lr1,invalid_match_href
https://www.vlr.gg/event/matches/2760/,/626541/nongshim-redforce-vs-g2-esports-valorant-masters-santiago-2026-ubsf,invalid_match_href
https://www.vlr.gg/event/matches/2760/,/626542/paper-rex-vs-nrg-valorant-masters-santiago-2026-ubsf,invalid_match_href
https://www.vlr.gg/event/matches/2760/,/626548/g2-esports-vs-bbl-esports-valorant-masters-santiago-2026-lr2,invalid_match_href
https://www.vlr.gg/event/matches/2760/,/626547/paper-rex-vs-all-gamers-valorant-masters-santiago-2026-lr2,invalid_match_href
https://www.vlr.gg/event/matches/2760/,/626543/nongshim-redforce-vs-nrg-valorant-masters-santiago-2026-ubf,invalid_match_href
https://www.vlr.gg/event/matches/2760/,/626549/paper-rex-vs-g2-esports-valorant-masters-santiago-2026-lr3,invalid_match_href
https://www.vlr.gg/event/matches/2760/,/626550/nrg-vs-paper-rex-valorant-masters-santiago-2026-lbf,invalid_match_href
https://www.vlr.gg/event/matches/2760/,/626544/nongshim-redforce-vs-paper-rex-valorant-masters-santiago-2026-gf,invalid_match_href
https://www.vlr.gg/event/matches/2684/,/594740/natus-vincere-vs-karmine-corp-vct-2026-emea-kickoff-ur1,invalid_match_href
https://www.vlr.gg/event/matches/2684/,/594741/fut-esports-vs-gentle-mates-vct-2026-emea-kickoff-ur1,invalid_match_href
https://www.vlr.gg/event/matches/2684/,/594742/pcific-esports-vs-bbl-esports-vct-2026-emea-kickoff-ur1,invalid_match_href
https://www.vlr.gg/event/matches/2684/,/594743/ulf-esports-vs-team-vitality-vct-2026-emea-kickoff-ur1,invalid_match_href
https://www.vlr.gg/event/matches/2684/,/594744/team-heretics-vs-natus-vincere-vct-2026-emea-kickoff-ur2,invalid_match_href
https://www.vlr.gg/event/matches/2684/,/594745/giantx-vs-gentle-mates-vct-2026-emea-kickoff-ur2,invalid_match_href
https://www.vlr.gg/event/matches/2684/,/594746/fnatic-vs-bbl-esports-vct-2026-emea-kickoff-ur2,invalid_match_href
https://www.vlr.gg/event/matches/2684/,/594747/team-liquid-vs-team-vitality-vct-2026-emea-kickoff-ur2,invalid_match_href
https://www.vlr.gg/event/matches/2684/,/594751/karmine-corp-vs-team-liquid-vct-2026-emea-kickoff-mr1,invalid_match_href
https://www.vlr.gg/event/matches/2684/,/594752/fut-esports-vs-fnatic-vct-2026-emea-kickoff-mr1,invalid_match_href
https://www.vlr.gg/event/matches/2684/,/594753/pcific-esports-vs-giantx-vct-2026-emea-kickoff-mr1,invalid_match_href
https://www.vlr.gg/event/matches/2684/,/594754/ulf-esports-vs-team-heretics-vct-2026-emea-kickoff-mr1,invalid_match_href
https://www.vlr.gg/event/matches/2684/,/594748/natus-vincere-vs-gentle-mates-vct-2026-emea-kickoff-ur3,invalid_match_href
https://www.vlr.gg/event/matches/2684/,/594749/bbl-esports-vs-team-vitality-vct-2026-emea-kickoff-ur3,invalid_match_href
https://www.vlr.gg/event/matches/2684/,/594755/team-liquid-vs-fnatic-vct-2026-emea-kickoff-mr2,invalid_match_href
https://www.vlr.gg/event/matches/2684/,/594756/giantx-vs-team-heretics-vct-2026-emea-kickoff-mr2,invalid_match_href
https://www.vlr.gg/event/matches/2684/,/594761/karmine-corp-vs-fut-esports-vct-2026-emea-kickoff-lr1,invalid_match_href
https://www.vlr.gg/event/matches/2684/,/594762/pcific-esports-vs-ulf-esports-vct-2026-emea-kickoff-lr1,invalid_match_href
https://www.vlr.gg/event/matches/2684/,/594757/natus-vincere-vs-fnatic-vct-2026-emea-kickoff-mr3,invalid_match_href
https://www.vlr.gg/event/matches/2684/,/594758/team-vitality-vs-giantx-vct-2026-emea-kickoff-mr3,invalid_match_href
https://www.vlr.gg/event/matches/2684/,/594763/team-heretics-vs-karmine-corp-vct-2026-emea-kickoff-lr2,invalid_match_href
https://www.vlr.gg/event/matches/2684/,/594764/team-liquid-vs-ulf-esports-vct-2026-emea-kickoff-lr2,invalid_match_href
https://www.vlr.gg/event/matches/2684/,/594765/natus-vincere-vs-team-heretics-vct-2026-emea-kickoff-lr3,invalid_match_href
https://www.vlr.gg/event/matches/2684/,/594766/giantx-vs-team-liquid-vct-2026-emea-kickoff-lr3,invalid_match_href
https://www.vlr.gg/event/matches/2684/,/594767/team-heretics-vs-team-liquid-vct-2026-emea-kickoff-lr4,invalid_match_href
https://www.vlr.gg/event/matches/2684/,/594759/fnatic-vs-team-vitality-vct-2026-emea-kickoff-mr4,invalid_match_href
https://www.vlr.gg/event/matches/2684/,/594750/gentle-mates-vs-bbl-esports-vct-2026-emea-kickoff-ubf,invalid_match_href
https://www.vlr.gg/event/matches/2684/,/594768/team-vitality-vs-team-liquid-vct-2026-emea-kickoff-lr5,invalid_match_href
https://www.vlr.gg/event/matches/2684/,/594760/gentle-mates-vs-fnatic-vct-2026-emea-kickoff-mbf,invalid_match_href
https://www.vlr.gg/event/matches/2684/,/594769/fnatic-vs-team-liquid-vct-2026-emea-kickoff-lbf,invalid_match_href
https://www.vlr.gg/event/matches/2283/,/542195/paper-rex-vs-xi-lai-gaming-valorant-champions-2025-opening-a,invalid_match_href
https://www.vlr.gg/event/matches/2283/,/542196/giantx-vs-sentinels-valorant-champions-2025-opening-a,invalid_match_href
https://www.vlr.gg/event/matches/2283/,/542207/nrg-vs-edward-gaming-valorant-champions-2025-opening-c,invalid_match_href
https://www.vlr.gg/event/matches/2283/,/542205/team-liquid-vs-drx-valorant-champions-2025-opening-c,invalid_match_href
https://www.vlr.gg/event/matches/2283/,/542212/dragon-ranger-gaming-vs-t1-valorant-champions-2025-opening-d,invalid_match_href
https://www.vlr.gg/event/matches/2283/,/542211/g2-esports-vs-team-heretics-valorant-champions-2025-opening-d,invalid_match_href
https://www.vlr.gg/event/matches/2283/,/542200/bilibili-gaming-vs-mibr-valorant-champions-2025-opening-b,invalid_match_href
https://www.vlr.gg/event/matches/2283/,/542201/rex-regum-qeon-vs-fnatic-valorant-champions-2025-opening-b,invalid_match_href
https://www.vlr.gg/event/matches/2283/,/542197/paper-rex-vs-giantx-valorant-champions-2025-winners-a,invalid_match_href
https://www.vlr.gg/event/matches/2283/,/542208/drx-vs-nrg-valorant-champions-2025-winners-c,invalid_match_href
https://www.vlr.gg/event/matches/2283/,/542213/team-heretics-vs-t1-valorant-champions-2025-winners-d,invalid_match_href
https://www.vlr.gg/event/matches/2283/,/542202/mibr-vs-fnatic-valorant-champions-2025-winners-b,invalid_match_href
https://www.vlr.gg/event/matches/2283/,/542209/team-liquid-vs-edward-gaming-valorant-champions-2025-elim-c,invalid_match_href
https://www.vlr.gg/event/matches/2283/,/542198/xi-lai-gaming-vs-sentinels-valorant-champions-2025-elim-a,invalid_match_href
https://www.vlr.gg/event/matches/2283/,/542203/bilibili-gaming-vs-rex-regum-qeon-valorant-champions-2025-elim-b,invalid_match_href
https://www.vlr.gg/event/matches/2283/,/542214/g2-esports-vs-dragon-ranger-gaming-valorant-champions-2025-elim-d,invalid_match_href
https://www.vlr.gg/event/matches/2283/,/542210/drx-vs-team-liquid-valorant-champions-2025-decider-c,invalid_match_href
https://www.vlr.gg/event/matches/2283/,/542199/giantx-vs-xi-lai-gaming-valorant-champions-2025-decider-a,invalid_match_href
https://www.vlr.gg/event/matches/2283/,/542215/t1-vs-g2-esports-valorant-champions-2025-decider-d,invalid_match_href
https://www.vlr.gg/event/matches/2283/,/542204/mibr-vs-rex-regum-qeon-valorant-champions-2025-decider-b,invalid_match_href
https://www.vlr.gg/event/matches/2283/,/542265/paper-rex-vs-g2-esports-valorant-champions-2025-ubqf,invalid_match_href
https://www.vlr.gg/event/matches/2283/,/542264/fnatic-vs-drx-valorant-champions-2025-ubqf,invalid_match_href
https://www.vlr.gg/event/matches/2283/,/542266/team-heretics-vs-mibr-valorant-champions-2025-ubqf,invalid_match_href
https://www.vlr.gg/event/matches/2283/,/542267/nrg-vs-giantx-valorant-champions-2025-ubqf,invalid_match_href
https://www.vlr.gg/event/matches/2283/,/542273/drx-vs-g2-esports-valorant-champions-2025-lr1,invalid_match_href
https://www.vlr.gg/event/matches/2283/,/542274/team-heretics-vs-giantx-valorant-champions-2025-lr1,invalid_match_href
https://www.vlr.gg/event/matches/2283/,/542268/fnatic-vs-paper-rex-valorant-champions-2025-ubsf,invalid_match_href
https://www.vlr.gg/event/matches/2283/,/542269/mibr-vs-nrg-valorant-champions-2025-ubsf,invalid_match_href
https://www.vlr.gg/event/matches/2283/,/542277/paper-rex-vs-team-heretics-valorant-champions-2025-lr2,invalid_match_href
https://www.vlr.gg/event/matches/2283/,/542276/mibr-vs-drx-valorant-champions-2025-lr2,invalid_match_href
https://www.vlr.gg/event/matches/2283/,/542270/fnatic-vs-nrg-valorant-champions-2025-ubf,invalid_match_href
https://www.vlr.gg/event/matches/2283/,/542278/drx-vs-paper-rex-valorant-champions-2025-lr3,invalid_match_href
https://www.vlr.gg/event/matches/2283/,/542279/fnatic-vs-drx-valorant-champions-2025-lbf,invalid_match_href
https://www.vlr.gg/event/matches/2283/,/542272/nrg-vs-fnatic-valorant-champions-2025-gf,invalid_match_href
https://www.vlr.gg/event/matches/2498/,/511543/natus-vincere-vs-apeks-vct-2025-emea-stage-2-w1,invalid_match_href
https://www.vlr.gg/event/matches/2498/,/511544/team-vitality-vs-giantx-vct-2025-emea-stage-2-w1,invalid_match_href
https://www.vlr.gg/event/matches/2498/,/511545/fut-esports-vs-gentle-mates-vct-2025-emea-stage-2-w1,invalid_match_href
https://www.vlr.gg/event/matches/2498/,/511546/team-liquid-vs-koi-vct-2025-emea-stage-2-w1,invalid_match_href
https://www.vlr.gg/event/matches/2498/,/511547/team-heretics-vs-bbl-esports-vct-2025-emea-stage-2-w1,invalid_match_href
https://www.vlr.gg/event/matches/2498/,/511548/fnatic-vs-karmine-corp-vct-2025-emea-stage-2-w1,invalid_match_href
https://www.vlr.gg/event/matches/2498/,/511549/apeks-vs-karmine-corp-vct-2025-emea-stage-2-w2,invalid_match_href
https://www.vlr.gg/event/matches/2498/,/511550/giantx-vs-bbl-esports-vct-2025-emea-stage-2-w2,invalid_match_href
https://www.vlr.gg/event/matches/2498/,/511551/team-liquid-vs-natus-vincere-vct-2025-emea-stage-2-w2,invalid_match_href
https://www.vlr.gg/event/matches/2498/,/511552/gentle-mates-vs-team-heretics-vct-2025-emea-stage-2-w2,invalid_match_href
https://www.vlr.gg/event/matches/2498/,/511553/fut-esports-vs-team-vitality-vct-2025-emea-stage-2-w2,invalid_match_href
https://www.vlr.gg/event/matches/2498/,/511554/koi-vs-fnatic-vct-2025-emea-stage-2-w2,invalid_match_href
https://www.vlr.gg/event/matches/2498/,/511562/fut-esports-vs-giantx-vct-2025-emea-stage-2-w3,invalid_match_href
https://www.vlr.gg/event/matches/2498/,/511563/gentle-mates-vs-bbl-esports-vct-2025-emea-stage-2-w3,invalid_match_href
https://www.vlr.gg/event/matches/2498/,/511564/team-liquid-vs-apeks-vct-2025-emea-stage-2-w3,invalid_match_href
https://www.vlr.gg/event/matches/2498/,/511565/koi-vs-karmine-corp-vct-2025-emea-stage-2-w3,invalid_match_href
https://www.vlr.gg/event/matches/2498/,/511566/natus-vincere-vs-fnatic-vct-2025-emea-stage-2-w3,invalid_match_href
https://www.vlr.gg/event/matches/2498/,/511567/team-vitality-vs-team-heretics-vct-2025-emea-stage-2-w3,invalid_match_href
https://www.vlr.gg/event/matches/2498/,/511568/fut-esports-vs-team-heretics-vct-2025-emea-stage-2-w4,invalid_match_href
https://www.vlr.gg/event/matches/2498/,/511569/koi-vs-apeks-vct-2025-emea-stage-2-w4,invalid_match_href
https://www.vlr.gg/event/matches/2498/,/511570/gentle-mates-vs-giantx-vct-2025-emea-stage-2-w4,invalid_match_href
https://www.vlr.gg/event/matches/2498/,/511571/natus-vincere-vs-karmine-corp-vct-2025-emea-stage-2-w4,invalid_match_href
https://www.vlr.gg/event/matches/2498/,/511572/team-vitality-vs-bbl-esports-vct-2025-emea-stage-2-w4,invalid_match_href
https://www.vlr.gg/event/matches/2498/,/511573/team-liquid-vs-fnatic-vct-2025-emea-stage-2-w4,invalid_match_href
https://www.vlr.gg/event/matches/2498/,/511575/koi-vs-natus-vincere-vct-2025-emea-stage-2-w5,invalid_match_href
https://www.vlr.gg/event/matches/2498/,/511576/apeks-vs-fnatic-vct-2025-emea-stage-2-w5,invalid_match_href
https://www.vlr.gg/event/matches/2498/,/511577/giantx-vs-team-heretics-vct-2025-emea-stage-2-w5,invalid_match_href
https://www.vlr.gg/event/matches/2498/,/511579/gentle-mates-vs-team-vitality-vct-2025-emea-stage-2-w5,invalid_match_href
https://www.vlr.gg/event/matches/2498/,/511580/fut-esports-vs-bbl-esports-vct-2025-emea-stage-2-w5,invalid_match_href
https://www.vlr.gg/event/matches/2498/,/511581/team-liquid-vs-karmine-corp-vct-2025-emea-stage-2-w5,invalid_match_href
https://www.vlr.gg/event/matches/2498/,/530924/fnatic-vs-bbl-esports-vct-2025-emea-stage-2-ur1,invalid_match_href
https://www.vlr.gg/event/matches/2498/,/530925/giantx-vs-natus-vincere-vct-2025-emea-stage-2-ur1,invalid_match_href
https://www.vlr.gg/event/matches/2498/,/530928/team-heretics-vs-bbl-esports-vct-2025-emea-stage-2-ubsf,invalid_match_href
https://www.vlr.gg/event/matches/2498/,/530929/team-liquid-vs-giantx-vct-2025-emea-stage-2-ubsf,invalid_match_href
https://www.vlr.gg/event/matches/2498/,/530926/fnatic-vs-karmine-corp-vct-2025-emea-stage-2-lr1,invalid_match_href
https://www.vlr.gg/event/matches/2498/,/530927/natus-vincere-vs-team-vitality-vct-2025-emea-stage-2-lr1,invalid_match_href
https://www.vlr.gg/event/matches/2498/,/530930/giantx-vs-fnatic-vct-2025-emea-stage-2-lr2,invalid_match_href
https://www.vlr.gg/event/matches/2498/,/530931/team-heretics-vs-natus-vincere-vct-2025-emea-stage-2-lr2,invalid_match_href
https://www.vlr.gg/event/matches/2498/,/530932/bbl-esports-vs-team-liquid-vct-2025-emea-stage-2-ubf,invalid_match_href
https://www.vlr.gg/event/matches/2498/,/530933/giantx-vs-natus-vincere-vct-2025-emea-stage-2-lr3,invalid_match_href
https://www.vlr.gg/event/matches/2498/,/530934/bbl-esports-vs-giantx-vct-2025-emea-stage-2-lbf,invalid_match_href
https://www.vlr.gg/event/matches/2498/,/538583/team-france-vs-team-emea-vct-2025-emea-stage-2-main-event,invalid_match_href
https://www.vlr.gg/event/matches/2498/,/530935/team-liquid-vs-giantx-vct-2025-emea-stage-2-gf,invalid_match_href
https://www.vlr.gg/event/matches/2282/,/490309/team-heretics-vs-paper-rex-champions-tour-2025-masters-toronto-r1,invalid_match_href
https://www.vlr.gg/event/matches/2282/,/490307/bilibili-gaming-vs-team-liquid-champions-tour-2025-masters-toronto-r1,invalid_match_href
https://www.vlr.gg/event/matches/2282/,/490308/sentinels-vs-wolves-esports-champions-tour-2025-masters-toronto-r1,invalid_match_href
https://www.vlr.gg/event/matches/2282/,/490306/gen-g-vs-mibr-champions-tour-2025-masters-toronto-r1,invalid_match_href
https://www.vlr.gg/event/matches/2282/,/490311/bilibili-gaming-vs-sentinels-champions-tour-2025-masters-toronto-r2-1-0,invalid_match_href
https://www.vlr.gg/event/matches/2282/,/490310/paper-rex-vs-gen-g-champions-tour-2025-masters-toronto-r2-1-0,invalid_match_href
https://www.vlr.gg/event/matches/2282/,/490312/team-heretics-vs-wolves-esports-valorant-masters-2025-toronto-r2-0-1,invalid_match_href
https://www.vlr.gg/event/matches/2282/,/490313/team-liquid-vs-mibr-valorant-masters-2025-toronto-r2-0-1,invalid_match_href
https://www.vlr.gg/event/matches/2282/,/490315/bilibili-gaming-vs-wolves-esports-valorant-masters-2025-toronto-r3-1-1,invalid_match_href
https://www.vlr.gg/event/matches/2282/,/490314/paper-rex-vs-team-liquid-valorant-masters-toronto-2025-r3-1-1,invalid_match_href
https://www.vlr.gg/event/matches/2282/,/498622/g2-esports-vs-paper-rex-valorant-masters-toronto-2025-ubqf,invalid_match_href
https://www.vlr.gg/event/matches/2282/,/498621/xi-lai-gaming-vs-sentinels-valorant-masters-toronto-2025-ubqf,invalid_match_href
https://www.vlr.gg/event/matches/2282/,/498623/rex-regum-qeon-vs-wolves-esports-valorant-masters-toronto-2025-ubqf,invalid_match_href
https://www.vlr.gg/event/matches/2282/,/498624/fnatic-vs-gen-g-valorant-masters-toronto-2025-ubqf,invalid_match_href
https://www.vlr.gg/event/matches/2282/,/498629/xi-lai-gaming-vs-g2-esports-valorant-masters-toronto-2025-lr1,invalid_match_href
https://www.vlr.gg/event/matches/2282/,/498630/rex-regum-qeon-vs-fnatic-valorant-masters-toronto-2025-lr1,invalid_match_href
https://www.vlr.gg/event/matches/2282/,/498626/wolves-esports-vs-gen-g-valorant-masters-toronto-2025-ubsf,invalid_match_href
https://www.vlr.gg/event/matches/2282/,/498625/sentinels-vs-paper-rex-valorant-masters-toronto-2025-ubsf,invalid_match_href
https://www.vlr.gg/event/matches/2282/,/498631/gen-g-vs-g2-esports-valorant-masters-toronto-2025-lr2,invalid_match_href
https://www.vlr.gg/event/matches/2282/,/498632/sentinels-vs-fnatic-valorant-masters-toronto-2025-lr2,invalid_match_href
https://www.vlr.gg/event/matches/2282/,/498627/paper-rex-vs-wolves-esports-valorant-masters-toronto-2025-ubf,invalid_match_href
https://www.vlr.gg/event/matches/2282/,/498633/g2-esports-vs-fnatic-valorant-masters-toronto-2025-lr3,invalid_match_href
https://www.vlr.gg/event/matches/2282/,/498634/wolves-esports-vs-fnatic-valorant-masters-toronto-2025-lbf,invalid_match_href
https://www.vlr.gg/event/matches/2282/,/507067/team-tarik-vs-team-toast-valorant-masters-toronto-2025-showmatch,invalid_match_href
https://www.vlr.gg/event/matches/2282/,/498628/paper-rex-vs-fnatic-valorant-masters-toronto-2025-gf,invalid_match_href
https://www.vlr.gg/event/matches/2380/,/459826/team-vitality-vs-giantx-champions-tour-2025-emea-stage-1-w1,invalid_match_href
https://www.vlr.gg/event/matches/2380/,/459827/bbl-esports-vs-karmine-corp-champions-tour-2025-emea-stage-1-w1,invalid_match_href
https://www.vlr.gg/event/matches/2380/,/459828/team-heretics-vs-apeks-champions-tour-2025-emea-stage-1-w1,invalid_match_href
https://www.vlr.gg/event/matches/2380/,/459829/fut-esports-vs-koi-champions-tour-2025-emea-stage-1-w1,invalid_match_href
https://www.vlr.gg/event/matches/2380/,/459830/fnatic-vs-natus-vincere-champions-tour-2025-emea-stage-1-w1,invalid_match_href
https://www.vlr.gg/event/matches/2380/,/459831/team-liquid-vs-gentle-mates-champions-tour-2025-emea-stage-1-w1,invalid_match_href
https://www.vlr.gg/event/matches/2380/,/459832/team-liquid-vs-bbl-esports-champions-tour-2025-emea-stage-1-w2,invalid_match_href
https://www.vlr.gg/event/matches/2380/,/459833/apeks-vs-natus-vincere-champions-tour-2025-emea-stage-1-w2,invalid_match_href
https://www.vlr.gg/event/matches/2380/,/459834/fut-esports-vs-gentle-mates-champions-tour-2025-emea-stage-1-w2,invalid_match_href
https://www.vlr.gg/event/matches/2380/,/459835/team-heretics-vs-giantx-champions-tour-2025-emea-stage-1-w2,invalid_match_href
https://www.vlr.gg/event/matches/2380/,/459836/team-vitality-vs-fnatic-champions-tour-2025-emea-stage-1-w2,invalid_match_href
https://www.vlr.gg/event/matches/2380/,/459837/koi-vs-karmine-corp-champions-tour-2025-emea-stage-1-w2,invalid_match_href
https://www.vlr.gg/event/matches/2380/,/459839/koi-vs-bbl-esports-champions-tour-2025-emea-stage-1-w3,invalid_match_href
https://www.vlr.gg/event/matches/2380/,/459840/natus-vincere-vs-giantx-champions-tour-2025-emea-stage-1-w3,invalid_match_href
https://www.vlr.gg/event/matches/2380/,/459841/team-liquid-vs-fut-esports-champions-tour-2025-emea-stage-1-w3,invalid_match_href
https://www.vlr.gg/event/matches/2380/,/459842/team-vitality-vs-team-heretics-champions-tour-2025-emea-stage-1-w3,invalid_match_href
https://www.vlr.gg/event/matches/2380/,/459843/apeks-vs-fnatic-champions-tour-2025-emea-stage-1-w3,invalid_match_href
https://www.vlr.gg/event/matches/2380/,/459844/karmine-corp-vs-gentle-mates-champions-tour-2025-emea-stage-1-w3,invalid_match_href
https://www.vlr.gg/event/matches/2380/,/459845/team-vitality-vs-apeks-champions-tour-2025-emea-stage-1-w4,invalid_match_href
https://www.vlr.gg/event/matches/2380/,/459846/team-liquid-vs-koi-champions-tour-2025-emea-stage-1-w4,invalid_match_href
https://www.vlr.gg/event/matches/2380/,/459847/gentle-mates-vs-bbl-esports-champions-tour-2025-emea-stage-1-w4,invalid_match_href
https://www.vlr.gg/event/matches/2380/,/459848/giantx-vs-fnatic-champions-tour-2025-emea-stage-1-w4,invalid_match_href
https://www.vlr.gg/event/matches/2380/,/459849/karmine-corp-vs-fut-esports-champions-tour-2025-emea-stage-1-w4,invalid_match_href
https://www.vlr.gg/event/matches/2380/,/459850/natus-vincere-vs-team-heretics-champions-tour-2025-emea-stage-1-w4,invalid_match_href
https://www.vlr.gg/event/matches/2380/,/459852/bbl-esports-vs-fut-esports-champions-tour-2025-emea-stage-1-w5,invalid_match_href
https://www.vlr.gg/event/matches/2380/,/459853/giantx-vs-apeks-champions-tour-2025-emea-stage-1-w5,invalid_match_href
https://www.vlr.gg/event/matches/2380/,/459854/gentle-mates-vs-koi-champions-tour-2025-emea-stage-1-w5,invalid_match_href
https://www.vlr.gg/event/matches/2380/,/459855/team-vitality-vs-natus-vincere-champions-tour-2025-emea-stage-1-w5,invalid_match_href
https://www.vlr.gg/event/matches/2380/,/459856/team-liquid-vs-karmine-corp-champions-tour-2025-emea-stage-1-w5,invalid_match_href
https://www.vlr.gg/event/matches/2380/,/459857/fnatic-vs-team-heretics-champions-tour-2025-emea-stage-1-w5,invalid_match_href
https://www.vlr.gg/event/matches/2380/,/482503/bbl-esports-vs-natus-vincere-champions-tour-2025-emea-stage-1-playoffs-ubr1,invalid_match_href
https://www.vlr.gg/event/matches/2380/,/482504/fnatic-vs-fut-esports-champions-tour-2025-emea-stage-1-playoffs-ubr1,invalid_match_href
https://www.vlr.gg/event/matches/2380/,/482505/natus-vincere-vs-karmine-corp-champions-tour-2025-emea-stage-1-playoffs-lr1,invalid_match_href
https://www.vlr.gg/event/matches/2380/,/482506/fut-esports-vs-team-vitality-champions-tour-2025-emea-stage-1-playoffs-lr1,invalid_match_href
https://www.vlr.gg/event/matches/2380/,/482507/team-heretics-vs-bbl-esports-champions-tour-2025-emea-stage-1-playoffs-ubsf,invalid_match_href
https://www.vlr.gg/event/matches/2380/,/482508/team-liquid-vs-fnatic-champions-tour-2025-emea-stage-1-playoffs-ubsf,invalid_match_href
https://www.vlr.gg/event/matches/2380/,/482510/bbl-esports-vs-fut-esports-champions-tour-2025-emea-stage-1-playoffs-lr2,invalid_match_href
https://www.vlr.gg/event/matches/2380/,/482509/team-liquid-vs-natus-vincere-champions-tour-2025-emea-stage-1-playoffs-lr2,invalid_match_href
https://www.vlr.gg/event/matches/2380/,/482515/team-heretics-vs-fnatic-champions-tour-2025-emea-stage-1-playoffs-ubf,invalid_match_href
https://www.vlr.gg/event/matches/2380/,/482511/team-liquid-vs-bbl-esports-champions-tour-2025-emea-stage-1-playoffs-lr3,invalid_match_href
https://www.vlr.gg/event/matches/2380/,/482512/team-heretics-vs-team-liquid-champions-tour-2025-emea-stage-1-playoffs-lbf,invalid_match_href
https://www.vlr.gg/event/matches/2380/,/482513/fnatic-vs-team-heretics-champions-tour-2025-emea-stage-1-playoffs-gf,invalid_match_href
https://www.vlr.gg/event/matches/2281/,/448598/edward-gaming-vs-team-liquid-champions-tour-2025-masters-bangkok-r1,invalid_match_href
https://www.vlr.gg/event/matches/2281/,/448600/drx-vs-sentinels-champions-tour-2025-masters-bangkok-r1,invalid_match_href
https://www.vlr.gg/event/matches/2281/,/448599/team-vitality-vs-t1-champions-tour-2025-masters-bangkok-r1,invalid_match_href
https://www.vlr.gg/event/matches/2281/,/448597/g2-esports-vs-trace-esports-champions-tour-2025-masters-bangkok-r1,invalid_match_href
https://www.vlr.gg/event/matches/2281/,/449000/drx-vs-team-vitality-champions-tour-2025-masters-bangkok-r2-1-0,invalid_match_href
https://www.vlr.gg/event/matches/2281/,/449001/edward-gaming-vs-g2-esports-champions-tour-2025-masters-bangkok-r2-1-0,invalid_match_href
https://www.vlr.gg/event/matches/2281/,/449002/t1-vs-trace-esports-champions-tour-2025-masters-bangkok-r2-0-1,invalid_match_href
https://www.vlr.gg/event/matches/2281/,/449003/team-liquid-vs-sentinels-champions-tour-2025-masters-bangkok-r2-0-1,invalid_match_href
https://www.vlr.gg/event/matches/2281/,/449004/t1-vs-drx-champions-tour-2025-masters-bangkok-r3,invalid_match_href
https://www.vlr.gg/event/matches/2281/,/449005/g2-esports-vs-team-liquid-champions-tour-2025-masters-bangkok-r3,invalid_match_href
https://www.vlr.gg/event/matches/2281/,/449008/edward-gaming-vs-t1-champions-tour-2025-masters-bangkok-ubsf,invalid_match_href
https://www.vlr.gg/event/matches/2281/,/449009/team-vitality-vs-g2-esports-champions-tour-2025-masters-bangkok-ubsf,invalid_match_href
https://www.vlr.gg/event/matches/2281/,/449010/edward-gaming-vs-g2-esports-champions-tour-2025-masters-bangkok-ubf,invalid_match_href
https://www.vlr.gg/event/matches/2281/,/449012/t1-vs-team-vitality-champions-tour-2025-masters-bangkok-lr1,invalid_match_href
https://www.vlr.gg/event/matches/2281/,/449013/edward-gaming-vs-t1-champions-tour-2025-masters-bangkok-lbf,invalid_match_href
https://www.vlr.gg/event/matches/2281/,/450589/team-international-vs-team-thailand-champions-tour-2025-masters-bangkok-main-event,invalid_match_href
https://www.vlr.gg/event/matches/2281/,/449011/g2-esports-vs-t1-champions-tour-2025-masters-bangkok-gf,invalid_match_href
https://www.vlr.gg/event/matches/2276/,/429381/bbl-esports-vs-giantx-champions-tour-2025-emea-kickoff-ur1,invalid_match_href
https://www.vlr.gg/event/matches/2276/,/429380/karmine-corp-vs-natus-vincere-champions-tour-2025-emea-kickoff-ur1,invalid_match_href
https://www.vlr.gg/event/matches/2276/,/429379/team-liquid-vs-koi-champions-tour-2025-emea-kickoff-ur1,invalid_match_href
https://www.vlr.gg/event/matches/2276/,/429382/apeks-vs-gentle-mates-champions-tour-2025-emea-kickoff-ur1,invalid_match_href
https://www.vlr.gg/event/matches/2276/,/429385/fnatic-vs-bbl-esports-champions-tour-2025-emea-kickoff-ubqf,invalid_match_href
https://www.vlr.gg/event/matches/2276/,/429384/team-vitality-vs-karmine-corp-champions-tour-2025-emea-kickoff-ubqf,invalid_match_href
https://www.vlr.gg/event/matches/2276/,/429383/fut-esports-vs-team-liquid-champions-tour-2025-emea-kickoff-ubqf,invalid_match_href
https://www.vlr.gg/event/matches/2276/,/429386/team-heretics-vs-gentle-mates-champions-tour-2025-emea-kickoff-ubqf,invalid_match_href
https://www.vlr.gg/event/matches/2276/,/429393/karmine-corp-vs-giantx-champions-tour-2025-emea-kickoff-lr1,invalid_match_href
https://www.vlr.gg/event/matches/2276/,/429392/fnatic-vs-natus-vincere-champions-tour-2025-emea-kickoff-lr1,invalid_match_href
https://www.vlr.gg/event/matches/2276/,/429394/team-liquid-vs-apeks-champions-tour-2025-emea-kickoff-lr1,invalid_match_href
https://www.vlr.gg/event/matches/2276/,/429391/gentle-mates-vs-koi-champions-tour-2025-emea-kickoff-lr1,invalid_match_href
https://www.vlr.gg/event/matches/2276/,/429388/bbl-esports-vs-team-heretics-champions-tour-2025-emea-kickoff-ubsf,invalid_match_href
https://www.vlr.gg/event/matches/2276/,/429387/fut-esports-vs-team-vitality-champions-tour-2025-emea-kickoff-ubsf,invalid_match_href
https://www.vlr.gg/event/matches/2276/,/429395/gentle-mates-vs-fnatic-champions-tour-2025-emea-kickoff-lr2,invalid_match_href
https://www.vlr.gg/event/matches/2276/,/429396/giantx-vs-team-liquid-champions-tour-2025-emea-kickoff-lr2,invalid_match_href
https://www.vlr.gg/event/matches/2276/,/429397/fut-esports-vs-fnatic-champions-tour-2025-emea-kickoff-lr3,invalid_match_href
https://www.vlr.gg/event/matches/2276/,/429398/bbl-esports-vs-team-liquid-champions-tour-2025-emea-kickoff-lr3,invalid_match_href
https://www.vlr.gg/event/matches/2276/,/429389/team-vitality-vs-team-heretics-champions-tour-2025-emea-kickoff-ubf,invalid_match_href
https://www.vlr.gg/event/matches/2276/,/429400/fut-esports-vs-team-liquid-champions-tour-2025-emea-kickoff-lr4,invalid_match_href
https://www.vlr.gg/event/matches/2276/,/429401/team-heretics-vs-team-liquid-champions-tour-2025-emea-kickoff-lbf,invalid_match_href
https://www.vlr.gg/event/matches/2276/,/429390/team-vitality-vs-team-liquid-champions-tour-2025-emea-kickoff-gf,invalid_match_href
https://www.vlr.gg/event/matches/2094/,/353153/fut-esports-vs-koi-champions-tour-2024-emea-stage-2-w1,invalid_match_href
https://www.vlr.gg/event/matches/2094/,/353154/bbl-esports-vs-fnatic-champions-tour-2024-emea-stage-2-w1,invalid_match_href
https://www.vlr.gg/event/matches/2094/,/353155/team-heretics-vs-natus-vincere-champions-tour-2024-emea-stage-2-w1,invalid_match_href
https://www.vlr.gg/event/matches/2094/,/353157/giantx-vs-gentle-mates-champions-tour-2024-emea-stage-2-w1,invalid_match_href
https://www.vlr.gg/event/matches/2094/,/353156/team-vitality-vs-team-liquid-champions-tour-2024-emea-stage-2-w1,invalid_match_href
https://www.vlr.gg/event/matches/2094/,/353159/bbl-esports-vs-karmine-corp-champions-tour-2024-emea-stage-2-w1,invalid_match_href
https://www.vlr.gg/event/matches/2094/,/353158/natus-vincere-vs-fut-esports-champions-tour-2024-emea-stage-2-w1,invalid_match_href
https://www.vlr.gg/event/matches/2094/,/353202/koi-vs-giantx-champions-tour-2024-emea-stage-2-w2,invalid_match_href
https://www.vlr.gg/event/matches/2094/,/353161/team-heretics-vs-fut-esports-champions-tour-2024-emea-stage-2-w2,invalid_match_href
https://www.vlr.gg/event/matches/2094/,/353160/fnatic-vs-team-vitality-champions-tour-2024-emea-stage-2-w2,invalid_match_href
https://www.vlr.gg/event/matches/2094/,/353162/bbl-esports-vs-team-liquid-champions-tour-2024-emea-stage-2-w2,invalid_match_href
https://www.vlr.gg/event/matches/2094/,/353163/natus-vincere-vs-giantx-champions-tour-2024-emea-stage-2-w2,invalid_match_href
https://www.vlr.gg/event/matches/2094/,/353164/koi-vs-gentle-mates-champions-tour-2024-emea-stage-2-w2,invalid_match_href
https://www.vlr.gg/event/matches/2094/,/353165/fnatic-vs-karmine-corp-champions-tour-2024-emea-stage-2-w2,invalid_match_href
https://www.vlr.gg/event/matches/2094/,/353166/team-heretics-vs-giantx-champions-tour-2024-emea-stage-2-w3,invalid_match_href
https://www.vlr.gg/event/matches/2094/,/353167/fut-esports-vs-gentle-mates-champions-tour-2024-emea-stage-2-w3,invalid_match_href
https://www.vlr.gg/event/matches/2094/,/353168/koi-vs-natus-vincere-champions-tour-2024-emea-stage-2-w3,invalid_match_href
https://www.vlr.gg/event/matches/2094/,/353169/team-liquid-vs-karmine-corp-champions-tour-2024-emea-stage-2-w3,invalid_match_href
https://www.vlr.gg/event/matches/2094/,/353170/bbl-esports-vs-team-vitality-champions-tour-2024-emea-stage-2-w3,invalid_match_href
https://www.vlr.gg/event/matches/2094/,/353171/team-heretics-vs-gentle-mates-champions-tour-2024-emea-stage-2-w3,invalid_match_href
https://www.vlr.gg/event/matches/2094/,/353172/fut-esports-vs-giantx-champions-tour-2024-emea-stage-2-w4,invalid_match_href
https://www.vlr.gg/event/matches/2094/,/353173/team-heretics-vs-koi-champions-tour-2024-emea-stage-2-w4,invalid_match_href
https://www.vlr.gg/event/matches/2094/,/353174/fnatic-vs-team-liquid-champions-tour-2024-emea-stage-2-w4,invalid_match_href
https://www.vlr.gg/event/matches/2094/,/353175/natus-vincere-vs-gentle-mates-champions-tour-2024-emea-stage-2-w4,invalid_match_href
https://www.vlr.gg/event/matches/2094/,/353203/team-vitality-vs-karmine-corp-champions-tour-2024-emea-stage-2-w4,invalid_match_href
https://www.vlr.gg/event/matches/2094/,/371278/team-vitality-vs-natus-vincere-champions-tour-2024-emea-stage-2-ko,invalid_match_href
https://www.vlr.gg/event/matches/2094/,/371279/fnatic-vs-karmine-corp-champions-tour-2024-emea-stage-2-ko,invalid_match_href
https://www.vlr.gg/event/matches/2094/,/371280/team-heretics-vs-team-vitality-champions-tour-2024-emea-stage-2-ubsf,invalid_match_href
https://www.vlr.gg/event/matches/2094/,/371281/fut-esports-vs-fnatic-champions-tour-2024-emea-stage-2-ubsf,invalid_match_href
https://www.vlr.gg/event/matches/2094/,/371282/team-vitality-vs-fnatic-champions-tour-2024-emea-stage-2-ubf,invalid_match_href
https://www.vlr.gg/event/matches/2094/,/371284/team-heretics-vs-fut-esports-champions-tour-2024-emea-stage-2-lr1,invalid_match_href
https://www.vlr.gg/event/matches/2094/,/371285/team-vitality-vs-team-heretics-champions-tour-2024-emea-stage-2-lbf,invalid_match_href
https://www.vlr.gg/event/matches/2094/,/371283/fnatic-vs-team-vitality-champions-tour-2024-emea-stage-2-gf,invalid_match_href
https://www.vlr.gg/event/matches/1999/,/348063/g2-esports-vs-t1-champions-tour-2024-masters-shanghai-r1,invalid_match_href
https://www.vlr.gg/event/matches/1999/,/348061/funplus-phoenix-vs-fut-esports-champions-tour-2024-masters-shanghai-r1,invalid_match_href
https://www.vlr.gg/event/matches/1999/,/348064/gen-g-vs-leviat-n-champions-tour-2024-masters-shanghai-r1,invalid_match_href
https://www.vlr.gg/event/matches/1999/,/348059/team-heretics-vs-dragon-ranger-gaming-champions-tour-2024-masters-shanghai-r1,invalid_match_href
https://www.vlr.gg/event/matches/1999/,/348458/funplus-phoenix-vs-gen-g-champions-tour-2024-masters-shanghai-r2,invalid_match_href
https://www.vlr.gg/event/matches/1999/,/348457/g2-esports-vs-team-heretics-champions-tour-2024-masters-shanghai-r2,invalid_match_href
https://www.vlr.gg/event/matches/1999/,/348459/leviat-n-vs-t1-champions-tour-2024-masters-shanghai-r2,invalid_match_href
https://www.vlr.gg/event/matches/1999/,/348460/dragon-ranger-gaming-vs-fut-esports-champions-tour-2024-masters-shanghai-r2,invalid_match_href
https://www.vlr.gg/event/matches/1999/,/348462/funplus-phoenix-vs-team-heretics-champions-tour-2024-masters-shanghai-r3,invalid_match_href
https://www.vlr.gg/event/matches/1999/,/348461/fut-esports-vs-leviat-n-champions-tour-2024-masters-shanghai-r3,invalid_match_href
https://www.vlr.gg/event/matches/1999/,/348465/100-thieves-vs-fut-esports-champions-tour-2024-masters-shanghai-ubqf,invalid_match_href
https://www.vlr.gg/event/matches/1999/,/348466/fnatic-vs-gen-g-champions-tour-2024-masters-shanghai-ubqf,invalid_match_href
https://www.vlr.gg/event/matches/1999/,/348463/paper-rex-vs-g2-esports-champions-tour-2024-masters-shanghai-ubqf,invalid_match_href
https://www.vlr.gg/event/matches/1999/,/348464/edward-gaming-vs-team-heretics-champions-tour-2024-masters-shanghai-ubqf,invalid_match_href
https://www.vlr.gg/event/matches/1999/,/348468/fut-esports-vs-fnatic-champions-tour-2024-masters-shanghai-lr1,invalid_match_href
https://www.vlr.gg/event/matches/1999/,/348467/paper-rex-vs-edward-gaming-champions-tour-2024-masters-shanghai-lr1,invalid_match_href
https://www.vlr.gg/event/matches/1999/,/348470/100-thieves-vs-gen-g-champions-tour-2024-masters-shanghai-ubsf,invalid_match_href
https://www.vlr.gg/event/matches/1999/,/348469/g2-esports-vs-team-heretics-champions-tour-2024-masters-shanghai-ubsf,invalid_match_href
https://www.vlr.gg/event/matches/1999/,/348471/100-thieves-vs-paper-rex-champions-tour-2024-masters-shanghai-lr2,invalid_match_href
https://www.vlr.gg/event/matches/1999/,/348472/team-heretics-vs-fut-esports-champions-tour-2024-masters-shanghai-lr2,invalid_match_href
https://www.vlr.gg/event/matches/1999/,/348473/g2-esports-vs-gen-g-champions-tour-2024-masters-shanghai-ubf,invalid_match_href
https://www.vlr.gg/event/matches/1999/,/348474/100-thieves-vs-team-heretics-champions-tour-2024-masters-shanghai-lr3,invalid_match_href
https://www.vlr.gg/event/matches/1999/,/348475/g2-esports-vs-team-heretics-champions-tour-2024-masters-shanghai-lf,invalid_match_href
https://www.vlr.gg/event/matches/1999/,/359463/team-international-vs-team-china-champions-tour-2024-masters-shanghai-showmatch,invalid_match_href
https://www.vlr.gg/event/matches/1999/,/348476/gen-g-vs-team-heretics-champions-tour-2024-masters-shanghai-gf,invalid_match_href
https://www.vlr.gg/event/matches/1998/,/318911/karmine-corp-vs-giantx-champions-tour-2024-emea-stage-1-w1,invalid_match_href
https://www.vlr.gg/event/matches/1998/,/318913/koi-vs-team-liquid-champions-tour-2024-emea-stage-1-w1,invalid_match_href
https://www.vlr.gg/event/matches/1998/,/318914/team-vitality-vs-natus-vincere-champions-tour-2024-emea-stage-1-w1,invalid_match_href
https://www.vlr.gg/event/matches/1998/,/318915/fnatic-vs-team-heretics-champions-tour-2024-emea-stage-1-w1,invalid_match_href
https://www.vlr.gg/event/matches/1998/,/318916/team-liquid-vs-fut-esports-champions-tour-2024-emea-stage-1-w1,invalid_match_href
https://www.vlr.gg/event/matches/1998/,/318917/bbl-esports-vs-gentle-mates-champions-tour-2024-emea-stage-1-w1,invalid_match_href
https://www.vlr.gg/event/matches/1998/,/318918/karmine-corp-vs-fut-esports-champions-tour-2024-emea-stage-1-w2,invalid_match_href
https://www.vlr.gg/event/matches/1998/,/318919/team-vitality-vs-team-heretics-champions-tour-2024-emea-stage-1-w2,invalid_match_href
https://www.vlr.gg/event/matches/1998/,/318920/team-liquid-vs-natus-vincere-champions-tour-2024-emea-stage-1-w2,invalid_match_href
https://www.vlr.gg/event/matches/1998/,/318921/bbl-esports-vs-koi-champions-tour-2024-emea-stage-1-w2,invalid_match_href
https://www.vlr.gg/event/matches/1998/,/318922/fnatic-vs-giantx-champions-tour-2024-emea-stage-1-w2,invalid_match_href
https://www.vlr.gg/event/matches/1998/,/318923/karmine-corp-vs-gentle-mates-champions-tour-2024-emea-stage-1-w2,invalid_match_href
https://www.vlr.gg/event/matches/1998/,/318924/gentle-mates-vs-fnatic-champions-tour-2024-emea-stage-1-w3,invalid_match_href
https://www.vlr.gg/event/matches/1998/,/318925/karmine-corp-vs-natus-vincere-champions-tour-2024-emea-stage-1-w3,invalid_match_href
https://www.vlr.gg/event/matches/1998/,/318926/bbl-esports-vs-team-heretics-champions-tour-2024-emea-stage-1-w3,invalid_match_href
https://www.vlr.gg/event/matches/1998/,/318927/team-vitality-vs-fut-esports-champions-tour-2024-emea-stage-1-w3,invalid_match_href
https://www.vlr.gg/event/matches/1998/,/318928/team-liquid-vs-giantx-champions-tour-2024-emea-stage-1-w3,invalid_match_href
https://www.vlr.gg/event/matches/1998/,/318929/fnatic-vs-koi-champions-tour-2024-emea-stage-1-w3,invalid_match_href
https://www.vlr.gg/event/matches/1998/,/318930/team-liquid-vs-team-heretics-champions-tour-2024-emea-stage-1-w4,invalid_match_href
https://www.vlr.gg/event/matches/1998/,/318931/team-vitality-vs-gentle-mates-champions-tour-2024-emea-stage-1-w4,invalid_match_href
https://www.vlr.gg/event/matches/1998/,/318932/fnatic-vs-fut-esports-champions-tour-2024-emea-stage-1-w4,invalid_match_href
https://www.vlr.gg/event/matches/1998/,/318933/bbl-esports-vs-natus-vincere-champions-tour-2024-emea-stage-1-w4,invalid_match_href
https://www.vlr.gg/event/matches/1998/,/318934/team-vitality-vs-giantx-champions-tour-2024-emea-stage-1-w4,invalid_match_href
https://www.vlr.gg/event/matches/1998/,/318935/karmine-corp-vs-koi-champions-tour-2024-emea-stage-1-w4,invalid_match_href
https://www.vlr.gg/event/matches/1998/,/318936/bbl-esports-vs-giantx-champions-tour-2024-emea-stage-1-w5,invalid_match_href
https://www.vlr.gg/event/matches/1998/,/318937/karmine-corp-vs-team-heretics-champions-tour-2024-emea-stage-1-w5,invalid_match_href
https://www.vlr.gg/event/matches/1998/,/318938/team-vitality-vs-koi-champions-tour-2024-emea-stage-1-w5,invalid_match_href
https://www.vlr.gg/event/matches/1998/,/318939/natus-vincere-vs-fnatic-champions-tour-2024-emea-stage-1-w5,invalid_match_href
https://www.vlr.gg/event/matches/1998/,/318940/team-liquid-vs-gentle-mates-champions-tour-2024-emea-stage-1-w5,invalid_match_href
https://www.vlr.gg/event/matches/1998/,/318941/bbl-esports-vs-fut-esports-champions-tour-2024-emea-stage-1-w5,invalid_match_href
https://www.vlr.gg/event/matches/1998/,/341816/fnatic-vs-team-liquid-champions-tour-2024-emea-stage-1-knockout,invalid_match_href
https://www.vlr.gg/event/matches/1998/,/341817/natus-vincere-vs-team-heretics-champions-tour-2024-emea-stage-1-knockout,invalid_match_href
https://www.vlr.gg/event/matches/1998/,/341818/karmine-corp-vs-fnatic-champions-tour-2024-emea-stage-1-ubsf,invalid_match_href
https://www.vlr.gg/event/matches/1998/,/341819/fut-esports-vs-team-heretics-champions-tour-2024-emea-stage-1-ubsf,invalid_match_href
https://www.vlr.gg/event/matches/1998/,/341820/fnatic-vs-team-heretics-champions-tour-2024-emea-stage-1-ubf,invalid_match_href
https://www.vlr.gg/event/matches/1998/,/341822/karmine-corp-vs-fut-esports-champions-tour-2024-emea-stage-1-lr1,invalid_match_href
https://www.vlr.gg/event/matches/1998/,/341823/fnatic-vs-fut-esports-champions-tour-2024-emea-stage-1-lbf,invalid_match_href
https://www.vlr.gg/event/matches/1998/,/341821/team-heretics-vs-fnatic-champions-tour-2024-emea-stage-1-gf,invalid_match_href
https://www.vlr.gg/event/matches/1921/,/312765/karmine-corp-vs-funplus-phoenix-champions-tour-2024-masters-madrid-swiss-stage-r1,invalid_match_href
https://www.vlr.gg/event/matches/1921/,/312766/gen-g-vs-loud-champions-tour-2024-masters-madrid-swiss-stage-r1,invalid_match_href
https://www.vlr.gg/event/matches/1921/,/312767/edward-gaming-vs-paper-rex-champions-tour-2024-masters-madrid-swiss-stage-r1,invalid_match_href
https://www.vlr.gg/event/matches/1921/,/312768/sentinels-vs-team-heretics-champions-tour-2024-masters-madrid-swiss-stage-r1,invalid_match_href
https://www.vlr.gg/event/matches/1921/,/312798/sentinels-vs-karmine-corp-champions-tour-2024-masters-madrid-swiss-stage-r2,invalid_match_href
https://www.vlr.gg/event/matches/1921/,/312797/edward-gaming-vs-gen-g-champions-tour-2024-masters-madrid-swiss-stage-r2,invalid_match_href
https://www.vlr.gg/event/matches/1921/,/312800/funplus-phoenix-vs-loud-champions-tour-2024-masters-madrid-swiss-stage-r2,invalid_match_href
https://www.vlr.gg/event/matches/1921/,/312799/team-heretics-vs-paper-rex-champions-tour-2024-masters-madrid-swiss-stage-r2,invalid_match_href
https://www.vlr.gg/event/matches/1921/,/312803/loud-vs-edward-gaming-champions-tour-2024-masters-madrid-swiss-stage-r3,invalid_match_href
https://www.vlr.gg/event/matches/1921/,/312802/karmine-corp-vs-paper-rex-champions-tour-2024-masters-madrid-swiss-stage-r3,invalid_match_href
https://www.vlr.gg/event/matches/1921/,/312777/gen-g-vs-paper-rex-champions-tour-2024-masters-madrid-ubsf,invalid_match_href
https://www.vlr.gg/event/matches/1921/,/312776/sentinels-vs-loud-champions-tour-2024-masters-madrid-ubsf,invalid_match_href
https://www.vlr.gg/event/matches/1921/,/312778/gen-g-vs-sentinels-champions-tour-2024-masters-madrid-ubf,invalid_match_href
https://www.vlr.gg/event/matches/1921/,/312780/paper-rex-vs-loud-champions-tour-2024-masters-madrid-lr1,invalid_match_href
https://www.vlr.gg/event/matches/1921/,/312781/sentinels-vs-paper-rex-champions-tour-2024-masters-madrid-lbf,invalid_match_href
https://www.vlr.gg/event/matches/1921/,/321373/team-international-vs-team-spain-champions-tour-2024-masters-madrid-match,invalid_match_href
https://www.vlr.gg/event/matches/1921/,/312779/gen-g-vs-sentinels-champions-tour-2024-masters-madrid-gf,invalid_match_href
https://www.vlr.gg/event/matches/1925/,/297401/fut-esports-vs-team-heretics-champions-tour-2024-emea-kickoff-opening-a,invalid_match_href
https://www.vlr.gg/event/matches/1925/,/297402/giantx-vs-karmine-corp-champions-tour-2024-emea-kickoff-opening-a,invalid_match_href
https://www.vlr.gg/event/matches/1925/,/297406/natus-vincere-vs-bbl-esports-champions-tour-2024-emea-kickoff-opening-b,invalid_match_href
https://www.vlr.gg/event/matches/1925/,/297407/team-liquid-vs-koi-champions-tour-2024-emea-kickoff-opening-b,invalid_match_href
https://www.vlr.gg/event/matches/1925/,/297412/team-vitality-vs-gentle-mates-champions-tour-2024-emea-kickoff-opening-c,invalid_match_href
https://www.vlr.gg/event/matches/1925/,/297403/team-heretics-vs-karmine-corp-champions-tour-2024-emea-kickoff-winners-a,invalid_match_href
https://www.vlr.gg/event/matches/1925/,/297404/fut-esports-vs-giantx-champions-tour-2024-emea-kickoff-elim-a,invalid_match_href
https://www.vlr.gg/event/matches/1925/,/297408/natus-vincere-vs-team-liquid-champions-tour-2024-emea-kickoff-winners-b,invalid_match_href
https://www.vlr.gg/event/matches/1925/,/297409/bbl-esports-vs-koi-champions-tour-2024-emea-kickoff-elim-b,invalid_match_href
https://www.vlr.gg/event/matches/1925/,/297414/team-vitality-vs-fnatic-champions-tour-2024-emea-kickoff-winners-c,invalid_match_href
https://www.vlr.gg/event/matches/1925/,/297416/team-vitality-vs-gentle-mates-champions-tour-2024-emea-kickoff-decider-c,invalid_match_href
https://www.vlr.gg/event/matches/1925/,/297405/karmine-corp-vs-fut-esports-champions-tour-2024-emea-kickoff-decider-a,invalid_match_href
https://www.vlr.gg/event/matches/1925/,/297410/team-liquid-vs-koi-champions-tour-2024-emea-kickoff-decider-b,invalid_match_href
https://www.vlr.gg/event/matches/1925/,/307567/karmine-corp-vs-team-vitality-champions-tour-2024-emea-kickoff-play-in-stage-play-ins,invalid_match_href
https://www.vlr.gg/event/matches/1925/,/307565/koi-vs-team-vitality-champions-tour-2024-emea-kickoff-play-in-stage-play-ins,invalid_match_href
https://www.vlr.gg/event/matches/1925/,/307564/karmine-corp-vs-koi-champions-tour-2024-emea-kickoff-play-in-stage-play-ins,invalid_match_href
https://www.vlr.gg/event/matches/1925/,/303093/team-heretics-vs-natus-vincere-champions-tour-2024-emea-kickoff-playoffs-sf,invalid_match_href
https://www.vlr.gg/event/matches/1925/,/303094/fnatic-vs-karmine-corp-champions-tour-2024-emea-kickoff-playoffs-sf,invalid_match_href
https://www.vlr.gg/event/matches/1925/,/303095/team-heretics-vs-karmine-corp-champions-tour-2024-emea-kickoff-playoffs-gf,invalid_match_href
https://www.vlr.gg/event/matches/1659/,/235363/team-heretics-vs-koi-champions-tour-2023-emea-last-chance-qualifier-ko,invalid_match_href
https://www.vlr.gg/event/matches/1659/,/235364/bbl-esports-vs-karmine-corp-champions-tour-2023-emea-last-chance-qualifier-ko,invalid_match_href
https://www.vlr.gg/event/matches/1659/,/235365/natus-vincere-vs-koi-champions-tour-2023-emea-last-chance-qualifier-ubsf,invalid_match_href
https://www.vlr.gg/event/matches/1659/,/235366/giants-gaming-vs-karmine-corp-champions-tour-2023-emea-last-chance-qualifier-ubsf,invalid_match_href
https://www.vlr.gg/event/matches/1659/,/235367/koi-vs-giants-gaming-champions-tour-2023-emea-last-chance-qualifier-ubf,invalid_match_href
https://www.vlr.gg/event/matches/1659/,/235371/natus-vincere-vs-karmine-corp-champions-tour-2023-emea-last-chance-qualifier-lr1,invalid_match_href
https://www.vlr.gg/event/matches/1659/,/235372/koi-vs-natus-vincere-champions-tour-2023-emea-last-chance-qualifier-lbf,invalid_match_href
https://www.vlr.gg/event/matches/1659/,/235368/giants-gaming-vs-natus-vincere-champions-tour-2023-emea-last-chance-qualifier-gf,invalid_match_href
https://www.vlr.gg/event/matches/1190/,/173215/koi-vs-natus-vincere-champions-tour-2023-emea-league-w1,invalid_match_href
https://www.vlr.gg/event/matches/1190/,/173214/fnatic-vs-giants-gaming-champions-tour-2023-emea-league-w1,invalid_match_href
https://www.vlr.gg/event/matches/1190/,/173216/team-heretics-vs-fut-esports-champions-tour-2023-emea-league-w1,invalid_match_href
https://www.vlr.gg/event/matches/1190/,/173217/team-liquid-vs-team-vitality-champions-tour-2023-emea-league-w1,invalid_match_href
https://www.vlr.gg/event/matches/1190/,/173218/natus-vincere-vs-giants-gaming-champions-tour-2023-emea-league-w1,invalid_match_href
https://www.vlr.gg/event/matches/1190/,/173219/karmine-corp-vs-bbl-esports-champions-tour-2023-emea-league-w1,invalid_match_href
https://www.vlr.gg/event/matches/1190/,/173220/team-liquid-vs-fut-esports-champions-tour-2023-emea-league-w1,invalid_match_href
https://www.vlr.gg/event/matches/1190/,/173221/koi-vs-team-vitality-champions-tour-2023-emea-league-w1,invalid_match_href
https://www.vlr.gg/event/matches/1190/,/173222/fnatic-vs-bbl-esports-champions-tour-2023-emea-league-w1,invalid_match_href
https://www.vlr.gg/event/matches/1190/,/173223/team-heretics-vs-karmine-corp-champions-tour-2023-emea-league-w1,invalid_match_href
https://www.vlr.gg/event/matches/1190/,/183944/team-vitality-vs-fut-esports-champions-tour-2023-emea-league-w2,invalid_match_href
https://www.vlr.gg/event/matches/1190/,/183945/natus-vincere-vs-bbl-esports-champions-tour-2023-emea-league-w2,invalid_match_href
https://www.vlr.gg/event/matches/1190/,/183946/fnatic-vs-team-heretics-champions-tour-2023-emea-league-w2,invalid_match_href
https://www.vlr.gg/event/matches/1190/,/183947/team-liquid-vs-karmine-corp-champions-tour-2023-emea-league-w2,invalid_match_href
https://www.vlr.gg/event/matches/1190/,/183948/koi-vs-giants-gaming-champions-tour-2023-emea-league-w2,invalid_match_href
https://www.vlr.gg/event/matches/1190/,/183949/natus-vincere-vs-team-heretics-champions-tour-2023-emea-league-w3,invalid_match_href
https://www.vlr.gg/event/matches/1190/,/183950/koi-vs-fut-esports-champions-tour-2023-emea-league-w3,invalid_match_href
https://www.vlr.gg/event/matches/1190/,/183951/team-liquid-vs-fnatic-champions-tour-2023-emea-league-w3,invalid_match_href
https://www.vlr.gg/event/matches/1190/,/183952/giants-gaming-vs-bbl-esports-champions-tour-2023-emea-league-w3,invalid_match_href
https://www.vlr.gg/event/matches/1190/,/183953/team-vitality-vs-karmine-corp-champions-tour-2023-emea-league-w3,invalid_match_href
https://www.vlr.gg/event/matches/1190/,/184037/team-heretics-vs-team-liquid-champions-tour-2023-emea-league-w4,invalid_match_href
https://www.vlr.gg/event/matches/1190/,/184039/fut-esports-vs-giants-gaming-champions-tour-2023-emea-league-w4,invalid_match_href
https://www.vlr.gg/event/matches/1190/,/184040/karmine-corp-vs-natus-vincere-champions-tour-2023-emea-league-w4,invalid_match_href
https://www.vlr.gg/event/matches/1190/,/184041/bbl-esports-vs-team-vitality-champions-tour-2023-emea-league-w4,invalid_match_href
https://www.vlr.gg/event/matches/1190/,/184042/giants-gaming-vs-team-liquid-champions-tour-2023-emea-league-w5,invalid_match_href
https://www.vlr.gg/event/matches/1190/,/184043/bbl-esports-vs-team-heretics-champions-tour-2023-emea-league-w5,invalid_match_href
https://www.vlr.gg/event/matches/1190/,/184044/koi-vs-karmine-corp-champions-tour-2023-emea-league-w5,invalid_match_href
https://www.vlr.gg/event/matches/1190/,/184045/fut-esports-vs-fnatic-champions-tour-2023-emea-league-w5,invalid_match_href
https://www.vlr.gg/event/matches/1190/,/184046/team-vitality-vs-natus-vincere-champions-tour-2023-emea-league-w5,invalid_match_href
https://www.vlr.gg/event/matches/1190/,/184047/team-vitality-vs-fnatic-champions-tour-2023-emea-league-w6,invalid_match_href
https://www.vlr.gg/event/matches/1190/,/184048/fut-esports-vs-karmine-corp-champions-tour-2023-emea-league-w6,invalid_match_href
https://www.vlr.gg/event/matches/1190/,/184049/koi-vs-bbl-esports-champions-tour-2023-emea-league-w6,invalid_match_href
https://www.vlr.gg/event/matches/1190/,/184050/natus-vincere-vs-team-liquid-champions-tour-2023-emea-league-w6,invalid_match_href
https://www.vlr.gg/event/matches/1190/,/184051/giants-gaming-vs-team-heretics-champions-tour-2023-emea-league-w6,invalid_match_href
https://www.vlr.gg/event/matches/1190/,/184038/koi-vs-fnatic-champions-tour-2023-emea-league-w4,invalid_match_href
https://www.vlr.gg/event/matches/1190/,/184052/giants-gaming-vs-team-vitality-champions-tour-2023-emea-league-w7,invalid_match_href
https://www.vlr.gg/event/matches/1190/,/184053/fut-esports-vs-natus-vincere-champions-tour-2023-emea-league-w7,invalid_match_href
https://www.vlr.gg/event/matches/1190/,/184054/karmine-corp-vs-fnatic-champions-tour-2023-emea-league-w7,invalid_match_href
https://www.vlr.gg/event/matches/1190/,/184055/bbl-esports-vs-team-liquid-champions-tour-2023-emea-league-w7,invalid_match_href
https://www.vlr.gg/event/matches/1190/,/184056/koi-vs-team-heretics-champions-tour-2023-emea-league-w7,invalid_match_href
https://www.vlr.gg/event/matches/1190/,/184057/fnatic-vs-natus-vincere-champions-tour-2023-emea-league-w8,invalid_match_href
https://www.vlr.gg/event/matches/1190/,/184058/team-heretics-vs-team-vitality-champions-tour-2023-emea-league-w8,invalid_match_href
https://www.vlr.gg/event/matches/1190/,/184059/karmine-corp-vs-giants-gaming-champions-tour-2023-emea-league-w8,invalid_match_href
https://www.vlr.gg/event/matches/1190/,/184060/koi-vs-team-liquid-champions-tour-2023-emea-league-w8,invalid_match_href
https://www.vlr.gg/event/matches/1190/,/184061/bbl-esports-vs-fut-esports-champions-tour-2023-emea-league-w8,invalid_match_href
https://www.vlr.gg/event/matches/1190/,/213193/giants-gaming-vs-fut-esports-champions-tour-2023-emea-league-ur1,invalid_match_href
https://www.vlr.gg/event/matches/1190/,/213194/team-liquid-vs-team-vitality-champions-tour-2023-emea-league-ur1,invalid_match_href
https://www.vlr.gg/event/matches/1190/,/213195/fnatic-vs-fut-esports-champions-tour-2023-emea-league-ubsf,invalid_match_href
https://www.vlr.gg/event/matches/1190/,/213196/natus-vincere-vs-team-liquid-champions-tour-2023-emea-league-ubsf,invalid_match_href
https://www.vlr.gg/event/matches/1190/,/213200/fut-esports-vs-team-vitality-champions-tour-2023-emea-league-lr1,invalid_match_href
https://www.vlr.gg/event/matches/1190/,/213199/natus-vincere-vs-giants-gaming-champions-tour-2023-emea-league-lr1,invalid_match_href
https://www.vlr.gg/event/matches/1190/,/213197/fnatic-vs-team-liquid-champions-tour-2023-emea-league-ubf,invalid_match_href
https://www.vlr.gg/event/matches/1190/,/213201/natus-vincere-vs-fut-esports-champions-tour-2023-emea-league-lr2,invalid_match_href
https://www.vlr.gg/event/matches/1190/,/213202/team-liquid-vs-fut-esports-champions-tour-2023-emea-league-lbf,invalid_match_href
https://www.vlr.gg/event/matches/1190/,/213198/fnatic-vs-team-liquid-champions-tour-2023-emea-league-gf,invalid_match_href
https://www.vlr.gg/event/matches/1015/,/130617/paper-rex-vs-edward-gaming-valorant-champions-2022-group-stage-opening-a,invalid_match_href
https://www.vlr.gg/event/matches/1015/,/130618/leviat-n-vs-team-liquid-valorant-champions-2022-group-stage-opening-a,invalid_match_href
https://www.vlr.gg/event/matches/1015/,/130623/zeta-division-vs-loud-valorant-champions-2022-group-stage-opening-b,invalid_match_href
https://www.vlr.gg/event/matches/1015/,/130622/optic-gaming-vs-boom-esports-valorant-champions-2022-group-stage-opening-b,invalid_match_href
https://www.vlr.gg/event/matches/1015/,/130619/paper-rex-vs-leviat-n-valorant-champions-2022-group-stage-winners-a,invalid_match_href
https://www.vlr.gg/event/matches/1015/,/130632/drx-vs-furia-valorant-champions-2022-group-stage-opening-d,invalid_match_href
https://www.vlr.gg/event/matches/1015/,/130633/fnatic-vs-100-thieves-valorant-champions-2022-group-stage-opening-d,invalid_match_href
https://www.vlr.gg/event/matches/1015/,/130624/optic-gaming-vs-loud-valorant-champions-2022-group-stage-winners-b,invalid_match_href
https://www.vlr.gg/event/matches/1015/,/130628/xset-vs-xerxia-esports-valorant-champions-2022-group-stage-opening-c,invalid_match_href
https://www.vlr.gg/event/matches/1015/,/130627/funplus-phoenix-vs-kr-esports-valorant-champions-2022-group-stage-opening-c,invalid_match_href
https://www.vlr.gg/event/matches/1015/,/130634/drx-vs-100-thieves-valorant-champions-2022-group-stage-winners-d,invalid_match_href
https://www.vlr.gg/event/matches/1015/,/130625/boom-esports-vs-zeta-division-valorant-champions-2022-group-stage-elim-b,invalid_match_href
https://www.vlr.gg/event/matches/1015/,/130620/edward-gaming-vs-team-liquid-valorant-champions-2022-group-stage-elim-a,invalid_match_href
https://www.vlr.gg/event/matches/1015/,/130630/kr-esports-vs-xerxia-esports-valorant-champions-2022-group-stage-elim-c,invalid_match_href
https://www.vlr.gg/event/matches/1015/,/130635/furia-vs-fnatic-valorant-champions-2022-group-stage-elim-d,invalid_match_href
https://www.vlr.gg/event/matches/1015/,/130629/funplus-phoenix-vs-xset-valorant-champions-2022-group-stage-winners-c,invalid_match_href
https://www.vlr.gg/event/matches/1015/,/130621/paper-rex-vs-team-liquid-valorant-champions-2022-group-stage-decider-a,invalid_match_href
https://www.vlr.gg/event/matches/1015/,/130626/loud-vs-zeta-division-valorant-champions-2022-group-stage-decider-b,invalid_match_href
https://www.vlr.gg/event/matches/1015/,/130631/funplus-phoenix-vs-kr-esports-valorant-champions-2022-group-stage-decider-c,invalid_match_href
https://www.vlr.gg/event/matches/1015/,/130636/100-thieves-vs-fnatic-valorant-champions-2022-group-stage-decider-d,invalid_match_href
https://www.vlr.gg/event/matches/1015/,/130679/leviat-n-vs-loud-valorant-champions-2022-ubqf,invalid_match_href
https://www.vlr.gg/event/matches/1015/,/130678/drx-vs-funplus-phoenix-valorant-champions-2022-ubqf,invalid_match_href
https://www.vlr.gg/event/matches/1015/,/130680/optic-gaming-vs-team-liquid-valorant-champions-2022-ubqf,invalid_match_href
https://www.vlr.gg/event/matches/1015/,/130681/xset-vs-fnatic-valorant-champions-2022-ubqf,invalid_match_href
https://www.vlr.gg/event/matches/1015/,/130686/funplus-phoenix-vs-leviat-n-valorant-champions-2022-lr1,invalid_match_href
https://www.vlr.gg/event/matches/1015/,/130687/team-liquid-vs-fnatic-valorant-champions-2022-lr1,invalid_match_href
https://www.vlr.gg/event/matches/1015/,/130682/drx-vs-loud-valorant-champions-2022-ubsf,invalid_match_href
https://www.vlr.gg/event/matches/1015/,/130683/optic-gaming-vs-xset-valorant-champions-2022-ubsf,invalid_match_href
https://www.vlr.gg/event/matches/1015/,/130689/drx-vs-fnatic-valorant-champions-2022-lr2,invalid_match_href
https://www.vlr.gg/event/matches/1015/,/130688/xset-vs-funplus-phoenix-valorant-champions-2022-lr2,invalid_match_href
https://www.vlr.gg/event/matches/1015/,/130684/loud-vs-optic-gaming-valorant-champions-2022-ubf,invalid_match_href
https://www.vlr.gg/event/matches/1015/,/130690/funplus-phoenix-vs-drx-valorant-champions-2022-lr3,invalid_match_href
https://www.vlr.gg/event/matches/1015/,/130691/optic-gaming-vs-drx-valorant-champions-2022-lbf,invalid_match_href
https://www.vlr.gg/event/matches/1015/,/130685/loud-vs-optic-gaming-valorant-champions-2022-gf,invalid_match_href
https://www.vlr.gg/event/matches/1117/,/112600/g2-esports-vs-og-ldn-utd-champions-tour-emea-last-chance-qualifier-ubqf,invalid_match_href
https://www.vlr.gg/event/matches/1117/,/112601/m3-champions-vs-acend-champions-tour-emea-last-chance-qualifier-ubqf,invalid_match_href
https://www.vlr.gg/event/matches/1117/,/112602/team-liquid-vs-bbl-esports-champions-tour-emea-last-chance-qualifier-ubqf,invalid_match_href
https://www.vlr.gg/event/matches/1117/,/112603/guild-esports-vs-natus-vincere-champions-tour-emea-last-chance-qualifier-ubqf,invalid_match_href
https://www.vlr.gg/event/matches/1117/,/112608/g2-esports-vs-acend-champions-tour-emea-last-chance-qualifier-lr1,invalid_match_href
https://www.vlr.gg/event/matches/1117/,/112609/bbl-esports-vs-guild-esports-champions-tour-emea-last-chance-qualifier-lr1,invalid_match_href
https://www.vlr.gg/event/matches/1117/,/112604/og-ldn-utd-vs-m3-champions-champions-tour-emea-last-chance-qualifier-ubsf,invalid_match_href
https://www.vlr.gg/event/matches/1117/,/112605/team-liquid-vs-natus-vincere-champions-tour-emea-last-chance-qualifier-ubsf,invalid_match_href
https://www.vlr.gg/event/matches/1117/,/112610/natus-vincere-vs-g2-esports-champions-tour-emea-last-chance-qualifier-lr2,invalid_match_href
https://www.vlr.gg/event/matches/1117/,/112611/og-ldn-utd-vs-guild-esports-champions-tour-emea-last-chance-qualifier-lr2,invalid_match_href
https://www.vlr.gg/event/matches/1117/,/112606/m3-champions-vs-team-liquid-champions-tour-emea-last-chance-qualifier-ubf,invalid_match_href
https://www.vlr.gg/event/matches/1117/,/112612/g2-esports-vs-og-ldn-utd-champions-tour-emea-last-chance-qualifier-lr3,invalid_match_href
https://www.vlr.gg/event/matches/1117/,/112613/team-liquid-vs-g2-esports-champions-tour-emea-last-chance-qualifier-lbf,invalid_match_href
https://www.vlr.gg/event/matches/1117/,/112607/m3-champions-vs-team-liquid-champions-tour-emea-last-chance-qualifier-gf,invalid_match_href
https://www.vlr.gg/event/matches/1014/,/112288/drx-vs-northeption-valorant-champions-tour-stage-2-masters-copenhagen-opening-b,invalid_match_href
https://www.vlr.gg/event/matches/1014/,/112283/loud-vs-kr-esports-valorant-champions-tour-stage-2-masters-copenhagen-opening-a,invalid_match_href
https://www.vlr.gg/event/matches/1014/,/112282/optic-gaming-vs-guild-esports-valorant-champions-tour-stage-2-masters-copenhagen-opening-a,invalid_match_href
https://www.vlr.gg/event/matches/1014/,/112287/funplus-phoenix-vs-xerxia-esports-valorant-champions-tour-stage-2-masters-copenhagen-opening-b,invalid_match_href
https://www.vlr.gg/event/matches/1014/,/112284/guild-esports-vs-kr-esports-valorant-champions-tour-stage-2-masters-copenhagen-winners-a,invalid_match_href
https://www.vlr.gg/event/matches/1014/,/112289/funplus-phoenix-vs-drx-valorant-champions-tour-stage-2-masters-copenhagen-winners-b,invalid_match_href
https://www.vlr.gg/event/matches/1014/,/112290/xerxia-esports-vs-northeption-valorant-champions-tour-stage-2-masters-copenhagen-elim-b,invalid_match_href
https://www.vlr.gg/event/matches/1014/,/112285/optic-gaming-vs-loud-valorant-champions-tour-stage-2-masters-copenhagen-elim-a,invalid_match_href
https://www.vlr.gg/event/matches/1014/,/112291/funplus-phoenix-vs-northeption-valorant-champions-tour-stage-2-masters-copenhagen-decider-b,invalid_match_href
https://www.vlr.gg/event/matches/1014/,/112286/kr-esports-vs-optic-gaming-valorant-champions-tour-stage-2-masters-copenhagen-decider-a,invalid_match_href
https://www.vlr.gg/event/matches/1014/,/112320/paper-rex-vs-guild-esports-valorant-champions-tour-stage-2-masters-copenhagen-ubqf,invalid_match_href
https://www.vlr.gg/event/matches/1014/,/112321/fnatic-vs-funplus-phoenix-valorant-champions-tour-stage-2-masters-copenhagen-ubqf,invalid_match_href
https://www.vlr.gg/event/matches/1014/,/112322/leviat-n-vs-drx-valorant-champions-tour-stage-2-masters-copenhagen-ubqf,invalid_match_href
https://www.vlr.gg/event/matches/1014/,/112323/xset-vs-optic-gaming-valorant-champions-tour-stage-2-masters-copenhagen-ubqf,invalid_match_href
https://www.vlr.gg/event/matches/1014/,/112328/guild-esports-vs-funplus-phoenix-valorant-champions-tour-stage-2-masters-copenhagen-lr1,invalid_match_href
https://www.vlr.gg/event/matches/1014/,/112329/leviat-n-vs-xset-valorant-champions-tour-stage-2-masters-copenhagen-lr1,invalid_match_href
https://www.vlr.gg/event/matches/1014/,/112324/paper-rex-vs-fnatic-valorant-champions-tour-stage-2-masters-copenhagen-ubsf,invalid_match_href
https://www.vlr.gg/event/matches/1014/,/112325/drx-vs-optic-gaming-valorant-champions-tour-stage-2-masters-copenhagen-ubsf,invalid_match_href
https://www.vlr.gg/event/matches/1014/,/112331/fnatic-vs-leviat-n-valorant-champions-tour-stage-2-masters-copenhagen-lr2,invalid_match_href
https://www.vlr.gg/event/matches/1014/,/112330/drx-vs-funplus-phoenix-valorant-champions-tour-stage-2-masters-copenhagen-lr2,invalid_match_href
https://www.vlr.gg/event/matches/1014/,/112326/paper-rex-vs-optic-gaming-valorant-champions-tour-stage-2-masters-copenhagen-ubf,invalid_match_href
https://www.vlr.gg/event/matches/1014/,/112332/funplus-phoenix-vs-fnatic-valorant-champions-tour-stage-2-masters-copenhagen-lr3,invalid_match_href
https://www.vlr.gg/event/matches/1014/,/112334/optic-gaming-vs-funplus-phoenix-valorant-champions-tour-stage-2-masters-copenhagen-lbf,invalid_match_href
https://www.vlr.gg/event/matches/1014/,/112327/paper-rex-vs-funplus-phoenix-valorant-champions-tour-stage-2-masters-copenhagen-gf,invalid_match_href
https://www.vlr.gg/event/matches/984/,/99244/bbl-esports-vs-natus-vincere-champions-tour-stage-2-emea-challengers-group-stage-week-1,invalid_match_href
https://www.vlr.gg/event/matches/984/,/99245/og-ldn-utd-vs-acend-champions-tour-stage-2-emea-challengers-group-stage-week-1,invalid_match_href
https://www.vlr.gg/event/matches/984/,/99246/fnatic-vs-funplus-phoenix-champions-tour-stage-2-emea-challengers-group-stage-week-1,invalid_match_href
https://www.vlr.gg/event/matches/984/,/99247/team-liquid-vs-big-champions-tour-stage-2-emea-challengers-group-stage-week-1,invalid_match_href
https://www.vlr.gg/event/matches/984/,/99248/guild-esports-vs-m3-champions-champions-tour-stage-2-emea-challengers-group-stage-week-1,invalid_match_href
https://www.vlr.gg/event/matches/984/,/99249/g2-esports-vs-fokus-champions-tour-stage-2-emea-challengers-group-stage-week-1,invalid_match_href
https://www.vlr.gg/event/matches/984/,/99580/bbl-esports-vs-team-liquid-champions-tour-stage-2-emea-challengers-group-stage-week-2,invalid_match_href
https://www.vlr.gg/event/matches/984/,/99581/og-ldn-utd-vs-fnatic-champions-tour-stage-2-emea-challengers-group-stage-week-2,invalid_match_href
https://www.vlr.gg/event/matches/984/,/99582/funplus-phoenix-vs-g2-esports-champions-tour-stage-2-emea-challengers-group-stage-week-2,invalid_match_href
https://www.vlr.gg/event/matches/984/,/99583/big-vs-guild-esports-champions-tour-stage-2-emea-challengers-group-stage-week-2,invalid_match_href
https://www.vlr.gg/event/matches/984/,/99584/natus-vincere-vs-m3-champions-champions-tour-stage-2-emea-challengers-group-stage-week-2,invalid_match_href
https://www.vlr.gg/event/matches/984/,/99585/fokus-vs-acend-champions-tour-stage-2-emea-challengers-group-stage-week-2,invalid_match_href
https://www.vlr.gg/event/matches/984/,/99586/team-liquid-vs-guild-esports-champions-tour-stage-2-emea-challengers-group-stage-week-3,invalid_match_href
https://www.vlr.gg/event/matches/984/,/99587/og-ldn-utd-vs-g2-esports-champions-tour-stage-2-emea-challengers-group-stage-week-3,invalid_match_href
https://www.vlr.gg/event/matches/984/,/99588/big-vs-natus-vincere-champions-tour-stage-2-emea-challengers-group-stage-week-3,invalid_match_href
https://www.vlr.gg/event/matches/984/,/99589/acend-vs-fnatic-champions-tour-stage-2-emea-challengers-group-stage-week-3,invalid_match_href
https://www.vlr.gg/event/matches/984/,/99590/bbl-esports-vs-m3-champions-champions-tour-stage-2-emea-challengers-group-stage-week-3,invalid_match_href
https://www.vlr.gg/event/matches/984/,/99591/fokus-vs-funplus-phoenix-champions-tour-stage-2-emea-challengers-group-stage-week-3,invalid_match_href
https://www.vlr.gg/event/matches/984/,/99592/acend-vs-g2-esports-champions-tour-stage-2-emea-challengers-group-stage-week-4,invalid_match_href
https://www.vlr.gg/event/matches/984/,/99593/natus-vincere-vs-team-liquid-champions-tour-stage-2-emea-challengers-group-stage-week-4,invalid_match_href
https://www.vlr.gg/event/matches/984/,/99594/big-vs-m3-champions-champions-tour-stage-2-emea-challengers-group-stage-week-4,invalid_match_href
https://www.vlr.gg/event/matches/984/,/99595/og-ldn-utd-vs-funplus-phoenix-champions-tour-stage-2-emea-challengers-group-stage-week-4,invalid_match_href
https://www.vlr.gg/event/matches/984/,/99596/bbl-esports-vs-guild-esports-champions-tour-stage-2-emea-challengers-group-stage-week-4,invalid_match_href
https://www.vlr.gg/event/matches/984/,/99597/fokus-vs-fnatic-champions-tour-stage-2-emea-challengers-group-stage-week-4,invalid_match_href
https://www.vlr.gg/event/matches/984/,/99598/acend-vs-funplus-phoenix-champions-tour-stage-2-emea-challengers-group-stage-week-5,invalid_match_href
https://www.vlr.gg/event/matches/984/,/99599/m3-champions-vs-team-liquid-champions-tour-stage-2-emea-challengers-group-stage-week-5,invalid_match_href
https://www.vlr.gg/event/matches/984/,/99600/natus-vincere-vs-guild-esports-champions-tour-stage-2-emea-challengers-group-stage-week-5,invalid_match_href
https://www.vlr.gg/event/matches/984/,/99601/fokus-vs-og-ldn-utd-champions-tour-stage-2-emea-challengers-group-stage-week-5,invalid_match_href
https://www.vlr.gg/event/matches/984/,/99602/big-vs-bbl-esports-champions-tour-stage-2-emea-challengers-group-stage-week-5,invalid_match_href
https://www.vlr.gg/event/matches/984/,/99603/fnatic-vs-g2-esports-champions-tour-stage-2-emea-challengers-group-stage-week-5,invalid_match_href
https://www.vlr.gg/event/matches/984/,/107023/acend-vs-m3-champions-champions-tour-emea-stage-2-challengers-playoffs-ubr1,invalid_match_href
https://www.vlr.gg/event/matches/984/,/107024/team-liquid-vs-funplus-phoenix-champions-tour-emea-stage-2-challengers-playoffs-ubr1,invalid_match_href
https://www.vlr.gg/event/matches/984/,/107025/guild-esports-vs-m3-champions-champions-tour-emea-stage-2-challengers-playoffs-ubsf,invalid_match_href
https://www.vlr.gg/event/matches/984/,/107026/fnatic-vs-funplus-phoenix-champions-tour-emea-stage-2-challengers-playoffs-ubsf,invalid_match_href
https://www.vlr.gg/event/matches/984/,/107528/m3-champions-vs-team-liquid-champions-tour-emea-stage-2-challengers-playoffs-lr1,invalid_match_href
https://www.vlr.gg/event/matches/984/,/107527/funplus-phoenix-vs-acend-champions-tour-emea-stage-2-challengers-playoffs-lr1,invalid_match_href
https://www.vlr.gg/event/matches/984/,/107529/guild-esports-vs-fnatic-champions-tour-emea-stage-2-challengers-playoffs-ubf,invalid_match_href
https://www.vlr.gg/event/matches/984/,/107530/funplus-phoenix-vs-m3-champions-champions-tour-emea-stage-2-challengers-playoffs-lr2,invalid_match_href
https://www.vlr.gg/event/matches/984/,/107526/guild-esports-vs-funplus-phoenix-champions-tour-emea-stage-2-challengers-playoffs-lbf,invalid_match_href
https://www.vlr.gg/event/matches/984/,/107525/fnatic-vs-funplus-phoenix-champions-tour-emea-stage-2-challengers-playoffs-gf,invalid_match_href
https://www.vlr.gg/event/matches/926/,/84372/drx-vs-zeta-division-valorant-champions-tour-stage-1-masters-reykjav-k-opening-a,invalid_match_href
https://www.vlr.gg/event/matches/926/,/84374/kr-esports-vs-team-liquid-valorant-champions-tour-stage-1-masters-reykjav-k-opening-b,invalid_match_href
https://www.vlr.gg/event/matches/926/,/84373/optic-gaming-vs-xerxia-esports-valorant-champions-tour-stage-1-masters-reykjav-k-opening-b,invalid_match_href
https://www.vlr.gg/event/matches/926/,/84371/fnatic-vs-ninjas-in-pyjamas-valorant-champions-tour-stage-1-masters-reykjav-k-opening-a,invalid_match_href
https://www.vlr.gg/event/matches/926/,/84647/xerxia-esports-vs-team-liquid-valorant-champions-tour-stage-1-masters-reykjav-k-winners-b,invalid_match_href
https://www.vlr.gg/event/matches/926/,/84644/ninjas-in-pyjamas-vs-drx-valorant-champions-tour-stage-1-masters-reykjav-k-winners-a,invalid_match_href
https://www.vlr.gg/event/matches/926/,/84648/optic-gaming-vs-kr-esports-valorant-champions-tour-stage-1-masters-reykjav-k-elimination-b,invalid_match_href
https://www.vlr.gg/event/matches/926/,/84645/fnatic-vs-zeta-division-valorant-champions-tour-stage-1-masters-reykjav-k-elimination-a,invalid_match_href
https://www.vlr.gg/event/matches/926/,/84649/xerxia-esports-vs-optic-gaming-valorant-champions-tour-stage-1-masters-reykjav-k-decider-b,invalid_match_href
https://www.vlr.gg/event/matches/926/,/84646/ninjas-in-pyjamas-vs-zeta-division-valorant-champions-tour-stage-1-masters-reykjav-k-decider-a,invalid_match_href
https://www.vlr.gg/event/matches/926/,/85523/g2-esports-vs-zeta-division-valorant-champions-tour-stage-1-masters-reykjav-k-ubqf,invalid_match_href
https://www.vlr.gg/event/matches/926/,/85526/loud-vs-team-liquid-valorant-champions-tour-stage-1-masters-reykjav-k-ubqf,invalid_match_href
https://www.vlr.gg/event/matches/926/,/85525/paper-rex-vs-drx-valorant-champions-tour-stage-1-masters-reykjav-k-ubqf,invalid_match_href
https://www.vlr.gg/event/matches/926/,/85524/the-guard-vs-optic-gaming-valorant-champions-tour-stage-1-masters-reykjav-k-ubqf,invalid_match_href
https://www.vlr.gg/event/matches/926/,/85531/zeta-division-vs-team-liquid-valorant-champions-tour-stage-1-masters-reykjav-k-lr1,invalid_match_href
https://www.vlr.gg/event/matches/926/,/85532/paper-rex-vs-the-guard-valorant-champions-tour-stage-1-masters-reykjav-k-lr1,invalid_match_href
https://www.vlr.gg/event/matches/926/,/85528/drx-vs-optic-gaming-valorant-champions-tour-stage-1-masters-reykjav-k-ubsf,invalid_match_href
https://www.vlr.gg/event/matches/926/,/85527/g2-esports-vs-loud-valorant-champions-tour-stage-1-masters-reykjav-k-ubsf,invalid_match_href
https://www.vlr.gg/event/matches/926/,/85533/drx-vs-zeta-division-valorant-champions-tour-stage-1-masters-reykjav-k-lr2,invalid_match_href
https://www.vlr.gg/event/matches/926/,/85534/g2-esports-vs-paper-rex-valorant-champions-tour-stage-1-masters-reykjav-k-lr2,invalid_match_href
https://www.vlr.gg/event/matches/926/,/85529/loud-vs-optic-gaming-valorant-champions-tour-stage-1-masters-reykjav-k-ubf,invalid_match_href
https://www.vlr.gg/event/matches/926/,/85535/zeta-division-vs-paper-rex-valorant-champions-tour-stage-1-masters-reykjav-k-lr3,invalid_match_href
https://www.vlr.gg/event/matches/926/,/85536/optic-gaming-vs-zeta-division-valorant-champions-tour-stage-1-masters-reykjav-k-lbf,invalid_match_href
https://www.vlr.gg/event/matches/926/,/85530/loud-vs-optic-gaming-valorant-champions-tour-stage-1-masters-reykjav-k-gf,invalid_match_href
https://www.vlr.gg/event/matches/885/,/83444/rebels-gaming-vs-sector-one-champions-tour-stage-1-emea-promotion-opening-a,invalid_match_href
https://www.vlr.gg/event/matches/885/,/83449/fokus-vs-anonymo-mentos-champions-tour-stage-1-emea-promotion-group-b,invalid_match_href
https://www.vlr.gg/event/matches/885/,/83445/surreal-esports-vs-excel-champions-tour-stage-1-emea-promotion-opening-a,invalid_match_href
https://www.vlr.gg/event/matches/885/,/83450/team-falcons-vs-fokus-champions-tour-stage-1-emea-promotion-group-b,invalid_match_href
https://www.vlr.gg/event/matches/885/,/83447/sector-one-vs-excel-champions-tour-stage-1-emea-promotion-elim-a,invalid_match_href
https://www.vlr.gg/event/matches/885/,/83446/rebels-gaming-vs-surreal-esports-champions-tour-stage-1-emea-promotion-winners-a,invalid_match_href
https://www.vlr.gg/event/matches/885/,/83451/team-falcons-vs-anonymo-mentos-champions-tour-stage-1-emea-promotion-group-b,invalid_match_href
https://www.vlr.gg/event/matches/885/,/83448/surreal-esports-vs-excel-champions-tour-stage-1-emea-promotion-decider-a,invalid_match_href
https://www.vlr.gg/event/matches/885/,/83520/anonymo-mentos-vs-team-falcons-champions-tour-stage-1-emea-promotion-group-b,invalid_match_href
https://www.vlr.gg/event/matches/885/,/84504/rebels-gaming-vs-anonymo-mentos-champions-tour-stage-1-emea-promotion-ro6,invalid_match_href
https://www.vlr.gg/event/matches/885/,/84505/fokus-vs-surreal-esports-champions-tour-stage-1-emea-promotion-ro6,invalid_match_href
https://www.vlr.gg/event/matches/885/,/84506/big-vs-anonymo-mentos-champions-tour-stage-1-emea-promotion-ubsf,invalid_match_href
https://www.vlr.gg/event/matches/885/,/84507/supermassive-blaze-vs-fokus-champions-tour-stage-1-emea-promotion-ubsf,invalid_match_href
https://www.vlr.gg/event/matches/885/,/84509/supermassive-blaze-vs-rebels-gaming-champions-tour-stage-1-emea-promotion-lr1,invalid_match_href
https://www.vlr.gg/event/matches/885/,/84510/anonymo-mentos-vs-surreal-esports-champions-tour-stage-1-emea-promotion-lr1,invalid_match_href
https://www.vlr.gg/event/matches/885/,/84508/big-vs-fokus-champions-tour-stage-1-emea-promotion-ubf,invalid_match_href
https://www.vlr.gg/event/matches/885/,/84511/rebels-gaming-vs-surreal-esports-champions-tour-stage-1-emea-promotion-lr2,invalid_match_href
https://www.vlr.gg/event/matches/885/,/84512/big-vs-surreal-esports-champions-tour-stage-1-emea-promotion-lbf,invalid_match_href
https://www.vlr.gg/event/matches/854/,/68989/team-liquid-vs-gambit-esports-champions-tour-stage-1-emea-challengers-week-1,invalid_match_href
https://www.vlr.gg/event/matches/854/,/68990/g2-esports-vs-fnatic-champions-tour-stage-1-emea-challengers-week-1,invalid_match_href
https://www.vlr.gg/event/matches/854/,/68991/funplus-phoenix-vs-big-champions-tour-stage-1-emea-challengers-week-1,invalid_match_href
https://www.vlr.gg/event/matches/854/,/68992/supermassive-blaze-vs-acend-champions-tour-stage-1-emea-challengers-week-1,invalid_match_href
https://www.vlr.gg/event/matches/854/,/68993/natus-vincere-vs-ldn-utd-champions-tour-stage-1-emea-challengers-week-1,invalid_match_href
https://www.vlr.gg/event/matches/854/,/68994/bbl-esports-vs-guild-esports-champions-tour-stage-1-emea-challengers-week-1,invalid_match_href
https://www.vlr.gg/event/matches/854/,/68995/funplus-phoenix-vs-gambit-esports-champions-tour-stage-1-emea-challengers-week-2,invalid_match_href
https://www.vlr.gg/event/matches/854/,/68996/guild-esports-vs-acend-champions-tour-stage-1-emea-challengers-week-2,invalid_match_href
https://www.vlr.gg/event/matches/854/,/68997/ldn-utd-vs-big-champions-tour-stage-1-emea-challengers-week-2,invalid_match_href
https://www.vlr.gg/event/matches/854/,/68998/bbl-esports-vs-fnatic-champions-tour-stage-1-emea-challengers-week-2,invalid_match_href
https://www.vlr.gg/event/matches/854/,/68999/g2-esports-vs-supermassive-blaze-champions-tour-stage-1-emea-challengers-week-2,invalid_match_href
https://www.vlr.gg/event/matches/854/,/69000/natus-vincere-vs-team-liquid-champions-tour-stage-1-emea-challengers-week-2,invalid_match_href
https://www.vlr.gg/event/matches/854/,/69007/bbl-esports-vs-supermassive-blaze-champions-tour-stage-1-emea-challengers-week-4,invalid_match_href
https://www.vlr.gg/event/matches/854/,/69010/g2-esports-vs-acend-champions-tour-stage-1-emea-challengers-week-4,invalid_match_href
https://www.vlr.gg/event/matches/854/,/69008/ldn-utd-vs-team-liquid-champions-tour-stage-1-emea-challengers-week-4,invalid_match_href
https://www.vlr.gg/event/matches/854/,/69018/supermassive-blaze-vs-fnatic-champions-tour-stage-1-emea-challengers-week-5,invalid_match_href
https://www.vlr.gg/event/matches/854/,/69004/g2-esports-vs-bbl-esports-champions-tour-stage-1-emea-challengers-week-3,invalid_match_href
https://www.vlr.gg/event/matches/854/,/69001/guild-esports-vs-supermassive-blaze-champions-tour-stage-1-emea-challengers-week-3,invalid_match_href
https://www.vlr.gg/event/matches/854/,/69015/funplus-phoenix-vs-team-liquid-champions-tour-stage-1-emea-challengers-week-5,invalid_match_href
https://www.vlr.gg/event/matches/854/,/69002/acend-vs-fnatic-champions-tour-stage-1-emea-challengers-week-3,invalid_match_href
https://www.vlr.gg/event/matches/854/,/69017/natus-vincere-vs-big-champions-tour-stage-1-emea-challengers-week-5,invalid_match_href
https://www.vlr.gg/event/matches/854/,/69003/ldn-utd-vs-funplus-phoenix-champions-tour-stage-1-emea-challengers-week-3,invalid_match_href
https://www.vlr.gg/event/matches/854/,/69014/g2-esports-vs-guild-esports-champions-tour-stage-1-emea-challengers-week-5,invalid_match_href
https://www.vlr.gg/event/matches/854/,/69006/big-vs-team-liquid-champions-tour-stage-1-emea-challengers-week-3,invalid_match_href
https://www.vlr.gg/event/matches/854/,/69016/bbl-esports-vs-acend-champions-tour-stage-1-emea-challengers-week-5,invalid_match_href
https://www.vlr.gg/event/matches/854/,/69005/natus-vincere-vs-m3-champions-champions-tour-stage-1-emea-challengers-week-3,invalid_match_href
https://www.vlr.gg/event/matches/854/,/69012/guild-esports-vs-fnatic-champions-tour-stage-1-emea-challengers-week-4,invalid_match_href
https://www.vlr.gg/event/matches/854/,/69011/big-vs-m3-champions-champions-tour-stage-1-emea-challengers-week-4,invalid_match_href
https://www.vlr.gg/event/matches/854/,/69009/natus-vincere-vs-funplus-phoenix-champions-tour-stage-1-emea-challengers-week-4,invalid_match_href
https://www.vlr.gg/event/matches/854/,/69013/m3-champions-vs-ldn-utd-champions-tour-stage-1-emea-challengers-week-5,invalid_match_href
https://www.vlr.gg/event/matches/854/,/79073/m3-champions-vs-guild-esports-champions-tour-stage-1-emea-challengers-ur1,invalid_match_href
https://www.vlr.gg/event/matches/854/,/79074/g2-esports-vs-team-liquid-champions-tour-stage-1-emea-challengers-ur1,invalid_match_href
https://www.vlr.gg/event/matches/854/,/79075/fnatic-vs-m3-champions-champions-tour-stage-1-emea-challengers-ubsf,invalid_match_href
https://www.vlr.gg/event/matches/854/,/79076/funplus-phoenix-vs-team-liquid-champions-tour-stage-1-emea-challengers-ubsf,invalid_match_href
https://www.vlr.gg/event/matches/854/,/79080/m3-champions-vs-g2-esports-champions-tour-stage-1-emea-challengers-lr1,invalid_match_href
https://www.vlr.gg/event/matches/854/,/79079/team-liquid-vs-guild-esports-champions-tour-stage-1-emea-challengers-lr1,invalid_match_href
https://www.vlr.gg/event/matches/854/,/79077/fnatic-vs-funplus-phoenix-champions-tour-stage-1-emea-challengers-ubf,invalid_match_href
https://www.vlr.gg/event/matches/854/,/79081/team-liquid-vs-g2-esports-champions-tour-stage-1-emea-challengers-lr2,invalid_match_href
https://www.vlr.gg/event/matches/854/,/79082/fnatic-vs-g2-esports-champions-tour-stage-1-emea-challengers-lbf,invalid_match_href
https://www.vlr.gg/event/matches/854/,/79078/funplus-phoenix-vs-g2-esports-champions-tour-stage-1-emea-challengers-gf,invalid_match_href
https://www.vlr.gg/event/matches/795/,/64442/team-bds-vs-mix-champions-tour-europe-stage-1-challengers-2-ro256,invalid_match_href
https://www.vlr.gg/event/matches/795/,/64443/who-cars-vs-mercury-champions-tour-europe-stage-1-challengers-2-ro256,invalid_match_href
https://www.vlr.gg/event/matches/795/,/64444/ymca-esports-vs-overpowered-esports-champions-tour-europe-stage-1-challengers-2-ro256,invalid_match_href
https://www.vlr.gg/event/matches/795/,/64445/maze-esports-vs-macbernick-champions-tour-europe-stage-1-challengers-2-ro256,invalid_match_href
https://www.vlr.gg/event/matches/795/,/64446/cowana-gaming-vs-linxlegacy-esports-champions-tour-europe-stage-1-challengers-2-ro256,invalid_match_href
https://www.vlr.gg/event/matches/795/,/64447/motif-esports-vs-good-morning-champions-tour-europe-stage-1-challengers-2-ro256,invalid_match_href
https://www.vlr.gg/event/matches/795/,/64448/ovation-esports-vs-mkers-champions-tour-europe-stage-1-challengers-2-ro256,invalid_match_href
https://www.vlr.gg/event/matches/795/,/64449/bulletproof-vs-abstruse-champions-tour-europe-stage-1-challengers-2-ro256,invalid_match_href
https://www.vlr.gg/event/matches/795/,/64450/19esports-vs-megastitut-champions-tour-europe-stage-1-challengers-2-ro256,invalid_match_href
https://www.vlr.gg/event/matches/795/,/64451/capybaras-vs-jinxit-champions-tour-europe-stage-1-challengers-2-ro256,invalid_match_href
https://www.vlr.gg/event/matches/795/,/64452/boss-reformed-vs-smp-champions-tour-europe-stage-1-challengers-2-ro256,invalid_match_href
https://www.vlr.gg/event/matches/795/,/64453/amazing-vs-whisper-champions-tour-europe-stage-1-challengers-2-ro256,invalid_match_href
https://www.vlr.gg/event/matches/795/,/64454/rix-gg-thunder-vs-movistar-riders-champions-tour-europe-stage-1-challengers-2-ro256,invalid_match_href
https://www.vlr.gg/event/matches/795/,/64455/purple-team-vs-ezloot-champions-tour-europe-stage-1-challengers-2-ro256,invalid_match_href
https://www.vlr.gg/event/matches/795/,/64456/silent-fraggers-vs-horyjin-champions-tour-europe-stage-1-challengers-2-ro256,invalid_match_href
https://www.vlr.gg/event/matches/795/,/64457/ex0tik-gaming-vs-325-on-the-dashboard-champions-tour-europe-stage-1-challengers-2-ro256,invalid_match_href
https://www.vlr.gg/event/matches/795/,/64458/straight-outta-retirement-vs-team-three-champions-tour-europe-stage-1-challengers-2-ro256,invalid_match_href
https://www.vlr.gg/event/matches/795/,/64459/royals-vs-404-multigaming-champions-tour-europe-stage-1-challengers-2-ro256,invalid_match_href
https://www.vlr.gg/event/matches/795/,/64460/hmp-vs-la-puenta-champions-tour-europe-stage-1-challengers-2-ro256,invalid_match_href
https://www.vlr.gg/event/matches/795/,/64461/team-name-vs-valorando-champions-tour-europe-stage-1-challengers-2-ro256,invalid_match_href
https://www.vlr.gg/event/matches/795/,/64462/team-finest-vs-panda-express-champions-tour-europe-stage-1-challengers-2-ro256,invalid_match_href
https://www.vlr.gg/event/matches/795/,/64463/mds-factory-vs-h2o-champions-tour-europe-stage-1-challengers-2-ro256,invalid_match_href
https://www.vlr.gg/event/matches/795/,/64464/rix-gg-lightning-vs-klanik-esport-champions-tour-europe-stage-1-challengers-2-ro256,invalid_match_href
https://www.vlr.gg/event/matches/795/,/64465/sad-anime-gamer-vs-n-mo-n-ci-champions-tour-europe-stage-1-challengers-2-ro256,invalid_match_href
https://www.vlr.gg/event/matches/795/,/64466/anonymo-esports-vs-mighty-meerkats-champions-tour-europe-stage-1-challengers-2-ro256,invalid_match_href
https://www.vlr.gg/event/matches/795/,/64467/karma-clan-vs-eu-reject-champions-tour-europe-stage-1-challengers-2-ro256,invalid_match_href
https://www.vlr.gg/event/matches/795/,/64468/fpalix-vs-marvels-avengers-champions-tour-europe-stage-1-challengers-2-ro256,invalid_match_href
https://www.vlr.gg/event/matches/795/,/64469/paschka-vs-kum-gaming-champions-tour-europe-stage-1-challengers-2-ro256,invalid_match_href
https://www.vlr.gg/event/matches/795/,/64470/orgless22-vs-dylovius-champions-tour-europe-stage-1-challengers-2-ro256,invalid_match_href
https://www.vlr.gg/event/matches/795/,/64471/into-the-breach-vs-vulpine-esports-champions-tour-europe-stage-1-challengers-2-ro256,invalid_match_href
https://www.vlr.gg/event/matches/795/,/64472/tba22-vs-nxiz-champions-tour-europe-stage-1-challengers-2-ro256,invalid_match_href
https://www.vlr.gg/event/matches/795/,/64473/bifrost-vs-intenzive-champions-tour-europe-stage-1-challengers-2-ro256,invalid_match_href
https://www.vlr.gg/event/matches/795/,/64474/koi-vs-ex-killabeez-champions-tour-europe-stage-1-challengers-2-ro256,invalid_match_href
https://www.vlr.gg/event/matches/795/,/64475/psq-rising-vs-vamos-esports-champions-tour-europe-stage-1-challengers-2-ro256,invalid_match_href
https://www.vlr.gg/event/matches/795/,/64476/86-vs-dora-zez-champions-tour-europe-stage-1-challengers-2-ro256,invalid_match_href
https://www.vlr.gg/event/matches/795/,/64477/dog-afari-vs-alty-champions-tour-europe-stage-1-challengers-2-ro256,invalid_match_href
https://www.vlr.gg/event/matches/795/,/64478/need-more-dm-vs-praeditus-gaming-champions-tour-europe-stage-1-challengers-2-ro256,invalid_match_href
https://www.vlr.gg/event/matches/795/,/64479/foxup-esports-vs-banana-boys-champions-tour-europe-stage-1-challengers-2-ro256,invalid_match_href
https://www.vlr.gg/event/matches/795/,/64480/bald-wheelchair-vs-retired-flavor-champions-tour-europe-stage-1-challengers-2-ro256,invalid_match_href
https://www.vlr.gg/event/matches/795/,/64481/majtkomat-vs-social-kingdom-target-champions-tour-europe-stage-1-challengers-2-ro256,invalid_match_href
https://www.vlr.gg/event/matches/795/,/64482/bref-vs-junummer-champions-tour-europe-stage-1-challengers-2-ro256,invalid_match_href
https://www.vlr.gg/event/matches/795/,/64483/x9tion-vs-currygold-champions-tour-europe-stage-1-challengers-2-ro256,invalid_match_href
https://www.vlr.gg/event/matches/795/,/64484/hexis-exito-phoenix-vs-esport-generation-champions-tour-europe-stage-1-challengers-2-ro256,invalid_match_href
https://www.vlr.gg/event/matches/795/,/64485/incognito-vs-i-falliti-champions-tour-europe-stage-1-challengers-2-ro256,invalid_match_href
https://www.vlr.gg/event/matches/795/,/64486/excel-vs-memento-mori-champions-tour-europe-stage-1-challengers-2-ro256,invalid_match_href
https://www.vlr.gg/event/matches/795/,/64487/capacitanes-vs-digitroni-esports-champions-tour-europe-stage-1-challengers-2-ro256,invalid_match_href
https://www.vlr.gg/event/matches/795/,/64488/poggers-vs-camioneros-valorant-club-champions-tour-europe-stage-1-challengers-2-ro256,invalid_match_href
https://www.vlr.gg/event/matches/795/,/64489/mayo-vs-team-heretics-champions-tour-europe-stage-1-challengers-2-ro256,invalid_match_href
https://www.vlr.gg/event/matches/795/,/64490/cgn-esports-vs-nexus-champions-tour-europe-stage-1-challengers-2-ro256,invalid_match_href
https://www.vlr.gg/event/matches/795/,/64491/static-vs-penta-champions-tour-europe-stage-1-challengers-2-ro256,invalid_match_href
https://www.vlr.gg/event/matches/795/,/64492/adepts-vs-extraordinary-champions-tour-europe-stage-1-challengers-2-ro256,invalid_match_href
https://www.vlr.gg/event/matches/795/,/64493/kovaaklegends-vs-polonez-champions-tour-europe-stage-1-challengers-2-ro256,invalid_match_href
https://www.vlr.gg/event/matches/795/,/64494/wataha-vs-zerance-champions-tour-europe-stage-1-challengers-2-ro256,invalid_match_href
https://www.vlr.gg/event/matches/795/,/64495/pendragon-esports-vs-sicario-champions-tour-europe-stage-1-challengers-2-ro256,invalid_match_href
https://www.vlr.gg/event/matches/795/,/64496/insight-gaming-vs-dame-time-champions-tour-europe-stage-1-challengers-2-ro256,invalid_match_href
https://www.vlr.gg/event/matches/795/,/64497/team-focus-vs-altera-esports-champions-tour-europe-stage-1-challengers-2-ro256,invalid_match_href
https://www.vlr.gg/event/matches/795/,/64498/case-esports-vs-power-champions-tour-europe-stage-1-challengers-2-ro256,invalid_match_href
https://www.vlr.gg/event/matches/795/,/64499/display-porters-vs-sissi-state-punks-champions-tour-europe-stage-1-challengers-2-ro256,invalid_match_href
https://www.vlr.gg/event/matches/795/,/64500/bl-ndet-vs-sunnybeach-champions-tour-europe-stage-1-challengers-2-ro256,invalid_match_href
https://www.vlr.gg/event/matches/795/,/64501/big-blue-charizard-vs-asteria-gaming-champions-tour-europe-stage-1-challengers-2-ro256,invalid_match_href
https://www.vlr.gg/event/matches/795/,/64502/giefkalash-vs-mallunkultane-champions-tour-europe-stage-1-challengers-2-ro256,invalid_match_href
https://www.vlr.gg/event/matches/795/,/64503/delusional-5-vs-orgless-champions-tour-europe-stage-1-challengers-2-ro256,invalid_match_href
https://www.vlr.gg/event/matches/795/,/64504/falchion-gaming-vs-zero-winrate-champions-tour-europe-stage-1-challengers-2-ro256,invalid_match_href
https://www.vlr.gg/event/matches/795/,/64505/torin-vs-xyz-champions-tour-europe-stage-1-challengers-2-ro256,invalid_match_href
https://www.vlr.gg/event/matches/795/,/64506/g2-esports-vs-the-chug-jugs-champions-tour-europe-stage-1-challengers-2-ro256,invalid_match_href
https://www.vlr.gg/event/matches/795/,/64507/echo-vs-a-mmagica-champions-tour-europe-stage-1-challengers-2-ro256,invalid_match_href
https://www.vlr.gg/event/matches/795/,/64508/ashur-e-sports-vs-frog-munchers-champions-tour-europe-stage-1-challengers-2-ro256,invalid_match_href
https://www.vlr.gg/event/matches/795/,/64509/onlypinkp-vs-impact-donkey-frags-champions-tour-europe-stage-1-challengers-2-ro256,invalid_match_href
https://www.vlr.gg/event/matches/795/,/64510/team-kovaaks-vs-1gameandwegohome-champions-tour-europe-stage-1-challengers-2-ro256,invalid_match_href
https://www.vlr.gg/event/matches/795/,/64511/shaky-aimers-vs-verendus-champions-tour-europe-stage-1-challengers-2-ro256,invalid_match_href
https://www.vlr.gg/event/matches/795/,/64512/dd-detectors-vs-rizon-champions-tour-europe-stage-1-challengers-2-ro256,invalid_match_href
https://www.vlr.gg/event/matches/795/,/64513/star-blaze-vs-ludus-sports-champions-tour-europe-stage-1-challengers-2-ro256,invalid_match_href
https://www.vlr.gg/event/matches/795/,/64514/ungentium-vs-tiebreak-champions-tour-europe-stage-1-challengers-2-ro256,invalid_match_href
https://www.vlr.gg/event/matches/795/,/64515/vexed-gaming-vs-team-zelus-champions-tour-europe-stage-1-challengers-2-ro256,invalid_match_href
https://www.vlr.gg/event/matches/795/,/64516/descendants-vs-connemara-champions-tour-europe-stage-1-challengers-2-ro256,invalid_match_href
https://www.vlr.gg/event/matches/795/,/64517/human-tripwires-vs-victoire-gaming-champions-tour-europe-stage-1-challengers-2-ro256,invalid_match_href
https://www.vlr.gg/event/matches/795/,/64518/anorthosis-famagusta-esports-vs-team-frosty-champions-tour-europe-stage-1-challengers-2-ro256,invalid_match_href
https://www.vlr.gg/event/matches/795/,/64519/onetap-vs-goodfor1-champions-tour-europe-stage-1-challengers-2-ro256,invalid_match_href
https://www.vlr.gg/event/matches/795/,/64520/minima-vs-tone-champions-tour-europe-stage-1-challengers-2-ro256,invalid_match_href
https://www.vlr.gg/event/matches/795/,/64521/kahoot-vs-raging-warlords-of-pogchampia-champions-tour-europe-stage-1-challengers-2-ro256,invalid_match_href
https://www.vlr.gg/event/matches/795/,/64522/awaria-vs-lfo-kings-champions-tour-europe-stage-1-challengers-2-ro256,invalid_match_href
https://www.vlr.gg/event/matches/795/,/64523/wieca-vs-red8-champions-tour-europe-stage-1-challengers-2-ro256,invalid_match_href
https://www.vlr.gg/event/matches/795/,/64524/orgless-olafs-vs-glitch-gaming-esports-champions-tour-europe-stage-1-challengers-2-ro256,invalid_match_href
https://www.vlr.gg/event/matches/795/,/64525/ar-esports-vs-fatf-champions-tour-europe-stage-1-challengers-2-ro256,invalid_match_href
https://www.vlr.gg/event/matches/795/,/64526/stunzin5-vs-defeaters-champions-tour-europe-stage-1-challengers-2-ro256,invalid_match_href
https://www.vlr.gg/event/matches/795/,/64527/team-omega-vs-shiny-champions-tour-europe-stage-1-challengers-2-ro256,invalid_match_href
https://www.vlr.gg/event/matches/795/,/64528/esport-rhein-neckar-vs-questionmark-champions-tour-europe-stage-1-challengers-2-ro256,invalid_match_href
https://www.vlr.gg/event/matches/795/,/64529/elusive-vs-team-radical-champions-tour-europe-stage-1-challengers-2-ro256,invalid_match_href
https://www.vlr.gg/event/matches/795/,/64530/yonk-vs-mix123-champions-tour-europe-stage-1-challengers-2-ro256,invalid_match_href
https://www.vlr.gg/event/matches/795/,/64531/we-dem-bois-vs-de-prodigy-champions-tour-europe-stage-1-challengers-2-ro256,invalid_match_href
https://www.vlr.gg/event/matches/795/,/64532/zakelijk-vs-szmery-bajery-krecenie-afery-champions-tour-europe-stage-1-challengers-2-ro256,invalid_match_href
https://www.vlr.gg/event/matches/795/,/64533/ranked-enjoyers-vs-balkan-stars-champions-tour-europe-stage-1-challengers-2-ro256,invalid_match_href
https://www.vlr.gg/event/matches/795/,/64534/og-vs-redpack-champions-tour-europe-stage-1-challengers-2-ro256,invalid_match_href
https://www.vlr.gg/event/matches/795/,/64535/true-kings-vs-team-aurous-champions-tour-europe-stage-1-challengers-2-ro256,invalid_match_href
https://www.vlr.gg/event/matches/795/,/64536/limitless-vs-atleta-esport-champions-tour-europe-stage-1-challengers-2-ro256,invalid_match_href
https://www.vlr.gg/event/matches/795/,/64537/iesr-vs-the-goose-house-champions-tour-europe-stage-1-challengers-2-ro256,invalid_match_href
https://www.vlr.gg/event/matches/795/,/64538/ldn-utd-vs-team-popeller-champions-tour-europe-stage-1-challengers-2-ro256,invalid_match_href
https://www.vlr.gg/event/matches/795/,/64539/senthex-vs-absolute-amateurs-champions-tour-europe-stage-1-challengers-2-ro256,invalid_match_href
https://www.vlr.gg/event/matches/795/,/64540/fake-esport-vs-f9-hetic-champions-tour-europe-stage-1-challengers-2-ro256,invalid_match_href
https://www.vlr.gg/event/matches/795/,/64541/ejus-bibelpeek-vs-in-the-making-champions-tour-europe-stage-1-challengers-2-ro256,invalid_match_href
https://www.vlr.gg/event/matches/795/,/64542/inflame-vs-mcdonalds-shift-champions-tour-europe-stage-1-challengers-2-ro256,invalid_match_href
https://www.vlr.gg/event/matches/795/,/64543/osk-vs-5-goats-champions-tour-europe-stage-1-challengers-2-ro256,invalid_match_href
https://www.vlr.gg/event/matches/795/,/64544/esports-team-twente-vs-big-chilling-champions-tour-europe-stage-1-challengers-2-ro256,invalid_match_href
https://www.vlr.gg/event/matches/795/,/64545/dsyre-vs-rapid-ninjas-champions-tour-europe-stage-1-challengers-2-ro256,invalid_match_href
https://www.vlr.gg/event/matches/795/,/64546/kova-vs-avante-champions-tour-europe-stage-1-challengers-2-ro256,invalid_match_href
https://www.vlr.gg/event/matches/795/,/64547/mcrp-vs-fokus-champions-tour-europe-stage-1-challengers-2-ro256,invalid_match_href
https://www.vlr.gg/event/matches/795/,/64548/internalgg-vs-biervernichter-champions-tour-europe-stage-1-challengers-2-ro256,invalid_match_href
https://www.vlr.gg/event/matches/795/,/64549/savage-gg-vs-phoenix-team-champions-tour-europe-stage-1-challengers-2-ro256,invalid_match_href
https://www.vlr.gg/event/matches/795/,/64550/mango-vs-ing-and-friends-champions-tour-europe-stage-1-challengers-2-ro256,invalid_match_href
https://www.vlr.gg/event/matches/795/,/64551/midnightclub-vs-digital-athletics-champions-tour-europe-stage-1-challengers-2-ro256,invalid_match_href
https://www.vlr.gg/event/matches/795/,/64552/h-popper-vs-nevim-champions-tour-europe-stage-1-challengers-2-ro256,invalid_match_href
https://www.vlr.gg/event/matches/795/,/64553/soldados-de-lembo-vs-m8-esports-champions-tour-europe-stage-1-challengers-2-ro256,invalid_match_href
https://www.vlr.gg/event/matches/795/,/64554/team-queso-vs-underdogs-champions-tour-europe-stage-1-challengers-2-ro256,invalid_match_href
https://www.vlr.gg/event/matches/795/,/64555/endless-gaming-vs-purgens-champions-tour-europe-stage-1-challengers-2-ro256,invalid_match_href
https://www.vlr.gg/event/matches/795/,/64556/woofwoof-vs-laniepodbalkonem-champions-tour-europe-stage-1-challengers-2-ro256,invalid_match_href
https://www.vlr.gg/event/matches/795/,/64557/dajjal-vs-cyber-esports-champions-tour-europe-stage-1-challengers-2-ro256,invalid_match_href
https://www.vlr.gg/event/matches/795/,/64558/ignite-vs-superiorval-champions-tour-europe-stage-1-challengers-2-ro256,invalid_match_href
https://www.vlr.gg/event/matches/795/,/64559/x7-ireland-vs-lavender-boys-champions-tour-europe-stage-1-challengers-2-ro256,invalid_match_href
https://www.vlr.gg/event/matches/795/,/64560/ophaters-vs-intellectually-challenged-gamers-champions-tour-europe-stage-1-challengers-2-ro256,invalid_match_href
https://www.vlr.gg/event/matches/795/,/64561/monkey-momentum-vs-cavalry-esports-champions-tour-europe-stage-1-challengers-2-ro256,invalid_match_href
https://www.vlr.gg/event/matches/795/,/64562/wave-esports-vs-csopipaki-champions-tour-europe-stage-1-challengers-2-ro256,invalid_match_href
https://www.vlr.gg/event/matches/795/,/64563/gstars-vs-bang-average-champions-tour-europe-stage-1-challengers-2-ro256,invalid_match_href
https://www.vlr.gg/event/matches/795/,/64564/ucam-tokiers-vs-needorgpt-champions-tour-europe-stage-1-challengers-2-ro256,invalid_match_href
https://www.vlr.gg/event/matches/795/,/64565/nom-esports-vs-heet-champions-tour-europe-stage-1-challengers-2-ro256,invalid_match_href
https://www.vlr.gg/event/matches/795/,/64566/giants-gaming-vs-ents-champions-tour-europe-stage-1-challengers-2-ro256,invalid_match_href
https://www.vlr.gg/event/matches/795/,/64567/reborn-vs-ownage-champions-tour-europe-stage-1-challengers-2-ro256,invalid_match_href
https://www.vlr.gg/event/matches/795/,/64568/team-progress-vs-nonsensegaming-champions-tour-europe-stage-1-challengers-2-ro256,invalid_match_href
https://www.vlr.gg/event/matches/795/,/64569/g2-gozen-vs-vevici-esports-champions-tour-europe-stage-1-challengers-2-ro256,invalid_match_href
https://www.vlr.gg/event/matches/795/,/64630/wave-esports-vs-bang-average-champions-tour-europe-stage-1-challengers-2-ro128,invalid_match_href
https://www.vlr.gg/event/matches/795/,/64632/giants-gaming-vs-ownage-champions-tour-europe-stage-1-challengers-2-ro128,invalid_match_href
https://www.vlr.gg/event/matches/795/,/64570/team-bds-vs-who-cars-champions-tour-europe-stage-1-challengers-2-ro128,invalid_match_href
https://www.vlr.gg/event/matches/795/,/64571/ymca-esports-vs-macbernick-champions-tour-europe-stage-1-challengers-2-ro128,invalid_match_href
https://www.vlr.gg/event/matches/795/,/64572/cowana-gaming-vs-good-morning-champions-tour-europe-stage-1-challengers-2-ro128,invalid_match_href
https://www.vlr.gg/event/matches/795/,/64573/ovation-esports-vs-abstruse-champions-tour-europe-stage-1-challengers-2-ro128,invalid_match_href
https://www.vlr.gg/event/matches/795/,/64575/boss-reformed-vs-amazing-champions-tour-europe-stage-1-challengers-2-ro128,invalid_match_href
https://www.vlr.gg/event/matches/795/,/64577/silent-fraggers-vs-ex0tik-gaming-champions-tour-europe-stage-1-challengers-2-ro128,invalid_match_href
https://www.vlr.gg/event/matches/795/,/64578/straight-outta-retirement-vs-royals-champions-tour-europe-stage-1-challengers-2-ro128,invalid_match_href
https://www.vlr.gg/event/matches/795/,/64579/la-puenta-vs-valorando-champions-tour-europe-stage-1-challengers-2-ro128,invalid_match_href
https://www.vlr.gg/event/matches/795/,/64580/team-finest-vs-h2o-champions-tour-europe-stage-1-challengers-2-ro128,invalid_match_href
https://www.vlr.gg/event/matches/795/,/64581/klanik-esport-vs-sad-anime-gamer-champions-tour-europe-stage-1-challengers-2-ro128,invalid_match_href
https://www.vlr.gg/event/matches/795/,/64582/anonymo-esports-vs-eu-reject-champions-tour-europe-stage-1-challengers-2-ro128,invalid_match_href
https://www.vlr.gg/event/matches/795/,/64583/fpalix-vs-paschka-champions-tour-europe-stage-1-challengers-2-ro128,invalid_match_href
https://www.vlr.gg/event/matches/795/,/64584/orgless22-vs-into-the-breach-champions-tour-europe-stage-1-challengers-2-ro128,invalid_match_href
https://www.vlr.gg/event/matches/795/,/64585/tba22-vs-bifrost-champions-tour-europe-stage-1-challengers-2-ro128,invalid_match_href
https://www.vlr.gg/event/matches/795/,/64587/86-vs-dog-afari-champions-tour-europe-stage-1-challengers-2-ro128,invalid_match_href
https://www.vlr.gg/event/matches/795/,/64588/need-more-dm-vs-banana-boys-champions-tour-europe-stage-1-challengers-2-ro128,invalid_match_href
https://www.vlr.gg/event/matches/795/,/64589/retired-flavor-vs-majtkomat-champions-tour-europe-stage-1-challengers-2-ro128,invalid_match_href
https://www.vlr.gg/event/matches/795/,/64590/bref-vs-currygold-champions-tour-europe-stage-1-challengers-2-ro128,invalid_match_href
https://www.vlr.gg/event/matches/795/,/64591/esport-generation-vs-incognito-champions-tour-europe-stage-1-challengers-2-ro128,invalid_match_href
https://www.vlr.gg/event/matches/795/,/64592/excel-vs-capacitanes-champions-tour-europe-stage-1-challengers-2-ro128,invalid_match_href
https://www.vlr.gg/event/matches/795/,/64594/cgn-esports-vs-penta-champions-tour-europe-stage-1-challengers-2-ro128,invalid_match_href
https://www.vlr.gg/event/matches/795/,/64595/extraordinary-vs-polonez-champions-tour-europe-stage-1-challengers-2-ro128,invalid_match_href
https://www.vlr.gg/event/matches/795/,/64596/wataha-vs-sicario-champions-tour-europe-stage-1-challengers-2-ro128,invalid_match_href
https://www.vlr.gg/event/matches/795/,/64597/dame-time-vs-team-focus-champions-tour-europe-stage-1-challengers-2-ro128,invalid_match_href
https://www.vlr.gg/event/matches/795/,/64598/case-esports-vs-sissi-state-punks-champions-tour-europe-stage-1-challengers-2-ro128,invalid_match_href
https://www.vlr.gg/event/matches/795/,/64599/sunnybeach-vs-big-blue-charizard-champions-tour-europe-stage-1-challengers-2-ro128,invalid_match_href
https://www.vlr.gg/event/matches/795/,/64600/giefkalash-vs-delusional-5-champions-tour-europe-stage-1-challengers-2-ro128,invalid_match_href
https://www.vlr.gg/event/matches/795/,/64601/falchion-gaming-vs-xyz-champions-tour-europe-stage-1-challengers-2-ro128,invalid_match_href
https://www.vlr.gg/event/matches/795/,/64603/frog-munchers-vs-impact-donkey-frags-champions-tour-europe-stage-1-challengers-2-ro128,invalid_match_href
https://www.vlr.gg/event/matches/795/,/64604/1gameandwegohome-vs-verendus-champions-tour-europe-stage-1-challengers-2-ro128,invalid_match_href
https://www.vlr.gg/event/matches/795/,/64605/dd-detectors-vs-star-blaze-champions-tour-europe-stage-1-challengers-2-ro128,invalid_match_href
https://www.vlr.gg/event/matches/795/,/64606/ungentium-vs-vexed-gaming-champions-tour-europe-stage-1-challengers-2-ro128,invalid_match_href
https://www.vlr.gg/event/matches/795/,/64607/connemara-vs-human-tripwires-champions-tour-europe-stage-1-challengers-2-ro128,invalid_match_href
https://www.vlr.gg/event/matches/795/,/64608/anorthosis-famagusta-esports-vs-goodfor1-champions-tour-europe-stage-1-challengers-2-ro128,invalid_match_href
https://www.vlr.gg/event/matches/795/,/64609/minima-vs-kahoot-champions-tour-europe-stage-1-challengers-2-ro128,invalid_match_href
https://www.vlr.gg/event/matches/795/,/64610/awaria-vs-red8-champions-tour-europe-stage-1-challengers-2-ro128,invalid_match_href
https://www.vlr.gg/event/matches/795/,/64611/orgless-olafs-vs-fatf-champions-tour-europe-stage-1-challengers-2-ro128,invalid_match_href
https://www.vlr.gg/event/matches/795/,/64612/stunzin5-vs-team-omega-champions-tour-europe-stage-1-challengers-2-ro128,invalid_match_href
https://www.vlr.gg/event/matches/795/,/64613/questionmark-vs-elusive-champions-tour-europe-stage-1-challengers-2-ro128,invalid_match_href
https://www.vlr.gg/event/matches/795/,/64615/szmery-bajery-krecenie-afery-vs-balkan-stars-champions-tour-europe-stage-1-challengers-2-ro128,invalid_match_href
https://www.vlr.gg/event/matches/795/,/64619/f9-hetic-vs-in-the-making-champions-tour-europe-stage-1-challengers-2-ro128,invalid_match_href
https://www.vlr.gg/event/matches/795/,/64620/mcdonalds-shift-vs-5-goats-champions-tour-europe-stage-1-challengers-2-ro128,invalid_match_href
https://www.vlr.gg/event/matches/795/,/64621/esports-team-twente-vs-dsyre-champions-tour-europe-stage-1-challengers-2-ro128,invalid_match_href
https://www.vlr.gg/event/matches/795/,/64622/kova-vs-fokus-champions-tour-europe-stage-1-challengers-2-ro128,invalid_match_href
https://www.vlr.gg/event/matches/795/,/64623/internalgg-vs-savage-gg-champions-tour-europe-stage-1-challengers-2-ro128,invalid_match_href
https://www.vlr.gg/event/matches/795/,/64624/mango-vs-digital-athletics-champions-tour-europe-stage-1-challengers-2-ro128,invalid_match_href
https://www.vlr.gg/event/matches/795/,/64625/h-popper-vs-soldados-de-lembo-champions-tour-europe-stage-1-challengers-2-ro128,invalid_match_href
https://www.vlr.gg/event/matches/795/,/64627/woofwoof-vs-dajjal-champions-tour-europe-stage-1-challengers-2-ro128,invalid_match_href
https://www.vlr.gg/event/matches/795/,/64628/ignite-vs-x7-ireland-champions-tour-europe-stage-1-challengers-2-ro128,invalid_match_href
https://www.vlr.gg/event/matches/795/,/64629/intellectually-challenged-gamers-vs-monkey-momentum-champions-tour-europe-stage-1-challengers-2,invalid_match_href
https://www.vlr.gg/event/matches/795/,/64633/team-progress-vs-g2-gozen-champions-tour-europe-stage-1-challengers-2-ro128,invalid_match_href
https://www.vlr.gg/event/matches/795/,/64586/koi-vs-vamos-esports-champions-tour-europe-stage-1-challengers-2-ro128,invalid_match_href
https://www.vlr.gg/event/matches/795/,/64574/19esports-vs-capybaras-champions-tour-europe-stage-1-challengers-2-ro128,invalid_match_href
https://www.vlr.gg/event/matches/795/,/64593/team-heretics-vs-camioneros-valorant-club-champions-tour-europe-stage-1-challengers-2-ro128,invalid_match_href
https://www.vlr.gg/event/matches/795/,/64576/rix-gg-thunder-vs-purple-team-champions-tour-europe-stage-1-challengers-2-ro128,invalid_match_href
https://www.vlr.gg/event/matches/795/,/64602/g2-esports-vs-a-mmagica-champions-tour-europe-stage-1-challengers-2-ro128,invalid_match_href
https://www.vlr.gg/event/matches/795/,/64614/yonk-vs-we-dem-bois-champions-tour-europe-stage-1-challengers-2-ro128,invalid_match_href
https://www.vlr.gg/event/matches/795/,/64616/og-vs-true-kings-champions-tour-europe-stage-1-challengers-2-ro128,invalid_match_href
https://www.vlr.gg/event/matches/795/,/64617/limitless-vs-the-goose-house-champions-tour-europe-stage-1-challengers-2-ro128,invalid_match_href
https://www.vlr.gg/event/matches/795/,/64618/ldn-utd-vs-senthex-champions-tour-europe-stage-1-challengers-2-ro128,invalid_match_href
https://www.vlr.gg/event/matches/795/,/64626/team-queso-vs-endless-gaming-champions-tour-europe-stage-1-challengers-2-ro128,invalid_match_href
https://www.vlr.gg/event/matches/795/,/64631/ucam-tokiers-vs-nom-esports-champions-tour-europe-stage-1-challengers-2-ro128,invalid_match_href
https://www.vlr.gg/event/matches/795/,/64634/who-cars-vs-macbernick-champions-tour-europe-stage-1-challengers-2-ro64,invalid_match_href
https://www.vlr.gg/event/matches/795/,/64635/good-morning-vs-ovation-esports-champions-tour-europe-stage-1-challengers-2-ro64,invalid_match_href
https://www.vlr.gg/event/matches/795/,/64636/19esports-vs-boss-reformed-champions-tour-europe-stage-1-challengers-2-ro64,invalid_match_href
https://www.vlr.gg/event/matches/795/,/64637/rix-gg-thunder-vs-ex0tik-gaming-champions-tour-europe-stage-1-challengers-2-ro64,invalid_match_href
https://www.vlr.gg/event/matches/795/,/64638/straight-outta-retirement-vs-valorando-champions-tour-europe-stage-1-challengers-2-ro64,invalid_match_href
https://www.vlr.gg/event/matches/795/,/64639/team-finest-vs-klanik-esport-champions-tour-europe-stage-1-challengers-2-ro64,invalid_match_href
https://www.vlr.gg/event/matches/795/,/64640/anonymo-esports-vs-paschka-champions-tour-europe-stage-1-challengers-2-ro64,invalid_match_href
https://www.vlr.gg/event/matches/795/,/64641/orgless22-vs-tba22-champions-tour-europe-stage-1-challengers-2-ro64,invalid_match_href
https://www.vlr.gg/event/matches/795/,/64642/koi-vs-86-champions-tour-europe-stage-1-challengers-2-ro64,invalid_match_href
https://www.vlr.gg/event/matches/795/,/64643/need-more-dm-vs-majtkomat-champions-tour-europe-stage-1-challengers-2-ro64,invalid_match_href
https://www.vlr.gg/event/matches/795/,/64644/bref-vs-incognito-champions-tour-europe-stage-1-challengers-2-ro64,invalid_match_href
https://www.vlr.gg/event/matches/795/,/64645/excel-vs-team-heretics-champions-tour-europe-stage-1-challengers-2-ro64,invalid_match_href
https://www.vlr.gg/event/matches/795/,/64646/cgn-esports-vs-polonez-champions-tour-europe-stage-1-challengers-2-ro64,invalid_match_href
https://www.vlr.gg/event/matches/795/,/64647/wataha-vs-dame-time-champions-tour-europe-stage-1-challengers-2-ro64,invalid_match_href
https://www.vlr.gg/event/matches/795/,/64648/case-esports-vs-sunnybeach-champions-tour-europe-stage-1-challengers-2-ro64,invalid_match_href
https://www.vlr.gg/event/matches/795/,/64649/giefkalash-vs-xyz-champions-tour-europe-stage-1-challengers-2-ro64,invalid_match_href
https://www.vlr.gg/event/matches/795/,/64650/g2-esports-vs-frog-munchers-champions-tour-europe-stage-1-challengers-2-ro64,invalid_match_href
https://www.vlr.gg/event/matches/795/,/64651/verendus-vs-dd-detectors-champions-tour-europe-stage-1-challengers-2-ro64,invalid_match_href
https://www.vlr.gg/event/matches/795/,/64652/vexed-gaming-vs-human-tripwires-champions-tour-europe-stage-1-challengers-2-ro64,invalid_match_href
https://www.vlr.gg/event/matches/795/,/64653/anorthosis-famagusta-esports-vs-kahoot-champions-tour-europe-stage-1-challengers-2-ro64,invalid_match_href
https://www.vlr.gg/event/matches/795/,/64654/awaria-vs-orgless-olafs-champions-tour-europe-stage-1-challengers-2-ro64,invalid_match_href
https://www.vlr.gg/event/matches/795/,/64655/stunzin5-vs-questionmark-champions-tour-europe-stage-1-challengers-2-ro64,invalid_match_href
https://www.vlr.gg/event/matches/795/,/64656/yonk-vs-balkan-stars-champions-tour-europe-stage-1-challengers-2-ro64,invalid_match_href
https://www.vlr.gg/event/matches/795/,/64657/og-vs-the-goose-house-champions-tour-europe-stage-1-challengers-2-ro64,invalid_match_href
https://www.vlr.gg/event/matches/795/,/64658/ldn-utd-vs-f9-hetic-champions-tour-europe-stage-1-challengers-2-ro64,invalid_match_href
https://www.vlr.gg/event/matches/795/,/64659/mcdonalds-shift-vs-dsyre-champions-tour-europe-stage-1-challengers-2-ro64,invalid_match_href
https://www.vlr.gg/event/matches/795/,/64660/kova-vs-internalgg-champions-tour-europe-stage-1-challengers-2-ro64,invalid_match_href
https://www.vlr.gg/event/matches/795/,/64661/digital-athletics-vs-soldados-de-lembo-champions-tour-europe-stage-1-challengers-2-ro64,invalid_match_href
https://www.vlr.gg/event/matches/795/,/64662/team-queso-vs-woofwoof-champions-tour-europe-stage-1-challengers-2-ro64,invalid_match_href
https://www.vlr.gg/event/matches/795/,/64663/x7-ireland-vs-monkey-momentum-champions-tour-europe-stage-1-challengers-2-ro64,invalid_match_href
https://www.vlr.gg/event/matches/795/,/64664/wave-esports-vs-nom-esports-champions-tour-europe-stage-1-challengers-2-ro64,invalid_match_href
https://www.vlr.gg/event/matches/795/,/64665/giants-gaming-vs-team-progress-champions-tour-europe-stage-1-challengers-2-ro64,invalid_match_href
https://www.vlr.gg/event/matches/795/,/64666/who-cars-vs-ovation-esports-champions-tour-europe-stage-1-challengers-2-ro32,invalid_match_href
https://www.vlr.gg/event/matches/795/,/64667/19esports-vs-rix-gg-thunder-champions-tour-europe-stage-1-challengers-2-ro32,invalid_match_href
https://www.vlr.gg/event/matches/795/,/64669/anonymo-esports-vs-orgless22-champions-tour-europe-stage-1-challengers-2-ro32,invalid_match_href
https://www.vlr.gg/event/matches/795/,/64670/koi-vs-need-more-dm-champions-tour-europe-stage-1-challengers-2-ro32,invalid_match_href
https://www.vlr.gg/event/matches/795/,/64671/bref-vs-excel-champions-tour-europe-stage-1-challengers-2-ro32,invalid_match_href
https://www.vlr.gg/event/matches/795/,/64672/cgn-esports-vs-wataha-champions-tour-europe-stage-1-challengers-2-ro32,invalid_match_href
https://www.vlr.gg/event/matches/795/,/64673/case-esports-vs-giefkalash-champions-tour-europe-stage-1-challengers-2-ro32,invalid_match_href
https://www.vlr.gg/event/matches/795/,/64675/human-tripwires-vs-anorthosis-famagusta-esports-champions-tour-europe-stage-1-challengers-2-ro32,invalid_match_href
https://www.vlr.gg/event/matches/795/,/64676/awaria-vs-questionmark-champions-tour-europe-stage-1-challengers-2-ro32,invalid_match_href
https://www.vlr.gg/event/matches/795/,/64678/ldn-utd-vs-dsyre-champions-tour-europe-stage-1-challengers-2-ro32,invalid_match_href
https://www.vlr.gg/event/matches/795/,/64679/kova-vs-soldados-de-lembo-champions-tour-europe-stage-1-challengers-2-ro32,invalid_match_href
https://www.vlr.gg/event/matches/795/,/64681/wave-esports-vs-giants-gaming-champions-tour-europe-stage-1-challengers-2-ro32,invalid_match_href
https://www.vlr.gg/event/matches/795/,/64668/valorando-vs-team-finest-champions-tour-europe-stage-1-challengers-2-ro32,invalid_match_href
https://www.vlr.gg/event/matches/795/,/64674/g2-esports-vs-verendus-champions-tour-europe-stage-1-challengers-2-ro32,invalid_match_href
https://www.vlr.gg/event/matches/795/,/64677/yonk-vs-og-champions-tour-europe-stage-1-challengers-2-ro32,invalid_match_href
https://www.vlr.gg/event/matches/795/,/64680/team-queso-vs-monkey-momentum-champions-tour-europe-stage-1-challengers-2-ro32,invalid_match_href
https://www.vlr.gg/event/matches/795/,/64683/who-cars-vs-19esports-champions-tour-europe-stage-1-challengers-2-ro16,invalid_match_href
https://www.vlr.gg/event/matches/795/,/64684/team-finest-vs-anonymo-esports-champions-tour-europe-stage-1-challengers-2-ro16,invalid_match_href
https://www.vlr.gg/event/matches/795/,/64685/need-more-dm-vs-excel-champions-tour-europe-stage-1-challengers-2-ro16,invalid_match_href
https://www.vlr.gg/event/matches/795/,/64686/cgn-esports-vs-case-esports-champions-tour-europe-stage-1-challengers-2-ro16,invalid_match_href
https://www.vlr.gg/event/matches/795/,/64687/g2-esports-vs-human-tripwires-champions-tour-europe-stage-1-challengers-2-ro16,invalid_match_href
https://www.vlr.gg/event/matches/795/,/64688/awaria-vs-yonk-champions-tour-europe-stage-1-challengers-2-ro16,invalid_match_href
https://www.vlr.gg/event/matches/795/,/64689/ldn-utd-vs-kova-champions-tour-europe-stage-1-challengers-2-ro16,invalid_match_href
https://www.vlr.gg/event/matches/795/,/64690/team-queso-vs-wave-esports-champions-tour-europe-stage-1-challengers-2-ro16,invalid_match_href
https://www.vlr.gg/event/matches/795/,/64691/19esports-vs-team-finest-champions-tour-europe-stage-1-challengers-2-qf,invalid_match_href
https://www.vlr.gg/event/matches/795/,/64692/excel-vs-case-esports-champions-tour-europe-stage-1-challengers-2-qf,invalid_match_href
https://www.vlr.gg/event/matches/795/,/64694/ldn-utd-vs-wave-esports-champions-tour-europe-stage-1-challengers-2-qf,invalid_match_href
https://www.vlr.gg/event/matches/795/,/64693/g2-esports-vs-yonk-champions-tour-europe-stage-1-challengers-2-qf,invalid_match_href
https://www.vlr.gg/event/matches/795/,/65282/team-vitality-vs-ldn-utd-champions-tour-europe-stage-1-challengers-2-ubqf,invalid_match_href
https://www.vlr.gg/event/matches/795/,/65283/rebels-gaming-vs-excel-champions-tour-europe-stage-1-challengers-2-ubqf,invalid_match_href
https://www.vlr.gg/event/matches/795/,/65284/alliance-vs-g2-esports-champions-tour-europe-stage-1-challengers-2-ubqf,invalid_match_href
https://www.vlr.gg/event/matches/795/,/65285/tenstar-vs-team-finest-champions-tour-europe-stage-1-challengers-2-ubqf,invalid_match_href
https://www.vlr.gg/event/matches/795/,/65286/team-vitality-vs-excel-champions-tour-europe-stage-1-challengers-2-ubsf,invalid_match_href
https://www.vlr.gg/event/matches/795/,/65289/ldn-utd-vs-rebels-gaming-champions-tour-europe-stage-1-challengers-2-lr1,invalid_match_href
https://www.vlr.gg/event/matches/795/,/65287/g2-esports-vs-tenstar-champions-tour-europe-stage-1-challengers-2-ubsf,invalid_match_href
https://www.vlr.gg/event/matches/795/,/65290/alliance-vs-team-finest-champions-tour-europe-stage-1-challengers-2-lr1,invalid_match_href
https://www.vlr.gg/event/matches/795/,/65291/tenstar-vs-ldn-utd-champions-tour-europe-stage-1-challengers-2-lr2,invalid_match_href
https://www.vlr.gg/event/matches/795/,/65292/team-vitality-vs-alliance-champions-tour-europe-stage-1-challengers-2-lr2,invalid_match_href
https://www.vlr.gg/event/matches/795/,/65293/ldn-utd-vs-team-vitality-champions-tour-europe-stage-1-challengers-2-lr3,invalid_match_href
https://www.vlr.gg/event/matches/795/,/65288/excel-vs-g2-esports-champions-tour-europe-stage-1-challengers-2-ubf,invalid_match_href
https://www.vlr.gg/event/matches/795/,/65294/excel-vs-ldn-utd-champions-tour-europe-stage-1-challengers-2-lf,invalid_match_href
https://www.vlr.gg/event/matches/796/,/64310/aim-attack-vs-aigyr-academy-champions-tour-cis-stage-1-challengers-2-ro64,invalid_match_href
https://www.vlr.gg/event/matches/796/,/64311/ezclap-vs-valorant-sharaga-champions-tour-cis-stage-1-challengers-2-ro64,invalid_match_href
https://www.vlr.gg/event/matches/796/,/64312/nitrogen7-vs-triada-champions-tour-cis-stage-1-challengers-2-ro64,invalid_match_href
https://www.vlr.gg/event/matches/796/,/64313/quantumbrain-vs-champions-tour-cis-stage-1-challengers-2-ro64,invalid_match_href
https://www.vlr.gg/event/matches/796/,/64314/vctry-esports-vs-furi-4-champions-tour-cis-stage-1-challengers-2-ro64,invalid_match_href
https://www.vlr.gg/event/matches/796/,/64315/noavocado-vs-nyapoka-champions-tour-cis-stage-1-challengers-2-ro64,invalid_match_href
https://www.vlr.gg/event/matches/796/,/64316/redragon-vs-genei-ryodan-champions-tour-cis-stage-1-challengers-2-ro64,invalid_match_href
https://www.vlr.gg/event/matches/796/,/64317/cast-gaming-vs-312-champions-tour-cis-stage-1-challengers-2-ro64,invalid_match_href
https://www.vlr.gg/event/matches/796/,/64318/fishkavtom-vs-v-k3par1ke-champions-tour-cis-stage-1-challengers-2-ro64,invalid_match_href
https://www.vlr.gg/event/matches/796/,/64319/komand04ka-vs-ahekdot-champions-tour-cis-stage-1-challengers-2-ro64,invalid_match_href
https://www.vlr.gg/event/matches/796/,/64320/deathwish-vs-ulitka-champions-tour-cis-stage-1-challengers-2-ro64,invalid_match_href
https://www.vlr.gg/event/matches/796/,/64321/aeon-vs-ax3-champions-tour-cis-stage-1-challengers-2-ro64,invalid_match_href
https://www.vlr.gg/event/matches/796/,/64322/ez-katka-vs-crushers-champions-tour-cis-stage-1-challengers-2-ro64,invalid_match_href
https://www.vlr.gg/event/matches/796/,/64323/unravel-vs-nats-fans-champions-tour-cis-stage-1-challengers-2-ro64,invalid_match_href
https://www.vlr.gg/event/matches/796/,/64324/qlf-clan-vs-next-gen-champions-tour-cis-stage-1-challengers-2-ro64,invalid_match_href
https://www.vlr.gg/event/matches/796/,/64325/whydah-vs-dobeg-champions-tour-cis-stage-1-challengers-2-ro64,invalid_match_href
https://www.vlr.gg/event/matches/796/,/64326/one-breath-gaming-vs-disband-champions-tour-cis-stage-1-challengers-2-ro64,invalid_match_href
https://www.vlr.gg/event/matches/796/,/64327/cis-killers-vs-winstrike-academy-champions-tour-cis-stage-1-challengers-2-ro64,invalid_match_href
https://www.vlr.gg/event/matches/796/,/64328/born-in-fire-vs-aim-face-champions-tour-cis-stage-1-challengers-2-ro64,invalid_match_href
https://www.vlr.gg/event/matches/796/,/64329/space-development-vs-next-viigraem-champions-tour-cis-stage-1-challengers-2-ro64,invalid_match_href
https://www.vlr.gg/event/matches/796/,/64330/team-hz-vs-secha-ghouls-champions-tour-cis-stage-1-challengers-2-ro64,invalid_match_href
https://www.vlr.gg/event/matches/796/,/64331/who-cares-vs-tyeasy-champions-tour-cis-stage-1-challengers-2-ro64,invalid_match_href
https://www.vlr.gg/event/matches/796/,/64332/veselievintovki-vs-norden-esports-champions-tour-cis-stage-1-challengers-2-ro64,invalid_match_href
https://www.vlr.gg/event/matches/796/,/64333/smile-vs-the-bears-champions-tour-cis-stage-1-challengers-2-ro64,invalid_match_href
https://www.vlr.gg/event/matches/796/,/64334/b8-esports-vs-ranked-legends-champions-tour-cis-stage-1-challengers-2-ro64,invalid_match_href
https://www.vlr.gg/event/matches/796/,/64335/fat7-vs-purpure-champions-tour-cis-stage-1-challengers-2-ro64,invalid_match_href
https://www.vlr.gg/event/matches/796/,/64336/sleepless-vs-lzt-gaming-champions-tour-cis-stage-1-challengers-2-ro64,invalid_match_href
https://www.vlr.gg/event/matches/796/,/64337/kabahbl-vs-team420-champions-tour-cis-stage-1-challengers-2-ro64,invalid_match_href
https://www.vlr.gg/event/matches/796/,/64338/tactical-five-vs-kaido-champions-tour-cis-stage-1-challengers-2-ro64,invalid_match_href
https://www.vlr.gg/event/matches/796/,/64339/universe-vs-punch-champions-tour-cis-stage-1-challengers-2-ro64,invalid_match_href
https://www.vlr.gg/event/matches/796/,/64340/odium-vs-vct-champions-tour-cis-stage-1-challengers-2-ro64,invalid_match_href
https://www.vlr.gg/event/matches/796/,/64341/playordie-vs-powerrangers-champions-tour-cis-stage-1-challengers-2-ro64,invalid_match_href
https://www.vlr.gg/event/matches/796/,/64342/aim-attack-vs-ezclap-champions-tour-cis-stage-1-challengers-2-ro32,invalid_match_href
https://www.vlr.gg/event/matches/796/,/64343/triada-vs-champions-tour-cis-stage-1-challengers-2-ro32,invalid_match_href
https://www.vlr.gg/event/matches/796/,/64344/furi-4-vs-nyapoka-champions-tour-cis-stage-1-challengers-2-ro32,invalid_match_href
https://www.vlr.gg/event/matches/796/,/64345/redragon-vs-cast-gaming-champions-tour-cis-stage-1-challengers-2-ro32,invalid_match_href
https://www.vlr.gg/event/matches/796/,/64346/fishkavtom-vs-ahekdot-champions-tour-cis-stage-1-challengers-2-ro32,invalid_match_href
https://www.vlr.gg/event/matches/796/,/64347/deathwish-vs-ax3-champions-tour-cis-stage-1-challengers-2-ro32,invalid_match_href
https://www.vlr.gg/event/matches/796/,/64348/ez-katka-vs-unravel-champions-tour-cis-stage-1-challengers-2-ro32,invalid_match_href
https://www.vlr.gg/event/matches/796/,/64349/next-gen-vs-dobeg-champions-tour-cis-stage-1-challengers-2-ro32,invalid_match_href
https://www.vlr.gg/event/matches/796/,/64350/one-breath-gaming-vs-cis-killers-champions-tour-cis-stage-1-challengers-2-ro32,invalid_match_href
https://www.vlr.gg/event/matches/796/,/64351/aim-face-vs-next-viigraem-champions-tour-cis-stage-1-challengers-2-ro32,invalid_match_href
https://www.vlr.gg/event/matches/796/,/64352/team-hz-vs-tyeasy-champions-tour-cis-stage-1-challengers-2-ro32,invalid_match_href
https://www.vlr.gg/event/matches/796/,/64353/veselievintovki-vs-smile-champions-tour-cis-stage-1-challengers-2-ro32,invalid_match_href
https://www.vlr.gg/event/matches/796/,/64354/b8-esports-vs-purpure-champions-tour-cis-stage-1-challengers-2-ro32,invalid_match_href
https://www.vlr.gg/event/matches/796/,/64355/sleepless-vs-team420-champions-tour-cis-stage-1-challengers-2-ro32,invalid_match_href
https://www.vlr.gg/event/matches/796/,/64356/tactical-five-vs-punch-champions-tour-cis-stage-1-challengers-2-ro32,invalid_match_href
https://www.vlr.gg/event/matches/796/,/64357/odium-vs-powerrangers-champions-tour-cis-stage-1-challengers-2-ro32,invalid_match_href
https://www.vlr.gg/event/matches/796/,/64358/ezclap-vs-champions-tour-cis-stage-1-challengers-2-ro16,invalid_match_href
https://www.vlr.gg/event/matches/796/,/64359/furi-4-vs-redragon-champions-tour-cis-stage-1-challengers-2-ro16,invalid_match_href
https://www.vlr.gg/event/matches/796/,/64361/ez-katka-vs-dobeg-champions-tour-cis-stage-1-challengers-2-ro16,invalid_match_href
https://www.vlr.gg/event/matches/796/,/64363/team-hz-vs-veselievintovki-champions-tour-cis-stage-1-challengers-2-ro16,invalid_match_href
https://www.vlr.gg/event/matches/796/,/64364/b8-esports-vs-sleepless-champions-tour-cis-stage-1-challengers-2-ro16,invalid_match_href
https://www.vlr.gg/event/matches/796/,/64365/tactical-five-vs-odium-champions-tour-cis-stage-1-challengers-2-ro16,invalid_match_href
https://www.vlr.gg/event/matches/796/,/64362/one-breath-gaming-vs-next-viigraem-champions-tour-cis-stage-1-challengers-2-ro16,invalid_match_href
https://www.vlr.gg/event/matches/796/,/64360/fishkavtom-vs-ax3-champions-tour-cis-stage-1-challengers-2-ro16,invalid_match_href
https://www.vlr.gg/event/matches/796/,/64366/ezclap-vs-furi-4-champions-tour-cis-stage-1-challengers-2-qf,invalid_match_href
https://www.vlr.gg/event/matches/796/,/64367/ax3-vs-dobeg-champions-tour-cis-stage-1-challengers-2-qf,invalid_match_href
https://www.vlr.gg/event/matches/796/,/64368/next-viigraem-vs-veselievintovki-champions-tour-cis-stage-1-challengers-2-qf,invalid_match_href
https://www.vlr.gg/event/matches/796/,/64369/b8-esports-vs-tactical-five-champions-tour-cis-stage-1-challengers-2-qf,invalid_match_href
https://www.vlr.gg/event/matches/796/,/65230/natus-vincere-vs-ezclap-champions-tour-cis-stage-1-challengers-2-ubqf,invalid_match_href
https://www.vlr.gg/event/matches/796/,/65231/5mokes-vs-veselievintovki-champions-tour-cis-stage-1-challengers-2-ubqf,invalid_match_href
https://www.vlr.gg/event/matches/796/,/65232/kpi-gaming-vs-dobeg-champions-tour-cis-stage-1-challengers-2-ubqf,invalid_match_href
https://www.vlr.gg/event/matches/796/,/65233/smaracis-esports-vs-tactical-five-champions-tour-cis-stage-1-challengers-2-ubqf,invalid_match_href
https://www.vlr.gg/event/matches/796/,/65234/natus-vincere-vs-5mokes-champions-tour-cis-stage-1-challengers-2-ubsf,invalid_match_href
https://www.vlr.gg/event/matches/796/,/65235/kpi-gaming-vs-tactical-five-champions-tour-cis-stage-1-challengers-2-ubsf,invalid_match_href
https://www.vlr.gg/event/matches/796/,/65238/ezclap-vs-veselievintovki-champions-tour-cis-stage-1-challengers-2-lr1,invalid_match_href
https://www.vlr.gg/event/matches/796/,/65239/dobeg-vs-smaracis-esports-champions-tour-cis-stage-1-challengers-2-lr1,invalid_match_href
https://www.vlr.gg/event/matches/796/,/65241/natus-vincere-vs-dobeg-champions-tour-cis-stage-1-challengers-2-lr2,invalid_match_href
https://www.vlr.gg/event/matches/796/,/65236/5mokes-vs-tactical-five-champions-tour-cis-stage-1-challengers-2-ubf,invalid_match_href
https://www.vlr.gg/event/matches/796/,/65240/kpi-gaming-vs-veselievintovki-champions-tour-cis-stage-1-challengers-2-lr2,invalid_match_href
https://www.vlr.gg/event/matches/796/,/65242/kpi-gaming-vs-natus-vincere-champions-tour-cis-stage-1-challengers-2-lr3,invalid_match_href
https://www.vlr.gg/event/matches/796/,/65244/veselievintovki-vs-dobeg-champions-tour-cis-stage-1-challengers-2-match-5-6,invalid_match_href
https://www.vlr.gg/event/matches/796/,/65243/tactical-five-vs-natus-vincere-champions-tour-cis-stage-1-challengers-2-lbf,invalid_match_href
https://www.vlr.gg/event/matches/796/,/65237/5mokes-vs-natus-vincere-champions-tour-cis-stage-1-challengers-2-gf,invalid_match_href
https://www.vlr.gg/event/matches/797/,/64371/futbolist-vs-overwatch-champions-tour-turkey-stage-1-challengers-2-ro64,invalid_match_href
https://www.vlr.gg/event/matches/797/,/64372/otherside-vs-mad-mare-champions-tour-turkey-stage-1-challengers-2-ro64,invalid_match_href
https://www.vlr.gg/event/matches/797/,/64373/atlantis-vs-defendyourself-champions-tour-turkey-stage-1-challengers-2-ro64,invalid_match_href
https://www.vlr.gg/event/matches/797/,/64374/sahangiller-espor-vs-pcific-champions-tour-turkey-stage-1-challengers-2-ro64,invalid_match_href
https://www.vlr.gg/event/matches/797/,/64375/stanbul-wildcats-vs-fawes-champions-tour-turkey-stage-1-challengers-2-ro64,invalid_match_href
https://www.vlr.gg/event/matches/797/,/64376/never-give-up-vs-saklabanlar-champions-tour-turkey-stage-1-challengers-2-ro64,invalid_match_href
https://www.vlr.gg/event/matches/797/,/64377/blablabla-vs-lose-angeles-champions-tour-turkey-stage-1-challengers-2-ro64,invalid_match_href
https://www.vlr.gg/event/matches/797/,/64378/unknownpros-vs-mortal-step-up-champions-tour-turkey-stage-1-challengers-2-ro64,invalid_match_href
https://www.vlr.gg/event/matches/797/,/64379/regnum-carya-esports-vs-adini-sen-koy-champions-tour-turkey-stage-1-challengers-2-ro64,invalid_match_href
https://www.vlr.gg/event/matches/797/,/64380/radiant-elo-gatekeepers-vs-fliers-champions-tour-turkey-stage-1-challengers-2-ro64,invalid_match_href
https://www.vlr.gg/event/matches/797/,/64381/team-aurora-vs-cradle-to-grave-champions-tour-turkey-stage-1-challengers-2-ro64,invalid_match_href
https://www.vlr.gg/event/matches/797/,/64382/part-time-players-vs-k-champions-tour-turkey-stage-1-challengers-2-ro64,invalid_match_href
https://www.vlr.gg/event/matches/797/,/64383/eternal-fire-vs-010-esports-champions-tour-turkey-stage-1-challengers-2-ro64,invalid_match_href
https://www.vlr.gg/event/matches/797/,/64384/kafalar-esports-vs-piercer-esports-champions-tour-turkey-stage-1-challengers-2-ro64,invalid_match_href
https://www.vlr.gg/event/matches/797/,/64385/axid-esports-vs-kbb-kagitspor-champions-tour-turkey-stage-1-challengers-2-ro64,invalid_match_href
https://www.vlr.gg/event/matches/797/,/64386/team-demiral-esports-vs-step-back-champions-tour-turkey-stage-1-challengers-2-ro64,invalid_match_href
https://www.vlr.gg/event/matches/797/,/64387/fenerbah-e-esports-vs-young-talent-esports-champions-tour-turkey-stage-1-challengers-2-ro64,invalid_match_href
https://www.vlr.gg/event/matches/797/,/64388/devils-5-vs-turgutlu-belediyesi-esports-champions-tour-turkey-stage-1-challengers-2-ro64,invalid_match_href
https://www.vlr.gg/event/matches/797/,/64389/w0wclan-vs-most-wanted-champions-tour-turkey-stage-1-challengers-2-ro64,invalid_match_href
https://www.vlr.gg/event/matches/797/,/64390/bedels-z-vs-night-busters-champions-tour-turkey-stage-1-challengers-2-ro64,invalid_match_href
https://www.vlr.gg/event/matches/797/,/64391/thunderbolts-gaming-vs-7-states-esports-champions-tour-turkey-stage-1-challengers-2-ro64,invalid_match_href
https://www.vlr.gg/event/matches/797/,/64392/besiktas-esports-vs-knaves-e-sports-champions-tour-turkey-stage-1-challengers-2-ro64,invalid_match_href
https://www.vlr.gg/event/matches/797/,/64393/karag-mr-k-esports-vs-hs-rising-champions-tour-turkey-stage-1-challengers-2-ro64,invalid_match_href
https://www.vlr.gg/event/matches/797/,/64394/nonamers-vs-sharko-champions-tour-turkey-stage-1-challengers-2-ro64,invalid_match_href
https://www.vlr.gg/event/matches/797/,/64395/zero-zone-vs-saksagan-champions-tour-turkey-stage-1-challengers-2-ro64,invalid_match_href
https://www.vlr.gg/event/matches/797/,/64396/merlyn-esports-vs-gringo-team-champions-tour-turkey-stage-1-challengers-2-ro64,invalid_match_href
https://www.vlr.gg/event/matches/797/,/64397/team-lixa-vs-black-e-spor-champions-tour-turkey-stage-1-challengers-2-ro64,invalid_match_href
https://www.vlr.gg/event/matches/797/,/64398/anatolia-esports-vs-black-champions-tour-turkey-stage-1-challengers-2-ro64,invalid_match_href
https://www.vlr.gg/event/matches/797/,/64399/surreal-esports-vs-bela-esports-champions-tour-turkey-stage-1-challengers-2-ro64,invalid_match_href
https://www.vlr.gg/event/matches/797/,/64400/looking-for-organization-vs-mix5-champions-tour-turkey-stage-1-challengers-2-ro64,invalid_match_href
https://www.vlr.gg/event/matches/797/,/64401/3-g-n-yeter-vs-big-special-esports-champions-tour-turkey-stage-1-challengers-2-ro64,invalid_match_href
https://www.vlr.gg/event/matches/797/,/64402/vagos-vs-team-x-champions-tour-turkey-stage-1-challengers-2-ro64,invalid_match_href
https://www.vlr.gg/event/matches/797/,/64403/futbolist-vs-otherside-champions-tour-turkey-stage-1-challengers-2-ro32,invalid_match_href
https://www.vlr.gg/event/matches/797/,/64404/atlantis-vs-sahangiller-espor-champions-tour-turkey-stage-1-challengers-2-ro32,invalid_match_href
https://www.vlr.gg/event/matches/797/,/64405/fawes-vs-never-give-up-champions-tour-turkey-stage-1-challengers-2-ro32,invalid_match_href
https://www.vlr.gg/event/matches/797/,/64406/blablabla-vs-unknownpros-champions-tour-turkey-stage-1-challengers-2-ro32,invalid_match_href
https://www.vlr.gg/event/matches/797/,/64407/regnum-carya-esports-vs-fliers-champions-tour-turkey-stage-1-challengers-2-ro32,invalid_match_href
https://www.vlr.gg/event/matches/797/,/64408/team-aurora-vs-part-time-players-champions-tour-turkey-stage-1-challengers-2-ro32,invalid_match_href
https://www.vlr.gg/event/matches/797/,/64409/eternal-fire-vs-kafalar-esports-champions-tour-turkey-stage-1-challengers-2-ro32,invalid_match_href
https://www.vlr.gg/event/matches/797/,/64410/kbb-kagitspor-vs-step-back-champions-tour-turkey-stage-1-challengers-2-ro32,invalid_match_href
https://www.vlr.gg/event/matches/797/,/64411/fenerbah-e-esports-vs-turgutlu-belediyesi-esports-champions-tour-turkey-stage-1-challengers-2-ro,invalid_match_href
https://www.vlr.gg/event/matches/797/,/64412/w0wclan-vs-night-busters-champions-tour-turkey-stage-1-challengers-2-ro32,invalid_match_href
https://www.vlr.gg/event/matches/797/,/64413/thunderbolts-gaming-vs-besiktas-esports-champions-tour-turkey-stage-1-challengers-2-ro32,invalid_match_href
https://www.vlr.gg/event/matches/797/,/64414/karag-mr-k-esports-vs-nonamers-champions-tour-turkey-stage-1-challengers-2-ro32,invalid_match_href
https://www.vlr.gg/event/matches/797/,/64415/zero-zone-vs-gringo-team-champions-tour-turkey-stage-1-challengers-2-ro32,invalid_match_href
https://www.vlr.gg/event/matches/797/,/64416/team-lixa-vs-anatolia-esports-champions-tour-turkey-stage-1-challengers-2-ro32,invalid_match_href
https://www.vlr.gg/event/matches/797/,/64417/surreal-esports-vs-mix5-champions-tour-turkey-stage-1-challengers-2-ro32,invalid_match_href
https://www.vlr.gg/event/matches/797/,/64418/3-g-n-yeter-vs-team-x-champions-tour-turkey-stage-1-challengers-2-ro32,invalid_match_href
https://www.vlr.gg/event/matches/797/,/64419/futbolist-vs-sahangiller-espor-champions-tour-turkey-stage-1-challengers-2-ro16,invalid_match_href
https://www.vlr.gg/event/matches/797/,/64420/fawes-vs-blablabla-champions-tour-turkey-stage-1-challengers-2-ro16,invalid_match_href
https://www.vlr.gg/event/matches/797/,/64421/regnum-carya-esports-vs-team-aurora-champions-tour-turkey-stage-1-challengers-2-ro16,invalid_match_href
https://www.vlr.gg/event/matches/797/,/64422/eternal-fire-vs-kbb-kagitspor-champions-tour-turkey-stage-1-challengers-2-ro16,invalid_match_href
https://www.vlr.gg/event/matches/797/,/64423/fenerbah-e-esports-vs-w0wclan-champions-tour-turkey-stage-1-challengers-2-ro16,invalid_match_href
https://www.vlr.gg/event/matches/797/,/64424/thunderbolts-gaming-vs-nonamers-champions-tour-turkey-stage-1-challengers-2-ro16,invalid_match_href
https://www.vlr.gg/event/matches/797/,/64425/zero-zone-vs-team-lixa-champions-tour-turkey-stage-1-challengers-2-ro16,invalid_match_href
https://www.vlr.gg/event/matches/797/,/64426/surreal-esports-vs-3-g-n-yeter-champions-tour-turkey-stage-1-challengers-2-ro16,invalid_match_href
https://www.vlr.gg/event/matches/797/,/64427/futbolist-vs-blablabla-champions-tour-turkey-stage-1-challengers-2-qf,invalid_match_href
https://www.vlr.gg/event/matches/797/,/64428/team-aurora-vs-eternal-fire-champions-tour-turkey-stage-1-challengers-2-qf,invalid_match_href
https://www.vlr.gg/event/matches/797/,/64429/fenerbah-e-esports-vs-thunderbolts-gaming-champions-tour-turkey-stage-1-challengers-2-qf,invalid_match_href
https://www.vlr.gg/event/matches/797/,/64430/surreal-esports-vs-zero-zone-champions-tour-turkey-stage-1-challengers-2-qf,invalid_match_href
https://www.vlr.gg/event/matches/797/,/65297/fire-flux-esports-vs-team-aurora-champions-tour-turkey-stage-1-challengers-2-ubqf,invalid_match_href
https://www.vlr.gg/event/matches/797/,/65298/galakticos-vs-surreal-esports-champions-tour-turkey-stage-1-challengers-2-ubqf,invalid_match_href
https://www.vlr.gg/event/matches/797/,/65299/bbl-esports-vs-thunderbolts-gaming-champions-tour-turkey-stage-1-challengers-2-ubqf,invalid_match_href
https://www.vlr.gg/event/matches/797/,/65300/galatasaray-esports-vs-futbolist-champions-tour-turkey-stage-1-challengers-2-ubqf,invalid_match_href
https://www.vlr.gg/event/matches/797/,/65301/fire-flux-esports-vs-surreal-esports-champions-tour-turkey-stage-1-challengers-2-ubsf,invalid_match_href
https://www.vlr.gg/event/matches/797/,/65302/bbl-esports-vs-futbolist-champions-tour-turkey-stage-1-challengers-2-ubsf,invalid_match_href
https://www.vlr.gg/event/matches/797/,/65304/team-aurora-vs-galakticos-champions-tour-turkey-stage-1-challengers-2-lr1,invalid_match_href
https://www.vlr.gg/event/matches/797/,/65305/thunderbolts-gaming-vs-galatasaray-esports-champions-tour-turkey-stage-1-challengers-2-lr1,invalid_match_href
https://www.vlr.gg/event/matches/797/,/65303/fire-flux-esports-vs-futbolist-champions-tour-turkey-stage-1-challengers-2-ubf,invalid_match_href
https://www.vlr.gg/event/matches/797/,/65306/bbl-esports-vs-galakticos-champions-tour-turkey-stage-1-challengers-2-lr2,invalid_match_href
https://www.vlr.gg/event/matches/797/,/65307/surreal-esports-vs-galatasaray-esports-champions-tour-turkey-stage-1-challengers-2-lr2,invalid_match_href
https://www.vlr.gg/event/matches/797/,/65308/bbl-esports-vs-surreal-esports-champions-tour-turkey-stage-1-challengers-2-lr3,invalid_match_href
https://www.vlr.gg/event/matches/797/,/65689/galakticos-vs-galatasaray-esports-champions-tour-turkey-stage-1-challengers-2-5-6,invalid_match_href
https://www.vlr.gg/event/matches/797/,/65309/fire-flux-esports-vs-bbl-esports-champions-tour-turkey-stage-1-challengers-2-lf,invalid_match_href
https://www.vlr.gg/event/matches/797/,/65310/futbolist-vs-bbl-esports-champions-tour-turkey-stage-1-challengers-2-gf,invalid_match_href
https://www.vlr.gg/event/matches/792/,/62601/guild-esports-vs-les-braqueurs-champions-tour-europe-stage-1-challengers-1-ro256,invalid_match_href
https://www.vlr.gg/event/matches/792/,/62602/golira-esports-vs-hi-shin-champions-tour-europe-stage-1-challengers-1-ro256,invalid_match_href
https://www.vlr.gg/event/matches/792/,/62603/delusional-5-vs-farciminis-champions-tour-europe-stage-1-challengers-1-ro256,invalid_match_href
https://www.vlr.gg/event/matches/792/,/62604/elusive-vs-verendus-champions-tour-europe-stage-1-challengers-1-ro256,invalid_match_href
https://www.vlr.gg/event/matches/792/,/62605/giefkalash-vs-qz-champions-tour-europe-stage-1-challengers-1-ro256,invalid_match_href
https://www.vlr.gg/event/matches/792/,/62606/nitrogen7-vs-team-doggo-champions-tour-europe-stage-1-challengers-1-ro256,invalid_match_href
https://www.vlr.gg/event/matches/792/,/62607/ovation-esports-vs-abeconejos-champions-tour-europe-stage-1-challengers-1-ro256,invalid_match_href
https://www.vlr.gg/event/matches/792/,/62608/fokus-vs-team-homyno-champions-tour-europe-stage-1-challengers-1-ro256,invalid_match_href
https://www.vlr.gg/event/matches/792/,/62609/giants-gaming-vs-digheads-champions-tour-europe-stage-1-challengers-1-ro256,invalid_match_href
https://www.vlr.gg/event/matches/792/,/62610/nomad-vs-display-porters-champions-tour-europe-stage-1-challengers-1-ro256,invalid_match_href
https://www.vlr.gg/event/matches/792/,/62611/naptime-vs-team-onyx-champions-tour-europe-stage-1-challengers-1-ro256,invalid_match_href
https://www.vlr.gg/event/matches/792/,/62612/oned-gaming-vs-junummer-champions-tour-europe-stage-1-challengers-1-ro256,invalid_match_href
https://www.vlr.gg/event/matches/792/,/62613/vexed-gaming-vs-nandead-gaming-champions-tour-europe-stage-1-challengers-1-ro256,invalid_match_href
https://www.vlr.gg/event/matches/792/,/62614/nebula123-vs-h2o-champions-tour-europe-stage-1-challengers-1-ro256,invalid_match_href
https://www.vlr.gg/event/matches/792/,/62615/anonymo-esports-vs-currygold-champions-tour-europe-stage-1-challengers-1-ro256,invalid_match_href
https://www.vlr.gg/event/matches/792/,/62616/falchion-gaming-vs-atleta-esport-champions-tour-europe-stage-1-challengers-1-ro256,invalid_match_href
https://www.vlr.gg/event/matches/792/,/62617/team-finest-vs-buffomix-champions-tour-europe-stage-1-challengers-1-ro256,invalid_match_href
https://www.vlr.gg/event/matches/792/,/62618/capybaras-vs-nfg-light-champions-tour-europe-stage-1-challengers-1-ro256,invalid_match_href
https://www.vlr.gg/event/matches/792/,/62619/bl-ndet-vs-swag-silicone-champions-tour-europe-stage-1-challengers-1-ro256,invalid_match_href
https://www.vlr.gg/event/matches/792/,/62620/performancegg-vs-rctic-champions-tour-europe-stage-1-challengers-1-ro256,invalid_match_href
https://www.vlr.gg/event/matches/792/,/62621/goodfor1-vs-frog-munchers-champions-tour-europe-stage-1-challengers-1-ro256,invalid_match_href
https://www.vlr.gg/event/matches/792/,/62622/gpc-vs-ex-killabeez-champions-tour-europe-stage-1-challengers-1-ro256,invalid_match_href
https://www.vlr.gg/event/matches/792/,/62623/yonk-vs-celestials-champions-tour-europe-stage-1-challengers-1-ro256,invalid_match_href
https://www.vlr.gg/event/matches/792/,/62624/overpowered-esports-vs-psq-rising-champions-tour-europe-stage-1-challengers-1-ro256,invalid_match_href
https://www.vlr.gg/event/matches/792/,/62625/need-more-dm-vs-b44-bestest-champions-tour-europe-stage-1-challengers-1-ro256,invalid_match_href
https://www.vlr.gg/event/matches/792/,/62626/senthex-vs-bristol-bagels-champions-tour-europe-stage-1-challengers-1-ro256,invalid_match_href
https://www.vlr.gg/event/matches/792/,/62627/frederikssund-vikings-vs-the-goose-house-champions-tour-europe-stage-1-challengers-1-ro256,invalid_match_href
https://www.vlr.gg/event/matches/792/,/62628/klanik-esport-vs-amaze-champions-tour-europe-stage-1-challengers-1-ro256,invalid_match_href
https://www.vlr.gg/event/matches/792/,/62629/cgn-esports-vs-thegiornalisti-champions-tour-europe-stage-1-challengers-1-ro256,invalid_match_href
https://www.vlr.gg/event/matches/792/,/62630/sun7-vs-la-puenta-champions-tour-europe-stage-1-challengers-1-ro256,invalid_match_href
https://www.vlr.gg/event/matches/792/,/62631/team-radical-vs-polonez-champions-tour-europe-stage-1-challengers-1-ro256,invalid_match_href
https://www.vlr.gg/event/matches/792/,/62632/ex0tik-gaming-vs-alty-champions-tour-europe-stage-1-challengers-1-ro256,invalid_match_href
https://www.vlr.gg/event/matches/792/,/62633/ldn-utd-vs-ludus-sports-champions-tour-europe-stage-1-challengers-1-ro256,invalid_match_href
https://www.vlr.gg/event/matches/792/,/62634/gummib-rchen-vs-scythe-of-seraph-champions-tour-europe-stage-1-challengers-1-ro256,invalid_match_href
https://www.vlr.gg/event/matches/792/,/62635/capacitanes-vs-valorantpt-champions-tour-europe-stage-1-challengers-1-ro256,invalid_match_href
https://www.vlr.gg/event/matches/792/,/62636/horyjin-vs-orgless-champions-tour-europe-stage-1-challengers-1-ro256,invalid_match_href
https://www.vlr.gg/event/matches/792/,/62637/keepyourskill-vs-rats-champions-tour-europe-stage-1-challengers-1-ro256,invalid_match_href
https://www.vlr.gg/event/matches/792/,/62638/ungentium-vs-camioneros-valorant-club-champions-tour-europe-stage-1-challengers-1-ro256,invalid_match_href
https://www.vlr.gg/event/matches/792/,/62639/ignite-academy-vs-victoire-gaming-champions-tour-europe-stage-1-challengers-1-ro256,invalid_match_href
https://www.vlr.gg/event/matches/792/,/62640/descendants-vs-vielepinese-champions-tour-europe-stage-1-challengers-1-ro256,invalid_match_href
https://www.vlr.gg/event/matches/792/,/62641/megastitut-vs-sinop-champions-tour-europe-stage-1-challengers-1-ro256,invalid_match_href
https://www.vlr.gg/event/matches/792/,/62642/human-tripwires-vs-impact-donkey-frags-champions-tour-europe-stage-1-challengers-1-ro256,invalid_match_href
https://www.vlr.gg/event/matches/792/,/62643/g2-gozen-vs-bref-champions-tour-europe-stage-1-challengers-1-ro256,invalid_match_href
https://www.vlr.gg/event/matches/792/,/62644/dame-time-vs-creme-bruleee-champions-tour-europe-stage-1-challengers-1-ro256,invalid_match_href
https://www.vlr.gg/event/matches/792/,/62645/team-heretics-vs-raftel-champions-tour-europe-stage-1-challengers-1-ro256,invalid_match_href
https://www.vlr.gg/event/matches/792/,/62646/valar-morghulis-vs-bob-der-baumeister-und-das-team-champions-tour-europe-stage-1-challengers-1-r,invalid_match_href
https://www.vlr.gg/event/matches/792/,/62647/mkers-vs-team-frosty-champions-tour-europe-stage-1-challengers-1-ro256,invalid_match_href
https://www.vlr.gg/event/matches/792/,/62648/new-genesis-esports-vs-treasure-hunters-champions-tour-europe-stage-1-challengers-1-ro256,invalid_match_href
https://www.vlr.gg/event/matches/792/,/62649/big-vs-drake-fans-champions-tour-europe-stage-1-challengers-1-ro256,invalid_match_href
https://www.vlr.gg/event/matches/792/,/62650/matching-numbers-e-sports-vs-chaotics-champions-tour-europe-stage-1-challengers-1-ro256,invalid_match_href
https://www.vlr.gg/event/matches/792/,/62651/cowana-gaming-vs-bhb-esports-champions-tour-europe-stage-1-challengers-1-ro256,invalid_match_href
https://www.vlr.gg/event/matches/792/,/62652/absolute-amateurs-vs-we-dem-bois-champions-tour-europe-stage-1-challengers-1-ro256,invalid_match_href
https://www.vlr.gg/event/matches/792/,/62653/heet-vs-joga-bonito-champions-tour-europe-stage-1-challengers-1-ro256,invalid_match_href
https://www.vlr.gg/event/matches/792/,/62654/nom-esports-vs-esports-team-twente-champions-tour-europe-stage-1-challengers-1-ro256,invalid_match_href
https://www.vlr.gg/event/matches/792/,/62655/stunzin5-vs-nothingtolose-champions-tour-europe-stage-1-challengers-1-ro256,invalid_match_href
https://www.vlr.gg/event/matches/792/,/62656/penta-vs-keanus-backpack-champions-tour-europe-stage-1-challengers-1-ro256,invalid_match_href
https://www.vlr.gg/event/matches/792/,/62657/twareg-esports-vs-iberians-champions-tour-europe-stage-1-challengers-1-ro256,invalid_match_href
https://www.vlr.gg/event/matches/792/,/62658/garys-crosshair-vs-bang-average-champions-tour-europe-stage-1-challengers-1-ro256,invalid_match_href
https://www.vlr.gg/event/matches/792/,/62659/azzis-anime-aimers-vs-munich-esports-academy-champions-tour-europe-stage-1-challengers-1-ro256,invalid_match_href
https://www.vlr.gg/event/matches/792/,/62660/titxns-vs-whiffing-club-champions-tour-europe-stage-1-challengers-1-ro256,invalid_match_href
https://www.vlr.gg/event/matches/792/,/62661/case-esports-vs-fuelcore-champions-tour-europe-stage-1-challengers-1-ro256,invalid_match_href
https://www.vlr.gg/event/matches/792/,/62662/not-underage-vs-the-mix-champions-tour-europe-stage-1-challengers-1-ro256,invalid_match_href
https://www.vlr.gg/event/matches/792/,/62663/outriders-vs-intenzive-champions-tour-europe-stage-1-challengers-1-ro256,invalid_match_href
https://www.vlr.gg/event/matches/792/,/62664/s-rby-esport-vs-old-fellows-champions-tour-europe-stage-1-challengers-1-ro256,invalid_match_href
https://www.vlr.gg/event/matches/792/,/62665/rix-gg-thunder-vs-monkey-momentum-champions-tour-europe-stage-1-challengers-1-ro256,invalid_match_href
https://www.vlr.gg/event/matches/792/,/62666/d-ners-vs-praeditus-gaming-champions-tour-europe-stage-1-challengers-1-ro256,invalid_match_href
https://www.vlr.gg/event/matches/792/,/62667/ipon-esport-vs-aspire-champions-tour-europe-stage-1-challengers-1-ro256,invalid_match_href
https://www.vlr.gg/event/matches/792/,/62668/ucam-tokiers-vs-dsyre-champions-tour-europe-stage-1-challengers-1-ro256,invalid_match_href
https://www.vlr.gg/event/matches/792/,/62669/wave-esports-vs-jokers-champions-tour-europe-stage-1-challengers-1-ro256,invalid_match_href
https://www.vlr.gg/event/matches/792/,/62670/headshot-maschinen-vs-digital-athletics-champions-tour-europe-stage-1-challengers-1-ro256,invalid_match_href
https://www.vlr.gg/event/matches/792/,/62671/5ordic-vs-vipersayscome-champions-tour-europe-stage-1-challengers-1-ro256,invalid_match_href
https://www.vlr.gg/event/matches/792/,/62672/rexpect-esports-vs-soldados-de-lembo-champions-tour-europe-stage-1-challengers-1-ro256,invalid_match_href
https://www.vlr.gg/event/matches/792/,/62673/team-queso-vs-m-gge-esports-champions-tour-europe-stage-1-challengers-1-ro256,invalid_match_href
https://www.vlr.gg/event/matches/792/,/62674/monky-gaming-vs-connemara-champions-tour-europe-stage-1-challengers-1-ro256,invalid_match_href
https://www.vlr.gg/event/matches/792/,/62675/team-progress-vs-orglesssszzzssz-champions-tour-europe-stage-1-challengers-1-ro256,invalid_match_href
https://www.vlr.gg/event/matches/792/,/62676/teambash-soul-vs-unicorns-of-love-champions-tour-europe-stage-1-challengers-1-ro256,invalid_match_href
https://www.vlr.gg/event/matches/792/,/62677/og-vs-project-k-champions-tour-europe-stage-1-challengers-1-ro256,invalid_match_href
https://www.vlr.gg/event/matches/792/,/62678/shanghai-emperors-vs-cavalry-esports-champions-tour-europe-stage-1-challengers-1-ro256,invalid_match_href
https://www.vlr.gg/event/matches/792/,/62679/nonsensegaming-vs-alsace-esport-arena-champions-tour-europe-stage-1-challengers-1-ro256,invalid_match_href
https://www.vlr.gg/event/matches/792/,/62680/onlyrefrag-vs-static-champions-tour-europe-stage-1-challengers-1-ro256,invalid_match_href
https://www.vlr.gg/event/matches/792/,/62681/awaria-vs-cag-champions-tour-europe-stage-1-challengers-1-ro256,invalid_match_href
https://www.vlr.gg/event/matches/792/,/62682/virgin-two-vs-pendragon-esports-champions-tour-europe-stage-1-challengers-1-ro256,invalid_match_href
https://www.vlr.gg/event/matches/792/,/62683/86-vs-mantis-champions-tour-europe-stage-1-challengers-1-ro256,invalid_match_href
https://www.vlr.gg/event/matches/792/,/62684/fadee-gaming-vs-the-agency-clan-champions-tour-europe-stage-1-challengers-1-ro256,invalid_match_href
https://www.vlr.gg/event/matches/792/,/62685/ownage-vs-fc-pat-patrouille-champions-tour-europe-stage-1-challengers-1-ro256,invalid_match_href
https://www.vlr.gg/event/matches/792/,/62686/wataha-vs-into-the-breach-champions-tour-europe-stage-1-challengers-1-ro256,invalid_match_href
https://www.vlr.gg/event/matches/792/,/62687/big-blue-charizard-vs-area-champions-tour-europe-stage-1-challengers-1-ro256,invalid_match_href
https://www.vlr.gg/event/matches/792/,/62688/kekw-vs-f9-hetic-champions-tour-europe-stage-1-challengers-1-ro256,invalid_match_href
https://www.vlr.gg/event/matches/792/,/62689/rebels-gaming-vs-good-morning-champions-tour-europe-stage-1-challengers-1-ro256,invalid_match_href
https://www.vlr.gg/event/matches/792/,/62690/weakless-vs-idkman-champions-tour-europe-stage-1-challengers-1-ro256,invalid_match_href
https://www.vlr.gg/event/matches/792/,/62691/wrng-vs-intellectually-challenged-gamers-champions-tour-europe-stage-1-challengers-1-ro256,invalid_match_href
https://www.vlr.gg/event/matches/792/,/62692/adepts-vs-light-emitting-diodes-champions-tour-europe-stage-1-challengers-1-ro256,invalid_match_href
https://www.vlr.gg/event/matches/792/,/62693/sunnybeach-vs-zyzz-champions-tour-europe-stage-1-challengers-1-ro256,invalid_match_href
https://www.vlr.gg/event/matches/792/,/62694/feng-esports-vs-foxup-esports-champions-tour-europe-stage-1-challengers-1-ro256,invalid_match_href
https://www.vlr.gg/event/matches/792/,/62695/bald-wheelchair-vs-de-prodigy-champions-tour-europe-stage-1-challengers-1-ro256,invalid_match_href
https://www.vlr.gg/event/matches/792/,/62696/orgless22-vs-balkan-stars-champions-tour-europe-stage-1-challengers-1-ro256,invalid_match_href
https://www.vlr.gg/event/matches/792/,/62697/team-vitality-vs-orkestra-champions-tour-europe-stage-1-challengers-1-ro256,invalid_match_href
https://www.vlr.gg/event/matches/792/,/62698/mercury-vs-aesir-esports-champions-tour-europe-stage-1-challengers-1-ro256,invalid_match_href
https://www.vlr.gg/event/matches/792/,/62699/community-guidelines-vs-skelp-esports-champions-tour-europe-stage-1-challengers-1-ro256,invalid_match_href
https://www.vlr.gg/event/matches/792/,/62700/kahoot-vs-teamatesgaming-champions-tour-europe-stage-1-challengers-1-ro256,invalid_match_href
https://www.vlr.gg/event/matches/792/,/62701/anorthosis-famagusta-esports-vs-midnightclub-champions-tour-europe-stage-1-challengers-1-ro256,invalid_match_href
https://www.vlr.gg/event/matches/792/,/62702/minima-vs-lucadmin-esports-champions-tour-europe-stage-1-challengers-1-ro256,invalid_match_href
https://www.vlr.gg/event/matches/792/,/62703/1gameandwegohome-vs-team-rocket-champions-tour-europe-stage-1-challengers-1-ro256,invalid_match_href
https://www.vlr.gg/event/matches/792/,/62704/ar-esports-vs-purple-team-champions-tour-europe-stage-1-challengers-1-ro256,invalid_match_href
https://www.vlr.gg/event/matches/792/,/62705/kova-vs-testers-champions-tour-europe-stage-1-challengers-1-ro256,invalid_match_href
https://www.vlr.gg/event/matches/792/,/62706/team-pu-eta-vs-motif-esports-champions-tour-europe-stage-1-challengers-1-ro256,invalid_match_href
https://www.vlr.gg/event/matches/792/,/62707/glitch-gaming-esports-vs-monitos-champions-tour-europe-stage-1-challengers-1-ro256,invalid_match_href
https://www.vlr.gg/event/matches/792/,/62708/lavender-boys-vs-red8-champions-tour-europe-stage-1-challengers-1-ro256,invalid_match_href
https://www.vlr.gg/event/matches/792/,/62709/axibyte-esports-vs-team-aurous-champions-tour-europe-stage-1-challengers-1-ro256,invalid_match_href
https://www.vlr.gg/event/matches/792/,/62710/guild-x-vs-phoenicia-champions-tour-europe-stage-1-challengers-1-ro256,invalid_match_href
https://www.vlr.gg/event/matches/792/,/62711/19esports-vs-throwers-champions-tour-europe-stage-1-challengers-1-ro256,invalid_match_href
https://www.vlr.gg/event/matches/792/,/62712/digitroni-esports-vs-mix123-champions-tour-europe-stage-1-challengers-1-ro256,invalid_match_href
https://www.vlr.gg/event/matches/792/,/62713/koi-vs-true-kings-champions-tour-europe-stage-1-challengers-1-ro256,invalid_match_href
https://www.vlr.gg/event/matches/792/,/62714/avante-vs-404-multigaming-champions-tour-europe-stage-1-challengers-1-ro256,invalid_match_href
https://www.vlr.gg/event/matches/792/,/62715/team-wyvern-vs-444-champions-tour-europe-stage-1-challengers-1-ro256,invalid_match_href
https://www.vlr.gg/event/matches/792/,/62716/finstack-vs-rapid-ninjas-champions-tour-europe-stage-1-challengers-1-ro256,invalid_match_href
https://www.vlr.gg/event/matches/792/,/62717/excel-vs-ignisoul-gaming-champions-tour-europe-stage-1-challengers-1-ro256,invalid_match_href
https://www.vlr.gg/event/matches/792/,/62718/bifrost-vs-retired-flavour-champions-tour-europe-stage-1-challengers-1-ro256,invalid_match_href
https://www.vlr.gg/event/matches/792/,/62719/rix-gg-lightning-vs-down-bad-champions-tour-europe-stage-1-challengers-1-ro256,invalid_match_href
https://www.vlr.gg/event/matches/792/,/62720/zerance-vs-tiebreak-champions-tour-europe-stage-1-challengers-1-ro256,invalid_match_href
https://www.vlr.gg/event/matches/792/,/62721/movistar-riders-vs-l3wnadowski-champions-tour-europe-stage-1-challengers-1-ro256,invalid_match_href
https://www.vlr.gg/event/matches/792/,/62722/limitless-vs-onlyfrags-champions-tour-europe-stage-1-challengers-1-ro256,invalid_match_href
https://www.vlr.gg/event/matches/792/,/62723/vamos-esports-vs-team-zaxaro-champions-tour-europe-stage-1-challengers-1-ro256,invalid_match_href
https://www.vlr.gg/event/matches/792/,/62724/straight-outta-retirement-vs-on-the-run-esports-champions-tour-europe-stage-1-challengers-1-ro25,invalid_match_href
https://www.vlr.gg/event/matches/792/,/62725/angry-titans-vs-tba-champions-tour-europe-stage-1-challengers-1-ro256,invalid_match_href
https://www.vlr.gg/event/matches/792/,/62726/storm7-vs-m8-esports-champions-tour-europe-stage-1-challengers-1-ro256,invalid_match_href
https://www.vlr.gg/event/matches/792/,/62727/xd-vs-mango-champions-tour-europe-stage-1-challengers-1-ro256,invalid_match_href
https://www.vlr.gg/event/matches/792/,/62728/xyz-vs-ghosts-champions-tour-europe-stage-1-challengers-1-ro256,invalid_match_href
https://www.vlr.gg/event/matches/792/,/62729/guild-esports-vs-hi-shin-champions-tour-europe-stage-1-challengers-1-ro128,invalid_match_href
https://www.vlr.gg/event/matches/792/,/62730/farciminis-vs-elusive-champions-tour-europe-stage-1-challengers-1-ro128,invalid_match_href
https://www.vlr.gg/event/matches/792/,/62731/giefkalash-vs-team-doggo-champions-tour-europe-stage-1-challengers-1-ro128,invalid_match_href
https://www.vlr.gg/event/matches/792/,/62732/ovation-esports-vs-fokus-champions-tour-europe-stage-1-challengers-1-ro128,invalid_match_href
https://www.vlr.gg/event/matches/792/,/62734/naptime-vs-junummer-champions-tour-europe-stage-1-challengers-1-ro128,invalid_match_href
https://www.vlr.gg/event/matches/792/,/62735/vexed-gaming-vs-h2o-champions-tour-europe-stage-1-challengers-1-ro128,invalid_match_href
https://www.vlr.gg/event/matches/792/,/62736/anonymo-esports-vs-falchion-gaming-champions-tour-europe-stage-1-challengers-1-ro128,invalid_match_href
https://www.vlr.gg/event/matches/792/,/62737/team-finest-vs-capybaras-champions-tour-europe-stage-1-challengers-1-ro128,invalid_match_href
https://www.vlr.gg/event/matches/792/,/62740/yonk-vs-psq-rising-champions-tour-europe-stage-1-challengers-1-ro128,invalid_match_href
https://www.vlr.gg/event/matches/792/,/62741/need-more-dm-vs-senthex-champions-tour-europe-stage-1-challengers-1-ro128,invalid_match_href
https://www.vlr.gg/event/matches/792/,/62742/the-goose-house-vs-klanik-esport-champions-tour-europe-stage-1-challengers-1-ro128,invalid_match_href
https://www.vlr.gg/event/matches/792/,/62743/cgn-esports-vs-la-puenta-champions-tour-europe-stage-1-challengers-1-ro128,invalid_match_href
https://www.vlr.gg/event/matches/792/,/62744/polonez-vs-ex0tik-gaming-champions-tour-europe-stage-1-challengers-1-ro128,invalid_match_href
https://www.vlr.gg/event/matches/792/,/62745/ldn-utd-vs-scythe-of-seraph-champions-tour-europe-stage-1-challengers-1-ro128,invalid_match_href
https://www.vlr.gg/event/matches/792/,/62746/valorantpt-vs-horyjin-champions-tour-europe-stage-1-challengers-1-ro128,invalid_match_href
https://www.vlr.gg/event/matches/792/,/62747/rats-vs-ungentium-champions-tour-europe-stage-1-challengers-1-ro128,invalid_match_href
https://www.vlr.gg/event/matches/792/,/62748/ignite-academy-vs-descendants-champions-tour-europe-stage-1-challengers-1-ro128,invalid_match_href
https://www.vlr.gg/event/matches/792/,/62749/megastitut-vs-human-tripwires-champions-tour-europe-stage-1-challengers-1-ro128,invalid_match_href
https://www.vlr.gg/event/matches/792/,/62750/bref-vs-dame-time-champions-tour-europe-stage-1-challengers-1-ro128,invalid_match_href
https://www.vlr.gg/event/matches/792/,/62751/team-heretics-vs-valar-morghulis-champions-tour-europe-stage-1-challengers-1-ro128,invalid_match_href
https://www.vlr.gg/event/matches/792/,/62752/mkers-vs-new-genesis-esports-champions-tour-europe-stage-1-challengers-1-ro128,invalid_match_href
https://www.vlr.gg/event/matches/792/,/62753/big-vs-matching-numbers-e-sports-champions-tour-europe-stage-1-challengers-1-ro128,invalid_match_href
https://www.vlr.gg/event/matches/792/,/62754/cowana-gaming-vs-absolute-amateurs-champions-tour-europe-stage-1-challengers-1-ro128,invalid_match_href
https://www.vlr.gg/event/matches/792/,/62755/heet-vs-nom-esports-champions-tour-europe-stage-1-challengers-1-ro128,invalid_match_href
https://www.vlr.gg/event/matches/792/,/62756/stunzin5-vs-penta-champions-tour-europe-stage-1-challengers-1-ro128,invalid_match_href
https://www.vlr.gg/event/matches/792/,/62757/twareg-esports-vs-bang-average-champions-tour-europe-stage-1-challengers-1-ro128,invalid_match_href
https://www.vlr.gg/event/matches/792/,/62758/azzis-anime-aimers-vs-titxns-champions-tour-europe-stage-1-challengers-1-ro128,invalid_match_href
https://www.vlr.gg/event/matches/792/,/62759/case-esports-vs-the-mix-champions-tour-europe-stage-1-challengers-1-ro128,invalid_match_href
https://www.vlr.gg/event/matches/792/,/62760/intenzive-vs-s-rby-esport-champions-tour-europe-stage-1-challengers-1-ro128,invalid_match_href
https://www.vlr.gg/event/matches/792/,/62761/rix-gg-thunder-vs-praeditus-gaming-champions-tour-europe-stage-1-challengers-1-ro128,invalid_match_href
https://www.vlr.gg/event/matches/792/,/62762/ipon-esport-vs-ucam-tokiers-champions-tour-europe-stage-1-challengers-1-ro128,invalid_match_href
https://www.vlr.gg/event/matches/792/,/62763/wave-esports-vs-digital-athletics-champions-tour-europe-stage-1-challengers-1-ro128,invalid_match_href
https://www.vlr.gg/event/matches/792/,/62764/5ordic-vs-soldados-de-lembo-champions-tour-europe-stage-1-challengers-1-ro128,invalid_match_href
https://www.vlr.gg/event/matches/792/,/62765/team-queso-vs-connemara-champions-tour-europe-stage-1-challengers-1-ro128,invalid_match_href
https://www.vlr.gg/event/matches/792/,/62767/og-vs-cavalry-esports-champions-tour-europe-stage-1-challengers-1-ro128,invalid_match_href
https://www.vlr.gg/event/matches/792/,/62768/nonsensegaming-vs-static-champions-tour-europe-stage-1-challengers-1-ro128,invalid_match_href
https://www.vlr.gg/event/matches/792/,/62769/awaria-vs-pendragon-esports-champions-tour-europe-stage-1-challengers-1-ro128,invalid_match_href
https://www.vlr.gg/event/matches/792/,/62770/86-vs-the-agency-clan-champions-tour-europe-stage-1-challengers-1-ro128,invalid_match_href
https://www.vlr.gg/event/matches/792/,/62771/ownage-vs-wataha-champions-tour-europe-stage-1-challengers-1-ro128,invalid_match_href
https://www.vlr.gg/event/matches/792/,/62772/big-blue-charizard-vs-f9-hetic-champions-tour-europe-stage-1-challengers-1-ro128,invalid_match_href
https://www.vlr.gg/event/matches/792/,/62773/rebels-gaming-vs-idkman-champions-tour-europe-stage-1-challengers-1-ro128,invalid_match_href
https://www.vlr.gg/event/matches/792/,/62774/intellectually-challenged-gamers-vs-adepts-champions-tour-europe-stage-1-challengers-1-ro128,invalid_match_href
https://www.vlr.gg/event/matches/792/,/62776/bald-wheelchair-vs-orgless22-champions-tour-europe-stage-1-challengers-1-ro128,invalid_match_href
https://www.vlr.gg/event/matches/792/,/62777/team-vitality-vs-mercury-champions-tour-europe-stage-1-challengers-1-ro128,invalid_match_href
https://www.vlr.gg/event/matches/792/,/62778/skelp-esports-vs-kahoot-champions-tour-europe-stage-1-challengers-1-ro128,invalid_match_href
https://www.vlr.gg/event/matches/792/,/62779/anorthosis-famagusta-esports-vs-lucadmin-esports-champions-tour-europe-stage-1-challengers-1-ro1,invalid_match_href
https://www.vlr.gg/event/matches/792/,/62780/1gameandwegohome-vs-purple-team-champions-tour-europe-stage-1-challengers-1-ro128,invalid_match_href
https://www.vlr.gg/event/matches/792/,/62782/glitch-gaming-esports-vs-lavender-boys-champions-tour-europe-stage-1-challengers-1-ro128,invalid_match_href
https://www.vlr.gg/event/matches/792/,/62783/axibyte-esports-vs-guild-x-champions-tour-europe-stage-1-challengers-1-ro128,invalid_match_href
https://www.vlr.gg/event/matches/792/,/62784/19esports-vs-digitroni-esports-champions-tour-europe-stage-1-challengers-1-ro128,invalid_match_href
https://www.vlr.gg/event/matches/792/,/62786/team-wyvern-vs-rapid-ninjas-champions-tour-europe-stage-1-challengers-1-ro128,invalid_match_href
https://www.vlr.gg/event/matches/792/,/62790/team-zaxaro-vs-straight-outta-retirement-champions-tour-europe-stage-1-challengers-1-ro128,invalid_match_href
https://www.vlr.gg/event/matches/792/,/62791/angry-titans-vs-m8-esports-champions-tour-europe-stage-1-challengers-1-ro128,invalid_match_href
https://www.vlr.gg/event/matches/792/,/62787/excel-vs-bifrost-champions-tour-europe-stage-1-challengers-1-ro128,invalid_match_href
https://www.vlr.gg/event/matches/792/,/62785/koi-vs-404-multigaming-champions-tour-europe-stage-1-challengers-1-ro128,invalid_match_href
https://www.vlr.gg/event/matches/792/,/62788/rix-gg-lightning-vs-zerance-champions-tour-europe-stage-1-challengers-1-ro128,invalid_match_href
https://www.vlr.gg/event/matches/792/,/62781/kova-vs-team-pu-eta-champions-tour-europe-stage-1-challengers-1-ro128,invalid_match_href
https://www.vlr.gg/event/matches/792/,/62792/mango-vs-xyz-champions-tour-europe-stage-1-challengers-1-ro128,invalid_match_href
https://www.vlr.gg/event/matches/792/,/62733/giants-gaming-vs-nomad-champions-tour-europe-stage-1-challengers-1-ro128,invalid_match_href
https://www.vlr.gg/event/matches/792/,/62738/swag-silicone-vs-rctic-champions-tour-europe-stage-1-challengers-1-ro128,invalid_match_href
https://www.vlr.gg/event/matches/792/,/62739/frog-munchers-vs-ex-killabeez-champions-tour-europe-stage-1-challengers-1-ro128,invalid_match_href
https://www.vlr.gg/event/matches/792/,/62766/team-progress-vs-unicorns-of-love-champions-tour-europe-stage-1-challengers-1-ro128,invalid_match_href
https://www.vlr.gg/event/matches/792/,/62775/sunnybeach-vs-feng-esports-champions-tour-europe-stage-1-challengers-1-ro128,invalid_match_href
https://www.vlr.gg/event/matches/792/,/62789/movistar-riders-vs-limitless-champions-tour-europe-stage-1-challengers-1-ro128,invalid_match_href
https://www.vlr.gg/event/matches/792/,/62793/guild-esports-vs-elusive-champions-tour-europe-stage-1-challengers-1-ro64,invalid_match_href
https://www.vlr.gg/event/matches/792/,/62794/giefkalash-vs-ovation-esports-champions-tour-europe-stage-1-challengers-1-ro64,invalid_match_href
https://www.vlr.gg/event/matches/792/,/62795/giants-gaming-vs-junummer-champions-tour-europe-stage-1-challengers-1-ro64,invalid_match_href
https://www.vlr.gg/event/matches/792/,/62796/h2o-vs-anonymo-esports-champions-tour-europe-stage-1-challengers-1-ro64,invalid_match_href
https://www.vlr.gg/event/matches/792/,/62797/team-finest-vs-swag-silicone-champions-tour-europe-stage-1-challengers-1-ro64,invalid_match_href
https://www.vlr.gg/event/matches/792/,/62798/frog-munchers-vs-yonk-champions-tour-europe-stage-1-challengers-1-ro64,invalid_match_href
https://www.vlr.gg/event/matches/792/,/62799/need-more-dm-vs-the-goose-house-champions-tour-europe-stage-1-challengers-1-ro64,invalid_match_href
https://www.vlr.gg/event/matches/792/,/62800/cgn-esports-vs-polonez-champions-tour-europe-stage-1-challengers-1-ro64,invalid_match_href
https://www.vlr.gg/event/matches/792/,/62801/ldn-utd-vs-valorantpt-champions-tour-europe-stage-1-challengers-1-ro64,invalid_match_href
https://www.vlr.gg/event/matches/792/,/62802/ungentium-vs-ignite-academy-champions-tour-europe-stage-1-challengers-1-ro64,invalid_match_href
https://www.vlr.gg/event/matches/792/,/62803/megastitut-vs-bref-champions-tour-europe-stage-1-challengers-1-ro64,invalid_match_href
https://www.vlr.gg/event/matches/792/,/62804/valar-morghulis-vs-mkers-champions-tour-europe-stage-1-challengers-1-ro64,invalid_match_href
https://www.vlr.gg/event/matches/792/,/62805/big-vs-absolute-amateurs-champions-tour-europe-stage-1-challengers-1-ro64,invalid_match_href
https://www.vlr.gg/event/matches/792/,/62806/nom-esports-vs-stunzin5-champions-tour-europe-stage-1-challengers-1-ro64,invalid_match_href
https://www.vlr.gg/event/matches/792/,/62807/bang-average-vs-azzis-anime-aimers-champions-tour-europe-stage-1-challengers-1-ro64,invalid_match_href
https://www.vlr.gg/event/matches/792/,/62808/case-esports-vs-s-rby-esport-champions-tour-europe-stage-1-challengers-1-ro64,invalid_match_href
https://www.vlr.gg/event/matches/792/,/62809/rix-gg-thunder-vs-ipon-esport-champions-tour-europe-stage-1-challengers-1-ro64,invalid_match_href
https://www.vlr.gg/event/matches/792/,/62810/wave-esports-vs-soldados-de-lembo-champions-tour-europe-stage-1-challengers-1-ro64,invalid_match_href
https://www.vlr.gg/event/matches/792/,/62811/team-queso-vs-unicorns-of-love-champions-tour-europe-stage-1-challengers-1-ro64,invalid_match_href
https://www.vlr.gg/event/matches/792/,/62812/og-vs-static-champions-tour-europe-stage-1-challengers-1-ro64,invalid_match_href
https://www.vlr.gg/event/matches/792/,/62813/awaria-vs-the-agency-clan-champions-tour-europe-stage-1-challengers-1-ro64,invalid_match_href
https://www.vlr.gg/event/matches/792/,/62814/wataha-vs-f9-hetic-champions-tour-europe-stage-1-challengers-1-ro64,invalid_match_href
https://www.vlr.gg/event/matches/792/,/62815/rebels-gaming-vs-intellectually-challenged-gamers-champions-tour-europe-stage-1-challengers-1-ro,invalid_match_href
https://www.vlr.gg/event/matches/792/,/62816/sunnybeach-vs-orgless22-champions-tour-europe-stage-1-challengers-1-ro64,invalid_match_href
https://www.vlr.gg/event/matches/792/,/62817/team-vitality-vs-kahoot-champions-tour-europe-stage-1-challengers-1-ro64,invalid_match_href
https://www.vlr.gg/event/matches/792/,/62818/anorthosis-famagusta-esports-vs-purple-team-champions-tour-europe-stage-1-challengers-1-ro64,invalid_match_href
https://www.vlr.gg/event/matches/792/,/62819/kova-vs-lavender-boys-champions-tour-europe-stage-1-challengers-1-ro64,invalid_match_href
https://www.vlr.gg/event/matches/792/,/62820/axibyte-esports-vs-19esports-champions-tour-europe-stage-1-challengers-1-ro64,invalid_match_href
https://www.vlr.gg/event/matches/792/,/62821/koi-vs-rapid-ninjas-champions-tour-europe-stage-1-challengers-1-ro64,invalid_match_href
https://www.vlr.gg/event/matches/792/,/62822/excel-vs-zerance-champions-tour-europe-stage-1-challengers-1-ro64,invalid_match_href
https://www.vlr.gg/event/matches/792/,/62823/movistar-riders-vs-straight-outta-retirement-champions-tour-europe-stage-1-challengers-1-ro64,invalid_match_href
https://www.vlr.gg/event/matches/792/,/62824/angry-titans-vs-mango-champions-tour-europe-stage-1-challengers-1-ro64,invalid_match_href
https://www.vlr.gg/event/matches/792/,/62825/guild-esports-vs-giefkalash-champions-tour-europe-stage-1-challengers-1-ro32,invalid_match_href
https://www.vlr.gg/event/matches/792/,/62826/giants-gaming-vs-anonymo-esports-champions-tour-europe-stage-1-challengers-1-ro32,invalid_match_href
https://www.vlr.gg/event/matches/792/,/62827/team-finest-vs-yonk-champions-tour-europe-stage-1-challengers-1-ro32,invalid_match_href
https://www.vlr.gg/event/matches/792/,/62828/need-more-dm-vs-cgn-esports-champions-tour-europe-stage-1-challengers-1-ro32,invalid_match_href
https://www.vlr.gg/event/matches/792/,/62829/ldn-utd-vs-ungentium-champions-tour-europe-stage-1-challengers-1-ro32,invalid_match_href
https://www.vlr.gg/event/matches/792/,/62833/rix-gg-thunder-vs-wave-esports-champions-tour-europe-stage-1-challengers-1-ro32,invalid_match_href
https://www.vlr.gg/event/matches/792/,/62834/team-queso-vs-og-champions-tour-europe-stage-1-challengers-1-ro32,invalid_match_href
https://www.vlr.gg/event/matches/792/,/62835/awaria-vs-wataha-champions-tour-europe-stage-1-challengers-1-ro32,invalid_match_href
https://www.vlr.gg/event/matches/792/,/62839/koi-vs-excel-champions-tour-europe-stage-1-challengers-1-ro32,invalid_match_href
https://www.vlr.gg/event/matches/792/,/62830/bref-vs-valar-morghulis-champions-tour-europe-stage-1-challengers-1-ro32,invalid_match_href
https://www.vlr.gg/event/matches/792/,/62836/rebels-gaming-vs-orgless22-champions-tour-europe-stage-1-challengers-1-ro32,invalid_match_href
https://www.vlr.gg/event/matches/792/,/62838/kova-vs-19esports-champions-tour-europe-stage-1-challengers-1-ro32,invalid_match_href
https://www.vlr.gg/event/matches/792/,/62831/big-vs-stunzin5-champions-tour-europe-stage-1-challengers-1-ro32,invalid_match_href
https://www.vlr.gg/event/matches/792/,/62840/straight-outta-retirement-vs-mango-champions-tour-europe-stage-1-challengers-1-ro32,invalid_match_href
https://www.vlr.gg/event/matches/792/,/62832/azzis-anime-aimers-vs-case-esports-champions-tour-europe-stage-1-challengers-1-ro32,invalid_match_href
https://www.vlr.gg/event/matches/792/,/62837/team-vitality-vs-anorthosis-famagusta-esports-champions-tour-europe-stage-1-challengers-1-ro32,invalid_match_href
https://www.vlr.gg/event/matches/792/,/62841/guild-esports-vs-anonymo-esports-champions-tour-europe-stage-1-challengers-1-ro16,invalid_match_href
https://www.vlr.gg/event/matches/792/,/62842/yonk-vs-cgn-esports-champions-tour-europe-stage-1-challengers-1-ro16,invalid_match_href
https://www.vlr.gg/event/matches/792/,/62843/ldn-utd-vs-bref-champions-tour-europe-stage-1-challengers-1-ro16,invalid_match_href
https://www.vlr.gg/event/matches/792/,/62844/big-vs-case-esports-champions-tour-europe-stage-1-challengers-1-ro16,invalid_match_href
https://www.vlr.gg/event/matches/792/,/62845/wave-esports-vs-team-queso-champions-tour-europe-stage-1-challengers-1-ro16,invalid_match_href
https://www.vlr.gg/event/matches/792/,/62846/awaria-vs-rebels-gaming-champions-tour-europe-stage-1-challengers-1-ro16,invalid_match_href
https://www.vlr.gg/event/matches/792/,/62847/team-vitality-vs-kova-champions-tour-europe-stage-1-challengers-1-ro16,invalid_match_href
https://www.vlr.gg/event/matches/792/,/62848/koi-vs-straight-outta-retirement-champions-tour-europe-stage-1-challengers-1-ro16,invalid_match_href
https://www.vlr.gg/event/matches/792/,/62849/guild-esports-vs-cgn-esports-champions-tour-europe-stage-1-challengers-1-qf,invalid_match_href
https://www.vlr.gg/event/matches/792/,/62852/team-vitality-vs-koi-champions-tour-europe-stage-1-challengers-1-qf,invalid_match_href
https://www.vlr.gg/event/matches/792/,/62850/ldn-utd-vs-big-champions-tour-europe-stage-1-challengers-1-qf,invalid_match_href
https://www.vlr.gg/event/matches/792/,/62851/team-queso-vs-rebels-gaming-champions-tour-europe-stage-1-challengers-1-qf,invalid_match_href
https://www.vlr.gg/event/matches/792/,/63616/g2-esports-vs-team-vitality-champions-tour-europe-stage-1-challengers-1-ubqf,invalid_match_href
https://www.vlr.gg/event/matches/792/,/63617/alliance-vs-big-champions-tour-europe-stage-1-challengers-1-ubqf,invalid_match_href
https://www.vlr.gg/event/matches/792/,/63618/team-bds-vs-rebels-gaming-champions-tour-europe-stage-1-challengers-1-ubqf,invalid_match_href
https://www.vlr.gg/event/matches/792/,/63619/tenstar-vs-guild-esports-champions-tour-europe-stage-1-challengers-1-ubqf,invalid_match_href
https://www.vlr.gg/event/matches/792/,/63625/team-bds-vs-tenstar-champions-tour-europe-stage-1-challengers-1-lr1,invalid_match_href
https://www.vlr.gg/event/matches/792/,/63621/rebels-gaming-vs-guild-esports-champions-tour-europe-stage-1-challengers-1-ubsf,invalid_match_href
https://www.vlr.gg/event/matches/792/,/63620/team-vitality-vs-big-champions-tour-europe-stage-1-challengers-1-ubsf,invalid_match_href
https://www.vlr.gg/event/matches/792/,/63624/g2-esports-vs-alliance-champions-tour-europe-stage-1-challengers-1-lr1,invalid_match_href
https://www.vlr.gg/event/matches/792/,/63626/rebels-gaming-vs-alliance-champions-tour-europe-stage-1-challengers-1-lr2,invalid_match_href
https://www.vlr.gg/event/matches/792/,/63627/big-vs-tenstar-champions-tour-europe-stage-1-challengers-1-lr2,invalid_match_href
https://www.vlr.gg/event/matches/792/,/63628/alliance-vs-big-champions-tour-europe-stage-1-challengers-1-lr3,invalid_match_href
https://www.vlr.gg/event/matches/792/,/63622/team-vitality-vs-guild-esports-champions-tour-europe-stage-1-challengers-1-ubf,invalid_match_href
https://www.vlr.gg/event/matches/792/,/63629/team-vitality-vs-big-champions-tour-europe-stage-1-challengers-1-lbf,invalid_match_href
https://www.vlr.gg/event/matches/793/,/63361/supermassive-blaze-vs-fawes-champions-tour-turkey-stage-1-challengers-1-ro64,invalid_match_href
https://www.vlr.gg/event/matches/793/,/63362/bbes-vs-bedels-z-champions-tour-turkey-stage-1-challengers-1-ro64,invalid_match_href
https://www.vlr.gg/event/matches/793/,/63363/team-respect-zone-vs-celestial-world-champions-tour-turkey-stage-1-challengers-1-ro64,invalid_match_href
https://www.vlr.gg/event/matches/793/,/63364/mad-mare-vs-blablabla-champions-tour-turkey-stage-1-challengers-1-ro64,invalid_match_href
https://www.vlr.gg/event/matches/793/,/63365/surreal-esports-vs-kbb-ka-itspor-champions-tour-turkey-stage-1-challengers-1-ro64,invalid_match_href
https://www.vlr.gg/event/matches/793/,/63366/unknownpros-vs-phoenix-feather-champions-tour-turkey-stage-1-challengers-1-ro64,invalid_match_href
https://www.vlr.gg/event/matches/793/,/63367/team-aurora-vs-we-are-turks-champions-tour-turkey-stage-1-challengers-1-ro64,invalid_match_href
https://www.vlr.gg/event/matches/793/,/63368/shooting-stars-vs-radiant-elo-gatekeepers-champions-tour-turkey-stage-1-challengers-1-ro64,invalid_match_href
https://www.vlr.gg/event/matches/793/,/63369/fenerbah-e-esports-vs-teta-esports-champions-tour-turkey-stage-1-challengers-1-ro64,invalid_match_href
https://www.vlr.gg/event/matches/793/,/63370/team-mangal-vs-overflow-champions-tour-turkey-stage-1-challengers-1-ro64,invalid_match_href
https://www.vlr.gg/event/matches/793/,/63371/3-g-n-yeter-vs-takens-espor-champions-tour-turkey-stage-1-challengers-1-ro64,invalid_match_href
https://www.vlr.gg/event/matches/793/,/63372/atlantis-vs-venom-cloud-7-champions-tour-turkey-stage-1-challengers-1-ro64,invalid_match_href
https://www.vlr.gg/event/matches/793/,/63373/stanbul-wildcats-vs-turkishnewstars-champions-tour-turkey-stage-1-challengers-1-ro64,invalid_match_href
https://www.vlr.gg/event/matches/793/,/63374/w0wclan-vs-black-champions-tour-turkey-stage-1-challengers-1-ro64,invalid_match_href
https://www.vlr.gg/event/matches/793/,/63375/regnum-carya-esports-vs-step-back-champions-tour-turkey-stage-1-challengers-1-ro64,invalid_match_href
https://www.vlr.gg/event/matches/793/,/63376/mix5-vs-merlyn-esports-champions-tour-turkey-stage-1-challengers-1-ro64,invalid_match_href
https://www.vlr.gg/event/matches/793/,/63377/kafalar-esports-vs-ahangiller-espor-champions-tour-turkey-stage-1-challengers-1-ro64,invalid_match_href
https://www.vlr.gg/event/matches/793/,/63378/eternal-fire-vs-witch-e-sports-champions-tour-turkey-stage-1-challengers-1-ro64,invalid_match_href
https://www.vlr.gg/event/matches/793/,/63379/turgutlu-belediyesi-esports-vs-parla-sports-champions-tour-turkey-stage-1-challengers-1-ro64,invalid_match_href
https://www.vlr.gg/event/matches/793/,/63380/aml-ca-esports-vs-revolexter-champions-tour-turkey-stage-1-challengers-1-ro64,invalid_match_href
https://www.vlr.gg/event/matches/793/,/63381/galakticos-vs-queens-champions-tour-turkey-stage-1-challengers-1-ro64,invalid_match_href
https://www.vlr.gg/event/matches/793/,/63382/never-give-up-vs-cars-champions-tour-turkey-stage-1-challengers-1-ro64,invalid_match_href
https://www.vlr.gg/event/matches/793/,/63383/team-lixa-vs-red-center-champions-tour-turkey-stage-1-challengers-1-ro64,invalid_match_href
https://www.vlr.gg/event/matches/793/,/63384/duasi-kabul-olan-be-l-vs-k-k-ekmece-espor-champions-tour-turkey-stage-1-challengers-1-ro64,invalid_match_href
https://www.vlr.gg/event/matches/793/,/63385/thunderbolts-gaming-vs-undead-army-champions-tour-turkey-stage-1-challengers-1-ro64,invalid_match_href
https://www.vlr.gg/event/matches/793/,/63386/besiktas-esports-vs-chosens-esports-champions-tour-turkey-stage-1-challengers-1-ro64,invalid_match_href
https://www.vlr.gg/event/matches/793/,/63387/karag-mr-k-esports-vs-90s-champions-tour-turkey-stage-1-challengers-1-ro64,invalid_match_href
https://www.vlr.gg/event/matches/793/,/63388/icecastle-vs-legioners-champions-tour-turkey-stage-1-challengers-1-ro64,invalid_match_href
https://www.vlr.gg/event/matches/793/,/63389/otherside-vs-meyhane-champions-tour-turkey-stage-1-challengers-1-ro64,invalid_match_href
https://www.vlr.gg/event/matches/793/,/63390/nonamers-vs-shazam-champions-tour-turkey-stage-1-challengers-1-ro64,invalid_match_href
https://www.vlr.gg/event/matches/793/,/63391/team-demiral-esports-vs-godzilla-e-sports-champions-tour-turkey-stage-1-challengers-1-ro64,invalid_match_href
https://www.vlr.gg/event/matches/793/,/63392/gringo-team-vs-2l8-champions-tour-turkey-stage-1-challengers-1-ro64,invalid_match_href
https://www.vlr.gg/event/matches/793/,/63395/surreal-esports-vs-unknownpros-champions-tour-turkey-stage-1-challengers-1-ro32,invalid_match_href
https://www.vlr.gg/event/matches/793/,/63397/fenerbah-e-esports-vs-team-mangal-champions-tour-turkey-stage-1-challengers-1-ro32,invalid_match_href
https://www.vlr.gg/event/matches/793/,/63398/3-g-n-yeter-vs-atlantis-champions-tour-turkey-stage-1-challengers-1-ro32,invalid_match_href
https://www.vlr.gg/event/matches/793/,/63401/kafalar-esports-vs-eternal-fire-champions-tour-turkey-stage-1-challengers-1-ro32,invalid_match_href
https://www.vlr.gg/event/matches/793/,/63405/thunderbolts-gaming-vs-besiktas-esports-champions-tour-turkey-stage-1-challengers-1-ro32,invalid_match_href
https://www.vlr.gg/event/matches/793/,/63406/karag-mr-k-esports-vs-icecastle-champions-tour-turkey-stage-1-challengers-1-ro32,invalid_match_href
https://www.vlr.gg/event/matches/793/,/63407/meyhane-vs-nonamers-champions-tour-turkey-stage-1-challengers-1-ro32,invalid_match_href
https://www.vlr.gg/event/matches/793/,/63408/team-demiral-esports-vs-2l8-champions-tour-turkey-stage-1-challengers-1-ro32,invalid_match_href
https://www.vlr.gg/event/matches/793/,/63393/supermassive-blaze-vs-bedels-z-champions-tour-turkey-stage-1-challengers-1-ro32,invalid_match_href
https://www.vlr.gg/event/matches/793/,/63394/team-respect-zone-vs-blablabla-champions-tour-turkey-stage-1-challengers-1-ro32,invalid_match_href
https://www.vlr.gg/event/matches/793/,/63396/team-aurora-vs-radiant-elo-gatekeepers-champions-tour-turkey-stage-1-challengers-1-ro32,invalid_match_href
https://www.vlr.gg/event/matches/793/,/63399/stanbul-wildcats-vs-w0wclan-champions-tour-turkey-stage-1-challengers-1-ro32,invalid_match_href
https://www.vlr.gg/event/matches/793/,/63402/parla-sports-vs-revolexter-champions-tour-turkey-stage-1-challengers-1-ro32,invalid_match_href
https://www.vlr.gg/event/matches/793/,/63403/galakticos-vs-cars-champions-tour-turkey-stage-1-challengers-1-ro32,invalid_match_href
https://www.vlr.gg/event/matches/793/,/63404/team-lixa-vs-duasi-kabul-olan-be-l-champions-tour-turkey-stage-1-challengers-1-ro32,invalid_match_href
https://www.vlr.gg/event/matches/793/,/63400/regnum-carya-esports-vs-merlyn-esports-champions-tour-turkey-stage-1-challengers-1-ro32,invalid_match_href
https://www.vlr.gg/event/matches/793/,/63409/supermassive-blaze-vs-blablabla-champions-tour-turkey-stage-1-challengers-1-ro16,invalid_match_href
https://www.vlr.gg/event/matches/793/,/63410/surreal-esports-vs-team-aurora-champions-tour-turkey-stage-1-challengers-1-ro16,invalid_match_href
https://www.vlr.gg/event/matches/793/,/63411/fenerbah-e-esports-vs-3-g-n-yeter-champions-tour-turkey-stage-1-challengers-1-ro16,invalid_match_href
https://www.vlr.gg/event/matches/793/,/63412/stanbul-wildcats-vs-regnum-carya-esports-champions-tour-turkey-stage-1-challengers-1-ro16,invalid_match_href
https://www.vlr.gg/event/matches/793/,/63413/eternal-fire-vs-parla-sports-champions-tour-turkey-stage-1-challengers-1-ro16,invalid_match_href
https://www.vlr.gg/event/matches/793/,/63414/galakticos-vs-team-lixa-champions-tour-turkey-stage-1-challengers-1-ro16,invalid_match_href
https://www.vlr.gg/event/matches/793/,/63415/thunderbolts-gaming-vs-karag-mr-k-esports-champions-tour-turkey-stage-1-challengers-1-ro16,invalid_match_href
https://www.vlr.gg/event/matches/793/,/63416/meyhane-vs-2l8-champions-tour-turkey-stage-1-challengers-1-ro16,invalid_match_href
https://www.vlr.gg/event/matches/793/,/63417/supermassive-blaze-vs-surreal-esports-champions-tour-turkey-stage-1-challengers-1-qf,invalid_match_href
https://www.vlr.gg/event/matches/793/,/63420/thunderbolts-gaming-vs-2l8-champions-tour-turkey-stage-1-challengers-1-qf,invalid_match_href
https://www.vlr.gg/event/matches/793/,/63418/fenerbah-e-esports-vs-regnum-carya-esports-champions-tour-turkey-stage-1-challengers-1-qf,invalid_match_href
https://www.vlr.gg/event/matches/793/,/63419/eternal-fire-vs-galakticos-champions-tour-turkey-stage-1-challengers-1-qf,invalid_match_href
https://www.vlr.gg/event/matches/793/,/63641/futbolist-vs-2l8-champions-tour-turkey-stage-1-challengers-1-ubqf,invalid_match_href
https://www.vlr.gg/event/matches/793/,/63642/fire-flux-esports-vs-fenerbah-e-esports-champions-tour-turkey-stage-1-challengers-1-ubqf,invalid_match_href
https://www.vlr.gg/event/matches/793/,/63643/bbl-esports-vs-galakticos-champions-tour-turkey-stage-1-challengers-1-ubqf,invalid_match_href
https://www.vlr.gg/event/matches/793/,/63644/zero-zone-vs-supermassive-blaze-champions-tour-turkey-stage-1-challengers-1-ubqf,invalid_match_href
https://www.vlr.gg/event/matches/793/,/63645/futbolist-vs-fire-flux-esports-champions-tour-turkey-stage-1-challengers-1-ubsf,invalid_match_href
https://www.vlr.gg/event/matches/793/,/63646/bbl-esports-vs-supermassive-blaze-champions-tour-turkey-stage-1-challengers-1-ubsf,invalid_match_href
https://www.vlr.gg/event/matches/793/,/63649/2l8-vs-fenerbah-e-esports-champions-tour-turkey-stage-1-challengers-1-lr1,invalid_match_href
https://www.vlr.gg/event/matches/793/,/63650/galakticos-vs-zero-zone-champions-tour-turkey-stage-1-challengers-1-lr1,invalid_match_href
https://www.vlr.gg/event/matches/793/,/63647/fire-flux-esports-vs-supermassive-blaze-champions-tour-turkey-stage-1-challengers-1-ubf,invalid_match_href
https://www.vlr.gg/event/matches/793/,/63651/bbl-esports-vs-galatasaray-esports-champions-tour-turkey-stage-1-challengers-1-lr2,invalid_match_href
https://www.vlr.gg/event/matches/793/,/63652/futbolist-vs-galakticos-champions-tour-turkey-stage-1-challengers-1-lr2,invalid_match_href
https://www.vlr.gg/event/matches/793/,/63653/bbl-esports-vs-galakticos-champions-tour-turkey-stage-1-challengers-1-lr3,invalid_match_href
https://www.vlr.gg/event/matches/793/,/63690/galatasaray-esports-vs-futbolist-champions-tour-turkey-stage-1-challengers-1-match-5-6,invalid_match_href
https://www.vlr.gg/event/matches/793/,/63654/fire-flux-esports-vs-bbl-esports-champions-tour-turkey-stage-1-challengers-1-lbf,invalid_match_href
https://www.vlr.gg/event/matches/793/,/63648/supermassive-blaze-vs-fire-flux-esports-champions-tour-turkey-stage-1-challengers-1-gf,invalid_match_href
https://www.vlr.gg/event/matches/794/,/62530/funplus-phoenix-vs-next-viigraem-champions-tour-cis-stage-1-challengers-1-ro64,invalid_match_href
https://www.vlr.gg/event/matches/794/,/62531/smile-vs-kabahbl-champions-tour-cis-stage-1-challengers-1-ro64,invalid_match_href
https://www.vlr.gg/event/matches/794/,/62532/perfect-players-vs-qlf-clan-champions-tour-cis-stage-1-challengers-1-ro64,invalid_match_href
https://www.vlr.gg/event/matches/794/,/62533/crushers-vs-without-negative-champions-tour-cis-stage-1-challengers-1-ro64,invalid_match_href
https://www.vlr.gg/event/matches/794/,/62534/moscow-five-jr-vs-hollow-champions-tour-cis-stage-1-challengers-1-ro64,invalid_match_href
https://www.vlr.gg/event/matches/794/,/62535/uzhiki-vs-winstrike-academy-champions-tour-cis-stage-1-challengers-1-ro64,invalid_match_href
https://www.vlr.gg/event/matches/794/,/62536/tactical-five-vs-idontcare-champions-tour-cis-stage-1-challengers-1-ro64,invalid_match_href
https://www.vlr.gg/event/matches/794/,/62537/whydah-vs-tr4kle-keys-champions-tour-cis-stage-1-challengers-1-ro64,invalid_match_href
https://www.vlr.gg/event/matches/794/,/62538/smaracis-esports-vs-kanafi-champions-tour-cis-stage-1-challengers-1-ro64,invalid_match_href
https://www.vlr.gg/event/matches/794/,/62539/longbondage-vs-ax3-champions-tour-cis-stage-1-challengers-1-ro64,invalid_match_href
https://www.vlr.gg/event/matches/794/,/62540/odium-vs-cuneit-champions-tour-cis-stage-1-challengers-1-ro64,invalid_match_href
https://www.vlr.gg/event/matches/794/,/62541/universe-vs-nytipo-champions-tour-cis-stage-1-challengers-1-ro64,invalid_match_href
https://www.vlr.gg/event/matches/794/,/62542/fishkavtom-vs-ranked-legends-champions-tour-cis-stage-1-challengers-1-ro64,invalid_match_href
https://www.vlr.gg/event/matches/794/,/62543/team-void-vs-siberian-champions-tour-cis-stage-1-challengers-1-ro64,invalid_match_href
https://www.vlr.gg/event/matches/794/,/62544/bottom-of-the-bottle-vs-improve-champions-tour-cis-stage-1-challengers-1-ro64,invalid_match_href
https://www.vlr.gg/event/matches/794/,/62545/aeon-vs-evil-bros-gaming-champions-tour-cis-stage-1-challengers-1-ro64,invalid_match_href
https://www.vlr.gg/event/matches/794/,/62546/vctry-esports-vs-champions-tour-cis-stage-1-challengers-1-ro64,invalid_match_href
https://www.vlr.gg/event/matches/794/,/62547/fat7-vs-5idols-champions-tour-cis-stage-1-challengers-1-ro64,invalid_match_href
https://www.vlr.gg/event/matches/794/,/62548/feelmyhack-vs-generation-wonders-champions-tour-cis-stage-1-challengers-1-ro64,invalid_match_href
https://www.vlr.gg/event/matches/794/,/62549/team-hz-vs-norden-esports-champions-tour-cis-stage-1-challengers-1-ro64,invalid_match_href
https://www.vlr.gg/event/matches/794/,/62550/aim-attack-vs-hope-champions-tour-cis-stage-1-challengers-1-ro64,invalid_match_href
https://www.vlr.gg/event/matches/794/,/62551/fast-taxi-vs-purpure-champions-tour-cis-stage-1-challengers-1-ro64,invalid_match_href
https://www.vlr.gg/event/matches/794/,/62552/redragon-vs-geek-champions-champions-tour-cis-stage-1-challengers-1-ro64,invalid_match_href
https://www.vlr.gg/event/matches/794/,/62553/vozmojno-agressiya-vs-ahekdot-champions-tour-cis-stage-1-challengers-1-ro64,invalid_match_href
https://www.vlr.gg/event/matches/794/,/62554/ez-katka-vs-abushki-champions-tour-cis-stage-1-challengers-1-ro64,invalid_match_href
https://www.vlr.gg/event/matches/794/,/62555/cis-killers-vs-black-hawk-champions-tour-cis-stage-1-challengers-1-ro64,invalid_match_href
https://www.vlr.gg/event/matches/794/,/62556/noavocado-vs-highrage-champions-tour-cis-stage-1-challengers-1-ro64,invalid_match_href
https://www.vlr.gg/event/matches/794/,/62557/sleepless-vs-no-aim-assist-champions-tour-cis-stage-1-challengers-1-ro64,invalid_match_href
https://www.vlr.gg/event/matches/794/,/62558/deathwish-vs-kabani-pepel-champions-tour-cis-stage-1-challengers-1-ro64,invalid_match_href
https://www.vlr.gg/event/matches/794/,/62559/who-cares-vs-chsvparty-champions-tour-cis-stage-1-challengers-1-ro64,invalid_match_href
https://www.vlr.gg/event/matches/794/,/62560/hatalante-vs-kaido-champions-tour-cis-stage-1-challengers-1-ro64,invalid_match_href
https://www.vlr.gg/event/matches/794/,/62561/vct-vs-b8-esports-champions-tour-cis-stage-1-challengers-1-ro64,invalid_match_href
https://www.vlr.gg/event/matches/794/,/62562/funplus-phoenix-vs-kabahbl-champions-tour-cis-stage-1-challengers-1-ro32,invalid_match_href
https://www.vlr.gg/event/matches/794/,/62563/qlf-clan-vs-without-negative-champions-tour-cis-stage-1-challengers-1-ro32,invalid_match_href
https://www.vlr.gg/event/matches/794/,/62564/moscow-five-jr-vs-uzhiki-champions-tour-cis-stage-1-challengers-1-ro32,invalid_match_href
https://www.vlr.gg/event/matches/794/,/62565/tactical-five-vs-whydah-champions-tour-cis-stage-1-challengers-1-ro32,invalid_match_href
https://www.vlr.gg/event/matches/794/,/62566/smaracis-esports-vs-ax3-champions-tour-cis-stage-1-challengers-1-ro32,invalid_match_href
https://www.vlr.gg/event/matches/794/,/62567/odium-vs-nytipo-champions-tour-cis-stage-1-challengers-1-ro32,invalid_match_href
https://www.vlr.gg/event/matches/794/,/62568/fishkavtom-vs-siberian-champions-tour-cis-stage-1-challengers-1-ro32,invalid_match_href
https://www.vlr.gg/event/matches/794/,/62569/bottom-of-the-bottle-vs-aeon-champions-tour-cis-stage-1-challengers-1-ro32,invalid_match_href
https://www.vlr.gg/event/matches/794/,/62570/vctry-esports-vs-fat7-champions-tour-cis-stage-1-challengers-1-ro32,invalid_match_href
https://www.vlr.gg/event/matches/794/,/62571/feelmyhack-vs-team-hz-champions-tour-cis-stage-1-challengers-1-ro32,invalid_match_href
https://www.vlr.gg/event/matches/794/,/62572/aim-attack-vs-purpure-champions-tour-cis-stage-1-challengers-1-ro32,invalid_match_href
https://www.vlr.gg/event/matches/794/,/62573/redragon-vs-vozmojno-agressiya-champions-tour-cis-stage-1-challengers-1-ro32,invalid_match_href
https://www.vlr.gg/event/matches/794/,/62574/ez-katka-vs-cis-killers-champions-tour-cis-stage-1-challengers-1-ro32,invalid_match_href
https://www.vlr.gg/event/matches/794/,/62575/noavocado-vs-sleepless-champions-tour-cis-stage-1-challengers-1-ro32,invalid_match_href
https://www.vlr.gg/event/matches/794/,/62576/deathwish-vs-who-cares-champions-tour-cis-stage-1-challengers-1-ro32,invalid_match_href
https://www.vlr.gg/event/matches/794/,/62577/hatalante-vs-b8-esports-champions-tour-cis-stage-1-challengers-1-ro32,invalid_match_href
https://www.vlr.gg/event/matches/794/,/62581/fishkavtom-vs-bottom-of-the-bottle-champions-tour-cis-stage-1-challengers-1-ro16,invalid_match_href
https://www.vlr.gg/event/matches/794/,/62582/vctry-esports-vs-team-hz-champions-tour-cis-stage-1-challengers-1-ro16,invalid_match_href
https://www.vlr.gg/event/matches/794/,/62583/aim-attack-vs-redragon-champions-tour-cis-stage-1-challengers-1-ro16,invalid_match_href
https://www.vlr.gg/event/matches/794/,/62584/ez-katka-vs-sleepless-champions-tour-cis-stage-1-challengers-1-ro16,invalid_match_href
https://www.vlr.gg/event/matches/794/,/62578/funplus-phoenix-vs-qlf-clan-champions-tour-cis-stage-1-challengers-1-ro16,invalid_match_href
https://www.vlr.gg/event/matches/794/,/62579/moscow-five-jr-vs-tactical-five-champions-tour-cis-stage-1-challengers-1-ro16,invalid_match_href
https://www.vlr.gg/event/matches/794/,/62580/smaracis-esports-vs-odium-champions-tour-cis-stage-1-challengers-1-ro16,invalid_match_href
https://www.vlr.gg/event/matches/794/,/62585/deathwish-vs-b8-esports-champions-tour-cis-stage-1-challengers-1-ro16,invalid_match_href
https://www.vlr.gg/event/matches/794/,/62586/funplus-phoenix-vs-tactical-five-champions-tour-cis-stage-1-challengers-1-qf,invalid_match_href
https://www.vlr.gg/event/matches/794/,/62587/smaracis-esports-vs-fishkavtom-champions-tour-cis-stage-1-challengers-1-qf,invalid_match_href
https://www.vlr.gg/event/matches/794/,/62588/team-hz-vs-aim-attack-champions-tour-cis-stage-1-challengers-1-qf,invalid_match_href
https://www.vlr.gg/event/matches/794/,/62589/ez-katka-vs-b8-esports-champions-tour-cis-stage-1-challengers-1-qf,invalid_match_href
https://www.vlr.gg/event/matches/794/,/63579/one-breath-gaming-vs-b8-esports-champions-tour-cis-stage-1-challengers-1-ubqf,invalid_match_href
https://www.vlr.gg/event/matches/794/,/63580/natus-vincere-vs-smaracis-esports-champions-tour-cis-stage-1-challengers-1-ubqf,invalid_match_href
https://www.vlr.gg/event/matches/794/,/63582/kpi-gaming-vs-funplus-phoenix-champions-tour-cis-stage-1-challengers-1-ubqf,invalid_match_href
https://www.vlr.gg/event/matches/794/,/63581/5mokes-vs-aim-attack-champions-tour-cis-stage-1-challengers-1-ubqf,invalid_match_href
https://www.vlr.gg/event/matches/794/,/63583/one-breath-gaming-vs-natus-vincere-champions-tour-cis-stage-1-challengers-1-ubsf,invalid_match_href
https://www.vlr.gg/event/matches/794/,/63584/5mokes-vs-kpi-gaming-champions-tour-cis-stage-1-challengers-1-ubsf,invalid_match_href
https://www.vlr.gg/event/matches/794/,/63587/b8-esports-vs-smaracis-esports-champions-tour-cis-stage-1-challengers-1-lr1,invalid_match_href
https://www.vlr.gg/event/matches/794/,/63588/aim-attack-vs-funplus-phoenix-champions-tour-cis-stage-1-challengers-1-lr1,invalid_match_href
https://www.vlr.gg/event/matches/794/,/63585/natus-vincere-vs-kpi-gaming-champions-tour-cis-stage-1-challengers-1-ubf,invalid_match_href
https://www.vlr.gg/event/matches/794/,/63590/one-breath-gaming-vs-funplus-phoenix-champions-tour-cis-stage-1-challengers-1-lr2,invalid_match_href
https://www.vlr.gg/event/matches/794/,/63589/5mokes-vs-smaracis-esports-champions-tour-cis-stage-1-challengers-1-lr2,invalid_match_href
https://www.vlr.gg/event/matches/794/,/63591/5mokes-vs-funplus-phoenix-champions-tour-cis-stage-1-challengers-1-lr3,invalid_match_href
https://www.vlr.gg/event/matches/794/,/63688/smaracis-esports-vs-one-breath-gaming-champions-tour-cis-stage-1-challengers-1-match-5-6,invalid_match_href
https://www.vlr.gg/event/matches/794/,/63592/kpi-gaming-vs-funplus-phoenix-champions-tour-cis-stage-1-challengers-1-lbf,invalid_match_href
https://www.vlr.gg/event/matches/794/,/63586/natus-vincere-vs-funplus-phoenix-champions-tour-cis-stage-1-challengers-1-gf,invalid_match_href
https://www.vlr.gg/event/matches/449/,/51282/vision-strikers-vs-full-sense-valorant-champions-opening-d,invalid_match_href
https://www.vlr.gg/event/matches/449/,/51278/team-vikings-vs-crazy-raccoon-valorant-champions-opening-c,invalid_match_href
https://www.vlr.gg/event/matches/449/,/51283/fnatic-vs-cloud9-blue-valorant-champions-opening-d,invalid_match_href
https://www.vlr.gg/event/matches/449/,/51277/gambit-esports-vs-team-secret-valorant-champions-opening-c,invalid_match_href
https://www.vlr.gg/event/matches/449/,/51273/sentinels-vs-furia-valorant-champions-opening-b,invalid_match_href
https://www.vlr.gg/event/matches/449/,/51272/kr-esports-vs-team-liquid-valorant-champions-opening-b,invalid_match_href
https://www.vlr.gg/event/matches/449/,/51284/vision-strikers-vs-fnatic-valorant-champions-winners-d,invalid_match_href
https://www.vlr.gg/event/matches/449/,/51267/envy-vs-x10-crit-valorant-champions-opening-a,invalid_match_href
https://www.vlr.gg/event/matches/449/,/51279/gambit-esports-vs-team-vikings-valorant-champions-winners-c,invalid_match_href
https://www.vlr.gg/event/matches/449/,/51274/team-liquid-vs-sentinels-valorant-champions-winners-b,invalid_match_href
https://www.vlr.gg/event/matches/449/,/51266/acend-vs-keyd-stars-valorant-champions-opening-a,invalid_match_href
https://www.vlr.gg/event/matches/449/,/51280/team-secret-vs-crazy-raccoon-valorant-champions-elim-c,invalid_match_href
https://www.vlr.gg/event/matches/449/,/51275/kr-esports-vs-furia-valorant-champions-elim-b,invalid_match_href
https://www.vlr.gg/event/matches/449/,/51285/full-sense-vs-cloud9-blue-valorant-champions-elim-d,invalid_match_href
https://www.vlr.gg/event/matches/449/,/51268/acend-vs-envy-valorant-champions-winners-a,invalid_match_href
https://www.vlr.gg/event/matches/449/,/51269/keyd-stars-vs-x10-crit-valorant-champions-elim-a,invalid_match_href
https://www.vlr.gg/event/matches/449/,/51276/sentinels-vs-kr-esports-valorant-champions-decider-b,invalid_match_href
https://www.vlr.gg/event/matches/449/,/51286/vision-strikers-vs-cloud9-blue-valorant-champions-decider-d,invalid_match_href
https://www.vlr.gg/event/matches/449/,/51281/team-vikings-vs-team-secret-valorant-champions-decider-c,invalid_match_href
https://www.vlr.gg/event/matches/449/,/51270/envy-vs-x10-crit-valorant-champions-decider-a,invalid_match_href
https://www.vlr.gg/event/matches/449/,/51290/acend-vs-team-secret-valorant-champions-qf,invalid_match_href
https://www.vlr.gg/event/matches/449/,/51291/team-liquid-vs-cloud9-valorant-champions-qf,invalid_match_href
https://www.vlr.gg/event/matches/449/,/51292/gambit-esports-vs-x10-crit-valorant-champions-qf,invalid_match_href
https://www.vlr.gg/event/matches/449/,/51293/fnatic-vs-kr-esports-valorant-champions-qf,invalid_match_href
https://www.vlr.gg/event/matches/449/,/51294/acend-vs-team-liquid-valorant-champions-sf,invalid_match_href
https://www.vlr.gg/event/matches/449/,/51295/gambit-esports-vs-kr-esports-valorant-champions-sf,invalid_match_href
https://www.vlr.gg/event/matches/449/,/51296/acend-vs-gambit-esports-valorant-champions-2021-gf,invalid_match_href
https://www.vlr.gg/event/matches/559/,/42198/g2-esports-vs-anubis-gaming-champions-tour-emea-last-chance-qualifier-ubqf,invalid_match_href
https://www.vlr.gg/event/matches/559/,/42199/futbolist-vs-oxygen-esports-champions-tour-emea-last-chance-qualifier-ubqf,invalid_match_href
https://www.vlr.gg/event/matches/559/,/42200/supermassive-blaze-vs-guild-esports-champions-tour-emea-last-chance-qualifier-ubqf,invalid_match_href
https://www.vlr.gg/event/matches/559/,/42201/team-liquid-vs-one-breath-gaming-champions-tour-emea-last-chance-qualifier-ubqf,invalid_match_href
https://www.vlr.gg/event/matches/559/,/42206/anubis-gaming-vs-oxygen-esports-champions-tour-emea-last-chance-qualifier-lr1,invalid_match_href
https://www.vlr.gg/event/matches/559/,/42207/supermassive-blaze-vs-one-breath-gaming-champions-tour-emea-last-chance-qualifier-lr1,invalid_match_href
https://www.vlr.gg/event/matches/559/,/42202/g2-esports-vs-futbolist-champions-tour-emea-last-chance-qualifier-ubsf,invalid_match_href
https://www.vlr.gg/event/matches/559/,/42203/guild-esports-vs-team-liquid-champions-tour-emea-last-chance-qualifier-ubsf,invalid_match_href
https://www.vlr.gg/event/matches/559/,/42208/guild-esports-vs-oxygen-esports-champions-tour-emea-last-chance-qualifier-lr2,invalid_match_href
https://www.vlr.gg/event/matches/559/,/42209/futbolist-vs-supermassive-blaze-champions-tour-emea-last-chance-qualifier-lr2,invalid_match_href
https://www.vlr.gg/event/matches/559/,/42204/g2-esports-vs-team-liquid-champions-tour-emea-last-chance-qualifier-ubf,invalid_match_href
https://www.vlr.gg/event/matches/559/,/42210/guild-esports-vs-futbolist-champions-tour-emea-last-chance-qualifier-lr3,invalid_match_href
https://www.vlr.gg/event/matches/559/,/42211/g2-esports-vs-guild-esports-champions-tour-emea-last-chance-qualifier-lbf,invalid_match_href
https://www.vlr.gg/event/matches/559/,/42205/team-liquid-vs-guild-esports-champions-tour-emea-last-chance-qualifier-gf,invalid_match_href
https://www.vlr.gg/event/matches/450/,/40469/fox-gaming-vs-geekay-esports-strike-arabia-championship-finals-ubqf,invalid_match_href
https://www.vlr.gg/event/matches/450/,/40472/team-majesty-vs-yalla-esports-strike-arabia-championship-finals-ubqf,invalid_match_href
https://www.vlr.gg/event/matches/450/,/40470/nasr-esports-vs-piercer-esports-strike-arabia-championship-finals-ubqf,invalid_match_href
https://www.vlr.gg/event/matches/450/,/40471/team-raad-vs-anubis-gaming-strike-arabia-championship-finals-ubqf,invalid_match_href
https://www.vlr.gg/event/matches/450/,/40476/geekay-esports-vs-nasr-esports-strike-arabia-championship-finals-lbr1,invalid_match_href
https://www.vlr.gg/event/matches/450/,/40477/anubis-gaming-vs-team-majesty-strike-arabia-championship-finals-lbr1,invalid_match_href
https://www.vlr.gg/event/matches/450/,/40473/fox-gaming-vs-piercer-esports-strike-arabia-championship-finals-ubsf,invalid_match_href
https://www.vlr.gg/event/matches/450/,/40474/team-raad-vs-yalla-esports-strike-arabia-championship-finals-ubsf,invalid_match_href
https://www.vlr.gg/event/matches/450/,/40479/fox-gaming-vs-anubis-gaming-strike-arabia-championship-finals-lbr2,invalid_match_href
https://www.vlr.gg/event/matches/450/,/40478/yalla-esports-vs-nasr-esports-strike-arabia-championship-finals-lbr2,invalid_match_href
https://www.vlr.gg/event/matches/450/,/40480/nasr-esports-vs-anubis-gaming-strike-arabia-championship-finals-lbr3,invalid_match_href
https://www.vlr.gg/event/matches/450/,/40475/piercer-esports-vs-team-raad-strike-arabia-championship-finals-ubf,invalid_match_href
https://www.vlr.gg/event/matches/450/,/40481/piercer-esports-vs-anubis-gaming-strike-arabia-championship-finals-lbf,invalid_match_href
https://www.vlr.gg/event/matches/450/,/40482/team-raad-vs-anubis-gaming-strike-arabia-championship-finals-gf,invalid_match_href
https://www.vlr.gg/event/matches/466/,/34948/supermassive-blaze-vs-acend-valorant-champions-tour-stage-3-masters-berlin-opening-a,invalid_match_href
https://www.vlr.gg/event/matches/466/,/35938/g2-esports-vs-f4q-valorant-champions-tour-stage-3-masters-berlin-group-d,invalid_match_href
https://www.vlr.gg/event/matches/466/,/34952/100-thieves-vs-havan-liberty-valorant-champions-tour-stage-3-masters-berlin-opening-c,invalid_match_href
https://www.vlr.gg/event/matches/466/,/34947/vision-strikers-vs-paper-rex-valorant-champions-tour-stage-3-masters-berlin-opening-a,invalid_match_href
https://www.vlr.gg/event/matches/466/,/34951/gambit-esports-vs-crazy-raccoon-valorant-champions-tour-stage-3-masters-berlin-opening-c,invalid_match_href
https://www.vlr.gg/event/matches/466/,/34949/vivo-keyd-vs-envy-valorant-champions-tour-stage-3-masters-berlin-opening-b,invalid_match_href
https://www.vlr.gg/event/matches/466/,/34950/kr-esports-vs-zeta-division-valorant-champions-tour-stage-3-masters-berlin-opening-b,invalid_match_href
https://www.vlr.gg/event/matches/466/,/35939/sentinels-vs-g2-esports-valorant-champions-tour-stage-3-masters-berlin-group-d,invalid_match_href
https://www.vlr.gg/event/matches/466/,/34964/gambit-esports-vs-100-thieves-valorant-champions-tour-stage-3-masters-berlin-winners-c,invalid_match_href
https://www.vlr.gg/event/matches/466/,/34961/envy-vs-kr-esports-valorant-champions-tour-stage-3-masters-berlin-winners-b,invalid_match_href
https://www.vlr.gg/event/matches/466/,/34958/vision-strikers-vs-acend-valorant-champions-tour-stage-3-masters-berlin-winners-a,invalid_match_href
https://www.vlr.gg/event/matches/466/,/35940/f4q-vs-sentinels-valorant-champions-tour-stage-3-masters-berlin-group-d,invalid_match_href
https://www.vlr.gg/event/matches/466/,/35941/f4q-vs-g2-esports-valorant-champions-tour-stage-3-masters-berlin-group-d,invalid_match_href
https://www.vlr.gg/event/matches/466/,/34962/vivo-keyd-vs-zeta-division-valorant-champions-tour-stage-3-masters-berlin-elimination-b,invalid_match_href
https://www.vlr.gg/event/matches/466/,/34965/crazy-raccoon-vs-havan-liberty-valorant-champions-tour-stage-3-masters-berlin-elimination-c,invalid_match_href
https://www.vlr.gg/event/matches/466/,/34959/paper-rex-vs-supermassive-blaze-valorant-champions-tour-stage-3-masters-berlin-elimination-a,invalid_match_href
https://www.vlr.gg/event/matches/466/,/35942/g2-esports-vs-sentinels-valorant-champions-tour-stage-3-masters-berlin-group-d,invalid_match_href
https://www.vlr.gg/event/matches/466/,/34963/kr-esports-vs-vivo-keyd-valorant-champions-tour-stage-3-masters-berlin-decider-b,invalid_match_href
https://www.vlr.gg/event/matches/466/,/34960/acend-vs-supermassive-blaze-valorant-champions-tour-stage-3-masters-berlin-decider-a,invalid_match_href
https://www.vlr.gg/event/matches/466/,/34966/gambit-esports-vs-crazy-raccoon-valorant-champions-tour-stage-3-masters-berlin-decider-c,invalid_match_href
https://www.vlr.gg/event/matches/466/,/35943/sentinels-vs-f4q-valorant-champions-tour-stage-3-masters-berlin-group-d,invalid_match_href
https://www.vlr.gg/event/matches/466/,/34975/vision-strikers-vs-gambit-esports-valorant-champions-tour-stage-3-masters-berlin-qf,invalid_match_href
https://www.vlr.gg/event/matches/466/,/34976/g2-esports-vs-kr-esports-valorant-champions-tour-stage-3-masters-berlin-qf,invalid_match_href
https://www.vlr.gg/event/matches/466/,/34973/100-thieves-vs-acend-valorant-champions-tour-stage-3-masters-berlin-qf,invalid_match_href
https://www.vlr.gg/event/matches/466/,/34974/envy-vs-sentinels-valorant-champions-tour-stage-3-masters-berlin-qf,invalid_match_href
https://www.vlr.gg/event/matches/466/,/34977/gambit-esports-vs-g2-esports-valorant-champions-tour-stage-3-masters-berlin-sf,invalid_match_href
https://www.vlr.gg/event/matches/466/,/34978/100-thieves-vs-envy-valorant-champions-tour-stage-3-masters-berlin-sf,invalid_match_href
https://www.vlr.gg/event/matches/466/,/34979/envy-vs-gambit-esports-valorant-champions-tour-stage-3-masters-berlin-gf,invalid_match_href
https://www.vlr.gg/event/matches/664/,/35565/new-genesis-esports-vs-team-validus-strike-arabia-league-season-3-group-stage,invalid_match_href
https://www.vlr.gg/event/matches/664/,/35566/fraggerz-vs-mythociast-strike-arabia-league-season-3-group-stage,invalid_match_href
https://www.vlr.gg/event/matches/664/,/35567/piercer-esports-vs-top-gear-strike-arabia-league-season-3-group-stage,invalid_match_href
https://www.vlr.gg/event/matches/664/,/35568/scytes-esports-vs-onyx-ravens-strike-arabia-league-season-3-group-stage,invalid_match_href
https://www.vlr.gg/event/matches/664/,/35593/alterfox-esports-vs-psycho-family-strike-arabia-league-season-3-group-stage,invalid_match_href
https://www.vlr.gg/event/matches/664/,/35594/anubis-gaming-vs-team-wavii-strike-arabia-league-season-3-group-stage,invalid_match_href
https://www.vlr.gg/event/matches/664/,/35595/la7zag-esports-vs-elementals-strike-arabia-league-season-3-group-stage,invalid_match_href
https://www.vlr.gg/event/matches/664/,/35596/rtg-esports-vs-exality-strike-arabia-league-season-3-group-stage,invalid_match_href
https://www.vlr.gg/event/matches/664/,/35569/new-genesis-esports-vs-mythociast-strike-arabia-league-season-3-group-stage,invalid_match_href
https://www.vlr.gg/event/matches/664/,/35570/team-validus-vs-top-gear-strike-arabia-league-season-3-group-stage,invalid_match_href
https://www.vlr.gg/event/matches/664/,/35571/fraggerz-vs-onyx-ravens-strike-arabia-league-season-3-group-stage,invalid_match_href
https://www.vlr.gg/event/matches/664/,/35572/piercer-esports-vs-scytes-esports-strike-arabia-league-season-3-group-stage,invalid_match_href
https://www.vlr.gg/event/matches/664/,/35597/alterfox-esports-vs-team-wavii-strike-arabia-league-season-3-group-stage,invalid_match_href
https://www.vlr.gg/event/matches/664/,/35598/psycho-family-vs-elementals-strike-arabia-league-season-3-group-stage,invalid_match_href
https://www.vlr.gg/event/matches/664/,/35599/anubis-gaming-vs-exality-strike-arabia-league-season-3-group-stage,invalid_match_href
https://www.vlr.gg/event/matches/664/,/35600/la7zag-esports-vs-rtg-esports-strike-arabia-league-season-3-group-stage,invalid_match_href
https://www.vlr.gg/event/matches/664/,/35573/new-genesis-esports-vs-top-gear-strike-arabia-league-season-3-group-stage,invalid_match_href
https://www.vlr.gg/event/matches/664/,/35574/mythociast-vs-onyx-ravens-strike-arabia-league-season-3-group-stage,invalid_match_href
https://www.vlr.gg/event/matches/664/,/35575/team-validus-vs-scytes-esports-strike-arabia-league-season-3-group-stage,invalid_match_href
https://www.vlr.gg/event/matches/664/,/35576/fraggerz-vs-piercer-esports-strike-arabia-league-season-3-group-stage,invalid_match_href
https://www.vlr.gg/event/matches/664/,/35601/alterfox-esports-vs-elementals-strike-arabia-league-season-3-group-stage,invalid_match_href
https://www.vlr.gg/event/matches/664/,/35602/team-wavii-vs-exality-strike-arabia-league-season-3-group-stage,invalid_match_href
https://www.vlr.gg/event/matches/664/,/35603/psycho-family-vs-rtg-esports-strike-arabia-league-season-3-group-stage,invalid_match_href
https://www.vlr.gg/event/matches/664/,/35604/anubis-gaming-vs-la7zag-esports-strike-arabia-league-season-3-group-stage,invalid_match_href
https://www.vlr.gg/event/matches/664/,/35577/new-genesis-esports-vs-onyx-ravens-strike-arabia-league-season-3-group-stage,invalid_match_href
https://www.vlr.gg/event/matches/664/,/35578/top-gear-vs-scytes-esports-strike-arabia-league-season-3-group-stage,invalid_match_href
https://www.vlr.gg/event/matches/664/,/35579/mythociast-vs-piercer-esports-strike-arabia-league-season-3-group-stage,invalid_match_href
https://www.vlr.gg/event/matches/664/,/35580/team-validus-vs-fraggerz-strike-arabia-league-season-3-group-stage,invalid_match_href
https://www.vlr.gg/event/matches/664/,/35605/alterfox-esports-vs-exality-strike-arabia-league-season-3-group-stage,invalid_match_href
https://www.vlr.gg/event/matches/664/,/35606/elementals-vs-rtg-esports-strike-arabia-league-season-3-group-stage,invalid_match_href
https://www.vlr.gg/event/matches/664/,/35607/team-wavii-vs-la7zag-esports-strike-arabia-league-season-3-group-stage,invalid_match_href
https://www.vlr.gg/event/matches/664/,/35608/psycho-family-vs-anubis-gaming-strike-arabia-league-season-3-group-stage,invalid_match_href
https://www.vlr.gg/event/matches/664/,/35581/onyx-ravens-vs-piercer-esports-strike-arabia-league-season-3-group-stage,invalid_match_href
https://www.vlr.gg/event/matches/664/,/35582/top-gear-vs-fraggerz-strike-arabia-league-season-3-group-stage,invalid_match_href
https://www.vlr.gg/event/matches/664/,/35583/new-genesis-esports-vs-scytes-esports-strike-arabia-league-season-3-group-stage,invalid_match_href
https://www.vlr.gg/event/matches/664/,/35584/mythociast-vs-team-validus-strike-arabia-league-season-3-group-stage,invalid_match_href
https://www.vlr.gg/event/matches/664/,/35609/alterfox-esports-vs-rtg-esports-strike-arabia-league-season-3-group-stage,invalid_match_href
https://www.vlr.gg/event/matches/664/,/35610/exality-vs-la7zag-esports-strike-arabia-league-season-3-group-stage,invalid_match_href
https://www.vlr.gg/event/matches/664/,/35611/elementals-vs-anubis-gaming-strike-arabia-league-season-3-group-stage,invalid_match_href
https://www.vlr.gg/event/matches/664/,/35612/team-wavii-vs-psycho-family-strike-arabia-league-season-3-group-stage,invalid_match_href
https://www.vlr.gg/event/matches/664/,/35585/new-genesis-esports-vs-piercer-esports-strike-arabia-league-season-3-group-stage,invalid_match_href
https://www.vlr.gg/event/matches/664/,/35586/scytes-esports-vs-fraggerz-strike-arabia-league-season-3-group-stage,invalid_match_href
https://www.vlr.gg/event/matches/664/,/35587/onyx-ravens-vs-team-validus-strike-arabia-league-season-3-group-stage,invalid_match_href
https://www.vlr.gg/event/matches/664/,/35588/top-gear-vs-mythociast-strike-arabia-league-season-3-group-stage,invalid_match_href
https://www.vlr.gg/event/matches/664/,/35613/alterfox-esports-vs-la7zag-esports-strike-arabia-league-season-3-group-stage,invalid_match_href
https://www.vlr.gg/event/matches/664/,/35614/rtg-esports-vs-anubis-gaming-strike-arabia-league-season-3-group-stage,invalid_match_href
https://www.vlr.gg/event/matches/664/,/35615/exality-vs-psycho-family-strike-arabia-league-season-3-group-stage,invalid_match_href
https://www.vlr.gg/event/matches/664/,/35616/elementals-vs-team-wavii-strike-arabia-league-season-3-group-stage,invalid_match_href
https://www.vlr.gg/event/matches/664/,/35589/new-genesis-esports-vs-fraggerz-strike-arabia-league-season-3-group-stage,invalid_match_href
https://www.vlr.gg/event/matches/664/,/35590/piercer-esports-vs-team-validus-strike-arabia-league-season-3-group-stage,invalid_match_href
https://www.vlr.gg/event/matches/664/,/35591/scytes-esports-vs-mythociast-strike-arabia-league-season-3-group-stage,invalid_match_href
https://www.vlr.gg/event/matches/664/,/35592/onyx-ravens-vs-top-gear-strike-arabia-league-season-3-group-stage,invalid_match_href
https://www.vlr.gg/event/matches/664/,/35617/alterfox-esports-vs-anubis-gaming-strike-arabia-league-season-3-group-stage,invalid_match_href
https://www.vlr.gg/event/matches/664/,/35618/la7zag-esports-vs-psycho-family-strike-arabia-league-season-3-group-stage,invalid_match_href
https://www.vlr.gg/event/matches/664/,/35619/rtg-esports-vs-team-wavii-strike-arabia-league-season-3-group-stage,invalid_match_href
https://www.vlr.gg/event/matches/664/,/35620/exality-vs-elementals-strike-arabia-league-season-3-group-stage,invalid_match_href
https://www.vlr.gg/event/matches/547/,/30770/natus-vincere-vs-team-liquid-champions-tour-stage-3-emea-challengers-playoffs-ur1,invalid_match_href
https://www.vlr.gg/event/matches/547/,/30771/guild-esports-vs-forze-champions-tour-stage-3-emea-challengers-playoffs-ur1,invalid_match_href
https://www.vlr.gg/event/matches/547/,/30773/oxygen-esports-vs-giants-gaming-champions-tour-stage-3-emea-challengers-playoffs-ur1,invalid_match_href
https://www.vlr.gg/event/matches/547/,/30772/funplus-phoenix-vs-fire-flux-esports-champions-tour-stage-3-emea-challengers-playoffs-ur1,invalid_match_href
https://www.vlr.gg/event/matches/547/,/30752/acend-vs-natus-vincere-champions-tour-stage-3-emea-challengers-playoffs-ubqf,invalid_match_href
https://www.vlr.gg/event/matches/547/,/30753/gambit-esports-vs-guild-esports-champions-tour-stage-3-emea-challengers-playoffs-ubqf,invalid_match_href
https://www.vlr.gg/event/matches/547/,/30755/g2-esports-vs-oxygen-esports-champions-tour-stage-3-emea-challengers-playoffs-ubqf,invalid_match_href
https://www.vlr.gg/event/matches/547/,/30754/supermassive-blaze-vs-funplus-phoenix-champions-tour-stage-3-emea-challengers-playoffs-ubqf,invalid_match_href
https://www.vlr.gg/event/matches/547/,/30760/oxygen-esports-vs-team-liquid-champions-tour-stage-3-emea-challengers-playoffs-lr1,invalid_match_href
https://www.vlr.gg/event/matches/547/,/30761/funplus-phoenix-vs-forze-champions-tour-stage-3-emea-challengers-playoffs-lr1,invalid_match_href
https://www.vlr.gg/event/matches/547/,/30762/guild-esports-vs-fire-flux-esports-champions-tour-stage-3-emea-challengers-playoffs-lr1,invalid_match_href
https://www.vlr.gg/event/matches/547/,/30763/natus-vincere-vs-giants-gaming-champions-tour-stage-3-emea-challengers-playoffs-lr1,invalid_match_href
https://www.vlr.gg/event/matches/547/,/30756/acend-vs-gambit-esports-champions-tour-stage-3-emea-challengers-playoffs-ubsf,invalid_match_href
https://www.vlr.gg/event/matches/547/,/30757/supermassive-blaze-vs-g2-esports-champions-tour-stage-3-emea-challengers-playoffs-ubsf,invalid_match_href
https://www.vlr.gg/event/matches/547/,/30764/team-liquid-vs-forze-champions-tour-stage-3-emea-challengers-playoffs-lr2,invalid_match_href
https://www.vlr.gg/event/matches/547/,/30765/guild-esports-vs-giants-gaming-champions-tour-stage-3-emea-challengers-playoffs-lr2,invalid_match_href
https://www.vlr.gg/event/matches/547/,/30766/gambit-esports-vs-team-liquid-champions-tour-stage-3-emea-challengers-playoffs-lr3,invalid_match_href
https://www.vlr.gg/event/matches/547/,/30767/g2-esports-vs-giants-gaming-champions-tour-stage-3-emea-challengers-playoffs-lr3,invalid_match_href
https://www.vlr.gg/event/matches/547/,/30768/gambit-esports-vs-g2-esports-champions-tour-stage-3-emea-challengers-playoffs-lr4,invalid_match_href
https://www.vlr.gg/event/matches/547/,/30758/acend-vs-supermassive-blaze-champions-tour-stage-3-emea-challengers-playoffs-ubf,invalid_match_href
https://www.vlr.gg/event/matches/547/,/30769/acend-vs-gambit-esports-champions-tour-stage-3-emea-challengers-playoffs-lbf,invalid_match_href
https://www.vlr.gg/event/matches/547/,/30759/supermassive-blaze-vs-gambit-esports-champions-tour-stage-3-emea-challengers-playoffs-gf,invalid_match_href
https://www.vlr.gg/event/matches/544/,/27950/young-supremacy-vs-og-champions-tour-europe-stage-3-challengers-2-ro256,invalid_match_href
https://www.vlr.gg/event/matches/544/,/27957/evereux-vs-rise-esports-champions-tour-europe-stage-3-challengers-2-ro256,invalid_match_href
https://www.vlr.gg/event/matches/544/,/27958/mango-popcorn-vs-soyboys-champions-tour-europe-stage-3-challengers-2-ro256,invalid_match_href
https://www.vlr.gg/event/matches/544/,/27968/freya-vs-the-goose-house-lunar-champions-tour-europe-stage-3-challengers-2-ro256,invalid_match_href
https://www.vlr.gg/event/matches/544/,/27982/the-lost-nation-vs-celestial-esports-champions-tour-europe-stage-3-challengers-2-ro256,invalid_match_href
https://www.vlr.gg/event/matches/544/,/27944/aesir-esports-vs-detox-champions-tour-europe-stage-3-challengers-2-ro256,invalid_match_href
https://www.vlr.gg/event/matches/544/,/27945/gso-vs-dgen-champions-tour-europe-stage-3-challengers-2-ro256,invalid_match_href
https://www.vlr.gg/event/matches/544/,/27947/uwumix-vs-skelp-esports-champions-tour-europe-stage-3-challengers-2-ro256,invalid_match_href
https://www.vlr.gg/event/matches/544/,/27948/shiny-vs-angry-titans-champions-tour-europe-stage-3-challengers-2-ro256,invalid_match_href
https://www.vlr.gg/event/matches/544/,/27949/revo-unit-vs-gydom-galva-champions-tour-europe-stage-3-challengers-2-ro256,invalid_match_href
https://www.vlr.gg/event/matches/544/,/27951/teamates-gaming-vs-les-zinzins-de-lespace-champions-tour-europe-stage-3-challengers-2-ro256,invalid_match_href
https://www.vlr.gg/event/matches/544/,/27952/surrealplay-vs-peepolads-champions-tour-europe-stage-3-challengers-2-ro256,invalid_match_href
https://www.vlr.gg/event/matches/544/,/27953/deez-nuts-vs-banditz-champions-tour-europe-stage-3-challengers-2-ro256,invalid_match_href
https://www.vlr.gg/event/matches/544/,/27954/nowytowiec-vs-shadowzgg-champions-tour-europe-stage-3-challengers-2-ro256,invalid_match_href
https://www.vlr.gg/event/matches/544/,/27955/flashdash-vs-nope-champions-tour-europe-stage-3-challengers-2-ro256,invalid_match_href
https://www.vlr.gg/event/matches/544/,/27956/project-a-vs-mtp-esport-champions-tour-europe-stage-3-challengers-2-ro256,invalid_match_href
https://www.vlr.gg/event/matches/544/,/27960/kapten-mint-vs-learn-2-play-champions-tour-europe-stage-3-challengers-2-ro256,invalid_match_href
https://www.vlr.gg/event/matches/544/,/27961/grandspirit-vs-trisium-esports-champions-tour-europe-stage-3-challengers-2-ro256,invalid_match_href
https://www.vlr.gg/event/matches/544/,/27962/on-vient-cs-vs-rix-gg-lightning-champions-tour-europe-stage-3-challengers-2-ro256,invalid_match_href
https://www.vlr.gg/event/matches/544/,/27963/logicialat-vs-equipe-champions-tour-europe-stage-3-challengers-2-ro256,invalid_match_href
https://www.vlr.gg/event/matches/544/,/27964/kryzys-vs-megastitut-champions-tour-europe-stage-3-challengers-2-ro256,invalid_match_href
https://www.vlr.gg/event/matches/544/,/27965/dark-tigers-vs-ayned-champions-tour-europe-stage-3-challengers-2-ro256,invalid_match_href
https://www.vlr.gg/event/matches/544/,/27966/kjottkaker-i-brun-saus-vs-fadee-gaming-champions-tour-europe-stage-3-challengers-2-ro256,invalid_match_href
https://www.vlr.gg/event/matches/544/,/27969/ignite-vs-chakalaka-champions-tour-europe-stage-3-challengers-2-ro256,invalid_match_href
https://www.vlr.gg/event/matches/544/,/27970/enduring-vs-pact-champions-tour-europe-stage-3-challengers-2-ro256,invalid_match_href
https://www.vlr.gg/event/matches/544/,/27971/redpack-esports-vs-esuba-champions-tour-europe-stage-3-challengers-2-ro256,invalid_match_href
https://www.vlr.gg/event/matches/544/,/27972/ditched-vs-nonsensegaming-champions-tour-europe-stage-3-challengers-2-ro256,invalid_match_href
https://www.vlr.gg/event/matches/544/,/27973/ayaya-vs-humanity-esport-champions-tour-europe-stage-3-challengers-2-ro256,invalid_match_href
https://www.vlr.gg/event/matches/544/,/27974/north-star-vs-nopoaching-champions-tour-europe-stage-3-challengers-2-ro256,invalid_match_href
https://www.vlr.gg/event/matches/544/,/27976/frelo-vs-nebulaa-champions-tour-europe-stage-3-challengers-2-ro256,invalid_match_href
https://www.vlr.gg/event/matches/544/,/27977/psyhiatryk-vs-superior-champions-tour-europe-stage-3-challengers-2-ro256,invalid_match_href
https://www.vlr.gg/event/matches/544/,/27978/conqueror-gaming-vs-mix-helios-champions-tour-europe-stage-3-challengers-2-ro256,invalid_match_href
https://www.vlr.gg/event/matches/544/,/27979/super-cool-komando-vs-burst-champions-tour-europe-stage-3-challengers-2-ro256,invalid_match_href
https://www.vlr.gg/event/matches/544/,/27980/capri-sun-vs-bonsoir-champions-tour-europe-stage-3-challengers-2-ro256,invalid_match_href
https://www.vlr.gg/event/matches/544/,/27981/esports-cyberathletes-vs-mantis-champions-tour-europe-stage-3-challengers-2-ro256,invalid_match_href
https://www.vlr.gg/event/matches/544/,/27983/dream-team-vs-un-mix-ta-peur-champions-tour-europe-stage-3-challengers-2-ro256,invalid_match_href
https://www.vlr.gg/event/matches/544/,/27984/felix-and-friends-vs-5mancore-champions-tour-europe-stage-3-challengers-2-ro256,invalid_match_href
https://www.vlr.gg/event/matches/544/,/27985/lasagna-beam-vs-5-baguettes-champions-tour-europe-stage-3-challengers-2-ro256,invalid_match_href
https://www.vlr.gg/event/matches/544/,/27986/woof-woof-vs-angry-bats-champions-tour-europe-stage-3-challengers-2-ro256,invalid_match_href
https://www.vlr.gg/event/matches/544/,/27987/mixers-vs-vesper-gaming-champions-tour-europe-stage-3-challengers-2-ro256,invalid_match_href
https://www.vlr.gg/event/matches/544/,/27988/rcivarkaat-vs-reject-champions-tour-europe-stage-3-challengers-2-ro256,invalid_match_href
https://www.vlr.gg/event/matches/544/,/27989/killjoy-gaming-vs-vacuumers-champions-tour-europe-stage-3-challengers-2-ro256,invalid_match_href
https://www.vlr.gg/event/matches/544/,/27990/atreus-vs-egn-esports-champions-tour-europe-stage-3-challengers-2-ro256,invalid_match_href
https://www.vlr.gg/event/matches/544/,/27992/hi-shin-vs-team-queso-champions-tour-europe-stage-3-challengers-2-ro256,invalid_match_href
https://www.vlr.gg/event/matches/544/,/27993/pomidorki-w-louis-vs-lvl-up-esport-champions-tour-europe-stage-3-challengers-2-ro256,invalid_match_href
https://www.vlr.gg/event/matches/544/,/27994/last-second-mix-vs-samurais-in-business-suits-champions-tour-europe-stage-3-challengers-2-ro256,invalid_match_href
https://www.vlr.gg/event/matches/544/,/27995/dont-talking-please-vs-wlgaming-esports-champions-tour-europe-stage-3-challengers-2-ro256,invalid_match_href
https://www.vlr.gg/event/matches/544/,/27996/burstlimit-vs-yendez-champions-tour-europe-stage-3-challengers-2-ro256,invalid_match_href
https://www.vlr.gg/event/matches/544/,/27997/budget-aimers-vs-bifrost-champions-tour-europe-stage-3-challengers-2-ro256,invalid_match_href
https://www.vlr.gg/event/matches/544/,/27998/san-vs-cgn-esports-champions-tour-europe-stage-3-challengers-2-ro256,invalid_match_href
https://www.vlr.gg/event/matches/544/,/27999/psq-vs-21solution-esports-champions-tour-europe-stage-3-challengers-2-ro256,invalid_match_href
https://www.vlr.gg/event/matches/544/,/28000/mix-team-vs-team-plague-champions-tour-europe-stage-3-challengers-2-ro256,invalid_match_href
https://www.vlr.gg/event/matches/544/,/28001/ehbit-gaming-vs-totally-spies-champions-tour-europe-stage-3-challengers-2-ro256,invalid_match_href
https://www.vlr.gg/event/matches/544/,/28002/51-minds-vs-rumbakiddos-champions-tour-europe-stage-3-challengers-2-ro256,invalid_match_href
https://www.vlr.gg/event/matches/544/,/28003/shield-esport-vs-farmers-champions-tour-europe-stage-3-challengers-2-ro256,invalid_match_href
https://www.vlr.gg/event/matches/544/,/28004/m8-esports-vs-guards-of-elysium-champions-tour-europe-stage-3-challengers-2-ro256,invalid_match_href
https://www.vlr.gg/event/matches/544/,/28005/shush-vs-stramme-mangos-champions-tour-europe-stage-3-challengers-2-ro256,invalid_match_href
https://www.vlr.gg/event/matches/544/,/28006/playforcarry-vs-ubiteam-champions-tour-europe-stage-3-challengers-2-ro256,invalid_match_href
https://www.vlr.gg/event/matches/544/,/28008/atravs-vs-big-bad-badgers-champions-tour-europe-stage-3-challengers-2-ro256,invalid_match_href
https://www.vlr.gg/event/matches/544/,/28009/team123-vs-average-joes-champions-tour-europe-stage-3-challengers-2-ro256,invalid_match_href
https://www.vlr.gg/event/matches/544/,/28010/down-bad-f-c-vs-circe-champions-tour-europe-stage-3-challengers-2-ro256,invalid_match_href
https://www.vlr.gg/event/matches/544/,/28011/psycho-vs-winfinity-champions-tour-europe-stage-3-challengers-2-ro256,invalid_match_href
https://www.vlr.gg/event/matches/544/,/28012/team-collusion-vs-stuverance-esport-champions-tour-europe-stage-3-challengers-2-ro256,invalid_match_href
https://www.vlr.gg/event/matches/544/,/28013/anonymo-esports-vs-vitriolic-champions-tour-europe-stage-3-challengers-2-ro256,invalid_match_href
https://www.vlr.gg/event/matches/544/,/28014/masonic-vs-mackoesports-champions-tour-europe-stage-3-challengers-2-ro256,invalid_match_href
https://www.vlr.gg/event/matches/544/,/28015/ramenpeek-vs-monkes-champions-tour-europe-stage-3-challengers-2-ro256,invalid_match_href
https://www.vlr.gg/event/matches/544/,/28016/mucky-vs-noodle-arm-athletes-champions-tour-europe-stage-3-challengers-2-ro256,invalid_match_href
https://www.vlr.gg/event/matches/544/,/28017/chicago-parsnips-vs-team-bachara-champions-tour-europe-stage-3-challengers-2-ro256,invalid_match_href
https://www.vlr.gg/event/matches/544/,/28018/spirit-gaming-vs-9-bedes-champions-tour-europe-stage-3-challengers-2-ro256,invalid_match_href
https://www.vlr.gg/event/matches/544/,/28019/rugrats-vs-quartz-champions-tour-europe-stage-3-challengers-2-ro256,invalid_match_href
https://www.vlr.gg/event/matches/544/,/28020/ascension-vs-qz-champions-tour-europe-stage-3-challengers-2-ro256,invalid_match_href
https://www.vlr.gg/event/matches/544/,/28021/revivemejett-vs-icewolves-esports-champions-tour-europe-stage-3-challengers-2-ro256,invalid_match_href
https://www.vlr.gg/event/matches/544/,/28022/new-dawn-esports-vs-bad-mental-esports-champions-tour-europe-stage-3-challengers-2-ro256,invalid_match_href
https://www.vlr.gg/event/matches/544/,/28025/gaming-barracks-fi-vs-endavant-champions-tour-europe-stage-3-challengers-2-ro256,invalid_match_href
https://www.vlr.gg/event/matches/544/,/28026/hex-esports-vs-team-czapka-champions-tour-europe-stage-3-challengers-2-ro256,invalid_match_href
https://www.vlr.gg/event/matches/544/,/28027/ukulele-vs-ovation-esports-champions-tour-europe-stage-3-challengers-2-ro256,invalid_match_href
https://www.vlr.gg/event/matches/544/,/28028/5-yung-drillas-vs-axibyte-esports-champions-tour-europe-stage-3-challengers-2-ro256,invalid_match_href
https://www.vlr.gg/event/matches/544/,/28029/exile-legion-vs-ws-champions-tour-europe-stage-3-challengers-2-ro256,invalid_match_href
https://www.vlr.gg/event/matches/544/,/28031/aluzja-vs-tempo-champions-tour-europe-stage-3-challengers-2-ro256,invalid_match_href
https://www.vlr.gg/event/matches/544/,/28033/smell33t-vs-wieca-champions-tour-europe-stage-3-challengers-2-ro256,invalid_match_href
https://www.vlr.gg/event/matches/544/,/28034/1n-esport-vs-hmmescuta-champions-tour-europe-stage-3-challengers-2-ro256,invalid_match_href
https://www.vlr.gg/event/matches/544/,/28035/koifish-vs-ldn-utd-champions-tour-europe-stage-3-challengers-2-ro256,invalid_match_href
https://www.vlr.gg/event/matches/544/,/28036/ehehxd-vs-hai-iq-champions-tour-europe-stage-3-challengers-2-ro256,invalid_match_href
https://www.vlr.gg/event/matches/544/,/28037/ipon-team-horizon-reapers-vs-mustang-gaming-champions-tour-europe-stage-3-challengers-2-ro256,invalid_match_href
https://www.vlr.gg/event/matches/544/,/28038/wild-multigaming-vs-babos-gaming-champions-tour-europe-stage-3-challengers-2-ro256,invalid_match_href
https://www.vlr.gg/event/matches/544/,/28039/karutis-vs-duck-gaming-champions-tour-europe-stage-3-challengers-2-ro256,invalid_match_href
https://www.vlr.gg/event/matches/544/,/28041/ownage-vs-rave-party-champions-tour-europe-stage-3-challengers-2-ro256,invalid_match_href
https://www.vlr.gg/event/matches/544/,/28042/mds-factory-vs-fratres-champions-tour-europe-stage-3-challengers-2-ro256,invalid_match_href
https://www.vlr.gg/event/matches/544/,/28043/fearless-vs-shanghai-emperors-champions-tour-europe-stage-3-challengers-2-ro256,invalid_match_href
https://www.vlr.gg/event/matches/544/,/28044/pepsi-warriors-vs-enrage-champions-tour-europe-stage-3-challengers-2-ro256,invalid_match_href
https://www.vlr.gg/event/matches/544/,/28045/sprayz-gaming-vs-balasty-champions-tour-europe-stage-3-challengers-2-ro256,invalid_match_href
https://www.vlr.gg/event/matches/544/,/28046/tiikeri-vs-team-blink-champions-tour-europe-stage-3-challengers-2-ro256,invalid_match_href
https://www.vlr.gg/event/matches/544/,/28047/nexus-gaming-vs-nofear-champions-tour-europe-stage-3-challengers-2-ro256,invalid_match_href
https://www.vlr.gg/event/matches/544/,/28048/project-abc-vs-havik-esports-champions-tour-europe-stage-3-challengers-2-ro256,invalid_match_href
https://www.vlr.gg/event/matches/544/,/28049/vertical-seven-esports-vs-couchless-champions-tour-europe-stage-3-challengers-2-ro256,invalid_match_href
https://www.vlr.gg/event/matches/544/,/28050/old-dogs-vs-stinky-boys-champions-tour-europe-stage-3-challengers-2-ro256,invalid_match_href
https://www.vlr.gg/event/matches/544/,/28051/flymatez-vs-the-rial-romdom-champions-tour-europe-stage-3-challengers-2-ro256,invalid_match_href
https://www.vlr.gg/event/matches/544/,/28052/unjobbed-vs-cunning-stunts-champions-tour-europe-stage-3-challengers-2-ro256,invalid_match_href
https://www.vlr.gg/event/matches/544/,/28053/edge-vs-excel-champions-tour-europe-stage-3-challengers-2-ro256,invalid_match_href
https://www.vlr.gg/event/matches/544/,/28054/swag-silicone-vs-movistar-riders-champions-tour-europe-stage-3-challengers-2-ro256,invalid_match_href
https://www.vlr.gg/event/matches/544/,/28055/slayer-vs-john-howard-champions-tour-europe-stage-3-challengers-2-ro256,invalid_match_href
https://www.vlr.gg/event/matches/544/,/28057/beagles-vs-patatera-squad-champions-tour-europe-stage-3-challengers-2-ro256,invalid_match_href
https://www.vlr.gg/event/matches/544/,/28058/dame-time-vs-afrikans-champions-tour-europe-stage-3-challengers-2-ro256,invalid_match_href
https://www.vlr.gg/event/matches/544/,/28059/ghostly-sinners-vs-area-champions-tour-europe-stage-3-challengers-2-ro256,invalid_match_href
https://www.vlr.gg/event/matches/544/,/28060/exen-esports-vs-ftw-esports-champions-tour-europe-stage-3-challengers-2-ro256,invalid_match_href
https://www.vlr.gg/event/matches/544/,/28061/ingenuity-vs-baecon-gg-champions-tour-europe-stage-3-challengers-2-ro256,invalid_match_href
https://www.vlr.gg/event/matches/544/,/28062/iluro-gaming-vs-we-make-love-champions-tour-europe-stage-3-challengers-2-ro256,invalid_match_href
https://www.vlr.gg/event/matches/544/,/28063/blxst-vs-stinkyguys-champions-tour-europe-stage-3-challengers-2-ro256,invalid_match_href
https://www.vlr.gg/event/matches/544/,/28065/souldazz-vs-oro-esports-champions-tour-europe-stage-3-challengers-2-ro256,invalid_match_href
https://www.vlr.gg/event/matches/544/,/28066/tdi-vs-ecm-fcg-esports-champions-tour-europe-stage-3-challengers-2-ro256,invalid_match_href
https://www.vlr.gg/event/matches/544/,/28067/snow-kids-vs-driveby-champions-tour-europe-stage-3-challengers-2-ro256,invalid_match_href
https://www.vlr.gg/event/matches/544/,/28068/pracc-vs-kpi-gaming-champions-tour-europe-stage-3-challengers-2-ro256,invalid_match_href
https://www.vlr.gg/event/matches/544/,/28069/delete-kayo-vs-aimbot-astronauts-champions-tour-europe-stage-3-challengers-2-ro256,invalid_match_href
https://www.vlr.gg/event/matches/544/,/28070/elo-and-muscle-vs-chosen-five-champions-tour-europe-stage-3-challengers-2-ro256,invalid_match_href
https://www.vlr.gg/event/matches/544/,/28071/mastery-vs-ucam-esports-club-champions-tour-europe-stage-3-challengers-2-ro256,invalid_match_href
https://www.vlr.gg/event/matches/544/,/28030/incognito-vs-staga-champions-tour-europe-stage-3-challengers-2-ro256,invalid_match_href
https://www.vlr.gg/event/matches/544/,/28075/gydom-galva-vs-og-champions-tour-europe-stage-3-challengers-2-ro128,invalid_match_href
https://www.vlr.gg/event/matches/544/,/28072/team-sampi-vs-detox-champions-tour-europe-stage-3-challengers-2-ro128,invalid_match_href
https://www.vlr.gg/event/matches/544/,/28074/skelp-esports-vs-shiny-champions-tour-europe-stage-3-challengers-2-ro128,invalid_match_href
https://www.vlr.gg/event/matches/544/,/28083/dark-tigers-vs-fadee-gaming-champions-tour-europe-stage-3-challengers-2-ro128,invalid_match_href
https://www.vlr.gg/event/matches/544/,/28085/chakalaka-vs-pact-champions-tour-europe-stage-3-challengers-2-ro128,invalid_match_href
https://www.vlr.gg/event/matches/544/,/28088/19esports-vs-nebulaa-champions-tour-europe-stage-3-challengers-2-ro128,invalid_match_href
https://www.vlr.gg/event/matches/544/,/28104/giants-gaming-vs-atravs-champions-tour-europe-stage-3-challengers-2-ro128,invalid_match_href
https://www.vlr.gg/event/matches/544/,/28087/ayaya-vs-nopoaching-champions-tour-europe-stage-3-challengers-2-ro128,invalid_match_href
https://www.vlr.gg/event/matches/544/,/28126/unjobbed-vs-excel-champions-tour-europe-stage-3-challengers-2-ro128,invalid_match_href
https://www.vlr.gg/event/matches/544/,/28081/grandspirit-vs-rix-gg-lightning-champions-tour-europe-stage-3-challengers-2-ro128,invalid_match_href
https://www.vlr.gg/event/matches/544/,/28078/flashdash-vs-mtp-esport-champions-tour-europe-stage-3-challengers-2-ro128,invalid_match_href
https://www.vlr.gg/event/matches/544/,/28084/team-heretics-vs-freya-champions-tour-europe-stage-3-challengers-2-ro128,invalid_match_href
https://www.vlr.gg/event/matches/544/,/28092/dream-team-vs-felix-and-friends-champions-tour-europe-stage-3-challengers-2-ro128,invalid_match_href
https://www.vlr.gg/event/matches/544/,/28098/wlgaming-esports-vs-yendez-champions-tour-europe-stage-3-challengers-2-ro128,invalid_match_href
https://www.vlr.gg/event/matches/544/,/28101/totally-spies-vs-51-minds-champions-tour-europe-stage-3-challengers-2-ro128,invalid_match_href
https://www.vlr.gg/event/matches/544/,/28103/stramme-mangos-vs-ubiteam-champions-tour-europe-stage-3-challengers-2-ro128,invalid_match_href
https://www.vlr.gg/event/matches/544/,/28116/heet-vs-wieca-champions-tour-europe-stage-3-challengers-2-ro128,invalid_match_href
https://www.vlr.gg/event/matches/544/,/28117/1n-esport-vs-ldn-utd-champions-tour-europe-stage-3-challengers-2-ro128,invalid_match_href
https://www.vlr.gg/event/matches/544/,/28127/swag-silicone-vs-john-howard-champions-tour-europe-stage-3-challengers-2-ro128,invalid_match_href
https://www.vlr.gg/event/matches/544/,/28128/cream-real-betis-vs-beagles-champions-tour-europe-stage-3-challengers-2-ro128,invalid_match_href
https://www.vlr.gg/event/matches/544/,/28134/kpi-gaming-vs-delete-kayo-champions-tour-europe-stage-3-challengers-2-ro128,invalid_match_href
https://www.vlr.gg/event/matches/544/,/28073/gso-vs-b-k-scsabai-e-sport-egyes-let-champions-tour-europe-stage-3-challengers-2-ro128,invalid_match_href
https://www.vlr.gg/event/matches/544/,/28076/les-zinzins-de-lespace-vs-surrealplay-champions-tour-europe-stage-3-challengers-2-ro128,invalid_match_href
https://www.vlr.gg/event/matches/544/,/28077/banditz-vs-nowytowiec-champions-tour-europe-stage-3-challengers-2-ro128,invalid_match_href
https://www.vlr.gg/event/matches/544/,/28079/rise-esports-vs-soyboys-champions-tour-europe-stage-3-challengers-2-ro128,invalid_match_href
https://www.vlr.gg/event/matches/544/,/28080/bref-vs-kapten-mint-champions-tour-europe-stage-3-challengers-2-ro128,invalid_match_href
https://www.vlr.gg/event/matches/544/,/28082/equipe-vs-megastitut-champions-tour-europe-stage-3-challengers-2-ro128,invalid_match_href
https://www.vlr.gg/event/matches/544/,/28086/esuba-vs-nonsensegaming-champions-tour-europe-stage-3-challengers-2-ro128,invalid_match_href
https://www.vlr.gg/event/matches/544/,/28089/superior-vs-mix-helios-champions-tour-europe-stage-3-challengers-2-ro128,invalid_match_href
https://www.vlr.gg/event/matches/544/,/28090/super-cool-komando-vs-bonsoir-champions-tour-europe-stage-3-challengers-2-ro128,invalid_match_href
https://www.vlr.gg/event/matches/544/,/28091/esports-cyberathletes-vs-celestial-esports-champions-tour-europe-stage-3-challengers-2-ro128,invalid_match_href
https://www.vlr.gg/event/matches/544/,/28093/lasagna-beam-vs-woof-woof-champions-tour-europe-stage-3-challengers-2-ro128,invalid_match_href
https://www.vlr.gg/event/matches/544/,/28094/mixers-vs-reject-champions-tour-europe-stage-3-challengers-2-ro128,invalid_match_href
https://www.vlr.gg/event/matches/544/,/28095/vacuumers-vs-egn-esports-champions-tour-europe-stage-3-challengers-2-ro128,invalid_match_href
https://www.vlr.gg/event/matches/544/,/28096/exalty-vs-team-queso-champions-tour-europe-stage-3-challengers-2-ro128,invalid_match_href
https://www.vlr.gg/event/matches/544/,/28097/pomidorki-w-louis-vs-last-second-mix-champions-tour-europe-stage-3-challengers-2-ro128,invalid_match_href
https://www.vlr.gg/event/matches/544/,/28099/bifrost-vs-cgn-esports-champions-tour-europe-stage-3-challengers-2-ro128,invalid_match_href
https://www.vlr.gg/event/matches/544/,/28100/psq-vs-team-plague-champions-tour-europe-stage-3-challengers-2-ro128,invalid_match_href
https://www.vlr.gg/event/matches/544/,/28102/farmers-vs-m8-esports-champions-tour-europe-stage-3-challengers-2-ro128,invalid_match_href
https://www.vlr.gg/event/matches/544/,/28105/average-joes-vs-circe-champions-tour-europe-stage-3-challengers-2-ro128,invalid_match_href
https://www.vlr.gg/event/matches/544/,/28106/winfinity-vs-stuverance-esport-champions-tour-europe-stage-3-challengers-2-ro128,invalid_match_href
https://www.vlr.gg/event/matches/544/,/28107/anonymo-esports-vs-mackoesports-champions-tour-europe-stage-3-challengers-2-ro128,invalid_match_href
https://www.vlr.gg/event/matches/544/,/28108/monkes-vs-noodle-arm-athletes-champions-tour-europe-stage-3-challengers-2-ro128,invalid_match_href
https://www.vlr.gg/event/matches/544/,/28109/team-bachara-vs-spirit-gaming-champions-tour-europe-stage-3-challengers-2-ro128,invalid_match_href
https://www.vlr.gg/event/matches/544/,/28110/rugrats-vs-qz-champions-tour-europe-stage-3-challengers-2-ro128,invalid_match_href
https://www.vlr.gg/event/matches/544/,/28111/revivemejett-vs-bad-mental-esports-champions-tour-europe-stage-3-challengers-2-ro128,invalid_match_href
https://www.vlr.gg/event/matches/544/,/28112/ivy-vs-endavant-champions-tour-europe-stage-3-challengers-2-ro128,invalid_match_href
https://www.vlr.gg/event/matches/544/,/28113/hex-esports-vs-ovation-esports-champions-tour-europe-stage-3-challengers-2-ro128,invalid_match_href
https://www.vlr.gg/event/matches/544/,/28114/axibyte-esports-vs-ws-champions-tour-europe-stage-3-challengers-2-ro128,invalid_match_href
https://www.vlr.gg/event/matches/544/,/28115/staga-vs-tempo-champions-tour-europe-stage-3-challengers-2-ro128,invalid_match_href
https://www.vlr.gg/event/matches/544/,/28118/ehehxd-vs-ipon-team-horizon-reapers-champions-tour-europe-stage-3-challengers-2-ro128,invalid_match_href
https://www.vlr.gg/event/matches/544/,/28119/wild-multigaming-vs-karutis-champions-tour-europe-stage-3-challengers-2-ro128,invalid_match_href
https://www.vlr.gg/event/matches/544/,/28120/vexed-gaming-vs-ownage-champions-tour-europe-stage-3-challengers-2-ro128,invalid_match_href
https://www.vlr.gg/event/matches/544/,/28121/fratres-vs-shanghai-emperors-champions-tour-europe-stage-3-challengers-2-ro128,invalid_match_href
https://www.vlr.gg/event/matches/544/,/28122/enrage-vs-sprayz-gaming-champions-tour-europe-stage-3-challengers-2-ro128,invalid_match_href
https://www.vlr.gg/event/matches/544/,/28123/team-blink-vs-nofear-champions-tour-europe-stage-3-challengers-2-ro128,invalid_match_href
https://www.vlr.gg/event/matches/544/,/28124/project-abc-vs-vertical-seven-esports-champions-tour-europe-stage-3-challengers-2-ro128,invalid_match_href
https://www.vlr.gg/event/matches/544/,/28125/old-dogs-vs-flymatez-champions-tour-europe-stage-3-challengers-2-ro128,invalid_match_href
https://www.vlr.gg/event/matches/544/,/28129/dame-time-vs-area-champions-tour-europe-stage-3-challengers-2-ro128,invalid_match_href
https://www.vlr.gg/event/matches/544/,/28130/ftw-esports-vs-baecon-gg-champions-tour-europe-stage-3-challengers-2-ro128,invalid_match_href
https://www.vlr.gg/event/matches/544/,/28131/iluro-gaming-vs-stinkyguys-champions-tour-europe-stage-3-challengers-2-ro128,invalid_match_href
https://www.vlr.gg/event/matches/544/,/28132/saw-vs-souldazz-champions-tour-europe-stage-3-challengers-2-ro128,invalid_match_href
https://www.vlr.gg/event/matches/544/,/28133/tdi-vs-driveby-champions-tour-europe-stage-3-challengers-2-ro128,invalid_match_href
https://www.vlr.gg/event/matches/544/,/28135/elo-and-muscle-vs-ucam-esports-club-champions-tour-europe-stage-3-challengers-2-ro128,invalid_match_href
https://www.vlr.gg/event/matches/544/,/28140/bref-vs-grandspirit-champions-tour-europe-stage-3-challengers-2-ro64,invalid_match_href
https://www.vlr.gg/event/matches/544/,/28143/esuba-vs-nopoaching-champions-tour-europe-stage-3-challengers-2-ro64,invalid_match_href
https://www.vlr.gg/event/matches/544/,/28145/bonsoir-vs-esports-cyberathletes-champions-tour-europe-stage-3-challengers-2-ro64,invalid_match_href
https://www.vlr.gg/event/matches/544/,/28146/dream-team-vs-lasagna-beam-champions-tour-europe-stage-3-challengers-2-ro64,invalid_match_href
https://www.vlr.gg/event/matches/544/,/28148/team-queso-vs-pomidorki-w-louis-champions-tour-europe-stage-3-challengers-2-ro64,invalid_match_href
https://www.vlr.gg/event/matches/544/,/28155/rugrats-vs-revivemejett-champions-tour-europe-stage-3-challengers-2-ro64,invalid_match_href
https://www.vlr.gg/event/matches/544/,/28156/ivy-vs-ovation-esports-champions-tour-europe-stage-3-challengers-2-ro64,invalid_match_href
https://www.vlr.gg/event/matches/544/,/28159/ipon-team-horizon-reapers-vs-wild-multigaming-champions-tour-europe-stage-3-challengers-2-ro64,invalid_match_href
https://www.vlr.gg/event/matches/544/,/28163/unjobbed-vs-swag-silicone-champions-tour-europe-stage-3-challengers-2-ro64,invalid_match_href
https://www.vlr.gg/event/matches/544/,/28166/saw-vs-driveby-champions-tour-europe-stage-3-challengers-2-ro64,invalid_match_href
https://www.vlr.gg/event/matches/544/,/28136/team-sampi-vs-b-k-scsabai-e-sport-egyes-let-champions-tour-europe-stage-3-challengers-2-ro64,invalid_match_href
https://www.vlr.gg/event/matches/544/,/28137/shiny-vs-og-champions-tour-europe-stage-3-challengers-2-ro64,invalid_match_href
https://www.vlr.gg/event/matches/544/,/28138/les-zinzins-de-lespace-vs-nowytowiec-champions-tour-europe-stage-3-challengers-2-ro64,invalid_match_href
https://www.vlr.gg/event/matches/544/,/28139/mtp-esport-vs-soyboys-champions-tour-europe-stage-3-challengers-2-ro64,invalid_match_href
https://www.vlr.gg/event/matches/544/,/28141/megastitut-vs-dark-tigers-champions-tour-europe-stage-3-challengers-2-ro64,invalid_match_href
https://www.vlr.gg/event/matches/544/,/28142/team-heretics-vs-pact-champions-tour-europe-stage-3-challengers-2-ro64,invalid_match_href
https://www.vlr.gg/event/matches/544/,/28144/19esports-vs-superior-champions-tour-europe-stage-3-challengers-2-ro64,invalid_match_href
https://www.vlr.gg/event/matches/544/,/28147/reject-vs-vacuumers-champions-tour-europe-stage-3-challengers-2-ro64,invalid_match_href
https://www.vlr.gg/event/matches/544/,/28149/yendez-vs-cgn-esports-champions-tour-europe-stage-3-challengers-2-ro64,invalid_match_href
https://www.vlr.gg/event/matches/544/,/28150/team-plague-vs-totally-spies-champions-tour-europe-stage-3-challengers-2-ro64,invalid_match_href
https://www.vlr.gg/event/matches/544/,/28151/farmers-vs-stramme-mangos-champions-tour-europe-stage-3-challengers-2-ro64,invalid_match_href
https://www.vlr.gg/event/matches/544/,/28152/giants-gaming-vs-average-joes-champions-tour-europe-stage-3-challengers-2-ro64,invalid_match_href
https://www.vlr.gg/event/matches/544/,/28153/winfinity-vs-mackoesports-champions-tour-europe-stage-3-challengers-2-ro64,invalid_match_href
https://www.vlr.gg/event/matches/544/,/28154/noodle-arm-athletes-vs-team-bachara-champions-tour-europe-stage-3-challengers-2-ro64,invalid_match_href
https://www.vlr.gg/event/matches/544/,/28157/axibyte-esports-vs-staga-champions-tour-europe-stage-3-challengers-2-ro64,invalid_match_href
https://www.vlr.gg/event/matches/544/,/28158/heet-vs-ldn-utd-champions-tour-europe-stage-3-challengers-2-ro64,invalid_match_href
https://www.vlr.gg/event/matches/544/,/28160/vexed-gaming-vs-shanghai-emperors-champions-tour-europe-stage-3-challengers-2-ro64,invalid_match_href
https://www.vlr.gg/event/matches/544/,/28161/enrage-vs-nofear-champions-tour-europe-stage-3-challengers-2-ro64,invalid_match_href
https://www.vlr.gg/event/matches/544/,/28162/vertical-seven-esports-vs-old-dogs-champions-tour-europe-stage-3-challengers-2-ro64,invalid_match_href
https://www.vlr.gg/event/matches/544/,/28164/cream-real-betis-vs-area-champions-tour-europe-stage-3-challengers-2-ro64,invalid_match_href
https://www.vlr.gg/event/matches/544/,/28165/ftw-esports-vs-stinkyguys-champions-tour-europe-stage-3-challengers-2-ro64,invalid_match_href
https://www.vlr.gg/event/matches/544/,/28167/kpi-gaming-vs-ucam-esports-club-champions-tour-europe-stage-3-challengers-2-ro64,invalid_match_href
https://www.vlr.gg/event/matches/544/,/28170/bref-vs-megastitut-champions-tour-europe-stage-3-challengers-2-ro32,invalid_match_href
https://www.vlr.gg/event/matches/544/,/28172/19esports-vs-bonsoir-champions-tour-europe-stage-3-challengers-2-ro32,invalid_match_href
https://www.vlr.gg/event/matches/544/,/28178/ivy-vs-axibyte-esports-champions-tour-europe-stage-3-challengers-2-ro32,invalid_match_href
https://www.vlr.gg/event/matches/544/,/28182/cream-real-betis-vs-ftw-esports-champions-tour-europe-stage-3-challengers-2-ro32,invalid_match_href
https://www.vlr.gg/event/matches/544/,/28171/team-heretics-vs-nopoaching-champions-tour-europe-stage-3-challengers-2-ro32,invalid_match_href
https://www.vlr.gg/event/matches/544/,/28173/dream-team-vs-reject-champions-tour-europe-stage-3-challengers-2-ro32,invalid_match_href
https://www.vlr.gg/event/matches/544/,/28174/team-queso-vs-yendez-champions-tour-europe-stage-3-challengers-2-ro32,invalid_match_href
https://www.vlr.gg/event/matches/544/,/28177/noodle-arm-athletes-vs-rugrats-champions-tour-europe-stage-3-challengers-2-ro32,invalid_match_href
https://www.vlr.gg/event/matches/544/,/28181/old-dogs-vs-unjobbed-champions-tour-europe-stage-3-challengers-2-ro32,invalid_match_href
https://www.vlr.gg/event/matches/544/,/28183/driveby-vs-ucam-esports-club-champions-tour-europe-stage-3-challengers-2-ro32,invalid_match_href
https://www.vlr.gg/event/matches/544/,/28168/team-sampi-vs-og-champions-tour-europe-stage-3-challengers-2-ro32,invalid_match_href
https://www.vlr.gg/event/matches/544/,/28175/team-plague-vs-farmers-champions-tour-europe-stage-3-challengers-2-ro32,invalid_match_href
https://www.vlr.gg/event/matches/544/,/28180/vexed-gaming-vs-enrage-champions-tour-europe-stage-3-challengers-2-ro32,invalid_match_href
https://www.vlr.gg/event/matches/544/,/28176/giants-gaming-vs-winfinity-champions-tour-europe-stage-3-challengers-2-ro32,invalid_match_href
https://www.vlr.gg/event/matches/544/,/28179/heet-vs-wild-multigaming-champions-tour-europe-stage-3-challengers-2-ro32,invalid_match_href
https://www.vlr.gg/event/matches/544/,/28169/les-zinzins-de-lespace-vs-mtp-esport-champions-tour-europe-stage-3-challengers-2-ro32,invalid_match_href
https://www.vlr.gg/event/matches/544/,/28186/19esports-vs-reject-champions-tour-europe-stage-3-challengers-2-ro16,invalid_match_href
https://www.vlr.gg/event/matches/544/,/28188/giants-gaming-vs-rugrats-champions-tour-europe-stage-3-challengers-2-ro16,invalid_match_href
https://www.vlr.gg/event/matches/544/,/28190/vexed-gaming-vs-unjobbed-champions-tour-europe-stage-3-challengers-2-ro16,invalid_match_href
https://www.vlr.gg/event/matches/544/,/28184/og-vs-mtp-esport-champions-tour-europe-stage-3-challengers-2-ro16,invalid_match_href
https://www.vlr.gg/event/matches/544/,/28185/bref-vs-team-heretics-champions-tour-europe-stage-3-challengers-2-ro16,invalid_match_href
https://www.vlr.gg/event/matches/544/,/28187/team-queso-vs-farmers-champions-tour-europe-stage-3-challengers-2-ro16,invalid_match_href
https://www.vlr.gg/event/matches/544/,/28189/ivy-vs-wild-multigaming-champions-tour-europe-stage-3-challengers-2-ro16,invalid_match_href
https://www.vlr.gg/event/matches/544/,/28191/cream-real-betis-vs-ucam-esports-club-champions-tour-europe-stage-3-challengers-2-ro16,invalid_match_href
https://www.vlr.gg/event/matches/544/,/28195/wave-esports-vs-team-queso-champions-tour-europe-stage-3-challengers-2-uro16,invalid_match_href
https://www.vlr.gg/event/matches/544/,/28199/alliance-vs-cream-real-betis-champions-tour-europe-stage-3-challengers-2-uro16,invalid_match_href
https://www.vlr.gg/event/matches/544/,/28198/bk-rog-esports-vs-vexed-gaming-champions-tour-europe-stage-3-challengers-2-uro16,invalid_match_href
https://www.vlr.gg/event/matches/544/,/28197/team-vitality-vs-wild-multigaming-champions-tour-europe-stage-3-challengers-2-uro16,invalid_match_href
https://www.vlr.gg/event/matches/544/,/28196/big-vs-giants-gaming-champions-tour-europe-stage-3-challengers-2-uro16,invalid_match_href
https://www.vlr.gg/event/matches/544/,/28192/team-finest-vs-mtp-esport-champions-tour-europe-stage-3-challengers-2-uro16,invalid_match_href
https://www.vlr.gg/event/matches/544/,/28194/tenstar-vs-19esports-champions-tour-europe-stage-3-challengers-2-uro16,invalid_match_href
https://www.vlr.gg/event/matches/544/,/28193/ninjas-in-pyjamas-vs-team-heretics-champions-tour-europe-stage-3-challengers-2-uro16,invalid_match_href
https://www.vlr.gg/event/matches/544/,/28200/team-finest-vs-team-heretics-champions-tour-europe-stage-3-challengers-2-uqf,invalid_match_href
https://www.vlr.gg/event/matches/544/,/28201/tenstar-vs-team-queso-champions-tour-europe-stage-3-challengers-2-uqf,invalid_match_href
https://www.vlr.gg/event/matches/544/,/28202/giants-gaming-vs-team-vitality-champions-tour-europe-stage-3-challengers-2-uqf,invalid_match_href
https://www.vlr.gg/event/matches/544/,/28203/vexed-gaming-vs-alliance-champions-tour-europe-stage-3-challengers-2-uqf,invalid_match_href
https://www.vlr.gg/event/matches/544/,/28206/mtp-esport-vs-ninjas-in-pyjamas-champions-tour-europe-stage-3-challengers-2-lr1,invalid_match_href
https://www.vlr.gg/event/matches/544/,/28207/19esports-vs-wave-esports-champions-tour-europe-stage-3-challengers-2-lr1,invalid_match_href
https://www.vlr.gg/event/matches/544/,/28208/big-vs-wild-multigaming-champions-tour-europe-stage-3-challengers-2-lr1,invalid_match_href
https://www.vlr.gg/event/matches/544/,/28209/bk-rog-esports-vs-cream-real-betis-champions-tour-europe-stage-3-challengers-2-lr1,invalid_match_href
https://www.vlr.gg/event/matches/544/,/28205/giants-gaming-vs-alliance-champions-tour-europe-stage-3-challengers-2-usf,invalid_match_href
https://www.vlr.gg/event/matches/544/,/28210/vexed-gaming-vs-ninjas-in-pyjamas-champions-tour-europe-stage-3-challengers-2-lr2,invalid_match_href
https://www.vlr.gg/event/matches/544/,/28212/team-queso-vs-big-champions-tour-europe-stage-3-challengers-2-lr2,invalid_match_href
https://www.vlr.gg/event/matches/544/,/28211/team-vitality-vs-wave-esports-champions-tour-europe-stage-3-challengers-2-lr2,invalid_match_href
https://www.vlr.gg/event/matches/544/,/28213/team-finest-vs-cream-real-betis-champions-tour-europe-stage-3-challengers-2-lr2,invalid_match_href
https://www.vlr.gg/event/matches/544/,/28204/team-heretics-vs-tenstar-champions-tour-europe-stage-3-challengers-2-usf,invalid_match_href
https://www.vlr.gg/event/matches/544/,/28214/ninjas-in-pyjamas-vs-team-vitality-champions-tour-europe-stage-3-challengers-2-lr3,invalid_match_href
https://www.vlr.gg/event/matches/544/,/28215/big-vs-team-finest-champions-tour-europe-stage-3-challengers-2-lr3,invalid_match_href
https://www.vlr.gg/event/matches/544/,/28217/alliance-vs-big-champions-tour-europe-stage-3-challengers-2-lr4,invalid_match_href
https://www.vlr.gg/event/matches/544/,/28216/team-heretics-vs-team-vitality-champions-tour-europe-stage-3-challengers-2-lr4,invalid_match_href
https://www.vlr.gg/event/matches/544/,/28906/team-bds-vs-tenstar-champions-tour-europe-stage-3-challengers-2-ubqf,invalid_match_href
https://www.vlr.gg/event/matches/544/,/28907/team-liquid-vs-team-vitality-champions-tour-europe-stage-3-challengers-2-ubqf,invalid_match_href
https://www.vlr.gg/event/matches/544/,/28908/rix-gg-thunder-vs-giants-gaming-champions-tour-europe-stage-3-challengers-2-ubqf,invalid_match_href
https://www.vlr.gg/event/matches/544/,/28909/fnatic-vs-alliance-champions-tour-europe-stage-3-challengers-2-ubqf,invalid_match_href
https://www.vlr.gg/event/matches/544/,/28914/team-bds-vs-team-vitality-champions-tour-europe-stage-3-challengers-2-lr1,invalid_match_href
https://www.vlr.gg/event/matches/544/,/28915/rix-gg-thunder-vs-alliance-champions-tour-europe-stage-3-challengers-2-lr1,invalid_match_href
https://www.vlr.gg/event/matches/544/,/28910/tenstar-vs-team-liquid-champions-tour-europe-stage-3-challengers-2-ubsf,invalid_match_href
https://www.vlr.gg/event/matches/544/,/28911/giants-gaming-vs-fnatic-champions-tour-europe-stage-3-challengers-2-ubsf,invalid_match_href
https://www.vlr.gg/event/matches/544/,/28917/tenstar-vs-rix-gg-thunder-champions-tour-europe-stage-3-challengers-2-lr2,invalid_match_href
https://www.vlr.gg/event/matches/544/,/28916/fnatic-vs-team-bds-champions-tour-europe-stage-3-challengers-2-lr2,invalid_match_href
https://www.vlr.gg/event/matches/544/,/28912/team-liquid-vs-giants-gaming-champions-tour-europe-stage-3-challengers-2-ubf,invalid_match_href
https://www.vlr.gg/event/matches/544/,/28918/fnatic-vs-tenstar-champions-tour-europe-stage-3-challengers-2-lr3,invalid_match_href
https://www.vlr.gg/event/matches/544/,/28919/team-liquid-vs-fnatic-champions-tour-europe-stage-3-challengers-2-lbf,invalid_match_href
https://www.vlr.gg/event/matches/544/,/28913/giants-gaming-vs-team-liquid-champions-tour-europe-stage-3-challengers-2-gf,invalid_match_href
https://www.vlr.gg/event/matches/545/,/28628/kafalar-esports-vs-justsoldiers-champions-tour-turkey-stage-3-challengers-2-ro64,invalid_match_href
https://www.vlr.gg/event/matches/545/,/28629/we-raise-sirius-vs-aeterna-victrix-champions-tour-turkey-stage-3-challengers-2-ro64,invalid_match_href
https://www.vlr.gg/event/matches/545/,/28630/schatz-vs-merlyn-esports-champions-tour-turkey-stage-3-challengers-2-ro64,invalid_match_href
https://www.vlr.gg/event/matches/545/,/28631/millennium-agency-vs-saplak-champions-tour-turkey-stage-3-challengers-2-ro64,invalid_match_href
https://www.vlr.gg/event/matches/545/,/28632/unknownpros-vs-team-rebels-champions-tour-turkey-stage-3-challengers-2-ro64,invalid_match_href
https://www.vlr.gg/event/matches/545/,/28633/cousins-vs-cyber-skull-esports-champions-tour-turkey-stage-3-challengers-2-ro64,invalid_match_href
https://www.vlr.gg/event/matches/545/,/28634/unique-vs-kocaeli-esports-champions-tour-turkey-stage-3-challengers-2-ro64,invalid_match_href
https://www.vlr.gg/event/matches/545/,/28635/valstars-gaming-vs-art-esports-champions-tour-turkey-stage-3-challengers-2-ro64,invalid_match_href
https://www.vlr.gg/event/matches/545/,/28636/mix5-vs-ninjas-with-attitude-champions-tour-turkey-stage-3-challengers-2-ro64,invalid_match_href
https://www.vlr.gg/event/matches/545/,/28637/raylex-esports-vs-imagine-age-champions-tour-turkey-stage-3-challengers-2-ro64,invalid_match_href
https://www.vlr.gg/event/matches/545/,/28638/1907-fenerbah-e-esport-vs-team-nervous-champions-tour-turkey-stage-3-challengers-2-ro64,invalid_match_href
https://www.vlr.gg/event/matches/545/,/28639/magic-gem-vs-outrage-champions-tour-turkey-stage-3-challengers-2-ro64,invalid_match_href
https://www.vlr.gg/event/matches/545/,/28640/surreal-esports-vs-wait-for-future-champions-tour-turkey-stage-3-challengers-2-ro64,invalid_match_href
https://www.vlr.gg/event/matches/545/,/28641/space-rebels-vs-vorpal-swords-champions-tour-turkey-stage-3-challengers-2-ro64,invalid_match_href
https://www.vlr.gg/event/matches/545/,/28642/sahangiller-esports-vs-zonia-esports-champions-tour-turkey-stage-3-challengers-2-ro64,invalid_match_href
https://www.vlr.gg/event/matches/545/,/28643/saviors-esports-vs-beatoffyou-champions-tour-turkey-stage-3-challengers-2-ro64,invalid_match_href
https://www.vlr.gg/event/matches/545/,/28644/kastiralis-vs-just-tehlikeli-champions-tour-turkey-stage-3-challengers-2-ro64,invalid_match_href
https://www.vlr.gg/event/matches/545/,/28645/cobrakai-vs-tarz-meselesy-champions-tour-turkey-stage-3-challengers-2-ro64,invalid_match_href
https://www.vlr.gg/event/matches/545/,/28646/we-raise-blame-vs-digital-athletics-champions-tour-turkey-stage-3-challengers-2-ro64,invalid_match_href
https://www.vlr.gg/event/matches/545/,/28647/free-zone-vs-yellow-champions-tour-turkey-stage-3-challengers-2-ro64,invalid_match_href
https://www.vlr.gg/event/matches/545/,/28648/anatolia-esports-vs-team-evo-seek-champions-tour-turkey-stage-3-challengers-2-ro64,invalid_match_href
https://www.vlr.gg/event/matches/545/,/28649/vega-vs-overwatch-champions-tour-turkey-stage-3-challengers-2-ro64,invalid_match_href
https://www.vlr.gg/event/matches/545/,/28650/navy-blue-vs-gringo-team-champions-tour-turkey-stage-3-challengers-2-ro64,invalid_match_href
https://www.vlr.gg/event/matches/545/,/28651/dijirad-esports-vs-weda-esports-champions-tour-turkey-stage-3-challengers-2-ro64,invalid_match_href
https://www.vlr.gg/event/matches/545/,/28652/nonamers-vs-bballerz-champions-tour-turkey-stage-3-challengers-2-ro64,invalid_match_href
https://www.vlr.gg/event/matches/545/,/28653/hygeia-esports-vs-fbi-espors-champions-tour-turkey-stage-3-challengers-2-ro64,invalid_match_href
https://www.vlr.gg/event/matches/545/,/28654/xflow-esports-vs-novella-champions-tour-turkey-stage-3-challengers-2-ro64,invalid_match_href
https://www.vlr.gg/event/matches/545/,/28655/foxngame-esports-vs-looking-for-org5-champions-tour-turkey-stage-3-challengers-2-ro64,invalid_match_href
https://www.vlr.gg/event/matches/545/,/28656/besiktas-esports-vs-bursaespor-champions-tour-turkey-stage-3-challengers-2-ro64,invalid_match_href
https://www.vlr.gg/event/matches/545/,/28657/nuke-destroyed-rabbits-vs-kebabmasterz-champions-tour-turkey-stage-3-challengers-2-ro64,invalid_match_href
https://www.vlr.gg/event/matches/545/,/28658/altin-kariyer-esports-vs-pcific-champions-tour-turkey-stage-3-challengers-2-ro64,invalid_match_href
https://www.vlr.gg/event/matches/545/,/28659/angara-esports-vs-karat-istanbul-champions-tour-turkey-stage-3-challengers-2-ro64,invalid_match_href
https://www.vlr.gg/event/matches/545/,/28660/kafalar-esports-vs-aeterna-victrix-champions-tour-turkey-stage-3-challengers-2-ro32,invalid_match_href
https://www.vlr.gg/event/matches/545/,/28661/schatz-vs-saplak-champions-tour-turkey-stage-3-challengers-2-ro32,invalid_match_href
https://www.vlr.gg/event/matches/545/,/28662/unknownpros-vs-cousins-champions-tour-turkey-stage-3-challengers-2-ro32,invalid_match_href
https://www.vlr.gg/event/matches/545/,/28663/unique-vs-valstars-gaming-champions-tour-turkey-stage-3-challengers-2-ro32,invalid_match_href
https://www.vlr.gg/event/matches/545/,/28664/mix5-vs-imagine-age-champions-tour-turkey-stage-3-challengers-2-ro32,invalid_match_href
https://www.vlr.gg/event/matches/545/,/28665/1907-fenerbah-e-esport-vs-outrage-champions-tour-turkey-stage-3-challengers-2-ro32,invalid_match_href
https://www.vlr.gg/event/matches/545/,/28666/surreal-esports-vs-vorpal-swords-champions-tour-turkey-stage-3-challengers-2-ro32,invalid_match_href
https://www.vlr.gg/event/matches/545/,/28667/sahangiller-esports-vs-beatoffyou-champions-tour-turkey-stage-3-challengers-2-ro32,invalid_match_href
https://www.vlr.gg/event/matches/545/,/28668/kastiralis-vs-cobrakai-champions-tour-turkey-stage-3-challengers-2-ro32,invalid_match_href
https://www.vlr.gg/event/matches/545/,/28669/digital-athletics-vs-free-zone-champions-tour-turkey-stage-3-challengers-2-ro32,invalid_match_href
https://www.vlr.gg/event/matches/545/,/28670/anatolia-esports-vs-overwatch-champions-tour-turkey-stage-3-challengers-2-ro32,invalid_match_href
https://www.vlr.gg/event/matches/545/,/28671/gringo-team-vs-weda-esports-champions-tour-turkey-stage-3-challengers-2-ro32,invalid_match_href
https://www.vlr.gg/event/matches/545/,/28672/nonamers-vs-fbi-espors-champions-tour-turkey-stage-3-challengers-2-ro32,invalid_match_href
https://www.vlr.gg/event/matches/545/,/28673/xflow-esports-vs-foxngame-esports-champions-tour-turkey-stage-3-challengers-2-ro32,invalid_match_href
https://www.vlr.gg/event/matches/545/,/28674/besiktas-esports-vs-kebabmasterz-champions-tour-turkey-stage-3-challengers-2-ro32,invalid_match_href
https://www.vlr.gg/event/matches/545/,/28675/altin-kariyer-esports-vs-karat-istanbul-champions-tour-turkey-stage-3-challengers-2-ro32,invalid_match_href
https://www.vlr.gg/event/matches/545/,/28676/kafalar-esports-vs-saplak-champions-tour-turkey-stage-3-challengers-2-ro16,invalid_match_href
https://www.vlr.gg/event/matches/545/,/28677/unknownpros-vs-unique-champions-tour-turkey-stage-3-challengers-2-ro16,invalid_match_href
https://www.vlr.gg/event/matches/545/,/28678/imagine-age-vs-outrage-champions-tour-turkey-stage-3-challengers-2-ro16,invalid_match_href
https://www.vlr.gg/event/matches/545/,/28679/surreal-esports-vs-sahangiller-esports-champions-tour-turkey-stage-3-challengers-2-ro16,invalid_match_href
https://www.vlr.gg/event/matches/545/,/28680/kastiralis-vs-digital-athletics-champions-tour-turkey-stage-3-challengers-2-ro16,invalid_match_href
https://www.vlr.gg/event/matches/545/,/28681/anatolia-esports-vs-gringo-team-champions-tour-turkey-stage-3-challengers-2-ro16,invalid_match_href
https://www.vlr.gg/event/matches/545/,/28682/nonamers-vs-foxngame-esports-champions-tour-turkey-stage-3-challengers-2-ro16,invalid_match_href
https://www.vlr.gg/event/matches/545/,/28683/besiktas-esports-vs-altin-kariyer-esports-champions-tour-turkey-stage-3-challengers-2-ro16,invalid_match_href
https://www.vlr.gg/event/matches/545/,/28573/unity-esports-vs-kafalar-esports-champions-tour-turkey-stage-3-challengers-2-uro16,invalid_match_href
https://www.vlr.gg/event/matches/545/,/28574/rare-esports-vs-unknownpros-champions-tour-turkey-stage-3-challengers-2-uro16,invalid_match_href
https://www.vlr.gg/event/matches/545/,/28575/regnum-carya-esports-vs-outrage-champions-tour-turkey-stage-3-challengers-2-uro16,invalid_match_href
https://www.vlr.gg/event/matches/545/,/28576/team-aurora-vs-surreal-esports-champions-tour-turkey-stage-3-challengers-2-uro16,invalid_match_href
https://www.vlr.gg/event/matches/545/,/28577/galakticos-vs-digital-athletics-champions-tour-turkey-stage-3-challengers-2-uro16,invalid_match_href
https://www.vlr.gg/event/matches/545/,/28578/stanbul-wildcats-vs-gringo-team-champions-tour-turkey-stage-3-challengers-2-uro16,invalid_match_href
https://www.vlr.gg/event/matches/545/,/28579/thunderbolts-gaming-vs-foxngame-esports-champions-tour-turkey-stage-3-challengers-2-uro16,invalid_match_href
https://www.vlr.gg/event/matches/545/,/28580/zero-zone-vs-besiktas-esports-champions-tour-turkey-stage-3-challengers-2-uro16,invalid_match_href
https://www.vlr.gg/event/matches/545/,/28581/unity-esports-vs-rare-esports-champions-tour-turkey-stage-3-challengers-2-uqf,invalid_match_href
https://www.vlr.gg/event/matches/545/,/28582/outrage-vs-team-aurora-champions-tour-turkey-stage-3-challengers-2-uqf,invalid_match_href
https://www.vlr.gg/event/matches/545/,/28583/digital-athletics-vs-stanbul-wildcats-champions-tour-turkey-stage-3-challengers-2-uqf,invalid_match_href
https://www.vlr.gg/event/matches/545/,/28584/thunderbolts-gaming-vs-besiktas-esports-champions-tour-turkey-stage-3-challengers-2-uqf,invalid_match_href
https://www.vlr.gg/event/matches/545/,/28587/kafalar-esports-vs-unknownpros-champions-tour-turkey-stage-3-challengers-2-lr1,invalid_match_href
https://www.vlr.gg/event/matches/545/,/28588/regnum-carya-esports-vs-surreal-esports-champions-tour-turkey-stage-3-challengers-2-lr1,invalid_match_href
https://www.vlr.gg/event/matches/545/,/28589/galakticos-vs-gringo-team-champions-tour-turkey-stage-3-challengers-2-lr1,invalid_match_href
https://www.vlr.gg/event/matches/545/,/28590/foxngame-esports-vs-zero-zone-champions-tour-turkey-stage-3-challengers-2-lr1,invalid_match_href
https://www.vlr.gg/event/matches/545/,/28585/rare-esports-vs-team-aurora-champions-tour-turkey-stage-3-challengers-2-usf,invalid_match_href
https://www.vlr.gg/event/matches/545/,/28592/stanbul-wildcats-vs-surreal-esports-champions-tour-turkey-stage-3-challengers-2-lr2,invalid_match_href
https://www.vlr.gg/event/matches/545/,/28593/outrage-vs-galakticos-champions-tour-turkey-stage-3-challengers-2-lr2,invalid_match_href
https://www.vlr.gg/event/matches/545/,/28594/unity-esports-vs-zero-zone-champions-tour-turkey-stage-3-challengers-2-lr2,invalid_match_href
https://www.vlr.gg/event/matches/545/,/28586/digital-athletics-vs-besiktas-esports-champions-tour-turkey-stage-3-challengers-2-usf,invalid_match_href
https://www.vlr.gg/event/matches/545/,/28591/thunderbolts-gaming-vs-kafalar-esports-champions-tour-turkey-stage-3-challengers-2-lr2,invalid_match_href
https://www.vlr.gg/event/matches/545/,/28595/thunderbolts-gaming-vs-stanbul-wildcats-champions-tour-turkey-stage-3-challengers-2-lr3,invalid_match_href
https://www.vlr.gg/event/matches/545/,/28596/outrage-vs-zero-zone-champions-tour-turkey-stage-3-challengers-2-lr3,invalid_match_href
https://www.vlr.gg/event/matches/545/,/28597/team-aurora-vs-thunderbolts-gaming-champions-tour-turkey-stage-3-challengers-2-lr4,invalid_match_href
https://www.vlr.gg/event/matches/545/,/28598/digital-athletics-vs-zero-zone-champions-tour-turkey-stage-3-challengers-2-lr4,invalid_match_href
https://www.vlr.gg/event/matches/545/,/28920/bbl-esports-vs-besiktas-esports-champions-tour-turkey-stage-3-challengers-2-ubqf,invalid_match_href
https://www.vlr.gg/event/matches/545/,/28921/fire-flux-esports-vs-digital-athletics-champions-tour-turkey-stage-3-challengers-2-ubqf,invalid_match_href
https://www.vlr.gg/event/matches/545/,/28923/futbolist-vs-thunderbolts-gaming-champions-tour-turkey-stage-3-challengers-2-ubqf,invalid_match_href
https://www.vlr.gg/event/matches/545/,/28922/otherside-vs-rare-esports-champions-tour-turkey-stage-3-challengers-2-ubqf,invalid_match_href
https://www.vlr.gg/event/matches/545/,/28928/bbl-esports-vs-fire-flux-esports-champions-tour-turkey-stage-3-challengers-2-lr1,invalid_match_href
https://www.vlr.gg/event/matches/545/,/28929/otherside-vs-futbolist-champions-tour-turkey-stage-3-challengers-2-lr1,invalid_match_href
https://www.vlr.gg/event/matches/545/,/28924/besiktas-esports-vs-digital-athletics-champions-tour-turkey-stage-3-challengers-2-ubsf,invalid_match_href
https://www.vlr.gg/event/matches/545/,/28925/rare-esports-vs-thunderbolts-gaming-champions-tour-turkey-stage-3-challengers-2-ubsf,invalid_match_href
https://www.vlr.gg/event/matches/545/,/28930/rare-esports-vs-fire-flux-esports-champions-tour-turkey-stage-3-challengers-2-lr2,invalid_match_href
https://www.vlr.gg/event/matches/545/,/28931/besiktas-esports-vs-futbolist-champions-tour-turkey-stage-3-challengers-2-lr2,invalid_match_href
https://www.vlr.gg/event/matches/545/,/28926/digital-athletics-vs-thunderbolts-gaming-champions-tour-turkey-stage-3-challengers-2-ubf,invalid_match_href
https://www.vlr.gg/event/matches/545/,/28932/fire-flux-esports-vs-besiktas-esports-champions-tour-turkey-stage-3-challengers-2-lr3,invalid_match_href
https://www.vlr.gg/event/matches/545/,/28933/thunderbolts-gaming-vs-fire-flux-esports-champions-tour-turkey-stage-3-challengers-2-lbf,invalid_match_href
https://www.vlr.gg/event/matches/545/,/28927/digital-athletics-vs-fire-flux-esports-champions-tour-turkey-stage-3-challengers-2-gf,invalid_match_href
https://www.vlr.gg/event/matches/546/,/28399/ksenox-vs-botsvlr-champions-tour-cis-stage-3-challengers-2-ro64,invalid_match_href
https://www.vlr.gg/event/matches/546/,/28400/qlf-clan-vs-almas-muertas-champions-tour-cis-stage-3-challengers-2-ro64,invalid_match_href
https://www.vlr.gg/event/matches/546/,/28401/letssleep-vs-hollywood-champions-tour-cis-stage-3-challengers-2-ro64,invalid_match_href
https://www.vlr.gg/event/matches/546/,/28402/50fragov-vs-ninja-esport-champions-tour-cis-stage-3-challengers-2-ro64,invalid_match_href
https://www.vlr.gg/event/matches/546/,/28403/368-vs-elso-champions-tour-cis-stage-3-challengers-2-ro64,invalid_match_href
https://www.vlr.gg/event/matches/546/,/28404/bratiki94-vs-komand04ka-champions-tour-cis-stage-3-challengers-2-ro64,invalid_match_href
https://www.vlr.gg/event/matches/546/,/28405/wlfc-vs-deathwish-champions-tour-cis-stage-3-challengers-2-ro64,invalid_match_href
https://www.vlr.gg/event/matches/546/,/28406/chamomile-esports-camp-vs-at0m-gaming-champions-tour-cis-stage-3-challengers-2-ro64,invalid_match_href
https://www.vlr.gg/event/matches/546/,/28407/exile-esports-vs-anyway-champions-tour-cis-stage-3-challengers-2-ro64,invalid_match_href
https://www.vlr.gg/event/matches/546/,/28408/sevenup-vs-nochance-champions-tour-cis-stage-3-challengers-2-ro64,invalid_match_href
https://www.vlr.gg/event/matches/546/,/28410/human-zeal-vs-noavocado-champions-tour-cis-stage-3-challengers-2-ro64,invalid_match_href
https://www.vlr.gg/event/matches/546/,/28411/deja-vu-vs-prosti-esli-champions-tour-cis-stage-3-challengers-2-ro64,invalid_match_href
https://www.vlr.gg/event/matches/546/,/28412/nofear5-vs-maybegokill-champions-tour-cis-stage-3-challengers-2-ro64,invalid_match_href
https://www.vlr.gg/event/matches/546/,/28413/black-flower-vs-formula-1-champions-tour-cis-stage-3-challengers-2-ro64,invalid_match_href
https://www.vlr.gg/event/matches/546/,/28414/leteam-vs-nubo-champions-tour-cis-stage-3-challengers-2-ro64,invalid_match_href
https://www.vlr.gg/event/matches/546/,/28415/aspire-vs-fireland-champions-tour-cis-stage-3-challengers-2-ro64,invalid_match_href
https://www.vlr.gg/event/matches/546/,/28416/bruhbus-vs-champions-tour-cis-stage-3-challengers-2-ro64,invalid_match_href
https://www.vlr.gg/event/matches/546/,/28417/tdcc-vs-trying-to-win-champions-tour-cis-stage-3-challengers-2-ro64,invalid_match_href
https://www.vlr.gg/event/matches/546/,/28418/morioh-cho-vs-moscow-five-jr-champions-tour-cis-stage-3-challengers-2-ro64,invalid_match_href
https://www.vlr.gg/event/matches/546/,/28419/ztitans-vs-crypto-esports-champions-tour-cis-stage-3-challengers-2-ro64,invalid_match_href
https://www.vlr.gg/event/matches/546/,/28420/crazy-vs-sq-champions-tour-cis-stage-3-challengers-2-ro64,invalid_match_href
https://www.vlr.gg/event/matches/546/,/28422/bezbudushego-vs-plus7-champions-tour-cis-stage-3-challengers-2-ro64,invalid_match_href
https://www.vlr.gg/event/matches/546/,/28423/ez-katka-vs-fast-taxi-champions-tour-cis-stage-3-challengers-2-ro64,invalid_match_href
https://www.vlr.gg/event/matches/546/,/28424/nice-one-nice-shoot-vs-poison-champions-tour-cis-stage-3-challengers-2-ro64,invalid_match_href
https://www.vlr.gg/event/matches/546/,/28425/archigokill-vs-molodejka-champions-tour-cis-stage-3-challengers-2-ro64,invalid_match_href
https://www.vlr.gg/event/matches/546/,/28426/4sv-ovoshi-vs-wedontneedmana-champions-tour-cis-stage-3-challengers-2-ro64,invalid_match_href
https://www.vlr.gg/event/matches/546/,/28427/nomads-vs-feelmyhack-champions-tour-cis-stage-3-challengers-2-ro64,invalid_match_href
https://www.vlr.gg/event/matches/546/,/28428/biblethump-vs-princeski-champions-tour-cis-stage-3-challengers-2-ro64,invalid_match_href
https://www.vlr.gg/event/matches/546/,/28430/01234-vs-sluper-champions-tour-cis-stage-3-challengers-2-ro64,invalid_match_href
https://www.vlr.gg/event/matches/546/,/28624/try-to-hard-vs-buyheart-champions-tour-cis-stage-3-challengers-2-ro64,invalid_match_href
https://www.vlr.gg/event/matches/546/,/28699/indigo-children-vs-saves-esports-champions-tour-cis-stage-3-challengers-2-ro64,invalid_match_href
https://www.vlr.gg/event/matches/546/,/28431/ksenox-vs-qlf-clan-champions-tour-cis-stage-3-challengers-2-ro32,invalid_match_href
https://www.vlr.gg/event/matches/546/,/28432/hollywood-vs-50fragov-champions-tour-cis-stage-3-challengers-2-ro32,invalid_match_href
https://www.vlr.gg/event/matches/546/,/28433/368-vs-komand04ka-champions-tour-cis-stage-3-challengers-2-ro32,invalid_match_href
https://www.vlr.gg/event/matches/546/,/28434/deathwish-vs-chamomile-esports-camp-champions-tour-cis-stage-3-challengers-2-ro32,invalid_match_href
https://www.vlr.gg/event/matches/546/,/28435/anyway-vs-sevenup-champions-tour-cis-stage-3-challengers-2-ro32,invalid_match_href
https://www.vlr.gg/event/matches/546/,/28436/buyheart-vs-noavocado-champions-tour-cis-stage-3-challengers-2-ro32,invalid_match_href
https://www.vlr.gg/event/matches/546/,/28437/deja-vu-vs-maybegokill-champions-tour-cis-stage-3-challengers-2-ro32,invalid_match_href
https://www.vlr.gg/event/matches/546/,/28438/formula-1-vs-nubo-champions-tour-cis-stage-3-challengers-2-ro32,invalid_match_href
https://www.vlr.gg/event/matches/546/,/28439/aspire-vs-champions-tour-cis-stage-3-challengers-2-ro32,invalid_match_href
https://www.vlr.gg/event/matches/546/,/28440/trying-to-win-vs-moscow-five-jr-champions-tour-cis-stage-3-challengers-2-ro32,invalid_match_href
https://www.vlr.gg/event/matches/546/,/28441/crypto-esports-vs-sq-champions-tour-cis-stage-3-challengers-2-ro32,invalid_match_href
https://www.vlr.gg/event/matches/546/,/28442/bigmakcombo-vs-bezbudushego-champions-tour-cis-stage-3-challengers-2-ro32,invalid_match_href
https://www.vlr.gg/event/matches/546/,/28443/ez-katka-vs-poison-champions-tour-cis-stage-3-challengers-2-ro32,invalid_match_href
https://www.vlr.gg/event/matches/546/,/28444/archigokill-vs-4sv-ovoshi-champions-tour-cis-stage-3-challengers-2-ro32,invalid_match_href
https://www.vlr.gg/event/matches/546/,/28445/feelmyhack-vs-biblethump-champions-tour-cis-stage-3-challengers-2-ro32,invalid_match_href
https://www.vlr.gg/event/matches/546/,/28446/saves-esports-vs-01234-champions-tour-cis-stage-3-challengers-2-ro32,invalid_match_href
https://www.vlr.gg/event/matches/546/,/28447/ksenox-vs-hollywood-champions-tour-cis-stage-3-challengers-2-ro16,invalid_match_href
https://www.vlr.gg/event/matches/546/,/28448/komand04ka-vs-deathwish-champions-tour-cis-stage-3-challengers-2-ro16,invalid_match_href
https://www.vlr.gg/event/matches/546/,/28449/anyway-vs-noavocado-champions-tour-cis-stage-3-challengers-2-ro16,invalid_match_href
https://www.vlr.gg/event/matches/546/,/28450/deja-vu-vs-formula-1-champions-tour-cis-stage-3-challengers-2-ro16,invalid_match_href
https://www.vlr.gg/event/matches/546/,/28451/aspire-vs-moscow-five-jr-champions-tour-cis-stage-3-challengers-2-ro16,invalid_match_href
https://www.vlr.gg/event/matches/546/,/28452/crypto-esports-vs-bigmakcombo-champions-tour-cis-stage-3-challengers-2-ro16,invalid_match_href
https://www.vlr.gg/event/matches/546/,/28453/ez-katka-vs-archigokill-champions-tour-cis-stage-3-challengers-2-ro16,invalid_match_href
https://www.vlr.gg/event/matches/546/,/28454/feelmyhack-vs-saves-esports-champions-tour-cis-stage-3-challengers-2-ro16,invalid_match_href
https://www.vlr.gg/event/matches/546/,/28455/smaracis-esports-vs-ksenox-champions-tour-cis-stage-3-challengers-2-uro16,invalid_match_href
https://www.vlr.gg/event/matches/546/,/28456/vengeance-vs-deathwish-champions-tour-cis-stage-3-challengers-2-uro16,invalid_match_href
https://www.vlr.gg/event/matches/546/,/28457/ag-vs-anyway-champions-tour-cis-stage-3-challengers-2-uro16,invalid_match_href
https://www.vlr.gg/event/matches/546/,/28458/tyeasy-vs-deja-vu-champions-tour-cis-stage-3-challengers-2-uro16,invalid_match_href
https://www.vlr.gg/event/matches/546/,/28459/1280x960-vs-aspire-champions-tour-cis-stage-3-challengers-2-uro16,invalid_match_href
https://www.vlr.gg/event/matches/546/,/28460/aim-attack-vs-crypto-esports-champions-tour-cis-stage-3-challengers-2-uro16,invalid_match_href
https://www.vlr.gg/event/matches/546/,/28461/divinity-vs-archigokill-champions-tour-cis-stage-3-challengers-2-uro16,invalid_match_href
https://www.vlr.gg/event/matches/546/,/28462/gmt-esports-vs-saves-esports-champions-tour-cis-stage-3-challengers-2-uro16,invalid_match_href
https://www.vlr.gg/event/matches/546/,/28465/1280x960-vs-crypto-esports-champions-tour-cis-stage-3-challengers-2-uqf,invalid_match_href
https://www.vlr.gg/event/matches/546/,/28471/aspire-vs-aim-attack-champions-tour-cis-stage-3-challengers-2-lr1,invalid_match_href
https://www.vlr.gg/event/matches/546/,/28472/divinity-vs-saves-esports-champions-tour-cis-stage-3-challengers-2-lr1,invalid_match_href
https://www.vlr.gg/event/matches/546/,/28463/smaracis-esports-vs-deathwish-champions-tour-cis-stage-3-challengers-2-uqf,invalid_match_href
https://www.vlr.gg/event/matches/546/,/28466/archigokill-vs-gmt-esports-champions-tour-cis-stage-3-challengers-2-uqf,invalid_match_href
https://www.vlr.gg/event/matches/546/,/28469/ksenox-vs-vengeance-champions-tour-cis-stage-3-challengers-2-lr1,invalid_match_href
https://www.vlr.gg/event/matches/546/,/28470/ag-vs-deja-vu-champions-tour-cis-stage-3-challengers-2-lr1,invalid_match_href
https://www.vlr.gg/event/matches/546/,/28464/anyway-vs-tyeasy-champions-tour-cis-stage-3-challengers-2-uqf,invalid_match_href
https://www.vlr.gg/event/matches/546/,/28467/smaracis-esports-vs-tyeasy-champions-tour-cis-stage-3-challengers-2-usf,invalid_match_href
https://www.vlr.gg/event/matches/546/,/28468/crypto-esports-vs-gmt-esports-champions-tour-cis-stage-3-challengers-2-usf,invalid_match_href
https://www.vlr.gg/event/matches/546/,/28473/archigokill-vs-ksenox-champions-tour-cis-stage-3-challengers-2-lr2,invalid_match_href
https://www.vlr.gg/event/matches/546/,/28474/1280x960-vs-ag-champions-tour-cis-stage-3-challengers-2-lr2,invalid_match_href
https://www.vlr.gg/event/matches/546/,/28475/anyway-vs-aim-attack-champions-tour-cis-stage-3-challengers-2-lr2,invalid_match_href
https://www.vlr.gg/event/matches/546/,/28476/deathwish-vs-divinity-champions-tour-cis-stage-3-challengers-2-lr2,invalid_match_href
https://www.vlr.gg/event/matches/546/,/28477/archigokill-vs-ag-champions-tour-cis-stage-3-challengers-2-lr3,invalid_match_href
https://www.vlr.gg/event/matches/546/,/28478/anyway-vs-deathwish-champions-tour-cis-stage-3-challengers-2-lr3,invalid_match_href
https://www.vlr.gg/event/matches/546/,/28479/smaracis-esports-vs-ag-champions-tour-cis-stage-3-challengers-2-lr4,invalid_match_href
https://www.vlr.gg/event/matches/546/,/28480/crypto-esports-vs-deathwish-champions-tour-cis-stage-3-challengers-2-lr4,invalid_match_href
https://www.vlr.gg/event/matches/546/,/28935/team-singularity-vs-tyeasy-champions-tour-cis-stage-3-challengers-2-ubqf,invalid_match_href
https://www.vlr.gg/event/matches/546/,/28936/one-breath-gaming-vs-crypto-esports-champions-tour-cis-stage-3-challengers-2-ubqf,invalid_match_href
https://www.vlr.gg/event/matches/546/,/28938/forze-vs-ag-champions-tour-cis-stage-3-challengers-2-ubqf,invalid_match_href
https://www.vlr.gg/event/matches/546/,/28937/axsor-vs-gmt-esports-champions-tour-cis-stage-3-challengers-2-ubqf,invalid_match_href
https://www.vlr.gg/event/matches/546/,/28943/tyeasy-vs-crypto-esports-champions-tour-cis-stage-3-challengers-2-lr1,invalid_match_href
https://www.vlr.gg/event/matches/546/,/28944/gmt-esports-vs-ag-champions-tour-cis-stage-3-challengers-2-lr1,invalid_match_href
https://www.vlr.gg/event/matches/546/,/28939/team-singularity-vs-one-breath-gaming-champions-tour-cis-stage-3-challengers-2-ubsf,invalid_match_href
https://www.vlr.gg/event/matches/546/,/28940/axsor-vs-forze-champions-tour-cis-stage-3-challengers-2-ubsf,invalid_match_href
https://www.vlr.gg/event/matches/546/,/28946/one-breath-gaming-vs-ag-champions-tour-cis-stage-3-challengers-2-lr2,invalid_match_href
https://www.vlr.gg/event/matches/546/,/28945/axsor-vs-tyeasy-champions-tour-cis-stage-3-challengers-2-lr2,invalid_match_href
https://www.vlr.gg/event/matches/546/,/28941/team-singularity-vs-forze-champions-tour-cis-stage-3-challengers-2-ubf,invalid_match_href
https://www.vlr.gg/event/matches/546/,/28947/axsor-vs-one-breath-gaming-champions-tour-cis-stage-3-challengers-2-lr3,invalid_match_href
https://www.vlr.gg/event/matches/546/,/28948/team-singularity-vs-one-breath-gaming-champions-tour-cis-stage-3-challengers-2-lbf,invalid_match_href
https://www.vlr.gg/event/matches/546/,/28942/forze-vs-one-breath-gaming-champions-tour-cis-stage-3-challengers-2-gf,invalid_match_href
https://www.vlr.gg/event/matches/541/,/23644/team-heretics-vs-team-bachara-champions-tour-europe-stage-3-challengers-1-ro256,invalid_match_href
https://www.vlr.gg/event/matches/541/,/23645/mtp-esport-vs-bifrost-champions-tour-europe-stage-3-challengers-1-ro256,invalid_match_href
https://www.vlr.gg/event/matches/541/,/23646/bk-rog-esports-vs-team-miners-champions-tour-europe-stage-3-challengers-1-ro256,invalid_match_href
https://www.vlr.gg/event/matches/541/,/23647/team-collusion-vs-xiron-gamers-champions-tour-europe-stage-3-challengers-1-ro256,invalid_match_href
https://www.vlr.gg/event/matches/541/,/23648/meat-feast-gang-vs-daddyandco-champions-tour-europe-stage-3-challengers-1-ro256,invalid_match_href
https://www.vlr.gg/event/matches/541/,/23649/vacuumers-vs-immortal-rogues-champions-tour-europe-stage-3-challengers-1-ro256,invalid_match_href
https://www.vlr.gg/event/matches/541/,/23650/msr-esport-vs-wlgaming-esports-champions-tour-europe-stage-3-challengers-1-ro256,invalid_match_href
https://www.vlr.gg/event/matches/541/,/23651/voltex-vs-kupalboys-champions-tour-europe-stage-3-challengers-1-ro256,invalid_match_href
https://www.vlr.gg/event/matches/541/,/23652/megastitut-vs-icewolves-esports-champions-tour-europe-stage-3-challengers-1-ro256,invalid_match_href
https://www.vlr.gg/event/matches/541/,/23653/digital-ninjas-vs-fratres-champions-tour-europe-stage-3-challengers-1-ro256,invalid_match_href
https://www.vlr.gg/event/matches/541/,/23654/bonsoir-vs-striking-vipers-champions-tour-europe-stage-3-challengers-1-ro256,invalid_match_href
https://www.vlr.gg/event/matches/541/,/23655/budget-aimers-vs-hasbullahpeek-champions-tour-europe-stage-3-challengers-1-ro256,invalid_match_href
https://www.vlr.gg/event/matches/541/,/23656/team-sampi-vs-dfiance-champions-tour-europe-stage-3-challengers-1-ro256,invalid_match_href
https://www.vlr.gg/event/matches/541/,/23657/vertical-seven-esports-vs-underdogz-champions-tour-europe-stage-3-challengers-1-ro256,invalid_match_href
https://www.vlr.gg/event/matches/541/,/23658/vamos-vs-the-stinking-geese-champions-tour-europe-stage-3-challengers-1-ro256,invalid_match_href
https://www.vlr.gg/event/matches/541/,/23659/exalty-vs-atravs-champions-tour-europe-stage-3-challengers-1-ro256,invalid_match_href
https://www.vlr.gg/event/matches/541/,/23660/wave-esports-vs-monkey-stars-champions-tour-europe-stage-3-challengers-1-ro256,invalid_match_href
https://www.vlr.gg/event/matches/541/,/23661/grn-esports-vs-playing-aliens-champions-tour-europe-stage-3-challengers-1-ro256,invalid_match_href
https://www.vlr.gg/event/matches/541/,/23662/ukulele-vs-superior-champions-tour-europe-stage-3-challengers-1-ro256,invalid_match_href
https://www.vlr.gg/event/matches/541/,/23663/pulsar-esport-vs-doublecross-esports-champions-tour-europe-stage-3-challengers-1-ro256,invalid_match_href
https://www.vlr.gg/event/matches/541/,/23664/staga-vs-gr1nd-champions-tour-europe-stage-3-challengers-1-ro256,invalid_match_href
https://www.vlr.gg/event/matches/541/,/23665/endavant-vs-exen-esports-champions-tour-europe-stage-3-challengers-1-ro256,invalid_match_href
https://www.vlr.gg/event/matches/541/,/23666/cgn-esports-vs-shush-champions-tour-europe-stage-3-challengers-1-ro256,invalid_match_href
https://www.vlr.gg/event/matches/541/,/23667/ents-vs-ooliganz-champions-tour-europe-stage-3-challengers-1-ro256,invalid_match_href
https://www.vlr.gg/event/matches/541/,/23668/lasagna-beam-vs-team-czapka-champions-tour-europe-stage-3-challengers-1-ro256,invalid_match_href
https://www.vlr.gg/event/matches/541/,/23669/serenity-e-sport-vs-5-baguettes-champions-tour-europe-stage-3-challengers-1-ro256,invalid_match_href
https://www.vlr.gg/event/matches/541/,/23670/catjam-vs-average-joes-champions-tour-europe-stage-3-challengers-1-ro256,invalid_match_href
https://www.vlr.gg/event/matches/541/,/23671/underdogs-gaming-vs-bea-esport-champions-tour-europe-stage-3-challengers-1-ro256,invalid_match_href
https://www.vlr.gg/event/matches/541/,/23673/jammers-vs-fpalix-champions-tour-europe-stage-3-challengers-1-ro256,invalid_match_href
https://www.vlr.gg/event/matches/541/,/23674/flashdash-vs-wicked-champions-tour-europe-stage-3-challengers-1-ro256,invalid_match_href
https://www.vlr.gg/event/matches/541/,/23675/shifterpro-vs-koudkouto-champions-tour-europe-stage-3-challengers-1-ro256,invalid_match_href
https://www.vlr.gg/event/matches/541/,/23676/giants-gaming-vs-godalions-champions-tour-europe-stage-3-challengers-1-ro256,invalid_match_href
https://www.vlr.gg/event/matches/541/,/23677/nelesta-esport-vs-duck-gaming-champions-tour-europe-stage-3-challengers-1-ro256,invalid_match_href
https://www.vlr.gg/event/matches/541/,/23678/notbuiltdif-vs-monkes-champions-tour-europe-stage-3-challengers-1-ro256,invalid_match_href
https://www.vlr.gg/event/matches/541/,/23679/failen9-vs-totally-spies-champions-tour-europe-stage-3-challengers-1-ro256,invalid_match_href
https://www.vlr.gg/event/matches/541/,/23680/deftfox-vs-bref-champions-tour-europe-stage-3-challengers-1-ro256,invalid_match_href
https://www.vlr.gg/event/matches/541/,/23681/esports-empire-vs-wakawaka-champions-tour-europe-stage-3-challengers-1-ro256,invalid_match_href
https://www.vlr.gg/event/matches/541/,/23682/baecon-gg-vs-bb-kaverit-champions-tour-europe-stage-3-challengers-1-ro256,invalid_match_href
https://www.vlr.gg/event/matches/541/,/23683/ingenuity-vs-yazda-champions-tour-europe-stage-3-challengers-1-ro256,invalid_match_href
https://www.vlr.gg/event/matches/541/,/23684/rix-gg-thunder-vs-driveby-champions-tour-europe-stage-3-challengers-1-ro256,invalid_match_href
https://www.vlr.gg/event/matches/541/,/23685/angry-titans-vs-new-legends-gaming-champions-tour-europe-stage-3-challengers-1-ro256,invalid_match_href
https://www.vlr.gg/event/matches/541/,/23686/0starz-vs-dathitans-champions-tour-europe-stage-3-challengers-1-ro256,invalid_match_href
https://www.vlr.gg/event/matches/541/,/23687/souldazz-vs-team-otter-champions-tour-europe-stage-3-challengers-1-ro256,invalid_match_href
https://www.vlr.gg/event/matches/541/,/23688/area-vs-oro-esports-champions-tour-europe-stage-3-challengers-1-ro256,invalid_match_href
https://www.vlr.gg/event/matches/541/,/23689/mix2ploucs-vs-ehehxd-champions-tour-europe-stage-3-challengers-1-ro256,invalid_match_href
https://www.vlr.gg/event/matches/541/,/23690/speds-vs-lucky-boys-champions-tour-europe-stage-3-challengers-1-ro256,invalid_match_href
https://www.vlr.gg/event/matches/541/,/23691/404-multigaming-vs-sabre-champions-tour-europe-stage-3-challengers-1-ro256,invalid_match_href
https://www.vlr.gg/event/matches/541/,/23692/heet-vs-kolossus-academy-champions-tour-europe-stage-3-challengers-1-ro256,invalid_match_href
https://www.vlr.gg/event/matches/541/,/23693/esuba-vs-team-deira-champions-tour-europe-stage-3-challengers-1-ro256,invalid_match_href
https://www.vlr.gg/event/matches/541/,/23694/the-future-vs-head-hunters-champions-tour-europe-stage-3-challengers-1-ro256,invalid_match_href
https://www.vlr.gg/event/matches/541/,/23695/les-zinzins-de-lespace-vs-ubiteam-champions-tour-europe-stage-3-challengers-1-ro256,invalid_match_href
https://www.vlr.gg/event/matches/541/,/23696/m4lik-vs-cock-esports-champions-tour-europe-stage-3-challengers-1-ro256,invalid_match_href
https://www.vlr.gg/event/matches/541/,/23697/native-2-empire-vs-full-flashed-champions-tour-europe-stage-3-challengers-1-ro256,invalid_match_href
https://www.vlr.gg/event/matches/541/,/23698/nowytowiec-vs-unjobbed-champions-tour-europe-stage-3-challengers-1-ro256,invalid_match_href
https://www.vlr.gg/event/matches/541/,/23699/angry-pigeons-vs-shield-esport-champions-tour-europe-stage-3-challengers-1-ro256,invalid_match_href
https://www.vlr.gg/event/matches/541/,/23700/big-vs-ill-s-akad-mia-spirit-champions-tour-europe-stage-3-challengers-1-ro256,invalid_match_href
https://www.vlr.gg/event/matches/541/,/23701/underdogs-vs-rizon-champions-tour-europe-stage-3-challengers-1-ro256,invalid_match_href
https://www.vlr.gg/event/matches/541/,/23702/celestial-esports-vs-team-blink-champions-tour-europe-stage-3-challengers-1-ro256,invalid_match_href
https://www.vlr.gg/event/matches/541/,/23703/judge-rush-vs-project-x-champions-tour-europe-stage-3-challengers-1-ro256,invalid_match_href
https://www.vlr.gg/event/matches/541/,/23704/ftw-esports-vs-killjoy-gaming-champions-tour-europe-stage-3-challengers-1-ro256,invalid_match_href
https://www.vlr.gg/event/matches/541/,/23705/the-paw-brothers-vs-pmm-e-sports-b-champions-tour-europe-stage-3-challengers-1-ro256,invalid_match_href
https://www.vlr.gg/event/matches/541/,/23706/nopracc-vs-the-goose-house-lunar-champions-tour-europe-stage-3-challengers-1-ro256,invalid_match_href
https://www.vlr.gg/event/matches/541/,/23707/ovation-esports-vs-secret-esports-champions-tour-europe-stage-3-challengers-1-ro256,invalid_match_href
https://www.vlr.gg/event/matches/541/,/23708/alliance-vs-somalia-champions-tour-europe-stage-3-challengers-1-ro256,invalid_match_href
https://www.vlr.gg/event/matches/541/,/23709/slayer-vs-amegakure-champions-tour-europe-stage-3-challengers-1-ro256,invalid_match_href
https://www.vlr.gg/event/matches/541/,/23710/nexus-gaming-vs-kpi-gaming-champions-tour-europe-stage-3-challengers-1-ro256,invalid_match_href
https://www.vlr.gg/event/matches/541/,/23711/leftovers-vs-scythe-of-seraph-champions-tour-europe-stage-3-challengers-1-ro256,invalid_match_href
https://www.vlr.gg/event/matches/541/,/23712/yendez-vs-cunning-stunts-champions-tour-europe-stage-3-challengers-1-ro256,invalid_match_href
https://www.vlr.gg/event/matches/541/,/23713/nofear-vs-washedfortniteboomers-champions-tour-europe-stage-3-challengers-1-ro256,invalid_match_href
https://www.vlr.gg/event/matches/541/,/23714/kings-gambit-vs-reject-champions-tour-europe-stage-3-challengers-1-ro256,invalid_match_href
https://www.vlr.gg/event/matches/541/,/23715/blxst-vs-mode-champions-tour-europe-stage-3-challengers-1-ro256,invalid_match_href
https://www.vlr.gg/event/matches/541/,/23716/19esports-vs-storm7-champions-tour-europe-stage-3-challengers-1-ro256,invalid_match_href
https://www.vlr.gg/event/matches/541/,/23717/headshotbywig-vs-surrealplay-champions-tour-europe-stage-3-challengers-1-ro256,invalid_match_href
https://www.vlr.gg/event/matches/541/,/23718/dark-tigers-vs-team-easy-on-champions-tour-europe-stage-3-challengers-1-ro256,invalid_match_href
https://www.vlr.gg/event/matches/541/,/23719/prestigious-women-vs-egn-esports-champions-tour-europe-stage-3-challengers-1-ro256,invalid_match_href
https://www.vlr.gg/event/matches/541/,/23720/movistar-riders-vs-couchless-champions-tour-europe-stage-3-challengers-1-ro256,invalid_match_href
https://www.vlr.gg/event/matches/541/,/23721/mallunred-vs-victorem-champions-tour-europe-stage-3-challengers-1-ro256,invalid_match_href
https://www.vlr.gg/event/matches/541/,/23722/b-k-scsabai-e-sport-egyes-let-vs-rapture-esports-champions-tour-europe-stage-3-challengers-1-ro2,invalid_match_href
https://www.vlr.gg/event/matches/541/,/23723/follow-my-drone-vs-dmata-champions-tour-europe-stage-3-challengers-1-ro256,invalid_match_href
https://www.vlr.gg/event/matches/541/,/23724/illuminar-gaming-vs-rhyno-esports-champions-tour-europe-stage-3-challengers-1-ro256,invalid_match_href
https://www.vlr.gg/event/matches/541/,/23725/bibi-gucci-vs-team-galaga-champions-tour-europe-stage-3-challengers-1-ro256,invalid_match_href
https://www.vlr.gg/event/matches/541/,/23726/origins-vs-luulot-pois-champions-tour-europe-stage-3-challengers-1-ro256,invalid_match_href
https://www.vlr.gg/event/matches/541/,/23727/decend-vs-cant-be-touched-champions-tour-europe-stage-3-challengers-1-ro256,invalid_match_href
https://www.vlr.gg/event/matches/541/,/23728/ipon-team-horizon-reapers-vs-grandspirit-champions-tour-europe-stage-3-challengers-1-ro256,invalid_match_href
https://www.vlr.gg/event/matches/541/,/23729/thelastbullet-vs-fleer-champions-tour-europe-stage-3-challengers-1-ro256,invalid_match_href
https://www.vlr.gg/event/matches/541/,/23730/r-civarkaat-vs-team-name-champions-tour-europe-stage-3-challengers-1-ro256,invalid_match_href
https://www.vlr.gg/event/matches/541/,/23731/crispy-mcvandal-vs-aim-botz-champions-tour-europe-stage-3-challengers-1-ro256,invalid_match_href
https://www.vlr.gg/event/matches/541/,/23732/team-finest-vs-winfinity-champions-tour-europe-stage-3-challengers-1-ro256,invalid_match_href
https://www.vlr.gg/event/matches/541/,/23733/big-win-vs-john-howard-champions-tour-europe-stage-3-challengers-1-ro256,invalid_match_href
https://www.vlr.gg/event/matches/541/,/23734/toxic-g0ds-vs-pact-champions-tour-europe-stage-3-challengers-1-ro256,invalid_match_href
https://www.vlr.gg/event/matches/541/,/23735/machine-soldiers-vs-last-chance-champions-tour-europe-stage-3-challengers-1-ro256,invalid_match_href
https://www.vlr.gg/event/matches/541/,/23736/og-vs-spanish-mix-champions-tour-europe-stage-3-challengers-1-ro256,invalid_match_href
https://www.vlr.gg/event/matches/541/,/23737/joint2world-vs-vieux-touristes-champions-tour-europe-stage-3-challengers-1-ro256,invalid_match_href
https://www.vlr.gg/event/matches/541/,/23738/15-kings-vs-nebulaa-champions-tour-europe-stage-3-challengers-1-ro256,invalid_match_href
https://www.vlr.gg/event/matches/541/,/23739/dgen-vs-the-nyans-champions-tour-europe-stage-3-challengers-1-ro256,invalid_match_href
https://www.vlr.gg/event/matches/541/,/23740/g2-esports-vs-la-menace-fant-me-champions-tour-europe-stage-3-challengers-1-ro256,invalid_match_href
https://www.vlr.gg/event/matches/541/,/23741/grow-up-esports-vs-csa-sports-champions-tour-europe-stage-3-challengers-1-ro256,invalid_match_href
https://www.vlr.gg/event/matches/541/,/23742/nth-gaming-vs-team-queso-champions-tour-europe-stage-3-challengers-1-ro256,invalid_match_href
https://www.vlr.gg/event/matches/541/,/23743/sea-of-valorant-vs-nopoaching-champions-tour-europe-stage-3-challengers-1-ro256,invalid_match_href
https://www.vlr.gg/event/matches/541/,/23744/excel-vs-skelp-esports-champions-tour-europe-stage-3-challengers-1-ro256,invalid_match_href
https://www.vlr.gg/event/matches/541/,/23745/mackoesports-vs-mastery-champions-tour-europe-stage-3-challengers-1-ro256,invalid_match_href
https://www.vlr.gg/event/matches/541/,/23746/initiative-vs-dame-time-champions-tour-europe-stage-3-challengers-1-ro256,invalid_match_href
https://www.vlr.gg/event/matches/541/,/23747/highfive-vs-ucam-esports-club-champions-tour-europe-stage-3-challengers-1-ro256,invalid_match_href
https://www.vlr.gg/event/matches/541/,/23748/ldn-utd-vs-ufo-champions-tour-europe-stage-3-challengers-1-ro256,invalid_match_href
https://www.vlr.gg/event/matches/541/,/23749/amazing-vs-locust-champions-tour-europe-stage-3-challengers-1-ro256,invalid_match_href
https://www.vlr.gg/event/matches/541/,/23750/mantis-vs-panaif-champions-tour-europe-stage-3-challengers-1-ro256,invalid_match_href
https://www.vlr.gg/event/matches/541/,/23751/samurais-in-business-suits-vs-humanity-esport-champions-tour-europe-stage-3-challengers-1-ro256,invalid_match_href
https://www.vlr.gg/event/matches/541/,/23752/cream-real-betis-vs-junummer-champions-tour-europe-stage-3-challengers-1-ro256,invalid_match_href
https://www.vlr.gg/event/matches/541/,/23753/ecm-fcg-esports-vs-team-plague-champions-tour-europe-stage-3-challengers-1-ro256,invalid_match_href
https://www.vlr.gg/event/matches/541/,/23754/ipl-e-sport-vs-mds-factory-champions-tour-europe-stage-3-challengers-1-ro256,invalid_match_href
https://www.vlr.gg/event/matches/541/,/23755/ownage-vs-ziomki-poziomki-champions-tour-europe-stage-3-challengers-1-ro256,invalid_match_href
https://www.vlr.gg/event/matches/541/,/23756/saw-vs-incredibles-champions-tour-europe-stage-3-challengers-1-ro256,invalid_match_href
https://www.vlr.gg/event/matches/541/,/23757/team-sport-gaming-vs-tempo-champions-tour-europe-stage-3-challengers-1-ro256,invalid_match_href
https://www.vlr.gg/event/matches/541/,/23758/revivemejett-vs-farmers-champions-tour-europe-stage-3-challengers-1-ro256,invalid_match_href
https://www.vlr.gg/event/matches/541/,/23759/karmeliet-vs-redpack-esports-champions-tour-europe-stage-3-challengers-1-ro256,invalid_match_href
https://www.vlr.gg/event/matches/541/,/23760/ivy-vs-wild-multigaming-champions-tour-europe-stage-3-challengers-1-ro256,invalid_match_href
https://www.vlr.gg/event/matches/541/,/23761/rave-party-vs-precision-gaming-champions-tour-europe-stage-3-challengers-1-ro256,invalid_match_href
https://www.vlr.gg/event/matches/541/,/23762/deviance-vs-valoreitis-champions-tour-europe-stage-3-challengers-1-ro256,invalid_match_href
https://www.vlr.gg/event/matches/541/,/23763/original-gamers-vs-masonic-champions-tour-europe-stage-3-challengers-1-ro256,invalid_match_href
https://www.vlr.gg/event/matches/541/,/23764/tenstar-vs-parek-v-rohliku-champions-tour-europe-stage-3-challengers-1-ro256,invalid_match_href
https://www.vlr.gg/event/matches/541/,/23765/goodgame-vs-horyjin-champions-tour-europe-stage-3-challengers-1-ro256,invalid_match_href
https://www.vlr.gg/event/matches/541/,/23766/rugrats-vs-aesir-esports-champions-tour-europe-stage-3-challengers-1-ro256,invalid_match_href
https://www.vlr.gg/event/matches/541/,/23767/sickthick-vs-sentry-esports-champions-tour-europe-stage-3-challengers-1-ro256,invalid_match_href
https://www.vlr.gg/event/matches/541/,/23768/need4food-vs-sissi-state-punks-champions-tour-europe-stage-3-challengers-1-ro256,invalid_match_href
https://www.vlr.gg/event/matches/541/,/23769/need-girlfriend-vs-foxa-nsv-champions-tour-europe-stage-3-challengers-1-ro256,invalid_match_href
https://www.vlr.gg/event/matches/541/,/23770/miks-vs-the-goose-house-champions-tour-europe-stage-3-challengers-1-ro256,invalid_match_href
https://www.vlr.gg/event/matches/541/,/23771/totally-spies-2-vs-eclypse-champions-tour-europe-stage-3-challengers-1-ro256,invalid_match_href
https://www.vlr.gg/event/matches/541/,/23672/edelweiss-esports-vs-msp-champions-tour-europe-stage-3-challengers-1-ro256,invalid_match_href
https://www.vlr.gg/event/matches/541/,/23806/yendez-vs-nofear-champions-tour-europe-stage-3-challengers-1-ro128,invalid_match_href
https://www.vlr.gg/event/matches/541/,/23772/team-heretics-vs-mtp-esport-champions-tour-europe-stage-3-challengers-1-ro128,invalid_match_href
https://www.vlr.gg/event/matches/541/,/23802/ftw-esports-vs-the-paw-brothers-champions-tour-europe-stage-3-challengers-1-ro128,invalid_match_href
https://www.vlr.gg/event/matches/541/,/23818/og-vs-vieux-touristes-champions-tour-europe-stage-3-challengers-1-ro128,invalid_match_href
https://www.vlr.gg/event/matches/541/,/23820/g2-esports-vs-grow-up-esports-champions-tour-europe-stage-3-challengers-1-ro128,invalid_match_href
https://www.vlr.gg/event/matches/541/,/23828/saw-vs-tempo-champions-tour-europe-stage-3-challengers-1-ro128,invalid_match_href
https://www.vlr.gg/event/matches/541/,/23773/bk-rog-esports-vs-team-collusion-champions-tour-europe-stage-3-challengers-1-ro128,invalid_match_href
https://www.vlr.gg/event/matches/541/,/23774/daddyandco-vs-vacuumers-champions-tour-europe-stage-3-challengers-1-ro128,invalid_match_href
https://www.vlr.gg/event/matches/541/,/23775/wlgaming-esports-vs-voltex-champions-tour-europe-stage-3-challengers-1-ro128,invalid_match_href
https://www.vlr.gg/event/matches/541/,/23776/megastitut-vs-fratres-champions-tour-europe-stage-3-challengers-1-ro128,invalid_match_href
https://www.vlr.gg/event/matches/541/,/23777/bonsoir-vs-hasbullahpeek-champions-tour-europe-stage-3-challengers-1-ro128,invalid_match_href
https://www.vlr.gg/event/matches/541/,/23778/team-sampi-vs-vertical-seven-esports-champions-tour-europe-stage-3-challengers-1-ro128,invalid_match_href
https://www.vlr.gg/event/matches/541/,/23779/vamos-vs-exalty-champions-tour-europe-stage-3-challengers-1-ro128,invalid_match_href
https://www.vlr.gg/event/matches/541/,/23780/wave-esports-vs-playing-aliens-champions-tour-europe-stage-3-challengers-1-ro128,invalid_match_href
https://www.vlr.gg/event/matches/541/,/23781/asteria-gaming-vs-pulsar-esport-champions-tour-europe-stage-3-challengers-1-ro128,invalid_match_href
https://www.vlr.gg/event/matches/541/,/23782/staga-vs-exen-esports-champions-tour-europe-stage-3-challengers-1-ro128,invalid_match_href
https://www.vlr.gg/event/matches/541/,/23783/cgn-esports-vs-ooliganz-champions-tour-europe-stage-3-challengers-1-ro128,invalid_match_href
https://www.vlr.gg/event/matches/541/,/23784/lasagna-beam-vs-5-baguettes-champions-tour-europe-stage-3-challengers-1-ro128,invalid_match_href
https://www.vlr.gg/event/matches/541/,/23785/average-joes-vs-underdogs-gaming-champions-tour-europe-stage-3-challengers-1-ro128,invalid_match_href
https://www.vlr.gg/event/matches/541/,/23786/edelweiss-esports-vs-jammers-champions-tour-europe-stage-3-challengers-1-ro128,invalid_match_href
https://www.vlr.gg/event/matches/541/,/23787/flashdash-vs-shifterpro-champions-tour-europe-stage-3-challengers-1-ro128,invalid_match_href
https://www.vlr.gg/event/matches/541/,/23788/giants-gaming-vs-duck-gaming-champions-tour-europe-stage-3-challengers-1-ro128,invalid_match_href
https://www.vlr.gg/event/matches/541/,/23789/notbuiltdif-vs-totally-spies-champions-tour-europe-stage-3-challengers-1-ro128,invalid_match_href
https://www.vlr.gg/event/matches/541/,/23790/bref-vs-wakawaka-champions-tour-europe-stage-3-challengers-1-ro128,invalid_match_href
https://www.vlr.gg/event/matches/541/,/23791/baecon-gg-vs-yazda-champions-tour-europe-stage-3-challengers-1-ro128,invalid_match_href
https://www.vlr.gg/event/matches/541/,/23792/rix-gg-thunder-vs-angry-titans-champions-tour-europe-stage-3-challengers-1-ro128,invalid_match_href
https://www.vlr.gg/event/matches/541/,/23793/dathitans-vs-souldazz-champions-tour-europe-stage-3-challengers-1-ro128,invalid_match_href
https://www.vlr.gg/event/matches/541/,/23794/area-vs-ehehxd-champions-tour-europe-stage-3-challengers-1-ro128,invalid_match_href
https://www.vlr.gg/event/matches/541/,/23795/lucky-boys-vs-404-multigaming-champions-tour-europe-stage-3-challengers-1-ro128,invalid_match_href
https://www.vlr.gg/event/matches/541/,/23796/heet-vs-esuba-champions-tour-europe-stage-3-challengers-1-ro128,invalid_match_href
https://www.vlr.gg/event/matches/541/,/23797/the-future-vs-les-zinzins-de-lespace-champions-tour-europe-stage-3-challengers-1-ro128,invalid_match_href
https://www.vlr.gg/event/matches/541/,/23798/m4lik-vs-native-2-empire-champions-tour-europe-stage-3-challengers-1-ro128,invalid_match_href
https://www.vlr.gg/event/matches/541/,/23799/unjobbed-vs-shield-esport-champions-tour-europe-stage-3-challengers-1-ro128,invalid_match_href
https://www.vlr.gg/event/matches/541/,/23800/big-vs-underdogs-champions-tour-europe-stage-3-challengers-1-ro128,invalid_match_href
https://www.vlr.gg/event/matches/541/,/23801/team-blink-vs-judge-rush-champions-tour-europe-stage-3-challengers-1-ro128,invalid_match_href
https://www.vlr.gg/event/matches/541/,/23803/nopracc-vs-ovation-esports-champions-tour-europe-stage-3-challengers-1-ro128,invalid_match_href
https://www.vlr.gg/event/matches/541/,/23804/alliance-vs-amegakure-champions-tour-europe-stage-3-challengers-1-ro128,invalid_match_href
https://www.vlr.gg/event/matches/541/,/23805/kpi-gaming-vs-leftovers-champions-tour-europe-stage-3-challengers-1-ro128,invalid_match_href
https://www.vlr.gg/event/matches/541/,/23807/reject-vs-blxst-champions-tour-europe-stage-3-challengers-1-ro128,invalid_match_href
https://www.vlr.gg/event/matches/541/,/23808/19esports-vs-surrealplay-champions-tour-europe-stage-3-challengers-1-ro128,invalid_match_href
https://www.vlr.gg/event/matches/541/,/23809/dark-tigers-vs-egn-esports-champions-tour-europe-stage-3-challengers-1-ro128,invalid_match_href
https://www.vlr.gg/event/matches/541/,/23810/movistar-riders-vs-mallunred-champions-tour-europe-stage-3-challengers-1-ro128,invalid_match_href
https://www.vlr.gg/event/matches/541/,/23811/b-k-scsabai-e-sport-egyes-let-vs-follow-my-drone-champions-tour-europe-stage-3-challengers-1-ro1,invalid_match_href
https://www.vlr.gg/event/matches/541/,/23812/rhyno-esports-vs-team-galaga-champions-tour-europe-stage-3-challengers-1-ro128,invalid_match_href
https://www.vlr.gg/event/matches/541/,/23813/luulot-pois-vs-cant-be-touched-champions-tour-europe-stage-3-challengers-1-ro128,invalid_match_href
https://www.vlr.gg/event/matches/541/,/23814/ipon-team-horizon-reapers-vs-fleer-champions-tour-europe-stage-3-challengers-1-ro128,invalid_match_href
https://www.vlr.gg/event/matches/541/,/23815/team-name-vs-aim-botz-champions-tour-europe-stage-3-challengers-1-ro128,invalid_match_href
https://www.vlr.gg/event/matches/541/,/23816/team-finest-vs-john-howard-champions-tour-europe-stage-3-challengers-1-ro128,invalid_match_href
https://www.vlr.gg/event/matches/541/,/23817/pact-vs-last-chance-champions-tour-europe-stage-3-challengers-1-ro128,invalid_match_href
https://www.vlr.gg/event/matches/541/,/23819/nebulaa-vs-the-nyans-champions-tour-europe-stage-3-challengers-1-ro128,invalid_match_href
https://www.vlr.gg/event/matches/541/,/23821/team-queso-vs-nopoaching-champions-tour-europe-stage-3-challengers-1-ro128,invalid_match_href
https://www.vlr.gg/event/matches/541/,/23822/excel-vs-mackoesports-champions-tour-europe-stage-3-challengers-1-ro128,invalid_match_href
https://www.vlr.gg/event/matches/541/,/23823/initiative-vs-ucam-esports-club-champions-tour-europe-stage-3-challengers-1-ro128,invalid_match_href
https://www.vlr.gg/event/matches/541/,/23824/ldn-utd-vs-locust-champions-tour-europe-stage-3-challengers-1-ro128,invalid_match_href
https://www.vlr.gg/event/matches/541/,/23825/mantis-vs-humanity-esport-champions-tour-europe-stage-3-challengers-1-ro128,invalid_match_href
https://www.vlr.gg/event/matches/541/,/23826/cream-real-betis-vs-ecm-fcg-esports-champions-tour-europe-stage-3-challengers-1-ro128,invalid_match_href
https://www.vlr.gg/event/matches/541/,/23827/mds-factory-vs-ownage-champions-tour-europe-stage-3-challengers-1-ro128,invalid_match_href
https://www.vlr.gg/event/matches/541/,/23829/revivemejett-vs-redpack-esports-champions-tour-europe-stage-3-challengers-1-ro128,invalid_match_href
https://www.vlr.gg/event/matches/541/,/23830/ivy-vs-rave-party-champions-tour-europe-stage-3-challengers-1-ro128,invalid_match_href
https://www.vlr.gg/event/matches/541/,/23831/deviance-vs-masonic-champions-tour-europe-stage-3-challengers-1-ro128,invalid_match_href
https://www.vlr.gg/event/matches/541/,/23832/tenstar-vs-goodgame-champions-tour-europe-stage-3-challengers-1-ro128,invalid_match_href
https://www.vlr.gg/event/matches/541/,/23833/rugrats-vs-sickthick-champions-tour-europe-stage-3-challengers-1-ro128,invalid_match_href
https://www.vlr.gg/event/matches/541/,/23834/need4food-vs-need-girlfriend-champions-tour-europe-stage-3-challengers-1-ro128,invalid_match_href
https://www.vlr.gg/event/matches/541/,/23835/miks-vs-eclypse-champions-tour-europe-stage-3-challengers-1-ro128,invalid_match_href
https://www.vlr.gg/event/matches/541/,/23836/team-heretics-vs-bk-rog-esports-champions-tour-europe-stage-3-challengers-1-ro64,invalid_match_href
https://www.vlr.gg/event/matches/541/,/23841/staga-vs-cgn-esports-champions-tour-europe-stage-3-challengers-1-ro64,invalid_match_href
https://www.vlr.gg/event/matches/541/,/23847/ehehxd-vs-lucky-boys-champions-tour-europe-stage-3-challengers-1-ro64,invalid_match_href
https://www.vlr.gg/event/matches/541/,/23849/m4lik-vs-unjobbed-champions-tour-europe-stage-3-challengers-1-ro64,invalid_match_href
https://www.vlr.gg/event/matches/541/,/23864/saw-vs-revivemejett-champions-tour-europe-stage-3-challengers-1-ro64,invalid_match_href
https://www.vlr.gg/event/matches/541/,/23837/vacuumers-vs-wlgaming-esports-champions-tour-europe-stage-3-challengers-1-ro64,invalid_match_href
https://www.vlr.gg/event/matches/541/,/23838/megastitut-vs-bonsoir-champions-tour-europe-stage-3-challengers-1-ro64,invalid_match_href
https://www.vlr.gg/event/matches/541/,/23839/team-sampi-vs-vamos-champions-tour-europe-stage-3-challengers-1-ro64,invalid_match_href
https://www.vlr.gg/event/matches/541/,/23840/wave-esports-vs-superior-champions-tour-europe-stage-3-challengers-1-ro64,invalid_match_href
https://www.vlr.gg/event/matches/541/,/23842/lasagna-beam-vs-average-joes-champions-tour-europe-stage-3-challengers-1-ro64,invalid_match_href
https://www.vlr.gg/event/matches/541/,/23843/edelweiss-esports-vs-flashdash-champions-tour-europe-stage-3-challengers-1-ro64,invalid_match_href
https://www.vlr.gg/event/matches/541/,/23844/giants-gaming-vs-notbuiltdif-champions-tour-europe-stage-3-challengers-1-ro64,invalid_match_href
https://www.vlr.gg/event/matches/541/,/23845/bref-vs-yazda-champions-tour-europe-stage-3-challengers-1-ro64,invalid_match_href
https://www.vlr.gg/event/matches/541/,/23846/rix-gg-thunder-vs-souldazz-champions-tour-europe-stage-3-challengers-1-ro64,invalid_match_href
https://www.vlr.gg/event/matches/541/,/23848/heet-vs-les-zinzins-de-lespace-champions-tour-europe-stage-3-challengers-1-ro64,invalid_match_href
https://www.vlr.gg/event/matches/541/,/23850/big-vs-team-blink-champions-tour-europe-stage-3-challengers-1-ro64,invalid_match_href
https://www.vlr.gg/event/matches/541/,/23851/the-paw-brothers-vs-ovation-esports-champions-tour-europe-stage-3-challengers-1-ro64,invalid_match_href
https://www.vlr.gg/event/matches/541/,/23852/alliance-vs-leftovers-champions-tour-europe-stage-3-challengers-1-ro64,invalid_match_href
https://www.vlr.gg/event/matches/541/,/23853/yendez-vs-reject-champions-tour-europe-stage-3-challengers-1-ro64,invalid_match_href
https://www.vlr.gg/event/matches/541/,/23854/19esports-vs-dark-tigers-champions-tour-europe-stage-3-challengers-1-ro64,invalid_match_href
https://www.vlr.gg/event/matches/541/,/23855/movistar-riders-vs-b-k-scsabai-e-sport-egyes-let-champions-tour-europe-stage-3-challengers-1-ro6,invalid_match_href
https://www.vlr.gg/event/matches/541/,/23856/rhyno-esports-vs-cant-be-touched-champions-tour-europe-stage-3-challengers-1-ro64,invalid_match_href
https://www.vlr.gg/event/matches/541/,/23857/ipon-team-horizon-reapers-vs-team-name-champions-tour-europe-stage-3-challengers-1-ro64,invalid_match_href
https://www.vlr.gg/event/matches/541/,/23858/team-finest-vs-pact-champions-tour-europe-stage-3-challengers-1-ro64,invalid_match_href
https://www.vlr.gg/event/matches/541/,/23859/og-vs-nebulaa-champions-tour-europe-stage-3-challengers-1-ro64,invalid_match_href
https://www.vlr.gg/event/matches/541/,/23860/g2-esports-vs-nopoaching-champions-tour-europe-stage-3-challengers-1-ro64,invalid_match_href
https://www.vlr.gg/event/matches/541/,/23861/excel-vs-ucam-esports-club-champions-tour-europe-stage-3-challengers-1-ro64,invalid_match_href
https://www.vlr.gg/event/matches/541/,/23862/ldn-utd-vs-mantis-champions-tour-europe-stage-3-challengers-1-ro64,invalid_match_href
https://www.vlr.gg/event/matches/541/,/23863/cream-real-betis-vs-ownage-champions-tour-europe-stage-3-challengers-1-ro64,invalid_match_href
https://www.vlr.gg/event/matches/541/,/23865/ivy-vs-masonic-champions-tour-europe-stage-3-challengers-1-ro64,invalid_match_href
https://www.vlr.gg/event/matches/541/,/23866/tenstar-vs-rugrats-champions-tour-europe-stage-3-challengers-1-ro64,invalid_match_href
https://www.vlr.gg/event/matches/541/,/23867/need-girlfriend-vs-miks-champions-tour-europe-stage-3-challengers-1-ro64,invalid_match_href
https://www.vlr.gg/event/matches/541/,/23869/megastitut-vs-team-sampi-champions-tour-europe-stage-3-challengers-1-ro32,invalid_match_href
https://www.vlr.gg/event/matches/541/,/23870/wave-esports-vs-cgn-esports-champions-tour-europe-stage-3-challengers-1-ro32,invalid_match_href
https://www.vlr.gg/event/matches/541/,/23873/rix-gg-thunder-vs-lucky-boys-champions-tour-europe-stage-3-challengers-1-ro32,invalid_match_href
https://www.vlr.gg/event/matches/541/,/23874/heet-vs-m4lik-champions-tour-europe-stage-3-challengers-1-ro32,invalid_match_href
https://www.vlr.gg/event/matches/541/,/23882/saw-vs-ivy-champions-tour-europe-stage-3-challengers-1-ro32,invalid_match_href
https://www.vlr.gg/event/matches/541/,/23868/bk-rog-esports-vs-vacuumers-champions-tour-europe-stage-3-challengers-1-ro32,invalid_match_href
https://www.vlr.gg/event/matches/541/,/23872/giants-gaming-vs-bref-champions-tour-europe-stage-3-challengers-1-ro32,invalid_match_href
https://www.vlr.gg/event/matches/541/,/23875/big-vs-ovation-esports-champions-tour-europe-stage-3-challengers-1-ro32,invalid_match_href
https://www.vlr.gg/event/matches/541/,/23876/alliance-vs-reject-champions-tour-europe-stage-3-challengers-1-ro32,invalid_match_href
https://www.vlr.gg/event/matches/541/,/23877/19esports-vs-movistar-riders-champions-tour-europe-stage-3-challengers-1-ro32,invalid_match_href
https://www.vlr.gg/event/matches/541/,/23878/cant-be-touched-vs-ipon-team-horizon-reapers-champions-tour-europe-stage-3-challengers-1-ro32,invalid_match_href
https://www.vlr.gg/event/matches/541/,/23879/team-finest-vs-og-champions-tour-europe-stage-3-challengers-1-ro32,invalid_match_href
https://www.vlr.gg/event/matches/541/,/23880/g2-esports-vs-ucam-esports-club-champions-tour-europe-stage-3-challengers-1-ro32,invalid_match_href
https://www.vlr.gg/event/matches/541/,/23881/ldn-utd-vs-cream-real-betis-champions-tour-europe-stage-3-challengers-1-ro32,invalid_match_href
https://www.vlr.gg/event/matches/541/,/23883/tenstar-vs-need-girlfriend-champions-tour-europe-stage-3-challengers-1-ro32,invalid_match_href
https://www.vlr.gg/event/matches/541/,/23871/average-joes-vs-edelweiss-esports-champions-tour-europe-stage-3-challengers-1-ro32,invalid_match_href
https://www.vlr.gg/event/matches/541/,/23884/bk-rog-esports-vs-team-sampi-champions-tour-europe-stage-3-challengers-1-ro16,invalid_match_href
https://www.vlr.gg/event/matches/541/,/23885/wave-esports-vs-edelweiss-esports-champions-tour-europe-stage-3-challengers-1-ro16,invalid_match_href
https://www.vlr.gg/event/matches/541/,/23886/giants-gaming-vs-rix-gg-thunder-champions-tour-europe-stage-3-challengers-1-ro16,invalid_match_href
https://www.vlr.gg/event/matches/541/,/23887/m4lik-vs-big-champions-tour-europe-stage-3-challengers-1-ro16,invalid_match_href
https://www.vlr.gg/event/matches/541/,/23888/alliance-vs-19esports-champions-tour-europe-stage-3-challengers-1-ro16,invalid_match_href
https://www.vlr.gg/event/matches/541/,/23889/cant-be-touched-vs-team-finest-champions-tour-europe-stage-3-challengers-1-ro16,invalid_match_href
https://www.vlr.gg/event/matches/541/,/23890/g2-esports-vs-cream-real-betis-champions-tour-europe-stage-3-challengers-1-ro16,invalid_match_href
https://www.vlr.gg/event/matches/541/,/23891/ivy-vs-tenstar-champions-tour-europe-stage-3-challengers-1-ro16,invalid_match_href
https://www.vlr.gg/event/matches/541/,/24104/team-vitality-vs-g2-esports-champions-tour-europe-stage-3-challengers-1-uro16,invalid_match_href
https://www.vlr.gg/event/matches/541/,/24101/acend-vs-big-champions-tour-europe-stage-3-challengers-1-uro16,invalid_match_href
https://www.vlr.gg/event/matches/541/,/24103/team-liquid-vs-team-finest-champions-tour-europe-stage-3-challengers-1-uro16,invalid_match_href
https://www.vlr.gg/event/matches/541/,/24099/funplus-phoenix-vs-wave-esports-champions-tour-europe-stage-3-challengers-1-uro16,invalid_match_href
https://www.vlr.gg/event/matches/541/,/24100/team-bds-vs-rix-gg-thunder-champions-tour-europe-stage-3-challengers-1-uro16,invalid_match_href
https://www.vlr.gg/event/matches/541/,/24105/fnatic-vs-tenstar-champions-tour-europe-stage-3-challengers-1-uro16,invalid_match_href
https://www.vlr.gg/event/matches/541/,/24102/ninjas-in-pyjamas-vs-alliance-champions-tour-europe-stage-3-challengers-1-uro16,invalid_match_href
https://www.vlr.gg/event/matches/541/,/24098/guild-esports-vs-bk-rog-esports-champions-tour-europe-stage-3-challengers-1-uro16,invalid_match_href
https://www.vlr.gg/event/matches/541/,/24106/guild-esports-vs-funplus-phoenix-champions-tour-europe-stage-3-challengers-1-uqf,invalid_match_href
https://www.vlr.gg/event/matches/541/,/24107/team-bds-vs-acend-champions-tour-europe-stage-3-challengers-1-uqf,invalid_match_href
https://www.vlr.gg/event/matches/541/,/24108/alliance-vs-team-liquid-champions-tour-europe-stage-3-challengers-1-uqf,invalid_match_href
https://www.vlr.gg/event/matches/541/,/24109/g2-esports-vs-fnatic-champions-tour-europe-stage-3-challengers-1-uqf,invalid_match_href
https://www.vlr.gg/event/matches/541/,/24110/bk-rog-esports-vs-wave-esports-champions-tour-europe-stage-3-challengers-1-lr1,invalid_match_href
https://www.vlr.gg/event/matches/541/,/24111/rix-gg-thunder-vs-big-champions-tour-europe-stage-3-challengers-1-lr1,invalid_match_href
https://www.vlr.gg/event/matches/541/,/24112/ninjas-in-pyjamas-vs-team-finest-champions-tour-europe-stage-3-challengers-1-lr1,invalid_match_href
https://www.vlr.gg/event/matches/541/,/24113/team-vitality-vs-tenstar-champions-tour-europe-stage-3-challengers-1-lr1,invalid_match_href
https://www.vlr.gg/event/matches/541/,/24114/fnatic-vs-wave-esports-champions-tour-europe-stage-3-challengers-1-lr2,invalid_match_href
https://www.vlr.gg/event/matches/541/,/24115/alliance-vs-rix-gg-thunder-champions-tour-europe-stage-3-challengers-1-lr2,invalid_match_href
https://www.vlr.gg/event/matches/541/,/24117/funplus-phoenix-vs-team-vitality-champions-tour-europe-stage-3-challengers-1-lr2,invalid_match_href
https://www.vlr.gg/event/matches/541/,/24116/team-bds-vs-team-finest-champions-tour-europe-stage-3-challengers-1-lr2,invalid_match_href
https://www.vlr.gg/event/matches/541/,/24949/team-liquid-vs-fnatic-champions-tour-europe-stage-3-challengers-1-uqf,invalid_match_href
https://www.vlr.gg/event/matches/541/,/24950/guild-esports-vs-team-bds-champions-tour-europe-stage-3-challengers-1-uqf,invalid_match_href
https://www.vlr.gg/event/matches/541/,/24951/g2-esports-vs-funplus-phoenix-champions-tour-europe-stage-3-challengers-1-uqf,invalid_match_href
https://www.vlr.gg/event/matches/541/,/24952/acend-vs-rix-gg-thunder-champions-tour-europe-stage-3-challengers-1-uqf,invalid_match_href
https://www.vlr.gg/event/matches/541/,/24956/team-liquid-vs-team-bds-champions-tour-europe-stage-3-challengers-1-lr1,invalid_match_href
https://www.vlr.gg/event/matches/541/,/24957/g2-esports-vs-rix-gg-thunder-champions-tour-europe-stage-3-challengers-1-lr1,invalid_match_href
https://www.vlr.gg/event/matches/541/,/24953/fnatic-vs-guild-esports-champions-tour-europe-stage-3-challengers-1-usf,invalid_match_href
https://www.vlr.gg/event/matches/541/,/24954/funplus-phoenix-vs-acend-champions-tour-europe-stage-3-challengers-1-usf,invalid_match_href
https://www.vlr.gg/event/matches/541/,/24958/funplus-phoenix-vs-team-liquid-champions-tour-europe-stage-3-challengers-1-lr2,invalid_match_href
https://www.vlr.gg/event/matches/541/,/24959/fnatic-vs-g2-esports-champions-tour-europe-stage-3-challengers-1-lr2,invalid_match_href
https://www.vlr.gg/event/matches/541/,/24955/guild-esports-vs-acend-champions-tour-europe-stage-3-challengers-1-uf,invalid_match_href
https://www.vlr.gg/event/matches/541/,/24960/funplus-phoenix-vs-g2-esports-champions-tour-europe-stage-3-challengers-1-lr3,invalid_match_href
https://www.vlr.gg/event/matches/541/,/24961/guild-esports-vs-g2-esports-champions-tour-europe-stage-3-challengers-1-lf,invalid_match_href
https://www.vlr.gg/event/matches/541/,/24962/acend-vs-g2-esports-champions-tour-europe-stage-3-challengers-1-gf,invalid_match_href
https://www.vlr.gg/event/matches/469/,/24695/zerah-esports-vs-boom-shaka-laka-strike-arabia-championship-season-2-ubqf,invalid_match_href
https://www.vlr.gg/event/matches/469/,/24696/lusail-esports-vs-archnemesis-strike-arabia-championship-season-2-ubqf,invalid_match_href
https://www.vlr.gg/event/matches/469/,/24697/mythociast-vs-knockout-esports-strike-arabia-championship-season-2-ubqf,invalid_match_href
https://www.vlr.gg/event/matches/469/,/24698/yalla-esports-vs-piercer-esports-strike-arabia-championship-season-2-ubqf,invalid_match_href
https://www.vlr.gg/event/matches/469/,/24703/b13-vs-roh-elbas-gang-strike-arabia-championship-season-2-ubqf,invalid_match_href
https://www.vlr.gg/event/matches/469/,/24704/rtg-esports-vs-cut-esports-strike-arabia-championship-season-2-ubqf,invalid_match_href
https://www.vlr.gg/event/matches/469/,/24705/anubis-gaming-vs-jo-clan-strike-arabia-championship-season-2-ubqf,invalid_match_href
https://www.vlr.gg/event/matches/469/,/24706/occupy-esports-vs-team-raad-strike-arabia-championship-season-2-ubqf,invalid_match_href
https://www.vlr.gg/event/matches/469/,/24699/eternity-esports-vs-error404-strike-arabia-championship-season-2-ubqf,invalid_match_href
https://www.vlr.gg/event/matches/469/,/24700/e9sports-vs-spl-gaming-strike-arabia-championship-season-2-ubqf,invalid_match_href
https://www.vlr.gg/event/matches/469/,/24701/team-wavii-vs-the-academy-strike-arabia-championship-season-2-ubqf,invalid_match_href
https://www.vlr.gg/event/matches/469/,/24702/mustang-gaming-vs-forfun-strike-arabia-championship-season-2-ubqf,invalid_match_href
https://www.vlr.gg/event/matches/469/,/24859/zerah-esports-vs-lusail-esports-strike-arabia-championship-season-2-ubsf,invalid_match_href
https://www.vlr.gg/event/matches/469/,/24860/knockout-esports-vs-yalla-esports-strike-arabia-championship-season-2-ubsf,invalid_match_href
https://www.vlr.gg/event/matches/469/,/24863/roh-elbas-gang-vs-rtg-esports-strike-arabia-championship-season-2-ubsf,invalid_match_href
https://www.vlr.gg/event/matches/469/,/24864/anubis-gaming-vs-team-raad-strike-arabia-championship-season-2-ubsf,invalid_match_href
https://www.vlr.gg/event/matches/469/,/24867/eternity-esports-vs-e9sports-strike-arabia-championship-season-2-ubsf,invalid_match_href
https://www.vlr.gg/event/matches/469/,/24868/the-academy-vs-mustang-gaming-strike-arabia-championship-season-2-ubsf,invalid_match_href
https://www.vlr.gg/event/matches/469/,/24861/archnemesis-vs-boom-shaka-laka-strike-arabia-championship-season-2-lbr1,invalid_match_href
https://www.vlr.gg/event/matches/469/,/24862/mythociast-vs-piercer-esports-strike-arabia-championship-season-2-lbr1,invalid_match_href
https://www.vlr.gg/event/matches/469/,/24865/b13-vs-cut-esports-strike-arabia-championship-season-2-lbr1,invalid_match_href
https://www.vlr.gg/event/matches/469/,/24866/jo-clan-vs-occupy-esports-strike-arabia-championship-season-2-lbr1,invalid_match_href
https://www.vlr.gg/event/matches/469/,/24869/error404-vs-spl-gaming-strike-arabia-championship-season-2-lbr1,invalid_match_href
https://www.vlr.gg/event/matches/469/,/25208/knockout-esports-vs-archnemesis-strike-arabia-championship-season-2-lbr2,invalid_match_href
https://www.vlr.gg/event/matches/469/,/25209/lusail-esports-vs-piercer-esports-strike-arabia-championship-season-2-lbr2,invalid_match_href
https://www.vlr.gg/event/matches/469/,/25213/team-raad-vs-b13-strike-arabia-championship-season-2-lbr2,invalid_match_href
https://www.vlr.gg/event/matches/469/,/25214/rtg-esports-vs-occupy-esports-strike-arabia-championship-season-2-lbr2,invalid_match_href
https://www.vlr.gg/event/matches/469/,/24870/team-majesty-vs-forfun-strike-arabia-championship-season-2-lbr1,invalid_match_href
https://www.vlr.gg/event/matches/469/,/25216/the-academy-vs-spl-gaming-strike-arabia-championship-season-2-lbr2,invalid_match_href
https://www.vlr.gg/event/matches/469/,/25217/eternity-esports-vs-team-majesty-strike-arabia-championship-season-2-lbr2,invalid_match_href
https://www.vlr.gg/event/matches/469/,/25574/archnemesis-vs-piercer-esports-strike-arabia-championship-season-2-lbr3,invalid_match_href
https://www.vlr.gg/event/matches/469/,/25571/team-raad-vs-occupy-esports-strike-arabia-championship-season-2-lbf,invalid_match_href
https://www.vlr.gg/event/matches/469/,/25568/spl-gaming-vs-team-majesty-strike-arabia-championship-season-2-lbr3,invalid_match_href
https://www.vlr.gg/event/matches/469/,/25207/zerah-esports-vs-yalla-esports-strike-arabia-championship-season-2-ubf,invalid_match_href
https://www.vlr.gg/event/matches/469/,/25212/roh-elbas-gang-vs-anubis-gaming-strike-arabia-championship-season-2-ubf,invalid_match_href
https://www.vlr.gg/event/matches/469/,/25215/e9sports-vs-mustang-gaming-strike-arabia-championship-season-2-ubf,invalid_match_href
https://www.vlr.gg/event/matches/469/,/25575/zerah-esports-vs-archnemesis-strike-arabia-championship-season-2-lbf,invalid_match_href
https://www.vlr.gg/event/matches/469/,/25572/roh-elbas-gang-vs-team-raad-strike-arabia-championship-season-2-lbf,invalid_match_href
https://www.vlr.gg/event/matches/469/,/25569/mustang-gaming-vs-team-majesty-strike-arabia-championship-season-2-lbf,invalid_match_href
https://www.vlr.gg/event/matches/469/,/25573/anubis-gaming-vs-team-raad-strike-arabia-championship-season-2-gf,invalid_match_href
https://www.vlr.gg/event/matches/469/,/25576/yalla-esports-vs-archnemesis-strike-arabia-championship-season-2-gf,invalid_match_href
https://www.vlr.gg/event/matches/469/,/25570/e9sports-vs-team-majesty-strike-arabia-championship-season-2-gf,invalid_match_href
https://www.vlr.gg/event/matches/542/,/23588/orgless5-vs-whats-poppin-champions-tour-turkey-stage-3-challengers-1-ro64,invalid_match_href
https://www.vlr.gg/event/matches/542/,/23592/fire-flux-esports-vs-c-site-e-sports-champions-tour-turkey-stage-3-challengers-1-ro64,invalid_match_href
https://www.vlr.gg/event/matches/542/,/23602/zero-zone-vs-gringo-team-champions-tour-turkey-stage-3-challengers-1-ro64,invalid_match_href
https://www.vlr.gg/event/matches/542/,/23618/kastiralis-vs-ultima-champions-tour-turkey-stage-3-challengers-1-ro64,invalid_match_href
https://www.vlr.gg/event/matches/542/,/23589/titans-vs-g-vemeorg-champions-tour-turkey-stage-3-challengers-1-ro64,invalid_match_href
https://www.vlr.gg/event/matches/542/,/23590/kebabmasterz-vs-teta-esports-academy-champions-tour-turkey-stage-3-challengers-1-ro64,invalid_match_href
https://www.vlr.gg/event/matches/542/,/23591/anatolia-esports-vs-ya-musalla-ya-mapus-champions-tour-turkey-stage-3-challengers-1-ro64,invalid_match_href
https://www.vlr.gg/event/matches/542/,/23593/millennium-agency-vs-schatz-champions-tour-turkey-stage-3-challengers-1-ro64,invalid_match_href
https://www.vlr.gg/event/matches/542/,/23594/surreal-esports-vs-itasrum-espor-champions-tour-turkey-stage-3-challengers-1-ro64,invalid_match_href
https://www.vlr.gg/event/matches/542/,/23595/order-66-vs-magnalupus-champions-tour-turkey-stage-3-challengers-1-ro64,invalid_match_href
https://www.vlr.gg/event/matches/542/,/23596/westside-vs-bartenders-champions-tour-turkey-stage-3-challengers-1-ro64,invalid_match_href
https://www.vlr.gg/event/matches/542/,/23597/earn-bear-money-vs-sivasspor-e-spor-champions-tour-turkey-stage-3-challengers-1-ro64,invalid_match_href
https://www.vlr.gg/event/matches/542/,/23598/supermassive-blaze-vs-w-blame-champions-tour-turkey-stage-3-challengers-1-ro64,invalid_match_href
https://www.vlr.gg/event/matches/542/,/23599/xflow-esports-vs-loser-gang-champions-tour-turkey-stage-3-challengers-1-ro64,invalid_match_href
https://www.vlr.gg/event/matches/542/,/23600/lecassit-e-sports-vs-aeterna-victrix-champions-tour-turkey-stage-3-challengers-1-ro64,invalid_match_href
https://www.vlr.gg/event/matches/542/,/23601/alcatraz-vs-5morons-champions-tour-turkey-stage-3-challengers-1-ro64,invalid_match_href
https://www.vlr.gg/event/matches/542/,/23603/abb-ask-espor-vs-vorpal-swords-champions-tour-turkey-stage-3-challengers-1-ro64,invalid_match_href
https://www.vlr.gg/event/matches/542/,/23604/team-aurora-vs-do-something-champions-tour-turkey-stage-3-challengers-1-ro64,invalid_match_href
https://www.vlr.gg/event/matches/542/,/23605/exercitus5-vs-noobsinact1on-champions-tour-turkey-stage-3-challengers-1-ro64,invalid_match_href
https://www.vlr.gg/event/matches/542/,/23606/sahangiller-esports-vs-5moneyless-champions-tour-turkey-stage-3-challengers-1-ro64,invalid_match_href
https://www.vlr.gg/event/matches/542/,/23607/besiktas-esports-vs-1907-fenerbah-e-esport-champions-tour-turkey-stage-3-challengers-1-ro64,invalid_match_href
https://www.vlr.gg/event/matches/542/,/23608/nonamers-vs-raichos-ninjas-champions-tour-turkey-stage-3-challengers-1-ro64,invalid_match_href
https://www.vlr.gg/event/matches/542/,/23609/vin-g-vs-w0wclan-champions-tour-turkey-stage-3-challengers-1-ro64,invalid_match_href
https://www.vlr.gg/event/matches/542/,/23610/thunderbolts-gaming-vs-thunders-champions-tour-turkey-stage-3-challengers-1-ro64,invalid_match_href
https://www.vlr.gg/event/matches/542/,/23611/flashers-vs-artech-esports-champions-tour-turkey-stage-3-challengers-1-ro64,invalid_match_href
https://www.vlr.gg/event/matches/542/,/23612/regnum-carya-esports-vs-pcific-champions-tour-turkey-stage-3-challengers-1-ro64,invalid_match_href
https://www.vlr.gg/event/matches/542/,/23613/dont-throw-vs-bayer-neverlosen-champions-tour-turkey-stage-3-challengers-1-ro64,invalid_match_href
https://www.vlr.gg/event/matches/542/,/23614/outrage-vs-hadi-kanka-esports-champions-tour-turkey-stage-3-challengers-1-ro64,invalid_match_href
https://www.vlr.gg/event/matches/542/,/23615/navy-blue-vs-warningstepz-champions-tour-turkey-stage-3-challengers-1-ro64,invalid_match_href
https://www.vlr.gg/event/matches/542/,/23616/otherside-vs-massivestroke-e-sports-champions-tour-turkey-stage-3-challengers-1-ro64,invalid_match_href
https://www.vlr.gg/event/matches/542/,/23617/unique-vs-evilzone-champions-tour-turkey-stage-3-challengers-1-ro64,invalid_match_href
https://www.vlr.gg/event/matches/542/,/23619/unknownpros-vs-predatory-esports-champions-tour-turkey-stage-3-challengers-1-ro64,invalid_match_href
https://www.vlr.gg/event/matches/542/,/23627/zero-zone-vs-abb-ask-espor-champions-tour-turkey-stage-3-challengers-1-ro32,invalid_match_href
https://www.vlr.gg/event/matches/542/,/23624/westside-vs-sivasspor-e-spor-champions-tour-turkey-stage-3-challengers-1-ro32,invalid_match_href
https://www.vlr.gg/event/matches/542/,/23626/lecassit-e-sports-vs-alcatraz-champions-tour-turkey-stage-3-challengers-1-ro32,invalid_match_href
https://www.vlr.gg/event/matches/542/,/23628/team-aurora-vs-exercitus5-champions-tour-turkey-stage-3-challengers-1-ro32,invalid_match_href
https://www.vlr.gg/event/matches/542/,/23629/sahangiller-esports-vs-besiktas-esports-champions-tour-turkey-stage-3-challengers-1-ro32,invalid_match_href
https://www.vlr.gg/event/matches/542/,/23630/nonamers-vs-vin-g-champions-tour-turkey-stage-3-challengers-1-ro32,invalid_match_href
https://www.vlr.gg/event/matches/542/,/23631/thunderbolts-gaming-vs-artech-esports-champions-tour-turkey-stage-3-challengers-1-ro32,invalid_match_href
https://www.vlr.gg/event/matches/542/,/23632/regnum-carya-esports-vs-bayer-neverlosen-champions-tour-turkey-stage-3-challengers-1-ro32,invalid_match_href
https://www.vlr.gg/event/matches/542/,/23633/outrage-vs-navy-blue-champions-tour-turkey-stage-3-challengers-1-ro32,invalid_match_href
https://www.vlr.gg/event/matches/542/,/23634/otherside-vs-unique-champions-tour-turkey-stage-3-challengers-1-ro32,invalid_match_href
https://www.vlr.gg/event/matches/542/,/23635/kastiralis-vs-unknownpros-champions-tour-turkey-stage-3-challengers-1-ro32,invalid_match_href
https://www.vlr.gg/event/matches/542/,/23620/orgless5-vs-g-vemeorg-champions-tour-turkey-stage-3-challengers-1-ro32,invalid_match_href
https://www.vlr.gg/event/matches/542/,/23621/teta-esports-academy-vs-anatolia-esports-champions-tour-turkey-stage-3-challengers-1-ro32,invalid_match_href
https://www.vlr.gg/event/matches/542/,/23622/fire-flux-esports-vs-schatz-champions-tour-turkey-stage-3-challengers-1-ro32,invalid_match_href
https://www.vlr.gg/event/matches/542/,/23623/surreal-esports-vs-order-66-champions-tour-turkey-stage-3-challengers-1-ro32,invalid_match_href
https://www.vlr.gg/event/matches/542/,/23625/supermassive-blaze-vs-xflow-esports-champions-tour-turkey-stage-3-challengers-1-ro32,invalid_match_href
https://www.vlr.gg/event/matches/542/,/23636/orgless5-vs-anatolia-esports-champions-tour-turkey-stage-3-challengers-1-ro16,invalid_match_href
https://www.vlr.gg/event/matches/542/,/23637/fire-flux-esports-vs-surreal-esports-champions-tour-turkey-stage-3-challengers-1-ro16,invalid_match_href
https://www.vlr.gg/event/matches/542/,/23638/sivasspor-e-spor-vs-supermassive-blaze-champions-tour-turkey-stage-3-challengers-1-ro16,invalid_match_href
https://www.vlr.gg/event/matches/542/,/23639/alcatraz-vs-zero-zone-champions-tour-turkey-stage-3-challengers-1-ro16,invalid_match_href
https://www.vlr.gg/event/matches/542/,/23640/team-aurora-vs-besiktas-esports-champions-tour-turkey-stage-3-challengers-1-ro16,invalid_match_href
https://www.vlr.gg/event/matches/542/,/23641/nonamers-vs-thunderbolts-gaming-champions-tour-turkey-stage-3-challengers-1-ro16,invalid_match_href
https://www.vlr.gg/event/matches/542/,/23642/regnum-carya-esports-vs-outrage-champions-tour-turkey-stage-3-challengers-1-ro16,invalid_match_href
https://www.vlr.gg/event/matches/542/,/23643/otherside-vs-kastiralis-champions-tour-turkey-stage-3-challengers-1-ro16,invalid_match_href
https://www.vlr.gg/event/matches/542/,/24232/galakticos-vs-orgless5-champions-tour-turkey-stage-3-challengers-1-closed-qualifier-uro16,invalid_match_href
https://www.vlr.gg/event/matches/542/,/24233/bbl-esports-vs-fire-flux-esports-champions-tour-turkey-stage-3-challengers-1-closed-qualifier-ur,invalid_match_href
https://www.vlr.gg/event/matches/542/,/24234/unity-esports-vs-supermassive-blaze-champions-tour-turkey-stage-3-challengers-1-closed-qualifier,invalid_match_href
https://www.vlr.gg/event/matches/542/,/24235/kafalar-esports-vs-zero-zone-champions-tour-turkey-stage-3-challengers-1-closed-qualifier-uro16,invalid_match_href
https://www.vlr.gg/event/matches/542/,/24236/rare-esports-vs-team-aurora-champions-tour-turkey-stage-3-challengers-1-closed-qualifier-uro16,invalid_match_href
https://www.vlr.gg/event/matches/542/,/24237/oxygen-esports-vs-thunderbolts-gaming-champions-tour-turkey-stage-3-challengers-1-closed-qualifi,invalid_match_href
https://www.vlr.gg/event/matches/542/,/24238/stanbul-wildcats-vs-regnum-carya-esports-champions-tour-turkey-stage-3-challengers-1-closed-qua,invalid_match_href
https://www.vlr.gg/event/matches/542/,/24239/futbolist-vs-otherside-champions-tour-turkey-stage-3-challengers-1-closed-qualifier-uro16,invalid_match_href
https://www.vlr.gg/event/matches/542/,/24240/galakticos-vs-bbl-esports-champions-tour-turkey-stage-3-challengers-1-closed-qualifier-uqf,invalid_match_href
https://www.vlr.gg/event/matches/542/,/24241/unity-esports-vs-zero-zone-champions-tour-turkey-stage-3-challengers-1-closed-qualifier-uqf,invalid_match_href
https://www.vlr.gg/event/matches/542/,/24242/rare-esports-vs-oxygen-esports-champions-tour-turkey-stage-3-challengers-1-closed-qualifier-uqf,invalid_match_href
https://www.vlr.gg/event/matches/542/,/24243/stanbul-wildcats-vs-futbolist-champions-tour-turkey-stage-3-challengers-1-closed-qualifier-uqf,invalid_match_href
https://www.vlr.gg/event/matches/542/,/24244/orgless5-vs-fire-flux-esports-champions-tour-turkey-stage-3-challengers-1-closed-qualifier-lr1,invalid_match_href
https://www.vlr.gg/event/matches/542/,/24245/supermassive-blaze-vs-kafalar-esports-champions-tour-turkey-stage-3-challengers-1-closed-qualifi,invalid_match_href
https://www.vlr.gg/event/matches/542/,/24246/team-aurora-vs-thunderbolts-gaming-champions-tour-turkey-stage-3-challengers-1-closed-qualifier,invalid_match_href
https://www.vlr.gg/event/matches/542/,/24247/regnum-carya-esports-vs-otherside-champions-tour-turkey-stage-3-challengers-1-closed-qualifier-l,invalid_match_href
https://www.vlr.gg/event/matches/542/,/24248/stanbul-wildcats-vs-fire-flux-esports-champions-tour-turkey-stage-3-challengers-1-closed-qualif,invalid_match_href
https://www.vlr.gg/event/matches/542/,/24249/rare-esports-vs-supermassive-blaze-champions-tour-turkey-stage-3-challengers-1-closed-qualifier,invalid_match_href
https://www.vlr.gg/event/matches/542/,/24250/unity-esports-vs-team-aurora-champions-tour-turkey-stage-3-challengers-1-closed-qualifier-lr2,invalid_match_href
https://www.vlr.gg/event/matches/542/,/24251/galakticos-vs-otherside-champions-tour-turkey-stage-3-challengers-1-closed-qualifier-lr2,invalid_match_href
https://www.vlr.gg/event/matches/542/,/24978/oxygen-esports-vs-fire-flux-esports-champions-tour-turkey-stage-3-challengers-1-ubqf,invalid_match_href
https://www.vlr.gg/event/matches/542/,/24979/zero-zone-vs-supermassive-blaze-champions-tour-turkey-stage-3-challengers-1-ubqf,invalid_match_href
https://www.vlr.gg/event/matches/542/,/24981/futbolist-vs-team-aurora-champions-tour-turkey-stage-3-challengers-1-ubqf,invalid_match_href
https://www.vlr.gg/event/matches/542/,/24980/bbl-esports-vs-otherside-champions-tour-turkey-stage-3-challengers-1-ubqf,invalid_match_href
https://www.vlr.gg/event/matches/542/,/24986/fire-flux-esports-vs-zero-zone-champions-tour-turkey-stage-3-challengers-1-lr1,invalid_match_href
https://www.vlr.gg/event/matches/542/,/24987/otherside-vs-team-aurora-champions-tour-turkey-stage-3-challengers-1-lr1,invalid_match_href
https://www.vlr.gg/event/matches/542/,/24982/oxygen-esports-vs-supermassive-blaze-champions-tour-turkey-stage-3-challengers-1-ubsf,invalid_match_href
https://www.vlr.gg/event/matches/542/,/24983/bbl-esports-vs-futbolist-champions-tour-turkey-stage-3-challengers-1-ubsf,invalid_match_href
https://www.vlr.gg/event/matches/542/,/24989/supermassive-blaze-vs-otherside-champions-tour-turkey-stage-3-challengers-1-lr2,invalid_match_href
https://www.vlr.gg/event/matches/542/,/24988/bbl-esports-vs-fire-flux-esports-champions-tour-turkey-stage-3-challengers-1-lr2,invalid_match_href
https://www.vlr.gg/event/matches/542/,/24984/oxygen-esports-vs-futbolist-champions-tour-turkey-stage-3-challengers-1-ubf,invalid_match_href
https://www.vlr.gg/event/matches/542/,/24990/fire-flux-esports-vs-supermassive-blaze-champions-tour-turkey-stage-3-challengers-1-lr3,invalid_match_href
https://www.vlr.gg/event/matches/542/,/24991/futbolist-vs-supermassive-blaze-champions-tour-turkey-stage-3-challengers-1-lbf,invalid_match_href
https://www.vlr.gg/event/matches/542/,/24985/oxygen-esports-vs-supermassive-blaze-champions-tour-turkey-stage-3-challengers-1-gf,invalid_match_href
https://www.vlr.gg/event/matches/543/,/23484/tyeasy-vs-young-talents-champions-tour-cis-stage-3-challengers-1-ro64,invalid_match_href
https://www.vlr.gg/event/matches/543/,/23485/kanafi-vs-hellons-champions-tour-cis-stage-3-challengers-1-ro64,invalid_match_href
https://www.vlr.gg/event/matches/543/,/23486/ne-priehali-vs-team-sloniki-champions-tour-cis-stage-3-challengers-1-ro64,invalid_match_href
https://www.vlr.gg/event/matches/543/,/23487/born-to-win-vs-mcchicken-champions-tour-cis-stage-3-challengers-1-ro64,invalid_match_href
https://www.vlr.gg/event/matches/543/,/23488/ksenox-vs-trying-to-win-champions-tour-cis-stage-3-challengers-1-ro64,invalid_match_href
https://www.vlr.gg/event/matches/543/,/23489/4ru-1kz-vs-strongunion-champions-tour-cis-stage-3-challengers-1-ro64,invalid_match_href
https://www.vlr.gg/event/matches/543/,/23490/ez-katka-vs-nomads-champions-tour-cis-stage-3-challengers-1-ro64,invalid_match_href
https://www.vlr.gg/event/matches/543/,/23491/olympus-vs-nway-champions-tour-cis-stage-3-challengers-1-ro64,invalid_match_href
https://www.vlr.gg/event/matches/543/,/23492/aspire-vs-ajin-champions-tour-cis-stage-3-challengers-1-ro64,invalid_match_href
https://www.vlr.gg/event/matches/543/,/23493/wedontneedmana-vs-badleg-champions-tour-cis-stage-3-challengers-1-ro64,invalid_match_href
https://www.vlr.gg/event/matches/543/,/23494/purpure-vs-deathwish-champions-tour-cis-stage-3-challengers-1-ro64,invalid_match_href
https://www.vlr.gg/event/matches/543/,/23495/yakuza-vs-formula-1-champions-tour-cis-stage-3-challengers-1-ro64,invalid_match_href
https://www.vlr.gg/event/matches/543/,/23496/vengeance-vs-buykey-champions-tour-cis-stage-3-challengers-1-ro64,invalid_match_href
https://www.vlr.gg/event/matches/543/,/23497/anyway-vs-zxc-gaming-champions-tour-cis-stage-3-challengers-1-ro64,invalid_match_href
https://www.vlr.gg/event/matches/543/,/23498/moscow-five-jr-vs-enraged-champions-tour-cis-stage-3-challengers-1-ro64,invalid_match_href
https://www.vlr.gg/event/matches/543/,/23499/tp-i-2-luza-vs-chill-boys-champions-tour-cis-stage-3-challengers-1-ro64,invalid_match_href
https://www.vlr.gg/event/matches/543/,/23500/1280x960-vs-feelmyhack-champions-tour-cis-stage-3-challengers-1-ro64,invalid_match_href
https://www.vlr.gg/event/matches/543/,/23501/zotix-vs-team-space-champions-tour-cis-stage-3-challengers-1-ro64,invalid_match_href
https://www.vlr.gg/event/matches/543/,/23502/zlg-team-vs-valorantexec-champions-tour-cis-stage-3-challengers-1-ro64,invalid_match_href
https://www.vlr.gg/event/matches/543/,/23503/epq-vs-368-champions-tour-cis-stage-3-challengers-1-ro64,invalid_match_href
https://www.vlr.gg/event/matches/543/,/23504/ztitans-vs-7up-champions-tour-cis-stage-3-challengers-1-ro64,invalid_match_href
https://www.vlr.gg/event/matches/543/,/23505/generation-wonders-vs-nice-one-nice-shoot-champions-tour-cis-stage-3-challengers-1-ro64,invalid_match_href
https://www.vlr.gg/event/matches/543/,/23506/smaracis-esports-vs-future5stars-champions-tour-cis-stage-3-challengers-1-ro64,invalid_match_href
https://www.vlr.gg/event/matches/543/,/23507/987123-vs-hollywood-champions-tour-cis-stage-3-challengers-1-ro64,invalid_match_href
https://www.vlr.gg/event/matches/543/,/23508/exile-esports-vs-event-horizon-champions-tour-cis-stage-3-challengers-1-ro64,invalid_match_href
https://www.vlr.gg/event/matches/543/,/23509/lambada-vs-es1-champions-tour-cis-stage-3-challengers-1-ro64,invalid_match_href
https://www.vlr.gg/event/matches/543/,/23510/no-pressure-vs-noavocado-champions-tour-cis-stage-3-challengers-1-ro64,invalid_match_href
https://www.vlr.gg/event/matches/543/,/23511/1000-7-vs-mbvino-champions-tour-cis-stage-3-challengers-1-ro64,invalid_match_href
https://www.vlr.gg/event/matches/543/,/23512/axsor-vs-just-is-smart-champions-tour-cis-stage-3-challengers-1-ro64,invalid_match_href
https://www.vlr.gg/event/matches/543/,/23513/anbu-vs-que-la-famille-champions-tour-cis-stage-3-challengers-1-ro64,invalid_match_href
https://www.vlr.gg/event/matches/543/,/23514/deja-vu-vs-meme666-champions-tour-cis-stage-3-challengers-1-ro64,invalid_match_href
https://www.vlr.gg/event/matches/543/,/23515/ulugbek-vs-969-gang-champions-tour-cis-stage-3-challengers-1-ro64,invalid_match_href
https://www.vlr.gg/event/matches/543/,/23516/tyeasy-vs-hellons-champions-tour-cis-stage-3-challengers-1-ro32,invalid_match_href
https://www.vlr.gg/event/matches/543/,/23517/team-sloniki-vs-born-to-win-champions-tour-cis-stage-3-challengers-1-ro32,invalid_match_href
https://www.vlr.gg/event/matches/543/,/23518/ksenox-vs-4ru-1kz-champions-tour-cis-stage-3-challengers-1-ro32,invalid_match_href
https://www.vlr.gg/event/matches/543/,/23519/ez-katka-vs-nway-champions-tour-cis-stage-3-challengers-1-ro32,invalid_match_href
https://www.vlr.gg/event/matches/543/,/23520/aspire-vs-badleg-champions-tour-cis-stage-3-challengers-1-ro32,invalid_match_href
https://www.vlr.gg/event/matches/543/,/23521/deathwish-vs-yakuza-champions-tour-cis-stage-3-challengers-1-ro32,invalid_match_href
https://www.vlr.gg/event/matches/543/,/23522/vengeance-vs-anyway-champions-tour-cis-stage-3-challengers-1-ro32,invalid_match_href
https://www.vlr.gg/event/matches/543/,/23523/moscow-five-jr-vs-chill-boys-champions-tour-cis-stage-3-challengers-1-ro32,invalid_match_href
https://www.vlr.gg/event/matches/543/,/23524/1280x960-vs-team-space-champions-tour-cis-stage-3-challengers-1-ro32,invalid_match_href
https://www.vlr.gg/event/matches/543/,/23525/valorantexec-vs-368-champions-tour-cis-stage-3-challengers-1-ro32,invalid_match_href
https://www.vlr.gg/event/matches/543/,/23526/ztitans-vs-generation-wonders-champions-tour-cis-stage-3-challengers-1-ro32,invalid_match_href
https://www.vlr.gg/event/matches/543/,/23527/smaracis-esports-vs-hollywood-champions-tour-cis-stage-3-challengers-1-ro32,invalid_match_href
https://www.vlr.gg/event/matches/543/,/23528/exile-esports-vs-es1-champions-tour-cis-stage-3-challengers-1-ro32,invalid_match_href
https://www.vlr.gg/event/matches/543/,/23529/no-pressure-vs-mbvino-champions-tour-cis-stage-3-challengers-1-ro32,invalid_match_href
https://www.vlr.gg/event/matches/543/,/23530/axsor-vs-que-la-famille-champions-tour-cis-stage-3-challengers-1-ro32,invalid_match_href
https://www.vlr.gg/event/matches/543/,/23531/deja-vu-vs-969-gang-champions-tour-cis-stage-3-challengers-1-ro32,invalid_match_href
https://www.vlr.gg/event/matches/543/,/23532/tyeasy-vs-born-to-win-champions-tour-cis-stage-3-challengers-1-ro16,invalid_match_href
https://www.vlr.gg/event/matches/543/,/23539/axsor-vs-deja-vu-champions-tour-cis-stage-3-challengers-1-ro16,invalid_match_href
https://www.vlr.gg/event/matches/543/,/23533/ksenox-vs-nway-champions-tour-cis-stage-3-challengers-1-ro16,invalid_match_href
https://www.vlr.gg/event/matches/543/,/23534/aspire-vs-deathwish-champions-tour-cis-stage-3-challengers-1-ro16,invalid_match_href
https://www.vlr.gg/event/matches/543/,/23535/vengeance-vs-moscow-five-jr-champions-tour-cis-stage-3-challengers-1-ro16,invalid_match_href
https://www.vlr.gg/event/matches/543/,/23536/1280x960-vs-368-champions-tour-cis-stage-3-challengers-1-ro16,invalid_match_href
https://www.vlr.gg/event/matches/543/,/23537/ztitans-vs-smaracis-esports-champions-tour-cis-stage-3-challengers-1-ro16,invalid_match_href
https://www.vlr.gg/event/matches/543/,/23538/exile-esports-vs-no-pressure-champions-tour-cis-stage-3-challengers-1-ro16,invalid_match_href
https://www.vlr.gg/event/matches/543/,/24118/gmt-esports-vs-tyeasy-champions-tour-cis-stage-3-challengers-1-uro16,invalid_match_href
https://www.vlr.gg/event/matches/543/,/24119/ag-vs-ksenox-champions-tour-cis-stage-3-challengers-1-uro16,invalid_match_href
https://www.vlr.gg/event/matches/543/,/24120/team-singularity-vs-aspire-champions-tour-cis-stage-3-challengers-1-uro16,invalid_match_href
https://www.vlr.gg/event/matches/543/,/24122/aim-attack-vs-1280x960-champions-tour-cis-stage-3-challengers-1-uro16,invalid_match_href
https://www.vlr.gg/event/matches/543/,/24123/one-breath-gaming-vs-smaracis-esports-champions-tour-cis-stage-3-challengers-1-uro16,invalid_match_href
https://www.vlr.gg/event/matches/543/,/24124/divinity-vs-no-pressure-champions-tour-cis-stage-3-challengers-1-uro16,invalid_match_href
https://www.vlr.gg/event/matches/543/,/24125/gambit-esports-vs-axsor-champions-tour-cis-stage-3-challengers-1-uro16,invalid_match_href
https://www.vlr.gg/event/matches/543/,/24121/forze-vs-vengeance-champions-tour-cis-stage-3-challengers-1-uro16,invalid_match_href
https://www.vlr.gg/event/matches/543/,/24126/gmt-esports-vs-ag-champions-tour-cis-stage-3-challengers-1-uqf,invalid_match_href
https://www.vlr.gg/event/matches/543/,/24130/tyeasy-vs-ksenox-champions-tour-cis-stage-3-challengers-1-lr1,invalid_match_href
https://www.vlr.gg/event/matches/543/,/24129/no-pressure-vs-gambit-esports-champions-tour-cis-stage-3-challengers-1-uqf,invalid_match_href
https://www.vlr.gg/event/matches/543/,/24127/team-singularity-vs-forze-champions-tour-cis-stage-3-challengers-1-uqf,invalid_match_href
https://www.vlr.gg/event/matches/543/,/24128/aim-attack-vs-one-breath-gaming-champions-tour-cis-stage-3-challengers-1-uqf,invalid_match_href
https://www.vlr.gg/event/matches/543/,/24131/aspire-vs-vengeance-champions-tour-cis-stage-3-challengers-1-lr1,invalid_match_href
https://www.vlr.gg/event/matches/543/,/24132/1280x960-vs-smaracis-esports-champions-tour-cis-stage-3-challengers-1-lr1,invalid_match_href
https://www.vlr.gg/event/matches/543/,/24133/divinity-vs-axsor-champions-tour-cis-stage-3-challengers-1-lr1,invalid_match_href
https://www.vlr.gg/event/matches/543/,/24134/no-pressure-vs-tyeasy-champions-tour-cis-stage-3-challengers-1-lr2,invalid_match_href
https://www.vlr.gg/event/matches/543/,/24136/aim-attack-vs-vengeance-champions-tour-cis-stage-3-challengers-1-lr2,invalid_match_href
https://www.vlr.gg/event/matches/543/,/24135/team-singularity-vs-smaracis-esports-champions-tour-cis-stage-3-challengers-1-lr2,invalid_match_href
https://www.vlr.gg/event/matches/543/,/24137/ag-vs-axsor-champions-tour-cis-stage-3-challengers-1-lr2,invalid_match_href
https://www.vlr.gg/event/matches/543/,/24964/one-breath-gaming-vs-no-pressure-champions-tour-cis-stage-3-challengers-1-ubqf,invalid_match_href
https://www.vlr.gg/event/matches/543/,/24965/forze-vs-aim-attack-champions-tour-cis-stage-3-challengers-1-ubqf,invalid_match_href
https://www.vlr.gg/event/matches/543/,/24966/gambit-esports-vs-team-singularity-champions-tour-cis-stage-3-challengers-1-ubqf,invalid_match_href
https://www.vlr.gg/event/matches/543/,/24967/gmt-esports-vs-axsor-champions-tour-cis-stage-3-challengers-1-ubqf,invalid_match_href
https://www.vlr.gg/event/matches/543/,/24972/one-breath-gaming-vs-aim-attack-champions-tour-cis-stage-3-challengers-1-lr1,invalid_match_href
https://www.vlr.gg/event/matches/543/,/24973/team-singularity-vs-gmt-esports-champions-tour-cis-stage-3-challengers-1-lr1,invalid_match_href
https://www.vlr.gg/event/matches/543/,/24968/no-pressure-vs-forze-champions-tour-cis-stage-3-challengers-1-ubsf,invalid_match_href
https://www.vlr.gg/event/matches/543/,/24969/gambit-esports-vs-axsor-champions-tour-cis-stage-3-challengers-1-ubsf,invalid_match_href
https://www.vlr.gg/event/matches/543/,/24974/axsor-vs-one-breath-gaming-champions-tour-cis-stage-3-challengers-1-lr2,invalid_match_href
https://www.vlr.gg/event/matches/543/,/24975/forze-vs-team-singularity-champions-tour-cis-stage-3-challengers-1-lr2,invalid_match_href
https://www.vlr.gg/event/matches/543/,/24970/no-pressure-vs-gambit-esports-champions-tour-cis-stage-3-challengers-1-ubf,invalid_match_href
https://www.vlr.gg/event/matches/543/,/24976/one-breath-gaming-vs-forze-champions-tour-cis-stage-3-challengers-1-lr3,invalid_match_href
https://www.vlr.gg/event/matches/543/,/24977/no-pressure-vs-forze-champions-tour-cis-stage-3-challengers-1-lbf,invalid_match_href
https://www.vlr.gg/event/matches/543/,/24971/gambit-esports-vs-no-pressure-champions-tour-cis-stage-3-challengers-1-gf,invalid_match_href
https://www.vlr.gg/event/matches/353/,/19071/fnatic-vs-kr-esports-valorant-champions-tour-stage-2-masters-reykjavik-main-event-ur1,invalid_match_href
https://www.vlr.gg/event/matches/353/,/19072/version1-vs-crazy-raccoon-valorant-champions-tour-stage-2-masters-reykjavik-main-event-ur1,invalid_match_href
https://www.vlr.gg/event/matches/353/,/19075/sharks-esports-vs-nuturn-valorant-champions-tour-stage-2-masters-reykjavik-main-event-ubqf,invalid_match_href
https://www.vlr.gg/event/matches/353/,/19074/team-vikings-vs-x10-esports-valorant-champions-tour-stage-2-masters-reykjavik-main-event-ubqf,invalid_match_href
https://www.vlr.gg/event/matches/353/,/19076/team-liquid-vs-version1-valorant-champions-tour-stage-2-masters-reykjavik-main-event-ubqf,invalid_match_href
https://www.vlr.gg/event/matches/353/,/19073/sentinels-vs-fnatic-valorant-champions-tour-stage-2-masters-reykjavik-main-event-ubqf,invalid_match_href
https://www.vlr.gg/event/matches/353/,/19081/x10-esports-vs-crazy-raccoon-valorant-champions-tour-stage-2-masters-reykjavik-main-event-lr1,invalid_match_href
https://www.vlr.gg/event/matches/353/,/19082/sharks-esports-vs-kr-esports-valorant-champions-tour-stage-2-masters-reykjavik-main-event-lr1,invalid_match_href
https://www.vlr.gg/event/matches/353/,/19078/sentinels-vs-team-vikings-valorant-champions-tour-stage-2-masters-reykjavik-main-event-ubsf,invalid_match_href
https://www.vlr.gg/event/matches/353/,/19079/version1-vs-nuturn-valorant-champions-tour-stage-2-masters-reykjavik-main-event-ubsf,invalid_match_href
https://www.vlr.gg/event/matches/353/,/19083/fnatic-vs-x10-esports-valorant-champions-tour-stage-2-masters-reykjavik-main-event-lr2,invalid_match_href
https://www.vlr.gg/event/matches/353/,/19084/team-liquid-vs-kr-esports-valorant-champions-tour-stage-2-masters-reykjavik-main-event-lr2,invalid_match_href
https://www.vlr.gg/event/matches/353/,/19085/version1-vs-fnatic-valorant-champions-tour-stage-2-masters-reykjavik-main-event-lr3,invalid_match_href
https://www.vlr.gg/event/matches/353/,/19086/team-vikings-vs-team-liquid-valorant-champions-tour-stage-2-masters-reykjavik-main-event-lr3,invalid_match_href
https://www.vlr.gg/event/matches/353/,/19080/sentinels-vs-nuturn-valorant-champions-tour-stage-2-masters-reykjavik-main-event-ubf,invalid_match_href
https://www.vlr.gg/event/matches/353/,/19087/fnatic-vs-team-liquid-valorant-champions-tour-stage-2-masters-reykjavik-main-event-lr4,invalid_match_href
https://www.vlr.gg/event/matches/353/,/19088/nuturn-vs-fnatic-valorant-champions-tour-stage-2-masters-reykjavik-main-event-lbf,invalid_match_href
https://www.vlr.gg/event/matches/353/,/19089/sentinels-vs-fnatic-valorant-champions-tour-stage-2-masters-reykjavik-main-event-gf,invalid_match_href
https://www.vlr.gg/event/matches/477/,/18949/lusail-esports-vs-eagles-esports-strike-arabia-league-season-1-r4,invalid_match_href
https://www.vlr.gg/event/matches/477/,/18950/digger-esports-vs-tuwaiq-esports-club-strike-arabia-league-season-1-r4,invalid_match_href
https://www.vlr.gg/event/matches/477/,/18951/fraggerz-vs-alpha-strike-arabia-league-season-1-r4,invalid_match_href
https://www.vlr.gg/event/matches/477/,/18952/piercer-esports-vs-yalla-esports-strike-arabia-league-season-1-r4,invalid_match_href
https://www.vlr.gg/event/matches/477/,/19019/anubis-gaming-vs-team-majesty-strike-arabia-league-season-1-r3,invalid_match_href
https://www.vlr.gg/event/matches/477/,/19020/team-raad-vs-poision-clan-strike-arabia-league-season-1-r3,invalid_match_href
https://www.vlr.gg/event/matches/477/,/19021/e9-esports-vs-one-shot-esports-strike-arabia-league-season-1-r3,invalid_match_href
https://www.vlr.gg/event/matches/477/,/19022/team-gravity-vs-la7zag-esports-strike-arabia-league-season-1-r3,invalid_match_href
https://www.vlr.gg/event/matches/477/,/18959/lusail-esports-vs-fraggerz-strike-arabia-league-season-1-r2,invalid_match_href
https://www.vlr.gg/event/matches/477/,/18960/piercer-esports-vs-digger-esports-strike-arabia-league-season-1-r2,invalid_match_href
https://www.vlr.gg/event/matches/477/,/18961/yalla-esports-vs-eagles-esports-strike-arabia-league-season-1-r2,invalid_match_href
https://www.vlr.gg/event/matches/477/,/18962/alpha-vs-tuwaiq-esports-club-strike-arabia-league-season-1-r2,invalid_match_href
https://www.vlr.gg/event/matches/477/,/19011/anubis-gaming-vs-e9-esports-strike-arabia-league-season-1-r1,invalid_match_href
https://www.vlr.gg/event/matches/477/,/19012/team-gravity-vs-team-raad-strike-arabia-league-season-1-r1,invalid_match_href
https://www.vlr.gg/event/matches/477/,/19013/la7zag-esports-vs-team-majesty-strike-arabia-league-season-1-r1,invalid_match_href
https://www.vlr.gg/event/matches/477/,/19014/one-shot-esports-vs-poision-clan-strike-arabia-league-season-1-r1,invalid_match_href
https://www.vlr.gg/event/matches/477/,/18963/lusail-esports-vs-digger-esports-strike-arabia-league-season-1-r3,invalid_match_href
https://www.vlr.gg/event/matches/477/,/18964/fraggerz-vs-eagles-esports-strike-arabia-league-season-1-r3,invalid_match_href
https://www.vlr.gg/event/matches/477/,/18965/piercer-esports-vs-tuwaiq-esports-club-strike-arabia-league-season-1-r3,invalid_match_href
https://www.vlr.gg/event/matches/477/,/18966/yalla-esports-vs-alpha-strike-arabia-league-season-1-r3,invalid_match_href
https://www.vlr.gg/event/matches/477/,/19039/team-majesty-vs-poision-clan-strike-arabia-league-season-1-r8,invalid_match_href
https://www.vlr.gg/event/matches/477/,/19040/team-raad-vs-one-shot-esports-strike-arabia-league-season-1-r8,invalid_match_href
https://www.vlr.gg/event/matches/477/,/19041/e9-esports-vs-la7zag-esports-strike-arabia-league-season-1-r8,invalid_match_href
https://www.vlr.gg/event/matches/477/,/19042/team-gravity-vs-anubis-gaming-strike-arabia-league-season-1-r8,invalid_match_href
https://www.vlr.gg/event/matches/477/,/18955/lusail-esports-vs-piercer-esports-strike-arabia-league-season-1-r1,invalid_match_href
https://www.vlr.gg/event/matches/477/,/18956/yalla-esports-vs-fraggerz-strike-arabia-league-season-1-r1,invalid_match_href
https://www.vlr.gg/event/matches/477/,/18957/alpha-vs-digger-esports-strike-arabia-league-season-1-r1,invalid_match_href
https://www.vlr.gg/event/matches/477/,/18958/tuwaiq-esports-club-vs-eagles-esports-strike-arabia-league-season-1-r1,invalid_match_href
https://www.vlr.gg/event/matches/477/,/19023/anubis-gaming-vs-poision-clan-strike-arabia-league-season-1-r4,invalid_match_href
https://www.vlr.gg/event/matches/477/,/19024/team-majesty-vs-one-shot-esports-strike-arabia-league-season-1-r4,invalid_match_href
https://www.vlr.gg/event/matches/477/,/19025/team-raad-vs-la7zag-esports-strike-arabia-league-season-1-r4,invalid_match_href
https://www.vlr.gg/event/matches/477/,/19026/e9-esports-vs-team-gravity-strike-arabia-league-season-1-r4,invalid_match_href
https://www.vlr.gg/event/matches/477/,/18967/lusail-esports-vs-tuwaiq-esports-club-strike-arabia-league-season-1-r5,invalid_match_href
https://www.vlr.gg/event/matches/477/,/18969/digger-esports-vs-yalla-esports-strike-arabia-league-season-1-r5,invalid_match_href
https://www.vlr.gg/event/matches/477/,/18970/fraggerz-vs-piercer-esports-strike-arabia-league-season-1-r5,invalid_match_href
https://www.vlr.gg/event/matches/477/,/19027/anubis-gaming-vs-one-shot-esports-strike-arabia-league-season-1-r5,invalid_match_href
https://www.vlr.gg/event/matches/477/,/19028/poison-clan-vs-la7zag-esports-strike-arabia-league-season-1-r5,invalid_match_href
https://www.vlr.gg/event/matches/477/,/19029/team-majesty-vs-team-gravity-strike-arabia-league-season-1-r5,invalid_match_href
https://www.vlr.gg/event/matches/477/,/19030/team-raad-vs-e9-esports-strike-arabia-league-season-1-r5,invalid_match_href
https://www.vlr.gg/event/matches/477/,/18971/lusail-esports-vs-alpha-strike-arabia-league-season-1-r6,invalid_match_href
https://www.vlr.gg/event/matches/477/,/18972/tuwaiq-esports-club-vs-yalla-esports-strike-arabia-league-season-1-r6,invalid_match_href
https://www.vlr.gg/event/matches/477/,/18973/eagles-esports-vs-piercer-esports-strike-arabia-league-season-1-r6,invalid_match_href
https://www.vlr.gg/event/matches/477/,/18974/digger-esports-vs-fraggerz-strike-arabia-league-season-1-r6,invalid_match_href
https://www.vlr.gg/event/matches/477/,/19031/anubis-gaming-vs-la7zag-esports-strike-arabia-league-season-1-r6,invalid_match_href
https://www.vlr.gg/event/matches/477/,/19033/poison-clan-vs-e9-esports-strike-arabia-league-season-1-r6,invalid_match_href
https://www.vlr.gg/event/matches/477/,/19034/team-majesty-vs-team-raad-strike-arabia-league-season-1-r6,invalid_match_href
https://www.vlr.gg/event/matches/477/,/18975/lusail-esports-vs-yalla-esports-strike-arabia-league-season-1-r7,invalid_match_href
https://www.vlr.gg/event/matches/477/,/18976/alpha-vs-piercer-esports-strike-arabia-league-season-1-r7,invalid_match_href
https://www.vlr.gg/event/matches/477/,/18977/tuwaiq-esports-club-vs-fraggerz-strike-arabia-league-season-1-r7,invalid_match_href
https://www.vlr.gg/event/matches/477/,/18978/eagles-esports-vs-digger-esports-strike-arabia-league-season-1-r7,invalid_match_href
https://www.vlr.gg/event/matches/477/,/19035/anubis-gaming-vs-team-gravity-strike-arabia-league-season-1-r7,invalid_match_href
https://www.vlr.gg/event/matches/477/,/19036/la7zag-esports-vs-e9-esports-strike-arabia-league-season-1-r7,invalid_match_href
https://www.vlr.gg/event/matches/477/,/19037/one-shot-esports-vs-team-raad-strike-arabia-league-season-1-r7,invalid_match_href
https://www.vlr.gg/event/matches/477/,/19038/poison-clan-vs-team-majesty-strike-arabia-league-season-1-r7,invalid_match_href
https://www.vlr.gg/event/matches/477/,/18993/yalla-esports-vs-piercer-esports-strike-arabia-league-season-1-r11,invalid_match_href
https://www.vlr.gg/event/matches/477/,/18994/alpha-vs-fraggerz-strike-arabia-league-season-1-r11,invalid_match_href
https://www.vlr.gg/event/matches/477/,/18995/tuwaiq-esports-club-vs-digger-esports-strike-arabia-league-season-1-r11,invalid_match_href
https://www.vlr.gg/event/matches/477/,/18996/eagles-esports-vs-lusail-esports-strike-arabia-league-season-1-r11,invalid_match_href
https://www.vlr.gg/event/matches/477/,/19015/anubis-gaming-vs-team-raad-strike-arabia-league-season-1-r2,invalid_match_href
https://www.vlr.gg/event/matches/477/,/19016/e9-esports-vs-team-majesty-strike-arabia-league-season-1-r2,invalid_match_href
https://www.vlr.gg/event/matches/477/,/19017/team-gravity-vs-poison-clan-strike-arabia-league-season-1-r2,invalid_match_href
https://www.vlr.gg/event/matches/477/,/19018/la7zag-esports-vs-one-shot-esports-strike-arabia-league-season-1-r2,invalid_match_href
https://www.vlr.gg/event/matches/477/,/18979/digger-esports-vs-eagles-esports-strike-arabia-league-season-1-r8,invalid_match_href
https://www.vlr.gg/event/matches/477/,/18980/fraggerz-vs-tuwaiq-esports-club-strike-arabia-league-season-1-r8,invalid_match_href
https://www.vlr.gg/event/matches/477/,/18981/piercer-esports-vs-alpha-strike-arabia-league-season-1-r8,invalid_match_href
https://www.vlr.gg/event/matches/477/,/18982/yalla-esports-vs-lusail-esports-strike-arabia-league-season-1-r8,invalid_match_href
https://www.vlr.gg/event/matches/477/,/19043/team-raad-vs-team-majesty-strike-arabia-league-season-1-r9,invalid_match_href
https://www.vlr.gg/event/matches/477/,/19044/e9-esports-vs-poison-clan-strike-arabia-league-season-1-r9,invalid_match_href
https://www.vlr.gg/event/matches/477/,/19045/team-gravity-vs-one-shot-esports-strike-arabia-league-season-1-r9,invalid_match_href
https://www.vlr.gg/event/matches/477/,/19046/la7zag-esports-vs-anubis-gaming-strike-arabia-league-season-1-r9,invalid_match_href
https://www.vlr.gg/event/matches/477/,/19001/tuwaiq-esports-club-vs-alpha-strike-arabia-league-season-1-r13,invalid_match_href
https://www.vlr.gg/event/matches/477/,/19002/eagles-esports-vs-yalla-esports-strike-arabia-league-season-1-r13,invalid_match_href
https://www.vlr.gg/event/matches/477/,/19003/digger-esports-vs-piercer-esports-strike-arabia-league-season-1-r13,invalid_match_href
https://www.vlr.gg/event/matches/477/,/19004/fraggerz-vs-lusail-esports-strike-arabia-league-season-1-r13,invalid_match_href
https://www.vlr.gg/event/matches/477/,/19055/la7zag-esports-vs-team-gravity-strike-arabia-league-season-1-r12,invalid_match_href
https://www.vlr.gg/event/matches/477/,/19056/one-shot-esports-vs-e9-esports-strike-arabia-league-season-1-r12,invalid_match_href
https://www.vlr.gg/event/matches/477/,/19057/poison-clan-vs-team-raad-strike-arabia-league-season-1-r12,invalid_match_href
https://www.vlr.gg/event/matches/477/,/19058/team-majesty-vs-anubis-gaming-strike-arabia-league-season-1-r12,invalid_match_href
https://www.vlr.gg/event/matches/477/,/18983/fraggerz-vs-digger-esports-strike-arabia-league-season-1-r9,invalid_match_href
https://www.vlr.gg/event/matches/477/,/18984/piercer-esports-vs-eagles-esports-strike-arabia-league-season-1-r9,invalid_match_href
https://www.vlr.gg/event/matches/477/,/18985/yalla-esports-vs-tuwaiq-esports-club-strike-arabia-league-season-1-r9,invalid_match_href
https://www.vlr.gg/event/matches/477/,/18986/alpha-vs-lusail-esports-strike-arabia-league-season-1-r9,invalid_match_href
https://www.vlr.gg/event/matches/477/,/19047/e9sports-vs-team-raad-strike-arabia-league-season-1-r10,invalid_match_href
https://www.vlr.gg/event/matches/477/,/19048/team-gravity-vs-team-majesty-strike-arabia-league-season-1-r10,invalid_match_href
https://www.vlr.gg/event/matches/477/,/19049/la7zag-esports-vs-poison-clan-strike-arabia-league-season-1-r10,invalid_match_href
https://www.vlr.gg/event/matches/477/,/19050/one-shot-esports-vs-anubis-gaming-strike-arabia-league-season-1-r10,invalid_match_href
https://www.vlr.gg/event/matches/477/,/18997/alpha-vs-yalla-esports-strike-arabia-league-season-1-r12,invalid_match_href
https://www.vlr.gg/event/matches/477/,/18998/tuwaiq-esports-club-vs-piercer-esports-strike-arabia-league-season-1-r12,invalid_match_href
https://www.vlr.gg/event/matches/477/,/18999/eagles-esports-vs-fraggerz-strike-arabia-league-season-1-r12,invalid_match_href
https://www.vlr.gg/event/matches/477/,/19000/digger-esports-vs-lusail-esports-strike-arabia-league-season-1-r12,invalid_match_href
https://www.vlr.gg/event/matches/477/,/19063/poison-clan-vs-one-shot-esports-strike-arabia-league-season-1-r14,invalid_match_href
https://www.vlr.gg/event/matches/477/,/19064/team-majesty-vs-la7zag-esports-strike-arabia-league-season-1-r14,invalid_match_href
https://www.vlr.gg/event/matches/477/,/19065/team-raad-vs-team-gravity-strike-arabia-league-season-1-r14,invalid_match_href
https://www.vlr.gg/event/matches/477/,/19066/e9sports-vs-anubis-gaming-strike-arabia-league-season-1-r14,invalid_match_href
https://www.vlr.gg/event/matches/477/,/18989/piercer-esports-vs-fraggerz-strike-arabia-league-season-1-r10,invalid_match_href
https://www.vlr.gg/event/matches/477/,/18990/yalla-esports-vs-digger-esports-strike-arabia-league-season-1-r10,invalid_match_href
https://www.vlr.gg/event/matches/477/,/18992/tuwaiq-esports-club-vs-lusail-esports-strike-arabia-league-season-1-r10,invalid_match_href
https://www.vlr.gg/event/matches/477/,/19051/team-gravity-vs-e9sports-strike-arabia-league-season-1-r11,invalid_match_href
https://www.vlr.gg/event/matches/477/,/19052/la7zag-esports-vs-team-raad-strike-arabia-league-season-1-r11,invalid_match_href
https://www.vlr.gg/event/matches/477/,/19053/one-shot-esports-vs-team-majesty-strike-arabia-league-season-1-r11,invalid_match_href
https://www.vlr.gg/event/matches/477/,/19054/poison-clan-vs-anubis-gaming-strike-arabia-league-season-1-r11,invalid_match_href
https://www.vlr.gg/event/matches/477/,/19005/eagles-esports-vs-tuwaiq-esports-club-strike-arabia-league-season-1-r14,invalid_match_href
https://www.vlr.gg/event/matches/477/,/19006/digger-esports-vs-alpha-strike-arabia-league-season-1-r14,invalid_match_href
https://www.vlr.gg/event/matches/477/,/19007/fraggerz-vs-yalla-esports-strike-arabia-league-season-1-r14,invalid_match_href
https://www.vlr.gg/event/matches/477/,/19008/piercer-esports-vs-lusail-esports-strike-arabia-league-season-1-r14,invalid_match_href
https://www.vlr.gg/event/matches/477/,/19059/one-shot-esports-vs-la7zag-esports-strike-arabia-league-season-1-r13,invalid_match_href
https://www.vlr.gg/event/matches/477/,/19060/poison-clan-vs-team-gravity-strike-arabia-league-season-1-r13,invalid_match_href
https://www.vlr.gg/event/matches/477/,/19061/team-majesty-vs-e9sports-strike-arabia-league-season-1-r13,invalid_match_href
https://www.vlr.gg/event/matches/477/,/19062/team-raad-vs-anubis-gaming-strike-arabia-league-season-1-r13,invalid_match_href
https://www.vlr.gg/event/matches/376/,/16824/funplus-phoenix-vs-gambit-esports-champions-tour-stage-2-emea-challengers-playoffs-opening-a,invalid_match_href
https://www.vlr.gg/event/matches/376/,/16829/bbl-esports-vs-team-liquid-champions-tour-stage-2-emea-challengers-playoffs-opening-b,invalid_match_href
https://www.vlr.gg/event/matches/376/,/16825/fnatic-vs-oxygen-esports-champions-tour-stage-2-emea-challengers-playoffs-opening-a,invalid_match_href
https://www.vlr.gg/event/matches/376/,/16830/futbolist-vs-guild-esports-champions-tour-stage-2-emea-challengers-playoffs-opening-b,invalid_match_href
https://www.vlr.gg/event/matches/376/,/16827/gambit-esports-vs-bbl-esports-champions-tour-stage-2-emea-challengers-playoffs-elimination-a,invalid_match_href
https://www.vlr.gg/event/matches/376/,/16832/oxygen-esports-vs-futbolist-champions-tour-stage-2-emea-challengers-playoffs-elimination-b,invalid_match_href
https://www.vlr.gg/event/matches/376/,/16826/funplus-phoenix-vs-team-liquid-champions-tour-stage-2-emea-challengers-playoffs-winners-a,invalid_match_href
https://www.vlr.gg/event/matches/376/,/16831/fnatic-vs-guild-esports-champions-tour-stage-2-emea-challengers-playoffs-winners-b,invalid_match_href
https://www.vlr.gg/event/matches/376/,/16833/guild-esports-vs-oxygen-esports-champions-tour-stage-2-emea-challengers-playoffs-decider-b,invalid_match_href
https://www.vlr.gg/event/matches/376/,/16828/funplus-phoenix-vs-gambit-esports-champions-tour-stage-2-emea-challengers-playoffs-decider-a,invalid_match_href
https://www.vlr.gg/event/matches/376/,/16834/team-liquid-vs-oxygen-esports-champions-tour-stage-2-emea-challengers-playoffs-sf,invalid_match_href
https://www.vlr.gg/event/matches/376/,/16835/fnatic-vs-gambit-esports-champions-tour-stage-2-emea-challengers-playoffs-sf,invalid_match_href
https://www.vlr.gg/event/matches/376/,/16836/team-liquid-vs-fnatic-champions-tour-stage-2-emea-challengers-playoffs-gf,invalid_match_href
https://www.vlr.gg/event/matches/423/,/16603/olympus-vs-flashpoint-strike-arabia-championship-season-1-ubqf,invalid_match_href
https://www.vlr.gg/event/matches/423/,/16604/eternals-vs-el-bdoon-strike-arabia-championship-season-1-ubqf,invalid_match_href
https://www.vlr.gg/event/matches/423/,/16605/the-bridge-vs-yalla-esports-strike-arabia-championship-season-1-ubqf,invalid_match_href
https://www.vlr.gg/event/matches/423/,/16606/team-duelist-vs-new-genesis-esports-strike-arabia-championship-season-1-ubqf,invalid_match_href
https://www.vlr.gg/event/matches/423/,/16589/baited-vs-hardstuck-strike-arabia-championship-season-1-ubqf,invalid_match_href
https://www.vlr.gg/event/matches/423/,/16590/cairo-city-gzzz-vs-b13-strike-arabia-championship-season-1-ubqf,invalid_match_href
https://www.vlr.gg/event/matches/423/,/16592/freeagentz-vs-dark-tempest-strike-arabia-championship-season-1-ubqf,invalid_match_href
https://www.vlr.gg/event/matches/423/,/16591/anubis-gaming-vs-nasr-esports-strike-arabia-championship-season-1-ubqf,invalid_match_href
https://www.vlr.gg/event/matches/423/,/16575/alterfox-esports-vs-fox-gaming-strike-arabia-championship-season-1-ubqf,invalid_match_href
https://www.vlr.gg/event/matches/423/,/16576/invaders-vs-exality-strike-arabia-championship-season-1-ubqf,invalid_match_href
https://www.vlr.gg/event/matches/423/,/16577/one-shot-esports-vs-guccigang-strike-arabia-championship-season-1-ubqf,invalid_match_href
https://www.vlr.gg/event/matches/423/,/16578/e9-esports-vs-team-lightning-strike-arabia-championship-season-1-ubqf,invalid_match_href
https://www.vlr.gg/event/matches/423/,/16607/olympus-vs-el-bdoon-strike-arabia-championship-season-1-ubsf,invalid_match_href
https://www.vlr.gg/event/matches/423/,/16608/yalla-esports-vs-team-duelist-strike-arabia-championship-season-1-ubsf,invalid_match_href
https://www.vlr.gg/event/matches/423/,/16593/hardstuck-vs-cairo-city-gzzz-strike-arabia-championship-season-1-ubsf,invalid_match_href
https://www.vlr.gg/event/matches/423/,/16594/nasr-esports-vs-freeagentz-strike-arabia-championship-season-1-ubsf,invalid_match_href
https://www.vlr.gg/event/matches/423/,/16579/fox-gaming-vs-invaders-strike-arabia-championship-season-1-ubsf,invalid_match_href
https://www.vlr.gg/event/matches/423/,/16580/guccigang-vs-e9-esports-strike-arabia-championship-season-1-ubsf,invalid_match_href
https://www.vlr.gg/event/matches/423/,/16610/flashpoint-vs-eternals-strike-arabia-championship-season-1-lbr1,invalid_match_href
https://www.vlr.gg/event/matches/423/,/16611/the-bridge-vs-new-genesis-esports-strike-arabia-championship-season-1-lbr1,invalid_match_href
https://www.vlr.gg/event/matches/423/,/16596/baited-vs-b13-strike-arabia-championship-season-1-lbr1,invalid_match_href
https://www.vlr.gg/event/matches/423/,/16597/anubis-gaming-vs-dark-tempest-strike-arabia-championship-season-1-lbr1,invalid_match_href
https://www.vlr.gg/event/matches/423/,/16582/alterfox-esports-vs-exality-strike-arabia-championship-season-1-lbr1,invalid_match_href
https://www.vlr.gg/event/matches/423/,/16583/one-shot-esports-vs-team-lightning-strike-arabia-championship-season-1-lbr1,invalid_match_href
https://www.vlr.gg/event/matches/423/,/16612/yalla-esports-vs-flashpoint-strike-arabia-championship-season-1-lbr2,invalid_match_href
https://www.vlr.gg/event/matches/423/,/16613/el-bdoon-vs-the-bridge-strike-arabia-championship-season-1-lbr2,invalid_match_href
https://www.vlr.gg/event/matches/423/,/16598/freeagentz-vs-b13-strike-arabia-championship-season-1-lbr2,invalid_match_href
https://www.vlr.gg/event/matches/423/,/16599/hardstuck-vs-anubis-gaming-strike-arabia-championship-season-1-lbr2,invalid_match_href
https://www.vlr.gg/event/matches/423/,/16584/e9-esports-vs-exality-strike-arabia-championship-season-1-lbr2,invalid_match_href
https://www.vlr.gg/event/matches/423/,/16585/invaders-vs-team-lightning-strike-arabia-championship-season-1-lbr2,invalid_match_href
https://www.vlr.gg/event/matches/423/,/16600/freeagentz-vs-anubis-gaming-strike-arabia-championship-season-1-lbr3,invalid_match_href
https://www.vlr.gg/event/matches/423/,/16614/yalla-esports-vs-el-bdoon-strike-arabia-championship-season-1-lbr3,invalid_match_href
https://www.vlr.gg/event/matches/423/,/16586/e9-esports-vs-team-lightning-strike-arabia-championship-season-1-lbr3,invalid_match_href
https://www.vlr.gg/event/matches/423/,/16609/olympus-vs-team-duelist-strike-arabia-championship-season-1-ubf,invalid_match_href
https://www.vlr.gg/event/matches/423/,/16595/cairo-city-gzzz-vs-nasr-esports-strike-arabia-championship-season-1-ubf,invalid_match_href
https://www.vlr.gg/event/matches/423/,/16581/fox-gaming-vs-guccigang-strike-arabia-championship-season-1-ubf,invalid_match_href
https://www.vlr.gg/event/matches/423/,/16615/olympus-vs-yalla-esports-strike-arabia-championship-season-1-lbf,invalid_match_href
https://www.vlr.gg/event/matches/423/,/16601/cairo-city-gzzz-vs-anubis-gaming-strike-arabia-championship-season-1-lbf,invalid_match_href
https://www.vlr.gg/event/matches/423/,/16587/guccigang-vs-team-lightning-strike-arabia-championship-season-1-lbf,invalid_match_href
https://www.vlr.gg/event/matches/423/,/16616/team-duelist-vs-yalla-esports-strike-arabia-championship-season-1-gf,invalid_match_href
https://www.vlr.gg/event/matches/423/,/16602/nasr-esports-vs-anubis-gaming-strike-arabia-championship-season-1-gf,invalid_match_href
https://www.vlr.gg/event/matches/423/,/16588/fox-gaming-vs-team-lightning-strike-arabia-championship-season-1-gf,invalid_match_href
https://www.vlr.gg/event/matches/375/,/15964/doublecross-academy-vs-flashdash-champions-tour-europe-stage-2-challengers-2-ro256,invalid_match_href
https://www.vlr.gg/event/matches/375/,/15989/dreamwalker-vs-pact-champions-tour-europe-stage-2-challengers-2-ro256,invalid_match_href
https://www.vlr.gg/event/matches/375/,/15865/raute-1-vs-4ihnk-champions-tour-europe-stage-2-challengers-2-ro256,invalid_match_href
https://www.vlr.gg/event/matches/375/,/15866/team-underage-vs-aesir-esports-champions-tour-europe-stage-2-challengers-2-ro256,invalid_match_href
https://www.vlr.gg/event/matches/375/,/15867/gymbeam-rytmus10-vs-salade-sun-champions-tour-europe-stage-2-challengers-2-ro256,invalid_match_href
https://www.vlr.gg/event/matches/375/,/15869/project-conquerors-vs-ldv-esports-champions-tour-europe-stage-2-challengers-2-ro256,invalid_match_href
https://www.vlr.gg/event/matches/375/,/15870/taunt-vs-underdogs-champions-tour-europe-stage-2-challengers-2-ro256,invalid_match_href
https://www.vlr.gg/event/matches/375/,/15871/callmesir-vs-team-trinys-champions-tour-europe-stage-2-challengers-2-ro256,invalid_match_href
https://www.vlr.gg/event/matches/375/,/15872/team-sampi-vs-mces-champions-tour-europe-stage-2-challengers-2-ro256,invalid_match_href
https://www.vlr.gg/event/matches/375/,/15873/s2k-vs-ewave-esports-champions-tour-europe-stage-2-challengers-2-ro256,invalid_match_href
https://www.vlr.gg/event/matches/375/,/15874/claws-vs-big-champions-tour-europe-stage-2-challengers-2-ro256,invalid_match_href
https://www.vlr.gg/event/matches/375/,/15875/enmity-vs-noctis-champions-tour-europe-stage-2-challengers-2-ro256,invalid_match_href
https://www.vlr.gg/event/matches/375/,/15876/honk-vs-pilotos-100tificos-champions-tour-europe-stage-2-challengers-2-ro256,invalid_match_href
https://www.vlr.gg/event/matches/375/,/15877/ehehxd-vs-catalyst-esports-champions-tour-europe-stage-2-challengers-2-ro256,invalid_match_href
https://www.vlr.gg/event/matches/375/,/15878/plgurom-vs-las-palmas-unity-champions-tour-europe-stage-2-challengers-2-ro256,invalid_match_href
https://www.vlr.gg/event/matches/375/,/15879/atravs-vs-victorem-champions-tour-europe-stage-2-challengers-2-ro256,invalid_match_href
https://www.vlr.gg/event/matches/375/,/15880/puggers-vs-lasagna-beam-champions-tour-europe-stage-2-challengers-2-ro256,invalid_match_href
https://www.vlr.gg/event/matches/375/,/15881/capri-sun-vs-cream-real-betis-champions-tour-europe-stage-2-challengers-2-ro256,invalid_match_href
https://www.vlr.gg/event/matches/375/,/15882/lynx-family-vs-need-girlfriend-champions-tour-europe-stage-2-challengers-2-ro256,invalid_match_href
https://www.vlr.gg/event/matches/375/,/15883/lyft-es-vs-eclatax-esport-champions-tour-europe-stage-2-challengers-2-ro256,invalid_match_href
https://www.vlr.gg/event/matches/375/,/15884/headshot-infinity-vs-entropiq-champions-tour-europe-stage-2-challengers-2-ro256,invalid_match_href
https://www.vlr.gg/event/matches/375/,/15885/grow-up-esports-vs-1234-champions-tour-europe-stage-2-challengers-2-ro256,invalid_match_href
https://www.vlr.gg/event/matches/375/,/15886/gr1nd-vs-pizza-boosters-champions-tour-europe-stage-2-challengers-2-ro256,invalid_match_href
https://www.vlr.gg/event/matches/375/,/15887/toools-esports-vs-team-gravity-champions-tour-europe-stage-2-challengers-2-ro256,invalid_match_href
https://www.vlr.gg/event/matches/375/,/15888/team-liquid-vs-fdp-esports-champions-tour-europe-stage-2-challengers-2-ro256,invalid_match_href
https://www.vlr.gg/event/matches/375/,/15889/lancaster-bombers-vs-alejkum-salam-champions-tour-europe-stage-2-challengers-2-ro256,invalid_match_href
https://www.vlr.gg/event/matches/375/,/15891/projectil-vs-angry-titans-champions-tour-europe-stage-2-challengers-2-ro256,invalid_match_href
https://www.vlr.gg/event/matches/375/,/15892/ic9-vs-d0gsports-champions-tour-europe-stage-2-challengers-2-ro256,invalid_match_href
https://www.vlr.gg/event/matches/375/,/15893/kupalboys-vs-fastmix-champions-tour-europe-stage-2-challengers-2-ro256,invalid_match_href
https://www.vlr.gg/event/matches/375/,/15894/inaequalis-vs-99crooks-champions-tour-europe-stage-2-challengers-2-ro256,invalid_match_href
https://www.vlr.gg/event/matches/375/,/15895/flymate-vs-nox-esports-champions-tour-europe-stage-2-challengers-2-ro256,invalid_match_href
https://www.vlr.gg/event/matches/375/,/15896/ldn-utd-vs-esuba-champions-tour-europe-stage-2-challengers-2-ro256,invalid_match_href
https://www.vlr.gg/event/matches/375/,/15897/full-flashed-vs-qz-champions-tour-europe-stage-2-challengers-2-ro256,invalid_match_href
https://www.vlr.gg/event/matches/375/,/15899/rhyno-esports-vs-team-zeno-champions-tour-europe-stage-2-challengers-2-ro256,invalid_match_href
https://www.vlr.gg/event/matches/375/,/15900/playmakers-vs-headzots-champions-tour-europe-stage-2-challengers-2-ro256,invalid_match_href
https://www.vlr.gg/event/matches/375/,/15901/excel-vs-locust-champions-tour-europe-stage-2-challengers-2-ro256,invalid_match_href
https://www.vlr.gg/event/matches/375/,/15902/minimum-wagers-vs-volvo-peek-champions-tour-europe-stage-2-challengers-2-ro256,invalid_match_href
https://www.vlr.gg/event/matches/375/,/15903/staga-haus-vs-yendez-champions-tour-europe-stage-2-challengers-2-ro256,invalid_match_href
https://www.vlr.gg/event/matches/375/,/15904/lankr-m-vs-movistar-riders-champions-tour-europe-stage-2-challengers-2-ro256,invalid_match_href
https://www.vlr.gg/event/matches/375/,/15905/benchwarmers-vs-hollow-remake-champions-tour-europe-stage-2-challengers-2-ro256,invalid_match_href
https://www.vlr.gg/event/matches/375/,/15906/team-kaio-vs-arriba-espa-a-1-champions-tour-europe-stage-2-challengers-2-ro256,invalid_match_href
https://www.vlr.gg/event/matches/375/,/15907/homeless-vs-team-7am-champions-tour-europe-stage-2-challengers-2-ro256,invalid_match_href
https://www.vlr.gg/event/matches/375/,/15908/mystery-vs-never-refrag-champions-tour-europe-stage-2-challengers-2-ro256,invalid_match_href
https://www.vlr.gg/event/matches/375/,/15909/stuverance-esport-vs-apollo-champions-tour-europe-stage-2-challengers-2-ro256,invalid_match_href
https://www.vlr.gg/event/matches/375/,/15910/shanghai-emperors-vs-viteaz-champions-tour-europe-stage-2-challengers-2-ro256,invalid_match_href
https://www.vlr.gg/event/matches/375/,/15912/young-talents-vs-no-witness-champions-tour-europe-stage-2-challengers-2-ro256,invalid_match_href
https://www.vlr.gg/event/matches/375/,/15913/csdeadgame-vs-qnock-champions-tour-europe-stage-2-challengers-2-ro256,invalid_match_href
https://www.vlr.gg/event/matches/375/,/15914/ignite-vs-isol-bulil-champions-tour-europe-stage-2-challengers-2-ro256,invalid_match_href
https://www.vlr.gg/event/matches/375/,/15915/myst1s-gaming-vs-atfinest-champions-tour-europe-stage-2-challengers-2-ro256,invalid_match_href
https://www.vlr.gg/event/matches/375/,/15917/gg-dalessio-vs-badturtles-esport-champions-tour-europe-stage-2-challengers-2-ro256,invalid_match_href
https://www.vlr.gg/event/matches/375/,/15918/gonextfast-vs-winfinity-champions-tour-europe-stage-2-challengers-2-ro256,invalid_match_href
https://www.vlr.gg/event/matches/375/,/15919/evolved-gaming-vs-esport-rhein-neckar-champions-tour-europe-stage-2-challengers-2-ro256,invalid_match_href
https://www.vlr.gg/event/matches/375/,/15921/tarren-mill-vs-shifterpro-champions-tour-europe-stage-2-challengers-2-ro256,invalid_match_href
https://www.vlr.gg/event/matches/375/,/15922/wolfix-gaming-vs-elo-and-muscle-champions-tour-europe-stage-2-challengers-2-ro256,invalid_match_href
https://www.vlr.gg/event/matches/375/,/15923/lvl-up-esport-vs-beneluxjes-champions-tour-europe-stage-2-challengers-2-ro256,invalid_match_href
https://www.vlr.gg/event/matches/375/,/15924/huilers-vs-noeffort-champions-tour-europe-stage-2-challengers-2-ro256,invalid_match_href
https://www.vlr.gg/event/matches/375/,/15926/bra71l-vs-divan-champions-tour-europe-stage-2-challengers-2-ro256,invalid_match_href
https://www.vlr.gg/event/matches/375/,/15927/team-xanax-vs-follow-my-drone-champions-tour-europe-stage-2-challengers-2-ro256,invalid_match_href
https://www.vlr.gg/event/matches/375/,/15928/sprayz-gaming-vs-violent-frogs-champions-tour-europe-stage-2-challengers-2-ro256,invalid_match_href
https://www.vlr.gg/event/matches/375/,/15929/galaxie-punk-esport-vs-illmatic-champions-tour-europe-stage-2-challengers-2-ro256,invalid_match_href
https://www.vlr.gg/event/matches/375/,/15930/e9-esports-vs-patatera-squad-champions-tour-europe-stage-2-challengers-2-ro256,invalid_match_href
https://www.vlr.gg/event/matches/375/,/15931/we-make-love-vs-19esports-champions-tour-europe-stage-2-challengers-2-ro256,invalid_match_href
https://www.vlr.gg/event/matches/375/,/15932/break-gaming-vs-hide-in-smoke-champions-tour-europe-stage-2-challengers-2-ro256,invalid_match_href
https://www.vlr.gg/event/matches/375/,/15934/voltage-vs-vctory-esports-champions-tour-europe-stage-2-challengers-2-ro256,invalid_match_href
https://www.vlr.gg/event/matches/375/,/15935/hyferion5-esports-vs-team-asteria-champions-tour-europe-stage-2-challengers-2-ro256,invalid_match_href
https://www.vlr.gg/event/matches/375/,/15936/dragonballz-vs-emonkeyz-club-champions-tour-europe-stage-2-challengers-2-ro256,invalid_match_href
https://www.vlr.gg/event/matches/375/,/15937/bref-vs-xpg-invicta-champions-tour-europe-stage-2-challengers-2-ro256,invalid_match_href
https://www.vlr.gg/event/matches/375/,/15938/xcloud-esports-vs-hardcl1ck-esports-champions-tour-europe-stage-2-challengers-2-ro256,invalid_match_href
https://www.vlr.gg/event/matches/375/,/15939/billies-vs-giga-tacos-champions-tour-europe-stage-2-challengers-2-ro256,invalid_match_href
https://www.vlr.gg/event/matches/375/,/15940/klatwa-vs-msr-esport-champions-tour-europe-stage-2-challengers-2-ro256,invalid_match_href
https://www.vlr.gg/event/matches/375/,/15942/dream-team-vs-avez-esport-champions-tour-europe-stage-2-challengers-2-ro256,invalid_match_href
https://www.vlr.gg/event/matches/375/,/15943/baecon-gg-vs-couchless-champions-tour-europe-stage-2-challengers-2-ro256,invalid_match_href
https://www.vlr.gg/event/matches/375/,/15944/deftfox-vs-supd-champions-tour-europe-stage-2-challengers-2-ro256,invalid_match_href
https://www.vlr.gg/event/matches/375/,/15945/mackoesports-vs-team-queso-champions-tour-europe-stage-2-challengers-2-ro256,invalid_match_href
https://www.vlr.gg/event/matches/375/,/15946/kings-gambit-vs-animemix-champions-tour-europe-stage-2-challengers-2-ro256,invalid_match_href
https://www.vlr.gg/event/matches/375/,/15947/conceps-gaming-vs-nice-gaming-champions-tour-europe-stage-2-challengers-2-ro256,invalid_match_href
https://www.vlr.gg/event/matches/375/,/15948/officialfragboys-vs-megakich-champions-tour-europe-stage-2-challengers-2-ro256,invalid_match_href
https://www.vlr.gg/event/matches/375/,/15949/earn-bear-money-vs-vacuumers-champions-tour-europe-stage-2-challengers-2-ro256,invalid_match_href
https://www.vlr.gg/event/matches/375/,/15950/knakkers-vs-ballista-champions-tour-europe-stage-2-challengers-2-ro256,invalid_match_href
https://www.vlr.gg/event/matches/375/,/15951/gaming-barracks-vs-helios-gaming-champions-tour-europe-stage-2-challengers-2-ro256,invalid_match_href
https://www.vlr.gg/event/matches/375/,/15952/sas-elle-vs-dawn-entity-champions-tour-europe-stage-2-challengers-2-ro256,invalid_match_href
https://www.vlr.gg/event/matches/375/,/15953/heet-vs-ill-s-akad-mia-spirit-champions-tour-europe-stage-2-challengers-2-ro256,invalid_match_href
https://www.vlr.gg/event/matches/375/,/15954/slamming-gears-vs-astral-hypnos-champions-tour-europe-stage-2-challengers-2-ro256,invalid_match_href
https://www.vlr.gg/event/matches/375/,/15955/we-know-the-meta-vs-the-goose-house-champions-tour-europe-stage-2-challengers-2-ro256,invalid_match_href
https://www.vlr.gg/event/matches/375/,/15956/endavant-vs-ex-dawn-of-stars-champions-tour-europe-stage-2-challengers-2-ro256,invalid_match_href
https://www.vlr.gg/event/matches/375/,/15957/esport-szombathely-vs-tauceti-champions-tour-europe-stage-2-challengers-2-ro256,invalid_match_href
https://www.vlr.gg/event/matches/375/,/15958/patchwork-vs-yazda-champions-tour-europe-stage-2-challengers-2-ro256,invalid_match_href
https://www.vlr.gg/event/matches/375/,/15959/ipon-team-horizon-reapers-vs-ivy-champions-tour-europe-stage-2-challengers-2-ro256,invalid_match_href
https://www.vlr.gg/event/matches/375/,/15960/rix-gg-vs-kpi-gaming-champions-tour-europe-stage-2-challengers-2-ro256,invalid_match_href
https://www.vlr.gg/event/matches/375/,/15961/dame-time-vs-white-lotus-esports-champions-tour-europe-stage-2-challengers-2-ro256,invalid_match_href
https://www.vlr.gg/event/matches/375/,/15962/team-galaga-vs-dfiance-champions-tour-europe-stage-2-challengers-2-ro256,invalid_match_href
https://www.vlr.gg/event/matches/375/,/15963/acend-vs-edelweiss-esports-champions-tour-europe-stage-2-challengers-2-ro256,invalid_match_href
https://www.vlr.gg/event/matches/375/,/15965/john-howard-vs-evenate-gaming-champions-tour-europe-stage-2-challengers-2-ro256,invalid_match_href
https://www.vlr.gg/event/matches/375/,/15966/ftw-esports-vs-lucky-boys-champions-tour-europe-stage-2-challengers-2-ro256,invalid_match_href
https://www.vlr.gg/event/matches/375/,/15967/hogwarts-vs-dior-champions-tour-europe-stage-2-challengers-2-ro256,invalid_match_href
https://www.vlr.gg/event/matches/375/,/15968/lucent-esports-vs-red-champions-tour-europe-stage-2-challengers-2-ro256,invalid_match_href
https://www.vlr.gg/event/matches/375/,/15969/teamates-gaming-vs-et-eller-andet-fedt-champions-tour-europe-stage-2-challengers-2-ro256,invalid_match_href
https://www.vlr.gg/event/matches/375/,/15970/animel-vs-nexus-gaming-champions-tour-europe-stage-2-challengers-2-ro256,invalid_match_href
https://www.vlr.gg/event/matches/375/,/15971/laia-nation-vs-suprmode-gaming-champions-tour-europe-stage-2-challengers-2-ro256,invalid_match_href
https://www.vlr.gg/event/matches/375/,/15972/cyberbullies-vs-anorthosis-famagusta-esports-champions-tour-europe-stage-2-challengers-2-ro256,invalid_match_href
https://www.vlr.gg/event/matches/375/,/15973/illuminar-gaming-vs-dna-peek-champions-tour-europe-stage-2-challengers-2-ro256,invalid_match_href
https://www.vlr.gg/event/matches/375/,/15974/xd-vs-one-direction-champions-tour-europe-stage-2-challengers-2-ro256,invalid_match_href
https://www.vlr.gg/event/matches/375/,/15975/racermans-vs-inferus-esports-champions-tour-europe-stage-2-challengers-2-ro256,invalid_match_href
https://www.vlr.gg/event/matches/375/,/15976/thelastresort-vs-onetap-champions-tour-europe-stage-2-challengers-2-ro256,invalid_match_href
https://www.vlr.gg/event/matches/375/,/15977/dnc-vs-out-of-sight-champions-tour-europe-stage-2-challengers-2-ro256,invalid_match_href
https://www.vlr.gg/event/matches/375/,/15979/onliner-vs-gold-chains-champions-tour-europe-stage-2-challengers-2-ro256,invalid_match_href
https://www.vlr.gg/event/matches/375/,/15980/mcddonalds-esports-vs-lenovo-legion-honv-d-champions-tour-europe-stage-2-challengers-2-ro256,invalid_match_href
https://www.vlr.gg/event/matches/375/,/15981/take-a-nap-vs-incentive-champions-tour-europe-stage-2-challengers-2-ro256,invalid_match_href
https://www.vlr.gg/event/matches/375/,/15982/ovation-esports-vs-chicky-bucky-champions-tour-europe-stage-2-challengers-2-ro256,invalid_match_href
https://www.vlr.gg/event/matches/375/,/15983/failen9-vs-vertigang-champions-tour-europe-stage-2-challengers-2-ro256,invalid_match_href
https://www.vlr.gg/event/matches/375/,/15984/linstitut-vs-hadis-boys-champions-tour-europe-stage-2-challengers-2-ro256,invalid_match_href
https://www.vlr.gg/event/matches/375/,/15985/hajty-vs-panda-express-champions-tour-europe-stage-2-challengers-2-ro256,invalid_match_href
https://www.vlr.gg/event/matches/375/,/15986/reactor-squad-parare-vs-digital-ninjas-champions-tour-europe-stage-2-challengers-2-ro256,invalid_match_href
https://www.vlr.gg/event/matches/375/,/15987/b-k-scsabai-e-sport-egyes-let-vs-vodkamix-champions-tour-europe-stage-2-challengers-2-ro256,invalid_match_href
https://www.vlr.gg/event/matches/375/,/15988/phodon-fragster-vs-saw-champions-tour-europe-stage-2-challengers-2-ro256,invalid_match_href
https://www.vlr.gg/event/matches/375/,/15990/team-die-vs-iluro-gaming-champions-tour-europe-stage-2-challengers-2-ro256,invalid_match_href
https://www.vlr.gg/event/matches/375/,/15991/cinoze-vs-fortytwo-champions-tour-europe-stage-2-challengers-2-ro256,invalid_match_href
https://www.vlr.gg/event/matches/375/,/15992/greyface-vs-wave-esports-champions-tour-europe-stage-2-challengers-2-ro256,invalid_match_href
https://www.vlr.gg/event/matches/375/,/15978/fnatic-vs-dark-tigers-champions-tour-europe-stage-2-challengers-2-ro256,invalid_match_href
https://www.vlr.gg/event/matches/375/,/15868/ninjas-in-pyjamas-vs-moose-knucklers-champions-tour-europe-stage-2-challengers-2-ro256,invalid_match_href
https://www.vlr.gg/event/matches/375/,/15890/alliance-vs-123tap-champions-tour-europe-stage-2-challengers-2-ro256,invalid_match_href
https://www.vlr.gg/event/matches/375/,/15898/tempo-vs-g2-esports-champions-tour-europe-stage-2-challengers-2-ro256,invalid_match_href
https://www.vlr.gg/event/matches/375/,/15911/team-adios-vs-team-heretics-champions-tour-europe-stage-2-challengers-2-ro256,invalid_match_href
https://www.vlr.gg/event/matches/375/,/15925/ubiteam-vs-team-vitality-champions-tour-europe-stage-2-challengers-2-ro256,invalid_match_href
https://www.vlr.gg/event/matches/375/,/15933/opportunists-vs-unsigned-losers-champions-tour-europe-stage-2-challengers-2-ro256,invalid_match_href
https://www.vlr.gg/event/matches/375/,/15941/og-vs-zytic-esports-champions-tour-europe-stage-2-challengers-2-ro256,invalid_match_href
https://www.vlr.gg/event/matches/375/,/15916/giants-gaming-vs-diaxmix-champions-tour-europe-stage-2-challengers-2-ro256,invalid_match_href
https://www.vlr.gg/event/matches/375/,/15920/r-sidence-ch-meur-boursier-vs-team-finest-champions-tour-europe-stage-2-challengers-2-ro256,invalid_match_href
https://www.vlr.gg/event/matches/375/,/16009/qz-vs-g2-esports-champions-tour-europe-stage-2-challengers-2-ro128,invalid_match_href
https://www.vlr.gg/event/matches/375/,/16013/benchwarmers-vs-arriba-espa-a-1-champions-tour-europe-stage-2-challengers-2-ro128,invalid_match_href
https://www.vlr.gg/event/matches/375/,/16016/team-heretics-vs-no-witness-champions-tour-europe-stage-2-challengers-2-ro128,invalid_match_href
https://www.vlr.gg/event/matches/375/,/16027/opportunists-vs-voltage-champions-tour-europe-stage-2-challengers-2-ro128,invalid_match_href
https://www.vlr.gg/event/matches/375/,/16042/acend-vs-flashdash-champions-tour-europe-stage-2-challengers-2-ro128,invalid_match_href
https://www.vlr.gg/event/matches/375/,/16049/dnc-vs-fnatic-champions-tour-europe-stage-2-challengers-2-ro128,invalid_match_href
https://www.vlr.gg/event/matches/375/,/15993/4ihnk-vs-aesir-esports-champions-tour-europe-stage-2-challengers-2-ro128,invalid_match_href
https://www.vlr.gg/event/matches/375/,/15994/salade-sun-vs-ninjas-in-pyjamas-champions-tour-europe-stage-2-challengers-2-ro128,invalid_match_href
https://www.vlr.gg/event/matches/375/,/15995/ldv-esports-vs-underdogs-champions-tour-europe-stage-2-challengers-2-ro128,invalid_match_href
https://www.vlr.gg/event/matches/375/,/15996/team-trinys-vs-team-sampi-champions-tour-europe-stage-2-challengers-2-ro128,invalid_match_href
https://www.vlr.gg/event/matches/375/,/15997/s2k-vs-big-champions-tour-europe-stage-2-challengers-2-ro128,invalid_match_href
https://www.vlr.gg/event/matches/375/,/15998/noctis-vs-honk-champions-tour-europe-stage-2-challengers-2-ro128,invalid_match_href
https://www.vlr.gg/event/matches/375/,/15999/ehehxd-vs-las-palmas-unity-champions-tour-europe-stage-2-challengers-2-ro128,invalid_match_href
https://www.vlr.gg/event/matches/375/,/16000/victorem-vs-puggers-champions-tour-europe-stage-2-challengers-2-ro128,invalid_match_href
https://www.vlr.gg/event/matches/375/,/16001/cream-real-betis-vs-need-girlfriend-champions-tour-europe-stage-2-challengers-2-ro128,invalid_match_href
https://www.vlr.gg/event/matches/375/,/16002/eclatax-esport-vs-entropiq-champions-tour-europe-stage-2-challengers-2-ro128,invalid_match_href
https://www.vlr.gg/event/matches/375/,/16003/1234-vs-gr1nd-champions-tour-europe-stage-2-challengers-2-ro128,invalid_match_href
https://www.vlr.gg/event/matches/375/,/16004/team-gravity-vs-team-liquid-champions-tour-europe-stage-2-challengers-2-ro128,invalid_match_href
https://www.vlr.gg/event/matches/375/,/16005/alejkum-salam-vs-alliance-champions-tour-europe-stage-2-challengers-2-ro128,invalid_match_href
https://www.vlr.gg/event/matches/375/,/16006/angry-titans-vs-ic9-champions-tour-europe-stage-2-challengers-2-ro128,invalid_match_href
https://www.vlr.gg/event/matches/375/,/16007/fastmix-vs-99crooks-champions-tour-europe-stage-2-challengers-2-ro128,invalid_match_href
https://www.vlr.gg/event/matches/375/,/16008/nox-esports-vs-ldn-utd-champions-tour-europe-stage-2-challengers-2-ro128,invalid_match_href
https://www.vlr.gg/event/matches/375/,/16010/rhyno-esports-vs-headzots-champions-tour-europe-stage-2-challengers-2-ro128,invalid_match_href
https://www.vlr.gg/event/matches/375/,/16011/excel-vs-volvo-peek-champions-tour-europe-stage-2-challengers-2-ro128,invalid_match_href
https://www.vlr.gg/event/matches/375/,/16012/staga-haus-vs-movistar-riders-champions-tour-europe-stage-2-challengers-2-ro128,invalid_match_href
https://www.vlr.gg/event/matches/375/,/16014/homeless-vs-never-refrag-champions-tour-europe-stage-2-challengers-2-ro128,invalid_match_href
https://www.vlr.gg/event/matches/375/,/16015/stuverance-esport-vs-shanghai-emperors-champions-tour-europe-stage-2-challengers-2-ro128,invalid_match_href
https://www.vlr.gg/event/matches/375/,/16017/csdeadgame-vs-ignite-champions-tour-europe-stage-2-challengers-2-ro128,invalid_match_href
https://www.vlr.gg/event/matches/375/,/16018/atfinest-vs-giants-gaming-champions-tour-europe-stage-2-challengers-2-ro128,invalid_match_href
https://www.vlr.gg/event/matches/375/,/16019/badturtles-esport-vs-winfinity-champions-tour-europe-stage-2-challengers-2-ro128,invalid_match_href
https://www.vlr.gg/event/matches/375/,/16020/evolved-gaming-vs-team-finest-champions-tour-europe-stage-2-challengers-2-ro128,invalid_match_href
https://www.vlr.gg/event/matches/375/,/16021/tarren-mill-vs-elo-and-muscle-champions-tour-europe-stage-2-challengers-2-ro128,invalid_match_href
https://www.vlr.gg/event/matches/375/,/16022/beneluxjes-vs-noeffort-champions-tour-europe-stage-2-challengers-2-ro128,invalid_match_href
https://www.vlr.gg/event/matches/375/,/16023/team-vitality-vs-divan-champions-tour-europe-stage-2-challengers-2-ro128,invalid_match_href
https://www.vlr.gg/event/matches/375/,/16024/team-xanax-vs-sprayz-gaming-champions-tour-europe-stage-2-challengers-2-ro128,invalid_match_href
https://www.vlr.gg/event/matches/375/,/16025/illmatic-vs-patatera-squad-champions-tour-europe-stage-2-challengers-2-ro128,invalid_match_href
https://www.vlr.gg/event/matches/375/,/16026/19esports-vs-break-gaming-champions-tour-europe-stage-2-challengers-2-ro128,invalid_match_href
https://www.vlr.gg/event/matches/375/,/16028/hyferion5-esports-vs-emonkeyz-club-champions-tour-europe-stage-2-challengers-2-ro128,invalid_match_href
https://www.vlr.gg/event/matches/375/,/16029/bref-vs-hardcl1ck-esports-champions-tour-europe-stage-2-challengers-2-ro128,invalid_match_href
https://www.vlr.gg/event/matches/375/,/16030/giga-tacos-vs-klatwa-champions-tour-europe-stage-2-challengers-2-ro128,invalid_match_href
https://www.vlr.gg/event/matches/375/,/16031/og-vs-dream-team-champions-tour-europe-stage-2-challengers-2-ro128,invalid_match_href
https://www.vlr.gg/event/matches/375/,/16032/baecon-gg-vs-deftfox-champions-tour-europe-stage-2-challengers-2-ro128,invalid_match_href
https://www.vlr.gg/event/matches/375/,/16033/mackoesports-vs-animemix-champions-tour-europe-stage-2-challengers-2-ro128,invalid_match_href
https://www.vlr.gg/event/matches/375/,/16034/nice-gaming-vs-megakich-champions-tour-europe-stage-2-challengers-2-ro128,invalid_match_href
https://www.vlr.gg/event/matches/375/,/16035/vacuumers-vs-ballista-champions-tour-europe-stage-2-challengers-2-ro128,invalid_match_href
https://www.vlr.gg/event/matches/375/,/16036/helios-gaming-vs-sas-elle-champions-tour-europe-stage-2-challengers-2-ro128,invalid_match_href
https://www.vlr.gg/event/matches/375/,/16037/heet-vs-slamming-gears-champions-tour-europe-stage-2-challengers-2-ro128,invalid_match_href
https://www.vlr.gg/event/matches/375/,/16038/the-goose-house-vs-ex-dawn-of-stars-champions-tour-europe-stage-2-challengers-2-ro128,invalid_match_href
https://www.vlr.gg/event/matches/375/,/16039/tauceti-vs-patchwork-champions-tour-europe-stage-2-challengers-2-ro128,invalid_match_href
https://www.vlr.gg/event/matches/375/,/16040/ivy-vs-rix-gg-champions-tour-europe-stage-2-challengers-2-ro128,invalid_match_href
https://www.vlr.gg/event/matches/375/,/16041/dame-time-vs-team-galaga-champions-tour-europe-stage-2-challengers-2-ro128,invalid_match_href
https://www.vlr.gg/event/matches/375/,/16043/john-howard-vs-lucky-boys-champions-tour-europe-stage-2-challengers-2-ro128,invalid_match_href
https://www.vlr.gg/event/matches/375/,/16044/hogwarts-vs-lucent-esports-champions-tour-europe-stage-2-challengers-2-ro128,invalid_match_href
https://www.vlr.gg/event/matches/375/,/16045/et-eller-andet-fedt-vs-nexus-gaming-champions-tour-europe-stage-2-challengers-2-ro128,invalid_match_href
https://www.vlr.gg/event/matches/375/,/16046/suprmode-gaming-vs-cyberbullies-champions-tour-europe-stage-2-challengers-2-ro128,invalid_match_href
https://www.vlr.gg/event/matches/375/,/16047/illuminar-gaming-vs-xd-champions-tour-europe-stage-2-challengers-2-ro128,invalid_match_href
https://www.vlr.gg/event/matches/375/,/16048/racermans-vs-onetap-champions-tour-europe-stage-2-challengers-2-ro128,invalid_match_href
https://www.vlr.gg/event/matches/375/,/16050/onliner-vs-lenovo-legion-honv-d-champions-tour-europe-stage-2-challengers-2-ro128,invalid_match_href
https://www.vlr.gg/event/matches/375/,/16051/take-a-nap-vs-ovation-esports-champions-tour-europe-stage-2-challengers-2-ro128,invalid_match_href
https://www.vlr.gg/event/matches/375/,/16052/failen9-vs-linstitut-champions-tour-europe-stage-2-challengers-2-ro128,invalid_match_href
https://www.vlr.gg/event/matches/375/,/16053/hajty-vs-digital-ninjas-champions-tour-europe-stage-2-challengers-2-ro128,invalid_match_href
https://www.vlr.gg/event/matches/375/,/16054/vodkamix-vs-saw-champions-tour-europe-stage-2-challengers-2-ro128,invalid_match_href
https://www.vlr.gg/event/matches/375/,/16055/pact-vs-iluro-gaming-champions-tour-europe-stage-2-challengers-2-ro128,invalid_match_href
https://www.vlr.gg/event/matches/375/,/16056/cinoze-vs-wave-esports-champions-tour-europe-stage-2-challengers-2-ro128,invalid_match_href
https://www.vlr.gg/event/matches/375/,/16238/4ihnk-vs-ninjas-in-pyjamas-champions-tour-europe-stage-2-challengers-2-ro64,invalid_match_href
https://www.vlr.gg/event/matches/375/,/16239/underdogs-vs-team-sampi-champions-tour-europe-stage-2-challengers-2-ro64,invalid_match_href
https://www.vlr.gg/event/matches/375/,/16240/big-vs-honk-champions-tour-europe-stage-2-challengers-2-ro64,invalid_match_href
https://www.vlr.gg/event/matches/375/,/16241/ehehxd-vs-victorem-champions-tour-europe-stage-2-challengers-2-ro64,invalid_match_href
https://www.vlr.gg/event/matches/375/,/16242/cream-real-betis-vs-entropiq-champions-tour-europe-stage-2-challengers-2-ro64,invalid_match_href
https://www.vlr.gg/event/matches/375/,/16243/1234-vs-team-liquid-champions-tour-europe-stage-2-challengers-2-ro64,invalid_match_href
https://www.vlr.gg/event/matches/375/,/16244/alliance-vs-angry-titans-champions-tour-europe-stage-2-challengers-2-ro64,invalid_match_href
https://www.vlr.gg/event/matches/375/,/16245/fastmix-vs-ldn-utd-champions-tour-europe-stage-2-challengers-2-ro64,invalid_match_href
https://www.vlr.gg/event/matches/375/,/16246/g2-esports-vs-rhyno-esports-champions-tour-europe-stage-2-challengers-2-ro64,invalid_match_href
https://www.vlr.gg/event/matches/375/,/16247/volvo-peek-vs-staga-haus-champions-tour-europe-stage-2-challengers-2-ro64,invalid_match_href
https://www.vlr.gg/event/matches/375/,/16248/benchwarmers-vs-homeless-champions-tour-europe-stage-2-challengers-2-ro64,invalid_match_href
https://www.vlr.gg/event/matches/375/,/16249/shanghai-emperors-vs-team-heretics-champions-tour-europe-stage-2-challengers-2-ro64,invalid_match_href
https://www.vlr.gg/event/matches/375/,/16250/ignite-vs-giants-gaming-champions-tour-europe-stage-2-challengers-2-ro64,invalid_match_href
https://www.vlr.gg/event/matches/375/,/16251/winfinity-vs-team-finest-champions-tour-europe-stage-2-challengers-2-ro64,invalid_match_href
https://www.vlr.gg/event/matches/375/,/16252/tarren-mill-vs-noeffort-champions-tour-europe-stage-2-challengers-2-ro64,invalid_match_href
https://www.vlr.gg/event/matches/375/,/16253/team-vitality-vs-sprayz-gaming-champions-tour-europe-stage-2-challengers-2-ro64,invalid_match_href
https://www.vlr.gg/event/matches/375/,/16254/patatera-squad-vs-19esports-champions-tour-europe-stage-2-challengers-2-ro64,invalid_match_href
https://www.vlr.gg/event/matches/375/,/16255/opportunists-vs-emonkeyz-club-champions-tour-europe-stage-2-challengers-2-ro64,invalid_match_href
https://www.vlr.gg/event/matches/375/,/16256/bref-vs-klatwa-champions-tour-europe-stage-2-challengers-2-ro64,invalid_match_href
https://www.vlr.gg/event/matches/375/,/16257/og-vs-deftfox-champions-tour-europe-stage-2-challengers-2-ro64,invalid_match_href
https://www.vlr.gg/event/matches/375/,/16258/animemix-vs-megakich-champions-tour-europe-stage-2-challengers-2-ro64,invalid_match_href
https://www.vlr.gg/event/matches/375/,/16259/vacuumers-vs-sas-elle-champions-tour-europe-stage-2-challengers-2-ro64,invalid_match_href
https://www.vlr.gg/event/matches/375/,/16260/heet-vs-looking4org-champions-tour-europe-stage-2-challengers-2-ro64,invalid_match_href
https://www.vlr.gg/event/matches/375/,/16261/patchwork-vs-rix-gg-champions-tour-europe-stage-2-challengers-2-ro64,invalid_match_href
https://www.vlr.gg/event/matches/375/,/16262/team-galaga-vs-acend-champions-tour-europe-stage-2-challengers-2-ro64,invalid_match_href
https://www.vlr.gg/event/matches/375/,/16263/lucky-boys-vs-hogwarts-champions-tour-europe-stage-2-challengers-2-ro64,invalid_match_href
https://www.vlr.gg/event/matches/375/,/16264/et-eller-andet-fedt-vs-estonoesunjuegovale-champions-tour-europe-stage-2-challengers-2-ro64,invalid_match_href
https://www.vlr.gg/event/matches/375/,/16265/illuminar-gaming-vs-onetap-champions-tour-europe-stage-2-challengers-2-ro64,invalid_match_href
https://www.vlr.gg/event/matches/375/,/16266/fnatic-vs-lenovo-legion-honv-d-champions-tour-europe-stage-2-challengers-2-ro64,invalid_match_href
https://www.vlr.gg/event/matches/375/,/16267/ovation-esports-vs-failen9-champions-tour-europe-stage-2-challengers-2-ro64,invalid_match_href
https://www.vlr.gg/event/matches/375/,/16268/hajty-vs-saw-champions-tour-europe-stage-2-challengers-2-ro64,invalid_match_href
https://www.vlr.gg/event/matches/375/,/16269/pact-vs-wave-esports-champions-tour-europe-stage-2-challengers-2-ro64,invalid_match_href
https://www.vlr.gg/event/matches/375/,/16272/entropiq-vs-team-liquid-champions-tour-europe-stage-2-challengers-2-ro32,invalid_match_href
https://www.vlr.gg/event/matches/375/,/16278/19esports-vs-opportunists-champions-tour-europe-stage-2-challengers-2-ro32,invalid_match_href
https://www.vlr.gg/event/matches/375/,/16270/ninjas-in-pyjamas-vs-team-sampi-champions-tour-europe-stage-2-challengers-2-ro32,invalid_match_href
https://www.vlr.gg/event/matches/375/,/16277/tarren-mill-vs-team-vitality-champions-tour-europe-stage-2-challengers-2-ro32,invalid_match_href
https://www.vlr.gg/event/matches/375/,/16284/fnatic-vs-ovation-esports-champions-tour-europe-stage-2-challengers-2-ro32,invalid_match_href
https://www.vlr.gg/event/matches/375/,/16276/giants-gaming-vs-team-finest-champions-tour-europe-stage-2-challengers-2-ro32,invalid_match_href
https://www.vlr.gg/event/matches/375/,/16275/benchwarmers-vs-team-heretics-champions-tour-europe-stage-2-challengers-2-ro32,invalid_match_href
https://www.vlr.gg/event/matches/375/,/16274/g2-esports-vs-staga-haus-champions-tour-europe-stage-2-challengers-2-ro32,invalid_match_href
https://www.vlr.gg/event/matches/375/,/16283/et-eller-andet-fedt-vs-illuminar-gaming-champions-tour-europe-stage-2-challengers-2-ro32,invalid_match_href
https://www.vlr.gg/event/matches/375/,/16285/saw-vs-pact-champions-tour-europe-stage-2-challengers-2-ro32,invalid_match_href
https://www.vlr.gg/event/matches/375/,/16271/honk-vs-victorem-champions-tour-europe-stage-2-challengers-2-ro32,invalid_match_href
https://www.vlr.gg/event/matches/375/,/16280/ce-calling-vs-sas-elle-champions-tour-europe-stage-2-challengers-2-ro32,invalid_match_href
https://www.vlr.gg/event/matches/375/,/16281/heet-vs-rix-gg-thunder-champions-tour-europe-stage-2-challengers-2-ro32,invalid_match_href
https://www.vlr.gg/event/matches/375/,/16282/acend-vs-lucky-boys-champions-tour-europe-stage-2-challengers-2-ro32,invalid_match_href
https://www.vlr.gg/event/matches/375/,/16273/alliance-vs-fastmix-champions-tour-europe-stage-2-challengers-2-ro32,invalid_match_href
https://www.vlr.gg/event/matches/375/,/16279/klatwa-vs-deftfox-champions-tour-europe-stage-2-challengers-2-ro32,invalid_match_href
https://www.vlr.gg/event/matches/375/,/16326/ninjas-in-pyjamas-vs-honk-champions-tour-europe-stage-2-challengers-2-ro16,invalid_match_href
https://www.vlr.gg/event/matches/375/,/16327/team-liquid-vs-alliance-champions-tour-europe-stage-2-challengers-2-ro16,invalid_match_href
https://www.vlr.gg/event/matches/375/,/16328/g2-esports-vs-team-heretics-champions-tour-europe-stage-2-challengers-2-ro16,invalid_match_href
https://www.vlr.gg/event/matches/375/,/16329/giants-gaming-vs-team-vitality-champions-tour-europe-stage-2-challengers-2-ro16,invalid_match_href
https://www.vlr.gg/event/matches/375/,/16330/opportunists-vs-klatwa-champions-tour-europe-stage-2-challengers-2-ro16,invalid_match_href
https://www.vlr.gg/event/matches/375/,/16331/ce-calling-vs-heet-champions-tour-europe-stage-2-challengers-2-ro16,invalid_match_href
https://www.vlr.gg/event/matches/375/,/16332/acend-vs-illuminar-gaming-champions-tour-europe-stage-2-challengers-2-ro16,invalid_match_href
https://www.vlr.gg/event/matches/375/,/16333/fnatic-vs-saw-champions-tour-europe-stage-2-challengers-2-ro16,invalid_match_href
https://www.vlr.gg/event/matches/375/,/16335/g2-esports-vs-team-vitality-champions-tour-europe-stage-2-challengers-2-qf,invalid_match_href
https://www.vlr.gg/event/matches/375/,/16334/ninjas-in-pyjamas-vs-team-liquid-champions-tour-europe-stage-2-challengers-2-qf,invalid_match_href
https://www.vlr.gg/event/matches/375/,/16336/opportunists-vs-ce-calling-champions-tour-europe-stage-2-challengers-2-qf,invalid_match_href
https://www.vlr.gg/event/matches/375/,/16337/acend-vs-fnatic-champions-tour-europe-stage-2-challengers-2-qf,invalid_match_href
https://www.vlr.gg/event/matches/375/,/16477/acend-vs-team-vitality-champions-tour-europe-stage-2-challengers-2-qf,invalid_match_href
https://www.vlr.gg/event/matches/375/,/16478/g2-esports-vs-fnatic-champions-tour-europe-stage-2-challengers-2-qf,invalid_match_href
https://www.vlr.gg/event/matches/375/,/16480/team-liquid-vs-ce-calling-champions-tour-europe-stage-2-challengers-2-qf,invalid_match_href
https://www.vlr.gg/event/matches/375/,/16479/team-bds-vs-ninjas-in-pyjamas-champions-tour-europe-stage-2-challengers-2-qf,invalid_match_href
https://www.vlr.gg/event/matches/375/,/16481/team-vitality-vs-fnatic-champions-tour-europe-stage-2-challengers-2-sf,invalid_match_href
https://www.vlr.gg/event/matches/375/,/16482/team-bds-vs-team-liquid-champions-tour-europe-stage-2-challengers-2-sf,invalid_match_href
https://www.vlr.gg/event/matches/375/,/16483/fnatic-vs-team-liquid-champions-tour-europe-stage-2-challengers-2-gf,invalid_match_href
https://www.vlr.gg/event/matches/392/,/16118/arbalest-vs-westside-champions-tour-turkey-stage-2-challengers-2-ro64,invalid_match_href
https://www.vlr.gg/event/matches/392/,/16119/wemade-fox-vs-wemakethefuture-champions-tour-turkey-stage-2-challengers-2-ro64,invalid_match_href
https://www.vlr.gg/event/matches/392/,/16120/unity-vs-e-natolian-spor-club-champions-tour-turkey-stage-2-challengers-2-ro64,invalid_match_href
https://www.vlr.gg/event/matches/392/,/16121/team-6ix-vs-cobrakai-champions-tour-turkey-stage-2-challengers-2-ro64,invalid_match_href
https://www.vlr.gg/event/matches/392/,/16122/bestrandom5-vs-kafalar-esports-champions-tour-turkey-stage-2-challengers-2-ro64,invalid_match_href
https://www.vlr.gg/event/matches/392/,/16123/risus-force-vs-overwatch-champions-tour-turkey-stage-2-challengers-2-ro64,invalid_match_href
https://www.vlr.gg/event/matches/392/,/16124/orgless5-vs-team-questionmark-champions-tour-turkey-stage-2-challengers-2-ro64,invalid_match_href
https://www.vlr.gg/event/matches/392/,/16125/sun-rise-vs-raging-fire-esports-champions-tour-turkey-stage-2-challengers-2-ro64,invalid_match_href
https://www.vlr.gg/event/matches/392/,/16126/foxn-team-vs-judge-to-world-champions-tour-turkey-stage-2-challengers-2-ro64,invalid_match_href
https://www.vlr.gg/event/matches/392/,/16127/armutlar-vs-aklabanlar-champions-tour-turkey-stage-2-challengers-2-ro64,invalid_match_href
https://www.vlr.gg/event/matches/392/,/16128/high-pressure-vs-1907-fenerbah-e-esport-champions-tour-turkey-stage-2-challengers-2-ro64,invalid_match_href
https://www.vlr.gg/event/matches/392/,/16129/talamus-team-blue-e-sport-vs-massivestroke-e-sports-champions-tour-turkey-stage-2-challengers-2,invalid_match_href
https://www.vlr.gg/event/matches/392/,/16130/ice-ivory-vs-victorious-beast-champions-tour-turkey-stage-2-challengers-2-ro64,invalid_match_href
https://www.vlr.gg/event/matches/392/,/16131/anatolia-esports-vs-zero-zone-champions-tour-turkey-stage-2-challengers-2-ro64,invalid_match_href
https://www.vlr.gg/event/matches/392/,/16132/randomfive-vs-stanbul-wildcats-champions-tour-turkey-stage-2-challengers-2-ro64,invalid_match_href
https://www.vlr.gg/event/matches/392/,/16133/old-cihangir-vs-antalyaspor-esports-champions-tour-turkey-stage-2-challengers-2-ro64,invalid_match_href
https://www.vlr.gg/event/matches/392/,/16134/rare-esports-vs-erzincangamingxd-champions-tour-turkey-stage-2-challengers-2-ro64,invalid_match_href
https://www.vlr.gg/event/matches/392/,/16135/eaglepaw-vs-xflow-esports-champions-tour-turkey-stage-2-challengers-2-ro64,invalid_match_href
https://www.vlr.gg/event/matches/392/,/16136/maskeli-be-ler-vs-kral-ve-b-y-c-leri-champions-tour-turkey-stage-2-challengers-2-ro64,invalid_match_href
https://www.vlr.gg/event/matches/392/,/16137/more-esports-vs-team-suig-champions-tour-turkey-stage-2-challengers-2-ro64,invalid_match_href
https://www.vlr.gg/event/matches/392/,/16138/old-puggers-vs-5-fire-champions-tour-turkey-stage-2-challengers-2-ro64,invalid_match_href
https://www.vlr.gg/event/matches/392/,/16139/otherside-vs-only-biladerler-champions-tour-turkey-stage-2-challengers-2-ro64,invalid_match_href
https://www.vlr.gg/event/matches/392/,/16140/rel-por-gaming-vs-sangal-esports-champions-tour-turkey-stage-2-challengers-2-ro64,invalid_match_href
https://www.vlr.gg/event/matches/392/,/16141/besiktas-esports-vs-bursaespor-champions-tour-turkey-stage-2-challengers-2-ro64,invalid_match_href
https://www.vlr.gg/event/matches/392/,/16142/fawes-vs-mental-zero-champions-tour-turkey-stage-2-challengers-2-ro64,invalid_match_href
https://www.vlr.gg/event/matches/392/,/16143/cousins-vs-longway-esports-champions-tour-turkey-stage-2-challengers-2-ro64,invalid_match_href
https://www.vlr.gg/event/matches/392/,/16144/cyber-skull-esports-vs-comeback-e-spor-champions-tour-turkey-stage-2-challengers-2-ro64,invalid_match_href
https://www.vlr.gg/event/matches/392/,/16145/thunderbolts-gaming-vs-raventlas-champions-tour-turkey-stage-2-challengers-2-ro64,invalid_match_href
https://www.vlr.gg/event/matches/392/,/16146/templars-e-sports-vs-high5-champions-tour-turkey-stage-2-challengers-2-ro64,invalid_match_href
https://www.vlr.gg/event/matches/392/,/16147/rain-e-sports-vs-team-legend-champions-tour-turkey-stage-2-challengers-2-ro64,invalid_match_href
https://www.vlr.gg/event/matches/392/,/16148/bbl-esports-vs-nonamers-champions-tour-turkey-stage-2-challengers-2-ro64,invalid_match_href
https://www.vlr.gg/event/matches/392/,/16149/sizdim-bekle-vs-inland-knights-champions-tour-turkey-stage-2-challengers-2-ro64,invalid_match_href
https://www.vlr.gg/event/matches/392/,/16159/maskeli-be-ler-vs-more-esports-champions-tour-turkey-stage-2-challengers-2-ro32,invalid_match_href
https://www.vlr.gg/event/matches/392/,/16165/bbl-esports-vs-sizdim-bekle-champions-tour-turkey-stage-2-challengers-2-ro32,invalid_match_href
https://www.vlr.gg/event/matches/392/,/16150/westside-vs-wemade-fox-champions-tour-turkey-stage-2-challengers-2-ro32,invalid_match_href
https://www.vlr.gg/event/matches/392/,/16151/unity-vs-cobrakai-champions-tour-turkey-stage-2-challengers-2-ro32,invalid_match_href
https://www.vlr.gg/event/matches/392/,/16152/kafalar-esports-vs-overwatch-champions-tour-turkey-stage-2-challengers-2-ro32,invalid_match_href
https://www.vlr.gg/event/matches/392/,/16153/orgless5-vs-raging-fire-esports-champions-tour-turkey-stage-2-challengers-2-ro32,invalid_match_href
https://www.vlr.gg/event/matches/392/,/16154/foxn-team-vs-armutlar-champions-tour-turkey-stage-2-challengers-2-ro32,invalid_match_href
https://www.vlr.gg/event/matches/392/,/16155/1907-fenerbah-e-esport-vs-talamus-team-blue-e-sport-champions-tour-turkey-stage-2-challengers-2,invalid_match_href
https://www.vlr.gg/event/matches/392/,/16156/ice-ivory-vs-anatolia-esports-champions-tour-turkey-stage-2-challengers-2-ro32,invalid_match_href
https://www.vlr.gg/event/matches/392/,/16157/stanbul-wildcats-vs-antalyaspor-esports-champions-tour-turkey-stage-2-challengers-2-ro32,invalid_match_href
https://www.vlr.gg/event/matches/392/,/16158/rare-esports-vs-xflow-esports-champions-tour-turkey-stage-2-challengers-2-ro32,invalid_match_href
https://www.vlr.gg/event/matches/392/,/16160/5-fire-vs-otherside-champions-tour-turkey-stage-2-challengers-2-ro32,invalid_match_href
https://www.vlr.gg/event/matches/392/,/16161/sangal-esports-vs-besiktas-esports-champions-tour-turkey-stage-2-challengers-2-ro32,invalid_match_href
https://www.vlr.gg/event/matches/392/,/16162/fawes-vs-cousins-champions-tour-turkey-stage-2-challengers-2-ro32,invalid_match_href
https://www.vlr.gg/event/matches/392/,/16163/cyber-skull-esports-vs-thunderbolts-gaming-champions-tour-turkey-stage-2-challengers-2-ro32,invalid_match_href
https://www.vlr.gg/event/matches/392/,/16164/high5-vs-rain-e-sports-champions-tour-turkey-stage-2-challengers-2-ro32,invalid_match_href
https://www.vlr.gg/event/matches/392/,/16166/wemade-fox-vs-unity-champions-tour-turkey-stage-2-challengers-2-ro16,invalid_match_href
https://www.vlr.gg/event/matches/392/,/16167/kafalar-esports-vs-orgless5-champions-tour-turkey-stage-2-challengers-2-ro16,invalid_match_href
https://www.vlr.gg/event/matches/392/,/16168/foxn-team-vs-1907-fenerbah-e-esport-champions-tour-turkey-stage-2-challengers-2-ro16,invalid_match_href
https://www.vlr.gg/event/matches/392/,/16169/anatolia-esports-vs-stanbul-wildcats-champions-tour-turkey-stage-2-challengers-2-ro16,invalid_match_href
https://www.vlr.gg/event/matches/392/,/16170/rare-esports-vs-more-esports-champions-tour-turkey-stage-2-challengers-2-ro16,invalid_match_href
https://www.vlr.gg/event/matches/392/,/16171/otherside-vs-sangal-esports-champions-tour-turkey-stage-2-challengers-2-ro16,invalid_match_href
https://www.vlr.gg/event/matches/392/,/16172/fawes-vs-cyber-skull-esports-champions-tour-turkey-stage-2-challengers-2-ro16,invalid_match_href
https://www.vlr.gg/event/matches/392/,/16173/rain-e-sports-vs-bbl-esports-champions-tour-turkey-stage-2-challengers-2-ro16,invalid_match_href
https://www.vlr.gg/event/matches/392/,/16461/1907-fenerbah-e-esport-vs-anatolia-esports-champions-tour-turkey-stage-2-challengers-2-qf,invalid_match_href
https://www.vlr.gg/event/matches/392/,/16462/unity-vs-orgless5-champions-tour-turkey-stage-2-challengers-2-qf,invalid_match_href
https://www.vlr.gg/event/matches/392/,/16463/rare-esports-vs-otherside-champions-tour-turkey-stage-2-challengers-2-qf,invalid_match_href
https://www.vlr.gg/event/matches/392/,/16464/cyber-skull-esports-vs-bbl-esports-champions-tour-turkey-stage-2-challengers-2-qf,invalid_match_href
https://www.vlr.gg/event/matches/392/,/16486/bbl-esports-vs-1907-fenerbah-e-esport-champions-tour-turkey-stage-2-challengers-2-qf,invalid_match_href
https://www.vlr.gg/event/matches/392/,/16487/unity-vs-otherside-champions-tour-turkey-stage-2-challengers-2-qf,invalid_match_href
https://www.vlr.gg/event/matches/392/,/16488/rare-esports-vs-orgless5-champions-tour-turkey-stage-2-challengers-2-qf,invalid_match_href
https://www.vlr.gg/event/matches/392/,/16489/anatolia-esports-vs-cyber-skull-esports-champions-tour-turkey-stage-2-challengers-2-qf,invalid_match_href
https://www.vlr.gg/event/matches/392/,/16490/bbl-esports-vs-otherside-champions-tour-turkey-stage-2-challengers-2-sf,invalid_match_href
https://www.vlr.gg/event/matches/392/,/16491/rare-esports-vs-anatolia-esports-champions-tour-turkey-stage-2-challengers-2-sf,invalid_match_href
https://www.vlr.gg/event/matches/392/,/16492/bbl-esports-vs-anatolia-esports-champions-tour-turkey-stage-2-challengers-2-gf,invalid_match_href
https://www.vlr.gg/event/matches/374/,/14981/xenex-vs-19esports-champions-tour-europe-stage-2-challengers-1-ro256,invalid_match_href
https://www.vlr.gg/event/matches/374/,/14949/purple-puff-gang-vs-extraordinary-champions-tour-europe-stage-2-challengers-1-ro256,invalid_match_href
https://www.vlr.gg/event/matches/374/,/14950/ftw-esports-vs-burst-champions-tour-europe-stage-2-challengers-1-ro256,invalid_match_href
https://www.vlr.gg/event/matches/374/,/14951/team-kaio-vs-white-lotus-esports-champions-tour-europe-stage-2-challengers-1-ro256,invalid_match_href
https://www.vlr.gg/event/matches/374/,/14952/noeffort-vs-arbalest-champions-tour-europe-stage-2-challengers-1-ro256,invalid_match_href
https://www.vlr.gg/event/matches/374/,/14953/project-greywing-vs-ballista-champions-tour-europe-stage-2-challengers-1-ro256,invalid_match_href
https://www.vlr.gg/event/matches/374/,/14954/unknown-vs-divan-champions-tour-europe-stage-2-challengers-1-ro256,invalid_match_href
https://www.vlr.gg/event/matches/374/,/14955/klatwa-vs-dame-time-champions-tour-europe-stage-2-challengers-1-ro256,invalid_match_href
https://www.vlr.gg/event/matches/374/,/14956/lujminosity-vs-edelweiss-esports-champions-tour-europe-stage-2-challengers-1-ro256,invalid_match_href
https://www.vlr.gg/event/matches/374/,/14957/krecinosy-vs-patchwork-champions-tour-europe-stage-2-challengers-1-ro256,invalid_match_href
https://www.vlr.gg/event/matches/374/,/14958/toools-esports-vs-freya-champions-tour-europe-stage-2-challengers-1-ro256,invalid_match_href
https://www.vlr.gg/event/matches/374/,/14959/team-vitality-vs-vertical-seven-esports-champions-tour-europe-stage-2-challengers-1-ro256,invalid_match_href
https://www.vlr.gg/event/matches/374/,/14960/circe-vs-badturtles-esport-champions-tour-europe-stage-2-challengers-1-ro256,invalid_match_href
https://www.vlr.gg/event/matches/374/,/14961/break-vs-keepyourskill-champions-tour-europe-stage-2-challengers-1-ro256,invalid_match_href
https://www.vlr.gg/event/matches/374/,/14962/animemix-vs-virgeneshastalos40-champions-tour-europe-stage-2-challengers-1-ro256,invalid_match_href
https://www.vlr.gg/event/matches/374/,/14963/next-big-thing-vs-99crooks-champions-tour-europe-stage-2-challengers-1-ro256,invalid_match_href
https://www.vlr.gg/event/matches/374/,/14964/g2-esports-vs-1337va-champions-tour-europe-stage-2-challengers-1-ro256,invalid_match_href
https://www.vlr.gg/event/matches/374/,/14965/ayned-vs-onetap-champions-tour-europe-stage-2-challengers-1-ro256,invalid_match_href
https://www.vlr.gg/event/matches/374/,/14966/noctis-vs-acend-champions-tour-europe-stage-2-challengers-1-ro256,invalid_match_href
https://www.vlr.gg/event/matches/374/,/14967/in-your-head-vs-ackerman-team-champions-tour-europe-stage-2-challengers-1-ro256,invalid_match_href
https://www.vlr.gg/event/matches/374/,/14968/digital-sports-vs-we-know-the-meta-champions-tour-europe-stage-2-challengers-1-ro256,invalid_match_href
https://www.vlr.gg/event/matches/374/,/14969/dropz-esports-vs-rctic-champions-tour-europe-stage-2-challengers-1-ro256,invalid_match_href
https://www.vlr.gg/event/matches/374/,/14970/blue-vs-megakich-champions-tour-europe-stage-2-challengers-1-ro256,invalid_match_href
https://www.vlr.gg/event/matches/374/,/14971/saiyans-vs-un-nom-esport-champions-tour-europe-stage-2-challengers-1-ro256,invalid_match_href
https://www.vlr.gg/event/matches/374/,/14972/ovation-esports-vs-xi-gaming-champions-tour-europe-stage-2-challengers-1-ro256,invalid_match_href
https://www.vlr.gg/event/matches/374/,/14973/trytowin-vs-freeagents-champions-tour-europe-stage-2-challengers-1-ro256,invalid_match_href
https://www.vlr.gg/event/matches/374/,/14974/dgen-vs-staga-haus-champions-tour-europe-stage-2-challengers-1-ro256,invalid_match_href
https://www.vlr.gg/event/matches/374/,/14975/supd-vs-eceni-champions-tour-europe-stage-2-challengers-1-ro256,invalid_match_href
https://www.vlr.gg/event/matches/374/,/14976/giants-gaming-vs-team-sinful-champions-tour-europe-stage-2-challengers-1-ro256,invalid_match_href
https://www.vlr.gg/event/matches/374/,/14977/bean-boys-vs-red-champions-tour-europe-stage-2-challengers-1-ro256,invalid_match_href
https://www.vlr.gg/event/matches/374/,/14978/anorthosis-famagusta-esports-vs-say-cheese-champions-tour-europe-stage-2-challengers-1-ro256,invalid_match_href
https://www.vlr.gg/event/matches/374/,/14979/heet-vs-ic9-champions-tour-europe-stage-2-challengers-1-ro256,invalid_match_href
https://www.vlr.gg/event/matches/374/,/14980/burning-house-vs-swag-silicone-champions-tour-europe-stage-2-challengers-1-ro256,invalid_match_href
https://www.vlr.gg/event/matches/374/,/14982/lucky-boys-vs-wanna-do-streaks-champions-tour-europe-stage-2-challengers-1-ro256,invalid_match_href
https://www.vlr.gg/event/matches/374/,/14983/cinoze-vs-lasagna-beam-champions-tour-europe-stage-2-challengers-1-ro256,invalid_match_href
https://www.vlr.gg/event/matches/374/,/14984/g0d-stack-vs-nobility-champions-tour-europe-stage-2-challengers-1-ro256,invalid_match_href
https://www.vlr.gg/event/matches/374/,/14985/bkscsabai-e-sport-egyeslet-vs-15-kings-champions-tour-europe-stage-2-challengers-1-ro256,invalid_match_href
https://www.vlr.gg/event/matches/374/,/14986/vacuumers-vs-og-champions-tour-europe-stage-2-challengers-1-ro256,invalid_match_href
https://www.vlr.gg/event/matches/374/,/14987/snipe-the-monkeys-vs-yendez-champions-tour-europe-stage-2-challengers-1-ro256,invalid_match_href
https://www.vlr.gg/event/matches/374/,/14988/chord-vs-team-prominence-champions-tour-europe-stage-2-challengers-1-ro256,invalid_match_href
https://www.vlr.gg/event/matches/374/,/14989/revengegg-vs-gaming-barracks-champions-tour-europe-stage-2-challengers-1-ro256,invalid_match_href
https://www.vlr.gg/event/matches/374/,/14990/phlox-gaming-vs-homeless-champions-tour-europe-stage-2-challengers-1-ro256,invalid_match_href
https://www.vlr.gg/event/matches/374/,/14991/csdeadgame-vs-team-underage-champions-tour-europe-stage-2-challengers-1-ro256,invalid_match_href
https://www.vlr.gg/event/matches/374/,/14992/nofear-vs-raute-1-champions-tour-europe-stage-2-challengers-1-ro256,invalid_match_href
https://www.vlr.gg/event/matches/374/,/14993/gonextfast-vs-darren-till-champions-tour-europe-stage-2-challengers-1-ro256,invalid_match_href
https://www.vlr.gg/event/matches/374/,/14994/pingu-gang-vs-egn-esports-champions-tour-europe-stage-2-challengers-1-ro256,invalid_match_href
https://www.vlr.gg/event/matches/374/,/14995/hogwarts-vs-140-dmg-champions-tour-europe-stage-2-challengers-1-ro256,invalid_match_href
https://www.vlr.gg/event/matches/374/,/14996/uab-kvadratine-galva-vs-opportunists-champions-tour-europe-stage-2-challengers-1-ro256,invalid_match_href
https://www.vlr.gg/event/matches/374/,/14997/chicago-parsnips-vs-123tap-champions-tour-europe-stage-2-challengers-1-ro256,invalid_match_href
https://www.vlr.gg/event/matches/374/,/14998/game-fist-vs-guild-esports-champions-tour-europe-stage-2-challengers-1-ro256,invalid_match_href
https://www.vlr.gg/event/matches/374/,/14999/ath-esport-vs-movistar-riders-champions-tour-europe-stage-2-challengers-1-ro256,invalid_match_href
https://www.vlr.gg/event/matches/374/,/15000/billies-vs-big-champions-tour-europe-stage-2-challengers-1-ro256,invalid_match_href
https://www.vlr.gg/event/matches/374/,/15001/hollands-trots-vs-ewave-esports-champions-tour-europe-stage-2-challengers-1-ro256,invalid_match_href
https://www.vlr.gg/event/matches/374/,/15002/animel-vs-64-fully-tatted-champions-tour-europe-stage-2-challengers-1-ro256,invalid_match_href
https://www.vlr.gg/event/matches/374/,/15003/besiktas-esports-vs-emonkeyz-club-champions-tour-europe-stage-2-challengers-1-ro256,invalid_match_href
https://www.vlr.gg/event/matches/374/,/15004/voltage-vs-ucam-esports-club-champions-tour-europe-stage-2-challengers-1-ro256,invalid_match_href
https://www.vlr.gg/event/matches/374/,/15005/couchless-vs-twister-reloaded-champions-tour-europe-stage-2-challengers-1-ro256,invalid_match_href
https://www.vlr.gg/event/matches/374/,/15006/igp-alpha-vs-esport-szombathely-champions-tour-europe-stage-2-challengers-1-ro256,invalid_match_href
https://www.vlr.gg/event/matches/374/,/15007/brakmar-vs-progress-champions-tour-europe-stage-2-challengers-1-ro256,invalid_match_href
https://www.vlr.gg/event/matches/374/,/15008/team-liquid-vs-taunt-champions-tour-europe-stage-2-challengers-1-ro256,invalid_match_href
https://www.vlr.gg/event/matches/374/,/15009/exception-esports-vs-fortytwo-champions-tour-europe-stage-2-challengers-1-ro256,invalid_match_href
https://www.vlr.gg/event/matches/374/,/15010/lenovo-legion-honv-d-vs-lucent-esports-champions-tour-europe-stage-2-challengers-1-ro256,invalid_match_href
https://www.vlr.gg/event/matches/374/,/15011/slamming-gears-vs-saw-champions-tour-europe-stage-2-challengers-1-ro256,invalid_match_href
https://www.vlr.gg/event/matches/374/,/15012/team-questionmark-vs-grandspirit-champions-tour-europe-stage-2-challengers-1-ro256,invalid_match_href
https://www.vlr.gg/event/matches/374/,/15013/hyperion-vs-valorant-team-champions-tour-europe-stage-2-challengers-1-ro256,invalid_match_href
https://www.vlr.gg/event/matches/374/,/15014/dior-vs-linstitut-champions-tour-europe-stage-2-challengers-1-ro256,invalid_match_href
https://www.vlr.gg/event/matches/374/,/15015/boosted-vs-paint-3d-champions-tour-europe-stage-2-challengers-1-ro256,invalid_match_href
https://www.vlr.gg/event/matches/374/,/15016/nexus-gaming-vs-dreamwalker-champions-tour-europe-stage-2-challengers-1-ro256,invalid_match_href
https://www.vlr.gg/event/matches/374/,/15017/diaxmix-vs-ipon-team-horizon-reapers-champions-tour-europe-stage-2-challengers-1-ro256,invalid_match_href
https://www.vlr.gg/event/matches/374/,/15018/elo-and-muscle-vs-hsdirr-champions-tour-europe-stage-2-challengers-1-ro256,invalid_match_href
https://www.vlr.gg/event/matches/374/,/15019/mackoesports-vs-pit-stop-champions-tour-europe-stage-2-challengers-1-ro256,invalid_match_href
https://www.vlr.gg/event/matches/374/,/15020/inferus-esports-vs-volvo-peek-champions-tour-europe-stage-2-challengers-1-ro256,invalid_match_href
https://www.vlr.gg/event/matches/374/,/15021/ivy-vs-team-mce-champions-tour-europe-stage-2-challengers-1-ro256,invalid_match_href
https://www.vlr.gg/event/matches/374/,/15022/23cmtruedmg-vs-mcddonalds-esports-champions-tour-europe-stage-2-challengers-1-ro256,invalid_match_href
https://www.vlr.gg/event/matches/374/,/15023/dfiance-vs-funplus-phoenix-champions-tour-europe-stage-2-challengers-1-ro256,invalid_match_href
https://www.vlr.gg/event/matches/374/,/15024/wolfix-gaming-vs-kawaz-clan-champions-tour-europe-stage-2-challengers-1-ro256,invalid_match_href
https://www.vlr.gg/event/matches/374/,/15025/bloodydevils-vs-rogue-champions-tour-europe-stage-2-challengers-1-ro256,invalid_match_href
https://www.vlr.gg/event/matches/374/,/15026/capri-sun-vs-kuma-louis-champions-tour-europe-stage-2-challengers-1-ro256,invalid_match_href
https://www.vlr.gg/event/matches/374/,/15027/bref-vs-team-sampi-champions-tour-europe-stage-2-challengers-1-ro256,invalid_match_href
https://www.vlr.gg/event/matches/374/,/15028/humanity-project-vs-rulers-esports-champions-tour-europe-stage-2-challengers-1-ro256,invalid_match_href
https://www.vlr.gg/event/matches/374/,/15029/take-a-nap-vs-orgless420-champions-tour-europe-stage-2-challengers-1-ro256,invalid_match_href
https://www.vlr.gg/event/matches/374/,/15031/mouse5-vs-acid-gaming-champions-tour-europe-stage-2-challengers-1-ro256,invalid_match_href
https://www.vlr.gg/event/matches/374/,/15033/team-adios-vs-unsigned-losers-champions-tour-europe-stage-2-challengers-1-ro256,invalid_match_href
https://www.vlr.gg/event/matches/374/,/15034/projectil-vs-ldn-utd-champions-tour-europe-stage-2-challengers-1-ro256,invalid_match_href
https://www.vlr.gg/event/matches/374/,/15035/young-talents-vs-shield-esport-champions-tour-europe-stage-2-challengers-1-ro256,invalid_match_href
https://www.vlr.gg/event/matches/374/,/15036/tempo-vs-godalions-champions-tour-europe-stage-2-challengers-1-ro256,invalid_match_href
https://www.vlr.gg/event/matches/374/,/15037/ehehxd-vs-headzots-champions-tour-europe-stage-2-challengers-1-ro256,invalid_match_href
https://www.vlr.gg/event/matches/374/,/15038/dawn-of-stars-vs-tbd-champions-tour-europe-stage-2-challengers-1-ro256,invalid_match_href
https://www.vlr.gg/event/matches/374/,/15039/wave-esports-vs-toxicjulien-champions-tour-europe-stage-2-challengers-1-ro256,invalid_match_href
https://www.vlr.gg/event/matches/374/,/15040/rhyno-esports-vs-miracles-champions-tour-europe-stage-2-challengers-1-ro256,invalid_match_href
https://www.vlr.gg/event/matches/374/,/15041/nevermindgg-vs-yazda-champions-tour-europe-stage-2-challengers-1-ro256,invalid_match_href
https://www.vlr.gg/event/matches/374/,/15042/prestige-gaming-vs-illuminar-gaming-champions-tour-europe-stage-2-challengers-1-ro256,invalid_match_href
https://www.vlr.gg/event/matches/374/,/15043/playmakers-vs-xpg-invicta-champions-tour-europe-stage-2-challengers-1-ro256,invalid_match_href
https://www.vlr.gg/event/matches/374/,/15044/nonsensegaming-vs-incentive-champions-tour-europe-stage-2-challengers-1-ro256,invalid_match_href
https://www.vlr.gg/event/matches/374/,/15045/esuba-vs-dream-team-champions-tour-europe-stage-2-challengers-1-ro256,invalid_match_href
https://www.vlr.gg/event/matches/374/,/15046/dark-tigers-vs-revivemejett-champions-tour-europe-stage-2-challengers-1-ro256,invalid_match_href
https://www.vlr.gg/event/matches/374/,/15047/tarren-mill-vs-patatera-squad-champions-tour-europe-stage-2-challengers-1-ro256,invalid_match_href
https://www.vlr.gg/event/matches/374/,/15048/sprayz-gaming-vs-austrian-force-champions-tour-europe-stage-2-challengers-1-ro256,invalid_match_href
https://www.vlr.gg/event/matches/374/,/15049/team-gravity-vs-unfamous-champions-tour-europe-stage-2-challengers-1-ro256,invalid_match_href
https://www.vlr.gg/event/matches/374/,/15050/lancaster-bombers-vs-winfinity-champions-tour-europe-stage-2-challengers-1-ro256,invalid_match_href
https://www.vlr.gg/event/matches/374/,/15051/alliance-vs-tauceti-champions-tour-europe-stage-2-challengers-1-ro256,invalid_match_href
https://www.vlr.gg/event/matches/374/,/15052/ubiteam-vs-cream-real-betis-champions-tour-europe-stage-2-challengers-1-ro256,invalid_match_href
https://www.vlr.gg/event/matches/374/,/15053/elo-delivery-vs-honk-champions-tour-europe-stage-2-challengers-1-ro256,invalid_match_href
https://www.vlr.gg/event/matches/374/,/15054/fierce-vs-gamebreakers-champions-tour-europe-stage-2-challengers-1-ro256,invalid_match_href
https://www.vlr.gg/event/matches/374/,/15055/durrnation-vs-nebulaa-champions-tour-europe-stage-2-challengers-1-ro256,invalid_match_href
https://www.vlr.gg/event/matches/374/,/15056/john-howard-vs-nox-esports-champions-tour-europe-stage-2-challengers-1-ro256,invalid_match_href
https://www.vlr.gg/event/matches/374/,/15057/one-good-player-vs-team-queso-champions-tour-europe-stage-2-challengers-1-ro256,invalid_match_href
https://www.vlr.gg/event/matches/374/,/15058/out-of-sight-vs-fnatic-champions-tour-europe-stage-2-challengers-1-ro256,invalid_match_href
https://www.vlr.gg/event/matches/374/,/15059/atravs-vs-lancraft-champions-tour-europe-stage-2-challengers-1-ro256,invalid_match_href
https://www.vlr.gg/event/matches/374/,/15060/canity-esport-vs-guardian-espor-champions-tour-europe-stage-2-challengers-1-ro256,invalid_match_href
https://www.vlr.gg/event/matches/374/,/15061/whynotvlr-vs-tzatzikiklubben-champions-tour-europe-stage-2-challengers-1-ro256,invalid_match_href
https://www.vlr.gg/event/matches/374/,/15062/doublecross-esports-vs-flymate-champions-tour-europe-stage-2-challengers-1-ro256,invalid_match_href
https://www.vlr.gg/event/matches/374/,/15063/voltsclub-vs-team-finest-champions-tour-europe-stage-2-challengers-1-ro256,invalid_match_href
https://www.vlr.gg/event/matches/374/,/15064/beasts-vs-aljeks-disciples-champions-tour-europe-stage-2-challengers-1-ro256,invalid_match_href
https://www.vlr.gg/event/matches/374/,/15065/cvmbackseat-trucatruca-vs-rix-gg-champions-tour-europe-stage-2-challengers-1-ro256,invalid_match_href
https://www.vlr.gg/event/matches/374/,/15066/oserv-esport-vs-endevant-champions-tour-europe-stage-2-challengers-1-ro256,invalid_match_href
https://www.vlr.gg/event/matches/374/,/15067/team-wuka-vs-full-flashed-champions-tour-europe-stage-2-challengers-1-ro256,invalid_match_href
https://www.vlr.gg/event/matches/374/,/15068/no-witness-vs-excel-champions-tour-europe-stage-2-challengers-1-ro256,invalid_match_href
https://www.vlr.gg/event/matches/374/,/15069/the-300-spartans-vs-doneval-champions-tour-europe-stage-2-challengers-1-ro256,invalid_match_href
https://www.vlr.gg/event/matches/374/,/15070/team-7am-vs-contactless-champions-tour-europe-stage-2-challengers-1-ro256,invalid_match_href
https://www.vlr.gg/event/matches/374/,/15071/fojosok-vs-team-heretics-champions-tour-europe-stage-2-challengers-1-ro256,invalid_match_href
https://www.vlr.gg/event/matches/374/,/15072/ill-s-akad-mia-spirit-vs-deftfox-champions-tour-europe-stage-2-challengers-1-ro256,invalid_match_href
https://www.vlr.gg/event/matches/374/,/15073/entropiq-vs-moose-knucklers-champions-tour-europe-stage-2-challengers-1-ro256,invalid_match_href
https://www.vlr.gg/event/matches/374/,/15074/handless-vs-ownage-champions-tour-europe-stage-2-challengers-1-ro256,invalid_match_href
https://www.vlr.gg/event/matches/374/,/15076/tgv-vs-lastwind-champions-tour-europe-stage-2-challengers-1-ro256,invalid_match_href
https://www.vlr.gg/event/matches/374/,/15030/ninjas-in-pyjamas-vs-atreus-champions-tour-europe-stage-2-challengers-1-ro256,invalid_match_href
https://www.vlr.gg/event/matches/374/,/15032/chicky-bucky-vs-ss-elle-champions-tour-europe-stage-2-challengers-1-ro256,invalid_match_href
https://www.vlr.gg/event/matches/374/,/15134/team-finest-vs-aljeks-disciples-champions-tour-europe-stage-2-challengers-1-ro128,invalid_match_href
https://www.vlr.gg/event/matches/374/,/15115/bloodydevils-vs-capri-sun-champions-tour-europe-stage-2-challengers-1-ro128,invalid_match_href
https://www.vlr.gg/event/matches/374/,/15101/123tap-vs-guild-esports-champions-tour-europe-stage-2-challengers-1-ro128,invalid_match_href
https://www.vlr.gg/event/matches/374/,/15111/ipon-team-horizon-reapers-vs-hsdirr-champions-tour-europe-stage-2-challengers-1-ro128,invalid_match_href
https://www.vlr.gg/event/matches/374/,/15093/19esports-vs-lucky-boys-champions-tour-europe-stage-2-challengers-1-ro128,invalid_match_href
https://www.vlr.gg/event/matches/374/,/15114/funplus-phoenix-vs-wolfix-gaming-champions-tour-europe-stage-2-challengers-1-ro128,invalid_match_href
https://www.vlr.gg/event/matches/374/,/15131/team-queso-vs-fnatic-champions-tour-europe-stage-2-challengers-1-ro128,invalid_match_href
https://www.vlr.gg/event/matches/374/,/15084/99crooks-vs-g2-esports-champions-tour-europe-stage-2-challengers-1-ro128,invalid_match_href
https://www.vlr.gg/event/matches/374/,/15097/revengegg-vs-homeless-champions-tour-europe-stage-2-challengers-1-ro128,invalid_match_href
https://www.vlr.gg/event/matches/374/,/15102/movistar-riders-vs-big-champions-tour-europe-stage-2-challengers-1-ro128,invalid_match_href
https://www.vlr.gg/event/matches/374/,/15128/alliance-vs-cream-real-betis-champions-tour-europe-stage-2-challengers-1-ro128,invalid_match_href
https://www.vlr.gg/event/matches/374/,/15130/nebulaa-vs-john-howard-champions-tour-europe-stage-2-challengers-1-ro128,invalid_match_href
https://www.vlr.gg/event/matches/374/,/15132/atravs-vs-canity-esport-champions-tour-europe-stage-2-challengers-1-ro128,invalid_match_href
https://www.vlr.gg/event/matches/374/,/15077/extraordinary-vs-ftw-esports-champions-tour-europe-stage-2-challengers-1-ro128,invalid_match_href
https://www.vlr.gg/event/matches/374/,/15078/team-kaio-vs-noeffort-champions-tour-europe-stage-2-challengers-1-ro128,invalid_match_href
https://www.vlr.gg/event/matches/374/,/15079/ballista-vs-divan-champions-tour-europe-stage-2-challengers-1-ro128,invalid_match_href
https://www.vlr.gg/event/matches/374/,/15080/klatwa-vs-edelweiss-esports-champions-tour-europe-stage-2-challengers-1-ro128,invalid_match_href
https://www.vlr.gg/event/matches/374/,/15081/patchwork-vs-toools-esports-champions-tour-europe-stage-2-challengers-1-ro128,invalid_match_href
https://www.vlr.gg/event/matches/374/,/15086/ackerman-team-vs-we-know-the-meta-champions-tour-europe-stage-2-challengers-1-ro128,invalid_match_href
https://www.vlr.gg/event/matches/374/,/15090/supd-vs-giants-gaming-champions-tour-europe-stage-2-challengers-1-ro128,invalid_match_href
https://www.vlr.gg/event/matches/374/,/15094/lasagna-beam-vs-g0d-stack-champions-tour-europe-stage-2-challengers-1-ro128,invalid_match_href
https://www.vlr.gg/event/matches/374/,/15100/hogwarts-vs-opportunists-champions-tour-europe-stage-2-challengers-1-ro128,invalid_match_href
https://www.vlr.gg/event/matches/374/,/15106/progress-vs-team-liquid-champions-tour-europe-stage-2-challengers-1-ro128,invalid_match_href
https://www.vlr.gg/event/matches/374/,/15137/the-300-spartans-vs-team-7am-champions-tour-europe-stage-2-challengers-1-ro128,invalid_match_href
https://www.vlr.gg/event/matches/374/,/15138/team-heretics-vs-deftfox-champions-tour-europe-stage-2-challengers-1-ro128,invalid_match_href
https://www.vlr.gg/event/matches/374/,/15095/15-kings-vs-og-champions-tour-europe-stage-2-challengers-1-ro128,invalid_match_href
https://www.vlr.gg/event/matches/374/,/15139/entropiq-vs-ownage-champions-tour-europe-stage-2-challengers-1-ro128,invalid_match_href
https://www.vlr.gg/event/matches/374/,/15082/team-vitality-vs-circe-champions-tour-europe-stage-2-challengers-1-ro128,invalid_match_href
https://www.vlr.gg/event/matches/374/,/15083/keepyourskill-vs-animemix-champions-tour-europe-stage-2-challengers-1-ro128,invalid_match_href
https://www.vlr.gg/event/matches/374/,/15085/onetap-vs-acend-champions-tour-europe-stage-2-challengers-1-ro128,invalid_match_href
https://www.vlr.gg/event/matches/374/,/15087/dropz-esports-vs-megakich-champions-tour-europe-stage-2-challengers-1-ro128,invalid_match_href
https://www.vlr.gg/event/matches/374/,/15088/saiyans-vs-ovation-esports-champions-tour-europe-stage-2-challengers-1-ro128,invalid_match_href
https://www.vlr.gg/event/matches/374/,/15089/trytowin-vs-staga-haus-champions-tour-europe-stage-2-challengers-1-ro128,invalid_match_href
https://www.vlr.gg/event/matches/374/,/15091/red-vs-say-cheese-champions-tour-europe-stage-2-challengers-1-ro128,invalid_match_href
https://www.vlr.gg/event/matches/374/,/15092/heet-vs-swag-silicone-champions-tour-europe-stage-2-challengers-1-ro128,invalid_match_href
https://www.vlr.gg/event/matches/374/,/15096/yendez-vs-team-prominence-champions-tour-europe-stage-2-challengers-1-ro128,invalid_match_href
https://www.vlr.gg/event/matches/374/,/15098/csdeadgame-vs-raute-1-champions-tour-europe-stage-2-challengers-1-ro128,invalid_match_href
https://www.vlr.gg/event/matches/374/,/15103/ewave-esports-vs-animel-champions-tour-europe-stage-2-challengers-1-ro128,invalid_match_href
https://www.vlr.gg/event/matches/374/,/15104/emonkeyz-club-vs-ucam-esports-club-champions-tour-europe-stage-2-challengers-1-ro128,invalid_match_href
https://www.vlr.gg/event/matches/374/,/15105/couchless-vs-esport-szombathely-champions-tour-europe-stage-2-challengers-1-ro128,invalid_match_href
https://www.vlr.gg/event/matches/374/,/15107/exception-esports-vs-lucent-esports-champions-tour-europe-stage-2-challengers-1-ro128,invalid_match_href
https://www.vlr.gg/event/matches/374/,/15108/saw-vs-team-questionmark-champions-tour-europe-stage-2-challengers-1-ro128,invalid_match_href
https://www.vlr.gg/event/matches/374/,/15109/valorant-team-vs-linstitut-champions-tour-europe-stage-2-challengers-1-ro128,invalid_match_href
https://www.vlr.gg/event/matches/374/,/15112/pit-stop-vs-volvo-peek-champions-tour-europe-stage-2-challengers-1-ro128,invalid_match_href
https://www.vlr.gg/event/matches/374/,/15116/team-sampi-vs-rulers-esports-champions-tour-europe-stage-2-challengers-1-ro128,invalid_match_href
https://www.vlr.gg/event/matches/374/,/15117/take-a-nap-vs-ninjas-in-pyjamas-champions-tour-europe-stage-2-challengers-1-ro128,invalid_match_href
https://www.vlr.gg/event/matches/374/,/15118/mouse5-vs-ss-elle-champions-tour-europe-stage-2-challengers-1-ro128,invalid_match_href
https://www.vlr.gg/event/matches/374/,/15119/team-adios-vs-ldn-utd-champions-tour-europe-stage-2-challengers-1-ro128,invalid_match_href
https://www.vlr.gg/event/matches/374/,/15120/young-talents-vs-tempo-champions-tour-europe-stage-2-challengers-1-ro128,invalid_match_href
https://www.vlr.gg/event/matches/374/,/15122/wave-esports-vs-miracles-champions-tour-europe-stage-2-challengers-1-ro128,invalid_match_href
https://www.vlr.gg/event/matches/374/,/15123/yazda-vs-illuminar-gaming-champions-tour-europe-stage-2-challengers-1-ro128,invalid_match_href
https://www.vlr.gg/event/matches/374/,/15124/playmakers-vs-incentive-champions-tour-europe-stage-2-challengers-1-ro128,invalid_match_href
https://www.vlr.gg/event/matches/374/,/15125/esuba-vs-dark-tigers-champions-tour-europe-stage-2-challengers-1-ro128,invalid_match_href
https://www.vlr.gg/event/matches/374/,/15126/tarren-mill-vs-austrian-force-champions-tour-europe-stage-2-challengers-1-ro128,invalid_match_href
https://www.vlr.gg/event/matches/374/,/15127/team-gravity-vs-winfinity-champions-tour-europe-stage-2-challengers-1-ro128,invalid_match_href
https://www.vlr.gg/event/matches/374/,/15129/honk-vs-fierce-champions-tour-europe-stage-2-challengers-1-ro128,invalid_match_href
https://www.vlr.gg/event/matches/374/,/15133/whynotvlr-vs-flymate-champions-tour-europe-stage-2-challengers-1-ro128,invalid_match_href
https://www.vlr.gg/event/matches/374/,/15135/rix-gg-vs-oserv-esport-champions-tour-europe-stage-2-challengers-1-ro128,invalid_match_href
https://www.vlr.gg/event/matches/374/,/15136/full-flashed-vs-excel-champions-tour-europe-stage-2-challengers-1-ro128,invalid_match_href
https://www.vlr.gg/event/matches/374/,/15099/darren-till-vs-pingu-gang-champions-tour-europe-stage-2-challengers-1-ro128,invalid_match_href
https://www.vlr.gg/event/matches/374/,/15110/paint-3d-vs-dreamwalker-champions-tour-europe-stage-2-challengers-1-ro128,invalid_match_href
https://www.vlr.gg/event/matches/374/,/15113/ivy-vs-mcddonalds-esports-champions-tour-europe-stage-2-challengers-1-ro128,invalid_match_href
https://www.vlr.gg/event/matches/374/,/15121/ehehxd-vs-dawn-of-stars-champions-tour-europe-stage-2-challengers-1-ro128,invalid_match_href
https://www.vlr.gg/event/matches/374/,/15140/ambitious-vs-lastwind-champions-tour-europe-stage-2-challengers-1-ro128,invalid_match_href
https://www.vlr.gg/event/matches/374/,/15144/ftw-esports-vs-team-kaio-champions-tour-europe-stage-2-challengers-1-ro64,invalid_match_href
https://www.vlr.gg/event/matches/374/,/15145/ballista-vs-klatwa-champions-tour-europe-stage-2-challengers-1-ro64,invalid_match_href
https://www.vlr.gg/event/matches/374/,/15146/patchwork-vs-team-vitality-champions-tour-europe-stage-2-challengers-1-ro64,invalid_match_href
https://www.vlr.gg/event/matches/374/,/15147/animemix-vs-g2-esports-champions-tour-europe-stage-2-challengers-1-ro64,invalid_match_href
https://www.vlr.gg/event/matches/374/,/15148/acend-vs-ackerman-team-champions-tour-europe-stage-2-challengers-1-ro64,invalid_match_href
https://www.vlr.gg/event/matches/374/,/15149/megakich-vs-ovation-esports-champions-tour-europe-stage-2-challengers-1-ro64,invalid_match_href
https://www.vlr.gg/event/matches/374/,/15150/staga-haus-vs-giants-gaming-champions-tour-europe-stage-2-challengers-1-ro64,invalid_match_href
https://www.vlr.gg/event/matches/374/,/15151/say-cheese-vs-heet-champions-tour-europe-stage-2-challengers-1-ro64,invalid_match_href
https://www.vlr.gg/event/matches/374/,/15152/19esports-vs-lasagna-beam-champions-tour-europe-stage-2-challengers-1-ro64,invalid_match_href
https://www.vlr.gg/event/matches/374/,/15153/og-vs-yendez-champions-tour-europe-stage-2-challengers-1-ro64,invalid_match_href
https://www.vlr.gg/event/matches/374/,/15154/homeless-vs-raute-1-champions-tour-europe-stage-2-challengers-1-ro64,invalid_match_href
https://www.vlr.gg/event/matches/374/,/15155/darren-till-vs-opportunists-champions-tour-europe-stage-2-challengers-1-ro64,invalid_match_href
https://www.vlr.gg/event/matches/374/,/15156/guild-esports-vs-movistar-riders-champions-tour-europe-stage-2-challengers-1-ro64,invalid_match_href
https://www.vlr.gg/event/matches/374/,/15157/animel-vs-emonkeyz-club-champions-tour-europe-stage-2-challengers-1-ro64,invalid_match_href
https://www.vlr.gg/event/matches/374/,/15158/couchless-vs-team-liquid-champions-tour-europe-stage-2-challengers-1-ro64,invalid_match_href
https://www.vlr.gg/event/matches/374/,/15159/lucent-esports-vs-saw-champions-tour-europe-stage-2-challengers-1-ro64,invalid_match_href
https://www.vlr.gg/event/matches/374/,/15160/linstitut-vs-dreamwalker-champions-tour-europe-stage-2-challengers-1-ro64,invalid_match_href
https://www.vlr.gg/event/matches/374/,/15162/ipon-team-horizon-reapers-vs-volvo-peek-champions-tour-europe-stage-2-challengers-1-ro64,invalid_match_href
https://www.vlr.gg/event/matches/374/,/15163/ivy-vs-funplus-phoenix-champions-tour-europe-stage-2-challengers-1-ro64,invalid_match_href
https://www.vlr.gg/event/matches/374/,/15164/capri-sun-vs-team-sampi-champions-tour-europe-stage-2-challengers-1-ro64,invalid_match_href
https://www.vlr.gg/event/matches/374/,/15165/ninjas-in-pyjamas-vs-sas-elle-champions-tour-europe-stage-2-challengers-1-ro64,invalid_match_href
https://www.vlr.gg/event/matches/374/,/15166/ldn-utd-vs-tempo-champions-tour-europe-stage-2-challengers-1-ro64,invalid_match_href
https://www.vlr.gg/event/matches/374/,/15167/dawn-of-stars-vs-wave-esports-champions-tour-europe-stage-2-challengers-1-ro64,invalid_match_href
https://www.vlr.gg/event/matches/374/,/15168/illuminar-gaming-vs-playmakers-champions-tour-europe-stage-2-challengers-1-ro64,invalid_match_href
https://www.vlr.gg/event/matches/374/,/15169/esuba-vs-tarren-mill-champions-tour-europe-stage-2-challengers-1-ro64,invalid_match_href
https://www.vlr.gg/event/matches/374/,/15170/team-gravity-vs-alliance-champions-tour-europe-stage-2-challengers-1-ro64,invalid_match_href
https://www.vlr.gg/event/matches/374/,/15171/honk-vs-nebulaa-champions-tour-europe-stage-2-challengers-1-ro64,invalid_match_href
https://www.vlr.gg/event/matches/374/,/15172/fnatic-vs-atravs-champions-tour-europe-stage-2-challengers-1-ro64,invalid_match_href
https://www.vlr.gg/event/matches/374/,/15173/whynotvlr-vs-team-finest-champions-tour-europe-stage-2-challengers-1-ro64,invalid_match_href
https://www.vlr.gg/event/matches/374/,/15174/rix-gg-vs-excel-champions-tour-europe-stage-2-challengers-1-ro64,invalid_match_href
https://www.vlr.gg/event/matches/374/,/15175/team-7am-vs-team-heretics-champions-tour-europe-stage-2-challengers-1-ro64,invalid_match_href
https://www.vlr.gg/event/matches/374/,/15176/entropiq-vs-ambitious-champions-tour-europe-stage-2-challengers-1-ro64,invalid_match_href
https://www.vlr.gg/event/matches/374/,/15177/ftw-esports-vs-klatwa-champions-tour-europe-stage-2-challengers-1-ro32,invalid_match_href
https://www.vlr.gg/event/matches/374/,/15184/team-liquid-vs-saw-champions-tour-europe-stage-2-challengers-1-ro32,invalid_match_href
https://www.vlr.gg/event/matches/374/,/15180/giants-gaming-vs-heet-champions-tour-europe-stage-2-challengers-1-ro32,invalid_match_href
https://www.vlr.gg/event/matches/374/,/15185/linstitut-vs-volvo-peek-champions-tour-europe-stage-2-challengers-1-ro32,invalid_match_href
https://www.vlr.gg/event/matches/374/,/15179/acend-vs-megastitut-champions-tour-europe-stage-2-challengers-1-ro32,invalid_match_href
https://www.vlr.gg/event/matches/374/,/15182/homeless-vs-opportunists-champions-tour-europe-stage-2-challengers-1-ro32,invalid_match_href
https://www.vlr.gg/event/matches/374/,/15183/guild-esports-vs-animel-champions-tour-europe-stage-2-challengers-1-ro32,invalid_match_href
https://www.vlr.gg/event/matches/374/,/15188/wave-esports-vs-illuminar-gaming-champions-tour-europe-stage-2-challengers-1-ro32,invalid_match_href
https://www.vlr.gg/event/matches/374/,/15190/honk-vs-fnatic-champions-tour-europe-stage-2-challengers-1-ro32,invalid_match_href
https://www.vlr.gg/event/matches/374/,/15192/team-heretics-vs-entropiq-champions-tour-europe-stage-2-challengers-1-ro32,invalid_match_href
https://www.vlr.gg/event/matches/374/,/15187/ninjas-in-pyjamas-vs-ldn-utd-champions-tour-europe-stage-2-challengers-1-ro32,invalid_match_href
https://www.vlr.gg/event/matches/374/,/15191/team-finest-vs-rix-gg-champions-tour-europe-stage-2-challengers-1-ro32,invalid_match_href
https://www.vlr.gg/event/matches/374/,/15178/team-vitality-vs-g2-esports-champions-tour-europe-stage-2-challengers-1-ro32,invalid_match_href
https://www.vlr.gg/event/matches/374/,/15181/lasagna-beam-vs-yendez-champions-tour-europe-stage-2-challengers-1-ro32,invalid_match_href
https://www.vlr.gg/event/matches/374/,/15189/tarren-mill-vs-alliance-champions-tour-europe-stage-2-challengers-1-ro32,invalid_match_href
https://www.vlr.gg/event/matches/374/,/15186/funplus-phoenix-vs-team-sampi-champions-tour-europe-stage-2-challengers-1-ro32,invalid_match_href
https://www.vlr.gg/event/matches/374/,/14827/klatwa-vs-team-vitality-champions-tour-europe-stage-2-challengers-1-ro16,invalid_match_href
https://www.vlr.gg/event/matches/374/,/14828/acend-vs-giants-gaming-champions-tour-europe-stage-2-challengers-1-ro16,invalid_match_href
https://www.vlr.gg/event/matches/374/,/14829/lasagna-beam-vs-opportunists-champions-tour-europe-stage-2-challengers-1-ro16,invalid_match_href
https://www.vlr.gg/event/matches/374/,/14830/guild-esports-vs-team-liquid-champions-tour-europe-stage-2-challengers-1-ro16,invalid_match_href
https://www.vlr.gg/event/matches/374/,/15301/volvo-peek-vs-funplus-phoenix-champions-tour-europe-stage-2-challengers-1-ro16,invalid_match_href
https://www.vlr.gg/event/matches/374/,/15302/ninjas-in-pyjamas-vs-wave-esports-champions-tour-europe-stage-2-challengers-1-ro16,invalid_match_href
https://www.vlr.gg/event/matches/374/,/15303/alliance-vs-fnatic-champions-tour-europe-stage-2-challengers-1-ro16,invalid_match_href
https://www.vlr.gg/event/matches/374/,/15304/rix-gg-thunder-vs-team-heretics-champions-tour-europe-stage-2-challengers-1-ro16,invalid_match_href
https://www.vlr.gg/event/matches/374/,/15306/opportunists-vs-guild-esports-champions-tour-europe-stage-2-challengers-1-qf,invalid_match_href
https://www.vlr.gg/event/matches/374/,/15305/team-vitality-vs-acend-champions-tour-europe-stage-2-challengers-1-qf,invalid_match_href
https://www.vlr.gg/event/matches/374/,/15307/funplus-phoenix-vs-ninjas-in-pyjamas-champions-tour-europe-stage-2-challengers-1-qf,invalid_match_href
https://www.vlr.gg/event/matches/374/,/15308/alliance-vs-team-heretics-champions-tour-europe-stage-2-challengers-1-qf,invalid_match_href
https://www.vlr.gg/event/matches/374/,/14834/acend-vs-ninjas-in-pyjamas-champions-tour-europe-stage-2-challengers-1-qf,invalid_match_href
https://www.vlr.gg/event/matches/374/,/14833/guild-esports-vs-alliance-champions-tour-europe-stage-2-challengers-1-qf,invalid_match_href
https://www.vlr.gg/event/matches/374/,/14836/team-heretics-vs-opportunists-champions-tour-europe-stage-2-challengers-1-qf,invalid_match_href
https://www.vlr.gg/event/matches/374/,/14835/funplus-phoenix-vs-team-vitality-champions-tour-europe-stage-2-challengers-1-qf,invalid_match_href
https://www.vlr.gg/event/matches/374/,/14837/ninjas-in-pyjamas-vs-guild-esports-champions-tour-europe-stage-2-challengers-1-sf,invalid_match_href
https://www.vlr.gg/event/matches/374/,/14838/opportunists-vs-funplus-phoenix-champions-tour-europe-stage-2-challengers-1-sf,invalid_match_href
https://www.vlr.gg/event/matches/374/,/14839/guild-esports-vs-funplus-phoenix-champions-tour-europe-stage-2-challengers-1-gf,invalid_match_href
https://www.vlr.gg/event/matches/387/,/14881/valorantexec-vs-kanafi-champions-tour-cis-stage-2-challengers-1-ro64,invalid_match_href
https://www.vlr.gg/event/matches/387/,/14882/not-all-home-vs-universe-champions-tour-cis-stage-2-challengers-1-ro64,invalid_match_href
https://www.vlr.gg/event/matches/387/,/14883/crow-rowd-vs-n1ce3e3e3e3-champions-tour-cis-stage-2-challengers-1-ro64,invalid_match_href
https://www.vlr.gg/event/matches/387/,/14884/5bots-vs-moscow-five-jr-champions-tour-cis-stage-2-challengers-1-ro64,invalid_match_href
https://www.vlr.gg/event/matches/387/,/14885/ququlity-vs-987123-champions-tour-cis-stage-2-challengers-1-ro64,invalid_match_href
https://www.vlr.gg/event/matches/387/,/14886/hypnotic-gaming-vs-izanami-champions-tour-cis-stage-2-challengers-1-ro64,invalid_match_href
https://www.vlr.gg/event/matches/387/,/14887/team-singularity-vs-hollywood-champions-tour-cis-stage-2-challengers-1-ro64,invalid_match_href
https://www.vlr.gg/event/matches/387/,/14888/thunderclap-vs-cryaway-champions-tour-cis-stage-2-challengers-1-ro64,invalid_match_href
https://www.vlr.gg/event/matches/387/,/14889/nomads-vs-wedontneedmana-champions-tour-cis-stage-2-challengers-1-ro64,invalid_match_href
https://www.vlr.gg/event/matches/387/,/14890/tyeasy-vs-anxi-champions-tour-cis-stage-2-challengers-1-ro64,invalid_match_href
https://www.vlr.gg/event/matches/387/,/14891/aim-attack-vs-zveno19-champions-tour-cis-stage-2-challengers-1-ro64,invalid_match_href
https://www.vlr.gg/event/matches/387/,/14892/thorns-vs-lympus-champions-tour-cis-stage-2-challengers-1-ro64,invalid_match_href
https://www.vlr.gg/event/matches/387/,/14893/368-vs-gambit-esports-champions-tour-cis-stage-2-challengers-1-ro64,invalid_match_href
https://www.vlr.gg/event/matches/387/,/14894/feelin-vs-rebellion-champions-tour-cis-stage-2-challengers-1-ro64,invalid_match_href
https://www.vlr.gg/event/matches/387/,/14895/majorpushers-vs-dont-know-champions-tour-cis-stage-2-challengers-1-ro64,invalid_match_href
https://www.vlr.gg/event/matches/387/,/14896/mix-vs-1280x960-champions-tour-cis-stage-2-challengers-1-ro64,invalid_match_href
https://www.vlr.gg/event/matches/387/,/14897/ez-katka-vs-narasslabone-champions-tour-cis-stage-2-challengers-1-ro64,invalid_match_href
https://www.vlr.gg/event/matches/387/,/14898/anti-social-social-club-vs-jaba-champions-tour-cis-stage-2-challengers-1-ro64,invalid_match_href
https://www.vlr.gg/event/matches/387/,/14899/fullm1x-vs-forze-champions-tour-cis-stage-2-challengers-1-ro64,invalid_match_href
https://www.vlr.gg/event/matches/387/,/14900/vengeance-vs-tnp-champions-tour-cis-stage-2-challengers-1-ro64,invalid_match_href
https://www.vlr.gg/event/matches/387/,/14901/dat-vs-ezclap-champions-tour-cis-stage-2-challengers-1-ro64,invalid_match_href
https://www.vlr.gg/event/matches/387/,/14902/kabahbl-vs-royal-flush-champions-tour-cis-stage-2-challengers-1-ro64,invalid_match_href
https://www.vlr.gg/event/matches/387/,/14903/feelmyhack-vs-divinity-champions-tour-cis-stage-2-challengers-1-ro64,invalid_match_href
https://www.vlr.gg/event/matches/387/,/14904/aspire-vs-ksenox-champions-tour-cis-stage-2-challengers-1-ro64,invalid_match_href
https://www.vlr.gg/event/matches/387/,/14905/saves-esports-vs-invicta-champions-tour-cis-stage-2-challengers-1-ro64,invalid_match_href
https://www.vlr.gg/event/matches/387/,/14906/one-breath-gaming-vs-gibdd-champions-tour-cis-stage-2-challengers-1-ro64,invalid_match_href
https://www.vlr.gg/event/matches/387/,/14907/jeremiah-vs-exile-esports-champions-tour-cis-stage-2-challengers-1-ro64,invalid_match_href
https://www.vlr.gg/event/matches/387/,/14908/infinite-skill-vs-ninjacat-champions-tour-cis-stage-2-challengers-1-ro64,invalid_match_href
https://www.vlr.gg/event/matches/387/,/14909/6479-vs-smaracis-esports-champions-tour-cis-stage-2-challengers-1-ro64,invalid_match_href
https://www.vlr.gg/event/matches/387/,/14910/5up-vs-toomanyquestions-champions-tour-cis-stage-2-challengers-1-ro64,invalid_match_href
https://www.vlr.gg/event/matches/387/,/14911/animeshniki-vs-gmt-esports-champions-tour-cis-stage-2-challengers-1-ro64,invalid_match_href
https://www.vlr.gg/event/matches/387/,/14912/ugit-vs-sajanex-champions-tour-cis-stage-2-challengers-1-ro64,invalid_match_href
https://www.vlr.gg/event/matches/387/,/14913/valorantexec-vs-universe-champions-tour-cis-stage-2-challengers-1-ro32,invalid_match_href
https://www.vlr.gg/event/matches/387/,/14914/crow-rowd-vs-moscow-five-jr-champions-tour-cis-stage-2-challengers-1-ro32,invalid_match_href
https://www.vlr.gg/event/matches/387/,/14915/ququlity-vs-hypnotic-gaming-champions-tour-cis-stage-2-challengers-1-ro32,invalid_match_href
https://www.vlr.gg/event/matches/387/,/14916/team-singularity-vs-thunderclap-champions-tour-cis-stage-2-challengers-1-ro32,invalid_match_href
https://www.vlr.gg/event/matches/387/,/14917/nomads-vs-tyeasy-champions-tour-cis-stage-2-challengers-1-ro32,invalid_match_href
https://www.vlr.gg/event/matches/387/,/14918/aim-attack-vs-thorns-champions-tour-cis-stage-2-challengers-1-ro32,invalid_match_href
https://www.vlr.gg/event/matches/387/,/14919/gambit-esports-vs-rebellion-champions-tour-cis-stage-2-challengers-1-ro32,invalid_match_href
https://www.vlr.gg/event/matches/387/,/14920/dont-know-vs-1280x960-champions-tour-cis-stage-2-challengers-1-ro32,invalid_match_href
https://www.vlr.gg/event/matches/387/,/14921/ez-katka-vs-jaba-champions-tour-cis-stage-2-challengers-1-ro32,invalid_match_href
https://www.vlr.gg/event/matches/387/,/14922/forze-vs-vengeance-champions-tour-cis-stage-2-challengers-1-ro32,invalid_match_href
https://www.vlr.gg/event/matches/387/,/14923/ezclap-vs-kabahbl-champions-tour-cis-stage-2-challengers-1-ro32,invalid_match_href
https://www.vlr.gg/event/matches/387/,/14924/divinity-vs-ksenox-champions-tour-cis-stage-2-challengers-1-ro32,invalid_match_href
https://www.vlr.gg/event/matches/387/,/14925/saves-esports-vs-one-breath-gaming-champions-tour-cis-stage-2-challengers-1-ro32,invalid_match_href
https://www.vlr.gg/event/matches/387/,/14926/exile-esports-vs-infinite-skill-champions-tour-cis-stage-2-challengers-1-ro32,invalid_match_href
https://www.vlr.gg/event/matches/387/,/14927/smaracis-esports-vs-toomanyquestions-champions-tour-cis-stage-2-challengers-1-ro32,invalid_match_href
https://www.vlr.gg/event/matches/387/,/14928/gmt-esports-vs-ugit-champions-tour-cis-stage-2-challengers-1-ro32,invalid_match_href
https://www.vlr.gg/event/matches/387/,/14929/valorantexec-vs-crow-rowd-champions-tour-cis-stage-2-challengers-1-ro16,invalid_match_href
https://www.vlr.gg/event/matches/387/,/14930/ququlity-vs-team-singularity-champions-tour-cis-stage-2-challengers-1-ro16,invalid_match_href
https://www.vlr.gg/event/matches/387/,/14931/tyeasy-vs-aim-attack-champions-tour-cis-stage-2-challengers-1-ro16,invalid_match_href
https://www.vlr.gg/event/matches/387/,/14932/gambit-esports-vs-1280x960-champions-tour-cis-stage-2-challengers-1-ro16,invalid_match_href
https://www.vlr.gg/event/matches/387/,/14933/ez-katka-vs-forze-champions-tour-cis-stage-2-challengers-1-ro16,invalid_match_href
https://www.vlr.gg/event/matches/387/,/14934/kabahbl-vs-divinity-champions-tour-cis-stage-2-challengers-1-ro16,invalid_match_href
https://www.vlr.gg/event/matches/387/,/14935/one-breath-gaming-vs-exile-esports-champions-tour-cis-stage-2-challengers-1-ro16,invalid_match_href
https://www.vlr.gg/event/matches/387/,/14936/smaracis-esports-vs-gmt-esports-champions-tour-cis-stage-2-challengers-1-ro16,invalid_match_href
https://www.vlr.gg/event/matches/387/,/14944/crow-rowd-vs-team-singularity-champions-tour-cis-stage-2-challengers-1-qf,invalid_match_href
https://www.vlr.gg/event/matches/387/,/14946/forze-vs-divinity-champions-tour-cis-stage-2-challengers-1-qf,invalid_match_href
https://www.vlr.gg/event/matches/387/,/14945/aim-attack-vs-gambit-esports-champions-tour-cis-stage-2-challengers-1-qf,invalid_match_href
https://www.vlr.gg/event/matches/387/,/14947/one-breath-gaming-vs-gmt-esports-champions-tour-cis-stage-2-challengers-1-qf,invalid_match_href
https://www.vlr.gg/event/matches/387/,/14937/gambit-esports-vs-crow-rowd-champions-tour-cis-stage-2-challengers-1-qf,invalid_match_href
https://www.vlr.gg/event/matches/387/,/14938/one-breath-gaming-vs-team-singularity-champions-tour-cis-stage-2-challengers-1-qf,invalid_match_href
https://www.vlr.gg/event/matches/387/,/14939/forze-vs-aim-attack-champions-tour-cis-stage-2-challengers-1-qf,invalid_match_href
https://www.vlr.gg/event/matches/387/,/14940/gmt-esports-vs-divinity-champions-tour-cis-stage-2-challengers-1-qf,invalid_match_href
https://www.vlr.gg/event/matches/387/,/14941/crow-rowd-vs-team-singularity-champions-tour-cis-stage-2-challengers-1-sf,invalid_match_href
https://www.vlr.gg/event/matches/387/,/14942/forze-vs-gmt-esports-champions-tour-cis-stage-2-challengers-1-sf,invalid_match_href
https://www.vlr.gg/event/matches/387/,/14943/crow-rowd-vs-forze-champions-tour-cis-stage-2-challengers-1-gf,invalid_match_href
https://www.vlr.gg/event/matches/388/,/15222/more-esports-vs-galakticos-champions-tour-turkey-stage-2-challengers-1-ro64,invalid_match_href
https://www.vlr.gg/event/matches/388/,/15223/nemrutz-vs-2l8-champions-tour-turkey-stage-2-challengers-1-ro64,invalid_match_href
https://www.vlr.gg/event/matches/388/,/15224/m4l-vs-antalyaspor-esports-champions-tour-turkey-stage-2-challengers-1-ro64,invalid_match_href
https://www.vlr.gg/event/matches/388/,/15225/rare-esports-vs-team-questionmark-champions-tour-turkey-stage-2-challengers-1-ro64,invalid_match_href
https://www.vlr.gg/event/matches/388/,/15226/freaksinaction-vs-sangal-esports-champions-tour-turkey-stage-2-challengers-1-ro64,invalid_match_href
https://www.vlr.gg/event/matches/388/,/15227/1907-fenerbah-e-esport-vs-firegion-champions-tour-turkey-stage-2-challengers-1-ro64,invalid_match_href
https://www.vlr.gg/event/matches/388/,/15228/ytu-stars-vs-stanbul-wildcats-champions-tour-turkey-stage-2-challengers-1-ro64,invalid_match_href
https://www.vlr.gg/event/matches/388/,/15229/1tap-esports-turkey-vs-montage-e-sports-champions-tour-turkey-stage-2-challengers-1-ro64,invalid_match_href
https://www.vlr.gg/event/matches/388/,/15230/oldmix5-vs-besiktas-esports-champions-tour-turkey-stage-2-challengers-1-ro64,invalid_match_href
https://www.vlr.gg/event/matches/388/,/15231/atl-esports-vs-cousins-champions-tour-turkey-stage-2-challengers-1-ro64,invalid_match_href
https://www.vlr.gg/event/matches/388/,/15232/no-org-no-pracc-vs-alfa-esport-champions-tour-turkey-stage-2-challengers-1-ro64,invalid_match_href
https://www.vlr.gg/event/matches/388/,/15233/otherside-vs-2boltsgaming-champions-tour-turkey-stage-2-challengers-1-ro64,invalid_match_href
https://www.vlr.gg/event/matches/388/,/15234/melina-vs-futbolist-champions-tour-turkey-stage-2-challengers-1-ro64,invalid_match_href
https://www.vlr.gg/event/matches/388/,/15235/mna-esports-vs-banger5-champions-tour-turkey-stage-2-challengers-1-ro64,invalid_match_href
https://www.vlr.gg/event/matches/388/,/15236/reks-e-spor-vs-kanaken-espor-champions-tour-turkey-stage-2-challengers-1-ro64,invalid_match_href
https://www.vlr.gg/event/matches/388/,/15237/arbalest-vs-thunders-champions-tour-turkey-stage-2-challengers-1-ro64,invalid_match_href
https://www.vlr.gg/event/matches/388/,/15238/f704-vs-sahangiller-esports-champions-tour-turkey-stage-2-challengers-1-ro64,invalid_match_href
https://www.vlr.gg/event/matches/388/,/15239/predatory-e-sports-vs-search-ng4org-champions-tour-turkey-stage-2-challengers-1-ro64,invalid_match_href
https://www.vlr.gg/event/matches/388/,/15240/aklabanlar-vs-kom-us-champions-tour-turkey-stage-2-challengers-1-ro64,invalid_match_href
https://www.vlr.gg/event/matches/388/,/15241/rel-por-gaming-vs-bbl-esports-champions-tour-turkey-stage-2-challengers-1-ro64,invalid_match_href
https://www.vlr.gg/event/matches/388/,/15242/aml-ca-esports-vs-zero-zone-champions-tour-turkey-stage-2-challengers-1-ro64,invalid_match_href
https://www.vlr.gg/event/matches/388/,/15243/3-eyrekso-ansiz-vs-godzilla-e-sports-champions-tour-turkey-stage-2-challengers-1-ro64,invalid_match_href
https://www.vlr.gg/event/matches/388/,/15244/first-time-vs-apex-point-champions-tour-turkey-stage-2-challengers-1-ro64,invalid_match_href
https://www.vlr.gg/event/matches/388/,/15245/kafalar-esports-vs-team-6ix-champions-tour-turkey-stage-2-challengers-1-ro64,invalid_match_href
https://www.vlr.gg/event/matches/388/,/15246/hunterr-vs-deathwarriors-e-sport-champions-tour-turkey-stage-2-challengers-1-ro64,invalid_match_href
https://www.vlr.gg/event/matches/388/,/15247/w0wclan-vs-cyber-skull-esports-champions-tour-turkey-stage-2-challengers-1-ro64,invalid_match_href
https://www.vlr.gg/event/matches/388/,/15248/just-w-vs-anatolia-esports-champions-tour-turkey-stage-2-challengers-1-ro64,invalid_match_href
https://www.vlr.gg/event/matches/388/,/15249/firepower-vs-old-cihangir-champions-tour-turkey-stage-2-challengers-1-ro64,invalid_match_href
https://www.vlr.gg/event/matches/388/,/15250/unity-vs-foxn-team-champions-tour-turkey-stage-2-challengers-1-ro64,invalid_match_href
https://www.vlr.gg/event/matches/388/,/15251/old-nvidia-version-abusers-vs-massivestroke-e-sports-champions-tour-turkey-stage-2-challengers-1,invalid_match_href
https://www.vlr.gg/event/matches/388/,/15252/kocaeli-esports-vs-legends-never-day-champions-tour-turkey-stage-2-challengers-1-ro64,invalid_match_href
https://www.vlr.gg/event/matches/388/,/15253/oxygen-esports-vs-team-beleaguers-champions-tour-turkey-stage-2-challengers-1-ro64,invalid_match_href
https://www.vlr.gg/event/matches/388/,/15254/more-esports-vs-nemrutz-champions-tour-turkey-stage-2-challengers-1-ro32,invalid_match_href
https://www.vlr.gg/event/matches/388/,/15255/m4l-vs-rare-esports-champions-tour-turkey-stage-2-challengers-1-ro32,invalid_match_href
https://www.vlr.gg/event/matches/388/,/15256/sangal-esports-vs-1907-fenerbah-e-esport-champions-tour-turkey-stage-2-challengers-1-ro32,invalid_match_href
https://www.vlr.gg/event/matches/388/,/15257/stanbul-wildcats-vs-montage-e-sports-champions-tour-turkey-stage-2-challengers-1-ro32,invalid_match_href
https://www.vlr.gg/event/matches/388/,/15258/besiktas-esports-vs-cousins-champions-tour-turkey-stage-2-challengers-1-ro32,invalid_match_href
https://www.vlr.gg/event/matches/388/,/15259/no-org-no-pracc-vs-otherside-champions-tour-turkey-stage-2-challengers-1-ro32,invalid_match_href
https://www.vlr.gg/event/matches/388/,/15260/futbolist-vs-mna-esports-champions-tour-turkey-stage-2-challengers-1-ro32,invalid_match_href
https://www.vlr.gg/event/matches/388/,/15261/reks-e-spor-vs-arbalest-champions-tour-turkey-stage-2-challengers-1-ro32,invalid_match_href
https://www.vlr.gg/event/matches/388/,/15262/sahangiller-esports-vs-search-ng4org-champions-tour-turkey-stage-2-challengers-1-ro32,invalid_match_href
https://www.vlr.gg/event/matches/388/,/15263/aklabanlar-vs-bbl-esports-champions-tour-turkey-stage-2-challengers-1-ro32,invalid_match_href
https://www.vlr.gg/event/matches/388/,/15264/zero-zone-vs-godzilla-e-sports-champions-tour-turkey-stage-2-challengers-1-ro32,invalid_match_href
https://www.vlr.gg/event/matches/388/,/15265/first-time-vs-kafalar-esports-champions-tour-turkey-stage-2-challengers-1-ro32,invalid_match_href
https://www.vlr.gg/event/matches/388/,/15266/hunterr-vs-cyber-skull-esports-champions-tour-turkey-stage-2-challengers-1-ro32,invalid_match_href
https://www.vlr.gg/event/matches/388/,/15267/anatolia-esports-vs-firepower-champions-tour-turkey-stage-2-challengers-1-ro32,invalid_match_href
https://www.vlr.gg/event/matches/388/,/15268/unity-vs-old-nvidia-version-abusers-champions-tour-turkey-stage-2-challengers-1-ro32,invalid_match_href
https://www.vlr.gg/event/matches/388/,/15269/legends-never-day-vs-oxygen-esports-champions-tour-turkey-stage-2-challengers-1-ro32,invalid_match_href
https://www.vlr.gg/event/matches/388/,/15270/more-esports-vs-rare-esports-champions-tour-turkey-stage-2-challengers-1-ro16,invalid_match_href
https://www.vlr.gg/event/matches/388/,/15271/1907-fenerbah-e-esport-vs-stanbul-wildcats-champions-tour-turkey-stage-2-challengers-1-ro16,invalid_match_href
https://www.vlr.gg/event/matches/388/,/15272/besiktas-esports-vs-otherside-champions-tour-turkey-stage-2-challengers-1-ro16,invalid_match_href
https://www.vlr.gg/event/matches/388/,/15273/futbolist-vs-arbalest-champions-tour-turkey-stage-2-challengers-1-ro16,invalid_match_href
https://www.vlr.gg/event/matches/388/,/15274/search-ng4org-vs-bbl-esports-champions-tour-turkey-stage-2-challengers-1-ro16,invalid_match_href
https://www.vlr.gg/event/matches/388/,/15275/godzilla-e-sports-vs-kafalar-esports-champions-tour-turkey-stage-2-challengers-1-ro16,invalid_match_href
https://www.vlr.gg/event/matches/388/,/15276/cyber-skull-esports-vs-anatolia-esports-champions-tour-turkey-stage-2-challengers-1-ro16,invalid_match_href
https://www.vlr.gg/event/matches/388/,/15277/unity-vs-oxygen-esports-champions-tour-turkey-stage-2-challengers-1-ro16,invalid_match_href
https://www.vlr.gg/event/matches/388/,/14864/more-esports-vs-1907-fenerbah-e-esport-champions-tour-turkey-stage-2-challengers-1-qf,invalid_match_href
https://www.vlr.gg/event/matches/388/,/14865/otherside-vs-futbolist-champions-tour-turkey-stage-2-challengers-1-qf,invalid_match_href
https://www.vlr.gg/event/matches/388/,/14866/bbl-esports-vs-kafalar-esports-champions-tour-turkey-stage-2-challengers-1-qf,invalid_match_href
https://www.vlr.gg/event/matches/388/,/14867/oxygen-esports-vs-anatolia-esports-champions-tour-turkey-stage-2-challengers-1-qf,invalid_match_href
https://www.vlr.gg/event/matches/388/,/14870/futbolist-vs-anatolia-esports-champions-tour-turkey-stage-2-challengers-1-qf,invalid_match_href
https://www.vlr.gg/event/matches/388/,/14871/otherside-vs-kafalar-esports-champions-tour-turkey-stage-2-challengers-1-qf,invalid_match_href
https://www.vlr.gg/event/matches/388/,/14872/bbl-esports-vs-1907-fenerbah-e-esport-champions-tour-turkey-stage-2-challengers-1-qf,invalid_match_href
https://www.vlr.gg/event/matches/388/,/14873/oxygen-esports-vs-more-esports-champions-tour-turkey-stage-2-challengers-1-qf,invalid_match_href
https://www.vlr.gg/event/matches/388/,/14874/futbolist-vs-kafalar-esports-champions-tour-turkey-stage-2-challengers-1-sf,invalid_match_href
https://www.vlr.gg/event/matches/388/,/14875/bbl-esports-vs-oxygen-esports-champions-tour-turkey-stage-2-challengers-1-sf,invalid_match_href
https://www.vlr.gg/event/matches/388/,/14876/futbolist-vs-oxygen-esports-champions-tour-turkey-stage-2-challengers-1-gf,invalid_match_href
https://www.vlr.gg/event/matches/334/,/12915/ballista-vs-team-heretics-champions-tour-europe-stage-1-masters-opening-a,invalid_match_href
https://www.vlr.gg/event/matches/334/,/12916/acend-vs-ninjas-in-pyjamas-champions-tour-europe-stage-1-masters-opening-a,invalid_match_href
https://www.vlr.gg/event/matches/334/,/12920/guild-esports-vs-funplus-phoenix-champions-tour-europe-stage-1-masters-opening-b,invalid_match_href
https://www.vlr.gg/event/matches/334/,/12921/alliance-vs-dfuseteam-champions-tour-europe-stage-1-masters-opening-b,invalid_match_href
https://www.vlr.gg/event/matches/334/,/12918/ballista-vs-acend-champions-tour-europe-stage-1-masters-elimination-a,invalid_match_href
https://www.vlr.gg/event/matches/334/,/12923/guild-esports-vs-alliance-champions-tour-europe-stage-1-masters-elimination-b,invalid_match_href
https://www.vlr.gg/event/matches/334/,/12917/team-heretics-vs-ninjas-in-pyjamas-champions-tour-europe-stage-1-masters-winners-a,invalid_match_href
https://www.vlr.gg/event/matches/334/,/12922/funplus-phoenix-vs-team-bds-champions-tour-europe-stage-1-masters-winners-b,invalid_match_href
https://www.vlr.gg/event/matches/334/,/12919/ninjas-in-pyjamas-vs-acend-champions-tour-europe-stage-1-masters-decider-a,invalid_match_href
https://www.vlr.gg/event/matches/334/,/12924/team-bds-vs-guild-esports-champions-tour-europe-stage-1-masters-decider-b,invalid_match_href
https://www.vlr.gg/event/matches/334/,/12926/team-heretics-vs-guild-esports-champions-tour-europe-stage-1-masters-sf,invalid_match_href
https://www.vlr.gg/event/matches/334/,/12925/funplus-phoenix-vs-acend-champions-tour-europe-stage-1-masters-sf,invalid_match_href
https://www.vlr.gg/event/matches/334/,/12927/team-heretics-vs-acend-champions-tour-europe-stage-1-masters-gf,invalid_match_href
https://www.vlr.gg/event/matches/342/,/12934/stanbul-wildcats-vs-zero-zone-champions-tour-turkey-stage-1-masters-opening-a,invalid_match_href
https://www.vlr.gg/event/matches/342/,/12933/oxygen-esports-vs-rare-esports-champions-tour-turkey-stage-1-masters-opening-a,invalid_match_href
https://www.vlr.gg/event/matches/342/,/12929/futbolist-vs-otherside-champions-tour-turkey-stage-1-masters-opening-b,invalid_match_href
https://www.vlr.gg/event/matches/342/,/12928/bbl-esports-vs-cyber-skull-esports-champions-tour-turkey-stage-1-masters-opening-b,invalid_match_href
https://www.vlr.gg/event/matches/342/,/12930/zero-zone-vs-rare-esports-champions-tour-turkey-stage-1-masters-elimination-a,invalid_match_href
https://www.vlr.gg/event/matches/342/,/12935/otherside-vs-cyber-skull-esports-champions-tour-turkey-stage-1-masters-elimination-b,invalid_match_href
https://www.vlr.gg/event/matches/342/,/12931/stanbul-wildcats-vs-oxygen-esports-champions-tour-turkey-stage-1-masters-winners-a,invalid_match_href
https://www.vlr.gg/event/matches/342/,/12936/futbolist-vs-bbl-esports-champions-tour-turkey-stage-1-masters-winners-b,invalid_match_href
https://www.vlr.gg/event/matches/342/,/12932/stanbul-wildcats-vs-rare-esports-champions-tour-turkey-stage-1-masters-decider-a,invalid_match_href
https://www.vlr.gg/event/matches/342/,/12937/bbl-esports-vs-cyber-skull-esports-champions-tour-turkey-stage-1-masters-decider-b,invalid_match_href
https://www.vlr.gg/event/matches/342/,/12938/oxygen-esports-vs-bbl-esports-champions-tour-turkey-stage-1-masters-sf,invalid_match_href
https://www.vlr.gg/event/matches/342/,/12939/futbolist-vs-rare-esports-champions-tour-turkey-stage-1-masters-sf,invalid_match_href
https://www.vlr.gg/event/matches/342/,/12940/bbl-esports-vs-futbolist-champions-tour-turkey-stage-1-masters-gf,invalid_match_href
https://www.vlr.gg/event/matches/344/,/12941/tyeasy-vs-gambit-esports-champions-tour-cis-stage-1-masters-opening-a,invalid_match_href
https://www.vlr.gg/event/matches/344/,/12942/team-singularity-vs-crow-rowd-champions-tour-cis-stage-1-masters-opening-a,invalid_match_href
https://www.vlr.gg/event/matches/344/,/12946/divinity-vs-forze-champions-tour-cis-stage-1-masters-opening-b,invalid_match_href
https://www.vlr.gg/event/matches/344/,/12947/gmt-esports-vs-one-breath-gaming-champions-tour-cis-stage-1-masters-opening-b,invalid_match_href
https://www.vlr.gg/event/matches/344/,/12943/tyeasy-vs-crow-rowd-champions-tour-cis-stage-1-masters-elimination-a,invalid_match_href
https://www.vlr.gg/event/matches/344/,/12948/divinity-vs-one-breath-gaming-champions-tour-cis-stage-1-masters-elimination-b,invalid_match_href
https://www.vlr.gg/event/matches/344/,/12944/gambit-esports-vs-team-singularity-champions-tour-cis-stage-1-masters-winners-a,invalid_match_href
https://www.vlr.gg/event/matches/344/,/12949/forze-vs-gmt-esports-champions-tour-cis-stage-1-masters-winners-b,invalid_match_href
https://www.vlr.gg/event/matches/344/,/12945/team-singularity-vs-crow-rowd-champions-tour-cis-stage-1-masters-decider-a,invalid_match_href
https://www.vlr.gg/event/matches/344/,/12950/gmt-esports-vs-one-breath-gaming-champions-tour-cis-stage-1-masters-decider-b,invalid_match_href
https://www.vlr.gg/event/matches/344/,/12951/gambit-esports-vs-gmt-esports-champions-tour-cis-stage-1-masters-sf,invalid_match_href
https://www.vlr.gg/event/matches/344/,/12952/forze-vs-crow-rowd-champions-tour-cis-stage-1-masters-sf,invalid_match_href
https://www.vlr.gg/event/matches/344/,/12953/gambit-esports-vs-forze-champions-tour-cis-stage-1-masters-gf,invalid_match_href
https://www.vlr.gg/event/matches/391/,/16063/ezclap-vs-ez-katka-champions-tour-cis-stage-2-challengers-2-ro64,invalid_match_href
https://www.vlr.gg/event/matches/391/,/16064/dont-know-vs-ksenox-champions-tour-cis-stage-2-challengers-2-ro64,invalid_match_href
https://www.vlr.gg/event/matches/391/,/16065/ugit-vs-divinity-champions-tour-cis-stage-2-challengers-2-ro64,invalid_match_href
https://www.vlr.gg/event/matches/391/,/16066/wild-hunt-vs-valhalla-champions-tour-cis-stage-2-challengers-2-ro64,invalid_match_href
https://www.vlr.gg/event/matches/391/,/16067/rebellion-vs-969-gang-champions-tour-cis-stage-2-challengers-2-ro64,invalid_match_href
https://www.vlr.gg/event/matches/391/,/16068/1280x960-vs-time-to-win-champions-tour-cis-stage-2-challengers-2-ro64,invalid_match_href
https://www.vlr.gg/event/matches/391/,/16069/buykey-vs-infinite-skill-champions-tour-cis-stage-2-challengers-2-ro64,invalid_match_href
https://www.vlr.gg/event/matches/391/,/16070/mcchicken-vs-bullgods-champions-tour-cis-stage-2-challengers-2-ro64,invalid_match_href
https://www.vlr.gg/event/matches/391/,/16071/hollywood-vs-shockwave-champions-tour-cis-stage-2-challengers-2-ro64,invalid_match_href
https://www.vlr.gg/event/matches/391/,/16072/dat-vs-mix-champions-tour-cis-stage-2-challengers-2-ro64,invalid_match_href
https://www.vlr.gg/event/matches/391/,/16073/seefuture-vs-aspire-champions-tour-cis-stage-2-challengers-2-ro64,invalid_match_href
https://www.vlr.gg/event/matches/391/,/16074/freak-squad-vs-trying-to-win-champions-tour-cis-stage-2-challengers-2-ro64,invalid_match_href
https://www.vlr.gg/event/matches/391/,/16075/jaba-vs-gambit-esports-champions-tour-cis-stage-2-challengers-2-ro64,invalid_match_href
https://www.vlr.gg/event/matches/391/,/16076/5op-vs-thorns-champions-tour-cis-stage-2-challengers-2-ro64,invalid_match_href
https://www.vlr.gg/event/matches/391/,/16077/digital-slayers-vs-worst-players-champions-tour-cis-stage-2-challengers-2-ro64,invalid_match_href
https://www.vlr.gg/event/matches/391/,/16078/izanami-vs-368-champions-tour-cis-stage-2-challengers-2-ro64,invalid_match_href
https://www.vlr.gg/event/matches/391/,/16079/hypnotic-gaming-vs-smaracis-esports-champions-tour-cis-stage-2-challengers-2-ro64,invalid_match_href
https://www.vlr.gg/event/matches/391/,/16080/future5stars-vs-n1ce3e3e3e3-champions-tour-cis-stage-2-challengers-2-ro64,invalid_match_href
https://www.vlr.gg/event/matches/391/,/16081/silence-vs-one-breath-gaming-champions-tour-cis-stage-2-challengers-2-ro64,invalid_match_href
https://www.vlr.gg/event/matches/391/,/16082/izanami-red-vs-gibdd-champions-tour-cis-stage-2-challengers-2-ro64,invalid_match_href
https://www.vlr.gg/event/matches/391/,/16083/team-error-vs-zveno19-champions-tour-cis-stage-2-challengers-2-ro64,invalid_match_href
https://www.vlr.gg/event/matches/391/,/16084/unity-vs-toomanyquestions-champions-tour-cis-stage-2-challengers-2-ro64,invalid_match_href
https://www.vlr.gg/event/matches/391/,/16085/navi-vs-akqjt-champions-tour-cis-stage-2-challengers-2-ro64,invalid_match_href
https://www.vlr.gg/event/matches/391/,/16086/ztitans-vs-ququlity-champions-tour-cis-stage-2-challengers-2-ro64,invalid_match_href
https://www.vlr.gg/event/matches/391/,/16087/nevertilt-vs-nomads-champions-tour-cis-stage-2-challengers-2-ro64,invalid_match_href
https://www.vlr.gg/event/matches/391/,/16088/abcdteam-vs-5up-champions-tour-cis-stage-2-challengers-2-ro64,invalid_match_href
https://www.vlr.gg/event/matches/391/,/16089/moscow-five-jr-vs-kabahbl-champions-tour-cis-stage-2-challengers-2-ro64,invalid_match_href
https://www.vlr.gg/event/matches/391/,/16090/jeremiah-vs-tyeasy-champions-tour-cis-stage-2-challengers-2-ro64,invalid_match_href
https://www.vlr.gg/event/matches/391/,/16091/exile-esports-vs-vengeance-champions-tour-cis-stage-2-challengers-2-ro64,invalid_match_href
https://www.vlr.gg/event/matches/391/,/16092/feelmyhack-vs-nomercy-champions-tour-cis-stage-2-challengers-2-ro64,invalid_match_href
https://www.vlr.gg/event/matches/391/,/16093/b-zotca-vs-badmonkeygaming-champions-tour-cis-stage-2-challengers-2-ro64,invalid_match_href
https://www.vlr.gg/event/matches/391/,/16094/podpivasniki-vs-aim-attack-champions-tour-cis-stage-2-challengers-2-ro64,invalid_match_href
https://www.vlr.gg/event/matches/391/,/16102/worst-players-vs-368-champions-tour-cis-stage-2-challengers-2-ro32,invalid_match_href
https://www.vlr.gg/event/matches/391/,/16103/smaracis-esports-vs-n1ce3e3e3e3-champions-tour-cis-stage-2-challengers-2-ro32,invalid_match_href
https://www.vlr.gg/event/matches/391/,/16101/gambit-esports-vs-thorns-champions-tour-cis-stage-2-challengers-2-ro32,invalid_match_href
https://www.vlr.gg/event/matches/391/,/16106/akqjt-vs-ztitans-champions-tour-cis-stage-2-challengers-2-ro32,invalid_match_href
https://www.vlr.gg/event/matches/391/,/16095/ezclap-vs-ksenox-champions-tour-cis-stage-2-challengers-2-ro32,invalid_match_href
https://www.vlr.gg/event/matches/391/,/16097/969-gang-vs-1280x960-champions-tour-cis-stage-2-challengers-2-ro32,invalid_match_href
https://www.vlr.gg/event/matches/391/,/16099/shockwave-vs-dat-champions-tour-cis-stage-2-challengers-2-ro32,invalid_match_href
https://www.vlr.gg/event/matches/391/,/16104/one-breath-gaming-vs-gibdd-champions-tour-cis-stage-2-challengers-2-ro32,invalid_match_href
https://www.vlr.gg/event/matches/391/,/16105/zveno19-vs-toomanyquestions-champions-tour-cis-stage-2-challengers-2-ro32,invalid_match_href
https://www.vlr.gg/event/matches/391/,/16110/b-zotca-vs-aim-attack-champions-tour-cis-stage-2-challengers-2-ro32,invalid_match_href
https://www.vlr.gg/event/matches/391/,/16096/divinity-vs-wild-hunt-champions-tour-cis-stage-2-challengers-2-ro32,invalid_match_href
https://www.vlr.gg/event/matches/391/,/16098/buykey-vs-bullgods-champions-tour-cis-stage-2-challengers-2-ro32,invalid_match_href
https://www.vlr.gg/event/matches/391/,/16100/aspire-vs-trying-to-win-champions-tour-cis-stage-2-challengers-2-ro32,invalid_match_href
https://www.vlr.gg/event/matches/391/,/16107/nomads-vs-5up-champions-tour-cis-stage-2-challengers-2-ro32,invalid_match_href
https://www.vlr.gg/event/matches/391/,/16108/moscow-five-jr-vs-tyeasy-champions-tour-cis-stage-2-challengers-2-ro32,invalid_match_href
https://www.vlr.gg/event/matches/391/,/16109/exile-esports-vs-nomercy-champions-tour-cis-stage-2-challengers-2-ro32,invalid_match_href
https://www.vlr.gg/event/matches/391/,/16312/ezclap-vs-wild-hunt-champions-tour-cis-stage-2-challengers-2-ro16,invalid_match_href
https://www.vlr.gg/event/matches/391/,/16313/1280x960-vs-bullgods-champions-tour-cis-stage-2-challengers-2-ro16,invalid_match_href
https://www.vlr.gg/event/matches/391/,/16314/dat-vs-aspire-champions-tour-cis-stage-2-challengers-2-ro16,invalid_match_href
https://www.vlr.gg/event/matches/391/,/16315/gambit-esports-vs-worst-players-champions-tour-cis-stage-2-challengers-2-ro16,invalid_match_href
https://www.vlr.gg/event/matches/391/,/16316/smaracis-esports-vs-one-breath-gaming-champions-tour-cis-stage-2-challengers-2-ro16,invalid_match_href
https://www.vlr.gg/event/matches/391/,/16317/toomanyquestions-vs-ztitans-champions-tour-cis-stage-2-challengers-2-ro16,invalid_match_href
https://www.vlr.gg/event/matches/391/,/16318/nomads-vs-tyeasy-champions-tour-cis-stage-2-challengers-2-ro16,invalid_match_href
https://www.vlr.gg/event/matches/391/,/16319/nomercy-vs-aim-attack-champions-tour-cis-stage-2-challengers-2-ro16,invalid_match_href
https://www.vlr.gg/event/matches/391/,/16323/tyeasy-vs-aim-attack-champions-tour-cis-stage-2-challengers-2-qf,invalid_match_href
https://www.vlr.gg/event/matches/391/,/16321/dat-vs-gambit-esports-champions-tour-cis-stage-2-challengers-2-qf,invalid_match_href
https://www.vlr.gg/event/matches/391/,/16322/one-breath-gaming-vs-toomanyquestions-champions-tour-cis-stage-2-challengers-2-qf,invalid_match_href
https://www.vlr.gg/event/matches/391/,/16320/ezclap-vs-1280x960-champions-tour-cis-stage-2-challengers-2-qf,invalid_match_href
https://www.vlr.gg/event/matches/391/,/16510/forze-vs-1280x960-champions-tour-cis-stage-2-challengers-2-qf,invalid_match_href
https://www.vlr.gg/event/matches/391/,/16511/team-singularity-vs-one-breath-gaming-champions-tour-cis-stage-2-challengers-2-qf,invalid_match_href
https://www.vlr.gg/event/matches/391/,/16512/crow-rowd-vs-aim-attack-champions-tour-cis-stage-2-challengers-2-qf,invalid_match_href
https://www.vlr.gg/event/matches/391/,/16513/gmt-esports-vs-gambit-esports-champions-tour-cis-stage-2-challengers-2-qf,invalid_match_href
https://www.vlr.gg/event/matches/391/,/16514/forze-vs-one-breath-gaming-champions-tour-cis-stage-2-challengers-2-sf,invalid_match_href
https://www.vlr.gg/event/matches/391/,/16515/crow-rowd-vs-gambit-esports-champions-tour-cis-stage-2-challengers-2-sf,invalid_match_href
https://www.vlr.gg/event/matches/391/,/16516/one-breath-gaming-vs-gambit-esports-champions-tour-cis-stage-2-challengers-2-gf,invalid_match_href
https://www.vlr.gg/event/matches/339/,/12397/melina-vs-designated-champions-tour-turkey-stage-1-challengers-3-ro32,invalid_match_href
https://www.vlr.gg/event/matches/339/,/12398/typhone-vs-besiktas-esports-champions-tour-turkey-stage-1-challengers-3-ro32,invalid_match_href
https://www.vlr.gg/event/matches/339/,/12399/galakticos-vs-unity-champions-tour-turkey-stage-1-challengers-3-ro32,invalid_match_href
https://www.vlr.gg/event/matches/339/,/12400/overwatch-vs-eliza-champions-tour-turkey-stage-1-challengers-3-ro32,invalid_match_href
https://www.vlr.gg/event/matches/339/,/12401/fawes-vs-thunderbolts-gaming-champions-tour-turkey-stage-1-challengers-3-ro32,invalid_match_href
https://www.vlr.gg/event/matches/339/,/12402/vikings-vs-randomfive-champions-tour-turkey-stage-1-challengers-3-ro32,invalid_match_href
https://www.vlr.gg/event/matches/339/,/12403/westside-vs-banger5-champions-tour-turkey-stage-1-challengers-3-ro32,invalid_match_href
https://www.vlr.gg/event/matches/339/,/12404/kafalar-esports-vs-havefunny-champions-tour-turkey-stage-1-challengers-3-ro32,invalid_match_href
https://www.vlr.gg/event/matches/339/,/12405/sangal-esports-vs-whysoez-champions-tour-turkey-stage-1-challengers-3-ro32,invalid_match_href
https://www.vlr.gg/event/matches/339/,/12406/freaksinaction-vs-orgless5-champions-tour-turkey-stage-1-challengers-3-ro32,invalid_match_href
https://www.vlr.gg/event/matches/339/,/12407/anatolia-esports-vs-elektronik-denetleme-sistem-champions-tour-turkey-stage-1-challengers-3-ro32,invalid_match_href
https://www.vlr.gg/event/matches/339/,/12408/bau-raiders-vs-team-aurora-champions-tour-turkey-stage-1-challengers-3-ro32,invalid_match_href
https://www.vlr.gg/event/matches/339/,/12409/kebabmasterz-vs-1907-fenerbah-e-esport-champions-tour-turkey-stage-1-challengers-3-ro32,invalid_match_href
https://www.vlr.gg/event/matches/339/,/12410/we-need-org-vs-team-6ix-champions-tour-turkey-stage-1-challengers-3-ro32,invalid_match_href
https://www.vlr.gg/event/matches/339/,/12411/pcific-vs-zero-zone-champions-tour-turkey-stage-1-challengers-3-ro32,invalid_match_href
https://www.vlr.gg/event/matches/339/,/12412/5heads-vs-yankees-champions-tour-turkey-stage-1-challengers-3-ro32,invalid_match_href
https://www.vlr.gg/event/matches/339/,/12413/designated-vs-besiktas-esports-champions-tour-turkey-stage-1-challengers-3-ro16,invalid_match_href
https://www.vlr.gg/event/matches/339/,/12414/galakticos-vs-eliza-champions-tour-turkey-stage-1-challengers-3-ro16,invalid_match_href
https://www.vlr.gg/event/matches/339/,/12415/thunderbolts-gaming-vs-vikings-champions-tour-turkey-stage-1-challengers-3-ro16,invalid_match_href
https://www.vlr.gg/event/matches/339/,/12416/banger5-vs-kafalar-esports-champions-tour-turkey-stage-1-challengers-3-ro16,invalid_match_href
https://www.vlr.gg/event/matches/339/,/12417/sangal-esports-vs-orgless5-champions-tour-turkey-stage-1-challengers-3-ro16,invalid_match_href
https://www.vlr.gg/event/matches/339/,/12418/anatolia-esports-vs-team-aurora-champions-tour-turkey-stage-1-challengers-3-ro16,invalid_match_href
https://www.vlr.gg/event/matches/339/,/12419/1907-fenerbah-e-esport-vs-we-need-org-champions-tour-turkey-stage-1-challengers-3-ro16,invalid_match_href
https://www.vlr.gg/event/matches/339/,/12420/zero-zone-vs-5heads-champions-tour-turkey-stage-1-challengers-3-ro16,invalid_match_href
https://www.vlr.gg/event/matches/339/,/12421/besiktas-esports-vs-galakticos-champions-tour-turkey-stage-1-challengers-3-qf,invalid_match_href
https://www.vlr.gg/event/matches/339/,/12422/antalyaspor-espor-vs-kafalar-esports-champions-tour-turkey-stage-1-challengers-3-qf,invalid_match_href
https://www.vlr.gg/event/matches/339/,/12423/sangal-esports-vs-anatolia-esports-champions-tour-turkey-stage-1-challengers-3-qf,invalid_match_href
https://www.vlr.gg/event/matches/339/,/12424/we-need-org-vs-zero-zone-champions-tour-turkey-stage-1-challengers-3-qf,invalid_match_href
https://www.vlr.gg/event/matches/339/,/12425/cyber-skull-esports-vs-besiktas-esports-champions-tour-turkey-stage-1-challengers-3-qf,invalid_match_href
https://www.vlr.gg/event/matches/339/,/12426/rare-esports-vs-kafalar-esports-champions-tour-turkey-stage-1-challengers-3-qf,invalid_match_href
https://www.vlr.gg/event/matches/339/,/12427/futbolist-vs-anatolia-esports-champions-tour-turkey-stage-1-challengers-3-qf,invalid_match_href
https://www.vlr.gg/event/matches/339/,/12428/stanbul-wildcats-vs-zero-zone-champions-tour-turkey-stage-1-challengers-3-qf,invalid_match_href
https://www.vlr.gg/event/matches/328/,/11676/team-gravity-vs-john-howard-champions-tour-europe-stage-1-challengers-3-ro128,invalid_match_href
https://www.vlr.gg/event/matches/328/,/11678/team-sinful-vs-guild-esports-champions-tour-europe-stage-1-challengers-3-ro128,invalid_match_href
https://www.vlr.gg/event/matches/328/,/11679/next-level-vs-nofear-champions-tour-europe-stage-1-challengers-3-ro128,invalid_match_href
https://www.vlr.gg/event/matches/328/,/11680/64-fully-tatted-vs-circe-champions-tour-europe-stage-1-challengers-3-ro128,invalid_match_href
https://www.vlr.gg/event/matches/328/,/11681/pit-stop-vs-attack-them-champions-tour-europe-stage-1-challengers-3-ro128,invalid_match_href
https://www.vlr.gg/event/matches/328/,/11682/lenovo-legion-honv-d-vs-19esports-champions-tour-europe-stage-1-challengers-3-ro128,invalid_match_href
https://www.vlr.gg/event/matches/328/,/11683/backlink-gaming-vs-lancraft-champions-tour-europe-stage-1-challengers-3-ro128,invalid_match_href
https://www.vlr.gg/event/matches/328/,/11684/animel-vs-team-sprel-champions-tour-europe-stage-1-challengers-3-ro128,invalid_match_href
https://www.vlr.gg/event/matches/328/,/11685/prima-esport-vs-alcyone-champions-tour-europe-stage-1-challengers-3-ro128,invalid_match_href
https://www.vlr.gg/event/matches/328/,/11686/lsweasels-vs-entropiq-champions-tour-europe-stage-1-challengers-3-ro128,invalid_match_href
https://www.vlr.gg/event/matches/328/,/11687/in-your-head-vs-sniper-monkey-champions-tour-europe-stage-1-challengers-3-ro128,invalid_match_href
https://www.vlr.gg/event/matches/328/,/11688/ucam-esports-club-vs-whynotvlr-champions-tour-europe-stage-1-challengers-3-ro128,invalid_match_href
https://www.vlr.gg/event/matches/328/,/11689/chakalaka-vs-bluejays-frates-champions-tour-europe-stage-1-challengers-3-ro128,invalid_match_href
https://www.vlr.gg/event/matches/328/,/11690/nonamers-vs-wizards-club-champions-tour-europe-stage-1-challengers-3-ro128,invalid_match_href
https://www.vlr.gg/event/matches/328/,/11691/tarren-mill-vs-playzone-champions-tour-europe-stage-1-challengers-3-ro128,invalid_match_href
https://www.vlr.gg/event/matches/328/,/11692/revengegg-vs-movistar-riders-champions-tour-europe-stage-1-challengers-3-ro128,invalid_match_href
https://www.vlr.gg/event/matches/328/,/11693/amarok-e-sports-vs-reply-totem-champions-tour-europe-stage-1-challengers-3-ro128,invalid_match_href
https://www.vlr.gg/event/matches/328/,/11694/ket-vs-dfuseteam-champions-tour-europe-stage-1-challengers-3-ro128,invalid_match_href
https://www.vlr.gg/event/matches/328/,/11695/team-7am-vs-yazda-champions-tour-europe-stage-1-challengers-3-ro128,invalid_match_href
https://www.vlr.gg/event/matches/328/,/11696/catalyst-esports-vs-megakich-champions-tour-europe-stage-1-challengers-3-ro128,invalid_match_href
https://www.vlr.gg/event/matches/328/,/11697/project-greywing-vs-winfinity-champions-tour-europe-stage-1-challengers-3-ro128,invalid_match_href
https://www.vlr.gg/event/matches/328/,/11698/team-queso-vs-formagwint-champions-tour-europe-stage-1-challengers-3-ro128,invalid_match_href
https://www.vlr.gg/event/matches/328/,/11699/team-finest-vs-craic-champions-tour-europe-stage-1-challengers-3-ro128,invalid_match_href
https://www.vlr.gg/event/matches/328/,/11700/keepyourskill-vs-ovation-esports-champions-tour-europe-stage-1-challengers-3-ro128,invalid_match_href
https://www.vlr.gg/event/matches/328/,/11701/we-knep-the-meta-vs-the-box-by-infinity-area-champions-tour-europe-stage-1-challengers-3-ro128,invalid_match_href
https://www.vlr.gg/event/matches/328/,/11702/giants-gaming-vs-esuba-champions-tour-europe-stage-1-challengers-3-ro128,invalid_match_href
https://www.vlr.gg/event/matches/328/,/11703/aqualix-vs-57-champions-tour-europe-stage-1-challengers-3-ro128,invalid_match_href
https://www.vlr.gg/event/matches/328/,/11704/mbappeek-vs-ipon-team-horizon-reapers-champions-tour-europe-stage-1-challengers-3-ro128,invalid_match_href
https://www.vlr.gg/event/matches/328/,/11705/ambitious-vs-baecon-gg-champions-tour-europe-stage-1-challengers-3-ro128,invalid_match_href
https://www.vlr.gg/event/matches/328/,/11706/team-sampi-vs-team-leaf-champions-tour-europe-stage-1-challengers-3-ro128,invalid_match_href
https://www.vlr.gg/event/matches/328/,/11707/dark-tigers-vs-arbalest-champions-tour-europe-stage-1-challengers-3-ro128,invalid_match_href
https://www.vlr.gg/event/matches/328/,/11708/tensei-esports-vs-patchwork-champions-tour-europe-stage-1-challengers-3-ro128,invalid_match_href
https://www.vlr.gg/event/matches/328/,/11709/okgg-vs-honk-champions-tour-europe-stage-1-challengers-3-ro128,invalid_match_href
https://www.vlr.gg/event/matches/328/,/11711/staga-haus-vs-avez-esport-champions-tour-europe-stage-1-challengers-3-ro128,invalid_match_href
https://www.vlr.gg/event/matches/328/,/11712/extraordinary-vs-rulers-esports-champions-tour-europe-stage-1-challengers-3-ro128,invalid_match_href
https://www.vlr.gg/event/matches/328/,/11713/marten-gaming-vs-team-underage-champions-tour-europe-stage-1-challengers-3-ro128,invalid_match_href
https://www.vlr.gg/event/matches/328/,/11714/elo-delivery-vs-99percent-champions-tour-europe-stage-1-challengers-3-ro128,invalid_match_href
https://www.vlr.gg/event/matches/328/,/11715/heet-vs-yendez-champions-tour-europe-stage-1-challengers-3-ro128,invalid_match_href
https://www.vlr.gg/event/matches/328/,/11716/purple-cobras-vs-volvo-peek-champions-tour-europe-stage-1-challengers-3-ro128,invalid_match_href
https://www.vlr.gg/event/matches/328/,/11717/diaxmix-vs-iron-division-champions-tour-europe-stage-1-challengers-3-ro128,invalid_match_href
https://www.vlr.gg/event/matches/328/,/11718/wieca-vs-hsdirr-champions-tour-europe-stage-1-challengers-3-ro128,invalid_match_href
https://www.vlr.gg/event/matches/328/,/11719/sh00pdawh00p-vs-ubiteam-champions-tour-europe-stage-1-challengers-3-ro128,invalid_match_href
https://www.vlr.gg/event/matches/328/,/11720/d00msday-vs-digital-ninjas-champions-tour-europe-stage-1-challengers-3-ro128,invalid_match_href
https://www.vlr.gg/event/matches/328/,/11721/lil-pamp-esports-vs-ballista-champions-tour-europe-stage-1-challengers-3-ro128,invalid_match_href
https://www.vlr.gg/event/matches/328/,/11723/dragonborn-esport-vs-ignite-champions-tour-europe-stage-1-challengers-3-ro128,invalid_match_href
https://www.vlr.gg/event/matches/328/,/11724/divan-vs-saw-champions-tour-europe-stage-1-challengers-3-ro128,invalid_match_href
https://www.vlr.gg/event/matches/328/,/11725/kv-tinky-vs-ingenuity-champions-tour-europe-stage-1-challengers-3-ro128,invalid_match_href
https://www.vlr.gg/event/matches/328/,/11726/independent-vs-edelweiss-esports-champions-tour-europe-stage-1-challengers-3-ro128,invalid_match_href
https://www.vlr.gg/event/matches/328/,/11727/pingu-gang-vs-helios-gaming-champions-tour-europe-stage-1-challengers-3-ro128,invalid_match_href
https://www.vlr.gg/event/matches/328/,/11728/e9-esports-vs-inside-games-champions-tour-europe-stage-1-challengers-3-ro128,invalid_match_href
https://www.vlr.gg/event/matches/328/,/11729/team-questionmark-vs-shockdart-champions-tour-europe-stage-1-challengers-3-ro128,invalid_match_href
https://www.vlr.gg/event/matches/328/,/11730/flashdash-vs-raise-your-edge-champions-tour-europe-stage-1-challengers-3-ro128,invalid_match_href
https://www.vlr.gg/event/matches/328/,/11731/team-galaga-vs-team-vitality-champions-tour-europe-stage-1-challengers-3-ro128,invalid_match_href
https://www.vlr.gg/event/matches/328/,/11732/matchmaking-lovers-vs-powerhouse-champions-tour-europe-stage-1-challengers-3-ro128,invalid_match_href
https://www.vlr.gg/event/matches/328/,/11733/bloodydevils-vs-nevermindgg-champions-tour-europe-stage-1-challengers-3-ro128,invalid_match_href
https://www.vlr.gg/event/matches/328/,/11734/bean-boys-vs-lunaris-champions-tour-europe-stage-1-challengers-3-ro128,invalid_match_href
https://www.vlr.gg/event/matches/328/,/11735/team-liquid-vs-narcotic-champions-tour-europe-stage-1-challengers-3-ro128,invalid_match_href
https://www.vlr.gg/event/matches/328/,/11736/cream-real-betis-vs-igp-alpha-champions-tour-europe-stage-1-challengers-3-ro128,invalid_match_href
https://www.vlr.gg/event/matches/328/,/11737/unsigned-vs-young-guys-club-champions-tour-europe-stage-1-challengers-3-ro128,invalid_match_href
https://www.vlr.gg/event/matches/328/,/11738/badturtlesesport-vs-ic9-champions-tour-europe-stage-1-challengers-3-ro128,invalid_match_href
https://www.vlr.gg/event/matches/328/,/11739/atravs-vs-rix-gg-champions-tour-europe-stage-1-challengers-3-ro128,invalid_match_href
https://www.vlr.gg/event/matches/328/,/11677/radiant-comedy-club-vs-s2v-esports-champions-tour-europe-stage-1-challengers-3-ro128,invalid_match_href
https://www.vlr.gg/event/matches/328/,/11710/wolfix-gaming-vs-angry-titans-champions-tour-europe-stage-1-challengers-3-ro128,invalid_match_href
https://www.vlr.gg/event/matches/328/,/11673/lunaris-vs-team-liquid-champions-tour-europe-stage-1-challengers-3-ro64,invalid_match_href
https://www.vlr.gg/event/matches/328/,/11652/movistar-riders-vs-reply-totem-champions-tour-europe-stage-1-challengers-3-ro64,invalid_match_href
https://www.vlr.gg/event/matches/328/,/11644/team-gravity-vs-s2v-esports-champions-tour-europe-stage-1-challengers-3-ro64,invalid_match_href
https://www.vlr.gg/event/matches/328/,/11645/guild-esports-vs-nofear-champions-tour-europe-stage-1-challengers-3-ro64,invalid_match_href
https://www.vlr.gg/event/matches/328/,/11646/circe-vs-pit-stop-champions-tour-europe-stage-1-challengers-3-ro64,invalid_match_href
https://www.vlr.gg/event/matches/328/,/11647/19esports-vs-lancraft-champions-tour-europe-stage-1-challengers-3-ro64,invalid_match_href
https://www.vlr.gg/event/matches/328/,/11649/entropiq-vs-sniper-monkey-champions-tour-europe-stage-1-challengers-3-ro64,invalid_match_href
https://www.vlr.gg/event/matches/328/,/11650/whynotvlr-vs-chakalaka-champions-tour-europe-stage-1-challengers-3-ro64,invalid_match_href
https://www.vlr.gg/event/matches/328/,/11651/nonamers-vs-tarren-mill-champions-tour-europe-stage-1-challengers-3-ro64,invalid_match_href
https://www.vlr.gg/event/matches/328/,/11654/megakich-vs-winfinity-champions-tour-europe-stage-1-challengers-3-ro64,invalid_match_href
https://www.vlr.gg/event/matches/328/,/11655/team-queso-vs-team-finest-champions-tour-europe-stage-1-challengers-3-ro64,invalid_match_href
https://www.vlr.gg/event/matches/328/,/11657/giants-gaming-vs-57-champions-tour-europe-stage-1-challengers-3-ro64,invalid_match_href
https://www.vlr.gg/event/matches/328/,/11658/ipon-team-horizon-reapers-vs-ambitious-champions-tour-europe-stage-1-challengers-3-ro64,invalid_match_href
https://www.vlr.gg/event/matches/328/,/11659/team-sampi-vs-arbalest-champions-tour-europe-stage-1-challengers-3-ro64,invalid_match_href
https://www.vlr.gg/event/matches/328/,/11660/patchwork-vs-honk-champions-tour-europe-stage-1-challengers-3-ro64,invalid_match_href
https://www.vlr.gg/event/matches/328/,/11661/angry-titans-vs-staga-haus-champions-tour-europe-stage-1-challengers-3-ro64,invalid_match_href
https://www.vlr.gg/event/matches/328/,/11662/extraordinary-vs-marten-gaming-champions-tour-europe-stage-1-challengers-3-ro64,invalid_match_href
https://www.vlr.gg/event/matches/328/,/11663/99percent-vs-yendez-champions-tour-europe-stage-1-challengers-3-ro64,invalid_match_href
https://www.vlr.gg/event/matches/328/,/11664/volvo-peek-vs-diaxmix-champions-tour-europe-stage-1-challengers-3-ro64,invalid_match_href
https://www.vlr.gg/event/matches/328/,/11665/hsdirr-vs-ubiteam-champions-tour-europe-stage-1-challengers-3-ro64,invalid_match_href
https://www.vlr.gg/event/matches/328/,/11666/d00msday-vs-ballista-champions-tour-europe-stage-1-challengers-3-ro64,invalid_match_href
https://www.vlr.gg/event/matches/328/,/11667/suprmode-gaming-vs-ignite-champions-tour-europe-stage-1-challengers-3-ro64,invalid_match_href
https://www.vlr.gg/event/matches/328/,/11668/saw-vs-kv-tinky-champions-tour-europe-stage-1-challengers-3-ro64,invalid_match_href
https://www.vlr.gg/event/matches/328/,/11670/e9-esports-vs-shockdart-champions-tour-europe-stage-1-challengers-3-ro64,invalid_match_href
https://www.vlr.gg/event/matches/328/,/11671/raise-your-edge-vs-team-vitality-champions-tour-europe-stage-1-challengers-3-ro64,invalid_match_href
https://www.vlr.gg/event/matches/328/,/11674/cream-real-betis-vs-unsigned-champions-tour-europe-stage-1-challengers-3-ro64,invalid_match_href
https://www.vlr.gg/event/matches/328/,/11675/ic9-vs-rix-gg-champions-tour-europe-stage-1-challengers-3-ro64,invalid_match_href
https://www.vlr.gg/event/matches/328/,/11648/animel-vs-prima-esport-champions-tour-europe-stage-1-challengers-3-ro64,invalid_match_href
https://www.vlr.gg/event/matches/328/,/11653/dfuseteam-vs-team-7am-champions-tour-europe-stage-1-challengers-3-ro64,invalid_match_href
https://www.vlr.gg/event/matches/328/,/11656/ovation-esports-vs-we-knep-the-meta-champions-tour-europe-stage-1-challengers-3-ro64,invalid_match_href
https://www.vlr.gg/event/matches/328/,/11669/edelweiss-esports-vs-pingu-gang-champions-tour-europe-stage-1-challengers-3-ro64,invalid_match_href
https://www.vlr.gg/event/matches/328/,/11672/powerhouse-vs-bloodydevils-champions-tour-europe-stage-1-challengers-3-ro64,invalid_match_href
https://www.vlr.gg/event/matches/328/,/11615/s2v-esports-vs-guild-esports-champions-tour-europe-stage-1-challengers-3-ro32,invalid_match_href
https://www.vlr.gg/event/matches/328/,/11616/pit-stop-vs-19esports-champions-tour-europe-stage-1-challengers-3-ro32,invalid_match_href
https://www.vlr.gg/event/matches/328/,/11617/animel-vs-entropiq-champions-tour-europe-stage-1-challengers-3-ro32,invalid_match_href
https://www.vlr.gg/event/matches/328/,/11618/chakalaka-vs-tarren-mill-champions-tour-europe-stage-1-challengers-3-ro32,invalid_match_href
https://www.vlr.gg/event/matches/328/,/11619/movistar-riders-vs-dfuseteam-champions-tour-europe-stage-1-challengers-3-ro32,invalid_match_href
https://www.vlr.gg/event/matches/328/,/11620/winfinity-vs-team-finest-champions-tour-europe-stage-1-challengers-3-ro32,invalid_match_href
https://www.vlr.gg/event/matches/328/,/11621/ovation-esports-vs-giants-gaming-champions-tour-europe-stage-1-challengers-3-ro32,invalid_match_href
https://www.vlr.gg/event/matches/328/,/11622/ipon-team-horizon-reapers-vs-arbalest-champions-tour-europe-stage-1-challengers-3-ro32,invalid_match_href
https://www.vlr.gg/event/matches/328/,/11623/honk-vs-staga-haus-champions-tour-europe-stage-1-challengers-3-ro32,invalid_match_href
https://www.vlr.gg/event/matches/328/,/11624/marten-gaming-vs-99percent-champions-tour-europe-stage-1-challengers-3-ro32,invalid_match_href
https://www.vlr.gg/event/matches/328/,/11625/volvo-peek-vs-hsdirr-champions-tour-europe-stage-1-challengers-3-ro32,invalid_match_href
https://www.vlr.gg/event/matches/328/,/11626/ballista-vs-ignite-champions-tour-europe-stage-1-challengers-3-ro32,invalid_match_href
https://www.vlr.gg/event/matches/328/,/11627/saw-vs-edelweiss-esports-champions-tour-europe-stage-1-challengers-3-ro32,invalid_match_href
https://www.vlr.gg/event/matches/328/,/11628/shockdart-vs-raise-your-edge-champions-tour-europe-stage-1-challengers-3-ro32,invalid_match_href
https://www.vlr.gg/event/matches/328/,/11642/powerhouse-vs-team-liquid-champions-tour-europe-stage-1-challengers-3-ro32,invalid_match_href
https://www.vlr.gg/event/matches/328/,/11643/cream-real-betis-vs-rix-gg-champions-tour-europe-stage-1-challengers-3-ro32,invalid_match_href
https://www.vlr.gg/event/matches/328/,/11634/guild-esports-vs-pit-stop-champions-tour-europe-stage-1-challengers-3-ro16,invalid_match_href
https://www.vlr.gg/event/matches/328/,/11635/entropiq-vs-chakalaka-champions-tour-europe-stage-1-challengers-3-ro16,invalid_match_href
https://www.vlr.gg/event/matches/328/,/11636/dfuseteam-vs-team-finest-champions-tour-europe-stage-1-challengers-3-ro16,invalid_match_href
https://www.vlr.gg/event/matches/328/,/11637/giants-gaming-vs-ipon-team-horizon-reapers-champions-tour-europe-stage-1-challengers-3-ro16,invalid_match_href
https://www.vlr.gg/event/matches/328/,/11639/hsdirr-vs-ballista-champions-tour-europe-stage-1-challengers-3-ro16,invalid_match_href
https://www.vlr.gg/event/matches/328/,/11641/team-liquid-vs-rix-gg-champions-tour-europe-stage-1-challengers-3-ro16,invalid_match_href
https://www.vlr.gg/event/matches/328/,/11640/saw-vs-raise-your-edge-champions-tour-europe-stage-1-challengers-3-ro16,invalid_match_href
https://www.vlr.gg/event/matches/328/,/11638/honk-vs-99percent-champions-tour-europe-stage-1-challengers-3-ro16,invalid_match_href
https://www.vlr.gg/event/matches/328/,/11594/guild-esports-vs-entropiq-champions-tour-europe-stage-1-challengers-3-qf,invalid_match_href
https://www.vlr.gg/event/matches/328/,/11596/dfuseteam-vs-giants-gaming-champions-tour-europe-stage-1-challengers-3-qf,invalid_match_href
https://www.vlr.gg/event/matches/328/,/11595/honk-vs-ballista-champions-tour-europe-stage-1-challengers-3-qf,invalid_match_href
https://www.vlr.gg/event/matches/328/,/11597/raise-your-edge-vs-rix-gg-champions-tour-europe-stage-1-challengers-3-qf,invalid_match_href
https://www.vlr.gg/event/matches/328/,/11598/wave-esports-vs-guild-esports-champions-tour-europe-stage-1-challengers-3-qf,invalid_match_href
https://www.vlr.gg/event/matches/328/,/11599/g2-esports-vs-dfuseteam-champions-tour-europe-stage-1-challengers-3-qf,invalid_match_href
https://www.vlr.gg/event/matches/328/,/11600/fnatic-vs-ballista-champions-tour-europe-stage-1-challengers-3-qf,invalid_match_href
https://www.vlr.gg/event/matches/328/,/11601/og-vs-raise-your-edge-champions-tour-europe-stage-1-challengers-3-qf,invalid_match_href
