region,match_id,match_url,event_id,match_date,match_time
PACIFIC,698884,https://www.vlr.gg/698884/gen-g-vs-zeta-division-vct-2026-pacific-stage-2-w1,2776,2026-07-16,3:00 PM
PACIFIC,698885,https://www.vlr.gg/698885/team-secret-vs-varrel-vct-2026-pacific-stage-2-w1,2776,2026-07-16,6:05 PM
PACIFIC,698886,https://www.vlr.gg/698886/full-sense-vs-nongshim-redforce-vct-2026-pacific-stage-2-w1,2776,2026-07-17,3:00 PM
PACIFIC,698887,https://www.vlr.gg/698887/kiwoom-drx-vs-detonation-focusme-vct-2026-pacific-stage-2-w1,2776,2026-07-17,6:00 PM
PACIFIC,698888,https://www.vlr.gg/698888/rex-regum-qeon-vs-global-esports-vct-2026-pacific-stage-2-w1,2776,2026-07-18,3:00 PM
PACIFIC,698889,https://www.vlr.gg/698889/paper-rex-vs-t1-vct-2026-pacific-stage-2-w1,2776,2026-07-18,5:35 PM
PACIFIC,698890,https://www.vlr.gg/698890/nongshim-redforce-vs-gen-g-vct-2026-pacific-stage-2-w1,2776,2026-07-19,3:00 PM
PACIFIC,698891,https://www.vlr.gg/698891/kiwoom-drx-vs-team-secret-vct-2026-pacific-stage-2-w1,2776,2026-07-19,6:05 PM
PACIFIC,698892,https://www.vlr.gg/698892/global-esports-vs-full-sense-vct-2026-pacific-stage-2-w2,2776,2026-07-23,3:00 PM
PACIFIC,698893,https://www.vlr.gg/698893/t1-vs-varrel-vct-2026-pacific-stage-2-w2,2776,2026-07-23,5:00 PM
PACIFIC,698894,https://www.vlr.gg/698894/rex-regum-qeon-vs-zeta-division-vct-2026-pacific-stage-2-w2,2776,2026-07-24,3:00 PM
PACIFIC,698895,https://www.vlr.gg/698895/detonation-focusme-vs-paper-rex-vct-2026-pacific-stage-2-w2,2776,2026-07-24,5:05 PM
PACIFIC,698897,https://www.vlr.gg/698897/nongshim-redforce-vs-global-esports-vct-2026-pacific-stage-2-w2,2776,2026-07-25,3:00 PM
PACIFIC,698898,https://www.vlr.gg/698898/team-secret-vs-t1-vct-2026-pacific-stage-2-w2,2776,2026-07-25,5:45 PM
PACIFIC,698899,https://www.vlr.gg/698899/paper-rex-vs-kiwoom-drx-vct-2026-pacific-stage-2-w2,2776,2026-07-26,3:00 PM
PACIFIC,698901,https://www.vlr.gg/698901/gen-g-vs-rex-regum-qeon-vct-2026-pacific-stage-2-w2,2776,2026-07-26,4:50 PM
PACIFIC,698902,https://www.vlr.gg/698902/varrel-vs-detonation-focusme-vct-2026-pacific-stage-2-w3,2776,2026-07-30,3:00 PM
PACIFIC,698903,https://www.vlr.gg/698903/full-sense-vs-zeta-division-vct-2026-pacific-stage-2-w3,2776,2026-07-30,6:15 PM
PACIFIC,698904,https://www.vlr.gg/698904/team-secret-vs-paper-rex-vct-2026-pacific-stage-2-w3,2776,2026-07-31,3:00 PM
PACIFIC,698905,https://www.vlr.gg/698905/global-esports-vs-gen-g-vct-2026-pacific-stage-2-w3,2776,2026-07-31,5:10 PM
PACIFIC,698906,https://www.vlr.gg/698906/t1-vs-detonation-focusme-vct-2026-pacific-stage-2-w3,2776,2026-08-01,3:00 PM
PACIFIC,698907,https://www.vlr.gg/698907/full-sense-vs-rex-regum-qeon-vct-2026-pacific-stage-2-w3,2776,2026-08-01,6:25 PM
PACIFIC,698908,https://www.vlr.gg/698908/varrel-vs-kiwoom-drx-vct-2026-pacific-stage-2-w3,2776,2026-08-02,3:00 PM
PACIFIC,698909,https://www.vlr.gg/698909/zeta-division-vs-nongshim-redforce-vct-2026-pacific-stage-2-w3,2776,2026-08-02,6:00 PM
PACIFIC,698910,https://www.vlr.gg/698910/team-secret-vs-detonation-focusme-vct-2026-pacific-stage-2-w4,2776,2026-08-07,3:00 PM
PACIFIC,698911,https://www.vlr.gg/698911/gen-g-vs-full-sense-vct-2026-pacific-stage-2-w4,2776,2026-08-07,5:15 PM
PACIFIC,698912,https://www.vlr.gg/698912/kiwoom-drx-vs-t1-vct-2026-pacific-stage-2-w4,2776,2026-08-08,3:00 PM
PACIFIC,698913,https://www.vlr.gg/698913/global-esports-vs-zeta-division-vct-2026-pacific-stage-2-w4,2776,2026-08-08,5:10 PM
PACIFIC,698914,https://www.vlr.gg/698914/varrel-vs-paper-rex-vct-2026-pacific-stage-2-w4,2776,2026-08-09,3:00 PM
PACIFIC,698915,https://www.vlr.gg/698915/nongshim-redforce-vs-rex-regum-qeon-vct-2026-pacific-stage-2-w4,2776,2026-08-09,5:25 PM
PACIFIC,730535,https://www.vlr.gg/730535/kiwoom-drx-vs-onside-gaming-vct-2026-pacific-stage-2-ur1,2776,2026-08-13,3:00 PM
PACIFIC,730536,https://www.vlr.gg/730536/rex-regum-qeon-vs-sharper-esports-vct-2026-pacific-stage-2-ur1,2776,2026-08-13,5:25 PM
PACIFIC,730537,https://www.vlr.gg/730537/full-sense-vs-qt-dig-vct-2026-pacific-stage-2-ur1,2776,2026-08-14,3:00 PM
PACIFIC,730538,https://www.vlr.gg/730538/team-secret-vs-xipto-esports-vct-2026-pacific-stage-2-ur1,2776,2026-08-14,5:45 PM
PACIFIC,730539,https://www.vlr.gg/730539/zeta-division-vs-kiwoom-drx-vct-2026-pacific-stage-2-ubqf,2776,2026-08-15,3:00 PM
PACIFIC,730540,https://www.vlr.gg/730540/detonation-focusme-vs-sharper-esports-vct-2026-pacific-stage-2-ubqf,2776,2026-08-15,6:20 PM
PACIFIC,730541,https://www.vlr.gg/730541/t1-vs-full-sense-vct-2026-pacific-stage-2-ubqf,2776,2026-08-16,3:00 PM
PACIFIC,730542,https://www.vlr.gg/730542/nongshim-redforce-vs-team-secret-vct-2026-pacific-stage-2-ubqf,2776,2026-08-16,4:50 PM
PACIFIC,730545,https://www.vlr.gg/730545/team-secret-vs-onside-gaming-vct-2026-pacific-stage-2-lr1,2776,2026-08-19,3:00 PM
PACIFIC,730546,https://www.vlr.gg/730546/full-sense-vs-rex-regum-qeon-vct-2026-pacific-stage-2-lr1,2776,2026-08-19,5:25 PM
PACIFIC,730547,https://www.vlr.gg/730547/detonation-focusme-vs-qt-dig-vct-2026-pacific-stage-2-lr1,2776,2026-08-20,3:00 PM
PACIFIC,730548,https://www.vlr.gg/730548/zeta-division-vs-xipto-esports-vct-2026-pacific-stage-2-lr1,2776,2026-08-20,6:00 PM
PACIFIC,730543,https://www.vlr.gg/730543/kiwoom-drx-vs-sharper-esports-vct-2026-pacific-stage-2-ubsf,2776,2026-08-21,3:00 PM
PACIFIC,730544,https://www.vlr.gg/730544/t1-vs-nongshim-redforce-vct-2026-pacific-stage-2-ubsf,2776,2026-08-21,6:25 PM
PACIFIC,730549,https://www.vlr.gg/730549/onside-gaming-vs-full-sense-vct-2026-pacific-stage-2-lr2,2776,2026-08-22,3:00 PM
PACIFIC,730550,https://www.vlr.gg/730550/detonation-focusme-vs-zeta-division-vct-2026-pacific-stage-2-lr2,2776,2026-08-22,5:10 PM
PACIFIC,730551,https://www.vlr.gg/730551/sharper-esports-vs-onside-gaming-vct-2026-pacific-stage-2-lr3,2776,2026-08-23,3:00 PM
PACIFIC,730552,https://www.vlr.gg/730552/t1-vs-detonation-focusme-vct-2026-pacific-stage-2-lr3,2776,2026-08-23,6:00 PM
PACIFIC,742476,https://www.vlr.gg/742476/paper-rex-vs-nongshim-redforce-vct-2026-pacific-stage-2-ur1,2776,2026-08-26,3:00 PM
PACIFIC,742477,https://www.vlr.gg/742477/global-esports-vs-kiwoom-drx-vct-2026-pacific-stage-2-ur1,2776,2026-08-26,5:15 PM
PACIFIC,742478,https://www.vlr.gg/742478/gen-g-vs-nongshim-redforce-vct-2026-pacific-stage-2-ubsf,2776,2026-08-27,3:00 PM
PACIFIC,742479,https://www.vlr.gg/742479/varrel-vs-global-esports-vct-2026-pacific-stage-2-ubsf,2776,2026-08-27,6:10 PM
PACIFIC,742482,https://www.vlr.gg/742482/paper-rex-vs-onside-gaming-vct-2026-pacific-stage-2-lr1,2776,2026-08-28,3:00 PM
PACIFIC,742483,https://www.vlr.gg/742483/kiwoom-drx-vs-t1-vct-2026-pacific-stage-2-lr1,2776,2026-08-28,5:05 PM
PACIFIC,742484,https://www.vlr.gg/742484/varrel-vs-paper-rex-vct-2026-pacific-stage-2-lr2,2776,2026-08-29,3:00 PM
PACIFIC,742485,https://www.vlr.gg/742485/gen-g-vs-t1-vct-2026-pacific-stage-2-lr2,2776,2026-08-29,6:00 PM
PACIFIC,742480,https://www.vlr.gg/742480/nongshim-redforce-vs-global-esports-vct-2026-pacific-stage-2-ubf,2776,2026-09-04,3:00 PM
PACIFIC,742486,https://www.vlr.gg/742486/varrel-vs-t1-vct-2026-pacific-stage-2-lr3,2776,2026-09-04,6:00 PM
PACIFIC,742487,https://www.vlr.gg/742487/global-esports-vs-t1-vct-2026-pacific-stage-2-lbf,2776,2026-09-05,3:00 PM
PACIFIC,742481,https://www.vlr.gg/742481/nongshim-redforce-vs-global-esports-vct-2026-pacific-stage-2-gf,2776,2026-09-06,3:00 PM
PACIFIC,684613,https://www.vlr.gg/684613/xi-lai-gaming-vs-nrg-valorant-masters-london-2026-r1,2765,2026-06-06,9:00 PM
PACIFIC,684610,https://www.vlr.gg/684610/team-vitality-vs-dragon-ranger-gaming-valorant-masters-london-2026-r1,2765,2026-06-06,11:30 PM
PACIFIC,684611,https://www.vlr.gg/684611/full-sense-vs-fut-esports-valorant-masters-london-2026-r1,2765,2026-06-07,9:00 PM
PACIFIC,684612,https://www.vlr.gg/684612/leviat-n-vs-global-esports-valorant-masters-london-2026-r1,2765,2026-06-07,11:00 PM
PACIFIC,684614,https://www.vlr.gg/684614/team-vitality-vs-fut-esports-valorant-masters-london-2026-r2-1-0,2765,2026-06-08,9:00 PM
PACIFIC,684615,https://www.vlr.gg/684615/nrg-vs-leviat-n-valorant-masters-london-2026-r2-1-0,2765,2026-06-09,12:15 AM
PACIFIC,684616,https://www.vlr.gg/684616/dragon-ranger-gaming-vs-xi-lai-gaming-valorant-masters-london-2026-r2-0-1,2765,2026-06-09,9:00 PM
PACIFIC,684617,https://www.vlr.gg/684617/global-esports-vs-full-sense-valorant-masters-london-2026-r2-0-1,2765,2026-06-10,12:20 AM
PACIFIC,684619,https://www.vlr.gg/684619/fut-esports-vs-nrg-valorant-masters-london-2026-r3-1-1,2765,2026-06-10,9:00 PM
PACIFIC,684618,https://www.vlr.gg/684618/global-esports-vs-xi-lai-gaming-valorant-masters-london-2026-r3-1-1,2765,2026-06-11,12:40 AM
PACIFIC,670466,https://www.vlr.gg/670466/paper-rex-vs-leviat-n-valorant-masters-london-2026-ubqf,2765,2026-06-12,9:00 PM
PACIFIC,670467,https://www.vlr.gg/670467/team-heretics-vs-team-vitality-valorant-masters-london-2026-ubqf,2765,2026-06-12,11:00 PM
PACIFIC,670465,https://www.vlr.gg/670465/edward-gaming-vs-fut-esports-valorant-masters-london-2026-ubqf,2765,2026-06-13,9:00 PM
PACIFIC,670464,https://www.vlr.gg/670464/g2-esports-vs-xi-lai-gaming-valorant-masters-london-2026-ubqf,2765,2026-06-14,12:00 AM
PACIFIC,670473,https://www.vlr.gg/670473/leviat-n-vs-team-heretics-valorant-masters-london-2026-lr1,2765,2026-06-14,9:00 PM
PACIFIC,670472,https://www.vlr.gg/670472/g2-esports-vs-fut-esports-valorant-masters-london-2026-lr1,2765,2026-06-15,12:00 AM
PACIFIC,670468,https://www.vlr.gg/670468/xi-lai-gaming-vs-edward-gaming-valorant-masters-london-2026-ubsf,2765,2026-06-15,9:00 PM
PACIFIC,670469,https://www.vlr.gg/670469/paper-rex-vs-team-vitality-valorant-masters-london-2026-ubsf,2765,2026-06-16,12:15 AM
PACIFIC,670475,https://www.vlr.gg/670475/xi-lai-gaming-vs-leviat-n-valorant-masters-london-2026-lr2,2765,2026-06-16,9:00 PM
PACIFIC,670474,https://www.vlr.gg/670474/team-vitality-vs-fut-esports-valorant-masters-london-2026-lr2,2765,2026-06-16,11:05 PM
PACIFIC,670470,https://www.vlr.gg/670470/edward-gaming-vs-paper-rex-valorant-masters-london-2026-ubf,2765,2026-06-19,8:00 PM
PACIFIC,670476,https://www.vlr.gg/670476/team-vitality-vs-leviat-n-valorant-masters-london-2026-lr3,2765,2026-06-19,11:35 PM
PACIFIC,670477,https://www.vlr.gg/670477/edward-gaming-vs-leviat-n-valorant-masters-london-2026-lbf,2765,2026-06-20,8:00 PM
PACIFIC,670471,https://www.vlr.gg/670471/paper-rex-vs-leviat-n-valorant-masters-london-2026-gf,2765,2026-06-21,9:20 PM
PACIFIC,644652,https://www.vlr.gg/644652/gen-g-vs-global-esports-vct-2026-pacific-stage-1-w1,2775,2026-04-03,3:00 PM
PACIFIC,644653,https://www.vlr.gg/644653/t1-vs-varrel-vct-2026-pacific-stage-1-w1,2775,2026-04-03,5:15 PM
PACIFIC,644654,https://www.vlr.gg/644654/nongshim-redforce-vs-paper-rex-vct-2026-pacific-stage-1-w1,2775,2026-04-04,3:00 PM
PACIFIC,644655,https://www.vlr.gg/644655/full-sense-vs-detonation-focusme-vct-2026-pacific-stage-1-w1,2775,2026-04-04,6:10 PM
PACIFIC,644656,https://www.vlr.gg/644656/team-secret-vs-drx-vct-2026-pacific-stage-1-w1,2775,2026-04-05,3:00 PM
PACIFIC,644657,https://www.vlr.gg/644657/rex-regum-qeon-vs-zeta-division-vct-2026-pacific-stage-1-w1,2775,2026-04-05,5:30 PM
PACIFIC,644658,https://www.vlr.gg/644658/detonation-focusme-vs-t1-vct-2026-pacific-stage-1-w2,2775,2026-04-10,3:00 PM
PACIFIC,644659,https://www.vlr.gg/644659/nongshim-redforce-vs-drx-vct-2026-pacific-stage-1-w2,2775,2026-04-10,5:35 PM
PACIFIC,644660,https://www.vlr.gg/644660/team-secret-vs-global-esports-vct-2026-pacific-stage-1-w2,2775,2026-04-11,3:00 PM
PACIFIC,644661,https://www.vlr.gg/644661/rex-regum-qeon-vs-varrel-vct-2026-pacific-stage-1-w2,2775,2026-04-11,5:25 PM
PACIFIC,644662,https://www.vlr.gg/644662/full-sense-vs-zeta-division-vct-2026-pacific-stage-1-w2,2775,2026-04-12,3:00 PM
PACIFIC,644663,https://www.vlr.gg/644663/gen-g-vs-paper-rex-vct-2026-pacific-stage-1-w2,2775,2026-04-12,4:50 PM
PACIFIC,644665,https://www.vlr.gg/644665/full-sense-vs-varrel-vct-2026-pacific-stage-1-w3,2775,2026-04-17,3:00 PM
PACIFIC,644666,https://www.vlr.gg/644666/team-secret-vs-paper-rex-vct-2026-pacific-stage-1-w3,2775,2026-04-17,5:20 PM
PACIFIC,644667,https://www.vlr.gg/644667/kiwoom-drx-vs-global-esports-vct-2026-pacific-stage-1-w3,2775,2026-04-18,3:00 PM
PACIFIC,644668,https://www.vlr.gg/644668/zeta-division-vs-detonation-focusme-vct-2026-pacific-stage-1-w3,2775,2026-04-18,5:20 PM
PACIFIC,644669,https://www.vlr.gg/644669/rex-regum-qeon-vs-t1-vct-2026-pacific-stage-1-w3,2775,2026-04-19,3:00 PM
PACIFIC,644670,https://www.vlr.gg/644670/nongshim-redforce-vs-gen-g-vct-2026-pacific-stage-1-w3,2775,2026-04-19,5:25 PM
PACIFIC,644671,https://www.vlr.gg/644671/rex-regum-qeon-vs-full-sense-vct-2026-pacific-stage-1-w4,2775,2026-04-24,3:00 PM
PACIFIC,644672,https://www.vlr.gg/644672/paper-rex-vs-global-esports-vct-2026-pacific-stage-1-w4,2775,2026-04-24,6:00 PM
PACIFIC,644673,https://www.vlr.gg/644673/gen-g-vs-kiwoom-drx-vct-2026-pacific-stage-1-w4,2775,2026-04-25,3:00 PM
PACIFIC,644674,https://www.vlr.gg/644674/detonation-focusme-vs-varrel-vct-2026-pacific-stage-1-w4,2775,2026-04-25,6:35 PM
PACIFIC,644675,https://www.vlr.gg/644675/t1-vs-zeta-division-vct-2026-pacific-stage-1-w4,2775,2026-04-26,3:00 PM
PACIFIC,644676,https://www.vlr.gg/644676/nongshim-redforce-vs-team-secret-vct-2026-pacific-stage-1-w4,2775,2026-04-26,5:05 PM
PACIFIC,644677,https://www.vlr.gg/644677/gen-g-vs-team-secret-vct-2026-pacific-stage-1-w5,2775,2026-05-01,3:00 PM
PACIFIC,644678,https://www.vlr.gg/644678/varrel-vs-zeta-division-vct-2026-pacific-stage-1-w5,2775,2026-05-01,6:20 PM
PACIFIC,644679,https://www.vlr.gg/644679/t1-vs-full-sense-vct-2026-pacific-stage-1-w5,2775,2026-05-02,3:00 PM
PACIFIC,644680,https://www.vlr.gg/644680/nongshim-redforce-vs-global-esports-vct-2026-pacific-stage-1-w5,2775,2026-05-02,6:10 PM
PACIFIC,644681,https://www.vlr.gg/644681/paper-rex-vs-kiwoom-drx-vct-2026-pacific-stage-1-w5,2775,2026-05-03,3:00 PM
PACIFIC,644682,https://www.vlr.gg/644682/rex-regum-qeon-vs-detonation-focusme-vct-2026-pacific-stage-1-w5,2775,2026-05-03,5:00 PM
PACIFIC,666488,https://www.vlr.gg/666488/rex-regum-qeon-vs-global-esports-vct-2026-pacific-stage-1-ur1,2775,2026-05-07,3:00 PM
PACIFIC,666489,https://www.vlr.gg/666489/kiwoom-drx-vs-full-sense-vct-2026-pacific-stage-1-ur1,2775,2026-05-07,5:35 PM
PACIFIC,666490,https://www.vlr.gg/666490/paper-rex-vs-global-esports-vct-2026-pacific-stage-1-ubsf,2775,2026-05-08,3:00 PM
PACIFIC,666491,https://www.vlr.gg/666491/t1-vs-full-sense-vct-2026-pacific-stage-1-ubsf,2775,2026-05-08,6:15 PM
PACIFIC,666494,https://www.vlr.gg/666494/rex-regum-qeon-vs-detonation-focusme-vct-2026-pacific-stage-1-lr1,2775,2026-05-09,3:00 PM
PACIFIC,666495,https://www.vlr.gg/666495/kiwoom-drx-vs-nongshim-redforce-vct-2026-pacific-stage-1-lr1,2775,2026-05-09,6:30 PM
PACIFIC,666496,https://www.vlr.gg/666496/t1-vs-rex-regum-qeon-vct-2026-pacific-stage-1-lr2,2775,2026-05-10,3:00 PM
PACIFIC,666497,https://www.vlr.gg/666497/paper-rex-vs-kiwoom-drx-vct-2026-pacific-stage-1-lr2,2775,2026-05-10,6:30 PM
PACIFIC,666492,https://www.vlr.gg/666492/global-esports-vs-full-sense-vct-2026-pacific-stage-1-ubf,2775,2026-05-15,5:00 PM
PACIFIC,666498,https://www.vlr.gg/666498/t1-vs-paper-rex-vct-2026-pacific-stage-1-lr3,2775,2026-05-15,7:20 PM
PACIFIC,666499,https://www.vlr.gg/666499/global-esports-vs-paper-rex-vct-2026-pacific-stage-1-lbf,2775,2026-05-16,5:00 PM
PACIFIC,666493,https://www.vlr.gg/666493/full-sense-vs-paper-rex-vct-2026-pacific-stage-1-gf,2775,2026-05-17,5:00 PM
PACIFIC,625788,https://www.vlr.gg/625788/gentle-mates-vs-edward-gaming-valorant-masters-santiago-2026-r1,2760,2026-03-01,12:00 AM
PACIFIC,625791,https://www.vlr.gg/625791/xi-lai-gaming-vs-nrg-valorant-masters-santiago-2026-r1,2760,2026-03-01,2:30 AM
PACIFIC,625790,https://www.vlr.gg/625790/g2-esports-vs-paper-rex-valorant-masters-santiago-2026-r1,2760,2026-03-02,12:00 AM
PACIFIC,625789,https://www.vlr.gg/625789/t1-vs-team-liquid-valorant-masters-santiago-2026-r1,2760,2026-03-02,2:05 AM
PACIFIC,626529,https://www.vlr.gg/626529/paper-rex-vs-nrg-valorant-masters-santiago-2026-r2-1-0,2760,2026-03-03,1:00 AM
PACIFIC,626530,https://www.vlr.gg/626530/gentle-mates-vs-team-liquid-valorant-masters-santiago-2026-r2-1-0,2760,2026-03-03,4:30 AM
PACIFIC,626532,https://www.vlr.gg/626532/edward-gaming-vs-t1-valorant-masters-santiago-2026-r2-0-1,2760,2026-03-04,1:00 AM
PACIFIC,626533,https://www.vlr.gg/626533/xi-lai-gaming-vs-g2-esports-valorant-masters-santiago-2026-r2-0-1,2760,2026-03-04,3:10 AM
PACIFIC,626535,https://www.vlr.gg/626535/nrg-vs-team-liquid-valorant-masters-santiago-2026-r3,2760,2026-03-05,1:00 AM
PACIFIC,626534,https://www.vlr.gg/626534/g2-esports-vs-t1-valorant-masters-santiago-2026-r3,2760,2026-03-05,3:20 AM
PACIFIC,626539,https://www.vlr.gg/626539/furia-vs-paper-rex-valorant-masters-santiago-2026-ubqf,2760,2026-03-07,1:00 AM
PACIFIC,626537,https://www.vlr.gg/626537/nongshim-redforce-vs-gentle-mates-valorant-masters-santiago-2026-ubqf,2760,2026-03-07,4:00 AM
PACIFIC,626540,https://www.vlr.gg/626540/bbl-esports-vs-nrg-valorant-masters-santiago-2026-ubqf,2760,2026-03-08,12:00 AM
PACIFIC,626538,https://www.vlr.gg/626538/all-gamers-vs-g2-esports-valorant-masters-santiago-2026-ubqf,2760,2026-03-08,3:30 AM
PACIFIC,626546,https://www.vlr.gg/626546/furia-vs-bbl-esports-valorant-masters-santiago-2026-lr1,2760,2026-03-09,12:00 AM
PACIFIC,626545,https://www.vlr.gg/626545/gentle-mates-vs-all-gamers-valorant-masters-santiago-2026-lr1,2760,2026-03-09,3:30 AM
PACIFIC,626541,https://www.vlr.gg/626541/nongshim-redforce-vs-g2-esports-valorant-masters-santiago-2026-ubsf,2760,2026-03-10,1:00 AM
PACIFIC,626542,https://www.vlr.gg/626542/paper-rex-vs-nrg-valorant-masters-santiago-2026-ubsf,2760,2026-03-10,4:20 AM
PACIFIC,626548,https://www.vlr.gg/626548/g2-esports-vs-bbl-esports-valorant-masters-santiago-2026-lr2,2760,2026-03-11,1:00 AM
PACIFIC,626547,https://www.vlr.gg/626547/paper-rex-vs-all-gamers-valorant-masters-santiago-2026-lr2,2760,2026-03-11,3:10 AM
PACIFIC,626543,https://www.vlr.gg/626543/nongshim-redforce-vs-nrg-valorant-masters-santiago-2026-ubf,2760,2026-03-14,12:00 AM
PACIFIC,626549,https://www.vlr.gg/626549/paper-rex-vs-g2-esports-valorant-masters-santiago-2026-lr3,2760,2026-03-14,2:25 AM
PACIFIC,626550,https://www.vlr.gg/626550/nrg-vs-paper-rex-valorant-masters-santiago-2026-lbf,2760,2026-03-15,12:00 AM
PACIFIC,626544,https://www.vlr.gg/626544/nongshim-redforce-vs-paper-rex-valorant-masters-santiago-2026-gf,2760,2026-03-16,1:00 AM
PACIFIC,595630,https://www.vlr.gg/595630/nongshim-redforce-vs-team-secret-vct-2026-pacific-kickoff-ur1,2683,2026-01-22,3:00 PM
PACIFIC,595631,https://www.vlr.gg/595631/zeta-division-vs-full-sense-vct-2026-pacific-kickoff-ur1,2683,2026-01-22,5:10 PM
PACIFIC,595632,https://www.vlr.gg/595632/varrel-vs-global-esports-vct-2026-pacific-kickoff-ur1,2683,2026-01-23,3:00 PM
PACIFIC,595633,https://www.vlr.gg/595633/detonation-focusme-vs-gen-g-vct-2026-pacific-kickoff-ur1,2683,2026-01-23,5:10 PM
PACIFIC,595634,https://www.vlr.gg/595634/t1-vs-nongshim-redforce-vct-2026-pacific-kickoff-ur2,2683,2026-01-24,3:00 PM
PACIFIC,595635,https://www.vlr.gg/595635/drx-vs-full-sense-vct-2026-pacific-kickoff-ur2,2683,2026-01-24,5:55 PM
PACIFIC,595636,https://www.vlr.gg/595636/paper-rex-vs-global-esports-vct-2026-pacific-kickoff-ur2,2683,2026-01-25,3:00 PM
PACIFIC,595637,https://www.vlr.gg/595637/rex-regum-qeon-vs-detonation-focusme-vct-2026-pacific-kickoff-ur2,2683,2026-01-25,6:00 PM
PACIFIC,595641,https://www.vlr.gg/595641/team-secret-vs-detonation-focusme-vct-2026-pacific-kickoff-mr1,2683,2026-01-29,3:00 PM
PACIFIC,595642,https://www.vlr.gg/595642/zeta-division-vs-global-esports-vct-2026-pacific-kickoff-mr1,2683,2026-01-29,5:00 PM
PACIFIC,595643,https://www.vlr.gg/595643/varrel-vs-drx-vct-2026-pacific-kickoff-mr1,2683,2026-01-30,3:00 PM
PACIFIC,595644,https://www.vlr.gg/595644/gen-g-vs-t1-vct-2026-pacific-kickoff-mr1,2683,2026-01-30,6:25 PM
PACIFIC,595638,https://www.vlr.gg/595638/nongshim-redforce-vs-full-sense-vct-2026-pacific-kickoff-ur3,2683,2026-01-31,3:00 PM
PACIFIC,595639,https://www.vlr.gg/595639/paper-rex-vs-rex-regum-qeon-vct-2026-pacific-kickoff-ur3,2683,2026-01-31,5:10 PM
PACIFIC,595645,https://www.vlr.gg/595645/detonation-focusme-vs-global-esports-vct-2026-pacific-kickoff-mr2,2683,2026-02-01,3:00 PM
PACIFIC,595646,https://www.vlr.gg/595646/drx-vs-t1-vct-2026-pacific-kickoff-mr2,2683,2026-02-01,6:05 PM
PACIFIC,595651,https://www.vlr.gg/595651/team-secret-vs-zeta-division-vct-2026-pacific-kickoff-lr1,2683,2026-02-05,3:00 PM
PACIFIC,595652,https://www.vlr.gg/595652/varrel-vs-gen-g-vct-2026-pacific-kickoff-lr1,2683,2026-02-05,5:45 PM
PACIFIC,595647,https://www.vlr.gg/595647/full-sense-vs-detonation-focusme-vct-2026-pacific-kickoff-mr3,2683,2026-02-06,3:00 PM
PACIFIC,595648,https://www.vlr.gg/595648/paper-rex-vs-t1-vct-2026-pacific-kickoff-mr3,2683,2026-02-06,6:00 PM
PACIFIC,595653,https://www.vlr.gg/595653/drx-vs-zeta-division-vct-2026-pacific-kickoff-lr2,2683,2026-02-07,3:00 PM
PACIFIC,595654,https://www.vlr.gg/595654/global-esports-vs-gen-g-vct-2026-pacific-kickoff-lr2,2683,2026-02-07,6:00 PM
PACIFIC,595655,https://www.vlr.gg/595655/full-sense-vs-drx-vct-2026-pacific-kickoff-lr3,2683,2026-02-08,3:00 PM
PACIFIC,595656,https://www.vlr.gg/595656/paper-rex-vs-global-esports-vct-2026-pacific-kickoff-lr3,2683,2026-02-08,5:00 PM
PACIFIC,595657,https://www.vlr.gg/595657/drx-vs-paper-rex-vct-2026-pacific-kickoff-lr4,2683,2026-02-12,3:00 PM
PACIFIC,595649,https://www.vlr.gg/595649/detonation-focusme-vs-t1-vct-2026-pacific-kickoff-mr4,2683,2026-02-13,2:00 PM
PACIFIC,595640,https://www.vlr.gg/595640/nongshim-redforce-vs-rex-regum-qeon-vct-2026-pacific-kickoff-ubf,2683,2026-02-13,4:00 PM
PACIFIC,595658,https://www.vlr.gg/595658/detonation-focusme-vs-paper-rex-vct-2026-pacific-kickoff-lr5,2683,2026-02-14,2:00 PM
PACIFIC,595650,https://www.vlr.gg/595650/rex-regum-qeon-vs-t1-vct-2026-pacific-kickoff-mbf,2683,2026-02-14,4:00 PM
PACIFIC,595659,https://www.vlr.gg/595659/rex-regum-qeon-vs-paper-rex-vct-2026-pacific-kickoff-lbf,2683,2026-02-15,2:00 PM
PACIFIC,542195,https://www.vlr.gg/542195/paper-rex-vs-xi-lai-gaming-valorant-champions-2025-opening-a,2283,2025-09-12,8:00 PM
PACIFIC,542196,https://www.vlr.gg/542196/giantx-vs-sentinels-valorant-champions-2025-opening-a,2283,2025-09-12,10:25 PM
PACIFIC,542207,https://www.vlr.gg/542207/nrg-vs-edward-gaming-valorant-champions-2025-opening-c,2283,2025-09-13,8:00 PM
PACIFIC,542205,https://www.vlr.gg/542205/team-liquid-vs-drx-valorant-champions-2025-opening-c,2283,2025-09-13,10:55 PM
PACIFIC,542212,https://www.vlr.gg/542212/dragon-ranger-gaming-vs-t1-valorant-champions-2025-opening-d,2283,2025-09-14,8:00 PM
PACIFIC,542211,https://www.vlr.gg/542211/g2-esports-vs-team-heretics-valorant-champions-2025-opening-d,2283,2025-09-14,11:20 PM
PACIFIC,542200,https://www.vlr.gg/542200/bilibili-gaming-vs-mibr-valorant-champions-2025-opening-b,2283,2025-09-15,8:00 PM
PACIFIC,542201,https://www.vlr.gg/542201/rex-regum-qeon-vs-fnatic-valorant-champions-2025-opening-b,2283,2025-09-15,10:10 PM
PACIFIC,542197,https://www.vlr.gg/542197/paper-rex-vs-giantx-valorant-champions-2025-winners-a,2283,2025-09-17,8:00 PM
PACIFIC,542208,https://www.vlr.gg/542208/drx-vs-nrg-valorant-champions-2025-winners-c,2283,2025-09-17,11:10 PM
PACIFIC,542213,https://www.vlr.gg/542213/team-heretics-vs-t1-valorant-champions-2025-winners-d,2283,2025-09-18,8:00 PM
PACIFIC,542202,https://www.vlr.gg/542202/mibr-vs-fnatic-valorant-champions-2025-winners-b,2283,2025-09-18,10:25 PM
PACIFIC,542209,https://www.vlr.gg/542209/team-liquid-vs-edward-gaming-valorant-champions-2025-elim-c,2283,2025-09-19,8:00 PM
PACIFIC,542198,https://www.vlr.gg/542198/xi-lai-gaming-vs-sentinels-valorant-champions-2025-elim-a,2283,2025-09-19,11:30 PM
PACIFIC,542203,https://www.vlr.gg/542203/bilibili-gaming-vs-rex-regum-qeon-valorant-champions-2025-elim-b,2283,2025-09-20,8:00 PM
PACIFIC,542214,https://www.vlr.gg/542214/g2-esports-vs-dragon-ranger-gaming-valorant-champions-2025-elim-d,2283,2025-09-20,11:00 PM
PACIFIC,542210,https://www.vlr.gg/542210/drx-vs-team-liquid-valorant-champions-2025-decider-c,2283,2025-09-21,8:00 PM
PACIFIC,542199,https://www.vlr.gg/542199/giantx-vs-xi-lai-gaming-valorant-champions-2025-decider-a,2283,2025-09-21,10:20 PM
PACIFIC,542215,https://www.vlr.gg/542215/t1-vs-g2-esports-valorant-champions-2025-decider-d,2283,2025-09-22,8:00 PM
PACIFIC,542204,https://www.vlr.gg/542204/mibr-vs-rex-regum-qeon-valorant-champions-2025-decider-b,2283,2025-09-22,10:15 PM
PACIFIC,542265,https://www.vlr.gg/542265/paper-rex-vs-g2-esports-valorant-champions-2025-ubqf,2283,2025-09-25,8:00 PM
PACIFIC,542264,https://www.vlr.gg/542264/fnatic-vs-drx-valorant-champions-2025-ubqf,2283,2025-09-25,11:50 PM
PACIFIC,542266,https://www.vlr.gg/542266/team-heretics-vs-mibr-valorant-champions-2025-ubqf,2283,2025-09-26,8:00 PM
PACIFIC,542267,https://www.vlr.gg/542267/nrg-vs-giantx-valorant-champions-2025-ubqf,2283,2025-09-26,10:35 PM
PACIFIC,542273,https://www.vlr.gg/542273/drx-vs-g2-esports-valorant-champions-2025-lr1,2283,2025-09-27,8:00 PM
PACIFIC,542274,https://www.vlr.gg/542274/team-heretics-vs-giantx-valorant-champions-2025-lr1,2283,2025-09-27,11:20 PM
PACIFIC,542268,https://www.vlr.gg/542268/fnatic-vs-paper-rex-valorant-champions-2025-ubsf,2283,2025-09-28,8:00 PM
PACIFIC,542269,https://www.vlr.gg/542269/mibr-vs-nrg-valorant-champions-2025-ubsf,2283,2025-09-28,11:20 PM
PACIFIC,542277,https://www.vlr.gg/542277/paper-rex-vs-team-heretics-valorant-champions-2025-lr2,2283,2025-09-29,8:00 PM
PACIFIC,542276,https://www.vlr.gg/542276/mibr-vs-drx-valorant-champions-2025-lr2,2283,2025-09-29,11:20 PM
PACIFIC,542270,https://www.vlr.gg/542270/fnatic-vs-nrg-valorant-champions-2025-ubf,2283,2025-10-03,6:00 PM
PACIFIC,542278,https://www.vlr.gg/542278/drx-vs-paper-rex-valorant-champions-2025-lr3,2283,2025-10-03,8:35 PM
PACIFIC,542279,https://www.vlr.gg/542279/fnatic-vs-drx-valorant-champions-2025-lbf,2283,2025-10-04,6:00 PM
PACIFIC,542272,https://www.vlr.gg/542272/nrg-vs-fnatic-valorant-champions-2025-gf,2283,2025-10-05,6:00 PM
PACIFIC,508815,https://www.vlr.gg/508815/boom-esports-vs-talon-vct-2025-pacific-stage-2-w1,2500,2025-07-15,3:00 PM
PACIFIC,508816,https://www.vlr.gg/508816/nongshim-redforce-vs-team-secret-vct-2025-pacific-stage-2-w1,2500,2025-07-15,5:15 PM
PACIFIC,508817,https://www.vlr.gg/508817/t1-vs-paper-rex-vct-2025-pacific-stage-2-w1,2500,2025-07-16,3:00 PM
PACIFIC,508818,https://www.vlr.gg/508818/drx-vs-gen-g-vct-2025-pacific-stage-2-w1,2500,2025-07-16,5:35 PM
PACIFIC,508819,https://www.vlr.gg/508819/rex-regum-qeon-vs-global-esports-vct-2025-pacific-stage-2-w1,2500,2025-07-17,3:00 PM
PACIFIC,508820,https://www.vlr.gg/508820/zeta-division-vs-detonation-focusme-vct-2025-pacific-stage-2-w1,2500,2025-07-17,5:15 PM
PACIFIC,508821,https://www.vlr.gg/508821/drx-vs-nongshim-redforce-vct-2025-pacific-stage-2-w1,2500,2025-07-18,3:00 PM
PACIFIC,508822,https://www.vlr.gg/508822/boom-esports-vs-t1-vct-2025-pacific-stage-2-w1,2500,2025-07-18,6:10 PM
PACIFIC,508823,https://www.vlr.gg/508823/global-esports-vs-team-secret-vct-2025-pacific-stage-2-w1,2500,2025-07-19,3:00 PM
PACIFIC,508824,https://www.vlr.gg/508824/paper-rex-vs-detonation-focusme-vct-2025-pacific-stage-2-w1,2500,2025-07-19,6:20 PM
PACIFIC,508825,https://www.vlr.gg/508825/talon-vs-zeta-division-vct-2025-pacific-stage-2-w1,2500,2025-07-20,3:00 PM
PACIFIC,508826,https://www.vlr.gg/508826/rex-regum-qeon-vs-gen-g-vct-2025-pacific-stage-2-w1,2500,2025-07-20,5:00 PM
PACIFIC,508828,https://www.vlr.gg/508828/gen-g-vs-global-esports-vct-2025-pacific-stage-2-w2,2500,2025-07-25,3:00 PM
PACIFIC,508829,https://www.vlr.gg/508829/talon-vs-detonation-focusme-vct-2025-pacific-stage-2-w2,2500,2025-07-25,5:50 PM
PACIFIC,508830,https://www.vlr.gg/508830/t1-vs-zeta-division-vct-2025-pacific-stage-2-w2,2500,2025-07-26,3:00 PM
PACIFIC,508831,https://www.vlr.gg/508831/rex-regum-qeon-vs-nongshim-redforce-vct-2025-pacific-stage-2-w2,2500,2025-07-26,5:05 PM
PACIFIC,508832,https://www.vlr.gg/508832/drx-vs-team-secret-vct-2025-pacific-stage-2-w2,2500,2025-07-27,3:00 PM
PACIFIC,508833,https://www.vlr.gg/508833/boom-esports-vs-paper-rex-vct-2025-pacific-stage-2-w2,2500,2025-07-27,5:00 PM
PACIFIC,508834,https://www.vlr.gg/508834/gen-g-vs-team-secret-vct-2025-pacific-stage-2-w3,2500,2025-08-01,3:00 PM
PACIFIC,508835,https://www.vlr.gg/508835/talon-vs-t1-vct-2025-pacific-stage-2-w3,2500,2025-08-01,5:00 PM
PACIFIC,508836,https://www.vlr.gg/508836/boom-esports-vs-detonation-focusme-vct-2025-pacific-stage-2-w3,2500,2025-08-02,3:00 PM
PACIFIC,508837,https://www.vlr.gg/508837/rex-regum-qeon-vs-drx-vct-2025-pacific-stage-2-w3,2500,2025-08-02,5:05 PM
PACIFIC,508838,https://www.vlr.gg/508838/nongshim-redforce-vs-global-esports-vct-2025-pacific-stage-2-w3,2500,2025-08-03,3:00 PM
PACIFIC,508839,https://www.vlr.gg/508839/paper-rex-vs-zeta-division-vct-2025-pacific-stage-2-w3,2500,2025-08-03,5:10 PM
PACIFIC,508840,https://www.vlr.gg/508840/gen-g-vs-nongshim-redforce-vct-2025-pacific-stage-2-w4,2500,2025-08-08,3:00 PM
PACIFIC,508841,https://www.vlr.gg/508841/talon-vs-paper-rex-vct-2025-pacific-stage-2-w4,2500,2025-08-08,5:30 PM
PACIFIC,508842,https://www.vlr.gg/508842/drx-vs-global-esports-vct-2025-pacific-stage-2-w4,2500,2025-08-09,3:00 PM
PACIFIC,508843,https://www.vlr.gg/508843/boom-esports-vs-zeta-division-vct-2025-pacific-stage-2-w4,2500,2025-08-09,5:25 PM
PACIFIC,508844,https://www.vlr.gg/508844/rex-regum-qeon-vs-team-secret-vct-2025-pacific-stage-2-w4,2500,2025-08-10,3:00 PM
PACIFIC,508845,https://www.vlr.gg/508845/t1-vs-detonation-focusme-vct-2025-pacific-stage-2-w4,2500,2025-08-10,6:05 PM
PACIFIC,530354,https://www.vlr.gg/530354/talon-vs-nongshim-redforce-vct-2025-pacific-stage-2-ur1,2500,2025-08-13,3:00 PM
PACIFIC,530355,https://www.vlr.gg/530355/rex-regum-qeon-vs-t1-vct-2025-pacific-stage-2-ur1,2500,2025-08-13,5:35 PM
PACIFIC,530356,https://www.vlr.gg/530356/drx-vs-talon-vct-2025-pacific-stage-2-ubsf,2500,2025-08-14,3:00 PM
PACIFIC,530357,https://www.vlr.gg/530357/paper-rex-vs-t1-vct-2025-pacific-stage-2-ubsf,2500,2025-08-14,6:10 PM
PACIFIC,530358,https://www.vlr.gg/530358/nongshim-redforce-vs-detonation-focusme-vct-2025-pacific-stage-2-lr1,2500,2025-08-15,3:00 PM
PACIFIC,530359,https://www.vlr.gg/530359/rex-regum-qeon-vs-gen-g-vct-2025-pacific-stage-2-lr1,2500,2025-08-15,5:05 PM
PACIFIC,530360,https://www.vlr.gg/530360/t1-vs-nongshim-redforce-vct-2025-pacific-stage-2-lr2,2500,2025-08-16,3:00 PM
PACIFIC,530361,https://www.vlr.gg/530361/drx-vs-rex-regum-qeon-vct-2025-pacific-stage-2-lr2,2500,2025-08-16,5:05 PM
PACIFIC,530362,https://www.vlr.gg/530362/talon-vs-paper-rex-vct-2025-pacific-stage-2-ubf,2500,2025-08-17,3:00 PM
PACIFIC,530363,https://www.vlr.gg/530363/t1-vs-rex-regum-qeon-vct-2025-pacific-stage-2-lr3,2500,2025-08-17,5:00 PM
PACIFIC,530514,https://www.vlr.gg/530514/team-world-vs-glory-once-again-vct-2025-pacific-stage-2-main-event,2500,2025-08-30,12:00 PM
PACIFIC,530364,https://www.vlr.gg/530364/talon-vs-rex-regum-qeon-vct-2025-pacific-stage-2-lf,2500,2025-08-30,1:00 PM
PACIFIC,530365,https://www.vlr.gg/530365/paper-rex-vs-rex-regum-qeon-vct-2025-pacific-stage-2-gf,2500,2025-08-31,12:50 PM
PACIFIC,490309,https://www.vlr.gg/490309/team-heretics-vs-paper-rex-champions-tour-2025-masters-toronto-r1,2282,2025-06-07,11:00 PM
PACIFIC,490307,https://www.vlr.gg/490307/bilibili-gaming-vs-team-liquid-champions-tour-2025-masters-toronto-r1,2282,2025-06-08,1:10 AM
PACIFIC,490308,https://www.vlr.gg/490308/sentinels-vs-wolves-esports-champions-tour-2025-masters-toronto-r1,2282,2025-06-08,11:00 PM
PACIFIC,490306,https://www.vlr.gg/490306/gen-g-vs-mibr-champions-tour-2025-masters-toronto-r1,2282,2025-06-09,1:45 AM
PACIFIC,490311,https://www.vlr.gg/490311/bilibili-gaming-vs-sentinels-champions-tour-2025-masters-toronto-r2-1-0,2282,2025-06-09,11:00 PM
PACIFIC,490310,https://www.vlr.gg/490310/paper-rex-vs-gen-g-champions-tour-2025-masters-toronto-r2-1-0,2282,2025-06-10,2:30 AM
PACIFIC,490312,https://www.vlr.gg/490312/team-heretics-vs-wolves-esports-valorant-masters-2025-toronto-r2-0-1,2282,2025-06-10,11:00 PM
PACIFIC,490313,https://www.vlr.gg/490313/team-liquid-vs-mibr-valorant-masters-2025-toronto-r2-0-1,2282,2025-06-11,1:30 AM
PACIFIC,490315,https://www.vlr.gg/490315/bilibili-gaming-vs-wolves-esports-valorant-masters-2025-toronto-r3-1-1,2282,2025-06-11,11:00 PM
PACIFIC,490314,https://www.vlr.gg/490314/paper-rex-vs-team-liquid-valorant-masters-toronto-2025-r3-1-1,2282,2025-06-12,1:30 AM
PACIFIC,498622,https://www.vlr.gg/498622/g2-esports-vs-paper-rex-valorant-masters-toronto-2025-ubqf,2282,2025-06-13,11:00 PM
PACIFIC,498621,https://www.vlr.gg/498621/xi-lai-gaming-vs-sentinels-valorant-masters-toronto-2025-ubqf,2282,2025-06-14,1:25 AM
PACIFIC,498623,https://www.vlr.gg/498623/rex-regum-qeon-vs-wolves-esports-valorant-masters-toronto-2025-ubqf,2282,2025-06-14,11:00 PM
PACIFIC,498624,https://www.vlr.gg/498624/fnatic-vs-gen-g-valorant-masters-toronto-2025-ubqf,2282,2025-06-15,1:30 AM
PACIFIC,498629,https://www.vlr.gg/498629/xi-lai-gaming-vs-g2-esports-valorant-masters-toronto-2025-lr1,2282,2025-06-15,11:00 PM
PACIFIC,498630,https://www.vlr.gg/498630/rex-regum-qeon-vs-fnatic-valorant-masters-toronto-2025-lr1,2282,2025-06-16,1:10 AM
PACIFIC,498626,https://www.vlr.gg/498626/wolves-esports-vs-gen-g-valorant-masters-toronto-2025-ubsf,2282,2025-06-16,11:00 PM
PACIFIC,498625,https://www.vlr.gg/498625/sentinels-vs-paper-rex-valorant-masters-toronto-2025-ubsf,2282,2025-06-17,1:30 AM
PACIFIC,498631,https://www.vlr.gg/498631/gen-g-vs-g2-esports-valorant-masters-toronto-2025-lr2,2282,2025-06-17,11:00 PM
PACIFIC,498632,https://www.vlr.gg/498632/sentinels-vs-fnatic-valorant-masters-toronto-2025-lr2,2282,2025-06-18,2:35 AM
PACIFIC,498627,https://www.vlr.gg/498627/paper-rex-vs-wolves-esports-valorant-masters-toronto-2025-ubf,2282,2025-06-20,11:00 PM
PACIFIC,498633,https://www.vlr.gg/498633/g2-esports-vs-fnatic-valorant-masters-toronto-2025-lr3,2282,2025-06-21,1:40 AM
PACIFIC,498634,https://www.vlr.gg/498634/wolves-esports-vs-fnatic-valorant-masters-toronto-2025-lbf,2282,2025-06-21,11:00 PM
PACIFIC,507067,https://www.vlr.gg/507067/team-tarik-vs-team-toast-valorant-masters-toronto-2025-showmatch,2282,2025-06-22,11:00 PM
PACIFIC,498628,https://www.vlr.gg/498628/paper-rex-vs-fnatic-valorant-masters-toronto-2025-gf,2282,2025-06-23,12:15 AM
PACIFIC,458805,https://www.vlr.gg/458805/detonation-focusme-vs-global-esports-champions-tour-2025-pacific-stage-1-w1,2379,2025-03-22,3:00 PM
PACIFIC,458806,https://www.vlr.gg/458806/t1-vs-zeta-division-champions-tour-2025-pacific-stage-1-w1,2379,2025-03-22,5:40 PM
PACIFIC,458807,https://www.vlr.gg/458807/drx-vs-paper-rex-champions-tour-2025-pacific-stage-1-w1,2379,2025-03-23,3:00 PM
PACIFIC,458808,https://www.vlr.gg/458808/talon-vs-team-secret-champions-tour-2025-pacific-stage-1-w1,2379,2025-03-23,6:05 PM
PACIFIC,458809,https://www.vlr.gg/458809/gen-g-vs-boom-esports-champions-tour-2025-pacific-stage-1-w1,2379,2025-03-24,3:00 PM
PACIFIC,458810,https://www.vlr.gg/458810/nongshim-redforce-vs-rex-regum-qeon-champions-tour-2025-pacific-stage-1-w1,2379,2025-03-24,5:50 PM
PACIFIC,458811,https://www.vlr.gg/458811/team-secret-vs-zeta-division-champions-tour-2025-pacific-stage-1-w2,2379,2025-03-29,3:00 PM
PACIFIC,458812,https://www.vlr.gg/458812/t1-vs-nongshim-redforce-champions-tour-2025-pacific-stage-1-w2,2379,2025-03-29,5:35 PM
PACIFIC,458813,https://www.vlr.gg/458813/gen-g-vs-paper-rex-champions-tour-2025-pacific-stage-1-w2,2379,2025-03-30,3:00 PM
PACIFIC,458814,https://www.vlr.gg/458814/drx-vs-detonation-focusme-champions-tour-2025-pacific-stage-1-w2,2379,2025-03-30,5:55 PM
PACIFIC,458815,https://www.vlr.gg/458815/talon-vs-rex-regum-qeon-champions-tour-2025-pacific-stage-1-w2,2379,2025-03-31,3:00 PM
PACIFIC,458816,https://www.vlr.gg/458816/boom-esports-vs-global-esports-champions-tour-2025-pacific-stage-1-w2,2379,2025-03-31,5:10 PM
PACIFIC,458817,https://www.vlr.gg/458817/gen-g-vs-detonation-focusme-champions-tour-2025-pacific-stage-1-w3,2379,2025-04-05,3:00 PM
PACIFIC,458818,https://www.vlr.gg/458818/rex-regum-qeon-vs-zeta-division-champions-tour-2025-pacific-stage-1-w3,2379,2025-04-05,5:00 PM
PACIFIC,458819,https://www.vlr.gg/458819/paper-rex-vs-boom-esports-champions-tour-2025-pacific-stage-1-w3,2379,2025-04-06,3:00 PM
PACIFIC,458820,https://www.vlr.gg/458820/talon-vs-nongshim-redforce-champions-tour-2025-pacific-stage-1-w3,2379,2025-04-06,6:45 PM
PACIFIC,458821,https://www.vlr.gg/458821/drx-vs-global-esports-champions-tour-2025-pacific-stage-1-w3,2379,2025-04-07,3:00 PM
PACIFIC,458822,https://www.vlr.gg/458822/t1-vs-team-secret-champions-tour-2025-pacific-stage-1-w3,2379,2025-04-07,5:00 PM
PACIFIC,458823,https://www.vlr.gg/458823/nongshim-redforce-vs-team-secret-champions-tour-2025-pacific-stage-1-w4,2379,2025-04-12,3:00 PM
PACIFIC,458824,https://www.vlr.gg/458824/drx-vs-boom-esports-champions-tour-2025-pacific-stage-1-w4,2379,2025-04-12,5:15 PM
PACIFIC,458825,https://www.vlr.gg/458825/t1-vs-rex-regum-qeon-champions-tour-2025-pacific-stage-1-w4,2379,2025-04-13,3:00 PM
PACIFIC,458826,https://www.vlr.gg/458826/gen-g-vs-global-esports-champions-tour-2025-pacific-stage-1-w4,2379,2025-04-13,6:10 PM
PACIFIC,458827,https://www.vlr.gg/458827/talon-vs-zeta-division-champions-tour-2025-pacific-stage-1-w4,2379,2025-04-14,3:00 PM
PACIFIC,458828,https://www.vlr.gg/458828/detonation-focusme-vs-paper-rex-champions-tour-2025-pacific-stage-1-w4,2379,2025-04-14,5:10 PM
PACIFIC,458830,https://www.vlr.gg/458830/paper-rex-vs-global-esports-champions-tour-2025-pacific-stage-1-w5,2379,2025-04-19,3:00 PM
PACIFIC,458831,https://www.vlr.gg/458831/t1-vs-talon-champions-tour-2025-pacific-stage-1-w5,2379,2025-04-19,5:00 PM
PACIFIC,458832,https://www.vlr.gg/458832/drx-vs-gen-g-champions-tour-2025-pacific-stage-1-w5,2379,2025-04-20,3:00 PM
PACIFIC,458833,https://www.vlr.gg/458833/nongshim-redforce-vs-zeta-division-champions-tour-2025-pacific-stage-1-w5,2379,2025-04-20,6:30 PM
PACIFIC,458834,https://www.vlr.gg/458834/detonation-focusme-vs-boom-esports-champions-tour-2025-pacific-stage-1-w5,2379,2025-04-21,3:00 PM
PACIFIC,458835,https://www.vlr.gg/458835/rex-regum-qeon-vs-team-secret-champions-tour-2025-pacific-stage-1-w5,2379,2025-04-21,5:00 PM
PACIFIC,473833,https://www.vlr.gg/473833/talon-vs-gen-g-champions-tour-2025-pacific-stage-1-ur1,2379,2025-04-26,3:00 PM
PACIFIC,473834,https://www.vlr.gg/473834/drx-vs-t1-champions-tour-2025-pacific-stage-1-ur1,2379,2025-04-26,6:00 PM
PACIFIC,473837,https://www.vlr.gg/473837/boom-esports-vs-gen-g-champions-tour-2025-pacific-stage-1-ubsf,2379,2025-04-27,3:00 PM
PACIFIC,473838,https://www.vlr.gg/473838/rex-regum-qeon-vs-drx-champions-tour-2025-pacific-stage-1-ubsf,2379,2025-04-27,5:10 PM
PACIFIC,473835,https://www.vlr.gg/473835/talon-vs-nongshim-redforce-champions-tour-2025-pacific-stage-1-lr1,2379,2025-05-03,3:00 PM
PACIFIC,473836,https://www.vlr.gg/473836/t1-vs-paper-rex-champions-tour-2025-pacific-stage-1-lr1,2379,2025-05-03,6:25 PM
PACIFIC,473839,https://www.vlr.gg/473839/drx-vs-talon-champions-tour-2025-pacific-stage-1-lr2,2379,2025-05-04,3:00 PM
PACIFIC,473840,https://www.vlr.gg/473840/boom-esports-vs-paper-rex-champions-tour-2025-pacific-stage-1-lr2,2379,2025-05-04,5:00 PM
PACIFIC,473841,https://www.vlr.gg/473841/gen-g-vs-rex-regum-qeon-champions-tour-2025-pacific-stage-1-ubf,2379,2025-05-09,3:00 PM
PACIFIC,473842,https://www.vlr.gg/473842/drx-vs-paper-rex-champions-tour-2025-pacific-stage-1-lr3,2379,2025-05-09,5:00 PM
PACIFIC,473843,https://www.vlr.gg/473843/rex-regum-qeon-vs-paper-rex-champions-tour-2025-pacific-stage-1-lbf,2379,2025-05-10,3:00 PM
PACIFIC,473844,https://www.vlr.gg/473844/gen-g-vs-rex-regum-qeon-champions-tour-2025-pacific-stage-1-gf,2379,2025-05-11,3:00 PM
PACIFIC,448598,https://www.vlr.gg/448598/edward-gaming-vs-team-liquid-champions-tour-2025-masters-bangkok-r1,2281,2025-02-20,5:00 PM
PACIFIC,448600,https://www.vlr.gg/448600/drx-vs-sentinels-champions-tour-2025-masters-bangkok-r1,2281,2025-02-20,8:00 PM
PACIFIC,448599,https://www.vlr.gg/448599/team-vitality-vs-t1-champions-tour-2025-masters-bangkok-r1,2281,2025-02-21,5:00 PM
PACIFIC,448597,https://www.vlr.gg/448597/g2-esports-vs-trace-esports-champions-tour-2025-masters-bangkok-r1,2281,2025-02-21,7:25 PM
PACIFIC,449000,https://www.vlr.gg/449000/drx-vs-team-vitality-champions-tour-2025-masters-bangkok-r2-1-0,2281,2025-02-22,5:00 PM
PACIFIC,449001,https://www.vlr.gg/449001/edward-gaming-vs-g2-esports-champions-tour-2025-masters-bangkok-r2-1-0,2281,2025-02-22,8:25 PM
PACIFIC,449002,https://www.vlr.gg/449002/t1-vs-trace-esports-champions-tour-2025-masters-bangkok-r2-0-1,2281,2025-02-23,5:00 PM
PACIFIC,449003,https://www.vlr.gg/449003/team-liquid-vs-sentinels-champions-tour-2025-masters-bangkok-r2-0-1,2281,2025-02-23,6:55 PM
PACIFIC,449004,https://www.vlr.gg/449004/t1-vs-drx-champions-tour-2025-masters-bangkok-r3,2281,2025-02-24,5:00 PM
PACIFIC,449005,https://www.vlr.gg/449005/g2-esports-vs-team-liquid-champions-tour-2025-masters-bangkok-r3,2281,2025-02-24,7:10 PM
PACIFIC,449008,https://www.vlr.gg/449008/edward-gaming-vs-t1-champions-tour-2025-masters-bangkok-ubsf,2281,2025-02-27,5:00 PM
PACIFIC,449009,https://www.vlr.gg/449009/team-vitality-vs-g2-esports-champions-tour-2025-masters-bangkok-ubsf,2281,2025-02-27,8:15 PM
PACIFIC,449010,https://www.vlr.gg/449010/edward-gaming-vs-g2-esports-champions-tour-2025-masters-bangkok-ubf,2281,2025-02-28,5:00 PM
PACIFIC,449012,https://www.vlr.gg/449012/t1-vs-team-vitality-champions-tour-2025-masters-bangkok-lr1,2281,2025-02-28,7:05 PM
PACIFIC,449013,https://www.vlr.gg/449013/edward-gaming-vs-t1-champions-tour-2025-masters-bangkok-lbf,2281,2025-03-01,5:00 PM
PACIFIC,450589,https://www.vlr.gg/450589/team-international-vs-team-thailand-champions-tour-2025-masters-bangkok-main-event,2281,2025-03-02,5:00 PM
PACIFIC,449011,https://www.vlr.gg/449011/g2-esports-vs-t1-champions-tour-2025-masters-bangkok-gf,2281,2025-03-02,6:15 PM
PACIFIC,430514,https://www.vlr.gg/430514/boom-esports-vs-t1-champions-tour-2025-pacific-kickoff-ur1,2277,2025-01-18,3:00 PM
PACIFIC,430515,https://www.vlr.gg/430515/zeta-division-vs-nongshim-redforce-champions-tour-2025-pacific-kickoff-ur1,2277,2025-01-18,6:15 PM
PACIFIC,430516,https://www.vlr.gg/430516/global-esports-vs-team-secret-champions-tour-2025-pacific-kickoff-ur1,2277,2025-01-19,3:00 PM
PACIFIC,430517,https://www.vlr.gg/430517/detonation-focusme-vs-rex-regum-qeon-champions-tour-2025-pacific-kickoff-ur1,2277,2025-01-19,6:00 PM
PACIFIC,430521,https://www.vlr.gg/430521/drx-vs-nongshim-redforce-champions-tour-2025-pacific-kickoff-ubqf,2277,2025-01-20,3:00 PM
PACIFIC,430518,https://www.vlr.gg/430518/paper-rex-vs-t1-champions-tour-2025-pacific-kickoff-ubqf,2277,2025-01-20,6:15 PM
PACIFIC,430519,https://www.vlr.gg/430519/talon-vs-global-esports-champions-tour-2025-pacific-kickoff-ubqf,2277,2025-01-25,3:00 PM
PACIFIC,430520,https://www.vlr.gg/430520/gen-g-vs-rex-regum-qeon-champions-tour-2025-pacific-kickoff-ubqf,2277,2025-01-25,6:00 PM
PACIFIC,430526,https://www.vlr.gg/430526/nongshim-redforce-vs-boom-esports-champions-tour-2025-pacific-kickoff-lr1,2277,2025-01-26,3:00 PM
PACIFIC,430529,https://www.vlr.gg/430529/paper-rex-vs-zeta-division-champions-tour-2025-pacific-kickoff-lr1,2277,2025-01-26,6:00 PM
PACIFIC,430527,https://www.vlr.gg/430527/rex-regum-qeon-vs-team-secret-champions-tour-2025-pacific-kickoff-lr1,2277,2025-01-27,3:00 PM
PACIFIC,430528,https://www.vlr.gg/430528/global-esports-vs-detonation-focusme-champions-tour-2025-pacific-kickoff-lr1,2277,2025-01-27,6:00 PM
PACIFIC,430522,https://www.vlr.gg/430522/t1-vs-talon-champions-tour-2025-pacific-kickoff-ubsf,2277,2025-01-31,3:00 PM
PACIFIC,430523,https://www.vlr.gg/430523/gen-g-vs-drx-champions-tour-2025-pacific-kickoff-ubsf,2277,2025-01-31,5:45 PM
PACIFIC,430530,https://www.vlr.gg/430530/nongshim-redforce-vs-rex-regum-qeon-champions-tour-2025-pacific-kickoff-lr2,2277,2025-02-01,3:00 PM
PACIFIC,430531,https://www.vlr.gg/430531/detonation-focusme-vs-paper-rex-champions-tour-2025-pacific-kickoff-lr2,2277,2025-02-01,7:10 PM
PACIFIC,430532,https://www.vlr.gg/430532/talon-vs-nongshim-redforce-champions-tour-2025-pacific-kickoff-lr3,2277,2025-02-02,3:00 PM
PACIFIC,430533,https://www.vlr.gg/430533/gen-g-vs-detonation-focusme-champions-tour-2025-pacific-kickoff-lr3,2277,2025-02-02,6:00 PM
PACIFIC,430524,https://www.vlr.gg/430524/t1-vs-drx-champions-tour-2025-pacific-kickoff-ubf,2277,2025-02-07,3:00 PM
PACIFIC,430534,https://www.vlr.gg/430534/talon-vs-gen-g-champions-tour-2025-pacific-kickoff-lr4,2277,2025-02-07,6:30 PM
PACIFIC,430535,https://www.vlr.gg/430535/t1-vs-gen-g-champions-tour-2025-pacific-kickoff-lbf,2277,2025-02-08,3:00 PM
PACIFIC,430525,https://www.vlr.gg/430525/drx-vs-t1-champions-tour-2025-pacific-kickoff-gf,2277,2025-02-09,3:00 PM
PACIFIC,378662,https://www.vlr.gg/378662/gen-g-vs-sentinels-valorant-champions-2024-opening-b,2097,2024-08-01,3:00 PM
PACIFIC,378663,https://www.vlr.gg/378663/funplus-phoenix-vs-team-heretics-valorant-champions-2024-opening-b,2097,2024-08-01,5:25 PM
PACIFIC,378657,https://www.vlr.gg/378657/drx-vs-kr-esports-valorant-champions-2024-opening-a,2097,2024-08-02,3:00 PM
PACIFIC,378656,https://www.vlr.gg/378656/fnatic-vs-bilibili-gaming-valorant-champions-2024-opening-a,2097,2024-08-02,6:00 PM
PACIFIC,378667,https://www.vlr.gg/378667/leviat-n-vs-talon-esports-valorant-champions-2024-opening-c,2097,2024-08-03,3:00 PM
PACIFIC,378669,https://www.vlr.gg/378669/team-vitality-vs-trace-esports-valorant-champions-2024-opening-c,2097,2024-08-03,5:30 PM
PACIFIC,378674,https://www.vlr.gg/378674/g2-esports-vs-paper-rex-valorant-champions-2024-opening-d,2097,2024-08-04,3:00 PM
PACIFIC,378673,https://www.vlr.gg/378673/edward-gaming-vs-fut-esports-valorant-champions-2024-opening-d,2097,2024-08-04,5:15 PM
PACIFIC,378664,https://www.vlr.gg/378664/gen-g-vs-team-heretics-valorant-champions-2024-winners-b,2097,2024-08-06,3:00 PM
PACIFIC,378658,https://www.vlr.gg/378658/fnatic-vs-drx-valorant-champions-2024-winners-a,2097,2024-08-06,6:35 PM
PACIFIC,378670,https://www.vlr.gg/378670/leviat-n-vs-trace-esports-valorant-champions-2024-winners-c,2097,2024-08-07,3:00 PM
PACIFIC,378675,https://www.vlr.gg/378675/edward-gaming-vs-g2-esports-valorant-champions-2024-winners-d,2097,2024-08-07,6:15 PM
PACIFIC,378665,https://www.vlr.gg/378665/sentinels-vs-funplus-phoenix-valorant-champions-2024-elim-b,2097,2024-08-08,3:00 PM
PACIFIC,378659,https://www.vlr.gg/378659/bilibili-gaming-vs-kr-esports-valorant-champions-2024-elim-a,2097,2024-08-08,5:10 PM
PACIFIC,378671,https://www.vlr.gg/378671/talon-esports-vs-team-vitality-valorant-champions-2024-elim-c,2097,2024-08-09,3:00 PM
PACIFIC,378676,https://www.vlr.gg/378676/fut-esports-vs-paper-rex-valorant-champions-2024-elim-d,2097,2024-08-09,5:25 PM
PACIFIC,378666,https://www.vlr.gg/378666/gen-g-vs-sentinels-valorant-champions-2024-decider-b,2097,2024-08-10,3:00 PM
PACIFIC,378660,https://www.vlr.gg/378660/fnatic-vs-kr-esports-valorant-champions-2024-decider-a,2097,2024-08-10,5:15 PM
PACIFIC,378672,https://www.vlr.gg/378672/leviat-n-vs-team-vitality-valorant-champions-2024-decider-c,2097,2024-08-11,3:00 PM
PACIFIC,378677,https://www.vlr.gg/378677/edward-gaming-vs-paper-rex-valorant-champions-2024-decider-d,2097,2024-08-11,5:15 PM
PACIFIC,378822,https://www.vlr.gg/378822/drx-vs-sentinels-valorant-champions-2024-ubqf,2097,2024-08-14,3:00 PM
PACIFIC,378823,https://www.vlr.gg/378823/trace-esports-vs-edward-gaming-valorant-champions-2024-ubqf,2097,2024-08-14,5:25 PM
PACIFIC,378824,https://www.vlr.gg/378824/g2-esports-vs-leviat-n-valorant-champions-2024-ubqf,2097,2024-08-15,3:00 PM
PACIFIC,378825,https://www.vlr.gg/378825/team-heretics-vs-fnatic-valorant-champions-2024-ubqf,2097,2024-08-15,5:35 PM
PACIFIC,378831,https://www.vlr.gg/378831/drx-vs-trace-esports-valorant-champions-2024-lr1,2097,2024-08-16,3:00 PM
PACIFIC,378832,https://www.vlr.gg/378832/g2-esports-vs-fnatic-valorant-champions-2024-lr1,2097,2024-08-16,4:50 PM
PACIFIC,378826,https://www.vlr.gg/378826/sentinels-vs-edward-gaming-valorant-champions-2024-ubsf,2097,2024-08-17,3:00 PM
PACIFIC,378827,https://www.vlr.gg/378827/leviat-n-vs-team-heretics-valorant-champions-2024-ubsf,2097,2024-08-17,6:15 PM
PACIFIC,378834,https://www.vlr.gg/378834/sentinels-vs-fnatic-valorant-champions-2024-lr2,2097,2024-08-18,3:00 PM
PACIFIC,378833,https://www.vlr.gg/378833/team-heretics-vs-drx-valorant-champions-2024-lr2,2097,2024-08-18,6:25 PM
PACIFIC,378828,https://www.vlr.gg/378828/edward-gaming-vs-leviat-n-valorant-champions-2024-ubf,2097,2024-08-23,2:00 PM
PACIFIC,378835,https://www.vlr.gg/378835/team-heretics-vs-sentinels-valorant-champions-2024-lr3,2097,2024-08-23,5:45 PM
PACIFIC,378836,https://www.vlr.gg/378836/leviat-n-vs-team-heretics-valorant-champions-2024-lbf,2097,2024-08-24,2:00 PM
PACIFIC,378829,https://www.vlr.gg/378829/edward-gaming-vs-team-heretics-valorant-champions-2024-gf,2097,2024-08-25,2:00 PM
PACIFIC,314340,https://www.vlr.gg/314340/zeta-division-vs-drx-champions-tour-2024-pacific-stage-2-w1,2005,2024-06-15,3:00 PM
PACIFIC,314341,https://www.vlr.gg/314341/team-secret-vs-bleed-champions-tour-2024-pacific-stage-2-w1,2005,2024-06-15,5:40 PM
PACIFIC,314342,https://www.vlr.gg/314342/t1-vs-gen-g-champions-tour-2024-pacific-stage-2-w1,2005,2024-06-16,3:00 PM
PACIFIC,314343,https://www.vlr.gg/314343/paper-rex-vs-talon-esports-champions-tour-2024-pacific-stage-2-w1,2005,2024-06-16,6:30 PM
PACIFIC,314344,https://www.vlr.gg/314344/rex-regum-qeon-vs-detonation-focusme-champions-tour-2024-pacific-stage-2-w1,2005,2024-06-17,3:00 PM
PACIFIC,314345,https://www.vlr.gg/314345/team-secret-vs-global-esports-champions-tour-2024-pacific-stage-2-w1,2005,2024-06-17,5:35 PM
PACIFIC,314346,https://www.vlr.gg/314346/talon-esports-vs-rex-regum-qeon-champions-tour-2024-pacific-stage-2-w2,2005,2024-06-22,3:00 PM
PACIFIC,314347,https://www.vlr.gg/314347/paper-rex-vs-drx-champions-tour-2024-pacific-stage-2-w2,2005,2024-06-22,6:50 PM
PACIFIC,314348,https://www.vlr.gg/314348/global-esports-vs-bleed-champions-tour-2024-pacific-stage-2-w2,2005,2024-06-23,3:00 PM
PACIFIC,314349,https://www.vlr.gg/314349/detonation-focusme-vs-zeta-division-champions-tour-2024-pacific-stage-2-w2,2005,2024-06-23,5:05 PM
PACIFIC,314350,https://www.vlr.gg/314350/drx-vs-rex-regum-qeon-champions-tour-2024-pacific-stage-2-w2,2005,2024-06-24,3:00 PM
PACIFIC,314351,https://www.vlr.gg/314351/team-secret-vs-t1-champions-tour-2024-pacific-stage-2-w2,2005,2024-06-24,5:20 PM
PACIFIC,314352,https://www.vlr.gg/314352/talon-esports-vs-detonation-focusme-champions-tour-2024-pacific-stage-2-w3,2005,2024-06-29,3:00 PM
PACIFIC,314353,https://www.vlr.gg/314353/zeta-division-vs-rex-regum-qeon-champions-tour-2024-pacific-stage-2-w3,2005,2024-06-29,5:10 PM
PACIFIC,314354,https://www.vlr.gg/314354/global-esports-vs-t1-champions-tour-2024-pacific-stage-2-w3,2005,2024-06-30,3:00 PM
PACIFIC,314355,https://www.vlr.gg/314355/bleed-vs-gen-g-champions-tour-2024-pacific-stage-2-w3,2005,2024-06-30,6:15 PM
PACIFIC,314356,https://www.vlr.gg/314356/paper-rex-vs-detonation-focusme-champions-tour-2024-pacific-stage-2-w3,2005,2024-07-01,3:00 PM
PACIFIC,314357,https://www.vlr.gg/314357/drx-vs-talon-esports-champions-tour-2024-pacific-stage-2-w3,2005,2024-07-01,5:00 PM
PACIFIC,314358,https://www.vlr.gg/314358/paper-rex-vs-rex-regum-qeon-champions-tour-2024-pacific-stage-2-w4,2005,2024-07-05,3:00 PM
PACIFIC,314359,https://www.vlr.gg/314359/gen-g-vs-global-esports-champions-tour-2024-pacific-stage-2-w4,2005,2024-07-05,6:00 PM
PACIFIC,314360,https://www.vlr.gg/314360/drx-vs-detonation-focusme-champions-tour-2024-pacific-stage-2-w4,2005,2024-07-06,3:00 PM
PACIFIC,314361,https://www.vlr.gg/314361/zeta-division-vs-talon-esports-champions-tour-2024-pacific-stage-2-w4,2005,2024-07-06,5:45 PM
PACIFIC,314362,https://www.vlr.gg/314362/gen-g-vs-team-secret-champions-tour-2024-pacific-stage-2-w4,2005,2024-07-07,3:00 PM
PACIFIC,314363,https://www.vlr.gg/314363/paper-rex-vs-zeta-division-champions-tour-2024-pacific-stage-2-w4,2005,2024-07-07,6:00 PM
PACIFIC,314364,https://www.vlr.gg/314364/t1-vs-bleed-champions-tour-2024-pacific-stage-2-w4,2005,2024-07-08,3:00 PM
PACIFIC,365316,https://www.vlr.gg/365316/gen-g-vs-rex-regum-qeon-champions-tour-2024-pacific-stage-2-ko,2005,2024-07-12,3:00 PM
PACIFIC,365317,https://www.vlr.gg/365317/team-secret-vs-talon-esports-champions-tour-2024-pacific-stage-2-ko,2005,2024-07-12,5:15 PM
PACIFIC,365318,https://www.vlr.gg/365318/paper-rex-vs-gen-g-champions-tour-2024-pacific-stage-2-ubsf,2005,2024-07-13,3:00 PM
PACIFIC,365319,https://www.vlr.gg/365319/drx-vs-talon-esports-champions-tour-2024-pacific-stage-2-ubsf,2005,2024-07-13,5:05 PM
PACIFIC,365320,https://www.vlr.gg/365320/gen-g-vs-drx-champions-tour-2024-pacific-stage-2-ubf,2005,2024-07-14,3:00 PM
PACIFIC,365322,https://www.vlr.gg/365322/paper-rex-vs-talon-esports-champions-tour-2024-pacific-stage-2-lr1,2005,2024-07-14,6:15 PM
PACIFIC,365323,https://www.vlr.gg/365323/drx-vs-paper-rex-champions-tour-2024-pacific-stage-2-lf,2005,2024-07-20,3:00 PM
PACIFIC,365321,https://www.vlr.gg/365321/gen-g-vs-drx-champions-tour-2024-pacific-stage-2-gf,2005,2024-07-21,3:00 PM
PACIFIC,348063,https://www.vlr.gg/348063/g2-esports-vs-t1-champions-tour-2024-masters-shanghai-r1,1999,2024-05-23,3:00 PM
PACIFIC,348061,https://www.vlr.gg/348061/funplus-phoenix-vs-fut-esports-champions-tour-2024-masters-shanghai-r1,1999,2024-05-23,6:10 PM
PACIFIC,348064,https://www.vlr.gg/348064/gen-g-vs-leviat-n-champions-tour-2024-masters-shanghai-r1,1999,2024-05-24,3:00 PM
PACIFIC,348059,https://www.vlr.gg/348059/team-heretics-vs-dragon-ranger-gaming-champions-tour-2024-masters-shanghai-r1,1999,2024-05-24,6:00 PM
PACIFIC,348458,https://www.vlr.gg/348458/funplus-phoenix-vs-gen-g-champions-tour-2024-masters-shanghai-r2,1999,2024-05-25,3:00 PM
PACIFIC,348457,https://www.vlr.gg/348457/g2-esports-vs-team-heretics-champions-tour-2024-masters-shanghai-r2,1999,2024-05-25,6:40 PM
PACIFIC,348459,https://www.vlr.gg/348459/leviat-n-vs-t1-champions-tour-2024-masters-shanghai-r2,1999,2024-05-26,3:00 PM
PACIFIC,348460,https://www.vlr.gg/348460/dragon-ranger-gaming-vs-fut-esports-champions-tour-2024-masters-shanghai-r2,1999,2024-05-26,5:10 PM
PACIFIC,348462,https://www.vlr.gg/348462/funplus-phoenix-vs-team-heretics-champions-tour-2024-masters-shanghai-r3,1999,2024-05-27,3:00 PM
PACIFIC,348461,https://www.vlr.gg/348461/fut-esports-vs-leviat-n-champions-tour-2024-masters-shanghai-r3,1999,2024-05-27,6:35 PM
PACIFIC,348465,https://www.vlr.gg/348465/100-thieves-vs-fut-esports-champions-tour-2024-masters-shanghai-ubqf,1999,2024-05-30,3:00 PM
PACIFIC,348466,https://www.vlr.gg/348466/fnatic-vs-gen-g-champions-tour-2024-masters-shanghai-ubqf,1999,2024-05-30,5:00 PM
PACIFIC,348463,https://www.vlr.gg/348463/paper-rex-vs-g2-esports-champions-tour-2024-masters-shanghai-ubqf,1999,2024-05-31,3:00 PM
PACIFIC,348464,https://www.vlr.gg/348464/edward-gaming-vs-team-heretics-champions-tour-2024-masters-shanghai-ubqf,1999,2024-05-31,6:00 PM
PACIFIC,348468,https://www.vlr.gg/348468/fut-esports-vs-fnatic-champions-tour-2024-masters-shanghai-lr1,1999,2024-06-01,3:00 PM
PACIFIC,348467,https://www.vlr.gg/348467/paper-rex-vs-edward-gaming-champions-tour-2024-masters-shanghai-lr1,1999,2024-06-01,6:00 PM
PACIFIC,348470,https://www.vlr.gg/348470/100-thieves-vs-gen-g-champions-tour-2024-masters-shanghai-ubsf,1999,2024-06-02,3:00 PM
PACIFIC,348469,https://www.vlr.gg/348469/g2-esports-vs-team-heretics-champions-tour-2024-masters-shanghai-ubsf,1999,2024-06-02,5:15 PM
PACIFIC,348471,https://www.vlr.gg/348471/100-thieves-vs-paper-rex-champions-tour-2024-masters-shanghai-lr2,1999,2024-06-03,3:00 PM
PACIFIC,348472,https://www.vlr.gg/348472/team-heretics-vs-fut-esports-champions-tour-2024-masters-shanghai-lr2,1999,2024-06-03,6:10 PM
PACIFIC,348473,https://www.vlr.gg/348473/g2-esports-vs-gen-g-champions-tour-2024-masters-shanghai-ubf,1999,2024-06-07,2:00 PM
PACIFIC,348474,https://www.vlr.gg/348474/100-thieves-vs-team-heretics-champions-tour-2024-masters-shanghai-lr3,1999,2024-06-07,4:25 PM
PACIFIC,348475,https://www.vlr.gg/348475/g2-esports-vs-team-heretics-champions-tour-2024-masters-shanghai-lf,1999,2024-06-08,2:00 PM
PACIFIC,359463,https://www.vlr.gg/359463/team-international-vs-team-china-champions-tour-2024-masters-shanghai-showmatch,1999,2024-06-09,2:00 PM
PACIFIC,348476,https://www.vlr.gg/348476/gen-g-vs-team-heretics-champions-tour-2024-masters-shanghai-gf,1999,2024-06-09,3:15 PM
PACIFIC,314301,https://www.vlr.gg/314301/global-esports-vs-zeta-division-champions-tour-2024-pacific-stage-1-w1,2002,2024-04-06,3:00 PM
PACIFIC,314302,https://www.vlr.gg/314302/team-secret-vs-drx-champions-tour-2024-pacific-stage-1-w1,2002,2024-04-06,6:00 PM
PACIFIC,314303,https://www.vlr.gg/314303/bleed-vs-talon-esports-champions-tour-2024-pacific-stage-1-w1,2002,2024-04-07,3:00 PM
PACIFIC,314304,https://www.vlr.gg/314304/t1-vs-paper-rex-champions-tour-2024-pacific-stage-1-w1,2002,2024-04-07,6:15 PM
PACIFIC,314305,https://www.vlr.gg/314305/team-secret-vs-rex-regum-qeon-champions-tour-2024-pacific-stage-1-w1,2002,2024-04-08,3:00 PM
PACIFIC,314306,https://www.vlr.gg/314306/global-esports-vs-drx-champions-tour-2024-pacific-stage-1-w1,2002,2024-04-08,6:20 PM
PACIFIC,314307,https://www.vlr.gg/314307/gen-g-vs-talon-esports-champions-tour-2024-pacific-stage-1-w1,2002,2024-04-09,3:00 PM
PACIFIC,314308,https://www.vlr.gg/314308/t1-vs-detonation-focusme-champions-tour-2024-pacific-stage-1-w1,2002,2024-04-09,5:10 PM
PACIFIC,314309,https://www.vlr.gg/314309/gen-g-vs-paper-rex-champions-tour-2024-pacific-stage-1-w2,2002,2024-04-13,3:00 PM
PACIFIC,314310,https://www.vlr.gg/314310/t1-vs-drx-champions-tour-2024-pacific-stage-1-w2,2002,2024-04-13,6:10 PM
PACIFIC,314311,https://www.vlr.gg/314311/team-secret-vs-zeta-division-champions-tour-2024-pacific-stage-1-w2,2002,2024-04-14,3:00 PM
PACIFIC,314312,https://www.vlr.gg/314312/bleed-vs-rex-regum-qeon-champions-tour-2024-pacific-stage-1-w2,2002,2024-04-14,6:00 PM
PACIFIC,314313,https://www.vlr.gg/314313/gen-g-vs-detonation-focusme-champions-tour-2024-pacific-stage-1-w2,2002,2024-04-15,3:00 PM
PACIFIC,314314,https://www.vlr.gg/314314/global-esports-vs-talon-esports-champions-tour-2024-pacific-stage-1-w2,2002,2024-04-15,5:10 PM
PACIFIC,314315,https://www.vlr.gg/314315/t1-vs-rex-regum-qeon-champions-tour-2024-pacific-stage-1-w2,2002,2024-04-16,3:00 PM
PACIFIC,314316,https://www.vlr.gg/314316/bleed-vs-zeta-division-champions-tour-2024-pacific-stage-1-w2,2002,2024-04-16,5:00 PM
PACIFIC,314317,https://www.vlr.gg/314317/gen-g-vs-drx-champions-tour-2024-pacific-stage-1-w3,2002,2024-04-20,3:00 PM
PACIFIC,314318,https://www.vlr.gg/314318/bleed-vs-detonation-focusme-champions-tour-2024-pacific-stage-1-w3,2002,2024-04-20,6:15 PM
PACIFIC,314319,https://www.vlr.gg/314319/global-esports-vs-rex-regum-qeon-champions-tour-2024-pacific-stage-1-w3,2002,2024-04-21,3:00 PM
PACIFIC,314320,https://www.vlr.gg/314320/team-secret-vs-paper-rex-champions-tour-2024-pacific-stage-1-w3,2002,2024-04-21,6:00 PM
PACIFIC,314321,https://www.vlr.gg/314321/t1-vs-talon-esports-champions-tour-2024-pacific-stage-1-w3,2002,2024-04-22,3:00 PM
PACIFIC,314322,https://www.vlr.gg/314322/gen-g-vs-zeta-division-champions-tour-2024-pacific-stage-1-w3,2002,2024-04-22,5:15 PM
PACIFIC,314323,https://www.vlr.gg/314323/team-secret-vs-detonation-focusme-champions-tour-2024-pacific-stage-1-w3,2002,2024-04-23,3:00 PM
PACIFIC,314324,https://www.vlr.gg/314324/global-esports-vs-paper-rex-champions-tour-2024-pacific-stage-1-w3,2002,2024-04-23,5:50 PM
PACIFIC,314325,https://www.vlr.gg/314325/bleed-vs-paper-rex-champions-tour-2024-pacific-stage-1-w4,2002,2024-04-27,3:00 PM
PACIFIC,314326,https://www.vlr.gg/314326/global-esports-vs-detonation-focusme-champions-tour-2024-pacific-stage-1-w4,2002,2024-04-27,5:00 PM
PACIFIC,314327,https://www.vlr.gg/314327/t1-vs-zeta-division-champions-tour-2024-pacific-stage-1-w4,2002,2024-04-28,3:00 PM
PACIFIC,314328,https://www.vlr.gg/314328/team-secret-vs-talon-esports-champions-tour-2024-pacific-stage-1-w4,2002,2024-04-28,6:10 PM
PACIFIC,314329,https://www.vlr.gg/314329/bleed-vs-drx-champions-tour-2024-pacific-stage-1-w4,2002,2024-04-29,3:00 PM
PACIFIC,314330,https://www.vlr.gg/314330/gen-g-vs-rex-regum-qeon-champions-tour-2024-pacific-stage-1-w4,2002,2024-04-29,5:05 PM
PACIFIC,329907,https://www.vlr.gg/329907/team-secret-vs-t1-champions-tour-2024-pacific-stage-1-ko,2002,2024-05-03,3:00 PM
PACIFIC,329908,https://www.vlr.gg/329908/paper-rex-vs-talon-esports-champions-tour-2024-pacific-stage-1-ko,2002,2024-05-03,5:10 PM
PACIFIC,329909,https://www.vlr.gg/329909/gen-g-vs-t1-champions-tour-2024-pacific-stage-1-ubsf,2002,2024-05-04,3:00 PM
PACIFIC,329910,https://www.vlr.gg/329910/drx-vs-paper-rex-champions-tour-2024-pacific-stage-1-ubsf,2002,2024-05-04,6:10 PM
PACIFIC,329912,https://www.vlr.gg/329912/t1-vs-paper-rex-champions-tour-2024-pacific-stage-1-ubf,2002,2024-05-05,3:00 PM
PACIFIC,329911,https://www.vlr.gg/329911/gen-g-vs-drx-champions-tour-2024-pacific-stage-1-lr1,2002,2024-05-05,5:00 PM
PACIFIC,329913,https://www.vlr.gg/329913/t1-vs-gen-g-champions-tour-2024-pacific-stage-1-lf,2002,2024-05-11,3:00 PM
PACIFIC,329914,https://www.vlr.gg/329914/paper-rex-vs-gen-g-champions-tour-2024-pacific-stage-1-gf,2002,2024-05-12,3:00 PM
PACIFIC,296735,https://www.vlr.gg/296735/t1-vs-bleed-champions-tour-2024-pacific-kickoff-opening-a,1924,2024-02-17,1:00 PM
PACIFIC,296745,https://www.vlr.gg/296745/gen-g-vs-rex-regum-qeon-champions-tour-2024-pacific-kickoff-opening-c,1924,2024-02-17,8:45 PM
PACIFIC,296730,https://www.vlr.gg/296730/zeta-division-vs-global-esports-champions-tour-2024-pacific-kickoff-opening-a,1924,2024-02-18,1:00 PM
PACIFIC,296731,https://www.vlr.gg/296731/team-secret-vs-talon-esports-champions-tour-2024-pacific-kickoff-opening-b,1924,2024-02-18,3:30 PM
PACIFIC,296736,https://www.vlr.gg/296736/drx-vs-detonation-focusme-champions-tour-2024-pacific-kickoff-opening-b,1924,2024-02-18,5:30 PM
PACIFIC,296747,https://www.vlr.gg/296747/gen-g-vs-paper-rex-champions-tour-2024-pacific-kickoff-winners-c,1924,2024-02-19,1:00 PM
PACIFIC,296738,https://www.vlr.gg/296738/bleed-vs-global-esports-champions-tour-2024-pacific-kickoff-elim-a,1924,2024-02-19,4:15 PM
PACIFIC,296737,https://www.vlr.gg/296737/t1-vs-zeta-division-champions-tour-2024-pacific-kickoff-winners-a,1924,2024-02-19,8:00 PM
PACIFIC,296733,https://www.vlr.gg/296733/detonation-focusme-vs-team-secret-champions-tour-2024-pacific-kickoff-elim-b,1924,2024-02-20,3:00 PM
PACIFIC,296732,https://www.vlr.gg/296732/drx-vs-talon-esports-champions-tour-2024-pacific-kickoff-winners-b,1924,2024-02-20,5:20 PM
PACIFIC,296749,https://www.vlr.gg/296749/gen-g-vs-rex-regum-qeon-champions-tour-2024-pacific-kickoff-decider-c,1924,2024-02-21,1:00 PM
PACIFIC,296734,https://www.vlr.gg/296734/talon-esports-vs-team-secret-champions-tour-2024-pacific-kickoff-decider-b,1924,2024-02-21,4:30 PM
PACIFIC,296739,https://www.vlr.gg/296739/zeta-division-vs-global-esports-champions-tour-2024-pacific-kickoff-decider-a,1924,2024-02-21,7:15 PM
PACIFIC,297254,https://www.vlr.gg/297254/team-secret-vs-gen-g-champions-tour-2024-pacific-kickoff-play-ins,1924,2024-02-22,1:00 PM
PACIFIC,297253,https://www.vlr.gg/297253/zeta-division-vs-team-secret-champions-tour-2024-pacific-kickoff-play-ins,1924,2024-02-22,4:20 PM
PACIFIC,297255,https://www.vlr.gg/297255/gen-g-vs-zeta-division-champions-tour-2024-pacific-kickoff-play-ins,1924,2024-02-22,6:30 PM
PACIFIC,297256,https://www.vlr.gg/297256/t1-vs-paper-rex-champions-tour-2024-pacific-kickoff-playoffs-sf,1924,2024-02-24,3:00 PM
PACIFIC,297257,https://www.vlr.gg/297257/drx-vs-gen-g-champions-tour-2024-pacific-kickoff-playoffs-sf,1924,2024-02-24,5:25 PM
PACIFIC,297258,https://www.vlr.gg/297258/paper-rex-vs-gen-g-champions-tour-2024-pacific-kickoff-playoffs-gf,1924,2024-02-25,3:00 PM
PACIFIC,237266,https://www.vlr.gg/237266/talon-esports-vs-detonation-focusme-champions-tour-2023-pacific-last-chance-qualifier-ur1,1660,2023-07-18,3:00 PM
PACIFIC,237267,https://www.vlr.gg/237267/rex-regum-qeon-vs-global-esports-champions-tour-2023-pacific-last-chance-qualifier-ubqf,1660,2023-07-19,3:00 PM
PACIFIC,237268,https://www.vlr.gg/237268/gen-g-vs-talon-esports-champions-tour-2023-pacific-last-chance-qualifier-ubqf,1660,2023-07-19,6:15 PM
PACIFIC,237269,https://www.vlr.gg/237269/zeta-division-vs-rex-regum-qeon-champions-tour-2023-pacific-last-chance-qualifier-ubsf,1660,2023-07-20,3:00 PM
PACIFIC,237270,https://www.vlr.gg/237270/team-secret-vs-gen-g-champions-tour-2023-pacific-last-chance-qualifier-ubsf,1660,2023-07-20,7:10 PM
PACIFIC,237271,https://www.vlr.gg/237271/zeta-division-vs-team-secret-champions-tour-2023-pacific-last-chance-qualifier-uf,1660,2023-07-21,3:00 PM
PACIFIC,237272,https://www.vlr.gg/237272/rex-regum-qeon-vs-gen-g-champions-tour-2023-pacific-last-chance-qualifier-lr1,1660,2023-07-21,5:25 PM
PACIFIC,237273,https://www.vlr.gg/237273/team-secret-vs-gen-g-champions-tour-2023-pacific-last-chance-qualifier-lf,1660,2023-07-22,3:00 PM
PACIFIC,237274,https://www.vlr.gg/237274/zeta-division-vs-team-secret-champions-tour-2023-pacific-last-chance-qualifier-gf,1660,2023-07-23,3:00 PM
PACIFIC,220297,https://www.vlr.gg/220297/fut-esports-vs-evil-geniuses-champions-tour-2023-masters-tokyo-opening-b,1494,2023-06-11,10:00 AM
PACIFIC,220296,https://www.vlr.gg/220296/drx-vs-attacking-soul-esports-champions-tour-2023-masters-tokyo-opening-b,1494,2023-06-11,12:45 PM
PACIFIC,220292,https://www.vlr.gg/220292/edward-gaming-vs-t1-champions-tour-2023-masters-tokyo-opening-a,1494,2023-06-11,3:15 PM
PACIFIC,220290,https://www.vlr.gg/220290/nrg-esports-vs-natus-vincere-champions-tour-2023-masters-tokyo-opening-a,1494,2023-06-12,10:00 AM
PACIFIC,220298,https://www.vlr.gg/220298/drx-vs-evil-geniuses-champions-tour-2023-masters-tokyo-winners-b,1494,2023-06-12,1:30 PM
PACIFIC,220293,https://www.vlr.gg/220293/nrg-esports-vs-t1-champions-tour-2023-masters-tokyo-winners-a,1494,2023-06-13,10:00 AM
PACIFIC,220299,https://www.vlr.gg/220299/attacking-soul-esports-vs-fut-esports-champions-tour-2023-masters-tokyo-elim-b,1494,2023-06-13,1:45 PM
PACIFIC,220294,https://www.vlr.gg/220294/natus-vincere-vs-edward-gaming-champions-tour-2023-masters-tokyo-elim-a,1494,2023-06-13,4:45 PM
PACIFIC,220300,https://www.vlr.gg/220300/drx-vs-fut-esports-champions-tour-2023-masters-tokyo-decider-b,1494,2023-06-14,10:00 AM
PACIFIC,220295,https://www.vlr.gg/220295/t1-vs-edward-gaming-champions-tour-2023-masters-tokyo-decider-a,1494,2023-06-14,1:15 PM
PACIFIC,220444,https://www.vlr.gg/220444/loud-vs-evil-geniuses-champions-tour-2023-masters-tokyo-ubqf,1494,2023-06-16,10:00 AM
PACIFIC,220443,https://www.vlr.gg/220443/team-liquid-vs-edward-gaming-champions-tour-2023-masters-tokyo-ubqf,1494,2023-06-16,12:30 PM
PACIFIC,220442,https://www.vlr.gg/220442/fnatic-vs-nrg-esports-champions-tour-2023-masters-tokyo-ubqf,1494,2023-06-17,10:00 AM
PACIFIC,220441,https://www.vlr.gg/220441/paper-rex-vs-drx-champions-tour-2023-masters-tokyo-ubqf,1494,2023-06-17,12:30 PM
PACIFIC,220450,https://www.vlr.gg/220450/edward-gaming-vs-loud-champions-tour-2023-masters-tokyo-lr1,1494,2023-06-18,10:00 AM
PACIFIC,220449,https://www.vlr.gg/220449/drx-vs-nrg-esports-champions-tour-2023-masters-tokyo-lr1,1494,2023-06-18,12:35 PM
PACIFIC,220446,https://www.vlr.gg/220446/team-liquid-vs-evil-geniuses-champions-tour-2023-masters-tokyo-ubsf,1494,2023-06-19,10:00 AM
PACIFIC,220445,https://www.vlr.gg/220445/paper-rex-vs-fnatic-champions-tour-2023-masters-tokyo-ubsf,1494,2023-06-19,12:15 PM
PACIFIC,220451,https://www.vlr.gg/220451/team-liquid-vs-nrg-esports-champions-tour-2023-masters-tokyo-lr2,1494,2023-06-20,10:00 AM
PACIFIC,220452,https://www.vlr.gg/220452/paper-rex-vs-edward-gaming-champions-tour-2023-masters-tokyo-lr2,1494,2023-06-20,1:45 PM
PACIFIC,220447,https://www.vlr.gg/220447/fnatic-vs-evil-geniuses-champions-tour-2023-masters-tokyo-ubf,1494,2023-06-21,10:00 AM
PACIFIC,220453,https://www.vlr.gg/220453/nrg-esports-vs-paper-rex-champions-tour-2023-masters-tokyo-lr3,1494,2023-06-21,1:25 PM
PACIFIC,220454,https://www.vlr.gg/220454/evil-geniuses-vs-paper-rex-champions-tour-2023-masters-tokyo-lbf,1494,2023-06-24,10:00 AM
PACIFIC,220448,https://www.vlr.gg/220448/fnatic-vs-evil-geniuses-champions-tour-2023-masters-tokyo-gf,1494,2023-06-25,11:30 AM
PACIFIC,184456,https://www.vlr.gg/184456/zeta-division-vs-drx-champions-tour-2023-pacific-league-w1,1191,2023-03-25,4:00 PM
PACIFIC,184457,https://www.vlr.gg/184457/t1-vs-global-esports-champions-tour-2023-pacific-league-w1,1191,2023-03-25,7:00 PM
PACIFIC,184458,https://www.vlr.gg/184458/paper-rex-vs-detonation-focusme-champions-tour-2023-pacific-league-w1,1191,2023-03-26,4:00 PM
PACIFIC,184459,https://www.vlr.gg/184459/team-secret-vs-talon-esports-champions-tour-2023-pacific-league-w1,1191,2023-03-26,7:00 PM
PACIFIC,184460,https://www.vlr.gg/184460/rex-regum-qeon-vs-gen-g-champions-tour-2023-pacific-league-w1,1191,2023-03-27,4:00 PM
PACIFIC,184461,https://www.vlr.gg/184461/zeta-division-vs-rex-regum-qeon-champions-tour-2023-pacific-league-w2,1191,2023-04-01,4:00 PM
PACIFIC,184462,https://www.vlr.gg/184462/talon-esports-vs-t1-champions-tour-2023-pacific-league-w2,1191,2023-04-01,7:30 PM
PACIFIC,184463,https://www.vlr.gg/184463/team-secret-vs-paper-rex-champions-tour-2023-pacific-league-w2,1191,2023-04-02,4:00 PM
PACIFIC,184465,https://www.vlr.gg/184465/gen-g-vs-detonation-focusme-champions-tour-2023-pacific-league-w2,1191,2023-04-02,7:30 PM
PACIFIC,184466,https://www.vlr.gg/184466/global-esports-vs-drx-champions-tour-2023-pacific-league-w2,1191,2023-04-03,4:00 PM
PACIFIC,184467,https://www.vlr.gg/184467/rex-regum-qeon-vs-detonation-focusme-champions-tour-2023-pacific-league-w3,1191,2023-04-08,4:00 PM
PACIFIC,184468,https://www.vlr.gg/184468/t1-vs-paper-rex-champions-tour-2023-pacific-league-w3,1191,2023-04-08,6:10 PM
PACIFIC,184469,https://www.vlr.gg/184469/zeta-division-vs-global-esports-champions-tour-2023-pacific-league-w3,1191,2023-04-09,4:00 PM
PACIFIC,184470,https://www.vlr.gg/184470/talon-esports-vs-drx-champions-tour-2023-pacific-league-w3,1191,2023-04-09,7:45 PM
PACIFIC,184471,https://www.vlr.gg/184471/team-secret-vs-gen-g-champions-tour-2023-pacific-league-w3,1191,2023-04-10,4:00 PM
PACIFIC,184472,https://www.vlr.gg/184472/paper-rex-vs-drx-champions-tour-2023-pacific-league-w4,1191,2023-04-15,4:00 PM
PACIFIC,184473,https://www.vlr.gg/184473/team-secret-vs-rex-regum-qeon-champions-tour-2023-pacific-league-w4,1191,2023-04-15,6:40 PM
PACIFIC,184474,https://www.vlr.gg/184474/t1-vs-gen-g-champions-tour-2023-pacific-league-w4,1191,2023-04-16,4:00 PM
PACIFIC,184475,https://www.vlr.gg/184475/zeta-division-vs-detonation-focusme-champions-tour-2023-pacific-league-w4,1191,2023-04-16,6:15 PM
PACIFIC,184476,https://www.vlr.gg/184476/talon-esports-vs-global-esports-champions-tour-2023-pacific-league-w4,1191,2023-04-17,4:00 PM
PACIFIC,184477,https://www.vlr.gg/184477/paper-rex-vs-global-esports-champions-tour-2023-pacific-league-w5,1191,2023-04-22,3:00 PM
PACIFIC,184478,https://www.vlr.gg/184478/gen-g-vs-drx-champions-tour-2023-pacific-league-w5,1191,2023-04-22,6:30 PM
PACIFIC,184479,https://www.vlr.gg/184479/t1-vs-rex-regum-qeon-champions-tour-2023-pacific-league-w5,1191,2023-04-23,3:00 PM
PACIFIC,184480,https://www.vlr.gg/184480/team-secret-vs-detonation-focusme-champions-tour-2023-pacific-league-w5,1191,2023-04-23,5:20 PM
PACIFIC,184481,https://www.vlr.gg/184481/zeta-division-vs-talon-esports-champions-tour-2023-pacific-league-w5,1191,2023-04-24,5:00 PM
PACIFIC,184482,https://www.vlr.gg/184482/t1-vs-detonation-focusme-champions-tour-2023-pacific-league-w6,1191,2023-04-29,3:00 PM
PACIFIC,184483,https://www.vlr.gg/184483/zeta-division-vs-team-secret-champions-tour-2023-pacific-league-w6,1191,2023-04-29,7:00 PM
PACIFIC,184484,https://www.vlr.gg/184484/global-esports-vs-gen-g-champions-tour-2023-pacific-league-w6,1191,2023-04-30,3:00 PM
PACIFIC,184485,https://www.vlr.gg/184485/rex-regum-qeon-vs-drx-champions-tour-2023-pacific-league-w6,1191,2023-04-30,5:20 PM
PACIFIC,184486,https://www.vlr.gg/184486/talon-esports-vs-paper-rex-champions-tour-2023-pacific-league-w6,1191,2023-05-01,5:00 PM
PACIFIC,184488,https://www.vlr.gg/184488/talon-esports-vs-gen-g-champions-tour-2023-pacific-league-w7,1191,2023-05-06,3:00 PM
PACIFIC,184489,https://www.vlr.gg/184489/zeta-division-vs-paper-rex-champions-tour-2023-pacific-league-w7,1191,2023-05-06,5:30 PM
PACIFIC,184490,https://www.vlr.gg/184490/rex-regum-qeon-vs-global-esports-champions-tour-2023-pacific-league-w7,1191,2023-05-07,3:00 PM
PACIFIC,184491,https://www.vlr.gg/184491/team-secret-vs-t1-champions-tour-2023-pacific-league-w7,1191,2023-05-07,6:00 PM
PACIFIC,184492,https://www.vlr.gg/184492/drx-vs-detonation-focusme-champions-tour-2023-pacific-league-w7,1191,2023-05-08,5:00 PM
PACIFIC,184493,https://www.vlr.gg/184493/paper-rex-vs-gen-g-champions-tour-2023-pacific-league-w8,1191,2023-05-12,3:00 PM
PACIFIC,184494,https://www.vlr.gg/184494/zeta-division-vs-t1-champions-tour-2023-pacific-league-w8,1191,2023-05-12,6:45 PM
PACIFIC,184495,https://www.vlr.gg/184495/team-secret-vs-drx-champions-tour-2023-pacific-league-w8,1191,2023-05-13,3:00 PM
PACIFIC,184496,https://www.vlr.gg/184496/global-esports-vs-detonation-focusme-champions-tour-2023-pacific-league-w8,1191,2023-05-13,5:30 PM
PACIFIC,184497,https://www.vlr.gg/184497/talon-esports-vs-rex-regum-qeon-champions-tour-2023-pacific-league-w8,1191,2023-05-14,3:00 PM
PACIFIC,184498,https://www.vlr.gg/184498/zeta-division-vs-gen-g-champions-tour-2023-pacific-league-w8,1191,2023-05-14,6:00 PM
PACIFIC,184499,https://www.vlr.gg/184499/t1-vs-drx-champions-tour-2023-pacific-league-w8,1191,2023-05-15,3:00 PM
PACIFIC,184500,https://www.vlr.gg/184500/team-secret-vs-global-esports-champions-tour-2023-pacific-league-w8,1191,2023-05-15,6:00 PM
PACIFIC,184501,https://www.vlr.gg/184501/talon-esports-vs-detonation-focusme-champions-tour-2023-pacific-league-w8,1191,2023-05-16,3:00 PM
PACIFIC,184502,https://www.vlr.gg/184502/rex-regum-qeon-vs-paper-rex-champions-tour-2023-pacific-league-w8,1191,2023-05-16,5:30 PM
PACIFIC,184513,https://www.vlr.gg/184513/zeta-division-vs-team-secret-champions-tour-2023-pacific-league-playoffs-ur1,1191,2023-05-19,3:00 PM
PACIFIC,184514,https://www.vlr.gg/184514/t1-vs-gen-g-champions-tour-2023-pacific-league-playoffs-ur1,1191,2023-05-19,6:15 PM
PACIFIC,184515,https://www.vlr.gg/184515/drx-vs-team-secret-champions-tour-2023-pacific-league-playoffs-ubsf,1191,2023-05-20,3:00 PM
PACIFIC,184516,https://www.vlr.gg/184516/paper-rex-vs-t1-champions-tour-2023-pacific-league-playoffs-ubsf,1191,2023-05-20,6:15 PM
PACIFIC,184518,https://www.vlr.gg/184518/team-secret-vs-gen-g-champions-tour-2023-pacific-league-playoffs-lr1,1191,2023-05-21,3:00 PM
PACIFIC,184517,https://www.vlr.gg/184517/t1-vs-zeta-division-champions-tour-2023-pacific-league-playoffs-lr1,1191,2023-05-21,6:45 PM
PACIFIC,184519,https://www.vlr.gg/184519/drx-vs-paper-rex-champions-tour-2023-pacific-league-playoffs-uf,1191,2023-05-22,3:00 PM
PACIFIC,184520,https://www.vlr.gg/184520/t1-vs-gen-g-champions-tour-2023-pacific-league-playoffs-lr2,1191,2023-05-22,5:30 PM
PACIFIC,214088,https://www.vlr.gg/214088/team-bunny-vs-team-superbuss-champions-tour-2023-pacific-league-showmatch,1191,2023-05-27,12:30 PM
PACIFIC,184521,https://www.vlr.gg/184521/drx-vs-t1-champions-tour-2023-pacific-league-playoffs-lf,1191,2023-05-27,2:00 PM
PACIFIC,184522,https://www.vlr.gg/184522/paper-rex-vs-drx-champions-tour-2023-pacific-league-playoffs-gf,1191,2023-05-28,2:00 PM
PACIFIC,124195,https://www.vlr.gg/124195/edward-gaming-vs-on-sla2ers-champions-tour-east-asia-last-chance-qualifier-ubqf,1083,2022-08-08,2:00 PM
PACIFIC,124196,https://www.vlr.gg/124196/maru-gaming-vs-reject-champions-tour-east-asia-last-chance-qualifier-ubqf,1083,2022-08-08,4:15 PM
PACIFIC,124197,https://www.vlr.gg/124197/crazy-raccoon-vs-damwon-gaming-champions-tour-east-asia-last-chance-qualifier-ubqf,1083,2022-08-09,2:00 PM
PACIFIC,124198,https://www.vlr.gg/124198/northeption-vs-kone-esc-champions-tour-east-asia-last-chance-qualifier-ubqf,1083,2022-08-09,5:30 PM
PACIFIC,124203,https://www.vlr.gg/124203/on-sla2ers-vs-maru-gaming-champions-tour-east-asia-last-chance-qualifier-lr1,1083,2022-08-10,2:00 PM
PACIFIC,124204,https://www.vlr.gg/124204/damwon-gaming-vs-kone-esc-champions-tour-east-asia-last-chance-qualifier-lr1,1083,2022-08-10,4:30 PM
PACIFIC,124199,https://www.vlr.gg/124199/edward-gaming-vs-reject-champions-tour-east-asia-last-chance-qualifier-ubsf,1083,2022-08-11,2:00 PM
PACIFIC,124200,https://www.vlr.gg/124200/crazy-raccoon-vs-northeption-champions-tour-east-asia-last-chance-qualifier-ubsf,1083,2022-08-11,4:20 PM
PACIFIC,124205,https://www.vlr.gg/124205/crazy-raccoon-vs-on-sla2ers-champions-tour-east-asia-last-chance-qualifier-lr2,1083,2022-08-12,12:00 PM
PACIFIC,124206,https://www.vlr.gg/124206/reject-vs-kone-esc-champions-tour-east-asia-last-chance-qualifier-lr2,1083,2022-08-12,2:35 PM
PACIFIC,124201,https://www.vlr.gg/124201/edward-gaming-vs-northeption-champions-tour-east-asia-last-chance-qualifier-ubf,1083,2022-08-12,4:25 PM
PACIFIC,124207,https://www.vlr.gg/124207/on-sla2ers-vs-kone-esc-champions-tour-east-asia-last-chance-qualifier-lr3,1083,2022-08-13,2:00 PM
PACIFIC,124208,https://www.vlr.gg/124208/northeption-vs-on-sla2ers-champions-tour-east-asia-last-chance-qualifier-lbf,1083,2022-08-13,5:50 PM
PACIFIC,124202,https://www.vlr.gg/124202/edward-gaming-vs-on-sla2ers-champions-tour-east-asia-last-chance-qualifier-gf,1083,2022-08-14,2:00 PM
PACIFIC,123033,https://www.vlr.gg/123033/order-vs-fancy-united-esports-champions-tour-asia-pacific-last-chance-qualifier-ubr1,1084,2022-08-01,12:00 PM
PACIFIC,123034,https://www.vlr.gg/123034/cerberus-esports-vs-alter-ego-champions-tour-asia-pacific-last-chance-qualifier-ubr1,1084,2022-08-01,1:55 PM
PACIFIC,123035,https://www.vlr.gg/123035/griffin-e-sports-vs-boom-esports-champions-tour-asia-pacific-last-chance-qualifier-ubqf,1084,2022-08-01,3:50 PM
PACIFIC,123036,https://www.vlr.gg/123036/made-in-thailand-vs-team-secret-champions-tour-asia-pacific-last-chance-qualifier-ubqf,1084,2022-08-02,12:00 PM
PACIFIC,123037,https://www.vlr.gg/123037/onic-g-vs-order-champions-tour-asia-pacific-last-chance-qualifier-ubqf,1084,2022-08-02,2:45 PM
PACIFIC,123038,https://www.vlr.gg/123038/bleed-vs-alter-ego-champions-tour-asia-pacific-last-chance-qualifier-ubqf,1084,2022-08-02,4:30 PM
PACIFIC,123039,https://www.vlr.gg/123039/griffin-e-sports-vs-cerberus-esports-champions-tour-asia-pacific-last-chance-qualifier-lr1,1084,2022-08-03,12:00 PM
PACIFIC,123040,https://www.vlr.gg/123040/made-in-thailand-vs-fancy-united-esports-champions-tour-asia-pacific-last-chance-qualifier-lr1,1084,2022-08-03,2:45 PM
PACIFIC,123041,https://www.vlr.gg/123041/onic-g-vs-boom-esports-champions-tour-asia-pacific-last-chance-qualifier-ubsf,1084,2022-08-03,6:15 PM
PACIFIC,123042,https://www.vlr.gg/123042/bleed-vs-team-secret-champions-tour-asia-pacific-last-chance-qualifier-ubsf,1084,2022-08-04,12:00 PM
PACIFIC,123043,https://www.vlr.gg/123043/order-vs-cerberus-esports-champions-tour-asia-pacific-last-chance-qualifier-lr2,1084,2022-08-04,1:45 PM
PACIFIC,123044,https://www.vlr.gg/123044/alter-ego-vs-made-in-thailand-champions-tour-asia-pacific-last-chance-qualifier-lr2,1084,2022-08-04,3:30 PM
PACIFIC,123045,https://www.vlr.gg/123045/team-secret-vs-order-champions-tour-asia-pacific-last-chance-qualifier-lr3,1084,2022-08-05,12:00 PM
PACIFIC,123046,https://www.vlr.gg/123046/onic-g-vs-made-in-thailand-champions-tour-asia-pacific-last-chance-qualifier-lr3,1084,2022-08-05,2:50 PM
PACIFIC,123047,https://www.vlr.gg/123047/boom-esports-vs-bleed-champions-tour-asia-pacific-last-chance-qualifier-ubf,1084,2022-08-05,5:05 PM
PACIFIC,123048,https://www.vlr.gg/123048/team-secret-vs-onic-g-champions-tour-asia-pacific-last-chance-qualifier-lr4,1084,2022-08-06,12:00 PM
PACIFIC,123049,https://www.vlr.gg/123049/bleed-vs-onic-g-champions-tour-asia-pacific-last-chance-qualifier-lbf,1084,2022-08-06,3:45 PM
PACIFIC,123050,https://www.vlr.gg/123050/boom-esports-vs-onic-g-champions-tour-asia-pacific-last-chance-qualifier-gf,1084,2022-08-07,2:00 PM
PACIFIC,111758,https://www.vlr.gg/111758/order-vs-funcrew-oceania-tour-championship-ubsf,1113,2022-07-06,3:30 PM
PACIFIC,111759,https://www.vlr.gg/111759/bobo-vs-reign-oceania-tour-championship-ubsf,1113,2022-07-06,6:45 PM
PACIFIC,111760,https://www.vlr.gg/111760/order-vs-bonkers-oceania-tour-championship-lr1,1113,2022-07-07,3:30 PM
PACIFIC,111761,https://www.vlr.gg/111761/reign-vs-honey-badgers-oceania-tour-championship-lr1,1113,2022-07-07,6:30 PM
PACIFIC,111762,https://www.vlr.gg/111762/funcrew-vs-bobo-oceania-tour-championship-ubf,1113,2022-07-08,3:30 PM
PACIFIC,111763,https://www.vlr.gg/111763/order-vs-reign-oceania-tour-championship-lr2,1113,2022-07-08,5:40 PM
PACIFIC,111764,https://www.vlr.gg/111764/funcrew-vs-order-oceania-tour-championship-lf,1113,2022-07-09,12:30 PM
PACIFIC,111765,https://www.vlr.gg/111765/bobo-vs-order-oceania-tour-championship-gf,1113,2022-07-10,12:30 PM
PACIFIC,104840,https://www.vlr.gg/104840/boom-esports-vs-cerberus-esports-champions-tour-asia-pacific-stage-2-challengers-playoffs-openin,1063,2022-06-09,10:00 AM
PACIFIC,104845,https://www.vlr.gg/104845/bleed-vs-ghetto-artist-champions-tour-asia-pacific-stage-2-challengers-playoffs-opening-b,1063,2022-06-09,1:00 PM
PACIFIC,104846,https://www.vlr.gg/104846/rex-regum-qeon-vs-team-big-baam-champions-tour-asia-pacific-stage-2-challengers-playoffs-opening,1063,2022-06-10,12:00 PM
PACIFIC,104841,https://www.vlr.gg/104841/made-in-thailand-vs-enigma-gaming-champions-tour-asia-pacific-stage-2-challengers-playoffs-openi,1063,2022-06-10,1:45 PM
PACIFIC,104842,https://www.vlr.gg/104842/boom-esports-vs-made-in-thailand-champions-tour-asia-pacific-stage-2-challengers-playoffs-winner,1063,2022-06-11,10:00 AM
PACIFIC,104847,https://www.vlr.gg/104847/bleed-vs-rex-regum-qeon-champions-tour-asia-pacific-stage-2-challengers-playoffs-winners-b,1063,2022-06-11,1:00 PM
PACIFIC,104843,https://www.vlr.gg/104843/cerberus-esports-vs-enigma-gaming-champions-tour-asia-pacific-stage-2-challengers-playoffs-elim,1063,2022-06-11,4:20 PM
PACIFIC,104848,https://www.vlr.gg/104848/ghetto-artist-vs-team-big-baam-champions-tour-asia-pacific-stage-2-challengers-playoffs-elim-b,1063,2022-06-11,8:00 PM
PACIFIC,104844,https://www.vlr.gg/104844/boom-esports-vs-cerberus-esports-champions-tour-asia-pacific-stage-2-challengers-playoffs-decide,1063,2022-06-12,12:00 PM
PACIFIC,104849,https://www.vlr.gg/104849/rex-regum-qeon-vs-ghetto-artist-champions-tour-asia-pacific-stage-2-challengers-playoffs-decider,1063,2022-06-12,2:00 PM
PACIFIC,106444,https://www.vlr.gg/106444/gaimin-gladiators-vs-griffin-e-sports-champions-tour-asia-pacific-stage-2-challengers-playoffs-o,1063,2022-06-15,10:00 AM
PACIFIC,106449,https://www.vlr.gg/106449/alter-ego-vs-global-esports-champions-tour-asia-pacific-stage-2-challengers-playoffs-opening-b,1063,2022-06-15,12:15 PM
PACIFIC,106454,https://www.vlr.gg/106454/oasis-gaming-vs-order-champions-tour-asia-pacific-stage-2-challengers-playoffs-opening-c,1063,2022-06-15,2:20 PM
PACIFIC,106459,https://www.vlr.gg/106459/fw-esports-vs-fancy-united-esports-champions-tour-asia-pacific-stage-2-challengers-playoffs-open,1063,2022-06-15,4:10 PM
PACIFIC,106443,https://www.vlr.gg/106443/onic-g-vs-made-in-thailand-champions-tour-asia-pacific-stage-2-challengers-playoffs-opening-a,1063,2022-06-16,10:00 AM
PACIFIC,106448,https://www.vlr.gg/106448/xerxia-esports-vs-rex-regum-qeon-champions-tour-asia-pacific-stage-2-challengers-playoffs-openin,1063,2022-06-16,12:20 PM
PACIFIC,106453,https://www.vlr.gg/106453/paper-rex-vs-boom-esports-champions-tour-asia-pacific-stage-2-challengers-playoffs-opening-c,1063,2022-06-16,2:25 PM
PACIFIC,106458,https://www.vlr.gg/106458/team-secret-vs-bleed-champions-tour-asia-pacific-stage-2-challengers-playoffs-opening-d,1063,2022-06-16,4:50 PM
PACIFIC,106446,https://www.vlr.gg/106446/made-in-thailand-vs-griffin-e-sports-champions-tour-asia-pacific-stage-2-challengers-playoffs-el,1063,2022-06-17,10:00 AM
PACIFIC,106451,https://www.vlr.gg/106451/rex-regum-qeon-vs-global-esports-champions-tour-asia-pacific-stage-2-challengers-playoffs-elim,1063,2022-06-17,11:45 AM
PACIFIC,106456,https://www.vlr.gg/106456/boom-esports-vs-oasis-gaming-champions-tour-asia-pacific-stage-2-challengers-playoffs-elim-c,1063,2022-06-17,4:00 PM
PACIFIC,106461,https://www.vlr.gg/106461/team-secret-vs-fw-esports-champions-tour-asia-pacific-stage-2-challengers-playoffs-elim-d,1063,2022-06-18,10:00 AM
PACIFIC,106445,https://www.vlr.gg/106445/onic-g-vs-gaimin-gladiators-champions-tour-asia-pacific-stage-2-challengers-playoffs-winners-a,1063,2022-06-18,12:15 PM
PACIFIC,106450,https://www.vlr.gg/106450/xerxia-esports-vs-alter-ego-champions-tour-asia-pacific-stage-2-challengers-playoffs-winners-b,1063,2022-06-18,2:30 PM
PACIFIC,106455,https://www.vlr.gg/106455/paper-rex-vs-order-champions-tour-asia-pacific-stage-2-challengers-playoffs-winners-c,1063,2022-06-19,10:00 AM
PACIFIC,106460,https://www.vlr.gg/106460/bleed-vs-fancy-united-esports-champions-tour-asia-pacific-stage-2-challengers-playoffs-winners,1063,2022-06-19,11:45 AM
PACIFIC,106447,https://www.vlr.gg/106447/gaimin-gladiators-vs-griffin-e-sports-champions-tour-asia-pacific-stage-2-challengers-playoffs-d,1063,2022-06-19,3:10 PM
PACIFIC,106452,https://www.vlr.gg/106452/alter-ego-vs-rex-regum-qeon-champions-tour-asia-pacific-stage-2-challengers-playoffs-decider-b,1063,2022-06-20,10:00 AM
PACIFIC,106457,https://www.vlr.gg/106457/order-vs-boom-esports-champions-tour-asia-pacific-stage-2-challengers-playoffs-decider-c,1063,2022-06-20,1:00 PM
PACIFIC,106462,https://www.vlr.gg/106462/fancy-united-esports-vs-team-secret-champions-tour-asia-pacific-stage-2-challengers-playoffs-dec,1063,2022-06-20,3:50 PM
PACIFIC,106910,https://www.vlr.gg/106910/paper-rex-vs-alter-ego-champions-tour-asia-pacific-stage-2-challengers-playoffs-ubqf,1063,2022-06-23,10:00 AM
PACIFIC,106911,https://www.vlr.gg/106911/bleed-vs-griffin-e-sports-champions-tour-asia-pacific-stage-2-challengers-playoffs-ubqf,1063,2022-06-23,1:00 PM
PACIFIC,106912,https://www.vlr.gg/106912/onic-g-vs-boom-esports-champions-tour-asia-pacific-stage-2-challengers-playoffs-ubqf,1063,2022-06-23,3:30 PM
PACIFIC,106913,https://www.vlr.gg/106913/xerxia-esports-vs-team-secret-champions-tour-asia-pacific-stage-2-challengers-playoffs-ubqf,1063,2022-06-23,6:30 PM
PACIFIC,106914,https://www.vlr.gg/106914/paper-rex-vs-bleed-champions-tour-asia-pacific-stage-2-challengers-playoffs-ubsf,1063,2022-06-24,10:00 AM
PACIFIC,106915,https://www.vlr.gg/106915/onic-g-vs-team-secret-champions-tour-asia-pacific-stage-2-challengers-playoffs-ubsf,1063,2022-06-24,12:40 PM
PACIFIC,106916,https://www.vlr.gg/106916/alter-ego-vs-griffin-e-sports-champions-tour-asia-pacific-stage-2-challengers-playoffs-lr1,1063,2022-06-24,3:00 PM
PACIFIC,106917,https://www.vlr.gg/106917/boom-esports-vs-xerxia-esports-champions-tour-asia-pacific-stage-2-challengers-playoffs-lr1,1063,2022-06-24,5:30 PM
PACIFIC,106918,https://www.vlr.gg/106918/onic-g-vs-alter-ego-champions-tour-asia-pacific-stage-2-challengers-playoffs-lr2,1063,2022-06-25,10:00 AM
PACIFIC,106919,https://www.vlr.gg/106919/bleed-vs-xerxia-esports-champions-tour-asia-pacific-stage-2-challengers-playoffs-lr2,1063,2022-06-25,1:00 PM
PACIFIC,106920,https://www.vlr.gg/106920/paper-rex-vs-team-secret-champions-tour-asia-pacific-stage-2-challengers-playoffs-ubf,1063,2022-06-25,4:30 PM
PACIFIC,106921,https://www.vlr.gg/106921/onic-g-vs-xerxia-esports-champions-tour-asia-pacific-stage-2-challengers-playoffs-lr3,1063,2022-06-25,7:00 PM
PACIFIC,106922,https://www.vlr.gg/106922/team-secret-vs-xerxia-esports-champions-tour-asia-pacific-stage-2-challengers-playoffs-lf,1063,2022-06-26,10:00 AM
PACIFIC,106923,https://www.vlr.gg/106923/paper-rex-vs-xerxia-esports-champions-tour-asia-pacific-stage-2-challengers-playoffs-gf,1063,2022-06-26,1:45 PM
PACIFIC,106159,https://www.vlr.gg/106159/northeption-vs-jadeite-champions-tour-japan-stage-2-challengers-playoffs-ubqf,1013,2022-06-10,9:00 AM
PACIFIC,106160,https://www.vlr.gg/106160/crazy-raccoon-vs-reject-champions-tour-japan-stage-2-challengers-playoffs-ubqf,1013,2022-06-10,12:25 PM
PACIFIC,106161,https://www.vlr.gg/106161/zeta-division-vs-blue-bees-esp-champions-tour-japan-stage-2-challengers-playoffs-ubqf,1013,2022-06-10,3:30 PM
PACIFIC,106162,https://www.vlr.gg/106162/sengoku-gaming-vs-fav-gaming-champions-tour-japan-stage-2-challengers-playoffs-ubqf,1013,2022-06-10,6:20 PM
PACIFIC,106164,https://www.vlr.gg/106164/jadeite-vs-reject-champions-tour-japan-stage-2-challengers-playoffs-lbr1,1013,2022-06-11,9:00 AM
PACIFIC,106165,https://www.vlr.gg/106165/blue-bees-esp-vs-sengoku-gaming-champions-tour-japan-stage-2-challengers-playoffs-lbr1,1013,2022-06-11,1:00 PM
PACIFIC,106166,https://www.vlr.gg/106166/northeption-vs-crazy-raccoon-champions-tour-japan-stage-2-challengers-playoffs-ubsf,1013,2022-06-11,3:45 PM
PACIFIC,106167,https://www.vlr.gg/106167/zeta-division-vs-fav-gaming-champions-tour-japan-stage-2-challengers-playoffs-ubsf,1013,2022-06-11,7:15 PM
PACIFIC,106168,https://www.vlr.gg/106168/fav-gaming-vs-reject-champions-tour-japan-stage-2-challengers-playoffs-lbr2,1013,2022-06-12,12:00 PM
PACIFIC,106169,https://www.vlr.gg/106169/crazy-raccoon-vs-blue-bees-esp-champions-tour-japan-stage-2-challengers-playoffs-lbr2,1013,2022-06-12,3:00 PM
PACIFIC,106170,https://www.vlr.gg/106170/reject-vs-crazy-raccoon-champions-tour-japan-stage-2-challengers-playoffs-lbr3,1013,2022-06-12,6:00 PM
PACIFIC,106171,https://www.vlr.gg/106171/northeption-vs-zeta-division-champions-tour-japan-stage-2-challengers-playoffs-ubf,1013,2022-06-25,9:40 AM
PACIFIC,106172,https://www.vlr.gg/106172/northeption-vs-crazy-raccoon-champions-tour-japan-stage-2-challengers-playoffs-lbf,1013,2022-06-25,12:50 PM
PACIFIC,106173,https://www.vlr.gg/106173/zeta-division-vs-northeption-champions-tour-japan-stage-2-challengers-playoffs-gf,1013,2022-06-26,10:15 AM
PACIFIC,97469,https://www.vlr.gg/97469/maru-gaming-vs-world-game-star-champions-tour-korea-stage-1-challengers-s1-tiebreaker-decider,998,2022-05-04,1:00 PM
PACIFIC,97858,https://www.vlr.gg/97858/team-rocket-vs-meetwo-champions-tour-korea-stage-2-challengers-open-qualifier-ro48-group-b,998,2022-05-06,12:00 PM
PACIFIC,97861,https://www.vlr.gg/97861/early-access-vs-cnj-esports-champions-tour-korea-stage-2-challengers-open-qualifier-ro48-group,998,2022-05-06,12:00 PM
PACIFIC,97862,https://www.vlr.gg/97862/incarnations-of-victory-vs-mcc-champions-tour-korea-stage-2-challengers-open-qualifier-ro48-gro,998,2022-05-06,12:00 PM
PACIFIC,97864,https://www.vlr.gg/97864/rage-esports-vs-world-game-star-champions-tour-korea-stage-2-challengers-open-qualifier-ro48-gr,998,2022-05-06,12:00 PM
PACIFIC,97869,https://www.vlr.gg/97869/f4q-vs-hotsauce-champions-tour-korea-stage-2-challengers-open-qualifier-ro48-group-i,998,2022-05-06,12:00 PM
PACIFIC,97870,https://www.vlr.gg/97870/we-need-sponsor-vs-red-eyes-champions-tour-korea-stage-2-challengers-open-qualifier-ro48-group,998,2022-05-06,12:00 PM
PACIFIC,97890,https://www.vlr.gg/97890/18again-vs-spear-gaming-champions-tour-korea-stage-2-challengers-open-qualifier-ro48-group-a,998,2022-05-06,12:00 PM
PACIFIC,97891,https://www.vlr.gg/97891/primary-gaming-vs-sga-champions-tour-korea-stage-2-challengers-open-qualifier-ro48-group-a,998,2022-05-06,12:00 PM
PACIFIC,97898,https://www.vlr.gg/97898/grn-gaming-vs-team-inv-champions-tour-korea-stage-2-challengers-open-qualifier-ro48-group-d,998,2022-05-06,12:00 PM
PACIFIC,97899,https://www.vlr.gg/97899/kaiser-thane-vs-eternal-champions-tour-korea-stage-2-challengers-open-qualifier-ro48-group-d,998,2022-05-06,12:00 PM
PACIFIC,98226,https://www.vlr.gg/98226/beyond-stratos-gaming-vs-desperado-champions-tour-korea-stage-2-challengers-open-qualifier-ro48,998,2022-05-06,12:00 PM
PACIFIC,98227,https://www.vlr.gg/98227/imaginary-savior-vs-never-miss-champions-tour-korea-stage-2-challengers-open-qualifier-ro48-gro,998,2022-05-06,12:00 PM
PACIFIC,97859,https://www.vlr.gg/97859/team-rocket-vs-gyubeueumjang-champions-tour-korea-stage-2-challengers-open-qualifier-ro48-group,998,2022-05-06,2:00 PM
PACIFIC,97865,https://www.vlr.gg/97865/rage-esports-vs-team-t5-champions-tour-korea-stage-2-challengers-open-qualifier-ro48-group-f,998,2022-05-06,2:00 PM
PACIFIC,97871,https://www.vlr.gg/97871/f4q-vs-we-need-sponsor-champions-tour-korea-stage-2-challengers-open-qualifier-ro48-group-i,998,2022-05-06,2:00 PM
PACIFIC,97872,https://www.vlr.gg/97872/hotsauce-vs-red-eyes-champions-tour-korea-stage-2-challengers-open-qualifier-ro48-group-i,998,2022-05-06,2:00 PM
PACIFIC,97893,https://www.vlr.gg/97893/primary-gaming-vs-18again-champions-tour-korea-stage-2-challengers-open-qualifier-ro48-group-a,998,2022-05-06,2:00 PM
PACIFIC,97894,https://www.vlr.gg/97894/sga-vs-spear-gaming-champions-tour-korea-stage-2-challengers-open-qualifier-ro48-group-a,998,2022-05-06,2:00 PM
PACIFIC,97900,https://www.vlr.gg/97900/grn-gaming-vs-kaiser-thane-champions-tour-korea-stage-2-challengers-open-qualifier-ro48-group-d,998,2022-05-06,2:00 PM
PACIFIC,97901,https://www.vlr.gg/97901/team-inv-vs-eternal-champions-tour-korea-stage-2-challengers-open-qualifier-ro48-group-d,998,2022-05-06,2:00 PM
PACIFIC,98228,https://www.vlr.gg/98228/imaginary-savior-vs-desperado-champions-tour-korea-stage-2-challengers-open-qualifier-ro48-grou,998,2022-05-06,2:00 PM
PACIFIC,98229,https://www.vlr.gg/98229/never-miss-vs-beyond-stratos-gaming-champions-tour-korea-stage-2-challengers-open-qualifier-ro4,998,2022-05-06,2:00 PM
PACIFIC,97886,https://www.vlr.gg/97886/cnj-esports-vs-mcc-champions-tour-korea-stage-2-challengers-open-qualifier-ro48-group-c,998,2022-05-06,3:00 PM
PACIFIC,97863,https://www.vlr.gg/97863/early-access-vs-incarnations-of-victory-champions-tour-korea-stage-2-challengers-open-qualifier,998,2022-05-06,4:00 PM
PACIFIC,97873,https://www.vlr.gg/97873/f4q-vs-red-eyes-champions-tour-korea-stage-2-challengers-open-qualifier-ro48-group-i,998,2022-05-06,4:00 PM
PACIFIC,97874,https://www.vlr.gg/97874/hotsauce-vs-we-need-sponsor-champions-tour-korea-stage-2-challengers-open-qualifier-ro48-group,998,2022-05-06,4:00 PM
PACIFIC,97902,https://www.vlr.gg/97902/grn-gaming-vs-eternal-champions-tour-korea-stage-2-challengers-open-qualifier-ro48-group-d,998,2022-05-06,4:00 PM
PACIFIC,97903,https://www.vlr.gg/97903/team-inv-vs-kaiser-thane-champions-tour-korea-stage-2-challengers-open-qualifier-ro48-group-d,998,2022-05-06,4:00 PM
PACIFIC,97887,https://www.vlr.gg/97887/early-access-vs-mcc-champions-tour-korea-stage-2-challengers-open-qualifier-ro48-group-c,998,2022-05-06,5:00 PM
PACIFIC,97888,https://www.vlr.gg/97888/cnj-esports-vs-incarnations-of-victory-champions-tour-korea-stage-2-challengers-open-qualifier,998,2022-05-06,5:00 PM
PACIFIC,97896,https://www.vlr.gg/97896/primary-gaming-vs-spear-gaming-champions-tour-korea-stage-2-challengers-open-qualifier-ro48-gro,998,2022-05-06,5:00 PM
PACIFIC,97897,https://www.vlr.gg/97897/sga-vs-18again-champions-tour-korea-stage-2-challengers-open-qualifier-ro48-group-a,998,2022-05-06,5:00 PM
PACIFIC,98232,https://www.vlr.gg/98232/imaginary-savior-vs-beyond-stratos-gaming-champions-tour-korea-stage-2-challengers-open-qualifie,998,2022-05-06,5:00 PM
PACIFIC,98233,https://www.vlr.gg/98233/desperado-vs-never-miss-champions-tour-korea-stage-2-challengers-open-qualifier-ro48-group-e,998,2022-05-06,5:00 PM
PACIFIC,97866,https://www.vlr.gg/97866/world-game-star-vs-team-t5-champions-tour-korea-stage-2-challengers-open-qualifier-ro48-group-f,998,2022-05-06,5:30 PM
PACIFIC,97860,https://www.vlr.gg/97860/meetwo-vs-gyubeueumjang-champions-tour-korea-stage-2-challengers-open-qualifier-ro48-group-b,998,2022-05-06,6:00 PM
PACIFIC,98188,https://www.vlr.gg/98188/world-game-star-vs-egnis-kr-champions-tour-korea-stage-2-challengers-open-qualifier-ro24-openin,998,2022-05-07,12:00 PM
PACIFIC,98189,https://www.vlr.gg/98189/hayabusa-gaming-vs-beyond-stratos-gaming-champions-tour-korea-stage-2-challengers-open-qualifier,998,2022-05-07,12:00 PM
PACIFIC,98193,https://www.vlr.gg/98193/cnj-esports-vs-red-eyes-champions-tour-korea-stage-2-challengers-open-qualifier-ro24-opening-b,998,2022-05-07,12:00 PM
PACIFIC,98194,https://www.vlr.gg/98194/next-esports-vs-early-access-champions-tour-korea-stage-2-challengers-open-qualifier-ro24-openi,998,2022-05-07,12:00 PM
PACIFIC,98198,https://www.vlr.gg/98198/desperado-vs-primary-gaming-champions-tour-korea-stage-2-challengers-open-qualifier-ro24-openin,998,2022-05-07,12:00 PM
PACIFIC,98199,https://www.vlr.gg/98199/spear-gaming-vs-team-t5-champions-tour-korea-stage-2-challengers-open-qualifier-ro24-opening-c,998,2022-05-07,12:00 PM
PACIFIC,98203,https://www.vlr.gg/98203/lone-way-e-sports-vs-owo-champions-tour-korea-stage-2-challengers-open-qualifier-ro24-opening,998,2022-05-07,12:00 PM
PACIFIC,98204,https://www.vlr.gg/98204/kaiser-thane-vs-royal-life-champions-tour-korea-stage-2-challengers-open-qualifier-ro24-opening,998,2022-05-07,12:00 PM
PACIFIC,98208,https://www.vlr.gg/98208/f4q-vs-team-rocket-champions-tour-korea-stage-2-challengers-open-qualifier-ro24-opening-e,998,2022-05-07,12:00 PM
PACIFIC,98209,https://www.vlr.gg/98209/wnf-esports-vs-first-piece-champions-tour-korea-stage-2-challengers-open-qualifier-ro24-opening,998,2022-05-07,12:00 PM
PACIFIC,98213,https://www.vlr.gg/98213/kings-man-vs-grn-gaming-champions-tour-korea-stage-2-challengers-open-qualifier-ro24-opening,998,2022-05-07,12:00 PM
PACIFIC,98214,https://www.vlr.gg/98214/gyubeueumjang-vs-af-champions-tour-korea-stage-2-challengers-open-qualifier-ro24-opening-f,998,2022-05-07,12:00 PM
PACIFIC,98210,https://www.vlr.gg/98210/f4q-vs-wnf-esports-champions-tour-korea-stage-2-challengers-open-qualifier-ro24-winners-e,998,2022-05-07,2:15 PM
PACIFIC,98190,https://www.vlr.gg/98190/world-game-star-vs-beyond-stratos-gaming-champions-tour-korea-stage-2-challengers-open-qualifier,998,2022-05-07,3:00 PM
PACIFIC,98191,https://www.vlr.gg/98191/egnis-kr-vs-hayabusa-gaming-champions-tour-korea-stage-2-challengers-open-qualifier-ro24-elim,998,2022-05-07,3:00 PM
PACIFIC,98195,https://www.vlr.gg/98195/red-eyes-vs-next-esports-champions-tour-korea-stage-2-challengers-open-qualifier-ro24-winners,998,2022-05-07,3:00 PM
PACIFIC,98196,https://www.vlr.gg/98196/cnj-esports-vs-early-access-champions-tour-korea-stage-2-challengers-open-qualifier-ro24-elim,998,2022-05-07,3:00 PM
PACIFIC,98200,https://www.vlr.gg/98200/desperado-vs-spear-gaming-champions-tour-korea-stage-2-challengers-open-qualifier-ro24-winners,998,2022-05-07,3:00 PM
PACIFIC,98201,https://www.vlr.gg/98201/primary-gaming-vs-team-t5-champions-tour-korea-stage-2-challengers-open-qualifier-ro24-elim-c,998,2022-05-07,3:00 PM
PACIFIC,98205,https://www.vlr.gg/98205/owo-vs-kaiser-thane-champions-tour-korea-stage-2-challengers-open-qualifier-ro24-winners-d,998,2022-05-07,3:00 PM
PACIFIC,98206,https://www.vlr.gg/98206/lone-way-e-sports-vs-royal-life-champions-tour-korea-stage-2-challengers-open-qualifier-ro24-el,998,2022-05-07,3:00 PM
PACIFIC,98211,https://www.vlr.gg/98211/team-rocket-vs-first-piece-champions-tour-korea-stage-2-challengers-open-qualifier-ro24-elim-e,998,2022-05-07,3:00 PM
PACIFIC,98215,https://www.vlr.gg/98215/kings-man-vs-af-champions-tour-korea-stage-2-challengers-open-qualifier-ro24-winners-f,998,2022-05-07,3:00 PM
PACIFIC,98216,https://www.vlr.gg/98216/grn-gaming-vs-gyubeueumjang-champions-tour-korea-stage-2-challengers-open-qualifier-ro24-elim,998,2022-05-07,3:00 PM
PACIFIC,98197,https://www.vlr.gg/98197/red-eyes-vs-cnj-esports-champions-tour-korea-stage-2-challengers-open-qualifier-ro24-decider-b,998,2022-05-07,4:30 PM
PACIFIC,98212,https://www.vlr.gg/98212/wnf-esports-vs-team-rocket-champions-tour-korea-stage-2-challengers-open-qualifier-ro24-decider,998,2022-05-07,4:30 PM
PACIFIC,98192,https://www.vlr.gg/98192/beyond-stratos-gaming-vs-hayabusa-gaming-champions-tour-korea-stage-2-challengers-open-qualifier,998,2022-05-07,5:00 PM
PACIFIC,98202,https://www.vlr.gg/98202/spear-gaming-vs-team-t5-champions-tour-korea-stage-2-challengers-open-qualifier-ro24-decider-c,998,2022-05-07,5:00 PM
PACIFIC,98207,https://www.vlr.gg/98207/kaiser-thane-vs-lone-way-e-sports-champions-tour-korea-stage-2-challengers-open-qualifier-ro24,998,2022-05-07,5:00 PM
PACIFIC,98217,https://www.vlr.gg/98217/af-vs-grn-gaming-champions-tour-korea-stage-2-challengers-open-qualifier-ro24-decider-f,998,2022-05-07,5:00 PM
PACIFIC,98514,https://www.vlr.gg/98514/desperado-vs-team-rocket-champions-tour-korea-stage-2-challengers-open-qualifier-ro12-group-a,998,2022-05-08,12:00 PM
PACIFIC,98517,https://www.vlr.gg/98517/f4q-vs-spear-gaming-champions-tour-korea-stage-2-challengers-open-qualifier-ro12-group-b,998,2022-05-08,12:00 PM
PACIFIC,98520,https://www.vlr.gg/98520/world-game-star-vs-next-esports-champions-tour-korea-stage-2-challengers-open-qualifier-ro12-gr,998,2022-05-08,12:00 PM
PACIFIC,98523,https://www.vlr.gg/98523/kings-man-vs-owo-champions-tour-korea-stage-2-challengers-open-qualifier-ro12-group-d,998,2022-05-08,12:00 PM
PACIFIC,98515,https://www.vlr.gg/98515/team-rocket-vs-cnj-esports-champions-tour-korea-stage-2-challengers-open-qualifier-ro12-group-a,998,2022-05-08,2:00 PM
PACIFIC,98518,https://www.vlr.gg/98518/spear-gaming-vs-lone-way-e-sports-champions-tour-korea-stage-2-challengers-open-qualifier-ro12,998,2022-05-08,3:00 PM
PACIFIC,98521,https://www.vlr.gg/98521/next-esports-vs-af-champions-tour-korea-stage-2-challengers-open-qualifier-ro12-group-c,998,2022-05-08,3:00 PM
PACIFIC,98524,https://www.vlr.gg/98524/owo-vs-hayabusa-gaming-champions-tour-korea-stage-2-challengers-open-qualifier-ro12-group-d,998,2022-05-08,3:00 PM
PACIFIC,98516,https://www.vlr.gg/98516/desperado-vs-cnj-esports-champions-tour-korea-stage-2-challengers-open-qualifier-ro12-group-a,998,2022-05-08,4:00 PM
PACIFIC,98522,https://www.vlr.gg/98522/world-game-star-vs-af-champions-tour-korea-stage-2-challengers-open-qualifier-ro12-group-c,998,2022-05-08,4:00 PM
PACIFIC,98519,https://www.vlr.gg/98519/f4q-vs-lone-way-e-sports-champions-tour-korea-stage-2-challengers-open-qualifier-ro12-group-b,998,2022-05-08,4:30 PM
PACIFIC,98525,https://www.vlr.gg/98525/kings-man-vs-hayabusa-gaming-champions-tour-korea-stage-2-challengers-closed-qualifier-ro12-gr,998,2022-05-08,6:00 PM
PACIFIC,101859,https://www.vlr.gg/101859/maru-gaming-vs-on-sla2ers-champions-tour-korea-stage-2-challengers-w1,998,2022-05-21,2:00 PM
PACIFIC,101860,https://www.vlr.gg/101860/drx-vs-damwon-gaming-champions-tour-korea-stage-2-challengers-w1,998,2022-05-21,5:00 PM
PACIFIC,101861,https://www.vlr.gg/101861/world-game-star-vs-cnj-esports-champions-tour-korea-stage-2-challengers-w1,998,2022-05-22,2:00 PM
PACIFIC,101862,https://www.vlr.gg/101862/spear-gaming-vs-tartarus-champions-tour-korea-stage-2-challengers-w1,998,2022-05-22,5:50 PM
PACIFIC,101863,https://www.vlr.gg/101863/maru-gaming-vs-damwon-gaming-champions-tour-korea-stage-2-challengers-w1,998,2022-05-23,2:00 PM
PACIFIC,101864,https://www.vlr.gg/101864/on-sla2ers-vs-drx-champions-tour-korea-stage-2-challengers-w1,998,2022-05-23,6:25 PM
PACIFIC,101865,https://www.vlr.gg/101865/tartarus-vs-cnj-esports-champions-tour-korea-stage-2-challengers-w1,998,2022-05-24,2:00 PM
PACIFIC,101866,https://www.vlr.gg/101866/spear-gaming-vs-world-game-star-champions-tour-korea-stage-2-challengers-w1,998,2022-05-24,6:00 PM
PACIFIC,101867,https://www.vlr.gg/101867/on-sla2ers-vs-spear-gaming-champions-tour-korea-stage-2-challengers-w2,998,2022-05-28,2:00 PM
PACIFIC,101868,https://www.vlr.gg/101868/cnj-esports-vs-damwon-gaming-champions-tour-korea-stage-2-challengers-w2,998,2022-05-28,4:45 PM
PACIFIC,101869,https://www.vlr.gg/101869/world-game-star-vs-drx-champions-tour-korea-stage-2-challengers-w2,998,2022-05-29,2:00 PM
PACIFIC,101870,https://www.vlr.gg/101870/tartarus-vs-maru-gaming-champions-tour-korea-stage-2-challengers-w2,998,2022-05-29,5:00 PM
PACIFIC,101871,https://www.vlr.gg/101871/spear-gaming-vs-damwon-gaming-champions-tour-korea-stage-2-challengers-w2,998,2022-05-30,2:00 PM
PACIFIC,101872,https://www.vlr.gg/101872/cnj-esports-vs-on-sla2ers-champions-tour-korea-stage-2-challengers-w2,998,2022-05-30,5:00 PM
PACIFIC,101873,https://www.vlr.gg/101873/world-game-star-vs-maru-gaming-champions-tour-korea-stage-2-challengers-w2,998,2022-05-31,2:00 PM
PACIFIC,101874,https://www.vlr.gg/101874/tartarus-vs-drx-champions-tour-korea-stage-2-challengers-w2,998,2022-05-31,5:45 PM
PACIFIC,101875,https://www.vlr.gg/101875/world-game-star-vs-tartarus-champions-tour-korea-stage-2-challengers-w3,998,2022-06-04,2:00 PM
PACIFIC,101876,https://www.vlr.gg/101876/damwon-gaming-vs-on-sla2ers-champions-tour-korea-stage-2-challengers-w3,998,2022-06-04,5:00 PM
PACIFIC,101877,https://www.vlr.gg/101877/drx-vs-maru-gaming-champions-tour-korea-stage-2-challengers-w3,998,2022-06-05,2:00 PM
PACIFIC,101878,https://www.vlr.gg/101878/cnj-esports-vs-spear-gaming-champions-tour-korea-stage-2-challengers-w3,998,2022-06-05,4:40 PM
PACIFIC,101879,https://www.vlr.gg/101879/on-sla2ers-vs-tartarus-champions-tour-korea-stage-2-challengers-w3,998,2022-06-06,2:00 PM
PACIFIC,101880,https://www.vlr.gg/101880/damwon-gaming-vs-world-game-star-champions-tour-korea-stage-2-challengers-w3,998,2022-06-06,4:35 PM
PACIFIC,101881,https://www.vlr.gg/101881/drx-vs-cnj-esports-champions-tour-korea-stage-2-challengers-w4,998,2022-06-11,2:00 PM
PACIFIC,101882,https://www.vlr.gg/101882/maru-gaming-vs-spear-gaming-champions-tour-korea-stage-2-challengers-w4,998,2022-06-11,5:00 PM
PACIFIC,101883,https://www.vlr.gg/101883/damwon-gaming-vs-tartarus-champions-tour-korea-stage-2-challengers-w4,998,2022-06-12,2:00 PM
PACIFIC,101884,https://www.vlr.gg/101884/on-sla2ers-vs-world-game-star-champions-tour-korea-stage-2-challengers-w4,998,2022-06-12,5:00 PM
PACIFIC,101885,https://www.vlr.gg/101885/drx-vs-spear-gaming-champions-tour-korea-stage-2-challengers-w4,998,2022-06-13,2:00 PM
PACIFIC,101886,https://www.vlr.gg/101886/maru-gaming-vs-cnj-esports-champions-tour-korea-stage-2-challengers-w4,998,2022-06-13,4:40 PM
PACIFIC,108010,https://www.vlr.gg/108010/world-game-star-vs-maru-gaming-champions-tour-korea-stage-2-challengers-ur1,998,2022-06-18,2:00 PM
PACIFIC,108011,https://www.vlr.gg/108011/damwon-gaming-vs-spear-gaming-champions-tour-korea-stage-2-challengers-ur1,998,2022-06-18,5:00 PM
PACIFIC,108012,https://www.vlr.gg/108012/drx-vs-world-game-star-champions-tour-korea-stage-2-challengers-ubsf,998,2022-06-19,2:00 PM
PACIFIC,108013,https://www.vlr.gg/108013/on-sla2ers-vs-damwon-gaming-champions-tour-korea-stage-2-challengers-ubsf,998,2022-06-19,5:00 PM
PACIFIC,108016,https://www.vlr.gg/108016/on-sla2ers-vs-maru-gaming-champions-tour-korea-stage-2-challengers-lr1,998,2022-06-20,2:00 PM
PACIFIC,108017,https://www.vlr.gg/108017/world-game-star-vs-spear-gaming-champions-tour-korea-stage-2-challengers-lr1,998,2022-06-20,5:00 PM
PACIFIC,108014,https://www.vlr.gg/108014/drx-vs-damwon-gaming-champions-tour-korea-stage-2-challengers-ubf,998,2022-06-21,2:00 PM
PACIFIC,108018,https://www.vlr.gg/108018/maru-gaming-vs-world-game-star-champions-tour-korea-stage-2-challengers-lr2,998,2022-06-21,5:00 PM
PACIFIC,108019,https://www.vlr.gg/108019/damwon-gaming-vs-maru-gaming-champions-tour-korea-stage-2-challengers-lbf,998,2022-06-25,2:00 PM
PACIFIC,108015,https://www.vlr.gg/108015/drx-vs-maru-gaming-champions-tour-korea-stage-2-challengers-gf,998,2022-06-26,2:00 PM
PACIFIC,99829,https://www.vlr.gg/99829/voix-vs-tattisukhi-skyesports-champions-series-regional-qualifiers-rosa-ro16,996,2022-05-11,5:30 PM
PACIFIC,99830,https://www.vlr.gg/99830/the-circumcisers-vs-venom-5-horsemen-skyesports-champions-series-regional-qualifiers-rosa-ro16,996,2022-05-11,5:30 PM
PACIFIC,99831,https://www.vlr.gg/99831/trinity-vs-orangutan-skyesports-champions-series-regional-qualifiers-rosa-ro16,996,2022-05-11,5:30 PM
PACIFIC,99832,https://www.vlr.gg/99832/agon-esports-vs-evolve-x-skyesports-champions-series-regional-qualifiers-rosa-ro16,996,2022-05-11,5:30 PM
PACIFIC,99834,https://www.vlr.gg/99834/wolfgang-mist-walkthrough-vs-prime-5-skyesports-champions-series-regional-qualifiers-rosa-ro16,996,2022-05-11,5:30 PM
PACIFIC,99835,https://www.vlr.gg/99835/mortal-e-sports-vs-septem-exierant-skyesports-champions-series-regional-qualifiers-rosa-ro16,996,2022-05-11,5:30 PM
PACIFIC,99828,https://www.vlr.gg/99828/na-whiff-masters-vs-weebs-acended-skyesports-champions-series-regional-qualifiers-rosa-ro16,996,2022-05-11,10:30 PM
PACIFIC,99833,https://www.vlr.gg/99833/legion-vs-paradise-esports-skyesports-champions-series-regional-qualifiers-rosa-ro16,996,2022-05-11,11:20 PM
PACIFIC,99836,https://www.vlr.gg/99836/reckoning-esports-vs-kolkata5ive-skyesports-champions-series-ro16,996,2022-05-12,5:30 PM
PACIFIC,99837,https://www.vlr.gg/99837/upgrade-esports-vs-fangz-skyesports-champions-series-ro16,996,2022-05-12,5:30 PM
PACIFIC,99838,https://www.vlr.gg/99838/medal-esports-vs-the-best-down-south-skyesports-champions-series-ro16,996,2022-05-12,5:30 PM
PACIFIC,99839,https://www.vlr.gg/99839/sus-squad-vs-true-rippers-skyesports-champions-series-ro16,996,2022-05-12,5:30 PM
PACIFIC,99840,https://www.vlr.gg/99840/team-valor-vs-rog-academy-skyesports-champions-series-ro16,996,2022-05-12,5:30 PM
PACIFIC,99842,https://www.vlr.gg/99842/monkey-bite-esports-vs-blind-esports-skyesports-champions-series-ro16,996,2022-05-12,5:30 PM
PACIFIC,99843,https://www.vlr.gg/99843/onlyfriends-vs-lethal-esports-skyesports-champions-series-ro16,996,2022-05-12,5:30 PM
PACIFIC,100067,https://www.vlr.gg/100067/weebs-acended-vs-tattisukhi-skyesports-champions-series-regional-qualifiers-rosa-qf,996,2022-05-12,5:30 PM
PACIFIC,100069,https://www.vlr.gg/100069/agon-esports-vs-paradise-esports-skyesports-champions-series-regional-qualifiers-rosa-qf,996,2022-05-12,5:30 PM
PACIFIC,100070,https://www.vlr.gg/100070/prime-5-vs-septem-exierant-skyesports-champions-series-regional-qualifiers-rosa-qf,996,2022-05-12,7:00 PM
PACIFIC,100068,https://www.vlr.gg/100068/the-circumcisers-vs-orangutan-skyesports-champions-series-regional-qualifiers-rosa-qf,996,2022-05-12,8:00 PM
PACIFIC,99841,https://www.vlr.gg/99841/chill-cord-vs-team-t69-skyesports-champions-series-ro16,996,2022-05-12,9:30 PM
PACIFIC,100129,https://www.vlr.gg/100129/reckoning-esports-vs-upgrade-esports-skyesports-champions-series-qf,996,2022-05-13,5:30 PM
PACIFIC,100130,https://www.vlr.gg/100130/medal-esports-vs-true-rippers-skyesports-champions-series-qf,996,2022-05-13,5:30 PM
PACIFIC,100131,https://www.vlr.gg/100131/team-valor-vs-chill-cord-skyesports-champions-series-qf,996,2022-05-13,5:30 PM
PACIFIC,100145,https://www.vlr.gg/100145/brown-gunday-vs-orangutan-skyesports-champions-series-regional-qualifiers-rosa-sf,996,2022-05-13,6:00 PM
PACIFIC,100132,https://www.vlr.gg/100132/monkey-bite-esports-vs-lethal-esports-skyesports-champions-series-qf,996,2022-05-13,8:00 PM
PACIFIC,100146,https://www.vlr.gg/100146/agon-esports-vs-prime-5-skyesports-champions-series-regional-qualifiers-rosa-sf,996,2022-05-13,8:30 PM
PACIFIC,100280,https://www.vlr.gg/100280/orangutan-vs-prime-5-skyesports-champions-series-regional-qualifiers-rosa-gf,996,2022-05-14,5:30 PM
PACIFIC,100240,https://www.vlr.gg/100240/reckoning-esports-vs-true-rippers-skyesports-champions-series-sf,996,2022-05-14,6:00 PM
PACIFIC,100277,https://www.vlr.gg/100277/team-valor-vs-lethal-esports-skyesports-champions-series-sf,996,2022-05-14,8:30 PM
PACIFIC,100915,https://www.vlr.gg/100915/reckoning-esports-vs-team-valor-skyesports-champions-series-gf,996,2022-05-15,7:30 PM
PACIFIC,101744,https://www.vlr.gg/101744/khumbu-esports-vs-revenant-esports-skyesports-champions-series-day-1,996,2022-05-19,3:30 PM
PACIFIC,101745,https://www.vlr.gg/101745/full-power-gaming-vs-orangutan-skyesports-champions-series-day-1,996,2022-05-19,3:30 PM
PACIFIC,101747,https://www.vlr.gg/101747/team-valor-vs-global-esports-skyesports-champions-series-day-1,996,2022-05-19,6:15 PM
PACIFIC,101748,https://www.vlr.gg/101748/reckoning-esports-vs-exceeli-esports-skyesports-champions-series-day-1,996,2022-05-19,6:30 PM
PACIFIC,101746,https://www.vlr.gg/101746/prime-5-vs-enigma-gaming-skyesports-champions-series-day-1,996,2022-05-19,9:30 PM
PACIFIC,101749,https://www.vlr.gg/101749/union-gaming-vs-velocity-gaming-skyesports-champions-series-day-1,996,2022-05-19,10:30 PM
PACIFIC,101750,https://www.vlr.gg/101750/team-valor-vs-enigma-gaming-skyesports-champions-series-day-2,996,2022-05-20,3:30 PM
PACIFIC,101751,https://www.vlr.gg/101751/exceeli-esports-vs-orangutan-skyesports-champions-series-day-2,996,2022-05-20,3:30 PM
PACIFIC,101752,https://www.vlr.gg/101752/global-esports-vs-revenant-esports-skyesports-champions-series-day-2,996,2022-05-20,6:10 PM
PACIFIC,101754,https://www.vlr.gg/101754/prime-5-vs-khumbu-esports-skyesports-champions-series-day-2,996,2022-05-20,6:30 PM
PACIFIC,101753,https://www.vlr.gg/101753/union-gaming-vs-full-power-gaming-skyesports-champions-series-day-2,996,2022-05-20,9:30 PM
PACIFIC,101755,https://www.vlr.gg/101755/reckoning-esports-vs-velocity-gaming-skyesports-champions-series-day-2,996,2022-05-20,9:30 PM
PACIFIC,102105,https://www.vlr.gg/102105/team-valor-vs-khumbu-esports-skyesports-champions-series-day-3,996,2022-05-21,3:30 PM
PACIFIC,102104,https://www.vlr.gg/102104/orangutan-vs-velocity-gaming-skyesports-champions-series-day-3,996,2022-05-21,6:30 PM
PACIFIC,102106,https://www.vlr.gg/102106/global-esports-vs-prime-5-skyesports-champions-series-day-3,996,2022-05-21,6:30 PM
PACIFIC,102107,https://www.vlr.gg/102107/full-power-gaming-vs-exceeli-esports-skyesports-champions-series-day-3,996,2022-05-21,6:30 PM
PACIFIC,102108,https://www.vlr.gg/102108/reckoning-esports-vs-union-gaming-skyesports-champions-series-day-3,996,2022-05-21,9:30 PM
PACIFIC,102109,https://www.vlr.gg/102109/revenant-esports-vs-enigma-gaming-skyesports-champions-series-day-3,996,2022-05-21,9:45 PM
PACIFIC,102372,https://www.vlr.gg/102372/orangutan-vs-reckoning-esports-skyesports-champions-series-day-4,996,2022-05-22,3:30 PM
PACIFIC,102373,https://www.vlr.gg/102373/velocity-gaming-vs-full-power-gaming-skyesports-champions-series-day-4,996,2022-05-22,6:30 PM
PACIFIC,102377,https://www.vlr.gg/102377/revenant-esports-vs-prime-5-skyesports-champions-series-day-4,996,2022-05-22,7:00 PM
PACIFIC,102375,https://www.vlr.gg/102375/enigma-gaming-vs-global-esports-skyesports-champions-series-day-4,996,2022-05-22,10:00 PM
PACIFIC,102376,https://www.vlr.gg/102376/exceeli-esports-vs-union-gaming-skyesports-champions-series-day-4,996,2022-05-22,10:30 PM
PACIFIC,102383,https://www.vlr.gg/102383/team-valor-vs-revenant-esports-skyesports-champions-series-day-5,996,2022-05-23,3:30 PM
PACIFIC,102378,https://www.vlr.gg/102378/velocity-gaming-vs-exceeli-esports-skyesports-champions-series-day-5,996,2022-05-23,6:30 PM
PACIFIC,102379,https://www.vlr.gg/102379/reckoning-esports-vs-full-power-gaming-skyesports-champions-series-day-5,996,2022-05-23,6:30 PM
PACIFIC,102380,https://www.vlr.gg/102380/khumbu-esports-vs-global-esports-skyesports-champions-series-day-5,996,2022-05-23,9:30 PM
PACIFIC,102381,https://www.vlr.gg/102381/orangutan-vs-union-gaming-skyesports-champions-series-day-5,996,2022-05-23,10:30 PM
PACIFIC,102382,https://www.vlr.gg/102382/enigma-gaming-vs-khumbu-esports-skyesports-champions-series-day-6,996,2022-05-24,6:50 PM
PACIFIC,102374,https://www.vlr.gg/102374/team-valor-vs-prime-5-skyesports-champions-series-day-6,996,2022-05-24,9:15 PM
PACIFIC,103100,https://www.vlr.gg/103100/velocity-gaming-vs-revenant-esports-skyesports-champions-series-ubr1,996,2022-05-31,8:00 PM
PACIFIC,103101,https://www.vlr.gg/103101/global-esports-vs-full-power-gaming-skyesports-champions-series-ubr1,996,2022-05-31,11:45 PM
PACIFIC,103102,https://www.vlr.gg/103102/enigma-gaming-vs-velocity-gaming-skyesports-champions-series-ubsf,996,2022-06-01,7:30 PM
PACIFIC,103103,https://www.vlr.gg/103103/orangutan-vs-global-esports-skyesports-champions-series-ubsf,996,2022-06-01,11:30 PM
PACIFIC,104869,https://www.vlr.gg/104869/velocity-gaming-vs-full-power-gaming-skyesports-champions-series-lbr1,996,2022-06-02,7:00 PM
PACIFIC,104868,https://www.vlr.gg/104868/global-esports-vs-revenant-esports-skyesports-champions-series-lbr1,996,2022-06-02,10:45 PM
PACIFIC,104926,https://www.vlr.gg/104926/enigma-gaming-vs-orangutan-skyesports-champions-series-ubf,996,2022-06-03,5:30 PM
PACIFIC,105091,https://www.vlr.gg/105091/global-esports-vs-velocity-gaming-skyesports-champions-series-lbr2,996,2022-06-03,10:30 PM
PACIFIC,105269,https://www.vlr.gg/105269/orangutan-vs-global-esports-skyesports-champions-series-lf,996,2022-06-04,6:30 PM
PACIFIC,105267,https://www.vlr.gg/105267/enigma-gaming-vs-global-esports-skyesports-champions-series-gf,996,2022-06-05,6:30 PM
PACIFIC,103541,https://www.vlr.gg/103541/blue-bees-esp-vs-ariasheep-champions-tour-japan-stage-2-challengers-week-2-qf,1012,2022-05-26,5:00 PM
PACIFIC,103542,https://www.vlr.gg/103542/avalon-gaming-vs-nevis-champions-tour-japan-stage-2-challengers-week-2-qf,1012,2022-05-26,5:00 PM
PACIFIC,103559,https://www.vlr.gg/103559/k2-esports-vs-scarz-champions-tour-japan-stage-2-challengers-week-2-qf,1012,2022-05-26,5:00 PM
PACIFIC,103560,https://www.vlr.gg/103560/enter-force-36-vs-osakana-gaming-champions-tour-japan-stage-2-challengers-week-2-qf,1012,2022-05-26,5:00 PM
PACIFIC,103561,https://www.vlr.gg/103561/igzist-vs-schwarzerland-champions-tour-japan-stage-2-challengers-week-2-qf,1012,2022-05-26,5:00 PM
PACIFIC,103562,https://www.vlr.gg/103562/first-gaming-vs-savior-e-sports-champions-tour-japan-stage-2-challengers-week-2-qf,1012,2022-05-26,5:00 PM
PACIFIC,103563,https://www.vlr.gg/103563/rebellion-arts-vs-eva-e-champions-tour-japan-stage-2-challengers-week-2-qf,1012,2022-05-26,5:00 PM
PACIFIC,103564,https://www.vlr.gg/103564/claudio-exe-vs-kaizuka-champions-tour-japan-stage-2-challengers-week-2-qf,1012,2022-05-26,5:00 PM
PACIFIC,103565,https://www.vlr.gg/103565/detonation-gaming-white-vs-revo-champions-tour-japan-stage-2-challengers-week-2-qf,1012,2022-05-26,5:00 PM
PACIFIC,103566,https://www.vlr.gg/103566/trident-vs-epitaph-champions-tour-japan-stage-2-challengers-week-2-qf,1012,2022-05-26,5:00 PM
PACIFIC,103567,https://www.vlr.gg/103567/system-e-sports-vs-fennel-champions-tour-japan-stage-2-challengers-week-2-qf,1012,2022-05-26,5:00 PM
PACIFIC,103568,https://www.vlr.gg/103568/servelal-e-sports-vs-quintette-shizuoka-champions-tour-japan-stage-2-challengers-week-2-qf,1012,2022-05-26,5:00 PM
PACIFIC,103569,https://www.vlr.gg/103569/sengoku-gaming-vs-ark5-champions-tour-japan-stage-2-challengers-week-2-qf,1012,2022-05-26,5:00 PM
PACIFIC,103570,https://www.vlr.gg/103570/shikoukouketsu-vs-style-champions-tour-japan-stage-2-challengers-week-2-qf,1012,2022-05-26,5:00 PM
PACIFIC,103571,https://www.vlr.gg/103571/detonator-vs-focus-e-sports-champions-tour-japan-stage-2-challengers-week-2-qf,1012,2022-05-26,5:00 PM
PACIFIC,103572,https://www.vlr.gg/103572/good-8-squad-vs-serena-husky-champions-tour-japan-stage-2-challengers-week-2-qf,1012,2022-05-26,5:00 PM
PACIFIC,103626,https://www.vlr.gg/103626/sengoku-gaming-vs-shikoukouketsu-champions-tour-japan-stage-2-challengers-week-2-sf,1012,2022-05-26,8:00 PM
PACIFIC,103620,https://www.vlr.gg/103620/blue-bees-esp-vs-avalon-gaming-champions-tour-japan-stage-2-challengers-week-2-sf,1012,2022-05-26,9:00 PM
PACIFIC,103621,https://www.vlr.gg/103621/scarz-vs-enter-force-36-champions-tour-japan-stage-2-challengers-week-2-sf,1012,2022-05-26,9:00 PM
PACIFIC,103622,https://www.vlr.gg/103622/igzist-vs-first-gaming-champions-tour-japan-stage-2-challengers-week-2-sf,1012,2022-05-26,9:00 PM
PACIFIC,103623,https://www.vlr.gg/103623/eva-e-vs-claudio-exe-champions-tour-japan-stage-2-challengers-week-2-sf,1012,2022-05-26,9:00 PM
PACIFIC,103624,https://www.vlr.gg/103624/detonation-gaming-white-vs-trident-champions-tour-japan-stage-2-challengers-week-2-sf,1012,2022-05-26,9:00 PM
PACIFIC,103625,https://www.vlr.gg/103625/fennel-vs-quintette-shizuoka-champions-tour-japan-stage-2-challengers-week-2-sf,1012,2022-05-26,9:00 PM
PACIFIC,103627,https://www.vlr.gg/103627/detonator-vs-good-8-squad-champions-tour-japan-stage-2-challengers-week-2-sf,1012,2022-05-26,9:00 PM
PACIFIC,103732,https://www.vlr.gg/103732/blue-bees-esp-vs-scarz-champions-tour-japan-stage-2-challengers-week-2-gf,1012,2022-05-28,9:00 AM
PACIFIC,103733,https://www.vlr.gg/103733/igzist-vs-claudio-exe-champions-tour-japan-stage-2-challengers-week-2-gf,1012,2022-05-28,11:35 AM
PACIFIC,103734,https://www.vlr.gg/103734/detonation-gaming-white-vs-fennel-champions-tour-japan-stage-2-challengers-week-2-gf,1012,2022-05-28,1:45 PM
PACIFIC,103735,https://www.vlr.gg/103735/sengoku-gaming-vs-detonator-champions-tour-japan-stage-2-challengers-week-2-gf,1012,2022-05-28,4:30 PM
PACIFIC,104969,https://www.vlr.gg/104969/reignite-vs-sengoku-gaming-champions-tour-japan-stage-2-challengers-week-2-sf,1012,2022-06-04,12:00 PM
PACIFIC,104970,https://www.vlr.gg/104970/detonation-gaming-white-vs-jadeite-champions-tour-japan-stage-2-challengers-week-2-sf,1012,2022-06-04,3:50 PM
PACIFIC,104973,https://www.vlr.gg/104973/sengoku-gaming-vs-jadeite-champions-tour-japan-stage-2-challengers-week-2-gf,1012,2022-06-04,6:00 PM
PACIFIC,104971,https://www.vlr.gg/104971/crazy-raccoon-vs-igzist-champions-tour-japan-stage-2-challengers-week-2-sf,1012,2022-06-05,12:00 PM
PACIFIC,104972,https://www.vlr.gg/104972/crest-gaming-zst-vs-blue-bees-esp-champions-tour-japan-stage-2-challengers-week-2-sf,1012,2022-06-05,3:25 PM
PACIFIC,104974,https://www.vlr.gg/104974/crazy-raccoon-vs-blue-bees-esp-champions-tour-japan-stage-2-challengers-week-2-gf,1012,2022-06-05,7:00 PM
PACIFIC,96364,https://www.vlr.gg/96364/nexplay-evos-vs-rex-regum-qeon-champions-tour-philippines-stage-2-challengers-ub-ro16,882,2022-05-02,9:00 AM
PACIFIC,96365,https://www.vlr.gg/96365/kadiliman-vs-sunsparks-champions-tour-philippines-stage-2-challengers-ub-ro16,882,2022-05-02,9:00 AM
PACIFIC,96366,https://www.vlr.gg/96366/alpha-esports-pro-vs-run-it-down-champions-tour-philippines-stage-2-challengers-ub-ro16,882,2022-05-02,9:00 AM
PACIFIC,96367,https://www.vlr.gg/96367/g6-super-mega-dingdong-vs-nigma-galaxy-champions-tour-philippines-stage-2-challengers-ub-ro16,882,2022-05-02,9:00 AM
PACIFIC,96368,https://www.vlr.gg/96368/defy-gaming-vs-hobby-esports-champions-tour-philippines-stage-2-challengers-ub-ro16,882,2022-05-02,9:00 AM
PACIFIC,96369,https://www.vlr.gg/96369/vox-one-vs-sr-nacague-champions-tour-philippines-stage-2-challengers-ub-ro16,882,2022-05-02,9:00 AM
PACIFIC,96370,https://www.vlr.gg/96370/zol-ragnar-vs-talon-esports-champions-tour-philippines-stage-2-challengers-ub-ro16,882,2022-05-02,9:00 AM
PACIFIC,96371,https://www.vlr.gg/96371/ue-zenith-esports-vs-717-monster-esports-champions-tour-philippines-stage-2-challengers-ub-ro16,882,2022-05-02,9:00 AM
PACIFIC,96376,https://www.vlr.gg/96376/rex-regum-qeon-vs-vox-nova-champions-tour-philippines-stage-2-challengers-lr1,882,2022-05-02,12:00 PM
PACIFIC,96377,https://www.vlr.gg/96377/kadiliman-vs-vox-hakaishin-champions-tour-philippines-stage-2-challengers-lr1,882,2022-05-02,12:00 PM
PACIFIC,96378,https://www.vlr.gg/96378/run-it-down-vs-outplay-uprising-champions-tour-philippines-stage-2-challengers-lr1,882,2022-05-02,12:00 PM
PACIFIC,96379,https://www.vlr.gg/96379/g6-super-mega-dingdong-vs-sector-zero-champions-tour-philippines-stage-2-challengers-lr1,882,2022-05-02,12:00 PM
PACIFIC,96380,https://www.vlr.gg/96380/hobby-esports-vs-sv-empire-champions-tour-philippines-stage-2-challengers-lr1,882,2022-05-02,12:00 PM
PACIFIC,96381,https://www.vlr.gg/96381/vox-one-vs-saltysalad-psalm-71-14-champions-tour-philippines-stage-2-challengers-lr1,882,2022-05-02,12:00 PM
PACIFIC,96382,https://www.vlr.gg/96382/zol-ragnar-vs-arcadia-xerpents-champions-tour-philippines-stage-2-challengers-lr1,882,2022-05-02,12:00 PM
PACIFIC,96383,https://www.vlr.gg/96383/ue-zenith-esports-vs-the-capitol-pro-champions-tour-philippines-stage-2-challengers-lr1,882,2022-05-02,12:00 PM
PACIFIC,96384,https://www.vlr.gg/96384/rex-regum-qeon-vs-kadiliman-champions-tour-philippines-stage-2-challengers-lb-seeding,882,2022-05-02,2:10 PM
PACIFIC,96385,https://www.vlr.gg/96385/run-it-down-vs-g6-super-mega-dingdong-champions-tour-philippines-stage-2-challengers-lb-seeding,882,2022-05-02,3:00 PM
PACIFIC,96386,https://www.vlr.gg/96386/hobby-esports-vs-vox-one-champions-tour-philippines-stage-2-challengers-lb-seeding,882,2022-05-02,3:00 PM
PACIFIC,96387,https://www.vlr.gg/96387/zol-ragnar-vs-the-capitol-pro-champions-tour-philippines-stage-2-challengers-lb-seeding,882,2022-05-02,3:00 PM
PACIFIC,96726,https://www.vlr.gg/96726/the-capitol-pro-vs-vox-one-champions-tour-philippines-stage-2-challengers-ub-prelim,882,2022-05-07,9:00 AM
PACIFIC,96727,https://www.vlr.gg/96727/kadiliman-vs-run-it-down-champions-tour-philippines-stage-2-challengers-ub-prelim,882,2022-05-07,9:00 AM
PACIFIC,96728,https://www.vlr.gg/96728/nigma-galaxy-vs-nexplay-evos-champions-tour-philippines-stage-2-challengers-ub-ro16,882,2022-05-07,9:00 AM
PACIFIC,96729,https://www.vlr.gg/96729/defy-gaming-vs-717-monster-esports-champions-tour-philippines-stage-2-challengers-ub-ro16,882,2022-05-07,9:00 AM
PACIFIC,96730,https://www.vlr.gg/96730/hobby-esports-vs-rex-regum-qeon-champions-tour-philippines-stage-2-challengers-ub-ro16,882,2022-05-07,9:00 AM
PACIFIC,96731,https://www.vlr.gg/96731/talon-esports-vs-sr-nacague-champions-tour-philippines-stage-2-challengers-ub-ro16,882,2022-05-07,9:00 AM
PACIFIC,96732,https://www.vlr.gg/96732/sunsparks-vs-alpha-esports-pro-champions-tour-philippines-stage-2-challengers-ub-ro16,882,2022-05-07,9:00 AM
PACIFIC,96733,https://www.vlr.gg/96733/g6-super-mega-dingdong-vs-zol-ragnar-champions-tour-philippines-stage-2-challengers-ub-ro16,882,2022-05-07,9:00 AM
PACIFIC,94879,https://www.vlr.gg/94879/team-secret-vs-vox-one-champions-tour-philippines-stage-2-challengers-ub-ro16,882,2022-05-07,12:00 PM
PACIFIC,94880,https://www.vlr.gg/94880/bren-esports-vs-run-it-down-champions-tour-philippines-stage-2-challengers-ub-ro16,882,2022-05-07,12:00 PM
PACIFIC,96734,https://www.vlr.gg/96734/g6-super-mega-dingdong-vs-the-capitol-pro-champions-tour-philippines-stage-2-challengers-lower-p,882,2022-05-07,12:00 PM
PACIFIC,96735,https://www.vlr.gg/96735/hobby-esports-vs-kadiliman-champions-tour-philippines-stage-2-challengers-lower-prelim,882,2022-05-07,12:00 PM
PACIFIC,96736,https://www.vlr.gg/96736/team-secret-vs-nigma-galaxy-champions-tour-philippines-stage-2-challengers-ubqf,882,2022-05-07,3:00 PM
PACIFIC,96737,https://www.vlr.gg/96737/717-monster-esports-vs-rex-regum-qeon-champions-tour-philippines-stage-2-challengers-ubqf,882,2022-05-07,3:00 PM
PACIFIC,96738,https://www.vlr.gg/96738/bren-esports-vs-sr-nacague-champions-tour-philippines-stage-2-challengers-ubqf,882,2022-05-07,3:00 PM
PACIFIC,96739,https://www.vlr.gg/96739/alpha-esports-pro-vs-zol-ragnar-champions-tour-philippines-stage-2-challengers-ubqf,882,2022-05-07,3:00 PM
PACIFIC,96740,https://www.vlr.gg/96740/sunsparks-vs-the-capitol-pro-champions-tour-philippines-stage-2-challengers-lr1,882,2022-05-07,3:00 PM
PACIFIC,96741,https://www.vlr.gg/96741/run-it-down-vs-talon-esports-champions-tour-philippines-stage-2-challengers-lr1,882,2022-05-07,3:00 PM
PACIFIC,96742,https://www.vlr.gg/96742/defy-gaming-vs-hobby-esports-champions-tour-philippines-stage-2-challengers-lr1,882,2022-05-07,3:00 PM
PACIFIC,96743,https://www.vlr.gg/96743/vox-one-vs-nexplay-evos-champions-tour-philippines-stage-2-challengers-lr1,882,2022-05-07,3:00 PM
PACIFIC,96744,https://www.vlr.gg/96744/717-monster-esports-vs-sunsparks-champions-tour-philippines-stage-2-challengers-lr2,882,2022-05-08,9:00 AM
PACIFIC,96745,https://www.vlr.gg/96745/nigma-galaxy-vs-talon-esports-champions-tour-philippines-stage-2-challengers-lr2,882,2022-05-08,9:00 AM
PACIFIC,96746,https://www.vlr.gg/96746/zol-ragnar-vs-defy-gaming-champions-tour-philippines-stage-2-challengers-lr2,882,2022-05-08,9:00 AM
PACIFIC,96747,https://www.vlr.gg/96747/sr-nacague-vs-nexplay-evos-champions-tour-philippines-stage-2-challengers-lr2,882,2022-05-08,9:00 AM
PACIFIC,96748,https://www.vlr.gg/96748/team-secret-vs-rex-regum-qeon-champions-tour-philippines-stage-2-challengers-ubsf,882,2022-05-08,9:00 AM
PACIFIC,96749,https://www.vlr.gg/96749/bren-esports-vs-alpha-esports-pro-champions-tour-philippines-stage-2-challengers-ubsf,882,2022-05-08,9:00 AM
PACIFIC,96751,https://www.vlr.gg/96751/defy-gaming-vs-sr-nacague-champions-tour-philippines-stage-2-challengers-lr3,882,2022-05-08,12:00 PM
PACIFIC,96750,https://www.vlr.gg/96750/sunsparks-vs-talon-esports-champions-tour-philippines-stage-2-challengers-lr3,882,2022-05-08,12:30 PM
PACIFIC,96752,https://www.vlr.gg/96752/alpha-esports-pro-vs-talon-esports-champions-tour-philippines-stage-2-challengers-lr4,882,2022-05-08,3:00 PM
PACIFIC,96753,https://www.vlr.gg/96753/team-secret-vs-defy-gaming-champions-tour-philippines-stage-2-challengers-lr4,882,2022-05-08,3:00 PM
PACIFIC,99557,https://www.vlr.gg/99557/oasis-gaming-vs-action-ph-champions-tour-philippines-stage-2-challengers-week-1,882,2022-05-11,12:00 PM
PACIFIC,99558,https://www.vlr.gg/99558/naos-esports-vs-south-built-esports-champions-tour-philippines-stage-2-challengers-week-1,882,2022-05-11,2:30 PM
PACIFIC,99606,https://www.vlr.gg/99606/bren-esports-vs-rex-regum-qeon-champions-tour-philippines-stage-2-challengers-week-1,882,2022-05-12,10:00 AM
PACIFIC,99607,https://www.vlr.gg/99607/team-secret-vs-south-built-esports-champions-tour-philippines-stage-2-challengers-week-1,882,2022-05-12,12:55 PM
PACIFIC,99608,https://www.vlr.gg/99608/alpha-esports-pro-vs-action-ph-champions-tour-philippines-stage-2-challengers-week-1,882,2022-05-12,5:00 PM
PACIFIC,99609,https://www.vlr.gg/99609/team-secret-vs-oasis-gaming-champions-tour-philippines-stage-2-challengers-week-1,882,2022-05-13,10:00 AM
PACIFIC,99610,https://www.vlr.gg/99610/rex-regum-qeon-vs-south-built-esports-champions-tour-philippines-stage-2-challengers-week-1,882,2022-05-13,12:45 PM
PACIFIC,99611,https://www.vlr.gg/99611/bren-esports-vs-naos-esports-champions-tour-philippines-stage-2-challengers-week-1,882,2022-05-13,5:15 PM
PACIFIC,99612,https://www.vlr.gg/99612/action-ph-vs-south-built-esports-champions-tour-philippines-stage-2-challengers-week-1,882,2022-05-14,10:00 AM
PACIFIC,99613,https://www.vlr.gg/99613/alpha-esports-pro-vs-naos-esports-champions-tour-philippines-stage-2-challengers-week-1,882,2022-05-14,1:45 PM
PACIFIC,99614,https://www.vlr.gg/99614/team-secret-vs-rex-regum-qeon-champions-tour-philippines-stage-2-challengers-week-1,882,2022-05-14,4:00 PM
PACIFIC,99615,https://www.vlr.gg/99615/oasis-gaming-vs-naos-esports-champions-tour-philippines-stage-2-challengers-week-1,882,2022-05-15,10:00 AM
PACIFIC,99616,https://www.vlr.gg/99616/alpha-esports-pro-vs-bren-esports-champions-tour-philippines-stage-2-challengers-week-1,882,2022-05-15,1:20 PM
PACIFIC,99617,https://www.vlr.gg/99617/rex-regum-qeon-vs-action-ph-champions-tour-philippines-stage-2-challengers-week-1,882,2022-05-15,4:40 PM
PACIFIC,99618,https://www.vlr.gg/99618/alpha-esports-pro-vs-oasis-gaming-champions-tour-philippines-stage-2-challengers-week-2,882,2022-05-18,12:00 PM
PACIFIC,99619,https://www.vlr.gg/99619/team-secret-vs-bren-esports-champions-tour-philippines-stage-2-challengers-week-2,882,2022-05-18,3:30 PM
PACIFIC,99620,https://www.vlr.gg/99620/alpha-esports-pro-vs-south-built-esports-champions-tour-philippines-stage-2-challengers-week-2,882,2022-05-19,10:00 AM
PACIFIC,99621,https://www.vlr.gg/99621/rex-regum-qeon-vs-naos-esports-champions-tour-philippines-stage-2-challengers-week-2,882,2022-05-19,1:00 PM
PACIFIC,99622,https://www.vlr.gg/99622/bren-esports-vs-oasis-gaming-champions-tour-philippines-stage-2-challengers-week-2,882,2022-05-19,3:40 PM
PACIFIC,99623,https://www.vlr.gg/99623/team-secret-vs-action-ph-champions-tour-philippines-stage-2-challengers-week-2,882,2022-05-20,10:00 AM
PACIFIC,99624,https://www.vlr.gg/99624/alpha-esports-pro-vs-rex-regum-qeon-champions-tour-philippines-stage-2-challengers-week-2,882,2022-05-20,1:00 PM
PACIFIC,99625,https://www.vlr.gg/99625/oasis-gaming-vs-south-built-esports-champions-tour-philippines-stage-2-challengers-week-2,882,2022-05-20,3:15 PM
PACIFIC,99626,https://www.vlr.gg/99626/team-secret-vs-naos-esports-champions-tour-philippines-stage-2-challengers-week-2,882,2022-05-21,10:00 AM
PACIFIC,99627,https://www.vlr.gg/99627/bren-esports-vs-action-ph-champions-tour-philippines-stage-2-challengers-week-2,882,2022-05-21,1:30 PM
PACIFIC,99628,https://www.vlr.gg/99628/rex-regum-qeon-vs-oasis-gaming-champions-tour-philippines-stage-2-challengers-week-2,882,2022-05-21,6:00 PM
PACIFIC,99629,https://www.vlr.gg/99629/bren-esports-vs-south-built-esports-champions-tour-philippines-stage-2-challengers-week-2,882,2022-05-22,10:00 AM
PACIFIC,99630,https://www.vlr.gg/99630/alpha-esports-pro-vs-team-secret-champions-tour-philippines-stage-2-challengers-week-2,882,2022-05-22,2:30 PM
PACIFIC,99631,https://www.vlr.gg/99631/action-ph-vs-naos-esports-champions-tour-philippines-stage-2-challengers-week-2,882,2022-05-22,5:10 PM
PACIFIC,102786,https://www.vlr.gg/102786/oasis-gaming-vs-south-built-esports-champions-tour-philippines-stage-2-challengers-ubr1,882,2022-05-25,12:00 PM
PACIFIC,102787,https://www.vlr.gg/102787/alpha-esports-pro-vs-bren-esports-champions-tour-philippines-stage-2-challengers-ubr1,882,2022-05-25,2:30 PM
PACIFIC,102784,https://www.vlr.gg/102784/team-secret-vs-south-built-esports-champions-tour-philippines-stage-2-challengers-ubsf,882,2022-05-26,12:00 PM
PACIFIC,102785,https://www.vlr.gg/102785/rex-regum-qeon-vs-bren-esports-champions-tour-philippines-stage-2-challengers-ubsf,882,2022-05-26,1:50 PM
PACIFIC,103222,https://www.vlr.gg/103222/south-built-esports-vs-alpha-esports-pro-champions-tour-philippines-stage-2-challengers-lr1,882,2022-05-27,12:00 PM
PACIFIC,103221,https://www.vlr.gg/103221/bren-esports-vs-oasis-gaming-champions-tour-philippines-stage-2-challengers-lr1,882,2022-05-27,3:20 PM
PACIFIC,103224,https://www.vlr.gg/103224/oasis-gaming-vs-south-built-esports-champions-tour-philippines-stage-2-challengers-lr2,882,2022-05-28,10:00 AM
PACIFIC,103223,https://www.vlr.gg/103223/team-secret-vs-rex-regum-qeon-champions-tour-philippines-stage-2-challengers-ubf,882,2022-05-28,1:15 PM
PACIFIC,103225,https://www.vlr.gg/103225/rex-regum-qeon-vs-oasis-gaming-champions-tour-philippines-stage-2-challengers-lf,882,2022-05-28,4:05 PM
PACIFIC,103226,https://www.vlr.gg/103226/team-secret-vs-oasis-gaming-champions-tour-philippines-stage-2-challengers-gf,882,2022-05-29,12:00 PM
PACIFIC,96276,https://www.vlr.gg/96276/the-meaps-vs-linja-champions-tour-vietnam-stage-2-challengers-first-division-ubsf-a,991,2022-04-29,6:00 PM
PACIFIC,96289,https://www.vlr.gg/96289/team-joy-vs-brimstone-gaming-champions-tour-vietnam-stage-2-challengers-first-division-ubsf,991,2022-04-29,6:00 PM
PACIFIC,96277,https://www.vlr.gg/96277/the-mad-men-vs-ronin-champions-tour-vietnam-stage-2-challengers-first-division-ubsf-a,991,2022-04-29,8:00 PM
PACIFIC,96296,https://www.vlr.gg/96296/kantic-2-0-vs-victory-champions-tour-vietnam-stage-2-challengers-first-division-ubsf-b,991,2022-04-29,8:00 PM
PACIFIC,96291,https://www.vlr.gg/96291/brimstone-gaming-vs-kantic-champions-tour-vietnam-stage-2-challengers-first-division-lr1-b,991,2022-04-30,1:00 PM
PACIFIC,96278,https://www.vlr.gg/96278/the-meaps-vs-ronin-champions-tour-vietnam-stage-2-challengers-first-division-ubf-a,991,2022-04-30,2:00 PM
PACIFIC,96279,https://www.vlr.gg/96279/linja-vs-the-mad-men-champions-tour-vietnam-stage-2-challengers-first-division-lr1-a,991,2022-04-30,3:00 PM
PACIFIC,96292,https://www.vlr.gg/96292/team-joy-vs-victory-champions-tour-vietnam-stage-2-challengers-first-division-ubf-b,991,2022-04-30,3:00 PM
PACIFIC,96280,https://www.vlr.gg/96280/ronin-vs-linja-champions-tour-vietnam-stage-2-challengers-first-division-lf-a,991,2022-05-01,1:00 PM
PACIFIC,96293,https://www.vlr.gg/96293/team-joy-vs-kantic-2-0-champions-tour-vietnam-stage-2-challengers-first-division-lf-b,991,2022-05-01,1:00 PM
PACIFIC,96281,https://www.vlr.gg/96281/the-meaps-vs-ronin-champions-tour-vietnam-stage-2-challengers-first-division-gf-a,991,2022-05-01,3:00 PM
PACIFIC,96294,https://www.vlr.gg/96294/victory-vs-kantic-2-0-champions-tour-vietnam-stage-2-challengers-first-division-gf-b,991,2022-05-01,3:00 PM
PACIFIC,96308,https://www.vlr.gg/96308/lavie-vs-cat-gang-champions-tour-vietnam-stage-2-challengers-first-division-ubsf-c,991,2022-05-04,8:00 PM
PACIFIC,96309,https://www.vlr.gg/96309/lipxitus-vs-made-in-vietnam-champions-tour-vietnam-stage-2-challengers-first-division-ubsf-d,991,2022-05-05,8:00 PM
PACIFIC,96310,https://www.vlr.gg/96310/nightmare-fenix-vs-brave-wolves-champions-tour-vietnam-stage-2-challengers-first-division-ubsf,991,2022-05-05,9:30 PM
PACIFIC,96307,https://www.vlr.gg/96307/nghi-n-th-m-l-n-n-vs-penguins-and-frogs-champions-tour-vietnam-stage-2-challengers-first-divis,991,2022-05-06,6:00 PM
PACIFIC,96311,https://www.vlr.gg/96311/nghi-n-th-m-l-n-n-vs-cat-gang-champions-tour-vietnam-stage-2-challengers-first-division-lr1-c,991,2022-05-07,1:00 PM
PACIFIC,96312,https://www.vlr.gg/96312/lipxitus-vs-nightmare-fenix-champions-tour-vietnam-stage-2-challengers-first-division-lr1-d,991,2022-05-07,3:00 PM
PACIFIC,96313,https://www.vlr.gg/96313/penguins-and-frogs-vs-lavie-champions-tour-vietnam-stage-2-challengers-first-division-ubf-c,991,2022-05-07,3:00 PM
PACIFIC,96314,https://www.vlr.gg/96314/made-in-vietnam-vs-brave-wolves-champions-tour-vietnam-stage-2-challengers-first-division-ubf,991,2022-05-08,1:00 PM
PACIFIC,96315,https://www.vlr.gg/96315/penguins-and-frogs-vs-nghi-n-th-m-l-n-n-champions-tour-vietnam-stage-2-challengers-first-divis,991,2022-05-08,1:00 PM
PACIFIC,96316,https://www.vlr.gg/96316/made-in-vietnam-vs-nightmare-fenix-champions-tour-vietnam-stage-2-challengers-first-division-lf,991,2022-05-08,3:00 PM
PACIFIC,96317,https://www.vlr.gg/96317/lavie-vs-nghi-n-th-m-l-n-n-champions-tour-vietnam-stage-2-challengers-first-division-gf-c,991,2022-05-08,3:00 PM
PACIFIC,96318,https://www.vlr.gg/96318/brave-wolves-vs-nightmare-fenix-champions-tour-vietnam-stage-2-challengers-first-division-gf-d,991,2022-05-08,5:00 PM
PACIFIC,99793,https://www.vlr.gg/99793/brave-wolves-vs-team-big-baam-champions-tour-vietnam-stage-2-challengers-regular-season-week-1,991,2022-05-12,6:00 PM
PACIFIC,99794,https://www.vlr.gg/99794/nghi-n-th-m-l-n-n-vs-ubt-esports-champions-tour-vietnam-stage-2-challengers-regular-season-wee,991,2022-05-12,9:30 PM
PACIFIC,99795,https://www.vlr.gg/99795/victory-vs-fancy-united-esports-champions-tour-vietnam-stage-2-challengers-regular-season-week,991,2022-05-12,11:30 PM
PACIFIC,99796,https://www.vlr.gg/99796/ubt-esports-vs-cerberus-esports-champions-tour-vietnam-stage-2-challengers-regular-season-week,991,2022-05-13,6:00 PM
PACIFIC,99797,https://www.vlr.gg/99797/brave-wolves-vs-fancy-united-esports-champions-tour-vietnam-stage-2-challengers-regular-season,991,2022-05-13,8:45 PM
PACIFIC,99798,https://www.vlr.gg/99798/ronin-vs-team-big-baam-champions-tour-vietnam-stage-2-challengers-regular-season-week-1,991,2022-05-13,11:30 PM
PACIFIC,99799,https://www.vlr.gg/99799/cerberus-esports-vs-fancy-united-esports-champions-tour-vietnam-stage-2-challengers-regular-sea,991,2022-05-14,12:00 PM
PACIFIC,99800,https://www.vlr.gg/99800/ubt-esports-vs-team-big-baam-champions-tour-vietnam-stage-2-challengers-regular-season-week-1,991,2022-05-14,2:45 PM
PACIFIC,99801,https://www.vlr.gg/99801/victory-vs-ronin-champions-tour-vietnam-stage-2-challengers-regular-season-week-1,991,2022-05-14,5:50 PM
PACIFIC,99802,https://www.vlr.gg/99802/nghi-n-th-m-l-n-n-vs-brave-wolves-champions-tour-vietnam-stage-2-challengers-regular-season-we,991,2022-05-14,9:00 PM
PACIFIC,99803,https://www.vlr.gg/99803/cerberus-esports-vs-team-big-baam-champions-tour-vietnam-stage-2-challengers-regular-season-wee,991,2022-05-15,12:00 PM
PACIFIC,99804,https://www.vlr.gg/99804/ubt-esports-vs-fancy-united-esports-champions-tour-vietnam-stage-2-challengers-regular-season-w,991,2022-05-15,2:30 PM
PACIFIC,99805,https://www.vlr.gg/99805/brave-wolves-vs-ronin-champions-tour-vietnam-stage-2-challengers-regular-season-week-1,991,2022-05-15,4:30 PM
PACIFIC,99806,https://www.vlr.gg/99806/nghi-n-th-m-l-n-n-vs-victory-champions-tour-vietnam-stage-2-challengers-regular-season-week-1,991,2022-05-15,6:30 PM
PACIFIC,99807,https://www.vlr.gg/99807/brave-wolves-vs-victory-champions-tour-vietnam-stage-2-challengers-regular-season-week-2,991,2022-05-19,6:00 PM
PACIFIC,99808,https://www.vlr.gg/99808/ronin-vs-cerberus-esports-champions-tour-vietnam-stage-2-challengers-regular-season-week-2,991,2022-05-19,8:00 PM
PACIFIC,99809,https://www.vlr.gg/99809/nghi-n-th-m-l-n-n-vs-team-big-baam-champions-tour-vietnam-stage-2-challengers-regular-season-w,991,2022-05-19,10:00 PM
PACIFIC,99810,https://www.vlr.gg/99810/nghi-n-th-m-l-n-n-vs-cerberus-esports-champions-tour-vietnam-stage-2-challengers-regular-seaso,991,2022-05-20,6:00 PM
PACIFIC,99811,https://www.vlr.gg/99811/ronin-vs-fancy-united-esports-champions-tour-vietnam-stage-2-challengers-regular-season-week-2,991,2022-05-20,7:20 PM
PACIFIC,99812,https://www.vlr.gg/99812/victory-vs-ubt-esports-champions-tour-vietnam-stage-2-challengers-regular-season-week-2,991,2022-05-20,9:15 PM
PACIFIC,99813,https://www.vlr.gg/99813/team-big-baam-vs-fancy-united-esports-champions-tour-vietnam-stage-2-challengers-regular-season,991,2022-05-21,12:00 PM
PACIFIC,99814,https://www.vlr.gg/99814/victory-vs-cerberus-esports-champions-tour-vietnam-stage-2-challengers-regular-season-week-2,991,2022-05-21,2:30 PM
PACIFIC,99815,https://www.vlr.gg/99815/nghi-n-th-m-l-n-n-vs-ronin-champions-tour-vietnam-stage-2-challengers-regular-season-week-2,991,2022-05-21,4:15 PM
PACIFIC,99816,https://www.vlr.gg/99816/brave-wolves-vs-ubt-esports-champions-tour-vietnam-stage-2-challengers-regular-season-week-2,991,2022-05-21,6:00 PM
PACIFIC,99817,https://www.vlr.gg/99817/ronin-vs-ubt-esports-champions-tour-vietnam-stage-2-challengers-regular-season-week-2,991,2022-05-22,12:00 PM
PACIFIC,99818,https://www.vlr.gg/99818/brave-wolves-vs-cerberus-esports-champions-tour-vietnam-stage-2-challengers-regular-season-week,991,2022-05-22,1:50 PM
PACIFIC,99819,https://www.vlr.gg/99819/nghi-n-th-m-l-n-n-vs-fancy-united-esports-champions-tour-vietnam-stage-2-challengers-regular-s,991,2022-05-22,4:30 PM
PACIFIC,99820,https://www.vlr.gg/99820/victory-vs-team-big-baam-champions-tour-vietnam-stage-2-challengers-regular-season-week-2,991,2022-05-22,5:55 PM
PACIFIC,103233,https://www.vlr.gg/103233/team-big-baam-vs-ronin-champions-tour-vietnam-stage-2-challengers-finals-ubr1,991,2022-05-26,6:00 PM
PACIFIC,103234,https://www.vlr.gg/103234/fancy-united-esports-vs-brave-wolves-champions-tour-vietnam-stage-2-challengers-finals-ubr1,991,2022-05-26,8:00 PM
PACIFIC,103235,https://www.vlr.gg/103235/ubt-esports-vs-team-big-baam-champions-tour-vietnam-stage-2-challengers-finals-ubsf,991,2022-05-27,6:00 PM
PACIFIC,103236,https://www.vlr.gg/103236/cerberus-esports-vs-brave-wolves-champions-tour-vietnam-stage-2-challengers-finals-ubsf,991,2022-05-27,10:05 PM
PACIFIC,103629,https://www.vlr.gg/103629/ubt-esports-vs-fancy-united-esports-champions-tour-vietnam-stage-2-challengers-finals-lbr1,991,2022-05-28,12:00 PM
PACIFIC,103628,https://www.vlr.gg/103628/brave-wolves-vs-ronin-champions-tour-vietnam-stage-2-challengers-finals-lbr1,991,2022-05-28,3:30 PM
PACIFIC,103999,https://www.vlr.gg/103999/team-big-baam-vs-cerberus-esports-champions-tour-vietnam-stage-2-challengers-finals-ubf,991,2022-05-28,6:35 PM
PACIFIC,103998,https://www.vlr.gg/103998/ronin-vs-fancy-united-esports-champions-tour-vietnam-stage-2-challengers-finals-lbr2,991,2022-05-28,9:30 PM
PACIFIC,104382,https://www.vlr.gg/104382/team-big-baam-vs-fancy-united-esports-champions-tour-vietnam-stage-2-challengers-finals-lbf,991,2022-05-29,2:00 PM
PACIFIC,104383,https://www.vlr.gg/104383/cerberus-esports-vs-fancy-united-esports-champions-tour-vietnam-stage-2-challengers-finals-gf,991,2022-05-29,5:15 PM
PACIFIC,94957,https://www.vlr.gg/94957/bigetron-arctic-vs-5-sahabat-champions-tour-indonesia-stage-2-challengers-open-qualifier-ro16,965,2022-04-28,12:00 PM
PACIFIC,94958,https://www.vlr.gg/94958/zzz-vs-jujurlysoez-champions-tour-indonesia-stage-2-challengers-open-qualifier-ro16,965,2022-04-28,12:00 PM
PACIFIC,94959,https://www.vlr.gg/94959/hike-digital-esports-vs-dominatus-skywolf-champions-tour-indonesia-stage-2-challengers-open-qual,965,2022-04-28,12:00 PM
PACIFIC,94960,https://www.vlr.gg/94960/babi-guling-vs-nwj-champions-tour-indonesia-stage-2-challengers-open-qualifier-ro16,965,2022-04-28,12:00 PM
PACIFIC,94961,https://www.vlr.gg/94961/dewa-united-esports-vs-fishers-esports-champions-tour-indonesia-stage-2-challengers-open-qualif,965,2022-04-28,12:00 PM
PACIFIC,94962,https://www.vlr.gg/94962/hati-rapuh-vandi-vs-team-alay-champions-tour-indonesia-stage-2-challengers-open-qualifier-ro16,965,2022-04-28,12:00 PM
PACIFIC,94963,https://www.vlr.gg/94963/ethereal-vs-epic-champions-tour-indonesia-stage-2-challengers-open-qualifier-ro16,965,2022-04-28,12:00 PM
PACIFIC,94964,https://www.vlr.gg/94964/the-surabayans-vs-mawar-dandelion-champions-tour-indonesia-stage-2-challengers-open-qualifier-ro,965,2022-04-28,12:00 PM
PACIFIC,95089,https://www.vlr.gg/95089/dewa-united-esports-vs-team-alay-champions-tour-indonesia-stage-2-challengers-open-qualifier-ubq,965,2022-04-28,2:00 PM
PACIFIC,95087,https://www.vlr.gg/95087/bigetron-arctic-vs-zzz-champions-tour-indonesia-stage-2-challengers-open-qualifier-ubqf,965,2022-04-28,3:00 PM
PACIFIC,95088,https://www.vlr.gg/95088/hike-digital-esports-vs-babi-guling-champions-tour-indonesia-stage-2-challengers-open-qualifier,965,2022-04-28,3:00 PM
PACIFIC,95090,https://www.vlr.gg/95090/ethereal-vs-mawar-dandelion-champions-tour-indonesia-stage-2-challengers-open-qualifier-ubqf,965,2022-04-28,3:00 PM
PACIFIC,95092,https://www.vlr.gg/95092/5-sahabat-vs-jujurlysoez-champions-tour-indonesia-stage-2-challengers-open-qualifier-lbr1,965,2022-04-28,3:00 PM
PACIFIC,95093,https://www.vlr.gg/95093/dominatus-skywolf-vs-nwj-champions-tour-indonesia-stage-2-challengers-open-qualifier-lbr1,965,2022-04-28,3:00 PM
PACIFIC,95094,https://www.vlr.gg/95094/fishers-esports-vs-hati-rapuh-vandi-champions-tour-indonesia-stage-2-challengers-open-qualifier,965,2022-04-28,3:00 PM
PACIFIC,95095,https://www.vlr.gg/95095/epic-vs-the-surabayans-champions-tour-indonesia-stage-2-challengers-open-qualifier-lbr1,965,2022-04-28,3:00 PM
PACIFIC,95110,https://www.vlr.gg/95110/dewa-united-esports-vs-mawar-dandelion-champions-tour-indonesia-stage-2-challengers-open-qualifi,965,2022-04-29,1:30 PM
PACIFIC,95111,https://www.vlr.gg/95111/ethereal-vs-jujurlysoez-champions-tour-indonesia-stage-2-challengers-open-qualifier-lbr2,965,2022-04-29,1:30 PM
PACIFIC,95112,https://www.vlr.gg/95112/team-alay-vs-nwj-champions-tour-indonesia-stage-2-challengers-open-qualifier-lbr2,965,2022-04-29,1:30 PM
PACIFIC,95113,https://www.vlr.gg/95113/hike-digital-esports-vs-fishers-esports-champions-tour-indonesia-stage-2-challengers-open-quali,965,2022-04-29,1:30 PM
PACIFIC,95114,https://www.vlr.gg/95114/zzz-vs-the-surabayans-champions-tour-indonesia-stage-2-challengers-open-qualifier-lbr2,965,2022-04-29,1:30 PM
PACIFIC,95109,https://www.vlr.gg/95109/bigetron-arctic-vs-babi-guling-champions-tour-indonesia-stage-2-challengers-open-qualifier-ubsf,965,2022-04-29,4:30 PM
PACIFIC,95396,https://www.vlr.gg/95396/ethereal-vs-team-alay-champions-tour-indonesia-stage-2-challengers-open-qualifier-lbr3,965,2022-04-29,4:30 PM
PACIFIC,95397,https://www.vlr.gg/95397/hike-digital-esports-vs-zzz-champions-tour-indonesia-stage-2-challengers-open-qualifier-lbr3,965,2022-04-29,4:30 PM
PACIFIC,95399,https://www.vlr.gg/95399/babi-guling-vs-team-alay-champions-tour-indonesia-stage-2-challengers-open-qualifier-lbr4,965,2022-04-30,1:30 PM
PACIFIC,95400,https://www.vlr.gg/95400/mawar-dandelion-vs-hike-digital-esports-champions-tour-indonesia-stage-2-challengers-open-qualif,965,2022-04-30,1:30 PM
PACIFIC,98841,https://www.vlr.gg/98841/onic-g-vs-hike-digital-esports-champions-tour-indonesia-stage-2-challengers-r1,965,2022-05-12,1:00 PM
PACIFIC,98842,https://www.vlr.gg/98842/arf-team-vs-alter-ego-champions-tour-indonesia-stage-2-challengers-r1,965,2022-05-12,5:30 PM
PACIFIC,98843,https://www.vlr.gg/98843/bigetron-arctic-vs-persija-esports-champions-tour-indonesia-stage-2-challengers-r1,965,2022-05-12,7:45 PM
PACIFIC,98844,https://www.vlr.gg/98844/alter-ego-vs-boom-esports-champions-tour-indonesia-stage-2-challengers-r1,965,2022-05-13,2:00 PM
PACIFIC,98846,https://www.vlr.gg/98846/hike-digital-esports-vs-persija-esports-champions-tour-indonesia-stage-2-challengers-r2,965,2022-05-13,4:30 PM
PACIFIC,98847,https://www.vlr.gg/98847/dewa-united-esports-vs-onic-g-champions-tour-indonesia-stage-2-challengers-r2,965,2022-05-13,7:20 PM
PACIFIC,98848,https://www.vlr.gg/98848/persija-esports-vs-boom-esports-champions-tour-indonesia-stage-2-challengers-r2,965,2022-05-14,11:00 AM
PACIFIC,98849,https://www.vlr.gg/98849/onic-g-vs-alter-ego-champions-tour-indonesia-stage-2-challengers-r2,965,2022-05-14,2:00 PM
PACIFIC,98850,https://www.vlr.gg/98850/dewa-united-esports-vs-bigetron-arctic-champions-tour-indonesia-stage-2-challengers-r3,965,2022-05-14,5:30 PM
PACIFIC,98851,https://www.vlr.gg/98851/arf-team-vs-hike-digital-esports-champions-tour-indonesia-stage-2-challengers-r3,965,2022-05-14,8:30 PM
PACIFIC,98852,https://www.vlr.gg/98852/boom-esports-vs-onic-g-champions-tour-indonesia-stage-2-challengers-r3,965,2022-05-15,11:00 AM
PACIFIC,98853,https://www.vlr.gg/98853/alter-ego-vs-persija-esports-champions-tour-indonesia-stage-2-challengers-r3,965,2022-05-15,1:30 PM
PACIFIC,98854,https://www.vlr.gg/98854/hike-digital-esports-vs-dewa-united-esports-champions-tour-indonesia-stage-2-challengers-r4,965,2022-05-15,4:00 PM
PACIFIC,98855,https://www.vlr.gg/98855/bigetron-arctic-vs-arf-team-champions-tour-indonesia-stage-2-challengers-r4,965,2022-05-15,7:05 PM
PACIFIC,98856,https://www.vlr.gg/98856/hike-digital-esports-vs-bigetron-arctic-champions-tour-indonesia-stage-2-challengers-r4,965,2022-05-19,1:00 PM
PACIFIC,98857,https://www.vlr.gg/98857/boom-esports-vs-dewa-united-esports-champions-tour-indonesia-stage-2-challengers-r4,965,2022-05-19,3:20 PM
PACIFIC,98858,https://www.vlr.gg/98858/arf-team-vs-onic-g-champions-tour-indonesia-stage-2-challengers-r5,965,2022-05-19,6:00 PM
PACIFIC,98859,https://www.vlr.gg/98859/boom-esports-vs-arf-team-champions-tour-indonesia-stage-2-challengers-r5,965,2022-05-20,2:00 PM
PACIFIC,98860,https://www.vlr.gg/98860/persija-esports-vs-dewa-united-esports-champions-tour-indonesia-stage-2-challengers-r5,965,2022-05-20,5:30 PM
PACIFIC,98861,https://www.vlr.gg/98861/bigetron-arctic-vs-alter-ego-champions-tour-indonesia-stage-2-challengers-r5,965,2022-05-20,9:00 PM
PACIFIC,98862,https://www.vlr.gg/98862/persija-esports-vs-onic-g-champions-tour-indonesia-stage-2-challengers-r6,965,2022-05-21,11:00 AM
PACIFIC,98863,https://www.vlr.gg/98863/bigetron-arctic-vs-boom-esports-champions-tour-indonesia-stage-2-challengers-r6,965,2022-05-21,1:45 PM
PACIFIC,98864,https://www.vlr.gg/98864/dewa-united-esports-vs-arf-team-champions-tour-indonesia-stage-2-challengers-r6,965,2022-05-21,4:15 PM
PACIFIC,98865,https://www.vlr.gg/98865/hike-digital-esports-vs-alter-ego-champions-tour-indonesia-stage-2-challengers-r6,965,2022-05-21,7:30 PM
PACIFIC,98867,https://www.vlr.gg/98867/alter-ego-vs-dewa-united-esports-champions-tour-indonesia-stage-2-challengers-r7,965,2022-05-22,11:00 AM
PACIFIC,98868,https://www.vlr.gg/98868/hike-digital-esports-vs-boom-esports-champions-tour-indonesia-stage-2-challengers-r7,965,2022-05-22,2:30 PM
PACIFIC,98869,https://www.vlr.gg/98869/arf-team-vs-persija-esports-champions-tour-indonesia-stage-2-challengers-r7,965,2022-05-22,4:35 PM
PACIFIC,98870,https://www.vlr.gg/98870/bigetron-arctic-vs-onic-g-champions-tour-indonesia-stage-2-challengers-r7,965,2022-05-22,7:45 PM
PACIFIC,103079,https://www.vlr.gg/103079/bigetron-arctic-vs-hike-digital-esports-champions-tour-indonesia-stage-2-challengers-ubr1,965,2022-05-25,1:00 PM
PACIFIC,103080,https://www.vlr.gg/103080/alter-ego-vs-persija-esports-champions-tour-indonesia-stage-2-challengers-ubr1,965,2022-05-25,3:30 PM
PACIFIC,103081,https://www.vlr.gg/103081/onic-g-vs-bigetron-arctic-champions-tour-indonesia-stage-2-challengers-ubsf,965,2022-05-27,2:00 PM
PACIFIC,103082,https://www.vlr.gg/103082/boom-esports-vs-alter-ego-champions-tour-indonesia-stage-2-challengers-ubsf,965,2022-05-27,4:45 PM
PACIFIC,103215,https://www.vlr.gg/103215/boom-esports-vs-hike-digital-esports-champions-tour-indonesia-stage-2-challengers-lbr1,965,2022-05-28,11:00 AM
PACIFIC,103216,https://www.vlr.gg/103216/bigetron-arctic-vs-persija-esports-champions-tour-indonesia-stage-2-challengers-lbr1,965,2022-05-28,1:15 PM
PACIFIC,103217,https://www.vlr.gg/103217/onic-g-vs-alter-ego-champions-tour-indonesia-stage-2-challengers-ubf,965,2022-05-28,3:30 PM
PACIFIC,103218,https://www.vlr.gg/103218/boom-esports-vs-bigetron-arctic-champions-tour-indonesia-stage-2-challengers-lbr2,965,2022-05-28,6:45 PM
PACIFIC,103219,https://www.vlr.gg/103219/alter-ego-vs-boom-esports-champions-tour-indonesia-stage-2-challengers-lbf,965,2022-05-29,1:00 PM
PACIFIC,103220,https://www.vlr.gg/103220/onic-g-vs-alter-ego-champions-tour-indonesia-stage-2-challengers-gf,965,2022-05-29,3:35 PM
PACIFIC,96772,https://www.vlr.gg/96772/intend-vs-sweet-assist-champions-tour-thailand-stage-2-challengers-ub-ro16,972,2022-04-30,5:00 PM
PACIFIC,96773,https://www.vlr.gg/96773/jaislai-vs-roar-champions-tour-thailand-stage-2-challengers-ub-ro16,972,2022-04-30,5:00 PM
PACIFIC,96774,https://www.vlr.gg/96774/noir-vs-abc-champions-tour-thailand-stage-2-challengers-ub-ro16,972,2022-04-30,5:00 PM
PACIFIC,96775,https://www.vlr.gg/96775/nova-whale-vs-lynx-th-champions-tour-thailand-stage-2-challengers-ub-ro16,972,2022-04-30,5:00 PM
PACIFIC,96776,https://www.vlr.gg/96776/lumsum-vs-instalock-x-champions-tour-thailand-stage-2-challengers-ub-ro16,972,2022-04-30,5:00 PM
PACIFIC,96777,https://www.vlr.gg/96777/2v5-vs-the-kak-champions-tour-thailand-stage-2-challengers-ub-ro16,972,2022-04-30,5:00 PM
PACIFIC,96778,https://www.vlr.gg/96778/god-of-war-vs-no-brimstone-champions-tour-thailand-stage-2-challengers-ub-ro16,972,2022-04-30,5:00 PM
PACIFIC,96779,https://www.vlr.gg/96779/full-of-sheesh-vs-sainuahualouis-champions-tour-thailand-stage-2-challengers-ub-ro16,972,2022-04-30,5:00 PM
PACIFIC,96950,https://www.vlr.gg/96950/sweet-assist-vs-jaislai-champions-tour-thailand-stage-2-challengers-ubqf,972,2022-05-01,12:00 PM
PACIFIC,96951,https://www.vlr.gg/96951/abc-vs-lynx-th-champions-tour-thailand-stage-2-challengers-ubqf,972,2022-05-01,12:00 PM
PACIFIC,96952,https://www.vlr.gg/96952/lumsum-vs-the-kak-champions-tour-thailand-stage-2-challengers-ubqf,972,2022-05-01,12:00 PM
PACIFIC,96953,https://www.vlr.gg/96953/no-brimstone-vs-sainuahualouis-champions-tour-thailand-stage-2-challengers-ubqf,972,2022-05-01,12:00 PM
PACIFIC,96955,https://www.vlr.gg/96955/lynx-th-vs-free-banana-and-icecream-champions-tour-thailand-stage-2-challengers-lr1,972,2022-05-03,3:00 PM
PACIFIC,96956,https://www.vlr.gg/96956/sweet-assist-vs-sixtynine-champions-tour-thailand-stage-2-challengers-lr1,972,2022-05-03,3:00 PM
PACIFIC,96957,https://www.vlr.gg/96957/no-brimstone-vs-intend-champions-tour-thailand-stage-2-challengers-lr1,972,2022-05-03,3:00 PM
PACIFIC,96958,https://www.vlr.gg/96958/the-kak-vs-daytrade-nursery-champions-tour-thailand-stage-2-challengers-lr1,972,2022-05-03,3:00 PM
PACIFIC,98480,https://www.vlr.gg/98480/purple-mood-e-sport-vs-abc-champions-tour-thailand-stage-2-challengers-ubqf-a,972,2022-05-06,7:00 PM
PACIFIC,98481,https://www.vlr.gg/98481/z11-vs-sainuahualouis-champions-tour-thailand-stage-2-challengers-ubqf-a,972,2022-05-06,7:00 PM
PACIFIC,98491,https://www.vlr.gg/98491/47-gaming-vs-sixtynine-champions-tour-thailand-stage-2-challengers-ubqf-a,972,2022-05-06,7:00 PM
PACIFIC,98492,https://www.vlr.gg/98492/sharper-esport-vs-daytrade-nursery-champions-tour-thailand-stage-2-challengers-ubqf-a,972,2022-05-06,7:00 PM
PACIFIC,98493,https://www.vlr.gg/98493/x10-crit-vs-jaislai-champions-tour-thailand-stage-2-challengers-ubqf-b,972,2022-05-06,7:00 PM
PACIFIC,98494,https://www.vlr.gg/98494/aricat-esport-vs-lumsum-champions-tour-thailand-stage-2-challengers-ubqf-b,972,2022-05-06,7:00 PM
PACIFIC,98495,https://www.vlr.gg/98495/fw-esports-vs-free-banana-and-icecream-champions-tour-thailand-stage-2-challengers-ubqf-b,972,2022-05-06,7:00 PM
PACIFIC,98496,https://www.vlr.gg/98496/attack-all-around-vs-no-brimstone-champions-tour-thailand-stage-2-challengers-ubqf-b,972,2022-05-06,7:00 PM
PACIFIC,98484,https://www.vlr.gg/98484/abc-vs-z11-champions-tour-thailand-stage-2-challengers-lr1-a,972,2022-05-06,9:20 PM
PACIFIC,98498,https://www.vlr.gg/98498/free-banana-and-icecream-vs-no-brimstone-champions-tour-thailand-stage-2-challengers-lr1-b,972,2022-05-06,9:35 PM
PACIFIC,98497,https://www.vlr.gg/98497/jaislai-vs-aricat-esport-champions-tour-thailand-stage-2-challengers-lr1-b,972,2022-05-06,9:45 PM
PACIFIC,98485,https://www.vlr.gg/98485/sixtynine-vs-daytrade-nursery-champions-tour-thailand-stage-2-challengers-lr1-a,972,2022-05-06,10:10 PM
PACIFIC,98482,https://www.vlr.gg/98482/purple-mood-e-sport-vs-sainuahualouis-champions-tour-thailand-stage-2-challengers-ubsf-a,972,2022-05-07,7:00 PM
PACIFIC,98483,https://www.vlr.gg/98483/47-gaming-vs-sharper-esport-champions-tour-thailand-stage-2-challengers-ubsf-a,972,2022-05-07,7:00 PM
PACIFIC,98499,https://www.vlr.gg/98499/x10-crit-vs-lumsum-champions-tour-thailand-stage-2-challengers-ubsf-b,972,2022-05-07,7:00 PM
PACIFIC,98500,https://www.vlr.gg/98500/fw-esports-vs-attack-all-around-champions-tour-thailand-stage-2-challengers-ubsf-b,972,2022-05-07,7:00 PM
PACIFIC,98502,https://www.vlr.gg/98502/lumsum-vs-no-brimstone-champions-tour-thailand-stage-2-challengers-lr2-b,972,2022-05-07,8:35 PM
PACIFIC,98486,https://www.vlr.gg/98486/47-gaming-vs-z11-champions-tour-thailand-stage-2-challengers-lr2-a,972,2022-05-07,9:20 PM
PACIFIC,98487,https://www.vlr.gg/98487/sainuahualouis-vs-daytrade-nursery-champions-tour-thailand-stage-2-challengers-lr2-a,972,2022-05-07,10:00 PM
PACIFIC,98501,https://www.vlr.gg/98501/attack-all-around-vs-jaislai-champions-tour-thailand-stage-2-challengers-lr2-b,972,2022-05-07,10:10 PM
PACIFIC,98489,https://www.vlr.gg/98489/z11-vs-sainuahualouis-champions-tour-thailand-stage-2-challengers-lr3-a,972,2022-05-08,4:00 PM
PACIFIC,98503,https://www.vlr.gg/98503/attack-all-around-vs-no-brimstone-champions-tour-thailand-stage-2-challengers-lr3-b,972,2022-05-08,4:00 PM
PACIFIC,98488,https://www.vlr.gg/98488/purple-mood-e-sport-vs-sharper-esport-champions-tour-thailand-stage-2-challengers-ubf-a,972,2022-05-08,7:00 PM
PACIFIC,98504,https://www.vlr.gg/98504/x10-crit-vs-fw-esports-champions-tour-thailand-stage-2-challengers-ubf-b,972,2022-05-08,7:00 PM
PACIFIC,98505,https://www.vlr.gg/98505/fw-esports-vs-no-brimstone-champions-tour-thailand-stage-2-challengers-lf-b,972,2022-05-08,9:00 PM
PACIFIC,98490,https://www.vlr.gg/98490/sharper-esport-vs-sainuahualouis-champions-tour-thailand-stage-2-challengers-lf-a,972,2022-05-08,10:00 PM
PACIFIC,99763,https://www.vlr.gg/99763/purple-mood-e-sport-vs-sharper-esport-champions-tour-thailand-stage-2-challengers-week-1,972,2022-05-12,3:30 PM
PACIFIC,99764,https://www.vlr.gg/99764/x10-crit-vs-xerxia-esports-champions-tour-thailand-stage-2-challengers-week-1,972,2022-05-12,6:20 PM
PACIFIC,99765,https://www.vlr.gg/99765/fw-esports-vs-full-sense-champions-tour-thailand-stage-2-challengers-week-1,972,2022-05-12,8:20 PM
PACIFIC,99766,https://www.vlr.gg/99766/team-nkt-vs-xerxia-esports-champions-tour-thailand-stage-2-challengers-week-1,972,2022-05-13,3:30 PM
PACIFIC,99767,https://www.vlr.gg/99767/sharper-esport-vs-made-in-thailand-champions-tour-thailand-stage-2-challengers-week-1,972,2022-05-13,7:00 PM
PACIFIC,99768,https://www.vlr.gg/99768/x10-crit-vs-full-sense-champions-tour-thailand-stage-2-challengers-week-1,972,2022-05-13,10:30 PM
PACIFIC,99769,https://www.vlr.gg/99769/made-in-thailand-vs-xerxia-esports-champions-tour-thailand-stage-2-challengers-week-1,972,2022-05-14,12:00 PM
PACIFIC,99770,https://www.vlr.gg/99770/team-nkt-vs-full-sense-champions-tour-thailand-stage-2-challengers-week-1,972,2022-05-14,3:00 PM
PACIFIC,99771,https://www.vlr.gg/99771/purple-mood-e-sport-vs-x10-crit-champions-tour-thailand-stage-2-challengers-week-1,972,2022-05-14,6:30 PM
PACIFIC,99772,https://www.vlr.gg/99772/sharper-esport-vs-fw-esports-champions-tour-thailand-stage-2-challengers-week-1,972,2022-05-14,9:00 PM
PACIFIC,99773,https://www.vlr.gg/99773/full-sense-vs-xerxia-esports-champions-tour-thailand-stage-2-challengers-week-1,972,2022-05-15,12:00 PM
PACIFIC,99774,https://www.vlr.gg/99774/team-nkt-vs-made-in-thailand-champions-tour-thailand-stage-2-challengers-week-1,972,2022-05-15,2:15 PM
PACIFIC,99775,https://www.vlr.gg/99775/x10-crit-vs-sharper-esport-champions-tour-thailand-stage-2-challengers-week-1,972,2022-05-15,4:30 PM
PACIFIC,99776,https://www.vlr.gg/99776/purple-mood-e-sport-vs-fw-esports-champions-tour-thailand-stage-2-challengers-week-1,972,2022-05-15,6:40 PM
PACIFIC,99777,https://www.vlr.gg/99777/sharper-esport-vs-full-sense-champions-tour-thailand-stage-2-challengers-week-2,972,2022-05-19,3:30 PM
PACIFIC,99778,https://www.vlr.gg/99778/fw-esports-vs-team-nkt-champions-tour-thailand-stage-2-challengers-week-2,972,2022-05-19,7:00 PM
PACIFIC,99779,https://www.vlr.gg/99779/purple-mood-e-sport-vs-made-in-thailand-champions-tour-thailand-stage-2-challengers-week-2,972,2022-05-19,8:30 PM
PACIFIC,99780,https://www.vlr.gg/99780/fw-esports-vs-xerxia-esports-champions-tour-thailand-stage-2-challengers-week-2,972,2022-05-20,3:30 PM
PACIFIC,99781,https://www.vlr.gg/99781/x10-crit-vs-made-in-thailand-champions-tour-thailand-stage-2-challengers-week-2,972,2022-05-20,6:55 PM
PACIFIC,99782,https://www.vlr.gg/99782/purple-mood-e-sport-vs-team-nkt-champions-tour-thailand-stage-2-challengers-week-2,972,2022-05-20,10:45 PM
PACIFIC,99783,https://www.vlr.gg/99783/made-in-thailand-vs-full-sense-champions-tour-thailand-stage-2-challengers-week-2,972,2022-05-21,12:00 PM
PACIFIC,99784,https://www.vlr.gg/99784/purple-mood-e-sport-vs-xerxia-esports-champions-tour-thailand-stage-2-challengers-week-2,972,2022-05-21,3:30 PM
PACIFIC,99785,https://www.vlr.gg/99785/x10-crit-vs-fw-esports-champions-tour-thailand-stage-2-challengers-week-2,972,2022-05-21,5:20 PM
PACIFIC,99786,https://www.vlr.gg/99786/sharper-esport-vs-team-nkt-champions-tour-thailand-stage-2-challengers-week-2,972,2022-05-21,7:15 PM
PACIFIC,99787,https://www.vlr.gg/99787/x10-crit-vs-team-nkt-champions-tour-thailand-stage-2-challengers-week-2,972,2022-05-22,12:00 PM
PACIFIC,99788,https://www.vlr.gg/99788/sharper-esport-vs-xerxia-esports-champions-tour-thailand-stage-2-challengers-week-2,972,2022-05-22,2:00 PM
PACIFIC,99789,https://www.vlr.gg/99789/fw-esports-vs-made-in-thailand-champions-tour-thailand-stage-2-challengers-week-2,972,2022-05-22,4:05 PM
PACIFIC,99790,https://www.vlr.gg/99790/purple-mood-e-sport-vs-full-sense-champions-tour-thailand-stage-2-challengers-week-2,972,2022-05-22,7:35 PM
PACIFIC,102842,https://www.vlr.gg/102842/x10-crit-vs-fw-esports-champions-tour-thailand-stage-2-challengers-ur1,972,2022-05-26,5:00 PM
PACIFIC,102843,https://www.vlr.gg/102843/sharper-esport-vs-made-in-thailand-champions-tour-thailand-stage-2-challengers-ur1,972,2022-05-26,8:00 PM
PACIFIC,102844,https://www.vlr.gg/102844/full-sense-vs-fw-esports-champions-tour-thailand-stage-2-challengers-ubsf,972,2022-05-27,5:00 PM
PACIFIC,102845,https://www.vlr.gg/102845/xerxia-esports-vs-made-in-thailand-champions-tour-thailand-stage-2-challengers-ubsf,972,2022-05-27,8:00 PM
PACIFIC,103013,https://www.vlr.gg/103013/made-in-thailand-vs-x10-crit-champions-tour-thailand-stage-2-challengers-lbr1,972,2022-05-28,12:00 PM
PACIFIC,103014,https://www.vlr.gg/103014/full-sense-vs-sharper-esport-champions-tour-thailand-stage-2-challengers-lbr1,972,2022-05-28,2:10 PM
PACIFIC,103015,https://www.vlr.gg/103015/fw-esports-vs-xerxia-esports-champions-tour-thailand-stage-2-challengers-ubf,972,2022-05-28,4:00 PM
PACIFIC,103016,https://www.vlr.gg/103016/made-in-thailand-vs-full-sense-champions-tour-thailand-stage-2-challengers-lbr2,972,2022-05-28,7:00 PM
PACIFIC,103017,https://www.vlr.gg/103017/fw-esports-vs-made-in-thailand-champions-tour-thailand-stage-2-challengers-lbf,972,2022-05-29,5:00 PM
PACIFIC,103018,https://www.vlr.gg/103018/xerxia-esports-vs-fw-esports-champions-tour-thailand-stage-2-challengers-gf,972,2022-05-29,7:10 PM
PACIFIC,98990,https://www.vlr.gg/98990/only-one-word-vs-passwordtodaydate-champions-tour-hong-kong-taiwan-stage-2-challengers-qf,977,2022-05-01,12:00 PM
PACIFIC,98991,https://www.vlr.gg/98991/ghetto-artist-vs-akalion-e-sports-champions-tour-hong-kong-taiwan-stage-2-challengers-qf,977,2022-05-01,12:00 PM
PACIFIC,98992,https://www.vlr.gg/98992/giant-submarine-vs-clutch-jeans-champions-tour-hong-kong-taiwan-stage-2-challengers-qf,977,2022-05-01,12:00 PM
PACIFIC,98993,https://www.vlr.gg/98993/traitors-vs-hkuf-champions-tour-hong-kong-taiwan-stage-2-challengers-qf,977,2022-05-01,12:00 PM
PACIFIC,99510,https://www.vlr.gg/99510/ghetto-artist-vs-only-one-word-champions-tour-hong-kong-taiwan-stage-2-challengers-w1,977,2022-05-11,5:00 PM
PACIFIC,99511,https://www.vlr.gg/99511/oblivion-force-vs-griffin-e-sports-champions-tour-hong-kong-taiwan-stage-2-challengers-w1,977,2022-05-11,8:00 PM
PACIFIC,99512,https://www.vlr.gg/99512/giant-submarine-vs-ivan-champions-tour-hong-kong-taiwan-stage-2-challengers-w1,977,2022-05-12,5:00 PM
PACIFIC,99513,https://www.vlr.gg/99513/only-one-word-vs-oblivion-force-champions-tour-hong-kong-taiwan-stage-2-challengers-w1,977,2022-05-12,7:30 PM
PACIFIC,99514,https://www.vlr.gg/99514/k7-esports-vs-traitors-champions-tour-hong-kong-taiwan-stage-2-challengers-w1,977,2022-05-12,9:00 PM
PACIFIC,99515,https://www.vlr.gg/99515/giant-submarine-vs-griffin-e-sports-champions-tour-hong-kong-taiwan-stage-2-challengers-w1,977,2022-05-13,5:00 PM
PACIFIC,99516,https://www.vlr.gg/99516/ivan-vs-k7-esports-champions-tour-hong-kong-taiwan-stage-2-challengers-w1,977,2022-05-13,7:00 PM
PACIFIC,99517,https://www.vlr.gg/99517/traitors-vs-ghetto-artist-champions-tour-hong-kong-taiwan-stage-2-challengers-w1,977,2022-05-13,9:00 PM
PACIFIC,99518,https://www.vlr.gg/99518/oblivion-force-vs-ghetto-artist-champions-tour-hong-kong-taiwan-stage-2-challengers-w1,977,2022-05-14,5:00 PM
PACIFIC,99519,https://www.vlr.gg/99519/griffin-e-sports-vs-traitors-champions-tour-hong-kong-taiwan-stage-2-challengers-w1,977,2022-05-14,8:15 PM
PACIFIC,99520,https://www.vlr.gg/99520/giant-submarine-vs-k7-esports-champions-tour-hong-kong-taiwan-stage-2-challengers-w1,977,2022-05-14,11:00 PM
PACIFIC,99521,https://www.vlr.gg/99521/traitors-vs-ivan-champions-tour-hong-kong-taiwan-stage-2-challengers-w1,977,2022-05-15,5:00 PM
PACIFIC,99522,https://www.vlr.gg/99522/ghetto-artist-vs-giant-submarine-champions-tour-hong-kong-taiwan-stage-2-challengers-w1,977,2022-05-15,7:25 PM
PACIFIC,99523,https://www.vlr.gg/99523/only-one-word-vs-griffin-e-sports-champions-tour-hong-kong-taiwan-stage-2-challengers-w1,977,2022-05-16,9:00 PM
PACIFIC,99524,https://www.vlr.gg/99524/ivan-vs-oblivion-force-champions-tour-hong-kong-taiwan-stage-2-challengers-w2,977,2022-05-18,5:00 PM
PACIFIC,99525,https://www.vlr.gg/99525/griffin-e-sports-vs-k7-esports-champions-tour-hong-kong-taiwan-stage-2-challengers-w2,977,2022-05-18,8:00 PM
PACIFIC,99526,https://www.vlr.gg/99526/ivan-vs-only-one-word-champions-tour-hong-kong-taiwan-stage-2-challengers-w2,977,2022-05-19,5:00 PM
PACIFIC,99527,https://www.vlr.gg/99527/ghetto-artist-vs-k7-esports-champions-tour-hong-kong-taiwan-stage-2-challengers-w2,977,2022-05-19,8:30 PM
PACIFIC,99528,https://www.vlr.gg/99528/traitors-vs-giant-submarine-champions-tour-hong-kong-taiwan-stage-2-challengers-w2,977,2022-05-19,11:15 PM
PACIFIC,99529,https://www.vlr.gg/99529/griffin-e-sports-vs-ghetto-artist-champions-tour-hong-kong-taiwan-stage-2-challengers-w2,977,2022-05-20,5:00 PM
PACIFIC,99530,https://www.vlr.gg/99530/oblivion-force-vs-traitors-champions-tour-hong-kong-taiwan-stage-2-challengers-w2,977,2022-05-20,8:15 PM
PACIFIC,99531,https://www.vlr.gg/99531/giant-submarine-vs-only-one-word-champions-tour-hong-kong-taiwan-stage-2-challengers-w2,977,2022-05-20,10:40 PM
PACIFIC,99532,https://www.vlr.gg/99532/only-one-word-vs-traitors-champions-tour-hong-kong-taiwan-stage-2-challengers-w2,977,2022-05-21,5:00 PM
PACIFIC,99533,https://www.vlr.gg/99533/ghetto-artist-vs-ivan-champions-tour-hong-kong-taiwan-stage-2-challengers-w2,977,2022-05-21,7:00 PM
PACIFIC,99534,https://www.vlr.gg/99534/k7-esports-vs-oblivion-force-champions-tour-hong-kong-taiwan-stage-2-challengers-w2,977,2022-05-21,9:45 PM
PACIFIC,99535,https://www.vlr.gg/99535/oblivion-force-vs-giant-submarine-champions-tour-hong-kong-taiwan-stage-2-challengers-w2,977,2022-05-22,5:00 PM
PACIFIC,99536,https://www.vlr.gg/99536/ivan-vs-griffin-e-sports-champions-tour-hong-kong-taiwan-stage-2-challengers-w2,977,2022-05-22,7:00 PM
PACIFIC,99537,https://www.vlr.gg/99537/k7-esports-vs-only-one-word-champions-tour-hong-kong-taiwan-stage-2-challengers-w2,977,2022-05-22,9:30 PM
PACIFIC,102849,https://www.vlr.gg/102849/oblivion-force-vs-only-one-word-champions-tour-hong-kong-taiwan-stage-2-challengers-ubqf,977,2022-05-25,5:00 PM
PACIFIC,102850,https://www.vlr.gg/102850/ivan-vs-k7-esports-champions-tour-hong-kong-taiwan-stage-2-challengers-ubqf,977,2022-05-25,7:00 PM
PACIFIC,102853,https://www.vlr.gg/102853/ghetto-artist-vs-oblivion-force-champions-tour-hong-kong-taiwan-stage-2-challengers-ubsf,977,2022-05-26,5:00 PM
PACIFIC,102854,https://www.vlr.gg/102854/griffin-e-sports-vs-ivan-champions-tour-hong-kong-taiwan-stage-2-challengers-ubsf,977,2022-05-26,7:30 PM
PACIFIC,102851,https://www.vlr.gg/102851/ivan-vs-only-one-word-champions-tour-hong-kong-taiwan-stage-2-challengers-lbr1,977,2022-05-27,5:00 PM
PACIFIC,102852,https://www.vlr.gg/102852/oblivion-force-vs-k7-esports-champions-tour-hong-kong-taiwan-stage-2-challengers-lbr1,977,2022-05-27,7:00 PM
PACIFIC,102856,https://www.vlr.gg/102856/ghetto-artist-vs-griffin-e-sports-champions-tour-hong-kong-taiwan-stage-2-challengers-ubf,977,2022-05-28,5:00 PM
PACIFIC,102855,https://www.vlr.gg/102855/only-one-word-vs-k7-esports-champions-tour-hong-kong-taiwan-stage-2-challengers-lbr2,977,2022-05-28,8:25 PM
PACIFIC,102857,https://www.vlr.gg/102857/ghetto-artist-vs-k7-esports-champions-tour-hong-kong-taiwan-stage-2-challengers-lbf,977,2022-05-29,5:00 PM
PACIFIC,102858,https://www.vlr.gg/102858/griffin-e-sports-vs-ghetto-artist-champions-tour-hong-kong-taiwan-stage-2-challengers-gf,977,2022-05-29,7:00 PM
PACIFIC,96095,https://www.vlr.gg/96095/og-brudders-vs-fadeaway-champions-tour-malaysia-singapore-stage-2-challengers-open-qualifier,963,2022-05-01,11:30 AM
PACIFIC,96096,https://www.vlr.gg/96096/endless-esports-vs-crow-esports-champions-tour-malaysia-singapore-stage-2-challengers-open-qua,963,2022-05-01,11:30 AM
PACIFIC,96097,https://www.vlr.gg/96097/rise-to-glory-vs-the-mongs-champions-tour-malaysia-singapore-stage-2-challengers-open-qualifie,963,2022-05-01,11:30 AM
PACIFIC,96098,https://www.vlr.gg/96098/blitz-esports-vs-bad-belugaz-champions-tour-malaysia-singapore-stage-2-challengers-open-qualif,963,2022-05-01,11:30 AM
PACIFIC,96099,https://www.vlr.gg/96099/kpmooniiblm9-vs-v1xon-rising-champions-tour-malaysia-singapore-stage-2-challengers-open-qualif,963,2022-05-01,11:30 AM
PACIFIC,96100,https://www.vlr.gg/96100/enraged-mob-vs-no-men-champions-tour-malaysia-singapore-stage-2-challengers-open-qualifier-el,963,2022-05-01,11:30 AM
PACIFIC,96101,https://www.vlr.gg/96101/madness-esports-vs-fortez-regs-champions-tour-malaysia-singapore-stage-2-challengers-open-qual,963,2022-05-01,11:30 AM
PACIFIC,96102,https://www.vlr.gg/96102/thousand-dollar-wallet-vs-pegasus-champions-tour-malaysia-singapore-stage-2-challengers-open-q,963,2022-05-01,11:30 AM
PACIFIC,96103,https://www.vlr.gg/96103/one-meta-gaming-vs-aestrial-esports-champions-tour-malaysia-singapore-stage-2-challengers-open,963,2022-05-01,11:30 AM
PACIFIC,96104,https://www.vlr.gg/96104/xiao-vs-todak-champions-tour-malaysia-singapore-stage-2-challengers-open-qualifier-eliminatio,963,2022-05-01,11:30 AM
PACIFIC,96105,https://www.vlr.gg/96105/dei-macha-vs-seekers-champions-tour-malaysia-singapore-stage-2-challengers-open-qualifier-eli,963,2022-05-01,11:30 AM
PACIFIC,96106,https://www.vlr.gg/96106/word-exe-vs-team-zen-champions-tour-malaysia-singapore-stage-2-challengers-open-qualifier-eli,963,2022-05-01,11:30 AM
PACIFIC,96107,https://www.vlr.gg/96107/deovolente-vs-chiz-borger-champions-tour-malaysia-singapore-stage-2-challengers-open-qualifier,963,2022-05-01,11:30 AM
PACIFIC,96108,https://www.vlr.gg/96108/habibi-vs-stop-changing-names-champions-tour-malaysia-singapore-stage-2-challengers-open-quali,963,2022-05-01,11:30 AM
PACIFIC,96109,https://www.vlr.gg/96109/fatal-vs-tenacious-champions-tour-malaysia-singapore-stage-2-challengers-open-qualifier-elimi,963,2022-05-01,11:30 AM
PACIFIC,96110,https://www.vlr.gg/96110/sankai-vs-dzn-esports-champions-tour-malaysia-singapore-stage-2-challengers-open-qualifier-el,963,2022-05-01,11:30 AM
PACIFIC,96154,https://www.vlr.gg/96154/ecomode-vs-ravage-champions-tour-malaysia-singapore-stage-2-challengers-open-qualifier-elimin,963,2022-05-01,11:30 AM
PACIFIC,96155,https://www.vlr.gg/96155/lastshooter-vs-eccentric-ninjas-champions-tour-malaysia-singapore-stage-2-challengers-open-qua,963,2022-05-01,11:30 AM
PACIFIC,96156,https://www.vlr.gg/96156/team-sync-vs-poggers-champions-tour-malaysia-singapore-stage-2-challengers-open-qualifier-eli,963,2022-05-01,11:30 AM
PACIFIC,96157,https://www.vlr.gg/96157/we-are-washed-vs-4090lbbj-champions-tour-malaysia-singapore-stage-2-challengers-open-qualifier,963,2022-05-01,11:30 AM
PACIFIC,96158,https://www.vlr.gg/96158/team-malayan-vs-makeawish-champions-tour-malaysia-singapore-stage-2-challengers-open-qualifier,963,2022-05-01,11:30 AM
PACIFIC,96159,https://www.vlr.gg/96159/justlose-vs-vermillion-champions-tour-malaysia-singapore-stage-2-challengers-open-qualifier-e,963,2022-05-01,11:30 AM
PACIFIC,96160,https://www.vlr.gg/96160/team-sanctum-vs-vendetta-7-champions-tour-malaysia-singapore-stage-2-challengers-open-qualifie,963,2022-05-01,11:30 AM
PACIFIC,96161,https://www.vlr.gg/96161/achilles-vs-immortality-champions-tour-malaysia-singapore-stage-2-challengers-open-qualifier,963,2022-05-01,11:30 AM
PACIFIC,96162,https://www.vlr.gg/96162/1percent-vs-scythe-champions-tour-malaysia-singapore-stage-2-challengers-open-qualifier-elimi,963,2022-05-01,11:30 AM
PACIFIC,96163,https://www.vlr.gg/96163/reign-vs-o-v-o-team-champions-tour-malaysia-singapore-stage-2-challengers-open-qualifier-elim,963,2022-05-01,11:30 AM
PACIFIC,96164,https://www.vlr.gg/96164/team-rebibe-vs-lynx-esports-champions-tour-malaysia-singapore-stage-2-challengers-open-qualifi,963,2022-05-01,11:30 AM
PACIFIC,96165,https://www.vlr.gg/96165/nemesis-vs-nw-esports-champions-tour-malaysia-singapore-stage-2-challengers-open-qualifier-el,963,2022-05-01,11:30 AM
PACIFIC,96166,https://www.vlr.gg/96166/predator-vs-governors-champions-tour-malaysia-singapore-stage-2-challengers-open-qualifier-el,963,2022-05-01,11:30 AM
PACIFIC,96167,https://www.vlr.gg/96167/callais-go-next-vs-callais-nova-champions-tour-malaysia-singapore-stage-2-challengers-open-qua,963,2022-05-01,11:30 AM
PACIFIC,96111,https://www.vlr.gg/96111/og-brudders-vs-endless-esports-champions-tour-malaysia-singapore-stage-2-challengers-open-qual,963,2022-05-01,2:45 PM
PACIFIC,96112,https://www.vlr.gg/96112/the-mongs-vs-blitz-esports-champions-tour-malaysia-singapore-stage-2-challengers-open-qualifie,963,2022-05-01,2:45 PM
PACIFIC,96113,https://www.vlr.gg/96113/kpmooniiblm9-vs-no-men-champions-tour-malaysia-singapore-stage-2-challengers-open-qualifier-e,963,2022-05-01,2:45 PM
PACIFIC,96114,https://www.vlr.gg/96114/madness-esports-vs-thousand-dollar-wallet-champions-tour-malaysia-singapore-stage-2-challenger,963,2022-05-01,2:45 PM
PACIFIC,96115,https://www.vlr.gg/96115/aestrial-esports-vs-todak-champions-tour-malaysia-singapore-stage-2-challengers-open-qualifier,963,2022-05-01,2:45 PM
PACIFIC,96116,https://www.vlr.gg/96116/dei-macha-vs-word-exe-champions-tour-malaysia-singapore-stage-2-challengers-open-qualifier-el,963,2022-05-01,2:45 PM
PACIFIC,96117,https://www.vlr.gg/96117/deovolente-vs-habibi-champions-tour-malaysia-singapore-stage-2-challengers-open-qualifier-eli,963,2022-05-01,2:45 PM
PACIFIC,96118,https://www.vlr.gg/96118/fatal-vs-sankai-champions-tour-malaysia-singapore-stage-2-challengers-open-qualifier-eliminat,963,2022-05-01,2:45 PM
PACIFIC,96168,https://www.vlr.gg/96168/dzn-esports-vs-fadecade-champions-tour-malaysia-singapore-stage-2-challengers-open-qualifier,963,2022-05-01,2:45 PM
PACIFIC,96169,https://www.vlr.gg/96169/tenacious-vs-ravage-champions-tour-malaysia-singapore-stage-2-challengers-open-qualifier-elim,963,2022-05-01,2:45 PM
PACIFIC,96170,https://www.vlr.gg/96170/stop-changing-names-vs-lastshooter-champions-tour-malaysia-singapore-stage-2-challengers-open,963,2022-05-01,2:45 PM
PACIFIC,96171,https://www.vlr.gg/96171/chiz-borger-vs-team-sync-champions-tour-malaysia-singapore-stage-2-challengers-open-qualifier,963,2022-05-01,2:45 PM
PACIFIC,96172,https://www.vlr.gg/96172/team-zen-vs-we-are-washed-champions-tour-malaysia-singapore-stage-2-challengers-open-qualifier,963,2022-05-01,2:45 PM
PACIFIC,96173,https://www.vlr.gg/96173/seekers-vs-makeawish-champions-tour-malaysia-singapore-stage-2-challengers-open-qualifier-eli,963,2022-05-01,2:45 PM
PACIFIC,96174,https://www.vlr.gg/96174/xiao-vs-justlose-champions-tour-malaysia-singapore-stage-2-challengers-open-qualifier-elimina,963,2022-05-01,2:45 PM
PACIFIC,96175,https://www.vlr.gg/96175/one-meta-gaming-vs-vendetta-7-champions-tour-malaysia-singapore-stage-2-challengers-open-quali,963,2022-05-01,2:45 PM
PACIFIC,96176,https://www.vlr.gg/96176/pegasus-vs-exorcism-champions-tour-malaysia-singapore-stage-2-challengers-open-qualifier-elim,963,2022-05-01,2:45 PM
PACIFIC,96177,https://www.vlr.gg/96177/fortez-regs-vs-immortality-champions-tour-malaysia-singapore-stage-2-challengers-open-qualifie,963,2022-05-01,2:45 PM
PACIFIC,96178,https://www.vlr.gg/96178/enraged-mob-vs-scythe-champions-tour-malaysia-singapore-stage-2-challengers-open-qualifier-el,963,2022-05-01,2:45 PM
PACIFIC,96179,https://www.vlr.gg/96179/v1xon-rising-vs-reign-champions-tour-malaysia-singapore-stage-2-challengers-open-qualifier-el,963,2022-05-01,2:45 PM
PACIFIC,96180,https://www.vlr.gg/96180/bad-belugaz-vs-lynx-esports-champions-tour-malaysia-singapore-stage-2-challengers-open-qualifi,963,2022-05-01,2:45 PM
PACIFIC,96181,https://www.vlr.gg/96181/rise-to-glory-vs-nw-esports-champions-tour-malaysia-singapore-stage-2-challengers-open-qualifi,963,2022-05-01,2:45 PM
PACIFIC,96182,https://www.vlr.gg/96182/crow-esports-vs-predator-champions-tour-malaysia-singapore-stage-2-challengers-open-qualifier,963,2022-05-01,2:45 PM
PACIFIC,96183,https://www.vlr.gg/96183/fadeaway-vs-callais-go-next-champions-tour-malaysia-singapore-stage-2-challengers-open-qualifi,963,2022-05-01,2:45 PM
PACIFIC,96119,https://www.vlr.gg/96119/og-brudders-vs-blitz-esports-champions-tour-malaysia-singapore-stage-2-challengers-open-qualif,963,2022-05-07,9:30 AM
PACIFIC,96120,https://www.vlr.gg/96120/kpmooniiblm9-vs-madness-esports-champions-tour-malaysia-singapore-stage-2-challengers-open-qua,963,2022-05-07,9:30 AM
PACIFIC,96121,https://www.vlr.gg/96121/todak-vs-word-exe-champions-tour-malaysia-singapore-stage-2-challengers-open-qualifier-elimin,963,2022-05-07,9:30 AM
PACIFIC,96122,https://www.vlr.gg/96122/deovolente-vs-fatal-champions-tour-malaysia-singapore-stage-2-challengers-open-qualifier-elim,963,2022-05-07,9:30 AM
PACIFIC,96125,https://www.vlr.gg/96125/dzn-esports-vs-tenacious-champions-tour-malaysia-singapore-stage-2-challengers-open-qualifier,963,2022-05-07,9:30 AM
PACIFIC,96126,https://www.vlr.gg/96126/stop-changing-names-vs-chiz-borger-champions-tour-malaysia-singapore-stage-2-challengers-open,963,2022-05-07,9:30 AM
PACIFIC,96127,https://www.vlr.gg/96127/team-zen-vs-seekers-champions-tour-malaysia-singapore-stage-2-challengers-open-qualifier-elim,963,2022-05-07,9:30 AM
PACIFIC,96128,https://www.vlr.gg/96128/justlose-vs-vendetta-7-champions-tour-malaysia-singapore-stage-2-challengers-open-qualifier-e,963,2022-05-07,9:30 AM
PACIFIC,96129,https://www.vlr.gg/96129/pegasus-vs-fortez-regulus-champions-tour-malaysia-singapore-stage-2-challengers-open-qualifier,963,2022-05-07,9:30 AM
PACIFIC,96130,https://www.vlr.gg/96130/enraged-mob-vs-v1xon-rising-champions-tour-malaysia-singapore-stage-2-challengers-open-qualifi,963,2022-05-07,9:30 AM
PACIFIC,96131,https://www.vlr.gg/96131/bad-belugaz-vs-rise-to-glory-champions-tour-malaysia-singapore-stage-2-challengers-open-qualif,963,2022-05-07,9:30 AM
PACIFIC,96132,https://www.vlr.gg/96132/crow-esports-vs-callais-go-next-champions-tour-malaysia-singapore-stage-2-challengers-open-qua,963,2022-05-07,9:30 AM
PACIFIC,96123,https://www.vlr.gg/96123/og-brudders-vs-kpmooniiblm9-champions-tour-malaysia-singapore-stage-2-challengers-open-qualifi,963,2022-05-07,12:45 PM
PACIFIC,96124,https://www.vlr.gg/96124/todak-vs-fatal-champions-tour-malaysia-singapore-stage-2-challengers-open-qualifier-eliminati,963,2022-05-07,12:45 PM
PACIFIC,96133,https://www.vlr.gg/96133/thousand-dollar-wallet-vs-tenacious-champions-tour-malaysia-singapore-stage-2-challengers-open,963,2022-05-07,12:45 PM
PACIFIC,96134,https://www.vlr.gg/96134/no-men-vs-chiz-borger-champions-tour-malaysia-singapore-stage-2-challengers-open-qualifier-el,963,2022-05-07,12:45 PM
PACIFIC,96135,https://www.vlr.gg/96135/the-mongs-vs-seekers-champions-tour-malaysia-singapore-stage-2-challengers-open-qualifier-eli,963,2022-05-07,12:45 PM
PACIFIC,96136,https://www.vlr.gg/96136/endless-esports-vs-justlose-champions-tour-malaysia-singapore-stage-2-challengers-open-qualifi,963,2022-05-07,12:45 PM
PACIFIC,96137,https://www.vlr.gg/96137/sankai-vs-pegasus-champions-tour-malaysia-singapore-stage-2-challengers-open-qualifier-elimin,963,2022-05-07,12:45 PM
PACIFIC,96138,https://www.vlr.gg/96138/habibi-vs-v1xon-rising-champions-tour-malaysia-singapore-stage-2-challengers-open-qualifier-e,963,2022-05-07,12:45 PM
PACIFIC,96139,https://www.vlr.gg/96139/dei-macha-vs-bad-belugaz-champions-tour-malaysia-singapore-stage-2-challengers-open-qualifier,963,2022-05-07,12:45 PM
PACIFIC,96140,https://www.vlr.gg/96140/aestrial-esports-vs-crow-esports-champions-tour-malaysia-singapore-stage-2-challengers-open-qu,963,2022-05-07,12:45 PM
PACIFIC,96141,https://www.vlr.gg/96141/thousand-dollar-wallet-vs-no-men-champions-tour-malaysia-singapore-stage-2-challengers-open-qu,963,2022-05-07,4:00 PM
PACIFIC,96142,https://www.vlr.gg/96142/the-mongs-vs-justlose-champions-tour-malaysia-singapore-stage-2-challengers-open-qualifier-el,963,2022-05-07,4:00 PM
PACIFIC,96143,https://www.vlr.gg/96143/sankai-vs-habibi-champions-tour-malaysia-singapore-stage-2-challengers-open-qualifier-elimina,963,2022-05-07,4:00 PM
PACIFIC,96144,https://www.vlr.gg/96144/bad-belugaz-vs-crow-esports-champions-tour-malaysia-singapore-stage-2-challengers-open-qualifi,963,2022-05-07,4:00 PM
PACIFIC,96145,https://www.vlr.gg/96145/word-exe-vs-no-men-champions-tour-malaysia-singapore-stage-2-challengers-open-qualifier-elimi,963,2022-05-08,9:30 AM
PACIFIC,96146,https://www.vlr.gg/96146/deovolente-vs-justlose-champions-tour-malaysia-singapore-stage-2-challengers-open-qualifier-e,963,2022-05-08,9:30 AM
PACIFIC,96147,https://www.vlr.gg/96147/blitz-esports-vs-habibi-champions-tour-malaysia-singapore-stage-2-challengers-open-qualifier,963,2022-05-08,9:30 AM
PACIFIC,96148,https://www.vlr.gg/96148/madness-esports-vs-bad-belugaz-champions-tour-malaysia-singapore-stage-2-challengers-open-qual,963,2022-05-08,9:30 AM
PACIFIC,96149,https://www.vlr.gg/96149/no-men-vs-justlose-champions-tour-malaysia-singapore-stage-2-challengers-open-qualifier-elimi,963,2022-05-08,12:45 PM
PACIFIC,96150,https://www.vlr.gg/96150/blitz-esports-vs-madness-esports-champions-tour-malaysia-singapore-stage-2-challengers-open-qu,963,2022-05-08,12:45 PM
PACIFIC,96151,https://www.vlr.gg/96151/kpmooniiblm9-vs-justlose-champions-tour-malaysia-singapore-stage-2-challengers-open-qualifier,963,2022-05-08,4:00 PM
PACIFIC,96152,https://www.vlr.gg/96152/fatal-vs-blitz-esports-champions-tour-malaysia-singapore-stage-2-challengers-open-qualifier-e,963,2022-05-08,4:00 PM
PACIFIC,89208,https://www.vlr.gg/89208/galaxy-esports-vs-blitz-esports-champions-tour-malaysia-singapore-stage-2-challengers-group-st,963,2022-05-12,1:00 PM
PACIFIC,89209,https://www.vlr.gg/89209/laze-vs-kpmooniiblm9-champions-tour-malaysia-singapore-stage-2-challengers-group-stage-d1,963,2022-05-12,4:30 PM
PACIFIC,89210,https://www.vlr.gg/89210/bleed-vs-todak-champions-tour-malaysia-singapore-stage-2-challengers-group-stage-d1,963,2022-05-12,7:45 PM
PACIFIC,89211,https://www.vlr.gg/89211/paper-rex-vs-laze-champions-tour-malaysia-singapore-stage-2-challengers-group-stage-d2,963,2022-05-13,1:00 PM
PACIFIC,89212,https://www.vlr.gg/89212/bleed-vs-blitz-esports-champions-tour-malaysia-singapore-stage-2-challengers-group-stage-d2,963,2022-05-13,2:55 PM
PACIFIC,89213,https://www.vlr.gg/89213/galaxy-esports-vs-avium-esports-champions-tour-malaysia-singapore-stage-2-challengers-group-st,963,2022-05-13,4:35 PM
PACIFIC,89214,https://www.vlr.gg/89214/avium-esports-vs-todak-champions-tour-malaysia-singapore-stage-2-challengers-group-stage-d3,963,2022-05-14,9:30 AM
PACIFIC,89215,https://www.vlr.gg/89215/galaxy-esports-vs-laze-champions-tour-malaysia-singapore-stage-2-challengers-group-stage-d3,963,2022-05-14,11:55 AM
PACIFIC,89216,https://www.vlr.gg/89216/paper-rex-vs-bleed-champions-tour-malaysia-singapore-stage-2-challengers-group-stage-d3,963,2022-05-14,3:05 PM
PACIFIC,89217,https://www.vlr.gg/89217/kpmooniiblm9-vs-blitz-esports-champions-tour-malaysia-singapore-stage-2-challengers-group-stag,963,2022-05-14,5:50 PM
PACIFIC,89218,https://www.vlr.gg/89218/paper-rex-vs-galaxy-esports-champions-tour-malaysia-singapore-stage-2-challengers-group-stage,963,2022-05-15,9:30 AM
PACIFIC,89219,https://www.vlr.gg/89219/bleed-vs-laze-champions-tour-malaysia-singapore-stage-2-challengers-group-stage-d4,963,2022-05-15,11:30 AM
PACIFIC,89220,https://www.vlr.gg/89220/avium-esports-vs-blitz-esports-champions-tour-malaysia-singapore-stage-2-challengers-group-sta,963,2022-05-15,2:00 PM
PACIFIC,89221,https://www.vlr.gg/89221/todak-vs-kpmooniiblm9-champions-tour-malaysia-singapore-stage-2-challengers-group-stage-d4,963,2022-05-15,4:10 PM
PACIFIC,89222,https://www.vlr.gg/89222/todak-vs-blitz-esports-champions-tour-malaysia-singapore-stage-2-challengers-group-stage-d5,963,2022-05-19,1:00 PM
PACIFIC,89223,https://www.vlr.gg/89223/paper-rex-vs-avium-esports-champions-tour-malaysia-singapore-stage-2-challengers-group-stage-d,963,2022-05-19,4:20 PM
PACIFIC,89224,https://www.vlr.gg/89224/galaxy-esports-vs-kpmooniiblm9-champions-tour-malaysia-singapore-stage-2-challengers-group-sta,963,2022-05-19,6:10 PM
PACIFIC,89228,https://www.vlr.gg/89228/paper-rex-vs-kpmooniiblm9-champions-tour-malaysia-singapore-stage-2-challengers-group-stage-d7,963,2022-05-20,1:00 PM
PACIFIC,89225,https://www.vlr.gg/89225/bleed-vs-avium-esports-champions-tour-malaysia-singapore-stage-2-challengers-group-stage-d6,963,2022-05-20,3:10 PM
PACIFIC,89226,https://www.vlr.gg/89226/laze-vs-todak-champions-tour-malaysia-singapore-stage-2-challengers-group-stage-d6,963,2022-05-20,6:00 PM
PACIFIC,89227,https://www.vlr.gg/89227/laze-vs-blitz-esports-champions-tour-malaysia-singapore-stage-2-challengers-group-stage-d6,963,2022-05-21,9:30 AM
PACIFIC,89229,https://www.vlr.gg/89229/paper-rex-vs-todak-champions-tour-malaysia-singapore-stage-2-challengers-group-stage-d7,963,2022-05-21,11:35 AM
PACIFIC,89230,https://www.vlr.gg/89230/avium-esports-vs-kpmooniiblm9-champions-tour-malaysia-singapore-stage-2-challengers-group-stag,963,2022-05-21,1:10 PM
PACIFIC,89231,https://www.vlr.gg/89231/bleed-vs-galaxy-esports-champions-tour-malaysia-singapore-stage-2-challengers-group-stage-d7,963,2022-05-21,3:15 PM
PACIFIC,89232,https://www.vlr.gg/89232/bleed-vs-kpmooniiblm9-champions-tour-malaysia-singapore-stage-2-challengers-group-stage-d8,963,2022-05-22,9:30 AM
PACIFIC,89233,https://www.vlr.gg/89233/paper-rex-vs-blitz-esports-champions-tour-malaysia-singapore-stage-2-challengers-group-stage-d,963,2022-05-22,11:55 AM
PACIFIC,89234,https://www.vlr.gg/89234/laze-vs-avium-esports-champions-tour-malaysia-singapore-stage-2-challengers-group-stage-d8,963,2022-05-22,1:45 PM
PACIFIC,89235,https://www.vlr.gg/89235/galaxy-esports-vs-todak-champions-tour-malaysia-singapore-stage-2-challengers-group-stage-d8,963,2022-05-22,3:30 PM
PACIFIC,89237,https://www.vlr.gg/89237/bleed-vs-galaxy-esports-champions-tour-malaysia-singapore-stage-2-challengers-playoffs-ur1,963,2022-05-26,11:30 AM
PACIFIC,89238,https://www.vlr.gg/89238/laze-vs-todak-champions-tour-malaysia-singapore-stage-2-challengers-playoffs-ur1,963,2022-05-26,2:30 PM
PACIFIC,89239,https://www.vlr.gg/89239/paper-rex-vs-no-namers-champions-tour-malaysia-singapore-stage-2-challengers-playoffs-ubsf,963,2022-05-27,9:30 AM
PACIFIC,89240,https://www.vlr.gg/89240/bearclaw-gaming-vs-laze-champions-tour-malaysia-singapore-stage-2-challengers-playoffs-ubsf,963,2022-05-27,11:05 AM
PACIFIC,89244,https://www.vlr.gg/89244/no-namers-vs-todak-champions-tour-malaysia-singapore-stage-2-challengers-playoffs-lr1,963,2022-05-27,1:55 PM
PACIFIC,89243,https://www.vlr.gg/89243/bearclaw-gaming-vs-bleed-champions-tour-malaysia-singapore-stage-2-challengers-playoffs-lr1,963,2022-05-27,3:50 PM
PACIFIC,89241,https://www.vlr.gg/89241/paper-rex-vs-laze-champions-tour-malaysia-singapore-stage-2-challengers-playoffs-ubf,963,2022-05-28,11:30 AM
PACIFIC,89245,https://www.vlr.gg/89245/bleed-vs-no-namers-champions-tour-malaysia-singapore-stage-2-challengers-playoffs-lr2,963,2022-05-28,2:30 PM
PACIFIC,89246,https://www.vlr.gg/89246/paper-rex-vs-bleed-champions-tour-malaysia-singapore-stage-2-challengers-playoffs-lbf,963,2022-05-28,5:20 PM
PACIFIC,89242,https://www.vlr.gg/89242/laze-vs-paper-rex-champions-tour-malaysia-singapore-stage-2-challengers-playoffs-gf,963,2022-05-29,11:30 AM
PACIFIC,88122,https://www.vlr.gg/88122/east-la-vs-withyouwithme-oceania-tour-stage-2-ro16,960,2022-04-14,5:00 PM
PACIFIC,88126,https://www.vlr.gg/88126/kraken-esc-vs-funcrew-oceania-tour-stage-2-ro16,960,2022-04-14,5:00 PM
PACIFIC,88128,https://www.vlr.gg/88128/polarity-vs-honey-badgers-oceania-tour-stage-2-ro16,960,2022-04-14,5:00 PM
PACIFIC,88125,https://www.vlr.gg/88125/bobo-vs-trident-esports-oceania-tour-stage-2-ro16,960,2022-04-14,5:25 PM
PACIFIC,88127,https://www.vlr.gg/88127/iconic-vs-gungahlin-warriors-oceania-tour-stage-2-ro16,960,2022-04-14,5:30 PM
PACIFIC,88123,https://www.vlr.gg/88123/bonkers-vs-gsl-oceania-tour-stage-2-ro16,960,2022-04-14,5:40 PM
PACIFIC,88121,https://www.vlr.gg/88121/mindfreak-vs-salt-n-pepper-oceania-tour-stage-2-ro16,960,2022-04-14,6:20 PM
PACIFIC,88124,https://www.vlr.gg/88124/samphamfanclub-vs-catgirls-oceania-tour-stage-2-ro16,960,2022-04-14,6:25 PM
PACIFIC,88147,https://www.vlr.gg/88147/mindfreak-vs-withyouwithme-oceania-tour-stage-2-qf,960,2022-04-15,3:30 PM
PACIFIC,88149,https://www.vlr.gg/88149/bonkers-vs-catgirls-oceania-tour-stage-2-qf,960,2022-04-15,3:30 PM
PACIFIC,88150,https://www.vlr.gg/88150/iconic-vs-honey-badgers-oceania-tour-stage-2-qf,960,2022-04-15,3:30 PM
PACIFIC,88151,https://www.vlr.gg/88151/bobo-vs-funcrew-oceania-tour-stage-2-qf,960,2022-04-15,3:30 PM
PACIFIC,88725,https://www.vlr.gg/88725/mindfreak-vs-catgirls-oceania-tour-stage-2-sf,960,2022-04-16,12:30 PM
PACIFIC,88726,https://www.vlr.gg/88726/honey-badgers-vs-bobo-oceania-tour-stage-2-sf,960,2022-04-16,12:30 PM
PACIFIC,88729,https://www.vlr.gg/88729/withyouwithme-vs-bonkers-oceania-tour-stage-2-lbsf,960,2022-04-16,12:30 PM
PACIFIC,88730,https://www.vlr.gg/88730/iconic-vs-funcrew-oceania-tour-stage-2-lbsf,960,2022-04-16,12:30 PM
PACIFIC,88727,https://www.vlr.gg/88727/mindfreak-vs-bobo-oceania-tour-stage-2-gf,960,2022-04-17,12:30 PM
PACIFIC,88728,https://www.vlr.gg/88728/catgirls-vs-honey-badgers-oceania-tour-stage-2-bronze-match,960,2022-04-17,12:30 PM
PACIFIC,88731,https://www.vlr.gg/88731/bonkers-vs-iconic-oceania-tour-stage-2-lbf,960,2022-04-17,12:30 PM
PACIFIC,88732,https://www.vlr.gg/88732/withyouwithme-vs-funcrew-oceania-tour-stage-2-lb-bronze,960,2022-04-17,12:30 PM
PACIFIC,95371,https://www.vlr.gg/95371/catgirls-vs-honey-badgers-oceania-tour-stage-2-w1,960,2022-04-29,3:30 PM
PACIFIC,95372,https://www.vlr.gg/95372/funcrew-vs-order-oceania-tour-stage-2-w1,960,2022-04-29,5:30 PM
PACIFIC,95373,https://www.vlr.gg/95373/reign-vs-bobo-oceania-tour-stage-2-w1,960,2022-04-30,12:30 PM
PACIFIC,95374,https://www.vlr.gg/95374/mindfreak-vs-bonkers-oceania-tour-stage-2-w1,960,2022-04-30,2:30 PM
PACIFIC,95375,https://www.vlr.gg/95375/bobo-vs-catgirls-oceania-tour-stage-2-w1,960,2022-05-01,12:30 PM
PACIFIC,95376,https://www.vlr.gg/95376/order-vs-mindfreak-oceania-tour-stage-2-w1,960,2022-05-01,3:20 PM
PACIFIC,95377,https://www.vlr.gg/95377/funcrew-vs-mindfreak-oceania-tour-stage-2-w2,960,2022-05-06,3:30 PM
PACIFIC,95378,https://www.vlr.gg/95378/reign-vs-catgirls-oceania-tour-stage-2-w2,960,2022-05-06,5:30 PM
PACIFIC,95379,https://www.vlr.gg/95379/bonkers-vs-funcrew-oceania-tour-stage-2-w2,960,2022-05-07,12:30 PM
PACIFIC,95380,https://www.vlr.gg/95380/honey-badgers-vs-reign-oceania-tour-stage-2-w2,960,2022-05-07,3:30 PM
PACIFIC,95381,https://www.vlr.gg/95381/bonkers-vs-order-oceania-tour-stage-2-w2,960,2022-05-08,12:30 PM
PACIFIC,95382,https://www.vlr.gg/95382/honey-badgers-vs-bobo-oceania-tour-stage-2-w2,960,2022-05-08,2:30 PM
PACIFIC,99466,https://www.vlr.gg/99466/order-vs-honey-badgers-oceania-tour-stage-2-ubqf,960,2022-05-12,4:00 PM
PACIFIC,99467,https://www.vlr.gg/99467/funcrew-vs-catgirls-oceania-tour-stage-2-ubqf,960,2022-05-12,5:30 PM
PACIFIC,99468,https://www.vlr.gg/99468/bonkers-vs-reign-oceania-tour-stage-2-ubqf,960,2022-05-13,3:30 PM
PACIFIC,99469,https://www.vlr.gg/99469/mindfreak-vs-bobo-oceania-tour-stage-2-ubqf,960,2022-05-13,6:20 PM
PACIFIC,99470,https://www.vlr.gg/99470/honey-badgers-vs-funcrew-oceania-tour-stage-2-lbr1,960,2022-05-14,12:30 PM
PACIFIC,99471,https://www.vlr.gg/99471/bonkers-vs-mindfreak-oceania-tour-stage-2-lbr1,960,2022-05-14,3:30 PM
PACIFIC,99472,https://www.vlr.gg/99472/order-vs-catgirls-oceania-tour-stage-2-ubsf,960,2022-05-15,12:30 PM
PACIFIC,99473,https://www.vlr.gg/99473/reign-vs-bobo-oceania-tour-stage-2-ubsf,960,2022-05-15,2:35 PM
PACIFIC,99474,https://www.vlr.gg/99474/reign-vs-funcrew-oceania-tour-stage-2-lbr2,960,2022-05-19,3:30 PM
PACIFIC,99475,https://www.vlr.gg/99475/catgirls-vs-bonkers-oceania-tour-stage-2-lbr2,960,2022-05-19,7:00 PM
PACIFIC,99476,https://www.vlr.gg/99476/order-vs-bobo-oceania-tour-stage-2-ubf,960,2022-05-20,3:30 PM
PACIFIC,99477,https://www.vlr.gg/99477/reign-vs-bonkers-oceania-tour-stage-2-lbr3,960,2022-05-20,5:55 PM
PACIFIC,99478,https://www.vlr.gg/99478/bobo-vs-reign-oceania-tour-stage-2-lbf,960,2022-05-21,12:30 PM
PACIFIC,99479,https://www.vlr.gg/99479/order-vs-bobo-oceania-tour-stage-2-gf,960,2022-05-22,12:30 PM
PACIFIC,97412,https://www.vlr.gg/97412/fav-gaming-vs-eldritch-champions-tour-japan-stage-2-challengers-week-1-qf-a,997,2022-05-10,6:00 PM
PACIFIC,97413,https://www.vlr.gg/97413/lava-vs-epitaph-champions-tour-japan-stage-2-challengers-week-1-qf-a,997,2022-05-10,6:00 PM
PACIFIC,97414,https://www.vlr.gg/97414/rebellion-arts-vs-enigma-champions-tour-japan-stage-2-challengers-week-1-qf-a,997,2022-05-10,6:00 PM
PACIFIC,97419,https://www.vlr.gg/97419/northeption-vs-kaizuka-champions-tour-japan-stage-2-challengers-week-1-qf-b,997,2022-05-10,6:00 PM
PACIFIC,97420,https://www.vlr.gg/97420/schwarzerland-vs-style-champions-tour-japan-stage-2-challengers-week-1-qf-b,997,2022-05-10,6:00 PM
PACIFIC,97421,https://www.vlr.gg/97421/scarz-vs-focus-e-sports-champions-tour-japan-stage-2-challengers-week-1-qf-b,997,2022-05-10,6:00 PM
PACIFIC,97422,https://www.vlr.gg/97422/claudio-exe-vs-relaxedly-champions-tour-japan-stage-2-challengers-week-1-qf-b,997,2022-05-10,6:00 PM
PACIFIC,97426,https://www.vlr.gg/97426/reject-vs-westception-champions-tour-japan-stage-2-challengers-week-1-qf-c,997,2022-05-10,6:00 PM
PACIFIC,97427,https://www.vlr.gg/97427/system-e-sports-vs-enter-force-36-champions-tour-japan-stage-2-challengers-week-1-qf-c,997,2022-05-10,6:00 PM
PACIFIC,97428,https://www.vlr.gg/97428/ojiichan-no-kenbou-elixir-vs-detonation-gaming-white-champions-tour-japan-stage-2-challengers-we,997,2022-05-10,6:00 PM
PACIFIC,97429,https://www.vlr.gg/97429/avalon-gaming-vs-savior-e-sports-champions-tour-japan-stage-2-challengers-week-1-qf-c,997,2022-05-10,6:00 PM
PACIFIC,97433,https://www.vlr.gg/97433/crazy-raccoon-vs-trident-champions-tour-japan-stage-2-challengers-week-1-qf-d,997,2022-05-10,6:00 PM
PACIFIC,97434,https://www.vlr.gg/97434/ichijiku-vs-hop-gaming-champions-tour-japan-stage-2-challengers-week-1-qf-d,997,2022-05-10,6:00 PM
PACIFIC,97435,https://www.vlr.gg/97435/detonator-vs-servelal-e-sports-champions-tour-japan-stage-2-challengers-week-1-qf-d,997,2022-05-10,6:00 PM
PACIFIC,97436,https://www.vlr.gg/97436/prowess-grit-vs-eva-e-champions-tour-japan-stage-2-challengers-week-1-qf-d,997,2022-05-10,6:00 PM
PACIFIC,97440,https://www.vlr.gg/97440/reignite-vs-straight-warfare-champions-tour-japan-stage-2-challengers-week-1-qf-e,997,2022-05-10,6:00 PM
PACIFIC,97441,https://www.vlr.gg/97441/gyogun-vs-good-8-squad-champions-tour-japan-stage-2-challengers-week-1-qf-e,997,2022-05-10,6:00 PM
PACIFIC,97442,https://www.vlr.gg/97442/quintette-shizuoka-vs-shikoukouketsu-champions-tour-japan-stage-2-challengers-week-1-qf-e,997,2022-05-10,6:00 PM
PACIFIC,97443,https://www.vlr.gg/97443/like-vs-ex-ins-champions-tour-japan-stage-2-challengers-week-1-qf-e,997,2022-05-10,6:00 PM
PACIFIC,97447,https://www.vlr.gg/97447/igzist-vs-revo-champions-tour-japan-stage-2-challengers-week-1-qf-f,997,2022-05-10,6:00 PM
PACIFIC,97448,https://www.vlr.gg/97448/hit-gaming-clan-vs-setouchi-enlife-champions-tour-japan-stage-2-challengers-week-1-qf-f,997,2022-05-10,6:00 PM
PACIFIC,97449,https://www.vlr.gg/97449/k2-esports-vs-first-gaming-champions-tour-japan-stage-2-challengers-week-1-qf-f,997,2022-05-10,6:00 PM
PACIFIC,97450,https://www.vlr.gg/97450/butterfly-effect-vs-jadeite-champions-tour-japan-stage-2-challengers-week-1-qf-f,997,2022-05-10,6:00 PM
PACIFIC,97454,https://www.vlr.gg/97454/crest-gaming-vs-sensory-champions-tour-japan-stage-2-challengers-week-1-qf-g,997,2022-05-10,6:00 PM
PACIFIC,97455,https://www.vlr.gg/97455/osakana-gaming-vs-fennel-champions-tour-japan-stage-2-challengers-week-1-qf-g,997,2022-05-10,6:00 PM
PACIFIC,97456,https://www.vlr.gg/97456/nevis-vs-ixa-champions-tour-japan-stage-2-challengers-week-1-qf-g,997,2022-05-10,6:00 PM
PACIFIC,97457,https://www.vlr.gg/97457/ariasheep-vs-sengoku-gaming-champions-tour-japan-stage-2-challengers-week-1-qf-g,997,2022-05-10,6:00 PM
PACIFIC,97415,https://www.vlr.gg/97415/ark5-vs-blue-bees-esp-champions-tour-japan-stage-2-challengers-week-1-qf-a,997,2022-05-10,8:30 PM
PACIFIC,97416,https://www.vlr.gg/97416/fav-gaming-vs-epitaph-champions-tour-japan-stage-2-challengers-week-1-sf-a,997,2022-05-12,6:00 PM
PACIFIC,97417,https://www.vlr.gg/97417/rebellion-arts-vs-blue-bees-esp-champions-tour-japan-stage-2-challengers-week-1-sf-a,997,2022-05-12,6:00 PM
PACIFIC,97423,https://www.vlr.gg/97423/northeption-vs-style-champions-tour-japan-stage-2-challengers-week-1-sf-b,997,2022-05-12,6:00 PM
PACIFIC,97424,https://www.vlr.gg/97424/scarz-vs-claudio-exe-champions-tour-japan-stage-2-challengers-week-1-sf-b,997,2022-05-12,6:00 PM
PACIFIC,97430,https://www.vlr.gg/97430/reject-vs-enter-force-36-champions-tour-japan-stage-2-challengers-week-1-sf-c,997,2022-05-12,6:00 PM
PACIFIC,97431,https://www.vlr.gg/97431/detonation-gaming-white-vs-savior-e-sports-champions-tour-japan-stage-2-challengers-week-1-sf-c,997,2022-05-12,6:00 PM
PACIFIC,97437,https://www.vlr.gg/97437/crazy-raccoon-vs-hop-gaming-champions-tour-japan-stage-2-challengers-week-1-sf-d,997,2022-05-12,6:00 PM
PACIFIC,97438,https://www.vlr.gg/97438/detonator-vs-eva-e-champions-tour-japan-stage-2-challengers-week-1-sf-d,997,2022-05-12,6:00 PM
PACIFIC,97444,https://www.vlr.gg/97444/reignite-vs-good-8-squad-champions-tour-japan-stage-2-challengers-week-1-sf-e,997,2022-05-12,6:00 PM
PACIFIC,97445,https://www.vlr.gg/97445/quintette-shizuoka-vs-ex-ins-champions-tour-japan-stage-2-challengers-week-1-sf-e,997,2022-05-12,6:00 PM
PACIFIC,97451,https://www.vlr.gg/97451/igzist-vs-setouchi-enlife-champions-tour-japan-stage-2-challengers-week-1-sf-f,997,2022-05-12,6:00 PM
PACIFIC,97452,https://www.vlr.gg/97452/k2-esports-vs-jadeite-champions-tour-japan-stage-2-challengers-week-1-sf-f,997,2022-05-12,6:00 PM
PACIFIC,97458,https://www.vlr.gg/97458/crest-gaming-vs-fennel-champions-tour-japan-stage-2-challengers-week-1-sf-g,997,2022-05-12,6:00 PM
PACIFIC,97459,https://www.vlr.gg/97459/ixa-vs-sengoku-gaming-champions-tour-japan-stage-2-challengers-week-1-sf-g,997,2022-05-12,6:00 PM
PACIFIC,97418,https://www.vlr.gg/97418/fav-gaming-vs-blue-bees-esp-champions-tour-japan-stage-2-challengers-week-1-gf-a,997,2022-05-14,9:30 AM
PACIFIC,97425,https://www.vlr.gg/97425/northeption-vs-claudio-exe-champions-tour-japan-stage-2-challengers-week-1-gf-b,997,2022-05-14,11:40 AM
PACIFIC,97432,https://www.vlr.gg/97432/reject-vs-detonation-gaming-white-champions-tour-japan-stage-2-challengers-week-1-gf-c,997,2022-05-14,2:15 PM
PACIFIC,97439,https://www.vlr.gg/97439/crazy-raccoon-vs-detonator-champions-tour-japan-stage-2-challengers-week-1-gf-d,997,2022-05-14,4:30 PM
PACIFIC,97446,https://www.vlr.gg/97446/reignite-vs-ex-ins-champions-tour-japan-stage-2-challengers-week-1-gf-e,997,2022-05-15,9:18 AM
PACIFIC,97453,https://www.vlr.gg/97453/igzist-vs-jadeite-champions-tour-japan-stage-2-challengers-week-1-gf-f,997,2022-05-15,12:30 PM
PACIFIC,97460,https://www.vlr.gg/97460/crest-gaming-vs-sengoku-gaming-champions-tour-japan-stage-2-challengers-week-1-gf-g,997,2022-05-15,3:05 PM
PACIFIC,102089,https://www.vlr.gg/102089/northeption-vs-crazy-raccoon-champions-tour-japan-stage-2-challengers-week-1-sf,997,2022-05-21,12:00 PM
PACIFIC,102090,https://www.vlr.gg/102090/fav-gaming-vs-jadeite-champions-tour-japan-stage-2-challengers-week-1-sf,997,2022-05-21,3:35 PM
PACIFIC,102093,https://www.vlr.gg/102093/northeption-vs-fav-gaming-champions-tour-japan-stage-2-challengers-week-1-gf,997,2022-05-21,6:00 PM
PACIFIC,102091,https://www.vlr.gg/102091/reignite-vs-zeta-division-champions-tour-japan-stage-2-challengers-week-1-sf,997,2022-05-22,12:00 PM
PACIFIC,102092,https://www.vlr.gg/102092/crest-gaming-zst-vs-reject-champions-tour-japan-stage-2-challengers-week-1-sf,997,2022-05-22,3:00 PM
PACIFIC,102094,https://www.vlr.gg/102094/zeta-division-vs-reject-champions-tour-japan-stage-2-challengers-week-1-gf,997,2022-05-22,6:10 PM
PACIFIC,85322,https://www.vlr.gg/85322/made-in-vietnam-vs-peeky-blinders-road-to-vct-2022-stage-2-round-1-sf,955,2022-04-09,7:00 PM
PACIFIC,85323,https://www.vlr.gg/85323/team-deadshot-vs-victory-road-to-vct-2022-stage-2-round-1-sf,955,2022-04-09,7:00 PM
PACIFIC,85325,https://www.vlr.gg/85325/peeky-blinders-vs-victory-road-to-vct-2022-stage-2-round-1-decider-match,955,2022-04-10,4:00 PM
PACIFIC,85324,https://www.vlr.gg/85324/made-in-vietnam-vs-team-deadshot-road-to-vct-2022-stage-2-round-1-gf,955,2022-04-10,7:00 PM
PACIFIC,88658,https://www.vlr.gg/88658/lavie-vs-penguins-and-frogs-road-to-vct-2022-stage-2-round-2-sf,955,2022-04-17,7:00 PM
PACIFIC,88659,https://www.vlr.gg/88659/brimstone-gaming-vs-cat-gang-road-to-vct-2022-stage-2-round-2-sf,955,2022-04-17,7:00 PM
PACIFIC,88660,https://www.vlr.gg/88660/penguins-and-frogs-vs-brimstone-gaming-road-to-vct-2022-stage-2-round-2-gf,955,2022-04-18,7:00 PM
PACIFIC,88661,https://www.vlr.gg/88661/lavie-vs-cat-gang-road-to-vct-2022-stage-2-round-2-decider-match,955,2022-04-18,7:00 PM
PACIFIC,93275,https://www.vlr.gg/93275/the-mad-men-vs-kantic-2-0-road-to-vct-2022-stage-2-sf,955,2022-04-23,7:00 PM
PACIFIC,93276,https://www.vlr.gg/93276/dominus-esports-vs-cat-gang-road-to-vct-2022-stage-2-sf,955,2022-04-23,7:00 PM
PACIFIC,93290,https://www.vlr.gg/93290/the-mad-men-vs-dominus-esports-road-to-vct-2022-stage-2-3rd-place-match,955,2022-04-24,7:00 PM
PACIFIC,93294,https://www.vlr.gg/93294/kantic-2-0-vs-cat-gang-road-to-vct-2022-stage-2-gf,955,2022-04-24,7:00 PM
PACIFIC,77527,https://www.vlr.gg/77527/zeta-division-vs-reignite-champions-tour-japan-stage-1-challengers-playoffs-ubqf,853,2022-03-24,10:30 AM
PACIFIC,77528,https://www.vlr.gg/77528/crazy-raccoon-vs-northeption-champions-tour-japan-stage-1-challengers-playoffs-ubqf,853,2022-03-24,1:00 PM
PACIFIC,77529,https://www.vlr.gg/77529/reject-vs-fav-gaming-champions-tour-japan-stage-1-challengers-playoffs-ubqf,853,2022-03-24,4:15 PM
PACIFIC,77530,https://www.vlr.gg/77530/crest-gaming-vs-igzist-champions-tour-japan-stage-1-challengers-playoffs-ubqf,853,2022-03-24,6:50 PM
PACIFIC,77534,https://www.vlr.gg/77534/reignite-vs-northeption-champions-tour-japan-stage-1-challengers-playoffs-lbr1,853,2022-03-25,10:20 AM
PACIFIC,77535,https://www.vlr.gg/77535/reject-vs-crest-gaming-champions-tour-japan-stage-1-challengers-playoffs-lbr1,853,2022-03-25,12:30 PM
PACIFIC,77531,https://www.vlr.gg/77531/zeta-division-vs-crazy-raccoon-champions-tour-japan-stage-1-challengers-playoffs-ubsf,853,2022-03-25,4:00 PM
PACIFIC,77532,https://www.vlr.gg/77532/fav-gaming-vs-igzist-champions-tour-japan-stage-1-challengers-playoffs-ubsf,853,2022-03-25,7:20 PM
PACIFIC,77537,https://www.vlr.gg/77537/fav-gaming-vs-northeption-champions-tour-japan-stage-1-challengers-playoffs-lbr2,853,2022-03-26,10:30 AM
PACIFIC,77538,https://www.vlr.gg/77538/crazy-raccoon-vs-reject-champions-tour-japan-stage-1-challengers-playoffs-lbr2,853,2022-03-26,12:45 PM
PACIFIC,77533,https://www.vlr.gg/77533/zeta-division-vs-igzist-champions-tour-japan-stage-1-challengers-playoffs-ubf,853,2022-03-26,4:15 PM
PACIFIC,77539,https://www.vlr.gg/77539/fav-gaming-vs-crazy-raccoon-champions-tour-japan-stage-1-challengers-playoffs-lbr3,853,2022-03-26,6:35 PM
PACIFIC,77540,https://www.vlr.gg/77540/igzist-vs-crazy-raccoon-champions-tour-japan-stage-1-challengers-playoffs-lbf,853,2022-03-27,1:00 PM
PACIFIC,77541,https://www.vlr.gg/77541/zeta-division-vs-crazy-raccoon-champions-tour-japan-stage-1-challengers-playoffs-gf,853,2022-03-27,3:30 PM
PACIFIC,68917,https://www.vlr.gg/68917/esportsconnected-vs-veni-vidi-vici-champions-tour-korea-stage-1-challengers-open-qualifier-group,850,2022-02-04,12:00 PM
PACIFIC,68923,https://www.vlr.gg/68923/veronica7-vs-corenine-esports-champions-tour-korea-stage-1-challengers-open-qualifier-group-l,850,2022-02-04,12:00 PM
PACIFIC,68928,https://www.vlr.gg/68928/spear-gaming-vs-wnf-esports-champions-tour-korea-stage-1-challengers-open-qualifier-group-k,850,2022-02-04,12:00 PM
PACIFIC,68931,https://www.vlr.gg/68931/brimstone-vs-ofby-champions-tour-korea-stage-1-challengers-open-qualifier-group-a,850,2022-02-04,12:00 PM
PACIFIC,68932,https://www.vlr.gg/68932/flying-high-vs-first-piece-champions-tour-korea-stage-1-challengers-open-qualifier-group-a,850,2022-02-04,12:00 PM
PACIFIC,68936,https://www.vlr.gg/68936/never-surrender-vs-team-gp-champions-tour-korea-stage-1-challengers-open-qualifier-group-h,850,2022-02-04,12:00 PM
PACIFIC,68941,https://www.vlr.gg/68941/alpha-six-gaming-vs-ins4ne-champions-tour-korea-stage-1-challengers-open-qualifier-group-d,850,2022-02-04,12:00 PM
PACIFIC,68942,https://www.vlr.gg/68942/team-luzi-vs-lone-way-e-sports-champions-tour-korea-stage-1-challengers-open-qualifier-group-d,850,2022-02-04,12:00 PM
PACIFIC,68946,https://www.vlr.gg/68946/desperado-vs-level-up-champions-tour-korea-stage-1-challengers-open-qualifier-group-c,850,2022-02-04,12:00 PM
PACIFIC,68949,https://www.vlr.gg/68949/chungnam-juego-esports-vs-bottom-fraggers-champions-tour-korea-stage-1-challengers-open-qualifie,850,2022-02-04,12:00 PM
PACIFIC,68955,https://www.vlr.gg/68955/fiat-lux-vs-gca-champions-tour-korea-stage-1-challengers-open-qualifier-group-b,850,2022-02-04,12:00 PM
PACIFIC,68959,https://www.vlr.gg/68959/vpz-vs-kpz-champions-tour-korea-stage-1-challengers-open-qualifier-group-b,850,2022-02-04,12:00 PM
PACIFIC,68962,https://www.vlr.gg/68962/maru-gaming-vs-no-smoke-champions-tour-korea-stage-1-challengers-open-qualifier-group-e,850,2022-02-04,12:00 PM
PACIFIC,68965,https://www.vlr.gg/68965/team-t5-vs-acris-esports-champions-tour-korea-stage-1-challengers-open-qualifier-group-e,850,2022-02-04,12:00 PM
PACIFIC,68971,https://www.vlr.gg/68971/next-esports-vs-snj-champions-tour-korea-stage-1-challengers-open-qualifier-group-g,850,2022-02-04,12:00 PM
PACIFIC,68974,https://www.vlr.gg/68974/warriors-esports-vs-18again-champions-tour-korea-stage-1-challengers-open-qualifier-group-g,850,2022-02-04,12:00 PM
PACIFIC,68980,https://www.vlr.gg/68980/pentagon-vs-nice-try-champions-tour-korea-stage-1-challengers-open-qualifier-group-f,850,2022-02-04,12:00 PM
PACIFIC,68985,https://www.vlr.gg/68985/zerotwo-vs-miracle-victory-champions-tour-korea-stage-1-challengers-open-qualifier-group-f,850,2022-02-04,12:00 PM
PACIFIC,68924,https://www.vlr.gg/68924/veronica7-vs-pieskipper-champions-tour-korea-stage-1-challengers-open-qualifier-group-l,850,2022-02-04,1:40 PM
PACIFIC,68933,https://www.vlr.gg/68933/first-piece-vs-ofby-champions-tour-korea-stage-1-challengers-open-qualifier-group-a,850,2022-02-04,1:50 PM
PACIFIC,68950,https://www.vlr.gg/68950/bottom-fraggers-vs-amollang-champions-tour-korea-stage-1-challengers-open-qualifier-group-i,850,2022-02-04,1:50 PM
PACIFIC,68981,https://www.vlr.gg/68981/pentagon-vs-zerotwo-champions-tour-korea-stage-1-challengers-open-qualifier-group-f,850,2022-02-04,1:50 PM
PACIFIC,68918,https://www.vlr.gg/68918/flying-high-vs-brimstone-champions-tour-korea-stage-1-challengers-open-qualifier-group-a,850,2022-02-04,2:00 PM
PACIFIC,68921,https://www.vlr.gg/68921/esportsconnected-vs-1tk-champions-tour-korea-stage-1-challengers-open-qualifier-group-j,850,2022-02-04,2:00 PM
PACIFIC,68929,https://www.vlr.gg/68929/wnf-esports-vs-straight-warfare-champions-tour-korea-stage-1-challengers-open-qualifier-group-k,850,2022-02-04,2:00 PM
PACIFIC,68938,https://www.vlr.gg/68938/never-surrender-vs-team-inv-champions-tour-korea-stage-1-challengers-open-qualifier-group-h,850,2022-02-04,2:00 PM
PACIFIC,68947,https://www.vlr.gg/68947/pc-vs-level-up-champions-tour-korea-stage-1-challengers-open-qualifier-group-c,850,2022-02-04,2:00 PM
PACIFIC,68963,https://www.vlr.gg/68963/maru-gaming-vs-team-t5-champions-tour-korea-stage-1-challengers-open-qualifier-group-e,850,2022-02-04,2:00 PM
PACIFIC,68964,https://www.vlr.gg/68964/acris-esports-vs-no-smoke-champions-tour-korea-stage-1-challengers-open-qualifier-group-e,850,2022-02-04,2:00 PM
PACIFIC,68983,https://www.vlr.gg/68983/nice-try-vs-miracle-victory-champions-tour-korea-stage-1-challengers-open-qualifier-group-f,850,2022-02-04,2:20 PM
PACIFIC,68956,https://www.vlr.gg/68956/fiat-lux-vs-vpz-champions-tour-korea-stage-1-challengers-open-qualifier-group-b,850,2022-02-04,2:25 PM
PACIFIC,68960,https://www.vlr.gg/68960/kpz-vs-gca-champions-tour-korea-stage-1-challengers-open-qualifier-group-b,850,2022-02-04,2:35 PM
PACIFIC,68943,https://www.vlr.gg/68943/team-luzi-vs-ins4ne-champions-tour-korea-stage-1-challengers-open-qualifier-group-d,850,2022-02-04,3:00 PM
PACIFIC,68944,https://www.vlr.gg/68944/lone-way-e-sports-vs-alpha-six-gaming-champions-tour-korea-stage-1-challengers-open-qualifier-gr,850,2022-02-04,3:00 PM
PACIFIC,68973,https://www.vlr.gg/68973/warriors-esports-vs-snj-champions-tour-korea-stage-1-challengers-open-qualifier-group-g,850,2022-02-04,3:00 PM
PACIFIC,68927,https://www.vlr.gg/68927/veni-vidi-vici-vs-1tk-champions-tour-korea-stage-1-challengers-open-qualifier-group-j,850,2022-02-04,3:20 PM
PACIFIC,68934,https://www.vlr.gg/68934/brimstone-vs-first-piece-champions-tour-korea-stage-1-challengers-open-qualifier-group-a,850,2022-02-04,3:25 PM
PACIFIC,68935,https://www.vlr.gg/68935/ofby-vs-flying-high-champions-tour-korea-stage-1-challengers-open-qualifier-group-a,850,2022-02-04,3:25 PM
PACIFIC,68930,https://www.vlr.gg/68930/spear-gaming-vs-straight-warfare-champions-tour-korea-stage-1-challengers-open-qualifier-group-k,850,2022-02-04,3:40 PM
PACIFIC,68961,https://www.vlr.gg/68961/maru-gaming-vs-acris-esports-champions-tour-korea-stage-1-challengers-open-qualifier-group-e,850,2022-02-04,3:55 PM
PACIFIC,68939,https://www.vlr.gg/68939/team-gp-vs-team-inv-champions-tour-korea-stage-1-challengers-open-qualifier-group-h,850,2022-02-04,4:00 PM
PACIFIC,68951,https://www.vlr.gg/68951/amollang-vs-chungnam-juego-esports-champions-tour-korea-stage-1-challengers-open-qualifier-group,850,2022-02-04,4:00 PM
PACIFIC,68966,https://www.vlr.gg/68966/no-smoke-vs-team-t5-champions-tour-korea-stage-1-challengers-open-qualifier-group-e,850,2022-02-04,4:00 PM
PACIFIC,68982,https://www.vlr.gg/68982/miracle-victory-vs-pentagon-champions-tour-korea-stage-1-challengers-open-qualifier-group-f,850,2022-02-04,4:15 PM
PACIFIC,68984,https://www.vlr.gg/68984/nice-try-vs-zerotwo-champions-tour-korea-stage-1-challengers-open-qualifier-group-f,850,2022-02-04,4:20 PM
PACIFIC,68925,https://www.vlr.gg/68925/corenine-esports-vs-pieskipper-champions-tour-korea-stage-1-challengers-open-qualifier-group-l,850,2022-02-04,4:40 PM
PACIFIC,68970,https://www.vlr.gg/68970/next-esports-vs-warriors-esports-champions-tour-korea-stage-1-challengers-open-qualifier-group-g,850,2022-02-04,4:50 PM
PACIFIC,68975,https://www.vlr.gg/68975/snj-vs-18again-champions-tour-korea-stage-1-challengers-open-qualifier-group-g,850,2022-02-04,4:50 PM
PACIFIC,68945,https://www.vlr.gg/68945/desperado-vs-pc-champions-tour-korea-stage-1-challengers-open-qualifier-group-c,850,2022-02-04,5:00 PM
PACIFIC,68953,https://www.vlr.gg/68953/lone-way-e-sports-vs-ins4ne-champions-tour-korea-stage-1-challengers-open-qualifier-group-d,850,2022-02-04,5:00 PM
PACIFIC,68954,https://www.vlr.gg/68954/alpha-six-gaming-vs-team-luzi-champions-tour-korea-stage-1-challengers-open-qualifier-group-d,850,2022-02-04,5:00 PM
PACIFIC,68957,https://www.vlr.gg/68957/fiat-lux-vs-kpz-champions-tour-korea-stage-1-challengers-open-qualifier-group-b,850,2022-02-04,5:00 PM
PACIFIC,68958,https://www.vlr.gg/68958/vpz-vs-gca-champions-tour-korea-stage-1-challengers-open-qualifier-group-b,850,2022-02-04,5:00 PM
PACIFIC,68972,https://www.vlr.gg/68972/18again-vs-next-esports-champions-tour-korea-stage-1-challengers-open-qualifier-group-g,850,2022-02-04,TBD
PACIFIC,69153,https://www.vlr.gg/69153/team-luzi-vs-veni-vidi-vici-champions-tour-korea-stage-1-challengers-open-qualifier-ro24-openin,850,2022-02-05,12:00 PM
PACIFIC,69155,https://www.vlr.gg/69155/desperado-vs-maru-gaming-champions-tour-korea-stage-1-challengers-open-qualifier-ro24-opening,850,2022-02-05,12:00 PM
PACIFIC,69156,https://www.vlr.gg/69156/pentagon-vs-ins4ne-champions-tour-korea-stage-1-challengers-open-qualifier-ro24-opening-a,850,2022-02-05,12:00 PM
PACIFIC,69157,https://www.vlr.gg/69157/team-t5-vs-team-inv-champions-tour-korea-stage-1-challengers-open-qualifier-ro24-opening-a,850,2022-02-05,12:00 PM
PACIFIC,69161,https://www.vlr.gg/69161/team-gp-vs-warriors-esports-champions-tour-korea-stage-1-challengers-open-qualifier-ro24-openin,850,2022-02-05,12:00 PM
PACIFIC,69162,https://www.vlr.gg/69162/veronica7-vs-level-up-champions-tour-korea-stage-1-challengers-open-qualifier-ro24-opening-b,850,2022-02-05,12:00 PM
PACIFIC,69163,https://www.vlr.gg/69163/esportsconnected-vs-amollang-champions-tour-korea-stage-1-challengers-open-qualifier-ro24-openi,850,2022-02-05,12:00 PM
PACIFIC,69164,https://www.vlr.gg/69164/next-esports-vs-miracle-victory-champions-tour-korea-stage-1-challengers-open-qualifier-ro24-op,850,2022-02-05,12:00 PM
PACIFIC,69168,https://www.vlr.gg/69168/spear-gaming-vs-corenine-esports-champions-tour-korea-stage-1-challengers-open-qualifier-ro24-o,850,2022-02-05,12:00 PM
PACIFIC,69169,https://www.vlr.gg/69169/brimstone-vs-kpz-champions-tour-korea-stage-1-challengers-open-qualifier-ro24-opening-f,850,2022-02-05,12:00 PM
PACIFIC,69170,https://www.vlr.gg/69170/chungnam-juego-esports-vs-ofby-champions-tour-korea-stage-1-challengers-open-qualifier-ro24-ope,850,2022-02-05,12:00 PM
PACIFIC,69171,https://www.vlr.gg/69171/vpz-vs-straight-warfare-champions-tour-korea-stage-1-challengers-open-qualifier-ro24-opening-d,850,2022-02-05,12:00 PM
PACIFIC,69182,https://www.vlr.gg/69182/esportsconnected-vs-next-esports-champions-tour-korea-stage-1-challengers-open-qualifier-ro24-w,850,2022-02-05,2:40 PM
PACIFIC,69180,https://www.vlr.gg/69180/pentagon-vs-team-t5-champions-tour-korea-stage-1-challengers-open-qualifier-ro24-winners-a,850,2022-02-05,2:50 PM
PACIFIC,69181,https://www.vlr.gg/69181/team-gp-vs-veronica7-champions-tour-korea-stage-1-challengers-open-qualifier-ro24-winners-b,850,2022-02-05,2:50 PM
PACIFIC,69184,https://www.vlr.gg/69184/ins4ne-vs-team-inv-champions-tour-korea-stage-1-challengers-open-qualifier-ro24-elimination-a,850,2022-02-05,2:50 PM
PACIFIC,69183,https://www.vlr.gg/69183/chungnam-juego-esports-vs-vpz-champions-tour-korea-stage-1-challengers-open-qualifier-ro24-winn,850,2022-02-05,3:00 PM
PACIFIC,69185,https://www.vlr.gg/69185/warriors-esports-vs-level-up-champions-tour-korea-stage-1-challengers-open-qualifier-ro24-elimi,850,2022-02-05,3:00 PM
PACIFIC,69186,https://www.vlr.gg/69186/amollang-vs-miracle-victory-champions-tour-korea-stage-1-challengers-open-qualifier-ro24-elimin,850,2022-02-05,3:00 PM
PACIFIC,69187,https://www.vlr.gg/69187/ofby-vs-straight-warfare-champions-tour-korea-stage-1-challengers-open-qualifier-ro24-eliminati,850,2022-02-05,3:00 PM
PACIFIC,69192,https://www.vlr.gg/69192/team-luzi-vs-maru-gaming-champions-tour-korea-stage-1-challengers-open-qualifier-ro24-winners,850,2022-02-05,3:00 PM
PACIFIC,69193,https://www.vlr.gg/69193/spear-gaming-vs-brimstone-champions-tour-korea-stage-1-challengers-open-qualifier-ro24-winners,850,2022-02-05,3:00 PM
PACIFIC,69194,https://www.vlr.gg/69194/veni-vidi-vici-vs-desperado-champions-tour-korea-stage-1-challengers-open-qualifier-ro24-elimin,850,2022-02-05,3:00 PM
PACIFIC,69195,https://www.vlr.gg/69195/corenine-esports-vs-kpz-champions-tour-korea-stage-1-challengers-open-qualifier-ro24-eliminatio,850,2022-02-05,3:00 PM
PACIFIC,69188,https://www.vlr.gg/69188/pentagon-vs-ins4ne-champions-tour-korea-stage-1-challengers-open-qualifier-ro24-decider-a,850,2022-02-05,4:30 PM
PACIFIC,69190,https://www.vlr.gg/69190/next-esports-vs-amollang-champions-tour-korea-stage-1-challengers-open-qualifier-ro24-decider,850,2022-02-05,4:45 PM
PACIFIC,69191,https://www.vlr.gg/69191/vpz-vs-ofby-champions-tour-korea-stage-1-challengers-open-qualifier-ro24-decider-d,850,2022-02-05,5:00 PM
PACIFIC,69189,https://www.vlr.gg/69189/veronica7-vs-warriors-esports-champions-tour-korea-stage-1-challengers-open-qualifier-ro24-deci,850,2022-02-05,6:00 PM
PACIFIC,69196,https://www.vlr.gg/69196/team-luzi-vs-desperado-champions-tour-korea-stage-1-challengers-open-qualifier-ro24-decider-e,850,2022-02-05,6:00 PM
PACIFIC,69197,https://www.vlr.gg/69197/spear-gaming-vs-corenine-esports-champions-tour-korea-stage-1-challengers-open-qualifier-ro24-d,850,2022-02-05,6:00 PM
PACIFIC,69172,https://www.vlr.gg/69172/drx-vs-vpz-champions-tour-korea-stage-1-challengers-open-qualifier-ro16-opening-a,850,2022-02-06,12:00 PM
PACIFIC,69173,https://www.vlr.gg/69173/team-gp-vs-desperado-champions-tour-korea-stage-1-challengers-open-qualifier-ro16-opening-a,850,2022-02-06,12:00 PM
PACIFIC,69174,https://www.vlr.gg/69174/damwon-gaming-vs-spear-gaming-champions-tour-korea-stage-1-challengers-open-qualifier-ro16-open,850,2022-02-06,12:00 PM
PACIFIC,69175,https://www.vlr.gg/69175/esportsconnected-vs-veronica7-champions-tour-korea-stage-1-challengers-open-qualifier-ro16-open,850,2022-02-06,12:00 PM
PACIFIC,69176,https://www.vlr.gg/69176/gongo-prince-vs-pentagon-champions-tour-korea-stage-1-challengers-open-qualifier-ro16-opening,850,2022-02-06,12:00 PM
PACIFIC,69177,https://www.vlr.gg/69177/team-t5-vs-maru-gaming-champions-tour-korea-stage-1-challengers-open-qualifier-ro16-opening-c,850,2022-02-06,12:00 PM
PACIFIC,69178,https://www.vlr.gg/69178/world-game-star-vs-next-esports-champions-tour-korea-stage-1-challengers-open-qualifier-ro16-op,850,2022-02-06,12:00 PM
PACIFIC,69179,https://www.vlr.gg/69179/brimstone-vs-chungnam-juego-esports-champions-tour-korea-stage-1-challengers-open-qualifier-ro1,850,2022-02-06,12:00 PM
PACIFIC,69252,https://www.vlr.gg/69252/spear-gaming-vs-veronica7-champions-tour-korea-stage-1-challengers-open-qualifier-ro16-eliminat,850,2022-02-06,1:50 PM
PACIFIC,69247,https://www.vlr.gg/69247/drx-vs-team-gp-champions-tour-korea-stage-1-challengers-open-qualifier-ro16-winners-a,850,2022-02-06,2:20 PM
PACIFIC,69250,https://www.vlr.gg/69250/world-game-star-vs-brimstone-champions-tour-korea-stage-1-challengers-open-qualifier-ro16-winne,850,2022-02-06,2:20 PM
PACIFIC,69254,https://www.vlr.gg/69254/next-esports-vs-chungnam-juego-esports-champions-tour-korea-stage-1-challengers-open-qualifier,850,2022-02-06,2:20 PM
PACIFIC,69248,https://www.vlr.gg/69248/damwon-gaming-vs-esportsconnected-champions-tour-korea-stage-1-challengers-open-qualifier-ro16,850,2022-02-06,2:25 PM
PACIFIC,69249,https://www.vlr.gg/69249/gongo-prince-vs-maru-gaming-champions-tour-korea-stage-1-challengers-open-qualifier-ro16-winner,850,2022-02-06,3:00 PM
PACIFIC,69251,https://www.vlr.gg/69251/vpz-vs-desperado-champions-tour-korea-stage-1-challengers-open-qualifier-ro16-elimination-a,850,2022-02-06,3:00 PM
PACIFIC,69253,https://www.vlr.gg/69253/pentagon-vs-team-t5-champions-tour-korea-stage-1-challengers-open-qualifier-ro16-elimination-c,850,2022-02-06,3:00 PM
PACIFIC,69255,https://www.vlr.gg/69255/team-gp-vs-desperado-champions-tour-korea-stage-1-challengers-open-qualifier-ro16-decider-a,850,2022-02-06,4:00 PM
PACIFIC,69257,https://www.vlr.gg/69257/gongo-prince-vs-team-t5-champions-tour-korea-stage-1-challengers-open-qualifier-ro16-decider-c,850,2022-02-06,5:10 PM
PACIFIC,69258,https://www.vlr.gg/69258/brimstone-vs-chungnam-juego-esports-champions-tour-korea-stage-1-challengers-open-qualifier-ro1,850,2022-02-06,5:20 PM
PACIFIC,69256,https://www.vlr.gg/69256/esportsconnected-vs-spear-gaming-champions-tour-korea-stage-1-challengers-open-qualifier-ro16-d,850,2022-02-06,6:00 PM
PACIFIC,71614,https://www.vlr.gg/71614/world-game-star-vs-team-t5-champions-tour-korea-stage-1-challengers-w1,850,2022-02-22,3:00 PM
PACIFIC,71615,https://www.vlr.gg/71615/drx-vs-desperado-champions-tour-korea-stage-1-challengers-w1,850,2022-02-23,7:00 PM
PACIFIC,71616,https://www.vlr.gg/71616/holymolly-vs-damwon-gaming-champions-tour-korea-stage-1-challengers-w1,850,2022-02-24,2:00 PM
PACIFIC,71617,https://www.vlr.gg/71617/on-sla2ers-vs-maru-gaming-champions-tour-korea-stage-1-challengers-w1,850,2022-02-24,5:00 PM
PACIFIC,71618,https://www.vlr.gg/71618/world-game-star-vs-drx-champions-tour-korea-stage-1-challengers-w1,850,2022-02-25,2:00 PM
PACIFIC,71619,https://www.vlr.gg/71619/team-t5-vs-desperado-champions-tour-korea-stage-1-challengers-w1,850,2022-02-25,5:00 PM
PACIFIC,71620,https://www.vlr.gg/71620/on-sla2ers-vs-holymolly-champions-tour-korea-stage-1-challengers-w1,850,2022-02-26,2:00 PM
PACIFIC,71621,https://www.vlr.gg/71621/maru-gaming-vs-damwon-gaming-champions-tour-korea-stage-1-challengers-w1,850,2022-02-26,6:00 PM
PACIFIC,71622,https://www.vlr.gg/71622/world-game-star-vs-desperado-champions-tour-korea-stage-1-challengers-w1,850,2022-02-27,2:00 PM
PACIFIC,71623,https://www.vlr.gg/71623/team-t5-vs-drx-champions-tour-korea-stage-1-challengers-w1,850,2022-02-27,5:20 PM
PACIFIC,71624,https://www.vlr.gg/71624/maru-gaming-vs-holymolly-champions-tour-korea-stage-1-challengers-w2,850,2022-03-02,2:00 PM
PACIFIC,71625,https://www.vlr.gg/71625/on-sla2ers-vs-damwon-gaming-champions-tour-korea-stage-1-challengers-w2,850,2022-03-02,5:00 PM
PACIFIC,71626,https://www.vlr.gg/71626/team-t5-vs-holymolly-champions-tour-korea-stage-1-challengers-w2,850,2022-03-03,2:00 PM
PACIFIC,71627,https://www.vlr.gg/71627/world-game-star-vs-damwon-gaming-champions-tour-korea-stage-1-challengers-w2,850,2022-03-03,5:00 PM
PACIFIC,71628,https://www.vlr.gg/71628/maru-gaming-vs-drx-champions-tour-korea-stage-1-challengers-w2,850,2022-03-04,4:00 PM
PACIFIC,71629,https://www.vlr.gg/71629/on-sla2ers-vs-desperado-champions-tour-korea-stage-1-challengers-w2,850,2022-03-04,6:30 PM
PACIFIC,71630,https://www.vlr.gg/71630/team-t5-vs-damwon-gaming-champions-tour-korea-stage-1-challengers-w2,850,2022-03-05,2:00 PM
PACIFIC,71631,https://www.vlr.gg/71631/world-game-star-vs-holymolly-champions-tour-korea-stage-1-challengers-w2,850,2022-03-05,4:30 PM
PACIFIC,71632,https://www.vlr.gg/71632/on-sla2ers-vs-drx-champions-tour-korea-stage-1-challengers-w2,850,2022-03-06,2:00 PM
PACIFIC,71633,https://www.vlr.gg/71633/maru-gaming-vs-desperado-champions-tour-korea-stage-1-challengers-w2,850,2022-03-06,5:00 PM
PACIFIC,71634,https://www.vlr.gg/71634/damwon-gaming-vs-desperado-champions-tour-korea-stage-1-challengers-w3,850,2022-03-10,2:00 PM
PACIFIC,71635,https://www.vlr.gg/71635/holymolly-vs-drx-champions-tour-korea-stage-1-challengers-w3,850,2022-03-10,6:00 PM
PACIFIC,71636,https://www.vlr.gg/71636/team-t5-vs-on-sla2ers-champions-tour-korea-stage-1-challengers-w3,850,2022-03-11,2:00 PM
PACIFIC,71637,https://www.vlr.gg/71637/world-game-star-vs-maru-gaming-champions-tour-korea-stage-1-challengers-w3,850,2022-03-11,6:00 PM
PACIFIC,71638,https://www.vlr.gg/71638/damwon-gaming-vs-drx-champions-tour-korea-stage-1-challengers-w3,850,2022-03-12,2:00 PM
PACIFIC,71639,https://www.vlr.gg/71639/holymolly-vs-desperado-champions-tour-korea-stage-1-challengers-w3,850,2022-03-12,5:00 PM
PACIFIC,71640,https://www.vlr.gg/71640/world-game-star-vs-on-sla2ers-champions-tour-korea-stage-1-challengers-w3,850,2022-03-13,2:00 PM
PACIFIC,71641,https://www.vlr.gg/71641/team-t5-vs-maru-gaming-champions-tour-korea-stage-1-challengers-w3,850,2022-03-13,5:30 PM
PACIFIC,77428,https://www.vlr.gg/77428/world-game-star-vs-maru-gaming-champions-tour-korea-stage-1-challengers-ubr1,850,2022-03-17,2:00 PM
PACIFIC,77429,https://www.vlr.gg/77429/damwon-gaming-vs-holymolly-champions-tour-korea-stage-1-challengers-ubr1,850,2022-03-17,5:00 PM
PACIFIC,77430,https://www.vlr.gg/77430/drx-vs-world-game-star-champions-tour-korea-stage-1-challengers-ubsf,850,2022-03-18,2:00 PM
PACIFIC,77431,https://www.vlr.gg/77431/on-sla2ers-vs-damwon-gaming-champions-tour-korea-stage-1-challengers-ubsf,850,2022-03-18,6:00 PM
PACIFIC,77432,https://www.vlr.gg/77432/damwon-gaming-vs-maru-gaming-champions-tour-korea-stage-1-challengers-lr1,850,2022-03-19,2:00 PM
PACIFIC,77433,https://www.vlr.gg/77433/world-game-star-vs-holymolly-champions-tour-korea-stage-1-challengers-lr1,850,2022-03-19,6:00 PM
PACIFIC,77434,https://www.vlr.gg/77434/drx-vs-on-sla2ers-champions-tour-korea-stage-1-challengers-ubf,850,2022-03-20,2:00 PM
PACIFIC,77435,https://www.vlr.gg/77435/damwon-gaming-vs-holymolly-champions-tour-korea-stage-1-challengers-lr2,850,2022-03-20,4:30 PM
PACIFIC,77436,https://www.vlr.gg/77436/on-sla2ers-vs-holymolly-champions-tour-korea-stage-1-challengers-lf,850,2022-03-26,2:00 PM
PACIFIC,77437,https://www.vlr.gg/77437/drx-vs-on-sla2ers-champions-tour-korea-stage-1-challengers-gf,850,2022-03-27,2:00 PM
PACIFIC,76101,https://www.vlr.gg/76101/no-namers-vs-fancy-united-esports-champions-tour-asia-pacific-stage-1-challengers-playoffs-play,884,2022-03-10,12:25 PM
PACIFIC,76099,https://www.vlr.gg/76099/action-ph-vs-team-big-baam-champions-tour-asia-pacific-stage-1-challengers-playoffs-play-ins-ope,884,2022-03-10,3:45 PM
PACIFIC,76100,https://www.vlr.gg/76100/full-sense-vs-onic-g-champions-tour-asia-pacific-stage-1-challengers-playoffs-play-ins-opening,884,2022-03-11,12:30 PM
PACIFIC,76102,https://www.vlr.gg/76102/global-esports-vs-griffin-e-sports-champions-tour-asia-pacific-stage-1-challengers-playoffs-play,884,2022-03-11,3:30 PM
PACIFIC,76103,https://www.vlr.gg/76103/action-ph-vs-onic-g-champions-tour-asia-pacific-stage-1-challengers-playoffs-play-ins-winners,884,2022-03-12,11:00 AM
PACIFIC,76104,https://www.vlr.gg/76104/no-namers-vs-griffin-e-sports-champions-tour-asia-pacific-stage-1-challengers-playoffs-play-ins,884,2022-03-12,1:15 PM
PACIFIC,76105,https://www.vlr.gg/76105/team-big-baam-vs-full-sense-champions-tour-asia-pacific-stage-1-challengers-playoffs-play-ins-el,884,2022-03-12,3:30 PM
PACIFIC,76106,https://www.vlr.gg/76106/fancy-united-esports-vs-global-esports-champions-tour-asia-pacific-stage-1-challengers-playoffs,884,2022-03-12,5:20 PM
PACIFIC,76107,https://www.vlr.gg/76107/action-ph-vs-full-sense-champions-tour-asia-pacific-stage-1-challengers-playoffs-play-ins-decide,884,2022-03-13,12:30 PM
PACIFIC,76108,https://www.vlr.gg/76108/griffin-e-sports-vs-fancy-united-esports-champions-tour-asia-pacific-stage-1-challengers-playoff,884,2022-03-13,2:20 PM
PACIFIC,76209,https://www.vlr.gg/76209/made-in-thailand-vs-cerberus-esports-champions-tour-asia-pacific-stage-1-challengers-playoffs-gr,884,2022-03-16,10:30 AM
PACIFIC,76211,https://www.vlr.gg/76211/bonkers-vs-persija-esports-champions-tour-asia-pacific-stage-1-challengers-playoffs-group-stage,884,2022-03-16,2:15 PM
PACIFIC,76214,https://www.vlr.gg/76214/naos-esports-vs-bleed-esports-champions-tour-asia-pacific-stage-1-challengers-playoffs-group-sta,884,2022-03-16,5:25 PM
PACIFIC,76216,https://www.vlr.gg/76216/velocity-gaming-vs-oblivion-force-champions-tour-asia-pacific-stage-1-challengers-playoffs-group,884,2022-03-16,8:25 PM
PACIFIC,76208,https://www.vlr.gg/76208/boom-esports-vs-no-namers-champions-tour-asia-pacific-stage-1-challengers-playoffs-group-stage-o,884,2022-03-17,10:30 AM
PACIFIC,76210,https://www.vlr.gg/76210/paper-rex-vs-fancy-united-esports-champions-tour-asia-pacific-stage-1-challengers-playoffs-group,884,2022-03-17,12:30 PM
PACIFIC,76213,https://www.vlr.gg/76213/xerxia-esports-vs-onic-g-champions-tour-asia-pacific-stage-1-challengers-playoffs-group-stage-op,884,2022-03-17,2:50 PM
PACIFIC,76215,https://www.vlr.gg/76215/south-built-esports-vs-full-sense-champions-tour-asia-pacific-stage-1-challengers-playoffs-group,884,2022-03-17,6:05 PM
PACIFIC,76223,https://www.vlr.gg/76223/no-namers-vs-cerberus-esports-champions-tour-asia-pacific-stage-1-challengers-playoffs-group-sta,884,2022-03-18,10:30 AM
PACIFIC,76224,https://www.vlr.gg/76224/fancy-united-esports-vs-bonkers-champions-tour-asia-pacific-stage-1-challengers-playoffs-group-s,884,2022-03-18,1:30 PM
PACIFIC,76225,https://www.vlr.gg/76225/onic-g-vs-naos-esports-champions-tour-asia-pacific-stage-1-challengers-playoffs-group-stage-elim,884,2022-03-18,4:00 PM
PACIFIC,76218,https://www.vlr.gg/76218/boom-esports-vs-made-in-thailand-champions-tour-asia-pacific-stage-1-challengers-playoffs-group,884,2022-03-19,10:30 AM
PACIFIC,76219,https://www.vlr.gg/76219/paper-rex-vs-persija-esports-champions-tour-asia-pacific-stage-1-challengers-playoffs-group-stag,884,2022-03-19,1:20 PM
PACIFIC,76226,https://www.vlr.gg/76226/south-built-esports-vs-oblivion-force-champions-tour-asia-pacific-stage-1-challengers-playoffs-g,884,2022-03-19,4:20 PM
PACIFIC,76228,https://www.vlr.gg/76228/persija-esports-vs-bonkers-champions-tour-asia-pacific-stage-1-challengers-playoffs-group-stage,884,2022-03-20,10:30 AM
PACIFIC,76220,https://www.vlr.gg/76220/xerxia-esports-vs-bleed-esports-champions-tour-asia-pacific-stage-1-challengers-playoffs-group-s,884,2022-03-20,2:30 PM
PACIFIC,76222,https://www.vlr.gg/76222/full-sense-vs-velocity-gaming-champions-tour-asia-pacific-stage-1-challengers-playoffs-group-sta,884,2022-03-20,4:25 PM
PACIFIC,76227,https://www.vlr.gg/76227/made-in-thailand-vs-cerberus-esports-champions-tour-asia-pacific-stage-1-challengers-playoffs-gr,884,2022-03-21,10:30 AM
PACIFIC,76229,https://www.vlr.gg/76229/xerxia-esports-vs-onic-g-champions-tour-asia-pacific-stage-1-challengers-playoffs-group-stage-de,884,2022-03-21,12:20 PM
PACIFIC,76230,https://www.vlr.gg/76230/velocity-gaming-vs-south-built-esports-champions-tour-asia-pacific-stage-1-challengers-playoffs,884,2022-03-21,2:45 PM
PACIFIC,76231,https://www.vlr.gg/76231/full-sense-vs-persija-esports-champions-tour-asia-pacific-stage-1-challengers-playoffs-knockouts,884,2022-03-24,10:30 AM
PACIFIC,76232,https://www.vlr.gg/76232/bleed-esports-vs-made-in-thailand-champions-tour-asia-pacific-stage-1-challengers-playoffs-knock,884,2022-03-24,1:10 PM
PACIFIC,76233,https://www.vlr.gg/76233/boom-esports-vs-xerxia-esports-champions-tour-asia-pacific-stage-1-challengers-playoffs-knockout,884,2022-03-24,5:10 PM
PACIFIC,76234,https://www.vlr.gg/76234/paper-rex-vs-south-built-esports-champions-tour-asia-pacific-stage-1-challengers-playoffs-knocko,884,2022-03-24,7:30 PM
PACIFIC,76235,https://www.vlr.gg/76235/full-sense-vs-bleed-esports-champions-tour-asia-pacific-stage-1-challengers-playoffs-knockouts-u,884,2022-03-25,10:30 AM
PACIFIC,76236,https://www.vlr.gg/76236/xerxia-esports-vs-paper-rex-champions-tour-asia-pacific-stage-1-challengers-playoffs-knockouts-u,884,2022-03-25,1:30 PM
PACIFIC,76240,https://www.vlr.gg/76240/persija-esports-vs-made-in-thailand-champions-tour-asia-pacific-stage-1-challengers-playoffs-kno,884,2022-03-25,4:10 PM
PACIFIC,76241,https://www.vlr.gg/76241/boom-esports-vs-south-built-esports-champions-tour-asia-pacific-stage-1-challengers-playoffs-kno,884,2022-03-25,7:20 PM
PACIFIC,76242,https://www.vlr.gg/76242/xerxia-esports-vs-persija-esports-champions-tour-asia-pacific-stage-1-challengers-playoffs-knock,884,2022-03-26,10:30 AM
PACIFIC,76243,https://www.vlr.gg/76243/full-sense-vs-boom-esports-champions-tour-asia-pacific-stage-1-challengers-playoffs-knockouts-lb,884,2022-03-26,12:35 PM
PACIFIC,76237,https://www.vlr.gg/76237/bleed-vs-paper-rex-champions-tour-asia-pacific-stage-1-challengers-playoffs-knockouts-ubf,884,2022-03-26,3:10 PM
PACIFIC,76244,https://www.vlr.gg/76244/xerxia-esports-vs-boom-esports-champions-tour-asia-pacific-stage-1-challengers-playoffs-knockout,884,2022-03-26,5:30 PM
PACIFIC,76245,https://www.vlr.gg/76245/bleed-vs-xerxia-esports-champions-tour-asia-pacific-stage-1-challengers-playoffs-knockouts-lbf,884,2022-03-27,10:30 AM
PACIFIC,76238,https://www.vlr.gg/76238/paper-rex-vs-xerxia-esports-champions-tour-asia-pacific-stage-1-challengers-playoffs-knockouts-g,884,2022-03-27,2:30 PM
PACIFIC,75181,https://www.vlr.gg/75181/scarz-vs-avalon-gaming-champions-tour-japan-stage-1-challengers-week-2-group-a,852,2022-03-03,6:00 PM
PACIFIC,75182,https://www.vlr.gg/75182/jadeite-vs-crest-gaming-champions-tour-japan-stage-1-challengers-week-2-group-a,852,2022-03-03,6:00 PM
PACIFIC,75186,https://www.vlr.gg/75186/system-e-sports-vs-detonation-gaming-white-champions-tour-japan-stage-1-challengers-week-2-group,852,2022-03-03,6:00 PM
PACIFIC,75187,https://www.vlr.gg/75187/hexad-vs-reignite-champions-tour-japan-stage-1-challengers-week-2-group-b,852,2022-03-03,6:00 PM
PACIFIC,75190,https://www.vlr.gg/75190/eva-e-vs-insomnia-champions-tour-japan-stage-1-challengers-week-2-group-c,852,2022-03-03,6:00 PM
PACIFIC,75191,https://www.vlr.gg/75191/shikoukouketsu-vs-detonator-champions-tour-japan-stage-1-challengers-week-2-group-c,852,2022-03-03,6:00 PM
PACIFIC,75193,https://www.vlr.gg/75193/ixa-vs-storks-phalanx-champions-tour-japan-stage-1-challengers-week-2-group-d,852,2022-03-03,6:00 PM
PACIFIC,75194,https://www.vlr.gg/75194/no-country-vs-fav-gaming-champions-tour-japan-stage-1-challengers-week-2-group-d,852,2022-03-03,6:00 PM
PACIFIC,75183,https://www.vlr.gg/75183/scarz-vs-crest-gaming-champions-tour-japan-stage-1-challengers-week-2-group-a,852,2022-03-05,10:00 AM
PACIFIC,75188,https://www.vlr.gg/75188/detonation-gaming-white-vs-reignite-champions-tour-japan-stage-1-challengers-week-2-group-b,852,2022-03-05,12:40 PM
PACIFIC,75192,https://www.vlr.gg/75192/insomnia-vs-detonator-champions-tour-japan-stage-1-challengers-week-2-group-c,852,2022-03-05,3:00 PM
PACIFIC,75195,https://www.vlr.gg/75195/storks-phalanx-vs-fav-gaming-champions-tour-japan-stage-1-challengers-week-2-group-d,852,2022-03-05,6:45 PM
PACIFIC,76271,https://www.vlr.gg/76271/fav-gaming-vs-blue-bees-esp-champions-tour-japan-stage-1-challengers-week-2-sf,852,2022-03-12,12:00 PM
PACIFIC,76272,https://www.vlr.gg/76272/detonator-vs-northeption-champions-tour-japan-stage-1-challengers-week-2-sf,852,2022-03-12,2:50 PM
PACIFIC,77049,https://www.vlr.gg/77049/fav-gaming-vs-northeption-champions-tour-japan-stage-1-challengers-week-2-gf,852,2022-03-12,5:40 PM
PACIFIC,76273,https://www.vlr.gg/76273/reignite-vs-fennel-champions-tour-japan-stage-1-challengers-week-2-sf,852,2022-03-13,12:00 PM
PACIFIC,76274,https://www.vlr.gg/76274/crest-gaming-vs-sengoku-gaming-champions-tour-japan-stage-1-challengers-week-2-sf,852,2022-03-13,2:30 PM
PACIFIC,77122,https://www.vlr.gg/77122/reignite-vs-crest-gaming-champions-tour-japan-stage-1-challengers-week-2-gf,852,2022-03-13,6:17 PM
PACIFIC,65732,https://www.vlr.gg/65732/homie-e-sports-vs-team-nkt-champions-tour-thailand-stage-1-challengers-ubro16,842,2022-01-22,3:00 PM
PACIFIC,65733,https://www.vlr.gg/65733/looking-for-organize-vs-lumsum-champions-tour-thailand-stage-1-challengers-ubro16,842,2022-01-22,3:00 PM
PACIFIC,65734,https://www.vlr.gg/65734/asap-vs-sweetiesandfriends-champions-tour-thailand-stage-1-challengers-ubro16,842,2022-01-22,3:00 PM
PACIFIC,65735,https://www.vlr.gg/65735/aricat-esport-academy-vs-the-reaper-champions-tour-thailand-stage-1-challengers-ubro16,842,2022-01-22,3:00 PM
PACIFIC,65736,https://www.vlr.gg/65736/ninety-nine-vs-sainuahualouis-champions-tour-thailand-stage-1-challengers-ubro16,842,2022-01-22,3:00 PM
PACIFIC,65737,https://www.vlr.gg/65737/fw-esports-vs-sdobby-champions-tour-thailand-stage-1-challengers-ubro16,842,2022-01-22,3:00 PM
PACIFIC,65738,https://www.vlr.gg/65738/abovecloud-vs-made-in-thailand-champions-tour-thailand-stage-1-challengers-ubro16,842,2022-01-22,3:00 PM
PACIFIC,65739,https://www.vlr.gg/65739/47-gaming-vs-attack-all-around-champions-tour-thailand-stage-1-challengers-ubro16,842,2022-01-22,3:00 PM
PACIFIC,65746,https://www.vlr.gg/65746/ninety-nine-vs-team-jobso-champions-tour-thailand-stage-1-challengers-lr1,842,2022-01-22,3:50 PM
PACIFIC,65747,https://www.vlr.gg/65747/47-gaming-vs-no-brimstone-champions-tour-thailand-stage-1-challengers-lr1,842,2022-01-22,4:00 PM
PACIFIC,65748,https://www.vlr.gg/65748/abovecloud-vs-fakemid-champions-tour-thailand-stage-1-challengers-lr1,842,2022-01-22,4:00 PM
PACIFIC,65760,https://www.vlr.gg/65760/looking-for-organize-vs-alternative-champions-tour-thailand-stage-1-challengers-lr1,842,2022-01-22,4:00 PM
PACIFIC,65761,https://www.vlr.gg/65761/homie-e-sports-vs-zercus-esports-champions-tour-thailand-stage-1-challengers-lr1,842,2022-01-22,4:00 PM
PACIFIC,65762,https://www.vlr.gg/65762/aricat-esport-academy-vs-tactical-champions-tour-thailand-stage-1-challengers-lr1,842,2022-01-22,4:00 PM
PACIFIC,65763,https://www.vlr.gg/65763/asap-vs-inferno-infinity-champions-tour-thailand-stage-1-challengers-lr1,842,2022-01-22,4:00 PM
PACIFIC,65745,https://www.vlr.gg/65745/sdobby-vs-haharaina-champions-tour-thailand-stage-1-challengers-lr1,842,2022-01-22,4:12 PM
PACIFIC,65740,https://www.vlr.gg/65740/team-nkt-vs-lumsum-champions-tour-thailand-stage-1-challengers-ubqf,842,2022-01-22,5:00 PM
PACIFIC,65741,https://www.vlr.gg/65741/sweetiesandfriends-vs-the-reaper-champions-tour-thailand-stage-1-challengers-ubqf,842,2022-01-22,5:00 PM
PACIFIC,65742,https://www.vlr.gg/65742/sainuahualouis-vs-fw-esports-champions-tour-thailand-stage-1-challengers-ubqf,842,2022-01-22,5:00 PM
PACIFIC,65743,https://www.vlr.gg/65743/made-in-thailand-vs-attack-all-around-champions-tour-thailand-stage-1-challengers-ubqf,842,2022-01-22,5:00 PM
PACIFIC,65749,https://www.vlr.gg/65749/sdobby-vs-team-jobso-champions-tour-thailand-stage-1-challengers-lr2,842,2022-01-22,5:00 PM
PACIFIC,65750,https://www.vlr.gg/65750/47-gaming-vs-abovecloud-champions-tour-thailand-stage-1-challengers-lr2,842,2022-01-22,5:00 PM
PACIFIC,65753,https://www.vlr.gg/65753/looking-for-organize-vs-zercus-esports-champions-tour-thailand-stage-1-challengers-lr2,842,2022-01-22,5:00 PM
PACIFIC,65754,https://www.vlr.gg/65754/aricat-esport-academy-vs-inferno-infinity-champions-tour-thailand-stage-1-challengers-lr2,842,2022-01-22,5:00 PM
PACIFIC,65751,https://www.vlr.gg/65751/sweetiesandfriends-vs-sdobby-champions-tour-thailand-stage-1-challengers-lr3,842,2022-01-23,12:00 PM
PACIFIC,65752,https://www.vlr.gg/65752/team-nkt-vs-47-gaming-champions-tour-thailand-stage-1-challengers-lr3,842,2022-01-23,12:00 PM
PACIFIC,65794,https://www.vlr.gg/65794/made-in-thailand-vs-zercus-esports-champions-tour-thailand-stage-1-challengers-lr3,842,2022-01-23,12:00 PM
PACIFIC,65795,https://www.vlr.gg/65795/sainuahualouis-vs-aricat-esport-academy-champions-tour-thailand-stage-1-challengers-lr3,842,2022-01-23,12:00 PM
PACIFIC,65797,https://www.vlr.gg/65797/made-in-thailand-vs-aricat-esport-academy-champions-tour-thailand-stage-1-challengers-lr4,842,2022-01-23,1:00 PM
PACIFIC,65796,https://www.vlr.gg/65796/sdobby-vs-team-nkt-champions-tour-thailand-stage-1-challengers-lr4,842,2022-01-23,1:30 PM
PACIFIC,67492,https://www.vlr.gg/67492/47-gaming-vs-alternative-champions-tour-thailand-stage-1-challengers-ubro16,842,2022-01-29,3:00 PM
PACIFIC,67493,https://www.vlr.gg/67493/z11-vs-thewandfriends-champions-tour-thailand-stage-1-challengers-ubro16,842,2022-01-29,3:00 PM
PACIFIC,67494,https://www.vlr.gg/67494/velman-vs-rampage-global-champions-tour-thailand-stage-1-challengers-ubro16,842,2022-01-29,3:00 PM
PACIFIC,67495,https://www.vlr.gg/67495/inferno-infinity-vs-heat-waves-champions-tour-thailand-stage-1-challengers-ubro16,842,2022-01-29,3:00 PM
PACIFIC,67496,https://www.vlr.gg/67496/no-brimstone-vs-sdobby-champions-tour-thailand-stage-1-challengers-ubro16,842,2022-01-29,3:00 PM
PACIFIC,67497,https://www.vlr.gg/67497/tactical-vs-sainuahualouis-champions-tour-thailand-stage-1-challengers-ubro16,842,2022-01-29,3:00 PM
PACIFIC,67498,https://www.vlr.gg/67498/team-jobso-vs-looking-for-organize-champions-tour-thailand-stage-1-challengers-ubro16,842,2022-01-29,3:00 PM
PACIFIC,67499,https://www.vlr.gg/67499/481-vs-aricat-esport-academy-champions-tour-thailand-stage-1-challengers-ubro16,842,2022-01-29,3:00 PM
PACIFIC,67500,https://www.vlr.gg/67500/47-gaming-vs-z11-champions-tour-thailand-stage-1-challengers-ubqf,842,2022-01-29,5:00 PM
PACIFIC,67501,https://www.vlr.gg/67501/rampage-global-vs-heat-waves-champions-tour-thailand-stage-1-challengers-ubqf,842,2022-01-29,5:00 PM
PACIFIC,67502,https://www.vlr.gg/67502/sdobby-vs-sainuahualouis-champions-tour-thailand-stage-1-challengers-ubqf,842,2022-01-29,5:00 PM
PACIFIC,67503,https://www.vlr.gg/67503/team-jobso-vs-aricat-esport-academy-champions-tour-thailand-stage-1-challengers-ubqf,842,2022-01-29,5:00 PM
PACIFIC,67504,https://www.vlr.gg/67504/tactical-vs-no-brimstone-champions-tour-thailand-stage-1-challengers-lr1,842,2022-01-29,5:00 PM
PACIFIC,67505,https://www.vlr.gg/67505/481-vs-looking-for-organize-champions-tour-thailand-stage-1-challengers-lr1,842,2022-01-29,5:00 PM
PACIFIC,67506,https://www.vlr.gg/67506/thewandfriends-vs-alternative-champions-tour-thailand-stage-1-challengers-lr1,842,2022-01-29,5:00 PM
PACIFIC,67507,https://www.vlr.gg/67507/need-name-vs-velman-champions-tour-thailand-stage-1-challengers-lr1,842,2022-01-29,5:00 PM
PACIFIC,67508,https://www.vlr.gg/67508/rampage-global-vs-no-brimstone-champions-tour-thailand-stage-1-challengers-lr2,842,2022-01-30,12:00 PM
PACIFIC,67509,https://www.vlr.gg/67509/z11-vs-looking-for-organize-champions-tour-thailand-stage-1-challengers-lr2,842,2022-01-30,12:00 PM
PACIFIC,67510,https://www.vlr.gg/67510/aricat-esport-academy-vs-alternative-champions-tour-thailand-stage-1-challengers-lr2,842,2022-01-30,12:00 PM
PACIFIC,67511,https://www.vlr.gg/67511/sainuahualouis-vs-need-name-champions-tour-thailand-stage-1-challengers-lr2,842,2022-01-30,12:00 PM
PACIFIC,67512,https://www.vlr.gg/67512/no-brimstone-vs-z11-champions-tour-thailand-stage-1-challengers-lr3,842,2022-01-30,1:00 PM
PACIFIC,67513,https://www.vlr.gg/67513/aricat-esport-academy-vs-sainuahualouis-champions-tour-thailand-stage-1-challengers-lr3,842,2022-01-30,1:00 PM
PACIFIC,69923,https://www.vlr.gg/69923/lumsum-vs-daytrade-nursery-champions-tour-thailand-stage-1-challengers-group-a,842,2022-02-10,3:30 PM
PACIFIC,69924,https://www.vlr.gg/69924/team-nkt-vs-x10-crit-champions-tour-thailand-stage-1-challengers-group-a,842,2022-02-10,7:30 PM
PACIFIC,69925,https://www.vlr.gg/69925/47-gaming-vs-fw-esports-champions-tour-thailand-stage-1-challengers-group-b,842,2022-02-10,9:30 PM
PACIFIC,69926,https://www.vlr.gg/69926/sharper-esport-vs-no-brimstone-champions-tour-thailand-stage-1-challengers-group-b,842,2022-02-11,3:30 PM
PACIFIC,69927,https://www.vlr.gg/69927/gelida-esports-vs-team-jobso-champions-tour-thailand-stage-1-challengers-group-c,842,2022-02-11,5:40 PM
PACIFIC,69928,https://www.vlr.gg/69928/made-in-thailand-vs-xerxia-esports-champions-tour-thailand-stage-1-challengers-group-c,842,2022-02-11,9:20 PM
PACIFIC,69929,https://www.vlr.gg/69929/xerxia-esports-vs-gelida-esports-champions-tour-thailand-stage-1-challengers-group-c,842,2022-02-12,3:30 PM
PACIFIC,69930,https://www.vlr.gg/69930/heat-waves-vs-attack-all-around-champions-tour-thailand-stage-1-challengers-group-d,842,2022-02-12,5:30 PM
PACIFIC,69931,https://www.vlr.gg/69931/aricat-esport-vs-full-sense-champions-tour-thailand-stage-1-challengers-group-d,842,2022-02-12,7:20 PM
PACIFIC,69932,https://www.vlr.gg/69932/x10-crit-vs-lumsum-champions-tour-thailand-stage-1-challengers-group-a,842,2022-02-13,3:30 PM
PACIFIC,69934,https://www.vlr.gg/69934/sharper-esport-vs-47-gaming-champions-tour-thailand-stage-1-challengers-group-b,842,2022-02-13,7:50 PM
PACIFIC,69933,https://www.vlr.gg/69933/daytrade-nursery-vs-team-nkt-champions-tour-thailand-stage-1-challengers-group-a,842,2022-02-13,10:00 PM
PACIFIC,69936,https://www.vlr.gg/69936/fw-esports-vs-no-brimstone-champions-tour-thailand-stage-1-challengers-group-b,842,2022-02-17,3:30 PM
PACIFIC,69937,https://www.vlr.gg/69937/made-in-thailand-vs-gelida-esports-champions-tour-thailand-stage-1-challengers-group-c,842,2022-02-17,7:00 PM
PACIFIC,69938,https://www.vlr.gg/69938/full-sense-vs-heat-waves-champions-tour-thailand-stage-1-challengers-group-d,842,2022-02-17,10:00 PM
PACIFIC,69939,https://www.vlr.gg/69939/attack-all-around-vs-aricat-esport-champions-tour-thailand-stage-1-challengers-group-d,842,2022-02-18,3:30 PM
PACIFIC,69940,https://www.vlr.gg/69940/no-brimstone-vs-47-gaming-champions-tour-thailand-stage-1-challengers-group-b,842,2022-02-18,6:45 PM
PACIFIC,69941,https://www.vlr.gg/69941/team-jobso-vs-xerxia-esports-champions-tour-thailand-stage-1-challengers-group-c,842,2022-02-18,9:20 PM
PACIFIC,69942,https://www.vlr.gg/69942/team-nkt-vs-lumsum-champions-tour-thailand-stage-1-challengers-group-a,842,2022-02-19,3:30 PM
PACIFIC,69943,https://www.vlr.gg/69943/fw-esports-vs-sharper-esport-champions-tour-thailand-stage-1-challengers-group-b,842,2022-02-19,5:50 PM
PACIFIC,69944,https://www.vlr.gg/69944/aricat-esport-vs-heat-waves-champions-tour-thailand-stage-1-challengers-group-d,842,2022-02-19,8:30 PM
PACIFIC,69945,https://www.vlr.gg/69945/daytrade-nursery-vs-x10-crit-champions-tour-thailand-stage-1-challengers-group-a,842,2022-02-20,3:30 PM
PACIFIC,69946,https://www.vlr.gg/69946/team-jobso-vs-made-in-thailand-champions-tour-thailand-stage-1-challengers-group-c,842,2022-02-20,6:30 PM
PACIFIC,69947,https://www.vlr.gg/69947/attack-all-around-vs-full-sense-champions-tour-thailand-stage-1-challengers-group-d,842,2022-02-20,9:15 PM
PACIFIC,69957,https://www.vlr.gg/69957/xerxia-esports-vs-x10-crit-champions-tour-thailand-stage-1-challengers-playoffs-qf,842,2022-02-24,5:00 PM
PACIFIC,69958,https://www.vlr.gg/69958/full-sense-vs-sharper-esport-champions-tour-thailand-stage-1-challengers-playoffs-qf,842,2022-02-24,7:35 PM
PACIFIC,69959,https://www.vlr.gg/69959/team-nkt-vs-attack-all-around-champions-tour-thailand-stage-1-challengers-playoffs-qf,842,2022-02-25,5:00 PM
PACIFIC,69960,https://www.vlr.gg/69960/47-gaming-vs-made-in-thailand-champions-tour-thailand-stage-1-challengers-playoffs-qf,842,2022-02-25,8:00 PM
PACIFIC,69961,https://www.vlr.gg/69961/xerxia-esports-vs-full-sense-champions-tour-thailand-stage-1-challengers-playoffs-sf,842,2022-02-26,5:00 PM
PACIFIC,69962,https://www.vlr.gg/69962/team-nkt-vs-made-in-thailand-champions-tour-thailand-stage-1-challengers-playoffs-sf,842,2022-02-26,7:35 PM
PACIFIC,69963,https://www.vlr.gg/69963/full-sense-vs-team-nkt-champions-tour-thailand-stage-1-challengers-playoffs-bf,842,2022-02-27,3:00 PM
PACIFIC,69964,https://www.vlr.gg/69964/xerxia-esports-vs-made-in-thailand-champions-tour-thailand-stage-1-challengers-playoffs-gf,842,2022-02-27,8:00 PM
PACIFIC,65368,https://www.vlr.gg/65368/nomaden-blu-vs-ayamjago-champions-tour-indonesia-stage-1-challengers-ro64,823,2022-01-20,4:30 PM
PACIFIC,65369,https://www.vlr.gg/65369/golden-trash-vs-f-champions-tour-indonesia-stage-1-challengers-ro64,823,2022-01-20,4:30 PM
PACIFIC,65370,https://www.vlr.gg/65370/kampung-durian-runtuh-vs-dominatus-ataraxia-champions-tour-indonesia-stage-1-challengers-ro64,823,2022-01-20,4:30 PM
PACIFIC,65371,https://www.vlr.gg/65371/team-frog-vs-faithabis-champions-tour-indonesia-stage-1-challengers-ro64,823,2022-01-20,4:30 PM
PACIFIC,65372,https://www.vlr.gg/65372/team-x-force-vs-syn-ting-champions-tour-indonesia-stage-1-challengers-ro64,823,2022-01-20,4:30 PM
PACIFIC,65373,https://www.vlr.gg/65373/team-agf-vs-gob-incloud-champions-tour-indonesia-stage-1-challengers-ro64,823,2022-01-20,4:30 PM
PACIFIC,65374,https://www.vlr.gg/65374/fisher-esports-vs-bob-the-builder-champions-tour-indonesia-stage-1-challengers-ro64,823,2022-01-20,4:30 PM
PACIFIC,65375,https://www.vlr.gg/65375/orion-genesis-esports-vs-fratern1ty-champions-tour-indonesia-stage-1-challengers-ro64,823,2022-01-20,4:30 PM
PACIFIC,65376,https://www.vlr.gg/65376/dewa-united-vs-masquerade-champions-tour-indonesia-stage-1-challengers-ro64,823,2022-01-20,4:30 PM
PACIFIC,65377,https://www.vlr.gg/65377/morph-impact-vs-nerx-champions-tour-indonesia-stage-1-challengers-ro64,823,2022-01-20,4:30 PM
PACIFIC,65378,https://www.vlr.gg/65378/nwj-vs-big-gaming-id-champions-tour-indonesia-stage-1-challengers-ro64,823,2022-01-20,4:30 PM
PACIFIC,65379,https://www.vlr.gg/65379/beast-vs-voyage-champions-tour-indonesia-stage-1-challengers-ro64,823,2022-01-20,4:30 PM
PACIFIC,65380,https://www.vlr.gg/65380/nemeziz-vs-yang-terxakiti-champions-tour-indonesia-stage-1-challengers-ro64,823,2022-01-20,4:30 PM
PACIFIC,65381,https://www.vlr.gg/65381/the-alternative-proxima-vs-sana-champions-tour-indonesia-stage-1-challengers-ro64,823,2022-01-20,4:30 PM
PACIFIC,65382,https://www.vlr.gg/65382/reform-esports-vs-zofa-king-nub-champions-tour-indonesia-stage-1-challengers-ro64,823,2022-01-20,4:30 PM
PACIFIC,65383,https://www.vlr.gg/65383/cassanova-vs-boy-with-love-champions-tour-indonesia-stage-1-challengers-ro64,823,2022-01-20,4:30 PM
PACIFIC,65391,https://www.vlr.gg/65391/r-veuse-vs-team-phenix-champions-tour-indonesia-stage-1-challengers-ro64,823,2022-01-20,4:30 PM
PACIFIC,65392,https://www.vlr.gg/65392/og-vs-atg-scourge-champions-tour-indonesia-stage-1-challengers-ro64,823,2022-01-20,4:30 PM
PACIFIC,65393,https://www.vlr.gg/65393/eaid-misfits-vs-rival-esports-alpha-champions-tour-indonesia-stage-1-challengers-ro64,823,2022-01-20,4:30 PM
PACIFIC,65394,https://www.vlr.gg/65394/ethereal-vs-pandora-oris-champions-tour-indonesia-stage-1-challengers-ro64,823,2022-01-20,4:30 PM
PACIFIC,65395,https://www.vlr.gg/65395/pwyh-vs-bigetron-arctic-champions-tour-indonesia-stage-1-challengers-ro64,823,2022-01-20,4:30 PM
PACIFIC,65396,https://www.vlr.gg/65396/excend-vs-gas-esports-champions-tour-indonesia-stage-1-challengers-ro64,823,2022-01-20,4:30 PM
PACIFIC,65397,https://www.vlr.gg/65397/xtardust-vs-nocturn-betelgeuse-champions-tour-indonesia-stage-1-challengers-ro64,823,2022-01-20,4:30 PM
PACIFIC,65398,https://www.vlr.gg/65398/simp-vs-lords-of-heist-champions-tour-indonesia-stage-1-challengers-ro64,823,2022-01-20,4:30 PM
PACIFIC,65399,https://www.vlr.gg/65399/gamer-xtreme-vs-glhf-champions-tour-indonesia-stage-1-challengers-ro64,823,2022-01-20,4:30 PM
PACIFIC,65400,https://www.vlr.gg/65400/nocturned-team-vs-team-exist-champions-tour-indonesia-stage-1-challengers-ro64,823,2022-01-20,4:30 PM
PACIFIC,65401,https://www.vlr.gg/65401/nongkrong-kilat-vs-cereal-killers-champions-tour-indonesia-stage-1-challengers-ro64,823,2022-01-20,4:30 PM
PACIFIC,65402,https://www.vlr.gg/65402/gerakan-bawah-tanah-vs-team-pelarian-champions-tour-indonesia-stage-1-challengers-ro64,823,2022-01-20,4:30 PM
PACIFIC,65403,https://www.vlr.gg/65403/babybeast-vs-bismillah-pasrah-champions-tour-indonesia-stage-1-challengers-ro64,823,2022-01-20,4:30 PM
PACIFIC,65404,https://www.vlr.gg/65404/fortez-fuego-vs-gas-terus-champions-tour-indonesia-stage-1-challengers-ro64,823,2022-01-20,4:30 PM
PACIFIC,65405,https://www.vlr.gg/65405/sorealis-vs-landak-tropis-champions-tour-indonesia-stage-1-challengers-ro64,823,2022-01-20,4:30 PM
PACIFIC,65406,https://www.vlr.gg/65406/fostreumxide-vs-pummel-party-champions-tour-indonesia-stage-1-challengers-ro64,823,2022-01-20,4:30 PM
PACIFIC,65430,https://www.vlr.gg/65430/nomaden-blu-vs-yang-terxakiti-champions-tour-indonesia-stage-1-challengers-r1,823,2022-01-21,2:00 PM
PACIFIC,65431,https://www.vlr.gg/65431/r-veuse-vs-glhf-champions-tour-indonesia-stage-1-challengers-r1,823,2022-01-21,2:00 PM
PACIFIC,65432,https://www.vlr.gg/65432/dewa-united-vs-bigetron-arctic-champions-tour-indonesia-stage-1-challengers-r1,823,2022-01-21,2:00 PM
PACIFIC,65433,https://www.vlr.gg/65433/babybeast-vs-bob-the-builder-champions-tour-indonesia-stage-1-challengers-r1,823,2022-01-21,2:00 PM
PACIFIC,65434,https://www.vlr.gg/65434/team-x-force-vs-landak-tropis-champions-tour-indonesia-stage-1-challengers-r1,823,2022-01-21,2:00 PM
PACIFIC,65435,https://www.vlr.gg/65435/xtardust-vs-zofa-king-nub-champions-tour-indonesia-stage-1-challengers-r1,823,2022-01-21,2:00 PM
PACIFIC,65436,https://www.vlr.gg/65436/eaid-misfits-vs-big-gaming-id-champions-tour-indonesia-stage-1-challengers-r1,823,2022-01-21,2:00 PM
PACIFIC,65437,https://www.vlr.gg/65437/team-frog-vs-cereal-killers-champions-tour-indonesia-stage-1-challengers-r1,823,2022-01-21,2:00 PM
PACIFIC,65438,https://www.vlr.gg/65438/ethereal-vs-dominatus-ataraxia-champions-tour-indonesia-stage-1-challengers-r1,823,2022-01-21,2:00 PM
PACIFIC,65439,https://www.vlr.gg/65439/beast-vs-team-pelarian-champions-tour-indonesia-stage-1-challengers-r1,823,2022-01-21,2:00 PM
PACIFIC,65440,https://www.vlr.gg/65440/fostreumxide-vs-boy-with-love-champions-tour-indonesia-stage-1-challengers-r1,823,2022-01-21,2:00 PM
PACIFIC,65441,https://www.vlr.gg/65441/orion-genesis-esports-vs-lords-of-heist-champions-tour-indonesia-stage-1-challengers-r1,823,2022-01-21,2:00 PM
PACIFIC,65442,https://www.vlr.gg/65442/team-agf-vs-gas-terus-champions-tour-indonesia-stage-1-challengers-r1,823,2022-01-21,2:00 PM
PACIFIC,65443,https://www.vlr.gg/65443/excend-vs-sana-champions-tour-indonesia-stage-1-challengers-r1,823,2022-01-21,2:00 PM
PACIFIC,65444,https://www.vlr.gg/65444/morph-impact-vs-f-champions-tour-indonesia-stage-1-challengers-r1,823,2022-01-21,2:00 PM
PACIFIC,65445,https://www.vlr.gg/65445/nocturned-team-vs-og-champions-tour-indonesia-stage-1-challengers-r1,823,2022-01-21,2:00 PM
PACIFIC,65608,https://www.vlr.gg/65608/bigetron-arctic-vs-nocturned-team-champions-tour-indonesia-stage-1-challengers-r2,823,2022-01-21,5:00 PM
PACIFIC,65609,https://www.vlr.gg/65609/lords-of-heist-vs-bob-the-builder-champions-tour-indonesia-stage-1-challengers-r2,823,2022-01-21,5:00 PM
PACIFIC,65610,https://www.vlr.gg/65610/team-frog-vs-xtardust-champions-tour-indonesia-stage-1-challengers-r2,823,2022-01-21,5:00 PM
PACIFIC,65611,https://www.vlr.gg/65611/babybeast-vs-yang-terxakiti-champions-tour-indonesia-stage-1-challengers-r2,823,2022-01-21,5:00 PM
PACIFIC,65612,https://www.vlr.gg/65612/boy-with-love-vs-team-x-force-champions-tour-indonesia-stage-1-challengers-r2,823,2022-01-21,5:00 PM
PACIFIC,65613,https://www.vlr.gg/65613/big-gaming-id-vs-nomaden-blu-champions-tour-indonesia-stage-1-challengers-r2,823,2022-01-21,5:00 PM
PACIFIC,65614,https://www.vlr.gg/65614/team-pelarian-vs-team-agf-champions-tour-indonesia-stage-1-challengers-r2,823,2022-01-21,5:00 PM
PACIFIC,65615,https://www.vlr.gg/65615/eaid-misfits-vs-og-champions-tour-indonesia-stage-1-challengers-r2,823,2022-01-21,5:00 PM
PACIFIC,65616,https://www.vlr.gg/65616/cereal-killers-vs-dewa-united-champions-tour-indonesia-stage-1-challengers-r2,823,2022-01-21,5:00 PM
PACIFIC,65617,https://www.vlr.gg/65617/fostreumxide-vs-zofa-king-nub-champions-tour-indonesia-stage-1-challengers-r2,823,2022-01-21,5:00 PM
PACIFIC,65618,https://www.vlr.gg/65618/sana-vs-gas-terus-champions-tour-indonesia-stage-1-challengers-r2,823,2022-01-21,5:00 PM
PACIFIC,65619,https://www.vlr.gg/65619/glhf-vs-orion-genesis-esports-champions-tour-indonesia-stage-1-challengers-r2,823,2022-01-21,5:00 PM
PACIFIC,65620,https://www.vlr.gg/65620/morph-impact-vs-beast-champions-tour-indonesia-stage-1-challengers-r2,823,2022-01-21,5:00 PM
PACIFIC,65621,https://www.vlr.gg/65621/r-veuse-vs-ethereal-champions-tour-indonesia-stage-1-challengers-r2,823,2022-01-21,5:00 PM
PACIFIC,65622,https://www.vlr.gg/65622/excend-vs-landak-tropis-champions-tour-indonesia-stage-1-challengers-r2,823,2022-01-21,5:00 PM
PACIFIC,65623,https://www.vlr.gg/65623/f-vs-dominatus-ataraxia-champions-tour-indonesia-stage-1-challengers-r2,823,2022-01-21,5:00 PM
PACIFIC,65651,https://www.vlr.gg/65651/landak-tropis-vs-r-veuse-champions-tour-indonesia-stage-1-challengers-r3,823,2022-01-22,2:00 PM
PACIFIC,65652,https://www.vlr.gg/65652/zofa-king-nub-vs-yang-terxakiti-champions-tour-indonesia-stage-1-challengers-r3,823,2022-01-22,2:00 PM
PACIFIC,65653,https://www.vlr.gg/65653/morph-impact-vs-team-pelarian-champions-tour-indonesia-stage-1-challengers-r3,823,2022-01-22,2:00 PM
PACIFIC,65654,https://www.vlr.gg/65654/babybeast-vs-og-champions-tour-indonesia-stage-1-challengers-r3,823,2022-01-22,2:00 PM
PACIFIC,65655,https://www.vlr.gg/65655/team-x-force-vs-nocturned-team-champions-tour-indonesia-stage-1-challengers-r3,823,2022-01-22,2:00 PM
PACIFIC,65656,https://www.vlr.gg/65656/dewa-united-vs-xtardust-champions-tour-indonesia-stage-1-challengers-r3,823,2022-01-22,2:00 PM
PACIFIC,65657,https://www.vlr.gg/65657/eaid-misfits-vs-bob-the-builder-champions-tour-indonesia-stage-1-challengers-r3,823,2022-01-22,2:00 PM
PACIFIC,65658,https://www.vlr.gg/65658/dominatus-ataraxia-vs-team-agf-champions-tour-indonesia-stage-1-challengers-r3,823,2022-01-22,2:00 PM
PACIFIC,65659,https://www.vlr.gg/65659/excend-vs-fostreumxide-champions-tour-indonesia-stage-1-challengers-r3,823,2022-01-22,2:00 PM
PACIFIC,65660,https://www.vlr.gg/65660/bigetron-arctic-vs-beast-champions-tour-indonesia-stage-1-challengers-r3,823,2022-01-22,2:00 PM
PACIFIC,65661,https://www.vlr.gg/65661/lords-of-heist-vs-sana-champions-tour-indonesia-stage-1-challengers-r3,823,2022-01-22,2:00 PM
PACIFIC,65662,https://www.vlr.gg/65662/big-gaming-id-vs-ethereal-champions-tour-indonesia-stage-1-challengers-r3,823,2022-01-22,2:00 PM
PACIFIC,65663,https://www.vlr.gg/65663/gas-terus-vs-orion-genesis-esports-champions-tour-indonesia-stage-1-challengers-r3,823,2022-01-22,2:00 PM
PACIFIC,65664,https://www.vlr.gg/65664/cereal-killers-vs-glhf-champions-tour-indonesia-stage-1-challengers-r3,823,2022-01-22,2:00 PM
PACIFIC,65665,https://www.vlr.gg/65665/team-frog-vs-boy-with-love-champions-tour-indonesia-stage-1-challengers-r3,823,2022-01-22,2:00 PM
PACIFIC,65666,https://www.vlr.gg/65666/f-vs-nomaden-blu-champions-tour-indonesia-stage-1-challengers-r3,823,2022-01-22,2:00 PM
PACIFIC,65766,https://www.vlr.gg/65766/zofa-king-nub-vs-nocturned-team-champions-tour-indonesia-stage-1-challengers-r4,823,2022-01-22,5:30 PM
PACIFIC,65767,https://www.vlr.gg/65767/landak-tropis-vs-bob-the-builder-champions-tour-indonesia-stage-1-challengers-r4,823,2022-01-22,5:30 PM
PACIFIC,65768,https://www.vlr.gg/65768/nomaden-blu-vs-excend-champions-tour-indonesia-stage-1-challengers-r4,823,2022-01-22,5:30 PM
PACIFIC,65769,https://www.vlr.gg/65769/sana-vs-f-champions-tour-indonesia-stage-1-challengers-r4,823,2022-01-22,5:30 PM
PACIFIC,65770,https://www.vlr.gg/65770/xtardust-vs-r-veuse-champions-tour-indonesia-stage-1-challengers-r4,823,2022-01-22,5:30 PM
PACIFIC,65771,https://www.vlr.gg/65771/orion-genesis-esports-vs-cereal-killers-champions-tour-indonesia-stage-1-challengers-r4,823,2022-01-22,5:30 PM
PACIFIC,65772,https://www.vlr.gg/65772/team-frog-vs-gas-terus-champions-tour-indonesia-stage-1-challengers-r4,823,2022-01-22,5:30 PM
PACIFIC,65773,https://www.vlr.gg/65773/beast-vs-dewa-united-champions-tour-indonesia-stage-1-challengers-r4,823,2022-01-22,5:30 PM
PACIFIC,65774,https://www.vlr.gg/65774/morph-impact-vs-team-x-force-champions-tour-indonesia-stage-1-challengers-r4,823,2022-01-22,5:30 PM
PACIFIC,65775,https://www.vlr.gg/65775/yang-terxakiti-vs-ethereal-champions-tour-indonesia-stage-1-challengers-r4,823,2022-01-22,5:30 PM
PACIFIC,65776,https://www.vlr.gg/65776/og-vs-team-pelarian-champions-tour-indonesia-stage-1-challengers-r4,823,2022-01-22,5:30 PM
PACIFIC,65777,https://www.vlr.gg/65777/eaid-misfits-vs-dominatus-ataraxia-champions-tour-indonesia-stage-1-challengers-r4,823,2022-01-22,5:30 PM
PACIFIC,65805,https://www.vlr.gg/65805/cereal-killers-vs-yang-terxakiti-champions-tour-indonesia-stage-1-challengers-r5,823,2022-01-23,2:00 PM
PACIFIC,65807,https://www.vlr.gg/65807/zofa-king-nub-vs-nomaden-blu-champions-tour-indonesia-stage-1-challengers-r5,823,2022-01-23,2:00 PM
PACIFIC,65808,https://www.vlr.gg/65808/gas-terus-vs-team-pelarian-champions-tour-indonesia-stage-1-challengers-r5,823,2022-01-23,2:00 PM
PACIFIC,65809,https://www.vlr.gg/65809/sana-vs-team-x-force-champions-tour-indonesia-stage-1-challengers-r5,823,2022-01-23,2:00 PM
PACIFIC,65810,https://www.vlr.gg/65810/beast-vs-xtardust-champions-tour-indonesia-stage-1-challengers-r5,823,2022-01-23,2:00 PM
PACIFIC,65806,https://www.vlr.gg/65806/landak-tropis-vs-eaid-misfits-champions-tour-indonesia-stage-1-challengers-r5,823,2022-01-23,2:30 PM
PACIFIC,65980,https://www.vlr.gg/65980/beast-vs-team-x-force-champions-tour-indonesia-stage-1-challengers-r6,823,2022-01-23,5:25 PM
PACIFIC,65979,https://www.vlr.gg/65979/team-pelarian-vs-nomaden-blu-champions-tour-indonesia-stage-1-challengers-r6,823,2022-01-23,5:30 PM
PACIFIC,65981,https://www.vlr.gg/65981/cereal-killers-vs-landak-tropis-champions-tour-indonesia-stage-1-challengers-r6,823,2022-01-23,5:30 PM
PACIFIC,67116,https://www.vlr.gg/67116/boom-esports-vs-team-frog-champions-tour-indonesia-stage-1-challengers-opening-a,823,2022-02-11,2:00 PM
PACIFIC,67117,https://www.vlr.gg/67117/bigetron-arctic-vs-morph-impact-champions-tour-indonesia-stage-1-challengers-opening-a,823,2022-02-11,4:30 PM
PACIFIC,67121,https://www.vlr.gg/67121/onic-g-vs-beast-champions-tour-indonesia-stage-1-challengers-opening-b,823,2022-02-11,6:15 PM
PACIFIC,67122,https://www.vlr.gg/67122/lords-of-heist-vs-bob-the-builder-champions-tour-indonesia-stage-1-challengers-opening-b,823,2022-02-12,11:00 AM
PACIFIC,67126,https://www.vlr.gg/67126/alter-ego-vs-cereal-killers-champions-tour-indonesia-stage-1-challengers-opening-c,823,2022-02-12,1:30 PM
PACIFIC,67127,https://www.vlr.gg/67127/big-gaming-id-vs-dewa-united-champions-tour-indonesia-stage-1-challengers-opening-c,823,2022-02-12,3:30 PM
PACIFIC,67128,https://www.vlr.gg/67128/boy-with-love-vs-team-pelarian-champions-tour-indonesia-stage-1-challengers-opening-d,823,2022-02-12,6:30 PM
PACIFIC,67129,https://www.vlr.gg/67129/ethereal-vs-team-f-champions-tour-indonesia-stage-1-challengers-opening-d,823,2022-02-13,11:00 AM
PACIFIC,70378,https://www.vlr.gg/70378/team-frog-vs-morph-impact-champions-tour-indonesia-stage-1-challengers-elimination-a,823,2022-02-13,1:00 PM
PACIFIC,70381,https://www.vlr.gg/70381/beast-vs-bob-the-builder-champions-tour-indonesia-stage-1-challengers-elimination-b,823,2022-02-13,4:00 PM
PACIFIC,70384,https://www.vlr.gg/70384/cereal-killers-vs-big-gaming-id-champions-tour-indonesia-stage-1-challengers-elimination-c,823,2022-02-13,5:50 PM
PACIFIC,70387,https://www.vlr.gg/70387/team-pelarian-vs-team-f-champions-tour-indonesia-stage-1-challengers-elimination-d,823,2022-02-18,2:00 PM
PACIFIC,70377,https://www.vlr.gg/70377/boom-esports-vs-bigetron-arctic-champions-tour-indonesia-stage-1-challengers-winners-a,823,2022-02-18,5:30 PM
PACIFIC,70380,https://www.vlr.gg/70380/onic-g-vs-lords-of-heist-champions-tour-indonesia-stage-1-challengers-winners-b,823,2022-02-18,7:45 PM
PACIFIC,70383,https://www.vlr.gg/70383/alter-ego-vs-dewa-united-champions-tour-indonesia-stage-1-challengers-winners-c,823,2022-02-19,1:00 PM
PACIFIC,70386,https://www.vlr.gg/70386/boy-with-love-vs-ethereal-champions-tour-indonesia-stage-1-challengers-winners-d,823,2022-02-19,3:15 PM
PACIFIC,70379,https://www.vlr.gg/70379/bigetron-arctic-vs-team-frog-champions-tour-indonesia-stage-1-challengers-decider-a,823,2022-02-19,6:00 PM
PACIFIC,70382,https://www.vlr.gg/70382/lords-of-heist-vs-beast-champions-tour-indonesia-stage-1-challengers-decider-b,823,2022-02-20,1:00 PM
PACIFIC,70385,https://www.vlr.gg/70385/dewa-united-vs-big-gaming-id-champions-tour-indonesia-stage-1-challengers-decider-c,823,2022-02-20,3:30 PM
PACIFIC,70388,https://www.vlr.gg/70388/ethereal-vs-team-pelarian-champions-tour-indonesia-stage-1-challengers-decider-d,823,2022-02-20,6:00 PM
PACIFIC,72325,https://www.vlr.gg/72325/onic-g-vs-ethereal-champions-tour-indonesia-stage-1-challengers-ubqf,823,2022-02-23,1:30 PM
PACIFIC,72324,https://www.vlr.gg/72324/boom-esports-vs-dewa-united-esports-champions-tour-indonesia-stage-1-challengers-ubqf,823,2022-02-23,3:25 PM
PACIFIC,72326,https://www.vlr.gg/72326/alter-ego-vs-bigetron-arctic-champions-tour-indonesia-stage-1-challengers-ubqf,823,2022-02-23,5:30 PM
PACIFIC,72327,https://www.vlr.gg/72327/boy-with-love-vs-beast-champions-tour-indonesia-stage-1-challengers-ubqf,823,2022-02-24,1:30 PM
PACIFIC,73367,https://www.vlr.gg/73367/ethereal-vs-dewa-united-esports-champions-tour-indonesia-stage-1-challengers-lbr1,823,2022-02-24,4:00 PM
PACIFIC,73365,https://www.vlr.gg/73365/onic-g-vs-boom-esports-champions-tour-indonesia-stage-1-challengers-ubsf,823,2022-02-24,7:00 PM
PACIFIC,73368,https://www.vlr.gg/73368/beast-vs-bigetron-arctic-champions-tour-indonesia-stage-1-challengers-lbr1,823,2022-02-25,2:00 PM
PACIFIC,73366,https://www.vlr.gg/73366/alter-ego-vs-boy-with-love-champions-tour-indonesia-stage-1-challengers-ubsf,823,2022-02-25,5:25 PM
PACIFIC,73849,https://www.vlr.gg/73849/boom-esports-vs-bigetron-arctic-champions-tour-indonesia-stage-1-challengers-lbr2,823,2022-02-25,9:30 PM
PACIFIC,73851,https://www.vlr.gg/73851/dewa-united-esports-vs-alter-ego-champions-tour-indonesia-stage-1-challengers-lbr2,823,2022-02-26,1:30 PM
PACIFIC,73868,https://www.vlr.gg/73868/onic-g-vs-boy-with-love-champions-tour-indonesia-stage-1-challengers-ubf,823,2022-02-26,4:00 PM
PACIFIC,73867,https://www.vlr.gg/73867/alter-ego-vs-boom-esports-champions-tour-indonesia-stage-1-challengers-lbr3,823,2022-02-26,6:30 PM
PACIFIC,73869,https://www.vlr.gg/73869/onic-g-vs-boom-esports-champions-tour-indonesia-stage-1-challengers-lbf,823,2022-02-27,1:30 PM
PACIFIC,73870,https://www.vlr.gg/73870/boy-with-love-vs-boom-esports-champions-tour-indonesia-stage-1-challengers-gf,823,2022-02-27,4:15 PM
PACIFIC,66642,https://www.vlr.gg/66642/global-esports-vs-aristocrats-conquerors-championship-in-qualifier-1-ro16,840,2022-01-26,6:30 PM
PACIFIC,66643,https://www.vlr.gg/66643/god-particles-vs-blind-esports-conquerors-championship-in-qualifier-1-ro16,840,2022-01-26,6:30 PM
PACIFIC,66644,https://www.vlr.gg/66644/tryouts-vs-m42-esports-conquerors-championship-in-qualifier-1-ro16,840,2022-01-26,6:30 PM
PACIFIC,66645,https://www.vlr.gg/66645/true-rippers-vs-amigos-esports-conquerors-championship-in-qualifier-1-ro16,840,2022-01-26,6:30 PM
PACIFIC,66646,https://www.vlr.gg/66646/velocity-gaming-vs-monkey-bite-esports-conquerors-championship-in-qualifier-1-ro16,840,2022-01-26,6:30 PM
PACIFIC,66647,https://www.vlr.gg/66647/reckoning-esports-vs-chillinwithfriends-conquerors-championship-in-qualifier-1-ro16,840,2022-01-26,6:30 PM
PACIFIC,66648,https://www.vlr.gg/66648/enigma-gaming-vs-pacific-gaming-conquerors-championship-in-qualifier-1-ro16,840,2022-01-26,6:30 PM
PACIFIC,66649,https://www.vlr.gg/66649/t69-vs-team-wizard-conquerors-championship-in-qualifier-1-ro16,840,2022-01-26,6:30 PM
PACIFIC,66888,https://www.vlr.gg/66888/global-esports-vs-god-particles-conquerors-championship-in-qualifier-1-qf,840,2022-01-28,4:00 PM
PACIFIC,66889,https://www.vlr.gg/66889/tryouts-vs-true-rippers-conquerors-championship-in-qualifier-1-qf,840,2022-01-28,6:30 PM
PACIFIC,66890,https://www.vlr.gg/66890/velocity-gaming-vs-reckoning-esports-conquerors-championship-in-qualifier-1-qf,840,2022-01-28,9:00 PM
PACIFIC,66891,https://www.vlr.gg/66891/enigma-gaming-vs-t69-conquerors-championship-in-qualifier-1-qf,840,2022-01-29,4:00 PM
PACIFIC,66892,https://www.vlr.gg/66892/global-esports-vs-true-rippers-conquerors-championship-in-qualifier-1-sf,840,2022-01-29,5:30 PM
PACIFIC,66893,https://www.vlr.gg/66893/velocity-gaming-vs-enigma-gaming-conquerors-championship-in-qualifier-1-sf,840,2022-01-29,7:20 PM
PACIFIC,67753,https://www.vlr.gg/67753/team-exploit-vs-gotypeeks-conquerors-championship-pk-af-qualifier-qf,840,2022-01-29,9:00 PM
PACIFIC,67754,https://www.vlr.gg/67754/team-arrow-vs-paradise-esports-conquerors-championship-pk-af-qualifier-qf,840,2022-01-29,9:00 PM
PACIFIC,67756,https://www.vlr.gg/67756/fear-legends-vs-salt-esports-conquerors-championship-pk-af-qualifier-qf,840,2022-01-29,9:00 PM
PACIFIC,67755,https://www.vlr.gg/67755/clarity-esports-vs-fitoor-esports-conquerors-championship-pk-af-qualifier-qf,840,2022-01-29,11:00 PM
PACIFIC,66894,https://www.vlr.gg/66894/global-esports-vs-enigma-gaming-conquerors-championship-in-qualifier-1-gf,840,2022-01-30,6:30 PM
PACIFIC,68033,https://www.vlr.gg/68033/exceeli-esports-vs-ae-ravenous-valorant-conquerors-championship-bd-qualifier-qf,840,2022-01-30,7:00 PM
PACIFIC,68034,https://www.vlr.gg/68034/se-necrosis-vs-npgtxd-valorant-conquerors-championship-bd-qualifier-qf,840,2022-01-30,7:00 PM
PACIFIC,68035,https://www.vlr.gg/68035/m1syl-friends-vs-aurelius-esports-valorant-conquerors-championship-bd-qualifier-qf,840,2022-01-30,7:00 PM
PACIFIC,68036,https://www.vlr.gg/68036/lfo-vs-got-pranked-valorant-conquerors-championship-bd-qualifier-qf,840,2022-01-30,7:00 PM
PACIFIC,68310,https://www.vlr.gg/68310/m1syl-friends-vs-got-pranked-valorant-conquerors-championship-bd-qualifier-sf,840,2022-01-31,6:00 PM
PACIFIC,68041,https://www.vlr.gg/68041/m-es-revolutionary-gamers-vs-team-12-valorant-conquerors-championship-lk-mv-qualifier-qf,840,2022-01-31,6:30 PM
PACIFIC,68042,https://www.vlr.gg/68042/na-whiff-masters-vs-team-craze-valorant-conquerors-championship-lk-mv-qualifier-qf,840,2022-01-31,6:30 PM
PACIFIC,68043,https://www.vlr.gg/68043/union-gaming-vs-cloud-nein-valorant-conquerors-championship-lk-mv-qualifier-qf,840,2022-01-31,6:30 PM
PACIFIC,68309,https://www.vlr.gg/68309/exceeli-esports-vs-se-necrosis-valorant-conquerors-championship-bd-qualifier-sf,840,2022-01-31,7:00 PM
PACIFIC,68040,https://www.vlr.gg/68040/crash-landin-on-you-vs-hyperzero-valorant-conquerors-championship-lk-mv-qualifier-qf,840,2022-01-31,8:00 PM
PACIFIC,67757,https://www.vlr.gg/67757/team-exploit-vs-paradise-esports-valorant-conquerors-championship-pk-af-qualifier-sf,840,2022-01-31,9:00 PM
PACIFIC,67758,https://www.vlr.gg/67758/clarity-esports-vs-salt-esports-valorant-conquerors-championship-pk-af-qualifier-sf,840,2022-01-31,11:15 PM
PACIFIC,68393,https://www.vlr.gg/68393/na-whiff-masters-vs-union-gaming-valorant-conquerors-championship-lk-mv-qualifier-sf,840,2022-02-01,6:30 PM
PACIFIC,68394,https://www.vlr.gg/68394/team-exploit-vs-salt-esports-valorant-conquerors-championship-pk-af-qualifier-gf,840,2022-02-01,7:00 PM
PACIFIC,68392,https://www.vlr.gg/68392/crash-landin-on-you-vs-m-es-revolutionary-gamers-valorant-conquerors-championship-lk-mv-qualifier,840,2022-02-01,7:15 PM
PACIFIC,68311,https://www.vlr.gg/68311/exceeli-esports-vs-m1syl-friends-valorant-conquerors-championship-bd-qualifier-gf,840,2022-02-02,6:00 PM
PACIFIC,68438,https://www.vlr.gg/68438/crash-landin-on-you-vs-union-gaming-valorant-conquerors-championship-lk-mv-qualifier-gf,840,2022-02-03,6:30 PM
PACIFIC,68837,https://www.vlr.gg/68837/global-esports-vs-cavalry-valorant-conquerors-championship-in-qualifier-2-ro16,840,2022-02-03,6:30 PM
PACIFIC,68838,https://www.vlr.gg/68838/t69-vs-team-valor-valorant-conquerors-championship-in-qualifier-2-ro16,840,2022-02-03,6:30 PM
PACIFIC,68839,https://www.vlr.gg/68839/team-astra-vs-nogas-esports-valorant-conquerors-championship-in-qualifier-2-ro16,840,2022-02-03,6:30 PM
PACIFIC,68840,https://www.vlr.gg/68840/god-particles-vs-anime-aimers-valorant-conquerors-championship-in-qualifier-2-ro16,840,2022-02-03,6:30 PM
PACIFIC,68841,https://www.vlr.gg/68841/velocity-gaming-vs-optimistic-esports-valorant-conquerors-championship-in-qualifier-2-ro16,840,2022-02-03,6:30 PM
PACIFIC,68842,https://www.vlr.gg/68842/tryouts-vs-tunker-valorant-conquerors-championship-in-qualifier-2-ro16,840,2022-02-03,6:30 PM
PACIFIC,68843,https://www.vlr.gg/68843/true-rippers-vs-galaxy-esports-valorant-conquerors-championship-in-qualifier-2-ro16,840,2022-02-03,6:30 PM
PACIFIC,68844,https://www.vlr.gg/68844/reckoning-esports-vs-aristocrats-valorant-conquerors-championship-in-qualifier-2-ro16,840,2022-02-03,6:30 PM
PACIFIC,68845,https://www.vlr.gg/68845/global-esports-vs-team-valor-valorant-conquerors-championship-in-qualifier-2-qf,840,2022-02-04,4:00 PM
PACIFIC,68846,https://www.vlr.gg/68846/nogas-esports-vs-god-particles-valorant-conquerors-championship-in-qualifier-2-qf,840,2022-02-04,7:00 PM
PACIFIC,68847,https://www.vlr.gg/68847/velocity-gaming-vs-tryouts-valorant-conquerors-championship-in-qualifier-2-qf,840,2022-02-04,9:10 PM
PACIFIC,69428,https://www.vlr.gg/69428/godgamers-vs-academy-gaming-valorant-conquerors-championship-np-bt-qualifier-qf,840,2022-02-05,6:15 PM
PACIFIC,69429,https://www.vlr.gg/69429/maruti-peek-vs-elon-homies-valorant-conquerors-championship-np-bt-qualifier-qf,840,2022-02-05,6:15 PM
PACIFIC,69430,https://www.vlr.gg/69430/oni-vs-everyones-nemesis-valorant-conquerors-championship-np-bt-qualifier-qf,840,2022-02-05,6:15 PM
PACIFIC,68848,https://www.vlr.gg/68848/true-rippers-vs-reckoning-esports-valorant-conquerors-championship-in-qualifier-2-qf,840,2022-02-05,6:30 PM
PACIFIC,69427,https://www.vlr.gg/69427/khumbu-esports-vs-dark-circle-valorant-conquerors-championship-np-bt-qualifier-qf,840,2022-02-05,8:25 PM
PACIFIC,69123,https://www.vlr.gg/69123/global-esports-vs-god-particles-valorant-conquerors-championship-in-qualifier-2-sf,840,2022-02-05,8:40 PM
PACIFIC,69124,https://www.vlr.gg/69124/velocity-gaming-vs-true-rippers-valorant-conquerors-championship-in-qualifier-2-sf,840,2022-02-06,6:30 PM
PACIFIC,69432,https://www.vlr.gg/69432/khumbu-esports-vs-academy-gaming-valorant-conquerors-championship-np-bt-qualifier-sf,840,2022-02-07,6:15 PM
PACIFIC,69433,https://www.vlr.gg/69433/maruti-peek-vs-everyones-nemesis-valorant-conquerors-championship-np-bt-qualifier-sf,840,2022-02-07,6:15 PM
PACIFIC,69125,https://www.vlr.gg/69125/god-particles-vs-velocity-gaming-valorant-conquerors-championship-in-qualifier-2-gf,840,2022-02-07,6:30 PM
PACIFIC,69434,https://www.vlr.gg/69434/khumbu-esports-vs-maruti-peek-valorant-conquerors-championship-np-bt-qualifier-gf,840,2022-02-08,4:15 PM
PACIFIC,69909,https://www.vlr.gg/69909/crash-landin-on-you-vs-god-particles-valorant-conquerors-championship-wildcard-ubr1,840,2022-02-10,4:00 PM
PACIFIC,69910,https://www.vlr.gg/69910/m1syl-and-friends-vs-salt-esports-valorant-conquerors-championship-wildcard-ubr1,840,2022-02-10,6:00 PM
PACIFIC,69911,https://www.vlr.gg/69911/maruti-peek-vs-god-particles-valorant-conquerors-championship-wildcard-ubsf,840,2022-02-10,9:00 PM
PACIFIC,69912,https://www.vlr.gg/69912/global-esports-vs-m1syl-and-friends-valorant-conquerors-championship-wildcard-ubsf,840,2022-02-11,4:00 PM
PACIFIC,69914,https://www.vlr.gg/69914/maruti-peek-vs-salt-esports-valorant-conquerors-championship-wildcard-lbr1,840,2022-02-11,6:00 PM
PACIFIC,69913,https://www.vlr.gg/69913/m1syl-and-friends-vs-crash-landin-on-you-valorant-conquerors-championship-wildcard-lbr1,840,2022-02-11,7:25 PM
PACIFIC,69915,https://www.vlr.gg/69915/god-particles-vs-global-esports-valorant-conquerors-championship-wildcard-ubf,840,2022-02-12,3:30 PM
PACIFIC,69916,https://www.vlr.gg/69916/m1syl-and-friends-vs-salt-esports-valorant-conquerors-championship-wildcard-lbr2,840,2022-02-12,6:30 PM
PACIFIC,69917,https://www.vlr.gg/69917/god-particles-vs-salt-esports-valorant-conquerors-championship-wildcard-lbf,840,2022-02-13,4:10 PM
PACIFIC,69918,https://www.vlr.gg/69918/global-esports-vs-god-particles-valorant-conquerors-championship-wildcard-gf,840,2022-02-13,7:00 PM
PACIFIC,71398,https://www.vlr.gg/71398/exceeli-esports-vs-velocity-gaming-valorant-conquerors-championship-opening-b,840,2022-02-18,3:30 PM
PACIFIC,71399,https://www.vlr.gg/71399/global-esports-vs-union-gaming-valorant-conquerors-championship-opening-b,840,2022-02-18,6:05 PM
PACIFIC,71394,https://www.vlr.gg/71394/god-particles-vs-team-exploit-valorant-conquerors-championship-opening-a,840,2022-02-18,7:40 PM
PACIFIC,71393,https://www.vlr.gg/71393/enigma-gaming-vs-khumbu-esports-valorant-conquerors-championship-opening-a,840,2022-02-18,9:30 PM
PACIFIC,71395,https://www.vlr.gg/71395/enigma-gaming-vs-team-exploit-valorant-conquerors-championship-winners-a,840,2022-02-19,3:30 PM
PACIFIC,71400,https://www.vlr.gg/71400/velocity-gaming-vs-global-esports-valorant-conquerors-championship-winners-b,840,2022-02-19,5:15 PM
PACIFIC,71396,https://www.vlr.gg/71396/khumbu-esports-vs-god-particles-valorant-conquerors-championship-elim-a,840,2022-02-20,3:00 PM
PACIFIC,71401,https://www.vlr.gg/71401/exceeli-esports-vs-union-gaming-valorant-conquerors-championship-elim-b,840,2022-02-20,4:30 PM
PACIFIC,71397,https://www.vlr.gg/71397/team-exploit-vs-god-particles-valorant-conquerors-championship-decider-a,840,2022-02-20,6:00 PM
PACIFIC,71402,https://www.vlr.gg/71402/global-esports-vs-exceeli-esports-valorant-conquerors-championship-decider-b,840,2022-02-20,9:00 PM
PACIFIC,72359,https://www.vlr.gg/72359/enigma-gaming-vs-global-esports-valorant-conquerors-championship-ubsf,840,2022-02-25,3:30 PM
PACIFIC,72360,https://www.vlr.gg/72360/velocity-gaming-vs-team-exploit-valorant-conquerors-championship-ubsf,840,2022-02-25,5:50 PM
PACIFIC,72363,https://www.vlr.gg/72363/enigma-gaming-vs-team-exploit-valorant-conquerors-championship-lr1,840,2022-02-25,9:15 PM
PACIFIC,72361,https://www.vlr.gg/72361/global-esports-vs-velocity-gaming-valorant-conquerors-championship-ubf,840,2022-02-26,6:30 PM
PACIFIC,72364,https://www.vlr.gg/72364/global-esports-vs-enigma-gaming-valorant-conquerors-championship-lbf,840,2022-02-26,9:00 PM
PACIFIC,72362,https://www.vlr.gg/72362/velocity-gaming-vs-global-esports-valorant-conquerors-championship-gf,840,2022-02-27,6:30 PM
PACIFIC,65583,https://www.vlr.gg/65583/action-ph-vs-717-monster-esports-champions-tour-philippines-stage-1-challengers-open-qualifier-l,841,2022-01-29,7:00 PM
PACIFIC,65584,https://www.vlr.gg/65584/nigma-galaxy-vs-lightspeed-esports-prodigy-champions-tour-philippines-stage-1-challengers-open-q,841,2022-01-29,7:00 PM
PACIFIC,65585,https://www.vlr.gg/65585/sweet-and-spicy-cajun-vs-team-nova-sphinx-champions-tour-philippines-stage-1-challengers-open-qu,841,2022-01-29,7:00 PM
PACIFIC,65586,https://www.vlr.gg/65586/alpha-esports-pro-vs-grindsky-esports-champions-tour-philippines-stage-1-challengers-open-qualif,841,2022-01-29,7:00 PM
PACIFIC,65587,https://www.vlr.gg/65587/amethaverse-esports-vs-naos-esports-champions-tour-philippines-stage-1-challengers-open-qualifie,841,2022-01-30,12:00 PM
PACIFIC,65588,https://www.vlr.gg/65588/nexplay-esports-vs-bren-esports-champions-tour-philippines-stage-1-challengers-open-qualifier-ub,841,2022-01-30,12:00 PM
PACIFIC,65589,https://www.vlr.gg/65589/looking-for-org-vs-crazy-raoul-champions-tour-philippines-stage-1-challengers-open-qualifier-ubq,841,2022-01-30,12:00 PM
PACIFIC,65590,https://www.vlr.gg/65590/oasis-gaming-vs-south-built-esports-champions-tour-philippines-stage-1-challengers-open-qualifie,841,2022-01-30,12:00 PM
PACIFIC,65591,https://www.vlr.gg/65591/amethaverse-esports-vs-action-ph-champions-tour-philippines-stage-1-challengers-open-qualifier-l,841,2022-01-30,1:50 PM
PACIFIC,65592,https://www.vlr.gg/65592/nexplay-esports-vs-nigma-galaxy-champions-tour-philippines-stage-1-challengers-open-qualifier-lr,841,2022-01-30,3:30 PM
PACIFIC,65593,https://www.vlr.gg/65593/crazy-raoul-vs-sweet-and-spicy-cajun-champions-tour-philippines-stage-1-challengers-open-qualifi,841,2022-01-30,3:30 PM
PACIFIC,65594,https://www.vlr.gg/65594/south-built-esports-vs-alpha-esports-pro-champions-tour-philippines-stage-1-challengers-open-qua,841,2022-01-30,4:00 PM
PACIFIC,65595,https://www.vlr.gg/65595/action-ph-vs-nigma-galaxy-champions-tour-philippines-stage-1-challengers-open-qualifier-lr3,841,2022-01-30,5:30 PM
PACIFIC,65596,https://www.vlr.gg/65596/sweet-and-spicy-cajun-vs-south-built-esports-champions-tour-philippines-stage-1-challengers-open,841,2022-01-30,7:00 PM
PACIFIC,68301,https://www.vlr.gg/68301/looking-for-org-vs-naos-esports-champions-tour-philippines-stage-1-challengers-group-b,841,2022-02-10,9:30 AM
PACIFIC,68302,https://www.vlr.gg/68302/zeal-esports-vs-south-built-esports-champions-tour-philippines-stage-1-challengers-group-b,841,2022-02-10,12:00 PM
PACIFIC,68287,https://www.vlr.gg/68287/action-ph-vs-bren-esports-champions-tour-philippines-stage-1-challengers-group-a,841,2022-02-10,3:00 PM
PACIFIC,68286,https://www.vlr.gg/68286/oasis-gaming-vs-action-ph-champions-tour-philippines-stage-1-challengers-group-a,841,2022-02-11,9:40 AM
PACIFIC,68304,https://www.vlr.gg/68304/south-built-esports-vs-looking-for-org-champions-tour-philippines-stage-1-challengers-group-b,841,2022-02-11,1:00 PM
PACIFIC,68294,https://www.vlr.gg/68294/team-secret-vs-oasis-gaming-champions-tour-philippines-stage-1-challengers-group-a,841,2022-02-11,4:30 PM
PACIFIC,68303,https://www.vlr.gg/68303/naos-esports-vs-zeal-esports-champions-tour-philippines-stage-1-challengers-group-b,841,2022-02-12,9:40 AM
PACIFIC,68291,https://www.vlr.gg/68291/bren-esports-vs-team-secret-champions-tour-philippines-stage-1-challengers-group-a,841,2022-02-12,12:15 PM
PACIFIC,68306,https://www.vlr.gg/68306/zeal-esports-vs-looking-for-org-champions-tour-philippines-stage-1-challengers-group-b,841,2022-02-12,2:45 PM
PACIFIC,68283,https://www.vlr.gg/68283/team-secret-vs-action-ph-champions-tour-philippines-stage-1-challengers-group-a,841,2022-02-13,9:45 AM
PACIFIC,68284,https://www.vlr.gg/68284/bren-esports-vs-oasis-gaming-champions-tour-philippines-stage-1-challengers-group-a,841,2022-02-13,2:00 PM
PACIFIC,68305,https://www.vlr.gg/68305/naos-esports-vs-south-built-esports-champions-tour-philippines-stage-1-challengers-group-b,841,2022-02-13,4:25 PM
PACIFIC,68295,https://www.vlr.gg/68295/naos-esports-vs-looking-for-org-champions-tour-philippines-stage-1-challengers-group-b,841,2022-02-17,9:35 AM
PACIFIC,68296,https://www.vlr.gg/68296/south-built-esports-vs-zeal-esports-champions-tour-philippines-stage-1-challengers-group-b,841,2022-02-17,12:55 PM
PACIFIC,68293,https://www.vlr.gg/68293/bren-esports-vs-action-ph-champions-tour-philippines-stage-1-challengers-group-a,841,2022-02-17,4:25 PM
PACIFIC,68288,https://www.vlr.gg/68288/oasis-gaming-vs-team-secret-champions-tour-philippines-stage-1-challengers-group-a,841,2022-02-18,9:30 AM
PACIFIC,68298,https://www.vlr.gg/68298/looking-for-org-vs-south-built-esports-champions-tour-philippines-stage-1-challengers-group-b,841,2022-02-18,12:00 PM
PACIFIC,68292,https://www.vlr.gg/68292/action-ph-vs-oasis-gaming-champions-tour-philippines-stage-1-challengers-group-a,841,2022-02-18,2:55 PM
PACIFIC,68297,https://www.vlr.gg/68297/zeal-esports-vs-naos-esports-champions-tour-philippines-stage-1-challengers-group-b,841,2022-02-19,9:35 AM
PACIFIC,68285,https://www.vlr.gg/68285/team-secret-vs-bren-esports-champions-tour-philippines-stage-1-challengers-group-a,841,2022-02-19,11:55 AM
PACIFIC,68300,https://www.vlr.gg/68300/looking-for-org-vs-zeal-esports-champions-tour-philippines-stage-1-challengers-group-b,841,2022-02-19,3:45 PM
PACIFIC,68289,https://www.vlr.gg/68289/action-ph-vs-team-secret-champions-tour-philippines-stage-1-challengers-group-a,841,2022-02-20,9:30 AM
PACIFIC,68290,https://www.vlr.gg/68290/oasis-gaming-vs-bren-esports-champions-tour-philippines-stage-1-challengers-group-a,841,2022-02-20,12:00 PM
PACIFIC,68299,https://www.vlr.gg/68299/south-built-esports-vs-naos-esports-champions-tour-philippines-stage-1-challengers-group-b,841,2022-02-20,2:50 PM
PACIFIC,72067,https://www.vlr.gg/72067/zeal-esports-vs-action-ph-champions-tour-philippines-stage-1-challengers-ubr1,841,2022-02-24,1:20 PM
PACIFIC,72068,https://www.vlr.gg/72068/team-secret-vs-south-built-esports-champions-tour-philippines-stage-1-challengers-ubr1,841,2022-02-24,4:15 PM
PACIFIC,72069,https://www.vlr.gg/72069/oasis-gaming-vs-action-ph-champions-tour-philippines-stage-1-challengers-ubsf,841,2022-02-25,9:30 AM
PACIFIC,72070,https://www.vlr.gg/72070/naos-esports-vs-south-built-esports-champions-tour-philippines-stage-1-challengers-ubsf,841,2022-02-25,11:40 AM
PACIFIC,72072,https://www.vlr.gg/72072/oasis-gaming-vs-team-secret-champions-tour-philippines-stage-1-challengers-lr1,841,2022-02-25,2:20 PM
PACIFIC,72071,https://www.vlr.gg/72071/south-built-esports-vs-zeal-esports-champions-tour-philippines-stage-1-challengers-lr1,841,2022-02-25,5:15 PM
PACIFIC,72073,https://www.vlr.gg/72073/action-ph-vs-naos-esports-champions-tour-philippines-stage-1-challengers-ubf,841,2022-02-26,9:30 AM
PACIFIC,72074,https://www.vlr.gg/72074/south-built-esports-vs-oasis-gaming-champions-tour-philippines-stage-1-challengers-lr2,841,2022-02-26,12:45 PM
PACIFIC,72075,https://www.vlr.gg/72075/action-ph-vs-south-built-esports-champions-tour-philippines-stage-1-challengers-lf,841,2022-02-26,4:05 PM
PACIFIC,72076,https://www.vlr.gg/72076/naos-esports-vs-south-built-esports-champions-tour-philippines-stage-1-challengers-gf,841,2022-02-27,9:00 AM
PACIFIC,71471,https://www.vlr.gg/71471/eva-e-vs-ixa-champions-tour-japan-stage-1-challengers-week-1-group-a,851,2022-02-17,6:00 PM
PACIFIC,71472,https://www.vlr.gg/71472/rebellion-arts-vs-reject-champions-tour-japan-stage-1-challengers-week-1-group-a,851,2022-02-17,6:00 PM
PACIFIC,71473,https://www.vlr.gg/71473/vs-storks-phalanx-champions-tour-japan-stage-1-challengers-week-1-group-b,851,2022-02-17,6:00 PM
PACIFIC,71474,https://www.vlr.gg/71474/fennel-vs-trident-champions-tour-japan-stage-1-challengers-week-1-group-b,851,2022-02-17,6:00 PM
PACIFIC,71475,https://www.vlr.gg/71475/crazy-raccoon-vs-insomnia-champions-tour-japan-stage-1-challengers-week-1-group-c,851,2022-02-17,6:00 PM
PACIFIC,71476,https://www.vlr.gg/71476/k2-esports-vs-jadeite-champions-tour-japan-stage-1-challengers-week-1-group-c,851,2022-02-17,6:00 PM
PACIFIC,71478,https://www.vlr.gg/71478/detonator-vs-scarz-champions-tour-japan-stage-1-challengers-week-1-group-d,851,2022-02-17,6:00 PM
PACIFIC,71479,https://www.vlr.gg/71479/blue-bees-esp-vs-looking-for-a-name-champions-tour-japan-stage-1-challengers-week-1-group-d,851,2022-02-17,6:00 PM
PACIFIC,71480,https://www.vlr.gg/71480/igzist-vs-system-e-sports-champions-tour-japan-stage-1-challengers-week-1-group-e,851,2022-02-17,6:00 PM
PACIFIC,71481,https://www.vlr.gg/71481/detonation-gaming-white-vs-mariner-champions-tour-japan-stage-1-challengers-week-1-group-e,851,2022-02-17,6:00 PM
PACIFIC,71482,https://www.vlr.gg/71482/gyogun-vs-sengoku-gaming-champions-tour-japan-stage-1-challengers-week-1-group-f,851,2022-02-17,6:00 PM
PACIFIC,71483,https://www.vlr.gg/71483/hexad-vs-crest-gaming-champions-tour-japan-stage-1-challengers-week-1-group-f,851,2022-02-17,6:00 PM
PACIFIC,71486,https://www.vlr.gg/71486/focus-e-sports-vs-reignite-champions-tour-japan-stage-1-challengers-week-1-group-g,851,2022-02-17,6:00 PM
PACIFIC,71487,https://www.vlr.gg/71487/setouchi-enlife-vs-zeta-division-champions-tour-japan-stage-1-challengers-week-1-group-g,851,2022-02-17,6:00 PM
PACIFIC,71490,https://www.vlr.gg/71490/aws-vs-fav-gaming-champions-tour-japan-stage-1-challengers-week-1-group-h,851,2022-02-17,6:00 PM
PACIFIC,71491,https://www.vlr.gg/71491/northeption-vs-schwarzerland-champions-tour-japan-stage-1-challengers-week-1-group-h,851,2022-02-17,6:00 PM
PACIFIC,71748,https://www.vlr.gg/71748/fav-gaming-vs-northeption-champions-tour-japan-stage-1-challengers-week-1-group-h,851,2022-02-19,12:00 PM
PACIFIC,71751,https://www.vlr.gg/71751/ixa-vs-reject-champions-tour-japan-stage-1-challengers-week-1-group-a,851,2022-02-19,12:00 PM
PACIFIC,71754,https://www.vlr.gg/71754/sengoku-gaming-vs-hexad-champions-tour-japan-stage-1-challengers-week-1-group-f,851,2022-02-19,12:00 PM
PACIFIC,71745,https://www.vlr.gg/71745/igzist-vs-detonation-gaming-white-champions-tour-japan-stage-1-challengers-week-1-group-e,851,2022-02-19,3:00 PM
PACIFIC,71752,https://www.vlr.gg/71752/storks-phalanx-vs-fennel-champions-tour-japan-stage-1-challengers-week-1-group-b,851,2022-02-19,3:00 PM
PACIFIC,71747,https://www.vlr.gg/71747/reignite-vs-zeta-division-champions-tour-japan-stage-1-challengers-week-1-group-g,851,2022-02-19,3:30 PM
PACIFIC,71750,https://www.vlr.gg/71750/crazy-raccoon-vs-jadeite-champions-tour-japan-stage-1-challengers-week-1-group-c,851,2022-02-19,6:00 PM
PACIFIC,71753,https://www.vlr.gg/71753/scarz-vs-blue-bees-esp-champions-tour-japan-stage-1-challengers-week-1-group-d,851,2022-02-19,6:00 PM
PACIFIC,72968,https://www.vlr.gg/72968/igzist-vs-fennel-champions-tour-japan-stage-1-challengers-week-1-sf,851,2022-02-26,12:00 PM
PACIFIC,72969,https://www.vlr.gg/72969/reject-vs-blue-bees-esp-champions-tour-japan-stage-1-challengers-week-1-sf,851,2022-02-26,3:30 PM
PACIFIC,73923,https://www.vlr.gg/73923/igzist-vs-reject-champions-tour-japan-stage-1-challengers-week-1-gf,851,2022-02-26,7:00 PM
PACIFIC,72970,https://www.vlr.gg/72970/crazy-raccoon-vs-sengoku-gaming-champions-tour-japan-stage-1-challengers-week-1-sf,851,2022-02-27,12:00 PM
PACIFIC,72971,https://www.vlr.gg/72971/northeption-vs-zeta-division-champions-tour-japan-stage-1-challengers-week-1-sf,851,2022-02-27,2:50 PM
PACIFIC,73924,https://www.vlr.gg/73924/crazy-raccoon-vs-zeta-division-champions-tour-japan-stage-1-challengers-week-1-gf,851,2022-02-27,6:15 PM
PACIFIC,70161,https://www.vlr.gg/70161/team-big-baam-vs-team-joy-champions-tour-vietnam-stage-1-challengers-group-stage-opening-a,883,2022-02-10,6:00 PM
PACIFIC,70162,https://www.vlr.gg/70162/the-meaps-vs-spacewalkers-champions-tour-vietnam-stage-1-challengers-group-stage-opening-a,883,2022-02-10,7:30 PM
PACIFIC,70165,https://www.vlr.gg/70165/cerberus-esports-vs-take-it-easy-champions-tour-vietnam-stage-1-challengers-group-stage-opening,883,2022-02-10,10:00 PM
PACIFIC,70166,https://www.vlr.gg/70166/ok-vs-the-mad-men-2-champions-tour-vietnam-stage-1-challengers-group-stage-opening-b,883,2022-02-11,6:00 PM
PACIFIC,70167,https://www.vlr.gg/70167/ubt-esports-vs-fenix-gaming-champions-tour-vietnam-stage-1-challengers-group-stage-opening-c,883,2022-02-11,8:20 PM
PACIFIC,70168,https://www.vlr.gg/70168/nghi-n-th-m-l-n-n-vs-lipxitus-champions-tour-vietnam-stage-1-challengers-group-stage-opening,883,2022-02-11,10:00 PM
PACIFIC,70169,https://www.vlr.gg/70169/fancy-united-esports-vs-brave-wolves-champions-tour-vietnam-stage-1-challengers-group-stage-ope,883,2022-02-12,6:00 PM
PACIFIC,70170,https://www.vlr.gg/70170/fear-of-god-vs-chiu-champions-tour-vietnam-stage-1-challengers-group-stage-opening-d,883,2022-02-12,8:45 PM
PACIFIC,70364,https://www.vlr.gg/70364/team-big-baam-vs-the-meaps-champions-tour-vietnam-stage-1-challengers-group-stage-winners-a,883,2022-02-12,10:30 PM
PACIFIC,70368,https://www.vlr.gg/70368/team-joy-vs-spacewalkers-champions-tour-vietnam-stage-1-challengers-group-stage-elimination-a,883,2022-02-13,6:00 PM
PACIFIC,70365,https://www.vlr.gg/70365/cerberus-esports-vs-ok-champions-tour-vietnam-stage-1-challengers-group-stage-winners-b,883,2022-02-13,9:00 PM
PACIFIC,70369,https://www.vlr.gg/70369/take-it-easy-vs-the-mad-men-2-champions-tour-vietnam-stage-1-challengers-group-stage-eliminatio,883,2022-02-13,11:00 PM
PACIFIC,70376,https://www.vlr.gg/70376/ubt-esports-vs-nghi-n-th-m-l-n-n-champions-tour-vietnam-stage-1-challengers-group-stage-winner,883,2022-02-18,6:00 PM
PACIFIC,70366,https://www.vlr.gg/70366/fenix-gaming-vs-lipxitus-champions-tour-vietnam-stage-1-challengers-group-stage-elimination-c,883,2022-02-18,7:45 PM
PACIFIC,70367,https://www.vlr.gg/70367/fancy-united-esports-vs-chiu-champions-tour-vietnam-stage-1-challengers-group-stage-winners-d,883,2022-02-18,10:00 PM
PACIFIC,70370,https://www.vlr.gg/70370/brave-wolves-vs-fear-of-god-champions-tour-vietnam-stage-1-challengers-group-stage-elimination,883,2022-02-19,6:00 PM
PACIFIC,70371,https://www.vlr.gg/70371/the-meaps-vs-team-joy-champions-tour-vietnam-stage-1-challengers-group-stage-decider-a,883,2022-02-19,8:00 PM
PACIFIC,70372,https://www.vlr.gg/70372/cerberus-esports-vs-take-it-easy-champions-tour-vietnam-stage-1-challengers-group-stage-decider,883,2022-02-19,11:00 PM
PACIFIC,70373,https://www.vlr.gg/70373/nghi-n-th-m-l-n-n-vs-fenix-gaming-champions-tour-vietnam-stage-1-challengers-group-stage-decid,883,2022-02-20,6:00 PM
PACIFIC,70374,https://www.vlr.gg/70374/chiu-vs-brave-wolves-champions-tour-vietnam-stage-1-challengers-group-stage-decider-d,883,2022-02-20,9:00 PM
PACIFIC,72870,https://www.vlr.gg/72870/team-big-baam-vs-cerberus-esports-champions-tour-vietnam-stage-1-challengers-finals-ubqf,883,2022-02-24,2:00 PM
PACIFIC,72871,https://www.vlr.gg/72871/ubt-esports-vs-brave-wolves-champions-tour-vietnam-stage-1-challengers-finals-ubqf,883,2022-02-24,5:00 PM
PACIFIC,72872,https://www.vlr.gg/72872/ok-vs-team-joy-champions-tour-vietnam-stage-1-challengers-finals-ubqf,883,2022-02-24,6:40 PM
PACIFIC,72873,https://www.vlr.gg/72873/fancy-united-esports-vs-fenix-gaming-champions-tour-vietnam-stage-1-challengers-finals-ubqf,883,2022-02-24,9:25 PM
PACIFIC,72874,https://www.vlr.gg/72874/team-big-baam-vs-brave-wolves-champions-tour-vietnam-stage-1-challengers-finals-lbr1,883,2022-02-25,2:00 PM
PACIFIC,72875,https://www.vlr.gg/72875/team-joy-vs-fenix-gaming-champions-tour-vietnam-stage-1-challengers-finals-lbr1,883,2022-02-25,3:45 PM
PACIFIC,72876,https://www.vlr.gg/72876/cerberus-esports-vs-ubt-esports-champions-tour-vietnam-stage-1-challengers-finals-ubsf,883,2022-02-25,5:30 PM
PACIFIC,72877,https://www.vlr.gg/72877/ok-vs-fancy-united-esports-champions-tour-vietnam-stage-1-challengers-finals-ubsf,883,2022-02-25,8:15 PM
PACIFIC,72879,https://www.vlr.gg/72879/ubt-esports-vs-team-joy-champions-tour-vietnam-stage-1-challengers-finals-lbr2,883,2022-02-26,2:00 PM
PACIFIC,72878,https://www.vlr.gg/72878/ok-vs-team-big-baam-champions-tour-vietnam-stage-1-challengers-finals-lbr2,883,2022-02-26,4:00 PM
PACIFIC,72881,https://www.vlr.gg/72881/cerberus-esports-vs-fancy-united-esports-champions-tour-vietnam-stage-1-challengers-finals-ubf,883,2022-02-26,6:15 PM
PACIFIC,72880,https://www.vlr.gg/72880/team-big-baam-vs-ubt-esports-champions-tour-vietnam-stage-1-challengers-finals-lbr3,883,2022-02-26,8:45 PM
PACIFIC,72882,https://www.vlr.gg/72882/fancy-united-esports-vs-team-big-baam-champions-tour-vietnam-stage-1-challengers-finals-lbf,883,2022-02-27,6:00 PM
PACIFIC,72883,https://www.vlr.gg/72883/cerberus-esports-vs-fancy-united-esports-champions-tour-vietnam-stage-1-challengers-finals-gf,883,2022-02-27,8:30 PM
PACIFIC,67421,https://www.vlr.gg/67421/caracal-vs-team-sync-champions-tour-malaysia-singapore-stage-1-challengers-open-qualifier-uro3,858,2022-01-29,12:45 PM
PACIFIC,67422,https://www.vlr.gg/67422/nw-esports-vs-brax-n-the-homies-champions-tour-malaysia-singapore-stage-1-challengers-open-qua,858,2022-01-29,12:45 PM
PACIFIC,67423,https://www.vlr.gg/67423/og-brudders-vs-tapziimov-champions-tour-malaysia-singapore-stage-1-challengers-open-qualifier,858,2022-01-29,12:45 PM
PACIFIC,67424,https://www.vlr.gg/67424/delta-heat-vs-ghostly-esports-champions-tour-malaysia-singapore-stage-1-challengers-open-quali,858,2022-01-29,12:45 PM
PACIFIC,67425,https://www.vlr.gg/67425/reign-vs-team-unn-champions-tour-malaysia-singapore-stage-1-challengers-open-qualifier-uro32,858,2022-01-29,12:45 PM
PACIFIC,67426,https://www.vlr.gg/67426/morior-invictus-vs-madness-esports-champions-tour-malaysia-singapore-stage-1-challengers-open,858,2022-01-29,12:45 PM
PACIFIC,67427,https://www.vlr.gg/67427/you-guys-get-paid-vs-deeznuts-champions-tour-malaysia-singapore-stage-1-challengers-open-qual,858,2022-01-29,12:45 PM
PACIFIC,67428,https://www.vlr.gg/67428/ape-together-stonk-vs-v1xon-rising-champions-tour-malaysia-singapore-stage-1-challengers-open,858,2022-01-29,12:45 PM
PACIFIC,67429,https://www.vlr.gg/67429/shiba-n-the-homies-vs-jordysg-champions-tour-malaysia-singapore-stage-1-challengers-open-quali,858,2022-01-29,12:45 PM
PACIFIC,67430,https://www.vlr.gg/67430/fastelle-vs-fortez-champions-tour-malaysia-singapore-stage-1-challengers-open-qualifier-uro32,858,2022-01-29,12:45 PM
PACIFIC,67431,https://www.vlr.gg/67431/sakitotak-vs-huat-zai-champions-tour-malaysia-singapore-stage-1-challengers-open-qualifier-uro,858,2022-01-29,12:45 PM
PACIFIC,67432,https://www.vlr.gg/67432/nn-vs-antares-champions-tour-malaysia-singapore-stage-1-challengers-open-qualifier-uro32,858,2022-01-29,12:45 PM
PACIFIC,67433,https://www.vlr.gg/67433/kathix-dash-esports-vs-todak-champions-tour-malaysia-singapore-stage-1-challengers-open-qualif,858,2022-01-29,12:45 PM
PACIFIC,67434,https://www.vlr.gg/67434/0zero-vs-alphaq-champions-tour-malaysia-singapore-stage-1-challengers-open-qualifier-uro32,858,2022-01-29,12:45 PM
PACIFIC,67435,https://www.vlr.gg/67435/amity-serenity-vs-bleed-esports-champions-tour-malaysia-singapore-stage-1-challengers-open-qua,858,2022-01-29,12:45 PM
PACIFIC,67436,https://www.vlr.gg/67436/down-bad-silvers-vs-team-zen-champions-tour-malaysia-singapore-stage-1-challengers-open-qualif,858,2022-01-29,12:45 PM
PACIFIC,67437,https://www.vlr.gg/67437/team-sync-vs-brax-n-the-homies-champions-tour-malaysia-singapore-stage-1-challengers-open-qual,858,2022-01-29,4:00 PM
PACIFIC,67438,https://www.vlr.gg/67438/og-brudders-vs-delta-heat-champions-tour-malaysia-singapore-stage-1-challengers-open-qualifier,858,2022-01-29,4:00 PM
PACIFIC,67439,https://www.vlr.gg/67439/team-unn-vs-madness-esports-champions-tour-malaysia-singapore-stage-1-challengers-open-qualifi,858,2022-01-29,4:00 PM
PACIFIC,67440,https://www.vlr.gg/67440/you-guys-get-paid-vs-ape-together-stonk-champions-tour-malaysia-singapore-stage-1-challengers,858,2022-01-29,4:00 PM
PACIFIC,67441,https://www.vlr.gg/67441/shiba-n-the-homies-vs-fastelle-champions-tour-malaysia-singapore-stage-1-challengers-open-qual,858,2022-01-29,4:00 PM
PACIFIC,67442,https://www.vlr.gg/67442/huat-zai-vs-nn-champions-tour-malaysia-singapore-stage-1-challengers-open-qualifier-uro16,858,2022-01-29,4:00 PM
PACIFIC,67443,https://www.vlr.gg/67443/todak-vs-0zero-champions-tour-malaysia-singapore-stage-1-challengers-open-qualifier-uro16,858,2022-01-29,4:00 PM
PACIFIC,67444,https://www.vlr.gg/67444/bleed-esports-vs-team-zen-champions-tour-malaysia-singapore-stage-1-challengers-open-qualifier,858,2022-01-29,4:00 PM
PACIFIC,67445,https://www.vlr.gg/67445/down-bad-silvers-vs-incoterm-champions-tour-malaysia-singapore-stage-1-challengers-open-qualif,858,2022-01-29,4:00 PM
PACIFIC,67446,https://www.vlr.gg/67446/amity-serenity-vs-running-dogs-champions-tour-malaysia-singapore-stage-1-challengers-open-qual,858,2022-01-29,4:00 PM
PACIFIC,67447,https://www.vlr.gg/67447/alphaq-vs-no-sense-champions-tour-malaysia-singapore-stage-1-challengers-open-qualifier-lr1,858,2022-01-29,4:00 PM
PACIFIC,67448,https://www.vlr.gg/67448/kathix-dash-esports-vs-leopard-champions-tour-malaysia-singapore-stage-1-challengers-open-qual,858,2022-01-29,4:00 PM
PACIFIC,67449,https://www.vlr.gg/67449/antares-vs-hkw-champions-tour-malaysia-singapore-stage-1-challengers-open-qualifier-lr1,858,2022-01-29,4:00 PM
PACIFIC,67450,https://www.vlr.gg/67450/sakitotak-vs-no-men-champions-tour-malaysia-singapore-stage-1-challengers-open-qualifier-lr1,858,2022-01-29,4:00 PM
PACIFIC,67451,https://www.vlr.gg/67451/fortez-vs-vivant-champions-tour-malaysia-singapore-stage-1-challengers-open-qualifier-lr1,858,2022-01-29,4:00 PM
PACIFIC,67452,https://www.vlr.gg/67452/jordysg-vs-ares-champions-tour-malaysia-singapore-stage-1-challengers-open-qualifier-lr1,858,2022-01-29,4:00 PM
PACIFIC,67453,https://www.vlr.gg/67453/v1xon-rising-vs-psxontop-champions-tour-malaysia-singapore-stage-1-challengers-open-qualifier,858,2022-01-29,4:00 PM
PACIFIC,67454,https://www.vlr.gg/67454/deeznuts-vs-amity-champions-tour-malaysia-singapore-stage-1-challengers-open-qualifier-lr1,858,2022-01-29,4:00 PM
PACIFIC,67455,https://www.vlr.gg/67455/morior-invictus-vs-inertia-champions-tour-malaysia-singapore-stage-1-challengers-open-qualifie,858,2022-01-29,4:00 PM
PACIFIC,67456,https://www.vlr.gg/67456/reign-vs-callais-go-next-champions-tour-malaysia-singapore-stage-1-challengers-open-qualifier,858,2022-01-29,4:00 PM
PACIFIC,67457,https://www.vlr.gg/67457/ghostly-esports-vs-xenofrost-champions-tour-malaysia-singapore-stage-1-challengers-open-qualif,858,2022-01-29,4:00 PM
PACIFIC,67458,https://www.vlr.gg/67458/tapziimov-vs-play-to-learn-champions-tour-malaysia-singapore-stage-1-challengers-open-qualifie,858,2022-01-29,4:00 PM
PACIFIC,67459,https://www.vlr.gg/67459/nw-esports-vs-team-onar-champions-tour-malaysia-singapore-stage-1-challengers-open-qualifier-l,858,2022-01-29,4:00 PM
PACIFIC,67460,https://www.vlr.gg/67460/caracal-vs-never-forget-gaming-champions-tour-malaysia-singapore-stage-1-challengers-open-qual,858,2022-01-29,4:00 PM
PACIFIC,67461,https://www.vlr.gg/67461/down-bad-silvers-vs-running-dogs-champions-tour-malaysia-singapore-stage-1-challengers-open-qu,858,2022-01-29,7:15 PM
PACIFIC,67462,https://www.vlr.gg/67462/alphaq-vs-kathix-dash-esports-champions-tour-malaysia-singapore-stage-1-challengers-open-quali,858,2022-01-29,7:15 PM
PACIFIC,67463,https://www.vlr.gg/67463/antares-vs-no-men-champions-tour-malaysia-singapore-stage-1-challengers-open-qualifier-lr2,858,2022-01-29,7:15 PM
PACIFIC,67464,https://www.vlr.gg/67464/fortez-vs-ares-champions-tour-malaysia-singapore-stage-1-challengers-open-qualifier-lr2,858,2022-01-29,7:15 PM
PACIFIC,67465,https://www.vlr.gg/67465/v1xon-rising-vs-deeznuts-champions-tour-malaysia-singapore-stage-1-challengers-open-qualifier,858,2022-01-29,7:15 PM
PACIFIC,67466,https://www.vlr.gg/67466/inertia-vs-reign-champions-tour-malaysia-singapore-stage-1-challengers-open-qualifier-lr2,858,2022-01-29,7:15 PM
PACIFIC,67467,https://www.vlr.gg/67467/xenofrost-vs-tapziimov-champions-tour-malaysia-singapore-stage-1-challengers-open-qualifier-lr,858,2022-01-29,7:15 PM
PACIFIC,67468,https://www.vlr.gg/67468/nw-esports-vs-caracal-champions-tour-malaysia-singapore-stage-1-challengers-open-qualifier-lr2,858,2022-01-29,7:15 PM
PACIFIC,67469,https://www.vlr.gg/67469/you-guys-get-paid-vs-running-dogs-champions-tour-malaysia-singapore-stage-1-challengers-open,858,2022-01-30,9:30 AM
PACIFIC,67470,https://www.vlr.gg/67470/team-unn-vs-kathix-dash-esports-champions-tour-malaysia-singapore-stage-1-challengers-open-qua,858,2022-01-30,9:30 AM
PACIFIC,67471,https://www.vlr.gg/67471/delta-heat-vs-no-men-champions-tour-malaysia-singapore-stage-1-challengers-open-qualifier-lr3,858,2022-01-30,9:30 AM
PACIFIC,67472,https://www.vlr.gg/67472/brax-n-the-homies-vs-ares-champions-tour-malaysia-singapore-stage-1-challengers-open-qualifier,858,2022-01-30,9:30 AM
PACIFIC,67473,https://www.vlr.gg/67473/team-zen-vs-deeznuts-champions-tour-malaysia-singapore-stage-1-challengers-open-qualifier-lr3,858,2022-01-30,9:30 AM
PACIFIC,67474,https://www.vlr.gg/67474/0zero-vs-inertia-champions-tour-malaysia-singapore-stage-1-challengers-open-qualifier-lr3,858,2022-01-30,9:30 AM
PACIFIC,67475,https://www.vlr.gg/67475/nn-vs-tapziimov-champions-tour-malaysia-singapore-stage-1-challengers-open-qualifier-lr3,858,2022-01-30,9:30 AM
PACIFIC,67476,https://www.vlr.gg/67476/shiba-n-the-homies-vs-caracal-champions-tour-malaysia-singapore-stage-1-challengers-open-quali,858,2022-01-30,9:30 AM
PACIFIC,67477,https://www.vlr.gg/67477/you-guys-get-paid-vs-team-unn-champions-tour-malaysia-singapore-stage-1-challengers-open-qual,858,2022-01-30,12:45 PM
PACIFIC,67478,https://www.vlr.gg/67478/no-men-vs-brax-n-the-homies-champions-tour-malaysia-singapore-stage-1-challengers-open-qualifi,858,2022-01-30,12:45 PM
PACIFIC,67479,https://www.vlr.gg/67479/team-zen-vs-inertia-champions-tour-malaysia-singapore-stage-1-challengers-open-qualifier-lr4,858,2022-01-30,12:45 PM
PACIFIC,67480,https://www.vlr.gg/67480/nn-vs-shiba-n-the-homies-champions-tour-malaysia-singapore-stage-1-challengers-open-qualifier,858,2022-01-30,12:45 PM
PACIFIC,67481,https://www.vlr.gg/67481/you-guys-get-paid-vs-brax-n-the-homies-champions-tour-malaysia-singapore-stage-1-challengers,858,2022-01-30,4:00 PM
PACIFIC,67482,https://www.vlr.gg/67482/team-zen-vs-shiba-n-the-homies-champions-tour-malaysia-singapore-stage-1-challengers-last-chan,858,2022-01-30,4:00 PM
PACIFIC,64791,https://www.vlr.gg/64791/paper-rex-vs-you-guys-get-paid-champions-tour-malaysia-singapore-stage-1-challengers-opening,858,2022-02-10,4:30 PM
PACIFIC,64796,https://www.vlr.gg/64796/kingsmen-vs-kpmooniiblm9-champions-tour-malaysia-singapore-stage-1-challengers-opening-b,858,2022-02-10,6:30 PM
PACIFIC,64806,https://www.vlr.gg/64806/madness-esports-vs-team-unn-champions-tour-malaysia-singapore-stage-1-challengers-opening-d,858,2022-02-11,4:30 PM
PACIFIC,64801,https://www.vlr.gg/64801/og-brudders-vs-no-men-champions-tour-malaysia-singapore-stage-1-challengers-opening-c,858,2022-02-11,7:30 PM
PACIFIC,64797,https://www.vlr.gg/64797/bleed-esports-vs-fatal-champions-tour-malaysia-singapore-stage-1-challengers-opening-b,858,2022-02-12,10:35 AM
PACIFIC,64792,https://www.vlr.gg/64792/fastelle-vs-todak-champions-tour-malaysia-singapore-stage-1-challengers-opening-a,858,2022-02-12,12:40 PM
PACIFIC,64802,https://www.vlr.gg/64802/huat-zai-vs-inertia-champions-tour-malaysia-singapore-stage-1-challengers-opening-c,858,2022-02-12,3:15 PM
PACIFIC,64807,https://www.vlr.gg/64807/team-sync-vs-nn-champions-tour-malaysia-singapore-stage-1-challengers-opening-d,858,2022-02-13,10:30 AM
PACIFIC,64794,https://www.vlr.gg/64794/you-guys-get-paid-vs-fastelle-champions-tour-malaysia-singapore-stage-1-challengers-elim-a,858,2022-02-13,12:40 PM
PACIFIC,64799,https://www.vlr.gg/64799/kpmooniiblm9-vs-fatal-champions-tour-malaysia-singapore-stage-1-challengers-elim-b,858,2022-02-13,3:45 PM
PACIFIC,64804,https://www.vlr.gg/64804/og-brudders-vs-inertia-champions-tour-malaysia-singapore-stage-1-challengers-elim-c,858,2022-02-17,4:30 PM
PACIFIC,64809,https://www.vlr.gg/64809/team-unn-vs-team-sync-champions-tour-malaysia-singapore-stage-1-challengers-elim-d,858,2022-02-17,7:30 PM
PACIFIC,64798,https://www.vlr.gg/64798/kingsmen-vs-bleed-esports-champions-tour-malaysia-singapore-stage-1-challengers-winners-b,858,2022-02-18,4:30 PM
PACIFIC,64793,https://www.vlr.gg/64793/paper-rex-vs-todak-champions-tour-malaysia-singapore-stage-1-challengers-winners-a,858,2022-02-18,6:55 PM
PACIFIC,64808,https://www.vlr.gg/64808/madness-esports-vs-nn-champions-tour-malaysia-singapore-stage-1-challengers-winners-d,858,2022-02-19,10:30 AM
PACIFIC,64803,https://www.vlr.gg/64803/no-men-vs-huat-zai-champions-tour-malaysia-singapore-stage-1-challengers-winners-c,858,2022-02-19,12:50 PM
PACIFIC,64800,https://www.vlr.gg/64800/kingsmen-vs-kpmooniiblm9-champions-tour-malaysia-singapore-stage-1-challengers-decider-b,858,2022-02-19,3:45 PM
PACIFIC,64795,https://www.vlr.gg/64795/todak-vs-fastelle-champions-tour-malaysia-singapore-stage-1-challengers-decider-a,858,2022-02-20,10:30 AM
PACIFIC,64805,https://www.vlr.gg/64805/no-men-vs-inertia-champions-tour-malaysia-singapore-stage-1-challengers-decider-c,858,2022-02-20,1:30 PM
PACIFIC,64810,https://www.vlr.gg/64810/madness-esports-vs-team-unn-champions-tour-malaysia-singapore-stage-1-challengers-decider-d,858,2022-02-20,4:30 PM
PACIFIC,64811,https://www.vlr.gg/64811/paper-rex-vs-madness-esports-champions-tour-malaysia-singapore-stage-1-challengers-playoffs-ub,858,2022-02-24,1:30 PM
PACIFIC,64812,https://www.vlr.gg/64812/huat-zai-vs-kpmooniiblm9-champions-tour-malaysia-singapore-stage-1-challengers-playoffs-ubqf,858,2022-02-24,3:30 PM
PACIFIC,64813,https://www.vlr.gg/64813/bleed-esports-vs-fastelle-champions-tour-malaysia-singapore-stage-1-challengers-playoffs-ubqf,858,2022-02-24,6:00 PM
PACIFIC,64814,https://www.vlr.gg/64814/no-namers-vs-no-men-champions-tour-malaysia-singapore-stage-1-challengers-playoffs-ubqf,858,2022-02-25,1:30 PM
PACIFIC,64815,https://www.vlr.gg/64815/paper-rex-vs-kpmooniiblm9-champions-tour-malaysia-singapore-stage-1-challengers-playoffs-ubsf,858,2022-02-25,4:15 PM
PACIFIC,64816,https://www.vlr.gg/64816/fastelle-vs-no-namers-champions-tour-malaysia-singapore-stage-1-challengers-playoffs-ubsf,858,2022-02-25,6:30 PM
PACIFIC,64819,https://www.vlr.gg/64819/madness-esports-vs-huat-zai-champions-tour-malaysia-singapore-stage-1-challengers-playoffs-lr1,858,2022-02-26,10:30 AM
PACIFIC,64820,https://www.vlr.gg/64820/bleed-esports-vs-no-men-champions-tour-malaysia-singapore-stage-1-challengers-playoffs-lr1,858,2022-02-26,11:30 AM
PACIFIC,64821,https://www.vlr.gg/64821/fastelle-vs-huat-zai-champions-tour-malaysia-singapore-stage-1-challengers-playoffs-lr2,858,2022-02-26,1:00 PM
PACIFIC,64822,https://www.vlr.gg/64822/kpmooniiblm9-vs-bleed-esports-champions-tour-malaysia-singapore-stage-1-challengers-playoffs-l,858,2022-02-26,2:30 PM
PACIFIC,64817,https://www.vlr.gg/64817/paper-rex-vs-no-namers-champions-tour-malaysia-singapore-stage-1-challengers-playoffs-ubf,858,2022-02-26,3:30 PM
PACIFIC,64823,https://www.vlr.gg/64823/huat-zai-vs-bleed-esports-champions-tour-malaysia-singapore-stage-1-challengers-playoffs-lr3,858,2022-02-26,6:00 PM
PACIFIC,64824,https://www.vlr.gg/64824/no-namers-vs-bleed-esports-champions-tour-malaysia-singapore-stage-1-challengers-playoffs-lbf,858,2022-02-27,10:30 AM
PACIFIC,64818,https://www.vlr.gg/64818/paper-rex-vs-bleed-esports-champions-tour-malaysia-singapore-stage-1-challengers-playoffs-gf,858,2022-02-27,1:00 PM
PACIFIC,66872,https://www.vlr.gg/66872/lp33-vs-fire-champions-tour-hong-kong-taiwan-stage-1-challengers-ubqf,879,2022-01-22,11:00 AM
PACIFIC,66873,https://www.vlr.gg/66873/griffin-e-sports-vs-oblivion-force-champions-tour-hong-kong-taiwan-stage-1-challengers-ubqf,879,2022-01-22,1:30 PM
PACIFIC,66874,https://www.vlr.gg/66874/five-ace-e-sports-vs-giant-submarine-champions-tour-hong-kong-taiwan-stage-1-challengers-ubqf,879,2022-01-22,5:00 PM
PACIFIC,66875,https://www.vlr.gg/66875/problem-child-vs-i-need-money-champions-tour-hong-kong-taiwan-stage-1-challengers-ubqf,879,2022-01-22,7:30 PM
PACIFIC,66880,https://www.vlr.gg/66880/fire-vs-oblivion-force-champions-tour-hong-kong-taiwan-stage-1-challengers-lbsf,879,2022-01-23,5:00 PM
PACIFIC,66881,https://www.vlr.gg/66881/giant-submarine-vs-problem-child-champions-tour-hong-kong-taiwan-stage-1-challengers-lbsf,879,2022-01-23,7:30 PM
PACIFIC,70174,https://www.vlr.gg/70174/five-ace-e-sports-vs-lp33-champions-tour-hong-kong-taiwan-stage-1-challengers-w1,879,2022-02-10,5:00 PM
PACIFIC,70175,https://www.vlr.gg/70175/giant-submarine-vs-griffin-e-sports-champions-tour-hong-kong-taiwan-stage-1-challengers-w1,879,2022-02-11,5:00 PM
PACIFIC,70176,https://www.vlr.gg/70176/oblivion-force-vs-i-need-money-champions-tour-hong-kong-taiwan-stage-1-challengers-w1,879,2022-02-11,7:30 PM
PACIFIC,70177,https://www.vlr.gg/70177/i-need-money-vs-five-ace-e-sports-champions-tour-hong-kong-taiwan-stage-1-challengers-w1,879,2022-02-12,5:00 PM
PACIFIC,70178,https://www.vlr.gg/70178/oblivion-force-vs-lp33-champions-tour-hong-kong-taiwan-stage-1-challengers-w1,879,2022-02-12,8:15 PM
PACIFIC,70179,https://www.vlr.gg/70179/griffin-e-sports-vs-lp33-champions-tour-hong-kong-taiwan-stage-1-challengers-w1,879,2022-02-13,5:00 PM
PACIFIC,70180,https://www.vlr.gg/70180/giant-submarine-vs-five-ace-e-sports-champions-tour-hong-kong-taiwan-stage-1-challengers-w1,879,2022-02-13,7:30 PM
PACIFIC,70197,https://www.vlr.gg/70197/i-need-money-vs-griffin-e-sports-champions-tour-hong-kong-taiwan-stage-1-challengers-w2,879,2022-02-17,5:00 PM
PACIFIC,70198,https://www.vlr.gg/70198/giant-submarine-vs-oblivion-force-champions-tour-hong-kong-taiwan-stage-1-challengers-w2,879,2022-02-17,8:00 PM
PACIFIC,70199,https://www.vlr.gg/70199/i-need-money-vs-lp33-champions-tour-hong-kong-taiwan-stage-1-challengers-w2,879,2022-02-18,5:00 PM
PACIFIC,70200,https://www.vlr.gg/70200/oblivion-force-vs-five-ace-e-sports-champions-tour-hong-kong-taiwan-stage-1-challengers-w2,879,2022-02-18,7:30 PM
PACIFIC,70201,https://www.vlr.gg/70201/lp33-vs-giant-submarine-champions-tour-hong-kong-taiwan-stage-1-challengers-w2,879,2022-02-19,5:00 PM
PACIFIC,70202,https://www.vlr.gg/70202/griffin-e-sports-vs-five-ace-e-sports-champions-tour-hong-kong-taiwan-stage-1-challengers-w2,879,2022-02-19,7:30 PM
PACIFIC,70203,https://www.vlr.gg/70203/giant-submarine-vs-i-need-money-champions-tour-hong-kong-taiwan-stage-1-challengers-w2,879,2022-02-20,5:00 PM
PACIFIC,70204,https://www.vlr.gg/70204/griffin-e-sports-vs-oblivion-force-champions-tour-hong-kong-taiwan-stage-1-challengers-w2,879,2022-02-20,7:30 PM
PACIFIC,72863,https://www.vlr.gg/72863/oblivion-force-vs-lp33-champions-tour-hong-kong-taiwan-stage-1-challengers-sf,879,2022-02-24,5:00 PM
PACIFIC,72864,https://www.vlr.gg/72864/five-ace-e-sports-vs-griffin-e-sports-champions-tour-hong-kong-taiwan-stage-1-challengers-sf,879,2022-02-25,5:00 PM
PACIFIC,72865,https://www.vlr.gg/72865/oblivion-force-vs-griffin-e-sports-champions-tour-hong-kong-taiwan-stage-1-challengers-gf,879,2022-02-26,5:00 PM
PACIFIC,63675,https://www.vlr.gg/63675/hectic-habibs-vs-hehe-oceania-tour-stage-1-ro16,830,2022-01-13,4:20 PM
PACIFIC,63670,https://www.vlr.gg/63670/ex-wildcard-gaming-vs-95x-esports-oceania-tour-stage-1-ro16,830,2022-01-13,4:30 PM
PACIFIC,63671,https://www.vlr.gg/63671/menace-2-society-vs-honey-badgers-oceania-tour-stage-1-ro16,830,2022-01-13,4:30 PM
PACIFIC,63677,https://www.vlr.gg/63677/naked-with-attitude-vs-iconic-oceania-tour-stage-1-ro16,830,2022-01-13,4:30 PM
PACIFIC,63672,https://www.vlr.gg/63672/bonkers-vs-kraken-esc-oceania-tour-stage-1-ro16,830,2022-01-13,4:35 PM
PACIFIC,63676,https://www.vlr.gg/63676/meow-meow-vs-mcteam-oceania-tour-stage-1-ro16,830,2022-01-13,4:58 PM
PACIFIC,63674,https://www.vlr.gg/63674/crimas-disciples-vs-east-la-oceania-tour-stage-1-ro16,830,2022-01-13,5:02 PM
PACIFIC,63673,https://www.vlr.gg/63673/taiyo-esports-vs-funcrew-oceania-tour-stage-1-ro16,830,2022-01-13,5:16 PM
PACIFIC,63682,https://www.vlr.gg/63682/ex-wildcard-gaming-vs-honey-badgers-oceania-tour-stage-1-qf,830,2022-01-14,2:30 PM
PACIFIC,63683,https://www.vlr.gg/63683/bonkers-vs-funcrew-oceania-tour-stage-1-qf,830,2022-01-14,2:30 PM
PACIFIC,63684,https://www.vlr.gg/63684/crimas-disciples-vs-hehe-oceania-tour-stage-1-qf,830,2022-01-14,2:30 PM
PACIFIC,63685,https://www.vlr.gg/63685/meow-meow-vs-iconic-oceania-tour-stage-1-qf,830,2022-01-14,2:30 PM
PACIFIC,64046,https://www.vlr.gg/64046/honey-badgers-vs-bonkers-oceania-tour-stage-1-sf,830,2022-01-15,11:30 AM
PACIFIC,64047,https://www.vlr.gg/64047/crimas-disciples-vs-meow-meow-oceania-tour-stage-1-sf,830,2022-01-15,11:30 AM
PACIFIC,64161,https://www.vlr.gg/64161/ex-wildcard-gaming-vs-funcrew-oceania-tour-stage-1-lbsf,830,2022-01-15,11:30 AM
PACIFIC,64162,https://www.vlr.gg/64162/hehe-vs-iconic-oceania-tour-stage-1-lbsf,830,2022-01-15,11:30 AM
PACIFIC,64160,https://www.vlr.gg/64160/bonkers-vs-meow-meow-oceania-tour-stage-1-cf,830,2022-01-16,11:30 AM
PACIFIC,64163,https://www.vlr.gg/64163/funcrew-vs-iconic-oceania-tour-stage-1-lbf,830,2022-01-16,1:45 PM
PACIFIC,64159,https://www.vlr.gg/64159/honey-badgers-vs-crimas-disciples-oceania-tour-stage-1-gf,830,2022-01-16,2:00 PM
PACIFIC,64165,https://www.vlr.gg/64165/ex-wildcard-gaming-vs-hehe-oceania-tour-stage-1-lbcf,830,2022-01-17,3:30 PM
PACIFIC,65966,https://www.vlr.gg/65966/iconic-vs-mindfreak-oceania-tour-stage-1-w1,830,2022-01-28,2:30 PM
PACIFIC,65967,https://www.vlr.gg/65967/funcrew-vs-order-oceania-tour-stage-1-w1,830,2022-01-28,4:30 PM
PACIFIC,65968,https://www.vlr.gg/65968/crimas-disciples-vs-meow-meow-oceania-tour-stage-1-w1,830,2022-01-29,11:30 AM
PACIFIC,65969,https://www.vlr.gg/65969/honey-badgers-vs-bonkers-oceania-tour-stage-1-w1,830,2022-01-29,2:30 PM
PACIFIC,65970,https://www.vlr.gg/65970/mindfreak-vs-crimas-disciples-oceania-tour-stage-1-w1,830,2022-01-30,11:30 AM
PACIFIC,65971,https://www.vlr.gg/65971/order-vs-honey-badgers-oceania-tour-stage-1-w1,830,2022-01-30,1:30 PM
PACIFIC,65972,https://www.vlr.gg/65972/funcrew-vs-clarity-esc-oceania-tour-stage-1-w2,830,2022-02-04,2:30 PM
PACIFIC,65973,https://www.vlr.gg/65973/iconic-vs-crimas-disciples-oceania-tour-stage-1-w2,830,2022-02-04,4:30 PM
PACIFIC,65974,https://www.vlr.gg/65974/bonkers-vs-funcrew-oceania-tour-stage-1-w2,830,2022-02-05,11:30 AM
PACIFIC,65975,https://www.vlr.gg/65975/meow-meow-vs-iconic-oceania-tour-stage-1-w2,830,2022-02-05,1:30 PM
PACIFIC,65976,https://www.vlr.gg/65976/bonkers-vs-order-oceania-tour-stage-1-w2,830,2022-02-06,11:30 AM
PACIFIC,65977,https://www.vlr.gg/65977/meow-meow-vs-mindfreak-oceania-tour-stage-1-w2,830,2022-02-06,1:30 PM
PACIFIC,69754,https://www.vlr.gg/69754/order-vs-meow-meow-oceania-tour-stage-1-ubqf,830,2022-02-10,2:30 PM
PACIFIC,69755,https://www.vlr.gg/69755/clarity-esc-vs-mindfreak-oceania-tour-stage-1-ubqf,830,2022-02-10,4:30 PM
PACIFIC,69756,https://www.vlr.gg/69756/bonkers-vs-iconic-oceania-tour-stage-1-ubqf,830,2022-02-11,2:30 PM
PACIFIC,69757,https://www.vlr.gg/69757/funcrew-vs-crimas-disciples-oceania-tour-stage-1-ubqf,830,2022-02-11,4:30 PM
PACIFIC,69758,https://www.vlr.gg/69758/meow-meow-vs-mindfreak-oceania-tour-stage-1-lbr1,830,2022-02-12,11:30 AM
PACIFIC,69759,https://www.vlr.gg/69759/bonkers-vs-crimas-disciples-oceania-tour-stage-1-lbr1,830,2022-02-12,1:30 PM
PACIFIC,69760,https://www.vlr.gg/69760/order-vs-honey-badgers-oceania-tour-stage-1-ubsf,830,2022-02-13,11:30 AM
PACIFIC,69761,https://www.vlr.gg/69761/iconic-vs-funcrew-oceania-tour-stage-1-ubsf,830,2022-02-13,2:20 PM
PACIFIC,69762,https://www.vlr.gg/69762/funcrew-vs-mindfreak-oceania-tour-stage-1-lbr2,830,2022-02-17,2:30 PM
PACIFIC,69763,https://www.vlr.gg/69763/honey-badgers-vs-bonkers-oceania-tour-stage-1-lbr2,830,2022-02-17,5:30 PM
PACIFIC,69764,https://www.vlr.gg/69764/order-vs-iconic-oceania-tour-stage-1-ubf,830,2022-02-18,2:30 PM
PACIFIC,69765,https://www.vlr.gg/69765/funcrew-vs-bonkers-oceania-tour-stage-1-lbr3,830,2022-02-19,9:00 AM
PACIFIC,69766,https://www.vlr.gg/69766/iconic-vs-bonkers-oceania-tour-stage-1-lbf,830,2022-02-19,2:00 PM
PACIFIC,69767,https://www.vlr.gg/69767/order-vs-bonkers-oceania-tour-stage-1-gf,830,2022-02-20,9:30 AM
PACIFIC,60939,https://www.vlr.gg/60939/y-u-nh-h-n-vs-team-capalot-road-to-vct-2022-main-event-ro16,812,2021-12-23,3:00 PM
PACIFIC,60938,https://www.vlr.gg/60938/respect-me-vs-fancy-united-esports-road-to-vct-2022-main-event-ro16,812,2021-12-23,7:00 PM
PACIFIC,60940,https://www.vlr.gg/60940/lv10fb-vs-fearus-road-to-vct-2022-main-event-ro16,812,2021-12-23,7:00 PM
PACIFIC,60941,https://www.vlr.gg/60941/vandal-gang-boiz-vs-homies-nexus-road-to-vct-2022-main-event-ro16,812,2021-12-23,7:00 PM
PACIFIC,60942,https://www.vlr.gg/60942/the-meaps-vs-team-ibye-road-to-vct-2022-main-event-ro16,812,2021-12-23,7:00 PM
PACIFIC,60944,https://www.vlr.gg/60944/imnot-vs-clowns-road-to-vct-2022-main-event-ro16,812,2021-12-23,7:00 PM
PACIFIC,60943,https://www.vlr.gg/60943/fenix-gaming-vs-take-it-easy-road-to-vct-2022-main-event-ro16,812,2021-12-23,8:30 PM
PACIFIC,60945,https://www.vlr.gg/60945/innocent-cats-junior-vs-dominus-road-to-vct-2022-main-event-ro16,812,2021-12-23,8:30 PM
PACIFIC,61045,https://www.vlr.gg/61045/fancy-united-esports-vs-team-capalot-road-to-vct-2022-main-event-qf,812,2021-12-26,3:00 PM
PACIFIC,61046,https://www.vlr.gg/61046/fearus-vs-homies-nexus-road-to-vct-2022-main-event-qf,812,2021-12-26,3:00 PM
PACIFIC,61047,https://www.vlr.gg/61047/the-meaps-vs-take-it-easy-road-to-vct-2022-main-event-qf,812,2021-12-26,8:00 PM
PACIFIC,61048,https://www.vlr.gg/61048/imnot-vs-dominus-road-to-vct-2022-main-event-qf,812,2021-12-26,8:00 PM
PACIFIC,61288,https://www.vlr.gg/61288/fancy-united-esports-vs-fearus-road-to-vct-2022-main-event-sf,812,2021-12-27,9:00 PM
PACIFIC,61289,https://www.vlr.gg/61289/the-meaps-vs-dominus-road-to-vct-2022-main-event-sf,812,2021-12-27,9:00 PM
PACIFIC,61290,https://www.vlr.gg/61290/fancy-united-esports-vs-the-meaps-road-to-vct-2022-main-event-gf,812,2021-12-28,7:00 PM
PACIFIC,62883,https://www.vlr.gg/62883/brave-wolves-vs-canine-9-road-to-vct-2022-ro16,812,2022-01-08,7:00 PM
PACIFIC,62884,https://www.vlr.gg/62884/dominus-vs-take-it-easy-road-to-vct-2022-ro16,812,2022-01-08,7:00 PM
PACIFIC,62885,https://www.vlr.gg/62885/unindentified-gaming-vs-nghien-gaming-road-to-vct-2022-ro16,812,2022-01-08,7:00 PM
PACIFIC,62886,https://www.vlr.gg/62886/teamjoy-vs-the-mad-men-1-road-to-vct-2022-ro16,812,2022-01-08,7:00 PM
PACIFIC,62887,https://www.vlr.gg/62887/ubt-esports-vs-fake-clan-road-to-vct-2022-ro16,812,2022-01-08,7:00 PM
PACIFIC,62888,https://www.vlr.gg/62888/innocent-cats-esports-vs-penguins-and-frogs-road-to-vct-2022-ro16,812,2022-01-08,7:00 PM
PACIFIC,62889,https://www.vlr.gg/62889/mxb-south-side-vs-team-capalot-road-to-vct-2022-ro16,812,2022-01-08,7:00 PM
PACIFIC,62890,https://www.vlr.gg/62890/team-big-baam-vs-ok-road-to-vct-2022-ro16,812,2022-01-08,7:00 PM
PACIFIC,62899,https://www.vlr.gg/62899/ubt-esports-vs-innocent-cats-esports-road-to-vct-2022-qf,812,2022-01-09,3:15 PM
PACIFIC,62897,https://www.vlr.gg/62897/brave-wolves-vs-take-it-easy-road-to-vct-2022-qf,812,2022-01-09,7:00 PM
PACIFIC,62898,https://www.vlr.gg/62898/nghien-gaming-vs-teamjoy-road-to-vct-2022-qf,812,2022-01-09,7:00 PM
PACIFIC,62900,https://www.vlr.gg/62900/team-capalot-vs-team-big-baam-road-to-vct-2022-qf,812,2022-01-09,7:00 PM
PACIFIC,62902,https://www.vlr.gg/62902/take-it-easy-vs-teamjoy-road-to-vct-2022-sf,812,2022-01-10,7:00 PM
PACIFIC,62903,https://www.vlr.gg/62903/ubt-esports-vs-team-capalot-road-to-vct-2022-sf,812,2022-01-10,7:00 PM
PACIFIC,62904,https://www.vlr.gg/62904/teamjoy-vs-ubt-esports-road-to-vct-2022-gf,812,2022-01-11,7:00 PM
PACIFIC,64240,https://www.vlr.gg/64240/not-for-fun-vs-hehe-road-to-vct-2022-round-3-ro16,812,2022-01-15,3:00 PM
PACIFIC,64241,https://www.vlr.gg/64241/dominus-esports-vs-homies-nexus-road-to-vct-2022-round-3-ro16,812,2022-01-15,3:00 PM
PACIFIC,64242,https://www.vlr.gg/64242/respect-me-vs-the-mad-men-2-road-to-vct-2022-round-3-ro16,812,2022-01-15,3:00 PM
PACIFIC,64243,https://www.vlr.gg/64243/team-big-baam-vs-fake-clan-road-to-vct-2022-round-3-ro16,812,2022-01-15,3:00 PM
PACIFIC,64244,https://www.vlr.gg/64244/ok-vs-canine-9-road-to-vct-2022-round-3-ro16,812,2022-01-15,3:00 PM
PACIFIC,64245,https://www.vlr.gg/64245/brave-wolves-vs-innocent-cats-esports-road-to-vct-2022-round-3-ro16,812,2022-01-15,3:00 PM
PACIFIC,64246,https://www.vlr.gg/64246/the-mad-men-3-vs-mxb-south-side-road-to-vct-2022-round-3-ro16,812,2022-01-15,3:00 PM
PACIFIC,64247,https://www.vlr.gg/64247/cbd-prime-vs-take-it-easy-road-to-vct-2022-round-3-ro16,812,2022-01-15,3:00 PM
PACIFIC,64248,https://www.vlr.gg/64248/hehe-vs-dominus-esports-road-to-vct-2022-round-3-qf,812,2022-01-15,7:00 PM
PACIFIC,64249,https://www.vlr.gg/64249/the-mad-men-2-vs-team-big-baam-road-to-vct-2022-round-3-qf,812,2022-01-15,7:00 PM
PACIFIC,64251,https://www.vlr.gg/64251/mxb-south-side-vs-cbd-prime-road-to-vct-2022-round-3-qf,812,2022-01-15,7:00 PM
PACIFIC,64250,https://www.vlr.gg/64250/ok-vs-brave-wolves-road-to-vct-2022-round-3-qf,812,2022-01-15,8:00 PM
PACIFIC,64252,https://www.vlr.gg/64252/dominus-esports-vs-team-big-baam-road-to-vct-2022-round-3-sf,812,2022-01-16,3:00 PM
PACIFIC,64253,https://www.vlr.gg/64253/mxb-south-side-vs-brave-wolves-road-to-vct-2022-round-3-sf,812,2022-01-16,3:00 PM
PACIFIC,64254,https://www.vlr.gg/64254/team-big-baam-vs-mxb-south-side-road-to-vct-2022-round-3-gf,812,2022-01-16,7:00 PM
PACIFIC,65599,https://www.vlr.gg/65599/brave-wolves-vs-team-capalot-road-to-vct-2022-ro16,812,2022-01-22,2:00 PM
PACIFIC,65600,https://www.vlr.gg/65600/rmit-sgs-esports-club-vs-take-it-easy-road-to-vct-2022-ro16,812,2022-01-22,2:00 PM
PACIFIC,65601,https://www.vlr.gg/65601/nghien-gaming-vs-l-ng-t-team-road-to-vct-2022-ro16,812,2022-01-22,2:00 PM
PACIFIC,65602,https://www.vlr.gg/65602/dominus-esports-vs-i-cee-jay-too-road-to-vct-2022-ro16,812,2022-01-22,2:00 PM
PACIFIC,65603,https://www.vlr.gg/65603/konoha-vs-the-mad-men-3-road-to-vct-2022-ro16,812,2022-01-22,2:00 PM
PACIFIC,65604,https://www.vlr.gg/65604/the-mad-men-2-vs-shoot-for-fun-road-to-vct-2022-ro16,812,2022-01-22,2:00 PM
PACIFIC,65605,https://www.vlr.gg/65605/the-zoo-vs-zeno-g-road-to-vct-2022-ro16,812,2022-01-22,2:00 PM
PACIFIC,65606,https://www.vlr.gg/65606/chiu-vs-tiamat-road-to-vct-2022-ro16,812,2022-01-22,2:00 PM
PACIFIC,65948,https://www.vlr.gg/65948/brave-wolves-vs-take-it-easy-road-to-vct-2022-qf,812,2022-01-23,2:00 PM
PACIFIC,65949,https://www.vlr.gg/65949/nghien-gaming-vs-i-cee-jay-too-road-to-vct-2022-qf,812,2022-01-23,2:00 PM
PACIFIC,65950,https://www.vlr.gg/65950/konoha-vs-the-mad-men-2-road-to-vct-2022-qf,812,2022-01-23,2:00 PM
PACIFIC,65951,https://www.vlr.gg/65951/the-zoo-vs-chiu-road-to-vct-2022-qf,812,2022-01-23,2:00 PM
PACIFIC,65994,https://www.vlr.gg/65994/the-mad-men-2-vs-chiu-road-to-vct-2022-sf,812,2022-01-23,7:00 PM
PACIFIC,65993,https://www.vlr.gg/65993/brave-wolves-vs-i-cee-jay-too-road-to-vct-2022-sf,812,2022-01-23,10:50 PM
PACIFIC,66174,https://www.vlr.gg/66174/brave-wolves-vs-chiu-road-to-vct-2022-gf,812,2022-01-24,7:00 PM
PACIFIC,66780,https://www.vlr.gg/66780/the-mad-men-3-vs-fear-of-god-road-to-vct-2022-ro16,812,2022-01-27,12:00 PM
PACIFIC,66778,https://www.vlr.gg/66778/canine-9-vs-fenix-gaming-road-to-vct-2022-ro16,812,2022-01-27,7:00 PM
PACIFIC,66779,https://www.vlr.gg/66779/nh-u-esport-vs-tiamat-road-to-vct-2022-ro16,812,2022-01-27,7:00 PM
PACIFIC,66781,https://www.vlr.gg/66781/ok-vs-cat-gang-road-to-vct-2022-ro16,812,2022-01-27,7:00 PM
PACIFIC,66782,https://www.vlr.gg/66782/take-it-easy-vs-penguins-and-frogs-road-to-vct-2022-ro16,812,2022-01-27,7:00 PM
PACIFIC,66783,https://www.vlr.gg/66783/brimstone-gaming-vs-shoot-for-fun-road-to-vct-2022-ro16,812,2022-01-27,7:00 PM
PACIFIC,66784,https://www.vlr.gg/66784/lipxitus-vs-lv10fb-road-to-vct-2022-ro16,812,2022-01-27,7:00 PM
PACIFIC,66785,https://www.vlr.gg/66785/handicapped-vs-nghi-n-th-m-l-n-n-road-to-vct-2022-ro16,812,2022-01-27,7:00 PM
PACIFIC,67400,https://www.vlr.gg/67400/fenix-gaming-vs-tiamat-road-to-vct-2022-qf,812,2022-01-28,7:00 PM
PACIFIC,67401,https://www.vlr.gg/67401/fear-of-god-vs-ok-road-to-vct-2022-qf,812,2022-01-28,7:00 PM
PACIFIC,67402,https://www.vlr.gg/67402/take-it-easy-vs-brimstone-gaming-road-to-vct-2022-qf,812,2022-01-28,7:00 PM
PACIFIC,67403,https://www.vlr.gg/67403/lipxitus-vs-nghi-n-th-m-l-n-n-road-to-vct-2022-qf,812,2022-01-28,7:00 PM
PACIFIC,67575,https://www.vlr.gg/67575/fenix-gaming-vs-ok-road-to-vct-2022-sf,812,2022-01-29,2:00 PM
PACIFIC,67576,https://www.vlr.gg/67576/take-it-easy-vs-nghi-n-th-m-l-n-n-road-to-vct-2022-sf,812,2022-01-29,4:00 PM
PACIFIC,67695,https://www.vlr.gg/67695/fear-of-god-vs-brimstone-gaming-road-to-vct-2022-decider-match,812,2022-01-29,7:00 PM
PACIFIC,67697,https://www.vlr.gg/67697/ok-vs-take-it-easy-road-to-vct-2022-gf,812,2022-01-29,7:00 PM
PACIFIC,67696,https://www.vlr.gg/67696/tiamat-vs-lipxitus-road-to-vct-2022-decider-match,812,2022-01-30,2:00 PM
PACIFIC,51282,https://www.vlr.gg/51282/vision-strikers-vs-full-sense-valorant-champions-opening-d,449,2021-12-01,9:00 PM
PACIFIC,51278,https://www.vlr.gg/51278/team-vikings-vs-crazy-raccoon-valorant-champions-opening-c,449,2021-12-02,12:00 AM
PACIFIC,51283,https://www.vlr.gg/51283/fnatic-vs-cloud9-blue-valorant-champions-opening-d,449,2021-12-02,2:45 AM
PACIFIC,51277,https://www.vlr.gg/51277/gambit-esports-vs-team-secret-valorant-champions-opening-c,449,2021-12-02,9:00 PM
PACIFIC,51273,https://www.vlr.gg/51273/sentinels-vs-furia-valorant-champions-opening-b,449,2021-12-03,12:30 AM
PACIFIC,51272,https://www.vlr.gg/51272/kr-esports-vs-team-liquid-valorant-champions-opening-b,449,2021-12-03,4:45 AM
PACIFIC,51284,https://www.vlr.gg/51284/vision-strikers-vs-fnatic-valorant-champions-winners-d,449,2021-12-04,12:55 AM
PACIFIC,51267,https://www.vlr.gg/51267/envy-vs-x10-crit-valorant-champions-opening-a,449,2021-12-04,4:35 AM
PACIFIC,51279,https://www.vlr.gg/51279/gambit-esports-vs-team-vikings-valorant-champions-winners-c,449,2021-12-04,10:00 PM
PACIFIC,51274,https://www.vlr.gg/51274/team-liquid-vs-sentinels-valorant-champions-winners-b,449,2021-12-05,2:00 AM
PACIFIC,51266,https://www.vlr.gg/51266/acend-vs-keyd-stars-valorant-champions-opening-a,449,2021-12-05,8:30 PM
PACIFIC,51280,https://www.vlr.gg/51280/team-secret-vs-crazy-raccoon-valorant-champions-elim-c,449,2021-12-05,10:00 PM
PACIFIC,51275,https://www.vlr.gg/51275/kr-esports-vs-furia-valorant-champions-elim-b,449,2021-12-06,12:35 AM
PACIFIC,51285,https://www.vlr.gg/51285/full-sense-vs-cloud9-blue-valorant-champions-elim-d,449,2021-12-06,4:30 AM
PACIFIC,51268,https://www.vlr.gg/51268/acend-vs-envy-valorant-champions-winners-a,449,2021-12-06,9:00 PM
PACIFIC,51269,https://www.vlr.gg/51269/keyd-stars-vs-x10-crit-valorant-champions-elim-a,449,2021-12-07,12:00 AM
PACIFIC,51276,https://www.vlr.gg/51276/sentinels-vs-kr-esports-valorant-champions-decider-b,449,2021-12-07,2:40 AM
PACIFIC,51286,https://www.vlr.gg/51286/vision-strikers-vs-cloud9-blue-valorant-champions-decider-d,449,2021-12-07,9:00 PM
PACIFIC,51281,https://www.vlr.gg/51281/team-vikings-vs-team-secret-valorant-champions-decider-c,449,2021-12-08,1:15 AM
PACIFIC,51270,https://www.vlr.gg/51270/envy-vs-x10-crit-valorant-champions-decider-a,449,2021-12-08,4:00 AM
PACIFIC,51290,https://www.vlr.gg/51290/acend-vs-team-secret-valorant-champions-qf,449,2021-12-09,12:00 AM
PACIFIC,51291,https://www.vlr.gg/51291/team-liquid-vs-cloud9-valorant-champions-qf,449,2021-12-09,3:00 AM
PACIFIC,51292,https://www.vlr.gg/51292/gambit-esports-vs-x10-crit-valorant-champions-qf,449,2021-12-10,12:00 AM
PACIFIC,51293,https://www.vlr.gg/51293/fnatic-vs-kr-esports-valorant-champions-qf,449,2021-12-10,3:40 AM
PACIFIC,51294,https://www.vlr.gg/51294/acend-vs-team-liquid-valorant-champions-sf,449,2021-12-12,12:00 AM
PACIFIC,51295,https://www.vlr.gg/51295/gambit-esports-vs-kr-esports-valorant-champions-sf,449,2021-12-12,3:00 AM
PACIFIC,51296,https://www.vlr.gg/51296/acend-vs-gambit-esports-valorant-champions-2021-gf,449,2021-12-13,12:30 AM
PACIFIC,39489,https://www.vlr.gg/39489/boom-esports-vs-fennel-champions-tour-asia-pacific-last-chance-qualifier-ubro1,560,2021-10-11,2:00 PM
PACIFIC,39490,https://www.vlr.gg/39490/global-esports-vs-damwon-gaming-champions-tour-asia-pacific-last-chance-qualifier-ubro1,560,2021-10-11,4:15 PM
PACIFIC,39491,https://www.vlr.gg/39491/full-sense-vs-reject-champions-tour-asia-pacific-last-chance-qualifier-ubqf,560,2021-10-12,12:00 PM
PACIFIC,39493,https://www.vlr.gg/39493/f4q-vs-northeption-champions-tour-asia-pacific-last-chance-qualifier-ubqf,560,2021-10-12,4:00 PM
PACIFIC,39494,https://www.vlr.gg/39494/nuturn-vs-boom-esports-champions-tour-asia-pacific-last-chance-qualifier-ubqf,560,2021-10-12,6:15 PM
PACIFIC,39492,https://www.vlr.gg/39492/paper-rex-vs-global-esports-champions-tour-asia-pacific-last-chance-qualifier-ubqf,560,2021-10-12,8:30 PM
PACIFIC,43112,https://www.vlr.gg/43112/reject-vs-damwon-gaming-champions-tour-asia-pacific-last-chance-qualifier-lbr1,560,2021-10-13,2:00 PM
PACIFIC,43113,https://www.vlr.gg/43113/f4q-vs-fennel-champions-tour-asia-pacific-last-chance-qualifier-lbr1,560,2021-10-13,4:00 PM
PACIFIC,43109,https://www.vlr.gg/43109/nuturn-vs-full-sense-champions-tour-asia-pacific-last-chance-qualifier-ubsf,560,2021-10-13,6:50 PM
PACIFIC,43110,https://www.vlr.gg/43110/paper-rex-vs-northeption-champions-tour-asia-pacific-last-chance-qualifier-ubsf,560,2021-10-14,2:00 PM
PACIFIC,43114,https://www.vlr.gg/43114/boom-esports-vs-damwon-gaming-champions-tour-asia-pacific-last-chance-qualifier-lbr2,560,2021-10-14,4:30 PM
PACIFIC,43115,https://www.vlr.gg/43115/global-esports-vs-f4q-champions-tour-asia-pacific-last-chance-qualifier-lbr2,560,2021-10-14,6:15 PM
PACIFIC,43111,https://www.vlr.gg/43111/full-sense-vs-northeption-champions-tour-asia-pacific-last-chance-qualifier-ubf,560,2021-10-15,2:00 PM
PACIFIC,43116,https://www.vlr.gg/43116/paper-rex-vs-damwon-gaming-champions-tour-asia-pacific-last-chance-qualifier-lbr3,560,2021-10-15,5:15 PM
PACIFIC,43117,https://www.vlr.gg/43117/nuturn-vs-f4q-champions-tour-asia-pacific-last-chance-qualifier-lbr3,560,2021-10-15,8:00 PM
PACIFIC,43118,https://www.vlr.gg/43118/damwon-gaming-vs-nuturn-champions-tour-asia-pacific-last-chance-qualifier-lbr4,560,2021-10-16,4:00 PM
PACIFIC,43119,https://www.vlr.gg/43119/full-sense-vs-damwon-gaming-champions-tour-asia-pacific-last-chance-qualifier-lbf,560,2021-10-16,7:00 PM
PACIFIC,43120,https://www.vlr.gg/43120/northeption-vs-full-sense-champions-tour-asia-pacific-last-chance-qualifier-gf,560,2021-10-17,4:00 PM
PACIFIC,33848,https://www.vlr.gg/33848/order-vs-dire-wolves-oceania-tour-championship-ubqf,649,2021-09-08,3:30 PM
PACIFIC,33850,https://www.vlr.gg/33850/wildcard-gaming-vs-nebula-oceania-tour-championship-ubqf,649,2021-09-08,3:30 PM
PACIFIC,33849,https://www.vlr.gg/33849/peace-vs-legacy-esports-oceania-tour-championship-ubqf,649,2021-09-08,5:50 PM
PACIFIC,33851,https://www.vlr.gg/33851/mindfreak-vs-team-bliss-oceania-tour-championship-ubqf,649,2021-09-08,6:05 PM
PACIFIC,33852,https://www.vlr.gg/33852/order-vs-peace-oceania-tour-championship-ubsf,649,2021-09-09,3:30 PM
PACIFIC,33856,https://www.vlr.gg/33856/dire-wolves-vs-legacy-esports-oceania-tour-championship-lr1,649,2021-09-09,3:30 PM
PACIFIC,33853,https://www.vlr.gg/33853/wildcard-gaming-vs-team-bliss-oceania-tour-championship-ubsf,649,2021-09-09,6:00 PM
PACIFIC,33857,https://www.vlr.gg/33857/nebula-vs-mindfreak-oceania-tour-championship-lr1,649,2021-09-09,6:00 PM
PACIFIC,33858,https://www.vlr.gg/33858/wildcard-gaming-vs-legacy-esports-oceania-tour-championship-lr2,649,2021-09-10,3:30 PM
PACIFIC,33859,https://www.vlr.gg/33859/peace-vs-nebula-oceania-tour-championship-lr2,649,2021-09-10,7:00 PM
PACIFIC,33854,https://www.vlr.gg/33854/order-vs-team-bliss-oceania-tour-championship-ubf,649,2021-09-11,12:30 PM
PACIFIC,33860,https://www.vlr.gg/33860/wildcard-gaming-vs-peace-oceania-tour-championship-lr3,649,2021-09-11,12:30 PM
PACIFIC,33861,https://www.vlr.gg/33861/team-bliss-vs-peace-oceania-tour-championship-lbf,649,2021-09-11,3:00 PM
PACIFIC,33855,https://www.vlr.gg/33855/order-vs-peace-oceania-tour-championship-gf,649,2021-09-12,12:30 PM
PACIFIC,25748,https://www.vlr.gg/25748/global-esports-vs-team-inazuma-valorant-conquerors-championship-in-qualifier-1-ro16,557,2021-07-09,6:30 PM
PACIFIC,25749,https://www.vlr.gg/25749/tempest-vs-bi-esports-valorant-conquerors-championship-in-qualifier-1-ro16,557,2021-07-09,6:30 PM
PACIFIC,25750,https://www.vlr.gg/25750/godlike-esports-vs-lethal-esports-valorant-conquerors-championship-in-qualifier-1-ro16,557,2021-07-09,6:30 PM
PACIFIC,25751,https://www.vlr.gg/25751/enigma-gaming-vs-reckoning-infinity-valorant-conquerors-championship-in-qualifier-1-ro16,557,2021-07-09,6:30 PM
PACIFIC,25752,https://www.vlr.gg/25752/velocity-gaming-vs-true-rippers-valorant-conquerors-championship-in-qualifier-1-ro16,557,2021-07-09,6:30 PM
PACIFIC,25753,https://www.vlr.gg/25753/f1ls-esports-vs-outset-esports-valorant-conquerors-championship-in-qualifier-1-ro16,557,2021-07-09,6:30 PM
PACIFIC,25754,https://www.vlr.gg/25754/samurai-esports-vs-kill-to-win-valorant-conquerors-championship-in-qualifier-1-ro16,557,2021-07-09,6:30 PM
PACIFIC,25755,https://www.vlr.gg/25755/t69-vs-reckoning-esports-valorant-conquerors-championship-in-qualifier-1-ro16,557,2021-07-09,6:30 PM
PACIFIC,26041,https://www.vlr.gg/26041/global-esports-vs-tempest-valorant-conquerors-championship-in-qualifier-1-qf,557,2021-07-09,9:30 PM
PACIFIC,26042,https://www.vlr.gg/26042/godlike-esports-vs-enigma-gaming-valorant-conquerors-championship-in-qualifier-1-qf,557,2021-07-09,9:30 PM
PACIFIC,26043,https://www.vlr.gg/26043/velocity-gaming-vs-f1ls-esports-valorant-conquerors-championship-in-qualifier-1-qf,557,2021-07-09,9:30 PM
PACIFIC,26044,https://www.vlr.gg/26044/samurai-esports-vs-t69-valorant-conquerors-championship-in-qualifier-1-qf,557,2021-07-09,9:30 PM
PACIFIC,26045,https://www.vlr.gg/26045/global-esports-vs-enigma-gaming-valorant-conquerors-championship-in-qualifier-1-sf,557,2021-07-10,6:30 PM
PACIFIC,26046,https://www.vlr.gg/26046/velocity-gaming-vs-samurai-esports-valorant-conquerors-championship-in-qualifier-1-sf,557,2021-07-10,9:00 PM
PACIFIC,26047,https://www.vlr.gg/26047/global-esports-vs-velocity-gaming-valorant-conquerors-championship-in-qualifier-1-gf,557,2021-07-11,8:30 PM
PACIFIC,26732,https://www.vlr.gg/26732/team-exploit-vs-clarity-valorant-conquerors-championship-pk-af-qualifier-1-qf,557,2021-07-14,8:00 PM
PACIFIC,26733,https://www.vlr.gg/26733/salt-esports-vs-evilg-valorant-conquerors-championship-pk-af-qualifier-1-qf,557,2021-07-14,8:00 PM
PACIFIC,26734,https://www.vlr.gg/26734/maxd-vs-namak-boys-valorant-conquerors-championship-pk-af-qualifier-1-qf,557,2021-07-14,8:00 PM
PACIFIC,26735,https://www.vlr.gg/26735/team-arrow-vs-aquiver-valorant-conquerors-championship-pk-af-qualifier-1-qf,557,2021-07-14,8:00 PM
PACIFIC,26949,https://www.vlr.gg/26949/team-exploit-vs-salt-esports-valorant-conquerors-championship-pk-af-qualifier-1-sf,557,2021-07-17,10:30 PM
PACIFIC,26950,https://www.vlr.gg/26950/namak-boys-vs-team-arrow-valorant-conquerors-championship-pk-af-qualifier-1-sf,557,2021-07-18,2:30 AM
PACIFIC,26951,https://www.vlr.gg/26951/salt-esports-vs-team-arrow-valorant-conquerors-championship-pk-af-qualifier-1-gf,557,2021-07-18,11:00 PM
PACIFIC,26952,https://www.vlr.gg/26952/team-exploit-vs-namak-boys-valorant-conquerors-championship-pk-af-qualifier-1-3rd-place-match,557,2021-07-19,8:00 PM
PACIFIC,28796,https://www.vlr.gg/28796/trained-to-kill-vs-legion-valorant-conquerors-championship-np-bt-qualifier-qf,557,2021-07-20,4:00 PM
PACIFIC,28797,https://www.vlr.gg/28797/redfire-wasd-arena-vs-ragnarok-valorant-conquerors-championship-np-bt-qualifier-qf,557,2021-07-20,4:00 PM
PACIFIC,28798,https://www.vlr.gg/28798/pn-crew-vs-ben10-valorant-conquerors-championship-np-bt-qualifier-qf,557,2021-07-20,4:00 PM
PACIFIC,28799,https://www.vlr.gg/28799/damaru-gaming-vs-hell-on-earth-valorant-conquerors-championship-np-bt-qualifier-qf,557,2021-07-20,4:00 PM
PACIFIC,28800,https://www.vlr.gg/28800/legion-vs-redfire-wasd-arena-valorant-conquerors-championship-np-bt-qualifier-sf,557,2021-07-21,4:00 PM
PACIFIC,28801,https://www.vlr.gg/28801/pn-crew-vs-damaru-gaming-valorant-conquerors-championship-np-bt-qualifier-sf,557,2021-07-21,6:30 PM
PACIFIC,28803,https://www.vlr.gg/28803/crash-landin-on-you-vs-tenacity-valorant-conquerors-championship-lk-mv-qualifier-qf,557,2021-07-21,6:30 PM
PACIFIC,28804,https://www.vlr.gg/28804/revolutionary-gamers-vs-union-gaming-zegg-valorant-conquerors-championship-lk-mv-qualifier-qf,557,2021-07-21,6:30 PM
PACIFIC,28805,https://www.vlr.gg/28805/na-whiff-masters-vs-team-revanant-valorant-conquerors-championship-lk-mv-qualifier-qf,557,2021-07-21,6:30 PM
PACIFIC,28806,https://www.vlr.gg/28806/lexious-gaming-vs-run-and-gun-valorant-conquerors-championship-lk-mv-qualifier-qf,557,2021-07-21,6:30 PM
PACIFIC,28802,https://www.vlr.gg/28802/legion-vs-damaru-gaming-valorant-conquerors-championship-np-bt-qualifier-gf,557,2021-07-22,4:00 PM
PACIFIC,28807,https://www.vlr.gg/28807/crash-landin-on-you-vs-union-gaming-zegg-valorant-conquerors-championship-lk-mv-qualifier-sf,557,2021-07-24,6:30 PM
PACIFIC,28808,https://www.vlr.gg/28808/na-whiff-masters-vs-lexious-gaming-valorant-conquerors-championship-lk-mv-qualifier-sf,557,2021-07-24,8:30 PM
PACIFIC,28809,https://www.vlr.gg/28809/crash-landin-on-you-vs-lexious-gaming-valorant-conquerors-championship-lk-mv-qualifier-gf,557,2021-07-25,8:30 PM
PACIFIC,29331,https://www.vlr.gg/29331/insurgent-e-sports-vs-se-necrosis-valorant-conquerors-championship-bd-qualifier-qf,557,2021-07-28,6:00 PM
PACIFIC,29332,https://www.vlr.gg/29332/exceeli-esports-vs-lariox-esports-valorant-conquerors-championship-bd-qualifier-qf,557,2021-07-28,6:00 PM
PACIFIC,29333,https://www.vlr.gg/29333/regal-e-sports-vs-team-ethereal-valorant-conquerors-championship-bd-qualifier-qf,557,2021-07-28,6:00 PM
PACIFIC,29334,https://www.vlr.gg/29334/team-assassins-vs-zeusaberz-esports-valorant-conquerors-championship-bd-qualifier-qf,557,2021-07-28,6:00 PM
PACIFIC,30628,https://www.vlr.gg/30628/team-exploit-vs-gladiators-valorant-conquerors-championship-pk-af-qualifier-2-qf,557,2021-07-30,8:00 PM
PACIFIC,30629,https://www.vlr.gg/30629/aquiver-vs-team-perfectionists-valorant-conquerors-championship-pk-af-qualifier-2-qf,557,2021-07-30,8:00 PM
PACIFIC,30630,https://www.vlr.gg/30630/team-arrow-vs-team-soviet-valorant-conquerors-championship-pk-af-qualifier-2-qf,557,2021-07-30,8:00 PM
PACIFIC,30631,https://www.vlr.gg/30631/clarity-vs-maxd-valorant-conquerors-championship-pk-af-qualifier-2-qf,557,2021-07-30,8:00 PM
PACIFIC,29335,https://www.vlr.gg/29335/insurgent-esports-vs-exceeli-esports-valorant-conquerors-championship-bd-qualifier-sf,557,2021-07-31,6:00 PM
PACIFIC,29336,https://www.vlr.gg/29336/regal-e-sports-vs-zeusaberz-esports-valorant-conquerors-championship-bd-qualifier-sf,557,2021-07-31,6:00 PM
PACIFIC,29338,https://www.vlr.gg/29338/exceeli-esports-vs-regal-e-sports-valorant-conquerors-championship-bd-qualifier-gf,557,2021-08-01,8:00 PM
PACIFIC,30818,https://www.vlr.gg/30818/global-esports-vs-fs-esports-valorant-conquerors-championship-in-qualifier-2-ro16,557,2021-08-03,6:30 PM
PACIFIC,30819,https://www.vlr.gg/30819/sus-squad-vs-redmonk-junior-valorant-conquerors-championship-in-qualifier-2-ro16,557,2021-08-03,6:30 PM
PACIFIC,30820,https://www.vlr.gg/30820/t69-vs-team-valor-valorant-conquerors-championship-in-qualifier-2-ro16,557,2021-08-03,6:30 PM
PACIFIC,30821,https://www.vlr.gg/30821/f1ls-esports-vs-reckoning-esports-valorant-conquerors-championship-in-qualifier-2-ro16,557,2021-08-03,6:30 PM
PACIFIC,30822,https://www.vlr.gg/30822/enigma-gaming-vs-xceed-valorant-conquerors-championship-in-qualifier-2-ro16,557,2021-08-03,6:30 PM
PACIFIC,30823,https://www.vlr.gg/30823/orgless5-vs-team-novas-valorant-conquerors-championship-in-qualifier-2-ro16,557,2021-08-03,6:30 PM
PACIFIC,30824,https://www.vlr.gg/30824/team-xo-vs-lethal-esports-valorant-conquerors-championship-in-qualifier-2-ro16,557,2021-08-03,6:30 PM
PACIFIC,30825,https://www.vlr.gg/30825/godlike-esports-vs-yodha-esports-b-valorant-conquerors-championship-in-qualifier-2-ro16,557,2021-08-03,6:30 PM
PACIFIC,30826,https://www.vlr.gg/30826/global-esports-vs-sus-squad-valorant-conquerors-championship-in-qualifier-2-qf,557,2021-08-04,6:30 PM
PACIFIC,30827,https://www.vlr.gg/30827/t69-vs-reckoning-esports-valorant-conquerors-championship-in-qualifier-2-qf,557,2021-08-04,6:30 PM
PACIFIC,30828,https://www.vlr.gg/30828/enigma-gaming-vs-team-novas-valorant-conquerors-championship-in-qualifier-2-qf,557,2021-08-04,6:30 PM
PACIFIC,30632,https://www.vlr.gg/30632/team-exploit-vs-team-perfectionists-valorant-conquerors-championship-pk-af-qualifier-2-sf,557,2021-08-04,7:00 PM
PACIFIC,30633,https://www.vlr.gg/30633/team-arrow-vs-maxd-valorant-conquerors-championship-pk-af-qualifier-2-sf,557,2021-08-04,9:30 PM
PACIFIC,30829,https://www.vlr.gg/30829/team-xo-vs-godlike-esports-valorant-conquerors-championship-in-qualifier-2-qf,557,2021-08-05,6:30 PM
PACIFIC,30636,https://www.vlr.gg/30636/team-exploit-vs-team-arrow-valorant-conquerors-championship-pk-af-qualifier-2-gf,557,2021-08-05,8:00 PM
PACIFIC,30634,https://www.vlr.gg/30634/team-perfectionists-vs-maxd-valorant-conquerors-championship-pk-af-qualifier-2-cf,557,2021-08-06,8:00 PM
PACIFIC,30830,https://www.vlr.gg/30830/global-esports-vs-t69-valorant-conquerors-championship-in-qualifier-2-sf,557,2021-08-07,6:30 PM
PACIFIC,30831,https://www.vlr.gg/30831/enigma-gaming-vs-team-xo-valorant-conquerors-championship-in-qualifier-2-sf,557,2021-08-07,9:00 PM
PACIFIC,31019,https://www.vlr.gg/31019/t69-vs-enigma-gaming-valorant-conquerors-championship-in-qualifier-2-cf,557,2021-08-08,6:30 PM
PACIFIC,30832,https://www.vlr.gg/30832/global-esports-vs-team-xo-valorant-conquerors-championship-in-qualifier-2-gf,557,2021-08-08,8:30 PM
PACIFIC,31489,https://www.vlr.gg/31489/team-xo-vs-legion-valorant-conquerors-championship-wildcard-ubqf,557,2021-08-10,7:30 PM
PACIFIC,31490,https://www.vlr.gg/31490/team-arrow-vs-lexious-gaming-valorant-conquerors-championship-wildcard-ubqf,557,2021-08-10,7:30 PM
PACIFIC,31491,https://www.vlr.gg/31491/enigma-gaming-vs-regal-e-sports-valorant-conquerors-championship-wildcard-ubqf,557,2021-08-10,7:30 PM
PACIFIC,31492,https://www.vlr.gg/31492/maxd-vs-team-xo-valorant-conquerors-championship-wildcard-ubsf,557,2021-08-11,6:30 PM
PACIFIC,31493,https://www.vlr.gg/31493/team-arrow-vs-enigma-gaming-valorant-conquerors-championship-wildcard-ubsf,557,2021-08-11,6:30 PM
PACIFIC,31497,https://www.vlr.gg/31497/lexious-gaming-vs-regal-e-sports-valorant-conquerors-championship-wildcard-lr1,557,2021-08-11,10:00 PM
PACIFIC,31498,https://www.vlr.gg/31498/team-arrow-vs-legion-valorant-conquerors-championship-wildcard-lr2,557,2021-08-12,5:30 PM
PACIFIC,31499,https://www.vlr.gg/31499/maxd-vs-lexious-gaming-valorant-conquerors-championship-wildcard-lr2,557,2021-08-12,5:30 PM
PACIFIC,31500,https://www.vlr.gg/31500/team-arrow-vs-lexious-gaming-valorant-conquerors-championship-wildcard-lr3,557,2021-08-12,9:30 PM
PACIFIC,31494,https://www.vlr.gg/31494/team-xo-vs-enigma-gaming-valorant-conquerors-championship-wildcard-ubf,557,2021-08-14,6:30 PM
PACIFIC,31501,https://www.vlr.gg/31501/enigma-gaming-vs-team-arrow-valorant-conquerors-championship-wildcard-lbf,557,2021-08-14,9:00 PM
PACIFIC,31495,https://www.vlr.gg/31495/team-xo-vs-enigma-gaming-valorant-conquerors-championship-wildcard-gf,557,2021-08-15,8:30 PM
PACIFIC,33034,https://www.vlr.gg/33034/velocity-gaming-vs-exceeli-esports-valorant-conquerors-championship-group-stage-opening-a,557,2021-08-20,3:30 PM
PACIFIC,33035,https://www.vlr.gg/33035/team-exploit-vs-crash-landin-on-you-valorant-conquerors-championship-group-stage-opening-a,557,2021-08-20,6:00 PM
PACIFIC,33039,https://www.vlr.gg/33039/damaru-gaming-vs-global-esports-valorant-conquerors-championship-group-stage-opening-b,557,2021-08-20,7:00 PM
PACIFIC,33040,https://www.vlr.gg/33040/salt-esports-vs-enigma-gaming-valorant-conquerors-championship-group-stage-opening-b,557,2021-08-20,8:20 PM
PACIFIC,33037,https://www.vlr.gg/33037/exceeli-esports-vs-crash-landin-on-you-valorant-conquerors-championship-group-stage-elim-a,557,2021-08-21,3:30 PM
PACIFIC,33042,https://www.vlr.gg/33042/damaru-gaming-vs-salt-esports-valorant-conquerors-championship-group-stage-elimination-b,557,2021-08-21,5:45 PM
PACIFIC,33036,https://www.vlr.gg/33036/velocity-gaming-vs-team-exploit-valorant-conquerors-championship-group-stage-winners-a,557,2021-08-21,8:30 PM
PACIFIC,33041,https://www.vlr.gg/33041/global-esports-vs-enigma-gaming-valorant-conquerors-championship-group-stage-winners-b,557,2021-08-22,3:30 PM
PACIFIC,33038,https://www.vlr.gg/33038/velocity-gaming-vs-exceeli-esports-valorant-conquerors-championship-group-stage-decider-a,557,2021-08-22,5:15 PM
PACIFIC,33043,https://www.vlr.gg/33043/enigma-gaming-vs-salt-esports-valorant-conquerors-championship-group-stage-decider-b,557,2021-08-22,7:25 PM
PACIFIC,33044,https://www.vlr.gg/33044/team-exploit-vs-enigma-gaming-valorant-conquerors-championship-ubsf,557,2021-08-27,3:30 PM
PACIFIC,33045,https://www.vlr.gg/33045/global-esports-vs-velocity-gaming-valorant-conquerors-championship-ubsf,557,2021-08-27,5:30 PM
PACIFIC,33047,https://www.vlr.gg/33047/enigma-gaming-vs-global-esports-valorant-conquerors-championship-lbr1,557,2021-08-27,9:00 PM
PACIFIC,33046,https://www.vlr.gg/33046/team-exploit-vs-velocity-gaming-valorant-conquerors-championship-ubf,557,2021-08-28,6:30 PM
PACIFIC,33048,https://www.vlr.gg/33048/team-exploit-vs-global-esports-valorant-conquerors-championship-lbf,557,2021-08-28,9:00 PM
PACIFIC,33049,https://www.vlr.gg/33049/velocity-gaming-vs-global-esports-valorant-conquerors-championship-gf,557,2021-08-29,6:30 PM
PACIFIC,29741,https://www.vlr.gg/29741/bren-esports-vs-cbt-gaming-champions-tour-sea-stage-3-challengers-playoffs-group-stage-group-a,570,2021-08-13,10:00 AM
PACIFIC,29742,https://www.vlr.gg/29742/ego-vs-sharper-esports-champions-tour-sea-stage-3-challengers-playoffs-group-stage-group-a,570,2021-08-13,12:30 PM
PACIFIC,29743,https://www.vlr.gg/29743/onic-g-vs-full-sense-champions-tour-sea-stage-3-challengers-playoffs-group-stage-group-b,570,2021-08-13,2:30 PM
PACIFIC,29744,https://www.vlr.gg/29744/five-ace-e-sports-vs-paper-rex-champions-tour-sea-stage-3-challengers-playoffs-group-stage-group,570,2021-08-13,5:00 PM
PACIFIC,29745,https://www.vlr.gg/29745/x10-esports-vs-galaxy-racer-champions-tour-sea-stage-3-challengers-playoffs-group-stage-group-c,570,2021-08-13,6:20 PM
PACIFIC,29746,https://www.vlr.gg/29746/team-big-baam-vs-boom-esports-champions-tour-sea-stage-3-challengers-playoffs-group-stage-group,570,2021-08-13,9:15 PM
PACIFIC,29747,https://www.vlr.gg/29747/uwu-vs-alter-ego-champions-tour-sea-stage-3-challengers-playoffs-group-stage-group-d,570,2021-08-14,10:00 AM
PACIFIC,29748,https://www.vlr.gg/29748/cerberus-esports-vs-oasis-gaming-champions-tour-sea-stage-3-challengers-playoffs-group-stage-gro,570,2021-08-14,11:50 AM
PACIFIC,29749,https://www.vlr.gg/29749/bren-esports-vs-ego-champions-tour-sea-stage-3-challengers-playoffs-group-stage-group-a,570,2021-08-14,2:30 PM
PACIFIC,29750,https://www.vlr.gg/29750/cbt-gaming-vs-sharper-esports-champions-tour-sea-stage-3-challengers-playoffs-group-stage-group,570,2021-08-14,3:50 PM
PACIFIC,29751,https://www.vlr.gg/29751/onic-g-vs-five-ace-e-sports-champions-tour-sea-stage-3-challengers-playoffs-group-stage-group-b,570,2021-08-14,6:30 PM
PACIFIC,29752,https://www.vlr.gg/29752/full-sense-vs-paper-rex-champions-tour-sea-stage-3-challengers-playoffs-group-stage-group-b,570,2021-08-14,8:35 PM
PACIFIC,29753,https://www.vlr.gg/29753/x10-esports-vs-team-big-baam-champions-tour-sea-stage-3-challengers-playoffs-group-stage-group-c,570,2021-08-15,10:00 AM
PACIFIC,29754,https://www.vlr.gg/29754/galaxy-racer-vs-boom-esports-champions-tour-sea-stage-3-challengers-playoffs-group-stage-group-c,570,2021-08-15,11:35 AM
PACIFIC,29755,https://www.vlr.gg/29755/uwu-vs-cerberus-esports-champions-tour-sea-stage-3-challengers-playoffs-group-stage-group-d,570,2021-08-15,1:35 PM
PACIFIC,29756,https://www.vlr.gg/29756/alter-ego-vs-oasis-gaming-champions-tour-sea-stage-3-challengers-playoffs-group-stage-group-d,570,2021-08-15,3:30 PM
PACIFIC,29757,https://www.vlr.gg/29757/bren-esports-vs-sharper-esports-champions-tour-sea-stage-3-challengers-playoffs-group-stage-grou,570,2021-08-15,5:10 PM
PACIFIC,29758,https://www.vlr.gg/29758/cbt-gaming-vs-ego-champions-tour-sea-stage-3-challengers-playoffs-group-stage-group-a,570,2021-08-15,7:15 PM
PACIFIC,29759,https://www.vlr.gg/29759/onic-g-vs-paper-rex-champions-tour-sea-stage-3-challengers-playoffs-group-stage-group-b,570,2021-08-16,10:00 AM
PACIFIC,29760,https://www.vlr.gg/29760/full-sense-vs-five-ace-e-sports-champions-tour-sea-stage-3-challengers-playoffs-group-stage-grou,570,2021-08-16,11:30 AM
PACIFIC,29761,https://www.vlr.gg/29761/x10-esports-vs-boom-esports-champions-tour-sea-stage-3-challengers-playoffs-group-stage-group-c,570,2021-08-16,1:15 PM
PACIFIC,29762,https://www.vlr.gg/29762/galaxy-racer-vs-team-big-baam-champions-tour-sea-stage-3-challengers-playoffs-group-stage-group,570,2021-08-16,3:05 PM
PACIFIC,29763,https://www.vlr.gg/29763/uwu-vs-oasis-gaming-champions-tour-sea-stage-3-challengers-playoffs-group-stage-group-d,570,2021-08-16,5:00 PM
PACIFIC,29764,https://www.vlr.gg/29764/alter-ego-vs-cerberus-esports-champions-tour-sea-stage-3-challengers-playoffs-group-stage-group,570,2021-08-16,6:55 PM
PACIFIC,33100,https://www.vlr.gg/33100/team-big-baam-vs-full-sense-champions-tour-sea-stage-3-challengers-playoffs-playoffs-ubqf,570,2021-08-19,10:00 AM
PACIFIC,33101,https://www.vlr.gg/33101/bren-esports-vs-cerberus-esports-champions-tour-sea-stage-3-challengers-playoffs-playoffs-ubqf,570,2021-08-19,12:45 PM
PACIFIC,33102,https://www.vlr.gg/33102/alter-ego-vs-boom-esports-champions-tour-sea-stage-3-challengers-playoffs-playoffs-ubqf,570,2021-08-19,2:30 PM
PACIFIC,33103,https://www.vlr.gg/33103/paper-rex-vs-cbt-gaming-champions-tour-sea-stage-3-challengers-playoffs-playoffs-ubqf,570,2021-08-19,5:30 PM
PACIFIC,33479,https://www.vlr.gg/33479/team-big-baam-vs-bren-esports-champions-tour-sea-stage-3-challengers-playoffs-playoffs-ubsf,570,2021-08-20,10:00 AM
PACIFIC,33480,https://www.vlr.gg/33480/boom-esports-vs-paper-rex-champions-tour-sea-stage-3-challengers-playoffs-playoffs-ubsf,570,2021-08-20,12:20 PM
PACIFIC,33481,https://www.vlr.gg/33481/full-sense-vs-cerberus-esports-champions-tour-sea-stage-3-challengers-playoffs-playoffs-lbr1,570,2021-08-20,2:30 PM
PACIFIC,33482,https://www.vlr.gg/33482/alter-ego-vs-cbt-gaming-champions-tour-sea-stage-3-challengers-playoffs-playoffs-lbr1,570,2021-08-20,5:00 PM
PACIFIC,33483,https://www.vlr.gg/33483/boom-esports-vs-full-sense-champions-tour-sea-stage-3-challengers-playoffs-playoffs-lbr2,570,2021-08-21,10:00 AM
PACIFIC,33485,https://www.vlr.gg/33485/bren-esports-vs-paper-rex-champions-tour-sea-stage-3-challengers-playoffs-playoffs-ubf,570,2021-08-21,2:30 PM
PACIFIC,33484,https://www.vlr.gg/33484/team-big-baam-vs-alter-ego-champions-tour-sea-stage-3-challengers-playoffs-playoffs-lbr2,570,2021-08-21,5:05 PM
PACIFIC,33486,https://www.vlr.gg/33486/full-sense-vs-alter-ego-champions-tour-sea-stage-3-challengers-playoffs-playoffs-lbr3,570,2021-08-21,7:00 PM
PACIFIC,33487,https://www.vlr.gg/33487/bren-esports-vs-alter-ego-champions-tour-sea-stage-3-challengers-playoffs-playoffs-lbf,570,2021-08-22,12:00 PM
PACIFIC,33488,https://www.vlr.gg/33488/paper-rex-vs-bren-esports-champions-tour-sea-stage-3-challengers-playoffs-playoffs-gf,570,2021-08-22,2:05 PM
PACIFIC,23307,https://www.vlr.gg/23307/wildcard-gaming-vs-altered-edge-oceania-tour-stage-03-open-qual-1-ro16,594,2021-06-25,4:00 PM
PACIFIC,23309,https://www.vlr.gg/23309/mindfreak-vs-aaaa-oceania-tour-stage-03-open-qual-1-ro16,594,2021-06-25,4:00 PM
PACIFIC,23310,https://www.vlr.gg/23310/orgless-vs-nebula-oceania-tour-stage-03-open-qual-1-ro16,594,2021-06-25,4:00 PM
PACIFIC,23311,https://www.vlr.gg/23311/peace-vs-bizarre-gaming-oceania-tour-stage-03-open-qual-1-ro16,594,2021-06-25,4:00 PM
PACIFIC,23312,https://www.vlr.gg/23312/shadownet-vs-team-bliss-oceania-tour-stage-03-open-qual-1-ro16,594,2021-06-25,4:00 PM
PACIFIC,23313,https://www.vlr.gg/23313/straight-outta-the-zoo-vs-collateral-esports-oceania-tour-stage-03-open-qual-1-ro16,594,2021-06-25,4:00 PM
PACIFIC,23314,https://www.vlr.gg/23314/kingsmen-vs-order-oceania-tour-stage-03-open-qual-1-ro16,594,2021-06-25,4:00 PM
PACIFIC,23325,https://www.vlr.gg/23325/straight-outta-the-zoo-vs-order-oceania-tour-stage-03-open-qual-1-qf,594,2021-06-25,6:00 PM
PACIFIC,23324,https://www.vlr.gg/23324/peace-vs-team-bliss-oceania-tour-stage-03-open-qual-1-qf,594,2021-06-25,6:30 PM
PACIFIC,23323,https://www.vlr.gg/23323/mindfreak-vs-orgless-oceania-tour-stage-03-open-qual-1-qf,594,2021-06-25,7:00 PM
PACIFIC,23327,https://www.vlr.gg/23327/team-bliss-vs-order-oceania-tour-stage-03-open-qual-1-semifinals,594,2021-06-27,10:00 AM
PACIFIC,23308,https://www.vlr.gg/23308/villains-esports-vs-dire-wolves-oceania-tour-stage-03-open-qual-1-ro16,594,2021-06-27,12:00 PM
PACIFIC,23322,https://www.vlr.gg/23322/wildcard-gaming-vs-villains-esports-oceania-tour-stage-03-open-qual-1-qf,594,2021-06-27,3:00 PM
PACIFIC,23326,https://www.vlr.gg/23326/wildcard-gaming-vs-mindfreak-oceania-tour-stage-03-open-qual-1-semifinals,594,2021-06-30,3:00 PM
PACIFIC,23584,https://www.vlr.gg/23584/peace-vs-straight-outta-the-zoo-oceania-tour-stage-03-open-qual-1-secondary-sf,594,2021-06-30,3:00 PM
PACIFIC,23583,https://www.vlr.gg/23583/villains-esports-vs-orgless-oceania-tour-stage-03-open-qual-1-secondary-sf,594,2021-06-30,4:00 PM
PACIFIC,23328,https://www.vlr.gg/23328/mindfreak-vs-team-bliss-oceania-tour-stage-03-open-qual-1-3rd-place-match,594,2021-07-01,3:00 PM
PACIFIC,23329,https://www.vlr.gg/23329/wildcard-gaming-vs-order-oceania-tour-stage-03-open-qual-1-gf,594,2021-07-01,3:00 PM
PACIFIC,23585,https://www.vlr.gg/23585/villains-esports-vs-peace-oceania-tour-stage-03-open-qual-1-5th-6th-decider-match,594,2021-07-01,4:00 PM
PACIFIC,23586,https://www.vlr.gg/23586/orgless-vs-straight-outta-the-zoo-oceania-tour-stage-03-open-qual-1-7th-8th-decider-match,594,2021-07-01,4:00 PM
PACIFIC,25731,https://www.vlr.gg/25731/order-vs-orgless-oceania-tour-stage-03-closed-qual-1-ubqf,594,2021-07-08,3:30 PM
PACIFIC,25732,https://www.vlr.gg/25732/mindfreak-vs-peace-oceania-tour-stage-03-closed-qual-1-ubqf,594,2021-07-08,4:30 PM
PACIFIC,25733,https://www.vlr.gg/25733/wildcard-gaming-vs-straight-outta-the-zoo-oceania-tour-stage-03-closed-qual-1-ubqf,594,2021-07-08,5:45 PM
PACIFIC,25734,https://www.vlr.gg/25734/team-bliss-vs-villains-esports-oceania-tour-stage-03-closed-qual-1-ubqf,594,2021-07-08,6:30 PM
PACIFIC,25739,https://www.vlr.gg/25739/orgless-vs-mindfreak-oceania-tour-stage-03-closed-qual-1-lr1,594,2021-07-09,3:30 PM
PACIFIC,25740,https://www.vlr.gg/25740/wildcard-gaming-vs-villains-esports-oceania-tour-stage-03-closed-qual-1-lr1,594,2021-07-09,6:00 PM
PACIFIC,25735,https://www.vlr.gg/25735/order-vs-peace-oceania-tour-stage-03-closed-qual-1-ubsf,594,2021-07-10,12:30 PM
PACIFIC,25736,https://www.vlr.gg/25736/straight-outta-the-zoo-vs-team-bliss-oceania-tour-stage-03-closed-qual-1-ubsf,594,2021-07-10,3:15 PM
PACIFIC,25741,https://www.vlr.gg/25741/team-bliss-vs-mindfreak-oceania-tour-stage-03-closed-qual-1-lr2,594,2021-07-11,12:30 PM
PACIFIC,25742,https://www.vlr.gg/25742/peace-vs-wildcard-gaming-oceania-tour-stage-03-closed-qual-1-lr2,594,2021-07-11,3:20 PM
PACIFIC,27734,https://www.vlr.gg/27734/nebula-vs-wheels-oceania-tour-stage-03-open-qual-2-qf,594,2021-07-16,12:30 PM
PACIFIC,27726,https://www.vlr.gg/27726/nebula-vs-potent-oceania-tour-stage-03-open-qual-2-ro16,594,2021-07-16,4:00 PM
PACIFIC,27727,https://www.vlr.gg/27727/team-vision-vs-wheels-oceania-tour-stage-03-open-qual-2-ro16,594,2021-07-16,4:00 PM
PACIFIC,27728,https://www.vlr.gg/27728/hectic-habibs-vs-funky-monkeys-oceania-tour-stage-03-open-qual-2-ro16,594,2021-07-16,4:00 PM
PACIFIC,27729,https://www.vlr.gg/27729/mcteam-vs-aaaa-oceania-tour-stage-03-open-qual-2-ro16,594,2021-07-16,4:00 PM
PACIFIC,27730,https://www.vlr.gg/27730/shadownet-vs-pigeons-esports-oceania-tour-stage-03-open-qual-2-ro16,594,2021-07-16,4:00 PM
PACIFIC,27731,https://www.vlr.gg/27731/finality-vs-altered-edge-oceania-tour-stage-03-open-qual-2-ro16,594,2021-07-16,4:00 PM
PACIFIC,27732,https://www.vlr.gg/27732/team-kick-it-vs-95x-esports-oceania-tour-stage-03-open-qual-2-ro16,594,2021-07-16,4:00 PM
PACIFIC,27735,https://www.vlr.gg/27735/funky-monkeys-vs-aaaa-oceania-tour-stage-03-open-qual-2-qf,594,2021-07-16,6:30 PM
PACIFIC,27736,https://www.vlr.gg/27736/pigeons-esports-vs-finality-oceania-tour-stage-03-open-qual-2-qf,594,2021-07-16,6:30 PM
PACIFIC,27733,https://www.vlr.gg/27733/outlaws-vs-dire-wolves-oceania-tour-stage-03-open-qual-2-ro16,594,2021-07-18,10:00 AM
PACIFIC,27737,https://www.vlr.gg/27737/95x-esports-vs-dire-wolves-oceania-tour-stage-03-open-qual-2-qf,594,2021-07-18,12:30 PM
PACIFIC,27739,https://www.vlr.gg/27739/pigeons-esports-vs-dire-wolves-oceania-tour-stage-03-open-qual-2-sf,594,2021-07-18,4:00 PM
PACIFIC,27738,https://www.vlr.gg/27738/nebula-vs-funky-monkeys-oceania-tour-stage-03-open-qual-2-sf,594,2021-07-19,10:00 AM
PACIFIC,27741,https://www.vlr.gg/27741/nebula-vs-pigeons-esports-oceania-tour-stage-03-open-qual-2-gf,594,2021-07-20,4:00 PM
PACIFIC,27740,https://www.vlr.gg/27740/funky-monkeys-vs-dire-wolves-oceania-tour-stage-03-open-qual-2-cf,594,2021-07-21,4:30 PM
PACIFIC,29576,https://www.vlr.gg/29576/villains-esports-vs-pigeons-esports-oceania-tour-stage-03-closed-qual-2-ubqf,594,2021-07-29,3:30 PM
PACIFIC,29575,https://www.vlr.gg/29575/orgless-vs-nebula-oceania-tour-stage-03-closed-qual-2-ubqf,594,2021-07-29,4:45 PM
PACIFIC,29577,https://www.vlr.gg/29577/peace-vs-dire-wolves-oceania-tour-stage-03-closed-qual-2-ubqf,594,2021-07-29,5:45 PM
PACIFIC,29574,https://www.vlr.gg/29574/mindfreak-vs-funky-monkeys-oceania-tour-stage-03-closed-qual-2-ubqf,594,2021-07-29,7:00 PM
PACIFIC,29581,https://www.vlr.gg/29581/pigeons-esports-vs-dire-wolves-oceania-tour-stage-03-closed-qual-2-lbr1,594,2021-07-30,3:30 PM
PACIFIC,29580,https://www.vlr.gg/29580/funky-monkeys-vs-orgless-oceania-tour-stage-03-closed-qual-2-lbr1,594,2021-07-30,6:30 PM
PACIFIC,29578,https://www.vlr.gg/29578/mindfreak-vs-nebula-oceania-tour-stage-03-closed-qual-2-ubsf,594,2021-07-31,12:30 PM
PACIFIC,29579,https://www.vlr.gg/29579/villains-esports-vs-peace-oceania-tour-stage-03-closed-qual-2-ubsf,594,2021-07-31,3:00 PM
PACIFIC,29582,https://www.vlr.gg/29582/villains-esports-vs-funky-monkeys-oceania-tour-stage-03-closed-qual-2-lbr2,594,2021-08-01,12:30 PM
PACIFIC,29583,https://www.vlr.gg/29583/mindfreak-vs-dire-wolves-oceania-tour-stage-03-closed-qual-2-lbr2,594,2021-08-01,3:30 PM
PACIFIC,31512,https://www.vlr.gg/31512/order-vs-funky-monkeys-oceania-tour-stage-03-finals-ubqf,594,2021-08-11,3:30 PM
PACIFIC,31514,https://www.vlr.gg/31514/straight-outta-the-zoo-vs-mindfreak-oceania-tour-stage-03-finals-ubqf,594,2021-08-11,3:30 PM
PACIFIC,31513,https://www.vlr.gg/31513/team-bliss-vs-peace-oceania-tour-stage-03-finals-ubqf,594,2021-08-11,6:00 PM
PACIFIC,31515,https://www.vlr.gg/31515/wildcard-gaming-vs-nebula-oceania-tour-stage-03-finals-ubqf,594,2021-08-11,6:00 PM
PACIFIC,31516,https://www.vlr.gg/31516/order-vs-peace-oceania-tour-stage-03-finals-ubsf,594,2021-08-12,3:30 PM
PACIFIC,31520,https://www.vlr.gg/31520/vertex-vs-team-bliss-oceania-tour-stage-03-finals-lr1,594,2021-08-12,3:30 PM
PACIFIC,31517,https://www.vlr.gg/31517/mindfreak-vs-wildcard-gaming-oceania-tour-stage-03-finals-ubsf,594,2021-08-12,6:00 PM
PACIFIC,31521,https://www.vlr.gg/31521/straight-outta-the-zoo-vs-nebula-oceania-tour-stage-03-finals-lr1,594,2021-08-12,6:00 PM
PACIFIC,31522,https://www.vlr.gg/31522/mindfreak-vs-team-bliss-oceania-tour-stage-03-finals-lr2,594,2021-08-13,3:30 PM
PACIFIC,31523,https://www.vlr.gg/31523/peace-vs-nebula-oceania-tour-stage-03-finals-lr2,594,2021-08-13,6:00 PM
PACIFIC,31518,https://www.vlr.gg/31518/order-vs-wildcard-gaming-oceania-tour-stage-03-finals-ubf,594,2021-08-14,12:30 PM
PACIFIC,31524,https://www.vlr.gg/31524/mindfreak-vs-peace-oceania-tour-stage-03-finals-lr3,594,2021-08-14,12:30 PM
PACIFIC,31525,https://www.vlr.gg/31525/wildcard-gaming-vs-peace-oceania-tour-stage-03-finals-lbf,594,2021-08-14,3:30 PM
PACIFIC,31519,https://www.vlr.gg/31519/order-vs-peace-oceania-tour-stage-03-finals-gf,594,2021-08-15,12:30 PM
PACIFIC,24404,https://www.vlr.gg/24404/nuturn-vs-klaus-champions-tour-korea-stage-3-challengers-open-qualifier-group-a,595,2021-07-03,10:00 AM
PACIFIC,24407,https://www.vlr.gg/24407/ofby-vs-rhythm-champions-tour-korea-stage-3-challengers-open-qualifier-group-a,595,2021-07-03,10:00 AM
PACIFIC,24409,https://www.vlr.gg/24409/damwon-gaming-vs-straight-warfare-champions-tour-korea-stage-3-challengers-open-qualifier-group,595,2021-07-03,10:00 AM
PACIFIC,24410,https://www.vlr.gg/24410/noble-experience-vs-zero-risk-champions-tour-korea-stage-3-challengers-open-qualifier-group-b,595,2021-07-03,10:00 AM
PACIFIC,24417,https://www.vlr.gg/24417/vision-strikers-vs-lft-champions-tour-korea-stage-3-challengers-open-qualifier-group-c,595,2021-07-03,10:00 AM
PACIFIC,24418,https://www.vlr.gg/24418/unknown-vs-elnis-esports-champions-tour-korea-stage-3-challengers-open-qualifier-group-c,595,2021-07-03,10:00 AM
PACIFIC,24422,https://www.vlr.gg/24422/goma-vs-man-of-the-match-champions-tour-korea-stage-3-challengers-open-qualifier-group-d,595,2021-07-03,10:00 AM
PACIFIC,24423,https://www.vlr.gg/24423/tail-nine-esports-vs-world-game-star-champions-tour-korea-stage-3-challengers-open-qualifier-gr,595,2021-07-03,10:00 AM
PACIFIC,24403,https://www.vlr.gg/24403/nuturn-vs-ofby-champions-tour-korea-stage-3-challengers-open-qualifier-group-a,595,2021-07-03,1:00 PM
PACIFIC,24408,https://www.vlr.gg/24408/klaus-vs-rhythm-champions-tour-korea-stage-3-challengers-open-qualifier-group-a,595,2021-07-03,1:00 PM
PACIFIC,24411,https://www.vlr.gg/24411/damwon-gaming-vs-zero-risk-champions-tour-korea-stage-3-challengers-open-qualifier-group-b,595,2021-07-03,1:00 PM
PACIFIC,24412,https://www.vlr.gg/24412/straight-warfare-vs-noble-experience-champions-tour-korea-stage-3-challengers-open-qualifier-gr,595,2021-07-03,1:00 PM
PACIFIC,24419,https://www.vlr.gg/24419/vision-strikers-vs-elnis-esports-champions-tour-korea-stage-3-challengers-open-qualifier-group,595,2021-07-03,1:00 PM
PACIFIC,24420,https://www.vlr.gg/24420/lft-vs-unknown-champions-tour-korea-stage-3-challengers-open-qualifier-group-c,595,2021-07-03,1:00 PM
PACIFIC,24424,https://www.vlr.gg/24424/man-of-the-match-vs-world-game-star-champions-tour-korea-stage-3-challengers-open-qualifier-gr,595,2021-07-03,1:00 PM
PACIFIC,24425,https://www.vlr.gg/24425/goma-vs-tail-nine-esports-champions-tour-korea-stage-3-challengers-open-qualifier-group-d,595,2021-07-03,1:00 PM
PACIFIC,24413,https://www.vlr.gg/24413/damwon-gaming-vs-noble-experience-champions-tour-korea-stage-3-challengers-open-qualifier-group,595,2021-07-03,3:30 PM
PACIFIC,24416,https://www.vlr.gg/24416/vision-strikers-vs-unknown-champions-tour-korea-stage-3-challengers-open-qualifier-group-c,595,2021-07-03,3:30 PM
PACIFIC,24405,https://www.vlr.gg/24405/ofby-vs-klaus-champions-tour-korea-stage-3-challengers-open-qualifier-group-a,595,2021-07-03,4:00 PM
PACIFIC,24406,https://www.vlr.gg/24406/nuturn-vs-rhythm-champions-tour-korea-stage-3-challengers-open-qualifier-group-a,595,2021-07-03,4:00 PM
PACIFIC,24414,https://www.vlr.gg/24414/zero-risk-vs-straight-warfare-champions-tour-korea-stage-3-challengers-open-qualifier-group-b,595,2021-07-03,4:00 PM
PACIFIC,24421,https://www.vlr.gg/24421/elnis-esports-vs-lft-champions-tour-korea-stage-3-challengers-open-qualifier-group-c,595,2021-07-03,4:00 PM
PACIFIC,24426,https://www.vlr.gg/24426/man-of-the-match-vs-tail-nine-esports-champions-tour-korea-stage-3-challengers-open-qualifier,595,2021-07-03,4:00 PM
PACIFIC,24427,https://www.vlr.gg/24427/world-game-star-vs-goma-champions-tour-korea-stage-3-challengers-open-qualifier-group-d,595,2021-07-03,4:00 PM
PACIFIC,24428,https://www.vlr.gg/24428/gongo-prince-vs-ryu-gaming-champions-tour-korea-stage-3-challengers-open-qualifier-group-e,595,2021-07-04,10:00 AM
PACIFIC,24429,https://www.vlr.gg/24429/be-infamous-vs-floma-gaming-champions-tour-korea-stage-3-challengers-open-qualifier-group-e,595,2021-07-04,10:00 AM
PACIFIC,24434,https://www.vlr.gg/24434/tnl-esports-vs-young-old-champions-tour-korea-stage-3-challengers-open-qualifier-group-f,595,2021-07-04,10:00 AM
PACIFIC,24435,https://www.vlr.gg/24435/team-credit-vs-dfr-champions-tour-korea-stage-3-challengers-open-qualifier-group-f,595,2021-07-04,10:00 AM
PACIFIC,24441,https://www.vlr.gg/24441/f4q-vs-alpha-six-gaming-champions-tour-korea-stage-3-challengers-open-qualifier-group-g,595,2021-07-04,10:00 AM
PACIFIC,24442,https://www.vlr.gg/24442/again-vs-pm-champions-tour-korea-stage-3-challengers-open-qualifier-group-g,595,2021-07-04,10:00 AM
PACIFIC,24447,https://www.vlr.gg/24447/mujig-100su-vs-gochugaru-champions-tour-korea-stage-3-challengers-open-qualifier-group-h,595,2021-07-04,10:00 AM
PACIFIC,24448,https://www.vlr.gg/24448/b-p-vs-gehenna-sweepers-champions-tour-korea-stage-3-challengers-open-qualifier-group-h,595,2021-07-04,10:00 AM
PACIFIC,24430,https://www.vlr.gg/24430/gongo-prince-vs-floma-gaming-champions-tour-korea-stage-3-challengers-open-qualifier-group-e,595,2021-07-04,1:00 PM
PACIFIC,24431,https://www.vlr.gg/24431/ryu-gaming-vs-be-infamous-champions-tour-korea-stage-3-challengers-open-qualifier-group-e,595,2021-07-04,1:00 PM
PACIFIC,24436,https://www.vlr.gg/24436/tnl-esports-vs-dfr-champions-tour-korea-stage-3-challengers-open-qualifier-group-f,595,2021-07-04,1:00 PM
PACIFIC,24437,https://www.vlr.gg/24437/young-old-vs-team-credit-champions-tour-korea-stage-3-challengers-open-qualifier-group-f,595,2021-07-04,1:00 PM
PACIFIC,24440,https://www.vlr.gg/24440/f4q-vs-pm-champions-tour-korea-stage-3-challengers-open-qualifier-group-g,595,2021-07-04,1:00 PM
PACIFIC,24443,https://www.vlr.gg/24443/alpha-six-gaming-vs-again-champions-tour-korea-stage-3-challengers-open-qualifier-group-g,595,2021-07-04,1:00 PM
PACIFIC,24449,https://www.vlr.gg/24449/mujig-100su-vs-gehenna-sweepers-champions-tour-korea-stage-3-challengers-open-qualifier-group-h,595,2021-07-04,1:00 PM
PACIFIC,24450,https://www.vlr.gg/24450/gochugaru-vs-b-p-champions-tour-korea-stage-3-challengers-open-qualifier-group-h,595,2021-07-04,1:00 PM
PACIFIC,24446,https://www.vlr.gg/24446/gehenna-sweepers-vs-gochugaru-champions-tour-korea-stage-3-challengers-open-qualifier-group-h,595,2021-07-04,3:45 PM
PACIFIC,24432,https://www.vlr.gg/24432/gongo-prince-vs-be-infamous-champions-tour-korea-stage-3-challengers-open-qualifier-group-e,595,2021-07-04,4:00 PM
PACIFIC,24433,https://www.vlr.gg/24433/floma-gaming-vs-ryu-gaming-champions-tour-korea-stage-3-challengers-open-qualifier-group-e,595,2021-07-04,4:00 PM
PACIFIC,24438,https://www.vlr.gg/24438/tnl-esports-vs-team-credit-champions-tour-korea-stage-3-challengers-open-qualifier-group-f,595,2021-07-04,4:00 PM
PACIFIC,24439,https://www.vlr.gg/24439/dfr-vs-young-old-champions-tour-korea-stage-3-challengers-open-qualifier-group-f,595,2021-07-04,4:00 PM
PACIFIC,24444,https://www.vlr.gg/24444/f4q-vs-again-champions-tour-korea-stage-3-challengers-open-qualifier-group-g,595,2021-07-04,4:00 PM
PACIFIC,24445,https://www.vlr.gg/24445/pm-vs-alpha-six-gaming-champions-tour-korea-stage-3-challengers-open-qualifier-group-g,595,2021-07-04,4:00 PM
PACIFIC,24451,https://www.vlr.gg/24451/mujig-100su-vs-b-p-champions-tour-korea-stage-3-challengers-open-qualifier-group-h,595,2021-07-04,4:00 PM
PACIFIC,25482,https://www.vlr.gg/25482/tnl-esports-vs-noble-experience-champions-tour-korea-stage-3-challengers-group-stage-seed-rou,595,2021-07-08,1:00 PM
PACIFIC,25483,https://www.vlr.gg/25483/damwon-gaming-vs-goma-champions-tour-korea-stage-3-challengers-group-stage-seed-round-of-16,595,2021-07-08,3:30 PM
PACIFIC,25484,https://www.vlr.gg/25484/world-game-star-vs-alpha-six-gaming-champions-tour-korea-stage-3-challengers-group-stage-seed,595,2021-07-09,1:00 PM
PACIFIC,25485,https://www.vlr.gg/25485/nuturn-vs-klaus-champions-tour-korea-stage-3-challengers-group-stage-seed-round-of-16,595,2021-07-09,3:40 PM
PACIFIC,25486,https://www.vlr.gg/25486/gongo-prince-vs-dfr-champions-tour-korea-stage-3-challengers-group-stage-seed-round-of-16,595,2021-07-10,1:00 PM
PACIFIC,25487,https://www.vlr.gg/25487/f4q-vs-unknown-champions-tour-korea-stage-3-challengers-group-stage-seed-round-of-16,595,2021-07-10,4:00 PM
PACIFIC,25488,https://www.vlr.gg/25488/vision-strikers-vs-mujig-100su-champions-tour-korea-stage-3-challengers-group-stage-seed-roun,595,2021-07-11,1:00 PM
PACIFIC,25489,https://www.vlr.gg/25489/gochugaru-vs-ryu-gaming-champions-tour-korea-stage-3-challengers-group-stage-seed-round-of-1,595,2021-07-11,4:00 PM
PACIFIC,25758,https://www.vlr.gg/25758/tnl-esports-vs-damwon-gaming-champions-tour-korea-stage-3-challengers-group-stage-seed-quarte,595,2021-07-15,1:00 PM
PACIFIC,25759,https://www.vlr.gg/25759/world-game-star-vs-nuturn-champions-tour-korea-stage-3-challengers-group-stage-seed-quarter-f,595,2021-07-15,3:45 PM
PACIFIC,25760,https://www.vlr.gg/25760/gongo-prince-vs-f4q-champions-tour-korea-stage-3-challengers-group-stage-seed-quarter-finals,595,2021-07-16,1:00 PM
PACIFIC,25761,https://www.vlr.gg/25761/vision-strikers-vs-gochugaru-champions-tour-korea-stage-3-challengers-group-stage-seed-quarte,595,2021-07-16,4:00 PM
PACIFIC,27301,https://www.vlr.gg/27301/nuturn-vs-dfr-champions-tour-korea-stage-3-challengers-group-stage-main-opening-d,595,2021-07-17,1:00 PM
PACIFIC,27291,https://www.vlr.gg/27291/tnl-esports-vs-klaus-champions-tour-korea-stage-3-challengers-group-stage-main-opening-b,595,2021-07-17,4:00 PM
PACIFIC,27296,https://www.vlr.gg/27296/vision-strikers-vs-goma-champions-tour-korea-stage-3-challengers-group-stage-main-opening-c,595,2021-07-18,1:00 PM
PACIFIC,27286,https://www.vlr.gg/27286/f4q-vs-noble-experience-champions-tour-korea-stage-3-challengers-group-stage-main-opening-a,595,2021-07-18,3:25 PM
PACIFIC,27287,https://www.vlr.gg/27287/damwon-gaming-vs-ryu-gaming-champions-tour-korea-stage-3-challengers-group-stage-main-openin,595,2021-07-22,1:00 PM
PACIFIC,27292,https://www.vlr.gg/27292/gongo-prince-vs-mujig-100su-champions-tour-korea-stage-3-challengers-group-stage-main-opening,595,2021-07-22,4:00 PM
PACIFIC,27297,https://www.vlr.gg/27297/world-game-star-vs-unknown-champions-tour-korea-stage-3-challengers-group-stage-main-opening,595,2021-07-23,1:00 PM
PACIFIC,27302,https://www.vlr.gg/27302/gochugaru-vs-alpha-six-gaming-champions-tour-korea-stage-3-challengers-group-stage-main-openi,595,2021-07-23,4:00 PM
PACIFIC,27288,https://www.vlr.gg/27288/f4q-vs-damwon-gaming-champions-tour-korea-stage-3-challengers-group-stage-main-winners-a,595,2021-07-24,1:00 PM
PACIFIC,27293,https://www.vlr.gg/27293/tnl-esports-vs-gongo-prince-champions-tour-korea-stage-3-challengers-group-stage-main-winner,595,2021-07-24,4:00 PM
PACIFIC,27298,https://www.vlr.gg/27298/vision-strikers-vs-unknown-champions-tour-korea-stage-3-challengers-group-stage-main-winners,595,2021-07-25,1:00 PM
PACIFIC,27303,https://www.vlr.gg/27303/nuturn-vs-alpha-six-gaming-champions-tour-korea-stage-3-challengers-group-stage-main-winners,595,2021-07-25,4:00 PM
PACIFIC,27289,https://www.vlr.gg/27289/noble-experience-vs-ryu-gaming-champions-tour-korea-stage-3-challengers-group-stage-main-eli,595,2021-07-29,1:00 PM
PACIFIC,27294,https://www.vlr.gg/27294/klaus-vs-mujig-100su-champions-tour-korea-stage-3-challengers-group-stage-main-elim-b,595,2021-07-29,4:50 PM
PACIFIC,27299,https://www.vlr.gg/27299/goma-vs-world-game-star-champions-tour-korea-stage-3-challengers-group-stage-main-elim-c,595,2021-07-30,1:00 PM
PACIFIC,27304,https://www.vlr.gg/27304/dfr-vs-gochugaru-champions-tour-korea-stage-3-challengers-group-stage-main-elim-d,595,2021-07-30,4:00 PM
PACIFIC,27290,https://www.vlr.gg/27290/damwon-gaming-vs-noble-experience-champions-tour-korea-stage-3-challengers-group-stage-main-d,595,2021-07-31,1:00 PM
PACIFIC,27295,https://www.vlr.gg/27295/gongo-prince-vs-mujig-100su-champions-tour-korea-stage-3-challengers-group-stage-main-decider,595,2021-07-31,3:00 PM
PACIFIC,27300,https://www.vlr.gg/27300/unknown-vs-world-game-star-champions-tour-korea-stage-3-challengers-group-stage-main-decider,595,2021-08-01,1:00 PM
PACIFIC,27305,https://www.vlr.gg/27305/alpha-six-gaming-vs-gochugaru-champions-tour-korea-stage-3-challengers-group-stage-main-decid,595,2021-08-01,4:45 PM
PACIFIC,30597,https://www.vlr.gg/30597/vision-strikers-vs-gongo-prince-champions-tour-korea-stage-3-challengers-playoffs-qf,595,2021-08-06,3:00 PM
PACIFIC,30598,https://www.vlr.gg/30598/tnl-esports-vs-world-game-star-champions-tour-korea-stage-3-challengers-playoffs-qf,595,2021-08-06,5:50 PM
PACIFIC,30599,https://www.vlr.gg/30599/f4q-vs-gochugaru-champions-tour-korea-stage-3-challengers-playoffs-qf,595,2021-08-07,3:00 PM
PACIFIC,30600,https://www.vlr.gg/30600/nuturn-vs-damwon-gaming-champions-tour-korea-stage-3-challengers-playoffs-qf,595,2021-08-07,6:00 PM
PACIFIC,30601,https://www.vlr.gg/30601/vision-strikers-vs-tnl-esports-champions-tour-korea-stage-3-challengers-playoffs-sf,595,2021-08-08,3:00 PM
PACIFIC,30602,https://www.vlr.gg/30602/f4q-vs-damwon-gaming-champions-tour-korea-stage-3-challengers-playoffs-sf,595,2021-08-08,6:00 PM
PACIFIC,30603,https://www.vlr.gg/30603/vision-strikers-vs-f4q-champions-tour-korea-stage-3-challengers-playoffs-gf,595,2021-08-15,3:00 PM
PACIFIC,29664,https://www.vlr.gg/29664/zeta-division-vs-insomnia-champions-tour-japan-stage-3-challengers-playoffs-ubqf,540,2021-08-12,10:00 AM
PACIFIC,29665,https://www.vlr.gg/29665/reject-vs-northeption-champions-tour-japan-stage-3-challengers-playoffs-ubqf,540,2021-08-12,1:00 PM
PACIFIC,29666,https://www.vlr.gg/29666/blackbird-ignis-vs-fennel-champions-tour-japan-stage-3-challengers-playoffs-ubqf,540,2021-08-12,3:30 PM
PACIFIC,29667,https://www.vlr.gg/29667/feeling-vs-crazy-raccoon-champions-tour-japan-stage-3-challengers-playoffs-ubqf,540,2021-08-12,6:30 PM
PACIFIC,29672,https://www.vlr.gg/29672/insomnia-vs-reject-champions-tour-japan-stage-3-challengers-playoffs-lr1,540,2021-08-13,10:00 AM
PACIFIC,29673,https://www.vlr.gg/29673/blackbird-ignis-vs-feeling-champions-tour-japan-stage-3-challengers-playoffs-lr1,540,2021-08-13,1:50 PM
PACIFIC,29668,https://www.vlr.gg/29668/zeta-division-vs-northeption-champions-tour-japan-stage-3-challengers-playoffs-ubsf,540,2021-08-13,4:10 PM
PACIFIC,29669,https://www.vlr.gg/29669/fennel-vs-crazy-raccoon-champions-tour-japan-stage-3-challengers-playoffs-ubsf,540,2021-08-13,7:30 PM
PACIFIC,29674,https://www.vlr.gg/29674/fennel-vs-insomnia-champions-tour-japan-stage-3-challengers-playoffs-lr2,540,2021-08-14,10:00 AM
PACIFIC,29675,https://www.vlr.gg/29675/zeta-division-vs-feeling-champions-tour-japan-stage-3-challengers-playoffs-lr2,540,2021-08-14,1:00 PM
PACIFIC,29670,https://www.vlr.gg/29670/northeption-vs-crazy-raccoon-champions-tour-japan-stage-3-challengers-playoffs-ubf,540,2021-08-14,3:20 PM
PACIFIC,29676,https://www.vlr.gg/29676/fennel-vs-zeta-division-champions-tour-japan-stage-3-challengers-playoffs-lr3,540,2021-08-14,6:30 PM
PACIFIC,29677,https://www.vlr.gg/29677/northeption-vs-zeta-division-champions-tour-japan-stage-3-challengers-playoffs-lbf,540,2021-08-15,12:00 PM
PACIFIC,29671,https://www.vlr.gg/29671/crazy-raccoon-vs-zeta-division-champions-tour-japan-stage-3-challengers-playoffs-gf,540,2021-08-15,3:20 PM
PACIFIC,30181,https://www.vlr.gg/30181/team-executioners-vs-beast-champions-tour-indonesia-stage-3-challengers-3-qualifier-ro16,625,2021-07-31,11:00 AM
PACIFIC,30182,https://www.vlr.gg/30182/kasih-vs-pandora-oris-champions-tour-indonesia-stage-3-challengers-3-qualifier-ro16,625,2021-07-31,11:00 AM
PACIFIC,30183,https://www.vlr.gg/30183/rex-regum-qeon-vs-voin-drip-champions-tour-indonesia-stage-3-challengers-3-qualifier-ro16,625,2021-07-31,11:00 AM
PACIFIC,30184,https://www.vlr.gg/30184/team-nfa-vs-syndicate7-champions-tour-indonesia-stage-3-challengers-3-qualifier-ro16,625,2021-07-31,11:00 AM
PACIFIC,30185,https://www.vlr.gg/30185/nxlg-academy-vs-yang-terxakiti-champions-tour-indonesia-stage-3-challengers-3-qualifier-ro16,625,2021-07-31,1:30 PM
PACIFIC,30186,https://www.vlr.gg/30186/epic-vs-cynical-champions-tour-indonesia-stage-3-challengers-3-qualifier-ro16,625,2021-07-31,1:30 PM
PACIFIC,30187,https://www.vlr.gg/30187/langit9-vs-proxymine-champions-tour-indonesia-stage-3-challengers-3-qualifier-ro16,625,2021-07-31,1:30 PM
PACIFIC,30188,https://www.vlr.gg/30188/young-id-vs-aing-maung-esports-champions-tour-indonesia-stage-3-challengers-3-qualifier-ro16,625,2021-07-31,1:30 PM
PACIFIC,30189,https://www.vlr.gg/30189/beast-vs-pandora-oris-champions-tour-indonesia-stage-3-challengers-3-qualifier-qf,625,2021-08-01,11:00 AM
PACIFIC,30190,https://www.vlr.gg/30190/rex-regum-qeon-vs-team-nfa-champions-tour-indonesia-stage-3-challengers-3-qualifier-qf,625,2021-08-01,11:00 AM
PACIFIC,30191,https://www.vlr.gg/30191/nxlg-academy-vs-cynical-champions-tour-indonesia-stage-3-challengers-3-qualifier-qf,625,2021-08-01,11:00 AM
PACIFIC,30192,https://www.vlr.gg/30192/langit9-vs-young-id-champions-tour-indonesia-stage-3-challengers-3-qualifier-qf,625,2021-08-01,11:00 AM
PACIFIC,30193,https://www.vlr.gg/30193/pandora-oris-vs-team-nfa-champions-tour-indonesia-stage-3-challengers-3-qualifier-extra-sf,625,2021-08-01,1:30 PM
PACIFIC,30194,https://www.vlr.gg/30194/cynical-vs-young-id-champions-tour-indonesia-stage-3-challengers-3-qualifier-extra-sf,625,2021-08-01,1:30 PM
PACIFIC,30195,https://www.vlr.gg/30195/team-nfa-vs-cynical-champions-tour-indonesia-stage-3-challengers-3-qualifier-extra-finals,625,2021-08-01,4:00 PM
PACIFIC,30780,https://www.vlr.gg/30780/boom-esports-vs-cynical-champions-tour-indonesia-stage-3-challengers-3-main-event-ubqf,625,2021-08-05,1:30 PM
PACIFIC,30781,https://www.vlr.gg/30781/nxlg-academy-vs-rex-regum-qeon-champions-tour-indonesia-stage-3-challengers-3-main-event-ubqf,625,2021-08-05,4:00 PM
PACIFIC,30784,https://www.vlr.gg/30784/boom-esports-vs-rex-regum-qeon-champions-tour-indonesia-stage-3-challengers-3-main-event-ubsf,625,2021-08-05,6:45 PM
PACIFIC,30782,https://www.vlr.gg/30782/bigetron-astro-vs-beast-champions-tour-indonesia-stage-3-challengers-3-main-event-ubqf,625,2021-08-06,1:30 PM
PACIFIC,30783,https://www.vlr.gg/30783/morph-impact-vs-langit9-champions-tour-indonesia-stage-3-challengers-3-main-event-ubqf,625,2021-08-06,5:00 PM
PACIFIC,30785,https://www.vlr.gg/30785/beast-vs-morph-impact-champions-tour-indonesia-stage-3-challengers-3-main-event-ubsf,625,2021-08-06,8:00 PM
PACIFIC,30788,https://www.vlr.gg/30788/cynical-vs-nxlg-academy-champions-tour-indonesia-stage-3-challengers-3-main-event-lbr1,625,2021-08-07,12:00 PM
PACIFIC,30789,https://www.vlr.gg/30789/bigetron-astro-vs-langit9-champions-tour-indonesia-stage-3-challengers-3-main-event-lbr1,625,2021-08-07,1:00 PM
PACIFIC,30790,https://www.vlr.gg/30790/morph-impact-vs-cynical-champions-tour-indonesia-stage-3-challengers-3-main-event-lbr2,625,2021-08-07,2:00 PM
PACIFIC,30791,https://www.vlr.gg/30791/rex-regum-qeon-vs-langit9-champions-tour-indonesia-stage-3-challengers-3-main-event-lbr2,625,2021-08-07,3:00 PM
PACIFIC,30792,https://www.vlr.gg/30792/morph-impact-vs-rex-regum-qeon-champions-tour-indonesia-stage-3-challengers-3-main-event-lbr3,625,2021-08-07,4:15 PM
PACIFIC,30787,https://www.vlr.gg/30787/boom-esports-vs-beast-champions-tour-indonesia-stage-3-challengers-3-main-event-ubf,625,2021-08-07,6:50 PM
PACIFIC,30793,https://www.vlr.gg/30793/beast-vs-rex-regum-qeon-champions-tour-indonesia-stage-3-challengers-3-main-event-lbf,625,2021-08-08,1:30 PM
PACIFIC,30786,https://www.vlr.gg/30786/boom-esports-vs-rex-regum-qeon-champions-tour-indonesia-stage-3-challengers-3-main-event-gf,625,2021-08-08,5:00 PM
PACIFIC,30414,https://www.vlr.gg/30414/need-sponsor-vs-y10-5-champions-tour-thailand-stage-3-challengers-3-qualifier-qf,567,2021-07-31,6:00 PM
PACIFIC,30415,https://www.vlr.gg/30415/sharper-esports-vs-z11-champions-tour-thailand-stage-3-challengers-3-qualifier-qf,567,2021-07-31,6:00 PM
PACIFIC,30416,https://www.vlr.gg/30416/intense-gaming-vs-airgii-champions-tour-thailand-stage-3-challengers-3-qualifier-qf,567,2021-07-31,6:00 PM
PACIFIC,30417,https://www.vlr.gg/30417/infinity-esports-vs-jakkajee-champions-tour-thailand-stage-3-challengers-3-qualifier-qf,567,2021-07-31,6:00 PM
PACIFIC,30419,https://www.vlr.gg/30419/intense-gaming-vs-jakkajee-champions-tour-thailand-stage-3-challengers-3-qualifier-sf,567,2021-08-01,7:00 AM
PACIFIC,30420,https://www.vlr.gg/30420/vicez-vs-y10-5-champions-tour-thailand-stage-3-challengers-3-qualifier-lbr1,567,2021-08-01,12:00 PM
PACIFIC,30421,https://www.vlr.gg/30421/infinity-esports-vs-lynx-th-champions-tour-thailand-stage-3-challengers-3-qualifier-lbr1,567,2021-08-01,12:00 PM
PACIFIC,30418,https://www.vlr.gg/30418/need-sponsor-vs-sharper-esports-champions-tour-thailand-stage-3-challengers-3-qualifier-sf,567,2021-08-01,1:00 PM
PACIFIC,30422,https://www.vlr.gg/30422/need-sponsor-vs-infinity-esports-champions-tour-thailand-stage-3-challengers-3-qualifier-lbr2,567,2021-08-01,4:00 PM
PACIFIC,30423,https://www.vlr.gg/30423/jakkajee-vs-y10-5-champions-tour-thailand-stage-3-challengers-3-qualifier-lbr2,567,2021-08-01,4:00 PM
PACIFIC,30424,https://www.vlr.gg/30424/infinity-esports-vs-jakkajee-champions-tour-thailand-stage-3-challengers-3-qualifier-5th-seed,567,2021-08-01,5:00 PM
PACIFIC,25929,https://www.vlr.gg/25929/fw-esports-vs-the-infinity-esports-champions-tour-thailand-stage-3-challengers-3-main-event-ubqf,567,2021-08-05,5:00 PM
PACIFIC,25930,https://www.vlr.gg/25930/y10-5-vs-sharper-esports-champions-tour-thailand-stage-3-challengers-3-main-event-ubqf,567,2021-08-05,6:50 PM
PACIFIC,25934,https://www.vlr.gg/25934/the-infinity-esports-vs-sharper-esports-champions-tour-thailand-stage-3-challengers-3-main-event,567,2021-08-05,9:45 PM
PACIFIC,25931,https://www.vlr.gg/25931/wicket-berg-vs-intense-gaming-champions-tour-thailand-stage-3-challengers-3-main-event-ubqf,567,2021-08-06,5:00 PM
PACIFIC,25932,https://www.vlr.gg/25932/need-sponsor-vs-foxy-araikordai-champions-tour-thailand-stage-3-challengers-3-main-event-ubqf,567,2021-08-06,6:50 PM
PACIFIC,25933,https://www.vlr.gg/25933/intense-gaming-vs-need-sponsor-champions-tour-thailand-stage-3-challengers-3-main-event-ubsf,567,2021-08-06,10:00 PM
PACIFIC,25937,https://www.vlr.gg/25937/fw-esports-vs-y10-5-champions-tour-thailand-stage-3-challengers-3-main-event-lr1,567,2021-08-07,12:00 PM
PACIFIC,25938,https://www.vlr.gg/25938/wicket-berg-vs-foxy-araikordai-champions-tour-thailand-stage-3-challengers-3-main-event-lr1,567,2021-08-07,1:00 PM
PACIFIC,25939,https://www.vlr.gg/25939/intense-gaming-vs-y10-5-champions-tour-thailand-stage-3-challengers-3-main-event-lr2,567,2021-08-07,2:00 PM
PACIFIC,25940,https://www.vlr.gg/25940/the-infinity-esports-vs-foxy-araikordai-champions-tour-thailand-stage-3-challengers-3-main-event,567,2021-08-07,3:00 PM
PACIFIC,25935,https://www.vlr.gg/25935/sharper-esports-vs-need-sponsor-champions-tour-thailand-stage-3-challengers-3-main-event-ubf,567,2021-08-07,4:00 PM
PACIFIC,25941,https://www.vlr.gg/25941/y10-5-vs-the-infinity-esports-champions-tour-thailand-stage-3-challengers-3-main-event-lr3,567,2021-08-07,6:00 PM
PACIFIC,25942,https://www.vlr.gg/25942/need-sponsor-vs-y10-5-champions-tour-thailand-stage-3-challengers-3-main-event-lbf,567,2021-08-08,3:00 PM
PACIFIC,25936,https://www.vlr.gg/25936/sharper-esports-vs-need-sponsor-champions-tour-thailand-stage-3-challengers-3-main-event-gf,567,2021-08-08,5:20 PM
PACIFIC,30164,https://www.vlr.gg/30164/shoot-for-fun-vs-young-mercenary-champions-tour-vietnam-stage-3-challengers-3-qualifier-pre-ro16,604,2021-07-30,1:00 PM
PACIFIC,30165,https://www.vlr.gg/30165/circus-brothers-vs-57-rach-bunh-binh-champions-tour-vietnam-stage-3-challengers-3-qualifier-pre,604,2021-07-30,1:00 PM
PACIFIC,30166,https://www.vlr.gg/30166/shoot-for-fun-vs-57-rach-bunh-binh-champions-tour-vietnam-stage-3-challengers-3-qualifier-ro16,604,2021-07-30,3:00 PM
PACIFIC,30167,https://www.vlr.gg/30167/stormig-vs-he-gaming-champions-tour-vietnam-stage-3-challengers-3-qualifier-ro16,604,2021-07-30,3:00 PM
PACIFIC,30168,https://www.vlr.gg/30168/kantic-gaming-vs-5star-champions-tour-vietnam-stage-3-challengers-3-qualifier-ro16,604,2021-07-31,1:00 PM
PACIFIC,30169,https://www.vlr.gg/30169/dominus-vs-konoha-champions-tour-vietnam-stage-3-challengers-3-qualifier-ro16,604,2021-07-31,1:00 PM
PACIFIC,30170,https://www.vlr.gg/30170/innocent-cats-gaming-vs-isellpower-champions-tour-vietnam-stage-3-challengers-3-qualifier-ro16,604,2021-07-31,3:00 PM
PACIFIC,30171,https://www.vlr.gg/30171/lv10fb-vs-sneaker-daily-meloner-champions-tour-vietnam-stage-3-challengers-3-qualifier-ro16,604,2021-07-31,3:00 PM
PACIFIC,30172,https://www.vlr.gg/30172/fearus-vs-2k-esports-champions-tour-vietnam-stage-3-challengers-3-qualifier-ro16,604,2021-07-31,5:00 PM
PACIFIC,30173,https://www.vlr.gg/30173/akatsuki-vs-trinity-five-champions-tour-vietnam-stage-3-challengers-3-qualifier-ro16,604,2021-07-31,5:00 PM
PACIFIC,30198,https://www.vlr.gg/30198/team-capalot-vs-meogang-champions-tour-vietnam-stage-3-challengers-3-qualifier-ro16,604,2021-07-31,7:00 PM
PACIFIC,30199,https://www.vlr.gg/30199/ego-vs-instant-noodles-champions-tour-vietnam-stage-3-challengers-3-qualifier-ro16,604,2021-07-31,7:00 PM
PACIFIC,30174,https://www.vlr.gg/30174/57-rach-bunh-binh-vs-he-gaming-champions-tour-vietnam-stage-3-challengers-3-qualifier-qf,604,2021-08-01,1:00 PM
PACIFIC,30175,https://www.vlr.gg/30175/kantic-gaming-vs-dominus-champions-tour-vietnam-stage-3-challengers-3-qualifier-qf,604,2021-08-01,3:00 PM
PACIFIC,30176,https://www.vlr.gg/30176/innocent-cats-gaming-vs-sneaker-daily-meloner-champions-tour-vietnam-stage-3-challengers-3-quali,604,2021-08-01,6:05 PM
PACIFIC,30177,https://www.vlr.gg/30177/fearus-vs-trinity-five-champions-tour-vietnam-stage-3-challengers-3-qualifier-qf,604,2021-08-01,8:00 PM
PACIFIC,30178,https://www.vlr.gg/30178/team-capalot-vs-ego-champions-tour-vietnam-stage-3-challengers-3-qualifier-qf,604,2021-08-01,10:00 PM
PACIFIC,25960,https://www.vlr.gg/25960/fearus-vs-divisionx-gaming-champions-tour-vietnam-stage-3-challengers-3-main-event-ubqf,604,2021-08-05,4:00 PM
PACIFIC,25961,https://www.vlr.gg/25961/he-gaming-vs-dominus-champions-tour-vietnam-stage-3-challengers-3-main-event-ubqf,604,2021-08-05,7:00 PM
PACIFIC,25962,https://www.vlr.gg/25962/ego-vs-yamagan-champions-tour-vietnam-stage-3-challengers-3-main-event-ubqf,604,2021-08-05,10:00 PM
PACIFIC,25963,https://www.vlr.gg/25963/fancy-united-esports-vs-innocent-cats-esports-champions-tour-vietnam-stage-3-challengers-3-main,604,2021-08-06,12:30 AM
PACIFIC,25968,https://www.vlr.gg/25968/divisionx-gaming-vs-dominus-champions-tour-vietnam-stage-3-challengers-3-main-event-lr1,604,2021-08-06,4:00 PM
PACIFIC,25969,https://www.vlr.gg/25969/yamagan-vs-innocent-cats-esports-champions-tour-vietnam-stage-3-challengers-3-main-event-lr1,604,2021-08-06,5:15 PM
PACIFIC,25964,https://www.vlr.gg/25964/fearus-vs-he-gaming-champions-tour-vietnam-stage-3-challengers-3-main-event-ubsf,604,2021-08-06,7:00 PM
PACIFIC,25965,https://www.vlr.gg/25965/ego-vs-fancy-united-esports-champions-tour-vietnam-stage-3-challengers-3-main-event-ubsf,604,2021-08-06,9:00 PM
PACIFIC,25970,https://www.vlr.gg/25970/fancy-united-esports-vs-divisionx-gaming-champions-tour-vietnam-stage-3-challengers-3-main-event,604,2021-08-07,4:00 PM
PACIFIC,25971,https://www.vlr.gg/25971/he-gaming-vs-yamagan-champions-tour-vietnam-stage-3-challengers-3-main-event-lr2,604,2021-08-07,6:00 PM
PACIFIC,25966,https://www.vlr.gg/25966/fearus-vs-ego-champions-tour-vietnam-stage-3-challengers-3-main-event-ubf,604,2021-08-07,8:00 PM
PACIFIC,25972,https://www.vlr.gg/25972/fancy-united-esports-vs-yamagan-champions-tour-vietnam-stage-3-challengers-3-main-event-lr3,604,2021-08-07,10:00 PM
PACIFIC,25973,https://www.vlr.gg/25973/fearus-vs-yamagan-champions-tour-vietnam-stage-3-challengers-3-main-event-lbf,604,2021-08-08,7:00 PM
PACIFIC,25967,https://www.vlr.gg/25967/ego-vs-yamagan-champions-tour-vietnam-stage-3-challengers-3-main-event-gf,604,2021-08-08,9:20 PM
PACIFIC,30149,https://www.vlr.gg/30149/action-ph-vs-cerulean-sentinel-esports-black-champions-tour-philippines-stage-3-challengers-3-qu,581,2021-07-30,2:00 PM
PACIFIC,30150,https://www.vlr.gg/30150/akp-genesis-vs-lmc-esports-champions-tour-philippines-stage-3-challengers-3-qualifier-day-1-ro16,581,2021-07-30,2:00 PM
PACIFIC,30151,https://www.vlr.gg/30151/bestial-vs-south-built-esports-champions-tour-philippines-stage-3-challengers-3-qualifier-day-1,581,2021-07-30,2:00 PM
PACIFIC,30152,https://www.vlr.gg/30152/ucfc-esports-vs-gbp-esports-champions-tour-philippines-stage-3-challengers-3-qualifier-day-1-ro1,581,2021-07-30,2:00 PM
PACIFIC,30153,https://www.vlr.gg/30153/dr-esports-vs-xtreme-elite-esports-champions-tour-philippines-stage-3-challengers-3-qualifier-da,581,2021-07-30,2:00 PM
PACIFIC,30154,https://www.vlr.gg/30154/zeal-esports-vs-rd-astra-luna-champions-tour-philippines-stage-3-challengers-3-qualifier-day-1-r,581,2021-07-30,2:00 PM
PACIFIC,30155,https://www.vlr.gg/30155/olympus-esports-vs-aether-esports-champions-tour-philippines-stage-3-challengers-3-qualifier-day,581,2021-07-30,2:00 PM
PACIFIC,30156,https://www.vlr.gg/30156/se-atlas-vs-team-any-champions-tour-philippines-stage-3-challengers-3-qualifier-day-1-ro16,581,2021-07-30,2:00 PM
PACIFIC,30157,https://www.vlr.gg/30157/action-ph-vs-lmc-esports-champions-tour-philippines-stage-3-challengers-3-qualifier-day-1-qf,581,2021-07-30,3:00 PM
PACIFIC,30158,https://www.vlr.gg/30158/south-built-esports-vs-ucfc-esports-champions-tour-philippines-stage-3-challengers-3-qualifier-d,581,2021-07-30,3:00 PM
PACIFIC,30159,https://www.vlr.gg/30159/xtreme-elite-esports-vs-rd-astra-luna-champions-tour-philippines-stage-3-challengers-3-qualifier,581,2021-07-30,3:00 PM
PACIFIC,30160,https://www.vlr.gg/30160/aether-esports-vs-se-atlas-champions-tour-philippines-stage-3-challengers-3-qualifier-day-1-qf,581,2021-07-30,3:00 PM
PACIFIC,30161,https://www.vlr.gg/30161/action-ph-vs-ucfc-esports-champions-tour-philippines-stage-3-challengers-3-qualifier-day-1-sf,581,2021-07-30,4:00 PM
PACIFIC,30162,https://www.vlr.gg/30162/rd-astra-luna-vs-se-atlas-champions-tour-philippines-stage-3-challengers-3-qualifier-day-1-sf,581,2021-07-30,4:00 PM
PACIFIC,30389,https://www.vlr.gg/30389/prophecy-vs-gbp-esports-champions-tour-philippines-stage-3-challengers-3-qualifier-day-2-ro16,581,2021-07-31,1:00 PM
PACIFIC,30390,https://www.vlr.gg/30390/cerulean-sentinel-esports-black-vs-se-atlas-champions-tour-philippines-stage-3-challengers-3-qua,581,2021-07-31,1:00 PM
PACIFIC,30391,https://www.vlr.gg/30391/bestial-vs-sr-kadiliman-champions-tour-philippines-stage-3-challengers-3-qualifier-day-2-ro16,581,2021-07-31,1:00 PM
PACIFIC,30392,https://www.vlr.gg/30392/aether-esports-vs-sunsparks-champions-tour-philippines-stage-3-challengers-3-qualifier-day-2-ro1,581,2021-07-31,1:00 PM
PACIFIC,30393,https://www.vlr.gg/30393/dr-esports-vs-action-ph-champions-tour-philippines-stage-3-challengers-3-qualifier-day-2-ro16,581,2021-07-31,1:00 PM
PACIFIC,30394,https://www.vlr.gg/30394/najin-rivals-vs-strm-esports-champions-tour-philippines-stage-3-challengers-3-qualifier-day-2-ro,581,2021-07-31,1:00 PM
PACIFIC,30395,https://www.vlr.gg/30395/south-built-esports-vs-looters-club-esports-champions-tour-philippines-stage-3-challengers-3-qua,581,2021-07-31,1:00 PM
PACIFIC,30396,https://www.vlr.gg/30396/equinox-esports-vs-meta-southrons-champions-tour-philippines-stage-3-challengers-3-qualifier-day,581,2021-07-31,1:00 PM
PACIFIC,30397,https://www.vlr.gg/30397/gbp-esports-vs-se-atlas-champions-tour-philippines-stage-3-challengers-3-qualifier-day-2-qf,581,2021-07-31,2:00 PM
PACIFIC,30398,https://www.vlr.gg/30398/bestial-vs-aether-esports-champions-tour-philippines-stage-3-challengers-3-qualifier-day-2-qf,581,2021-07-31,2:00 PM
PACIFIC,30399,https://www.vlr.gg/30399/action-ph-vs-strm-esports-champions-tour-philippines-stage-3-challengers-3-qualifier-day-2-qf,581,2021-07-31,2:00 PM
PACIFIC,30400,https://www.vlr.gg/30400/south-built-esports-vs-meta-southrons-champions-tour-philippines-stage-3-challengers-3-qualifier,581,2021-07-31,2:00 PM
PACIFIC,30401,https://www.vlr.gg/30401/se-atlas-vs-aether-esports-champions-tour-philippines-stage-3-challengers-3-qualifier-day-2-sf,581,2021-07-31,3:00 PM
PACIFIC,30402,https://www.vlr.gg/30402/action-ph-vs-south-built-esports-champions-tour-philippines-stage-3-challengers-3-qualifier-day,581,2021-07-31,3:00 PM
PACIFIC,30567,https://www.vlr.gg/30567/xtreme-elite-esports-vs-sunsparks-champions-tour-philippines-stage-3-challengers-3-qualifier-day,581,2021-08-01,2:00 PM
PACIFIC,30568,https://www.vlr.gg/30568/team-any-vs-strm-esports-champions-tour-philippines-stage-3-challengers-3-qualifier-day-3-ro16,581,2021-08-01,2:00 PM
PACIFIC,30569,https://www.vlr.gg/30569/fractal-vs-gbp-esports-champions-tour-philippines-stage-3-challengers-3-qualifier-day-3-ro16,581,2021-08-01,2:00 PM
PACIFIC,30570,https://www.vlr.gg/30570/dynasty-notorious-vs-sr-kadiliman-champions-tour-philippines-stage-3-challengers-3-qualifier-day,581,2021-08-01,2:00 PM
PACIFIC,30571,https://www.vlr.gg/30571/dr-esports-vs-bestial-champions-tour-philippines-stage-3-challengers-3-qualifier-day-3-ro16,581,2021-08-01,2:00 PM
PACIFIC,30572,https://www.vlr.gg/30572/imperium-vs-looters-club-esports-champions-tour-philippines-stage-3-challengers-3-qualifier-day,581,2021-08-01,2:00 PM
PACIFIC,30573,https://www.vlr.gg/30573/zeal-esports-vs-ar-reborn-champions-tour-philippines-stage-3-challengers-3-qualifier-day-3-ro16,581,2021-08-01,2:00 PM
PACIFIC,30574,https://www.vlr.gg/30574/lmc-esports-vs-void-esports-champions-tour-philippines-stage-3-challengers-3-qualifier-day-3-ro1,581,2021-08-01,2:00 PM
PACIFIC,30575,https://www.vlr.gg/30575/sunsparks-vs-strm-esports-champions-tour-philippines-stage-3-challengers-3-qualifier-day-3-qf,581,2021-08-01,3:00 PM
PACIFIC,30576,https://www.vlr.gg/30576/gbp-esports-vs-sr-kadiliman-champions-tour-philippines-stage-3-challengers-3-qualifier-day-3-qf,581,2021-08-01,3:00 PM
PACIFIC,30577,https://www.vlr.gg/30577/bestial-vs-imperium-champions-tour-philippines-stage-3-challengers-3-qualifier-day-3-qf,581,2021-08-01,3:00 PM
PACIFIC,30578,https://www.vlr.gg/30578/zeal-esports-vs-lmc-esports-champions-tour-philippines-stage-3-challengers-3-qualifier-day-3-qf,581,2021-08-01,3:00 PM
PACIFIC,30579,https://www.vlr.gg/30579/sunsparks-vs-sr-kadiliman-champions-tour-philippines-stage-3-challengers-3-qualifier-day-3-sf,581,2021-08-01,4:00 PM
PACIFIC,30580,https://www.vlr.gg/30580/bestial-vs-zeal-esports-champions-tour-philippines-stage-3-challengers-3-qualifier-day-3-sf,581,2021-08-01,4:00 PM
PACIFIC,30581,https://www.vlr.gg/30581/sunsparks-vs-zeal-esports-champions-tour-philippines-stage-3-challengers-3-qualifier-day-3-gf,581,2021-08-01,5:00 PM
PACIFIC,31107,https://www.vlr.gg/31107/sv-empire-vs-rd-astra-luna-esports-champions-tour-philippines-stage-3-challengers-3-main-event-q,581,2021-08-06,12:00 PM
PACIFIC,31108,https://www.vlr.gg/31108/sunsparks-vs-south-built-esports-champions-tour-philippines-stage-3-challengers-3-main-event-qf,581,2021-08-06,2:00 PM
PACIFIC,31109,https://www.vlr.gg/31109/ucfc-esports-vs-alpha-esports-pro-champions-tour-philippines-stage-3-challengers-3-main-event-qf,581,2021-08-06,5:00 PM
PACIFIC,31110,https://www.vlr.gg/31110/aether-esports-vs-oasis-gaming-champions-tour-philippines-stage-3-challengers-3-main-event-qf,581,2021-08-07,12:00 PM
PACIFIC,31111,https://www.vlr.gg/31111/sv-empire-vs-sunsparks-champions-tour-philippines-stage-3-challengers-3-main-event-sf,581,2021-08-07,2:00 PM
PACIFIC,31112,https://www.vlr.gg/31112/alpha-esports-pro-vs-oasis-gaming-champions-tour-philippines-stage-3-challengers-3-main-event-sf,581,2021-08-07,6:00 PM
PACIFIC,31113,https://www.vlr.gg/31113/sv-empire-vs-alpha-esports-pro-champions-tour-philippines-stage-3-challengers-3-main-event-cf,581,2021-08-08,12:00 PM
PACIFIC,31114,https://www.vlr.gg/31114/sunsparks-vs-oasis-gaming-champions-tour-philippines-stage-3-challengers-3-main-event-gf,581,2021-08-08,2:00 PM
PACIFIC,30143,https://www.vlr.gg/30143/built-different-vs-lightning-champions-tour-hong-kong-taiwan-stage-3-challengers-3-qualifier-q,574,2021-08-01,7:00 PM
PACIFIC,30144,https://www.vlr.gg/30144/crx-team-vs-water-champions-tour-hong-kong-taiwan-stage-3-challengers-3-qualifier-qf,574,2021-08-01,7:00 PM
PACIFIC,30145,https://www.vlr.gg/30145/all-born-to-clutch-vs-anti-eco-eco-club-champions-tour-hong-kong-taiwan-stage-3-challengers-3,574,2021-08-01,7:00 PM
PACIFIC,30146,https://www.vlr.gg/30146/phoenix-vs-horse-victory-champions-tour-hong-kong-taiwan-stage-3-challengers-3-qualifier-qf,574,2021-08-01,7:00 PM
PACIFIC,30147,https://www.vlr.gg/30147/traitors-vs-ymg-champions-tour-hong-kong-taiwan-stage-3-challengers-3-qualifier-qf,574,2021-08-01,7:00 PM
PACIFIC,30716,https://www.vlr.gg/30716/lightning-vs-water-champions-tour-hong-kong-taiwan-stage-3-challengers-3-main-event-qf,574,2021-08-06,1:00 PM
PACIFIC,30717,https://www.vlr.gg/30717/clutch-jeans-vs-anti-eco-eco-club-champions-tour-hong-kong-taiwan-stage-3-challengers-3-main-e,574,2021-08-06,3:00 PM
PACIFIC,30718,https://www.vlr.gg/30718/five-ace-e-sports-vs-phoenix-champions-tour-hong-kong-taiwan-stage-3-challengers-3-main-event,574,2021-08-06,5:00 PM
PACIFIC,30719,https://www.vlr.gg/30719/griffin-e-sports-vs-ymg-champions-tour-hong-kong-taiwan-stage-3-challengers-3-main-event-qf,574,2021-08-06,7:00 PM
PACIFIC,30720,https://www.vlr.gg/30720/lightning-vs-anti-eco-eco-club-champions-tour-hong-kong-taiwan-stage-3-challengers-3-main-even,574,2021-08-07,4:00 PM
PACIFIC,30721,https://www.vlr.gg/30721/five-ace-e-sports-vs-griffin-e-sports-champions-tour-hong-kong-taiwan-stage-3-challengers-3-ma,574,2021-08-07,6:00 PM
PACIFIC,30723,https://www.vlr.gg/30723/lightning-vs-five-ace-e-sports-champions-tour-hong-kong-taiwan-stage-3-challengers-3-main-even,574,2021-08-08,5:00 PM
PACIFIC,31329,https://www.vlr.gg/31329/anti-eco-eco-club-vs-griffin-e-sports-champions-tour-hong-kong-taiwan-stage-3-challengers-3-ma,574,2021-08-09,TBD
PACIFIC,29867,https://www.vlr.gg/29867/uhrbtgjmny8-vs-fast-l-champions-tour-malaysia-singapore-stage-3-challengers-3-qualifier-ro16,569,2021-07-31,12:00 PM
PACIFIC,29868,https://www.vlr.gg/29868/ogb-vs-brain-and-friends-champions-tour-malaysia-singapore-stage-3-challengers-3-qualifier-ro1,569,2021-07-31,12:00 PM
PACIFIC,29869,https://www.vlr.gg/29869/origin-sky-vs-team-solid-champions-tour-malaysia-singapore-stage-3-challengers-3-qualifier-ro1,569,2021-07-31,12:00 PM
PACIFIC,29870,https://www.vlr.gg/29870/zero-synergy-vs-looking-for-org-champions-tour-malaysia-singapore-stage-3-challengers-3-qualif,569,2021-07-31,12:00 PM
PACIFIC,29871,https://www.vlr.gg/29871/todak-vs-xzeroyal-champions-tour-malaysia-singapore-stage-3-challengers-3-qualifier-ro16,569,2021-07-31,12:00 PM
PACIFIC,29872,https://www.vlr.gg/29872/running-dogs-vs-old-man-gaming-champions-tour-malaysia-singapore-stage-3-challengers-3-qualifi,569,2021-07-31,12:00 PM
PACIFIC,29873,https://www.vlr.gg/29873/underank-vs-0zero-champions-tour-malaysia-singapore-stage-3-challengers-3-qualifier-ro16,569,2021-07-31,12:00 PM
PACIFIC,29874,https://www.vlr.gg/29874/myschief-vs-team-titan-champions-tour-malaysia-singapore-stage-3-challengers-3-qualifier-ro16,569,2021-07-31,12:00 PM
PACIFIC,29875,https://www.vlr.gg/29875/uhrbtgjmny8-vs-brain-and-friends-champions-tour-malaysia-singapore-stage-3-challengers-3-quali,569,2021-07-31,3:30 PM
PACIFIC,29876,https://www.vlr.gg/29876/origin-sky-vs-looking-for-org-champions-tour-malaysia-singapore-stage-3-challengers-3-qualifie,569,2021-07-31,3:30 PM
PACIFIC,29877,https://www.vlr.gg/29877/todak-vs-running-dogs-champions-tour-malaysia-singapore-stage-3-challengers-3-qualifier-qf,569,2021-07-31,3:30 PM
PACIFIC,29878,https://www.vlr.gg/29878/underank-vs-myschief-champions-tour-malaysia-singapore-stage-3-challengers-3-qualifier-qf,569,2021-07-31,3:30 PM
PACIFIC,29879,https://www.vlr.gg/29879/uhrbtgjmny8-vs-origin-sky-champions-tour-malaysia-singapore-stage-3-challengers-3-qualifier-lc,569,2021-07-31,7:30 PM
PACIFIC,29880,https://www.vlr.gg/29880/running-dogs-vs-myschief-champions-tour-malaysia-singapore-stage-3-challengers-3-qualifier-lcq,569,2021-07-31,7:30 PM
PACIFIC,29881,https://www.vlr.gg/29881/origin-sky-vs-myschief-champions-tour-malaysia-singapore-stage-3-challengers-3-qualifier-lcq-g,569,2021-07-31,8:30 PM
PACIFIC,25946,https://www.vlr.gg/25946/paper-rex-vs-origin-sky-champions-tour-malaysia-singapore-stage-3-challengers-3-main-event-ubq,569,2021-08-06,9:00 AM
PACIFIC,25947,https://www.vlr.gg/25947/looking-for-org-vs-underank-champions-tour-malaysia-singapore-stage-3-challengers-3-main-event,569,2021-08-06,12:00 PM
PACIFIC,25948,https://www.vlr.gg/25948/louvre-vs-brain-and-friends-champions-tour-malaysia-singapore-stage-3-challengers-3-main-event,569,2021-08-06,2:25 PM
PACIFIC,25949,https://www.vlr.gg/25949/kingsmen-vs-todak-champions-tour-malaysia-singapore-stage-3-challengers-3-main-event-ubqf,569,2021-08-06,5:00 PM
PACIFIC,25954,https://www.vlr.gg/25954/origin-sky-vs-underank-champions-tour-malaysia-singapore-stage-3-challengers-3-main-event-lr1,569,2021-08-06,7:15 PM
PACIFIC,25955,https://www.vlr.gg/25955/brain-and-friends-vs-todak-champions-tour-malaysia-singapore-stage-3-challengers-3-main-event,569,2021-08-06,8:10 PM
PACIFIC,25950,https://www.vlr.gg/25950/paper-rex-vs-looking-for-org-champions-tour-malaysia-singapore-stage-3-challengers-3-main-even,569,2021-08-07,9:00 AM
PACIFIC,25951,https://www.vlr.gg/25951/louvre-vs-kingsmen-champions-tour-malaysia-singapore-stage-3-challengers-3-main-event-ubsf,569,2021-08-07,12:05 PM
PACIFIC,25957,https://www.vlr.gg/25957/looking-for-org-vs-brain-and-friends-champions-tour-malaysia-singapore-stage-3-challengers-3-m,569,2021-08-07,2:45 PM
PACIFIC,25956,https://www.vlr.gg/25956/kingsmen-vs-origin-sky-champions-tour-malaysia-singapore-stage-3-challengers-3-main-event-lr2,569,2021-08-07,3:30 PM
PACIFIC,25952,https://www.vlr.gg/25952/paper-rex-vs-louvre-champions-tour-malaysia-singapore-stage-3-challengers-3-main-event-ubf,569,2021-08-07,3:40 PM
PACIFIC,25958,https://www.vlr.gg/25958/kingsmen-vs-looking-for-org-champions-tour-malaysia-singapore-stage-3-challengers-3-main-event,569,2021-08-07,6:05 PM
PACIFIC,25959,https://www.vlr.gg/25959/louvre-vs-kingsmen-champions-tour-malaysia-singapore-stage-3-challengers-3-main-event-lbf,569,2021-08-08,9:00 AM
PACIFIC,25953,https://www.vlr.gg/25953/paper-rex-vs-kingsmen-champions-tour-malaysia-singapore-stage-3-challengers-3-main-event-gf,569,2021-08-08,1:00 PM
PACIFIC,27199,https://www.vlr.gg/27199/alter-ego-vs-vatra-esports-champions-tour-indonesia-stage-3-challengers-2-qualifier-ro16,611,2021-07-17,11:00 AM
PACIFIC,27200,https://www.vlr.gg/27200/rex-regum-qeon-vs-lythronax-champions-tour-indonesia-stage-3-challengers-2-qualifier-ro16,611,2021-07-17,11:00 AM
PACIFIC,27201,https://www.vlr.gg/27201/nxlg-academy-vs-earthquake-team-champions-tour-indonesia-stage-3-challengers-2-qualifier-ro16,611,2021-07-17,11:00 AM
PACIFIC,27202,https://www.vlr.gg/27202/keluarga-bahagia-vs-altitude-champions-tour-indonesia-stage-3-challengers-2-qualifier-ro16,611,2021-07-17,11:00 AM
PACIFIC,27203,https://www.vlr.gg/27203/team-executioners-vs-dewa-united-champions-tour-indonesia-stage-3-challengers-2-qualifier-ro16,611,2021-07-17,1:30 PM
PACIFIC,27204,https://www.vlr.gg/27204/orbit-vs-voin-drip-champions-tour-indonesia-stage-3-challengers-2-qualifier-ro16,611,2021-07-17,1:30 PM
PACIFIC,27205,https://www.vlr.gg/27205/vvv-vs-cynical-champions-tour-indonesia-stage-3-challengers-2-qualifier-ro16,611,2021-07-17,1:30 PM
PACIFIC,27206,https://www.vlr.gg/27206/way-esports-vs-team-phenix-champions-tour-indonesia-stage-3-challengers-2-qualifier-ro16,611,2021-07-17,1:30 PM
PACIFIC,27207,https://www.vlr.gg/27207/alter-ego-vs-rex-regum-qeon-champions-tour-indonesia-stage-3-challengers-2-qualifier-qf,611,2021-07-18,11:00 AM
PACIFIC,27208,https://www.vlr.gg/27208/nxlg-academy-vs-altitude-champions-tour-indonesia-stage-3-challengers-2-qualifier-qf,611,2021-07-18,11:00 AM
PACIFIC,27209,https://www.vlr.gg/27209/team-executioners-vs-voin-drip-champions-tour-indonesia-stage-3-challengers-2-qualifier-qf,611,2021-07-18,11:00 AM
PACIFIC,27210,https://www.vlr.gg/27210/cynical-vs-way-esports-champions-tour-indonesia-stage-3-challengers-2-qualifier-qf,611,2021-07-18,11:00 AM
PACIFIC,27211,https://www.vlr.gg/27211/alter-ego-vs-altitude-champions-tour-indonesia-stage-3-challengers-2-qualifier-extra-sf,611,2021-07-18,1:30 PM
PACIFIC,27212,https://www.vlr.gg/27212/voin-drip-vs-cynical-champions-tour-indonesia-stage-3-challengers-2-qualifier-extra-sf,611,2021-07-18,1:30 PM
PACIFIC,27213,https://www.vlr.gg/27213/alter-ego-vs-cynical-champions-tour-indonesia-stage-3-challengers-2-qualifier-extra-finals,611,2021-07-18,4:00 PM
PACIFIC,28560,https://www.vlr.gg/28560/bigetron-astro-vs-rex-regum-qeon-champions-tour-indonesia-stage-3-challengers-2-main-event-qf,611,2021-07-23,2:00 PM
PACIFIC,28561,https://www.vlr.gg/28561/alter-ego-vs-team-executioners-champions-tour-indonesia-stage-3-challengers-2-main-event-qf,611,2021-07-23,5:15 PM
PACIFIC,28562,https://www.vlr.gg/28562/boom-esports-vs-way-esports-champions-tour-indonesia-stage-3-challengers-2-main-event-qf,611,2021-07-23,7:30 PM
PACIFIC,28563,https://www.vlr.gg/28563/morph-impact-vs-nxlg-academy-champions-tour-indonesia-stage-3-challengers-2-main-event-qf,611,2021-07-24,1:30 PM
PACIFIC,28564,https://www.vlr.gg/28564/bigetron-astro-vs-alter-ego-champions-tour-indonesia-stage-3-challengers-2-main-event-sf,611,2021-07-24,3:50 PM
PACIFIC,28565,https://www.vlr.gg/28565/boom-esports-vs-morph-impact-champions-tour-indonesia-stage-3-challengers-2-main-event-sf,611,2021-07-24,8:10 PM
PACIFIC,28567,https://www.vlr.gg/28567/bigetron-astro-vs-morph-impact-champions-tour-indonesia-stage-3-challengers-2-main-event-cf,611,2021-07-25,1:30 PM
PACIFIC,28566,https://www.vlr.gg/28566/alter-ego-vs-boom-esports-champions-tour-indonesia-stage-3-challengers-2-main-event-gf,611,2021-07-25,4:40 PM
PACIFIC,27477,https://www.vlr.gg/27477/firsttime-vs-abovecloud-champions-tour-thailand-stage-3-challengers-2-qualifiers-uqf,566,2021-07-17,5:00 PM
PACIFIC,27478,https://www.vlr.gg/27478/zercus-esports-vs-wicket-berg-champions-tour-thailand-stage-3-challengers-2-qualifiers-uqf,566,2021-07-17,5:00 PM
PACIFIC,27479,https://www.vlr.gg/27479/fw-esports-vs-lynx-th-champions-tour-thailand-stage-3-challengers-2-qualifiers-uqf,566,2021-07-17,5:00 PM
PACIFIC,27480,https://www.vlr.gg/27480/47-gaming-vs-z11-champions-tour-thailand-stage-3-challengers-2-qualifiers-uqf,566,2021-07-17,5:00 PM
PACIFIC,27481,https://www.vlr.gg/27481/abovecloud-vs-wicket-berg-champions-tour-thailand-stage-3-challengers-2-qualifiers-usf,566,2021-07-18,12:00 PM
PACIFIC,27482,https://www.vlr.gg/27482/fw-esports-vs-z11-champions-tour-thailand-stage-3-challengers-2-qualifiers-usf,566,2021-07-18,12:00 PM
PACIFIC,27483,https://www.vlr.gg/27483/winnable-vs-firsttime-champions-tour-thailand-stage-3-challengers-2-qualifiers-lbr1,566,2021-07-18,12:00 PM
PACIFIC,27484,https://www.vlr.gg/27484/47-gaming-vs-lynx-th-champions-tour-thailand-stage-3-challengers-2-qualifiers-lbr1,566,2021-07-18,12:00 PM
PACIFIC,27486,https://www.vlr.gg/27486/z11-vs-winnable-champions-tour-thailand-stage-3-challengers-2-qualifiers-lbf,566,2021-07-18,3:00 PM
PACIFIC,27487,https://www.vlr.gg/27487/wicket-berg-vs-47-gaming-champions-tour-thailand-stage-3-challengers-2-qualifiers-lbf,566,2021-07-18,3:00 PM
PACIFIC,27488,https://www.vlr.gg/27488/winnable-vs-wicket-berg-champions-tour-thailand-stage-3-challengers-2-qualifiers-5th-seed,566,2021-07-18,6:00 PM
PACIFIC,22598,https://www.vlr.gg/22598/full-sense-vs-wicket-berg-champions-tour-thailand-stage-3-challengers-2-main-event-ubqf,566,2021-07-22,5:00 PM
PACIFIC,22599,https://www.vlr.gg/22599/fw-esports-vs-abovecloud-champions-tour-thailand-stage-3-challengers-2-main-event-ubqf,566,2021-07-22,7:00 PM
PACIFIC,22600,https://www.vlr.gg/22600/full-sense-vs-fw-esports-champions-tour-thailand-stage-3-challengers-2-main-event-ubsf,566,2021-07-22,9:00 PM
PACIFIC,22601,https://www.vlr.gg/22601/need-sponsor-vs-z11-champions-tour-thailand-stage-3-challengers-2-main-event-ubqf,566,2021-07-23,5:00 PM
PACIFIC,22602,https://www.vlr.gg/22602/47-gaming-vs-foxy-araikordai-champions-tour-thailand-stage-3-challengers-2-main-event-ubqf,566,2021-07-23,7:00 PM
PACIFIC,22603,https://www.vlr.gg/22603/need-sponsor-vs-foxy-araikordai-champions-tour-thailand-stage-3-challengers-2-main-event-ubsf,566,2021-07-23,9:00 PM
PACIFIC,22604,https://www.vlr.gg/22604/wicket-berg-vs-abovecloud-champions-tour-thailand-stage-3-challengers-2-main-event-lbr1,566,2021-07-24,12:00 PM
PACIFIC,22605,https://www.vlr.gg/22605/z11-vs-47-gaming-champions-tour-thailand-stage-3-challengers-2-main-event-lbr1,566,2021-07-24,1:00 PM
PACIFIC,22606,https://www.vlr.gg/22606/need-sponsor-vs-wicket-berg-champions-tour-thailand-stage-3-challengers-2-main-event-lbr2,566,2021-07-24,2:00 PM
PACIFIC,22607,https://www.vlr.gg/22607/fw-esports-vs-z11-champions-tour-thailand-stage-3-challengers-2-main-event-lbr2,566,2021-07-24,3:00 PM
PACIFIC,22608,https://www.vlr.gg/22608/full-sense-vs-foxy-araikordai-champions-tour-thailand-stage-3-challengers-2-main-event-ubf,566,2021-07-24,4:00 PM
PACIFIC,22609,https://www.vlr.gg/22609/wicket-berg-vs-fw-esports-champions-tour-thailand-stage-3-challengers-2-main-event-lbr3,566,2021-07-24,7:00 PM
PACIFIC,22610,https://www.vlr.gg/22610/foxy-araikordai-vs-fw-esports-champions-tour-thailand-stage-3-challengers-2-main-event-lbf,566,2021-07-25,3:00 PM
PACIFIC,22611,https://www.vlr.gg/22611/full-sense-vs-fw-esports-champions-tour-thailand-stage-3-challengers-2-main-event-gf,566,2021-07-25,5:00 PM
PACIFIC,26957,https://www.vlr.gg/26957/team-smg-vs-team-titan-champions-tour-malaysia-singapore-stage-3-challengers-2-qualifiers-ro16,568,2021-07-17,12:00 PM
PACIFIC,26958,https://www.vlr.gg/26958/brain-and-friends-vs-myschief-champions-tour-malaysia-singapore-stage-3-challengers-2-qualifie,568,2021-07-17,12:00 PM
PACIFIC,26959,https://www.vlr.gg/26959/timing-monster-gaming-vs-very-laze-champions-tour-malaysia-singapore-stage-3-challengers-2-qua,568,2021-07-17,12:00 PM
PACIFIC,26960,https://www.vlr.gg/26960/saints-vs-team-solace-champions-tour-malaysia-singapore-stage-3-challengers-2-qualifiers-ro16,568,2021-07-17,12:00 PM
PACIFIC,26961,https://www.vlr.gg/26961/kingsmen-vs-looking-for-org-champions-tour-malaysia-singapore-stage-3-challengers-2-qualifiers,568,2021-07-17,12:00 PM
PACIFIC,26962,https://www.vlr.gg/26962/xlc-vs-kz-champions-tour-malaysia-singapore-stage-3-challengers-2-qualifiers-ro16,568,2021-07-17,12:00 PM
PACIFIC,26963,https://www.vlr.gg/26963/louvre-vs-mjestic-clan-champions-tour-malaysia-singapore-stage-3-challengers-2-qualifiers-ro16,568,2021-07-17,12:00 PM
PACIFIC,26964,https://www.vlr.gg/26964/equinox-vs-team-nasi-lemak-champions-tour-malaysia-singapore-stage-3-challengers-2-qualifiers,568,2021-07-17,12:00 PM
PACIFIC,26965,https://www.vlr.gg/26965/team-smg-vs-brain-and-friends-champions-tour-malaysia-singapore-stage-3-challengers-2-qualifie,568,2021-07-17,3:30 PM
PACIFIC,26966,https://www.vlr.gg/26966/timing-monster-gaming-vs-saints-champions-tour-malaysia-singapore-stage-3-challengers-2-qualif,568,2021-07-17,3:30 PM
PACIFIC,26967,https://www.vlr.gg/26967/kingsmen-vs-xlc-esports-champions-tour-malaysia-singapore-stage-3-challengers-2-qualifiers-qf,568,2021-07-17,3:30 PM
PACIFIC,26968,https://www.vlr.gg/26968/louvre-vs-team-nasi-lemak-champions-tour-malaysia-singapore-stage-3-challengers-2-qualifiers-q,568,2021-07-17,3:30 PM
PACIFIC,25989,https://www.vlr.gg/25989/paper-rex-vs-team-smg-champions-tour-malaysia-singapore-stage-3-challengers-2-main-event-ubqf,568,2021-07-23,9:00 AM
PACIFIC,25990,https://www.vlr.gg/25990/underank-vs-kingsmen-champions-tour-malaysia-singapore-stage-3-challengers-2-main-event-ubqf,568,2021-07-23,12:00 PM
PACIFIC,25991,https://www.vlr.gg/25991/uwu-vs-timing-monster-gaming-champions-tour-malaysia-singapore-stage-3-challengers-2-main-even,568,2021-07-23,2:25 PM
PACIFIC,25992,https://www.vlr.gg/25992/todak-vs-louvre-champions-tour-malaysia-singapore-stage-3-challengers-2-main-event-ubqf,568,2021-07-23,4:50 PM
PACIFIC,25997,https://www.vlr.gg/25997/team-smg-vs-underank-champions-tour-malaysia-singapore-stage-3-challengers-2-main-event-lr1,568,2021-07-23,8:15 PM
PACIFIC,25998,https://www.vlr.gg/25998/timing-monster-gaming-vs-todak-champions-tour-malaysia-singapore-stage-3-challengers-2-main-ev,568,2021-07-23,9:10 PM
PACIFIC,25993,https://www.vlr.gg/25993/paper-rex-vs-kingsmen-champions-tour-malaysia-singapore-stage-3-challengers-2-main-event-ubsf,568,2021-07-24,9:00 AM
PACIFIC,25994,https://www.vlr.gg/25994/uwu-vs-louvre-champions-tour-malaysia-singapore-stage-3-challengers-2-main-event-ubsf,568,2021-07-24,11:25 AM
PACIFIC,26000,https://www.vlr.gg/26000/kingsmen-vs-todak-champions-tour-malaysia-singapore-stage-3-challengers-2-main-event-lr2,568,2021-07-24,1:00 PM
PACIFIC,25999,https://www.vlr.gg/25999/louvre-vs-team-smg-champions-tour-malaysia-singapore-stage-3-challengers-2-main-event-lr2,568,2021-07-24,2:00 PM
PACIFIC,25995,https://www.vlr.gg/25995/paper-rex-vs-uwu-champions-tour-malaysia-singapore-stage-3-challengers-2-main-event-ubf,568,2021-07-24,3:40 PM
PACIFIC,26001,https://www.vlr.gg/26001/louvre-vs-kingsmen-champions-tour-malaysia-singapore-stage-3-challengers-2-main-event-lr3,568,2021-07-24,6:05 PM
PACIFIC,26002,https://www.vlr.gg/26002/uwu-vs-louvre-champions-tour-malaysia-singapore-stage-3-challengers-2-main-event-lbf,568,2021-07-25,9:00 AM
PACIFIC,25996,https://www.vlr.gg/25996/paper-rex-vs-uwu-champions-tour-malaysia-singapore-stage-3-challengers-2-main-event-gf,568,2021-07-25,12:00 PM
PACIFIC,27416,https://www.vlr.gg/27416/victory-formula-vs-ymg-champions-tour-hong-kong-taiwan-stage-3-challengers-2-qualifiers-qf,573,2021-07-18,7:00 PM
PACIFIC,27417,https://www.vlr.gg/27417/cbt-gaming-vs-tgpa-champions-tour-hong-kong-taiwan-stage-3-challengers-2-qualifiers-qf,573,2021-07-18,7:00 PM
PACIFIC,27418,https://www.vlr.gg/27418/lightning-vs-clutch-jeans-champions-tour-hong-kong-taiwan-stage-3-challengers-2-qualifiers-qf,573,2021-07-18,7:00 PM
PACIFIC,27419,https://www.vlr.gg/27419/traitors-vs-crx-team-champions-tour-hong-kong-taiwan-stage-3-challengers-2-qualifiers-qf,573,2021-07-18,7:00 PM
PACIFIC,27420,https://www.vlr.gg/27420/griffin-e-sports-vs-ymg-champions-tour-hong-kong-taiwan-stage-3-challengers-2-main-event-qf,573,2021-07-23,1:00 PM
PACIFIC,27421,https://www.vlr.gg/27421/water-vs-cbt-gaming-champions-tour-hong-kong-taiwan-stage-3-challengers-2-main-event-qf,573,2021-07-23,3:00 PM
PACIFIC,27422,https://www.vlr.gg/27422/horse-victory-vs-clutch-jeans-champions-tour-hong-kong-taiwan-stage-3-challengers-2-main-event,573,2021-07-23,5:00 PM
PACIFIC,27423,https://www.vlr.gg/27423/five-ace-e-sports-vs-traitors-champions-tour-hong-kong-taiwan-stage-3-challengers-2-main-event,573,2021-07-23,7:00 PM
PACIFIC,27424,https://www.vlr.gg/27424/griffin-e-sports-vs-cbt-gaming-champions-tour-hong-kong-taiwan-stage-3-challengers-2-main-even,573,2021-07-24,4:00 PM
PACIFIC,27425,https://www.vlr.gg/27425/clutch-jeans-vs-five-ace-e-sports-champions-tour-hong-kong-taiwan-stage-3-challengers-2-main-e,573,2021-07-24,6:00 PM
PACIFIC,27426,https://www.vlr.gg/27426/griffin-e-sports-vs-clutch-jeans-champions-tour-hong-kong-taiwan-stage-3-challengers-2-main-ev,573,2021-07-24,8:00 PM
PACIFIC,27427,https://www.vlr.gg/27427/cbt-gaming-vs-five-ace-e-sports-champions-tour-hong-kong-taiwan-stage-3-challengers-2-main-eve,573,2021-07-25,4:00 PM
PACIFIC,27163,https://www.vlr.gg/27163/rd-astra-luna-vs-gbp-esports-champions-tour-philippines-stage-3-challengers-2-qualifier-day-1-ro,580,2021-07-16,2:00 PM
PACIFIC,27164,https://www.vlr.gg/27164/lmc-esports-vs-dynasty-notorious-champions-tour-philippines-stage-3-challengers-2-qualifier-day,580,2021-07-16,2:00 PM
PACIFIC,27165,https://www.vlr.gg/27165/alpha-esports-pro-vs-aether-esports-champions-tour-philippines-stage-3-challengers-2-qualifier-d,580,2021-07-16,2:00 PM
PACIFIC,27166,https://www.vlr.gg/27166/bestial-vs-dr-esports-champions-tour-philippines-stage-3-challengers-2-qualifier-day-1-ro16,580,2021-07-16,2:00 PM
PACIFIC,27167,https://www.vlr.gg/27167/adroit-vs-strm-esports-champions-tour-philippines-stage-3-challengers-2-qualifier-day-1-ro16,580,2021-07-16,2:00 PM
PACIFIC,27168,https://www.vlr.gg/27168/south-built-esports-vs-akp-gensis-champions-tour-philippines-stage-3-challengers-2-qualifier-day,580,2021-07-16,2:00 PM
PACIFIC,27169,https://www.vlr.gg/27169/midzy-vs-ucfc-esports-champions-tour-philippines-stage-3-challengers-2-qualifier-day-1-ro16,580,2021-07-16,2:00 PM
PACIFIC,27170,https://www.vlr.gg/27170/action-ph-vs-oasis-gaming-champions-tour-philippines-stage-3-challengers-2-qualifier-day-1-ro16,580,2021-07-16,2:00 PM
PACIFIC,27171,https://www.vlr.gg/27171/gbp-esports-vs-lmc-esports-champions-tour-philippines-stage-3-challengers-2-qualifier-day-1-qf,580,2021-07-16,3:00 PM
PACIFIC,27172,https://www.vlr.gg/27172/alpha-esports-pro-vs-bestial-champions-tour-philippines-stage-3-challengers-2-qualifier-day-1-qf,580,2021-07-16,3:00 PM
PACIFIC,27173,https://www.vlr.gg/27173/adroit-vs-south-built-esports-champions-tour-philippines-stage-3-challengers-2-qualifier-day-1-q,580,2021-07-16,3:00 PM
PACIFIC,27174,https://www.vlr.gg/27174/ucfc-esports-vs-oasis-gaming-champions-tour-philippines-stage-3-challengers-2-qualifier-day-1-qf,580,2021-07-16,3:00 PM
PACIFIC,27175,https://www.vlr.gg/27175/lmc-esports-vs-alpha-esports-pro-champions-tour-philippines-stage-3-challengers-2-qualifier-day,580,2021-07-16,4:00 PM
PACIFIC,27176,https://www.vlr.gg/27176/south-built-esports-vs-oasis-gaming-champions-tour-philippines-stage-3-challengers-2-qualifier-d,580,2021-07-16,4:00 PM
PACIFIC,27428,https://www.vlr.gg/27428/bestial-vs-sunsparks-champions-tour-philippines-stage-3-challengers-2-qualifier-day-2-ro16,580,2021-07-17,2:00 PM
PACIFIC,27429,https://www.vlr.gg/27429/hiraya-vs-fractal-champions-tour-philippines-stage-3-challengers-2-qualifier-day-2-ro16,580,2021-07-17,2:00 PM
PACIFIC,27430,https://www.vlr.gg/27430/gbp-esports-vs-lmc-esports-champions-tour-philippines-stage-3-challengers-2-qualifier-day-2-ro16,580,2021-07-17,2:00 PM
PACIFIC,27431,https://www.vlr.gg/27431/strm-esports-vs-se-atlas-champions-tour-philippines-stage-3-challengers-2-qualifier-day-2-ro16,580,2021-07-17,2:00 PM
PACIFIC,27432,https://www.vlr.gg/27432/ucfc-esports-vs-dynasty-notorious-champions-tour-philippines-stage-3-challengers-2-qualifier-day,580,2021-07-17,2:00 PM
PACIFIC,27433,https://www.vlr.gg/27433/south-built-esports-vs-action-ph-champions-tour-philippines-stage-3-challengers-2-qualifier-day,580,2021-07-17,2:00 PM
PACIFIC,27434,https://www.vlr.gg/27434/adroit-vs-meta-southrons-champions-tour-philippines-stage-3-challengers-2-qualifier-day-2-ro16,580,2021-07-17,2:00 PM
PACIFIC,27435,https://www.vlr.gg/27435/imperium-vs-sr-thanatos-champions-tour-philippines-stage-3-challengers-2-qualifier-day-2-ro16,580,2021-07-17,2:00 PM
PACIFIC,27436,https://www.vlr.gg/27436/sunsparks-vs-fractal-champions-tour-philippines-stage-3-challengers-2-qualifier-day-2-qf,580,2021-07-17,3:00 PM
PACIFIC,27437,https://www.vlr.gg/27437/gbp-esports-vs-se-atlas-champions-tour-philippines-stage-3-challengers-2-qualifier-day-2-qf,580,2021-07-17,3:00 PM
PACIFIC,27438,https://www.vlr.gg/27438/ucfc-esports-vs-south-built-esports-champions-tour-philippines-stage-3-challengers-2-qualifier-d,580,2021-07-17,3:00 PM
PACIFIC,27439,https://www.vlr.gg/27439/meta-southrons-vs-sr-thanatos-champions-tour-philippines-stage-3-challengers-2-qualifier-day-2-q,580,2021-07-17,3:00 PM
PACIFIC,27440,https://www.vlr.gg/27440/sunsparks-vs-se-atlas-champions-tour-philippines-stage-3-challengers-2-qualifier-day-2-sf,580,2021-07-17,4:00 PM
PACIFIC,27441,https://www.vlr.gg/27441/ucfc-esports-vs-meta-southrons-champions-tour-philippines-stage-3-challengers-2-qualifier-day-2,580,2021-07-17,4:00 PM
PACIFIC,27838,https://www.vlr.gg/27838/najin-rivals-vs-aether-esports-champions-tour-philippines-stage-3-challengers-2-qualifier-day-3,580,2021-07-18,1:00 PM
PACIFIC,27839,https://www.vlr.gg/27839/xtreme-elite-esports-vs-valkyrie-esports-champions-tour-philippines-stage-3-challengers-2-qualif,580,2021-07-18,1:00 PM
PACIFIC,27840,https://www.vlr.gg/27840/lmc-esports-vs-action-ph-champions-tour-philippines-stage-3-challengers-2-qualifier-day-3-ro16,580,2021-07-18,1:00 PM
PACIFIC,27841,https://www.vlr.gg/27841/hiraya-vs-lg-esports-vex-champions-tour-philippines-stage-3-challengers-2-qualifier-day-3-ro16,580,2021-07-18,1:00 PM
PACIFIC,27842,https://www.vlr.gg/27842/sr-thanatos-vs-sr-kadiliman-champions-tour-philippines-stage-3-challengers-2-qualifier-day-3-ro1,580,2021-07-18,1:00 PM
PACIFIC,27843,https://www.vlr.gg/27843/south-built-esports-vs-gen-alpha-temporal-champions-tour-philippines-stage-3-challengers-2-quali,580,2021-07-18,1:00 PM
PACIFIC,27844,https://www.vlr.gg/27844/shadowfox-red-vs-bestial-champions-tour-philippines-stage-3-challengers-2-qualifier-day-3-ro16,580,2021-07-18,1:00 PM
PACIFIC,27845,https://www.vlr.gg/27845/dr-esports-vs-sunsparks-champions-tour-philippines-stage-3-challengers-2-qualifier-day-3-ro16,580,2021-07-18,1:00 PM
PACIFIC,27846,https://www.vlr.gg/27846/aether-esports-vs-xtreme-elite-esports-champions-tour-philippines-stage-3-challengers-2-qualifie,580,2021-07-18,2:00 PM
PACIFIC,27847,https://www.vlr.gg/27847/action-ph-vs-hiraya-champions-tour-philippines-stage-3-challengers-2-qualifier-day-3-qf,580,2021-07-18,2:00 PM
PACIFIC,27848,https://www.vlr.gg/27848/sr-thanatos-vs-south-built-esports-champions-tour-philippines-stage-3-challengers-2-qualifier-da,580,2021-07-18,2:00 PM
PACIFIC,27849,https://www.vlr.gg/27849/bestial-vs-dr-esports-champions-tour-philippines-stage-3-challengers-2-qualifier-day-3-qf,580,2021-07-18,2:00 PM
PACIFIC,27850,https://www.vlr.gg/27850/xtreme-elite-esports-vs-action-ph-champions-tour-philippines-stage-3-challengers-2-qualifier-day,580,2021-07-18,3:00 PM
PACIFIC,27851,https://www.vlr.gg/27851/south-built-esports-vs-dr-esports-champions-tour-philippines-stage-3-challengers-2-qualifier-day,580,2021-07-18,3:00 PM
PACIFIC,27853,https://www.vlr.gg/27853/action-ph-vs-south-built-esports-champions-tour-philippines-stage-3-challengers-2-qualifier-day,580,2021-07-18,4:00 PM
PACIFIC,28884,https://www.vlr.gg/28884/galaxy-racer-vs-se-atlas-champions-tour-philippines-stage-3-challengers-2-main-event-qf,580,2021-07-23,12:00 PM
PACIFIC,28885,https://www.vlr.gg/28885/south-built-esports-vs-alpha-esports-pro-champions-tour-philippines-stage-3-challengers-2-main-e,580,2021-07-23,2:00 PM
PACIFIC,28886,https://www.vlr.gg/28886/ucfc-esports-vs-sv-empire-champions-tour-philippines-stage-3-challengers-2-main-event-qf,580,2021-07-23,4:30 PM
PACIFIC,28887,https://www.vlr.gg/28887/oasis-gaming-vs-zeal-esports-champions-tour-philippines-stage-3-challengers-2-main-event-qf,580,2021-07-24,12:00 PM
PACIFIC,28888,https://www.vlr.gg/28888/galaxy-racer-vs-alpha-esports-pro-champions-tour-philippines-stage-3-challengers-2-main-event-sf,580,2021-07-24,3:00 PM
PACIFIC,28889,https://www.vlr.gg/28889/sv-empire-vs-oasis-gaming-champions-tour-philippines-stage-3-challengers-2-main-event-sf,580,2021-07-24,6:25 PM
PACIFIC,28890,https://www.vlr.gg/28890/alpha-esports-pro-vs-oasis-gaming-champions-tour-philippines-stage-3-challengers-2-main-event-cf,580,2021-07-25,12:00 PM
PACIFIC,28891,https://www.vlr.gg/28891/galaxy-racer-vs-sv-empire-champions-tour-philippines-stage-3-challengers-2-main-event-gf,580,2021-07-25,2:30 PM
PACIFIC,27443,https://www.vlr.gg/27443/shoot-for-fun-vs-tiamat-champions-tour-vietnam-stage-3-challengers-2-qualifiers-ro16,603,2021-07-16,7:00 PM
PACIFIC,27444,https://www.vlr.gg/27444/innocent-cats-gaming-vs-kfoxteam-champions-tour-vietnam-stage-3-challengers-2-qualifiers-ro16,603,2021-07-16,7:00 PM
PACIFIC,27445,https://www.vlr.gg/27445/kantic-gaming-vs-dominus-champions-tour-vietnam-stage-3-challengers-2-qualifiers-ro16,603,2021-07-16,9:00 PM
PACIFIC,27446,https://www.vlr.gg/27446/cbr-vs-akatsuki-champions-tour-vietnam-stage-3-challengers-2-qualifiers-ro16,603,2021-07-16,9:00 PM
PACIFIC,27447,https://www.vlr.gg/27447/trinity-five-vs-yamagan-champions-tour-vietnam-stage-3-challengers-2-qualifiers-ro16,603,2021-07-17,3:00 PM
PACIFIC,27448,https://www.vlr.gg/27448/meloner-vs-2k-esports-champions-tour-vietnam-stage-3-challengers-2-qualifiers-ro16,603,2021-07-17,3:00 PM
PACIFIC,27449,https://www.vlr.gg/27449/fearus-vs-lfb-champions-tour-vietnam-stage-3-challengers-2-qualifiers-ro16,603,2021-07-17,5:00 PM
PACIFIC,27450,https://www.vlr.gg/27450/meogang-vs-damianos-esport-champions-tour-vietnam-stage-3-challengers-2-qualifiers-ro16,603,2021-07-17,5:00 PM
PACIFIC,27451,https://www.vlr.gg/27451/fancy-united-esports-vs-isellpower-champions-tour-vietnam-stage-3-challengers-2-qualifiers-ro16,603,2021-07-17,7:00 PM
PACIFIC,27452,https://www.vlr.gg/27452/easy-esports-vs-he-gaming-champions-tour-vietnam-stage-3-challengers-2-qualifiers-ro16,603,2021-07-17,7:00 PM
PACIFIC,27453,https://www.vlr.gg/27453/tiamat-vs-innocent-cats-gaming-champions-tour-vietnam-stage-3-challengers-2-qualifiers-qf,603,2021-07-18,1:00 PM
PACIFIC,27454,https://www.vlr.gg/27454/kantic-gaming-vs-akatsuki-champions-tour-vietnam-stage-3-challengers-2-qualifiers-qf,603,2021-07-18,3:00 PM
PACIFIC,27455,https://www.vlr.gg/27455/yamagan-vs-meloner-champions-tour-vietnam-stage-3-challengers-2-qualifiers-qf,603,2021-07-18,5:00 PM
PACIFIC,27456,https://www.vlr.gg/27456/fearus-vs-damianos-esport-champions-tour-vietnam-stage-3-challengers-2-qualifiers-qf,603,2021-07-18,7:00 PM
PACIFIC,27457,https://www.vlr.gg/27457/fancy-united-esports-vs-easy-esports-champions-tour-vietnam-stage-3-challengers-2-qualifiers-qf,603,2021-07-18,9:00 PM
PACIFIC,25975,https://www.vlr.gg/25975/yamagan-vs-fancy-united-esports-champions-tour-vietnam-stage-3-challengers-2-main-event-ubqf,603,2021-07-22,4:00 PM
PACIFIC,25976,https://www.vlr.gg/25976/tiamat-vs-divisionx-gaming-champions-tour-vietnam-stage-3-challengers-2-main-event-ubqf,603,2021-07-22,6:00 PM
PACIFIC,25977,https://www.vlr.gg/25977/fearus-vs-kantic-gaming-champions-tour-vietnam-stage-3-challengers-2-main-event-ubqf,603,2021-07-22,7:30 PM
PACIFIC,25978,https://www.vlr.gg/25978/ego-vs-cerberus-esports-champions-tour-vietnam-stage-3-challengers-2-main-event-ubqf,603,2021-07-22,9:30 PM
PACIFIC,25983,https://www.vlr.gg/25983/yamagan-vs-tiamat-champions-tour-vietnam-stage-3-challengers-2-main-event-lr1,603,2021-07-23,4:00 PM
PACIFIC,25984,https://www.vlr.gg/25984/fearus-vs-ego-champions-tour-vietnam-stage-3-challengers-2-main-event-lr1,603,2021-07-23,6:00 PM
PACIFIC,25979,https://www.vlr.gg/25979/fancy-united-esports-vs-divisionx-gaming-champions-tour-vietnam-stage-3-challengers-2-main-event,603,2021-07-23,8:15 PM
PACIFIC,25980,https://www.vlr.gg/25980/kantic-gaming-vs-cerberus-esports-champions-tour-vietnam-stage-3-challengers-2-main-event-ubsf,603,2021-07-23,11:00 PM
PACIFIC,25986,https://www.vlr.gg/25986/divisionx-gaming-vs-ego-champions-tour-vietnam-stage-3-challengers-2-main-event-lr2,603,2021-07-24,4:00 PM
PACIFIC,25985,https://www.vlr.gg/25985/kantic-gaming-vs-yamagan-champions-tour-vietnam-stage-3-challengers-2-main-event-lr2,603,2021-07-24,6:45 PM
PACIFIC,25981,https://www.vlr.gg/25981/fancy-united-esports-vs-cerberus-esports-champions-tour-vietnam-stage-3-challengers-2-main-event,603,2021-07-24,8:00 PM
PACIFIC,25987,https://www.vlr.gg/25987/yamagan-vs-divisionx-gaming-champions-tour-vietnam-stage-3-challengers-2-main-event-lr3,603,2021-07-25,12:30 AM
PACIFIC,25988,https://www.vlr.gg/25988/cerberus-esports-vs-divisionx-gaming-champions-tour-vietnam-stage-3-challengers-2-main-event-lbf,603,2021-07-25,7:00 PM
PACIFIC,25982,https://www.vlr.gg/25982/fancy-united-esports-vs-cerberus-esports-champions-tour-vietnam-stage-3-challengers-2-main-event,603,2021-07-25,9:40 PM
PACIFIC,27317,https://www.vlr.gg/27317/ace1-vs-hexad-champions-tour-japan-stage-3-challengers-2-group-b,539,2021-07-17,10:30 AM
PACIFIC,27319,https://www.vlr.gg/27319/creatives-vs-brace-lam-champions-tour-japan-stage-3-challengers-2-group-b,539,2021-07-17,10:30 AM
PACIFIC,27332,https://www.vlr.gg/27332/narrative-vs-nexus-champions-tour-japan-stage-3-challengers-2-group-a,539,2021-07-17,10:30 AM
PACIFIC,27334,https://www.vlr.gg/27334/run-it-back-vs-insomnia-champions-tour-japan-stage-3-challengers-2-group-a,539,2021-07-17,10:30 AM
PACIFIC,27342,https://www.vlr.gg/27342/defect-vs-fennel-champions-tour-japan-stage-3-challengers-2-group-c,539,2021-07-17,10:30 AM
PACIFIC,27346,https://www.vlr.gg/27346/flexible-vs-no-country-champions-tour-japan-stage-3-challengers-2-group-c,539,2021-07-17,10:30 AM
PACIFIC,27351,https://www.vlr.gg/27351/akihabara-encount-vs-fav-gaming-champions-tour-japan-stage-3-challengers-2-group-d,539,2021-07-17,10:30 AM
PACIFIC,27356,https://www.vlr.gg/27356/new-team-vs-rebellion-arts-champions-tour-japan-stage-3-challengers-2-group-d,539,2021-07-17,10:30 AM
PACIFIC,27376,https://www.vlr.gg/27376/cnci-blue-bees-vs-first-gaming-champions-tour-japan-stage-3-challengers-2-group-f,539,2021-07-17,10:30 AM
PACIFIC,27381,https://www.vlr.gg/27381/lv10-vs-servelal-e-sports-champions-tour-japan-stage-3-challengers-2-group-f,539,2021-07-17,10:30 AM
PACIFIC,27385,https://www.vlr.gg/27385/atsumatte-mita-vs-chimimouryou-champions-tour-japan-stage-3-challengers-2-group-f,539,2021-07-17,10:30 AM
PACIFIC,27391,https://www.vlr.gg/27391/feeling-vs-neoaimer-champions-tour-japan-stage-3-challengers-2-group-g,539,2021-07-17,10:30 AM
PACIFIC,27395,https://www.vlr.gg/27395/no-name-vs-the-shables-champions-tour-japan-stage-3-challengers-2-group-g,539,2021-07-17,10:30 AM
PACIFIC,27399,https://www.vlr.gg/27399/click-five-vs-scarz-champions-tour-japan-stage-3-challengers-2-group-h,539,2021-07-17,10:30 AM
PACIFIC,27348,https://www.vlr.gg/27348/nori-nori-yoshinori-vs-no-country-champions-tour-japan-stage-3-challengers-2-group-c,539,2021-07-17,11:30 AM
PACIFIC,27330,https://www.vlr.gg/27330/narrative-vs-run-it-back-champions-tour-japan-stage-3-challengers-2-group-a,539,2021-07-17,11:45 AM
PACIFIC,27345,https://www.vlr.gg/27345/flexible-vs-fennel-champions-tour-japan-stage-3-challengers-2-group-c,539,2021-07-17,11:45 AM
PACIFIC,27349,https://www.vlr.gg/27349/akihabara-encount-vs-new-team-champions-tour-japan-stage-3-challengers-2-group-d,539,2021-07-17,11:45 AM
PACIFIC,27358,https://www.vlr.gg/27358/schwarzerland-vs-fav-gaming-champions-tour-japan-stage-3-challengers-2-group-d,539,2021-07-17,11:45 AM
PACIFIC,27367,https://www.vlr.gg/27367/ctg-ibushigin-vs-reject-champions-tour-japan-stage-3-challengers-2-group-e,539,2021-07-17,11:45 AM
PACIFIC,27383,https://www.vlr.gg/27383/atsumatte-mita-vs-first-gaming-champions-tour-japan-stage-3-challengers-2-group-f,539,2021-07-17,11:45 AM
PACIFIC,27388,https://www.vlr.gg/27388/servelal-e-sports-vs-chimimouryou-champions-tour-japan-stage-3-challengers-2-group-f,539,2021-07-17,11:45 AM
PACIFIC,27389,https://www.vlr.gg/27389/feeling-vs-no-name-champions-tour-japan-stage-3-challengers-2-group-g,539,2021-07-17,11:45 AM
PACIFIC,27397,https://www.vlr.gg/27397/shimada-family-vs-the-shables-champions-tour-japan-stage-3-challengers-2-group-g,539,2021-07-17,11:45 AM
PACIFIC,27411,https://www.vlr.gg/27411/shikoukouketsu-vs-updraft-champions-tour-japan-stage-3-challengers-2-group-h,539,2021-07-17,11:45 AM
PACIFIC,27180,https://www.vlr.gg/27180/brace-lam-vs-hexad-champions-tour-japan-stage-3-challengers-2-group-b,539,2021-07-17,11:50 AM
PACIFIC,27318,https://www.vlr.gg/27318/creatives-vs-orb-garden-gaming-mut-champions-tour-japan-stage-3-challengers-2-group-b,539,2021-07-17,11:50 AM
PACIFIC,27328,https://www.vlr.gg/27328/break-7-vs-nexus-champions-tour-japan-stage-3-challengers-2-group-a,539,2021-07-17,11:50 AM
PACIFIC,27374,https://www.vlr.gg/27374/cnci-blue-bees-vs-lv10-champions-tour-japan-stage-3-challengers-2-group-f,539,2021-07-17,11:50 AM
PACIFIC,27371,https://www.vlr.gg/27371/geko-geko-vs-dandelion-champions-tour-japan-stage-3-challengers-2-group-e,539,2021-07-17,12:00 PM
PACIFIC,27315,https://www.vlr.gg/27315/ace1-vs-orb-garden-gaming-mut-champions-tour-japan-stage-3-challengers-2-group-b,539,2021-07-17,12:55 PM
PACIFIC,27327,https://www.vlr.gg/27327/break-7-vs-insomnia-champions-tour-japan-stage-3-challengers-2-group-a,539,2021-07-17,12:55 PM
PACIFIC,27335,https://www.vlr.gg/27335/run-it-back-vs-nexus-champions-tour-japan-stage-3-challengers-2-group-a,539,2021-07-17,12:55 PM
PACIFIC,27341,https://www.vlr.gg/27341/defect-vs-nori-nori-yoshinori-champions-tour-japan-stage-3-challengers-2-group-c,539,2021-07-17,12:55 PM
PACIFIC,27352,https://www.vlr.gg/27352/akihabara-encount-vs-rebellion-arts-champions-tour-japan-stage-3-challengers-2-group-d,539,2021-07-17,12:55 PM
PACIFIC,27354,https://www.vlr.gg/27354/new-team-vs-schwarzerland-champions-tour-japan-stage-3-challengers-2-group-d,539,2021-07-17,12:55 PM
PACIFIC,27365,https://www.vlr.gg/27365/ctg-ibushigin-vs-geko-geko-champions-tour-japan-stage-3-challengers-2-group-e,539,2021-07-17,12:55 PM
PACIFIC,27372,https://www.vlr.gg/27372/dandelion-vs-reject-champions-tour-japan-stage-3-challengers-2-group-e,539,2021-07-17,12:55 PM
PACIFIC,27377,https://www.vlr.gg/27377/cnci-blue-bees-vs-servelal-e-sports-champions-tour-japan-stage-3-challengers-2-group-f,539,2021-07-17,12:55 PM
PACIFIC,27379,https://www.vlr.gg/27379/lv10-vs-atsumatte-mita-champions-tour-japan-stage-3-challengers-2-group-f,539,2021-07-17,12:55 PM
PACIFIC,27387,https://www.vlr.gg/27387/first-gaming-vs-chimimouryou-champions-tour-japan-stage-3-challengers-2-group-f,539,2021-07-17,12:55 PM
PACIFIC,27392,https://www.vlr.gg/27392/feeling-vs-the-shables-champions-tour-japan-stage-3-challengers-2-group-g,539,2021-07-17,12:55 PM
PACIFIC,27396,https://www.vlr.gg/27396/shimada-family-vs-neoaimer-champions-tour-japan-stage-3-challengers-2-group-g,539,2021-07-17,12:55 PM
PACIFIC,27403,https://www.vlr.gg/27403/click-five-vs-shikoukouketsu-champions-tour-japan-stage-3-challengers-2-group-h,539,2021-07-17,12:55 PM
PACIFIC,27181,https://www.vlr.gg/27181/fennel-vs-no-country-champions-tour-japan-stage-3-challengers-2-group-c,539,2021-07-17,1:00 PM
PACIFIC,27406,https://www.vlr.gg/27406/scarz-vs-updraft-champions-tour-japan-stage-3-challengers-2-group-h,539,2021-07-17,1:00 PM
PACIFIC,27320,https://www.vlr.gg/27320/creatives-vs-hexad-champions-tour-japan-stage-3-challengers-2-group-b,539,2021-07-17,1:05 PM
PACIFIC,27182,https://www.vlr.gg/27182/reject-vs-geko-geko-champions-tour-japan-stage-3-challengers-2-group-e,539,2021-07-17,2:10 PM
PACIFIC,27316,https://www.vlr.gg/27316/ace1-vs-brace-lam-champions-tour-japan-stage-3-challengers-2-group-b,539,2021-07-17,2:10 PM
PACIFIC,27322,https://www.vlr.gg/27322/hexad-vs-orb-garden-gaming-mut-champions-tour-japan-stage-3-challengers-2-group-b,539,2021-07-17,2:10 PM
PACIFIC,27326,https://www.vlr.gg/27326/break-7-vs-run-it-back-champions-tour-japan-stage-3-challengers-2-group-a,539,2021-07-17,2:10 PM
PACIFIC,27331,https://www.vlr.gg/27331/narrative-vs-insomnia-champions-tour-japan-stage-3-challengers-2-group-a,539,2021-07-17,2:10 PM
PACIFIC,27340,https://www.vlr.gg/27340/defect-vs-flexible-champions-tour-japan-stage-3-challengers-2-group-c,539,2021-07-17,2:10 PM
PACIFIC,27347,https://www.vlr.gg/27347/nori-nori-yoshinori-vs-fennel-champions-tour-japan-stage-3-challengers-2-group-c,539,2021-07-17,2:10 PM
PACIFIC,27350,https://www.vlr.gg/27350/akihabara-encount-vs-schwarzerland-champions-tour-japan-stage-3-challengers-2-group-d,539,2021-07-17,2:10 PM
PACIFIC,27361,https://www.vlr.gg/27361/fav-gaming-vs-rebellion-arts-champions-tour-japan-stage-3-challengers-2-group-d,539,2021-07-17,2:10 PM
PACIFIC,27366,https://www.vlr.gg/27366/ctg-ibushigin-vs-dandelion-champions-tour-japan-stage-3-challengers-2-group-e,539,2021-07-17,2:10 PM
PACIFIC,27375,https://www.vlr.gg/27375/cnci-blue-bees-vs-atsumatte-mita-champions-tour-japan-stage-3-challengers-2-group-f,539,2021-07-17,2:10 PM
PACIFIC,27382,https://www.vlr.gg/27382/lv10-vs-chimimouryou-champions-tour-japan-stage-3-challengers-2-group-f,539,2021-07-17,2:10 PM
PACIFIC,27386,https://www.vlr.gg/27386/first-gaming-vs-servelal-e-sports-champions-tour-japan-stage-3-challengers-2-group-f,539,2021-07-17,2:10 PM
PACIFIC,27390,https://www.vlr.gg/27390/feeling-vs-shimada-family-champions-tour-japan-stage-3-challengers-2-group-g,539,2021-07-17,2:10 PM
PACIFIC,27394,https://www.vlr.gg/27394/no-name-vs-neoaimer-champions-tour-japan-stage-3-challengers-2-group-g,539,2021-07-17,2:10 PM
PACIFIC,27402,https://www.vlr.gg/27402/click-five-vs-updraft-champions-tour-japan-stage-3-challengers-2-group-h,539,2021-07-17,2:10 PM
PACIFIC,27183,https://www.vlr.gg/27183/scarz-vs-shikoukouketsu-champions-tour-japan-stage-3-challengers-2-group-h,539,2021-07-17,3:20 PM
PACIFIC,27314,https://www.vlr.gg/27314/ace1-vs-creatives-champions-tour-japan-stage-3-challengers-2-group-b,539,2021-07-17,3:20 PM
PACIFIC,27321,https://www.vlr.gg/27321/orb-garden-gaming-mut-vs-brace-lam-champions-tour-japan-stage-3-challengers-2-group-b,539,2021-07-17,3:20 PM
PACIFIC,27325,https://www.vlr.gg/27325/break-7-vs-narrative-champions-tour-japan-stage-3-challengers-2-group-a,539,2021-07-17,3:20 PM
PACIFIC,27337,https://www.vlr.gg/27337/insomnia-vs-nexus-champions-tour-japan-stage-3-challengers-2-group-a,539,2021-07-17,3:20 PM
PACIFIC,27343,https://www.vlr.gg/27343/defect-vs-no-country-champions-tour-japan-stage-3-challengers-2-group-c,539,2021-07-17,3:20 PM
PACIFIC,27344,https://www.vlr.gg/27344/flexible-vs-nori-nori-yoshinori-champions-tour-japan-stage-3-challengers-2-group-c,539,2021-07-17,3:20 PM
PACIFIC,27355,https://www.vlr.gg/27355/new-team-vs-fav-gaming-champions-tour-japan-stage-3-challengers-2-group-d,539,2021-07-17,3:20 PM
PACIFIC,27359,https://www.vlr.gg/27359/schwarzerland-vs-rebellion-arts-champions-tour-japan-stage-3-challengers-2-group-d,539,2021-07-17,3:20 PM
PACIFIC,27378,https://www.vlr.gg/27378/cnci-blue-bees-vs-chimimouryou-champions-tour-japan-stage-3-challengers-2-group-f,539,2021-07-17,3:20 PM
PACIFIC,27380,https://www.vlr.gg/27380/lv10-vs-first-gaming-champions-tour-japan-stage-3-challengers-2-group-f,539,2021-07-17,3:20 PM
PACIFIC,27384,https://www.vlr.gg/27384/atsumatte-mita-vs-servelal-e-sports-champions-tour-japan-stage-3-challengers-2-group-f,539,2021-07-17,3:20 PM
PACIFIC,27393,https://www.vlr.gg/27393/no-name-vs-shimada-family-champions-tour-japan-stage-3-challengers-2-group-g,539,2021-07-17,3:20 PM
PACIFIC,27398,https://www.vlr.gg/27398/neoaimer-vs-the-shables-champions-tour-japan-stage-3-challengers-2-group-g,539,2021-07-17,3:20 PM
PACIFIC,27184,https://www.vlr.gg/27184/insomnia-vs-hexad-champions-tour-japan-stage-3-challengers-2-ro8,539,2021-07-17,4:30 PM
PACIFIC,27185,https://www.vlr.gg/27185/fennel-vs-fav-gaming-champions-tour-japan-stage-3-challengers-2-ro8,539,2021-07-17,6:00 PM
PACIFIC,27186,https://www.vlr.gg/27186/reject-vs-first-gaming-champions-tour-japan-stage-3-challengers-2-ro8,539,2021-07-17,7:15 PM
PACIFIC,27187,https://www.vlr.gg/27187/feeling-vs-scarz-champions-tour-japan-stage-3-challengers-2-ro8,539,2021-07-17,8:15 PM
PACIFIC,28718,https://www.vlr.gg/28718/icicle-conflict-vs-feeling-champions-tour-japan-stage-3-challengers-2-group-a,539,2021-07-22,9:00 AM
PACIFIC,28719,https://www.vlr.gg/28719/fennel-vs-gaming-team-selector-champions-tour-japan-stage-3-challengers-2-group-a,539,2021-07-22,11:10 AM
PACIFIC,28720,https://www.vlr.gg/28720/icicle-conflict-vs-fennel-champions-tour-japan-stage-3-challengers-2-group-a,539,2021-07-22,1:05 PM
PACIFIC,28721,https://www.vlr.gg/28721/feeling-vs-gaming-team-selector-champions-tour-japan-stage-3-challengers-2-group-a,539,2021-07-22,3:00 PM
PACIFIC,28722,https://www.vlr.gg/28722/icicle-conflict-vs-gaming-team-selector-champions-tour-japan-stage-3-challengers-2-group-a,539,2021-07-22,5:05 PM
PACIFIC,28723,https://www.vlr.gg/28723/feeling-vs-fennel-champions-tour-japan-stage-3-challengers-2-group-a,539,2021-07-22,7:00 PM
PACIFIC,28724,https://www.vlr.gg/28724/setouchi-enlife-vs-reject-champions-tour-japan-stage-3-challengers-2-group-b,539,2021-07-23,9:00 AM
PACIFIC,28725,https://www.vlr.gg/28725/storks-phalanx-vs-insomnia-champions-tour-japan-stage-3-challengers-2-group-b,539,2021-07-23,11:00 AM
PACIFIC,28726,https://www.vlr.gg/28726/setouchi-enlife-vs-storks-phalanx-champions-tour-japan-stage-3-challengers-2-group-b,539,2021-07-23,1:00 PM
PACIFIC,28727,https://www.vlr.gg/28727/reject-vs-insomnia-champions-tour-japan-stage-3-challengers-2-group-b,539,2021-07-23,3:00 PM
PACIFIC,28728,https://www.vlr.gg/28728/setouchi-enlife-vs-insomnia-champions-tour-japan-stage-3-challengers-2-group-b,539,2021-07-23,5:25 PM
PACIFIC,28729,https://www.vlr.gg/28729/reject-vs-storks-phalanx-champions-tour-japan-stage-3-challengers-2-group-b,539,2021-07-23,7:25 PM
PACIFIC,24074,https://www.vlr.gg/24074/noir-vs-scaroos-champions-tour-indonesia-stage-3-challengers-1-qualifier-ro64,555,2021-07-02,1:30 PM
PACIFIC,24075,https://www.vlr.gg/24075/fishers-esports-vs-higan-champions-tour-indonesia-stage-3-challengers-1-qualifier-ro64,555,2021-07-02,1:30 PM
PACIFIC,24076,https://www.vlr.gg/24076/somnium-esports-vs-howl-esport-champions-tour-indonesia-stage-3-challengers-1-qualifier-ro64,555,2021-07-02,1:30 PM
PACIFIC,24077,https://www.vlr.gg/24077/force-evolution-vs-firecrest-champions-tour-indonesia-stage-3-challengers-1-qualifier-ro64,555,2021-07-02,1:30 PM
PACIFIC,24078,https://www.vlr.gg/24078/orbit-vs-aing-maung-esports-champions-tour-indonesia-stage-3-challengers-1-qualifier-ro64,555,2021-07-02,1:30 PM
PACIFIC,24079,https://www.vlr.gg/24079/rex-regum-qeon-vs-roisseur-champions-tour-indonesia-stage-3-challengers-1-qualifier-ro64,555,2021-07-02,1:30 PM
PACIFIC,24080,https://www.vlr.gg/24080/yang-terxakiti-vs-victoriousid-champions-tour-indonesia-stage-3-challengers-1-qualifier-ro64,555,2021-07-02,1:30 PM
PACIFIC,24081,https://www.vlr.gg/24081/xterminate-vs-voin-drip-champions-tour-indonesia-stage-3-challengers-1-qualifier-ro64,555,2021-07-02,1:30 PM
PACIFIC,24082,https://www.vlr.gg/24082/monochrome-esport-vs-hero-zero-champions-tour-indonesia-stage-3-challengers-1-qualifier-ro64,555,2021-07-02,1:30 PM
PACIFIC,24083,https://www.vlr.gg/24083/proxymine-vs-syntax-champions-tour-indonesia-stage-3-challengers-1-qualifier-ro64,555,2021-07-02,1:30 PM
PACIFIC,24084,https://www.vlr.gg/24084/team-nfa-vs-cynical-champions-tour-indonesia-stage-3-challengers-1-qualifier-ro64,555,2021-07-02,1:30 PM
PACIFIC,24085,https://www.vlr.gg/24085/gbh-esports-vs-kara-champions-tour-indonesia-stage-3-challengers-1-qualifier-ro64,555,2021-07-02,1:30 PM
PACIFIC,24086,https://www.vlr.gg/24086/mpc-vs-dewa-united-champions-tour-indonesia-stage-3-challengers-1-qualifier-ro64,555,2021-07-02,1:30 PM
PACIFIC,24087,https://www.vlr.gg/24087/altitude-vs-pwyh-champions-tour-indonesia-stage-3-challengers-1-qualifier-ro64,555,2021-07-02,1:30 PM
PACIFIC,24088,https://www.vlr.gg/24088/mencari-tempat-berlabuh-vs-gob-404-not-found-champions-tour-indonesia-stage-3-challengers-1-qual,555,2021-07-02,1:30 PM
PACIFIC,24089,https://www.vlr.gg/24089/vendetta-vs-nongkrong-kilat-champions-tour-indonesia-stage-3-challengers-1-qualifier-ro64,555,2021-07-02,1:30 PM
PACIFIC,24090,https://www.vlr.gg/24090/recca-project-vs-invicta-champions-tour-indonesia-stage-3-challengers-1-qualifier-ro64,555,2021-07-02,1:30 PM
PACIFIC,24091,https://www.vlr.gg/24091/s-one-vs-team-phenix-champions-tour-indonesia-stage-3-challengers-1-qualifier-ro64,555,2021-07-02,1:30 PM
PACIFIC,24092,https://www.vlr.gg/24092/young-id-vs-missing-piece-champions-tour-indonesia-stage-3-challengers-1-qualifier-ro64,555,2021-07-02,1:30 PM
PACIFIC,24093,https://www.vlr.gg/24093/thieves-of-hours-vs-t-a-s-champions-tour-indonesia-stage-3-challengers-1-qualifier-ro64,555,2021-07-02,1:30 PM
PACIFIC,24616,https://www.vlr.gg/24616/alter-ego-vs-scaroos-champions-tour-indonesia-stage-3-challengers-1-qualifier-ro32,555,2021-07-02,4:30 PM
PACIFIC,24617,https://www.vlr.gg/24617/fishers-esports-vs-somnium-esports-champions-tour-indonesia-stage-3-challengers-1-qualifier-ro3,555,2021-07-02,4:30 PM
PACIFIC,24618,https://www.vlr.gg/24618/way-esports-vs-force-evolution-champions-tour-indonesia-stage-3-challengers-1-qualifier-ro32,555,2021-07-02,4:30 PM
PACIFIC,24619,https://www.vlr.gg/24619/bye-vs-orbit-champions-tour-indonesia-stage-3-challengers-1-qualifier-ro32,555,2021-07-02,4:30 PM
PACIFIC,24620,https://www.vlr.gg/24620/xcn-gaming-vs-rex-regum-qeon-champions-tour-indonesia-stage-3-challengers-1-qualifier-ro32,555,2021-07-02,4:30 PM
PACIFIC,24621,https://www.vlr.gg/24621/yang-terxakiti-vs-voin-drip-champions-tour-indonesia-stage-3-challengers-1-qualifier-ro32,555,2021-07-02,4:30 PM
PACIFIC,24622,https://www.vlr.gg/24622/onic-esports-vs-hero-zero-champions-tour-indonesia-stage-3-challengers-1-qualifier-ro32,555,2021-07-02,4:30 PM
PACIFIC,24623,https://www.vlr.gg/24623/diffixone-vs-syntax-champions-tour-indonesia-stage-3-challengers-1-qualifier-ro32,555,2021-07-02,4:30 PM
PACIFIC,24624,https://www.vlr.gg/24624/bigetron-astro-vs-cynical-champions-tour-indonesia-stage-3-challengers-1-qualifier-ro32,555,2021-07-02,4:30 PM
PACIFIC,24625,https://www.vlr.gg/24625/kara-vs-dewa-united-champions-tour-indonesia-stage-3-challengers-1-qualifier-ro32,555,2021-07-02,4:30 PM
PACIFIC,24626,https://www.vlr.gg/24626/kingslayers-vs-altitude-champions-tour-indonesia-stage-3-challengers-1-qualifier-ro32,555,2021-07-02,4:30 PM
PACIFIC,24627,https://www.vlr.gg/24627/the-mafias-eaid-vs-mencari-tempat-berlabuh-champions-tour-indonesia-stage-3-challengers-1-qualif,555,2021-07-02,4:30 PM
PACIFIC,24628,https://www.vlr.gg/24628/morph-impact-vs-nongkrong-kilat-champions-tour-indonesia-stage-3-challengers-1-qualifier-ro32,555,2021-07-02,4:30 PM
PACIFIC,24629,https://www.vlr.gg/24629/recca-project-vs-team-phenix-champions-tour-indonesia-stage-3-challengers-1-qualifier-ro32,555,2021-07-02,4:30 PM
PACIFIC,24630,https://www.vlr.gg/24630/vvv-vs-young-id-champions-tour-indonesia-stage-3-challengers-1-qualifier-ro32,555,2021-07-02,4:30 PM
PACIFIC,24631,https://www.vlr.gg/24631/tokyo-vs-t-a-s-champions-tour-indonesia-stage-3-challengers-1-qualifier-ro32,555,2021-07-02,4:30 PM
PACIFIC,24637,https://www.vlr.gg/24637/scaroos-vs-somnium-esports-champions-tour-indonesia-stage-3-challengers-1-qualifier-round-of-16,555,2021-07-03,11:00 AM
PACIFIC,24638,https://www.vlr.gg/24638/way-esports-vs-orbit-champions-tour-indonesia-stage-3-challengers-1-qualifier-round-of-16,555,2021-07-03,11:00 AM
PACIFIC,24639,https://www.vlr.gg/24639/xcn-gaming-vs-voin-drip-champions-tour-indonesia-stage-3-challengers-1-qualifier-round-of-16,555,2021-07-03,11:00 AM
PACIFIC,24640,https://www.vlr.gg/24640/onic-esports-vs-syntax-champions-tour-indonesia-stage-3-challengers-1-qualifier-round-of-16,555,2021-07-03,11:00 AM
PACIFIC,24641,https://www.vlr.gg/24641/bigetron-astro-vs-dewa-united-champions-tour-indonesia-stage-3-challengers-1-qualifier-round-of,555,2021-07-03,1:30 PM
PACIFIC,24642,https://www.vlr.gg/24642/kingslayers-vs-mencari-tempat-berlabuh-champions-tour-indonesia-stage-3-challengers-1-qualifier,555,2021-07-03,1:30 PM
PACIFIC,24643,https://www.vlr.gg/24643/morph-impact-vs-recca-project-champions-tour-indonesia-stage-3-challengers-1-qualifier-round-of,555,2021-07-03,1:30 PM
PACIFIC,24644,https://www.vlr.gg/24644/vvv-vs-tokyo-champions-tour-indonesia-stage-3-challengers-1-qualifier-round-of-16,555,2021-07-03,1:30 PM
PACIFIC,24915,https://www.vlr.gg/24915/somnium-esports-vs-way-esports-champions-tour-indonesia-stage-3-challengers-1-qualifier-qf,555,2021-07-04,11:00 AM
PACIFIC,24916,https://www.vlr.gg/24916/xcn-gaming-vs-onic-esports-champions-tour-indonesia-stage-3-challengers-1-qualifier-qf,555,2021-07-04,11:00 AM
PACIFIC,24917,https://www.vlr.gg/24917/bigetron-astro-vs-mencari-tempat-berlabuh-champions-tour-indonesia-stage-3-challengers-1-qualifi,555,2021-07-04,11:00 AM
PACIFIC,24918,https://www.vlr.gg/24918/morph-impact-vs-vvv-champions-tour-indonesia-stage-3-challengers-1-qualifier-qf,555,2021-07-04,11:00 AM
PACIFIC,25235,https://www.vlr.gg/25235/way-esports-vs-onic-esports-champions-tour-indonesia-stage-3-challengers-1-qualifier-extra-sf,555,2021-07-04,1:30 PM
PACIFIC,25236,https://www.vlr.gg/25236/mencari-tempat-berlabuh-vs-vvv-champions-tour-indonesia-stage-3-challengers-1-qualifier-extra-sf,555,2021-07-04,1:30 PM
PACIFIC,25261,https://www.vlr.gg/25261/way-esports-vs-vvv-champions-tour-indonesia-stage-3-challengers-1-qualifier-7th-seed-match,555,2021-07-04,4:00 PM
PACIFIC,25491,https://www.vlr.gg/25491/boom-esports-vs-somnium-esports-champions-tour-indonesia-stage-3-challengers-1-main-event-qf,555,2021-07-09,2:00 PM
PACIFIC,25492,https://www.vlr.gg/25492/team-executioners-vs-onic-esports-champions-tour-indonesia-stage-3-challengers-1-main-event-qf,555,2021-07-09,5:00 PM
PACIFIC,25493,https://www.vlr.gg/25493/bigetron-astro-vs-mencari-tempat-berlabuh-champions-tour-indonesia-stage-3-challengers-1-main-ev,555,2021-07-09,7:15 PM
PACIFIC,25494,https://www.vlr.gg/25494/morph-impact-vs-vvv-champions-tour-indonesia-stage-3-challengers-1-main-event-qf,555,2021-07-10,2:00 PM
PACIFIC,26026,https://www.vlr.gg/26026/boom-esports-vs-onic-esports-champions-tour-indonesia-stage-3-challengers-1-main-event-sf,555,2021-07-10,4:40 PM
PACIFIC,26027,https://www.vlr.gg/26027/bigetron-astro-vs-morph-impact-champions-tour-indonesia-stage-3-challengers-1-main-event-sf,555,2021-07-10,8:10 PM
PACIFIC,25497,https://www.vlr.gg/25497/boom-esports-vs-morph-impact-champions-tour-indonesia-stage-3-challengers-1-main-event-cf,555,2021-07-11,1:30 PM
PACIFIC,26028,https://www.vlr.gg/26028/onic-esports-vs-bigetron-astro-champions-tour-indonesia-stage-3-challengers-1-main-event-gf,555,2021-07-11,4:00 PM
PACIFIC,24597,https://www.vlr.gg/24597/innocent-cats-gaming-vs-steal-your-glory-champions-tour-vietnam-stage-3-challengers-1-qualifiers,600,2021-07-02,7:00 PM
PACIFIC,24598,https://www.vlr.gg/24598/damianos-esport-vs-easy-esports-champions-tour-vietnam-stage-3-challengers-1-qualifiers-round-of,600,2021-07-02,7:00 PM
PACIFIC,24599,https://www.vlr.gg/24599/trinity-five-vs-meloner-champions-tour-vietnam-stage-3-challengers-1-qualifiers-round-of-32,600,2021-07-02,7:00 PM
PACIFIC,24600,https://www.vlr.gg/24600/2k-esports-vs-shoot-for-fun-champions-tour-vietnam-stage-3-challengers-1-qualifiers-round-of-32,600,2021-07-02,7:00 PM
PACIFIC,24601,https://www.vlr.gg/24601/ego-media-vs-aimbot-champions-tour-vietnam-stage-3-challengers-1-qualifiers-round-of-32,600,2021-07-02,9:00 PM
PACIFIC,24602,https://www.vlr.gg/24602/dominus-vs-steal-your-glory-champions-tour-vietnam-stage-3-challengers-1-qualifiers-round-of-16,600,2021-07-03,3:00 PM
PACIFIC,24603,https://www.vlr.gg/24603/fancy-united-esports-vs-meogang-champions-tour-vietnam-stage-3-challengers-1-qualifiers-round-of,600,2021-07-03,3:00 PM
PACIFIC,24604,https://www.vlr.gg/24604/v-gaming-vs-easy-esports-champions-tour-vietnam-stage-3-challengers-1-qualifiers-round-of-16,600,2021-07-03,5:00 PM
PACIFIC,24605,https://www.vlr.gg/24605/divisionx-gaming-vs-trinity-five-champions-tour-vietnam-stage-3-challengers-1-qualifiers-round-o,600,2021-07-03,5:00 PM
PACIFIC,24606,https://www.vlr.gg/24606/ego-vs-2k-esports-champions-tour-vietnam-stage-3-challengers-1-qualifiers-round-of-16,600,2021-07-03,7:00 PM
PACIFIC,24607,https://www.vlr.gg/24607/tiamat-vs-eq-flash-champions-tour-vietnam-stage-3-challengers-1-qualifiers-round-of-16,600,2021-07-03,7:00 PM
PACIFIC,24608,https://www.vlr.gg/24608/akatsuki-vs-ego-media-champions-tour-vietnam-stage-3-challengers-1-qualifiers-round-of-16,600,2021-07-03,9:00 PM
PACIFIC,24609,https://www.vlr.gg/24609/kantic-gaming-vs-isellpower-champions-tour-vietnam-stage-3-challengers-1-qualifiers-round-of-16,600,2021-07-03,9:00 PM
PACIFIC,24610,https://www.vlr.gg/24610/steal-your-glory-vs-fancy-united-esports-champions-tour-vietnam-stage-3-challengers-1-qualifiers,600,2021-07-04,1:00 PM
PACIFIC,24611,https://www.vlr.gg/24611/v-gaming-vs-divisionx-gaming-champions-tour-vietnam-stage-3-challengers-1-qualifiers-qf,600,2021-07-04,3:00 PM
PACIFIC,24612,https://www.vlr.gg/24612/ego-vs-tiamat-champions-tour-vietnam-stage-3-challengers-1-qualifiers-qf,600,2021-07-04,5:00 PM
PACIFIC,24613,https://www.vlr.gg/24613/ego-media-vs-kantic-gaming-champions-tour-vietnam-stage-3-challengers-1-qualifiers-qf,600,2021-07-04,7:00 PM
PACIFIC,24614,https://www.vlr.gg/24614/fancy-united-esports-vs-v-gaming-champions-tour-vietnam-stage-3-challengers-1-qualifiers-last-ch,600,2021-07-04,9:00 PM
PACIFIC,24615,https://www.vlr.gg/24615/tiamat-vs-kantic-gaming-champions-tour-vietnam-stage-3-challengers-1-qualifiers-last-chance-qual,600,2021-07-04,11:00 PM
PACIFIC,25716,https://www.vlr.gg/25716/steal-your-glory-vs-fearus-champions-tour-vietnam-stage-3-challengers-1-main-event-ubqf,600,2021-07-09,1:00 PM
PACIFIC,25717,https://www.vlr.gg/25717/ego-media-vs-kantic-gaming-champions-tour-vietnam-stage-3-challengers-1-main-event-ubqf,600,2021-07-09,3:00 PM
PACIFIC,25718,https://www.vlr.gg/25718/cerberus-esports-vs-fancy-united-esports-champions-tour-vietnam-stage-3-challengers-1-main-event,600,2021-07-09,6:00 PM
PACIFIC,25719,https://www.vlr.gg/25719/divisionx-gaming-vs-ego-champions-tour-vietnam-stage-3-challengers-1-main-event-ubqf,600,2021-07-09,8:30 PM
PACIFIC,25720,https://www.vlr.gg/25720/fearus-vs-kantic-gaming-champions-tour-vietnam-stage-3-challengers-1-main-event-lbr1,600,2021-07-09,10:00 PM
PACIFIC,25729,https://www.vlr.gg/25729/fancy-united-esports-vs-ego-champions-tour-vietnam-stage-3-challengers-1-main-event-lbr1,600,2021-07-10,12:00 AM
PACIFIC,25722,https://www.vlr.gg/25722/steal-your-glory-vs-ego-media-champions-tour-vietnam-stage-3-challengers-1-main-event-ubsf,600,2021-07-10,1:00 PM
PACIFIC,25724,https://www.vlr.gg/25724/cerberus-esports-vs-divisionx-gaming-champions-tour-vietnam-stage-3-challengers-1-main-event-ubs,600,2021-07-10,3:00 PM
PACIFIC,25723,https://www.vlr.gg/25723/ego-media-vs-ego-champions-tour-vietnam-stage-3-challengers-1-main-event-lbr2,600,2021-07-10,5:00 PM
PACIFIC,25721,https://www.vlr.gg/25721/cerberus-esports-vs-fearus-champions-tour-vietnam-stage-3-challengers-1-main-event-lbr2,600,2021-07-10,7:00 PM
PACIFIC,25726,https://www.vlr.gg/25726/cerberus-esports-vs-ego-champions-tour-vietnam-stage-3-challengers-1-main-event-lbr3,600,2021-07-10,11:00 PM
PACIFIC,25725,https://www.vlr.gg/25725/steal-your-glory-vs-divisionx-gaming-champions-tour-vietnam-stage-3-challengers-1-main-event-ubf,600,2021-07-11,2:00 AM
PACIFIC,25727,https://www.vlr.gg/25727/divisionx-gaming-vs-cerberus-esports-champions-tour-vietnam-stage-3-challengers-1-main-event-lbf,600,2021-07-11,7:00 PM
PACIFIC,25728,https://www.vlr.gg/25728/steal-your-glory-vs-divisionx-gaming-champions-tour-vietnam-stage-3-challengers-1-main-event-gf,600,2021-07-11,9:00 PM
PACIFIC,24920,https://www.vlr.gg/24920/renatus-vs-z11-champions-tour-thailand-stage-3-challengers-1-qualifiers-upper-bracket-round-1,564,2021-07-03,4:00 PM
PACIFIC,24919,https://www.vlr.gg/24919/abovecloud-vs-intense-gaming-champions-tour-thailand-stage-3-challengers-1-qualifiers-upper-brac,564,2021-07-03,5:00 PM
PACIFIC,24921,https://www.vlr.gg/24921/foxy-araikordai-vs-exorcist-esc-champions-tour-thailand-stage-3-challengers-1-qualifiers-upper-b,564,2021-07-03,5:00 PM
PACIFIC,24922,https://www.vlr.gg/24922/firsttime-vs-whaan-whaan-esport-champions-tour-thailand-stage-3-challengers-1-qualifiers-upper-b,564,2021-07-03,5:00 PM
PACIFIC,24923,https://www.vlr.gg/24923/befriend-teamwork-vs-huatua-champions-tour-thailand-stage-3-challengers-1-qualifiers-upper-brack,564,2021-07-03,5:00 PM
PACIFIC,24924,https://www.vlr.gg/24924/genesis-vs-lynx-th-champions-tour-thailand-stage-3-challengers-1-qualifiers-upper-bracket-round,564,2021-07-03,5:00 PM
PACIFIC,24925,https://www.vlr.gg/24925/inferno-esports-vs-47-gaming-champions-tour-thailand-stage-3-challengers-1-qualifiers-upper-brac,564,2021-07-03,5:00 PM
PACIFIC,24926,https://www.vlr.gg/24926/sharper-esports-vs-jakkajee-champions-tour-thailand-stage-3-challengers-1-qualifiers-upper-brack,564,2021-07-03,5:00 PM
PACIFIC,24927,https://www.vlr.gg/24927/abovecloud-vs-renatus-champions-tour-thailand-stage-3-challengers-1-qualifiers-upper-bracket-rou,564,2021-07-04,12:00 PM
PACIFIC,24928,https://www.vlr.gg/24928/foxy-araikordai-vs-firsttime-champions-tour-thailand-stage-3-challengers-1-qualifiers-upper-brac,564,2021-07-04,12:00 PM
PACIFIC,24929,https://www.vlr.gg/24929/befriend-teamwork-vs-lynx-th-champions-tour-thailand-stage-3-challengers-1-qualifiers-upper-brac,564,2021-07-04,12:00 PM
PACIFIC,24930,https://www.vlr.gg/24930/47-gaming-vs-sharper-esports-champions-tour-thailand-stage-3-challengers-1-qualifiers-upper-brac,564,2021-07-04,12:00 PM
PACIFIC,24931,https://www.vlr.gg/24931/infinity-esports-vs-zercus-esports-champions-tour-thailand-stage-3-challengers-1-qualifiers-lowe,564,2021-07-04,12:00 PM
PACIFIC,24932,https://www.vlr.gg/24932/jakkajee-vs-need-sponsor-champions-tour-thailand-stage-3-challengers-1-qualifiers-lower-bracket,564,2021-07-04,12:00 PM
PACIFIC,24933,https://www.vlr.gg/24933/lumsum-vs-jg-jiang-champions-tour-thailand-stage-3-challengers-1-qualifiers-lower-bracket-round,564,2021-07-04,12:00 PM
PACIFIC,24934,https://www.vlr.gg/24934/vicez-vs-exorcist-esc-champions-tour-thailand-stage-3-challengers-1-qualifiers-lower-bracket-rou,564,2021-07-04,12:00 PM
PACIFIC,24935,https://www.vlr.gg/24935/firsttime-vs-infinity-esports-champions-tour-thailand-stage-3-challengers-1-qualifiers-lower-bra,564,2021-07-04,3:00 PM
PACIFIC,24936,https://www.vlr.gg/24936/abovecloud-vs-need-sponsor-champions-tour-thailand-stage-3-challengers-1-qualifiers-lower-bracke,564,2021-07-04,3:00 PM
PACIFIC,24937,https://www.vlr.gg/24937/sharper-esports-vs-lumsum-champions-tour-thailand-stage-3-challengers-1-qualifiers-lower-bracket,564,2021-07-04,3:00 PM
PACIFIC,24938,https://www.vlr.gg/24938/befriend-teamwork-vs-exorcist-esc-champions-tour-thailand-stage-3-challengers-1-qualifiers-lower,564,2021-07-04,3:00 PM
PACIFIC,24939,https://www.vlr.gg/24939/firsttime-vs-need-sponsor-champions-tour-thailand-stage-3-challengers-1-qualifiers-lower-bracket,564,2021-07-04,4:00 PM
PACIFIC,24940,https://www.vlr.gg/24940/sharper-esports-vs-exorcist-esc-champions-tour-thailand-stage-3-challengers-1-qualifiers-lower-b,564,2021-07-04,4:00 PM
PACIFIC,22583,https://www.vlr.gg/22583/x10-esports-vs-need-sponsor-champions-tour-thailand-stage-3-challengers-1-main-event-ubqf,564,2021-07-08,5:00 PM
PACIFIC,22584,https://www.vlr.gg/22584/lynx-th-vs-foxy-araikordai-champions-tour-thailand-stage-3-challengers-1-main-event-ubqf,564,2021-07-08,8:00 PM
PACIFIC,22585,https://www.vlr.gg/22585/x10-esports-vs-foxy-araikordai-champions-tour-thailand-stage-3-challengers-1-main-event-ubsf,564,2021-07-08,10:00 PM
PACIFIC,22586,https://www.vlr.gg/22586/renatus-vs-47-gaming-champions-tour-thailand-stage-3-challengers-1-main-event-ubqf,564,2021-07-09,5:00 PM
PACIFIC,22587,https://www.vlr.gg/22587/sharper-esports-vs-full-sense-champions-tour-thailand-stage-3-challengers-1-main-event-ubqf,564,2021-07-09,8:00 PM
PACIFIC,22588,https://www.vlr.gg/22588/renatus-vs-full-sense-champions-tour-thailand-stage-3-challengers-1-main-event-ubsf,564,2021-07-09,11:00 PM
PACIFIC,22589,https://www.vlr.gg/22589/need-sponsor-vs-lynx-th-champions-tour-thailand-stage-3-challengers-1-main-event-lbr1,564,2021-07-10,12:00 PM
PACIFIC,22590,https://www.vlr.gg/22590/47-gaming-vs-sharper-esports-champions-tour-thailand-stage-3-challengers-1-main-event-lbr1,564,2021-07-10,1:00 PM
PACIFIC,22591,https://www.vlr.gg/22591/renatus-vs-need-sponsor-champions-tour-thailand-stage-3-challengers-1-main-event-lbr2,564,2021-07-10,2:00 PM
PACIFIC,22592,https://www.vlr.gg/22592/x10-esports-vs-sharper-esports-champions-tour-thailand-stage-3-challengers-1-main-event-lbr2,564,2021-07-10,3:15 PM
PACIFIC,22593,https://www.vlr.gg/22593/foxy-araikordai-vs-full-sense-champions-tour-thailand-stage-3-challengers-1-main-event-ubf,564,2021-07-10,4:15 PM
PACIFIC,22594,https://www.vlr.gg/22594/need-sponsor-vs-x10-esports-champions-tour-thailand-stage-3-challengers-1-main-event-lbr3,564,2021-07-10,7:00 PM
PACIFIC,22595,https://www.vlr.gg/22595/foxy-araikordai-vs-x10-esports-champions-tour-thailand-stage-3-challengers-1-main-event-lbf,564,2021-07-11,3:00 PM
PACIFIC,22596,https://www.vlr.gg/22596/full-sense-vs-x10-esports-champions-tour-thailand-stage-3-challengers-1-main-event-gf,564,2021-07-11,5:45 PM
PACIFIC,24580,https://www.vlr.gg/24580/valkyrie-esports-vs-oasis-gaming-champions-tour-philippines-stage-3-challengers-1-qual-day-1-ro1,579,2021-07-02,2:00 PM
PACIFIC,24581,https://www.vlr.gg/24581/dr-esports-vs-asylum-of-killing-prodigies-champions-tour-philippines-stage-3-challengers-1-qual,579,2021-07-02,2:00 PM
PACIFIC,24582,https://www.vlr.gg/24582/adroit-vs-se-atlas-champions-tour-philippines-stage-3-challengers-1-qual-day-1-ro16,579,2021-07-02,2:00 PM
PACIFIC,24583,https://www.vlr.gg/24583/ad-infinitum-revitalize-vs-hashira-champions-tour-philippines-stage-3-challengers-1-qual-day-1-r,579,2021-07-02,2:00 PM
PACIFIC,24584,https://www.vlr.gg/24584/xyberium-vs-sr-kadiliman-champions-tour-philippines-stage-3-challengers-1-qual-day-1-ro16,579,2021-07-02,2:00 PM
PACIFIC,24585,https://www.vlr.gg/24585/lmc-esports-vs-galaxy-racer-champions-tour-philippines-stage-3-challengers-1-qual-day-1-ro16,579,2021-07-02,2:00 PM
PACIFIC,24586,https://www.vlr.gg/24586/ad-infinitum-imperium-vs-action-ph-champions-tour-philippines-stage-3-challengers-1-qual-day-1-r,579,2021-07-02,2:00 PM
PACIFIC,24587,https://www.vlr.gg/24587/rd-astra-luna-vs-strm-esports-champions-tour-philippines-stage-3-challengers-1-qual-day-1-ro16,579,2021-07-02,2:00 PM
PACIFIC,24589,https://www.vlr.gg/24589/oasis-gaming-vs-dr-esports-champions-tour-philippines-stage-3-challengers-1-qual-day-1-qf,579,2021-07-02,3:00 PM
PACIFIC,24590,https://www.vlr.gg/24590/se-atlas-vs-hashira-champions-tour-philippines-stage-3-challengers-1-qual-day-1-qf,579,2021-07-02,3:00 PM
PACIFIC,24591,https://www.vlr.gg/24591/sr-kadiliman-vs-galaxy-racer-champions-tour-philippines-stage-3-challengers-1-qual-day-1-qf,579,2021-07-02,3:00 PM
PACIFIC,24592,https://www.vlr.gg/24592/action-ph-vs-rd-astra-luna-champions-tour-philippines-stage-3-challengers-1-qual-day-1-qf,579,2021-07-02,3:00 PM
PACIFIC,24635,https://www.vlr.gg/24635/oasis-gaming-vs-se-atlas-champions-tour-philippines-stage-3-challengers-1-qual-day-1-semifinals,579,2021-07-02,4:00 PM
PACIFIC,24636,https://www.vlr.gg/24636/galaxy-racer-vs-action-ph-champions-tour-philippines-stage-3-challengers-1-qual-day-1-semifinals,579,2021-07-02,4:00 PM
PACIFIC,24884,https://www.vlr.gg/24884/rd-astra-luna-vs-adroit-champions-tour-philippines-stage-3-challengers-1-qualifier-day-2-round-o,579,2021-07-03,2:00 PM
PACIFIC,24885,https://www.vlr.gg/24885/action-ph-vs-south-built-esports-champions-tour-philippines-stage-3-challengers-1-qualifier-day,579,2021-07-03,2:00 PM
PACIFIC,24886,https://www.vlr.gg/24886/dr-esports-vs-oasis-gaming-champions-tour-philippines-stage-3-challengers-1-qualifier-day-2-roun,579,2021-07-03,2:00 PM
PACIFIC,24887,https://www.vlr.gg/24887/ad-infinitum-imperium-vs-lmc-esports-champions-tour-philippines-stage-3-challengers-1-qualifier,579,2021-07-03,2:00 PM
PACIFIC,24888,https://www.vlr.gg/24888/sv-empire-vs-valkyrie-esports-champions-tour-philippines-stage-3-challengers-1-qualifier-day-2-r,579,2021-07-03,2:00 PM
PACIFIC,24889,https://www.vlr.gg/24889/teletigers-sol-vs-cerulean-sentinel-esports-black-champions-tour-philippines-stage-3-challengers,579,2021-07-03,2:00 PM
PACIFIC,24890,https://www.vlr.gg/24890/alpha-esports-pro-vs-shikashi-esports-champions-tour-philippines-stage-3-challengers-1-qualifier,579,2021-07-03,2:00 PM
PACIFIC,24891,https://www.vlr.gg/24891/sr-kadiliman-vs-sr-thanatos-champions-tour-philippines-stage-3-challengers-1-qualifier-day-2-rou,579,2021-07-03,2:00 PM
PACIFIC,24892,https://www.vlr.gg/24892/adroit-vs-south-built-esports-champions-tour-philippines-stage-3-challengers-1-qualifier-day-2-q,579,2021-07-03,3:00 PM
PACIFIC,24893,https://www.vlr.gg/24893/dr-esports-vs-lmc-esports-champions-tour-philippines-stage-3-challengers-1-qualifier-day-2-qf,579,2021-07-03,3:00 PM
PACIFIC,24894,https://www.vlr.gg/24894/sv-empire-vs-cerulean-sentinel-esports-black-champions-tour-philippines-stage-3-challengers-1-qu,579,2021-07-03,3:00 PM
PACIFIC,24895,https://www.vlr.gg/24895/alpha-esports-pro-vs-sr-kadiliman-champions-tour-philippines-stage-3-challengers-1-qualifier-day,579,2021-07-03,3:00 PM
PACIFIC,24896,https://www.vlr.gg/24896/south-built-esports-vs-dr-esports-champions-tour-philippines-stage-3-challengers-1-qualifier-day,579,2021-07-03,4:00 PM
PACIFIC,24897,https://www.vlr.gg/24897/sv-empire-vs-alpha-esports-pro-champions-tour-philippines-stage-3-challengers-1-qualifier-day-2,579,2021-07-03,4:00 PM
PACIFIC,24898,https://www.vlr.gg/24898/ad-infinitum-morpheus-vs-south-built-esports-champions-tour-philippines-stage-3-challengers-1-qu,579,2021-07-04,2:00 PM
PACIFIC,24899,https://www.vlr.gg/24899/dynasty-esports-vikings-vs-metrocebu-champions-tour-philippines-stage-3-challengers-1-qualifier,579,2021-07-04,2:00 PM
PACIFIC,24900,https://www.vlr.gg/24900/oasis-gaming-vs-shikashi-esports-champions-tour-philippines-stage-3-challengers-1-qualifier-day,579,2021-07-04,2:00 PM
PACIFIC,24901,https://www.vlr.gg/24901/meta-southrons-vs-adroit-champions-tour-philippines-stage-3-challengers-1-qualifier-day-3-round,579,2021-07-04,2:00 PM
PACIFIC,24902,https://www.vlr.gg/24902/zen2-esports-vs-valkyrie-esports-champions-tour-philippines-stage-3-challengers-1-qualifier-day,579,2021-07-04,2:00 PM
PACIFIC,24903,https://www.vlr.gg/24903/sr-thanatos-vs-shadowfox-red-champions-tour-philippines-stage-3-challengers-1-qualifier-day-3-ro,579,2021-07-04,2:00 PM
PACIFIC,24904,https://www.vlr.gg/24904/sr-kadiliman-vs-aether-esports-champions-tour-philippines-stage-3-challengers-1-qualifier-day-3,579,2021-07-04,2:00 PM
PACIFIC,24905,https://www.vlr.gg/24905/lmc-esports-vs-action-ph-champions-tour-philippines-stage-3-challengers-1-qualifier-day-3-round,579,2021-07-04,2:00 PM
PACIFIC,24906,https://www.vlr.gg/24906/south-built-esports-vs-dynasty-esports-vikings-champions-tour-philippines-stage-3-challengers-1,579,2021-07-04,3:00 PM
PACIFIC,24907,https://www.vlr.gg/24907/oasis-gaming-vs-meta-southrons-champions-tour-philippines-stage-3-challengers-1-qualifier-day-3,579,2021-07-04,3:00 PM
PACIFIC,24908,https://www.vlr.gg/24908/valkyrie-esports-vs-sr-thanatos-champions-tour-philippines-stage-3-challengers-1-qualifier-day-3,579,2021-07-04,3:00 PM
PACIFIC,24909,https://www.vlr.gg/24909/sr-kadiliman-vs-action-ph-champions-tour-philippines-stage-3-challengers-1-qualifier-day-3-qf,579,2021-07-04,3:00 PM
PACIFIC,24910,https://www.vlr.gg/24910/south-built-esports-vs-meta-southrons-champions-tour-philippines-stage-3-challengers-1-qualifier,579,2021-07-04,4:00 PM
PACIFIC,24911,https://www.vlr.gg/24911/sr-thanatos-vs-sr-kadiliman-champions-tour-philippines-stage-3-challengers-1-qualifier-day-3-sf,579,2021-07-04,4:00 PM
PACIFIC,25391,https://www.vlr.gg/25391/bren-esports-vs-dr-esports-champions-tour-philippines-stage-3-challengers-1-main-event-qf,579,2021-07-09,12:00 PM
PACIFIC,25392,https://www.vlr.gg/25392/sv-empire-vs-south-built-esports-champions-tour-philippines-stage-3-challengers-1-main-event-qf,579,2021-07-09,3:00 PM
PACIFIC,25393,https://www.vlr.gg/25393/sr-kadiliman-vs-galaxy-racer-champions-tour-philippines-stage-3-challengers-1-main-event-qf,579,2021-07-09,5:30 PM
PACIFIC,25394,https://www.vlr.gg/25394/zeal-esports-vs-se-atlas-champions-tour-philippines-stage-3-challengers-1-main-event-qf,579,2021-07-10,12:00 PM
PACIFIC,25395,https://www.vlr.gg/25395/bren-esports-vs-sv-empire-champions-tour-philippines-stage-3-challengers-1-main-event-sf,579,2021-07-10,3:20 PM
PACIFIC,25396,https://www.vlr.gg/25396/galaxy-racer-vs-zeal-esports-champions-tour-philippines-stage-3-challengers-1-main-event-sf,579,2021-07-10,6:25 PM
PACIFIC,25397,https://www.vlr.gg/25397/sv-empire-vs-zeal-esports-champions-tour-philippines-stage-3-challengers-1-main-event-cf,579,2021-07-11,12:00 PM
PACIFIC,25398,https://www.vlr.gg/25398/bren-esports-vs-galaxy-racer-champions-tour-philippines-stage-3-challengers-1-main-event-gf,579,2021-07-11,2:00 PM
PACIFIC,24224,https://www.vlr.gg/24224/team-gmm-vs-no-name-champions-tour-hong-kong-taiwan-stage-3-challengers-1-qualifier-ro16,572,2021-07-04,6:00 PM
PACIFIC,24225,https://www.vlr.gg/24225/typhoons-vs-victory-formula-champions-tour-hong-kong-taiwan-stage-3-challengers-1-qualifier-ro,572,2021-07-04,6:00 PM
PACIFIC,24226,https://www.vlr.gg/24226/water-vs-traitors-champions-tour-hong-kong-taiwan-stage-3-challengers-1-qualifier-ro16,572,2021-07-04,6:00 PM
PACIFIC,24227,https://www.vlr.gg/24227/five-ace-e-sports-vs-clutch-jeans-champions-tour-hong-kong-taiwan-stage-3-challengers-1-qualif,572,2021-07-04,7:00 PM
PACIFIC,24228,https://www.vlr.gg/24228/tgpa-vs-xtreme-champions-tour-hong-kong-taiwan-stage-3-challengers-1-qualifier-ro16,572,2021-07-04,7:00 PM
PACIFIC,24229,https://www.vlr.gg/24229/griffin-e-sports-vs-zzz-champions-tour-hong-kong-taiwan-stage-3-challengers-1-qualifier-ro16,572,2021-07-04,7:00 PM
PACIFIC,24230,https://www.vlr.gg/24230/horse-victory-vs-lightning-champions-tour-hong-kong-taiwan-stage-3-challengers-1-qualifier-ro1,572,2021-07-04,7:00 PM
PACIFIC,25373,https://www.vlr.gg/25373/cbt-gaming-vs-team-gmm-champions-tour-hong-kong-taiwan-stage-3-challengers-1-main-event-qf,572,2021-07-09,1:00 PM
PACIFIC,25374,https://www.vlr.gg/25374/typhoons-vs-water-champions-tour-hong-kong-taiwan-stage-3-challengers-1-main-event-qf,572,2021-07-09,3:00 PM
PACIFIC,25375,https://www.vlr.gg/25375/five-ace-e-sports-vs-tgpa-champions-tour-hong-kong-taiwan-stage-3-challengers-1-main-event-qf,572,2021-07-09,6:00 PM
PACIFIC,25376,https://www.vlr.gg/25376/griffin-e-sports-vs-horse-victory-champions-tour-hong-kong-taiwan-stage-3-challengers-1-main-e,572,2021-07-09,7:00 PM
PACIFIC,25377,https://www.vlr.gg/25377/cbt-gaming-vs-typhoons-champions-tour-hong-kong-taiwan-stage-3-challengers-1-main-event-sf,572,2021-07-10,4:00 PM
PACIFIC,25378,https://www.vlr.gg/25378/five-ace-e-sports-vs-griffin-e-sports-champions-tour-hong-kong-taiwan-stage-3-challengers-1-ma,572,2021-07-10,6:00 PM
PACIFIC,25379,https://www.vlr.gg/25379/cbt-gaming-vs-griffin-e-sports-champions-tour-hong-kong-taiwan-stage-3-challengers-1-main-even,572,2021-07-15,TBD
PACIFIC,25380,https://www.vlr.gg/25380/typhoons-vs-five-ace-e-sports-champions-tour-hong-kong-taiwan-stage-3-challengers-1-main-event,572,2021-07-15,TBD
PACIFIC,24374,https://www.vlr.gg/24374/team-smg-vs-running-dogs-champions-tour-malaysia-singapore-stage-3-challengers-1-qualifiers-ro,565,2021-07-03,12:00 PM
PACIFIC,24375,https://www.vlr.gg/24375/full-zen-vs-saints-champions-tour-malaysia-singapore-stage-3-challengers-1-qualifiers-round-of,565,2021-07-03,12:00 PM
PACIFIC,24376,https://www.vlr.gg/24376/todak-vs-aploe-champions-tour-malaysia-singapore-stage-3-challengers-1-qualifiers-round-of-16,565,2021-07-03,12:00 PM
PACIFIC,24377,https://www.vlr.gg/24377/rtz-underank-vs-ogb-champions-tour-malaysia-singapore-stage-3-challengers-1-qualifiers-round-o,565,2021-07-03,12:00 PM
PACIFIC,24378,https://www.vlr.gg/24378/kingsmen-vs-drm-esports-champions-tour-malaysia-singapore-stage-3-challengers-1-qualifiers-rou,565,2021-07-03,12:00 PM
PACIFIC,24379,https://www.vlr.gg/24379/zero-synergy-vs-mjestic-clan-champions-tour-malaysia-singapore-stage-3-challengers-1-qualifier,565,2021-07-03,12:00 PM
PACIFIC,24380,https://www.vlr.gg/24380/louvre-vs-uwu-champions-tour-malaysia-singapore-stage-3-challengers-1-qualifiers-round-of-16,565,2021-07-03,12:00 PM
PACIFIC,24381,https://www.vlr.gg/24381/wulf-esports-vs-myschief-champions-tour-malaysia-singapore-stage-3-challengers-1-qualifiers-ro,565,2021-07-03,12:00 PM
PACIFIC,24382,https://www.vlr.gg/24382/team-smg-vs-saints-champions-tour-malaysia-singapore-stage-3-challengers-1-qualifiers-quarter,565,2021-07-03,3:30 PM
PACIFIC,24383,https://www.vlr.gg/24383/todak-vs-underank-champions-tour-malaysia-singapore-stage-3-challengers-1-qualifiers-quarter-f,565,2021-07-03,3:30 PM
PACIFIC,24384,https://www.vlr.gg/24384/kingsmen-vs-zero-synergy-champions-tour-malaysia-singapore-stage-3-challengers-1-qualifiers-qu,565,2021-07-03,3:30 PM
PACIFIC,24385,https://www.vlr.gg/24385/uwu-vs-myschief-champions-tour-malaysia-singapore-stage-3-challengers-1-qualifiers-quarter-fin,565,2021-07-03,3:30 PM
PACIFIC,24387,https://www.vlr.gg/24387/myschief-vs-underank-champions-tour-malaysia-singapore-stage-3-challengers-1-last-chance-quali,565,2021-07-03,7:00 PM
PACIFIC,24388,https://www.vlr.gg/24388/saints-vs-zero-synergy-champions-tour-malaysia-singapore-stage-3-challengers-1-last-chance-qua,565,2021-07-03,7:00 PM
PACIFIC,24389,https://www.vlr.gg/24389/myschief-vs-zero-synergy-champions-tour-malaysia-singapore-stage-3-challengers-1-last-chance-q,565,2021-07-03,8:00 PM
PACIFIC,24390,https://www.vlr.gg/24390/underank-vs-saints-champions-tour-malaysia-singapore-stage-3-challengers-1-last-chance-qualifi,565,2021-07-03,8:00 PM
PACIFIC,24391,https://www.vlr.gg/24391/myschief-vs-saints-champions-tour-malaysia-singapore-stage-3-challengers-1-last-chance-qualifi,565,2021-07-03,9:00 PM
PACIFIC,24392,https://www.vlr.gg/24392/zero-synergy-vs-underank-champions-tour-malaysia-singapore-stage-3-challengers-1-last-chance-q,565,2021-07-03,9:00 PM
PACIFIC,25517,https://www.vlr.gg/25517/paper-rex-vs-saints-champions-tour-malaysia-singapore-stage-3-challengers-1-main-event-ubqf,565,2021-07-09,9:30 AM
PACIFIC,25518,https://www.vlr.gg/25518/team-smg-vs-kingsmen-champions-tour-malaysia-singapore-stage-3-challengers-1-main-event-ubqf,565,2021-07-09,12:10 PM
PACIFIC,25519,https://www.vlr.gg/25519/todak-vs-underank-champions-tour-malaysia-singapore-stage-3-challengers-1-main-event-ubqf,565,2021-07-09,2:25 PM
PACIFIC,25520,https://www.vlr.gg/25520/uwu-vs-zero-synergy-champions-tour-malaysia-singapore-stage-3-challengers-1-main-event-ubqf,565,2021-07-09,4:50 PM
PACIFIC,25525,https://www.vlr.gg/25525/saints-vs-team-smg-champions-tour-malaysia-singapore-stage-3-challengers-1-main-event-lbr1,565,2021-07-09,7:15 PM
PACIFIC,25526,https://www.vlr.gg/25526/underank-vs-zero-synergy-champions-tour-malaysia-singapore-stage-3-challengers-1-main-event-lb,565,2021-07-09,8:10 PM
PACIFIC,25521,https://www.vlr.gg/25521/paper-rex-vs-kingsmen-champions-tour-malaysia-singapore-stage-3-challengers-1-main-event-ubsf,565,2021-07-10,9:00 AM
PACIFIC,25522,https://www.vlr.gg/25522/todak-vs-uwu-champions-tour-malaysia-singapore-stage-3-challengers-1-main-event-ubsf,565,2021-07-10,11:25 AM
PACIFIC,25527,https://www.vlr.gg/25527/kingsmen-vs-underank-champions-tour-malaysia-singapore-stage-3-challengers-1-main-event-lbr2,565,2021-07-10,1:50 PM
PACIFIC,25528,https://www.vlr.gg/25528/todak-vs-team-smg-champions-tour-malaysia-singapore-stage-3-challengers-1-main-event-lbr2,565,2021-07-10,3:15 PM
PACIFIC,25523,https://www.vlr.gg/25523/paper-rex-vs-uwu-champions-tour-malaysia-singapore-stage-3-challengers-1-main-event-ubf,565,2021-07-10,4:00 PM
PACIFIC,25529,https://www.vlr.gg/25529/todak-vs-underank-champions-tour-malaysia-singapore-stage-3-challengers-1-main-event-lbr3,565,2021-07-10,7:15 PM
PACIFIC,25530,https://www.vlr.gg/25530/paper-rex-vs-todak-champions-tour-malaysia-singapore-stage-3-challengers-1-main-event-lbf,565,2021-07-11,9:00 AM
PACIFIC,25524,https://www.vlr.gg/25524/uwu-vs-paper-rex-champions-tour-malaysia-singapore-stage-3-challengers-1-main-event-gf,565,2021-07-11,11:30 AM
PACIFIC,25029,https://www.vlr.gg/25029/cnci-blue-bees-vs-no-name-champions-tour-japan-stage-3-challengers-1-group-a,538,2021-07-04,11:50 AM
PACIFIC,25030,https://www.vlr.gg/25030/icicle-conflict-vs-insomnia-champions-tour-japan-stage-3-challengers-1-group-a,538,2021-07-04,11:50 AM
PACIFIC,25031,https://www.vlr.gg/25031/believegoodteam-vs-inregs-champions-tour-japan-stage-3-challengers-1-group-a,538,2021-07-04,11:50 AM
PACIFIC,25051,https://www.vlr.gg/25051/feeling-vs-lv10-champions-tour-japan-stage-3-challengers-1-group-b,538,2021-07-04,11:50 AM
PACIFIC,25052,https://www.vlr.gg/25052/ace1-vs-reject-champions-tour-japan-stage-3-challengers-1-group-b,538,2021-07-04,11:50 AM
PACIFIC,25053,https://www.vlr.gg/25053/celsus-vs-storks-phalanx-champions-tour-japan-stage-3-challengers-1-group-b,538,2021-07-04,11:50 AM
PACIFIC,25074,https://www.vlr.gg/25074/run-it-back-vs-neoaimer-champions-tour-japan-stage-3-challengers-1-group-c,538,2021-07-04,11:50 AM
PACIFIC,25075,https://www.vlr.gg/25075/first-gaming-vs-gaming-team-selector-champions-tour-japan-stage-3-challengers-1-group-c,538,2021-07-04,11:50 AM
PACIFIC,25076,https://www.vlr.gg/25076/ctg-ibushigin-vs-defect-champions-tour-japan-stage-3-challengers-1-group-c,538,2021-07-04,11:50 AM
PACIFIC,25098,https://www.vlr.gg/25098/akihabara-encount-vs-updraft-champions-tour-japan-stage-3-challengers-1-group-d,538,2021-07-04,11:50 AM
PACIFIC,25099,https://www.vlr.gg/25099/new-team-vs-scarz-champions-tour-japan-stage-3-challengers-1-group-d,538,2021-07-04,11:50 AM
PACIFIC,25100,https://www.vlr.gg/25100/chimimouryou-vs-setouchi-enlife-champions-tour-japan-stage-3-challengers-1-group-d,538,2021-07-04,11:50 AM
PACIFIC,25032,https://www.vlr.gg/25032/cnci-blue-bees-vs-icicle-conflict-champions-tour-japan-stage-3-challengers-1-group-a,538,2021-07-04,1:00 PM
PACIFIC,25033,https://www.vlr.gg/25033/no-name-vs-insomnia-champions-tour-japan-stage-3-challengers-1-group-a,538,2021-07-04,1:00 PM
PACIFIC,25034,https://www.vlr.gg/25034/believegoodteam-vs-schwarzerland-champions-tour-japan-stage-3-challengers-1-group-a,538,2021-07-04,1:00 PM
PACIFIC,25054,https://www.vlr.gg/25054/feeling-vs-reject-champions-tour-japan-stage-3-challengers-1-group-b,538,2021-07-04,1:00 PM
PACIFIC,25055,https://www.vlr.gg/25055/lv10-vs-ace1-champions-tour-japan-stage-3-challengers-1-group-b,538,2021-07-04,1:00 PM
PACIFIC,25056,https://www.vlr.gg/25056/storks-phalanx-vs-vicious-flawless-champions-tour-japan-stage-3-challengers-1-group-b,538,2021-07-04,1:00 PM
PACIFIC,25077,https://www.vlr.gg/25077/run-it-back-vs-gaming-team-selector-champions-tour-japan-stage-3-challengers-1-group-c,538,2021-07-04,1:00 PM
PACIFIC,25078,https://www.vlr.gg/25078/neoaimer-vs-first-gaming-champions-tour-japan-stage-3-challengers-1-group-c,538,2021-07-04,1:00 PM
PACIFIC,25079,https://www.vlr.gg/25079/ctg-ibushigin-vs-creatives-champions-tour-japan-stage-3-challengers-1-group-c,538,2021-07-04,1:00 PM
PACIFIC,25101,https://www.vlr.gg/25101/scarz-vs-setouchi-enlife-champions-tour-japan-stage-3-challengers-1-group-d,538,2021-07-04,1:00 PM
PACIFIC,25102,https://www.vlr.gg/25102/new-team-vs-chimimouryou-champions-tour-japan-stage-3-challengers-1-group-d,538,2021-07-04,1:00 PM
PACIFIC,25103,https://www.vlr.gg/25103/updraft-vs-doubt-the-theory-champions-tour-japan-stage-3-challengers-1-group-d,538,2021-07-04,1:00 PM
PACIFIC,25125,https://www.vlr.gg/25125/ixa-vs-no-country-champions-tour-japan-stage-3-challengers-1-group-e,538,2021-07-04,1:00 PM
PACIFIC,25126,https://www.vlr.gg/25126/dandelion-vs-secretarcanam-champions-tour-japan-stage-3-challengers-1-group-e,538,2021-07-04,1:00 PM
PACIFIC,25127,https://www.vlr.gg/25127/absolute-jupiter-vs-brace-lam-champions-tour-japan-stage-3-challengers-1-group-e,538,2021-07-04,1:00 PM
PACIFIC,25243,https://www.vlr.gg/25243/blackbird-ignis-vs-second-chance-champions-tour-japan-stage-3-challengers-1-group-f,538,2021-07-04,1:00 PM
PACIFIC,25244,https://www.vlr.gg/25244/servelal-e-sports-vs-nexus-champions-tour-japan-stage-3-challengers-1-group-f,538,2021-07-04,1:00 PM
PACIFIC,25245,https://www.vlr.gg/25245/eps-gaming-vs-fennel-champions-tour-japan-stage-3-challengers-1-group-f,538,2021-07-04,1:00 PM
PACIFIC,25247,https://www.vlr.gg/25247/northeption-vs-nori-nori-yoshinori-champions-tour-japan-stage-3-challengers-1-group-g,538,2021-07-04,1:00 PM
PACIFIC,25248,https://www.vlr.gg/25248/ll-vs-the-shables-champions-tour-japan-stage-3-challengers-1-group-g,538,2021-07-04,1:00 PM
PACIFIC,25249,https://www.vlr.gg/25249/orb-garden-gaming-mut-vs-click-five-champions-tour-japan-stage-3-challengers-1-group-g,538,2021-07-04,1:00 PM
PACIFIC,25250,https://www.vlr.gg/25250/stella-vs-crazy-raccoon-champions-tour-japan-stage-3-challengers-1-group-h,538,2021-07-04,1:00 PM
PACIFIC,25251,https://www.vlr.gg/25251/geko-geko-vs-mirage-champions-tour-japan-stage-3-challengers-1-group-h,538,2021-07-04,1:00 PM
PACIFIC,25252,https://www.vlr.gg/25252/flexible-vs-yoru-champions-tour-japan-stage-3-challengers-1-group-h,538,2021-07-04,1:00 PM
PACIFIC,25035,https://www.vlr.gg/25035/cnci-blue-bees-vs-insomnia-champions-tour-japan-stage-3-challengers-1-group-a,538,2021-07-04,2:10 PM
PACIFIC,25036,https://www.vlr.gg/25036/no-name-vs-icicle-conflict-champions-tour-japan-stage-3-challengers-1-group-a,538,2021-07-04,2:10 PM
PACIFIC,25037,https://www.vlr.gg/25037/inregs-vs-schwarzerland-champions-tour-japan-stage-3-challengers-1-group-a,538,2021-07-04,2:10 PM
PACIFIC,25057,https://www.vlr.gg/25057/feeling-vs-ace1-champions-tour-japan-stage-3-challengers-1-group-b,538,2021-07-04,2:10 PM
PACIFIC,25058,https://www.vlr.gg/25058/lv10-vs-reject-champions-tour-japan-stage-3-challengers-1-group-b,538,2021-07-04,2:10 PM
PACIFIC,25059,https://www.vlr.gg/25059/celsus-vs-vicious-flawless-champions-tour-japan-stage-3-challengers-1-group-b,538,2021-07-04,2:10 PM
PACIFIC,25080,https://www.vlr.gg/25080/run-it-back-vs-first-gaming-champions-tour-japan-stage-3-challengers-1-group-c,538,2021-07-04,2:10 PM
PACIFIC,25081,https://www.vlr.gg/25081/neoaimer-vs-gaming-team-selector-champions-tour-japan-stage-3-challengers-1-group-c,538,2021-07-04,2:10 PM
PACIFIC,25082,https://www.vlr.gg/25082/defect-vs-creatives-champions-tour-japan-stage-3-challengers-1-group-c,538,2021-07-04,2:10 PM
PACIFIC,25104,https://www.vlr.gg/25104/scarz-vs-chimimouryou-champions-tour-japan-stage-3-challengers-1-group-d,538,2021-07-04,2:10 PM
PACIFIC,25105,https://www.vlr.gg/25105/new-team-vs-setouchi-enlife-champions-tour-japan-stage-3-challengers-1-group-d,538,2021-07-04,2:10 PM
PACIFIC,25106,https://www.vlr.gg/25106/akihabara-encount-vs-doubt-the-theory-champions-tour-japan-stage-3-challengers-1-group-d,538,2021-07-04,2:10 PM
PACIFIC,25128,https://www.vlr.gg/25128/ixa-vs-dandelion-champions-tour-japan-stage-3-challengers-1-group-e,538,2021-07-04,2:10 PM
PACIFIC,25129,https://www.vlr.gg/25129/no-country-vs-secretarcanam-champions-tour-japan-stage-3-challengers-1-group-e,538,2021-07-04,2:10 PM
PACIFIC,25130,https://www.vlr.gg/25130/absolute-jupiter-vs-atsumatte-mita-champions-tour-japan-stage-3-challengers-1-group-e,538,2021-07-04,2:10 PM
PACIFIC,25255,https://www.vlr.gg/25255/blackbird-ignis-vs-servelal-e-sports-champions-tour-japan-stage-3-challengers-1-group-f,538,2021-07-04,2:10 PM
PACIFIC,25256,https://www.vlr.gg/25256/second-chance-vs-nexus-champions-tour-japan-stage-3-challengers-1-group-f,538,2021-07-04,2:10 PM
PACIFIC,25257,https://www.vlr.gg/25257/eps-gaming-vs-shimada-family-champions-tour-japan-stage-3-challengers-1-group-f,538,2021-07-04,2:10 PM
PACIFIC,25258,https://www.vlr.gg/25258/northeption-vs-ll-champions-tour-japan-stage-3-challengers-1-group-g,538,2021-07-04,2:10 PM
PACIFIC,25259,https://www.vlr.gg/25259/nori-nori-yoshinori-vs-the-shables-champions-tour-japan-stage-3-challengers-1-group-g,538,2021-07-04,2:10 PM
PACIFIC,25260,https://www.vlr.gg/25260/orb-garden-gaming-mut-vs-hexad-champions-tour-japan-stage-3-challengers-1-group-g,538,2021-07-04,2:10 PM
PACIFIC,25262,https://www.vlr.gg/25262/stella-vs-geko-geko-champions-tour-japan-stage-3-challengers-1-group-h,538,2021-07-04,2:10 PM
PACIFIC,25263,https://www.vlr.gg/25263/crazy-raccoon-vs-mirage-champions-tour-japan-stage-3-challengers-1-group-h,538,2021-07-04,2:10 PM
PACIFIC,25264,https://www.vlr.gg/25264/flexible-vs-fav-gaming-champions-tour-japan-stage-3-challengers-1-group-h,538,2021-07-04,2:10 PM
PACIFIC,25038,https://www.vlr.gg/25038/cnci-blue-bees-vs-believegoodteam-champions-tour-japan-stage-3-challengers-1-group-a,538,2021-07-04,3:20 PM
PACIFIC,25039,https://www.vlr.gg/25039/no-name-vs-inregs-champions-tour-japan-stage-3-challengers-1-group-a,538,2021-07-04,3:20 PM
PACIFIC,25040,https://www.vlr.gg/25040/icicle-conflict-vs-schwarzerland-champions-tour-japan-stage-3-challengers-1-group-a,538,2021-07-04,3:20 PM
PACIFIC,25060,https://www.vlr.gg/25060/feeling-vs-storks-phalanx-champions-tour-japan-stage-3-challengers-1-group-b,538,2021-07-04,3:20 PM
PACIFIC,25061,https://www.vlr.gg/25061/lv10-vs-celsus-champions-tour-japan-stage-3-challengers-1-group-b,538,2021-07-04,3:20 PM
PACIFIC,25062,https://www.vlr.gg/25062/reject-vs-vicious-flawless-champions-tour-japan-stage-3-challengers-1-group-b,538,2021-07-04,3:20 PM
PACIFIC,25083,https://www.vlr.gg/25083/run-it-back-vs-ctg-ibushigin-champions-tour-japan-stage-3-challengers-1-group-c,538,2021-07-04,3:20 PM
PACIFIC,25084,https://www.vlr.gg/25084/neoaimer-vs-defect-champions-tour-japan-stage-3-challengers-1-group-c,538,2021-07-04,3:20 PM
PACIFIC,25085,https://www.vlr.gg/25085/gaming-team-selector-vs-creatives-champions-tour-japan-stage-3-challengers-1-group-c,538,2021-07-04,3:20 PM
PACIFIC,25107,https://www.vlr.gg/25107/scarz-vs-updraft-champions-tour-japan-stage-3-challengers-1-group-d,538,2021-07-04,3:20 PM
PACIFIC,25108,https://www.vlr.gg/25108/new-team-vs-akihabara-encount-champions-tour-japan-stage-3-challengers-1-group-d,538,2021-07-04,3:20 PM
PACIFIC,25109,https://www.vlr.gg/25109/setouchi-enlife-vs-doubt-the-theory-champions-tour-japan-stage-3-challengers-1-group-d,538,2021-07-04,3:20 PM
PACIFIC,25131,https://www.vlr.gg/25131/ixa-vs-secretarcanam-champions-tour-japan-stage-3-challengers-1-group-e,538,2021-07-04,3:20 PM
PACIFIC,25132,https://www.vlr.gg/25132/no-country-vs-dandelion-champions-tour-japan-stage-3-challengers-1-group-e,538,2021-07-04,3:20 PM
PACIFIC,25133,https://www.vlr.gg/25133/brace-lam-vs-atsumatte-mita-champions-tour-japan-stage-3-challengers-1-group-e,538,2021-07-04,3:20 PM
PACIFIC,25265,https://www.vlr.gg/25265/blackbird-ignis-vs-nexus-champions-tour-japan-stage-3-challengers-1-group-f,538,2021-07-04,3:20 PM
PACIFIC,25266,https://www.vlr.gg/25266/second-chance-vs-servelal-e-sports-champions-tour-japan-stage-3-challengers-1-group-f,538,2021-07-04,3:20 PM
PACIFIC,25267,https://www.vlr.gg/25267/fennel-vs-shimada-family-champions-tour-japan-stage-3-challengers-1-group-f,538,2021-07-04,3:20 PM
PACIFIC,25279,https://www.vlr.gg/25279/northeption-vs-the-shables-champions-tour-japan-stage-3-challengers-1-group-g,538,2021-07-04,3:20 PM
PACIFIC,25280,https://www.vlr.gg/25280/nori-nori-yoshinori-vs-ll-champions-tour-japan-stage-3-challengers-1-group-g,538,2021-07-04,3:20 PM
PACIFIC,25281,https://www.vlr.gg/25281/click-five-vs-hexad-champions-tour-japan-stage-3-challengers-1-group-g,538,2021-07-04,3:20 PM
PACIFIC,25293,https://www.vlr.gg/25293/stella-vs-mirage-champions-tour-japan-stage-3-challengers-1-group-h,538,2021-07-04,3:20 PM
PACIFIC,25294,https://www.vlr.gg/25294/crazy-raccoon-vs-geko-geko-champions-tour-japan-stage-3-challengers-1-group-h,538,2021-07-04,3:20 PM
PACIFIC,25295,https://www.vlr.gg/25295/yoru-vs-fav-gaming-champions-tour-japan-stage-3-challengers-1-group-h,538,2021-07-04,3:20 PM
PACIFIC,25041,https://www.vlr.gg/25041/cnci-blue-bees-vs-inregs-champions-tour-japan-stage-3-challengers-1-group-a,538,2021-07-04,4:30 PM
PACIFIC,25042,https://www.vlr.gg/25042/no-name-vs-believegoodteam-champions-tour-japan-stage-3-challengers-1-group-a,538,2021-07-04,4:30 PM
PACIFIC,25043,https://www.vlr.gg/25043/insomnia-vs-schwarzerland-champions-tour-japan-stage-3-challengers-1-group-a,538,2021-07-04,4:30 PM
PACIFIC,25063,https://www.vlr.gg/25063/feeling-vs-celsus-champions-tour-japan-stage-3-challengers-1-group-b,538,2021-07-04,4:30 PM
PACIFIC,25064,https://www.vlr.gg/25064/lv10-vs-storks-phalanx-champions-tour-japan-stage-3-challengers-1-group-b,538,2021-07-04,4:30 PM
PACIFIC,25065,https://www.vlr.gg/25065/ace1-vs-vicious-flawless-champions-tour-japan-stage-3-challengers-1-group-b,538,2021-07-04,4:30 PM
PACIFIC,25086,https://www.vlr.gg/25086/run-it-back-vs-defect-champions-tour-japan-stage-3-challengers-1-group-c,538,2021-07-04,4:30 PM
PACIFIC,25087,https://www.vlr.gg/25087/neoaimer-vs-ctg-ibushigin-champions-tour-japan-stage-3-challengers-1-group-c,538,2021-07-04,4:30 PM
PACIFIC,25088,https://www.vlr.gg/25088/first-gaming-vs-creatives-champions-tour-japan-stage-3-challengers-1-group-c,538,2021-07-04,4:30 PM
PACIFIC,25110,https://www.vlr.gg/25110/scarz-vs-akihabara-encount-champions-tour-japan-stage-3-challengers-1-group-d,538,2021-07-04,4:30 PM
PACIFIC,25111,https://www.vlr.gg/25111/new-team-vs-updraft-champions-tour-japan-stage-3-challengers-1-group-d,538,2021-07-04,4:30 PM
PACIFIC,25112,https://www.vlr.gg/25112/chimimouryou-vs-doubt-the-theory-champions-tour-japan-stage-3-challengers-1-group-d,538,2021-07-04,4:30 PM
PACIFIC,25134,https://www.vlr.gg/25134/ixa-vs-absolute-jupiter-champions-tour-japan-stage-3-challengers-1-group-e,538,2021-07-04,4:30 PM
PACIFIC,25135,https://www.vlr.gg/25135/no-country-vs-brace-lam-champions-tour-japan-stage-3-challengers-1-group-e,538,2021-07-04,4:30 PM
PACIFIC,25136,https://www.vlr.gg/25136/dandelion-vs-atsumatte-mita-champions-tour-japan-stage-3-challengers-1-group-e,538,2021-07-04,4:30 PM
PACIFIC,25268,https://www.vlr.gg/25268/blackbird-ignis-vs-eps-gaming-champions-tour-japan-stage-3-challengers-1-group-f,538,2021-07-04,4:30 PM
PACIFIC,25269,https://www.vlr.gg/25269/second-chance-vs-fennel-champions-tour-japan-stage-3-challengers-1-group-f,538,2021-07-04,4:30 PM
PACIFIC,25270,https://www.vlr.gg/25270/servelal-e-sports-vs-shimada-family-champions-tour-japan-stage-3-challengers-1-group-f,538,2021-07-04,4:30 PM
PACIFIC,25282,https://www.vlr.gg/25282/northeption-vs-orb-garden-gaming-mut-champions-tour-japan-stage-3-challengers-1-group-g,538,2021-07-04,4:30 PM
PACIFIC,25283,https://www.vlr.gg/25283/nori-nori-yoshinori-vs-click-five-champions-tour-japan-stage-3-challengers-1-group-g,538,2021-07-04,4:30 PM
PACIFIC,25284,https://www.vlr.gg/25284/ll-vs-hexad-champions-tour-japan-stage-3-challengers-1-group-g,538,2021-07-04,4:30 PM
PACIFIC,25296,https://www.vlr.gg/25296/stella-vs-flexible-champions-tour-japan-stage-3-challengers-1-group-h,538,2021-07-04,4:30 PM
PACIFIC,25297,https://www.vlr.gg/25297/crazy-raccoon-vs-yoru-champions-tour-japan-stage-3-challengers-1-group-h,538,2021-07-04,4:30 PM
PACIFIC,25298,https://www.vlr.gg/25298/geko-geko-vs-fav-gaming-champions-tour-japan-stage-3-challengers-1-group-h,538,2021-07-04,4:30 PM
PACIFIC,25044,https://www.vlr.gg/25044/cnci-blue-bees-vs-schwarzerland-champions-tour-japan-stage-3-challengers-1-group-a,538,2021-07-04,5:40 PM
PACIFIC,25045,https://www.vlr.gg/25045/icicle-conflict-vs-believegoodteam-champions-tour-japan-stage-3-challengers-1-group-a,538,2021-07-04,5:40 PM
PACIFIC,25046,https://www.vlr.gg/25046/insomnia-vs-inregs-champions-tour-japan-stage-3-challengers-1-group-a,538,2021-07-04,5:40 PM
PACIFIC,25067,https://www.vlr.gg/25067/feeling-vs-vicious-flawless-champions-tour-japan-stage-3-challengers-1-group-b,538,2021-07-04,5:40 PM
PACIFIC,25068,https://www.vlr.gg/25068/reject-vs-storks-phalanx-champions-tour-japan-stage-3-challengers-1-group-b,538,2021-07-04,5:40 PM
PACIFIC,25069,https://www.vlr.gg/25069/ace1-vs-celsus-champions-tour-japan-stage-3-challengers-1-group-b,538,2021-07-04,5:40 PM
PACIFIC,25090,https://www.vlr.gg/25090/run-it-back-vs-creatives-champions-tour-japan-stage-3-challengers-1-group-c,538,2021-07-04,5:40 PM
PACIFIC,25091,https://www.vlr.gg/25091/gaming-team-selector-vs-ctg-ibushigin-champions-tour-japan-stage-3-challengers-1-group-c,538,2021-07-04,5:40 PM
PACIFIC,25092,https://www.vlr.gg/25092/first-gaming-vs-defect-champions-tour-japan-stage-3-challengers-1-group-c,538,2021-07-04,5:40 PM
PACIFIC,25113,https://www.vlr.gg/25113/scarz-vs-doubt-the-theory-champions-tour-japan-stage-3-challengers-1-group-d,538,2021-07-04,5:40 PM
PACIFIC,25114,https://www.vlr.gg/25114/setouchi-enlife-vs-updraft-champions-tour-japan-stage-3-challengers-1-group-d,538,2021-07-04,5:40 PM
PACIFIC,25115,https://www.vlr.gg/25115/chimimouryou-vs-akihabara-encount-champions-tour-japan-stage-3-challengers-1-group-d,538,2021-07-04,5:40 PM
PACIFIC,25137,https://www.vlr.gg/25137/ixa-vs-brace-lam-champions-tour-japan-stage-3-challengers-1-group-e,538,2021-07-04,5:40 PM
PACIFIC,25138,https://www.vlr.gg/25138/no-country-vs-absolute-jupiter-champions-tour-japan-stage-3-challengers-1-group-e,538,2021-07-04,5:40 PM
PACIFIC,25139,https://www.vlr.gg/25139/secretarcanam-vs-atsumatte-mita-champions-tour-japan-stage-3-challengers-1-group-e,538,2021-07-04,5:40 PM
PACIFIC,25144,https://www.vlr.gg/25144/blackbird-ignis-vs-fennel-champions-tour-japan-stage-3-challengers-1-group-f,538,2021-07-04,5:40 PM
PACIFIC,25271,https://www.vlr.gg/25271/second-chance-vs-eps-gaming-champions-tour-japan-stage-3-challengers-1-group-f,538,2021-07-04,5:40 PM
PACIFIC,25272,https://www.vlr.gg/25272/nexus-vs-shimada-family-champions-tour-japan-stage-3-challengers-1-group-f,538,2021-07-04,5:40 PM
PACIFIC,25285,https://www.vlr.gg/25285/northeption-vs-click-five-champions-tour-japan-stage-3-challengers-1-group-g,538,2021-07-04,5:40 PM
PACIFIC,25286,https://www.vlr.gg/25286/nori-nori-yoshinori-vs-orb-garden-gaming-mut-champions-tour-japan-stage-3-challengers-1-group-g,538,2021-07-04,5:40 PM
PACIFIC,25287,https://www.vlr.gg/25287/the-shables-vs-hexad-champions-tour-japan-stage-3-challengers-1-group-g,538,2021-07-04,5:40 PM
PACIFIC,25299,https://www.vlr.gg/25299/stella-vs-yoru-champions-tour-japan-stage-3-challengers-1-group-h,538,2021-07-04,5:40 PM
PACIFIC,25300,https://www.vlr.gg/25300/crazy-raccoon-vs-flexible-champions-tour-japan-stage-3-challengers-1-group-h,538,2021-07-04,5:40 PM
PACIFIC,25301,https://www.vlr.gg/25301/mirage-vs-fav-gaming-champions-tour-japan-stage-3-challengers-1-group-h,538,2021-07-04,5:40 PM
PACIFIC,25047,https://www.vlr.gg/25047/insomnia-vs-believegoodteam-champions-tour-japan-stage-3-challengers-1-group-a,538,2021-07-04,6:50 PM
PACIFIC,25048,https://www.vlr.gg/25048/icicle-conflict-vs-inregs-champions-tour-japan-stage-3-challengers-1-group-a,538,2021-07-04,6:50 PM
PACIFIC,25049,https://www.vlr.gg/25049/no-name-vs-schwarzerland-champions-tour-japan-stage-3-challengers-1-group-a,538,2021-07-04,6:50 PM
PACIFIC,25070,https://www.vlr.gg/25070/ace1-vs-storks-phalanx-champions-tour-japan-stage-3-challengers-1-group-b,538,2021-07-04,6:50 PM
PACIFIC,25071,https://www.vlr.gg/25071/reject-vs-celsus-champions-tour-japan-stage-3-challengers-1-group-b,538,2021-07-04,6:50 PM
PACIFIC,25072,https://www.vlr.gg/25072/lv10-vs-vicious-flawless-champions-tour-japan-stage-3-challengers-1-group-b,538,2021-07-04,6:50 PM
PACIFIC,25093,https://www.vlr.gg/25093/first-gaming-vs-ctg-ibushigin-champions-tour-japan-stage-3-challengers-1-group-c,538,2021-07-04,6:50 PM
PACIFIC,25094,https://www.vlr.gg/25094/gaming-team-selector-vs-defect-champions-tour-japan-stage-3-challengers-1-group-c,538,2021-07-04,6:50 PM
PACIFIC,25095,https://www.vlr.gg/25095/neoaimer-vs-creatives-champions-tour-japan-stage-3-challengers-1-group-c,538,2021-07-04,6:50 PM
PACIFIC,25116,https://www.vlr.gg/25116/chimimouryou-vs-updraft-champions-tour-japan-stage-3-challengers-1-group-d,538,2021-07-04,6:50 PM
PACIFIC,25117,https://www.vlr.gg/25117/setouchi-enlife-vs-akihabara-encount-champions-tour-japan-stage-3-challengers-1-group-d,538,2021-07-04,6:50 PM
PACIFIC,25118,https://www.vlr.gg/25118/new-team-vs-doubt-the-theory-champions-tour-japan-stage-3-challengers-1-group-d,538,2021-07-04,6:50 PM
PACIFIC,25140,https://www.vlr.gg/25140/ixa-vs-atsumatte-mita-champions-tour-japan-stage-3-challengers-1-group-e,538,2021-07-04,6:50 PM
PACIFIC,25141,https://www.vlr.gg/25141/dandelion-vs-absolute-jupiter-champions-tour-japan-stage-3-challengers-1-group-e,538,2021-07-04,6:50 PM
PACIFIC,25142,https://www.vlr.gg/25142/secretarcanam-vs-brace-lam-champions-tour-japan-stage-3-challengers-1-group-e,538,2021-07-04,6:50 PM
PACIFIC,25273,https://www.vlr.gg/25273/blackbird-ignis-vs-shimada-family-champions-tour-japan-stage-3-challengers-1-group-f,538,2021-07-04,6:50 PM
PACIFIC,25274,https://www.vlr.gg/25274/servelal-e-sports-vs-eps-gaming-champions-tour-japan-stage-3-challengers-1-group-f,538,2021-07-04,6:50 PM
PACIFIC,25275,https://www.vlr.gg/25275/nexus-vs-fennel-champions-tour-japan-stage-3-challengers-1-group-f,538,2021-07-04,6:50 PM
PACIFIC,25288,https://www.vlr.gg/25288/ll-vs-orb-garden-gaming-mut-champions-tour-japan-stage-3-challengers-1-group-g,538,2021-07-04,6:50 PM
PACIFIC,25289,https://www.vlr.gg/25289/the-shables-vs-click-five-champions-tour-japan-stage-3-challengers-1-group-g,538,2021-07-04,6:50 PM
PACIFIC,25302,https://www.vlr.gg/25302/stella-vs-fav-gaming-champions-tour-japan-stage-3-challengers-1-group-h,538,2021-07-04,6:50 PM
PACIFIC,25303,https://www.vlr.gg/25303/geko-geko-vs-flexible-champions-tour-japan-stage-3-challengers-1-group-h,538,2021-07-04,6:50 PM
PACIFIC,25304,https://www.vlr.gg/25304/mirage-vs-yoru-champions-tour-japan-stage-3-challengers-1-group-h,538,2021-07-04,6:50 PM
PACIFIC,25146,https://www.vlr.gg/25146/northeption-vs-hexad-champions-tour-japan-stage-3-challengers-1-group-g,538,2021-07-04,7:15 PM
PACIFIC,25276,https://www.vlr.gg/25276/nexus-vs-eps-gaming-champions-tour-japan-stage-3-challengers-1-group-f,538,2021-07-04,8:00 PM
PACIFIC,25277,https://www.vlr.gg/25277/servelal-e-sports-vs-fennel-champions-tour-japan-stage-3-challengers-1-group-f,538,2021-07-04,8:00 PM
PACIFIC,25278,https://www.vlr.gg/25278/second-chance-vs-shimada-family-champions-tour-japan-stage-3-challengers-1-group-f,538,2021-07-04,8:00 PM
PACIFIC,25290,https://www.vlr.gg/25290/the-shables-vs-orb-garden-gaming-mut-champions-tour-japan-stage-3-challengers-1-group-g,538,2021-07-04,8:00 PM
PACIFIC,25291,https://www.vlr.gg/25291/ll-vs-click-five-champions-tour-japan-stage-3-challengers-1-group-g,538,2021-07-04,8:00 PM
PACIFIC,25292,https://www.vlr.gg/25292/nori-nori-yoshinori-vs-hexad-champions-tour-japan-stage-3-challengers-1-group-g,538,2021-07-04,8:00 PM
PACIFIC,25305,https://www.vlr.gg/25305/geko-geko-vs-yoru-champions-tour-japan-stage-3-challengers-1-group-h,538,2021-07-04,8:00 PM
PACIFIC,25306,https://www.vlr.gg/25306/mirage-vs-flexible-champions-tour-japan-stage-3-challengers-1-group-h,538,2021-07-04,8:00 PM
PACIFIC,25148,https://www.vlr.gg/25148/crazy-raccoon-vs-fav-gaming-champions-tour-japan-stage-3-challengers-1-group-h,538,2021-07-04,8:15 PM
PACIFIC,26087,https://www.vlr.gg/26087/icicle-conflict-vs-zeta-division-champions-tour-japan-stage-3-challengers-1-group-a,538,2021-07-10,8:55 AM
PACIFIC,26088,https://www.vlr.gg/26088/northeption-vs-setouchi-enlife-champions-tour-japan-stage-3-challengers-1-group-a,538,2021-07-10,10:55 AM
PACIFIC,26089,https://www.vlr.gg/26089/icicle-conflict-vs-northeption-champions-tour-japan-stage-3-challengers-1-group-a,538,2021-07-10,1:00 PM
PACIFIC,26090,https://www.vlr.gg/26090/zeta-division-vs-setouchi-enlife-champions-tour-japan-stage-3-challengers-1-group-a,538,2021-07-10,2:55 PM
PACIFIC,26091,https://www.vlr.gg/26091/icicle-conflict-vs-setouchi-enlife-champions-tour-japan-stage-3-challengers-1-group-a,538,2021-07-10,5:00 PM
PACIFIC,26092,https://www.vlr.gg/26092/zeta-division-vs-northeption-champions-tour-japan-stage-3-challengers-1-group-a,538,2021-07-10,7:00 PM
PACIFIC,26093,https://www.vlr.gg/26093/blackbird-ignis-vs-crazy-raccoon-champions-tour-japan-stage-3-challengers-1-group-b,538,2021-07-11,8:55 AM
PACIFIC,26094,https://www.vlr.gg/26094/storks-phalanx-vs-gaming-team-selector-champions-tour-japan-stage-3-challengers-1-group-b,538,2021-07-11,10:55 AM
PACIFIC,26095,https://www.vlr.gg/26095/blackbird-ignis-vs-storks-phalanx-champions-tour-japan-stage-3-challengers-1-group-b,538,2021-07-11,1:05 PM
PACIFIC,26096,https://www.vlr.gg/26096/crazy-raccoon-vs-gaming-team-selector-champions-tour-japan-stage-3-challengers-1-group-b,538,2021-07-11,3:25 PM
PACIFIC,26097,https://www.vlr.gg/26097/blackbird-ignis-vs-gaming-team-selector-champions-tour-japan-stage-3-challengers-1-group-b,538,2021-07-11,5:40 PM
PACIFIC,26098,https://www.vlr.gg/26098/crazy-raccoon-vs-storks-phalanx-champions-tour-japan-stage-3-challengers-1-group-b,538,2021-07-11,8:20 PM
PACIFIC,15780,https://www.vlr.gg/15780/order-vs-nebula-oceania-tour-stage-02-open-qual-1-ro16,403,2021-04-08,6:00 PM
PACIFIC,15781,https://www.vlr.gg/15781/paradox-esports-vs-overpalastrike-oceania-tour-stage-02-open-qual-1-ro16,403,2021-04-08,6:00 PM
PACIFIC,15782,https://www.vlr.gg/15782/wildcard-gaming-vs-mcteam-oceania-tour-stage-02-open-qual-1-ro16,403,2021-04-08,6:00 PM
PACIFIC,15783,https://www.vlr.gg/15783/bandits-vs-team-bliss-oceania-tour-stage-02-open-qual-1-ro16,403,2021-04-08,6:00 PM
PACIFIC,15784,https://www.vlr.gg/15784/straight-outta-the-zoo-vs-grinch-gang-oceania-tour-stage-02-open-qual-1-ro16,403,2021-04-08,6:00 PM
PACIFIC,15785,https://www.vlr.gg/15785/agg-vs-kanga-esports-oceania-tour-stage-02-open-qual-1-ro16,403,2021-04-08,6:00 PM
PACIFIC,15786,https://www.vlr.gg/15786/dire-wolves-vs-tilted-oceania-tour-stage-02-open-qual-1-ro16,403,2021-04-08,6:00 PM
PACIFIC,15787,https://www.vlr.gg/15787/orgless-vs-mindfreak-oceania-tour-stage-02-open-qual-1-ro16,403,2021-04-08,6:00 PM
PACIFIC,15793,https://www.vlr.gg/15793/order-vs-paradox-esports-oceania-tour-stage-02-open-qual-1-qf,403,2021-04-09,4:00 PM
PACIFIC,15794,https://www.vlr.gg/15794/wildcard-gaming-vs-team-bliss-oceania-tour-stage-02-open-qual-1-qf,403,2021-04-09,4:00 PM
PACIFIC,15795,https://www.vlr.gg/15795/straight-outta-the-zoo-vs-kanga-esports-oceania-tour-stage-02-open-qual-1-qf,403,2021-04-09,6:30 PM
PACIFIC,15796,https://www.vlr.gg/15796/dire-wolves-vs-mindfreak-oceania-tour-stage-02-open-qual-1-qf,403,2021-04-09,6:30 PM
PACIFIC,15797,https://www.vlr.gg/15797/order-vs-wildcard-gaming-oceania-tour-stage-02-open-qual-1-sf,403,2021-04-11,10:00 AM
PACIFIC,15798,https://www.vlr.gg/15798/straight-outta-the-zoo-vs-mindfreak-oceania-tour-stage-02-open-qual-1-sf,403,2021-04-11,10:00 AM
PACIFIC,16291,https://www.vlr.gg/16291/team-bliss-vs-paradox-esports-oceania-tour-stage-02-open-qual-1-secondary-sf,403,2021-04-11,10:00 AM
PACIFIC,16292,https://www.vlr.gg/16292/dire-wolves-vs-kanga-esports-oceania-tour-stage-02-open-qual-1-secondary-sf,403,2021-04-11,10:00 AM
PACIFIC,16295,https://www.vlr.gg/16295/team-bliss-vs-kanga-esports-oceania-tour-stage-02-open-qual-1-5-6th-match,403,2021-04-11,12:00 PM
PACIFIC,16296,https://www.vlr.gg/16296/paradox-esports-vs-dire-wolves-oceania-tour-stage-02-open-qual-1-7-8th-match,403,2021-04-11,12:00 PM
PACIFIC,15799,https://www.vlr.gg/15799/order-vs-mindfreak-oceania-tour-stage-02-open-qual-1-gf,403,2021-04-11,1:00 PM
PACIFIC,15828,https://www.vlr.gg/15828/wildcard-gaming-vs-straight-outta-the-zoo-oceania-tour-stage-02-open-qual-1-cf,403,2021-04-11,1:00 PM
PACIFIC,16693,https://www.vlr.gg/16693/order-vs-dire-wolves-oceania-tour-stage-02-closed-qual-1-ubqf,403,2021-04-22,4:00 PM
PACIFIC,16694,https://www.vlr.gg/16694/straight-outta-the-zoo-vs-team-bliss-oceania-tour-stage-02-closed-qual-1-ubqf,403,2021-04-22,5:00 PM
PACIFIC,16696,https://www.vlr.gg/16696/mindfreak-vs-paradox-esports-oceania-tour-stage-02-closed-qual-1-ubqf,403,2021-04-22,6:00 PM
PACIFIC,17179,https://www.vlr.gg/17179/straight-outta-the-zoo-vs-dire-wolves-oceania-tour-stage-02-closed-qual-1-lr1,403,2021-04-22,6:00 PM
PACIFIC,16695,https://www.vlr.gg/16695/wildcard-gaming-vs-kanga-esports-oceania-tour-stage-02-closed-qual-1-ubqf,403,2021-04-22,7:10 PM
PACIFIC,17180,https://www.vlr.gg/17180/kanga-esports-vs-paradox-esports-oceania-tour-stage-02-closed-qual-1-lr1,403,2021-04-23,4:00 PM
PACIFIC,17182,https://www.vlr.gg/17182/mindfreak-vs-wildcard-gaming-oceania-tour-stage-02-closed-qual-1-ubsf,403,2021-04-23,4:00 PM
PACIFIC,17181,https://www.vlr.gg/17181/order-vs-team-bliss-oceania-tour-stage-02-closed-qual-1-ubsf,403,2021-04-23,7:10 PM
PACIFIC,17235,https://www.vlr.gg/17235/mindfreak-vs-straight-outta-the-zoo-oceania-tour-stage-02-closed-qual-1-lr2,403,2021-04-23,7:15 PM
PACIFIC,17236,https://www.vlr.gg/17236/team-bliss-vs-paradox-esports-oceania-tour-stage-02-closed-qual-1-lr2,403,2021-04-24,8:40 AM
PACIFIC,17238,https://www.vlr.gg/17238/order-vs-wildcard-gaming-oceania-tour-stage-02-closed-qual-1-ubf,403,2021-04-24,10:10 AM
PACIFIC,17239,https://www.vlr.gg/17239/straight-outta-the-zoo-vs-team-bliss-oceania-tour-stage-02-closed-qual-1-lr3,403,2021-04-24,12:45 PM
PACIFIC,17240,https://www.vlr.gg/17240/wildcard-gaming-vs-team-bliss-oceania-tour-stage-02-closed-qual-1-lbf,403,2021-04-24,3:45 PM
PACIFIC,17241,https://www.vlr.gg/17241/order-vs-team-bliss-oceania-tour-stage-02-closed-qual-1-gf,403,2021-04-25,2:00 PM
PACIFIC,17674,https://www.vlr.gg/17674/team-kick-it-vs-dgenz-oceania-tour-stage-02-open-qual-2-ro16,403,2021-04-29,4:00 PM
PACIFIC,17675,https://www.vlr.gg/17675/frat-frogs-vs-mcteam-oceania-tour-stage-02-open-qual-2-ro16,403,2021-04-29,4:00 PM
PACIFIC,17676,https://www.vlr.gg/17676/shadownet-vs-tyrant-esports-oceania-tour-stage-02-open-qual-2-ro16,403,2021-04-29,4:00 PM
PACIFIC,17677,https://www.vlr.gg/17677/new-haven-vs-tinyturtles-oceania-tour-stage-02-open-qual-2-ro16,403,2021-04-29,4:00 PM
PACIFIC,17678,https://www.vlr.gg/17678/tilted-vs-1620-kings-oceania-tour-stage-02-open-qual-2-ro16,403,2021-04-29,4:00 PM
PACIFIC,17679,https://www.vlr.gg/17679/esshayyy-vs-nebula-oceania-tour-stage-02-open-qual-2-ro16,403,2021-04-29,4:00 PM
PACIFIC,17680,https://www.vlr.gg/17680/bandits-vs-bizarre-gaming-oceania-tour-stage-02-open-qual-2-ro16,403,2021-04-29,4:00 PM
PACIFIC,17681,https://www.vlr.gg/17681/mixed-reality-vs-parsians-oceania-tour-stage-02-open-qual-2-ro16,403,2021-04-29,4:00 PM
PACIFIC,17691,https://www.vlr.gg/17691/dgenz-vs-mcteam-oceania-tour-stage-02-open-qual-2-qf,403,2021-04-30,4:00 PM
PACIFIC,17692,https://www.vlr.gg/17692/tyrant-esports-vs-tinyturtles-oceania-tour-stage-02-open-qual-2-qf,403,2021-04-30,4:00 PM
PACIFIC,17693,https://www.vlr.gg/17693/1620-kings-vs-nebula-oceania-tour-stage-02-open-qual-2-qf,403,2021-04-30,6:30 PM
PACIFIC,17694,https://www.vlr.gg/17694/bandits-vs-parsians-oceania-tour-stage-02-open-qual-2-qf,403,2021-04-30,6:30 PM
PACIFIC,17695,https://www.vlr.gg/17695/mcteam-vs-tyrant-esports-oceania-tour-stage-02-open-qual-2-sf,403,2021-05-02,10:00 AM
PACIFIC,17697,https://www.vlr.gg/17697/mcteam-vs-bandits-oceania-tour-stage-02-open-qual-2-cf,403,2021-05-02,12:30 PM
PACIFIC,17698,https://www.vlr.gg/17698/tyrant-esports-vs-nebula-oceania-tour-stage-02-open-qual-2-gf,403,2021-05-02,3:40 PM
PACIFIC,17696,https://www.vlr.gg/17696/nebula-vs-bandits-oceania-tour-stage-02-open-qual-2-sf,403,2021-05-02,TBD
PACIFIC,18649,https://www.vlr.gg/18649/mindfreak-vs-bandits-oceania-tour-stage-02-closed-qual-2-ubqf,403,2021-05-13,3:30 PM
PACIFIC,18650,https://www.vlr.gg/18650/nebula-vs-dire-wolves-oceania-tour-stage-02-closed-qual-2-ubqf,403,2021-05-13,4:30 PM
PACIFIC,18651,https://www.vlr.gg/18651/mcbtsmac-vs-tyrant-esports-oceania-tour-stage-02-closed-qual-2-ubqf,403,2021-05-13,5:30 PM
PACIFIC,18652,https://www.vlr.gg/18652/mcteam-vs-paradox-esports-oceania-tour-stage-02-closed-qual-2-ubqf,403,2021-05-13,6:30 PM
PACIFIC,18656,https://www.vlr.gg/18656/tyrant-esports-vs-mcteam-oceania-tour-stage-02-closed-qual-2-lbr1,403,2021-05-14,3:30 PM
PACIFIC,18655,https://www.vlr.gg/18655/bandits-vs-dire-wolves-oceania-tour-stage-02-closed-qual-2-lbr1,403,2021-05-14,6:00 PM
PACIFIC,18653,https://www.vlr.gg/18653/mindfreak-vs-nebula-oceania-tour-stage-02-closed-qual-2-ubsf,403,2021-05-15,12:30 PM
PACIFIC,18654,https://www.vlr.gg/18654/mcbtsmac-vs-paradox-esports-oceania-tour-stage-02-closed-qual-2-ubsf,403,2021-05-15,2:00 PM
PACIFIC,18657,https://www.vlr.gg/18657/paradox-esports-vs-dire-wolves-oceania-tour-stage-02-closed-qual-2-lbr2,403,2021-05-16,12:30 PM
PACIFIC,18658,https://www.vlr.gg/18658/nebula-vs-tyrant-esports-oceania-tour-stage-02-closed-qual-2-lbr2,403,2021-05-16,3:00 PM
PACIFIC,19819,https://www.vlr.gg/19819/order-vs-nebula-oceania-tour-stage-02-ubqf,403,2021-06-02,3:30 PM
PACIFIC,19821,https://www.vlr.gg/19821/team-bliss-vs-dire-wolves-oceania-tour-stage-02-ubqf,403,2021-06-02,3:30 PM
PACIFIC,19820,https://www.vlr.gg/19820/straight-outta-the-zoo-vs-mindfreak-oceania-tour-stage-02-ubqf,403,2021-06-02,5:30 PM
PACIFIC,19822,https://www.vlr.gg/19822/wildcard-gaming-vs-mcbtsmac-oceania-tour-stage-02-ubqf,403,2021-06-02,5:50 PM
PACIFIC,21209,https://www.vlr.gg/21209/order-vs-mindfreak-oceania-tour-stage-02-ubsf,403,2021-06-03,3:30 PM
PACIFIC,21211,https://www.vlr.gg/21211/nebula-vs-straight-outta-the-zoo-oceania-tour-stage-02-lbr1,403,2021-06-03,3:30 PM
PACIFIC,21210,https://www.vlr.gg/21210/team-bliss-vs-wildcard-gaming-oceania-tour-stage-02-ubsf,403,2021-06-03,5:40 PM
PACIFIC,21212,https://www.vlr.gg/21212/dire-wolves-vs-mcbtsmac-oceania-tour-stage-02-lbr1,403,2021-06-03,6:20 PM
PACIFIC,21358,https://www.vlr.gg/21358/team-bliss-vs-nebula-oceania-tour-stage-02-lbr2,403,2021-06-04,3:30 PM
PACIFIC,21359,https://www.vlr.gg/21359/mindfreak-vs-mcbtsmac-oceania-tour-stage-02-lbr2,403,2021-06-04,6:00 PM
PACIFIC,21357,https://www.vlr.gg/21357/order-vs-wildcard-gaming-oceania-tour-stage-02-uf,403,2021-06-05,12:30 PM
PACIFIC,21419,https://www.vlr.gg/21419/nebula-vs-mcbtsmac-oceania-tour-stage-02-lbr3,403,2021-06-05,12:30 PM
PACIFIC,21550,https://www.vlr.gg/21550/order-vs-mcbtsmac-oceania-tour-stage-02-lbf,403,2021-06-05,3:30 PM
PACIFIC,21551,https://www.vlr.gg/21551/wildcard-gaming-vs-order-oceania-tour-stage-02-gf,403,2021-06-06,12:30 PM
PACIFIC,15385,https://www.vlr.gg/15385/feel-so-good-vs-nora-rengo-champions-tour-korea-stage-2-challengers-group-a,426,2021-04-03,12:00 PM
PACIFIC,15388,https://www.vlr.gg/15388/nuturn-vs-team-sacrafice-champions-tour-korea-stage-2-challengers-group-b,426,2021-04-03,12:00 PM
PACIFIC,15389,https://www.vlr.gg/15389/our-finale-story-vs-food-eat-champions-tour-korea-stage-2-challengers-group-b,426,2021-04-03,12:00 PM
PACIFIC,15394,https://www.vlr.gg/15394/saviors-vs-spear-gaming-champions-tour-korea-stage-2-challengers-group-c,426,2021-04-03,12:00 PM
PACIFIC,15397,https://www.vlr.gg/15397/mujig-100su-vs-gehenna-sweepers-champions-tour-korea-stage-2-challengers-group-d,426,2021-04-03,12:00 PM
PACIFIC,15386,https://www.vlr.gg/15386/vision-strikers-vs-nora-rengo-champions-tour-korea-stage-2-challengers-group-a,426,2021-04-03,3:00 PM
PACIFIC,15390,https://www.vlr.gg/15390/nuturn-vs-food-eat-champions-tour-korea-stage-2-challengers-group-b,426,2021-04-03,3:00 PM
PACIFIC,15392,https://www.vlr.gg/15392/team-sacrafice-vs-our-finale-story-champions-tour-korea-stage-2-challengers-group-b,426,2021-04-03,3:00 PM
PACIFIC,15395,https://www.vlr.gg/15395/rio-company-vs-spear-gaming-champions-tour-korea-stage-2-challengers-group-c,426,2021-04-03,3:00 PM
PACIFIC,15398,https://www.vlr.gg/15398/damwon-gaming-vs-gehenna-sweepers-champions-tour-korea-stage-2-challengers-group-d,426,2021-04-03,3:00 PM
PACIFIC,15387,https://www.vlr.gg/15387/vision-strikers-vs-feel-so-good-champions-tour-korea-stage-2-challengers-group-a,426,2021-04-03,5:00 PM
PACIFIC,15391,https://www.vlr.gg/15391/nuturn-vs-our-finale-story-champions-tour-korea-stage-2-challengers-group-b,426,2021-04-03,5:00 PM
PACIFIC,15393,https://www.vlr.gg/15393/food-eat-vs-team-sacrafice-champions-tour-korea-stage-2-challengers-group-b,426,2021-04-03,5:00 PM
PACIFIC,15396,https://www.vlr.gg/15396/rio-company-vs-saviors-champions-tour-korea-stage-2-challengers-group-c,426,2021-04-03,5:00 PM
PACIFIC,15399,https://www.vlr.gg/15399/damwon-gaming-vs-mujig-100su-champions-tour-korea-stage-2-challengers-group-d,426,2021-04-03,5:00 PM
PACIFIC,15400,https://www.vlr.gg/15400/tnl-esports-vs-noble-experience-champions-tour-korea-stage-2-challengers-group-e,426,2021-04-04,12:00 PM
PACIFIC,15401,https://www.vlr.gg/15401/swion-gaming-vs-i-need-girlfriend-champions-tour-korea-stage-2-challengers-group-e,426,2021-04-04,12:00 PM
PACIFIC,15406,https://www.vlr.gg/15406/goma-vs-ryu-gaming-champions-tour-korea-stage-2-challengers-group-f,426,2021-04-04,12:00 PM
PACIFIC,15409,https://www.vlr.gg/15409/f4q-vs-world-game-star-champions-tour-korea-stage-2-challengers-group-g,426,2021-04-04,12:00 PM
PACIFIC,15410,https://www.vlr.gg/15410/fatal-vs-kpm-champions-tour-korea-stage-2-challengers-group-g,426,2021-04-04,12:00 PM
PACIFIC,15415,https://www.vlr.gg/15415/tubeple-gaming-vs-autocracy-champions-tour-korea-stage-2-challengers-group-h,426,2021-04-04,12:00 PM
PACIFIC,15416,https://www.vlr.gg/15416/sting-vs-amolrang-champions-tour-korea-stage-2-challengers-group-h,426,2021-04-04,12:00 PM
PACIFIC,15402,https://www.vlr.gg/15402/tnl-esports-vs-i-need-girlfriend-champions-tour-korea-stage-2-challengers-group-e,426,2021-04-04,3:00 PM
PACIFIC,15403,https://www.vlr.gg/15403/noble-experience-vs-swion-gaming-champions-tour-korea-stage-2-challengers-group-e,426,2021-04-04,3:00 PM
PACIFIC,15407,https://www.vlr.gg/15407/gongo-prince-vs-ryu-gaming-champions-tour-korea-stage-2-challengers-group-f,426,2021-04-04,3:00 PM
PACIFIC,15411,https://www.vlr.gg/15411/f4q-vs-kpm-champions-tour-korea-stage-2-challengers-group-g,426,2021-04-04,3:00 PM
PACIFIC,15412,https://www.vlr.gg/15412/world-game-star-vs-fatal-champions-tour-korea-stage-2-challengers-group-g,426,2021-04-04,3:00 PM
PACIFIC,15417,https://www.vlr.gg/15417/tubeple-gaming-vs-amolrang-champions-tour-korea-stage-2-challengers-group-h,426,2021-04-04,3:00 PM
PACIFIC,15418,https://www.vlr.gg/15418/autocracy-vs-sting-champions-tour-korea-stage-2-challengers-group-h,426,2021-04-04,3:00 PM
PACIFIC,15408,https://www.vlr.gg/15408/gongo-prince-vs-goma-champions-tour-korea-stage-2-challengers-group-f,426,2021-04-04,5:00 PM
PACIFIC,15404,https://www.vlr.gg/15404/tnl-esports-vs-swion-gaming-champions-tour-korea-stage-2-challengers-group-e,426,2021-04-04,6:00 PM
PACIFIC,15405,https://www.vlr.gg/15405/i-need-girlfriend-vs-noble-experience-champions-tour-korea-stage-2-challengers-group-e,426,2021-04-04,6:00 PM
PACIFIC,15413,https://www.vlr.gg/15413/f4q-vs-fatal-champions-tour-korea-stage-2-challengers-group-g,426,2021-04-04,6:00 PM
PACIFIC,15414,https://www.vlr.gg/15414/kpm-vs-world-game-star-champions-tour-korea-stage-2-challengers-group-g,426,2021-04-04,6:00 PM
PACIFIC,15419,https://www.vlr.gg/15419/tubeple-gaming-vs-sting-champions-tour-korea-stage-2-challengers-group-h,426,2021-04-04,6:00 PM
PACIFIC,15420,https://www.vlr.gg/15420/amolrang-vs-autocracy-champions-tour-korea-stage-2-challengers-group-h,426,2021-04-04,6:00 PM
PACIFIC,15746,https://www.vlr.gg/15746/f4q-vs-i-need-girlfriend-champions-tour-korea-stage-2-challengers-opening-a,426,2021-04-08,2:30 PM
PACIFIC,15747,https://www.vlr.gg/15747/vision-strikers-vs-world-game-star-champions-tour-korea-stage-2-challengers-opening-a,426,2021-04-08,5:30 PM
PACIFIC,15751,https://www.vlr.gg/15751/damwon-gaming-vs-food-eat-champions-tour-korea-stage-2-challengers-opening-b,426,2021-04-09,2:30 PM
PACIFIC,15752,https://www.vlr.gg/15752/nuturn-vs-autocracy-champions-tour-korea-stage-2-challengers-opening-b,426,2021-04-09,5:20 PM
PACIFIC,15756,https://www.vlr.gg/15756/gongo-prince-vs-feel-so-good-champions-tour-korea-stage-2-challengers-opening-c,426,2021-04-10,2:30 PM
PACIFIC,15757,https://www.vlr.gg/15757/rio-company-vs-spear-gaming-champions-tour-korea-stage-2-challengers-opening-c,426,2021-04-10,5:30 PM
PACIFIC,15761,https://www.vlr.gg/15761/tnl-esports-vs-gehenna-sweepers-champions-tour-korea-stage-2-challengers-opening-d,426,2021-04-11,2:30 PM
PACIFIC,15762,https://www.vlr.gg/15762/tubeple-gaming-vs-goma-champions-tour-korea-stage-2-challengers-opening-d,426,2021-04-11,5:20 PM
PACIFIC,15749,https://www.vlr.gg/15749/i-need-girlfriend-vs-world-game-star-champions-tour-korea-stage-2-challengers-elimination-a,426,2021-04-15,2:55 PM
PACIFIC,15748,https://www.vlr.gg/15748/f4q-vs-vision-strikers-champions-tour-korea-stage-2-challengers-winners-a,426,2021-04-15,5:20 PM
PACIFIC,15754,https://www.vlr.gg/15754/food-eat-vs-autocracy-champions-tour-korea-stage-2-challengers-elimination-b,426,2021-04-16,2:30 PM
PACIFIC,15753,https://www.vlr.gg/15753/damwon-gaming-vs-nuturn-champions-tour-korea-stage-2-challengers-winners-b,426,2021-04-16,5:30 PM
PACIFIC,15759,https://www.vlr.gg/15759/feel-so-good-vs-spear-gaming-champions-tour-korea-stage-2-challengers-elimination-c,426,2021-04-17,2:30 PM
PACIFIC,15758,https://www.vlr.gg/15758/gongo-prince-vs-rio-company-champions-tour-korea-stage-2-challengers-winners-c,426,2021-04-17,7:00 PM
PACIFIC,15764,https://www.vlr.gg/15764/gehenna-sweepers-vs-goma-champions-tour-korea-stage-2-challengers-elimination-d,426,2021-04-18,2:30 PM
PACIFIC,15763,https://www.vlr.gg/15763/tnl-esports-vs-tubeple-gaming-champions-tour-korea-stage-2-challengers-winners-d,426,2021-04-18,5:30 PM
PACIFIC,15750,https://www.vlr.gg/15750/vision-strikers-vs-i-need-girlfriend-champions-tour-korea-stage-2-challengers-decider-a,426,2021-04-24,2:30 PM
PACIFIC,15755,https://www.vlr.gg/15755/damwon-gaming-vs-autocracy-champions-tour-korea-stage-2-challengers-decider-b,426,2021-04-24,6:30 PM
PACIFIC,15760,https://www.vlr.gg/15760/gongo-prince-vs-spear-gaming-champions-tour-korea-stage-2-challengers-decider-c,426,2021-04-25,2:30 PM
PACIFIC,15765,https://www.vlr.gg/15765/tubeple-gaming-vs-goma-champions-tour-korea-stage-2-challengers-decider-d,426,2021-04-25,6:00 PM
PACIFIC,15766,https://www.vlr.gg/15766/rio-company-vs-tubeple-gaming-champions-tour-korea-stage-2-challengers-qf,426,2021-04-29,2:45 PM
PACIFIC,15767,https://www.vlr.gg/15767/f4q-vs-damwon-gaming-champions-tour-korea-stage-2-challengers-qf,426,2021-04-29,5:50 PM
PACIFIC,15768,https://www.vlr.gg/15768/nuturn-vs-gongo-prince-champions-tour-korea-stage-2-challengers-qf,426,2021-04-30,2:45 PM
PACIFIC,15769,https://www.vlr.gg/15769/tnl-esports-vs-vision-strikers-champions-tour-korea-stage-2-challengers-qf,426,2021-04-30,5:50 PM
PACIFIC,15770,https://www.vlr.gg/15770/rio-company-vs-damwon-gaming-champions-tour-korea-stage-2-challengers-sf,426,2021-05-01,3:00 PM
PACIFIC,15771,https://www.vlr.gg/15771/nuturn-vs-vision-strikers-champions-tour-korea-stage-2-challengers-sf,426,2021-05-01,6:45 PM
PACIFIC,15772,https://www.vlr.gg/15772/damwon-gaming-vs-nuturn-champions-tour-korea-stage-2-challengers-gf,426,2021-05-02,3:00 PM
PACIFIC,17584,https://www.vlr.gg/17584/cerberus-esports-vs-boom-esports-champions-tour-sea-stage-2-challengers-finals-main-event-ubr1,429,2021-04-29,1:00 PM
PACIFIC,17585,https://www.vlr.gg/17585/fearus-vs-6045pirates-champions-tour-sea-stage-2-challengers-finals-main-event-ubr1,429,2021-04-29,3:00 PM
PACIFIC,17587,https://www.vlr.gg/17587/full-sense-vs-paper-rex-champions-tour-sea-stage-2-challengers-finals-main-event-qf,429,2021-04-29,5:00 PM
PACIFIC,17588,https://www.vlr.gg/17588/x10-esports-vs-cbt-gaming-champions-tour-sea-stage-2-challengers-finals-main-event-qf,429,2021-04-29,8:15 PM
PACIFIC,17586,https://www.vlr.gg/17586/bren-esports-vs-boom-esports-champions-tour-sea-stage-2-challengers-finals-main-event-qf,429,2021-04-30,1:00 PM
PACIFIC,17589,https://www.vlr.gg/17589/nxl-ligagame-vs-6045pirates-champions-tour-sea-stage-2-challengers-finals-main-event-qf,429,2021-04-30,2:00 PM
PACIFIC,17590,https://www.vlr.gg/17590/bren-esports-vs-paper-rex-champions-tour-sea-stage-2-challengers-finals-main-event-sf,429,2021-04-30,4:45 PM
PACIFIC,17591,https://www.vlr.gg/17591/6045pirates-vs-x10-esports-champions-tour-sea-stage-2-challengers-finals-main-event-sf,429,2021-04-30,8:00 PM
PACIFIC,17592,https://www.vlr.gg/17592/nxl-ligagame-vs-cerberus-esports-champions-tour-sea-stage-2-challengers-finals-main-event-lbr1,429,2021-05-01,1:00 PM
PACIFIC,17593,https://www.vlr.gg/17593/boom-esports-vs-fearus-champions-tour-sea-stage-2-challengers-finals-main-event-lbr1,429,2021-05-01,2:00 PM
PACIFIC,17594,https://www.vlr.gg/17594/cbt-gaming-vs-nxl-ligagame-champions-tour-sea-stage-2-challengers-finals-main-event-lbr2,429,2021-05-01,3:00 PM
PACIFIC,17595,https://www.vlr.gg/17595/full-sense-vs-boom-esports-champions-tour-sea-stage-2-challengers-finals-main-event-lbr2,429,2021-05-01,4:00 PM
PACIFIC,17596,https://www.vlr.gg/17596/bren-esports-vs-nxl-ligagame-champions-tour-sea-stage-2-challengers-finals-main-event-lbr3,429,2021-05-01,5:00 PM
PACIFIC,17597,https://www.vlr.gg/17597/6045pirates-vs-full-sense-champions-tour-sea-stage-2-challengers-finals-main-event-lbr3,429,2021-05-01,6:35 PM
PACIFIC,17602,https://www.vlr.gg/17602/paper-rex-vs-x10-esports-champions-tour-sea-stage-2-challengers-finals-main-event-uf,429,2021-05-01,7:30 PM
PACIFIC,17598,https://www.vlr.gg/17598/nxl-ligagame-vs-full-sense-champions-tour-sea-stage-2-challengers-finals-main-event-lbr4,429,2021-05-01,10:30 PM
PACIFIC,17599,https://www.vlr.gg/17599/paper-rex-vs-full-sense-champions-tour-sea-stage-2-challengers-finals-main-event-lbf,429,2021-05-02,1:00 PM
PACIFIC,17600,https://www.vlr.gg/17600/x10-esports-vs-full-sense-champions-tour-sea-stage-2-challengers-finals-main-event-gf,429,2021-05-02,5:00 PM
PACIFIC,17421,https://www.vlr.gg/17421/northeption-vs-lag-gaming-champions-tour-japan-stage-2-challengers-finals-main-event-ubqf,441,2021-04-29,10:00 AM
PACIFIC,17437,https://www.vlr.gg/17437/reject-vs-crazy-raccoon-champions-tour-japan-stage-2-challengers-finals-main-event-ubqf,441,2021-04-29,1:05 PM
PACIFIC,17438,https://www.vlr.gg/17438/scarz-vs-fav-gaming-champions-tour-japan-stage-2-challengers-finals-main-event-ubqf,441,2021-04-29,3:15 PM
PACIFIC,17439,https://www.vlr.gg/17439/fennel-vs-absolute-jupiter-champions-tour-japan-stage-2-challengers-finals-main-event-ubqf,441,2021-04-29,6:30 PM
PACIFIC,17428,https://www.vlr.gg/17428/lag-gaming-vs-reject-champions-tour-japan-stage-2-challengers-finals-main-event-lbr1,441,2021-04-30,10:00 AM
PACIFIC,17429,https://www.vlr.gg/17429/fav-gaming-vs-fennel-champions-tour-japan-stage-2-challengers-finals-main-event-lbr1,441,2021-04-30,1:35 PM
PACIFIC,17426,https://www.vlr.gg/17426/northeption-vs-crazy-raccoon-champions-tour-japan-stage-2-challengers-finals-main-event-ubsf,441,2021-04-30,4:00 PM
PACIFIC,17427,https://www.vlr.gg/17427/scarz-vs-absolute-jupiter-champions-tour-japan-stage-2-challengers-finals-main-event-ubsf,441,2021-04-30,7:50 PM
PACIFIC,17430,https://www.vlr.gg/17430/scarz-vs-reject-champions-tour-japan-stage-2-challengers-finals-main-event-lbr2,441,2021-05-01,10:15 AM
PACIFIC,17431,https://www.vlr.gg/17431/northeption-vs-fav-gaming-champions-tour-japan-stage-2-challengers-finals-main-event-lbr2,441,2021-05-01,1:00 PM
PACIFIC,17425,https://www.vlr.gg/17425/crazy-raccoon-vs-absolute-jupiter-champions-tour-japan-stage-2-challengers-finals-main-event-ubf,441,2021-05-01,4:00 PM
PACIFIC,17432,https://www.vlr.gg/17432/reject-vs-fav-gaming-champions-tour-japan-stage-2-challengers-finals-main-event-lbr3,441,2021-05-01,8:00 PM
PACIFIC,17433,https://www.vlr.gg/17433/absolute-jupiter-vs-reject-champions-tour-japan-stage-2-challengers-finals-main-event-lbf,441,2021-05-02,12:30 PM
PACIFIC,17434,https://www.vlr.gg/17434/crazy-raccoon-vs-absolute-jupiter-champions-tour-japan-stage-2-challengers-finals-main-event-gf,441,2021-05-02,3:20 PM
PACIFIC,16866,https://www.vlr.gg/16866/sbtc-esports-vs-5ravens-champions-tour-vietnam-stage-2-challengers-main-event-ubr1,395,2021-04-20,3:00 PM
PACIFIC,16867,https://www.vlr.gg/16867/no-hope-gaming-vs-tiamat-champions-tour-vietnam-stage-2-challengers-main-event-ubr1,395,2021-04-20,5:00 PM
PACIFIC,16868,https://www.vlr.gg/16868/kantic-gaming-vs-cerberus-esports-champions-tour-vietnam-stage-2-challengers-main-event-ubr1,395,2021-04-20,7:00 PM
PACIFIC,16869,https://www.vlr.gg/16869/fancy-united-esports-vs-yamagan-champions-tour-vietnam-stage-2-challengers-main-event-ubr1,395,2021-04-20,9:00 PM
PACIFIC,16870,https://www.vlr.gg/16870/steal-your-glory-vs-sbtc-esports-champions-tour-vietnam-stage-2-challengers-main-event-qf,395,2021-04-21,3:00 PM
PACIFIC,16871,https://www.vlr.gg/16871/divisionx-gaming-vs-no-hope-gaming-champions-tour-vietnam-stage-2-challengers-main-event-qf,395,2021-04-21,5:00 PM
PACIFIC,16872,https://www.vlr.gg/16872/ego-vs-cerberus-esports-champions-tour-vietnam-stage-2-challengers-main-event-qf,395,2021-04-21,8:00 PM
PACIFIC,16873,https://www.vlr.gg/16873/fearus-vs-yamagan-champions-tour-vietnam-stage-2-challengers-main-event-qf,395,2021-04-21,10:30 PM
PACIFIC,17081,https://www.vlr.gg/17081/sbtc-esports-vs-fancy-united-esports-champions-tour-vietnam-stage-2-challengers-main-event-lbr1,395,2021-04-22,3:00 PM
PACIFIC,17079,https://www.vlr.gg/17079/ego-vs-tiamat-champions-tour-vietnam-stage-2-challengers-main-event-lbr1,395,2021-04-22,5:00 PM
PACIFIC,17080,https://www.vlr.gg/17080/divisionx-gaming-vs-kantic-gaming-champions-tour-vietnam-stage-2-challengers-main-event-lbr1,395,2021-04-22,7:00 PM
PACIFIC,17078,https://www.vlr.gg/17078/fearus-vs-5ravens-champions-tour-vietnam-stage-2-challengers-main-event-lbr1,395,2021-04-22,9:00 PM
PACIFIC,17214,https://www.vlr.gg/17214/sbtc-esports-vs-ego-champions-tour-vietnam-stage-2-challengers-main-event-lbr2,395,2021-04-23,3:00 PM
PACIFIC,17215,https://www.vlr.gg/17215/divisionx-gaming-vs-fearus-champions-tour-vietnam-stage-2-challengers-main-event-lbr2,395,2021-04-23,5:00 PM
PACIFIC,17153,https://www.vlr.gg/17153/steal-your-glory-vs-no-hope-gaming-champions-tour-vietnam-stage-2-challengers-main-event-ubsf,395,2021-04-23,7:00 PM
PACIFIC,17154,https://www.vlr.gg/17154/cerberus-esports-vs-yamagan-champions-tour-vietnam-stage-2-challengers-main-event-ubsf,395,2021-04-24,2:00 PM
PACIFIC,17324,https://www.vlr.gg/17324/steal-your-glory-vs-ego-champions-tour-vietnam-stage-2-challengers-main-event-lbr4,395,2021-04-24,3:20 PM
PACIFIC,17325,https://www.vlr.gg/17325/yamagan-vs-fearus-champions-tour-vietnam-stage-2-challengers-main-event-lbr4,395,2021-04-24,6:30 PM
PACIFIC,17326,https://www.vlr.gg/17326/no-hope-gaming-vs-cerberus-esports-champions-tour-vietnam-stage-2-challengers-main-event-uf,395,2021-04-24,9:45 PM
PACIFIC,17327,https://www.vlr.gg/17327/steal-your-glory-vs-fearus-champions-tour-vietnam-stage-2-challengers-main-event-lbr5,395,2021-04-25,12:00 AM
PACIFIC,17363,https://www.vlr.gg/17363/no-hope-gaming-vs-fearus-champions-tour-vietnam-stage-2-challengers-main-event-lbf,395,2021-04-25,6:00 PM
PACIFIC,17362,https://www.vlr.gg/17362/cerberus-esports-vs-fearus-champions-tour-vietnam-stage-2-challengers-main-event-gf,395,2021-04-25,9:05 PM
PACIFIC,17033,https://www.vlr.gg/17033/bigetron-astro-vs-way-esports-champions-tour-indonesia-stage-2-challengers-3-main-event-qf,421,2021-04-23,1:30 PM
PACIFIC,17034,https://www.vlr.gg/17034/morph-impact-vs-xcn-gaming-champions-tour-indonesia-stage-2-challengers-3-main-event-qf,421,2021-04-23,4:00 PM
PACIFIC,17035,https://www.vlr.gg/17035/alter-ego-vs-vvv-champions-tour-indonesia-stage-2-challengers-3-main-event-qf,421,2021-04-23,7:00 PM
PACIFIC,17036,https://www.vlr.gg/17036/boom-esports-vs-reckless-lads-champions-tour-indonesia-stage-2-challengers-3-main-event-qf,421,2021-04-24,1:30 PM
PACIFIC,17146,https://www.vlr.gg/17146/bigetron-astro-vs-morph-impact-champions-tour-indonesia-stage-2-challengers-3-main-event-sf,421,2021-04-24,4:00 PM
PACIFIC,17147,https://www.vlr.gg/17147/alter-ego-vs-boom-esports-champions-tour-indonesia-stage-2-challengers-3-main-event-sf,421,2021-04-24,7:00 PM
PACIFIC,17148,https://www.vlr.gg/17148/morph-impact-vs-alter-ego-champions-tour-indonesia-stage-2-challengers-3-main-event-bronze-match,421,2021-04-25,1:30 PM
PACIFIC,17149,https://www.vlr.gg/17149/bigetron-astro-vs-boom-esports-champions-tour-indonesia-stage-2-challengers-3-main-event-gf,421,2021-04-25,5:15 PM
PACIFIC,16219,https://www.vlr.gg/16219/thailand-attitude-vs-exorcist-esc-champions-tour-thailand-stage-2-challengers-2-qualifier-qf,422,2021-04-10,3:00 PM
PACIFIC,16220,https://www.vlr.gg/16220/jg-jiang-vs-toh-n-friends-champions-tour-thailand-stage-2-challengers-2-qualifier-qf,422,2021-04-10,3:00 PM
PACIFIC,16221,https://www.vlr.gg/16221/fully-vs-ghostfamily-e-sports-champions-tour-thailand-stage-2-challengers-2-qualifier-qf,422,2021-04-10,3:00 PM
PACIFIC,16222,https://www.vlr.gg/16222/aricat-esport-vs-foxy-araikordai-champions-tour-thailand-stage-2-challengers-2-qualifier-qf,422,2021-04-10,3:00 PM
PACIFIC,16442,https://www.vlr.gg/16442/thailand-attitude-vs-jg-jiang-champions-tour-thailand-stage-2-challengers-2-qualifier-sf,422,2021-04-11,12:00 PM
PACIFIC,16443,https://www.vlr.gg/16443/ghostfamily-e-sports-vs-aricat-esport-champions-tour-thailand-stage-2-challengers-2-qualifier-sf,422,2021-04-11,12:00 PM
PACIFIC,16445,https://www.vlr.gg/16445/toh-n-friends-vs-2red-champions-tour-thailand-stage-2-challengers-2-qualifier-lbr1,422,2021-04-11,12:00 PM
PACIFIC,16446,https://www.vlr.gg/16446/foxy-araikordai-vs-intense-gaming-champions-tour-thailand-stage-2-challengers-2-qualifier-lbr1,422,2021-04-11,12:00 PM
PACIFIC,16447,https://www.vlr.gg/16447/aricat-esport-vs-2red-champions-tour-thailand-stage-2-challengers-2-qualifier-lbr2,422,2021-04-11,1:00 PM
PACIFIC,16448,https://www.vlr.gg/16448/jg-jiang-vs-foxy-araikordai-champions-tour-thailand-stage-2-challengers-2-qualifier-lbr2,422,2021-04-11,1:00 PM
PACIFIC,16444,https://www.vlr.gg/16444/thailand-attitude-vs-ghostfamily-e-sports-champions-tour-thailand-stage-2-challengers-2-qualifie,422,2021-04-11,2:00 PM
PACIFIC,16449,https://www.vlr.gg/16449/2red-vs-foxy-araikordai-champions-tour-thailand-stage-2-challengers-2-qualifier-lbr3,422,2021-04-11,3:00 PM
PACIFIC,16451,https://www.vlr.gg/16451/thailand-attitude-vs-foxy-araikordai-champions-tour-thailand-stage-2-challengers-2-qualifier-gf,422,2021-04-11,5:00 PM
PACIFIC,16450,https://www.vlr.gg/16450/ghostfamily-e-sports-vs-foxy-araikordai-champions-tour-thailand-stage-2-challengers-2-qualifier,422,2021-04-12,4:00 PM
PACIFIC,17026,https://www.vlr.gg/17026/sharper-esports-vs-jg-jiang-champions-tour-thailand-stage-2-challengers-2-main-event-qf,422,2021-04-23,7:00 PM
PACIFIC,17027,https://www.vlr.gg/17027/2red-vs-thailand-attitude-champions-tour-thailand-stage-2-challengers-2-main-event-qf,422,2021-04-23,10:00 PM
PACIFIC,17028,https://www.vlr.gg/17028/foxy-araikordai-vs-ghostfamily-e-sports-champions-tour-thailand-stage-2-challengers-2-main-event,422,2021-04-24,12:00 PM
PACIFIC,17029,https://www.vlr.gg/17029/full-sense-vs-aricat-esport-champions-tour-thailand-stage-2-challengers-2-main-event-qf,422,2021-04-24,3:00 PM
PACIFIC,17030,https://www.vlr.gg/17030/sharper-esports-vs-thailand-attitude-champions-tour-thailand-stage-2-challengers-2-main-event-sf,422,2021-04-24,6:15 PM
PACIFIC,17031,https://www.vlr.gg/17031/foxy-araikordai-vs-full-sense-champions-tour-thailand-stage-2-challengers-2-main-event-sf,422,2021-04-24,7:45 PM
PACIFIC,17032,https://www.vlr.gg/17032/sharper-esports-vs-full-sense-champions-tour-thailand-stage-2-challengers-2-main-event-gf,422,2021-04-25,4:00 PM
PACIFIC,17222,https://www.vlr.gg/17222/vendetta-vs-6045pirates-esports-champions-tour-philippines-stage-2-challengers-3-main-event-qf,432,2021-04-23,1:00 PM
PACIFIC,17223,https://www.vlr.gg/17223/alpha-esports-pro-vs-fulcrum-esports-catalyst-champions-tour-philippines-stage-2-challengers-3-m,432,2021-04-23,3:00 PM
PACIFIC,17224,https://www.vlr.gg/17224/hashira-vs-galaxy-racer-dreamfyre-champions-tour-philippines-stage-2-challengers-3-main-event-qf,432,2021-04-23,5:30 PM
PACIFIC,17225,https://www.vlr.gg/17225/looking-for-org-vs-walk-re-champions-tour-philippines-stage-2-challengers-3-main-event-qf,432,2021-04-24,1:30 PM
PACIFIC,17328,https://www.vlr.gg/17328/6045pirates-esports-vs-alpha-esports-pro-champions-tour-philippines-stage-2-challengers-3-main-e,432,2021-04-24,3:35 PM
PACIFIC,17329,https://www.vlr.gg/17329/hashira-vs-walk-re-champions-tour-philippines-stage-2-challengers-3-main-event-sf,432,2021-04-24,6:35 PM
PACIFIC,17349,https://www.vlr.gg/17349/6045pirates-esports-vs-hashira-champions-tour-philippines-stage-2-challengers-3-main-event-gf,432,2021-04-25,3:30 PM
PACIFIC,17226,https://www.vlr.gg/17226/cbt-gaming-vs-lp33-champions-tour-hong-kong-taiwan-stage-2-challengers-3-main-event-qf,452,2021-04-23,1:00 PM
PACIFIC,17227,https://www.vlr.gg/17227/lightning-vs-griffin-e-sports-champions-tour-hong-kong-taiwan-stage-2-challengers-3-main-event,452,2021-04-23,3:00 PM
PACIFIC,17228,https://www.vlr.gg/17228/kpc-computer-studio-vs-all-born-to-clutch-champions-tour-hong-kong-taiwan-stage-2-challengers,452,2021-04-23,5:30 PM
PACIFIC,17229,https://www.vlr.gg/17229/anti-eco-eco-club-vs-victory-formula-champions-tour-hong-kong-taiwan-stage-2-challengers-3-mai,452,2021-04-23,7:55 PM
PACIFIC,17322,https://www.vlr.gg/17322/cbt-gaming-vs-griffin-e-sports-champions-tour-hong-kong-taiwan-stage-2-challengers-3-main-even,452,2021-04-24,3:00 PM
PACIFIC,17323,https://www.vlr.gg/17323/kpc-computer-studio-vs-anti-eco-eco-club-champions-tour-hong-kong-taiwan-stage-2-challengers-3,452,2021-04-24,5:00 PM
PACIFIC,17347,https://www.vlr.gg/17347/griffin-e-sports-vs-anti-eco-eco-club-champions-tour-hong-kong-taiwan-stage-2-challengers-3-ma,452,2021-04-24,7:00 PM
PACIFIC,17348,https://www.vlr.gg/17348/cbt-gaming-vs-kpc-computer-studio-champions-tour-hong-kong-taiwan-stage-2-challengers-3-main-e,452,2021-04-25,4:00 PM
PACIFIC,16713,https://www.vlr.gg/16713/blackbird-ignis-vs-lft-champions-tour-japan-stage-2-challengers-2-group-a,440,2021-04-17,1:00 PM
PACIFIC,16768,https://www.vlr.gg/16768/first-gaming-vs-cross-the-line-champions-tour-japan-stage-2-challengers-2-group-a,440,2021-04-17,1:00 PM
PACIFIC,16769,https://www.vlr.gg/16769/free-agents-vs-ctg-ibushigin-champions-tour-japan-stage-2-challengers-2-group-c,440,2021-04-17,1:00 PM
PACIFIC,16770,https://www.vlr.gg/16770/fav-gaming-vs-ixa-champions-tour-japan-stage-2-challengers-2-group-b,440,2021-04-17,1:00 PM
PACIFIC,16771,https://www.vlr.gg/16771/hexad-vs-criterion-champions-tour-japan-stage-2-challengers-2-group-b,440,2021-04-17,1:00 PM
PACIFIC,16775,https://www.vlr.gg/16775/fennel-vs-no-country-champions-tour-japan-stage-2-challengers-2-group-c,440,2021-04-17,1:00 PM
PACIFIC,16782,https://www.vlr.gg/16782/sengoku-gaming-vs-atlas-gaming-champions-tour-japan-stage-2-challengers-2-group-c,440,2021-04-17,1:00 PM
PACIFIC,16715,https://www.vlr.gg/16715/ixa-vs-criterion-champions-tour-japan-stage-2-challengers-2-group-b,440,2021-04-17,2:10 PM
PACIFIC,16777,https://www.vlr.gg/16777/no-country-vs-ctg-ibushigin-champions-tour-japan-stage-2-challengers-2-group-c,440,2021-04-17,2:10 PM
PACIFIC,16778,https://www.vlr.gg/16778/novagis-gaming-vs-lft-champions-tour-japan-stage-2-challengers-2-group-a,440,2021-04-17,2:10 PM
PACIFIC,16779,https://www.vlr.gg/16779/blackbird-ignis-vs-first-gaming-champions-tour-japan-stage-2-challengers-2-group-a,440,2021-04-17,2:10 PM
PACIFIC,16780,https://www.vlr.gg/16780/aigis-vs-hexad-champions-tour-japan-stage-2-challengers-2-group-b,440,2021-04-17,2:10 PM
PACIFIC,16787,https://www.vlr.gg/16787/sengoku-gaming-vs-nenkoujoretsu-champions-tour-japan-stage-2-challengers-2-group-c,440,2021-04-17,2:10 PM
PACIFIC,16788,https://www.vlr.gg/16788/fennel-vs-free-agents-champions-tour-japan-stage-2-challengers-2-group-c,440,2021-04-17,2:10 PM
PACIFIC,16717,https://www.vlr.gg/16717/free-agents-vs-no-country-champions-tour-japan-stage-2-challengers-2-group-c,440,2021-04-17,3:20 PM
PACIFIC,16772,https://www.vlr.gg/16772/fav-gaming-vs-aigis-champions-tour-japan-stage-2-challengers-2-group-b,440,2021-04-17,3:20 PM
PACIFIC,16783,https://www.vlr.gg/16783/first-gaming-vs-lft-champions-tour-japan-stage-2-challengers-2-group-a,440,2021-04-17,3:20 PM
PACIFIC,16784,https://www.vlr.gg/16784/novagis-gaming-vs-cross-the-line-champions-tour-japan-stage-2-challengers-2-group-a,440,2021-04-17,3:20 PM
PACIFIC,16786,https://www.vlr.gg/16786/hexad-vs-ixa-champions-tour-japan-stage-2-challengers-2-group-b,440,2021-04-17,3:20 PM
PACIFIC,16789,https://www.vlr.gg/16789/fennel-vs-ctg-ibushigin-champions-tour-japan-stage-2-challengers-2-group-c,440,2021-04-17,3:20 PM
PACIFIC,16790,https://www.vlr.gg/16790/atlas-gaming-vs-nenkoujoretsu-champions-tour-japan-stage-2-challengers-2-group-c,440,2021-04-17,3:20 PM
PACIFIC,16794,https://www.vlr.gg/16794/gaming-team-selector-vs-nexus-champions-tour-japan-stage-2-challengers-2-group-d,440,2021-04-17,3:20 PM
PACIFIC,16795,https://www.vlr.gg/16795/detonation-gaming-vs-the-shables-champions-tour-japan-stage-2-challengers-2-group-d,440,2021-04-17,3:20 PM
PACIFIC,16796,https://www.vlr.gg/16796/reject-vs-ebroz-gaming-champions-tour-japan-stage-2-challengers-2-group-d,440,2021-04-17,3:20 PM
PACIFIC,16714,https://www.vlr.gg/16714/first-gaming-vs-novagis-gaming-champions-tour-japan-stage-2-challengers-2-group-a,440,2021-04-17,4:30 PM
PACIFIC,16773,https://www.vlr.gg/16773/fav-gaming-vs-criterion-champions-tour-japan-stage-2-challengers-2-group-b,440,2021-04-17,4:30 PM
PACIFIC,16785,https://www.vlr.gg/16785/blackbird-ignis-vs-cross-the-line-champions-tour-japan-stage-2-challengers-2-group-a,440,2021-04-17,4:30 PM
PACIFIC,16791,https://www.vlr.gg/16791/free-agents-vs-sengoku-gaming-champions-tour-japan-stage-2-challengers-2-group-c,440,2021-04-17,4:30 PM
PACIFIC,16792,https://www.vlr.gg/16792/atlas-gaming-vs-ctg-ibushigin-champions-tour-japan-stage-2-challengers-2-group-c,440,2021-04-17,4:30 PM
PACIFIC,16793,https://www.vlr.gg/16793/fennel-vs-nenkoujoretsu-champions-tour-japan-stage-2-challengers-2-group-c,440,2021-04-17,4:30 PM
PACIFIC,16797,https://www.vlr.gg/16797/detonation-gaming-vs-nexus-champions-tour-japan-stage-2-challengers-2-group-d,440,2021-04-17,4:30 PM
PACIFIC,16798,https://www.vlr.gg/16798/reject-vs-gaming-team-selector-champions-tour-japan-stage-2-challengers-2-group-d,440,2021-04-17,4:30 PM
PACIFIC,16799,https://www.vlr.gg/16799/ebroz-gaming-vs-the-shables-champions-tour-japan-stage-2-challengers-2-group-d,440,2021-04-17,4:30 PM
PACIFIC,16800,https://www.vlr.gg/16800/aigis-vs-ixa-champions-tour-japan-stage-2-challengers-2-group-b,440,2021-04-17,4:30 PM
PACIFIC,16716,https://www.vlr.gg/16716/fav-gaming-vs-hexad-champions-tour-japan-stage-2-challengers-2-group-b,440,2021-04-17,5:40 PM
PACIFIC,16801,https://www.vlr.gg/16801/criterion-vs-aigis-champions-tour-japan-stage-2-challengers-2-group-b,440,2021-04-17,5:40 PM
PACIFIC,16802,https://www.vlr.gg/16802/free-agents-vs-atlas-gaming-champions-tour-japan-stage-2-challengers-2-group-c,440,2021-04-17,5:40 PM
PACIFIC,16803,https://www.vlr.gg/16803/ctg-ibushigin-vs-sengoku-gaming-champions-tour-japan-stage-2-challengers-2-group-c,440,2021-04-17,5:40 PM
PACIFIC,16804,https://www.vlr.gg/16804/no-country-vs-nenkoujoretsu-champions-tour-japan-stage-2-challengers-2-group-c,440,2021-04-17,5:40 PM
PACIFIC,16805,https://www.vlr.gg/16805/gaming-team-selector-vs-the-shables-champions-tour-japan-stage-2-challengers-2-group-d,440,2021-04-17,5:50 PM
PACIFIC,16806,https://www.vlr.gg/16806/cross-the-line-vs-lft-champions-tour-japan-stage-2-challengers-2-group-a,440,2021-04-17,5:50 PM
PACIFIC,16807,https://www.vlr.gg/16807/blackbird-ignis-vs-novagis-gaming-champions-tour-japan-stage-2-challengers-2-group-a,440,2021-04-17,5:50 PM
PACIFIC,16808,https://www.vlr.gg/16808/reject-vs-nexus-champions-tour-japan-stage-2-challengers-2-group-d,440,2021-04-17,5:50 PM
PACIFIC,16809,https://www.vlr.gg/16809/ebroz-gaming-vs-detonation-gaming-champions-tour-japan-stage-2-challengers-2-group-d,440,2021-04-17,5:50 PM
PACIFIC,16718,https://www.vlr.gg/16718/fennel-vs-sengoku-gaming-champions-tour-japan-stage-2-challengers-2-group-c,440,2021-04-17,6:50 PM
PACIFIC,16810,https://www.vlr.gg/16810/free-agents-vs-nenkoujoretsu-champions-tour-japan-stage-2-challengers-2-group-c,440,2021-04-17,6:50 PM
PACIFIC,16811,https://www.vlr.gg/16811/no-country-vs-sengoku-gaming-champions-tour-japan-stage-2-challengers-2-group-c,440,2021-04-17,6:50 PM
PACIFIC,16815,https://www.vlr.gg/16815/reject-vs-the-shables-champions-tour-japan-stage-2-challengers-2-group-d,440,2021-04-17,6:50 PM
PACIFIC,16816,https://www.vlr.gg/16816/ebroz-gaming-vs-nexus-champions-tour-japan-stage-2-challengers-2-group-d,440,2021-04-17,6:50 PM
PACIFIC,16817,https://www.vlr.gg/16817/gaming-team-selector-vs-detonation-gaming-champions-tour-japan-stage-2-challengers-2-group-d,440,2021-04-17,6:50 PM
PACIFIC,16719,https://www.vlr.gg/16719/reject-vs-detonation-gaming-champions-tour-japan-stage-2-challengers-2-group-d,440,2021-04-17,8:00 PM
PACIFIC,16812,https://www.vlr.gg/16812/ctg-ibushigin-vs-nenkoujoretsu-champions-tour-japan-stage-2-challengers-2-group-c,440,2021-04-17,8:00 PM
PACIFIC,16813,https://www.vlr.gg/16813/fennel-vs-atlas-gaming-champions-tour-japan-stage-2-challengers-2-group-c,440,2021-04-17,8:00 PM
PACIFIC,16814,https://www.vlr.gg/16814/no-country-vs-sengoku-gaming-champions-tour-japan-stage-2-challengers-2-group-c,440,2021-04-17,8:00 PM
PACIFIC,16818,https://www.vlr.gg/16818/ebroz-gaming-vs-gaming-team-selector-champions-tour-japan-stage-2-challengers-2-group-d,440,2021-04-17,8:00 PM
PACIFIC,16819,https://www.vlr.gg/16819/nexus-vs-the-shables-champions-tour-japan-stage-2-challengers-2-group-d,440,2021-04-17,8:00 PM
PACIFIC,17306,https://www.vlr.gg/17306/feeling-vs-reject-champions-tour-japan-stage-2-challengers-2-group-a,440,2021-04-24,9:00 AM
PACIFIC,17307,https://www.vlr.gg/17307/fennel-vs-shikoukouketsu-champions-tour-japan-stage-2-challengers-2-group-a,440,2021-04-24,11:00 AM
PACIFIC,17308,https://www.vlr.gg/17308/feeling-vs-fennel-champions-tour-japan-stage-2-challengers-2-group-a,440,2021-04-24,1:15 PM
PACIFIC,17309,https://www.vlr.gg/17309/reject-vs-shikoukouketsu-champions-tour-japan-stage-2-challengers-2-group-a,440,2021-04-24,3:20 PM
PACIFIC,17310,https://www.vlr.gg/17310/feeling-vs-shikoukouketsu-champions-tour-japan-stage-2-challengers-2-group-a,440,2021-04-24,5:10 PM
PACIFIC,17311,https://www.vlr.gg/17311/reject-vs-fennel-champions-tour-japan-stage-2-challengers-2-group-a,440,2021-04-24,7:10 PM
PACIFIC,17312,https://www.vlr.gg/17312/tiimu-sagashitemasu-vs-fav-gaming-champions-tour-japan-stage-2-challengers-2-group-b,440,2021-04-25,9:00 AM
PACIFIC,17313,https://www.vlr.gg/17313/lag-gaming-vs-first-gaming-champions-tour-japan-stage-2-challengers-2-group-b,440,2021-04-25,11:00 AM
PACIFIC,17314,https://www.vlr.gg/17314/tiimu-sagashitemasu-vs-lag-gaming-champions-tour-japan-stage-2-challengers-2-group-b,440,2021-04-25,1:15 PM
PACIFIC,17315,https://www.vlr.gg/17315/fav-gaming-vs-first-gaming-champions-tour-japan-stage-2-challengers-2-group-b,440,2021-04-25,3:00 PM
PACIFIC,17316,https://www.vlr.gg/17316/tiimu-sagashitemasu-vs-first-gaming-champions-tour-japan-stage-2-challengers-2-group-b,440,2021-04-25,5:00 PM
PACIFIC,17317,https://www.vlr.gg/17317/fav-gaming-vs-lag-gaming-champions-tour-japan-stage-2-challengers-2-group-b,440,2021-04-25,7:00 PM
PACIFIC,14371,https://www.vlr.gg/14371/todak-vs-orgless-champions-tour-malaysia-singapore-stage-2-challengers-3-main-event-upper-quar,399,2021-04-23,9:00 AM
PACIFIC,14373,https://www.vlr.gg/14373/team-smg-vs-kingsmen-champions-tour-malaysia-singapore-stage-2-challengers-3-main-event-upper,399,2021-04-23,12:00 PM
PACIFIC,14375,https://www.vlr.gg/14375/paper-rex-vs-todak-champions-tour-malaysia-singapore-stage-2-challengers-3-main-event-upper-se,399,2021-04-23,2:25 PM
PACIFIC,14376,https://www.vlr.gg/14376/team-smg-vs-louvre-champions-tour-malaysia-singapore-stage-2-challengers-3-main-event-upper-se,399,2021-04-23,5:40 PM
PACIFIC,14377,https://www.vlr.gg/14377/team-smg-vs-orgless-champions-tour-malaysia-singapore-stage-2-challengers-3-main-event-lower-b,399,2021-04-24,9:00 AM
PACIFIC,14378,https://www.vlr.gg/14378/todak-vs-kingsmen-champions-tour-malaysia-singapore-stage-2-challengers-3-main-event-lower-bra,399,2021-04-24,12:25 PM
PACIFIC,14379,https://www.vlr.gg/14379/paper-rex-vs-louvre-champions-tour-malaysia-singapore-stage-2-challengers-3-main-event-upper-f,399,2021-04-24,1:50 PM
PACIFIC,14381,https://www.vlr.gg/14381/team-smg-vs-todak-champions-tour-malaysia-singapore-stage-2-challengers-3-main-event-lower-bra,399,2021-04-24,5:00 PM
PACIFIC,14383,https://www.vlr.gg/14383/louvre-vs-team-smg-champions-tour-malaysia-singapore-stage-2-challengers-3-main-event-lower-br,399,2021-04-25,9:00 AM
PACIFIC,14384,https://www.vlr.gg/14384/paper-rex-vs-team-smg-champions-tour-malaysia-singapore-stage-2-challengers-3-main-event-grand,399,2021-04-25,1:00 PM
PACIFIC,15712,https://www.vlr.gg/15712/edan-team-vs-nongkrong-kilat-champions-tour-indonesia-stage-2-challengers-2-qualifier-ro64,420,2021-04-09,2:00 PM
PACIFIC,15713,https://www.vlr.gg/15713/team-phenix-vs-knights-champions-tour-indonesia-stage-2-challengers-2-qualifier-ro64,420,2021-04-09,2:00 PM
PACIFIC,15714,https://www.vlr.gg/15714/nxn-vs-pwyh-champions-tour-indonesia-stage-2-challengers-2-qualifier-ro64,420,2021-04-09,2:00 PM
PACIFIC,15715,https://www.vlr.gg/15715/recca-project-vs-mpc-champions-tour-indonesia-stage-2-challengers-2-qualifier-ro64,420,2021-04-09,2:00 PM
PACIFIC,15716,https://www.vlr.gg/15716/orbit-vs-ex-communicado-champions-tour-indonesia-stage-2-challengers-2-qualifier-ro64,420,2021-04-09,2:00 PM
PACIFIC,15717,https://www.vlr.gg/15717/team-burger-vs-rrq-endeavour-champions-tour-indonesia-stage-2-challengers-2-qualifier-ro64,420,2021-04-09,2:00 PM
PACIFIC,15718,https://www.vlr.gg/15718/thieves-of-hours-vs-reckless-lads-champions-tour-indonesia-stage-2-challengers-2-qualifier-ro64,420,2021-04-09,2:00 PM
PACIFIC,15719,https://www.vlr.gg/15719/cuek-vs-antero-champions-tour-indonesia-stage-2-challengers-2-qualifier-ro64,420,2021-04-09,2:00 PM
PACIFIC,15720,https://www.vlr.gg/15720/dewa-united-e-sports-vs-s-one-champions-tour-indonesia-stage-2-challengers-2-qualifier-ro64,420,2021-04-09,2:00 PM
PACIFIC,15721,https://www.vlr.gg/15721/wedoz-vs-golden-trash-champions-tour-indonesia-stage-2-challengers-2-qualifier-ro64,420,2021-04-09,2:00 PM
PACIFIC,15722,https://www.vlr.gg/15722/missing-piece-vs-kingpins-champions-tour-indonesia-stage-2-challengers-2-qualifier-ro64,420,2021-04-09,2:00 PM
PACIFIC,15723,https://www.vlr.gg/15723/babybeast-vs-nothing-to-lose-champions-tour-indonesia-stage-2-challengers-2-qualifier-ro64,420,2021-04-09,2:00 PM
PACIFIC,15724,https://www.vlr.gg/15724/styx-vs-karambitz-champions-tour-indonesia-stage-2-challengers-2-qualifier-ro64,420,2021-04-09,2:00 PM
PACIFIC,15725,https://www.vlr.gg/15725/way-esports-vs-monochrome-esport-champions-tour-indonesia-stage-2-challengers-2-qualifier-ro64,420,2021-04-09,2:00 PM
PACIFIC,15726,https://www.vlr.gg/15726/vvv-vs-convertible-champions-tour-indonesia-stage-2-challengers-2-qualifier-ro64,420,2021-04-09,2:00 PM
PACIFIC,15727,https://www.vlr.gg/15727/bos-zero-vs-proxymine-champions-tour-indonesia-stage-2-challengers-2-qualifier-ro64,420,2021-04-09,2:00 PM
PACIFIC,15728,https://www.vlr.gg/15728/klaun-vs-noir-champions-tour-indonesia-stage-2-challengers-2-qualifier-ro64,420,2021-04-09,2:00 PM
PACIFIC,15729,https://www.vlr.gg/15729/power-danger-esport-vs-syntax-champions-tour-indonesia-stage-2-challengers-2-qualifier-ro64,420,2021-04-09,2:00 PM
PACIFIC,15730,https://www.vlr.gg/15730/the-mafias-eaid-vs-absolute5-champions-tour-indonesia-stage-2-challengers-2-qualifier-ro64,420,2021-04-09,2:00 PM
PACIFIC,15811,https://www.vlr.gg/15811/bigetron-astro-vs-edan-team-champions-tour-indonesia-stage-2-challengers-2-qualifier-ro32,420,2021-04-09,4:30 PM
PACIFIC,15812,https://www.vlr.gg/15812/team-phenix-vs-nxn-champions-tour-indonesia-stage-2-challengers-2-qualifier-ro32,420,2021-04-09,4:30 PM
PACIFIC,15813,https://www.vlr.gg/15813/vendetta-vs-recca-project-champions-tour-indonesia-stage-2-challengers-2-qualifier-ro32,420,2021-04-09,4:30 PM
PACIFIC,15814,https://www.vlr.gg/15814/flat-white-vs-ex-communicado-champions-tour-indonesia-stage-2-challengers-2-qualifier-ro32,420,2021-04-09,4:30 PM
PACIFIC,15815,https://www.vlr.gg/15815/ethereal-vs-rrq-endeavour-champions-tour-indonesia-stage-2-challengers-2-qualifier-ro32,420,2021-04-09,4:30 PM
PACIFIC,15816,https://www.vlr.gg/15816/geek-fam-id-vs-reckless-lads-champions-tour-indonesia-stage-2-challengers-2-qualifier-ro32,420,2021-04-09,4:30 PM
PACIFIC,15817,https://www.vlr.gg/15817/wolfpack-vs-cuek-champions-tour-indonesia-stage-2-challengers-2-qualifier-ro32,420,2021-04-09,4:30 PM
PACIFIC,15818,https://www.vlr.gg/15818/team-frog-vs-dewa-united-e-sports-champions-tour-indonesia-stage-2-challengers-2-qualifier-ro32,420,2021-04-09,4:30 PM
PACIFIC,15819,https://www.vlr.gg/15819/xcn-gaming-vs-golden-trash-champions-tour-indonesia-stage-2-challengers-2-qualifier-ro32,420,2021-04-09,4:30 PM
PACIFIC,15820,https://www.vlr.gg/15820/missing-piece-vs-babybeast-champions-tour-indonesia-stage-2-challengers-2-qualifier-ro32,420,2021-04-09,4:30 PM
PACIFIC,15821,https://www.vlr.gg/15821/azalea-vs-styx-champions-tour-indonesia-stage-2-challengers-2-qualifier-ro32,420,2021-04-09,4:30 PM
PACIFIC,15822,https://www.vlr.gg/15822/phenix-virago-vs-way-esports-champions-tour-indonesia-stage-2-challengers-2-qualifier-ro32,420,2021-04-09,4:30 PM
PACIFIC,15823,https://www.vlr.gg/15823/kingslayers-vs-vvv-champions-tour-indonesia-stage-2-challengers-2-qualifier-ro32,420,2021-04-09,4:30 PM
PACIFIC,15824,https://www.vlr.gg/15824/proxymine-vs-noir-champions-tour-indonesia-stage-2-challengers-2-qualifier-ro32,420,2021-04-09,4:30 PM
PACIFIC,15825,https://www.vlr.gg/15825/aing-maung-esports-vs-power-danger-esport-champions-tour-indonesia-stage-2-challengers-2-qualifi,420,2021-04-09,4:30 PM
PACIFIC,15826,https://www.vlr.gg/15826/anarchy-vs-the-mafias-eaid-champions-tour-indonesia-stage-2-challengers-2-qualifier-ro32,420,2021-04-09,4:30 PM
PACIFIC,16193,https://www.vlr.gg/16193/bigetron-astro-vs-team-phenix-champions-tour-indonesia-stage-2-challengers-2-qualifier-ro16,420,2021-04-10,1:00 PM
PACIFIC,16194,https://www.vlr.gg/16194/recca-project-vs-ex-communicado-champions-tour-indonesia-stage-2-challengers-2-qualifier-ro16,420,2021-04-10,1:00 PM
PACIFIC,16195,https://www.vlr.gg/16195/ethereal-vs-reckless-lads-champions-tour-indonesia-stage-2-challengers-2-qualifier-ro16,420,2021-04-10,1:00 PM
PACIFIC,16196,https://www.vlr.gg/16196/wolfpack-vs-dewa-united-e-sports-champions-tour-indonesia-stage-2-challengers-2-qualifier-ro16,420,2021-04-10,1:00 PM
PACIFIC,16197,https://www.vlr.gg/16197/xcn-gaming-vs-babybeast-champions-tour-indonesia-stage-2-challengers-2-qualifier-ro16,420,2021-04-10,3:30 PM
PACIFIC,16198,https://www.vlr.gg/16198/styx-vs-way-esports-champions-tour-indonesia-stage-2-challengers-2-qualifier-ro16,420,2021-04-10,3:30 PM
PACIFIC,16199,https://www.vlr.gg/16199/vvv-vs-noir-champions-tour-indonesia-stage-2-challengers-2-qualifier-ro16,420,2021-04-10,3:30 PM
PACIFIC,16200,https://www.vlr.gg/16200/power-danger-esport-vs-anarchy-champions-tour-indonesia-stage-2-challengers-2-qualifier-ro16,420,2021-04-10,3:30 PM
PACIFIC,16215,https://www.vlr.gg/16215/bigetron-astro-vs-ex-communicado-champions-tour-indonesia-stage-2-challengers-2-qualifier-ro8,420,2021-04-11,11:00 AM
PACIFIC,16216,https://www.vlr.gg/16216/reckless-lads-vs-wolfpack-champions-tour-indonesia-stage-2-challengers-2-qualifier-ro8,420,2021-04-11,11:00 AM
PACIFIC,16217,https://www.vlr.gg/16217/xcn-gaming-vs-way-esports-champions-tour-indonesia-stage-2-challengers-2-qualifier-ro8,420,2021-04-11,11:00 AM
PACIFIC,16218,https://www.vlr.gg/16218/vvv-vs-anarchy-champions-tour-indonesia-stage-2-challengers-2-qualifier-ro8,420,2021-04-11,11:00 AM
PACIFIC,16297,https://www.vlr.gg/16297/ex-communicado-vs-wolfpack-champions-tour-indonesia-stage-2-challengers-2-qualifier-5th-sf,420,2021-04-11,1:30 PM
PACIFIC,16298,https://www.vlr.gg/16298/way-esports-vs-anarchy-champions-tour-indonesia-stage-2-challengers-2-qualifier-5th-sf,420,2021-04-11,1:30 PM
PACIFIC,16299,https://www.vlr.gg/16299/wolfpack-vs-way-esports-champions-tour-indonesia-stage-2-challengers-2-qualifier-5th-final,420,2021-04-11,4:15 PM
PACIFIC,16557,https://www.vlr.gg/16557/morph-impact-vs-bigetron-astro-champions-tour-indonesia-stage-2-challengers-2-main-event-qf,420,2021-04-16,2:00 PM
PACIFIC,16559,https://www.vlr.gg/16559/nxl-ligagame-vs-xcn-gaming-champions-tour-indonesia-stage-2-challengers-2-main-event-qf,420,2021-04-16,4:30 PM
PACIFIC,16558,https://www.vlr.gg/16558/alter-ego-vs-reckless-lads-champions-tour-indonesia-stage-2-challengers-2-main-event-qf,420,2021-04-16,7:30 PM
PACIFIC,16556,https://www.vlr.gg/16556/boom-esports-vs-vvv-champions-tour-indonesia-stage-2-challengers-2-main-event-qf,420,2021-04-17,1:30 PM
PACIFIC,16561,https://www.vlr.gg/16561/alter-ego-vs-nxl-ligagame-champions-tour-indonesia-stage-2-challengers-2-main-event-sf,420,2021-04-17,4:00 PM
PACIFIC,16560,https://www.vlr.gg/16560/boom-esports-vs-bigetron-astro-champions-tour-indonesia-stage-2-challengers-2-main-event-sf,420,2021-04-17,7:30 PM
PACIFIC,16562,https://www.vlr.gg/16562/boom-esports-vs-alter-ego-champions-tour-indonesia-stage-2-challengers-2-main-event-bronze-match,420,2021-04-18,1:30 PM
PACIFIC,16563,https://www.vlr.gg/16563/bigetron-astro-vs-nxl-ligagame-champions-tour-indonesia-stage-2-challengers-2-main-event-gf,420,2021-04-18,4:00 PM
PACIFIC,16201,https://www.vlr.gg/16201/galaxy-racer-dreamfyre-vs-jg-and-friends-champions-tour-philippines-stage-2-challengers-2-qualif,431,2021-04-10,2:00 PM
PACIFIC,16202,https://www.vlr.gg/16202/dynasty-zraw-vs-thanatos-champions-tour-philippines-stage-2-challengers-2-qualifier-1-ro16,431,2021-04-10,2:00 PM
PACIFIC,16203,https://www.vlr.gg/16203/oasis-gaming-vs-sunsparks-champions-tour-philippines-stage-2-challengers-2-qualifier-1-ro16,431,2021-04-10,2:00 PM
PACIFIC,16204,https://www.vlr.gg/16204/ad-infinitum-morpheus-vs-the-first-order-champions-tour-philippines-stage-2-challengers-2-qualif,431,2021-04-10,2:00 PM
PACIFIC,16205,https://www.vlr.gg/16205/sr-kadiliman-vs-bestial-champions-tour-philippines-stage-2-challengers-2-qualifier-1-ro16,431,2021-04-10,2:00 PM
PACIFIC,16206,https://www.vlr.gg/16206/runite-vintalit-vs-gd-esports-club-champions-tour-philippines-stage-2-challengers-2-qualifier-1,431,2021-04-10,2:00 PM
PACIFIC,16207,https://www.vlr.gg/16207/south-built-esports-vs-bunker-esports-champions-tour-philippines-stage-2-challengers-2-qualifier,431,2021-04-10,2:00 PM
PACIFIC,16208,https://www.vlr.gg/16208/walk-re-vs-ftg-esports-champions-tour-philippines-stage-2-challengers-2-qualifier-1-ro16,431,2021-04-10,2:00 PM
PACIFIC,16209,https://www.vlr.gg/16209/galaxy-racer-dreamfyre-vs-thanatos-champions-tour-philippines-stage-2-challengers-2-qualifier-1,431,2021-04-10,3:00 PM
PACIFIC,16210,https://www.vlr.gg/16210/sunsparks-vs-the-first-order-champions-tour-philippines-stage-2-challengers-2-qualifier-1-ro8,431,2021-04-10,3:00 PM
PACIFIC,16211,https://www.vlr.gg/16211/bestial-vs-gd-esports-club-champions-tour-philippines-stage-2-challengers-2-qualifier-1-ro8,431,2021-04-10,3:00 PM
PACIFIC,16212,https://www.vlr.gg/16212/south-built-esports-vs-walk-re-champions-tour-philippines-stage-2-challengers-2-qualifier-1-ro8,431,2021-04-10,3:00 PM
PACIFIC,16213,https://www.vlr.gg/16213/galaxy-racer-dreamfyre-vs-sunsparks-champions-tour-philippines-stage-2-challengers-2-qualifier-1,431,2021-04-10,4:00 PM
PACIFIC,16214,https://www.vlr.gg/16214/bestial-vs-walk-re-champions-tour-philippines-stage-2-challengers-2-qualifier-1-ro4,431,2021-04-10,4:00 PM
PACIFIC,16300,https://www.vlr.gg/16300/alpha-esports-pro-vs-ad-infinitum-revitalize-champions-tour-philippines-stage-2-challengers-2-qu,431,2021-04-11,2:00 PM
PACIFIC,16301,https://www.vlr.gg/16301/godless-vs-ad-infinitum-morpheus-champions-tour-philippines-stage-2-challengers-2-qualifier-2-ro,431,2021-04-11,2:00 PM
PACIFIC,16302,https://www.vlr.gg/16302/bestial-vs-se-atlas-champions-tour-philippines-stage-2-challengers-2-qualifier-2-ro16,431,2021-04-11,2:00 PM
PACIFIC,16303,https://www.vlr.gg/16303/gbp-esports-vs-syko-champions-tour-philippines-stage-2-challengers-2-qualifier-2-ro16,431,2021-04-11,2:00 PM
PACIFIC,16304,https://www.vlr.gg/16304/fulcrum-esports-catalyst-vs-strm-esports-flux-champions-tour-philippines-stage-2-challengers-2-q,431,2021-04-11,2:00 PM
PACIFIC,16305,https://www.vlr.gg/16305/positive-mental-attitude-vs-sunsparks-champions-tour-philippines-stage-2-challengers-2-qualifier,431,2021-04-11,2:00 PM
PACIFIC,16306,https://www.vlr.gg/16306/vendetta-vs-arcana-esports-champions-tour-philippines-stage-2-challengers-2-qualifier-2-ro16,431,2021-04-11,2:00 PM
PACIFIC,16307,https://www.vlr.gg/16307/thrifty-vs-xtreme-elite-esports-champions-tour-philippines-stage-2-challengers-2-qualifier-2-ro1,431,2021-04-11,2:00 PM
PACIFIC,16341,https://www.vlr.gg/16341/alpha-esports-pro-vs-ad-infinitum-morpheus-champions-tour-philippines-stage-2-challengers-2-qual,431,2021-04-11,3:00 PM
PACIFIC,16342,https://www.vlr.gg/16342/se-atlas-vs-gbp-esports-champions-tour-philippines-stage-2-challengers-2-qualifier-2-qf,431,2021-04-11,3:00 PM
PACIFIC,16343,https://www.vlr.gg/16343/fulcrum-esports-catalyst-vs-sunsparks-champions-tour-philippines-stage-2-challengers-2-qualifier,431,2021-04-11,3:00 PM
PACIFIC,16344,https://www.vlr.gg/16344/vendetta-vs-xtreme-elite-esports-champions-tour-philippines-stage-2-challengers-2-qualifier-2-qf,431,2021-04-11,3:00 PM
PACIFIC,16347,https://www.vlr.gg/16347/alpha-esports-pro-vs-gbp-esports-champions-tour-philippines-stage-2-challengers-2-qualifier-2-sf,431,2021-04-11,4:00 PM
PACIFIC,16348,https://www.vlr.gg/16348/fulcrum-esports-catalyst-vs-vendetta-champions-tour-philippines-stage-2-challengers-2-qualifier,431,2021-04-11,4:00 PM
PACIFIC,16349,https://www.vlr.gg/16349/gbp-esports-vs-vendetta-champions-tour-philippines-stage-2-challengers-2-qualifier-2-cf,431,2021-04-11,6:00 PM
PACIFIC,16697,https://www.vlr.gg/16697/hashira-vs-galaxy-racer-dreamfyre-champions-tour-philippines-stage-2-challengers-2-main-event-qf,431,2021-04-16,1:30 PM
PACIFIC,16698,https://www.vlr.gg/16698/sv-empire-vs-fulcrum-esports-catalyst-champions-tour-philippines-stage-2-challengers-2-main-even,431,2021-04-16,3:00 PM
PACIFIC,16699,https://www.vlr.gg/16699/6045pirates-esports-vs-alpha-esports-pro-champions-tour-philippines-stage-2-challengers-2-main-e,431,2021-04-16,5:30 PM
PACIFIC,16700,https://www.vlr.gg/16700/bren-esports-vs-walk-re-champions-tour-philippines-stage-2-challengers-2-main-event-qf,431,2021-04-17,1:00 PM
PACIFIC,16701,https://www.vlr.gg/16701/hashira-vs-sv-empire-champions-tour-philippines-stage-2-challengers-2-main-event-sf,431,2021-04-17,3:00 PM
PACIFIC,16702,https://www.vlr.gg/16702/alpha-esports-pro-vs-bren-esports-champions-tour-philippines-stage-2-challengers-2-main-event-sf,431,2021-04-17,5:00 PM
PACIFIC,16703,https://www.vlr.gg/16703/sv-empire-vs-bren-esports-champions-tour-philippines-stage-2-challengers-2-main-event-gf,431,2021-04-18,3:00 PM
PACIFIC,16430,https://www.vlr.gg/16430/last-evolution-vs-aqua-champions-tour-hong-kong-taiwan-stage-2-challengers-2-qualifier-ro16,433,2021-04-11,6:00 PM
PACIFIC,16431,https://www.vlr.gg/16431/victory-formula-vs-tumt-champions-tour-hong-kong-taiwan-stage-2-challengers-2-qualifier-ro16,433,2021-04-11,6:00 PM
PACIFIC,16432,https://www.vlr.gg/16432/lcvs-esports-club-vs-tian-dogs-gaming-champions-tour-hong-kong-taiwan-stage-2-challengers-2-qu,433,2021-04-11,6:00 PM
PACIFIC,16433,https://www.vlr.gg/16433/lp33-vs-amateur-team-champions-tour-hong-kong-taiwan-stage-2-challengers-2-qualifier-ro16,433,2021-04-11,6:00 PM
PACIFIC,16434,https://www.vlr.gg/16434/kjc-esports-vs-ttsh-champions-tour-hong-kong-taiwan-stage-2-challengers-2-qualifier-ro16,433,2021-04-11,7:00 PM
PACIFIC,16435,https://www.vlr.gg/16435/all-born-to-clutch-vs-shi-shui-wen-champions-tour-hong-kong-taiwan-stage-2-challengers-2-quali,433,2021-04-11,7:00 PM
PACIFIC,16436,https://www.vlr.gg/16436/problem-child-vs-anti-eco-eco-club-champions-tour-hong-kong-taiwan-stage-2-challengers-2-quali,433,2021-04-11,7:00 PM
PACIFIC,16437,https://www.vlr.gg/16437/tough-guy-vs-team-reapers-champions-tour-hong-kong-taiwan-stage-2-challengers-2-qualifier-ro16,433,2021-04-11,7:00 PM
PACIFIC,16438,https://www.vlr.gg/16438/aqua-vs-victory-formula-champions-tour-hong-kong-taiwan-stage-2-challengers-2-qualifier-qf,433,2021-04-11,8:00 PM
PACIFIC,16439,https://www.vlr.gg/16439/tian-dogs-gaming-vs-lp33-champions-tour-hong-kong-taiwan-stage-2-challengers-2-qualifier-qf,433,2021-04-11,8:00 PM
PACIFIC,16440,https://www.vlr.gg/16440/kjc-esports-vs-all-born-to-clutch-champions-tour-hong-kong-taiwan-stage-2-challengers-2-qualif,433,2021-04-11,8:00 PM
PACIFIC,16441,https://www.vlr.gg/16441/anti-eco-eco-club-vs-team-reapers-champions-tour-hong-kong-taiwan-stage-2-challengers-2-qualif,433,2021-04-11,8:00 PM
PACIFIC,16570,https://www.vlr.gg/16570/cbt-gaming-vs-victory-formula-champions-tour-hong-kong-taiwan-stage-2-challengers-2-main-event,433,2021-04-16,1:00 PM
PACIFIC,16571,https://www.vlr.gg/16571/lightning-vs-lp33-champions-tour-hong-kong-taiwan-stage-2-challengers-2-main-event-qf,433,2021-04-16,3:00 PM
PACIFIC,16572,https://www.vlr.gg/16572/kpc-computer-studio-vs-all-born-to-clutch-champions-tour-hong-kong-taiwan-stage-2-challengers,433,2021-04-16,5:30 PM
PACIFIC,16573,https://www.vlr.gg/16573/griffin-e-sports-vs-anti-eco-eco-club-champions-tour-hong-kong-taiwan-stage-2-challengers-2-ma,433,2021-04-16,8:30 PM
PACIFIC,16704,https://www.vlr.gg/16704/cbt-gaming-vs-lightning-champions-tour-hong-kong-taiwan-stage-2-challengers-2-main-event-sf,433,2021-04-17,3:00 PM
PACIFIC,16705,https://www.vlr.gg/16705/kpc-computer-studio-vs-anti-eco-eco-club-champions-tour-hong-kong-taiwan-stage-2-challengers-2,433,2021-04-17,5:00 PM
PACIFIC,16706,https://www.vlr.gg/16706/lightning-vs-anti-eco-eco-club-champions-tour-hong-kong-taiwan-stage-2-challengers-2-main-even,433,2021-04-17,9:15 PM
PACIFIC,16707,https://www.vlr.gg/16707/cbt-gaming-vs-kpc-computer-studio-champions-tour-hong-kong-taiwan-stage-2-challengers-2-main-e,433,2021-04-18,4:00 PM
PACIFIC,15698,https://www.vlr.gg/15698/rendezvous-vs-meness-mob-champions-tour-malaysia-singapore-stage-2-challengers-2-qualifiers-da,383,2021-04-10,9:00 AM
PACIFIC,15699,https://www.vlr.gg/15699/team-zero-vs-running-dogs-champions-tour-malaysia-singapore-stage-2-challengers-2-qualifiers-d,383,2021-04-10,9:00 AM
PACIFIC,15700,https://www.vlr.gg/15700/exploding-kittens-vs-hooligans-champions-tour-malaysia-singapore-stage-2-challengers-2-qualifi,383,2021-04-10,9:00 AM
PACIFIC,15701,https://www.vlr.gg/15701/premade-5-vs-laze-champions-tour-malaysia-singapore-stage-2-challengers-2-qualifiers-day-1-rou,383,2021-04-10,9:00 AM
PACIFIC,15790,https://www.vlr.gg/15790/zaps-clan-vs-myschief-champions-tour-malaysia-singapore-stage-2-challengers-2-qualifiers-day-1,383,2021-04-10,9:00 AM
PACIFIC,14313,https://www.vlr.gg/14313/orgless-vs-rendezvous-champions-tour-malaysia-singapore-stage-2-challengers-2-qualifiers-day-1,383,2021-04-10,10:30 AM
PACIFIC,14314,https://www.vlr.gg/14314/zero-synergy-vs-wulf-esports-champions-tour-malaysia-singapore-stage-2-challengers-2-qualifier,383,2021-04-10,10:30 AM
PACIFIC,14315,https://www.vlr.gg/14315/looking-for-org-vs-team-zero-champions-tour-malaysia-singapore-stage-2-challengers-2-qualifier,383,2021-04-10,10:30 AM
PACIFIC,14316,https://www.vlr.gg/14316/todak-vs-exploding-kittens-champions-tour-malaysia-singapore-stage-2-challengers-2-qualifiers,383,2021-04-10,10:30 AM
PACIFIC,14317,https://www.vlr.gg/14317/timing-monster-gaming-vs-laze-champions-tour-malaysia-singapore-stage-2-challengers-2-qualifie,383,2021-04-10,10:30 AM
PACIFIC,14318,https://www.vlr.gg/14318/team-rtz-vs-team-just-good-champions-tour-malaysia-singapore-stage-2-challengers-2-qualifiers,383,2021-04-10,10:30 AM
PACIFIC,14319,https://www.vlr.gg/14319/louvre-vs-myschief-champions-tour-malaysia-singapore-stage-2-challengers-2-qualifiers-day-1-ro,383,2021-04-10,10:30 AM
PACIFIC,14320,https://www.vlr.gg/14320/team-lz-vs-dogwater-esports-champions-tour-malaysia-singapore-stage-2-challengers-2-qualifiers,383,2021-04-10,10:30 AM
PACIFIC,14321,https://www.vlr.gg/14321/orgless-vs-wulf-esports-champions-tour-malaysia-singapore-stage-2-challengers-2-qualifiers-day,383,2021-04-10,12:30 PM
PACIFIC,14322,https://www.vlr.gg/14322/looking-for-org-vs-todak-champions-tour-malaysia-singapore-stage-2-challengers-2-qualifiers-da,383,2021-04-10,2:00 PM
PACIFIC,14323,https://www.vlr.gg/14323/timing-monster-gaming-vs-team-rtz-champions-tour-malaysia-singapore-stage-2-challengers-2-qual,383,2021-04-10,2:00 PM
PACIFIC,14324,https://www.vlr.gg/14324/louvre-vs-dogwater-esports-champions-tour-malaysia-singapore-stage-2-challengers-2-qualifiers,383,2021-04-10,2:00 PM
PACIFIC,14325,https://www.vlr.gg/14325/orgless-vs-todak-champions-tour-malaysia-singapore-stage-2-challengers-2-qualifiers-day-1-quar,383,2021-04-10,4:00 PM
PACIFIC,14326,https://www.vlr.gg/14326/timing-monster-gaming-vs-louvre-champions-tour-malaysia-singapore-stage-2-challengers-2-qualif,383,2021-04-10,4:30 PM
PACIFIC,15702,https://www.vlr.gg/15702/running-dogs-vs-premade-5-champions-tour-malaysia-singapore-stage-2-challengers-2-qualifiers-d,383,2021-04-11,9:00 AM
PACIFIC,15703,https://www.vlr.gg/15703/rendezvous-vs-exploding-kittens-champions-tour-malaysia-singapore-stage-2-challengers-2-qualif,383,2021-04-11,9:00 AM
PACIFIC,15704,https://www.vlr.gg/15704/team-zero-vs-dogwater-esports-champions-tour-malaysia-singapore-stage-2-challengers-2-qualifie,383,2021-04-11,9:00 AM
PACIFIC,14343,https://www.vlr.gg/14343/timing-monster-gaming-vs-premade-5-champions-tour-malaysia-singapore-stage-2-challengers-2-qua,383,2021-04-11,10:30 AM
PACIFIC,14344,https://www.vlr.gg/14344/meness-mob-vs-team-just-good-champions-tour-malaysia-singapore-stage-2-challengers-2-qualifier,383,2021-04-11,10:30 AM
PACIFIC,14345,https://www.vlr.gg/14345/team-lz-vs-laze-champions-tour-malaysia-singapore-stage-2-challengers-2-qualifiers-day-2-round,383,2021-04-11,10:30 AM
PACIFIC,14346,https://www.vlr.gg/14346/team-rtz-vs-hooligans-champions-tour-malaysia-singapore-stage-2-challengers-2-qualifiers-day-2,383,2021-04-11,10:30 AM
PACIFIC,14347,https://www.vlr.gg/14347/looking-for-org-vs-rendezvous-champions-tour-malaysia-singapore-stage-2-challengers-2-qualifie,383,2021-04-11,10:30 AM
PACIFIC,14348,https://www.vlr.gg/14348/wulf-esports-vs-zaps-clan-champions-tour-malaysia-singapore-stage-2-challengers-2-qualifiers-d,383,2021-04-11,10:30 AM
PACIFIC,14350,https://www.vlr.gg/14350/zero-synergy-vs-myschief-champions-tour-malaysia-singapore-stage-2-challengers-2-qualifiers-da,383,2021-04-11,10:30 AM
PACIFIC,14351,https://www.vlr.gg/14351/timing-monster-gaming-vs-meness-mob-champions-tour-malaysia-singapore-stage-2-challengers-2-qu,383,2021-04-11,2:00 PM
PACIFIC,14352,https://www.vlr.gg/14352/team-lz-vs-hooligans-champions-tour-malaysia-singapore-stage-2-challengers-2-qualifiers-day-2,383,2021-04-11,2:00 PM
PACIFIC,14353,https://www.vlr.gg/14353/looking-for-org-vs-wulf-esports-champions-tour-malaysia-singapore-stage-2-challengers-2-qualif,383,2021-04-11,2:00 PM
PACIFIC,14354,https://www.vlr.gg/14354/todak-vs-myschief-champions-tour-malaysia-singapore-stage-2-challengers-2-qualifiers-day-2-qua,383,2021-04-11,2:00 PM
PACIFIC,14355,https://www.vlr.gg/14355/timing-monster-gaming-vs-team-lz-champions-tour-malaysia-singapore-stage-2-challengers-2-quali,383,2021-04-11,5:30 PM
PACIFIC,14356,https://www.vlr.gg/14356/looking-for-org-vs-todak-champions-tour-malaysia-singapore-stage-2-challengers-2-qualifiers-da,383,2021-04-11,5:30 PM
PACIFIC,14357,https://www.vlr.gg/14357/kingsmen-vs-todak-champions-tour-malaysia-singapore-stage-2-challengers-2-main-event-upper-qua,383,2021-04-16,9:00 AM
PACIFIC,14358,https://www.vlr.gg/14358/team-smg-vs-orgless-champions-tour-malaysia-singapore-stage-2-challengers-2-main-event-upper-q,383,2021-04-16,12:30 PM
PACIFIC,14359,https://www.vlr.gg/14359/paper-rex-vs-timing-monster-gaming-champions-tour-malaysia-singapore-stage-2-challengers-2-mai,383,2021-04-16,2:25 PM
PACIFIC,14360,https://www.vlr.gg/14360/team-600-vs-louvre-champions-tour-malaysia-singapore-stage-2-challengers-2-main-event-upper-qu,383,2021-04-16,4:50 PM
PACIFIC,14361,https://www.vlr.gg/14361/kingsmen-vs-orgless-champions-tour-malaysia-singapore-stage-2-challengers-2-main-event-lower-b,383,2021-04-16,7:15 PM
PACIFIC,14362,https://www.vlr.gg/14362/timing-monster-gaming-vs-team-600-champions-tour-malaysia-singapore-stage-2-challengers-2-main,383,2021-04-16,8:10 PM
PACIFIC,14363,https://www.vlr.gg/14363/todak-vs-team-smg-champions-tour-malaysia-singapore-stage-2-challengers-2-main-event-upper-sem,383,2021-04-17,9:00 AM
PACIFIC,14364,https://www.vlr.gg/14364/paper-rex-vs-louvre-champions-tour-malaysia-singapore-stage-2-challengers-2-main-event-upper-s,383,2021-04-17,12:00 PM
PACIFIC,14366,https://www.vlr.gg/14366/todak-vs-team-600-champions-tour-malaysia-singapore-stage-2-challengers-2-main-event-lower-bra,383,2021-04-17,3:00 PM
PACIFIC,14365,https://www.vlr.gg/14365/louvre-vs-orgless-champions-tour-malaysia-singapore-stage-2-challengers-2-main-event-lower-bra,383,2021-04-17,3:40 PM
PACIFIC,14367,https://www.vlr.gg/14367/team-smg-vs-paper-rex-champions-tour-malaysia-singapore-stage-2-challengers-2-main-event-upper,383,2021-04-17,6:00 PM
PACIFIC,14368,https://www.vlr.gg/14368/louvre-vs-todak-champions-tour-malaysia-singapore-stage-2-challengers-2-main-event-lower-brack,383,2021-04-17,8:30 PM
PACIFIC,14369,https://www.vlr.gg/14369/team-smg-vs-louvre-champions-tour-malaysia-singapore-stage-2-challengers-2-main-event-lower-br,383,2021-04-18,9:00 AM
PACIFIC,14370,https://www.vlr.gg/14370/paper-rex-vs-louvre-champions-tour-malaysia-singapore-stage-2-challengers-2-main-event-grand-f,383,2021-04-18,11:30 AM
PACIFIC,15423,https://www.vlr.gg/15423/detonation-gaming-vs-ixa-champions-tour-japan-stage-2-challengers-1-group-a,377,2021-04-03,11:45 AM
PACIFIC,15424,https://www.vlr.gg/15424/serpens-e-sports-vs-chiimu-sagashitemasu-champions-tour-japan-stage-2-challengers-1-group-a,377,2021-04-03,11:45 AM
PACIFIC,15429,https://www.vlr.gg/15429/first-gaming-vs-cross-the-line-champions-tour-japan-stage-2-challengers-1-group-b,377,2021-04-03,11:45 AM
PACIFIC,15430,https://www.vlr.gg/15430/hexad-vs-gaming-team-selector-champions-tour-japan-stage-2-challengers-1-group-b,377,2021-04-03,11:45 AM
PACIFIC,15439,https://www.vlr.gg/15439/fennel-vs-nenkoujoretsu-champions-tour-japan-stage-2-challengers-1-group-c,377,2021-04-03,11:45 AM
PACIFIC,15440,https://www.vlr.gg/15440/nanashi-no-gonbee-vs-blackbird-ignis-champions-tour-japan-stage-2-challengers-1-group-c,377,2021-04-03,11:45 AM
PACIFIC,15449,https://www.vlr.gg/15449/lag-gaming-vs-relation-x-champions-tour-japan-stage-2-challengers-1-group-d,377,2021-04-03,11:45 AM
PACIFIC,15450,https://www.vlr.gg/15450/ebroz-gaming-vs-aigis-champions-tour-japan-stage-2-challengers-1-group-d,377,2021-04-03,11:45 AM
PACIFIC,15425,https://www.vlr.gg/15425/detonation-gaming-vs-serpens-champions-tour-japan-stage-2-challengers-1-group-a,377,2021-04-03,12:55 PM
PACIFIC,15426,https://www.vlr.gg/15426/ixa-vs-chiimu-sagashitemasu-champions-tour-japan-stage-2-challengers-1-group-a,377,2021-04-03,12:55 PM
PACIFIC,15431,https://www.vlr.gg/15431/first-gaming-vs-hexad-champions-tour-japan-stage-2-challengers-1-group-b,377,2021-04-03,12:55 PM
PACIFIC,15432,https://www.vlr.gg/15432/gaming-team-selector-vs-shikoukouketsu-champions-tour-japan-stage-2-challengers-1-group-b,377,2021-04-03,12:55 PM
PACIFIC,15441,https://www.vlr.gg/15441/fennel-vs-nanashi-no-gonbee-champions-tour-japan-stage-2-challengers-1-group-c,377,2021-04-03,12:55 PM
PACIFIC,15442,https://www.vlr.gg/15442/blackbird-ignis-vs-feeling-champions-tour-japan-stage-2-challengers-1-group-c,377,2021-04-03,12:55 PM
PACIFIC,15451,https://www.vlr.gg/15451/lag-gaming-vs-ebroz-gaming-champions-tour-japan-stage-2-challengers-1-group-d,377,2021-04-03,12:55 PM
PACIFIC,15452,https://www.vlr.gg/15452/aigis-vs-novagis-gaming-champions-tour-japan-stage-2-challengers-1-group-d,377,2021-04-03,12:55 PM
PACIFIC,15427,https://www.vlr.gg/15427/detonation-gaming-vs-chiimu-sagashitemasu-champions-tour-japan-stage-2-challengers-1-group-a,377,2021-04-03,2:05 PM
PACIFIC,15428,https://www.vlr.gg/15428/ixa-vs-serpens-champions-tour-japan-stage-2-challengers-1-group-a,377,2021-04-03,2:05 PM
PACIFIC,15433,https://www.vlr.gg/15433/first-gaming-vs-gaming-team-selector-champions-tour-japan-stage-2-challengers-1-group-b,377,2021-04-03,2:05 PM
PACIFIC,15434,https://www.vlr.gg/15434/cross-the-line-vs-shikoukouketsu-champions-tour-japan-stage-2-challengers-1-group-b,377,2021-04-03,2:05 PM
PACIFIC,15444,https://www.vlr.gg/15444/nenkoujoretsu-vs-feeling-champions-tour-japan-stage-2-challengers-1-group-c,377,2021-04-03,2:05 PM
PACIFIC,15453,https://www.vlr.gg/15453/lag-gaming-vs-aigis-champions-tour-japan-stage-2-challengers-1-group-d,377,2021-04-03,2:05 PM
PACIFIC,15454,https://www.vlr.gg/15454/relation-x-vs-novagis-gaming-champions-tour-japan-stage-2-challengers-1-group-d,377,2021-04-03,2:05 PM
PACIFIC,15443,https://www.vlr.gg/15443/fennel-vs-blackbird-ignis-champions-tour-japan-stage-2-challengers-1-group-c,377,2021-04-03,2:15 PM
PACIFIC,15435,https://www.vlr.gg/15435/first-gaming-vs-shikoukouketsu-champions-tour-japan-stage-2-challengers-1-group-b,377,2021-04-03,3:15 PM
PACIFIC,15436,https://www.vlr.gg/15436/cross-the-line-vs-hexad-champions-tour-japan-stage-2-challengers-1-group-b,377,2021-04-03,3:15 PM
PACIFIC,15445,https://www.vlr.gg/15445/fennel-vs-feeling-champions-tour-japan-stage-2-challengers-1-group-c,377,2021-04-03,3:15 PM
PACIFIC,15446,https://www.vlr.gg/15446/nenkoujoretsu-vs-nanashi-no-gonbee-champions-tour-japan-stage-2-challengers-1-group-c,377,2021-04-03,3:15 PM
PACIFIC,15456,https://www.vlr.gg/15456/relation-x-vs-ebroz-gaming-champions-tour-japan-stage-2-challengers-1-group-d,377,2021-04-03,3:15 PM
PACIFIC,15459,https://www.vlr.gg/15459/fav-gaming-vs-no-country-champions-tour-japan-stage-2-challengers-1-group-e,377,2021-04-03,3:15 PM
PACIFIC,15460,https://www.vlr.gg/15460/northeption-vs-lft-champions-tour-japan-stage-2-challengers-1-group-e,377,2021-04-03,3:15 PM
PACIFIC,15470,https://www.vlr.gg/15470/reject-vs-criterion-champions-tour-japan-stage-2-challengers-1-group-f,377,2021-04-03,3:15 PM
PACIFIC,15471,https://www.vlr.gg/15471/glory-be-diva-vs-scarz-champions-tour-japan-stage-2-challengers-1-group-f,377,2021-04-03,3:15 PM
PACIFIC,15486,https://www.vlr.gg/15486/icicle-conflict-vs-free-agents-champions-tour-japan-stage-2-challengers-1-group-h,377,2021-04-03,3:15 PM
PACIFIC,15487,https://www.vlr.gg/15487/superdragons-vs-crazy-raccoon-champions-tour-japan-stage-2-challengers-1-group-h,377,2021-04-03,3:15 PM
PACIFIC,15455,https://www.vlr.gg/15455/lag-gaming-vs-novagis-gaming-champions-tour-japan-stage-2-challengers-1-group-d,377,2021-04-03,3:30 PM
PACIFIC,15437,https://www.vlr.gg/15437/cross-the-line-vs-gaming-team-selector-champions-tour-japan-stage-2-challengers-1-group-b,377,2021-04-03,4:25 PM
PACIFIC,15438,https://www.vlr.gg/15438/hexad-vs-shikoukouketsu-champions-tour-japan-stage-2-challengers-1-group-b,377,2021-04-03,4:25 PM
PACIFIC,15447,https://www.vlr.gg/15447/nenkoujoretsu-vs-blackbird-ignis-champions-tour-japan-stage-2-challengers-1-group-c,377,2021-04-03,4:25 PM
PACIFIC,15448,https://www.vlr.gg/15448/nanashi-no-gonbee-vs-feeling-champions-tour-japan-stage-2-challengers-1-group-c,377,2021-04-03,4:25 PM
PACIFIC,15457,https://www.vlr.gg/15457/relation-x-vs-aigis-champions-tour-japan-stage-2-challengers-1-group-d,377,2021-04-03,4:25 PM
PACIFIC,15458,https://www.vlr.gg/15458/ebroz-gaming-vs-novagis-gaming-champions-tour-japan-stage-2-challengers-1-group-d,377,2021-04-03,4:25 PM
PACIFIC,15462,https://www.vlr.gg/15462/lft-vs-nexus-champions-tour-japan-stage-2-challengers-1-group-e,377,2021-04-03,4:25 PM
PACIFIC,15472,https://www.vlr.gg/15472/reject-vs-glory-be-diva-champions-tour-japan-stage-2-challengers-1-group-f,377,2021-04-03,4:25 PM
PACIFIC,15473,https://www.vlr.gg/15473/scarz-vs-akihabara-encount-champions-tour-japan-stage-2-challengers-1-group-f,377,2021-04-03,4:25 PM
PACIFIC,15488,https://www.vlr.gg/15488/icicle-conflict-vs-superdragons-champions-tour-japan-stage-2-challengers-1-group-h,377,2021-04-03,4:25 PM
PACIFIC,15489,https://www.vlr.gg/15489/crazy-raccoon-vs-ctg-ibushigin-champions-tour-japan-stage-2-challengers-1-group-h,377,2021-04-03,4:25 PM
PACIFIC,15461,https://www.vlr.gg/15461/fav-gaming-vs-northeption-champions-tour-japan-stage-2-challengers-1-group-e,377,2021-04-03,4:50 PM
PACIFIC,15463,https://www.vlr.gg/15463/fav-gaming-vs-lft-champions-tour-japan-stage-2-challengers-1-group-e,377,2021-04-03,5:35 PM
PACIFIC,15464,https://www.vlr.gg/15464/no-country-vs-nexus-champions-tour-japan-stage-2-challengers-1-group-e,377,2021-04-03,5:35 PM
PACIFIC,15475,https://www.vlr.gg/15475/criterion-vs-akihabara-encount-champions-tour-japan-stage-2-challengers-1-group-f,377,2021-04-03,5:35 PM
PACIFIC,15480,https://www.vlr.gg/15480/absolute-jupiter-vs-atlas-gaming-champions-tour-japan-stage-2-challengers-1-group-g,377,2021-04-03,5:35 PM
PACIFIC,15481,https://www.vlr.gg/15481/sengoku-gaming-vs-the-shables-champions-tour-japan-stage-2-challengers-1-group-g,377,2021-04-03,5:35 PM
PACIFIC,15490,https://www.vlr.gg/15490/icicle-conflict-vs-crazy-raccoon-champions-tour-japan-stage-2-challengers-1-group-h,377,2021-04-03,5:35 PM
PACIFIC,15491,https://www.vlr.gg/15491/free-agents-vs-ctg-ibushigin-champions-tour-japan-stage-2-challengers-1-group-h,377,2021-04-03,5:35 PM
PACIFIC,15474,https://www.vlr.gg/15474/reject-vs-scarz-champions-tour-japan-stage-2-challengers-1-group-f,377,2021-04-03,5:50 PM
PACIFIC,15465,https://www.vlr.gg/15465/fav-gaming-vs-nexus-champions-tour-japan-stage-2-challengers-1-group-e,377,2021-04-03,6:45 PM
PACIFIC,15466,https://www.vlr.gg/15466/no-country-vs-northeption-champions-tour-japan-stage-2-challengers-1-group-e,377,2021-04-03,6:45 PM
PACIFIC,15476,https://www.vlr.gg/15476/reject-vs-akihabara-encount-champions-tour-japan-stage-2-challengers-1-group-f,377,2021-04-03,6:45 PM
PACIFIC,15477,https://www.vlr.gg/15477/criterion-vs-glory-be-diva-champions-tour-japan-stage-2-challengers-1-group-f,377,2021-04-03,6:45 PM
PACIFIC,15483,https://www.vlr.gg/15483/atlas-gaming-vs-the-shables-champions-tour-japan-stage-2-challengers-1-group-g,377,2021-04-03,6:45 PM
PACIFIC,15492,https://www.vlr.gg/15492/icicle-conflict-vs-ctg-ibushigin-champions-tour-japan-stage-2-challengers-1-group-h,377,2021-04-03,6:45 PM
PACIFIC,15493,https://www.vlr.gg/15493/free-agents-vs-superdragons-champions-tour-japan-stage-2-challengers-1-group-h,377,2021-04-03,6:45 PM
PACIFIC,15482,https://www.vlr.gg/15482/absolute-jupiter-vs-sengoku-gaming-champions-tour-japan-stage-2-challengers-1-group-g,377,2021-04-03,7:05 PM
PACIFIC,15467,https://www.vlr.gg/15467/no-country-vs-lft-champions-tour-japan-stage-2-challengers-1-group-e,377,2021-04-03,7:55 PM
PACIFIC,15468,https://www.vlr.gg/15468/northeption-vs-nexus-champions-tour-japan-stage-2-challengers-1-group-e,377,2021-04-03,7:55 PM
PACIFIC,15478,https://www.vlr.gg/15478/criterion-vs-scarz-champions-tour-japan-stage-2-challengers-1-group-f,377,2021-04-03,7:55 PM
PACIFIC,15479,https://www.vlr.gg/15479/glory-be-diva-vs-akihabara-encount-champions-tour-japan-stage-2-challengers-1-group-f,377,2021-04-03,7:55 PM
PACIFIC,15484,https://www.vlr.gg/15484/absolute-jupiter-vs-the-shables-champions-tour-japan-stage-2-challengers-1-group-g,377,2021-04-03,7:55 PM
PACIFIC,15485,https://www.vlr.gg/15485/atlas-gaming-vs-sengoku-gaming-champions-tour-japan-stage-2-challengers-1-group-g,377,2021-04-03,7:55 PM
PACIFIC,15495,https://www.vlr.gg/15495/superdragons-vs-ctg-ibushigin-champions-tour-japan-stage-2-challengers-1-group-h,377,2021-04-03,7:55 PM
PACIFIC,15494,https://www.vlr.gg/15494/free-agents-vs-crazy-raccoon-champions-tour-japan-stage-2-challengers-1-group-h,377,2021-04-03,8:15 PM
PACIFIC,15831,https://www.vlr.gg/15831/shikoukouketsu-vs-lag-gaming-champions-tour-japan-stage-2-challengers-1-group-a,377,2021-04-10,9:00 AM
PACIFIC,15832,https://www.vlr.gg/15832/scarz-vs-northeption-champions-tour-japan-stage-2-challengers-1-group-a,377,2021-04-10,11:00 AM
PACIFIC,15833,https://www.vlr.gg/15833/shikoukouketsu-vs-scarz-champions-tour-japan-stage-2-challengers-1-group-a,377,2021-04-10,1:00 PM
PACIFIC,15834,https://www.vlr.gg/15834/lag-gaming-vs-northeption-champions-tour-japan-stage-2-challengers-1-group-a,377,2021-04-10,3:00 PM
PACIFIC,15835,https://www.vlr.gg/15835/shikoukouketsu-vs-northeption-champions-tour-japan-stage-2-challengers-1-group-a,377,2021-04-10,5:00 PM
PACIFIC,15836,https://www.vlr.gg/15836/lag-gaming-vs-scarz-champions-tour-japan-stage-2-challengers-1-group-a,377,2021-04-10,7:00 PM
PACIFIC,15837,https://www.vlr.gg/15837/chiimu-sagashitemasu-vs-feeling-champions-tour-japan-stage-2-challengers-1-group-b,377,2021-04-11,9:00 AM
PACIFIC,15838,https://www.vlr.gg/15838/crazy-raccoon-vs-absolute-jupiter-champions-tour-japan-stage-2-challengers-1-group-b,377,2021-04-11,11:00 AM
PACIFIC,15839,https://www.vlr.gg/15839/chiimu-sagashitemasu-vs-crazy-raccoon-champions-tour-japan-stage-2-challengers-1-group-b,377,2021-04-11,1:00 PM
PACIFIC,15840,https://www.vlr.gg/15840/feeling-vs-absolute-jupiter-champions-tour-japan-stage-2-challengers-1-group-b,377,2021-04-11,3:00 PM
PACIFIC,15841,https://www.vlr.gg/15841/chiimu-sagashitemasu-vs-absolute-jupiter-champions-tour-japan-stage-2-challengers-1-group-b,377,2021-04-11,5:00 PM
PACIFIC,15842,https://www.vlr.gg/15842/feeling-vs-crazy-raccoon-champions-tour-japan-stage-2-challengers-1-group-b,377,2021-04-11,7:00 PM
PACIFIC,14263,https://www.vlr.gg/14263/execration-vs-fractal-champions-tour-philippines-stage-2-challengers-1-qualifier-1-ro16,385,2021-03-27,2:00 PM
PACIFIC,14264,https://www.vlr.gg/14264/walk-re-vs-sv-empire-champions-tour-philippines-stage-2-challengers-1-qualifier-1-ro16,385,2021-03-27,2:00 PM
PACIFIC,14265,https://www.vlr.gg/14265/gbp-esports-vs-anonymous-ilonggos-champions-tour-philippines-stage-2-challengers-1-qualifier-1-r,385,2021-03-27,2:00 PM
PACIFIC,14266,https://www.vlr.gg/14266/nrx-esports-vs-hashira-sr-champions-tour-philippines-stage-2-challengers-1-qualifier-1-ro16,385,2021-03-27,2:00 PM
PACIFIC,14267,https://www.vlr.gg/14267/oasis-gaming-vs-nxp-aether-champions-tour-philippines-stage-2-challengers-1-qualifier-1-ro16,385,2021-03-27,2:00 PM
PACIFIC,14268,https://www.vlr.gg/14268/sr-kadiliman-vs-ace-esports-champions-tour-philippines-stage-2-challengers-1-qualifier-1-ro16,385,2021-03-27,2:00 PM
PACIFIC,14269,https://www.vlr.gg/14269/shadowfox-black-vs-dr-esports-champions-tour-philippines-stage-2-challengers-1-qualifier-1-ro16,385,2021-03-27,2:00 PM
PACIFIC,14270,https://www.vlr.gg/14270/se-atlas-vs-shadowfox-red-champions-tour-philippines-stage-2-challengers-1-qualifier-1-ro16,385,2021-03-27,2:00 PM
PACIFIC,14271,https://www.vlr.gg/14271/fractal-vs-sv-empire-champions-tour-philippines-stage-2-challengers-1-qualifier-1-ro8,385,2021-03-27,4:00 PM
PACIFIC,14272,https://www.vlr.gg/14272/gbp-esports-vs-hashira-sr-champions-tour-philippines-stage-2-challengers-1-qualifier-1-ro8,385,2021-03-27,4:00 PM
PACIFIC,14273,https://www.vlr.gg/14273/oasis-gaming-vs-sr-kadiliman-champions-tour-philippines-stage-2-challengers-1-qualifier-1-ro8,385,2021-03-27,4:00 PM
PACIFIC,14274,https://www.vlr.gg/14274/dr-esports-vs-se-atlas-champions-tour-philippines-stage-2-challengers-1-qualifier-1-ro8,385,2021-03-27,4:00 PM
PACIFIC,14434,https://www.vlr.gg/14434/bestial-vs-elite-valiant-champions-tour-philippines-stage-2-challengers-1-qualifier-2-ro16,385,2021-03-28,2:00 PM
PACIFIC,14435,https://www.vlr.gg/14435/oasis-gaming-vs-infinite-esports-champions-tour-philippines-stage-2-challengers-1-qualifier-2-ro,385,2021-03-28,2:00 PM
PACIFIC,14436,https://www.vlr.gg/14436/poizon-vs-galaxy-racers-champions-tour-philippines-stage-2-challengers-1-qualifier-2-ro16,385,2021-03-28,2:00 PM
PACIFIC,14437,https://www.vlr.gg/14437/sunsparks-vs-whr-esports-champions-tour-philippines-stage-2-challengers-1-qualifier-2-ro16,385,2021-03-28,2:00 PM
PACIFIC,14438,https://www.vlr.gg/14438/the-first-order-vs-fractal-champions-tour-philippines-stage-2-challengers-1-qualifier-2-ro16,385,2021-03-28,2:00 PM
PACIFIC,14439,https://www.vlr.gg/14439/xtreme-elite-esports-vs-walk-re-champions-tour-philippines-stage-2-challengers-1-qualifier-2-ro1,385,2021-03-28,2:00 PM
PACIFIC,14440,https://www.vlr.gg/14440/syko-vs-gbp-esports-champions-tour-philippines-stage-2-challengers-1-qualifier-2-ro16,385,2021-03-28,2:00 PM
PACIFIC,14441,https://www.vlr.gg/14441/6045pirates-vs-baustroyer-champions-tour-philippines-stage-2-challengers-1-qualifier-2-ro16,385,2021-03-28,2:00 PM
PACIFIC,14442,https://www.vlr.gg/14442/bestial-vs-oasis-gaming-champions-tour-philippines-stage-2-challengers-1-qualifier-2-ro8,385,2021-03-28,3:00 PM
PACIFIC,14443,https://www.vlr.gg/14443/galaxy-racers-vs-sunsparks-champions-tour-philippines-stage-2-challengers-1-qualifier-2-ro8,385,2021-03-28,3:00 PM
PACIFIC,14444,https://www.vlr.gg/14444/the-first-order-vs-walk-re-champions-tour-philippines-stage-2-challengers-1-qualifier-2-ro8,385,2021-03-28,3:00 PM
PACIFIC,14445,https://www.vlr.gg/14445/syko-vs-6045pirates-champions-tour-philippines-stage-2-challengers-1-qualifier-2-ro8,385,2021-03-28,3:00 PM
PACIFIC,14446,https://www.vlr.gg/14446/oasis-gaming-vs-galaxy-racers-champions-tour-philippines-stage-2-challengers-1-qualifier-2-ro4,385,2021-03-28,4:00 PM
PACIFIC,14447,https://www.vlr.gg/14447/walk-re-vs-6045pirates-champions-tour-philippines-stage-2-challengers-1-qualifier-2-ro4,385,2021-03-28,4:00 PM
PACIFIC,14448,https://www.vlr.gg/14448/oasis-gaming-vs-6045pirates-champions-tour-philippines-stage-2-challengers-1-qualifier-2-3rd-see,385,2021-03-28,4:00 PM
PACIFIC,15516,https://www.vlr.gg/15516/bren-esports-vs-se-atlas-champions-tour-philippines-stage-2-challengers-1-main-event-qf,385,2021-04-04,2:00 PM
PACIFIC,15517,https://www.vlr.gg/15517/sv-empire-vs-walk-re-champions-tour-philippines-stage-2-challengers-1-main-event-qf,385,2021-04-04,5:00 PM
PACIFIC,15518,https://www.vlr.gg/15518/sr-kadiliman-vs-6045pirates-esports-champions-tour-philippines-stage-2-challengers-1-main-event,385,2021-04-04,8:15 PM
PACIFIC,15519,https://www.vlr.gg/15519/hashira-vs-galaxy-racer-dreamfyre-champions-tour-philippines-stage-2-challengers-1-main-event-qf,385,2021-04-05,2:00 PM
PACIFIC,15520,https://www.vlr.gg/15520/bren-esports-vs-sv-empire-champions-tour-philippines-stage-2-challengers-1-main-event-sf,385,2021-04-05,5:15 PM
PACIFIC,15521,https://www.vlr.gg/15521/6045pirates-esports-vs-hashira-champions-tour-philippines-stage-2-challengers-1-main-event-sf,385,2021-04-05,8:00 PM
PACIFIC,15522,https://www.vlr.gg/15522/bren-esports-vs-hashira-champions-tour-philippines-stage-2-challengers-1-main-event-gf,385,2021-04-06,3:30 PM
PACIFIC,13981,https://www.vlr.gg/13981/flat-white-vs-encode-champions-tour-indonesia-stage-2-challengers-1-qualifier-ro64,379,2021-03-26,2:00 PM
PACIFIC,13982,https://www.vlr.gg/13982/kingslayers-vs-r-veur-champions-tour-indonesia-stage-2-challengers-1-qualifier-ro64,379,2021-03-26,2:00 PM
PACIFIC,13983,https://www.vlr.gg/13983/antero-vs-orbit-champions-tour-indonesia-stage-2-challengers-1-qualifier-ro64,379,2021-03-26,2:00 PM
PACIFIC,13984,https://www.vlr.gg/13984/re-five-vs-thieves-of-hours-champions-tour-indonesia-stage-2-challengers-1-qualifier-ro64,379,2021-03-26,2:00 PM
PACIFIC,13985,https://www.vlr.gg/13985/golden5-vs-estevandor-champions-tour-indonesia-stage-2-challengers-1-qualifier-ro64,379,2021-03-26,2:00 PM
PACIFIC,13986,https://www.vlr.gg/13986/galaxy-rangers-vs-proplayergagal-champions-tour-indonesia-stage-2-challengers-1-qualifier-ro64,379,2021-03-26,2:00 PM
PACIFIC,13987,https://www.vlr.gg/13987/wolfpack-vs-vvv-champions-tour-indonesia-stage-2-challengers-1-qualifier-ro64,379,2021-03-26,2:00 PM
PACIFIC,13988,https://www.vlr.gg/13988/way-esports-vs-cuek-champions-tour-indonesia-stage-2-challengers-1-qualifier-ro64,379,2021-03-26,2:00 PM
PACIFIC,13989,https://www.vlr.gg/13989/claxon-esport-vs-the-mafias-eaid-champions-tour-indonesia-stage-2-challengers-1-qualifier-ro64,379,2021-03-26,2:00 PM
PACIFIC,13990,https://www.vlr.gg/13990/ethereal-vs-revival-champions-tour-indonesia-stage-2-challengers-1-qualifier-ro64,379,2021-03-26,2:00 PM
PACIFIC,13991,https://www.vlr.gg/13991/alter-ego-vs-encode-champions-tour-indonesia-stage-2-challengers-1-qualifier-ro32,379,2021-03-26,4:30 PM
PACIFIC,13992,https://www.vlr.gg/13992/art-of-team-vs-victoriousid-champions-tour-indonesia-stage-2-challengers-1-qualifier-ro32,379,2021-03-26,4:30 PM
PACIFIC,13993,https://www.vlr.gg/13993/geyeri4n-vs-kingslayers-champions-tour-indonesia-stage-2-challengers-1-qualifier-ro32,379,2021-03-26,4:30 PM
PACIFIC,13994,https://www.vlr.gg/13994/rrq-endeavour-vs-antero-champions-tour-indonesia-stage-2-challengers-1-qualifier-ro32,379,2021-03-26,4:30 PM
PACIFIC,13995,https://www.vlr.gg/13995/xcn-gaming-vs-re-five-champions-tour-indonesia-stage-2-challengers-1-qualifier-ro32,379,2021-03-26,4:30 PM
PACIFIC,13996,https://www.vlr.gg/13996/x-force-vs-power-danger-esport-champions-tour-indonesia-stage-2-challengers-1-qualifier-ro32,379,2021-03-26,4:30 PM
PACIFIC,13997,https://www.vlr.gg/13997/solid-wanderers-vs-golden5-champions-tour-indonesia-stage-2-challengers-1-qualifier-ro32,379,2021-03-26,4:30 PM
PACIFIC,13998,https://www.vlr.gg/13998/golden-trash-vs-octagon-gaming-champions-tour-indonesia-stage-2-challengers-1-qualifier-ro32,379,2021-03-26,4:30 PM
PACIFIC,13999,https://www.vlr.gg/13999/bigetron-astro-vs-galaxy-rangers-champions-tour-indonesia-stage-2-challengers-1-qualifier-ro32,379,2021-03-26,4:30 PM
PACIFIC,14000,https://www.vlr.gg/14000/syntax-vs-cano-champions-tour-indonesia-stage-2-challengers-1-qualifier-ro32,379,2021-03-26,4:30 PM
PACIFIC,14001,https://www.vlr.gg/14001/proxymine-vs-wolfpack-champions-tour-indonesia-stage-2-challengers-1-qualifier-ro32,379,2021-03-26,4:30 PM
PACIFIC,14002,https://www.vlr.gg/14002/team-phenix-vs-way-esports-champions-tour-indonesia-stage-2-challengers-1-qualifier-ro32,379,2021-03-26,4:30 PM
PACIFIC,14003,https://www.vlr.gg/14003/morph-team-vs-the-mafias-eaid-champions-tour-indonesia-stage-2-challengers-1-qualifier-ro32,379,2021-03-26,4:30 PM
PACIFIC,14004,https://www.vlr.gg/14004/aing-maung-esports-vs-firecrest-champions-tour-indonesia-stage-2-challengers-1-qualifier-ro32,379,2021-03-26,4:30 PM
PACIFIC,14005,https://www.vlr.gg/14005/noir-vs-ethereal-champions-tour-indonesia-stage-2-challengers-1-qualifier-ro32,379,2021-03-26,4:30 PM
PACIFIC,14006,https://www.vlr.gg/14006/dewa-united-e-sports-vs-pwyh-champions-tour-indonesia-stage-2-challengers-1-qualifier-ro32,379,2021-03-26,4:30 PM
PACIFIC,14007,https://www.vlr.gg/14007/alter-ego-vs-art-of-team-champions-tour-indonesia-stage-2-challengers-1-qualifier-ro16,379,2021-03-27,1:00 PM
PACIFIC,14008,https://www.vlr.gg/14008/kingslayers-vs-rrq-endeavour-champions-tour-indonesia-stage-2-challengers-1-qualifier-ro16,379,2021-03-27,1:00 PM
PACIFIC,14009,https://www.vlr.gg/14009/xcn-gaming-vs-power-danger-esport-champions-tour-indonesia-stage-2-challengers-1-qualifier-ro16,379,2021-03-27,3:30 PM
PACIFIC,14010,https://www.vlr.gg/14010/golden5-vs-octagon-gaming-champions-tour-indonesia-stage-2-challengers-1-qualifier-ro16,379,2021-03-27,3:30 PM
PACIFIC,14011,https://www.vlr.gg/14011/bigetron-astro-vs-cano-champions-tour-indonesia-stage-2-challengers-1-qualifier-ro16,379,2021-03-27,6:30 PM
PACIFIC,14012,https://www.vlr.gg/14012/wolfpack-vs-way-esports-champions-tour-indonesia-stage-2-challengers-1-qualifier-ro16,379,2021-03-27,6:30 PM
PACIFIC,14013,https://www.vlr.gg/14013/morph-team-vs-aing-maung-esports-champions-tour-indonesia-stage-2-challengers-1-qualifier-ro16,379,2021-03-28,11:00 AM
PACIFIC,14014,https://www.vlr.gg/14014/ethereal-vs-dewa-united-e-sports-champions-tour-indonesia-stage-2-challengers-1-qualifier-ro16,379,2021-03-28,11:00 AM
PACIFIC,14015,https://www.vlr.gg/14015/alter-ego-vs-kingslayers-champions-tour-indonesia-stage-2-challengers-1-qualifier-ro8,379,2021-03-28,1:30 PM
PACIFIC,14016,https://www.vlr.gg/14016/xcn-gaming-vs-golden5-champions-tour-indonesia-stage-2-challengers-1-qualifier-ro8,379,2021-03-28,1:30 PM
PACIFIC,14017,https://www.vlr.gg/14017/bigetron-astro-vs-wolfpack-champions-tour-indonesia-stage-2-challengers-1-qualifier-ro8,379,2021-03-28,4:00 PM
PACIFIC,14018,https://www.vlr.gg/14018/morph-team-vs-ethereal-champions-tour-indonesia-stage-2-challengers-1-qualifier-ro8,379,2021-03-28,4:00 PM
PACIFIC,14019,https://www.vlr.gg/14019/kingslayers-vs-golden5-champions-tour-indonesia-stage-2-challengers-1-qualifier-5th-seed-qualifi,379,2021-03-28,6:30 PM
PACIFIC,14020,https://www.vlr.gg/14020/wolfpack-vs-ethereal-champions-tour-indonesia-stage-2-challengers-1-qualifier-5th-seed-qualifier,379,2021-03-28,6:30 PM
PACIFIC,14533,https://www.vlr.gg/14533/boom-esports-vs-kingslayers-champions-tour-indonesia-stage-2-challengers-1-main-event-qf,379,2021-04-02,1:30 PM
PACIFIC,14534,https://www.vlr.gg/14534/bigetron-astro-vs-morph-impact-champions-tour-indonesia-stage-2-challengers-1-main-event-qf,379,2021-04-02,5:00 PM
PACIFIC,14535,https://www.vlr.gg/14535/nxl-ligagame-vs-ethereal-champions-tour-indonesia-stage-2-challengers-1-main-event-qf,379,2021-04-02,9:00 PM
PACIFIC,14536,https://www.vlr.gg/14536/alter-ego-vs-xcn-gaming-champions-tour-indonesia-stage-2-challengers-1-main-event-qf,379,2021-04-03,2:00 PM
PACIFIC,15375,https://www.vlr.gg/15375/boom-esports-vs-morph-impact-champions-tour-indonesia-stage-2-challengers-1-main-event-sf,379,2021-04-03,4:00 PM
PACIFIC,15376,https://www.vlr.gg/15376/nxl-ligagame-vs-alter-ego-champions-tour-indonesia-stage-2-challengers-1-main-event-sf,379,2021-04-03,7:00 PM
PACIFIC,15377,https://www.vlr.gg/15377/morph-impact-vs-nxl-ligagame-champions-tour-indonesia-stage-2-challengers-1-main-event-3rd-place,379,2021-04-04,1:30 PM
PACIFIC,15378,https://www.vlr.gg/15378/boom-esports-vs-alter-ego-champions-tour-indonesia-stage-2-challengers-1-main-event-gf,379,2021-04-04,4:00 PM
PACIFIC,14173,https://www.vlr.gg/14173/anti-eco-eco-club-vs-amateur-team-champions-tour-hong-kong-taiwan-stage-2-challengers-1-qualif,384,2021-03-28,7:00 PM
PACIFIC,14174,https://www.vlr.gg/14174/team-assassin-vs-griffin-e-sports-champions-tour-hong-kong-taiwan-stage-2-challengers-1-qualif,384,2021-03-28,7:00 PM
PACIFIC,14175,https://www.vlr.gg/14175/dont-wanna-try-hard-vs-lp33-champions-tour-hong-kong-taiwan-stage-2-challengers-1-qualifier-ro,384,2021-03-28,7:00 PM
PACIFIC,14176,https://www.vlr.gg/14176/cbt-gaming-vs-last-evolution-champions-tour-hong-kong-taiwan-stage-2-challengers-1-qualifier-r,384,2021-03-28,7:00 PM
PACIFIC,14177,https://www.vlr.gg/14177/shi-shui-wen-vs-tian-dogs-gaming-champions-tour-hong-kong-taiwan-stage-2-challengers-1-qualifi,384,2021-03-28,7:00 PM
PACIFIC,14178,https://www.vlr.gg/14178/five-ace-e-sports-vs-kjc-esports-champions-tour-hong-kong-taiwan-stage-2-challengers-1-qualifi,384,2021-03-28,7:00 PM
PACIFIC,14179,https://www.vlr.gg/14179/lightning-vs-wolfpack-champions-tour-hong-kong-taiwan-stage-2-challengers-1-qualifier-ro16,384,2021-03-28,7:00 PM
PACIFIC,15363,https://www.vlr.gg/15363/kpc-computer-studio-vs-anti-eco-eco-club-champions-tour-hong-kong-taiwan-stage-2-challengers-1,384,2021-04-02,1:00 PM
PACIFIC,15364,https://www.vlr.gg/15364/griffin-e-sports-vs-lp33-champions-tour-hong-kong-taiwan-stage-2-challengers-1-main-event-qf,384,2021-04-02,3:00 PM
PACIFIC,15365,https://www.vlr.gg/15365/cbt-gaming-vs-shi-shui-wen-champions-tour-hong-kong-taiwan-stage-2-challengers-1-main-event-qf,384,2021-04-02,5:00 PM
PACIFIC,15366,https://www.vlr.gg/15366/five-ace-e-sports-vs-lightning-champions-tour-hong-kong-taiwan-stage-2-challengers-1-main-even,384,2021-04-02,7:00 PM
PACIFIC,15368,https://www.vlr.gg/15368/kpc-computer-studio-vs-griffin-e-sports-champions-tour-hong-kong-taiwan-stage-2-challengers-1,384,2021-04-03,3:00 PM
PACIFIC,15369,https://www.vlr.gg/15369/cbt-gaming-vs-lightning-champions-tour-hong-kong-taiwan-stage-2-challengers-1-main-event-sf,384,2021-04-03,6:30 PM
PACIFIC,15370,https://www.vlr.gg/15370/griffin-e-sports-vs-lightning-champions-tour-hong-kong-taiwan-stage-2-challengers-1-main-event,384,2021-04-03,8:00 PM
PACIFIC,15371,https://www.vlr.gg/15371/kpc-computer-studio-vs-cbt-gaming-champions-tour-hong-kong-taiwan-stage-2-challengers-1-main-e,384,2021-04-04,4:00 PM
PACIFIC,14249,https://www.vlr.gg/14249/made-in-thailand-vs-full-sense-champions-tour-thailand-stage-2-challengers-1-qualifier-qf,386,2021-03-27,1:00 PM
PACIFIC,14250,https://www.vlr.gg/14250/sharper-esports-vs-2red-champions-tour-thailand-stage-2-challengers-1-qualifier-qf,386,2021-03-27,1:00 PM
PACIFIC,14251,https://www.vlr.gg/14251/qconfirm-vs-foxy-araikordai-champions-tour-thailand-stage-2-challengers-1-qualifier-qf,386,2021-03-27,1:00 PM
PACIFIC,14252,https://www.vlr.gg/14252/konthaisaduay-vs-suradech-gaming-champions-tour-thailand-stage-2-challengers-1-qualifier-qf,386,2021-03-27,1:00 PM
PACIFIC,14253,https://www.vlr.gg/14253/full-sense-vs-sharper-esports-champions-tour-thailand-stage-2-challengers-1-qualifier-sf,386,2021-03-27,4:00 PM
PACIFIC,14254,https://www.vlr.gg/14254/foxy-araikordai-vs-suradech-gaming-champions-tour-thailand-stage-2-challengers-1-qualifier-sf,386,2021-03-27,4:00 PM
PACIFIC,14256,https://www.vlr.gg/14256/2red-vs-thailand-attitude-champions-tour-thailand-stage-2-challengers-1-qualifier-lbr1,386,2021-03-27,5:00 PM
PACIFIC,14257,https://www.vlr.gg/14257/retired-esports-vs-aricat-e-sport-champions-tour-thailand-stage-2-challengers-1-qualifier-lbr1,386,2021-03-27,5:00 PM
PACIFIC,14258,https://www.vlr.gg/14258/suradech-gaming-vs-2red-champions-tour-thailand-stage-2-challengers-1-qualifier-lbr2,386,2021-03-28,12:00 PM
PACIFIC,14259,https://www.vlr.gg/14259/full-sense-vs-aricat-e-sport-champions-tour-thailand-stage-2-challengers-1-qualifier-lbr2,386,2021-03-28,12:00 PM
PACIFIC,14255,https://www.vlr.gg/14255/sharper-esports-vs-foxy-araikordai-champions-tour-thailand-stage-2-challengers-1-qualifier-uf,386,2021-03-28,1:00 PM
PACIFIC,14260,https://www.vlr.gg/14260/2red-vs-full-sense-champions-tour-thailand-stage-2-challengers-1-qualifier-lbr3,386,2021-03-28,2:20 PM
PACIFIC,14261,https://www.vlr.gg/14261/foxy-araikordai-vs-full-sense-champions-tour-thailand-stage-2-challengers-1-qualifier-lbf,386,2021-03-28,3:20 PM
PACIFIC,14262,https://www.vlr.gg/14262/sharper-esports-vs-foxy-araikordai-champions-tour-thailand-stage-2-challengers-1-qualifier-gf,386,2021-03-28,3:30 PM
PACIFIC,15214,https://www.vlr.gg/15214/x10-esports-vs-suradech-gaming-champions-tour-thailand-stage-2-challengers-1-main-event-qf,386,2021-04-02,7:00 PM
PACIFIC,15215,https://www.vlr.gg/15215/ex-full-sense-vs-foxy-araikordai-champions-tour-thailand-stage-2-challengers-1-main-event-qf,386,2021-04-02,9:00 PM
PACIFIC,15216,https://www.vlr.gg/15216/sharper-esports-vs-2red-champions-tour-thailand-stage-2-challengers-1-main-event-qf,386,2021-04-03,12:00 PM
PACIFIC,15217,https://www.vlr.gg/15217/ng-black-vs-aricat-esport-champions-tour-thailand-stage-2-challengers-1-main-event-qf,386,2021-04-03,3:00 PM
PACIFIC,15219,https://www.vlr.gg/15219/x10-esports-vs-ex-full-sense-champions-tour-thailand-stage-2-challengers-1-main-event-sf,386,2021-04-03,6:00 PM
PACIFIC,15220,https://www.vlr.gg/15220/sharper-esports-vs-ng-black-champions-tour-thailand-stage-2-challengers-1-main-event-sf,386,2021-04-03,6:00 PM
PACIFIC,15221,https://www.vlr.gg/15221/x10-esports-vs-sharper-esports-champions-tour-thailand-stage-2-challengers-1-main-event-gf,386,2021-04-04,4:00 PM
PACIFIC,14108,https://www.vlr.gg/14108/nogamesense-vs-looking-for-org-champions-tour-malaysia-singapore-stage-2-challengers-1-qualifi,373,2021-03-27,9:00 AM
PACIFIC,14109,https://www.vlr.gg/14109/team-lz-vs-thirsts-void-champions-tour-malaysia-singapore-stage-2-challengers-1-qualifiers-rou,373,2021-03-27,9:00 AM
PACIFIC,14110,https://www.vlr.gg/14110/xiao-vs-hooligans-champions-tour-malaysia-singapore-stage-2-challengers-1-qualifiers-round-of,373,2021-03-27,9:00 AM
PACIFIC,14112,https://www.vlr.gg/14112/todak-vs-orgless-champions-tour-malaysia-singapore-stage-2-challengers-1-qualifiers-round-of-3,373,2021-03-27,9:00 AM
PACIFIC,14114,https://www.vlr.gg/14114/exploding-kittens-vs-zero-synergy-white-champions-tour-malaysia-singapore-stage-2-challengers,373,2021-03-27,9:00 AM
PACIFIC,14116,https://www.vlr.gg/14116/team-nasi-lemak-vs-running-dogs-champions-tour-malaysia-singapore-stage-2-challengers-1-qualif,373,2021-03-27,9:00 AM
PACIFIC,14117,https://www.vlr.gg/14117/team-600-vs-thirsts-esports-champions-tour-malaysia-singapore-stage-2-challengers-1-qualifiers,373,2021-03-27,9:00 AM
PACIFIC,14118,https://www.vlr.gg/14118/underdogs-vs-renaissance-champions-tour-malaysia-singapore-stage-2-challengers-1-qualifiers-ro,373,2021-03-27,9:00 AM
PACIFIC,14120,https://www.vlr.gg/14120/team-rtz-vs-5hippos-champions-tour-malaysia-singapore-stage-2-challengers-1-qualifiers-round-o,373,2021-03-27,9:00 AM
PACIFIC,14121,https://www.vlr.gg/14121/nsfs-vs-kingsmen-champions-tour-malaysia-singapore-stage-2-challengers-1-qualifiers-round-of-3,373,2021-03-27,9:00 AM
PACIFIC,14122,https://www.vlr.gg/14122/team-hydro-vs-mantou-champions-tour-malaysia-singapore-stage-2-challengers-1-qualifiers-round,373,2021-03-27,9:00 AM
PACIFIC,14123,https://www.vlr.gg/14123/broskis-vs-nogamesense-champions-tour-malaysia-singapore-stage-2-challengers-1-qualifiers-roun,373,2021-03-27,10:30 AM
PACIFIC,14124,https://www.vlr.gg/14124/team-lz-vs-xiao-champions-tour-malaysia-singapore-stage-2-challengers-1-qualifiers-round-of-16,373,2021-03-27,10:30 AM
PACIFIC,14125,https://www.vlr.gg/14125/louvre-vs-orgless-champions-tour-malaysia-singapore-stage-2-challengers-1-qualifiers-round-of,373,2021-03-27,10:30 AM
PACIFIC,14126,https://www.vlr.gg/14126/theduckarmy-vs-zero-synergy-white-champions-tour-malaysia-singapore-stage-2-challengers-1-qual,373,2021-03-27,10:30 AM
PACIFIC,14127,https://www.vlr.gg/14127/paper-rex-vs-running-dogs-champions-tour-malaysia-singapore-stage-2-challengers-1-qualifiers-r,373,2021-03-27,10:30 AM
PACIFIC,14128,https://www.vlr.gg/14128/team-600-vs-renaissance-champions-tour-malaysia-singapore-stage-2-challengers-1-qualifiers-rou,373,2021-03-27,10:30 AM
PACIFIC,14129,https://www.vlr.gg/14129/wulf-esports-vs-5hippos-champions-tour-malaysia-singapore-stage-2-challengers-1-qualifiers-rou,373,2021-03-27,10:30 AM
PACIFIC,14130,https://www.vlr.gg/14130/kingsmen-vs-mantou-champions-tour-malaysia-singapore-stage-2-challengers-1-qualifiers-round-of,373,2021-03-27,10:30 AM
PACIFIC,14131,https://www.vlr.gg/14131/nogamesense-vs-team-lz-champions-tour-malaysia-singapore-stage-2-challengers-1-qualifiers-quar,373,2021-03-27,2:00 PM
PACIFIC,14132,https://www.vlr.gg/14132/orgless-vs-zero-synergy-white-champions-tour-malaysia-singapore-stage-2-challengers-1-qualifie,373,2021-03-27,2:00 PM
PACIFIC,14133,https://www.vlr.gg/14133/paper-rex-vs-team-600-champions-tour-malaysia-singapore-stage-2-challengers-1-qualifiers-quart,373,2021-03-27,2:00 PM
PACIFIC,14134,https://www.vlr.gg/14134/wulf-esports-vs-kingsmen-champions-tour-malaysia-singapore-stage-2-challengers-1-qualifiers-qu,373,2021-03-27,2:00 PM
PACIFIC,14135,https://www.vlr.gg/14135/wulf-esports-vs-zero-synergy-champions-tour-malaysia-singapore-stage-2-challengers-1-last-chan,373,2021-03-27,5:30 PM
PACIFIC,14136,https://www.vlr.gg/14136/team-600-vs-nogamesense-champions-tour-malaysia-singapore-stage-2-challengers-1-last-chance-qu,373,2021-03-27,5:30 PM
PACIFIC,14137,https://www.vlr.gg/14137/wulf-esports-vs-nogamesense-champions-tour-malaysia-singapore-stage-2-challengers-1-last-chanc,373,2021-03-27,6:30 PM
PACIFIC,14138,https://www.vlr.gg/14138/zero-synergy-vs-team-600-champions-tour-malaysia-singapore-stage-2-challengers-1-last-chance-q,373,2021-03-27,6:30 PM
PACIFIC,14139,https://www.vlr.gg/14139/wulf-esports-vs-team-600-champions-tour-malaysia-singapore-stage-2-challengers-1-last-chance-q,373,2021-03-27,7:30 PM
PACIFIC,14140,https://www.vlr.gg/14140/nogamesense-vs-zero-synergy-champions-tour-malaysia-singapore-stage-2-challengers-1-last-chanc,373,2021-03-27,7:30 PM
PACIFIC,14283,https://www.vlr.gg/14283/team-smg-vs-wulf-esports-champions-tour-malaysia-singapore-stage-2-challengers-1-main-event-up,373,2021-04-02,9:00 AM
PACIFIC,14284,https://www.vlr.gg/14284/team-lz-vs-kingsmen-champions-tour-malaysia-singapore-stage-2-challengers-1-main-event-upper-q,373,2021-04-02,12:00 PM
PACIFIC,14285,https://www.vlr.gg/14285/orgless-vs-team-600-champions-tour-malaysia-singapore-stage-2-challengers-1-main-event-upper-q,373,2021-04-02,2:25 PM
PACIFIC,14286,https://www.vlr.gg/14286/paper-rex-vs-zero-synergy-champions-tour-malaysia-singapore-stage-2-challengers-1-main-event-u,373,2021-04-02,4:50 PM
PACIFIC,14287,https://www.vlr.gg/14287/wulf-esports-vs-team-lz-champions-tour-malaysia-singapore-stage-2-challengers-1-main-event-low,373,2021-04-02,7:15 PM
PACIFIC,14288,https://www.vlr.gg/14288/orgless-vs-zero-synergy-champions-tour-malaysia-singapore-stage-2-challengers-1-main-event-low,373,2021-04-02,8:10 PM
PACIFIC,14289,https://www.vlr.gg/14289/team-smg-vs-kingsmen-champions-tour-malaysia-singapore-stage-2-challengers-1-main-event-upper,373,2021-04-03,9:00 AM
PACIFIC,14290,https://www.vlr.gg/14290/team-600-vs-paper-rex-champions-tour-malaysia-singapore-stage-2-challengers-1-main-event-upper,373,2021-04-03,12:00 PM
PACIFIC,14292,https://www.vlr.gg/14292/team-smg-vs-orgless-champions-tour-malaysia-singapore-stage-2-challengers-1-main-event-lower-b,373,2021-04-03,2:45 PM
PACIFIC,14291,https://www.vlr.gg/14291/paper-rex-vs-team-lz-champions-tour-malaysia-singapore-stage-2-challengers-1-main-event-lower,373,2021-04-03,3:40 PM
PACIFIC,14293,https://www.vlr.gg/14293/kingsmen-vs-team-600-champions-tour-malaysia-singapore-stage-2-challengers-1-main-event-upper,373,2021-04-03,5:00 PM
PACIFIC,14294,https://www.vlr.gg/14294/paper-rex-vs-team-smg-champions-tour-malaysia-singapore-stage-2-challengers-1-main-event-lower,373,2021-04-03,7:30 PM
PACIFIC,14295,https://www.vlr.gg/14295/team-600-vs-paper-rex-champions-tour-malaysia-singapore-stage-2-challengers-1-main-event-lower,373,2021-04-04,9:00 AM
PACIFIC,14296,https://www.vlr.gg/14296/kingsmen-vs-paper-rex-champions-tour-malaysia-singapore-stage-2-challengers-1-main-event-grand,373,2021-04-04,11:15 AM
PACIFIC,13179,https://www.vlr.gg/13179/vision-strikers-vs-nuturn-champions-tour-korea-stage-1-masters-opening-a,351,2021-03-12,2:30 PM
PACIFIC,13180,https://www.vlr.gg/13180/apex-people-vs-tnl-esports-champions-tour-korea-stage-1-masters-opening-a,351,2021-03-12,6:30 PM
PACIFIC,13181,https://www.vlr.gg/13181/muyaho-vs-ape-prince-champions-tour-korea-stage-1-masters-opening-b,351,2021-03-13,3:00 PM
PACIFIC,13182,https://www.vlr.gg/13182/damwon-gaming-vs-f4q-champions-tour-korea-stage-1-masters-opening-b,351,2021-03-13,5:15 PM
PACIFIC,13226,https://www.vlr.gg/13226/vision-strikers-vs-tnl-esports-champions-tour-korea-stage-1-masters-winners-a,351,2021-03-14,3:00 PM
PACIFIC,13227,https://www.vlr.gg/13227/muyaho-vs-damwon-gaming-champions-tour-korea-stage-1-masters-winners-b,351,2021-03-14,5:50 PM
PACIFIC,13228,https://www.vlr.gg/13228/nuturn-vs-apex-people-champions-tour-korea-stage-1-masters-elimination-a,351,2021-03-15,3:00 PM
PACIFIC,13229,https://www.vlr.gg/13229/ape-prince-vs-f4q-champions-tour-korea-stage-1-masters-elimination-b,351,2021-03-15,5:05 PM
PACIFIC,13231,https://www.vlr.gg/13231/damwon-gaming-vs-ape-prince-champions-tour-korea-stage-1-masters-decider-b,351,2021-03-16,3:00 PM
PACIFIC,13230,https://www.vlr.gg/13230/tnl-esports-vs-nuturn-champions-tour-korea-stage-1-masters-decider-a,351,2021-03-16,6:00 PM
PACIFIC,13245,https://www.vlr.gg/13245/vision-strikers-vs-damwon-gaming-champions-tour-korea-stage-1-masters-sf,351,2021-03-17,3:00 PM
PACIFIC,13246,https://www.vlr.gg/13246/muyaho-vs-nuturn-champions-tour-korea-stage-1-masters-sf,351,2021-03-17,5:30 PM
PACIFIC,13247,https://www.vlr.gg/13247/vision-strikers-vs-nuturn-champions-tour-korea-stage-1-masters-gf,351,2021-03-21,3:15 PM
PACIFIC,13481,https://www.vlr.gg/13481/nxl-ligagame-vs-x10-esports-champions-tour-sea-stage-1-masters-main-event-qf,347,2021-03-19,12:00 PM
PACIFIC,13482,https://www.vlr.gg/13482/kpc-vs-arkangel-champions-tour-sea-stage-1-masters-main-event-qf,347,2021-03-19,2:00 PM
PACIFIC,13483,https://www.vlr.gg/13483/bren-esports-vs-boom-esports-champions-tour-sea-stage-1-masters-main-event-qf,347,2021-03-19,4:00 PM
PACIFIC,13484,https://www.vlr.gg/13484/ng-black-vs-team-smg-champions-tour-sea-stage-1-masters-main-event-qf,347,2021-03-19,6:50 PM
PACIFIC,13485,https://www.vlr.gg/13485/x10-esports-vs-kpc-champions-tour-sea-stage-1-masters-main-event-sf,347,2021-03-20,5:00 PM
PACIFIC,13486,https://www.vlr.gg/13486/boom-esports-vs-team-smg-champions-tour-sea-stage-1-masters-main-event-sf,347,2021-03-20,6:00 PM
PACIFIC,13487,https://www.vlr.gg/13487/x10-esports-vs-team-smg-champions-tour-sea-stage-1-masters-main-event-gf,347,2021-03-21,4:00 PM
PACIFIC,12983,https://www.vlr.gg/12983/crazy-raccoon-vs-lag-gaming-champions-tour-japan-stage-1-masters-ubqf,352,2021-03-13,10:30 AM
PACIFIC,12984,https://www.vlr.gg/12984/fennel-vs-first-gaming-champions-tour-japan-stage-1-masters-ubqf,352,2021-03-13,1:05 PM
PACIFIC,12985,https://www.vlr.gg/12985/fav-gaming-vs-reject-champions-tour-japan-stage-1-masters-ubqf,352,2021-03-13,4:00 PM
PACIFIC,12986,https://www.vlr.gg/12986/cnci-blue-bees-vs-absolute-jupiter-champions-tour-japan-stage-1-masters-ubqf,352,2021-03-13,7:00 PM
PACIFIC,13213,https://www.vlr.gg/13213/lag-gaming-vs-fennel-champions-tour-japan-stage-1-masters-lr1,352,2021-03-14,10:30 AM
PACIFIC,13214,https://www.vlr.gg/13214/fav-gaming-vs-cnci-blue-bees-champions-tour-japan-stage-1-masters-lr1,352,2021-03-14,1:50 PM
PACIFIC,13209,https://www.vlr.gg/13209/crazy-raccoon-vs-first-gaming-champions-tour-japan-stage-1-masters-ubsf,352,2021-03-14,4:05 PM
PACIFIC,13210,https://www.vlr.gg/13210/reject-vs-absolute-jupiter-champions-tour-japan-stage-1-masters-ubsf,352,2021-03-14,6:10 PM
PACIFIC,13215,https://www.vlr.gg/13215/reject-vs-lag-gaming-champions-tour-japan-stage-1-masters-lr2,352,2021-03-20,10:30 AM
PACIFIC,13216,https://www.vlr.gg/13216/first-gaming-vs-fav-gaming-champions-tour-japan-stage-1-masters-lr2,352,2021-03-20,1:05 PM
PACIFIC,13211,https://www.vlr.gg/13211/crazy-raccoon-vs-absolute-jupiter-champions-tour-japan-stage-1-masters-ubf,352,2021-03-20,4:30 PM
PACIFIC,13217,https://www.vlr.gg/13217/reject-vs-fav-gaming-champions-tour-japan-stage-1-masters-lr3,352,2021-03-20,7:00 PM
PACIFIC,13218,https://www.vlr.gg/13218/crazy-raccoon-vs-reject-champions-tour-japan-stage-1-masters-lbf,352,2021-03-21,12:30 PM
PACIFIC,13212,https://www.vlr.gg/13212/absolute-jupiter-vs-crazy-raccoon-champions-tour-japan-stage-1-masters-gf,352,2021-03-21,3:30 PM
PACIFIC,10361,https://www.vlr.gg/10361/order-vs-exsto-gaming-oceania-tour-stage-1-open-qual-1-ro16,297,2021-02-12,3:00 PM
PACIFIC,10362,https://www.vlr.gg/10362/grinch-gang-vs-kanga-esports-oceania-tour-stage-1-open-qual-1-ro16,297,2021-02-12,3:00 PM
PACIFIC,10363,https://www.vlr.gg/10363/wildcard-gaming-vs-funcrew-oceania-tour-stage-1-open-qual-1-ro16,297,2021-02-12,3:00 PM
PACIFIC,10364,https://www.vlr.gg/10364/agg-vs-dire-wolves-oceania-tour-stage-1-open-qual-1-ro16,297,2021-02-12,3:00 PM
PACIFIC,10365,https://www.vlr.gg/10365/mindfreak-vs-shadownet-oceania-tour-stage-1-open-qual-1-ro16,297,2021-02-12,3:00 PM
PACIFIC,10366,https://www.vlr.gg/10366/tinyturtles-vs-paradox-gaming-oceania-tour-stage-1-open-qual-1-ro16,297,2021-02-12,3:00 PM
PACIFIC,10368,https://www.vlr.gg/10368/genuine-gaming-vs-demon-oceania-tour-stage-1-open-qual-1-ro16,297,2021-02-12,3:00 PM
PACIFIC,10367,https://www.vlr.gg/10367/overpalastrike-vs-nebula-oceania-tour-stage-1-open-qual-1-ro16,297,2021-02-12,3:30 PM
PACIFIC,10516,https://www.vlr.gg/10516/order-vs-croccers-oceania-tour-stage-1-open-qual-1-qf,297,2021-02-13,9:00 AM
PACIFIC,10517,https://www.vlr.gg/10517/wildcard-gaming-vs-dire-wolves-oceania-tour-stage-1-open-qual-1-qf,297,2021-02-13,9:00 AM
PACIFIC,10518,https://www.vlr.gg/10518/mindfreak-vs-paradox-esports-oceania-tour-stage-1-open-qual-1-qf,297,2021-02-13,9:00 AM
PACIFIC,10519,https://www.vlr.gg/10519/overpalastrike-vs-demon-oceania-tour-stage-1-open-qual-1-qf,297,2021-02-13,9:00 AM
PACIFIC,10521,https://www.vlr.gg/10521/kanga-esports-vs-wildcard-gaming-oceania-tour-stage-1-open-qual-1-sf,297,2021-02-13,11:30 AM
PACIFIC,10522,https://www.vlr.gg/10522/mindfreak-vs-demon-oceania-tour-stage-1-open-qual-1-sf,297,2021-02-13,11:30 AM
PACIFIC,10546,https://www.vlr.gg/10546/order-vs-overpalastrike-oceania-tour-stage-1-open-qual-1-dsf,297,2021-02-13,11:30 AM
PACIFIC,10547,https://www.vlr.gg/10547/dire-wolves-vs-paradox-esports-oceania-tour-stage-1-open-qual-1-dsf,297,2021-02-13,11:30 AM
PACIFIC,10524,https://www.vlr.gg/10524/kanga-esports-vs-mindfreak-oceania-tour-stage-1-open-qual-1-cf,297,2021-02-14,9:00 AM
PACIFIC,10548,https://www.vlr.gg/10548/order-vs-dire-wolves-oceania-tour-stage-1-open-qual-1-5-6th-match,297,2021-02-14,9:00 AM
PACIFIC,10549,https://www.vlr.gg/10549/overpalastrike-vs-paradox-esports-oceania-tour-stage-1-open-qual-1-7-8th-match,297,2021-02-14,9:00 AM
PACIFIC,10523,https://www.vlr.gg/10523/wildcard-gaming-vs-demon-oceania-tour-stage-1-open-qual-1-gf,297,2021-02-14,11:30 AM
PACIFIC,10311,https://www.vlr.gg/10311/wildcard-gaming-vs-paradox-esports-oceania-tour-stage-1-closed-qual-1-qf,297,2021-02-18,3:15 PM
PACIFIC,10314,https://www.vlr.gg/10314/kanga-esports-vs-order-oceania-tour-stage-1-closed-qual-1-qf,297,2021-02-18,5:00 PM
PACIFIC,10312,https://www.vlr.gg/10312/demon-vs-overpalastrike-oceania-tour-stage-1-closed-qual-1-qf,297,2021-02-19,3:30 PM
PACIFIC,10313,https://www.vlr.gg/10313/mindfreak-vs-dire-wolves-oceania-tour-stage-1-closed-qual-1-qf,297,2021-02-19,5:30 PM
PACIFIC,10316,https://www.vlr.gg/10316/dire-wolves-vs-demon-oceania-tour-stage-1-closed-qual-1-sf,297,2021-02-20,9:00 AM
PACIFIC,10315,https://www.vlr.gg/10315/wildcard-gaming-vs-order-oceania-tour-stage-1-closed-qual-1-sf,297,2021-02-20,11:30 AM
PACIFIC,10317,https://www.vlr.gg/10317/wildcard-gaming-vs-dire-wolves-oceania-tour-stage-1-closed-qual-1-bf,297,2021-02-21,9:00 AM
PACIFIC,10318,https://www.vlr.gg/10318/order-vs-demon-oceania-tour-stage-1-closed-qual-1-gf,297,2021-02-21,11:30 AM
PACIFIC,11946,https://www.vlr.gg/11946/ex-exo-clan-vs-friendlings-oceania-tour-stage-1-open-qual-2-ro16,297,2021-02-25,3:00 PM
PACIFIC,11947,https://www.vlr.gg/11947/ooga-booga-vs-grinch-gang-oceania-tour-stage-1-open-qual-2-ro16,297,2021-02-25,3:00 PM
PACIFIC,11948,https://www.vlr.gg/11948/nebula-vs-straight-outta-the-zoo-oceania-tour-stage-1-open-qual-2-ro16,297,2021-02-25,3:00 PM
PACIFIC,11949,https://www.vlr.gg/11949/frogchamp-vs-agg-oceania-tour-stage-1-open-qual-2-ro16,297,2021-02-25,3:00 PM
PACIFIC,11950,https://www.vlr.gg/11950/tilted-vs-shidiots-oceania-tour-stage-1-open-qual-2-ro16,297,2021-02-25,3:00 PM
PACIFIC,11951,https://www.vlr.gg/11951/exsto-gaming-vs-wheels-oceania-tour-stage-1-open-qual-2-ro16,297,2021-02-25,3:00 PM
PACIFIC,11952,https://www.vlr.gg/11952/aftermind-vs-genuine-gaming-oceania-tour-stage-1-open-qual-2-ro16,297,2021-02-25,3:00 PM
PACIFIC,11953,https://www.vlr.gg/11953/sanguine-vs-funcrew-oceania-tour-stage-1-open-qual-2-ro16,297,2021-02-25,3:00 PM
PACIFIC,11954,https://www.vlr.gg/11954/ex-exo-clan-vs-grinch-gang-oceania-tour-stage-1-open-qual-2-qf,297,2021-02-26,3:00 PM
PACIFIC,11955,https://www.vlr.gg/11955/straight-outta-the-zoo-vs-agg-oceania-tour-stage-1-open-qual-2-qf,297,2021-02-26,3:00 PM
PACIFIC,11956,https://www.vlr.gg/11956/shidiots-vs-wheels-oceania-tour-stage-1-open-qual-2-qf,297,2021-02-26,3:00 PM
PACIFIC,11957,https://www.vlr.gg/11957/aftermind-vs-funcrew-oceania-tour-stage-1-open-qual-2-qf,297,2021-02-26,3:00 PM
PACIFIC,11958,https://www.vlr.gg/11958/ex-exo-clan-vs-straight-outta-the-zoo-oceania-tour-stage-1-open-qual-2-sf,297,2021-02-27,10:00 AM
PACIFIC,11959,https://www.vlr.gg/11959/shidiots-vs-funcrew-oceania-tour-stage-1-open-qual-2-sf,297,2021-02-27,12:30 PM
PACIFIC,11961,https://www.vlr.gg/11961/straight-outta-the-zoo-vs-shidiots-oceania-tour-stage-1-open-qual-2-3-4th-match,297,2021-02-28,10:00 AM
PACIFIC,11960,https://www.vlr.gg/11960/ex-exo-clan-vs-funcrew-oceania-tour-stage-1-open-qual-2-gf,297,2021-02-28,11:30 AM
PACIFIC,10322,https://www.vlr.gg/10322/mindfreak-vs-shidiots-oceania-tour-stage-1-closed-qual-2-qf,297,2021-03-04,3:00 PM
PACIFIC,10324,https://www.vlr.gg/10324/overpalastrike-vs-funcrew-oceania-tour-stage-1-closed-qual-2-qf,297,2021-03-04,3:00 PM
PACIFIC,10323,https://www.vlr.gg/10323/paradox-esports-vs-ex-exo-clan-oceania-tour-stage-1-closed-qual-2-qf,297,2021-03-04,6:15 PM
PACIFIC,10325,https://www.vlr.gg/10325/kanga-esports-vs-straight-outta-the-zoo-oceania-tour-stage-1-closed-qual-2-qf,297,2021-03-05,3:00 PM
PACIFIC,10327,https://www.vlr.gg/10327/funcrew-vs-kanga-esports-oceania-tour-stage-1-closed-qual-2-sf,297,2021-03-06,9:00 AM
PACIFIC,10326,https://www.vlr.gg/10326/mindfreak-vs-ex-exo-clan-oceania-tour-stage-1-closed-qual-2-sf,297,2021-03-06,11:15 AM
PACIFIC,10328,https://www.vlr.gg/10328/mindfreak-vs-kanga-esports-oceania-tour-stage-1-closed-qual-2-bf,297,2021-03-07,9:00 AM
PACIFIC,10329,https://www.vlr.gg/10329/ex-exo-clan-vs-funcrew-oceania-tour-stage-1-closed-qual-2-gf,297,2021-03-07,12:05 PM
PACIFIC,13192,https://www.vlr.gg/13192/overpalastrike-vs-straight-outta-the-zoo-oceania-tour-stage-01-last-chance-rr,297,2021-03-13,9:00 AM
PACIFIC,13193,https://www.vlr.gg/13193/overpalastrike-vs-paradox-esports-oceania-tour-stage-01-last-chance-rr,297,2021-03-13,11:45 AM
PACIFIC,13194,https://www.vlr.gg/13194/paradox-esports-vs-straight-outta-the-zoo-oceania-tour-stage-01-last-chance-rr,297,2021-03-13,1:50 PM
PACIFIC,9331,https://www.vlr.gg/9331/order-vs-overpalastrike-oceania-tour-stage-01-qf,297,2021-03-18,3:00 PM
PACIFIC,9332,https://www.vlr.gg/9332/funcrew-vs-kanga-esports-oceania-tour-stage-01-qf,297,2021-03-18,5:30 PM
PACIFIC,9333,https://www.vlr.gg/9333/wildcard-gaming-vs-straight-outta-the-zoo-oceania-tour-stage-01-qf,297,2021-03-19,3:00 PM
PACIFIC,9334,https://www.vlr.gg/9334/dire-wolves-vs-mindfreak-oceania-tour-stage-01-qf,297,2021-03-19,6:00 PM
PACIFIC,9335,https://www.vlr.gg/9335/order-vs-funcrew-oceania-tour-stage-01-sf,297,2021-03-20,9:00 AM
PACIFIC,9336,https://www.vlr.gg/9336/straight-outta-the-zoo-vs-mindfreak-oceania-tour-stage-01-sf,297,2021-03-20,11:40 AM
PACIFIC,9337,https://www.vlr.gg/9337/funcrew-vs-straight-outta-the-zoo-oceania-tour-stage-01-bf,297,2021-03-21,9:00 AM
PACIFIC,9338,https://www.vlr.gg/9338/order-vs-mindfreak-oceania-tour-stage-01-gf,297,2021-03-21,12:15 PM
PACIFIC,13029,https://www.vlr.gg/13029/all-born-to-clutch-vs-ttsh-champions-tour-hong-kong-and-taiwan-stage-1-challengers-3-qualifier-r,348,2021-03-07,8:00 PM
PACIFIC,13030,https://www.vlr.gg/13030/game-dimension-esports-vs-lp33-champions-tour-hong-kong-and-taiwan-stage-1-challengers-3-qualifi,348,2021-03-07,8:00 PM
PACIFIC,13031,https://www.vlr.gg/13031/ka4-e-sports-club-vs-traitors-champions-tour-hong-kong-and-taiwan-stage-1-challengers-3-qualifie,348,2021-03-07,8:00 PM
PACIFIC,13032,https://www.vlr.gg/13032/team-assassin-vs-griffin-e-sports-champions-tour-hong-kong-and-taiwan-stage-1-challengers-3-qual,348,2021-03-07,8:00 PM
PACIFIC,13256,https://www.vlr.gg/13256/anti-eco-eco-club-vs-all-born-to-clutch-champions-tour-hong-kong-and-taiwan-stage-1-challengers,348,2021-03-12,1:00 PM
PACIFIC,13257,https://www.vlr.gg/13257/cbt-gaming-vs-traitors-champions-tour-hong-kong-and-taiwan-stage-1-challengers-3-main-event-qf,348,2021-03-12,3:00 PM
PACIFIC,13258,https://www.vlr.gg/13258/five-ace-e-sports-vs-lp33-champions-tour-hong-kong-and-taiwan-stage-1-challengers-3-main-event-q,348,2021-03-12,5:00 PM
PACIFIC,13259,https://www.vlr.gg/13259/looking-for-sponsor-vs-griffin-e-sports-champions-tour-hong-kong-and-taiwan-stage-1-challengers,348,2021-03-12,7:00 PM
PACIFIC,13260,https://www.vlr.gg/13260/anti-eco-eco-club-vs-five-ace-e-sports-champions-tour-hong-kong-and-taiwan-stage-1-challengers-3,348,2021-03-13,3:00 PM
PACIFIC,13261,https://www.vlr.gg/13261/looking-for-sponsor-vs-cbt-gaming-champions-tour-hong-kong-and-taiwan-stage-1-challengers-3-main,348,2021-03-13,5:15 PM
PACIFIC,13263,https://www.vlr.gg/13263/five-ace-e-sports-vs-looking-for-sponsor-champions-tour-hong-kong-and-taiwan-stage-1-challengers,348,2021-03-13,7:45 PM
PACIFIC,13264,https://www.vlr.gg/13264/five-ace-e-sports-vs-looking-for-sponsor-champions-tour-hong-kong-and-taiwan-stage-1-challengers,348,2021-03-14,5:30 PM
PACIFIC,12905,https://www.vlr.gg/12905/holdem-esports-vs-intense-gaming-champions-tour-thailand-stage-1-challengers-3-qualifier-qf,349,2021-03-06,3:00 PM
PACIFIC,12906,https://www.vlr.gg/12906/lynx-th-vs-d-genenran-x-gaming-champions-tour-thailand-stage-1-challengers-3-qualifier-qf,349,2021-03-06,3:00 PM
PACIFIC,12907,https://www.vlr.gg/12907/concentrate-e-sport-vs-not-ready-champions-tour-thailand-stage-1-challengers-3-qualifier-qf,349,2021-03-06,3:00 PM
PACIFIC,12908,https://www.vlr.gg/12908/fully-vs-foxy-araikordai-champions-tour-thailand-stage-1-challengers-3-qualifier-qf,349,2021-03-06,3:00 PM
PACIFIC,12909,https://www.vlr.gg/12909/intense-gaming-vs-lynx-th-champions-tour-thailand-stage-1-challengers-3-qualifier-sf,349,2021-03-07,12:00 PM
PACIFIC,12910,https://www.vlr.gg/12910/not-ready-vs-foxy-araikordai-champions-tour-thailand-stage-1-challengers-3-qualifier-sf,349,2021-03-07,12:00 PM
PACIFIC,12911,https://www.vlr.gg/12911/overtime-esports-vs-doge-go-to-the-moon-champions-tour-thailand-stage-1-challengers-3-qualifier,349,2021-03-07,12:00 PM
PACIFIC,12912,https://www.vlr.gg/12912/fully-vs-made-in-thailand-champions-tour-thailand-stage-1-challengers-3-qualifier-lbr1,349,2021-03-07,12:00 PM
PACIFIC,12968,https://www.vlr.gg/12968/foxy-araikordai-vs-overtime-esports-champions-tour-thailand-stage-1-challengers-3-qualifier-lbr2,349,2021-03-07,1:00 PM
PACIFIC,12969,https://www.vlr.gg/12969/intense-gaming-vs-made-in-thailand-champions-tour-thailand-stage-1-challengers-3-qualifier-lbr2,349,2021-03-07,1:15 PM
PACIFIC,12967,https://www.vlr.gg/12967/lynx-th-vs-not-ready-champions-tour-thailand-stage-1-challengers-3-qualifier-uf,349,2021-03-07,2:00 PM
PACIFIC,12970,https://www.vlr.gg/12970/foxy-araikordai-vs-made-in-thailand-champions-tour-thailand-stage-1-challengers-3-qualifier-lbr3,349,2021-03-07,2:00 PM
PACIFIC,12976,https://www.vlr.gg/12976/overtime-esports-vs-intense-gaming-champions-tour-thailand-stage-1-challengers-3-qualifier-5th-d,349,2021-03-07,2:00 PM
PACIFIC,12971,https://www.vlr.gg/12971/lynx-th-vs-made-in-thailand-champions-tour-thailand-stage-1-challengers-3-qualifier-lbf,349,2021-03-07,4:00 PM
PACIFIC,12972,https://www.vlr.gg/12972/not-ready-vs-made-in-thailand-champions-tour-thailand-stage-1-challengers-3-qualifier-gf,349,2021-03-07,5:00 PM
PACIFIC,13265,https://www.vlr.gg/13265/made-in-thailand-vs-not-ready-champions-tour-thailand-stage-1-challengers-3-main-event-qf,349,2021-03-12,8:00 PM
PACIFIC,13266,https://www.vlr.gg/13266/sharper-esports-vs-foxy-araikordai-champions-tour-thailand-stage-1-challengers-3-main-event-qf,349,2021-03-13,12:00 PM
PACIFIC,13267,https://www.vlr.gg/13267/full-sense-vs-lynx-th-champions-tour-thailand-stage-1-challengers-3-main-event-qf,349,2021-03-13,2:15 PM
PACIFIC,13268,https://www.vlr.gg/13268/overtime-esports-vs-x10-esports-champions-tour-thailand-stage-1-challengers-3-main-event-qf,349,2021-03-13,4:45 PM
PACIFIC,13269,https://www.vlr.gg/13269/made-in-thailand-vs-sharper-esports-champions-tour-thailand-stage-1-challengers-3-main-event-sf,349,2021-03-14,12:00 PM
PACIFIC,13270,https://www.vlr.gg/13270/full-sense-vs-x10-esports-champions-tour-thailand-stage-1-challengers-3-main-event-sf,349,2021-03-14,5:00 PM
PACIFIC,13271,https://www.vlr.gg/13271/made-in-thailand-vs-x10-esports-champions-tour-thailand-stage-1-challengers-3-main-event-gf,349,2021-03-14,7:00 PM
PACIFIC,12623,https://www.vlr.gg/12623/alter-ego-celeste-vs-godfather-champions-tour-indonesia-stage-1-challengers-3-qualifier-ro64,296,2021-03-05,1:30 PM
PACIFIC,12624,https://www.vlr.gg/12624/x-force-vs-r-veur-champions-tour-indonesia-stage-1-challengers-3-qualifier-ro64,296,2021-03-05,1:30 PM
PACIFIC,12625,https://www.vlr.gg/12625/bos-zero-vs-rrq-endeavour-champions-tour-indonesia-stage-1-challengers-3-qualifier-ro64,296,2021-03-05,1:30 PM
PACIFIC,12626,https://www.vlr.gg/12626/myth-vs-onic-esports-champions-tour-indonesia-stage-1-challengers-3-qualifier-ro64,296,2021-03-05,1:30 PM
PACIFIC,12627,https://www.vlr.gg/12627/bakekok-vs-dewa-united-e-sports-champions-tour-indonesia-stage-1-challengers-3-qualifier-ro64,296,2021-03-05,2:40 PM
PACIFIC,12628,https://www.vlr.gg/12628/what-man-made-vs-bigetron-astro-champions-tour-indonesia-stage-1-challengers-3-qualifier-ro64,296,2021-03-05,2:40 PM
PACIFIC,12629,https://www.vlr.gg/12629/estevandor-vs-s-one-champions-tour-indonesia-stage-1-challengers-3-qualifier-ro64,296,2021-03-05,2:40 PM
PACIFIC,12630,https://www.vlr.gg/12630/the-new-meta-vs-firecrest-champions-tour-indonesia-stage-1-challengers-3-qualifier-ro64,296,2021-03-05,2:40 PM
PACIFIC,12632,https://www.vlr.gg/12632/aing-maung-esports-vs-tcr4-tampubolon-champions-tour-indonesia-stage-1-challengers-3-qualifier-r,296,2021-03-05,3:50 PM
PACIFIC,12633,https://www.vlr.gg/12633/re-five-vs-big-nw2r-champions-tour-indonesia-stage-1-challengers-3-qualifier-ro64,296,2021-03-05,3:50 PM
PACIFIC,12634,https://www.vlr.gg/12634/pasukan-gelap-vs-gbh-valiente-champions-tour-indonesia-stage-1-challengers-3-qualifier-ro64,296,2021-03-05,3:50 PM
PACIFIC,12643,https://www.vlr.gg/12643/kingslayers-vs-noir-champions-tour-indonesia-stage-1-challengers-3-qualifier-ro64,296,2021-03-05,3:50 PM
PACIFIC,12635,https://www.vlr.gg/12635/xorte-vs-pwyh-champions-tour-indonesia-stage-1-challengers-3-qualifier-ro64,296,2021-03-05,5:00 PM
PACIFIC,12636,https://www.vlr.gg/12636/pandora-esports-vs-spica-champions-tour-indonesia-stage-1-challengers-3-qualifier-ro64,296,2021-03-05,5:00 PM
PACIFIC,12638,https://www.vlr.gg/12638/mamah-pasti-bangga-team-vs-way-esports-champions-tour-indonesia-stage-1-challengers-3-qualifier,296,2021-03-05,5:00 PM
PACIFIC,12649,https://www.vlr.gg/12649/vvv-vs-reckless-lads-champions-tour-indonesia-stage-1-challengers-3-qualifier-ro64,296,2021-03-05,5:00 PM
PACIFIC,12639,https://www.vlr.gg/12639/trigger-esports-vs-wolfpack-champions-tour-indonesia-stage-1-challengers-3-qualifier-ro64,296,2021-03-05,6:10 PM
PACIFIC,12640,https://www.vlr.gg/12640/syntax-vs-golden5-champions-tour-indonesia-stage-1-challengers-3-qualifier-ro64,296,2021-03-05,6:10 PM
PACIFIC,12641,https://www.vlr.gg/12641/orbit-vs-mpc-champions-tour-indonesia-stage-1-challengers-3-qualifier-ro64,296,2021-03-05,6:10 PM
PACIFIC,12642,https://www.vlr.gg/12642/quadro-squadron-vs-proxymine-champions-tour-indonesia-stage-1-challengers-3-qualifier-ro64,296,2021-03-05,6:10 PM
PACIFIC,12631,https://www.vlr.gg/12631/flat-white-vs-ethereal-champions-tour-indonesia-stage-1-challengers-3-qualifier-ro64,296,2021-03-05,7:20 PM
PACIFIC,12644,https://www.vlr.gg/12644/art-of-throwing-vs-seniman-grooming-champions-tour-indonesia-stage-1-challengers-3-qualifier-ro6,296,2021-03-05,7:20 PM
PACIFIC,12645,https://www.vlr.gg/12645/golden-trash-vs-vactorturer-champions-tour-indonesia-stage-1-challengers-3-qualifier-ro64,296,2021-03-05,7:20 PM
PACIFIC,12646,https://www.vlr.gg/12646/gob-e-sports-vs-bye-champions-tour-indonesia-stage-1-challengers-3-qualifier-ro64,296,2021-03-05,7:20 PM
PACIFIC,12637,https://www.vlr.gg/12637/fortez-vs-zaboen-allstar-champions-tour-indonesia-stage-1-challengers-3-qualifier-ro64,296,2021-03-05,8:30 PM
PACIFIC,12647,https://www.vlr.gg/12647/the-mafias-vs-cuek-champions-tour-indonesia-stage-1-challengers-3-qualifier-ro64,296,2021-03-05,8:30 PM
PACIFIC,12648,https://www.vlr.gg/12648/dg-esports-vs-kingpins-champions-tour-indonesia-stage-1-challengers-3-qualifier-ro64,296,2021-03-05,8:30 PM
PACIFIC,12650,https://www.vlr.gg/12650/team-phenix-vs-team-altitude-champions-tour-indonesia-stage-1-challengers-3-qualifier-ro64,296,2021-03-05,8:30 PM
PACIFIC,12651,https://www.vlr.gg/12651/thieves-of-hours-vs-artsgaming-champions-tour-indonesia-stage-1-challengers-3-qualifier-ro64,296,2021-03-05,9:40 PM
PACIFIC,12652,https://www.vlr.gg/12652/smg-vs-surabaya-esports-champions-tour-indonesia-stage-1-challengers-3-qualifier-ro64,296,2021-03-05,9:40 PM
PACIFIC,12653,https://www.vlr.gg/12653/nothing-to-lose-vs-anarchy-champions-tour-indonesia-stage-1-challengers-3-qualifier-ro64,296,2021-03-05,9:40 PM
PACIFIC,12654,https://www.vlr.gg/12654/critical-out-air-vs-moc-team-champions-tour-indonesia-stage-1-challengers-3-qualifier-ro64,296,2021-03-05,9:40 PM
PACIFIC,12844,https://www.vlr.gg/12844/alter-ego-celeste-vs-r-veur-champions-tour-indonesia-stage-1-challengers-3-qualifier-ro32,296,2021-03-06,1:00 PM
PACIFIC,12850,https://www.vlr.gg/12850/dewa-united-e-sports-vs-bigetron-astro-champions-tour-indonesia-stage-1-challengers-3-qualifier,296,2021-03-06,1:00 PM
PACIFIC,12851,https://www.vlr.gg/12851/estevandor-vs-the-new-meta-champions-tour-indonesia-stage-1-challengers-3-qualifier-ro32,296,2021-03-06,1:00 PM
PACIFIC,12858,https://www.vlr.gg/12858/wolfpack-vs-golden5-champions-tour-indonesia-stage-1-challengers-3-qualifier-ro32,296,2021-03-06,1:00 PM
PACIFIC,12852,https://www.vlr.gg/12852/flat-white-vs-aing-maung-esports-champions-tour-indonesia-stage-1-challengers-3-qualifier-ro32,296,2021-03-06,2:10 PM
PACIFIC,12853,https://www.vlr.gg/12853/re-five-vs-gbh-valiente-champions-tour-indonesia-stage-1-challengers-3-qualifier-ro32,296,2021-03-06,2:10 PM
PACIFIC,12856,https://www.vlr.gg/12856/pwyh-vs-pandora-esports-champions-tour-indonesia-stage-1-challengers-3-qualifier-ro32,296,2021-03-06,2:10 PM
PACIFIC,12857,https://www.vlr.gg/12857/zaboen-allstar-vs-way-esports-champions-tour-indonesia-stage-1-challengers-3-qualifier-ro32,296,2021-03-06,2:10 PM
PACIFIC,12845,https://www.vlr.gg/12845/rrq-endeavour-vs-onic-esports-champions-tour-indonesia-stage-1-challengers-3-qualifier-ro32,296,2021-03-06,3:20 PM
PACIFIC,12859,https://www.vlr.gg/12859/orbit-vs-quadro-squadron-champions-tour-indonesia-stage-1-challengers-3-qualifier-ro32,296,2021-03-06,3:20 PM
PACIFIC,12861,https://www.vlr.gg/12861/vactorturer-vs-bye-champions-tour-indonesia-stage-1-challengers-3-qualifier-ro32,296,2021-03-06,3:20 PM
PACIFIC,12862,https://www.vlr.gg/12862/cuek-vs-dg-esports-champions-tour-indonesia-stage-1-challengers-3-qualifier-ro32,296,2021-03-06,3:20 PM
PACIFIC,12860,https://www.vlr.gg/12860/kingslayers-vs-seniman-grooming-champions-tour-indonesia-stage-1-challengers-3-qualifier-ro32,296,2021-03-06,4:30 PM
PACIFIC,12863,https://www.vlr.gg/12863/vvv-vs-team-altitude-champions-tour-indonesia-stage-1-challengers-3-qualifier-ro32,296,2021-03-06,4:30 PM
PACIFIC,12864,https://www.vlr.gg/12864/thieves-of-hours-vs-surabaya-esports-champions-tour-indonesia-stage-1-challengers-3-qualifier-ro,296,2021-03-06,4:30 PM
PACIFIC,12865,https://www.vlr.gg/12865/anarchy-vs-moc-team-champions-tour-indonesia-stage-1-challengers-3-qualifier-ro32,296,2021-03-06,4:30 PM
PACIFIC,12893,https://www.vlr.gg/12893/r-veur-vs-onic-esports-champions-tour-indonesia-stage-1-challengers-3-qualifier-ro16,296,2021-03-06,5:40 PM
PACIFIC,12894,https://www.vlr.gg/12894/bigetron-astro-vs-estevandor-champions-tour-indonesia-stage-1-challengers-3-qualifier-ro16,296,2021-03-06,5:40 PM
PACIFIC,12895,https://www.vlr.gg/12895/aing-maung-esports-vs-re-five-champions-tour-indonesia-stage-1-challengers-3-qualifier-ro16,296,2021-03-06,5:40 PM
PACIFIC,12896,https://www.vlr.gg/12896/pandora-esports-vs-way-esports-champions-tour-indonesia-stage-1-challengers-3-qualifier-ro16,296,2021-03-06,5:40 PM
PACIFIC,12897,https://www.vlr.gg/12897/golden5-vs-quadro-squadron-champions-tour-indonesia-stage-1-challengers-3-qualifier-ro16,296,2021-03-06,6:50 PM
PACIFIC,12898,https://www.vlr.gg/12898/seniman-grooming-vs-bye-champions-tour-indonesia-stage-1-challengers-3-qualifier-ro16,296,2021-03-06,6:50 PM
PACIFIC,12899,https://www.vlr.gg/12899/dg-esports-vs-vvv-champions-tour-indonesia-stage-1-challengers-3-qualifier-ro16,296,2021-03-06,8:00 PM
PACIFIC,12900,https://www.vlr.gg/12900/thieves-of-hours-vs-anarchy-champions-tour-indonesia-stage-1-challengers-3-qualifier-ro16,296,2021-03-06,8:00 PM
PACIFIC,12901,https://www.vlr.gg/12901/onic-esports-vs-bigetron-astro-champions-tour-indonesia-stage-1-challengers-3-qualifier-ro8,296,2021-03-07,2:00 PM
PACIFIC,12902,https://www.vlr.gg/12902/aing-maung-esports-vs-way-esports-champions-tour-indonesia-stage-1-challengers-3-qualifier-ro8,296,2021-03-07,2:00 PM
PACIFIC,12903,https://www.vlr.gg/12903/golden5-vs-seniman-grooming-champions-tour-indonesia-stage-1-challengers-3-qualifier-ro8,296,2021-03-07,5:10 PM
PACIFIC,12904,https://www.vlr.gg/12904/vvv-vs-anarchy-champions-tour-indonesia-stage-1-challengers-3-qualifier-ro8,296,2021-03-07,5:10 PM
PACIFIC,12974,https://www.vlr.gg/12974/bigetron-astro-vs-way-esports-champions-tour-indonesia-stage-1-challengers-3-qualifier-5th-seed,296,2021-03-07,8:20 PM
PACIFIC,12975,https://www.vlr.gg/12975/golden5-vs-vvv-champions-tour-indonesia-stage-1-challengers-3-qualifier-5th-seed-qualifier,296,2021-03-07,8:20 PM
PACIFIC,12977,https://www.vlr.gg/12977/bigetron-astro-vs-vvv-champions-tour-indonesia-stage-1-challengers-3-qualifier-5th-seed-qualifie,296,2021-03-07,9:30 PM
PACIFIC,13080,https://www.vlr.gg/13080/seniman-grooming-vs-onic-esports-champions-tour-indonesia-stage-1-challengers-3-main-event-quart,296,2021-03-12,1:30 PM
PACIFIC,13079,https://www.vlr.gg/13079/boom-esports-vs-anarchy-champions-tour-indonesia-stage-1-challengers-3-main-event-quarterfinals,296,2021-03-12,4:30 PM
PACIFIC,13081,https://www.vlr.gg/13081/xcn-gaming-vs-bigetron-astro-champions-tour-indonesia-stage-1-challengers-3-main-event-quarterfi,296,2021-03-12,6:50 PM
PACIFIC,13082,https://www.vlr.gg/13082/alter-ego-vs-aing-maung-esports-champions-tour-indonesia-stage-1-challengers-3-main-event-quarte,296,2021-03-13,1:30 PM
PACIFIC,13160,https://www.vlr.gg/13160/boom-esports-vs-onic-esports-champions-tour-indonesia-stage-1-challengers-3-main-event-semifinal,296,2021-03-13,4:30 PM
PACIFIC,13161,https://www.vlr.gg/13161/bigetron-astro-vs-alter-ego-champions-tour-indonesia-stage-1-challengers-3-main-event-semifinals,296,2021-03-13,6:30 PM
PACIFIC,13162,https://www.vlr.gg/13162/onic-esports-vs-bigetron-astro-champions-tour-indonesia-stage-1-challengers-3-main-event-bronze,296,2021-03-14,1:30 PM
PACIFIC,13163,https://www.vlr.gg/13163/boom-esports-vs-alter-ego-champions-tour-indonesia-stage-1-challengers-3-main-event-gf,296,2021-03-14,5:30 PM
PACIFIC,12733,https://www.vlr.gg/12733/team-ace-vs-team-coxlong-champions-tour-malaysia-singapore-stage-1-challengers-3-qualifiers-ro,294,2021-03-06,9:00 AM
PACIFIC,12734,https://www.vlr.gg/12734/broskis-vs-tengkorak-champions-tour-malaysia-singapore-stage-1-challengers-3-qualifiers-round,294,2021-03-06,9:00 AM
PACIFIC,12735,https://www.vlr.gg/12735/running-dogs-vs-zero-synergy-white-champions-tour-malaysia-singapore-stage-1-challengers-3-qua,294,2021-03-06,9:00 AM
PACIFIC,12736,https://www.vlr.gg/12736/team-cryo-vs-kambing-champions-tour-malaysia-singapore-stage-1-challengers-3-qualifiers-round,294,2021-03-06,9:00 AM
PACIFIC,12737,https://www.vlr.gg/12737/team-zero-vs-louvre-champions-tour-malaysia-singapore-stage-1-challengers-3-qualifiers-round-o,294,2021-03-06,9:00 AM
PACIFIC,12738,https://www.vlr.gg/12738/boss-gold-vs-mantou-champions-tour-malaysia-singapore-stage-1-challengers-3-qualifiers-round-o,294,2021-03-06,9:00 AM
PACIFIC,12739,https://www.vlr.gg/12739/laze-vs-premade-5-champions-tour-malaysia-singapore-stage-1-challengers-3-qualifiers-round-of,294,2021-03-06,9:00 AM
PACIFIC,12740,https://www.vlr.gg/12740/no-org-vs-wulf-esports-champions-tour-malaysia-singapore-stage-1-challengers-3-qualifiers-roun,294,2021-03-06,9:00 AM
PACIFIC,12741,https://www.vlr.gg/12741/todak-vs-team-smg-champions-tour-malaysia-singapore-stage-1-challengers-3-qualifiers-round-of,294,2021-03-06,9:00 AM
PACIFIC,12742,https://www.vlr.gg/12742/vendetta-vs-chicken-rice-sedap-champions-tour-malaysia-singapore-stage-1-challengers-3-qualifi,294,2021-03-06,9:00 AM
PACIFIC,12743,https://www.vlr.gg/12743/syndrome-vs-donkae-champions-tour-malaysia-singapore-stage-1-challengers-3-qualifiers-round-of,294,2021-03-06,9:00 AM
PACIFIC,12744,https://www.vlr.gg/12744/geng-langgar-setan-vs-allg-champions-tour-malaysia-singapore-stage-1-challengers-3-qualifiers,294,2021-03-06,9:00 AM
PACIFIC,12745,https://www.vlr.gg/12745/excelsa-vs-theduckarmy-champions-tour-malaysia-singapore-stage-1-challengers-3-qualifiers-roun,294,2021-03-06,9:00 AM
PACIFIC,12746,https://www.vlr.gg/12746/uhrbtgjmny7-vs-team-lz-champions-tour-malaysia-singapore-stage-1-challengers-3-qualifiers-roun,294,2021-03-06,9:00 AM
PACIFIC,12747,https://www.vlr.gg/12747/team-600-vs-xiao-champions-tour-malaysia-singapore-stage-1-challengers-3-qualifiers-round-of-3,294,2021-03-06,9:00 AM
PACIFIC,12749,https://www.vlr.gg/12749/team-solid-vs-team-coxlong-champions-tour-malaysia-singapore-stage-1-challengers-3-qualifiers,294,2021-03-06,10:30 AM
PACIFIC,12750,https://www.vlr.gg/12750/tengkorak-vs-zero-synergy-white-champions-tour-malaysia-singapore-stage-1-challengers-3-qualif,294,2021-03-06,10:30 AM
PACIFIC,12751,https://www.vlr.gg/12751/louvre-vs-team-cryo-champions-tour-malaysia-singapore-stage-1-challengers-3-qualifiers-round-o,294,2021-03-06,10:30 AM
PACIFIC,12752,https://www.vlr.gg/12752/mantou-vs-laze-champions-tour-malaysia-singapore-stage-1-challengers-3-qualifiers-round-of-16,294,2021-03-06,10:30 AM
PACIFIC,12753,https://www.vlr.gg/12753/wulf-esports-vs-team-smg-champions-tour-malaysia-singapore-stage-1-challengers-3-qualifiers-ro,294,2021-03-06,10:30 AM
PACIFIC,12754,https://www.vlr.gg/12754/chicken-rice-sedap-vs-donkae-champions-tour-malaysia-singapore-stage-1-challengers-3-qualifier,294,2021-03-06,10:30 AM
PACIFIC,12755,https://www.vlr.gg/12755/allg-vs-excelsa-champions-tour-malaysia-singapore-stage-1-challengers-3-qualifiers-round-of-16,294,2021-03-06,10:30 AM
PACIFIC,12756,https://www.vlr.gg/12756/uhrbtgjmny7-vs-team-600-champions-tour-malaysia-singapore-stage-1-challengers-3-qualifiers-rou,294,2021-03-06,10:30 AM
PACIFIC,12757,https://www.vlr.gg/12757/team-coxlong-vs-tengkorak-champions-tour-malaysia-singapore-stage-1-challengers-3-qualifiers-q,294,2021-03-06,2:00 PM
PACIFIC,12758,https://www.vlr.gg/12758/louvre-vs-mantou-champions-tour-malaysia-singapore-stage-1-challengers-3-qualifiers-quarter-fi,294,2021-03-06,2:00 PM
PACIFIC,12759,https://www.vlr.gg/12759/team-smg-vs-chicken-rice-sedap-champions-tour-malaysia-singapore-stage-1-challengers-3-qualifi,294,2021-03-06,2:00 PM
PACIFIC,12760,https://www.vlr.gg/12760/allg-vs-team-600-champions-tour-malaysia-singapore-stage-1-challengers-3-qualifiers-quarter-fi,294,2021-03-06,2:00 PM
PACIFIC,12879,https://www.vlr.gg/12879/timing-monster-gaming-vs-team-smg-champions-tour-malaysia-singapore-stage-1-challengers-3-play,294,2021-03-12,9:00 AM
PACIFIC,12880,https://www.vlr.gg/12880/paper-rex-vs-louvre-champions-tour-malaysia-singapore-stage-1-challengers-3-playoffs-upper-qua,294,2021-03-12,12:00 PM
PACIFIC,12881,https://www.vlr.gg/12881/orgless-vs-tengkorak-champions-tour-malaysia-singapore-stage-1-challengers-3-playoffs-upper-qu,294,2021-03-12,2:25 PM
PACIFIC,12882,https://www.vlr.gg/12882/kingsmen-vs-team-600-champions-tour-malaysia-singapore-stage-1-challengers-3-playoffs-upper-qu,294,2021-03-12,4:50 PM
PACIFIC,12887,https://www.vlr.gg/12887/team-smg-vs-louvre-champions-tour-malaysia-singapore-stage-1-challengers-3-playoffs-lower-brac,294,2021-03-12,7:15 PM
PACIFIC,12888,https://www.vlr.gg/12888/tengkorak-vs-team-600-champions-tour-malaysia-singapore-stage-1-challengers-3-playoffs-lower-b,294,2021-03-12,8:10 PM
PACIFIC,12883,https://www.vlr.gg/12883/timing-monster-gaming-vs-paper-rex-champions-tour-malaysia-singapore-stage-1-challengers-3-pla,294,2021-03-13,9:00 AM
PACIFIC,12884,https://www.vlr.gg/12884/orgless-vs-kingsmen-champions-tour-malaysia-singapore-stage-1-challengers-3-playoffs-upper-sem,294,2021-03-13,12:00 PM
PACIFIC,12890,https://www.vlr.gg/12890/team-600-vs-paper-rex-champions-tour-malaysia-singapore-stage-1-challengers-3-playoffs-lower-b,294,2021-03-13,2:00 PM
PACIFIC,12889,https://www.vlr.gg/12889/kingsmen-vs-team-smg-champions-tour-malaysia-singapore-stage-1-challengers-3-playoffs-lower-br,294,2021-03-13,2:45 PM
PACIFIC,12885,https://www.vlr.gg/12885/timing-monster-gaming-vs-orgless-champions-tour-malaysia-singapore-stage-1-challengers-3-playo,294,2021-03-13,4:40 PM
PACIFIC,12891,https://www.vlr.gg/12891/team-smg-vs-paper-rex-champions-tour-malaysia-singapore-stage-1-challengers-3-playoffs-lower-b,294,2021-03-13,6:05 PM
PACIFIC,12892,https://www.vlr.gg/12892/orgless-vs-team-smg-champions-tour-malaysia-singapore-stage-1-challengers-3-playoffs-lower-bra,294,2021-03-14,9:00 AM
PACIFIC,12886,https://www.vlr.gg/12886/timing-monster-gaming-vs-team-smg-champions-tour-malaysia-singapore-stage-1-challengers-3-play,294,2021-03-14,1:00 PM
PACIFIC,12700,https://www.vlr.gg/12700/vendetta-vs-gbp-esports-champions-tour-philippines-stage-1-challengers-3-qualifier-1-ro16,350,2021-02-27,2:00 PM
PACIFIC,12701,https://www.vlr.gg/12701/se-atlas-vs-ulvl-champions-tour-philippines-stage-1-challengers-3-qualifier-1-ro16,350,2021-02-27,2:00 PM
PACIFIC,12702,https://www.vlr.gg/12702/6045pirates-vs-nxp-aether-champions-tour-philippines-stage-1-challengers-3-qualifier-1-ro16,350,2021-02-27,2:00 PM
PACIFIC,12703,https://www.vlr.gg/12703/dft-morpheus-vs-kadiliman-champions-tour-philippines-stage-1-challengers-3-qualifier-1-ro16,350,2021-02-27,2:00 PM
PACIFIC,12704,https://www.vlr.gg/12704/elite-vigorous-vs-dreamfyre-champions-tour-philippines-stage-1-challengers-3-qualifier-1-ro16,350,2021-02-27,2:00 PM
PACIFIC,12705,https://www.vlr.gg/12705/team-pacify-vs-affinity-esports-champions-tour-philippines-stage-1-challengers-3-qualifier-1-ro1,350,2021-02-27,2:00 PM
PACIFIC,12706,https://www.vlr.gg/12706/motv-vs-org-not-found-champions-tour-philippines-stage-1-challengers-3-qualifier-1-ro16,350,2021-02-27,2:00 PM
PACIFIC,12707,https://www.vlr.gg/12707/ayo-gameon-esports-vs-the-first-order-champions-tour-philippines-stage-1-challengers-3-qualifier,350,2021-02-27,2:00 PM
PACIFIC,12708,https://www.vlr.gg/12708/vendetta-vs-se-atlas-champions-tour-philippines-stage-1-challengers-3-qualifier-1-ro8,350,2021-02-27,3:00 PM
PACIFIC,12709,https://www.vlr.gg/12709/6045pirates-esports-vs-sr-kadiliman-champions-tour-philippines-stage-1-challengers-3-qualifier-1,350,2021-02-27,3:00 PM
PACIFIC,12710,https://www.vlr.gg/12710/dreamfyre-vs-affinity-esports-champions-tour-philippines-stage-1-challengers-3-qualifier-1-ro8,350,2021-02-27,3:00 PM
PACIFIC,12711,https://www.vlr.gg/12711/org-not-found-vs-the-first-order-champions-tour-philippines-stage-1-challengers-3-qualifier-1-ro,350,2021-02-27,3:00 PM
PACIFIC,12712,https://www.vlr.gg/12712/se-atlas-vs-6045pirates-champions-tour-philippines-stage-1-challengers-3-qualifier-1-sf,350,2021-02-27,3:00 PM
PACIFIC,12713,https://www.vlr.gg/12713/dreamfyre-vs-org-not-found-champions-tour-philippines-stage-1-challengers-3-qualifier-1-sf,350,2021-02-27,3:00 PM
PACIFIC,12699,https://www.vlr.gg/12699/se-atlas-vs-org-not-found-champions-tour-philippines-stage-1-challengers-3-qualifier-1-gf,350,2021-02-27,5:00 PM
PACIFIC,12714,https://www.vlr.gg/12714/6045pirates-vs-dreamfyre-champions-tour-philippines-stage-1-challengers-3-qualifier-1-3rd-place,350,2021-02-27,5:00 PM
PACIFIC,12715,https://www.vlr.gg/12715/lg-terra-vs-bestial-champions-tour-philippines-stage-1-challengers-3-qualifier-2-ro16,350,2021-02-28,2:00 PM
PACIFIC,12716,https://www.vlr.gg/12716/signus-vs-ulvl-champions-tour-philippines-stage-1-challengers-3-qualifier-2-ro16,350,2021-02-28,2:00 PM
PACIFIC,12717,https://www.vlr.gg/12717/nxp-aether-vs-swear-to-god-champions-tour-philippines-stage-1-challengers-3-qualifier-2-ro16,350,2021-02-28,2:00 PM
PACIFIC,12718,https://www.vlr.gg/12718/vantablack-vs-empire-esports-champions-tour-philippines-stage-1-challengers-3-qualifier-2-ro16,350,2021-02-28,2:00 PM
PACIFIC,12719,https://www.vlr.gg/12719/vendetta-vs-fulcrum-esports-catalyst-champions-tour-philippines-stage-1-challengers-3-qualifier,350,2021-02-28,2:00 PM
PACIFIC,12720,https://www.vlr.gg/12720/the-first-order-vs-motv-champions-tour-philippines-stage-1-challengers-3-qualifier-2-ro16,350,2021-02-28,2:00 PM
PACIFIC,12721,https://www.vlr.gg/12721/kinetic-vs-jg-and-friends-champions-tour-philippines-stage-1-challengers-3-qualifier-2-ro16,350,2021-02-28,2:00 PM
PACIFIC,12722,https://www.vlr.gg/12722/flow-vs-infinite-esports-champions-tour-philippines-stage-1-challengers-3-qualifier-2-ro16,350,2021-02-28,2:00 PM
PACIFIC,12723,https://www.vlr.gg/12723/bestial-vs-ulvl-champions-tour-philippines-stage-1-challengers-3-qualifier-2-ro8,350,2021-02-28,3:00 PM
PACIFIC,12724,https://www.vlr.gg/12724/swear-to-god-vs-empire-esports-champions-tour-philippines-stage-1-challengers-3-qualifier-2-ro8,350,2021-02-28,3:00 PM
PACIFIC,12725,https://www.vlr.gg/12725/vendetta-vs-the-first-order-champions-tour-philippines-stage-1-challengers-3-qualifier-2-ro8,350,2021-02-28,3:00 PM
PACIFIC,12726,https://www.vlr.gg/12726/kinetic-vs-infinite-esports-champions-tour-philippines-stage-1-challengers-3-qualifier-2-ro8,350,2021-02-28,3:00 PM
PACIFIC,12727,https://www.vlr.gg/12727/ulvl-vs-empire-esports-champions-tour-philippines-stage-1-challengers-3-qualifier-2-sf,350,2021-02-28,4:00 PM
PACIFIC,12728,https://www.vlr.gg/12728/the-first-order-vs-infinite-esports-champions-tour-philippines-stage-1-challengers-3-qualifier-2,350,2021-03-04,12:00 PM
PACIFIC,12729,https://www.vlr.gg/12729/se-atlas-vs-the-first-order-champions-tour-philippines-stage-1-challengers-3-main-event-qf,350,2021-03-05,1:00 PM
PACIFIC,12730,https://www.vlr.gg/12730/empire-esports-vs-oasis-gaming-champions-tour-philippines-stage-1-challengers-3-main-event-qf,350,2021-03-05,4:00 PM
PACIFIC,12731,https://www.vlr.gg/12731/dreamfyre-vs-arkangel-champions-tour-philippines-stage-1-challengers-3-main-event-qf,350,2021-03-05,7:00 PM
PACIFIC,12732,https://www.vlr.gg/12732/dr-esports-vs-hashira-champions-tour-philippines-stage-1-challengers-3-main-event-qf,350,2021-03-06,1:00 PM
PACIFIC,12854,https://www.vlr.gg/12854/the-first-order-vs-oasis-gaming-champions-tour-philippines-stage-1-challengers-3-main-event-sf,350,2021-03-06,3:00 PM
PACIFIC,12855,https://www.vlr.gg/12855/arkangel-vs-dr-esports-champions-tour-philippines-stage-1-challengers-3-main-event-sf,350,2021-03-06,6:15 PM
PACIFIC,12973,https://www.vlr.gg/12973/arkangel-vs-the-first-order-champions-tour-philippines-stage-1-challengers-3-main-event-gf,350,2021-03-07,3:30 PM
PACIFIC,12231,https://www.vlr.gg/12231/saviors-vs-clan-infamous-champions-tour-korea-stage-1-challengers-3-group-a,336,2021-02-27,12:00 PM
PACIFIC,12232,https://www.vlr.gg/12232/sting-vs-f4q-champions-tour-korea-stage-1-challengers-3-group-a,336,2021-02-27,12:00 PM
PACIFIC,12237,https://www.vlr.gg/12237/respect-vs-apex-people-champions-tour-korea-stage-1-challengers-3-group-b,336,2021-02-27,12:00 PM
PACIFIC,12238,https://www.vlr.gg/12238/i-need-girlfriend-vs-goma-champions-tour-korea-stage-1-challengers-3-group-b,336,2021-02-27,12:00 PM
PACIFIC,12243,https://www.vlr.gg/12243/spear-gaming-vs-fatality-champions-tour-korea-stage-1-challengers-3-group-c,336,2021-02-27,12:00 PM
PACIFIC,12244,https://www.vlr.gg/12244/euphoria-vs-c2s-champions-tour-korea-stage-1-challengers-3-group-c,336,2021-02-27,12:00 PM
PACIFIC,12249,https://www.vlr.gg/12249/gbu-vs-team-diamond-r-champions-tour-korea-stage-1-challengers-3-group-d,336,2021-02-27,12:00 PM
PACIFIC,12252,https://www.vlr.gg/12252/hamtories-vs-mujig-100su-champions-tour-korea-stage-1-challengers-3-group-e,336,2021-02-27,12:00 PM
PACIFIC,12255,https://www.vlr.gg/12255/gca-a-team-vs-average-20-champions-tour-korea-stage-1-challengers-3-group-f,336,2021-02-27,12:00 PM
PACIFIC,12258,https://www.vlr.gg/12258/oldguyz-vs-gwangdae-champions-tour-korea-stage-1-challengers-3-group-g,336,2021-02-27,12:00 PM
PACIFIC,12261,https://www.vlr.gg/12261/tubeple-gaming-vs-river-champions-tour-korea-stage-1-challengers-3-group-h,336,2021-02-27,12:00 PM
PACIFIC,12233,https://www.vlr.gg/12233/saviors-vs-f4q-champions-tour-korea-stage-1-challengers-3-group-a,336,2021-02-27,3:00 PM
PACIFIC,12234,https://www.vlr.gg/12234/clan-infamous-vs-sting-champions-tour-korea-stage-1-challengers-3-group-a,336,2021-02-27,3:00 PM
PACIFIC,12239,https://www.vlr.gg/12239/respect-vs-goma-champions-tour-korea-stage-1-challengers-3-group-b,336,2021-02-27,3:00 PM
PACIFIC,12240,https://www.vlr.gg/12240/apex-people-vs-i-need-girlfriend-champions-tour-korea-stage-1-challengers-3-group-b,336,2021-02-27,3:00 PM
PACIFIC,12245,https://www.vlr.gg/12245/spear-gaming-vs-c2s-champions-tour-korea-stage-1-challengers-3-group-c,336,2021-02-27,3:00 PM
PACIFIC,12246,https://www.vlr.gg/12246/fatality-vs-euphoria-champions-tour-korea-stage-1-challengers-3-group-c,336,2021-02-27,3:00 PM
PACIFIC,12250,https://www.vlr.gg/12250/gehenna-sweepers-vs-team-diamond-r-champions-tour-korea-stage-1-challengers-3-group-d,336,2021-02-27,3:00 PM
PACIFIC,12253,https://www.vlr.gg/12253/never-fall-gaming-vs-mujig-100su-champions-tour-korea-stage-1-challengers-3-group-e,336,2021-02-27,3:00 PM
PACIFIC,12256,https://www.vlr.gg/12256/peacekeeper-vs-average-20-champions-tour-korea-stage-1-challengers-3-group-f,336,2021-02-27,3:00 PM
PACIFIC,12259,https://www.vlr.gg/12259/be-fun-sword-vs-gwangdae-champions-tour-korea-stage-1-challengers-3-group-g,336,2021-02-27,3:00 PM
PACIFIC,12262,https://www.vlr.gg/12262/v0rtex-5-vs-river-champions-tour-korea-stage-1-challengers-3-group-h,336,2021-02-27,3:00 PM
PACIFIC,12235,https://www.vlr.gg/12235/saviors-vs-sting-champions-tour-korea-stage-1-challengers-3-group-a,336,2021-02-27,6:00 PM
PACIFIC,12236,https://www.vlr.gg/12236/f4q-vs-clan-infamous-champions-tour-korea-stage-1-challengers-3-group-a,336,2021-02-27,6:00 PM
PACIFIC,12241,https://www.vlr.gg/12241/respect-vs-i-need-girlfriend-champions-tour-korea-stage-1-challengers-3-group-b,336,2021-02-27,6:00 PM
PACIFIC,12242,https://www.vlr.gg/12242/goma-vs-apex-people-champions-tour-korea-stage-1-challengers-3-group-b,336,2021-02-27,6:00 PM
PACIFIC,12247,https://www.vlr.gg/12247/spear-gaming-vs-euphoria-champions-tour-korea-stage-1-challengers-3-group-c,336,2021-02-27,6:00 PM
PACIFIC,12248,https://www.vlr.gg/12248/c2s-vs-fatality-champions-tour-korea-stage-1-challengers-3-group-c,336,2021-02-27,6:00 PM
PACIFIC,12251,https://www.vlr.gg/12251/gehenna-sweepers-vs-gbu-champions-tour-korea-stage-1-challengers-3-group-d,336,2021-02-27,6:00 PM
PACIFIC,12254,https://www.vlr.gg/12254/never-fall-gaming-vs-hamtories-champions-tour-korea-stage-1-challengers-3-group-e,336,2021-02-27,6:00 PM
PACIFIC,12257,https://www.vlr.gg/12257/peacekeeper-vs-gca-a-team-champions-tour-korea-stage-1-challengers-3-group-f,336,2021-02-27,6:00 PM
PACIFIC,12260,https://www.vlr.gg/12260/be-fun-sword-vs-oldguyz-champions-tour-korea-stage-1-challengers-3-group-g,336,2021-02-27,6:00 PM
PACIFIC,12263,https://www.vlr.gg/12263/v0rtex-5-vs-tubeple-gaming-champions-tour-korea-stage-1-challengers-3-group-h,336,2021-02-27,6:00 PM
PACIFIC,12280,https://www.vlr.gg/12280/f4q-vs-i-need-girlfriend-champions-tour-korea-stage-1-challengers-3-ro16,336,2021-02-28,12:00 PM
PACIFIC,12281,https://www.vlr.gg/12281/spear-gaming-vs-gehenna-sweepers-champions-tour-korea-stage-1-challengers-3-ro16,336,2021-02-28,12:00 PM
PACIFIC,12282,https://www.vlr.gg/12282/hamtories-vs-gca-a-team-champions-tour-korea-stage-1-challengers-3-ro16,336,2021-02-28,12:00 PM
PACIFIC,12283,https://www.vlr.gg/12283/gwangdae-vs-v0rtex-5-champions-tour-korea-stage-1-challengers-3-ro16,336,2021-02-28,12:00 PM
PACIFIC,12284,https://www.vlr.gg/12284/apex-people-vs-saviors-champions-tour-korea-stage-1-challengers-3-ro16,336,2021-02-28,3:00 PM
PACIFIC,12285,https://www.vlr.gg/12285/team-diamond-r-vs-c2s-champions-tour-korea-stage-1-challengers-3-ro16,336,2021-02-28,3:00 PM
PACIFIC,12286,https://www.vlr.gg/12286/average-20-vs-mujig-100su-champions-tour-korea-stage-1-challengers-3-ro16,336,2021-02-28,3:00 PM
PACIFIC,12287,https://www.vlr.gg/12287/tubeple-gaming-vs-be-fun-sword-champions-tour-korea-stage-1-challengers-3-ro16,336,2021-02-28,3:00 PM
PACIFIC,12314,https://www.vlr.gg/12314/hamtories-vs-v0rtex-5-champions-tour-korea-stage-1-challengers-3-qf,336,2021-02-28,5:30 PM
PACIFIC,12313,https://www.vlr.gg/12313/f4q-vs-spear-gaming-champions-tour-korea-stage-1-challengers-3-qf,336,2021-02-28,6:00 PM
PACIFIC,12315,https://www.vlr.gg/12315/apex-people-vs-team-diamond-r-champions-tour-korea-stage-1-challengers-3-qf,336,2021-02-28,6:00 PM
PACIFIC,12316,https://www.vlr.gg/12316/mujig-100su-vs-tubeple-gaming-champions-tour-korea-stage-1-challengers-3-qf,336,2021-02-28,6:00 PM
PACIFIC,12683,https://www.vlr.gg/12683/tnl-esports-vs-tubeple-gaming-champions-tour-korea-stage-1-challengers-3-group-a,336,2021-03-04,2:30 PM
PACIFIC,12684,https://www.vlr.gg/12684/world-game-star-vs-apex-people-champions-tour-korea-stage-1-challengers-3-group-a,336,2021-03-04,5:00 PM
PACIFIC,12689,https://www.vlr.gg/12689/zfgaming-vs-hamtories-champions-tour-korea-stage-1-challengers-3-group-b,336,2021-03-04,7:15 PM
PACIFIC,12690,https://www.vlr.gg/12690/damwon-gaming-vs-f4q-champions-tour-korea-stage-1-challengers-3-group-b,336,2021-03-05,2:45 PM
PACIFIC,12685,https://www.vlr.gg/12685/tnl-esports-vs-world-game-star-champions-tour-korea-stage-1-challengers-3-group-a,336,2021-03-05,5:00 PM
PACIFIC,12686,https://www.vlr.gg/12686/apex-people-vs-tubeple-gaming-champions-tour-korea-stage-1-challengers-3-group-a,336,2021-03-05,7:00 PM
PACIFIC,12691,https://www.vlr.gg/12691/zfgaming-vs-damwon-gaming-champions-tour-korea-stage-1-challengers-3-group-b,336,2021-03-06,2:30 PM
PACIFIC,12692,https://www.vlr.gg/12692/f4q-vs-hamtories-champions-tour-korea-stage-1-challengers-3-group-b,336,2021-03-06,4:30 PM
PACIFIC,12687,https://www.vlr.gg/12687/tnl-esports-vs-apex-people-champions-tour-korea-stage-1-challengers-3-group-a,336,2021-03-06,7:00 PM
PACIFIC,12688,https://www.vlr.gg/12688/tubeple-gaming-vs-world-game-star-champions-tour-korea-stage-1-challengers-3-group-a,336,2021-03-07,2:30 PM
PACIFIC,12693,https://www.vlr.gg/12693/zfgaming-vs-f4q-champions-tour-korea-stage-1-challengers-3-group-b,336,2021-03-07,4:30 PM
PACIFIC,12694,https://www.vlr.gg/12694/hamtories-vs-damwon-gaming-champions-tour-korea-stage-1-challengers-3-group-b,336,2021-03-07,7:10 PM
PACIFIC,12766,https://www.vlr.gg/12766/northeption-vs-atlas-gaming-champions-tour-japan-stage-1-challengers-3-qualifier-group-a,345,2021-03-05,2:00 PM
PACIFIC,12767,https://www.vlr.gg/12767/sengoku-gaming-vs-feeling-champions-tour-japan-stage-1-challengers-3-qualifier-group-a,345,2021-03-05,2:00 PM
PACIFIC,12781,https://www.vlr.gg/12781/crest-gaming-dwfn-vs-fennel-champions-tour-japan-stage-1-challengers-3-qualifier-group-b,345,2021-03-05,2:00 PM
PACIFIC,12782,https://www.vlr.gg/12782/relation-x-vs-glory-be-diva-champions-tour-japan-stage-1-challengers-3-qualifier-group-b,345,2021-03-05,2:00 PM
PACIFIC,12783,https://www.vlr.gg/12783/cyclops-athlete-gaming-vs-rwby-champions-tour-japan-stage-1-challengers-3-qualifier-group-b,345,2021-03-05,2:00 PM
PACIFIC,12802,https://www.vlr.gg/12802/gaming-team-selector-vs-shikoukouketsu-champions-tour-japan-stage-1-challengers-3-qualifier-grou,345,2021-03-05,2:00 PM
PACIFIC,12803,https://www.vlr.gg/12803/scarz-vs-the-shables-champions-tour-japan-stage-1-challengers-3-qualifier-group-c,345,2021-03-05,2:00 PM
PACIFIC,12804,https://www.vlr.gg/12804/lft-vs-blackbird-ignis-champions-tour-japan-stage-1-challengers-3-qualifier-group-c,345,2021-03-05,2:00 PM
PACIFIC,12823,https://www.vlr.gg/12823/lag-gaming-vs-lost-eden-champions-tour-japan-stage-1-challengers-3-qualifier-group-d,345,2021-03-05,2:00 PM
PACIFIC,12824,https://www.vlr.gg/12824/connect-gaming-vs-akihabara-encount-champions-tour-japan-stage-1-challengers-3-qualifier-group-d,345,2021-03-05,2:00 PM
PACIFIC,12769,https://www.vlr.gg/12769/feeling-vs-northeption-champions-tour-japan-stage-1-challengers-3-qualifier-group-a,345,2021-03-05,3:15 PM
PACIFIC,12770,https://www.vlr.gg/12770/sengoku-gaming-vs-nanashi-no-gonbee-champions-tour-japan-stage-1-challengers-3-qualifier-group-a,345,2021-03-05,3:15 PM
PACIFIC,12784,https://www.vlr.gg/12784/cyclops-athlete-gaming-vs-crest-gaming-dwfn-champions-tour-japan-stage-1-challengers-3-qualifier,345,2021-03-05,3:15 PM
PACIFIC,12785,https://www.vlr.gg/12785/fennel-vs-glory-be-diva-champions-tour-japan-stage-1-challengers-3-qualifier-group-b,345,2021-03-05,3:15 PM
PACIFIC,12786,https://www.vlr.gg/12786/relation-x-vs-rwby-champions-tour-japan-stage-1-challengers-3-qualifier-group-b,345,2021-03-05,3:15 PM
PACIFIC,12805,https://www.vlr.gg/12805/blackbird-ignis-vs-the-shables-champions-tour-japan-stage-1-challengers-3-qualifier-group-c,345,2021-03-05,3:15 PM
PACIFIC,12806,https://www.vlr.gg/12806/gaming-team-selector-vs-lft-champions-tour-japan-stage-1-challengers-3-qualifier-group-c,345,2021-03-05,3:15 PM
PACIFIC,12807,https://www.vlr.gg/12807/scarz-vs-shikoukouketsu-champions-tour-japan-stage-1-challengers-3-qualifier-group-c,345,2021-03-05,3:15 PM
PACIFIC,12826,https://www.vlr.gg/12826/akihabara-encount-vs-lost-eden-champions-tour-japan-stage-1-challengers-3-qualifier-group-d,345,2021-03-05,3:15 PM
PACIFIC,12827,https://www.vlr.gg/12827/lag-gaming-vs-orb-garden-gaming-mut-champions-tour-japan-stage-1-challengers-3-qualifier-group-d,345,2021-03-05,3:15 PM
PACIFIC,12772,https://www.vlr.gg/12772/northeption-vs-sengoku-gaming-champions-tour-japan-stage-1-challengers-3-qualifier-group-a,345,2021-03-05,4:30 PM
PACIFIC,12773,https://www.vlr.gg/12773/atlas-gaming-vs-nanashi-no-gonbee-champions-tour-japan-stage-1-challengers-3-qualifier-group-a,345,2021-03-05,4:30 PM
PACIFIC,12787,https://www.vlr.gg/12787/rwby-vs-crest-gaming-dwfn-champions-tour-japan-stage-1-challengers-3-qualifier-group-b,345,2021-03-05,4:30 PM
PACIFIC,12788,https://www.vlr.gg/12788/fennel-vs-relation-x-champions-tour-japan-stage-1-challengers-3-qualifier-group-b,345,2021-03-05,4:30 PM
PACIFIC,12789,https://www.vlr.gg/12789/cyclops-athlete-gaming-vs-glory-be-diva-champions-tour-japan-stage-1-challengers-3-qualifier-gro,345,2021-03-05,4:30 PM
PACIFIC,12808,https://www.vlr.gg/12808/blackbird-ignis-vs-gaming-team-selector-champions-tour-japan-stage-1-challengers-3-qualifier-gro,345,2021-03-05,4:30 PM
PACIFIC,12809,https://www.vlr.gg/12809/lft-vs-scarz-champions-tour-japan-stage-1-challengers-3-qualifier-group-c,345,2021-03-05,4:30 PM
PACIFIC,12810,https://www.vlr.gg/12810/shikoukouketsu-vs-the-shables-champions-tour-japan-stage-1-challengers-3-qualifier-group-c,345,2021-03-05,4:30 PM
PACIFIC,12829,https://www.vlr.gg/12829/connect-gaming-vs-orb-garden-gaming-mut-champions-tour-japan-stage-1-challengers-3-qualifier-gro,345,2021-03-05,4:30 PM
PACIFIC,12830,https://www.vlr.gg/12830/akihabara-encount-vs-lag-gaming-champions-tour-japan-stage-1-challengers-3-qualifier-group-d,345,2021-03-05,4:30 PM
PACIFIC,12775,https://www.vlr.gg/12775/northeption-vs-nanashi-no-gonbee-champions-tour-japan-stage-1-challengers-3-qualifier-group-a,345,2021-03-05,5:45 PM
PACIFIC,12776,https://www.vlr.gg/12776/atlas-gaming-vs-feeling-champions-tour-japan-stage-1-challengers-3-qualifier-group-a,345,2021-03-05,5:45 PM
PACIFIC,12790,https://www.vlr.gg/12790/fennel-vs-cyclops-athlete-gaming-champions-tour-japan-stage-1-challengers-3-qualifier-group-b,345,2021-03-05,5:45 PM
PACIFIC,12791,https://www.vlr.gg/12791/crest-gaming-dwfn-vs-relation-x-champions-tour-japan-stage-1-challengers-3-qualifier-group-b,345,2021-03-05,5:45 PM
PACIFIC,12811,https://www.vlr.gg/12811/blackbird-ignis-vs-shikoukouketsu-champions-tour-japan-stage-1-challengers-3-qualifier-group-c,345,2021-03-05,5:45 PM
PACIFIC,12812,https://www.vlr.gg/12812/gaming-team-selector-vs-scarz-champions-tour-japan-stage-1-challengers-3-qualifier-group-c,345,2021-03-05,5:45 PM
PACIFIC,12832,https://www.vlr.gg/12832/akihabara-encount-vs-orb-garden-gaming-mut-champions-tour-japan-stage-1-challengers-3-qualifier,345,2021-03-05,5:45 PM
PACIFIC,12833,https://www.vlr.gg/12833/connect-gaming-vs-lost-eden-champions-tour-japan-stage-1-challengers-3-qualifier-group-d,345,2021-03-05,5:45 PM
PACIFIC,12778,https://www.vlr.gg/12778/atlas-gaming-vs-sengoku-gaming-champions-tour-japan-stage-1-challengers-3-qualifier-group-a,345,2021-03-05,7:00 PM
PACIFIC,12779,https://www.vlr.gg/12779/feeling-vs-nanashi-no-gonbee-champions-tour-japan-stage-1-challengers-3-qualifier-group-a,345,2021-03-05,7:00 PM
PACIFIC,12793,https://www.vlr.gg/12793/glory-be-diva-vs-rwby-champions-tour-japan-stage-1-challengers-3-qualifier-group-b,345,2021-03-05,7:00 PM
PACIFIC,12794,https://www.vlr.gg/12794/cyclops-athlete-gaming-vs-relation-x-champions-tour-japan-stage-1-challengers-3-qualifier-group,345,2021-03-05,7:00 PM
PACIFIC,12814,https://www.vlr.gg/12814/blackbird-ignis-vs-scarz-champions-tour-japan-stage-1-challengers-3-qualifier-group-c,345,2021-03-05,7:00 PM
PACIFIC,12816,https://www.vlr.gg/12816/lft-vs-the-shables-champions-tour-japan-stage-1-challengers-3-qualifier-group-c,345,2021-03-05,7:00 PM
PACIFIC,12837,https://www.vlr.gg/12837/lost-eden-vs-orb-garden-gaming-mut-champions-tour-japan-stage-1-challengers-3-qualifier-group-d,345,2021-03-05,7:00 PM
PACIFIC,12796,https://www.vlr.gg/12796/fennel-vs-rwby-champions-tour-japan-stage-1-challengers-3-qualifier-group-b,345,2021-03-05,8:15 PM
PACIFIC,12797,https://www.vlr.gg/12797/crest-gaming-dwfn-vs-glory-be-diva-champions-tour-japan-stage-1-challengers-3-qualifier-group-b,345,2021-03-05,8:15 PM
PACIFIC,12820,https://www.vlr.gg/12820/gaming-team-selector-vs-the-shables-champions-tour-japan-stage-1-challengers-3-qualifier-group-c,345,2021-03-05,8:15 PM
PACIFIC,12822,https://www.vlr.gg/12822/shikoukouketsu-vs-lft-champions-tour-japan-stage-1-challengers-3-qualifier-group-c,345,2021-03-05,8:15 PM
PACIFIC,12838,https://www.vlr.gg/12838/connect-gaming-vs-lag-gaming-champions-tour-japan-stage-1-challengers-3-qualifier-group-d,345,2021-03-05,8:15 PM
PACIFIC,12869,https://www.vlr.gg/12869/reject-vs-scarz-champions-tour-japan-stage-1-challengers-3-group-a,345,2021-03-06,9:00 AM
PACIFIC,12870,https://www.vlr.gg/12870/novagis-gaming-vs-lag-gaming-champions-tour-japan-stage-1-challengers-3-group-a,345,2021-03-06,11:00 AM
PACIFIC,12871,https://www.vlr.gg/12871/scarz-vs-lag-gaming-champions-tour-japan-stage-1-challengers-3-group-a,345,2021-03-06,1:00 PM
PACIFIC,12872,https://www.vlr.gg/12872/novagis-gaming-vs-scarz-champions-tour-japan-stage-1-challengers-3-group-a,345,2021-03-06,3:00 PM
PACIFIC,12873,https://www.vlr.gg/12873/reject-vs-lag-gaming-champions-tour-japan-stage-1-challengers-3-group-a,345,2021-03-06,5:00 PM
PACIFIC,12874,https://www.vlr.gg/12874/reject-vs-novagis-gaming-champions-tour-japan-stage-1-challengers-3-group-a,345,2021-03-06,7:45 PM
PACIFIC,12957,https://www.vlr.gg/12957/hexad-vs-sengoku-gaming-champions-tour-japan-stage-1-challengers-3-group-b,345,2021-03-07,9:00 AM
PACIFIC,12958,https://www.vlr.gg/12958/cnci-blue-bees-vs-fennel-champions-tour-japan-stage-1-challengers-3-group-b,345,2021-03-07,11:00 AM
PACIFIC,12959,https://www.vlr.gg/12959/sengoku-gaming-vs-fennel-champions-tour-japan-stage-1-challengers-3-group-b,345,2021-03-07,1:40 PM
PACIFIC,12960,https://www.vlr.gg/12960/cnci-blue-bees-vs-sengoku-gaming-champions-tour-japan-stage-1-challengers-3-group-b,345,2021-03-07,3:35 PM
PACIFIC,12961,https://www.vlr.gg/12961/hexad-vs-fennel-champions-tour-japan-stage-1-challengers-3-group-b,345,2021-03-07,5:20 PM
PACIFIC,12962,https://www.vlr.gg/12962/hexad-vs-cnci-blue-bees-champions-tour-japan-stage-1-challengers-3-group-b,345,2021-03-07,7:25 PM
PACIFIC,11489,https://www.vlr.gg/11489/ghost-commandos-vs-traitors-champions-tour-hong-kong-taiwan-stage-1-challengers-2-qualifier-qu,325,2021-02-21,8:00 PM
PACIFIC,11490,https://www.vlr.gg/11490/team-assassin-vs-wolfpack-champions-tour-hong-kong-taiwan-stage-1-challengers-2-qualifier-quar,325,2021-02-21,8:00 PM
PACIFIC,11491,https://www.vlr.gg/11491/bbbg-vs-all-born-to-clutch-champions-tour-hong-kong-taiwan-stage-1-challengers-2-qualifier-qua,325,2021-02-21,8:00 PM
PACIFIC,11492,https://www.vlr.gg/11492/griffin-e-sports-vs-game-dimension-esports-champions-tour-hong-kong-taiwan-stage-1-challengers,325,2021-02-21,8:00 PM
PACIFIC,12319,https://www.vlr.gg/12319/anti-eco-eco-club-vs-traitors-champions-tour-hong-kong-taiwan-stage-1-challengers-2-main-event,325,2021-02-26,1:00 PM
PACIFIC,12320,https://www.vlr.gg/12320/five-ace-e-sports-vs-wolfpack-champions-tour-hong-kong-taiwan-stage-1-challengers-2-main-event,325,2021-02-26,3:00 PM
PACIFIC,12321,https://www.vlr.gg/12321/looking-for-sponsor-vs-all-born-to-clutch-champions-tour-hong-kong-taiwan-stage-1-challengers,325,2021-02-26,5:00 PM
PACIFIC,12322,https://www.vlr.gg/12322/cbt-gaming-vs-griffin-e-sports-champions-tour-hong-kong-taiwan-stage-1-challengers-2-main-even,325,2021-02-26,7:00 PM
PACIFIC,12331,https://www.vlr.gg/12331/anti-eco-eco-club-vs-five-ace-e-sports-champions-tour-hong-kong-taiwan-stage-1-challengers-2-m,325,2021-02-27,3:00 PM
PACIFIC,12332,https://www.vlr.gg/12332/looking-for-sponsor-vs-cbt-gaming-champions-tour-hong-kong-taiwan-stage-1-challengers-2-main-e,325,2021-02-27,5:00 PM
PACIFIC,12334,https://www.vlr.gg/12334/five-ace-e-sports-vs-cbt-gaming-champions-tour-hong-kong-taiwan-stage-1-challengers-2-main-eve,325,2021-02-27,7:00 PM
PACIFIC,12333,https://www.vlr.gg/12333/anti-eco-eco-club-vs-looking-for-sponsor-champions-tour-hong-kong-taiwan-stage-1-challengers-2,325,2021-02-28,3:00 PM
PACIFIC,11989,https://www.vlr.gg/11989/gaming-team-selector-vs-novagis-gaming-champions-tour-japan-stage-1-challengers-2-qualifier-grou,331,2021-02-26,2:00 PM
PACIFIC,11990,https://www.vlr.gg/11990/lag-gaming-vs-relation-x-champions-tour-japan-stage-1-challengers-2-qualifier-group-a,331,2021-02-26,2:00 PM
PACIFIC,11991,https://www.vlr.gg/11991/rwby-vs-glory-be-diva-champions-tour-japan-stage-1-challengers-2-qualifier-group-a,331,2021-02-26,2:00 PM
PACIFIC,12010,https://www.vlr.gg/12010/cyclops-athlete-gaming-vs-ixa-champions-tour-japan-stage-1-challengers-2-qualifier-group-c,331,2021-02-26,2:00 PM
PACIFIC,12011,https://www.vlr.gg/12011/sengoku-gaming-vs-blackbird-ignis-champions-tour-japan-stage-1-challengers-2-qualifier-group-c,331,2021-02-26,2:00 PM
PACIFIC,12012,https://www.vlr.gg/12012/lost-eden-vs-hexad-gaming-champions-tour-japan-stage-1-challengers-2-qualifier-group-c,331,2021-02-26,2:00 PM
PACIFIC,12031,https://www.vlr.gg/12031/feeling-vs-the-shables-champions-tour-japan-stage-1-challengers-2-qualifier-group-d,331,2021-02-26,2:00 PM
PACIFIC,12032,https://www.vlr.gg/12032/crest-gaming-dwfn-vs-scarz-champions-tour-japan-stage-1-challengers-2-qualifier-group-d,331,2021-02-26,2:00 PM
PACIFIC,12033,https://www.vlr.gg/12033/crazy-raccoon-vs-northeption-champions-tour-japan-stage-1-challengers-2-qualifier-group-d,331,2021-02-26,2:00 PM
PACIFIC,12052,https://www.vlr.gg/12052/cnci-blue-bees-vs-detonation-gaming-champions-tour-japan-stage-1-challengers-2-qualifier-group-b,331,2021-02-26,2:00 PM
PACIFIC,12053,https://www.vlr.gg/12053/fennel-vs-lft-champions-tour-japan-stage-1-challengers-2-qualifier-group-b,331,2021-02-26,2:00 PM
PACIFIC,12065,https://www.vlr.gg/12065/connect-gaming-vs-shikoukouketsu-champions-tour-japan-stage-1-challengers-2-qualifier-group-b,331,2021-02-26,2:00 PM
PACIFIC,11992,https://www.vlr.gg/11992/gaming-team-selector-vs-lag-gaming-champions-tour-japan-stage-1-challengers-2-qualifier-group-a,331,2021-02-26,3:00 PM
PACIFIC,11993,https://www.vlr.gg/11993/novagis-gaming-vs-relation-x-champions-tour-japan-stage-1-challengers-2-qualifier-group-a,331,2021-02-26,3:00 PM
PACIFIC,11994,https://www.vlr.gg/11994/rwby-vs-nanashi-no-gonbee-champions-tour-japan-stage-1-challengers-2-qualifier-group-a,331,2021-02-26,3:00 PM
PACIFIC,12013,https://www.vlr.gg/12013/cyclops-athlete-gaming-vs-sengoku-gaming-champions-tour-japan-stage-1-challengers-2-qualifier-gr,331,2021-02-26,3:00 PM
PACIFIC,12014,https://www.vlr.gg/12014/ixa-vs-blackbird-ignis-champions-tour-japan-stage-1-challengers-2-qualifier-group-c,331,2021-02-26,3:00 PM
PACIFIC,12015,https://www.vlr.gg/12015/lost-eden-vs-atlas-gaming-champions-tour-japan-stage-1-challengers-2-qualifier-group-c,331,2021-02-26,3:00 PM
PACIFIC,12034,https://www.vlr.gg/12034/feeling-vs-crest-gaming-dwfn-champions-tour-japan-stage-1-challengers-2-qualifier-group-d,331,2021-02-26,3:00 PM
PACIFIC,12035,https://www.vlr.gg/12035/the-shables-vs-scarz-champions-tour-japan-stage-1-challengers-2-qualifier-group-d,331,2021-02-26,3:00 PM
PACIFIC,12036,https://www.vlr.gg/12036/crazy-raccoon-vs-noizy-champions-tour-japan-stage-1-challengers-2-qualifier-group-d,331,2021-02-26,3:00 PM
PACIFIC,12054,https://www.vlr.gg/12054/cnci-blue-bees-vs-lft-champions-tour-japan-stage-1-challengers-2-qualifier-group-b,331,2021-02-26,3:00 PM
PACIFIC,12055,https://www.vlr.gg/12055/detonation-gaming-vs-connect-gaming-champions-tour-japan-stage-1-challengers-2-qualifier-group-b,331,2021-02-26,3:00 PM
PACIFIC,12066,https://www.vlr.gg/12066/lft-vs-shikoukouketsu-champions-tour-japan-stage-1-challengers-2-qualifier-group-b,331,2021-02-26,3:00 PM
PACIFIC,11995,https://www.vlr.gg/11995/gaming-team-selector-vs-relation-x-champions-tour-japan-stage-1-challengers-2-qualifier-group-a,331,2021-02-26,4:00 PM
PACIFIC,11996,https://www.vlr.gg/11996/novagis-gaming-vs-lag-gaming-champions-tour-japan-stage-1-challengers-2-qualifier-group-a,331,2021-02-26,4:00 PM
PACIFIC,11997,https://www.vlr.gg/11997/glory-be-diva-vs-nanashi-no-gonbee-champions-tour-japan-stage-1-challengers-2-qualifier-group-a,331,2021-02-26,4:00 PM
PACIFIC,12016,https://www.vlr.gg/12016/cyclops-athlete-gaming-vs-blackbird-ignis-champions-tour-japan-stage-1-challengers-2-qualifier-g,331,2021-02-26,4:00 PM
PACIFIC,12017,https://www.vlr.gg/12017/ixa-vs-sengoku-gaming-champions-tour-japan-stage-1-challengers-2-qualifier-group-c,331,2021-02-26,4:00 PM
PACIFIC,12018,https://www.vlr.gg/12018/hexad-gaming-vs-atlas-gaming-champions-tour-japan-stage-1-challengers-2-qualifier-group-c,331,2021-02-26,4:00 PM
PACIFIC,12037,https://www.vlr.gg/12037/the-shables-vs-crest-gaming-dwfn-champions-tour-japan-stage-1-challengers-2-qualifier-group-d,331,2021-02-26,4:00 PM
PACIFIC,12038,https://www.vlr.gg/12038/feeling-vs-scarz-champions-tour-japan-stage-1-challengers-2-qualifier-group-d,331,2021-02-26,4:00 PM
PACIFIC,12039,https://www.vlr.gg/12039/northeption-vs-noizy-champions-tour-japan-stage-1-challengers-2-qualifier-group-d,331,2021-02-26,4:00 PM
PACIFIC,12056,https://www.vlr.gg/12056/cnci-blue-bees-vs-lft-champions-tour-japan-stage-1-challengers-2-qualifier-group-b,331,2021-02-26,4:00 PM
PACIFIC,12057,https://www.vlr.gg/12057/detonation-gaming-vs-shikoukouketsu-champions-tour-japan-stage-1-challengers-2-qualifier-group-b,331,2021-02-26,4:00 PM
PACIFIC,12067,https://www.vlr.gg/12067/fennel-vs-connect-gaming-champions-tour-japan-stage-1-challengers-2-qualifier-group-b,331,2021-02-26,4:00 PM
PACIFIC,11999,https://www.vlr.gg/11999/gaming-team-selector-vs-rwby-champions-tour-japan-stage-1-challengers-2-qualifier-group-a,331,2021-02-26,5:00 PM
PACIFIC,12000,https://www.vlr.gg/12000/novagis-gaming-vs-glory-be-diva-champions-tour-japan-stage-1-challengers-2-qualifier-group-a,331,2021-02-26,5:00 PM
PACIFIC,12019,https://www.vlr.gg/12019/cyclops-athlete-gaming-vs-lost-eden-champions-tour-japan-stage-1-challengers-2-qualifier-group-c,331,2021-02-26,5:00 PM
PACIFIC,12020,https://www.vlr.gg/12020/ixa-vs-hexad-gaming-champions-tour-japan-stage-1-challengers-2-qualifier-group-c,331,2021-02-26,5:00 PM
PACIFIC,12021,https://www.vlr.gg/12021/sengoku-gaming-vs-atlas-gaming-champions-tour-japan-stage-1-challengers-2-qualifier-group-c,331,2021-02-26,5:00 PM
PACIFIC,12040,https://www.vlr.gg/12040/feeling-vs-crazy-raccoon-champions-tour-japan-stage-1-challengers-2-qualifier-group-d,331,2021-02-26,5:00 PM
PACIFIC,12041,https://www.vlr.gg/12041/the-shables-vs-northeption-champions-tour-japan-stage-1-challengers-2-qualifier-group-d,331,2021-02-26,5:00 PM
PACIFIC,12042,https://www.vlr.gg/12042/crest-gaming-dwfn-vs-noizy-champions-tour-japan-stage-1-challengers-2-qualifier-group-d,331,2021-02-26,5:00 PM
PACIFIC,12058,https://www.vlr.gg/12058/cnci-blue-bees-vs-connect-gaming-champions-tour-japan-stage-1-challengers-2-qualifier-group-b,331,2021-02-26,5:00 PM
PACIFIC,12059,https://www.vlr.gg/12059/detonation-gaming-vs-lft-champions-tour-japan-stage-1-challengers-2-qualifier-group-b,331,2021-02-26,5:00 PM
PACIFIC,12068,https://www.vlr.gg/12068/fennel-vs-shikoukouketsu-champions-tour-japan-stage-1-challengers-2-qualifier-group-b,331,2021-02-26,5:00 PM
PACIFIC,11998,https://www.vlr.gg/11998/lag-gaming-vs-nanashi-no-gonbee-champions-tour-japan-stage-1-challengers-2-qualifier-group-a,331,2021-02-26,5:30 PM
PACIFIC,12001,https://www.vlr.gg/12001/gaming-team-selector-vs-glory-be-diva-champions-tour-japan-stage-1-challengers-2-qualifier-group,331,2021-02-26,6:00 PM
PACIFIC,12002,https://www.vlr.gg/12002/novagis-gaming-vs-rwby-champions-tour-japan-stage-1-challengers-2-qualifier-group-a,331,2021-02-26,6:00 PM
PACIFIC,12003,https://www.vlr.gg/12003/relation-x-vs-nanashi-no-gonbee-champions-tour-japan-stage-1-challengers-2-qualifier-group-a,331,2021-02-26,6:00 PM
PACIFIC,12022,https://www.vlr.gg/12022/cyclops-athlete-gaming-vs-hexad-gaming-champions-tour-japan-stage-1-challengers-2-qualifier-grou,331,2021-02-26,6:00 PM
PACIFIC,12023,https://www.vlr.gg/12023/ixa-vs-lost-eden-champions-tour-japan-stage-1-challengers-2-qualifier-group-c,331,2021-02-26,6:00 PM
PACIFIC,12024,https://www.vlr.gg/12024/blackbird-ignis-vs-atlas-gaming-champions-tour-japan-stage-1-challengers-2-qualifier-group-c,331,2021-02-26,6:00 PM
PACIFIC,12043,https://www.vlr.gg/12043/feeling-vs-northeption-champions-tour-japan-stage-1-challengers-2-qualifier-group-d,331,2021-02-26,6:00 PM
PACIFIC,12044,https://www.vlr.gg/12044/the-shables-vs-crazy-raccoon-champions-tour-japan-stage-1-challengers-2-qualifier-group-d,331,2021-02-26,6:00 PM
PACIFIC,12045,https://www.vlr.gg/12045/scarz-vs-noizy-champions-tour-japan-stage-1-challengers-2-qualifier-group-d,331,2021-02-26,6:00 PM
PACIFIC,12061,https://www.vlr.gg/12061/cnci-blue-bees-vs-shikoukouketsu-champions-tour-japan-stage-1-challengers-2-qualifier-group-b,331,2021-02-26,6:00 PM
PACIFIC,12069,https://www.vlr.gg/12069/lft-vs-connect-gaming-champions-tour-japan-stage-1-challengers-2-qualifier-group-b,331,2021-02-26,6:00 PM
PACIFIC,12060,https://www.vlr.gg/12060/detonation-gaming-vs-fennel-champions-tour-japan-stage-1-challengers-2-qualifier-group-b,331,2021-02-26,6:40 PM
PACIFIC,12004,https://www.vlr.gg/12004/gaming-team-selector-vs-nanashi-no-gonbee-champions-tour-japan-stage-1-challengers-2-qualifier-g,331,2021-02-26,7:00 PM
PACIFIC,12005,https://www.vlr.gg/12005/lag-gaming-vs-rwby-champions-tour-japan-stage-1-challengers-2-qualifier-group-a,331,2021-02-26,7:00 PM
PACIFIC,12006,https://www.vlr.gg/12006/relation-x-vs-glory-be-diva-champions-tour-japan-stage-1-challengers-2-qualifier-group-a,331,2021-02-26,7:00 PM
PACIFIC,12026,https://www.vlr.gg/12026/cyclops-athlete-gaming-vs-atlas-gaming-champions-tour-japan-stage-1-challengers-2-qualifier-grou,331,2021-02-26,7:00 PM
PACIFIC,12027,https://www.vlr.gg/12027/sengoku-gaming-vs-lost-eden-champions-tour-japan-stage-1-challengers-2-qualifier-group-c,331,2021-02-26,7:00 PM
PACIFIC,12046,https://www.vlr.gg/12046/feeling-vs-noizy-champions-tour-japan-stage-1-challengers-2-qualifier-group-d,331,2021-02-26,7:00 PM
PACIFIC,12047,https://www.vlr.gg/12047/crest-gaming-dwfn-vs-crazy-raccoon-champions-tour-japan-stage-1-challengers-2-qualifier-group-d,331,2021-02-26,7:00 PM
PACIFIC,12048,https://www.vlr.gg/12048/scarz-vs-northeption-champions-tour-japan-stage-1-challengers-2-qualifier-group-d,331,2021-02-26,7:00 PM
PACIFIC,12025,https://www.vlr.gg/12025/blackbird-ignis-vs-hexad-gaming-champions-tour-japan-stage-1-challengers-2-qualifier-group-c,331,2021-02-26,7:50 PM
PACIFIC,12007,https://www.vlr.gg/12007/novagis-gaming-vs-nanashi-no-gonbee-champions-tour-japan-stage-1-challengers-2-qualifier-group-a,331,2021-02-26,8:00 PM
PACIFIC,12008,https://www.vlr.gg/12008/lag-gaming-vs-glory-be-diva-champions-tour-japan-stage-1-challengers-2-qualifier-group-a,331,2021-02-26,8:00 PM
PACIFIC,12009,https://www.vlr.gg/12009/relation-x-vs-rwby-champions-tour-japan-stage-1-challengers-2-qualifier-group-a,331,2021-02-26,8:00 PM
PACIFIC,12028,https://www.vlr.gg/12028/ixa-vs-atlas-gaming-champions-tour-japan-stage-1-challengers-2-qualifier-group-c,331,2021-02-26,8:00 PM
PACIFIC,12029,https://www.vlr.gg/12029/sengoku-gaming-vs-hexad-gaming-champions-tour-japan-stage-1-challengers-2-qualifier-group-c,331,2021-02-26,8:00 PM
PACIFIC,12030,https://www.vlr.gg/12030/blackbird-ignis-vs-lost-eden-champions-tour-japan-stage-1-challengers-2-qualifier-group-c,331,2021-02-26,8:00 PM
PACIFIC,12050,https://www.vlr.gg/12050/the-shables-vs-noizy-champions-tour-japan-stage-1-challengers-2-qualifier-group-d,331,2021-02-26,8:00 PM
PACIFIC,12051,https://www.vlr.gg/12051/crest-gaming-dwfn-vs-northeption-champions-tour-japan-stage-1-challengers-2-qualifier-group-d,331,2021-02-26,8:00 PM
PACIFIC,12049,https://www.vlr.gg/12049/scarz-vs-crazy-raccoon-champions-tour-japan-stage-1-challengers-2-qualifier-group-d,331,2021-02-26,9:00 PM
PACIFIC,12184,https://www.vlr.gg/12184/absolute-jupiter-vs-novagis-gaming-champions-tour-japan-stage-1-challengers-2-main-event-group-a,331,2021-02-27,9:00 AM
PACIFIC,12185,https://www.vlr.gg/12185/first-gaming-vs-hexad-gaming-champions-tour-japan-stage-1-challengers-2-main-event-group-a,331,2021-02-27,11:00 AM
PACIFIC,12186,https://www.vlr.gg/12186/novagis-gaming-vs-hexad-gaming-champions-tour-japan-stage-1-challengers-2-main-event-group-a,331,2021-02-27,1:00 PM
PACIFIC,12187,https://www.vlr.gg/12187/first-gaming-vs-novagis-gaming-champions-tour-japan-stage-1-challengers-2-main-event-group-a,331,2021-02-27,3:20 PM
PACIFIC,12188,https://www.vlr.gg/12188/absolute-jupiter-vs-hexad-gaming-champions-tour-japan-stage-1-challengers-2-main-event-group-a,331,2021-02-27,5:10 PM
PACIFIC,12189,https://www.vlr.gg/12189/first-gaming-vs-absolute-jupiter-champions-tour-japan-stage-1-challengers-2-main-event-group-a,331,2021-02-27,7:10 PM
PACIFIC,12290,https://www.vlr.gg/12290/reject-vs-cnci-blue-bees-champions-tour-japan-stage-1-challengers-2-main-event-group-b,331,2021-02-28,9:00 AM
PACIFIC,12291,https://www.vlr.gg/12291/crazy-raccoon-vs-fav-gaming-champions-tour-japan-stage-1-challengers-2-main-event-group-b,331,2021-02-28,11:00 AM
PACIFIC,12292,https://www.vlr.gg/12292/cnci-blue-bees-vs-crazy-raccoon-champions-tour-japan-stage-1-challengers-2-main-event-group-b,331,2021-02-28,1:30 PM
PACIFIC,12293,https://www.vlr.gg/12293/fav-gaming-vs-cnci-blue-bees-champions-tour-japan-stage-1-challengers-2-main-event-group-b,331,2021-02-28,3:15 PM
PACIFIC,12294,https://www.vlr.gg/12294/reject-vs-crazy-raccoon-champions-tour-japan-stage-1-challengers-2-main-event-group-b,331,2021-02-28,5:20 PM
PACIFIC,12295,https://www.vlr.gg/12295/fav-gaming-vs-reject-champions-tour-japan-stage-1-challengers-2-main-event-group-b,331,2021-02-28,7:25 PM
PACIFIC,12597,https://www.vlr.gg/12597/pecel-lele-lyra-vs-syntax-champions-tour-indonesia-stage-1-challengers-2-qualifier-ro64,295,2021-02-19,2:00 PM
PACIFIC,12598,https://www.vlr.gg/12598/way-esports-vs-azalea-champions-tour-indonesia-stage-1-challengers-2-qualifier-ro64,295,2021-02-19,2:00 PM
PACIFIC,12599,https://www.vlr.gg/12599/rrq-endeavour-vs-xcn-gaming-champions-tour-indonesia-stage-1-challengers-2-qualifier-ro64,295,2021-02-19,2:00 PM
PACIFIC,12600,https://www.vlr.gg/12600/surabaya-esports-vs-u2g-champions-tour-indonesia-stage-1-challengers-2-qualifier-ro64,295,2021-02-19,3:10 PM
PACIFIC,12601,https://www.vlr.gg/12601/zenith-vs-vvv-champions-tour-indonesia-stage-1-challengers-2-qualifier-ro64,295,2021-02-19,3:10 PM
PACIFIC,12602,https://www.vlr.gg/12602/voin-esports-vs-estevandor-champions-tour-indonesia-stage-1-challengers-2-qualifier-ro64,295,2021-02-19,3:10 PM
PACIFIC,12603,https://www.vlr.gg/12603/gbh-valiente-vs-thieves-of-hours-champions-tour-indonesia-stage-1-challengers-2-qualifier-ro64,295,2021-02-19,3:10 PM
PACIFIC,12604,https://www.vlr.gg/12604/gta-heist-crew-vs-myth-champions-tour-indonesia-stage-1-challengers-2-qualifier-ro64,295,2021-02-19,4:20 PM
PACIFIC,12605,https://www.vlr.gg/12605/incognito-vs-gob-e-sports-champions-tour-indonesia-stage-1-challengers-2-qualifier-ro64,295,2021-02-19,4:20 PM
PACIFIC,12606,https://www.vlr.gg/12606/team-phenix-vs-alter-ego-celeste-champions-tour-indonesia-stage-1-challengers-2-qualifier-ro64,295,2021-02-19,4:20 PM
PACIFIC,12607,https://www.vlr.gg/12607/xterminate-vs-mortix-champions-tour-indonesia-stage-1-challengers-2-qualifier-ro64,295,2021-02-19,5:30 PM
PACIFIC,12608,https://www.vlr.gg/12608/onic-esports-vs-atj-champions-tour-indonesia-stage-1-challengers-2-qualifier-ro64,295,2021-02-19,5:30 PM
PACIFIC,12609,https://www.vlr.gg/12609/noir-vs-amg-gaming-champions-tour-indonesia-stage-1-challengers-2-qualifier-ro64,295,2021-02-19,6:40 PM
PACIFIC,12610,https://www.vlr.gg/12610/s-one-vs-power-danger-esport-champions-tour-indonesia-stage-1-challengers-2-qualifier-ro64,295,2021-02-19,6:40 PM
PACIFIC,12611,https://www.vlr.gg/12611/jj-esport-vs-pervelux-champions-tour-indonesia-stage-1-challengers-2-qualifier-ro64,295,2021-02-19,6:40 PM
PACIFIC,12612,https://www.vlr.gg/12612/pig-head-vs-wolfpack-champions-tour-indonesia-stage-1-challengers-2-qualifier-ro64,295,2021-02-19,6:40 PM
PACIFIC,12613,https://www.vlr.gg/12613/5relics-vs-spica-champions-tour-indonesia-stage-1-challengers-2-qualifier-ro64,295,2021-02-19,7:50 PM
PACIFIC,12614,https://www.vlr.gg/12614/big-orca-vs-nekad-esport-champions-tour-indonesia-stage-1-challengers-2-qualifier-ro64,295,2021-02-19,7:50 PM
PACIFIC,12615,https://www.vlr.gg/12615/cuek-vs-aing-maung-esports-champions-tour-indonesia-stage-1-challengers-2-qualifier-ro64,295,2021-02-19,7:50 PM
PACIFIC,12616,https://www.vlr.gg/12616/x-force-vs-moc-team-champions-tour-indonesia-stage-1-challengers-2-qualifier-ro64,295,2021-02-20,1:00 PM
PACIFIC,12617,https://www.vlr.gg/12617/flat-white-vs-cursed-team-champions-tour-indonesia-stage-1-challengers-2-qualifier-ro64,295,2021-02-20,1:00 PM
PACIFIC,12618,https://www.vlr.gg/12618/absolute5-vs-proxymine-champions-tour-indonesia-stage-1-challengers-2-qualifier-ro64,295,2021-02-20,2:10 PM
PACIFIC,12619,https://www.vlr.gg/12619/nxl-ligagame-vs-the-mafias-champions-tour-indonesia-stage-1-challengers-2-qualifier-ro64,295,2021-02-20,2:10 PM
PACIFIC,12620,https://www.vlr.gg/12620/chariot-vs-kingslayers-champions-tour-indonesia-stage-1-challengers-2-qualifier-ro64,295,2021-02-20,2:10 PM
PACIFIC,12621,https://www.vlr.gg/12621/4sehat5sempurna-vs-noble-outlaws-champions-tour-indonesia-stage-1-challengers-2-qualifier-ro64,295,2021-02-20,2:10 PM
PACIFIC,11101,https://www.vlr.gg/11101/pecel-lele-lyra-vs-way-esports-champions-tour-indonesia-stage-1-challengers-2-qualifier-round-of,295,2021-02-20,4:30 PM
PACIFIC,11102,https://www.vlr.gg/11102/xcn-gaming-vs-anarchy-champions-tour-indonesia-stage-1-challengers-2-qualifier-round-of-32,295,2021-02-20,4:30 PM
PACIFIC,11103,https://www.vlr.gg/11103/surabaya-esports-vs-vvv-champions-tour-indonesia-stage-1-challengers-2-qualifier-round-of-32,295,2021-02-20,4:30 PM
PACIFIC,11104,https://www.vlr.gg/11104/voin-esports-vs-thieves-of-hours-champions-tour-indonesia-stage-1-challengers-2-qualifier-round,295,2021-02-20,4:30 PM
PACIFIC,11105,https://www.vlr.gg/11105/myth-vs-reckless-lads-champions-tour-indonesia-stage-1-challengers-2-qualifier-round-of-32,295,2021-02-20,5:40 PM
PACIFIC,11106,https://www.vlr.gg/11106/incognito-vs-team-phenix-champions-tour-indonesia-stage-1-challengers-2-qualifier-round-of-32,295,2021-02-20,5:40 PM
PACIFIC,11107,https://www.vlr.gg/11107/xterminate-vs-onic-esports-champions-tour-indonesia-stage-1-challengers-2-qualifier-round-of-32,295,2021-02-20,5:40 PM
PACIFIC,11108,https://www.vlr.gg/11108/team-reveal-vs-dg-esports-champions-tour-indonesia-stage-1-challengers-2-qualifier-round-of-32,295,2021-02-20,5:40 PM
PACIFIC,11109,https://www.vlr.gg/11109/noir-vs-s-one-champions-tour-indonesia-stage-1-challengers-2-qualifier-round-of-32,295,2021-02-20,6:50 PM
PACIFIC,11110,https://www.vlr.gg/11110/jj-esport-vs-wolfpack-champions-tour-indonesia-stage-1-challengers-2-qualifier-round-of-32,295,2021-02-20,6:50 PM
PACIFIC,11111,https://www.vlr.gg/11111/5relics-vs-big-orca-champions-tour-indonesia-stage-1-challengers-2-qualifier-round-of-32,295,2021-02-20,6:50 PM
PACIFIC,11112,https://www.vlr.gg/11112/tbd-champions-tour-indonesia-stage-1-challengers-2-qualifier-round-of-32,295,2021-02-20,6:50 PM
PACIFIC,11113,https://www.vlr.gg/11113/moc-team-vs-ethereal-champions-tour-indonesia-stage-1-challengers-2-qualifier-round-of-32,295,2021-02-20,8:00 PM
PACIFIC,11114,https://www.vlr.gg/11114/orbit-vs-flat-white-champions-tour-indonesia-stage-1-challengers-2-qualifier-round-of-32,295,2021-02-20,8:00 PM
PACIFIC,11115,https://www.vlr.gg/11115/absolute5-vs-nxl-ligagame-champions-tour-indonesia-stage-1-challengers-2-qualifier-round-of-32,295,2021-02-20,8:00 PM
PACIFIC,11116,https://www.vlr.gg/11116/kingslayers-vs-4sehat5sempurna-champions-tour-indonesia-stage-1-challengers-2-qualifier-round-of,295,2021-02-20,8:00 PM
PACIFIC,11275,https://www.vlr.gg/11275/way-esports-vs-xcn-gaming-champions-tour-indonesia-stage-1-challengers-2-qualifier-round-of-16,295,2021-02-21,1:00 PM
PACIFIC,11276,https://www.vlr.gg/11276/vvv-vs-voin-esports-champions-tour-indonesia-stage-1-challengers-2-qualifier-round-of-16,295,2021-02-21,1:00 PM
PACIFIC,11277,https://www.vlr.gg/11277/reckless-lads-vs-incognito-champions-tour-indonesia-stage-1-challengers-2-qualifier-round-of-16,295,2021-02-21,1:00 PM
PACIFIC,11278,https://www.vlr.gg/11278/onic-esports-vs-dg-esports-champions-tour-indonesia-stage-1-challengers-2-qualifier-round-of-16,295,2021-02-21,1:00 PM
PACIFIC,11279,https://www.vlr.gg/11279/noir-vs-wolfpack-champions-tour-indonesia-stage-1-challengers-2-qualifier-round-of-16,295,2021-02-21,3:00 PM
PACIFIC,11280,https://www.vlr.gg/11280/big-orca-vs-aing-maung-esports-champions-tour-indonesia-stage-1-challengers-2-qualifier-round-of,295,2021-02-21,3:00 PM
PACIFIC,11281,https://www.vlr.gg/11281/ethereal-vs-flat-white-champions-tour-indonesia-stage-1-challengers-2-qualifier-round-of-16,295,2021-02-21,3:00 PM
PACIFIC,11282,https://www.vlr.gg/11282/nxl-ligagame-vs-kingslayers-champions-tour-indonesia-stage-1-challengers-2-qualifier-round-of-16,295,2021-02-21,3:00 PM
PACIFIC,11495,https://www.vlr.gg/11495/xcn-gaming-vs-vvv-champions-tour-indonesia-stage-1-challengers-2-qualifier-round-of-8,295,2021-02-21,4:10 PM
PACIFIC,11496,https://www.vlr.gg/11496/reckless-lads-vs-onic-esports-champions-tour-indonesia-stage-1-challengers-2-qualifier-round-of,295,2021-02-21,5:20 PM
PACIFIC,11497,https://www.vlr.gg/11497/wolfpack-vs-aing-maung-esports-champions-tour-indonesia-stage-1-challengers-2-qualifier-round-of,295,2021-02-21,6:30 PM
PACIFIC,11498,https://www.vlr.gg/11498/ethereal-vs-nxl-ligagame-champions-tour-indonesia-stage-1-challengers-2-qualifier-round-of-8,295,2021-02-21,7:40 PM
PACIFIC,11896,https://www.vlr.gg/11896/seniman-grooming-vs-alter-ego-champions-tour-indonesia-stage-1-challengers-2-main-event-qf,295,2021-02-26,1:30 PM
PACIFIC,11897,https://www.vlr.gg/11897/boom-esports-vs-wolfpack-champions-tour-indonesia-stage-1-challengers-2-main-event-qf,295,2021-02-26,4:30 PM
PACIFIC,11898,https://www.vlr.gg/11898/reckless-lads-vs-xcn-gaming-champions-tour-indonesia-stage-1-challengers-2-main-event-qf,295,2021-02-26,7:00 PM
PACIFIC,11899,https://www.vlr.gg/11899/bigetron-astro-vs-nxl-ligagame-champions-tour-indonesia-stage-1-challengers-2-main-event-qf,295,2021-02-27,2:00 PM
PACIFIC,11900,https://www.vlr.gg/11900/alter-ego-vs-boom-esports-champions-tour-indonesia-stage-1-challengers-2-main-event-sf,295,2021-02-27,4:30 PM
PACIFIC,11901,https://www.vlr.gg/11901/xcn-gaming-vs-nxl-ligagame-champions-tour-indonesia-stage-1-challengers-2-main-event-sf,295,2021-02-27,8:15 PM
PACIFIC,11903,https://www.vlr.gg/11903/alter-ego-vs-xcn-gaming-champions-tour-indonesia-stage-1-challengers-2-main-event-bf,295,2021-02-28,2:00 PM
PACIFIC,11902,https://www.vlr.gg/11902/boom-esports-vs-nxl-ligagame-champions-tour-indonesia-stage-1-challengers-2-main-event-gf,295,2021-02-28,5:00 PM
PACIFIC,11191,https://www.vlr.gg/11191/paper-rex-vs-premade-5-champions-tour-malaysia-singapore-stage-1-challengers-2-qualifiers-roun,293,2021-02-20,9:00 AM
PACIFIC,11192,https://www.vlr.gg/11192/theduckarmy-vs-myschief-champions-tour-malaysia-singapore-stage-1-challengers-2-qualifiers-rou,293,2021-02-20,9:00 AM
PACIFIC,11193,https://www.vlr.gg/11193/broskis-vs-mantou-champions-tour-malaysia-singapore-stage-1-challengers-2-qualifiers-round-of,293,2021-02-20,9:00 AM
PACIFIC,11194,https://www.vlr.gg/11194/running-dogs-vs-team-coxlong-champions-tour-malaysia-singapore-stage-1-challengers-2-qualifier,293,2021-02-20,9:00 AM
PACIFIC,11195,https://www.vlr.gg/11195/team-idk-vs-meness-mob-champions-tour-malaysia-singapore-stage-1-challengers-2-qualifiers-roun,293,2021-02-20,9:00 AM
PACIFIC,11196,https://www.vlr.gg/11196/no-org-vs-team-zero-champions-tour-malaysia-singapore-stage-1-challengers-2-qualifiers-round-o,293,2021-02-20,9:00 AM
PACIFIC,11197,https://www.vlr.gg/11197/justlose-vs-wulf-esports-champions-tour-malaysia-singapore-stage-1-challengers-2-qualifiers-ro,293,2021-02-20,9:00 AM
PACIFIC,11198,https://www.vlr.gg/11198/timing-monster-gaming-vs-team-lz-champions-tour-malaysia-singapore-stage-1-challengers-2-quali,293,2021-02-20,9:00 AM
PACIFIC,11199,https://www.vlr.gg/11199/todak-vs-sweet-young-boys-champions-tour-malaysia-singapore-stage-1-challengers-2-qualifiers-r,293,2021-02-20,9:00 AM
PACIFIC,11200,https://www.vlr.gg/11200/no-name-vs-excelsa-champions-tour-malaysia-singapore-stage-1-challengers-2-qualifiers-round-of,293,2021-02-20,9:00 AM
PACIFIC,11201,https://www.vlr.gg/11201/louvre-vs-watermelon-sugar-champions-tour-malaysia-singapore-stage-1-challengers-2-qualifiers,293,2021-02-20,9:00 AM
PACIFIC,11202,https://www.vlr.gg/11202/rtz-get-rekt-vs-team-600-champions-tour-malaysia-singapore-stage-1-challengers-2-qualifiers-ro,293,2021-02-20,9:00 AM
PACIFIC,11203,https://www.vlr.gg/11203/jmny6-vs-scytes-champions-tour-malaysia-singapore-stage-1-challengers-2-qualifiers-round-of-32,293,2021-02-20,9:00 AM
PACIFIC,11204,https://www.vlr.gg/11204/looking-for-org-vs-thirsts-esports-champions-tour-malaysia-singapore-stage-1-challengers-2-qua,293,2021-02-20,9:00 AM
PACIFIC,11205,https://www.vlr.gg/11205/zero-synergy-white-vs-lvl-10-champions-tour-malaysia-singapore-stage-1-challengers-2-qualifier,293,2021-02-20,9:00 AM
PACIFIC,11206,https://www.vlr.gg/11206/wegonnalose-vs-paper-rex-champions-tour-malaysia-singapore-stage-1-challengers-2-qualifiers-ro,293,2021-02-20,10:30 AM
PACIFIC,11207,https://www.vlr.gg/11207/myschief-vs-mantou-champions-tour-malaysia-singapore-stage-1-challengers-2-qualifiers-round-of,293,2021-02-20,10:30 AM
PACIFIC,11208,https://www.vlr.gg/11208/team-coxlong-vs-team-idk-champions-tour-malaysia-singapore-stage-1-challengers-2-qualifiers-ro,293,2021-02-20,10:30 AM
PACIFIC,11209,https://www.vlr.gg/11209/no-org-vs-justlose-champions-tour-malaysia-singapore-stage-1-challengers-2-qualifiers-round-of,293,2021-02-20,10:30 AM
PACIFIC,11210,https://www.vlr.gg/11210/timing-monster-gaming-vs-todak-champions-tour-malaysia-singapore-stage-1-challengers-2-qualifi,293,2021-02-20,10:30 AM
PACIFIC,11211,https://www.vlr.gg/11211/excelsa-vs-louvre-champions-tour-malaysia-singapore-stage-1-challengers-2-qualifiers-round-of,293,2021-02-20,10:30 AM
PACIFIC,11212,https://www.vlr.gg/11212/team-600-vs-jmny6-champions-tour-malaysia-singapore-stage-1-challengers-2-qualifiers-round-of,293,2021-02-20,10:30 AM
PACIFIC,11213,https://www.vlr.gg/11213/looking-for-org-vs-zero-synergy-white-champions-tour-malaysia-singapore-stage-1-challengers-2,293,2021-02-20,10:30 AM
PACIFIC,11214,https://www.vlr.gg/11214/paper-rex-vs-mantou-champions-tour-malaysia-singapore-stage-1-challengers-2-qualifiers-quarter,293,2021-02-20,1:00 PM
PACIFIC,11215,https://www.vlr.gg/11215/team-idk-vs-justlose-champions-tour-malaysia-singapore-stage-1-challengers-2-qualifiers-quarte,293,2021-02-20,2:00 PM
PACIFIC,11216,https://www.vlr.gg/11216/todak-vs-louvre-champions-tour-malaysia-singapore-stage-1-challengers-2-qualifiers-quarter-fin,293,2021-02-20,2:00 PM
PACIFIC,11217,https://www.vlr.gg/11217/team-600-vs-looking-for-org-champions-tour-malaysia-singapore-stage-1-challengers-2-qualifiers,293,2021-02-20,2:00 PM
PACIFIC,11750,https://www.vlr.gg/11750/reality-rift-vs-paper-rex-champions-tour-malaysia-singapore-stage-1-challengers-2-playoffs-upp,293,2021-02-26,9:00 AM
PACIFIC,11751,https://www.vlr.gg/11751/xiao-vs-justlose-champions-tour-malaysia-singapore-stage-1-challengers-2-playoffs-upper-quarte,293,2021-02-26,12:00 PM
PACIFIC,11752,https://www.vlr.gg/11752/team-smg-vs-looking-for-org-champions-tour-malaysia-singapore-stage-1-challengers-2-playoffs-u,293,2021-02-26,2:25 PM
PACIFIC,11753,https://www.vlr.gg/11753/kingsmen-vs-louvre-champions-tour-malaysia-singapore-stage-1-challengers-2-playoffs-upper-quar,293,2021-02-26,4:50 PM
PACIFIC,11757,https://www.vlr.gg/11757/paper-rex-vs-xiao-champions-tour-malaysia-singapore-stage-1-challengers-2-playoffs-lower-brack,293,2021-02-26,7:15 PM
PACIFIC,11758,https://www.vlr.gg/11758/looking-for-org-vs-louvre-champions-tour-malaysia-singapore-stage-1-challengers-2-playoffs-low,293,2021-02-26,8:50 PM
PACIFIC,11754,https://www.vlr.gg/11754/reality-rift-vs-justlose-champions-tour-malaysia-singapore-stage-1-challengers-2-playoffs-uppe,293,2021-02-27,9:00 AM
PACIFIC,11755,https://www.vlr.gg/11755/team-smg-vs-kingsmen-champions-tour-malaysia-singapore-stage-1-challengers-2-playoffs-upper-se,293,2021-02-27,11:25 AM
PACIFIC,11760,https://www.vlr.gg/11760/looking-for-org-vs-reality-rift-champions-tour-malaysia-singapore-stage-1-challengers-2-playof,293,2021-02-27,1:50 PM
PACIFIC,11759,https://www.vlr.gg/11759/paper-rex-vs-team-smg-champions-tour-malaysia-singapore-stage-1-challengers-2-playoffs-lower-b,293,2021-02-27,2:45 PM
PACIFIC,11763,https://www.vlr.gg/11763/justlose-vs-kingsmen-champions-tour-malaysia-singapore-stage-1-challengers-2-playoffs-upper-fi,293,2021-02-27,3:40 PM
PACIFIC,11761,https://www.vlr.gg/11761/reality-rift-vs-paper-rex-champions-tour-malaysia-singapore-stage-1-challengers-2-playoffs-low,293,2021-02-27,6:05 PM
PACIFIC,11762,https://www.vlr.gg/11762/kingsmen-vs-reality-rift-champions-tour-malaysia-singapore-stage-1-challengers-2-playoffs-lowe,293,2021-02-28,9:00 AM
PACIFIC,11756,https://www.vlr.gg/11756/justlose-vs-reality-rift-champions-tour-malaysia-singapore-stage-1-challengers-2-playoffs-gran,293,2021-02-28,12:15 PM
PACIFIC,11399,https://www.vlr.gg/11399/mith-vs-exorcist-esc-champions-tour-thailand-stage-1-challengers-2-qualifiers-quarter-finals,318,2021-02-20,8:00 AM
PACIFIC,11400,https://www.vlr.gg/11400/zabb-vs-aricat-e-sport-champions-tour-thailand-stage-1-challengers-2-qualifiers-quarter-finals,318,2021-02-20,8:00 AM
PACIFIC,11401,https://www.vlr.gg/11401/not-ready-vs-sharper-esports-champions-tour-thailand-stage-1-challengers-2-qualifiers-quarter-fi,318,2021-02-20,8:00 AM
PACIFIC,11402,https://www.vlr.gg/11402/overtime-esports-vs-goldencat-gaming-champions-tour-thailand-stage-1-challengers-2-qualifiers-qu,318,2021-02-20,8:00 AM
PACIFIC,11463,https://www.vlr.gg/11463/full-sense-vs-made-in-thailand-champions-tour-thailand-stage-1-challengers-2-qualifiers-lower-br,318,2021-02-21,12:00 PM
PACIFIC,11464,https://www.vlr.gg/11464/qconfirm-vs-sharper-esports-champions-tour-thailand-stage-1-challengers-2-qualifiers-lower-brack,318,2021-02-21,12:00 PM
PACIFIC,11472,https://www.vlr.gg/11472/exorcist-esc-vs-aricat-e-sport-champions-tour-thailand-stage-1-challengers-2-qualifiers-semifina,318,2021-02-21,12:00 PM
PACIFIC,11473,https://www.vlr.gg/11473/not-ready-vs-overtime-esports-champions-tour-thailand-stage-1-challengers-2-qualifiers-semifinal,318,2021-02-21,12:00 PM
PACIFIC,11482,https://www.vlr.gg/11482/not-ready-vs-full-sense-champions-tour-thailand-stage-1-challengers-2-qualifiers-lower-bracket-r,318,2021-02-21,1:00 PM
PACIFIC,11483,https://www.vlr.gg/11483/exorcist-esc-vs-sharper-esports-champions-tour-thailand-stage-1-challengers-2-qualifiers-lower-b,318,2021-02-21,1:00 PM
PACIFIC,11481,https://www.vlr.gg/11481/aricat-e-sport-vs-overtime-esports-champions-tour-thailand-stage-1-challengers-2-qualifiers-uppe,318,2021-02-21,2:00 PM
PACIFIC,11484,https://www.vlr.gg/11484/full-sense-vs-sharper-esports-champions-tour-thailand-stage-1-challengers-2-qualifiers-lower-bra,318,2021-02-21,2:00 PM
PACIFIC,11493,https://www.vlr.gg/11493/overtime-esports-vs-full-sense-champions-tour-thailand-stage-1-challengers-2-qualifiers-lower-br,318,2021-02-21,4:00 PM
PACIFIC,11494,https://www.vlr.gg/11494/aricat-e-sport-vs-full-sense-champions-tour-thailand-stage-1-challengers-2-qualifiers-grand-fina,318,2021-02-21,5:00 PM
PACIFIC,10664,https://www.vlr.gg/10664/x10-esports-vs-overtime-esports-champions-tour-thailand-stage-1-challengers-2-playoffs-qf,318,2021-02-26,8:00 PM
PACIFIC,10665,https://www.vlr.gg/10665/full-sense-vs-ohmygirl-champions-tour-thailand-stage-1-challengers-2-playoffs-qf,318,2021-02-27,12:00 PM
PACIFIC,10666,https://www.vlr.gg/10666/ng-black-vs-aricat-e-sport-champions-tour-thailand-stage-1-challengers-2-playoffs-qf,318,2021-02-27,3:00 PM
PACIFIC,10667,https://www.vlr.gg/10667/sharper-esports-vs-foxy-araikordai-champions-tour-thailand-stage-1-challengers-2-playoffs-qf,318,2021-02-27,6:00 PM
PACIFIC,10668,https://www.vlr.gg/10668/x10-esports-vs-full-sense-champions-tour-thailand-stage-1-challengers-2-playoffs-sf,318,2021-02-28,12:00 PM
PACIFIC,10669,https://www.vlr.gg/10669/ng-black-vs-sharper-esports-champions-tour-thailand-stage-1-challengers-2-playoffs-sf,318,2021-02-28,3:45 PM
PACIFIC,10670,https://www.vlr.gg/10670/x10-esports-vs-ng-black-champions-tour-thailand-stage-1-challengers-2-playoffs-gf,318,2021-02-28,6:30 PM
PACIFIC,9941,https://www.vlr.gg/9941/hamtori-zundezinx-vs-hurts-like-this-champions-tour-korea-stage-1-challengers-2-open-qual-group,307,2021-02-08,12:00 PM
PACIFIC,9944,https://www.vlr.gg/9944/jesfrelho-vs-feel-the-wall-champions-tour-korea-stage-1-challengers-2-open-qual-group-g,307,2021-02-08,12:00 PM
PACIFIC,9947,https://www.vlr.gg/9947/lunatic-hai-vs-nuturn-champions-tour-korea-stage-1-challengers-2-open-qual-group-f,307,2021-02-08,12:00 PM
PACIFIC,9950,https://www.vlr.gg/9950/f4q-vs-v0rtex-5-champions-tour-korea-stage-1-challengers-2-open-qual-group-e,307,2021-02-08,12:00 PM
PACIFIC,9951,https://www.vlr.gg/9951/respect-vs-ape-prince-champions-tour-korea-stage-1-challengers-2-open-qual-group-e,307,2021-02-08,12:00 PM
PACIFIC,9956,https://www.vlr.gg/9956/oldguyz-vs-bnain-champions-tour-korea-stage-1-challengers-2-open-qual-group-d,307,2021-02-08,12:00 PM
PACIFIC,9957,https://www.vlr.gg/9957/zfgaming-vs-bulldozer-gaming-champions-tour-korea-stage-1-challengers-2-open-qual-group-d,307,2021-02-08,12:00 PM
PACIFIC,9962,https://www.vlr.gg/9962/apex-people-vs-tnl-esports-champions-tour-korea-stage-1-challengers-2-open-qual-group-c,307,2021-02-08,12:00 PM
PACIFIC,9963,https://www.vlr.gg/9963/euphoria-vs-ryu-gaming-champions-tour-korea-stage-1-challengers-2-open-qual-group-c,307,2021-02-08,12:00 PM
PACIFIC,9968,https://www.vlr.gg/9968/lft-vs-team-diamond-r-champions-tour-korea-stage-1-challengers-2-open-qual-group-a,307,2021-02-08,12:00 PM
PACIFIC,9969,https://www.vlr.gg/9969/tubeple-gaming-vs-team-nox-champions-tour-korea-stage-1-challengers-2-open-qual-group-a,307,2021-02-08,12:00 PM
PACIFIC,9974,https://www.vlr.gg/9974/gca-a-team-vs-spear-gaming-champions-tour-korea-stage-1-challengers-2-open-qual-group-b,307,2021-02-08,12:00 PM
PACIFIC,9975,https://www.vlr.gg/9975/goma-vs-fatality-champions-tour-korea-stage-1-challengers-2-open-qual-group-b,307,2021-02-08,12:00 PM
PACIFIC,9942,https://www.vlr.gg/9942/gehenna-sweepers-vs-hurts-like-this-champions-tour-korea-stage-1-challengers-2-open-qual-group-h,307,2021-02-08,3:00 PM
PACIFIC,9945,https://www.vlr.gg/9945/saviors-vs-feel-the-wall-champions-tour-korea-stage-1-challengers-2-open-qual-group-g,307,2021-02-08,3:00 PM
PACIFIC,9948,https://www.vlr.gg/9948/kumiho-esports-vs-nuturn-champions-tour-korea-stage-1-challengers-2-open-qual-group-f,307,2021-02-08,3:00 PM
PACIFIC,9952,https://www.vlr.gg/9952/v0rtex-5-vs-respect-champions-tour-korea-stage-1-challengers-2-open-qual-group-e,307,2021-02-08,3:00 PM
PACIFIC,9953,https://www.vlr.gg/9953/f4q-vs-ape-prince-champions-tour-korea-stage-1-challengers-2-open-qual-group-e,307,2021-02-08,3:00 PM
PACIFIC,9958,https://www.vlr.gg/9958/oldguyz-vs-bulldozer-gaming-champions-tour-korea-stage-1-challengers-2-open-qual-group-d,307,2021-02-08,3:00 PM
PACIFIC,9959,https://www.vlr.gg/9959/bnain-vs-zfgaming-champions-tour-korea-stage-1-challengers-2-open-qual-group-d,307,2021-02-08,3:00 PM
PACIFIC,9964,https://www.vlr.gg/9964/apex-people-vs-ryu-gaming-champions-tour-korea-stage-1-challengers-2-open-qual-group-c,307,2021-02-08,3:00 PM
PACIFIC,9965,https://www.vlr.gg/9965/tnl-esports-vs-euphoria-champions-tour-korea-stage-1-challengers-2-open-qual-group-c,307,2021-02-08,3:00 PM
PACIFIC,9970,https://www.vlr.gg/9970/lft-vs-team-nox-champions-tour-korea-stage-1-challengers-2-open-qual-group-a,307,2021-02-08,3:00 PM
PACIFIC,9971,https://www.vlr.gg/9971/team-diamond-r-vs-tubeple-gaming-champions-tour-korea-stage-1-challengers-2-open-qual-group-a,307,2021-02-08,3:00 PM
PACIFIC,9976,https://www.vlr.gg/9976/spear-gaming-vs-goma-champions-tour-korea-stage-1-challengers-2-open-qual-group-b,307,2021-02-08,3:00 PM
PACIFIC,9977,https://www.vlr.gg/9977/gca-a-team-vs-fatality-champions-tour-korea-stage-1-challengers-2-open-qual-group-b,307,2021-02-08,3:00 PM
PACIFIC,9943,https://www.vlr.gg/9943/gehenna-sweepers-vs-hamtori-zundezinx-champions-tour-korea-stage-1-challengers-2-open-qual-group,307,2021-02-08,6:00 PM
PACIFIC,9946,https://www.vlr.gg/9946/saviors-vs-jesfrelho-champions-tour-korea-stage-1-challengers-2-open-qual-group-g,307,2021-02-08,6:00 PM
PACIFIC,9949,https://www.vlr.gg/9949/kumiho-esports-vs-lunatic-hai-champions-tour-korea-stage-1-challengers-2-open-qual-group-f,307,2021-02-08,6:00 PM
PACIFIC,9954,https://www.vlr.gg/9954/f4q-vs-respect-champions-tour-korea-stage-1-challengers-2-open-qual-group-e,307,2021-02-08,6:00 PM
PACIFIC,9955,https://www.vlr.gg/9955/ape-prince-vs-v0rtex-5-champions-tour-korea-stage-1-challengers-2-open-qual-group-e,307,2021-02-08,6:00 PM
PACIFIC,9960,https://www.vlr.gg/9960/oldguyz-vs-zfgaming-champions-tour-korea-stage-1-challengers-2-open-qual-group-d,307,2021-02-08,6:00 PM
PACIFIC,9961,https://www.vlr.gg/9961/bulldozer-gaming-vs-bnain-champions-tour-korea-stage-1-challengers-2-open-qual-group-d,307,2021-02-08,6:00 PM
PACIFIC,9966,https://www.vlr.gg/9966/apex-people-vs-euphoria-champions-tour-korea-stage-1-challengers-2-open-qual-group-c,307,2021-02-08,6:00 PM
PACIFIC,9967,https://www.vlr.gg/9967/ryu-gaming-vs-tnl-esports-champions-tour-korea-stage-1-challengers-2-open-qual-group-c,307,2021-02-08,6:00 PM
PACIFIC,9972,https://www.vlr.gg/9972/lft-vs-tubeple-gaming-champions-tour-korea-stage-1-challengers-2-open-qual-group-a,307,2021-02-08,6:00 PM
PACIFIC,9973,https://www.vlr.gg/9973/team-nox-vs-team-diamond-r-champions-tour-korea-stage-1-challengers-2-open-qual-group-a,307,2021-02-08,6:00 PM
PACIFIC,9978,https://www.vlr.gg/9978/spear-gaming-vs-fatality-champions-tour-korea-stage-1-challengers-2-open-qual-group-b,307,2021-02-08,6:00 PM
PACIFIC,9979,https://www.vlr.gg/9979/goma-vs-gca-a-team-champions-tour-korea-stage-1-challengers-2-open-qual-group-b,307,2021-02-08,6:00 PM
PACIFIC,9994,https://www.vlr.gg/9994/tubeple-gaming-vs-fatality-champions-tour-korea-stage-1-challengers-2-open-qual-ro16,307,2021-02-09,12:00 PM
PACIFIC,9995,https://www.vlr.gg/9995/tnl-esports-vs-bulldozer-gaming-champions-tour-korea-stage-1-challengers-2-open-qual-ro16,307,2021-02-09,12:00 PM
PACIFIC,9996,https://www.vlr.gg/9996/ape-prince-vs-lunatic-hai-champions-tour-korea-stage-1-challengers-2-open-qual-ro16,307,2021-02-09,12:00 PM
PACIFIC,9997,https://www.vlr.gg/9997/jesfrelho-vs-gehenna-sweepers-champions-tour-korea-stage-1-challengers-2-open-qual-ro16,307,2021-02-09,12:00 PM
PACIFIC,9985,https://www.vlr.gg/9985/zfgaming-vs-euphoria-champions-tour-korea-stage-1-challengers-2-open-qual-ro16,307,2021-02-09,3:00 PM
PACIFIC,9998,https://www.vlr.gg/9998/spear-gaming-vs-team-nox-champions-tour-korea-stage-1-challengers-2-open-qual-ro16,307,2021-02-09,3:00 PM
PACIFIC,10000,https://www.vlr.gg/10000/nuturn-vs-f4q-champions-tour-korea-stage-1-challengers-2-open-qual-ro16,307,2021-02-09,3:00 PM
PACIFIC,10001,https://www.vlr.gg/10001/hamtori-zundezinx-vs-saviors-champions-tour-korea-stage-1-challengers-2-open-qual-ro16,307,2021-02-09,3:00 PM
PACIFIC,10002,https://www.vlr.gg/10002/tubeple-gaming-vs-tnl-esports-champions-tour-korea-stage-1-challengers-2-open-qual-qf,307,2021-02-09,6:00 PM
PACIFIC,10003,https://www.vlr.gg/10003/ape-prince-vs-jesfrelho-champions-tour-korea-stage-1-challengers-2-open-qual-qf,307,2021-02-09,6:00 PM
PACIFIC,10004,https://www.vlr.gg/10004/spear-gaming-vs-zfgaming-champions-tour-korea-stage-1-challengers-2-open-qual-qf,307,2021-02-09,6:00 PM
PACIFIC,10005,https://www.vlr.gg/10005/nuturn-vs-hamtori-zundezinx-champions-tour-korea-stage-1-challengers-2-open-qual-qf,307,2021-02-09,6:00 PM
PACIFIC,10993,https://www.vlr.gg/10993/vision-strikers-vs-zfgaming-champions-tour-korea-stage-1-challengers-2-group-a,307,2021-02-18,2:50 PM
PACIFIC,10994,https://www.vlr.gg/10994/world-game-star-vs-nuturn-champions-tour-korea-stage-1-challengers-2-group-a,307,2021-02-18,5:20 PM
PACIFIC,10999,https://www.vlr.gg/10999/damwon-gaming-vs-ape-prince-champions-tour-korea-stage-1-challengers-2-group-b,307,2021-02-18,7:30 PM
PACIFIC,11000,https://www.vlr.gg/11000/muyaho-vs-tnl-esports-champions-tour-korea-stage-1-challengers-2-group-b,307,2021-02-19,3:00 PM
PACIFIC,10995,https://www.vlr.gg/10995/vision-strikers-vs-world-game-star-champions-tour-korea-stage-1-challengers-2-group-a,307,2021-02-19,5:15 PM
PACIFIC,10996,https://www.vlr.gg/10996/nuturn-vs-zfgaming-champions-tour-korea-stage-1-challengers-2-group-a,307,2021-02-19,6:30 PM
PACIFIC,11001,https://www.vlr.gg/11001/damwon-gaming-vs-muyaho-champions-tour-korea-stage-1-challengers-2-group-b,307,2021-02-20,2:30 PM
PACIFIC,11002,https://www.vlr.gg/11002/tnl-esports-vs-ape-prince-champions-tour-korea-stage-1-challengers-2-group-b,307,2021-02-20,5:00 PM
PACIFIC,10997,https://www.vlr.gg/10997/vision-strikers-vs-nuturn-champions-tour-korea-stage-1-challengers-2-group-a,307,2021-02-20,6:50 PM
PACIFIC,10998,https://www.vlr.gg/10998/zfgaming-vs-world-game-star-champions-tour-korea-stage-1-challengers-2-group-a,307,2021-02-21,2:30 PM
PACIFIC,11003,https://www.vlr.gg/11003/damwon-gaming-vs-tnl-esports-champions-tour-korea-stage-1-challengers-2-group-b,307,2021-02-21,5:00 PM
PACIFIC,11004,https://www.vlr.gg/11004/ape-prince-vs-muyaho-champions-tour-korea-stage-1-challengers-2-group-b,307,2021-02-21,7:15 PM
PACIFIC,11027,https://www.vlr.gg/11027/ixa-vs-fennel-champions-tour-japan-stage-1-challengers-1-qualifier-group-a,316,2021-02-19,2:00 PM
PACIFIC,11028,https://www.vlr.gg/11028/avalon-gaming-vs-feeling-champions-tour-japan-stage-1-challengers-1-qualifier-group-b,316,2021-02-19,2:00 PM
PACIFIC,11034,https://www.vlr.gg/11034/crest-gaming-dwfn-vs-sengoku-gaming-champions-tour-japan-stage-1-challengers-1-qualifier-group-b,316,2021-02-19,2:00 PM
PACIFIC,11041,https://www.vlr.gg/11041/first-gaming-vs-noizy-champions-tour-japan-stage-1-challengers-1-qualifier-group-c,316,2021-02-19,2:00 PM
PACIFIC,11048,https://www.vlr.gg/11048/blue-bees-vs-connect-gaming-champions-tour-japan-stage-1-challengers-1-qualifier-group-d,316,2021-02-19,2:00 PM
PACIFIC,11049,https://www.vlr.gg/11049/lag-gaming-vs-the-shables-champions-tour-japan-stage-1-challengers-1-qualifier-group-d,316,2021-02-19,2:00 PM
PACIFIC,11133,https://www.vlr.gg/11133/gaming-team-selector-vs-relation-x-champions-tour-japan-stage-1-challengers-1-qualifier-group-a,316,2021-02-19,2:00 PM
PACIFIC,11134,https://www.vlr.gg/11134/atlas-gaming-vs-lost-eden-champions-tour-japan-stage-1-challengers-1-qualifier-group-c,316,2021-02-19,2:00 PM
PACIFIC,11135,https://www.vlr.gg/11135/shikoukouketsu-vs-lft-champions-tour-japan-stage-1-challengers-1-qualifier-group-d,316,2021-02-19,2:00 PM
PACIFIC,11136,https://www.vlr.gg/11136/northeption-vs-setouchi-enlife-champions-tour-japan-stage-1-challengers-1-qualifier-group-b,316,2021-02-19,2:00 PM
PACIFIC,11162,https://www.vlr.gg/11162/cyclops-athlete-gaming-vs-nanashi-no-gonbee-champions-tour-japan-stage-1-challengers-1-qualifier,316,2021-02-19,2:00 PM
PACIFIC,11189,https://www.vlr.gg/11189/novagis-gaming-vs-clever-creator-club-champions-tour-japan-stage-1-challengers-1-qualifier-group,316,2021-02-19,2:00 PM
PACIFIC,11035,https://www.vlr.gg/11035/avalon-gaming-vs-crest-gaming-dwfn-champions-tour-japan-stage-1-challengers-1-qualifier-group-b,316,2021-02-19,3:00 PM
PACIFIC,11042,https://www.vlr.gg/11042/cyclops-athlete-gaming-vs-no-country-champions-tour-japan-stage-1-challengers-1-qualifier-group,316,2021-02-19,3:00 PM
PACIFIC,11137,https://www.vlr.gg/11137/scarz-vs-northeption-champions-tour-japan-stage-1-challengers-1-qualifier-group-b,316,2021-02-19,3:00 PM
PACIFIC,11138,https://www.vlr.gg/11138/sengoku-gaming-vs-feeling-champions-tour-japan-stage-1-challengers-1-qualifier-group-b,316,2021-02-19,3:00 PM
PACIFIC,11139,https://www.vlr.gg/11139/relation-x-vs-fav-gaming-champions-tour-japan-stage-1-challengers-1-qualifier-group-a,316,2021-02-19,3:00 PM
PACIFIC,11140,https://www.vlr.gg/11140/ixa-vs-novagis-gaming-champions-tour-japan-stage-1-challengers-1-qualifier-group-a,316,2021-02-19,3:00 PM
PACIFIC,11141,https://www.vlr.gg/11141/clever-creator-club-vs-fennel-champions-tour-japan-stage-1-challengers-1-qualifier-group-a,316,2021-02-19,3:00 PM
PACIFIC,11164,https://www.vlr.gg/11164/noizy-vs-lost-eden-champions-tour-japan-stage-1-challengers-1-qualifier-group-c,316,2021-02-19,3:00 PM
PACIFIC,11165,https://www.vlr.gg/11165/atlas-gaming-vs-first-gaming-champions-tour-japan-stage-1-challengers-1-qualifier-group-c,316,2021-02-19,3:00 PM
PACIFIC,11177,https://www.vlr.gg/11177/connect-gaming-vs-shikoukouketsu-champions-tour-japan-stage-1-challengers-1-qualifier-group-d,316,2021-02-19,3:00 PM
PACIFIC,11178,https://www.vlr.gg/11178/blue-bees-vs-lft-champions-tour-japan-stage-1-challengers-1-qualifier-group-d,316,2021-02-19,3:00 PM
PACIFIC,11179,https://www.vlr.gg/11179/lag-gaming-vs-glory-be-diva-champions-tour-japan-stage-1-challengers-1-qualifier-group-d,316,2021-02-19,3:00 PM
PACIFIC,11029,https://www.vlr.gg/11029/clever-creator-club-vs-ixa-champions-tour-japan-stage-1-challengers-1-qualifier-group-a,316,2021-02-19,4:00 PM
PACIFIC,11036,https://www.vlr.gg/11036/crest-gaming-dwfn-vs-feeling-champions-tour-japan-stage-1-challengers-1-qualifier-group-b,316,2021-02-19,4:00 PM
PACIFIC,11043,https://www.vlr.gg/11043/first-gaming-vs-lost-eden-champions-tour-japan-stage-1-challengers-1-qualifier-group-c,316,2021-02-19,4:00 PM
PACIFIC,11050,https://www.vlr.gg/11050/shikoukouketsu-vs-blue-bees-champions-tour-japan-stage-1-challengers-1-qualifier-group-d,316,2021-02-19,4:00 PM
PACIFIC,11142,https://www.vlr.gg/11142/fennel-vs-novagis-gaming-champions-tour-japan-stage-1-challengers-1-qualifier-group-a,316,2021-02-19,4:00 PM
PACIFIC,11143,https://www.vlr.gg/11143/fav-gaming-vs-gaming-team-selector-champions-tour-japan-stage-1-challengers-1-qualifier-group-a,316,2021-02-19,4:00 PM
PACIFIC,11152,https://www.vlr.gg/11152/avalon-gaming-vs-sengoku-gaming-champions-tour-japan-stage-1-challengers-1-qualifier-group-b,316,2021-02-19,4:00 PM
PACIFIC,11153,https://www.vlr.gg/11153/scarz-vs-setouchi-enlife-champions-tour-japan-stage-1-challengers-1-qualifier-group-b,316,2021-02-19,4:00 PM
PACIFIC,11166,https://www.vlr.gg/11166/noizy-vs-atlas-gaming-champions-tour-japan-stage-1-challengers-1-qualifier-group-c,316,2021-02-19,4:00 PM
PACIFIC,11167,https://www.vlr.gg/11167/no-country-vs-nanashi-no-gonbee-champions-tour-japan-stage-1-challengers-1-qualifier-group-c,316,2021-02-19,4:00 PM
PACIFIC,11176,https://www.vlr.gg/11176/the-shables-vs-glory-be-diva-champions-tour-japan-stage-1-challengers-1-qualifier-group-d,316,2021-02-19,4:00 PM
PACIFIC,11180,https://www.vlr.gg/11180/connect-gaming-vs-lft-champions-tour-japan-stage-1-challengers-1-qualifier-group-d,316,2021-02-19,4:00 PM
PACIFIC,11037,https://www.vlr.gg/11037/crest-gaming-dwfn-vs-scarz-champions-tour-japan-stage-1-challengers-1-qualifier-group-b,316,2021-02-19,5:00 PM
PACIFIC,11044,https://www.vlr.gg/11044/first-gaming-vs-no-country-champions-tour-japan-stage-1-challengers-1-qualifier-group-c,316,2021-02-19,5:00 PM
PACIFIC,11144,https://www.vlr.gg/11144/fennel-vs-gaming-team-selector-champions-tour-japan-stage-1-challengers-1-qualifier-group-a,316,2021-02-19,5:00 PM
PACIFIC,11145,https://www.vlr.gg/11145/ixa-vs-relation-x-champions-tour-japan-stage-1-challengers-1-qualifier-group-a,316,2021-02-19,5:00 PM
PACIFIC,11154,https://www.vlr.gg/11154/avalon-gaming-vs-northeption-champions-tour-japan-stage-1-challengers-1-qualifier-group-b,316,2021-02-19,5:00 PM
PACIFIC,11155,https://www.vlr.gg/11155/feeling-vs-setouchi-enlife-champions-tour-japan-stage-1-challengers-1-qualifier-group-b,316,2021-02-19,5:00 PM
PACIFIC,11168,https://www.vlr.gg/11168/atlas-gaming-vs-cyclops-athlete-gaming-champions-tour-japan-stage-1-challengers-1-qualifier-grou,316,2021-02-19,5:00 PM
PACIFIC,11169,https://www.vlr.gg/11169/lost-eden-vs-nanashi-no-gonbee-champions-tour-japan-stage-1-challengers-1-qualifier-group-c,316,2021-02-19,5:00 PM
PACIFIC,11181,https://www.vlr.gg/11181/lft-vs-lag-gaming-champions-tour-japan-stage-1-challengers-1-qualifier-group-d,316,2021-02-19,5:00 PM
PACIFIC,11182,https://www.vlr.gg/11182/shikoukouketsu-vs-the-shables-champions-tour-japan-stage-1-challengers-1-qualifier-group-d,316,2021-02-19,5:00 PM
PACIFIC,11270,https://www.vlr.gg/11270/fav-gaming-vs-clever-creator-club-champions-tour-japan-stage-1-challengers-1-qualifier-group-a,316,2021-02-19,5:00 PM
PACIFIC,11030,https://www.vlr.gg/11030/novagis-gaming-vs-fav-gaming-champions-tour-japan-stage-1-challengers-1-qualifier-group-a,316,2021-02-19,6:00 PM
PACIFIC,11045,https://www.vlr.gg/11045/noizy-vs-no-country-champions-tour-japan-stage-1-challengers-1-qualifier-group-c,316,2021-02-19,6:00 PM
PACIFIC,11051,https://www.vlr.gg/11051/blue-bees-vs-glory-be-diva-champions-tour-japan-stage-1-challengers-1-qualifier-group-d,316,2021-02-19,6:00 PM
PACIFIC,11146,https://www.vlr.gg/11146/ixa-vs-gaming-team-selector-champions-tour-japan-stage-1-challengers-1-qualifier-group-a,316,2021-02-19,6:00 PM
PACIFIC,11147,https://www.vlr.gg/11147/fennel-vs-relation-x-champions-tour-japan-stage-1-challengers-1-qualifier-group-a,316,2021-02-19,6:00 PM
PACIFIC,11156,https://www.vlr.gg/11156/avalon-gaming-vs-setouchi-enlife-champions-tour-japan-stage-1-challengers-1-qualifier-group-b,316,2021-02-19,6:00 PM
PACIFIC,11157,https://www.vlr.gg/11157/feeling-vs-northeption-champions-tour-japan-stage-1-challengers-1-qualifier-group-b,316,2021-02-19,6:00 PM
PACIFIC,11170,https://www.vlr.gg/11170/atlas-gaming-vs-nanashi-no-gonbee-champions-tour-japan-stage-1-challengers-1-qualifier-group-c,316,2021-02-19,6:00 PM
PACIFIC,11171,https://www.vlr.gg/11171/lost-eden-vs-cyclops-athlete-gaming-champions-tour-japan-stage-1-challengers-1-qualifier-group-c,316,2021-02-19,6:00 PM
PACIFIC,11184,https://www.vlr.gg/11184/shikoukouketsu-vs-lag-gaming-champions-tour-japan-stage-1-challengers-1-qualifier-group-d,316,2021-02-19,6:00 PM
PACIFIC,11032,https://www.vlr.gg/11032/clever-creator-club-vs-gaming-team-selector-champions-tour-japan-stage-1-challengers-1-qualifier,316,2021-02-19,7:00 PM
PACIFIC,11038,https://www.vlr.gg/11038/sengoku-gaming-vs-scarz-champions-tour-japan-stage-1-challengers-1-qualifier-group-b,316,2021-02-19,7:00 PM
PACIFIC,11039,https://www.vlr.gg/11039/sengoku-gaming-vs-setouchi-enlife-champions-tour-japan-stage-1-challengers-1-qualifier-group-b,316,2021-02-19,7:00 PM
PACIFIC,11052,https://www.vlr.gg/11052/connect-gaming-vs-glory-be-diva-champions-tour-japan-stage-1-challengers-1-qualifier-group-d,316,2021-02-19,7:00 PM
PACIFIC,11053,https://www.vlr.gg/11053/connect-gaming-vs-the-shables-champions-tour-japan-stage-1-challengers-1-qualifier-group-d,316,2021-02-19,7:00 PM
PACIFIC,11148,https://www.vlr.gg/11148/ixa-vs-fav-gaming-champions-tour-japan-stage-1-challengers-1-qualifier-group-a,316,2021-02-19,7:00 PM
PACIFIC,11149,https://www.vlr.gg/11149/novagis-gaming-vs-relation-x-champions-tour-japan-stage-1-challengers-1-qualifier-group-a,316,2021-02-19,7:00 PM
PACIFIC,11158,https://www.vlr.gg/11158/avalon-gaming-vs-scarz-champions-tour-japan-stage-1-challengers-1-qualifier-group-b,316,2021-02-19,7:00 PM
PACIFIC,11159,https://www.vlr.gg/11159/crest-gaming-dwfn-vs-northeption-champions-tour-japan-stage-1-challengers-1-qualifier-group-b,316,2021-02-19,7:00 PM
PACIFIC,11172,https://www.vlr.gg/11172/atlas-gaming-vs-no-country-champions-tour-japan-stage-1-challengers-1-qualifier-group-c,316,2021-02-19,7:00 PM
PACIFIC,11185,https://www.vlr.gg/11185/lft-vs-glory-be-diva-champions-tour-japan-stage-1-challengers-1-qualifier-group-d,316,2021-02-19,7:00 PM
PACIFIC,11186,https://www.vlr.gg/11186/blue-bees-vs-lag-gaming-champions-tour-japan-stage-1-challengers-1-qualifier-group-d,316,2021-02-19,7:00 PM
PACIFIC,11271,https://www.vlr.gg/11271/noizy-vs-nanashi-no-gonbee-champions-tour-japan-stage-1-challengers-1-qualifier-group-c,316,2021-02-19,7:00 PM
PACIFIC,11033,https://www.vlr.gg/11033/relation-x-vs-clever-creator-club-champions-tour-japan-stage-1-challengers-1-qualifier-group-a,316,2021-02-19,8:00 PM
PACIFIC,11040,https://www.vlr.gg/11040/sengoku-gaming-vs-northeption-champions-tour-japan-stage-1-challengers-1-qualifier-group-b,316,2021-02-19,8:00 PM
PACIFIC,11150,https://www.vlr.gg/11150/fennel-vs-fav-gaming-champions-tour-japan-stage-1-challengers-1-qualifier-group-a,316,2021-02-19,8:00 PM
PACIFIC,11151,https://www.vlr.gg/11151/novagis-gaming-vs-gaming-team-selector-champions-tour-japan-stage-1-challengers-1-qualifier-grou,316,2021-02-19,8:00 PM
PACIFIC,11160,https://www.vlr.gg/11160/feeling-vs-scarz-champions-tour-japan-stage-1-challengers-1-qualifier-group-b,316,2021-02-19,8:00 PM
PACIFIC,11161,https://www.vlr.gg/11161/crest-gaming-dwfn-vs-setouchi-enlife-champions-tour-japan-stage-1-challengers-1-qualifier-group,316,2021-02-19,8:00 PM
PACIFIC,11174,https://www.vlr.gg/11174/no-country-vs-lost-eden-champions-tour-japan-stage-1-challengers-1-qualifier-group-c,316,2021-02-19,8:00 PM
PACIFIC,11188,https://www.vlr.gg/11188/blue-bees-vs-the-shables-champions-tour-japan-stage-1-challengers-1-qualifier-group-d,316,2021-02-19,8:00 PM
PACIFIC,11046,https://www.vlr.gg/11046/first-gaming-vs-cyclops-athlete-gaming-champions-tour-japan-stage-1-challengers-1-qualifier-grou,316,2021-02-19,8:30 PM
PACIFIC,11175,https://www.vlr.gg/11175/first-gaming-vs-nanashi-no-gonbee-champions-tour-japan-stage-1-challengers-1-qualifier-group-c,316,2021-02-19,9:00 PM
PACIFIC,11187,https://www.vlr.gg/11187/shikoukouketsu-vs-glory-be-diva-champions-tour-japan-stage-1-challengers-1-qualifier-group-d,316,2021-02-19,9:00 PM
PACIFIC,11054,https://www.vlr.gg/11054/connect-gaming-vs-lag-gaming-champions-tour-japan-stage-1-challengers-1-qualifier-group-d,316,2021-02-19,9:30 PM
PACIFIC,11047,https://www.vlr.gg/11047/cyclops-athlete-gaming-vs-noizy-champions-tour-japan-stage-1-challengers-1-qualifier-group-c,316,2021-02-19,10:00 PM
PACIFIC,11015,https://www.vlr.gg/11015/reject-vs-scarz-champions-tour-japan-stage-1-challengers-1-main-event-group-a,316,2021-02-20,10:00 AM
PACIFIC,11016,https://www.vlr.gg/11016/blackbird-ignis-vs-first-gaming-champions-tour-japan-stage-1-challengers-1-main-event-group-a,316,2021-02-20,12:00 PM
PACIFIC,11017,https://www.vlr.gg/11017/scarz-vs-first-gaming-champions-tour-japan-stage-1-challengers-1-main-event-group-a,316,2021-02-20,2:00 PM
PACIFIC,11018,https://www.vlr.gg/11018/blackbird-ignis-vs-scarz-champions-tour-japan-stage-1-challengers-1-main-event-group-a,316,2021-02-20,4:20 PM
PACIFIC,11019,https://www.vlr.gg/11019/reject-vs-first-gaming-champions-tour-japan-stage-1-challengers-1-main-event-group-a,316,2021-02-20,6:35 PM
PACIFIC,11020,https://www.vlr.gg/11020/blackbird-ignis-vs-reject-champions-tour-japan-stage-1-challengers-1-main-event-group-a,316,2021-02-20,8:40 PM
PACIFIC,11021,https://www.vlr.gg/11021/detonation-gaming-vs-fav-gaming-champions-tour-japan-stage-1-challengers-1-main-event-group-b,316,2021-02-21,10:00 AM
PACIFIC,11022,https://www.vlr.gg/11022/absolute-jupiter-vs-lag-gaming-champions-tour-japan-stage-1-challengers-1-main-event-group-b,316,2021-02-21,12:00 PM
PACIFIC,11023,https://www.vlr.gg/11023/fav-gaming-vs-lag-gaming-champions-tour-japan-stage-1-challengers-1-main-event-group-b,316,2021-02-21,2:15 PM
PACIFIC,11024,https://www.vlr.gg/11024/absolute-jupiter-vs-fav-gaming-champions-tour-japan-stage-1-challengers-1-main-event-group-b,316,2021-02-21,4:00 PM
PACIFIC,11025,https://www.vlr.gg/11025/detonation-gaming-vs-lag-gaming-champions-tour-japan-stage-1-challengers-1-main-event-group-b,316,2021-02-21,6:15 PM
PACIFIC,11026,https://www.vlr.gg/11026/absolute-jupiter-vs-detonation-gaming-champions-tour-japan-stage-1-challengers-1-main-event-grou,316,2021-02-21,8:30 PM
PACIFIC,10615,https://www.vlr.gg/10615/arkangel-vs-bestial-champions-tour-philippines-stage-1-challengers-2-qualifier-1-round-of-16,317,2021-02-13,2:00 PM
PACIFIC,10616,https://www.vlr.gg/10616/lg-terra-vs-nxp-aether-champions-tour-philippines-stage-1-challengers-2-qualifier-1-round-of-16,317,2021-02-13,2:00 PM
PACIFIC,10617,https://www.vlr.gg/10617/hyve-central-vs-anonymous-ilonggos-champions-tour-philippines-stage-1-challengers-2-qualifier-1,317,2021-02-13,2:00 PM
PACIFIC,10618,https://www.vlr.gg/10618/hashira-vs-ulvl-champions-tour-philippines-stage-1-challengers-2-qualifier-1-round-of-16,317,2021-02-13,2:00 PM
PACIFIC,10619,https://www.vlr.gg/10619/dynasty-esports-vikings-vs-fulcrum-esports-catalyst-champions-tour-philippines-stage-1-challenge,317,2021-02-13,2:00 PM
PACIFIC,10620,https://www.vlr.gg/10620/kadiliman-vs-mgs-spades-champions-tour-philippines-stage-1-challengers-2-qualifier-1-round-of-16,317,2021-02-13,2:00 PM
PACIFIC,10621,https://www.vlr.gg/10621/third-chapter-esports-vs-exemplar-champions-tour-philippines-stage-1-challengers-2-qualifier-1-r,317,2021-02-13,2:00 PM
PACIFIC,10622,https://www.vlr.gg/10622/org-not-found-vs-the-first-order-champions-tour-philippines-stage-1-challengers-2-qualifier-1-ro,317,2021-02-13,2:00 PM
PACIFIC,10623,https://www.vlr.gg/10623/arkangel-vs-lg-terra-champions-tour-philippines-stage-1-challengers-2-qualifier-1-quarterfinals,317,2021-02-13,3:00 PM
PACIFIC,10624,https://www.vlr.gg/10624/anonymous-ilonggos-vs-hashira-champions-tour-philippines-stage-1-challengers-2-qualifier-1-quart,317,2021-02-13,3:00 PM
PACIFIC,10625,https://www.vlr.gg/10625/dynasty-esports-vikings-vs-kadiliman-champions-tour-philippines-stage-1-challengers-2-qualifier,317,2021-02-13,3:00 PM
PACIFIC,10626,https://www.vlr.gg/10626/third-chapter-esports-vs-org-not-found-champions-tour-philippines-stage-1-challengers-2-qualifie,317,2021-02-13,3:00 PM
PACIFIC,10627,https://www.vlr.gg/10627/arkangel-vs-hashira-champions-tour-philippines-stage-1-challengers-2-qualifier-1-semifinals,317,2021-02-13,4:00 PM
PACIFIC,10628,https://www.vlr.gg/10628/kadiliman-vs-org-not-found-champions-tour-philippines-stage-1-challengers-2-qualifier-1-semifina,317,2021-02-13,4:00 PM
PACIFIC,10629,https://www.vlr.gg/10629/black-knight-vs-bestial-champions-tour-philippines-stage-1-challengers-2-qualifier-2-round-of-16,317,2021-02-14,2:00 PM
PACIFIC,10630,https://www.vlr.gg/10630/arkangel-vs-ulvl-champions-tour-philippines-stage-1-challengers-2-qualifier-2-round-of-16,317,2021-02-14,2:00 PM
PACIFIC,10631,https://www.vlr.gg/10631/dynasty-gaming-team-vs-6045pirates-champions-tour-philippines-stage-1-challengers-2-qualifier-2,317,2021-02-14,2:00 PM
PACIFIC,10632,https://www.vlr.gg/10632/exemplar-vs-lg-terra-champions-tour-philippines-stage-1-challengers-2-qualifier-2-round-of-16,317,2021-02-14,2:00 PM
PACIFIC,10633,https://www.vlr.gg/10633/the-first-order-vs-7-figure-gens-champions-tour-philippines-stage-1-challengers-2-qualifier-2-ro,317,2021-02-14,2:00 PM
PACIFIC,10634,https://www.vlr.gg/10634/fulcrum-esports-catalyst-vs-nxp-aether-champions-tour-philippines-stage-1-challengers-2-qualifie,317,2021-02-14,2:00 PM
PACIFIC,10635,https://www.vlr.gg/10635/strm-esports-flux-vs-xtreme-elite-esports-champions-tour-philippines-stage-1-challengers-2-quali,317,2021-02-14,2:00 PM
PACIFIC,10636,https://www.vlr.gg/10636/kadiliman-vs-vantablack-champions-tour-philippines-stage-1-challengers-2-qualifier-2-round-of-16,317,2021-02-14,2:00 PM
PACIFIC,10637,https://www.vlr.gg/10637/bestial-vs-arkangel-champions-tour-philippines-stage-1-challengers-2-qualifier-2-quarterfinals,317,2021-02-14,3:00 PM
PACIFIC,10638,https://www.vlr.gg/10638/6045pirates-vs-lg-terra-champions-tour-philippines-stage-1-challengers-2-qualifier-2-quarterfina,317,2021-02-14,3:00 PM
PACIFIC,10639,https://www.vlr.gg/10639/the-first-order-vs-fulcrum-esports-catalyst-champions-tour-philippines-stage-1-challengers-2-qua,317,2021-02-14,3:00 PM
PACIFIC,10640,https://www.vlr.gg/10640/strm-esports-flux-vs-kadiliman-champions-tour-philippines-stage-1-challengers-2-qualifier-2-quar,317,2021-02-14,3:00 PM
PACIFIC,10641,https://www.vlr.gg/10641/arkangel-vs-6045pirates-champions-tour-philippines-stage-1-challengers-2-qualifier-2-semifinals,317,2021-02-14,4:00 PM
PACIFIC,10642,https://www.vlr.gg/10642/the-first-order-vs-strm-esports-flux-champions-tour-philippines-stage-1-challengers-2-qualifier,317,2021-02-15,4:00 PM
PACIFIC,10643,https://www.vlr.gg/10643/bren-esports-vs-org-not-found-champions-tour-philippines-stage-1-challengers-2-main-event-quarte,317,2021-02-19,1:30 PM
PACIFIC,10644,https://www.vlr.gg/10644/oasis-gaming-vs-the-first-order-champions-tour-philippines-stage-1-challengers-2-main-event-quar,317,2021-02-19,4:30 PM
PACIFIC,10645,https://www.vlr.gg/10645/dreamfyre-vs-arkangel-champions-tour-philippines-stage-1-challengers-2-main-event-quarterfinals,317,2021-02-19,7:30 PM
PACIFIC,10646,https://www.vlr.gg/10646/empire-esports-vs-hashira-champions-tour-philippines-stage-1-challengers-2-main-event-quarterfin,317,2021-02-20,1:00 PM
PACIFIC,10647,https://www.vlr.gg/10647/bren-esports-vs-oasis-gaming-champions-tour-philippines-stage-1-challengers-2-main-event-semifin,317,2021-02-20,4:45 PM
PACIFIC,10648,https://www.vlr.gg/10648/arkangel-vs-hashira-champions-tour-philippines-stage-1-challengers-2-main-event-semifinals,317,2021-02-20,7:00 PM
PACIFIC,10649,https://www.vlr.gg/10649/bren-esports-vs-arkangel-champions-tour-philippines-stage-1-challengers-2-main-event-grand-final,317,2021-02-21,3:30 PM
PACIFIC,10976,https://www.vlr.gg/10976/cbt-gaming-vs-team-five-axis-champions-tour-hong-kong-taiwan-stage-1-challengers-1-qualifier-r,321,2021-01-31,6:00 PM
PACIFIC,10977,https://www.vlr.gg/10977/vs-unitybelief-champions-tour-hong-kong-taiwan-stage-1-challengers-1-qualifier-round-of-16,321,2021-01-31,6:00 PM
PACIFIC,10978,https://www.vlr.gg/10978/game-dimension-esports-vs-looking-for-sponsor-champions-tour-hong-kong-taiwan-stage-1-challeng,321,2021-01-31,6:00 PM
PACIFIC,10979,https://www.vlr.gg/10979/griffin-e-sports-vs-oblivionforce-champions-tour-hong-kong-taiwan-stage-1-challengers-1-qualif,321,2021-01-31,6:00 PM
PACIFIC,10980,https://www.vlr.gg/10980/ljg-vs-youth-champions-tour-hong-kong-taiwan-stage-1-challengers-1-qualifier-round-of-16,321,2021-01-31,7:00 PM
PACIFIC,10981,https://www.vlr.gg/10981/only-one-word-vs-champions-tour-hong-kong-taiwan-stage-1-challengers-1-qualifier-round-o,321,2021-01-31,7:00 PM
PACIFIC,10982,https://www.vlr.gg/10982/five-ace-e-sports-vs-last-evolution-champions-tour-hong-kong-taiwan-stage-1-challengers-1-qual,321,2021-01-31,7:00 PM
PACIFIC,10983,https://www.vlr.gg/10983/traitors-vs-snakeskin-team-champions-tour-hong-kong-taiwan-stage-1-challengers-1-qualifier-rou,321,2021-01-31,7:00 PM
PACIFIC,10985,https://www.vlr.gg/10985/cbt-gaming-vs-champions-tour-hong-kong-taiwan-stage-1-challengers-1-main-event-quarterfina,321,2021-02-05,1:00 PM
PACIFIC,10986,https://www.vlr.gg/10986/looking-for-sponsor-vs-griffin-e-sports-champions-tour-hong-kong-taiwan-stage-1-challengers-1,321,2021-02-05,3:00 PM
PACIFIC,10987,https://www.vlr.gg/10987/ljg-vs-only-one-word-champions-tour-hong-kong-taiwan-stage-1-challengers-1-main-event-quarterf,321,2021-02-05,5:00 PM
PACIFIC,10988,https://www.vlr.gg/10988/five-ace-e-sports-vs-traitors-champions-tour-hong-kong-taiwan-stage-1-challengers-1-main-event,321,2021-02-05,7:00 PM
PACIFIC,10989,https://www.vlr.gg/10989/cbt-gaming-vs-looking-for-sponsor-champions-tour-hong-kong-taiwan-stage-1-challengers-1-main-e,321,2021-02-06,3:00 PM
PACIFIC,10990,https://www.vlr.gg/10990/only-one-word-vs-five-ace-e-sports-champions-tour-hong-kong-taiwan-stage-1-challengers-1-main,321,2021-02-06,6:00 PM
PACIFIC,10991,https://www.vlr.gg/10991/cbt-gaming-vs-five-ace-e-sports-champions-tour-hong-kong-taiwan-stage-1-challengers-1-main-eve,321,2021-02-06,8:30 PM
PACIFIC,10992,https://www.vlr.gg/10992/looking-for-sponsor-vs-only-one-word-champions-tour-hong-kong-taiwan-stage-1-challengers-1-mai,321,2021-02-07,3:00 PM
PACIFIC,9339,https://www.vlr.gg/9339/ryu-gaming-vs-damwon-gaming-champions-tour-korea-stage-1-challengers-1-open-qual-group-a,298,2021-01-30,12:00 PM
PACIFIC,9340,https://www.vlr.gg/9340/bearclaw-gaming-vs-gca-a-team-champions-tour-korea-stage-1-challengers-1-open-qual-group-d,298,2021-01-30,12:00 PM
PACIFIC,9341,https://www.vlr.gg/9341/hurts-like-this-vs-physical-champions-tour-korea-stage-1-challengers-1-open-qual-group-a,298,2021-01-30,12:00 PM
PACIFIC,9346,https://www.vlr.gg/9346/tubeple-gaming-vs-fatality-champions-tour-korea-stage-1-challengers-1-open-qual-group-b,298,2021-01-30,12:00 PM
PACIFIC,9347,https://www.vlr.gg/9347/team-nox-vs-feel-the-wall-champions-tour-korea-stage-1-challengers-1-open-qual-group-b,298,2021-01-30,12:00 PM
PACIFIC,9352,https://www.vlr.gg/9352/vs-tnl-esports-champions-tour-korea-stage-1-challengers-1-open-qual-group-c,298,2021-01-30,12:00 PM
PACIFIC,9353,https://www.vlr.gg/9353/kumiho-esports-vs-apex-people-champions-tour-korea-stage-1-challengers-1-open-qual-group-c,298,2021-01-30,12:00 PM
PACIFIC,9358,https://www.vlr.gg/9358/lunatic-hai-vs-euphoria-champions-tour-korea-stage-1-challengers-1-open-qual-group-d,298,2021-01-30,12:00 PM
PACIFIC,9363,https://www.vlr.gg/9363/team-diamond-r-vs-goma-champions-tour-korea-stage-1-challengers-1-open-qual-group-h,298,2021-01-30,12:00 PM
PACIFIC,9366,https://www.vlr.gg/9366/saviors-vs-seolhaeone-prince-champions-tour-korea-stage-1-challengers-1-open-qual-group-g,298,2021-01-30,12:00 PM
PACIFIC,9367,https://www.vlr.gg/9367/lfs-vs-spear-gaming-champions-tour-korea-stage-1-challengers-1-open-qual-group-g,298,2021-01-30,12:00 PM
PACIFIC,9372,https://www.vlr.gg/9372/vision-strikers-vs-gehenna-sweepers-champions-tour-korea-stage-1-challengers-1-open-qual-group-f,298,2021-01-30,12:00 PM
PACIFIC,9373,https://www.vlr.gg/9373/lft-vs-nuturn-champions-tour-korea-stage-1-challengers-1-open-qual-group-f,298,2021-01-30,12:00 PM
PACIFIC,9378,https://www.vlr.gg/9378/idiot-party-vs-world-game-star-champions-tour-korea-stage-1-challengers-1-open-qual-group-e,298,2021-01-30,12:00 PM
PACIFIC,9379,https://www.vlr.gg/9379/bulldozer-gaming-vs-team-gsr-champions-tour-korea-stage-1-challengers-1-open-qual-group-e,298,2021-01-30,12:00 PM
PACIFIC,9342,https://www.vlr.gg/9342/hurts-like-this-vs-damwon-gaming-champions-tour-korea-stage-1-challengers-1-open-qual-group-a,298,2021-01-30,3:00 PM
PACIFIC,9343,https://www.vlr.gg/9343/physical-vs-ryu-gaming-champions-tour-korea-stage-1-challengers-1-open-qual-group-a,298,2021-01-30,3:00 PM
PACIFIC,9348,https://www.vlr.gg/9348/tubeple-gaming-vs-feel-the-wall-champions-tour-korea-stage-1-challengers-1-open-qual-group-b,298,2021-01-30,3:00 PM
PACIFIC,9349,https://www.vlr.gg/9349/fatality-vs-team-nox-champions-tour-korea-stage-1-challengers-1-open-qual-group-b,298,2021-01-30,3:00 PM
PACIFIC,9354,https://www.vlr.gg/9354/vs-apex-people-champions-tour-korea-stage-1-challengers-1-open-qual-group-c,298,2021-01-30,3:00 PM
PACIFIC,9355,https://www.vlr.gg/9355/tnl-esports-vs-kumiho-esports-champions-tour-korea-stage-1-challengers-1-open-qual-group-c,298,2021-01-30,3:00 PM
PACIFIC,9359,https://www.vlr.gg/9359/bearclaw-gaming-vs-euphoria-champions-tour-korea-stage-1-challengers-1-open-qual-group-d,298,2021-01-30,3:00 PM
PACIFIC,9360,https://www.vlr.gg/9360/gca-a-team-vs-lunatic-hai-champions-tour-korea-stage-1-challengers-1-open-qual-group-d,298,2021-01-30,3:00 PM
PACIFIC,9364,https://www.vlr.gg/9364/zfgaming-vs-goma-champions-tour-korea-stage-1-challengers-1-open-qual-group-h,298,2021-01-30,3:00 PM
PACIFIC,9368,https://www.vlr.gg/9368/saviors-vs-spear-gaming-champions-tour-korea-stage-1-challengers-1-open-qual-group-g,298,2021-01-30,3:00 PM
PACIFIC,9369,https://www.vlr.gg/9369/seolhaeone-prince-vs-lfs-champions-tour-korea-stage-1-challengers-1-open-qual-group-g,298,2021-01-30,3:00 PM
PACIFIC,9374,https://www.vlr.gg/9374/vision-strikers-vs-nuturn-champions-tour-korea-stage-1-challengers-1-open-qual-group-f,298,2021-01-30,3:00 PM
PACIFIC,9375,https://www.vlr.gg/9375/gehenna-sweepers-vs-lft-champions-tour-korea-stage-1-challengers-1-open-qual-group-f,298,2021-01-30,3:00 PM
PACIFIC,9380,https://www.vlr.gg/9380/idiot-party-vs-team-gsr-champions-tour-korea-stage-1-challengers-1-open-qual-group-e,298,2021-01-30,3:00 PM
PACIFIC,9381,https://www.vlr.gg/9381/world-game-star-vs-bulldozer-gaming-champions-tour-korea-stage-1-challengers-1-open-qual-group-e,298,2021-01-30,3:00 PM
PACIFIC,9344,https://www.vlr.gg/9344/hurts-like-this-vs-ryu-gaming-champions-tour-korea-stage-1-challengers-1-open-qual-group-a,298,2021-01-30,6:00 PM
PACIFIC,9345,https://www.vlr.gg/9345/damwon-gaming-vs-physical-champions-tour-korea-stage-1-challengers-1-open-qual-group-a,298,2021-01-30,6:00 PM
PACIFIC,9350,https://www.vlr.gg/9350/tubeple-gaming-vs-team-nox-champions-tour-korea-stage-1-challengers-1-open-qual-group-b,298,2021-01-30,6:00 PM
PACIFIC,9351,https://www.vlr.gg/9351/feel-the-wall-vs-fatality-champions-tour-korea-stage-1-challengers-1-open-qual-group-b,298,2021-01-30,6:00 PM
PACIFIC,9356,https://www.vlr.gg/9356/vs-kumiho-esports-champions-tour-korea-stage-1-challengers-1-open-qual-group-c,298,2021-01-30,6:00 PM
PACIFIC,9357,https://www.vlr.gg/9357/apex-people-vs-tnl-esports-champions-tour-korea-stage-1-challengers-1-open-qual-group-c,298,2021-01-30,6:00 PM
PACIFIC,9361,https://www.vlr.gg/9361/bearclaw-gaming-vs-lunatic-hai-champions-tour-korea-stage-1-challengers-1-open-qual-group-d,298,2021-01-30,6:00 PM
PACIFIC,9362,https://www.vlr.gg/9362/euphoria-vs-gca-a-team-champions-tour-korea-stage-1-challengers-1-open-qual-group-d,298,2021-01-30,6:00 PM
PACIFIC,9365,https://www.vlr.gg/9365/zfgaming-vs-team-diamond-r-champions-tour-korea-stage-1-challengers-1-open-qual-group-h,298,2021-01-30,6:00 PM
PACIFIC,9370,https://www.vlr.gg/9370/saviors-vs-lfs-champions-tour-korea-stage-1-challengers-1-open-qual-group-g,298,2021-01-30,6:00 PM
PACIFIC,9371,https://www.vlr.gg/9371/spear-gaming-vs-seolhaeone-prince-champions-tour-korea-stage-1-challengers-1-open-qual-group-g,298,2021-01-30,6:00 PM
PACIFIC,9376,https://www.vlr.gg/9376/vision-strikers-vs-lft-champions-tour-korea-stage-1-challengers-1-open-qual-group-f,298,2021-01-30,6:00 PM
PACIFIC,9377,https://www.vlr.gg/9377/nuturn-vs-gehenna-sweepers-champions-tour-korea-stage-1-challengers-1-open-qual-group-f,298,2021-01-30,6:00 PM
PACIFIC,9382,https://www.vlr.gg/9382/idiot-party-vs-bulldozer-gaming-champions-tour-korea-stage-1-challengers-1-open-qual-group-e,298,2021-01-30,6:00 PM
PACIFIC,9383,https://www.vlr.gg/9383/team-gsr-vs-world-game-star-champions-tour-korea-stage-1-challengers-1-open-qual-group-e,298,2021-01-30,6:00 PM
PACIFIC,9414,https://www.vlr.gg/9414/damwon-gaming-vs-fatality-champions-tour-korea-stage-1-challengers-1-open-qual-ro16,298,2021-01-31,3:00 PM
PACIFIC,9415,https://www.vlr.gg/9415/tubeple-gaming-vs-tnl-esports-champions-tour-korea-stage-1-challengers-1-open-qual-ro16,298,2021-01-31,3:00 PM
PACIFIC,9416,https://www.vlr.gg/9416/hamtori-zundezinx-vs-lunatic-hai-champions-tour-korea-stage-1-challengers-1-open-qual-ro16,298,2021-01-31,3:00 PM
PACIFIC,9417,https://www.vlr.gg/9417/bearclaw-gaming-vs-bulldozer-gaming-champions-tour-korea-stage-1-challengers-1-open-qual-ro16,298,2021-01-31,3:00 PM
PACIFIC,9418,https://www.vlr.gg/9418/world-game-star-vs-nuturn-champions-tour-korea-stage-1-challengers-1-open-qual-ro16,298,2021-01-31,6:00 PM
PACIFIC,9419,https://www.vlr.gg/9419/vision-strikers-vs-lfs-champions-tour-korea-stage-1-challengers-1-open-qual-ro16,298,2021-01-31,6:00 PM
PACIFIC,9420,https://www.vlr.gg/9420/seolhaeone-prince-vs-goma-champions-tour-korea-stage-1-challengers-1-open-qual-ro16,298,2021-01-31,6:00 PM
PACIFIC,9421,https://www.vlr.gg/9421/zfgaming-vs-physical-champions-tour-korea-stage-1-challengers-1-open-qual-ro16,298,2021-01-31,6:00 PM
PACIFIC,9542,https://www.vlr.gg/9542/damwon-gaming-vs-world-game-star-champions-tour-korea-stage-1-challengers-1-main-event-group-a,298,2021-02-04,3:00 PM
PACIFIC,9543,https://www.vlr.gg/9543/tnl-esports-vs-zfgaming-champions-tour-korea-stage-1-challengers-1-main-event-group-a,298,2021-02-04,5:00 PM
PACIFIC,9548,https://www.vlr.gg/9548/hamtori-zundezinx-vs-goma-champions-tour-korea-stage-1-challengers-1-main-event-group-b,298,2021-02-04,7:00 PM
PACIFIC,9544,https://www.vlr.gg/9544/world-game-star-vs-tnl-esports-champions-tour-korea-stage-1-challengers-1-main-event-group-a,298,2021-02-05,3:00 PM
PACIFIC,9549,https://www.vlr.gg/9549/hamtori-zundezinx-vs-bearclaw-gaming-champions-tour-korea-stage-1-challengers-1-main-event-group,298,2021-02-05,5:00 PM
PACIFIC,9550,https://www.vlr.gg/9550/goma-vs-vision-strikers-champions-tour-korea-stage-1-challengers-1-main-event-group-b,298,2021-02-05,7:00 PM
PACIFIC,9545,https://www.vlr.gg/9545/damwon-gaming-vs-zfgaming-champions-tour-korea-stage-1-challengers-1-main-event-group-a,298,2021-02-06,3:00 PM
PACIFIC,9551,https://www.vlr.gg/9551/hamtori-zundezinx-vs-vision-strikers-champions-tour-korea-stage-1-challengers-1-main-event-group,298,2021-02-06,5:00 PM
PACIFIC,9552,https://www.vlr.gg/9552/goma-vs-bearclaw-gaming-champions-tour-korea-stage-1-challengers-1-main-event-group-b,298,2021-02-06,7:00 PM
PACIFIC,9546,https://www.vlr.gg/9546/damwon-gaming-vs-tnl-esports-champions-tour-korea-stage-1-challengers-1-main-event-group-a,298,2021-02-07,3:00 PM
PACIFIC,9547,https://www.vlr.gg/9547/world-game-star-vs-zfgaming-champions-tour-korea-stage-1-challengers-1-main-event-group-a,298,2021-02-07,5:00 PM
PACIFIC,9553,https://www.vlr.gg/9553/vision-strikers-vs-bearclaw-gaming-champions-tour-korea-stage-1-challengers-1-main-event-group-b,298,2021-02-07,7:00 PM
PACIFIC,12581,https://www.vlr.gg/12581/mortix-vs-boom-esports-champions-tour-indonesia-stage-1-challengers-1-qualifier-ro32,287,2021-01-30,4:30 PM
PACIFIC,12582,https://www.vlr.gg/12582/ethereal-vs-the-mafias-champions-tour-indonesia-stage-1-challengers-1-qualifier-ro32,287,2021-01-30,4:30 PM
PACIFIC,12583,https://www.vlr.gg/12583/chariot-vs-somnium-esports-champions-tour-indonesia-stage-1-challengers-1-qualifier-ro32,287,2021-01-30,4:30 PM
PACIFIC,12584,https://www.vlr.gg/12584/seniman-grooming-vs-alter-ego-celeste-champions-tour-indonesia-stage-1-challengers-1-qualifier,287,2021-01-30,4:30 PM
PACIFIC,12585,https://www.vlr.gg/12585/x-force-vs-amg-gaming-champions-tour-indonesia-stage-1-challengers-1-qualifier-ro32,287,2021-01-30,5:40 PM
PACIFIC,12586,https://www.vlr.gg/12586/alter-ego-vs-thieves-of-hours-champions-tour-indonesia-stage-1-challengers-1-qualifier-ro32,287,2021-01-30,5:40 PM
PACIFIC,12587,https://www.vlr.gg/12587/pandora-esports-vs-rrq-endeavour-champions-tour-indonesia-stage-1-challengers-1-qualifier-ro32,287,2021-01-30,5:40 PM
PACIFIC,12588,https://www.vlr.gg/12588/noir-vs-flat-white-champions-tour-indonesia-stage-1-challengers-1-qualifier-ro32,287,2021-01-30,5:40 PM
PACIFIC,12589,https://www.vlr.gg/12589/nxl-ligagame-vs-team-phenix-champions-tour-indonesia-stage-1-challengers-1-qualifier-ro32,287,2021-01-30,6:50 PM
PACIFIC,12590,https://www.vlr.gg/12590/team-entry-vs-xcn-gaming-champions-tour-indonesia-stage-1-challengers-1-qualifier-ro32,287,2021-01-30,6:50 PM
PACIFIC,12591,https://www.vlr.gg/12591/way-esports-vs-power-danger-esport-champions-tour-indonesia-stage-1-challengers-1-qualifier-ro32,287,2021-01-30,6:50 PM
PACIFIC,12592,https://www.vlr.gg/12592/big-orca-vs-reckless-lads-champions-tour-indonesia-stage-1-challengers-1-qualifier-ro32,287,2021-01-30,6:50 PM
PACIFIC,12593,https://www.vlr.gg/12593/morph-team-vs-area-51-champions-tour-indonesia-stage-1-challengers-1-qualifier-ro32,287,2021-01-30,8:00 PM
PACIFIC,12594,https://www.vlr.gg/12594/kingslayers-vs-aing-maung-esports-champions-tour-indonesia-stage-1-challengers-1-qualifier-ro32,287,2021-01-30,8:00 PM
PACIFIC,12595,https://www.vlr.gg/12595/bos-zero-vs-azalea-champions-tour-indonesia-stage-1-challengers-1-qualifier-ro32,287,2021-01-30,8:00 PM
PACIFIC,12596,https://www.vlr.gg/12596/syntax-vs-surabaya-esports-champions-tour-indonesia-stage-1-challengers-1-qualifier-ro32,287,2021-01-30,8:00 PM
PACIFIC,9402,https://www.vlr.gg/9402/boom-esports-vs-ethereal-champions-tour-indonesia-stage-1-challengers-1-qualifier-round-of-16,287,2021-01-31,4:30 PM
PACIFIC,9403,https://www.vlr.gg/9403/somnium-esports-vs-seniman-grooming-champions-tour-indonesia-stage-1-challengers-1-qualifier-rou,287,2021-01-31,4:30 PM
PACIFIC,9404,https://www.vlr.gg/9404/x-force-vs-alter-ego-champions-tour-indonesia-stage-1-challengers-1-qualifier-round-of-16,287,2021-01-31,5:40 PM
PACIFIC,9405,https://www.vlr.gg/9405/rrq-endeavour-vs-noir-champions-tour-indonesia-stage-1-challengers-1-qualifier-round-of-16,287,2021-01-31,5:40 PM
PACIFIC,9406,https://www.vlr.gg/9406/nxl-ligagame-vs-xcn-gaming-champions-tour-indonesia-stage-1-challengers-1-qualifier-round-of-16,287,2021-01-31,6:50 PM
PACIFIC,9407,https://www.vlr.gg/9407/power-danger-esport-vs-reckless-lads-champions-tour-indonesia-stage-1-challengers-1-qualifier-ro,287,2021-01-31,6:50 PM
PACIFIC,9408,https://www.vlr.gg/9408/morph-team-vs-kingslayers-champions-tour-indonesia-stage-1-challengers-1-qualifier-round-of-16,287,2021-01-31,8:00 PM
PACIFIC,9409,https://www.vlr.gg/9409/azalea-vs-surabaya-esports-champions-tour-indonesia-stage-1-challengers-1-qualifier-round-of-16,287,2021-01-31,8:00 PM
PACIFIC,9532,https://www.vlr.gg/9532/surabaya-esports-vs-morph-team-champions-tour-indonesia-stage-1-challengers-1-main-event-quarter,287,2021-02-05,3:30 PM
PACIFIC,9533,https://www.vlr.gg/9533/alter-ego-vs-noir-champions-tour-indonesia-stage-1-challengers-1-main-event-quarterfinals,287,2021-02-05,5:30 PM
PACIFIC,9534,https://www.vlr.gg/9534/seniman-grooming-vs-reckless-lads-champions-tour-indonesia-stage-1-challengers-1-main-event-quar,287,2021-02-05,8:40 PM
PACIFIC,9535,https://www.vlr.gg/9535/nxl-ligagame-vs-boom-esports-champions-tour-indonesia-stage-1-challengers-1-main-event-quarterfi,287,2021-02-06,1:30 PM
PACIFIC,9536,https://www.vlr.gg/9536/morph-team-vs-alter-ego-champions-tour-indonesia-stage-1-challengers-1-main-event-semifinals,287,2021-02-06,4:30 PM
PACIFIC,9537,https://www.vlr.gg/9537/seniman-grooming-vs-boom-esports-champions-tour-indonesia-stage-1-challengers-1-main-event-semif,287,2021-02-06,6:00 PM
PACIFIC,9538,https://www.vlr.gg/9538/morph-team-vs-seniman-grooming-champions-tour-indonesia-stage-1-challengers-1-main-event-bronze,287,2021-02-07,3:30 PM
PACIFIC,9539,https://www.vlr.gg/9539/alter-ego-vs-boom-esports-champions-tour-indonesia-stage-1-challengers-1-main-event-final-match,287,2021-02-07,4:00 PM
PACIFIC,9859,https://www.vlr.gg/9859/arkangel-vs-empire-esports-champions-tour-philippines-stage-1-challengers-1-qf,304,2021-02-05,1:00 PM
PACIFIC,9860,https://www.vlr.gg/9860/6045pirates-vs-chimaera-champions-tour-philippines-stage-1-challengers-1-qf,304,2021-02-05,3:30 PM
PACIFIC,9861,https://www.vlr.gg/9861/bren-esports-vs-atlas-esports-champions-tour-philippines-stage-1-challengers-1-qf,304,2021-02-05,5:30 PM
PACIFIC,9862,https://www.vlr.gg/9862/affinity-esports-vs-dream-fyre-champions-tour-philippines-stage-1-challengers-1-qf,304,2021-02-06,1:00 PM
PACIFIC,9863,https://www.vlr.gg/9863/empire-esports-vs-chimaera-champions-tour-philippines-stage-1-challengers-1-sf,304,2021-02-06,4:00 PM
PACIFIC,9864,https://www.vlr.gg/9864/bren-esports-vs-dream-fyre-champions-tour-philippines-stage-1-challengers-1-sf,304,2021-02-06,6:30 PM
PACIFIC,9865,https://www.vlr.gg/9865/empire-esports-vs-bren-esports-champions-tour-philippines-stage-1-challengers-1-gf,304,2021-02-07,3:45 PM
PACIFIC,9290,https://www.vlr.gg/9290/zaps-clan-vs-huat-zai-champions-tour-malaysia-singapore-stage-1-challengers-1-ro64,277,2021-01-30,9:00 AM
PACIFIC,9291,https://www.vlr.gg/9291/reality-rift-vs-sf-gaming-champions-tour-malaysia-singapore-stage-1-challengers-1-week-01-qual,277,2021-01-30,11:00 AM
PACIFIC,9292,https://www.vlr.gg/9292/timing-monster-gaming-vs-huat-zai-champions-tour-malaysia-singapore-stage-1-challengers-1-ro32,277,2021-01-30,11:00 AM
PACIFIC,9293,https://www.vlr.gg/9293/broskis-vs-underdogs-champions-tour-malaysia-singapore-stage-1-challengers-1-ro32,277,2021-01-30,11:00 AM
PACIFIC,9294,https://www.vlr.gg/9294/hooligans-vs-team-lz-champions-tour-malaysia-singapore-stage-1-challengers-1-ro32,277,2021-01-30,11:00 AM
PACIFIC,9295,https://www.vlr.gg/9295/team-smg-vs-scytes-champions-tour-malaysia-singapore-stage-1-challengers-1-ro32,277,2021-01-30,11:00 AM
PACIFIC,9296,https://www.vlr.gg/9296/excelsa-vs-kambingwarriors-champions-tour-malaysia-singapore-stage-1-challengers-1-ro32,277,2021-01-30,11:00 AM
PACIFIC,9297,https://www.vlr.gg/9297/myschief-vs-kingsmen-champions-tour-malaysia-singapore-stage-1-challengers-1-ro32,277,2021-01-30,11:00 AM
PACIFIC,9298,https://www.vlr.gg/9298/team-zero-vs-todak-champions-tour-malaysia-singapore-stage-1-challengers-1-ro32,277,2021-01-30,11:00 AM
PACIFIC,9299,https://www.vlr.gg/9299/wulf-esports-vs-boss-gold-champions-tour-malaysia-singapore-stage-1-challengers-1-ro32,277,2021-01-30,11:00 AM
PACIFIC,9300,https://www.vlr.gg/9300/ex-odus-vs-reality-rift-champions-tour-malaysia-singapore-stage-1-challengers-1-ro32,277,2021-01-30,11:00 AM
PACIFIC,9301,https://www.vlr.gg/9301/b-tang-vs-paper-rex-champions-tour-malaysia-singapore-stage-1-challengers-1-ro32,277,2021-01-30,11:00 AM
PACIFIC,9302,https://www.vlr.gg/9302/looking-for-org-vs-team-idk-champions-tour-malaysia-singapore-stage-1-challengers-1-ro32,277,2021-01-30,11:00 AM
PACIFIC,9303,https://www.vlr.gg/9303/the-impalers-vs-zero-synergy-white-champions-tour-malaysia-singapore-stage-1-challengers-1-ro3,277,2021-01-30,11:00 AM
PACIFIC,9304,https://www.vlr.gg/9304/xiao-vs-fate-champions-tour-malaysia-singapore-stage-1-challengers-1-ro32,277,2021-01-30,11:00 AM
PACIFIC,9305,https://www.vlr.gg/9305/like-a-gangster-vs-emperor-champions-tour-malaysia-singapore-stage-1-challengers-1-ro32,277,2021-01-30,11:00 AM
PACIFIC,9306,https://www.vlr.gg/9306/team-600-vs-lvl-10-champions-tour-malaysia-singapore-stage-1-challengers-1-ro32,277,2021-01-30,11:00 AM
PACIFIC,9307,https://www.vlr.gg/9307/sweet-young-boys-vs-louvre-champions-tour-malaysia-singapore-stage-1-challengers-1-ro32,277,2021-01-30,11:00 AM
PACIFIC,9394,https://www.vlr.gg/9394/timing-monster-gaming-vs-broskis-champions-tour-malaysia-singapore-stage-1-challengers-1-ro16,277,2021-01-30,12:30 PM
PACIFIC,9395,https://www.vlr.gg/9395/hooligans-vs-team-smg-champions-tour-malaysia-singapore-stage-1-challengers-1-ro16,277,2021-01-30,12:30 PM
PACIFIC,9396,https://www.vlr.gg/9396/excelsa-vs-kingsmen-champions-tour-malaysia-singapore-stage-1-challengers-1-ro16,277,2021-01-30,12:30 PM
PACIFIC,9397,https://www.vlr.gg/9397/todak-vs-wulf-esports-champions-tour-malaysia-singapore-stage-1-challengers-1-ro16,277,2021-01-30,12:30 PM
PACIFIC,9398,https://www.vlr.gg/9398/reality-rift-vs-paper-rex-champions-tour-malaysia-singapore-stage-1-challengers-1-ro16,277,2021-01-30,12:30 PM
PACIFIC,9399,https://www.vlr.gg/9399/looking-for-org-vs-zero-synergy-white-champions-tour-malaysia-singapore-stage-1-challengers-1,277,2021-01-30,12:30 PM
PACIFIC,9400,https://www.vlr.gg/9400/xiao-vs-emperor-champions-tour-malaysia-singapore-stage-1-challengers-1-ro16,277,2021-01-30,12:30 PM
PACIFIC,9401,https://www.vlr.gg/9401/team-600-vs-louvre-champions-tour-malaysia-singapore-stage-1-challengers-1-ro16,277,2021-01-30,12:30 PM
PACIFIC,9516,https://www.vlr.gg/9516/todak-vs-timing-monster-gaming-champions-tour-malaysia-singapore-stage-1-challengers-1-uqf,277,2021-02-05,9:00 AM
PACIFIC,9517,https://www.vlr.gg/9517/xiao-vs-reality-rift-champions-tour-malaysia-singapore-stage-1-challengers-1-uqf,277,2021-02-05,12:00 PM
PACIFIC,9518,https://www.vlr.gg/9518/looking-for-org-vs-kingsmen-champions-tour-malaysia-singapore-stage-1-challengers-1-uqf,277,2021-02-05,2:10 PM
PACIFIC,9519,https://www.vlr.gg/9519/team-smg-vs-louvre-champions-tour-malaysia-singapore-stage-1-challengers-1-uqf,277,2021-02-05,5:00 PM
PACIFIC,9520,https://www.vlr.gg/9520/timing-monster-gaming-vs-xiao-champions-tour-malaysia-singapore-stage-1-challengers-1-lbr1,277,2021-02-05,7:10 PM
PACIFIC,9521,https://www.vlr.gg/9521/kingsmen-vs-louvre-champions-tour-malaysia-singapore-stage-1-challengers-1-lbr1,277,2021-02-05,8:10 PM
PACIFIC,9522,https://www.vlr.gg/9522/todak-vs-reality-rift-champions-tour-malaysia-singapore-stage-1-challengers-1-usf,277,2021-02-06,9:00 AM
PACIFIC,9523,https://www.vlr.gg/9523/looking-for-org-vs-team-smg-champions-tour-malaysia-singapore-stage-1-challengers-1-usf,277,2021-02-06,11:10 AM
PACIFIC,9525,https://www.vlr.gg/9525/kingsmen-vs-todak-champions-tour-malaysia-singapore-stage-1-challengers-1-lbr2,277,2021-02-06,1:10 PM
PACIFIC,9524,https://www.vlr.gg/9524/xiao-vs-looking-for-org-champions-tour-malaysia-singapore-stage-1-challengers-1-lbr2,277,2021-02-06,2:30 PM
PACIFIC,9526,https://www.vlr.gg/9526/reality-rift-vs-team-smg-champions-tour-malaysia-singapore-stage-1-challengers-1-uf,277,2021-02-06,3:15 PM
PACIFIC,9527,https://www.vlr.gg/9527/kingsmen-vs-xiao-champions-tour-malaysia-singapore-stage-1-challengers-1-lbr3,277,2021-02-06,6:30 PM
PACIFIC,9529,https://www.vlr.gg/9529/team-smg-vs-kingsmen-champions-tour-malaysia-singapore-stage-1-challengers-1-lbf,277,2021-02-07,9:00 AM
PACIFIC,9530,https://www.vlr.gg/9530/reality-rift-vs-team-smg-champions-tour-malaysia-singapore-stage-1-challengers-1-gf,277,2021-02-07,12:20 PM
PACIFIC,10650,https://www.vlr.gg/10650/foxy-araikordai-vs-3xl-champions-tour-thailand-stage-1-challengers-1-qualifiers-quarter-finals,303,2021-01-30,11:00 AM
PACIFIC,10651,https://www.vlr.gg/10651/exorcist-esc-vs-x10-esports-champions-tour-thailand-stage-1-challengers-1-qualifiers-quarter-fi,303,2021-01-30,11:00 AM
PACIFIC,10652,https://www.vlr.gg/10652/abovecloud-vs-qconfirm-champions-tour-thailand-stage-1-challengers-1-qualifiers-quarter-finals,303,2021-01-30,11:00 AM
PACIFIC,10653,https://www.vlr.gg/10653/ng-black-vs-full-sense-champions-tour-thailand-stage-1-challengers-1-qualifiers-quarter-finals,303,2021-01-30,11:00 AM
PACIFIC,10654,https://www.vlr.gg/10654/abovecloud-vs-ng-black-champions-tour-thailand-stage-1-challengers-1-qualifiers-semifinals,303,2021-01-31,5:00 PM
PACIFIC,10655,https://www.vlr.gg/10655/foxy-araikordai-vs-x10-esports-champions-tour-thailand-stage-1-challengers-1-qualifiers-semifin,303,2021-01-31,5:00 PM
PACIFIC,10657,https://www.vlr.gg/10657/sharper-esports-vs-terminate-esports-champions-tour-thailand-stage-1-challengers-1-qualifiers-l,303,2021-01-31,5:00 PM
PACIFIC,10658,https://www.vlr.gg/10658/aricat-e-sport-vs-ohmygirl-champions-tour-thailand-stage-1-challengers-1-qualifiers-lower-brack,303,2021-01-31,5:00 PM
PACIFIC,10659,https://www.vlr.gg/10659/ng-black-vs-sharper-esports-champions-tour-thailand-stage-1-challengers-1-qualifiers-lower-brac,303,2021-01-31,6:00 PM
PACIFIC,10660,https://www.vlr.gg/10660/ohmygirl-vs-foxy-araikordai-champions-tour-thailand-stage-1-challengers-1-qualifiers-lower-brac,303,2021-01-31,6:00 PM
PACIFIC,10656,https://www.vlr.gg/10656/x10-esports-vs-abovecloud-champions-tour-thailand-stage-1-challengers-1-qualifiers-upper-finals,303,2021-01-31,7:00 PM
PACIFIC,10661,https://www.vlr.gg/10661/sharper-esports-vs-foxy-araikordai-champions-tour-thailand-stage-1-challengers-1-qualifiers-low,303,2021-01-31,7:00 PM
PACIFIC,10662,https://www.vlr.gg/10662/abovecloud-vs-foxy-araikordai-champions-tour-thailand-stage-1-challengers-1-qualifiers-lower-br,303,2021-01-31,9:00 PM
PACIFIC,10663,https://www.vlr.gg/10663/x10-esports-vs-foxy-araikordai-champions-tour-thailand-stage-1-challengers-1-qualifiers-grand-f,303,2021-01-31,10:00 PM
PACIFIC,9841,https://www.vlr.gg/9841/foxy-araikordai-vs-terminate-esports-champions-tour-thailand-stage-1-challengers-1-playoffs-quar,303,2021-02-05,8:10 PM
PACIFIC,9842,https://www.vlr.gg/9842/sharper-esports-vs-ng-black-champions-tour-thailand-stage-1-challengers-1-playoffs-qf,303,2021-02-06,12:00 PM
PACIFIC,9843,https://www.vlr.gg/9843/abovecloud-vs-ohmygirl-champions-tour-thailand-stage-1-challengers-1-playoffs-qf,303,2021-02-06,2:00 PM
PACIFIC,9844,https://www.vlr.gg/9844/x10-esports-vs-aricat-e-sport-champions-tour-thailand-stage-1-challengers-1-playoffs-qf,303,2021-02-06,4:00 PM
PACIFIC,9856,https://www.vlr.gg/9856/foxy-araikordai-vs-ng-black-champions-tour-thailand-stage-1-challengers-1-playoffs-sf,303,2021-02-07,12:00 PM
PACIFIC,9857,https://www.vlr.gg/9857/ohmygirl-vs-x10-esports-champions-tour-thailand-stage-1-challengers-1-playoffs-sf,303,2021-02-07,3:15 PM
PACIFIC,9858,https://www.vlr.gg/9858/foxy-araikordai-vs-x10-esports-champions-tour-thailand-stage-1-challengers-1-playoffs-gf,303,2021-02-07,5:35 PM
