feature,importance,group
numeric__elo_gap,0.07589529,elo_gap
numeric__team_elo,0.02988633,team
numeric__opponent_elo,0.029506946,opponent_elo
numeric__player_rating_ewm_10,0.027948085,player_rating_ewm_10
numeric__player_acs_long_term,0.026545806,player_acs_long_term
numeric__veterans_remaining,0.024451902,veterans_remaining
numeric__player_rating_long_term,0.022911243,player_rating_long_term
numeric__player_agent_acs_last_5,0.01847481,player_agent_acs_last_5
numeric__player_history_sample_size,0.01809692,player_history_sample_size
numeric__player_acs_fallback,0.017324021,player_acs_fallback
categorical__form_fallback_level_opponent-context,0.016638398,form_fallback_level_opponent-context
numeric__player_acs_ewm_10,0.015864369,player_acs_ewm_10
numeric__missingindicator_opponent_rating_last_5,0.014538736,missingindicator_opponent_rating_last_5
categorical__role_Duelist,0.013881696,role_Duelist
numeric__player_acs_last_10,0.013839822,player_acs_last_10
numeric__player_matches_played,0.0133394385,player_matches_played
numeric__missingindicator_opponent_rating_last_10,0.01320212,missingindicator_opponent_rating_last_10
numeric__missingindicator_opponent_map_strength,0.012374254,missingindicator_opponent_map_strength
categorical__role_Initiator,0.012090902,role_Initiator
numeric__player_role_acs_last_5,0.011500643,player_role_acs_last_5
numeric__missingindicator_opponent_map_win_rate,0.010960929,missingindicator_opponent_map_win_rate
categorical__agent_sova,0.01040678,agent
categorical__agent_chamber,0.009884663,agent
numeric__player_role_matches_played,0.009302742,player_role_matches_played
numeric__player_rating_last_10,0.009075723,player_rating_last_10
categorical__agent_skye,0.00905657,agent
numeric__player_rest_days,0.008969325,player_rest_days
categorical__team_pick_Decider,0.007967814,team
numeric__missingindicator_team_roster_synergy,0.007897402,missingindicator_team_roster_synergy
categorical__agent_sage,0.0068596876,agent
categorical__agent_cypher,0.0063580135,agent
numeric__player_agent_rating_last_5,0.0062862867,player_agent_rating_last_5
categorical__agent_omen,0.006196839,agent
numeric__player_kda_long_term,0.0059999707,player_kda_long_term
numeric__role_confidence,0.0058126324,role_confidence
categorical__agent_breach,0.005716056,agent
numeric__lineup_continuity,0.0055770883,lineup_continuity
numeric__player_map_matches_played,0.005266595,player_map_matches_played
numeric__team_elo_confidence,0.0052164467,team
numeric__player_role_map_rating_last_5,0.005076742,player_role_map_rating_last_5
numeric__opponent_kda_last_5,0.005034467,opponent_kda_last_5
numeric__opponent_rating_last_10,0.0049839234,opponent_rating_last_10
numeric__team_roster_synergy,0.004610362,team
numeric__match_year,0.0045840866,match_year
numeric__player_kda_ewm_3,0.0045792772,player_kda_ewm_3
numeric__opponent_map_matches,0.0045671267,opponent_map_matches
numeric__player_rating_ewm_5,0.0043948246,player_rating_ewm_5
numeric__player_acs_last_5,0.0042211367,player_acs_last_5
numeric__player_map_acs_last_5,0.004067348,player_map_acs_last_5
categorical__team_BONK,0.004051007,team
categorical__opponent_team_LOUD,0.0039788187,opponent_team
categorical__opponent_team_Playing Aliens,0.003972529,opponent_team
categorical__map_Split,0.0038904273,map
numeric__player_agent_matches_played,0.0038196486,player_agent_matches_played
categorical__team_BCG,0.0038043216,team
categorical__opponent_team_LEVIATÁN,0.00378486,opponent_team
categorical__agent_neon,0.0037525892,agent
numeric__team_role_duelist_share,0.003712277,team
numeric__player_matches_last_30d,0.0036905378,player_matches_last_30d
numeric__player_rating_ewm_3,0.003634849,player_rating_ewm_3
categorical__opponent_team_Digital Slayers,0.0035436805,opponent_team
categorical__opponent_team_Akrew,0.0035093809,opponent_team
categorical__agent_yoru,0.0034985181,agent
categorical__opponent_team_Pack a Punch,0.0033909222,opponent_team
categorical__opponent_team_CREST GAMING Zst,0.003378545,opponent_team
numeric__player_rating_fallback,0.0033583876,player_rating_fallback
numeric__player_opponent_rating_last_5,0.003339841,player_opponent_rating_last_5
categorical__team_EDG,0.0033257632,team
numeric__player_kda_ewm_5,0.0033236197,player_kda_ewm_5
numeric__player_map_rating_last_3,0.003320516,player_map_rating_last_3
categorical__opponent_team_M3 Champions,0.0033071763,opponent_team
categorical__opponent_team_Pancada e Amigos,0.0032972672,opponent_team
categorical__opponent_team_NoPoaching,0.0032921867,opponent_team
categorical__opponent_team_VANDAL GANG BOIZ,0.0032810643,opponent_team
categorical__team_Lv10,0.0032579247,team
categorical__map_Icebox,0.003243334,map
categorical__team_AIMB,0.0032325455,team
categorical__opponent_team_KIWOOM DRX,0.0032302132,opponent_team
categorical__team_Aesi,0.0032219354,team
numeric__match_month,0.0032031727,match_month
categorical__map_Fracture,0.0032026493,map
numeric__opponent_rating_last_5,0.0031995166,opponent_rating_last_5
categorical__team_logi,0.0031253826,team
categorical__opponent_team_Rebels Gaming,0.0030830742,opponent_team
categorical__team_ENTS,0.0030683407,team
categorical__opponent_team_KPM,0.002991468,opponent_team
categorical__opponent_team_Lv10FB,0.002952387,opponent_team
numeric__opponent_map_strength,0.002938024,opponent_map_strength
numeric__player_role_kda_last_5,0.0028851114,player_role_kda_last_5
categorical__opponent_team_tropa da nina,0.0028337333,opponent_team
categorical__opponent_team_Incheon On Sla2ers,0.0028120826,opponent_team
numeric__opponent_acs_last_5,0.0028106403,opponent_acs_last_5
categorical__opponent_team_WNF Esports,0.002810072,opponent_team
categorical__team_Slup,0.002800469,team
categorical__team_KRX,0.0027179916,team
categorical__team_Equi,0.00270254,team
numeric__match_dayofweek,0.0026843965,match_dayofweek
categorical__opponent_team_Sneaker Daily Meloner,0.0026652263,opponent_team
numeric__player_rating_last_3,0.0026583476,player_rating_last_3
categorical__opponent_team_Team Collusion,0.0026123712,opponent_team
categorical__opponent_team_FOKUS,0.00259256,opponent_team
categorical__map_Breeze,0.0025766653,map
categorical__team_Panc,0.0025720734,team
categorical__team_TQ,0.0025397856,team
numeric__player_role_rating_last_5,0.0025139616,player_role_rating_last_5
categorical__team_KONE,0.0024907005,team
categorical__team_DFR,0.0024243062,team
categorical__team_pick_Team Sync,0.0024208347,team
numeric__team_rating_last_10,0.0023820726,team
categorical__opponent_team_Team Sync,0.0023767941,opponent_team
categorical__opponent_team_SUPD,0.0023741783,opponent_team
categorical__team_RN,0.00232487,team
numeric__player_agent_map_rating_last_5,0.0023065112,player_agent_map_rating_last_5
numeric__missingindicator_team_map_rating_last_5,0.0022819114,missingindicator_team_map_rating_last_5
categorical__team_ooli,0.0022700226,team
categorical__agent_astra,0.0022271443,agent
categorical__opponent_team_radiant elo gatekeepers,0.0022263147,opponent_team
categorical__region_EMEA,0.0022215564,region_EMEA
categorical__team_KTC,0.0022076576,team
categorical__opponent_team_Honvéd Esport,0.0021998992,opponent_team
categorical__team_GLD,0.0021770056,team
categorical__team_NsG,0.002141319,team
categorical__team_368,0.0021400282,team
numeric__player_acs_ewm_3,0.002105835,player_acs_ewm_3
categorical__team_KPI,0.002100408,team
categorical__opponent_team_EDward Gaming,0.0020957168,opponent_team
categorical__team_qz,0.0020901663,team
numeric__team_kda_last_5,0.0020613363,team
categorical__opponent_team_1TK,0.0020507039,opponent_team
numeric__player_kda_last_3,0.0020220843,player_kda_last_3
categorical__team_WAVE,0.0019978848,team
categorical__team_HX,0.0019898375,team
numeric__player_rating_last_5,0.00198948,player_rating_last_5
categorical__team_DFX,0.00198604,team
numeric__player_kda_form_gap,0.0019805788,player_kda_form_gap
categorical__opponent_team_Homies Nexus,0.0019707035,opponent_team
categorical__team_NoAv,0.0019537709,team
categorical__opponent_team_Only One Word,0.0019352741,opponent_team
categorical__team_FP,0.0019142273,team
categorical__team_pick_EDward Gaming,0.0019085134,team
categorical__team_BK ROG,0.0018893032,team
categorical__team_KK,0.0018778185,team
categorical__team_Tapz,0.0018748372,team
categorical__team_LEV,0.0018744514,team
categorical__team_ONS,0.0018625896,team
categorical__team_RAAD,0.0018534356,team
categorical__team_ALSA,0.0018359633,team
categorical__opponent_team_ALSACE ESPORT ARENA,0.0018337069,opponent_team
numeric__player_form_trend,0.0017891449,player_form_trend
categorical__team_B4,0.0017763821,team
categorical__team_GP,0.0017611374,team
numeric__player_kda_fallback,0.0017331162,player_kda_fallback
numeric__team_acs_last_5,0.0017283151,team
categorical__region_AMERICAS,0.0017201633,region_AMERICAS
categorical__agent_kayo,0.0017195111,agent
categorical__team_TBK,0.0017093003,team
categorical__team_FPX,0.0016988373,team
categorical__opponent_team_Team Liquid Brazil,0.0016861191,opponent_team
categorical__opponent_team_Morph Impact,0.001678416,opponent_team
categorical__team_bref,0.001674552,team
categorical__opponent_team_Orangutan,0.0016739263,opponent_team
categorical__opponent_team_Bren Esports,0.0016699873,opponent_team
categorical__opponent_team_TBK Esports,0.001668722,opponent_team
categorical__opponent_team_Izanami,0.0016683087,opponent_team
categorical__team_huma,0.0016226252,team
categorical__opponent_team_Ballista,0.0015961155,opponent_team
categorical__team_Bref,0.0015885102,team
numeric__team_map_win_rate,0.001569141,team
categorical__opponent_team_logicialat,0.0015680456,opponent_team
categorical__opponent_team_Display Porters,0.0015481324,opponent_team
numeric__player_kda_last_5,0.0015302531,player_kda_last_5
categorical__opponent_team_Space Development,0.0015282471,opponent_team
numeric__player_acs_last_3,0.0015063157,player_acs_last_3
categorical__opponent_team_imnot,0.0015039453,opponent_team
categorical__opponent_team_UCAM Esports Club,0.001493291,opponent_team
numeric__team_strength_of_schedule,0.0014866045,team
categorical__team_NKT,0.0014694529,team
categorical__team_9ZG,0.001461464,team
categorical__opponent_team_qz,0.0014291868,opponent_team
categorical__team_MEAP,0.0014269325,team
categorical__team_Gr1n,0.0014112281,team
numeric__player_acs_form_gap,0.0013965688,player_acs_form_gap
categorical__opponent_team_Ghetto Artist,0.0013917817,opponent_team
categorical__opponent_team_E-Natolian Spor Club,0.0013801475,opponent_team
categorical__team_TYE,0.0013502288,team
categorical__opponent_team_SYSTEM e-Sports,0.0013343085,opponent_team
categorical__team_FEL,0.0013318858,team
categorical__opponent_team_Anubis Gaming,0.0013218665,opponent_team
categorical__opponent_team_blackhat esports,0.0013188286,opponent_team
categorical__opponent_team_Alpha Esports Pro,0.0013097547,opponent_team
categorical__opponent_team_Click Five,0.0012997151,opponent_team
categorical__map_Haven,0.0012985559,map
categorical__opponent_team_UwU,0.0012948724,opponent_team
categorical__team_TL,0.0012922437,team
categorical__opponent_team_NUTURN,0.001283123,opponent_team
numeric__player_opponent_matches_played,0.0012455257,player_opponent_matches_played
categorical__team_pick_Paper Rex,0.0012383369,team
categorical__team_OGS,0.0012343074,team
categorical__opponent_team_Nomads,0.0012294397,opponent_team
numeric__team_rating_last_5,0.0012257927,team
numeric__team_map_rating_last_5,0.001210505,team
categorical__form_fallback_level_player-global,0.0012082311,form_fallback_level_player-global
numeric__player_role_share,0.0012069124,player_role_share
categorical__opponent_team_X9tion,0.0012036213,opponent_team
categorical__opponent_team_FW Esports,0.0011972615,opponent_team
categorical__team_NOM,0.0011763403,team
categorical__opponent_team_NonsenseGaming,0.0011615788,opponent_team
categorical__opponent_team_Lipxitus,0.0011510989,opponent_team
categorical__team_AES,0.0011227023,team
categorical__team_ING,0.0011218706,team
numeric__player_matches_last_14d,0.0011119255,player_matches_last_14d
categorical__team_vVv,0.0011094693,team
categorical__team_pick_Oxygen Esports,0.0010818571,team
numeric__team_role_initiator_share,0.0010632827,team
categorical__opponent_team_FTW Esports,0.001038688,opponent_team
categorical__team_DOMS,0.0010142602,team
numeric__team_map_matches,0.0010065913,team
numeric__player_rating_form_gap,0.0010037126,player_rating_form_gap
categorical__team_pick_Iconic,0.0009851103,team
categorical__opponent_team_mcchicken,0.0009768762,opponent_team
categorical__team_WC,0.00097527105,team
categorical__team_pick_REIGNITE,0.00093787705,team
numeric__player_kda_ewm_10,0.0009084579,player_kda_ewm_10
numeric__player_map_kda_last_5,0.00090311107,player_map_kda_last_5
categorical__map_Ascent,0.00089093513,map
categorical__team_4x3,0.0008131542,team
numeric__player_rating_last,0.00081311056,player_rating_last
categorical__team_SV,0.00079511915,team
numeric__player_rating_std,0.00077435287,player_rating_std
categorical__team_Aque,0.00075194065,team
numeric__opponent_map_win_rate,0.00073907035,opponent_map_win_rate
categorical__team_Unit,0.00069149333,team
numeric__role_matchup_rating_last_5,0.0006797752,role_matchup_rating_last_5
numeric__player_kda_last_10,0.0006666953,player_kda_last_10
categorical__agent_reyna,0.00044225532,agent
numeric__player_agent_kda_last_5,0.00040986523,player_agent_kda_last_5
numeric__player_map_rating_last,0.00037176942,player_map_rating_last
categorical__role_Controller,0.00035807118,role_Controller
categorical__agent_raze,0.0002843337,agent
categorical__form_fallback_level_player-agent,0.00017853244,form_fallback_level_player-agent
categorical__agent_viper,0.00010307565,agent
categorical__agent_fade,0.0,agent
categorical__agent_harbor,0.0,agent
categorical__agent_jett,0.0,agent
categorical__agent_killjoy,0.0,agent
categorical__agent_phoenix,0.0,agent
categorical__role_Sentinel,0.0,role_Sentinel
categorical__team_-ws-,0.0,team
categorical__team_010,0.0,team
categorical__team_0123,0.0,team
categorical__team_0Zer,0.0,team
categorical__team_1000,0.0,team
categorical__team_100T,0.0,team
categorical__team_100p,0.0,team
categorical__team_100su,0.0,team
categorical__team_105,0.0,team
categorical__team_1234,0.0,team
categorical__team_123T,0.0,team
categorical__team_1337,0.0,team
categorical__team_15 K,0.0,team
categorical__team_1620,0.0,team
categorical__team_18A,0.0,team
categorical__team_19,0.0,team
categorical__team_1N,0.0,team
categorical__team_1Per,0.0,team
categorical__team_1R,0.0,team
categorical__team_1TK,0.0,team
categorical__team_1VR,0.0,team
categorical__team_1gam,0.0,team
categorical__team_1zk,0.0,team
categorical__team_21S,0.0,team
categorical__team_24/H,0.0,team
categorical__team_2K E,0.0,team
categorical__team_2V5,0.0,team
categorical__team_2red,0.0,team
categorical__team_300S,0.0,team
categorical__team_303,0.0,team
categorical__team_312,0.0,team
categorical__team_325,0.0,team
categorical__team_36NU,0.0,team
categorical__team_3G,0.0,team
categorical__team_3P,0.0,team
categorical__team_4 ru,0.0,team
categorical__team_404,0.0,team
categorical__team_41rk,0.0,team
categorical__team_47,0.0,team
categorical__team_481,0.0,team
categorical__team_4G,0.0,team
categorical__team_4SV_,0.0,team
categorical__team_5 Fi,0.0,team
categorical__team_5 GO,0.0,team
categorical__team_5 Th,0.0,team
categorical__team_5 Yu,0.0,team
categorical__team_5 ba,0.0,team
categorical__team_5 ho,0.0,team
categorical__team_50Fr,0.0,team
categorical__team_50k,0.0,team
categorical__team_57RBB,0.0,team
categorical__team_5IDO,0.0,team
categorical__team_5M,0.0,team
categorical__team_5MS,0.0,team
categorical__team_5ORD,0.0,team
categorical__team_5RS,0.0,team
categorical__team_5S,0.0,team
categorical__team_5Sta,0.0,team
categorical__team_5man,0.0,team
categorical__team_5op,0.0,team
categorical__team_5up,0.0,team
categorical__team_600,0.0,team
categorical__team_604,0.0,team
categorical__team_6K,0.0,team
categorical__team_717,0.0,team
categorical__team_74,0.0,team
categorical__team_7AM,0.0,team
categorical__team_7Kra,0.0,team
categorical__team_7S,0.0,team
categorical__team_7UP,0.0,team
categorical__team_7eve,0.0,team
categorical__team_7sg,0.0,team
categorical__team_7ven,0.0,team
categorical__team_86,0.0,team
categorical__team_90s,0.0,team
categorical__team_95x,0.0,team
categorical__team_969,0.0,team
categorical__team_99,0.0,team
categorical__team_99C,0.0,team
categorical__team_AA,0.0,team
categorical__team_AAA,0.0,team
categorical__team_AAS,0.0,team
categorical__team_ABB,0.0,team
categorical__team_ABC,0.0,team
categorical__team_ABL,0.0,team
categorical__team_ABX,0.0,team
categorical__team_ACE,0.0,team
categorical__team_AD I,0.0,team
categorical__team_ADEP,0.0,team
categorical__team_ADHD,0.0,team
categorical__team_ADT,0.0,team
categorical__team_AE,0.0,team
categorical__team_AEE,0.0,team
categorical__team_AEEC,0.0,team
categorical__team_AEL,0.0,team
categorical__team_AEP,0.0,team
categorical__team_AER,0.0,team
categorical__team_AF,0.0,team
categorical__team_AG,0.0,team
categorical__team_AGAi,0.0,team
categorical__team_AGF,0.0,team
categorical__team_AGG,0.0,team
categorical__team_AGS,0.0,team
categorical__team_AHEK,0.0,team
categorical__team_AI,0.0,team
categorical__team_AIGY,0.0,team
categorical__team_AING,0.0,team
categorical__team_AJF,0.0,team
categorical__team_AK5,0.0,team
categorical__team_AKA,0.0,team
categorical__team_AKAT,0.0,team
categorical__team_AKM,0.0,team
categorical__team_AKP,0.0,team
categorical__team_AKQJ,0.0,team
categorical__team_AKR,0.0,team
categorical__team_AKV,0.0,team
categorical__team_ALC,0.0,team
categorical__team_ALL,0.0,team
categorical__team_ALTI,0.0,team
categorical__team_ALTY,0.0,team
categorical__team_AMAZ,0.0,team
categorical__team_AME,0.0,team
categorical__team_AMG,0.0,team
categorical__team_AMR,0.0,team
categorical__team_AMT,0.0,team
categorical__team_AMV,0.0,team
categorical__team_AMZ,0.0,team
categorical__team_ANB,0.0,team
categorical__team_ANBU,0.0,team
categorical__team_ANM,0.0,team
categorical__team_ANO,0.0,team
categorical__team_AOE,0.0,team
categorical__team_APH,0.0,team
categorical__team_APLO,0.0,team
categorical__team_AQ,0.0,team
categorical__team_AR,0.0,team
categorical__team_AR e,0.0,team
categorical__team_ARC,0.0,team
categorical__team_ARCH,0.0,team
categorical__team_AREA,0.0,team
categorical__team_ARES,0.0,team
categorical__team_ARF,0.0,team
categorical__team_ARMU,0.0,team
categorical__team_ARX,0.0,team
categorical__team_AS07,0.0,team
categorical__team_ASAP,0.0,team
categorical__team_ASG,0.0,team
categorical__team_ASP,0.0,team
categorical__team_ASTRO,0.0,team
categorical__team_AT,0.0,team
categorical__team_ATK,0.0,team
categorical__team_ATR,0.0,team
categorical__team_ATRO,0.0,team
categorical__team_ATS,0.0,team
categorical__team_AUR,0.0,team
categorical__team_AUS,0.0,team
categorical__team_AUTH,0.0,team
categorical__team_AUTO,0.0,team
categorical__team_AVEZ,0.0,team
categorical__team_AVM,0.0,team
categorical__team_AVN,0.0,team
categorical__team_AVST,0.0,team
categorical__team_AWAR,0.0,team
categorical__team_AWS,0.0,team
categorical__team_AX,0.0,team
categorical__team_AXI,0.0,team
categorical__team_AZU,0.0,team
categorical__team_Abec,0.0,team
categorical__team_Able,0.0,team
categorical__team_Abov,0.0,team
categorical__team_Abso,0.0,team
categorical__team_Abst,0.0,team
categorical__team_Acac,0.0,team
categorical__team_Ace1,0.0,team
categorical__team_Achi,0.0,team
categorical__team_Acid,0.0,team
categorical__team_Acri,0.0,team
categorical__team_Actu,0.0,team
categorical__team_Adin,0.0,team
categorical__team_Admi,0.0,team
categorical__team_Aeon,0.0,team
categorical__team_Aete,0.0,team
categorical__team_Afri,0.0,team
categorical__team_Aggi,0.0,team
categorical__team_Agon,0.0,team
categorical__team_Aim,0.0,team
categorical__team_Aimb,0.0,team
categorical__team_Air,0.0,team
categorical__team_AirG,0.0,team
categorical__team_Ajin,0.0,team
categorical__team_Akel,0.0,team
categorical__team_Akum,0.0,team
categorical__team_Alej,0.0,team
categorical__team_All,0.0,team
categorical__team_AllS,0.0,team
categorical__team_Alma,0.0,team
categorical__team_Alph,0.0,team
categorical__team_Alte,0.0,team
categorical__team_Ameg,0.0,team
categorical__team_Amig,0.0,team
categorical__team_Amit,0.0,team
categorical__team_Amog,0.0,team
categorical__team_Amol,0.0,team
categorical__team_Anat,0.0,team
categorical__team_Anga,0.0,team
categorical__team_Ante,0.0,team
categorical__team_Anyw,0.0,team
categorical__team_Apes,0.0,team
categorical__team_Aqua,0.0,team
categorical__team_Arca,0.0,team
categorical__team_Arch,0.0,team
categorical__team_Ares,0.0,team
categorical__team_Aris,0.0,team
categorical__team_Arka,0.0,team
categorical__team_Arri,0.0,team
categorical__team_Arrow,0.0,team
categorical__team_Art,0.0,team
categorical__team_Asia,0.0,team
categorical__team_Aspi,0.0,team
categorical__team_Astr,0.0,team
categorical__team_At0m,0.0,team
categorical__team_Atfi,0.0,team
categorical__team_Atla,0.0,team
categorical__team_Atle,0.0,team
categorical__team_Atsu,0.0,team
categorical__team_Avan,0.0,team
categorical__team_AvgJ,0.0,team
categorical__team_Ax3,0.0,team
categorical__team_AxS,0.0,team
categorical__team_Axid,0.0,team
categorical__team_Ayam,0.0,team
categorical__team_Azte,0.0,team
categorical__team_Azul,0.0,team
categorical__team_B13,0.0,team
categorical__team_B5,0.0,team
categorical__team_B8,0.0,team
categorical__team_BA,0.0,team
categorical__team_BAAM,0.0,team
categorical__team_BASE,0.0,team
categorical__team_BATS,0.0,team
categorical__team_BAYE,0.0,team
categorical__team_BB,0.0,team
categorical__team_BBC,0.0,team
categorical__team_BBES,0.0,team
categorical__team_BBG,0.0,team
categorical__team_BBGA,0.0,team
categorical__team_BBI,0.0,team
categorical__team_BBL,0.0,team
categorical__team_BC,0.0,team
categorical__team_BD,0.0,team
categorical__team_BDS,0.0,team
categorical__team_BEDE,0.0,team
categorical__team_BEE,0.0,team
categorical__team_BELA,0.0,team
categorical__team_BENCH,0.0,team
categorical__team_BF,0.0,team
categorical__team_BG,0.0,team
categorical__team_BHB,0.0,team
categorical__team_BI,0.0,team
categorical__team_BIG,0.0,team
categorical__team_BIGG,0.0,team
categorical__team_BISM,0.0,team
categorical__team_BJK,0.0,team
categorical__team_BLAH,0.0,team
categorical__team_BLC,0.0,team
categorical__team_BLD,0.0,team
categorical__team_BLE,0.0,team
categorical__team_BLIND,0.0,team
categorical__team_BLISS,0.0,team
categorical__team_BM,0.0,team
categorical__team_BME,0.0,team
categorical__team_BNDT,0.0,team
categorical__team_BOB,0.0,team
categorical__team_BOBO,0.0,team
categorical__team_BOD,0.0,team
categorical__team_BOND,0.0,team
categorical__team_BOOM,0.0,team
categorical__team_BOS,0.0,team
categorical__team_BOSS,0.0,team
categorical__team_BOTB,0.0,team
categorical__team_BOTS,0.0,team
categorical__team_BOY,0.0,team
categorical__team_BRAC,0.0,team
categorical__team_BRAV,0.0,team
categorical__team_BRH,0.0,team
categorical__team_BRIC,0.0,team
categorical__team_BRK,0.0,team
categorical__team_BRN,0.0,team
categorical__team_BSG,0.0,team
categorical__team_BST,0.0,team
categorical__team_BSTL,0.0,team
categorical__team_BSTR,0.0,team
categorical__team_BT,0.0,team
categorical__team_BTF,0.0,team
categorical__team_BTR,0.0,team
categorical__team_BTS,0.0,team
categorical__team_BTW,0.0,team
categorical__team_BUYK,0.0,team
categorical__team_BW,0.0,team
categorical__team_BWL,0.0,team
categorical__team_BX,0.0,team
categorical__team_BYE,0.0,team
categorical__team_BZE,0.0,team
categorical__team_BZK,0.0,team
categorical__team_BZR,0.0,team
categorical__team_Baba,0.0,team
categorical__team_Babi,0.0,team
categorical__team_Baby,0.0,team
categorical__team_Bad,0.0,team
categorical__team_BadLeg,0.0,team
categorical__team_Badd,0.0,team
categorical__team_Baec,0.0,team
categorical__team_Bait,0.0,team
categorical__team_Bald,0.0,team
categorical__team_Balk,0.0,team
categorical__team_Band,0.0,team
categorical__team_Bang,0.0,team
categorical__team_Bare,0.0,team
categorical__team_Bart,0.0,team
categorical__team_Baru,0.0,team
categorical__team_Bbal,0.0,team
categorical__team_BeFr,0.0,team
categorical__team_Beag,0.0,team
categorical__team_Ben1,0.0,team
categorical__team_BezB,0.0,team
categorical__team_Bi e,0.0,team
categorical__team_Bibl,0.0,team
categorical__team_Bifr,0.0,team
categorical__team_Big,0.0,team
categorical__team_Bill,0.0,team
categorical__team_Bing,0.0,team
categorical__team_Blac,0.0,team
categorical__team_Bob,0.0,team
categorical__team_Bomb,0.0,team
categorical__team_Bond,0.0,team
categorical__team_Bons,0.0,team
categorical__team_Boos,0.0,team
categorical__team_Born,0.0,team
categorical__team_Bott,0.0,team
categorical__team_Boun,0.0,team
categorical__team_Br7,0.0,team
categorical__team_Brai,0.0,team
categorical__team_Brax,0.0,team
categorical__team_Brim,0.0,team
categorical__team_Budg,0.0,team
categorical__team_Buff,0.0,team
categorical__team_Buil,0.0,team
categorical__team_Bull,0.0,team
categorical__team_Bunk,0.0,team
categorical__team_Burg,0.0,team
categorical__team_Burs,0.0,team
categorical__team_Butt,0.0,team
categorical__team_BuyH,0.0,team
categorical__team_BÉZ,0.0,team
categorical__team_Bë,0.0,team
categorical__team_Bún,0.0,team
categorical__team_C SI,0.0,team
categorical__team_C4,0.0,team
categorical__team_C9,0.0,team
categorical__team_C9W,0.0,team
categorical__team_CAD,0.0,team
categorical__team_CAG,0.0,team
categorical__team_CAP,0.0,team
categorical__team_CARS,0.0,team
categorical__team_CASE,0.0,team
categorical__team_CASS,0.0,team
categorical__team_CATG,0.0,team
categorical__team_CBD,0.0,team
categorical__team_CBDR,0.0,team
categorical__team_CBR,0.0,team
categorical__team_CBT,0.0,team
categorical__team_CC,0.0,team
categorical__team_CCG,0.0,team
categorical__team_CD,0.0,team
categorical__team_CE,0.0,team
categorical__team_CEC,0.0,team
categorical__team_CES,0.0,team
categorical__team_CG,0.0,team
categorical__team_CGN,0.0,team
categorical__team_CGZ,0.0,team
categorical__team_CHS,0.0,team
categorical__team_CHSV,0.0,team
categorical__team_CHU,0.0,team
categorical__team_CJ,0.0,team
categorical__team_CL,0.0,team
categorical__team_CLG,0.0,team
categorical__team_CLOY,0.0,team
categorical__team_CLR,0.0,team
categorical__team_CLS,0.0,team
categorical__team_CLX,0.0,team
categorical__team_CN,0.0,team
categorical__team_CNE,0.0,team
categorical__team_CNG,0.0,team
categorical__team_CNJ,0.0,team
categorical__team_CNL,0.0,team
categorical__team_CNZ,0.0,team
categorical__team_COL,0.0,team
categorical__team_COME,0.0,team
categorical__team_CONN,0.0,team
categorical__team_CORE,0.0,team
categorical__team_COUS,0.0,team
categorical__team_CR,0.0,team
categorical__team_CRAZ,0.0,team
categorical__team_CRL,0.0,team
categorical__team_CRUS,0.0,team
categorical__team_CRX,0.0,team
categorical__team_CSE,0.0,team
categorical__team_CSS,0.0,team
categorical__team_CT,0.0,team
categorical__team_CTL,0.0,team
categorical__team_CUEK,0.0,team
categorical__team_CZY,0.0,team
categorical__team_CaRa,0.0,team
categorical__team_Call,0.0,team
categorical__team_Cami,0.0,team
categorical__team_Capa,0.0,team
categorical__team_Capr,0.0,team
categorical__team_Capy,0.0,team
categorical__team_Carn,0.0,team
categorical__team_Cast,0.0,team
categorical__team_Cavalry,0.0,team
categorical__team_Cele,0.0,team
categorical__team_Cels,0.0,team
categorical__team_Cham,0.0,team
categorical__team_ChiP,0.0,team
categorical__team_Chic,0.0,team
categorical__team_Chil,0.0,team
categorical__team_Chim,0.0,team
categorical__team_Chiz,0.0,team
categorical__team_Chos,0.0,team
categorical__team_Circ,0.0,team
categorical__team_Clan,0.0,team
categorical__team_Clar,0.0,team
categorical__team_Clea,0.0,team
categorical__team_Clev,0.0,team
categorical__team_Clic,0.0,team
categorical__team_Clou,0.0,team
categorical__team_CoT,0.0,team
categorical__team_Cobr,0.0,team
categorical__team_Corn,0.0,team
categorical__team_Crad,0.0,team
categorical__team_Craf,0.0,team
categorical__team_Crea,0.0,team
categorical__team_Crem,0.0,team
categorical__team_Crit,0.0,team
categorical__team_Cros,0.0,team
categorical__team_Crow,0.0,team
categorical__team_Csop,0.0,team
categorical__team_CtL,0.0,team
categorical__team_Cune,0.0,team
categorical__team_Cunn,0.0,team
categorical__team_Curr,0.0,team
categorical__team_Cybe,0.0,team
categorical__team_Cycl,0.0,team
categorical__team_D2E,0.0,team
categorical__team_DART,0.0,team
categorical__team_DAT,0.0,team
categorical__team_DATH,0.0,team
categorical__team_DAYN,0.0,team
categorical__team_DBG,0.0,team
categorical__team_DC,0.0,team
categorical__team_DCSV,0.0,team
categorical__team_DEEZ,0.0,team
categorical__team_DEF,0.0,team
categorical__team_DEFE,0.0,team
categorical__team_DEFY,0.0,team
categorical__team_DELU,0.0,team
categorical__team_DESE,0.0,team
categorical__team_DEVI,0.0,team
categorical__team_DEWA,0.0,team
categorical__team_DFM,0.0,team
categorical__team_DG,0.0,team
categorical__team_DGR,0.0,team
categorical__team_DGen,0.0,team
categorical__team_DIA,0.0,team
categorical__team_DILF,0.0,team
categorical__team_DISB,0.0,team
categorical__team_DIVA,0.0,team
categorical__team_DK,0.0,team
categorical__team_DKOB,0.0,team
categorical__team_DKS,0.0,team
categorical__team_DLWZK,0.0,team
categorical__team_DNA,0.0,team
categorical__team_DNAD,0.0,team
categorical__team_DNJ,0.0,team
categorical__team_DO S,0.0,team
categorical__team_DP,0.0,team
categorical__team_DR,0.0,team
categorical__team_DRM,0.0,team
categorical__team_DS,0.0,team
categorical__team_DSP,0.0,team
categorical__team_DSR,0.0,team
categorical__team_DSY,0.0,team
categorical__team_DT,0.0,team
categorical__team_DTG,0.0,team
categorical__team_DTN,0.0,team
categorical__team_DTT,0.0,team
categorical__team_DV,0.0,team
categorical__team_DV.A,0.0,team
categorical__team_DW,0.0,team
categorical__team_DWN,0.0,team
categorical__team_DXG,0.0,team
categorical__team_DZ,0.0,team
categorical__team_DaBa,0.0,team
categorical__team_Dajj,0.0,team
categorical__team_Dame,0.0,team
categorical__team_Dami,0.0,team
categorical__team_Dand,0.0,team
categorical__team_Dark,0.0,team
categorical__team_DawN,0.0,team
categorical__team_Dece,0.0,team
categorical__team_Deez,0.0,team
categorical__team_Def,0.0,team
categorical__team_Defe,0.0,team
categorical__team_Dei,0.0,team
categorical__team_Deja,0.0,team
categorical__team_Dele,0.0,team
categorical__team_Delt,0.0,team
categorical__team_Delu,0.0,team
categorical__team_Dem,0.0,team
categorical__team_DeoV,0.0,team
categorical__team_Dept,0.0,team
categorical__team_Desc,0.0,team
categorical__team_Devi,0.0,team
categorical__team_DiaX,0.0,team
categorical__team_Diab,0.0,team
categorical__team_Diff,0.0,team
categorical__team_Digh,0.0,team
categorical__team_Digi,0.0,team
categorical__team_Diji,0.0,team
categorical__team_Dimm,0.0,team
categorical__team_Disc,0.0,team
categorical__team_Divi,0.0,team
categorical__team_Dogw,0.0,team
categorical__team_Domi,0.0,team
categorical__team_Dont,0.0,team
categorical__team_Dora,0.0,team
categorical__team_Doub,0.0,team
categorical__team_Down,0.0,team
categorical__team_Drag,0.0,team
categorical__team_Drea,0.0,team
categorical__team_Duck,0.0,team
categorical__team_Dyna,0.0,team
categorical__team_DzN,0.0,team
categorical__team_DÜN,0.0,team
categorical__team_E IS,0.0,team
categorical__team_E-Na,0.0,team
categorical__team_E36,0.0,team
categorical__team_E9,0.0,team
categorical__team_EAID,0.0,team
categorical__team_EAST,0.0,team
categorical__team_EBG,0.0,team
categorical__team_ECAP,0.0,team
categorical__team_ECG,0.0,team
categorical__team_ECHO,0.0,team
categorical__team_ECOM,0.0,team
categorical__team_EDGE,0.0,team
categorical__team_EDW,0.0,team
categorical__team_EEAF,0.0,team
categorical__team_EF,0.0,team
categorical__team_EG,0.0,team
categorical__team_EGN,0.0,team
categorical__team_EGO,0.0,team
categorical__team_EGOM,0.0,team
categorical__team_EHXD,0.0,team
categorical__team_EIQ,0.0,team
categorical__team_EL,0.0,team
categorical__team_ELSO,0.0,team
categorical__team_ELUS,0.0,team
categorical__team_EMP,0.0,team
categorical__team_EMZ,0.0,team
categorical__team_EN,0.0,team
categorical__team_END,0.0,team
categorical__team_ENDL,0.0,team
categorical__team_ENGM,0.0,team
categorical__team_ENIG,0.0,team
categorical__team_ENRA,0.0,team
categorical__team_ENVY,0.0,team
categorical__team_EP,0.0,team
categorical__team_EPIC,0.0,team
categorical__team_EQ F,0.0,team
categorical__team_EQX,0.0,team
categorical__team_ERN,0.0,team
categorical__team_ERZI,0.0,team
categorical__team_ES,0.0,team
categorical__team_ESC,0.0,team
categorical__team_ESTO,0.0,team
categorical__team_ET,0.0,team
categorical__team_ETER,0.0,team
categorical__team_ETH,0.0,team
categorical__team_ETT,0.0,team
categorical__team_EU R,0.0,team
categorical__team_EVA,0.0,team
categorical__team_EX C,0.0,team
categorical__team_EX-K,0.0,team
categorical__team_EX0,0.0,team
categorical__team_EXA,0.0,team
categorical__team_EXEN,0.0,team
categorical__team_EXG,0.0,team
categorical__team_EXL,0.0,team
categorical__team_EXOD,0.0,team
categorical__team_EXZ,0.0,team
categorical__team_EXcu,0.0,team
categorical__team_EZ K,0.0,team
categorical__team_EZcl,0.0,team
categorical__team_Eagl,0.0,team
categorical__team_Earl,0.0,team
categorical__team_Eart,0.0,team
categorical__team_East,0.0,team
categorical__team_Easy,0.0,team
categorical__team_Ecce,0.0,team
categorical__team_Ecla,0.0,team
categorical__team_Ecle,0.0,team
categorical__team_Edan,0.0,team
categorical__team_Egni,0.0,team
categorical__team_Ehbi,0.0,team
categorical__team_Eldr,0.0,team
categorical__team_Elem,0.0,team
categorical__team_Elme,0.0,team
categorical__team_Elon,0.0,team
categorical__team_Elys,0.0,team
categorical__team_EnM,0.0,team
categorical__team_Enmi,0.0,team
categorical__team_Enra,0.0,team
categorical__team_Ento,0.0,team
categorical__team_Epit,0.0,team
categorical__team_Epq,0.0,team
categorical__team_Eros,0.0,team
categorical__team_Erro,0.0,team
categorical__team_Esha,0.0,team
categorical__team_Espo,0.0,team
categorical__team_Eter,0.0,team
categorical__team_EvHz,0.0,team
categorical__team_Even,0.0,team
categorical__team_Ever,0.0,team
categorical__team_Evil,0.0,team
categorical__team_Evol,0.0,team
categorical__team_ExO,0.0,team
categorical__team_ExP,0.0,team
categorical__team_Exce,0.0,team
categorical__team_Exer,0.0,team
categorical__team_ExiL,0.0,team
categorical__team_Exod,0.0,team
categorical__team_Exor,0.0,team
categorical__team_Exot,0.0,team
categorical__team_Expe,0.0,team
categorical__team_Expl,0.0,team
categorical__team_Exy,0.0,team
categorical__team_EzLo,0.0,team
categorical__team_F1,0.0,team
categorical__team_F1LS,0.0,team
categorical__team_F2DS,0.0,team
categorical__team_F4Q,0.0,team
categorical__team_F5S,0.0,team
categorical__team_F9,0.0,team
categorical__team_FA,0.0,team
categorical__team_FAIT,0.0,team
categorical__team_FAKE,0.0,team
categorical__team_FAR,0.0,team
categorical__team_FAST,0.0,team
categorical__team_FAT,0.0,team
categorical__team_FATA,0.0,team
categorical__team_FAV,0.0,team
categorical__team_FB,0.0,team
categorical__team_FBI,0.0,team
categorical__team_FBM,0.0,team
categorical__team_FC,0.0,team
categorical__team_FCG,0.0,team
categorical__team_FCS,0.0,team
categorical__team_FCT,0.0,team
categorical__team_FCY,0.0,team
categorical__team_FDP,0.0,team
categorical__team_FE,0.0,team
categorical__team_FEAR,0.0,team
categorical__team_FEC,0.0,team
categorical__team_FF,0.0,team
categorical__team_FG,0.0,team
categorical__team_FH,0.0,team
categorical__team_FINs,0.0,team
categorical__team_FIU,0.0,team
categorical__team_FKS,0.0,team
categorical__team_FL,0.0,team
categorical__team_FLAS,0.0,team
categorical__team_FLC,0.0,team
categorical__team_FLEE,0.0,team
categorical__team_FLUX,0.0,team
categorical__team_FLu,0.0,team
categorical__team_FM,0.0,team
categorical__team_FMD,0.0,team
categorical__team_FNC,0.0,team
categorical__team_FNG,0.0,team
categorical__team_FNK,0.0,team
categorical__team_FNLTY,0.0,team
categorical__team_FNR,0.0,team
categorical__team_FNST,0.0,team
categorical__team_FNX,0.0,team
categorical__team_FOG,0.0,team
categorical__team_FORF,0.0,team
categorical__team_FOST,0.0,team
categorical__team_FOX,0.0,team
categorical__team_FOXA,0.0,team
categorical__team_FOXN,0.0,team
categorical__team_FOXU,0.0,team
categorical__team_FPG,0.0,team
categorical__team_FR,0.0,team
categorical__team_FRAT,0.0,team
categorical__team_FRC,0.0,team
categorical__team_FREE,0.0,team
categorical__team_FRG,0.0,team
categorical__team_FROM,0.0,team
categorical__team_FRTS,0.0,team
categorical__team_FS,0.0,team
categorical__team_FSHR,0.0,team
categorical__team_FSN,0.0,team
categorical__team_FT,0.0,team
categorical__team_FTG,0.0,team
categorical__team_FTL,0.0,team
categorical__team_FTW,0.0,team
categorical__team_FTZ,0.0,team
categorical__team_FTZ.R,0.0,team
categorical__team_FUR,0.0,team
categorical__team_FUT,0.0,team
categorical__team_FVT,0.0,team
categorical__team_FWE,0.0,team
categorical__team_FWS,0.0,team
categorical__team_FXG,0.0,team
categorical__team_FYB,0.0,team
categorical__team_FYL,0.0,team
categorical__team_FaZe,0.0,team
categorical__team_Face,0.0,team
categorical__team_Fake,0.0,team
categorical__team_Falc,0.0,team
categorical__team_Farc,0.0,team
categorical__team_Fast,0.0,team
categorical__team_FatF,0.0,team
categorical__team_Fave,0.0,team
categorical__team_Feel,0.0,team
categorical__team_Feli,0.0,team
categorical__team_Feng,0.0,team
categorical__team_FiRE,0.0,team
categorical__team_Fiat,0.0,team
categorical__team_Fide,0.0,team
categorical__team_Fito,0.0,team
categorical__team_Flas,0.0,team
categorical__team_Flat,0.0,team
categorical__team_Flex,0.0,team
categorical__team_Flie,0.0,team
categorical__team_Flom,0.0,team
categorical__team_Flow,0.0,team
categorical__team_FlyM,0.0,team
categorical__team_Focus,0.0,team
categorical__team_Food,0.0,team
categorical__team_Fort,0.0,team
categorical__team_Foxy,0.0,team
categorical__team_Fpal,0.0,team
categorical__team_Frat,0.0,team
categorical__team_Fre,0.0,team
categorical__team_Free,0.0,team
categorical__team_Frel,0.0,team
categorical__team_Full,0.0,team
categorical__team_Furn,0.0,team
categorical__team_G2,0.0,team
categorical__team_G2G,0.0,team
categorical__team_G4 G,0.0,team
categorical__team_G4B,0.0,team
categorical__team_G8S,0.0,team
categorical__team_GA,0.0,team
categorical__team_GAL,0.0,team
categorical__team_GAS,0.0,team
categorical__team_GBD,0.0,team
categorical__team_GBH,0.0,team
categorical__team_GBP,0.0,team
categorical__team_GCA,0.0,team
categorical__team_GD,0.0,team
categorical__team_GD E,0.0,team
categorical__team_GDL,0.0,team
categorical__team_GE,0.0,team
categorical__team_GEEK,0.0,team
categorical__team_GEKO,0.0,team
categorical__team_GEN,0.0,team
categorical__team_GENG,0.0,team
categorical__team_GF,0.0,team
categorical__team_GFH,0.0,team
categorical__team_GFN,0.0,team
categorical__team_GG,0.0,team
categorical__team_GG D,0.0,team
categorical__team_GGO,0.0,team
categorical__team_GHOS,0.0,team
categorical__team_GHS,0.0,team
categorical__team_GHST,0.0,team
categorical__team_GIA,0.0,team
categorical__team_GIBD,0.0,team
categorical__team_GIVE,0.0,team
categorical__team_GJO,0.0,team
categorical__team_GK,0.0,team
categorical__team_GKS,0.0,team
categorical__team_GLAD,0.0,team
categorical__team_GLB,0.0,team
categorical__team_GLD.GC,0.0,team
categorical__team_GLHF,0.0,team
categorical__team_GLP,0.0,team
categorical__team_GMB,0.0,team
categorical__team_GMG,0.0,team
categorical__team_GMM,0.0,team
categorical__team_GMN,0.0,team
categorical__team_GMT,0.0,team
categorical__team_GNG,0.0,team
categorical__team_GNS,0.0,team
categorical__team_GNf,0.0,team
categorical__team_GOB,0.0,team
categorical__team_GODS,0.0,team
categorical__team_GOOD,0.0,team
categorical__team_GOW,0.0,team
categorical__team_GPC,0.0,team
categorical__team_GR,0.0,team
categorical__team_GRN,0.0,team
categorical__team_GS,0.0,team
categorical__team_GSL.,0.0,team
categorical__team_GT,0.0,team
categorical__team_GTS,0.0,team
categorical__team_GV,0.0,team
categorical__team_GW,0.0,team
categorical__team_GX,0.0,team
categorical__team_GXR,0.0,team
categorical__team_GZ21,0.0,team
categorical__team_Gala,0.0,team
categorical__team_Gami,0.0,team
categorical__team_Gary,0.0,team
categorical__team_Gen',0.0,team
categorical__team_Gene,0.0,team
categorical__team_Gera,0.0,team
categorical__team_Ghos,0.0,team
categorical__team_Gief,0.0,team
categorical__team_Gift,0.0,team
categorical__team_Giga,0.0,team
categorical__team_Girl,0.0,team
categorical__team_Goat,0.0,team
categorical__team_God,0.0,team
categorical__team_GodS,0.0,team
categorical__team_Goda,0.0,team
categorical__team_Godl,0.0,team
categorical__team_Gold,0.0,team
categorical__team_Goli,0.0,team
categorical__team_Good,0.0,team
categorical__team_Goof,0.0,team
categorical__team_Gori,0.0,team
categorical__team_Goty,0.0,team
categorical__team_Gran,0.0,team
categorical__team_Gree,0.0,team
categorical__team_Grif,0.0,team
categorical__team_Grim,0.0,team
categorical__team_Guns,0.0,team
categorical__team_Gx,0.0,team
categorical__team_GyGn,0.0,team
categorical__team_GyuB,0.0,team
categorical__team_GİV,0.0,team
categorical__team_H$,0.0,team
categorical__team_H2O,0.0,team
categorical__team_H5,0.0,team
categorical__team_HACK,0.0,team
categorical__team_HATA,0.0,team
categorical__team_HAYA,0.0,team
categorical__team_HB,0.0,team
categorical__team_HC,0.0,team
categorical__team_HCK,0.0,team
categorical__team_HDE,0.0,team
categorical__team_HE,0.0,team
categorical__team_HEAD,0.0,team
categorical__team_HEET,0.0,team
categorical__team_HEHE,0.0,team
categorical__team_HG,0.0,team
categorical__team_HH,0.0,team
categorical__team_HIGA,0.0,team
categorical__team_HIGH,0.0,team
categorical__team_HIT,0.0,team
categorical__team_HK,0.0,team
categorical__team_HKUF,0.0,team
categorical__team_HLRS,0.0,team
categorical__team_HM,0.0,team
categorical__team_HN R,0.0,team
categorical__team_HNX,0.0,team
categorical__team_HOE,0.0,team
categorical__team_HOLL,0.0,team
categorical__team_HOME,0.0,team
categorical__team_HOMY,0.0,team
categorical__team_HONK,0.0,team
categorical__team_HOP,0.0,team
categorical__team_HOT,0.0,team
categorical__team_HRY,0.0,team
categorical__team_HS,0.0,team
categorical__team_HSP,0.0,team
categorical__team_HTW,0.0,team
categorical__team_HV,0.0,team
categorical__team_HWS,0.0,team
categorical__team_HYP,0.0,team
categorical__team_HZ,0.0,team
categorical__team_HZN,0.0,team
categorical__team_Habi,0.0,team
categorical__team_Hadi,0.0,team
categorical__team_HahA,0.0,team
categorical__team_Hai,0.0,team
categorical__team_Hajty,0.0,team
categorical__team_Half,0.0,team
categorical__team_Hard,0.0,team
categorical__team_Hasb,0.0,team
categorical__team_Hash,0.0,team
categorical__team_Hati,0.0,team
categorical__team_Head,0.0,team
categorical__team_Hehe,0.0,team
categorical__team_Heli,0.0,team
categorical__team_Hell,0.0,team
categorical__team_Hex,0.0,team
categorical__team_Hexi,0.0,team
categorical__team_Hi S,0.0,team
categorical__team_High,0.0,team
categorical__team_HmmE,0.0,team
categorical__team_HoPe,0.0,team
categorical__team_Hoax,0.0,team
categorical__team_Hogw,0.0,team
categorical__team_Holl,0.0,team
categorical__team_Homi,0.0,team
categorical__team_Hool,0.0,team
categorical__team_HorY,0.0,team
categorical__team_HowL,0.0,team
categorical__team_HuaT,0.0,team
categorical__team_Hugh,0.0,team
categorical__team_Huh,0.0,team
categorical__team_Huma,0.0,team
categorical__team_Hype,0.0,team
categorical__team_Hypo,0.0,team
categorical__team_Hyst,0.0,team
categorical__team_I FA,0.0,team
categorical__team_I4,0.0,team
categorical__team_IA,0.0,team
categorical__team_IAS,0.0,team
categorical__team_IB,0.0,team
categorical__team_IBER,0.0,team
categorical__team_IBSG,0.0,team
categorical__team_IC9,0.0,team
categorical__team_ICC,0.0,team
categorical__team_ICE,0.0,team
categorical__team_ICJ,0.0,team
categorical__team_ICJT,0.0,team
categorical__team_ICON,0.0,team
categorical__team_IES,0.0,team
categorical__team_IESR,0.0,team
categorical__team_IG,0.0,team
categorical__team_IGZ,0.0,team
categorical__team_IHG,0.0,team
categorical__team_IHNK,0.0,team
categorical__team_IK,0.0,team
categorical__team_IMP,0.0,team
categorical__team_IMPE,0.0,team
categorical__team_IMT,0.0,team
categorical__team_IN T,0.0,team
categorical__team_INAE,0.0,team
categorical__team_INCE,0.0,team
categorical__team_INCO,0.0,team
categorical__team_INDI,0.0,team
categorical__team_INF,0.0,team
categorical__team_INFN,0.0,team
categorical__team_INFS,0.0,team
categorical__team_INM,0.0,team
categorical__team_INRE,0.0,team
categorical__team_INS,0.0,team
categorical__team_INST,0.0,team
categorical__team_INT,0.0,team
categorical__team_INTE,0.0,team
categorical__team_INV,0.0,team
categorical__team_IPL,0.0,team
categorical__team_IRLV,0.0,team
categorical__team_ISel,0.0,team
categorical__team_ITB,0.0,team
categorical__team_IV,0.0,team
categorical__team_IVI,0.0,team
categorical__team_IVY,0.0,team
categorical__team_IW,0.0,team
categorical__team_IceC,0.0,team
categorical__team_IceW,0.0,team
categorical__team_Icon,0.0,team
categorical__team_Igni,0.0,team
categorical__team_Illu,0.0,team
categorical__team_IluZ,0.0,team
categorical__team_Imag,0.0,team
categorical__team_Immo,0.0,team
categorical__team_Impa,0.0,team
categorical__team_InG,0.0,team
categorical__team_InTe,0.0,team
categorical__team_Indi,0.0,team
categorical__team_Infe,0.0,team
categorical__team_Ingenuity,0.0,team
categorical__team_Init,0.0,team
categorical__team_Inse,0.0,team
categorical__team_Insi,0.0,team
categorical__team_Inst,0.0,team
categorical__team_Inte,0.0,team
categorical__team_Inva,0.0,team
categorical__team_Invi,0.0,team
categorical__team_Itas,0.0,team
categorical__team_Ivy,0.0,team
categorical__team_Izan,0.0,team
categorical__team_JAMP,0.0,team
categorical__team_JARE,0.0,team
categorical__team_JDT,0.0,team
categorical__team_JG a,0.0,team
categorical__team_JG.J,0.0,team
categorical__team_JGG,0.0,team
categorical__team_JH,0.0,team
categorical__team_JK,0.0,team
categorical__team_JKRS,0.0,team
categorical__team_JMU,0.0,team
categorical__team_JNS,0.0,team
categorical__team_JO C,0.0,team
categorical__team_JSE,0.0,team
categorical__team_JUP,0.0,team
categorical__team_Jaca,0.0,team
categorical__team_JaiS,0.0,team
categorical__team_Jamm,0.0,team
categorical__team_Jell,0.0,team
categorical__team_Jinx,0.0,team
categorical__team_Jit,0.0,team
categorical__team_Joga,0.0,team
categorical__team_Jord,0.0,team
categorical__team_Judg,0.0,team
categorical__team_Juju,0.0,team
categorical__team_Junt,0.0,team
categorical__team_Just,0.0,team
categorical__team_K2,0.0,team
categorical__team_K7,0.0,team
categorical__team_K9,0.0,team
categorical__team_KABA,0.0,team
categorical__team_KAFI,0.0,team
categorical__team_KAID,0.0,team
categorical__team_KAIO,0.0,team
categorical__team_KARA,0.0,team
categorical__team_KAST,0.0,team
categorical__team_KBB,0.0,team
categorical__team_KC,0.0,team
categorical__team_KCP,0.0,team
categorical__team_KDM,0.0,team
categorical__team_KE,0.0,team
categorical__team_KEKW,0.0,team
categorical__team_KFC,0.0,team
categorical__team_KFLR,0.0,team
categorical__team_KG,0.0,team
categorical__team_KGE,0.0,team
categorical__team_KGG,0.0,team
categorical__team_KGM,0.0,team
categorical__team_KILL,0.0,team
categorical__team_KING,0.0,team
categorical__team_KJC,0.0,team
categorical__team_KLAT,0.0,team
categorical__team_KLAU,0.0,team
categorical__team_KLG,0.0,team
categorical__team_KNAV,0.0,team
categorical__team_KNG,0.0,team
categorical__team_KOIF,0.0,team
categorical__team_KOVA,0.0,team
categorical__team_KPC,0.0,team
categorical__team_KPM,0.0,team
categorical__team_KPZ,0.0,team
categorical__team_KRAKEN,0.0,team
categorical__team_KRM,0.0,team
categorical__team_KRÜ,0.0,team
categorical__team_KS,0.0,team
categorical__team_KT,0.0,team
categorical__team_KU,0.0,team
categorical__team_KUM,0.0,team
categorical__team_KVB,0.0,team
categorical__team_KVM,0.0,team
categorical__team_KVT,0.0,team
categorical__team_KZ,0.0,team
categorical__team_Kaho,0.0,team
categorical__team_Kaiz,0.0,team
categorical__team_Kamp,0.0,team
categorical__team_Kantic,0.0,team
categorical__team_Kara,0.0,team
categorical__team_Karu,0.0,team
categorical__team_Kasi,0.0,team
categorical__team_Kath,0.0,team
categorical__team_Kean,0.0,team
categorical__team_Kelu,0.0,team
categorical__team_Kika,0.0,team
categorical__team_Kill,0.0,team
categorical__team_King,0.0,team
categorical__team_Kjot,0.0,team
categorical__team_Knig,0.0,team
categorical__team_Knoc,0.0,team
categorical__team_Koca,0.0,team
categorical__team_Kolk,0.0,team
categorical__team_Kolo,0.0,team
categorical__team_Koud,0.0,team
categorical__team_Kova,0.0,team
categorical__team_Kowa,0.0,team
categorical__team_Ksen,0.0,team
categorical__team_Kupa,0.0,team
categorical__team_L2P,0.0,team
categorical__team_L9,0.0,team
categorical__team_LA,0.0,team
categorical__team_LAG,0.0,team
categorical__team_LAVA,0.0,team
categorical__team_LB,0.0,team
categorical__team_LBR,0.0,team
categorical__team_LC,0.0,team
categorical__team_LCA,0.0,team
categorical__team_LCVS,0.0,team
categorical__team_LDM,0.0,team
categorical__team_LDN,0.0,team
categorical__team_LDV,0.0,team
categorical__team_LE,0.0,team
categorical__team_LEGI,0.0,team
categorical__team_LES,0.0,team
categorical__team_LEVE,0.0,team
categorical__team_LFO,0.0,team
categorical__team_LFT,0.0,team
categorical__team_LG,0.0,team
categorical__team_LG E,0.0,team
categorical__team_LGC,0.0,team
categorical__team_LGND,0.0,team
categorical__team_LINJ,0.0,team
categorical__team_LIP,0.0,team
categorical__team_LK,0.0,team
categorical__team_LL,0.0,team
categorical__team_LLH,0.0,team
categorical__team_LMC,0.0,team
categorical__team_LNG,0.0,team
categorical__team_LOH,0.0,team
categorical__team_LOS,0.0,team
categorical__team_LOUD,0.0,team
categorical__team_LP,0.0,team
categorical__team_LP33,0.0,team
categorical__team_LPU,0.0,team
categorical__team_LR,0.0,team
categorical__team_LRS,0.0,team
categorical__team_LS,0.0,team
categorical__team_LT,0.0,team
categorical__team_LUSA,0.0,team
categorical__team_LVR,0.0,team
categorical__team_LWE,0.0,team
categorical__team_LYE,0.0,team
categorical__team_LYX,0.0,team
categorical__team_LZ,0.0,team
categorical__team_LZE,0.0,team
categorical__team_LZR,0.0,team
categorical__team_LZT,0.0,team
categorical__team_La F,0.0,team
categorical__team_La n,0.0,team
categorical__team_Lanc,0.0,team
categorical__team_Land,0.0,team
categorical__team_Lank,0.0,team
categorical__team_Lari,0.0,team
categorical__team_Last,0.0,team
categorical__team_Lavi,0.0,team
categorical__team_Leca,0.0,team
categorical__team_Left,0.0,team
categorical__team_Legi,0.0,team
categorical__team_Lemo,0.0,team
categorical__team_Lete,0.0,team
categorical__team_Lets,0.0,team
categorical__team_Levi,0.0,team
categorical__team_Life,0.0,team
categorical__team_Ligh,0.0,team
categorical__team_LilB,0.0,team
categorical__team_Limi,0.0,team
categorical__team_Lion,0.0,team
categorical__team_Lixa,0.0,team
categorical__team_Long,0.0,team
categorical__team_Look,0.0,team
categorical__team_Lose,0.0,team
categorical__team_Luce,0.0,team
categorical__team_Luck,0.0,team
categorical__team_Ludu,0.0,team
categorical__team_Lunc,0.0,team
categorical__team_Luul,0.0,team
categorical__team_LvL,0.0,team
categorical__team_Lycu,0.0,team
categorical__team_Lyft,0.0,team
categorical__team_Lynx,0.0,team
categorical__team_Lyth,0.0,team
categorical__team_M1sy,0.0,team
categorical__team_M28,0.0,team
categorical__team_M2M,0.0,team
categorical__team_M2S,0.0,team
categorical__team_M3C,0.0,team
categorical__team_M42,0.0,team
categorical__team_M4LIK,0.0,team
categorical__team_M5,0.0,team
categorical__team_MAD,0.0,team
categorical__team_MAJT,0.0,team
categorical__team_MALL,0.0,team
categorical__team_MANG,0.0,team
categorical__team_MANGAL,0.0,team
categorical__team_MARU,0.0,team
categorical__team_MASS,0.0,team
categorical__team_MAXD,0.0,team
categorical__team_MAZE,0.0,team
categorical__team_MB,0.0,team
categorical__team_MBK,0.0,team
categorical__team_MBVI,0.0,team
categorical__team_MC,0.0,team
categorical__team_MCC,0.0,team
categorical__team_MCES,0.0,team
categorical__team_MCK,0.0,team
categorical__team_MCRP,0.0,team
categorical__team_MDL,0.0,team
categorical__team_MDS,0.0,team
categorical__team_MEET,0.0,team
categorical__team_MEOG,0.0,team
categorical__team_MEOW,0.0,team
categorical__team_MET,0.0,team
categorical__team_MEW2,0.0,team
categorical__team_MF,0.0,team
categorical__team_MF14,0.0,team
categorical__team_MH,0.0,team
categorical__team_MIBR,0.0,team
categorical__team_MIRA,0.0,team
categorical__team_MITH,0.0,team
categorical__team_MIX,0.0,team
categorical__team_MIX2,0.0,team
categorical__team_MIZ,0.0,team
categorical__team_MJY,0.0,team
categorical__team_MK,0.0,team
categorical__team_MKOI,0.0,team
categorical__team_MLE,0.0,team
categorical__team_MLT,0.0,team
categorical__team_MN,0.0,team
categorical__team_MOON,0.0,team
categorical__team_MORE,0.0,team
categorical__team_MOX,0.0,team
categorical__team_MP,0.0,team
categorical__team_MPC,0.0,team
categorical__team_MR,0.0,team
categorical__team_MRP,0.0,team
categorical__team_MRS,0.0,team
categorical__team_MSC,0.0,team
categorical__team_MSF,0.0,team
categorical__team_MSP,0.0,team
categorical__team_MSR,0.0,team
categorical__team_MT,0.0,team
categorical__team_MTF,0.0,team
categorical__team_MTP,0.0,team
categorical__team_MTS,0.0,team
categorical__team_MXBSS,0.0,team
categorical__team_MZ T,0.0,team
categorical__team_Mach,0.0,team
categorical__team_Mad,0.0,team
categorical__team_Made,0.0,team
categorical__team_Magi,0.0,team
categorical__team_Magm,0.0,team
categorical__team_Magn,0.0,team
categorical__team_Make,0.0,team
categorical__team_Mall,0.0,team
categorical__team_Malv,0.0,team
categorical__team_Man,0.0,team
categorical__team_Mani,0.0,team
categorical__team_Mant,0.0,team
categorical__team_Mari,0.0,team
categorical__team_Marv,0.0,team
categorical__team_Maso,0.0,team
categorical__team_Masq,0.0,team
categorical__team_Mawa,0.0,team
categorical__team_Maze,0.0,team
categorical__team_Mc,0.0,team
categorical__team_McDD,0.0,team
categorical__team_Mean,0.0,team
categorical__team_Meat,0.0,team
categorical__team_Mede,0.0,team
categorical__team_Medi,0.0,team
categorical__team_Mega,0.0,team
categorical__team_Meme,0.0,team
categorical__team_Menc,0.0,team
categorical__team_Mene,0.0,team
categorical__team_Ment,0.0,team
categorical__team_Meow,0.0,team
categorical__team_Merc,0.0,team
categorical__team_Merr,0.0,team
categorical__team_Meta,0.0,team
categorical__team_Meyh,0.0,team
categorical__team_Midz,0.0,team
categorical__team_Migh,0.0,team
categorical__team_Mill,0.0,team
categorical__team_Mini,0.0,team
categorical__team_Miss,0.0,team
categorical__team_Mix,0.0,team
categorical__team_Mixe,0.0,team
categorical__team_Mjes,0.0,team
categorical__team_MoBu,0.0,team
categorical__team_MoLo,0.0,team
categorical__team_Moni,0.0,team
categorical__team_Monk,0.0,team
categorical__team_Moon,0.0,team
categorical__team_Moos,0.0,team
categorical__team_Mori,0.0,team
categorical__team_Mort,0.0,team
categorical__team_Most,0.0,team
categorical__team_Moti,0.0,team
categorical__team_Moto,0.0,team
categorical__team_Mowi,0.0,team
categorical__team_Muni,0.0,team
categorical__team_Mustang,0.0,team
categorical__team_Myst,0.0,team
categorical__team_Myth,0.0,team
categorical__team_Mäg,0.0,team
categorical__team_N1C3,0.0,team
categorical__team_N2E,0.0,team
categorical__team_NAJIN,0.0,team
categorical__team_NAND,0.0,team
categorical__team_NANO,0.0,team
categorical__team_NAOS,0.0,team
categorical__team_NASR,0.0,team
categorical__team_NAVI,0.0,team
categorical__team_NB,0.0,team
categorical__team_NBG,0.0,team
categorical__team_NBKS,0.0,team
categorical__team_NBL,0.0,team
categorical__team_NC S,0.0,team
categorical__team_NCG,0.0,team
categorical__team_NDT,0.0,team
categorical__team_NEB,0.0,team
categorical__team_NEBU,0.0,team
categorical__team_NEED,0.0,team
categorical__team_NEVE,0.0,team
categorical__team_NEVI,0.0,team
categorical__team_NEW,0.0,team
categorical__team_NEXT,0.0,team
categorical__team_NEXU,0.0,team
categorical__team_NF,0.0,team
categorical__team_NFA,0.0,team
categorical__team_NFG,0.0,team
categorical__team_NG,0.0,team
categorical__team_NG.B,0.0,team
categorical__team_NGAS,0.0,team
categorical__team_NGEN,0.0,team
categorical__team_NGF,0.0,team
categorical__team_NGI,0.0,team
categorical__team_NGU,0.0,team
categorical__team_NGX,0.0,team
categorical__team_NHG,0.0,team
categorical__team_NIP,0.0,team
categorical__team_NKL,0.0,team
categorical__team_NL,0.0,team
categorical__team_NLG,0.0,team
categorical__team_NMDN,0.0,team
categorical__team_NN,0.0,team
categorical__team_NO2,0.0,team
categorical__team_NOE,0.0,team
categorical__team_NOIR,0.0,team
categorical__team_NOMA,0.0,team
categorical__team_NORG,0.0,team
categorical__team_NOTA,0.0,team
categorical__team_NOX,0.0,team
categorical__team_NP,0.0,team
categorical__team_NPGT,0.0,team
categorical__team_NR,0.0,team
categorical__team_NRAGE,0.0,team
categorical__team_NRG,0.0,team
categorical__team_NTH,0.0,team
categorical__team_NTLN,0.0,team
categorical__team_NU,0.0,team
categorical__team_NV,0.0,team
categorical__team_NVG,0.0,team
categorical__team_NW E,0.0,team
categorical__team_NWA,0.0,team
categorical__team_NWJ,0.0,team
categorical__team_NXLG,0.0,team
categorical__team_NXLGA,0.0,team
categorical__team_NXN,0.0,team
categorical__team_NXP,0.0,team
categorical__team_NYAA,0.0,team
categorical__team_NYFU,0.0,team
categorical__team_NaVi,0.0,team
categorical__team_Nama,0.0,team
categorical__team_Name,0.0,team
categorical__team_NapT,0.0,team
categorical__team_Naut,0.0,team
categorical__team_Navy,0.0,team
categorical__team_Necr,0.0,team
categorical__team_Neeb,0.0,team
categorical__team_Need,0.0,team
categorical__team_Nefa,0.0,team
categorical__team_Neme,0.0,team
categorical__team_Nenk,0.0,team
categorical__team_Neo,0.0,team
categorical__team_NeoA,0.0,team
categorical__team_Neon,0.0,team
categorical__team_Nerx,0.0,team
categorical__team_Neut,0.0,team
categorical__team_Neve,0.0,team
categorical__team_Nevi,0.0,team
categorical__team_New,0.0,team
categorical__team_Nice,0.0,team
categorical__team_Nigh,0.0,team
categorical__team_Nine,0.0,team
categorical__team_Ninj,0.0,team
categorical__team_No A,0.0,team
categorical__team_No C,0.0,team
categorical__team_No K,0.0,team
categorical__team_No L,0.0,team
categorical__team_No N,0.0,team
categorical__team_No S,0.0,team
categorical__team_NoCh,0.0,team
categorical__team_NoMe,0.0,team
categorical__team_NoPr,0.0,team
categorical__team_Noct,0.0,team
categorical__team_Noma,0.0,team
categorical__team_Nong,0.0,team
categorical__team_Noob,0.0,team
categorical__team_Nood,0.0,team
categorical__team_Nope,0.0,team
categorical__team_NorC,0.0,team
categorical__team_Nord,0.0,team
categorical__team_Nori,0.0,team
categorical__team_Nort,0.0,team
categorical__team_Not,0.0,team
categorical__team_Nova,0.0,team
categorical__team_Nove,0.0,team
categorical__team_Nowy,0.0,team
categorical__team_Nox,0.0,team
categorical__team_NrTv,0.0,team
categorical__team_Nth,0.0,team
categorical__team_Nuke,0.0,team
categorical__team_Nunc,0.0,team
categorical__team_NwA,0.0,team
categorical__team_NxS,0.0,team
categorical__team_NxT,0.0,team
categorical__team_Nxiz,0.0,team
categorical__team_NyTi,0.0,team
categorical__team_Não,0.0,team
categorical__team_O.O.,0.0,team
categorical__team_OA,0.0,team
categorical__team_OAS,0.0,team
categorical__team_OBG,0.0,team
categorical__team_ODIUM,0.0,team
categorical__team_ODK,0.0,team
categorical__team_OE,0.0,team
categorical__team_OEST,0.0,team
categorical__team_OF,0.0,team
categorical__team_OG,0.0,team
categorical__team_OG4Z,0.0,team
categorical__team_OGB,0.0,team
categorical__team_OGLU,0.0,team
categorical__team_OIP,0.0,team
categorical__team_OK,0.0,team
categorical__team_OLD,0.0,team
categorical__team_OMIC,0.0,team
categorical__team_ONET,0.0,team
categorical__team_ONI,0.0,team
categorical__team_ONIC,0.0,team
categorical__team_ONU,0.0,team
categorical__team_ONi,0.0,team
categorical__team_OOKE,0.0,team
categorical__team_OOS,0.0,team
categorical__team_OOW,0.0,team
categorical__team_OPP,0.0,team
categorical__team_OPS,0.0,team
categorical__team_OPSD,0.0,team
categorical__team_OPTC,0.0,team
categorical__team_OPWO,0.0,team
categorical__team_OPY,0.0,team
categorical__team_ORB,0.0,team
categorical__team_ORD,0.0,team
categorical__team_ORG5,0.0,team
categorical__team_ORGL,0.0,team
categorical__team_ORN,0.0,team
categorical__team_ORO,0.0,team
categorical__team_OS,0.0,team
categorical__team_OS G,0.0,team
categorical__team_OSK,0.0,team
categorical__team_OTW,0.0,team
categorical__team_OVA,0.0,team
categorical__team_OW,0.0,team
categorical__team_OW R,0.0,team
categorical__team_OXG,0.0,team
categorical__team_OXR,0.0,team
categorical__team_Oddy,0.0,team
categorical__team_Odin,0.0,team
categorical__team_Ojii,0.0,team
categorical__team_Old,0.0,team
categorical__team_Olym,0.0,team
categorical__team_Omni,0.0,team
categorical__team_On T,0.0,team
categorical__team_On V,0.0,team
categorical__team_One,0.0,team
categorical__team_One',0.0,team
categorical__team_OneS,0.0,team
categorical__team_Only,0.0,team
categorical__team_Orbi,0.0,team
categorical__team_Orde,0.0,team
categorical__team_Orga,0.0,team
categorical__team_Orgl,0.0,team
categorical__team_Orig,0.0,team
categorical__team_Orke,0.0,team
categorical__team_Os S,0.0,team
categorical__team_Osak,0.0,team
categorical__team_Our,0.0,team
categorical__team_OutA,0.0,team
categorical__team_OutR,0.0,team
categorical__team_Outl,0.0,team
categorical__team_Outr,0.0,team
categorical__team_Outs,0.0,team
categorical__team_Ovat,0.0,team
categorical__team_Over,0.0,team
categorical__team_PACT,0.0,team
categorical__team_PAF,0.0,team
categorical__team_PAM,0.0,team
categorical__team_PANA,0.0,team
categorical__team_PARA,0.0,team
categorical__team_PASC,0.0,team
categorical__team_PASS,0.0,team
categorical__team_PBC,0.0,team
categorical__team_PC,0.0,team
categorical__team_PCF,0.0,team
categorical__team_PDN,0.0,team
categorical__team_PE,0.0,team
categorical__team_PEAC,0.0,team
categorical__team_PEEK,0.0,team
categorical__team_PENT,0.0,team
categorical__team_PER,0.0,team
categorical__team_PES,0.0,team
categorical__team_PG,0.0,team
categorical__team_PHOD,0.0,team
categorical__team_PHR,0.0,team
categorical__team_PHX,0.0,team
categorical__team_PIGE,0.0,team
categorical__team_PIR,0.0,team
categorical__team_PK,0.0,team
categorical__team_PLG,0.0,team
categorical__team_PLM,0.0,team
categorical__team_PLRN,0.0,team
categorical__team_PLS,0.0,team
categorical__team_PLUS,0.0,team
categorical__team_PM,0.0,team
categorical__team_PMA,0.0,team
categorical__team_PN,0.0,team
categorical__team_POGG,0.0,team
categorical__team_POIS,0.0,team
categorical__team_POTE,0.0,team
categorical__team_PPP,0.0,team
categorical__team_PRAC,0.0,team
categorical__team_PRD,0.0,team
categorical__team_PRDX,0.0,team
categorical__team_PRFS,0.0,team
categorical__team_PRL,0.0,team
categorical__team_PROJ,0.0,team
categorical__team_PRSM,0.0,team
categorical__team_PRX,0.0,team
categorical__team_PS,0.0,team
categorical__team_PSIS,0.0,team
categorical__team_PSJ,0.0,team
categorical__team_PSK,0.0,team
categorical__team_PSQ,0.0,team
categorical__team_PSX,0.0,team
categorical__team_PTD,0.0,team
categorical__team_PUGS,0.0,team
categorical__team_PUGz,0.0,team
categorical__team_PUNC,0.0,team
categorical__team_PURP,0.0,team
categorical__team_PW,0.0,team
categorical__team_PWYH,0.0,team
categorical__team_PXM,0.0,team
categorical__team_Paci,0.0,team
categorical__team_Pack,0.0,team
categorical__team_Pana,0.0,team
categorical__team_Pand,0.0,team
categorical__team_Pare,0.0,team
categorical__team_Part,0.0,team
categorical__team_Patr,0.0,team
categorical__team_Peek,0.0,team
categorical__team_Peep,0.0,team
categorical__team_Pega,0.0,team
categorical__team_Pent,0.0,team
categorical__team_Perf,0.0,team
categorical__team_Phoe,0.0,team
categorical__team_Pizz,0.0,team
categorical__team_Play,0.0,team
categorical__team_Podp,0.0,team
categorical__team_Pog,0.0,team
categorical__team_Poin,0.0,team
categorical__team_Pois,0.0,team
categorical__team_Poiz,0.0,team
categorical__team_Pola,0.0,team
categorical__team_Polo,0.0,team
categorical__team_Pomi,0.0,team
categorical__team_Posi,0.0,team
categorical__team_Powe,0.0,team
categorical__team_Prec,0.0,team
categorical__team_Pred,0.0,team
categorical__team_Prem,0.0,team
categorical__team_Pres,0.0,team
categorical__team_Prim,0.0,team
categorical__team_Prin,0.0,team
categorical__team_Pro,0.0,team
categorical__team_Procyon,0.0,team
categorical__team_Prof,0.0,team
categorical__team_Proj,0.0,team
categorical__team_Pros,0.0,team
categorical__team_Prow,0.0,team
categorical__team_Psyc,0.0,team
categorical__team_Pugg,0.0,team
categorical__team_Puls,0.0,team
categorical__team_Pumm,0.0,team
categorical__team_Purp,0.0,team
categorical__team_PvS,0.0,team
categorical__team_PÊEK,0.0,team
categorical__team_Q CA,0.0,team
categorical__team_QLF,0.0,team
categorical__team_QLQR,0.0,team
categorical__team_QQ,0.0,team
categorical__team_QQQ,0.0,team
categorical__team_QT,0.0,team
categorical__team_QUES,0.0,team
categorical__team_Quan,0.0,team
categorical__team_Que,0.0,team
categorical__team_Quee,0.0,team
categorical__team_R$,0.0,team
categorical__team_R&MB,0.0,team
categorical__team_RAD,0.0,team
categorical__team_RAGE,0.0,team
categorical__team_RAGI,0.0,team
categorical__team_RARE,0.0,team
categorical__team_RATA,0.0,team
categorical__team_RATS,0.0,team
categorical__team_RAVE,0.0,team
categorical__team_RAX,0.0,team
categorical__team_RB,0.0,team
categorical__team_RBL,0.0,team
categorical__team_RBLS,0.0,team
categorical__team_RC,0.0,team
categorical__team_RCB,0.0,team
categorical__team_RCTI,0.0,team
categorical__team_RD E,0.0,team
categorical__team_RDW,0.0,team
categorical__team_RE,0.0,team
categorical__team_RED,0.0,team
categorical__team_RED8,0.0,team
categorical__team_REG,0.0,team
categorical__team_REGE,0.0,team
categorical__team_REI,0.0,team
categorical__team_RESO,0.0,team
categorical__team_RF,0.0,team
categorical__team_RFD,0.0,team
categorical__team_RG,0.0,team
categorical__team_RGE,0.0,team
categorical__team_RGN,0.0,team
categorical__team_RID,0.0,team
categorical__team_RIG,0.0,team
categorical__team_RILL,0.0,team
categorical__team_RIO,0.0,team
categorical__team_RIPS,0.0,team
categorical__team_RISE,0.0,team
categorical__team_RIT,0.0,team
categorical__team_RIVAL,0.0,team
categorical__team_RIX,0.0,team
categorical__team_RL,0.0,team
categorical__team_RLX,0.0,team
categorical__team_RM,0.0,team
categorical__team_RMIT,0.0,team
categorical__team_RNG,0.0,team
categorical__team_ROG,0.0,team
categorical__team_ROISS,0.0,team
categorical__team_ROLO,0.0,team
categorical__team_RON,0.0,team
categorical__team_RR,0.0,team
categorical__team_RRQ,0.0,team
categorical__team_RTG,0.0,team
categorical__team_RTS,0.0,team
categorical__team_RUSH,0.0,team
categorical__team_RVG,0.0,team
categorical__team_RVNT,0.0,team
categorical__team_RVS,0.0,team
categorical__team_RYLS,0.0,team
categorical__team_RYU,0.0,team
categorical__team_RYZ,0.0,team
categorical__team_Race,0.0,team
categorical__team_Radi,0.0,team
categorical__team_Raft,0.0,team
categorical__team_Ragi,0.0,team
categorical__team_Ragn,0.0,team
categorical__team_Raij,0.0,team
categorical__team_Ramp,0.0,team
categorical__team_Ranc,0.0,team
categorical__team_Rapt,0.0,team
categorical__team_Rave,0.0,team
categorical__team_Rayl,0.0,team
categorical__team_Reac,0.0,team
categorical__team_Rebe,0.0,team
categorical__team_Rebo,0.0,team
categorical__team_Recca.P,0.0,team
categorical__team_Reco,0.0,team
categorical__team_Red,0.0,team
categorical__team_RedM,0.0,team
categorical__team_RedP,0.0,team
categorical__team_Redr,0.0,team
categorical__team_Refo,0.0,team
categorical__team_Rega,0.0,team
categorical__team_Reig,0.0,team
categorical__team_Rel,0.0,team
categorical__team_Rend,0.0,team
categorical__team_Rene,0.0,team
categorical__team_Resc,0.0,team
categorical__team_Reve,0.0,team
categorical__team_Revi,0.0,team
categorical__team_Revo,0.0,team
categorical__team_Rexp,0.0,team
categorical__team_Rhyn,0.0,team
categorical__team_Rise,0.0,team
categorical__team_Risu,0.0,team
categorical__team_RnG,0.0,team
categorical__team_Roge,0.0,team
categorical__team_Roh,0.0,team
categorical__team_Roni,0.0,team
categorical__team_Rose,0.0,team
categorical__team_Roul,0.0,team
categorical__team_Roya,0.0,team
categorical__team_Rugr,0.0,team
categorical__team_Rumo,0.0,team
categorical__team_Run,0.0,team
categorical__team_Runa,0.0,team
categorical__team_Runn,0.0,team
categorical__team_S*ON,0.0,team
categorical__team_S1,0.0,team
categorical__team_S2K,0.0,team
categorical__team_S2P,0.0,team
categorical__team_S4-G,0.0,team
categorical__team_S4F,0.0,team
categorical__team_S7,0.0,team
categorical__team_SALT,0.0,team
categorical__team_SALV,0.0,team
categorical__team_SANA,0.0,team
categorical__team_SAV,0.0,team
categorical__team_SAW,0.0,team
categorical__team_SB,0.0,team
categorical__team_SBE,0.0,team
categorical__team_SBL,0.0,team
categorical__team_SBTC,0.0,team
categorical__team_SCAR,0.0,team
categorical__team_SCY,0.0,team
categorical__team_SD,0.0,team
categorical__team_SDB,0.0,team
categorical__team_SDG,0.0,team
categorical__team_SDM,0.0,team
categorical__team_SE,0.0,team
categorical__team_SEMO,0.0,team
categorical__team_SEN,0.0,team
categorical__team_SENT,0.0,team
categorical__team_SER,0.0,team
categorical__team_SES,0.0,team
categorical__team_SF,0.0,team
categorical__team_SFT,0.0,team
categorical__team_SG,0.0,team
categorical__team_SGA,0.0,team
categorical__team_SGG,0.0,team
categorical__team_SH,0.0,team
categorical__team_SHB,0.0,team
categorical__team_SHIN,0.0,team
categorical__team_SHK,0.0,team
categorical__team_SHN,0.0,team
categorical__team_SHOW,0.0,team
categorical__team_SHUS,0.0,team
categorical__team_SHV,0.0,team
categorical__team_SICK,0.0,team
categorical__team_SIMP,0.0,team
categorical__team_SK,0.0,team
categorical__team_SKC,0.0,team
categorical__team_SKS,0.0,team
categorical__team_SKT,0.0,team
categorical__team_SKW,0.0,team
categorical__team_SLAY,0.0,team
categorical__team_SLK,0.0,team
categorical__team_SLMY,0.0,team
categorical__team_SLOD,0.0,team
categorical__team_SLU,0.0,team
categorical__team_SMD,0.0,team
categorical__team_SMG,0.0,team
categorical__team_SMP,0.0,team
categorical__team_SN,0.0,team
categorical__team_SNG,0.0,team
categorical__team_SNH,0.0,team
categorical__team_SNJ,0.0,team
categorical__team_SNK,0.0,team
categorical__team_SNM,0.0,team
categorical__team_SNX,0.0,team
categorical__team_SOL,0.0,team
categorical__team_SOR,0.0,team
categorical__team_SOTZ,0.0,team
categorical__team_SP,0.0,team
categorical__team_SPACE,0.0,team
categorical__team_SPED,0.0,team
categorical__team_SPG,0.0,team
categorical__team_SPL,0.0,team
categorical__team_SPX,0.0,team
categorical__team_SPY,0.0,team
categorical__team_SQ,0.0,team
categorical__team_SR,0.0,team
categorical__team_SR T,0.0,team
categorical__team_SR.GC,0.0,team
categorical__team_SRB,0.0,team
categorical__team_SRH,0.0,team
categorical__team_SS,0.0,team
categorical__team_SSA,0.0,team
categorical__team_SSC,0.0,team
categorical__team_SSG,0.0,team
categorical__team_SSP,0.0,team
categorical__team_SSW,0.0,team
categorical__team_STAGA,0.0,team
categorical__team_STCE,0.0,team
categorical__team_STEP,0.0,team
categorical__team_STG,0.0,team
categorical__team_STOP,0.0,team
categorical__team_STOR,0.0,team
categorical__team_STRE,0.0,team
categorical__team_STRM,0.0,team
categorical__team_STY,0.0,team
categorical__team_SUN7,0.0,team
categorical__team_SUP,0.0,team
categorical__team_SUPD,0.0,team
categorical__team_SUPR,0.0,team
categorical__team_SUR,0.0,team
categorical__team_SUS,0.0,team
categorical__team_SVGE,0.0,team
categorical__team_SW,0.0,team
categorical__team_SWAR,0.0,team
categorical__team_SYG,0.0,team
categorical__team_SYN,0.0,team
categorical__team_SYND,0.0,team
categorical__team_SYR,0.0,team
categorical__team_SYS,0.0,team
categorical__team_SZ,0.0,team
categorical__team_Sabe,0.0,team
categorical__team_Sabr,0.0,team
categorical__team_Sain,0.0,team
categorical__team_Saks,0.0,team
categorical__team_Sala,0.0,team
categorical__team_Salu,0.0,team
categorical__team_SamP,0.0,team
categorical__team_Samu,0.0,team
categorical__team_San,0.0,team
categorical__team_Sangal,0.0,team
categorical__team_Sapl,0.0,team
categorical__team_Save,0.0,team
categorical__team_Savi,0.0,team
categorical__team_Say,0.0,team
categorical__team_Sbre,0.0,team
categorical__team_ScL Ende,0.0,team
categorical__team_Scar,0.0,team
categorical__team_Scha,0.0,team
categorical__team_Scoo,0.0,team
categorical__team_Scyt,0.0,team
categorical__team_Sear,0.0,team
categorical__team_Sech,0.0,team
categorical__team_Seco,0.0,team
categorical__team_SeeF,0.0,team
categorical__team_Sem,0.0,team
categorical__team_Sene,0.0,team
categorical__team_Sens,0.0,team
categorical__team_Sent,0.0,team
categorical__team_Serv,0.0,team
categorical__team_Seve,0.0,team
categorical__team_Sewe,0.0,team
categorical__team_Shad,0.0,team
categorical__team_Shak,0.0,team
categorical__team_Shar,0.0,team
categorical__team_Shaz,0.0,team
categorical__team_Shie,0.0,team
categorical__team_Shif,0.0,team
categorical__team_Shik,0.0,team
categorical__team_Shim,0.0,team
categorical__team_Shoc,0.0,team
categorical__team_Shoo,0.0,team
categorical__team_Sibe,0.0,team
categorical__team_Sica,0.0,team
categorical__team_Sile,0.0,team
categorical__team_Sino,0.0,team
categorical__team_Siva,0.0,team
categorical__team_Sixt,0.0,team
categorical__team_Skel,0.0,team
categorical__team_Skyl,0.0,team
categorical__team_Slee,0.0,team
categorical__team_Smil,0.0,team
categorical__team_SnP,0.0,team
categorical__team_SoaR,0.0,team
categorical__team_Sold,0.0,team
categorical__team_Soma,0.0,team
categorical__team_Sore,0.0,team
categorical__team_Soul,0.0,team
categorical__team_Sout,0.0,team
categorical__team_Sp,0.0,team
categorical__team_Spac,0.0,team
categorical__team_Span,0.0,team
categorical__team_Spec,0.0,team
categorical__team_Spir,0.0,team
categorical__team_Stan,0.0,team
categorical__team_Star,0.0,team
categorical__team_Stat,0.0,team
categorical__team_Stay,0.0,team
categorical__team_Stea,0.0,team
categorical__team_Stel,0.0,team
categorical__team_Stin,0.0,team
categorical__team_Stor,0.0,team
categorical__team_Stra,0.0,team
categorical__team_Stro,0.0,team
categorical__team_Stun,0.0,team
categorical__team_Stuv,0.0,team
categorical__team_Sun,0.0,team
categorical__team_Sunn,0.0,team
categorical__team_Supe,0.0,team
categorical__team_Supr,0.0,team
categorical__team_Sush,0.0,team
categorical__team_Suss,0.0,team
categorical__team_Swa,0.0,team
categorical__team_Swar,0.0,team
categorical__team_Swee,0.0,team
categorical__team_Swio,0.0,team
categorical__team_SyN,0.0,team
categorical__team_Syko,0.0,team
categorical__team_Synt,0.0,team
categorical__team_SzG,0.0,team
categorical__team_Só,0.0,team
categorical__team_Sør,0.0,team
categorical__team_T.A.,0.0,team
categorical__team_T1,0.0,team
categorical__team_T2K,0.0,team
categorical__team_T5,0.0,team
categorical__team_T69,0.0,team
categorical__team_TA,0.0,team
categorical__team_TAC,0.0,team
categorical__team_TAIYO,0.0,team
categorical__team_TAMU,0.0,team
categorical__team_TAN,0.0,team
categorical__team_TAP,0.0,team
categorical__team_TBA2,0.0,team
categorical__team_TBG,0.0,team
categorical__team_TBP,0.0,team
categorical__team_TBS,0.0,team
categorical__team_TC,0.0,team
categorical__team_TCE,0.0,team
categorical__team_TD,0.0,team
categorical__team_TDCC,0.0,team
categorical__team_TDI,0.0,team
categorical__team_TDK,0.0,team
categorical__team_TE,0.0,team
categorical__team_TEAM,0.0,team
categorical__team_TEN,0.0,team
categorical__team_TES,0.0,team
categorical__team_TETA,0.0,team
categorical__team_TF,0.0,team
categorical__team_TFE,0.0,team
categorical__team_TFG,0.0,team
categorical__team_TFN,0.0,team
categorical__team_TFO,0.0,team
categorical__team_TFR,0.0,team
categorical__team_TGH,0.0,team
categorical__team_TGH L,0.0,team
categorical__team_TGPA,0.0,team
categorical__team_TGR,0.0,team
categorical__team_TGRD,0.0,team
categorical__team_TH,0.0,team
categorical__team_THA,0.0,team
categorical__team_THAN,0.0,team
categorical__team_THE,0.0,team
categorical__team_TI,0.0,team
categorical__team_TIAN,0.0,team
categorical__team_TIE,0.0,team
categorical__team_TILT,0.0,team
categorical__team_TJS,0.0,team
categorical__team_TLN,0.0,team
categorical__team_TLP,0.0,team
categorical__team_TLS,0.0,team
categorical__team_TLV,0.0,team
categorical__team_TM,0.0,team
categorical__team_TMA,0.0,team
categorical__team_TME,0.0,team
categorical__team_TMG,0.0,team
categorical__team_TMJ,0.0,team
categorical__team_TMM,0.0,team
categorical__team_TMM1,0.0,team
categorical__team_TMM3,0.0,team
categorical__team_TMP,0.0,team
categorical__team_TMQ,0.0,team
categorical__team_TMSPACE,0.0,team
categorical__team_TNET,0.0,team
categorical__team_TNL,0.0,team
categorical__team_TNS,0.0,team
categorical__team_TO,0.0,team
categorical__team_TOKYO,0.0,team
categorical__team_TOP,0.0,team
categorical__team_TORO,0.0,team
categorical__team_TOSP,0.0,team
categorical__team_TPG,0.0,team
categorical__team_TQM,0.0,team
categorical__team_TR,0.0,team
categorical__team_TR4K,0.0,team
categorical__team_TRB,0.0,team
categorical__team_TRD,0.0,team
categorical__team_TRG,0.0,team
categorical__team_TRI,0.0,team
categorical__team_TRIA,0.0,team
categorical__team_TRS,0.0,team
categorical__team_TRY,0.0,team
categorical__team_TS,0.0,team
categorical__team_TSG,0.0,team
categorical__team_TSM,0.0,team
categorical__team_TSR,0.0,team
categorical__team_TSY,0.0,team
categorical__team_TT,0.0,team
categorical__team_TTRS,0.0,team
categorical__team_TTSH,0.0,team
categorical__team_TTW,0.0,team
categorical__team_TUMT,0.0,team
categorical__team_TW,0.0,team
categorical__team_TWQ,0.0,team
categorical__team_TXR,0.0,team
categorical__team_TYR,0.0,team
categorical__team_TZ,0.0,team
categorical__team_Tact,0.0,team
categorical__team_Tail,0.0,team
categorical__team_Taip,0.0,team
categorical__team_Take,0.0,team
categorical__team_Tala,0.0,team
categorical__team_Taun,0.0,team
categorical__team_Taur,0.0,team
categorical__team_TeVo,0.0,team
categorical__team_Team,0.0,team
categorical__team_Temp,0.0,team
categorical__team_Tena,0.0,team
categorical__team_Test,0.0,team
categorical__team_The,0.0,team
categorical__team_TheL,0.0,team
categorical__team_Theo,0.0,team
categorical__team_Thie,0.0,team
categorical__team_Thor,0.0,team
categorical__team_Thou,0.0,team
categorical__team_Thri,0.0,team
categorical__team_Thro,0.0,team
categorical__team_Thun,0.0,team
categorical__team_TiA,0.0,team
categorical__team_Tida,0.0,team
categorical__team_Tieb,0.0,team
categorical__team_Tiik,0.0,team
categorical__team_Tita,0.0,team
categorical__team_Titx,0.0,team
categorical__team_To D,0.0,team
categorical__team_Toh,0.0,team
categorical__team_Toky,0.0,team
categorical__team_Tone,0.0,team
categorical__team_Top,0.0,team
categorical__team_Tori,0.0,team
categorical__team_Trea,0.0,team
categorical__team_Trei,0.0,team
categorical__team_TriM,0.0,team
categorical__team_Tril,0.0,team
categorical__team_Trin,0.0,team
categorical__team_Tris,0.0,team
categorical__team_Trop,0.0,team
categorical__team_True,0.0,team
categorical__team_Try,0.0,team
categorical__team_Tunk,0.0,team
categorical__team_Turm,0.0,team
categorical__team_UA,0.0,team
categorical__team_UAESA.G,0.0,team
categorical__team_UBI,0.0,team
categorical__team_UBT,0.0,team
categorical__team_UC,0.0,team
categorical__team_UCAM,0.0,team
categorical__team_UCE,0.0,team
categorical__team_UCF,0.0,team
categorical__team_UES,0.0,team
categorical__team_UFMG,0.0,team
categorical__team_UFO,0.0,team
categorical__team_UG,0.0,team
categorical__team_UGIT,0.0,team
categorical__team_UGK,0.0,team
categorical__team_UH E,0.0,team
categorical__team_UK,0.0,team
categorical__team_UL,0.0,team
categorical__team_ULUG,0.0,team
categorical__team_ULVL,0.0,team
categorical__team_UNB,0.0,team
categorical__team_UNDE,0.0,team
categorical__team_UNK,0.0,team
categorical__team_UNKT,0.0,team
categorical__team_UNN,0.0,team
categorical__team_UOL,0.0,team
categorical__team_UP,0.0,team
categorical__team_UR,0.0,team
categorical__team_UYU,0.0,team
categorical__team_Ugly,0.0,team
categorical__team_Ukul,0.0,team
categorical__team_Ulti,0.0,team
categorical__team_Un M,0.0,team
categorical__team_Unde,0.0,team
categorical__team_Unge,0.0,team
categorical__team_Unic,0.0,team
categorical__team_Uniq,0.0,team
categorical__team_Univ,0.0,team
categorical__team_Unkn,0.0,team
categorical__team_Unle,0.0,team
categorical__team_Unpr,0.0,team
categorical__team_Up N,0.0,team
categorical__team_Updr,0.0,team
categorical__team_Urub,0.0,team
categorical__team_Uruz,0.0,team
categorical__team_Utah,0.0,team
categorical__team_UwU,0.0,team
categorical__team_Uzhi,0.0,team
categorical__team_V K3,0.0,team
categorical__team_V1,0.0,team
categorical__team_V1XO,0.0,team
categorical__team_V7,0.0,team
categorical__team_VAGO,0.0,team
categorical__team_VALO,0.0,team
categorical__team_VAMO,0.0,team
categorical__team_VC7,0.0,team
categorical__team_VCT,0.0,team
categorical__team_VCTI,0.0,team
categorical__team_VCTRY,0.0,team
categorical__team_VE,0.0,team
categorical__team_VEN,0.0,team
categorical__team_VER,0.0,team
categorical__team_VEXEC,0.0,team
categorical__team_VEXO,0.0,team
categorical__team_VF,0.0,team
categorical__team_VGB,0.0,team
categorical__team_VGM,0.0,team
categorical__team_VIC,0.0,team
categorical__team_VIM,0.0,team
categorical__team_VIN,0.0,team
categorical__team_VIT,0.0,team
categorical__team_VKS,0.0,team
categorical__team_VL,0.0,team
categorical__team_VLK,0.0,team
categorical__team_VLN,0.0,team
categorical__team_VLT,0.0,team
categorical__team_VLX,0.0,team
categorical__team_VMS,0.0,team
categorical__team_VN,0.0,team
categorical__team_VNG,0.0,team
categorical__team_VOINxDRIP,0.0,team
categorical__team_VOIX,0.0,team
categorical__team_VOX.HK,0.0,team
categorical__team_VPK,0.0,team
categorical__team_VPZ,0.0,team
categorical__team_VRT,0.0,team
categorical__team_VRTX,0.0,team
categorical__team_VS,0.0,team
categorical__team_VV,0.0,team
categorical__team_VVC,0.0,team
categorical__team_VVT,0.0,team
categorical__team_VVV,0.0,team
categorical__team_VX1,0.0,team
categorical__team_VYG,0.0,team
categorical__team_Vacu,0.0,team
categorical__team_Vale,0.0,team
categorical__team_Valh,0.0,team
categorical__team_Valk,0.0,team
categorical__team_Valo,0.0,team
categorical__team_Vals,0.0,team
categorical__team_Vamm,0.0,team
categorical__team_Vanc,0.0,team
categorical__team_Vatr,0.0,team
categorical__team_Vcto,0.0,team
categorical__team_Vegg,0.0,team
categorical__team_Vend,0.0,team
categorical__team_Veno,0.0,team
categorical__team_Verm,0.0,team
categorical__team_Vert,0.0,team
categorical__team_Very,0.0,team
categorical__team_Vexed,0.0,team
categorical__team_Vi4,0.0,team
categorical__team_Vial,0.0,team
categorical__team_Vice,0.0,team
categorical__team_Vici,0.0,team
categorical__team_Vict,0.0,team
categorical__team_Viel,0.0,team
categorical__team_Vieu,0.0,team
categorical__team_Vipe,0.0,team
categorical__team_Vire,0.0,team
categorical__team_Virg,0.0,team
categorical__team_Virt,0.0,team
categorical__team_Vitr,0.0,team
categorical__team_Viva,0.0,team
categorical__team_Volt,0.0,team
categorical__team_Vora,0.0,team
categorical__team_Vozm,0.0,team
categorical__team_Vulp,0.0,team
categorical__team_Vx,0.0,team
categorical__team_W Ga,0.0,team
categorical__team_WAP,0.0,team
categorical__team_WAT,0.0,team
categorical__team_WATA,0.0,team
categorical__team_WAY,0.0,team
categorical__team_WB,0.0,team
categorical__team_WBB,0.0,team
categorical__team_WDNM,0.0,team
categorical__team_WEDA,0.0,team
categorical__team_WEDO,0.0,team
categorical__team_WEST,0.0,team
categorical__team_WFNT,0.0,team
categorical__team_WG,0.0,team
categorical__team_WGS,0.0,team
categorical__team_WHAA,0.0,team
categorical__team_WHAT,0.0,team
categorical__team_WHO,0.0,team
categorical__team_WHOM,0.0,team
categorical__team_WHR,0.0,team
categorical__team_WICK,0.0,team
categorical__team_WILD,0.0,team
categorical__team_WKR,0.0,team
categorical__team_WKTM,0.0,team
categorical__team_WL,0.0,team
categorical__team_WLG,0.0,team
categorical__team_WMF,0.0,team
categorical__team_WMTF,0.0,team
categorical__team_WNF,0.0,team
categorical__team_WP,0.0,team
categorical__team_WR,0.0,team
categorical__team_WRNG,0.0,team
categorical__team_WRS,0.0,team
categorical__team_WS,0.0,team
categorical__team_WT,0.0,team
categorical__team_WYWM,0.0,team
categorical__team_WaVii,0.0,team
categorical__team_WaW,0.0,team
categorical__team_Waif,0.0,team
categorical__team_Waka,0.0,team
categorical__team_Want,0.0,team
categorical__team_Warn,0.0,team
categorical__team_Wave,0.0,team
categorical__team_We D,0.0,team
categorical__team_We N,0.0,team
categorical__team_We R,0.0,team
categorical__team_Weak,0.0,team
categorical__team_Weeb,0.0,team
categorical__team_Ween,0.0,team
categorical__team_What,0.0,team
categorical__team_Whee,0.0,team
categorical__team_Whis,0.0,team
categorical__team_Whit,0.0,team
categorical__team_Whynot,0.0,team
categorical__team_WiLD,0.0,team
categorical__team_Wind,0.0,team
categorical__team_Wins,0.0,team
categorical__team_Witc,0.0,team
categorical__team_With,0.0,team
categorical__team_Wolf,0.0,team
categorical__team_Wolv,0.0,team
categorical__team_Wolves,0.0,team
categorical__team_Woof,0.0,team
categorical__team_Word,0.0,team
categorical__team_Wulf,0.0,team
categorical__team_Wygers,0.0,team
categorical__team_X10,0.0,team
categorical__team_X5,0.0,team
categorical__team_X7,0.0,team
categorical__team_X9ti,0.0,team
categorical__team_XF,0.0,team
categorical__team_XFlo,0.0,team
categorical__team_XIA,0.0,team
categorical__team_XIAO,0.0,team
categorical__team_XL,0.0,team
categorical__team_XLC,0.0,team
categorical__team_XLE,0.0,team
categorical__team_XO,0.0,team
categorical__team_XSET,0.0,team
categorical__team_XTM,0.0,team
categorical__team_XTR,0.0,team
categorical__team_XTRE,0.0,team
categorical__team_XYB,0.0,team
categorical__team_XYZ,0.0,team
categorical__team_XcN,0.0,team
categorical__team_Xiro,0.0,team
categorical__team_Xpli,0.0,team
categorical__team_Xtar,0.0,team
categorical__team_Xtre,0.0,team
categorical__team_Xzer,0.0,team
categorical__team_YA,0.0,team
categorical__team_YA M,0.0,team
categorical__team_YFP,0.0,team
categorical__team_YGGP,0.0,team
categorical__team_YLA,0.0,team
categorical__team_YMA,0.0,team
categorical__team_YMCA,0.0,team
categorical__team_YMG,0.0,team
categorical__team_YNH,0.0,team
categorical__team_YODH,0.0,team
categorical__team_YONK,0.0,team
categorical__team_YTX,0.0,team
categorical__team_YZ,0.0,team
categorical__team_Yaku,0.0,team
categorical__team_Yase,0.0,team
categorical__team_Youn,0.0,team
categorical__team_Z-Ma,0.0,team
categorical__team_Z11,0.0,team
categorical__team_Z19,0.0,team
categorical__team_ZDL,0.0,team
categorical__team_ZER,0.0,team
categorical__team_ZERO,0.0,team
categorical__team_ZETA,0.0,team
categorical__team_ZLS,0.0,team
categorical__team_ZMM,0.0,team
categorical__team_ZMM.B,0.0,team
categorical__team_ZMM.S,0.0,team
categorical__team_ZNTH,0.0,team
categorical__team_ZOL,0.0,team
categorical__team_ZOTIX,0.0,team
categorical__team_ZR,0.0,team
categorical__team_ZS,0.0,team
categorical__team_ZXC,0.0,team
categorical__team_ZZ,0.0,team
categorical__team_ZZZ,0.0,team
categorical__team_ZaPs,0.0,team
categorical__team_Zake,0.0,team
categorical__team_ZeN,0.0,team
categorical__team_Zeal,0.0,team
categorical__team_Zelo,0.0,team
categorical__team_Zen2,0.0,team
categorical__team_Zeni,0.0,team
categorical__team_Zerc,0.0,team
categorical__team_Zeus,0.0,team
categorical__team_Zofa,0.0,team
categorical__team_Zoni,0.0,team
categorical__team_Zoom,0.0,team
categorical__team_Zyti,0.0,team
categorical__team___unknown__,0.0,team
categorical__team_a cr,0.0,team
categorical__team_aaaa,0.0,team
categorical__team_abcd,0.0,team
categorical__team_abus,0.0,team
categorical__team_anim,0.0,team
categorical__team_anime,0.0,team
categorical__team_anor,0.0,team
categorical__team_aqua,0.0,team
categorical__team_atre,0.0,team
categorical__team_ayne,0.0,team
categorical__team_azzi,0.0,team
categorical__team_back,0.0,team
categorical__team_bana,0.0,team
categorical__team_bb k,0.0,team
categorical__team_bc,0.0,team
categorical__team_bene,0.0,team
categorical__team_best,0.0,team
categorical__team_bigm,0.0,team
categorical__team_blab,0.0,team
categorical__team_blac,0.0,team
categorical__team_blae,0.0,team
categorical__team_boa,0.0,team
categorical__team_boli,0.0,team
categorical__team_brat,0.0,team
categorical__team_bris,0.0,team
categorical__team_brow,0.0,team
categorical__team_call,0.0,team
categorical__team_calo,0.0,team
categorical__team_catJ,0.0,team
categorical__team_chil,0.0,team
categorical__team_chiu,0.0,team
categorical__team_cis,0.0,team
categorical__team_cool,0.0,team
categorical__team_couc,0.0,team
categorical__team_csde,0.0,team
categorical__team_cute,0.0,team
categorical__team_d0g,0.0,team
categorical__team_de_p,0.0,team
categorical__team_deat,0.0,team
categorical__team_deto,0.0,team
categorical__team_df,0.0,team
categorical__team_dgen,0.0,team
categorical__team_dior,0.0,team
categorical__team_dog$,0.0,team
categorical__team_dogz,0.0,team
categorical__team_doid,0.0,team
categorical__team_done,0.0,team
categorical__team_dotE,0.0,team
categorical__team_driv,0.0,team
categorical__team_eU,0.0,team
categorical__team_eXiLe,0.0,team
categorical__team_el b,0.0,team
categorical__team_eu e,0.0,team
categorical__team_ex I,0.0,team
categorical__team_ex l,0.0,team
categorical__team_ex-A,0.0,team
categorical__team_ex-P,0.0,team
categorical__team_ex-R,0.0,team
categorical__team_ex-R5,0.0,team
categorical__team_ex-S,0.0,team
categorical__team_ex-WC,0.0,team
categorical__team_expe,0.0,team
categorical__team_ez,0.0,team
categorical__team_ez5,0.0,team
categorical__team_fM,0.0,team
categorical__team_fR,0.0,team
categorical__team_fake,0.0,team
categorical__team_fast,0.0,team
categorical__team_fat7,0.0,team
categorical__team_feel,0.0,team
categorical__team_forZ,0.0,team
categorical__team_fort,0.0,team
categorical__team_frea,0.0,team
categorical__team_free,0.0,team
categorical__team_frog,0.0,team
categorical__team_full,0.0,team
categorical__team_furi,0.0,team
categorical__team_g0ga,0.0,team
categorical__team_geek,0.0,team
categorical__team_goth,0.0,team
categorical__team_gso,0.0,team
categorical__team_gucc,0.0,team
categorical__team_hPw,0.0,team
categorical__team_hash,0.0,team
categorical__team_head,0.0,team
categorical__team_hlns,0.0,team
categorical__team_iNCR,0.0,team
categorical__team_iNg,0.0,team
categorical__team_iPon,0.0,team
categorical__team_iXA,0.0,team
categorical__team_idkm,0.0,team
categorical__team_idon,0.0,team
categorical__team_illm,0.0,team
categorical__team_impr,0.0,team
categorical__team_jaba,0.0,team
categorical__team_jn,0.0,team
categorical__team_kapt,0.0,team
categorical__team_karm,0.0,team
categorical__team_keba,0.0,team
categorical__team_kom4ka,0.0,team
categorical__team_kryz,0.0,team
categorical__team_l3wn,0.0,team
categorical__team_lanc,0.0,team
categorical__team_lani,0.0,team
categorical__team_lave,0.0,team
categorical__team_lept,0.0,team
categorical__team_locu,0.0,team
categorical__team_look,0.0,team
categorical__team_m8,0.0,team
categorical__team_mato,0.0,team
categorical__team_mayb,0.0,team
categorical__team_mcch,0.0,team
categorical__team_mcdo,0.0,team
categorical__team_meme,0.0,team
categorical__team_mhm,0.0,team
categorical__team_miks,0.0,team
categorical__team_mira,0.0,team
categorical__team_mix,0.0,team
categorical__team_mix5,0.0,team
categorical__team_mode,0.0,team
categorical__team_monk,0.0,team
categorical__team_mozz,0.0,team
categorical__team_n0gr,0.0,team
categorical__team_nAts,0.0,team
categorical__team_nF,0.0,team
categorical__team_nW,0.0,team
categorical__team_naos,0.0,team
categorical__team_nebu,0.0,team
categorical__team_nerd,0.0,team
categorical__team_next,0.0,team
categorical__team_nice,0.0,team
categorical__team_nmDM,0.0,team
categorical__team_no n,0.0,team
categorical__team_notb,0.0,team
categorical__team_nuBo,0.0,team
categorical__team_nway,0.0,team
categorical__team_não,0.0,team
categorical__team_o7,0.0,team
categorical__team_oFby,0.0,team
categorical__team_onli,0.0,team
categorical__team_orgl,0.0,team
categorical__team_os r,0.0,team
categorical__team_owna,0.0,team
categorical__team_p5,0.0,team
categorical__team_paiN,0.0,team
categorical__team_pars,0.0,team
categorical__team_pepe,0.0,team
categorical__team_play,0.0,team
categorical__team_psyh,0.0,team
categorical__team_puGG,0.0,team
categorical__team_r5,0.0,team
categorical__team_radi,0.0,team
categorical__team_rank,0.0,team
categorical__team_rats,0.0,team
categorical__team_rciv,0.0,team
categorical__team_roar,0.0,team
categorical__team_sX,0.0,team
categorical__team_sad,0.0,team
categorical__team_sauce,0.0,team
categorical__team_seek,0.0,team
categorical__team_shar,0.0,team
categorical__team_shin,0.0,team
categorical__team_sile,0.0,team
categorical__team_slim,0.0,team
categorical__team_smel,0.0,team
categorical__team_soyb,0.0,team
categorical__team_swee,0.0,team
categorical__team_szme,0.0,team
categorical__team_tba,0.0,team
categorical__team_team,0.0,team
categorical__team_tftt,0.0,team
categorical__team_the,0.0,team
categorical__team_theg,0.0,team
categorical__team_thew,0.0,team
categorical__team_tier,0.0,team
categorical__team_tp2luz,0.0,team
categorical__team_tr4s,0.0,team
categorical__team_trop,0.0,team
categorical__team_tryi,0.0,team
categorical__team_tryo,0.0,team
categorical__team_turk,0.0,team
categorical__team_uG,0.0,team
categorical__team_uP,0.0,team
categorical__team_uhrb,0.0,team
categorical__team_ulit,0.0,team
categorical__team_unjo,0.0,team
categorical__team_unra,0.0,team
categorical__team_vega,0.0,team
categorical__team_velm,0.0,team
categorical__team_vodk,0.0,team
categorical__team_vole,0.0,team
categorical__team_w0wC,0.0,team
categorical__team_wS,0.0,team
categorical__team_wash,0.0,team
categorical__team_we l,0.0,team
categorical__team_who,0.0,team
categorical__team_whyd,0.0,team
categorical__team_winn,0.0,team
categorical__team_wm,0.0,team
categorical__team_xCee,0.0,team
categorical__team_xD,0.0,team
categorical__team_xt,0.0,team
categorical__team_yell,0.0,team
categorical__team_yoru,0.0,team
categorical__team_youn,0.0,team
categorical__team_zL,0.0,team
categorical__team_zTit,0.0,team
categorical__team_zZz,0.0,team
categorical__team_zero,0.0,team
categorical__team_zest,0.0,team
categorical__team_zyzz,0.0,team
categorical__team_Æ,0.0,team
categorical__team_świ,0.0,team
categorical__team_ŞAK,0.0,team
categorical__team_šmu,0.0,team
categorical__team_СС,0.0,team
categorical__team_ЧИ,0.0,team
categorical__team_ад,0.0,team
categorical__opponent_team_#1 Victory Royale,0.0,opponent_team
categorical__opponent_team_010 Esports,0.0,opponent_team
categorical__opponent_team_01234,0.0,opponent_team
categorical__opponent_team_0Zero,0.0,opponent_team
categorical__opponent_team_100 Thieves,0.0,opponent_team
categorical__opponent_team_1000-7,0.0,opponent_team
categorical__opponent_team_100paz,0.0,opponent_team
categorical__opponent_team_1234,0.0,opponent_team
categorical__opponent_team_123TAP,0.0,opponent_team
categorical__opponent_team_1280x960,0.0,opponent_team
categorical__opponent_team_1337,0.0,opponent_team
categorical__opponent_team_15 Kings,0.0,opponent_team
categorical__opponent_team_1620 Kings,0.0,opponent_team
categorical__opponent_team_18again,0.0,opponent_team
categorical__opponent_team_19esports,0.0,opponent_team
categorical__opponent_team_1Night eSport,0.0,opponent_team
categorical__opponent_team_1Percent,0.0,opponent_team
categorical__opponent_team_1Rule,0.0,opponent_team
categorical__opponent_team_1gameandwegohome,0.0,opponent_team
categorical__opponent_team_21Solution Esports,0.0,opponent_team
categorical__opponent_team_24Haven,0.0,opponent_team
categorical__opponent_team_2K Esports,0.0,opponent_team
categorical__opponent_team_2V5,0.0,opponent_team
categorical__opponent_team_2red,0.0,opponent_team
categorical__opponent_team_3 Gün Yeter,0.0,opponent_team
categorical__opponent_team_303 Esports,0.0,opponent_team
categorical__opponent_team_312,0.0,opponent_team
categorical__opponent_team_325 on the dashboard,0.0,opponent_team
categorical__opponent_team_35(ququlity),0.0,opponent_team
categorical__opponent_team_368,0.0,opponent_team
categorical__opponent_team_36NUMBER,0.0,opponent_team
categorical__opponent_team_3P eSports,0.0,opponent_team
categorical__opponent_team_4 Gorillas and A Monkey,0.0,opponent_team
categorical__opponent_team_4 ruim e 1 ruim,0.0,opponent_team
categorical__opponent_team_404 Multigaming,0.0,opponent_team
categorical__opponent_team_47 Gaming,0.0,opponent_team
categorical__opponent_team_481,0.0,opponent_team
categorical__opponent_team_4SV_OVOSHi,0.0,opponent_team
categorical__opponent_team_4iHNK,0.0,opponent_team
categorical__opponent_team_4ru+1kz,0.0,opponent_team
categorical__opponent_team_5 Fire,0.0,opponent_team
categorical__opponent_team_5 GOATS,0.0,opponent_team
categorical__opponent_team_5 SAHABAT,0.0,opponent_team
categorical__opponent_team_5 Thieves,0.0,opponent_team
categorical__opponent_team_5 Yung Drillas,0.0,opponent_team
categorical__opponent_team_5 baguettes,0.0,opponent_team
categorical__opponent_team_5 homens e 1 segredo,0.0,opponent_team
categorical__opponent_team_5 of a Kind,0.0,opponent_team
categorical__opponent_team_50Fragov,0.0,opponent_team
categorical__opponent_team_57 Rach Bunh Binh,0.0,opponent_team
categorical__opponent_team_5IDOLS,0.0,opponent_team
categorical__opponent_team_5MOKES,0.0,opponent_team
categorical__opponent_team_5MORONS,0.0,opponent_team
categorical__opponent_team_5Moneyless,0.0,opponent_team
categorical__opponent_team_5ORDIC,0.0,opponent_team
categorical__opponent_team_5Ravens,0.0,opponent_team
categorical__opponent_team_5Star,0.0,opponent_team
categorical__opponent_team_5mancore,0.0,opponent_team
categorical__opponent_team_5op,0.0,opponent_team
categorical__opponent_team_5up,0.0,opponent_team
categorical__opponent_team_604,0.0,opponent_team
categorical__opponent_team_6045Pirates,0.0,opponent_team
categorical__opponent_team_7 States Esports,0.0,opponent_team
categorical__opponent_team_717 Monster Esports,0.0,opponent_team
categorical__opponent_team_7Krascent,0.0,opponent_team
categorical__opponent_team_7UP,0.0,opponent_team
categorical__opponent_team_7even Esport,0.0,opponent_team
categorical__opponent_team_7ven ssports,0.0,opponent_team
categorical__opponent_team_90s,0.0,opponent_team
categorical__opponent_team_95x Esports,0.0,opponent_team
categorical__opponent_team_969 gang,0.0,opponent_team
categorical__opponent_team_99% Effort,0.0,opponent_team
categorical__opponent_team_99Crooks,0.0,opponent_team
categorical__opponent_team_9z Globant,0.0,opponent_team
categorical__opponent_team_A MMAGICA,0.0,opponent_team
categorical__opponent_team_ABB ASKİ ESPOR,0.0,opponent_team
categorical__opponent_team_ABC,0.0,opponent_team
categorical__opponent_team_ABC Boiz,0.0,opponent_team
categorical__opponent_team_ABC E-sports,0.0,opponent_team
categorical__opponent_team_AD Infinitum IMPERIUM,0.0,opponent_team
categorical__opponent_team_AD Infinitum MORPHEUS,0.0,opponent_team
categorical__opponent_team_AD Infinitum REVITALIZE,0.0,opponent_team
categorical__opponent_team_ADEPTS,0.0,opponent_team
categorical__opponent_team_ADHD,0.0,opponent_team
categorical__opponent_team_AE Ravenous,0.0,opponent_team
categorical__opponent_team_AF,0.0,opponent_team
categorical__opponent_team_AG,0.0,opponent_team
categorical__opponent_team_AGAiN,0.0,opponent_team
categorical__opponent_team_AGG,0.0,opponent_team
categorical__opponent_team_AHEKDOT,0.0,opponent_team
categorical__opponent_team_AIGIS,0.0,opponent_team
categorical__opponent_team_AIGYR ACADEMY,0.0,opponent_team
categorical__opponent_team_AIMBOT,0.0,opponent_team
categorical__opponent_team_AING MAUNG Esports,0.0,opponent_team
categorical__opponent_team_AJF e-Sports,0.0,opponent_team
categorical__opponent_team_AKATSUKI,0.0,opponent_team
categorical__opponent_team_AKIHABARA ENCOUNT,0.0,opponent_team
categorical__opponent_team_AKP Genesis,0.0,opponent_team
categorical__opponent_team_AKQJT,0.0,opponent_team
categorical__opponent_team_ALCATRAZ,0.0,opponent_team
categorical__opponent_team_ALTIN KARIYER Esports,0.0,opponent_team
categorical__opponent_team_ALTITUDE,0.0,opponent_team
categorical__opponent_team_ALTY,0.0,opponent_team
categorical__opponent_team_AMAZE,0.0,opponent_team
categorical__opponent_team_ANARCHY,0.0,opponent_team
categorical__opponent_team_ANBU,0.0,opponent_team
categorical__opponent_team_APLOE,0.0,opponent_team
categorical__opponent_team_AR eSports,0.0,opponent_team
categorical__opponent_team_AREA,0.0,opponent_team
categorical__opponent_team_ARES,0.0,opponent_team
categorical__opponent_team_ARF TEAM,0.0,opponent_team
categorical__opponent_team_ARMUTLAR,0.0,opponent_team
categorical__opponent_team_ASAP,0.0,opponent_team
categorical__opponent_team_ATK Mode,0.0,opponent_team
categorical__opponent_team_ATRAVS,0.0,opponent_team
categorical__opponent_team_ATROPELADOS,0.0,opponent_team
categorical__opponent_team_ATS Brave,0.0,opponent_team
categorical__opponent_team_AUTHORITY,0.0,opponent_team
categorical__opponent_team_AUTOCRACY,0.0,opponent_team
categorical__opponent_team_AVALON Gaming,0.0,opponent_team
categorical__opponent_team_AVESTA,0.0,opponent_team
categorical__opponent_team_AVEZ Esport,0.0,opponent_team
categorical__opponent_team_AWARIA,0.0,opponent_team
categorical__opponent_team_AWS,0.0,opponent_team
categorical__opponent_team_AXIBYTE ESPORTS,0.0,opponent_team
categorical__opponent_team_Abeconejos,0.0,opponent_team
categorical__opponent_team_Able Esports,0.0,opponent_team
categorical__opponent_team_AboveCloud,0.0,opponent_team
categorical__opponent_team_AboveClouds,0.0,opponent_team
categorical__opponent_team_Absolute JUPITER,0.0,opponent_team
categorical__opponent_team_Absolute amateurs,0.0,opponent_team
categorical__opponent_team_Absolute5,0.0,opponent_team
categorical__opponent_team_Abstruse,0.0,opponent_team
categorical__opponent_team_Acacia,0.0,opponent_team
categorical__opponent_team_Academy Gaming,0.0,opponent_team
categorical__opponent_team_Ace1,0.0,opponent_team
categorical__opponent_team_Acend,0.0,opponent_team
categorical__opponent_team_Achilles,0.0,opponent_team
categorical__opponent_team_Acid Gaming - Never Refraq,0.0,opponent_team
categorical__opponent_team_AcidPingWin,0.0,opponent_team
categorical__opponent_team_Acris Esports,0.0,opponent_team
categorical__opponent_team_Action PH,0.0,opponent_team
categorical__opponent_team_Actually Homeless,0.0,opponent_team
categorical__opponent_team_Adini Sen Koy,0.0,opponent_team
categorical__opponent_team_Admirals,0.0,opponent_team
categorical__opponent_team_Adroit,0.0,opponent_team
categorical__opponent_team_Aeon,0.0,opponent_team
categorical__opponent_team_Aesir Esports,0.0,opponent_team
categorical__opponent_team_Aestrial Esports,0.0,opponent_team
categorical__opponent_team_Aeterna Victrix,0.0,opponent_team
categorical__opponent_team_Aether Esports,0.0,opponent_team
categorical__opponent_team_Afrikans,0.0,opponent_team
categorical__opponent_team_Aggie Gaming at UC,0.0,opponent_team
categorical__opponent_team_Agoge Gaming,0.0,opponent_team
categorical__opponent_team_Agon Esports,0.0,opponent_team
categorical__opponent_team_Agropesca Jacare,0.0,opponent_team
categorical__opponent_team_Aim Face,0.0,opponent_team
categorical__opponent_team_Aim.Attack,0.0,opponent_team
categorical__opponent_team_Aimbot Astronauts,0.0,opponent_team
categorical__opponent_team_AirGii,0.0,opponent_team
categorical__opponent_team_Ajin,0.0,opponent_team
categorical__opponent_team_AkaLion E-sports,0.0,opponent_team
categorical__opponent_team_Akave Esports,0.0,opponent_team
categorical__opponent_team_Akella,0.0,opponent_team
categorical__opponent_team_Akuma Esports Black,0.0,opponent_team
categorical__opponent_team_Akuma Team,0.0,opponent_team
categorical__opponent_team_Alejkum Salam,0.0,opponent_team
categorical__opponent_team_All Around Savants,0.0,opponent_team
categorical__opponent_team_All Born to Clutch,0.0,opponent_team
categorical__opponent_team_All Knights,0.0,opponent_team
categorical__opponent_team_AllStar,0.0,opponent_team
categorical__opponent_team_Alliance,0.0,opponent_team
categorical__opponent_team_Almas Muertas,0.0,opponent_team
categorical__opponent_team_AlphA,0.0,opponent_team
categorical__opponent_team_Alpha Peeks,0.0,opponent_team
categorical__opponent_team_Alpha Six Gaming,0.0,opponent_team
categorical__opponent_team_Alpha United,0.0,opponent_team
categorical__opponent_team_AlphaQ,0.0,opponent_team
categorical__opponent_team_Alter Ego,0.0,opponent_team
categorical__opponent_team_Altered Edge,0.0,opponent_team
categorical__opponent_team_Alterfox Esports,0.0,opponent_team
categorical__opponent_team_Alternative,0.0,opponent_team
categorical__opponent_team_Amateur Team,0.0,opponent_team
categorical__opponent_team_Amazing,0.0,opponent_team
categorical__opponent_team_Amegakure,0.0,opponent_team
categorical__opponent_team_Amethaverse Esports,0.0,opponent_team
categorical__opponent_team_Amigos Esports,0.0,opponent_team
categorical__opponent_team_Amigos do Pitoco,0.0,opponent_team
categorical__opponent_team_Amity,0.0,opponent_team
categorical__opponent_team_Amogus,0.0,opponent_team
categorical__opponent_team_Amollang,0.0,opponent_team
categorical__opponent_team_Amolrang,0.0,opponent_team
categorical__opponent_team_Anatolia Esports,0.0,opponent_team
categorical__opponent_team_Andbox,0.0,opponent_team
categorical__opponent_team_Angara Esports,0.0,opponent_team
categorical__opponent_team_Angry Titans,0.0,opponent_team
categorical__opponent_team_Anime Aimers,0.0,opponent_team
categorical__opponent_team_Anonymo Esports,0.0,opponent_team
categorical__opponent_team_Anorthosis Famagusta Esports,0.0,opponent_team
categorical__opponent_team_Antalyaspor Esports,0.0,opponent_team
categorical__opponent_team_Antero,0.0,opponent_team
categorical__opponent_team_Anti Eco Eco Club,0.0,opponent_team
categorical__opponent_team_Anyway,0.0,opponent_team
categorical__opponent_team_Apes Together Strong,0.0,opponent_team
categorical__opponent_team_Aqua,0.0,opponent_team
categorical__opponent_team_Aquele lá,0.0,opponent_team
categorical__opponent_team_Aquiver,0.0,opponent_team
categorical__opponent_team_Aracne Esports,0.0,opponent_team
categorical__opponent_team_Arbalest,0.0,opponent_team
categorical__opponent_team_Arca do Plato,0.0,opponent_team
categorical__opponent_team_Arcadia Xerpents,0.0,opponent_team
categorical__opponent_team_Arcana Esports,0.0,opponent_team
categorical__opponent_team_ArchNemesis,0.0,opponent_team
categorical__opponent_team_ArchiGoKill,0.0,opponent_team
categorical__opponent_team_Archons,0.0,opponent_team
categorical__opponent_team_Area of Effect,0.0,opponent_team
categorical__opponent_team_Ares Gaming,0.0,opponent_team
categorical__opponent_team_Ares e Amigos,0.0,opponent_team
categorical__opponent_team_AriaSheeP,0.0,opponent_team
categorical__opponent_team_Aricat Esport Academy,0.0,opponent_team
categorical__opponent_team_Aricat Esport Family,0.0,opponent_team
categorical__opponent_team_Aristocrats,0.0,opponent_team
categorical__opponent_team_Ark5,0.0,opponent_team
categorical__opponent_team_Arkadia e-Sports,0.0,opponent_team
categorical__opponent_team_Arriba España +1,0.0,opponent_team
categorical__opponent_team_Art Esports,0.0,opponent_team
categorical__opponent_team_Asian Ravioli,0.0,opponent_team
categorical__opponent_team_Aspire,0.0,opponent_team
categorical__opponent_team_Aspyre Entertainment,0.0,opponent_team
categorical__opponent_team_Aspyre x Swarm,0.0,opponent_team
categorical__opponent_team_Asteria Gaming,0.0,opponent_team
categorical__opponent_team_AstraSect,0.0,opponent_team
categorical__opponent_team_Astral,0.0,opponent_team
categorical__opponent_team_Astral Hypnos,0.0,opponent_team
categorical__opponent_team_Astro Esports,0.0,opponent_team
categorical__opponent_team_Asylum of Killing Prodigies,0.0,opponent_team
categorical__opponent_team_At0m Gaming,0.0,opponent_team
categorical__opponent_team_Atfinest,0.0,opponent_team
categorical__opponent_team_Atlantis,0.0,opponent_team
categorical__opponent_team_Atlas Gaming,0.0,opponent_team
categorical__opponent_team_Atleta Esport,0.0,opponent_team
categorical__opponent_team_Atsumatte Mita,0.0,opponent_team
categorical__opponent_team_Attack All Around,0.0,opponent_team
categorical__opponent_team_Aurelius Esports,0.0,opponent_team
categorical__opponent_team_Australs,0.0,opponent_team
categorical__opponent_team_Avante,0.0,opponent_team
categorical__opponent_team_Average Joes,0.0,opponent_team
categorical__opponent_team_Avium Esports,0.0,opponent_team
categorical__opponent_team_Ax3,0.0,opponent_team
categorical__opponent_team_Axid Esports,0.0,opponent_team
categorical__opponent_team_Axsor,0.0,opponent_team
categorical__opponent_team_AyamJago,0.0,opponent_team
categorical__opponent_team_Aztec Esports,0.0,opponent_team
categorical__opponent_team_Aztec Green,0.0,opponent_team
categorical__opponent_team_Azul,0.0,opponent_team
categorical__opponent_team_Azules Esports,0.0,opponent_team
categorical__opponent_team_B13,0.0,opponent_team
categorical__opponent_team_B4 Esports,0.0,opponent_team
categorical__opponent_team_B8 Esports,0.0,opponent_team
categorical__opponent_team_BANGER5,0.0,opponent_team
categorical__opponent_team_BASED,0.0,opponent_team
categorical__opponent_team_BASILISK,0.0,opponent_team
categorical__opponent_team_BATS eSports,0.0,opponent_team
categorical__opponent_team_BAYER NEVERLOSEN,0.0,opponent_team
categorical__opponent_team_BBES,0.0,opponent_team
categorical__opponent_team_BBL Esports,0.0,opponent_team
categorical__opponent_team_BCH,0.0,opponent_team
categorical__opponent_team_BE INFAMOUS,0.0,opponent_team
categorical__opponent_team_BEAST,0.0,opponent_team
categorical__opponent_team_BEDELSİZ,0.0,opponent_team
categorical__opponent_team_BELA Esports,0.0,opponent_team
categorical__opponent_team_BHB eSports,0.0,opponent_team
categorical__opponent_team_BIG,0.0,opponent_team
categorical__opponent_team_BIG GAMING ID,0.0,opponent_team
categorical__opponent_team_BIG WIN,0.0,opponent_team
categorical__opponent_team_BISMILLAH PASRAh,0.0,opponent_team
categorical__opponent_team_BK ROG Esports,0.0,opponent_team
categorical__opponent_team_BLAHAJ,0.0,opponent_team
categorical__opponent_team_BLC,0.0,opponent_team
categorical__opponent_team_BLEED,0.0,opponent_team
categorical__opponent_team_BLUE BEES.ESP,0.0,opponent_team
categorical__opponent_team_BLXST,0.0,opponent_team
categorical__opponent_team_BOBO,0.0,opponent_team
categorical__opponent_team_BOD Esports,0.0,opponent_team
categorical__opponent_team_BONDE DO TIRINGA,0.0,opponent_team
categorical__opponent_team_BOOM Esports,0.0,opponent_team
categorical__opponent_team_BOOM SHAKA LAKA,0.0,opponent_team
categorical__opponent_team_BOS Zero,0.0,opponent_team
categorical__opponent_team_BOSS-Reformed,0.0,opponent_team
categorical__opponent_team_BOTSVLR,0.0,opponent_team
categorical__opponent_team_BOTTOM OF THE BOTTLE,0.0,opponent_team
categorical__opponent_team_BOY WITH LOVE,0.0,opponent_team
categorical__opponent_team_BRACE LaM,0.0,opponent_team
categorical__opponent_team_BRAVOS GAMING,0.0,opponent_team
categorical__opponent_team_BREAK Gaming,0.0,opponent_team
categorical__opponent_team_BRICKEDUP,0.0,opponent_team
categorical__opponent_team_BUYKEY,0.0,opponent_team
categorical__opponent_team_BYE,0.0,opponent_team
categorical__opponent_team_Bababooey,0.0,opponent_team
categorical__opponent_team_Babi Guling,0.0,opponent_team
categorical__opponent_team_Babos Gaming,0.0,opponent_team
categorical__opponent_team_BabyBeast,0.0,opponent_team
categorical__opponent_team_Bad Belugaz,0.0,opponent_team
categorical__opponent_team_Bad Mental Esports,0.0,opponent_team
categorical__opponent_team_BadLeg,0.0,opponent_team
categorical__opponent_team_BadTurtles Esport,0.0,opponent_team
categorical__opponent_team_BaddiesOnVal,0.0,opponent_team
categorical__opponent_team_Baecon GG,0.0,opponent_team
categorical__opponent_team_Bait Academy,0.0,opponent_team
categorical__opponent_team_Baited,0.0,opponent_team
categorical__opponent_team_Baking Company,0.0,opponent_team
categorical__opponent_team_Bald Wheelchair,0.0,opponent_team
categorical__opponent_team_Balkan Stars,0.0,opponent_team
categorical__opponent_team_Bandit ESC,0.0,opponent_team
categorical__opponent_team_Banditz,0.0,opponent_team
categorical__opponent_team_Bang Average,0.0,opponent_team
categorical__opponent_team_Barely Acceptable,0.0,opponent_team
categorical__opponent_team_Bartender Esport,0.0,opponent_team
categorical__opponent_team_Barulhentos,0.0,opponent_team
categorical__opponent_team_Bballerz,0.0,opponent_team
categorical__opponent_team_BeFriend Teamwork,0.0,opponent_team
categorical__opponent_team_Beagles,0.0,opponent_team
categorical__opponent_team_Bear Minimum,0.0,opponent_team
categorical__opponent_team_BearClaw Gaming,0.0,opponent_team
categorical__opponent_team_Beatoffyou,0.0,opponent_team
categorical__opponent_team_Before,0.0,opponent_team
categorical__opponent_team_Ben10,0.0,opponent_team
categorical__opponent_team_Benchwarmers,0.0,opponent_team
categorical__opponent_team_Berzerkers,0.0,opponent_team
categorical__opponent_team_Bestial,0.0,opponent_team
categorical__opponent_team_Bewds Retirement Home,0.0,opponent_team
categorical__opponent_team_Beyond Stratos Gaming,0.0,opponent_team
categorical__opponent_team_BezBudushego,0.0,opponent_team
categorical__opponent_team_Beşiktaş Esports,0.0,opponent_team
categorical__opponent_team_Bi eSports,0.0,opponent_team
categorical__opponent_team_BibleThump,0.0,opponent_team
categorical__opponent_team_Bifrost,0.0,opponent_team
categorical__opponent_team_Big Baller Brand,0.0,opponent_team
categorical__opponent_team_Big Blue Charizard,0.0,opponent_team
categorical__opponent_team_Big Boned Bandits,0.0,opponent_team
categorical__opponent_team_Big Cornos,0.0,opponent_team
categorical__opponent_team_Big Frames,0.0,opponent_team
categorical__opponent_team_Big Special Esports,0.0,opponent_team
categorical__opponent_team_Bigetron Arctic,0.0,opponent_team
categorical__opponent_team_Billies,0.0,opponent_team
categorical__opponent_team_Bingueiros,0.0,opponent_team
categorical__opponent_team_Bizarre Gaming,0.0,opponent_team
categorical__opponent_team_Black,0.0,opponent_team
categorical__opponent_team_Black Dragons,0.0,opponent_team
categorical__opponent_team_Black E-Spor,0.0,opponent_team
categorical__opponent_team_Black Flower,0.0,opponent_team
categorical__opponent_team_Black Hawk,0.0,opponent_team
categorical__opponent_team_Black Ninjas e-Sports,0.0,opponent_team
categorical__opponent_team_BlackBird Ignis,0.0,opponent_team
categorical__opponent_team_BlackHorus,0.0,opponent_team
categorical__opponent_team_Blind Esports,0.0,opponent_team
categorical__opponent_team_Blitz Esports,0.0,opponent_team
categorical__opponent_team_BloodyDevils,0.0,opponent_team
categorical__opponent_team_Bob der baumeister und das team,0.0,opponent_team
categorical__opponent_team_Bob the Builder,0.0,opponent_team
categorical__opponent_team_Bob's Girls,0.0,opponent_team
categorical__opponent_team_Bomb Crypto,0.0,opponent_team
categorical__opponent_team_Bonde da Loli Careca,0.0,opponent_team
categorical__opponent_team_Bonkers,0.0,opponent_team
categorical__opponent_team_Bonsoir,0.0,opponent_team
categorical__opponent_team_Boosted Immortals,0.0,opponent_team
categorical__opponent_team_Border Monsters,0.0,opponent_team
categorical__opponent_team_Born in Fire,0.0,opponent_team
categorical__opponent_team_Born to win,0.0,opponent_team
categorical__opponent_team_Botafogo eSports,0.0,opponent_team
categorical__opponent_team_Bottom Fraggers,0.0,opponent_team
categorical__opponent_team_Bounty Hunters,0.0,opponent_team
categorical__opponent_team_Brain And Friends,0.0,opponent_team
categorical__opponent_team_Brave Wolves,0.0,opponent_team
categorical__opponent_team_Brax n The Homies,0.0,opponent_team
categorical__opponent_team_Break 7,0.0,opponent_team
categorical__opponent_team_Bref,0.0,opponent_team
categorical__opponent_team_Brimstone Gaming,0.0,opponent_team
categorical__opponent_team_Budget Aimers,0.0,opponent_team
categorical__opponent_team_Buffalo,0.0,opponent_team
categorical__opponent_team_BuffoMix,0.0,opponent_team
categorical__opponent_team_Built By Gamers,0.0,opponent_team
categorical__opponent_team_Built By Gamers Academy,0.0,opponent_team
categorical__opponent_team_Built Different,0.0,opponent_team
categorical__opponent_team_BullGods,0.0,opponent_team
categorical__opponent_team_BulletProof,0.0,opponent_team
categorical__opponent_team_Bunker Esports,0.0,opponent_team
categorical__opponent_team_Burger Gaming,0.0,opponent_team
categorical__opponent_team_BursaEspor,0.0,opponent_team
categorical__opponent_team_Butterfly Effect,0.0,opponent_team
categorical__opponent_team_BuyHeart,0.0,opponent_team
categorical__opponent_team_BÉZOTCA,0.0,opponent_team
categorical__opponent_team_Békéscsabai E-sport Egyesület,0.0,opponent_team
categorical__opponent_team_Bë přø,0.0,opponent_team
categorical__opponent_team_Bún bò Huế,0.0,opponent_team
categorical__opponent_team_C SITE E-SPORTS,0.0,opponent_team
categorical__opponent_team_CAG,0.0,opponent_team
categorical__opponent_team_CARS,0.0,opponent_team
categorical__opponent_team_CASSANOVA,0.0,opponent_team
categorical__opponent_team_CBD Prime,0.0,opponent_team
categorical__opponent_team_CBDR,0.0,opponent_team
categorical__opponent_team_CBT Gaming,0.0,opponent_team
categorical__opponent_team_CE Calling,0.0,opponent_team
categorical__opponent_team_CERBERUS Esports,0.0,opponent_team
categorical__opponent_team_CERULEAN.EXE,0.0,opponent_team
categorical__opponent_team_CG,0.0,opponent_team
categorical__opponent_team_CGN Esports,0.0,opponent_team
categorical__opponent_team_CHSVparty,0.0,opponent_team
categorical__opponent_team_CLG Red,0.0,opponent_team
categorical__opponent_team_CNEsports,0.0,opponent_team
categorical__opponent_team_CNG Esports,0.0,opponent_team
categorical__opponent_team_CNJ Esports,0.0,opponent_team
categorical__opponent_team_COMEBACK E-SPOR,0.0,opponent_team
categorical__opponent_team_CONNEMARA,0.0,opponent_team
categorical__opponent_team_COUSINS,0.0,opponent_team
categorical__opponent_team_CRAZY,0.0,opponent_team
categorical__opponent_team_CRUSHERS,0.0,opponent_team
categorical__opponent_team_CRX Team,0.0,opponent_team
categorical__opponent_team_CUEK,0.0,opponent_team
categorical__opponent_team_CaRaCaL,0.0,opponent_team
categorical__opponent_team_Cairo City G'zzz,0.0,opponent_team
categorical__opponent_team_Call It Luck(Time In),0.0,opponent_team
categorical__opponent_team_Callais Orion,0.0,opponent_team
categorical__opponent_team_Camioneros Valorant Club,0.0,opponent_team
categorical__opponent_team_Can't Be Touched,0.0,opponent_team
categorical__opponent_team_Canine 9,0.0,opponent_team
categorical__opponent_team_Capacitanes,0.0,opponent_team
categorical__opponent_team_Capri Sun,0.0,opponent_team
categorical__opponent_team_Capybaras,0.0,opponent_team
categorical__opponent_team_Carnos Arks,0.0,opponent_team
categorical__opponent_team_Carpe Noctem,0.0,opponent_team
categorical__opponent_team_Case Esports,0.0,opponent_team
categorical__opponent_team_Cast Gaming,0.0,opponent_team
categorical__opponent_team_Cat Gang,0.0,opponent_team
categorical__opponent_team_Cataclysm Team,0.0,opponent_team
categorical__opponent_team_Catalyst Esports,0.0,opponent_team
categorical__opponent_team_Catgirls,0.0,opponent_team
categorical__opponent_team_Cavalry Esports,0.0,opponent_team
categorical__opponent_team_Celestial Esports,0.0,opponent_team
categorical__opponent_team_Celestial Violet,0.0,opponent_team
categorical__opponent_team_Celestial World,0.0,opponent_team
categorical__opponent_team_Celestials,0.0,opponent_team
categorical__opponent_team_Celsus,0.0,opponent_team
categorical__opponent_team_Cereal Killers,0.0,opponent_team
categorical__opponent_team_Cerulean Sentinel Esports Black,0.0,opponent_team
categorical__opponent_team_Chakalaka,0.0,opponent_team
categorical__opponent_team_Chamomile Esports Camp,0.0,opponent_team
categorical__opponent_team_Chapter 4,0.0,opponent_team
categorical__opponent_team_Chicago Parsnips,0.0,opponent_team
categorical__opponent_team_Chicken CLUB,0.0,opponent_team
categorical__opponent_team_Chicky Bucky,0.0,opponent_team
categorical__opponent_team_Chill Cord,0.0,opponent_team
categorical__opponent_team_ChillinWithFriends,0.0,opponent_team
categorical__opponent_team_Chilling in Space,0.0,opponent_team
categorical__opponent_team_Chimimouryou,0.0,opponent_team
categorical__opponent_team_Chiz Borger,0.0,opponent_team
categorical__opponent_team_Chosen Five,0.0,opponent_team
categorical__opponent_team_CiNOZE,0.0,opponent_team
categorical__opponent_team_Circe,0.0,opponent_team
categorical__opponent_team_Circus Brothers,0.0,opponent_team
categorical__opponent_team_Clanless,0.0,opponent_team
categorical__opponent_team_Clarity,0.0,opponent_team
categorical__opponent_team_Clarity ESC,0.0,opponent_team
categorical__opponent_team_Clarity Esports,0.0,opponent_team
categorical__opponent_team_CleanupCrew,0.0,opponent_team
categorical__opponent_team_Cleveland,0.0,opponent_team
categorical__team_pick_sas elle,0.0,team
categorical__opponent_team_Clicken Chickens,0.0,opponent_team
categorical__opponent_team_Cloud Nein,0.0,opponent_team
categorical__opponent_team_Cloud9,0.0,opponent_team
categorical__opponent_team_Cloud9 White,0.0,opponent_team
categorical__opponent_team_ClownS,0.0,opponent_team
categorical__opponent_team_Clutch Jeans,0.0,opponent_team
categorical__opponent_team_CoT,0.0,opponent_team
categorical__opponent_team_CobraKai,0.0,opponent_team
categorical__opponent_team_Cock Esports,0.0,opponent_team
categorical__opponent_team_Collateral eSports,0.0,opponent_team
categorical__opponent_team_Complexity,0.0,opponent_team
categorical__opponent_team_Conquest Esports,0.0,opponent_team
categorical__opponent_team_Corn Dogs,0.0,opponent_team
categorical__opponent_team_Cosmic Divide,0.0,opponent_team
categorical__opponent_team_Cracked and Dialed,0.0,opponent_team
categorical__opponent_team_Cradle To Grave,0.0,opponent_team
categorical__opponent_team_Crafters,0.0,opponent_team
categorical__opponent_team_Crash Landin on You,0.0,opponent_team
categorical__opponent_team_CrayZ Panda's,0.0,opponent_team
categorical__opponent_team_Crazy Raccoon,0.0,opponent_team
categorical__opponent_team_Crazy Raoul,0.0,opponent_team
categorical__opponent_team_Cream Real Betis,0.0,opponent_team
categorical__opponent_team_Creatives,0.0,opponent_team
categorical__opponent_team_Creme bruleee,0.0,opponent_team
categorical__opponent_team_Crima's Disciples,0.0,opponent_team
categorical__opponent_team_Criterion,0.0,opponent_team
categorical__opponent_team_Cross the Line,0.0,opponent_team
categorical__opponent_team_CrossFogo,0.0,opponent_team
categorical__opponent_team_Crow Esports,0.0,opponent_team
categorical__opponent_team_Crowd Pleasers,0.0,opponent_team
categorical__opponent_team_Crown Kings,0.0,opponent_team
categorical__opponent_team_Crownless,0.0,opponent_team
categorical__opponent_team_CrowСrowd,0.0,opponent_team
categorical__opponent_team_Cruzados Esports,0.0,opponent_team
categorical__opponent_team_Crypto Esports,0.0,opponent_team
categorical__opponent_team_Csopipaki,0.0,opponent_team
categorical__opponent_team_Cuneit,0.0,opponent_team
categorical__opponent_team_Cunning Stunts,0.0,opponent_team
categorical__opponent_team_CurryGold,0.0,opponent_team
categorical__opponent_team_Cyber Esports,0.0,opponent_team
categorical__opponent_team_Cyber Skull Esports,0.0,opponent_team
categorical__opponent_team_Cyberbullies,0.0,opponent_team
categorical__opponent_team_Cyclonados,0.0,opponent_team
categorical__opponent_team_Cynical,0.0,opponent_team
categorical__opponent_team_D2E Stayrooted,0.0,opponent_team
categorical__opponent_team_DAMWON Gaming,0.0,opponent_team
categorical__opponent_team_DAT,0.0,opponent_team
categorical__opponent_team_DEEZNUTS,0.0,opponent_team
categorical__opponent_team_DEF Mode,0.0,opponent_team
categorical__opponent_team_DEFEATERS,0.0,opponent_team
categorical__opponent_team_DEFY Gaming,0.0,opponent_team
categorical__opponent_team_DELIRAWOW,0.0,opponent_team
categorical__opponent_team_DELUSIONAL 5,0.0,opponent_team
categorical__opponent_team_DESEMPREGADOS,0.0,opponent_team
categorical__opponent_team_DEVILS 5,0.0,opponent_team
categorical__opponent_team_DFR,0.0,opponent_team
categorical__opponent_team_DGenZ,0.0,opponent_team
categorical__opponent_team_DIA DE FOLGA,0.0,opponent_team
categorical__opponent_team_DISBAND,0.0,opponent_team
categorical__opponent_team_DIVAN,0.0,opponent_team
categorical__opponent_team_DIVIZE,0.0,opponent_team
categorical__opponent_team_DKS Esports,0.0,opponent_team
categorical__opponent_team_DNA PEEK,0.0,opponent_team
categorical__opponent_team_DNADIFF,0.0,opponent_team
categorical__opponent_team_DO SOMETHING,0.0,opponent_team
categorical__opponent_team_DR Esports,0.0,opponent_team
categorical__opponent_team_DREAM.GG,0.0,opponent_team
categorical__opponent_team_DRM Esports,0.0,opponent_team
categorical__opponent_team_DSYRE,0.0,opponent_team
categorical__opponent_team_DUASI KABUL OLAN BEŞLİ,0.0,opponent_team
categorical__opponent_team_DaBaby Clan,0.0,opponent_team
categorical__opponent_team_Dajjal,0.0,opponent_team
categorical__opponent_team_Dallas Vendetta,0.0,opponent_team
categorical__opponent_team_Damaru Gaming,0.0,opponent_team
categorical__opponent_team_Dame Time,0.0,opponent_team
categorical__opponent_team_Damianos Esport,0.0,opponent_team
categorical__opponent_team_Damn I Love Fwogs,0.0,opponent_team
categorical__opponent_team_Dandelion,0.0,opponent_team
categorical__opponent_team_Dark Circle,0.0,opponent_team
categorical__opponent_team_Dark Matter Black,0.0,opponent_team
categorical__opponent_team_Dark Matter Purple,0.0,opponent_team
categorical__opponent_team_Dark Tempest,0.0,opponent_team
categorical__opponent_team_Dark Tigers,0.0,opponent_team
categorical__opponent_team_DarkZero Esports,0.0,opponent_team
categorical__opponent_team_DawN,0.0,opponent_team
categorical__opponent_team_Daytrade Nursery,0.0,opponent_team
categorical__opponent_team_DeToNator,0.0,opponent_team
categorical__opponent_team_Decend,0.0,opponent_team
categorical__opponent_team_Decent Esports,0.0,opponent_team
categorical__opponent_team_Decisive,0.0,opponent_team
categorical__opponent_team_Deez nuts,0.0,opponent_team
categorical__opponent_team_Defect,0.0,opponent_team
categorical__opponent_team_DefendYourSelf,0.0,opponent_team
categorical__opponent_team_DeftFox,0.0,opponent_team
categorical__opponent_team_Dei Macha,0.0,opponent_team
categorical__opponent_team_Deja Vu,0.0,opponent_team
categorical__opponent_team_Delete Kayo,0.0,opponent_team
categorical__opponent_team_Delta Heat,0.0,opponent_team
categorical__opponent_team_Delusional Confidence,0.0,opponent_team
categorical__opponent_team_Dem som ikke hopper,0.0,opponent_team
categorical__opponent_team_Demon Time,0.0,opponent_team
categorical__opponent_team_DeoVolente,0.0,opponent_team
categorical__opponent_team_Depth Esports,0.0,opponent_team
categorical__opponent_team_Descendants,0.0,opponent_team
categorical__opponent_team_Desire Rising,0.0,opponent_team
categorical__opponent_team_Desperado,0.0,opponent_team
categorical__opponent_team_DetonatioN FocusMe,0.0,opponent_team
categorical__opponent_team_Deviance,0.0,opponent_team
categorical__opponent_team_Deviant Academy,0.0,opponent_team
categorical__opponent_team_Deviant Esports,0.0,opponent_team
categorical__opponent_team_Devision Esports,0.0,opponent_team
categorical__opponent_team_Dewa United Esports,0.0,opponent_team
categorical__opponent_team_DiaXmix,0.0,opponent_team
categorical__opponent_team_Diablada Esports,0.0,opponent_team
categorical__opponent_team_Diffixone,0.0,opponent_team
categorical__opponent_team_Digger Esports,0.0,opponent_team
categorical__opponent_team_Digheads,0.0,opponent_team
categorical__opponent_team_Digital Athletics,0.0,opponent_team
categorical__opponent_team_Digital Ninjas,0.0,opponent_team
categorical__form_fallback_level_team-context,0.0,form_fallback_level_team-context
categorical__opponent_team_Digitroni Esports,0.0,opponent_team
categorical__opponent_team_Dijirad Esports,0.0,opponent_team
categorical__opponent_team_DimmaDome$,0.0,opponent_team
categorical__opponent_team_Dire Wolves,0.0,opponent_team
categorical__opponent_team_Discord Kittens,0.0,opponent_team
categorical__opponent_team_Discord Kitties uwu,0.0,opponent_team
numeric__player_matches_last_7d,0.0,player_matches_last_7d
categorical__opponent_team_Divided Sons,0.0,opponent_team
categorical__opponent_team_DivisionX Gaming,0.0,opponent_team
categorical__opponent_team_Dobeg,0.0,opponent_team
categorical__opponent_team_Dogwater Esports,0.0,opponent_team
categorical__opponent_team_Dominatus Ataraxia,0.0,opponent_team
categorical__opponent_team_Dominatus Skywolf,0.0,opponent_team
categorical__opponent_team_Dominus Esports,0.0,opponent_team
categorical__opponent_team_Dont Talking Please,0.0,opponent_team
categorical__opponent_team_Dont Throw,0.0,opponent_team
categorical__opponent_team_Dora Zez,0.0,opponent_team
categorical__opponent_team_Double Vision,0.0,opponent_team
categorical__opponent_team_DoubleCross eSports,0.0,opponent_team
categorical__opponent_team_Doubt the theory,0.0,opponent_team
categorical__opponent_team_Down Bad,0.0,opponent_team
categorical__opponent_team_Down Bad Silvers,0.0,opponent_team
categorical__opponent_team_Down Two Earth,0.0,opponent_team
categorical__opponent_team_DownBad,0.0,opponent_team
categorical__opponent_team_Dragonballz,0.0,opponent_team
categorical__opponent_team_Dreamwalker,0.0,opponent_team
categorical__opponent_team_Duck Gaming,0.0,opponent_team
categorical__opponent_team_Dynasty Esports Vikings,0.0,opponent_team
categorical__opponent_team_Dynasty Notorious,0.0,opponent_team
categorical__opponent_team_Dynasty ZRAW,0.0,opponent_team
categorical__opponent_team_DzN Esports,0.0,opponent_team
categorical__opponent_team_DÜNERS,0.0,opponent_team
categorical__opponent_team_E ISSO MEMO,0.0,opponent_team
numeric__player_cold_start,0.0,player_cold_start
categorical__opponent_team_E-Xolos LAZER,0.0,opponent_team
categorical__opponent_team_E9Sports,0.0,opponent_team
categorical__opponent_team_EAID MISFITS,0.0,opponent_team
categorical__opponent_team_EAST COAST NO CAPPERS,0.0,opponent_team
categorical__opponent_team_EBRO Gaming,0.0,opponent_team
categorical__opponent_team_ECAP,0.0,opponent_team
categorical__opponent_team_ECENI,0.0,opponent_team
categorical__opponent_team_ECHO,0.0,opponent_team
categorical__opponent_team_ECM FCG eSports,0.0,opponent_team
categorical__opponent_team_ECOMODE,0.0,opponent_team
categorical__opponent_team_EDGE,0.0,opponent_team
categorical__opponent_team_EDO TENSEI,0.0,opponent_team
numeric__role_matchup_matches_played,0.0,role_matchup_matches_played
categorical__opponent_team_EGN Esports,0.0,opponent_team
categorical__opponent_team_EGO,0.0,opponent_team
categorical__opponent_team_EGO Media,0.0,opponent_team
categorical__opponent_team_ELNiS Esports,0.0,opponent_team
categorical__opponent_team_ELSO,0.0,opponent_team
categorical__opponent_team_ELUSIVE,0.0,opponent_team
categorical__opponent_team_ENDLESS Esports,0.0,opponent_team
categorical__opponent_team_ENDLESS GAMING,0.0,opponent_team
categorical__opponent_team_ENIGMA,0.0,opponent_team
categorical__opponent_team_ENRAGE,0.0,opponent_team
categorical__opponent_team_ENRAGED,0.0,opponent_team
categorical__opponent_team_ENTER FORCE.36,0.0,opponent_team
categorical__opponent_team_ENTS,0.0,opponent_team
categorical__opponent_team_ENVY,0.0,opponent_team
categorical__opponent_team_EPIC,0.0,opponent_team
categorical__opponent_team_EQ Flash,0.0,opponent_team
categorical__opponent_team_ERZINCANGAMINGxD,0.0,opponent_team
categorical__opponent_team_ESTONOESUNJUEGOVALE,0.0,opponent_team
categorical__opponent_team_ESportsConnected,0.0,opponent_team
categorical__opponent_team_ET ELLER ANDET FEDT,0.0,opponent_team
categorical__opponent_team_ETERNALS,0.0,opponent_team
categorical__opponent_team_EU Reject$,0.0,opponent_team
categorical__opponent_team_EVA:e,0.0,opponent_team
categorical__opponent_team_EX COMMUNICADO,0.0,opponent_team
categorical__opponent_team_EX-Killabeez,0.0,opponent_team
categorical__opponent_team_EX0TIK GAMING,0.0,opponent_team
categorical__opponent_team_EXCEL,0.0,opponent_team
categorical__opponent_team_EXEN Esports,0.0,opponent_team
categorical__opponent_team_EXODIA,0.0,opponent_team
categorical__opponent_team_EXcuse,0.0,opponent_team
categorical__opponent_team_EZ KATKA,0.0,opponent_team
categorical__opponent_team_EZclap,0.0,opponent_team
categorical__opponent_team_EaglePAW,0.0,opponent_team
categorical__opponent_team_Early Access,0.0,opponent_team
categorical__opponent_team_Earthquake Team,0.0,opponent_team
categorical__opponent_team_East Hill,0.0,opponent_team
categorical__opponent_team_East LA,0.0,opponent_team
categorical__opponent_team_Easy Esports,0.0,opponent_team
categorical__opponent_team_Ebro'z Gaming,0.0,opponent_team
categorical__opponent_team_Eccentric Ninjas,0.0,opponent_team
categorical__opponent_team_Eclatax Esport,0.0,opponent_team
categorical__opponent_team_Eclectiq,0.0,opponent_team
categorical__opponent_team_Eclypse,0.0,opponent_team
categorical__opponent_team_Edan Team,0.0,opponent_team
categorical__opponent_team_Edelweiss Esports,0.0,opponent_team
categorical__opponent_team_Egnis.kr,0.0,opponent_team
categorical__opponent_team_Ego peekers,0.0,opponent_team
categorical__opponent_team_Ehbit Gaming,0.0,opponent_team
categorical__opponent_team_Eldritch,0.0,opponent_team
categorical__opponent_team_Elementals,0.0,opponent_team
categorical__opponent_team_Elmerz Glue,0.0,opponent_team
categorical__opponent_team_Elo and Muscle,0.0,opponent_team
categorical__opponent_team_Elon Homies,0.0,opponent_team
categorical__opponent_team_Elysium,0.0,opponent_team
categorical__opponent_team_En corto gamers,0.0,opponent_team
categorical__opponent_team_EndGame,0.0,opponent_team
categorical__opponent_team_Enigma Gaming,0.0,opponent_team
categorical__opponent_team_Enmity,0.0,opponent_team
categorical__opponent_team_Enraged Mob,0.0,opponent_team
categorical__opponent_team_Entourage,0.0,opponent_team
categorical__opponent_team_Entropiq,0.0,opponent_team
categorical__opponent_team_Epitaph,0.0,opponent_team
categorical__opponent_team_Epq,0.0,opponent_team
categorical__opponent_team_Equinox Esports,0.0,opponent_team
categorical__opponent_team_Equinox eSports,0.0,opponent_team
categorical__opponent_team_Equipe,0.0,opponent_team
categorical__opponent_team_Eros,0.0,opponent_team
categorical__opponent_team_Erro VAL7,0.0,opponent_team
categorical__opponent_team_Error404,0.0,opponent_team
categorical__opponent_team_Eshays,0.0,opponent_team
categorical__opponent_team_Esport Empire,0.0,opponent_team
categorical__opponent_team_Esport Generation,0.0,opponent_team
categorical__opponent_team_Esport Szombathely,0.0,opponent_team
categorical__opponent_team_Esports Cyberathletes,0.0,opponent_team
categorical__opponent_team_Esports Team Twente,0.0,opponent_team
categorical__opponent_team_EterNal,0.0,opponent_team
categorical__opponent_team_Eternal Fire,0.0,opponent_team
categorical__opponent_team_Eternity Esports,0.0,opponent_team
categorical__opponent_team_Ethereal,0.0,opponent_team
categorical__opponent_team_Evenate Gaming,0.0,opponent_team
categorical__opponent_team_Event Horizon,0.0,opponent_team
categorical__opponent_team_Everyone's Nemesis,0.0,opponent_team
categorical__opponent_team_Evil Bros Gaming,0.0,opponent_team
categorical__opponent_team_Evil Geniuses,0.0,opponent_team
categorical__opponent_team_EvilG,0.0,opponent_team
categorical__opponent_team_Evolve X,0.0,opponent_team
categorical__opponent_team_Evolved Gaming,0.0,opponent_team
categorical__opponent_team_ExPandable,0.0,opponent_team
categorical__opponent_team_Exality,0.0,opponent_team
categorical__opponent_team_Exalty,0.0,opponent_team
categorical__opponent_team_Exceeli Esports,0.0,opponent_team
categorical__opponent_team_Excend,0.0,opponent_team
categorical__opponent_team_Exception eSports,0.0,opponent_team
categorical__opponent_team_Exercitus5,0.0,opponent_team
categorical__opponent_team_ExiLe Gaming,0.0,opponent_team
categorical__opponent_team_Exodia Club,0.0,opponent_team
categorical__opponent_team_Exodus,0.0,opponent_team
categorical__opponent_team_Exorcist.ESC,0.0,opponent_team
categorical__opponent_team_Exotic,0.0,opponent_team
categorical__opponent_team_Expect Nothing,0.0,opponent_team
categorical__opponent_team_Explicit,0.0,opponent_team
categorical__opponent_team_Exploding Kittens,0.0,opponent_team
categorical__opponent_team_Exsto Gaming,0.0,opponent_team
categorical__opponent_team_Extenzy Gaming,0.0,opponent_team
categorical__opponent_team_ExtraOrdinary,0.0,opponent_team
categorical__opponent_team_EzLoot,0.0,opponent_team
categorical__opponent_team_F1LS Esports,0.0,opponent_team
categorical__opponent_team_F2DS Team,0.0,opponent_team
categorical__opponent_team_F4Q,0.0,opponent_team
categorical__opponent_team_F9 Hetic,0.0,opponent_team
categorical__opponent_team_FAITHABIS,0.0,opponent_team
categorical__opponent_team_FAKE ESPORT,0.0,opponent_team
categorical__opponent_team_FANGZ,0.0,opponent_team
categorical__opponent_team_FARMERS,0.0,opponent_team
categorical__opponent_team_FAST TAXI,0.0,opponent_team
categorical__opponent_team_FATAL,0.0,opponent_team
categorical__opponent_team_FAV gaming,0.0,opponent_team
categorical__opponent_team_FAWES,0.0,opponent_team
categorical__opponent_team_FBI Espors,0.0,opponent_team
categorical__opponent_team_FBM,0.0,opponent_team
categorical__opponent_team_FDP Esports,0.0,opponent_team
categorical__opponent_team_FEARUS,0.0,opponent_team
categorical__opponent_team_FENNEL,0.0,opponent_team
categorical__opponent_team_FINstack,0.0,opponent_team
categorical__opponent_team_FIRST Gaming,0.0,opponent_team
categorical__opponent_team_FIRST PIECE,0.0,opponent_team
categorical__opponent_team_FIU,0.0,opponent_team
categorical__opponent_team_FIU Valorant,0.0,opponent_team
categorical__opponent_team_FLASHERS,0.0,opponent_team
categorical__opponent_team_FLEER,0.0,opponent_team
categorical__opponent_team_FLu Esports,0.0,opponent_team
categorical__opponent_team_FNATIC,0.0,opponent_team
categorical__opponent_team_FNR White,0.0,opponent_team
numeric__team_role_controller_share,0.0,team
categorical__opponent_team_FORFUN,0.0,opponent_team
categorical__opponent_team_FORMULA 1,0.0,opponent_team
categorical__opponent_team_FOSTREUMXIDE,0.0,opponent_team
categorical__opponent_team_FOXA NSV,0.0,opponent_team
categorical__opponent_team_FOXN TEAM,0.0,opponent_team
categorical__opponent_team_FOXNGAME Esports,0.0,opponent_team
categorical__opponent_team_FOXUP Esports,0.0,opponent_team
categorical__opponent_team_FRATERN1TY,0.0,opponent_team
categorical__opponent_team_FREELO,0.0,opponent_team
categorical__opponent_team_FROM NEW YORK,0.0,opponent_team
categorical__opponent_team_FS Esports,0.0,opponent_team
categorical__opponent_team_FTG Esports,0.0,opponent_team
numeric__team_role_sentinel_share,0.0,team
categorical__opponent_team_FUKUSHIMA IBUSHIGIN,0.0,opponent_team
categorical__opponent_team_FULL SENSE,0.0,opponent_team
categorical__opponent_team_FURIA,0.0,opponent_team
categorical__opponent_team_FUSION,0.0,opponent_team
categorical__opponent_team_FUT Esports,0.0,opponent_team
categorical__opponent_team_FUTURE5STARS,0.0,opponent_team
numeric__missingindicator_player_rating_last,0.0,missingindicator_player_rating_last
categorical__opponent_team_FYB,0.0,opponent_team
categorical__opponent_team_FYL,0.0,opponent_team
categorical__opponent_team_FaZe Clan,0.0,opponent_team
categorical__opponent_team_Face Off,0.0,opponent_team
categorical__opponent_team_Fadee Gaming,0.0,opponent_team
categorical__opponent_team_Fake Clan,0.0,opponent_team
categorical__opponent_team_Fakemid,0.0,opponent_team
categorical__opponent_team_Fakezin de cria,0.0,opponent_team
categorical__opponent_team_Falchion Gaming,0.0,opponent_team
categorical__opponent_team_Fancy United Esports,0.0,opponent_team
categorical__opponent_team_Farciminis,0.0,opponent_team
categorical__opponent_team_Fast L,0.0,opponent_team
categorical__opponent_team_Fastelle,0.0,opponent_team
categorical__opponent_team_FatF,0.0,opponent_team
categorical__opponent_team_FavelaW,0.0,opponent_team
categorical__opponent_team_Fear Legends,0.0,opponent_team
categorical__opponent_team_Fear of God,0.0,opponent_team
categorical__opponent_team_Feel So Good,0.0,opponent_team
categorical__opponent_team_Feeling,0.0,opponent_team
categorical__opponent_team_Felix and Friends,0.0,opponent_team
categorical__opponent_team_Fenerbahçe Esports,0.0,opponent_team
categorical__opponent_team_Feng eSports,0.0,opponent_team
categorical__opponent_team_Fenix Gaming,0.0,opponent_team
categorical__opponent_team_Fenrir,0.0,opponent_team
categorical__opponent_team_FiRELAND,0.0,opponent_team
categorical__opponent_team_Fiat Lux,0.0,opponent_team
categorical__opponent_team_Fidelity,0.0,opponent_team
categorical__opponent_team_Finality,0.0,opponent_team
categorical__opponent_team_Finest,0.0,opponent_team
categorical__opponent_team_Fire,0.0,opponent_team
categorical__opponent_team_Fire Flux Esports,0.0,opponent_team
categorical__opponent_team_Firecrest,0.0,opponent_team
categorical__opponent_team_FirstTime,0.0,opponent_team
categorical__opponent_team_Fisher's Esports,0.0,opponent_team
categorical__opponent_team_FishkaVTom,0.0,opponent_team
categorical__opponent_team_Fitoor Esports,0.0,opponent_team
categorical__opponent_team_Five Ace Esports,0.0,opponent_team
categorical__opponent_team_FlashDash,0.0,opponent_team
categorical__opponent_team_Flashpoint,0.0,opponent_team
categorical__opponent_team_Flat White,0.0,opponent_team
categorical__opponent_team_Flex Gaming,0.0,opponent_team
categorical__opponent_team_Flexible,0.0,opponent_team
categorical__opponent_team_Fliers,0.0,opponent_team
categorical__opponent_team_Floma Gaming,0.0,opponent_team
categorical__opponent_team_Flow e Amigos,0.0,opponent_team
categorical__opponent_team_Fluid Gaming,0.0,opponent_team
categorical__opponent_team_FlyMatez,0.0,opponent_team
categorical__opponent_team_Flying High,0.0,opponent_team
categorical__opponent_team_Focus e-Sports,0.0,opponent_team
categorical__opponent_team_Follow My Drone,0.0,opponent_team
categorical__opponent_team_Folouers Esports,0.0,opponent_team
categorical__opponent_team_Food Eat,0.0,opponent_team
categorical__opponent_team_For Fun,0.0,opponent_team
categorical__opponent_team_Force Evolution,0.0,opponent_team
categorical__opponent_team_ForteZ,0.0,opponent_team
categorical__opponent_team_ForteZ Regulus,0.0,opponent_team
categorical__opponent_team_Fortez Fuego,0.0,opponent_team
categorical__opponent_team_Fortnite Fraggers,0.0,opponent_team
categorical__opponent_team_Fox Gaming,0.0,opponent_team
categorical__opponent_team_Foxy,0.0,opponent_team
categorical__opponent_team_Foxy Araikordai,0.0,opponent_team
categorical__opponent_team_Fpalix,0.0,opponent_team
categorical__opponent_team_Fractal,0.0,opponent_team
categorical__opponent_team_Frag Hunters,0.0,opponent_team
categorical__opponent_team_Fraggerz,0.0,opponent_team
categorical__opponent_team_Frail Males,0.0,opponent_team
categorical__opponent_team_Frat Frogs,0.0,opponent_team
categorical__opponent_team_Fratres,0.0,opponent_team
categorical__opponent_team_Frederikssund Vikings,0.0,opponent_team
categorical__opponent_team_Free Agents,0.0,opponent_team
categorical__opponent_team_Free Banana and Icecream,0.0,opponent_team
categorical__opponent_team_Free Fall,0.0,opponent_team
categorical__opponent_team_Free Zone,0.0,opponent_team
categorical__opponent_team_FreeAgentz,0.0,opponent_team
categorical__opponent_team_Frelo,0.0,opponent_team
categorical__opponent_team_FuelCore,0.0,opponent_team
categorical__opponent_team_Fulcrum Esports Catalyst,0.0,opponent_team
categorical__opponent_team_Full Flashed,0.0,opponent_team
categorical__opponent_team_Full Power Gaming,0.0,opponent_team
categorical__opponent_team_Full Zen,0.0,opponent_team
categorical__opponent_team_Full of sheesh,0.0,opponent_team
categorical__opponent_team_FunPlus Phoenix,0.0,opponent_team
categorical__opponent_team_Funcrew,0.0,opponent_team
categorical__opponent_team_Funkboings,0.0,opponent_team
categorical__opponent_team_Funky Monkeys,0.0,opponent_team
categorical__opponent_team_Furious Gaming,0.0,opponent_team
categorical__opponent_team_Furnace e-sports,0.0,opponent_team
categorical__opponent_team_G2 Esports,0.0,opponent_team
categorical__opponent_team_G2 Gozen,0.0,opponent_team
categorical__opponent_team_G4 GROBIANO,0.0,opponent_team
categorical__opponent_team_G6 Super Mega Dingdong,0.0,opponent_team
categorical__opponent_team_GAS Esports,0.0,opponent_team
categorical__opponent_team_GAS TERUS,0.0,opponent_team
categorical__opponent_team_GBH Esports,0.0,opponent_team
categorical__opponent_team_GBP Esports,0.0,opponent_team
categorical__opponent_team_GCA,0.0,opponent_team
categorical__opponent_team_GD Esports Club,0.0,opponent_team
categorical__opponent_team_GEEK Fam ID,0.0,opponent_team
categorical__opponent_team_GEKO GEKO GAMING,0.0,opponent_team
categorical__opponent_team_GG D'ALESSIO,0.0,opponent_team
categorical__opponent_team_GHOSTs,0.0,opponent_team
categorical__opponent_team_GIBDD,0.0,opponent_team
categorical__opponent_team_GIVENCHY PARIS,0.0,opponent_team
categorical__opponent_team_GLADIATORS,0.0,opponent_team
categorical__opponent_team_GLHF,0.0,opponent_team
categorical__opponent_team_GMT Esports,0.0,opponent_team
categorical__opponent_team_GOB Incloud,0.0,opponent_team
categorical__opponent_team_GOMA,0.0,opponent_team
categorical__opponent_team_GONEXTfast,0.0,opponent_team
categorical__opponent_team_GONJO,0.0,opponent_team
categorical__opponent_team_GOODFOR1,0.0,opponent_team
categorical__opponent_team_GOODGAME,0.0,opponent_team
categorical__opponent_team_GPC,0.0,opponent_team
categorical__opponent_team_GRN Gaming,0.0,opponent_team
categorical__opponent_team_GSL.,0.0,opponent_team
categorical__opponent_team_Gaimin Gladiators,0.0,opponent_team
categorical__opponent_team_Galakticos,0.0,opponent_team
categorical__opponent_team_Galatasaray Esports,0.0,opponent_team
categorical__opponent_team_Galaxy Carrots,0.0,opponent_team
categorical__opponent_team_Galaxy Esports,0.0,opponent_team
categorical__opponent_team_Galaxy Racer,0.0,opponent_team
categorical__opponent_team_Gambit Esports,0.0,opponent_team
categorical__opponent_team_Gamelanders Blue,0.0,opponent_team
categorical__opponent_team_Gamelanders Purple,0.0,opponent_team
categorical__opponent_team_Gamer Xtreme,0.0,opponent_team
categorical__opponent_team_Gaming Barracks.fi,0.0,opponent_team
categorical__opponent_team_Gaming Team SELECTOR,0.0,opponent_team
categorical__opponent_team_Gary's Crosshair,0.0,opponent_team
categorical__opponent_team_Geekay Esports,0.0,opponent_team
categorical__opponent_team_Gehenna Sweepers,0.0,opponent_team
categorical__opponent_team_Gelida Esports,0.0,opponent_team
categorical__opponent_team_Gen Alpha Temporal,0.0,opponent_team
categorical__opponent_team_Gen'ei Ryodan,0.0,opponent_team
categorical__opponent_team_Gen.G,0.0,opponent_team
categorical__opponent_team_Gen.G Black,0.0,opponent_team
categorical__opponent_team_Generation 5,0.0,opponent_team
categorical__opponent_team_Generation Wonders,0.0,opponent_team
categorical__opponent_team_Genesis,0.0,opponent_team
categorical__opponent_team_Gerakan Bawah Tanah,0.0,opponent_team
numeric__missingindicator_player_rating_last_3,0.0,missingindicator_player_rating_last_3
categorical__opponent_team_Ghost Gaming,0.0,opponent_team
categorical__opponent_team_GhostFamily E-Sports,0.0,opponent_team
categorical__opponent_team_Ghostly Sinners,0.0,opponent_team
categorical__opponent_team_Ghosty Esports,0.0,opponent_team
categorical__opponent_team_Giant Submarine,0.0,opponent_team
categorical__opponent_team_Giants Gaming,0.0,opponent_team
categorical__opponent_team_GiefKalash,0.0,opponent_team
categorical__opponent_team_Gifted,0.0,opponent_team
categorical__opponent_team_Giga Tacos,0.0,opponent_team
categorical__opponent_team_Girl Kissers,0.0,opponent_team
categorical__opponent_team_Glitch Gaming eSports,0.0,opponent_team
categorical__opponent_team_Global Esports,0.0,opponent_team
categorical__opponent_team_Glory be Diva,0.0,opponent_team
categorical__opponent_team_Go 4 Broke,0.0,opponent_team
categorical__opponent_team_GoNGo Prince,0.0,opponent_team
categorical__opponent_team_Goat Crew,0.0,opponent_team
categorical__opponent_team_GochuGaru,0.0,opponent_team
categorical__opponent_team_God Given,0.0,opponent_team
categorical__opponent_team_God Particles,0.0,opponent_team
categorical__opponent_team_God of War,0.0,opponent_team
categorical__opponent_team_GodGamers,0.0,opponent_team
categorical__opponent_team_GodLike Esports,0.0,opponent_team
categorical__opponent_team_GodSpeed Gold,0.0,opponent_team
categorical__opponent_team_Godalions,0.0,opponent_team
categorical__opponent_team_Godless,0.0,opponent_team
categorical__opponent_team_Godset,0.0,opponent_team
categorical__opponent_team_Godzilla e-Sports,0.0,opponent_team
categorical__opponent_team_Gold Chains,0.0,opponent_team
categorical__opponent_team_Golden Trash,0.0,opponent_team
categorical__opponent_team_Goldhorn Gaming,0.0,opponent_team
categorical__opponent_team_Golira Esports,0.0,opponent_team
categorical__opponent_team_Good 8 Squad,0.0,opponent_team
categorical__opponent_team_Good Fellas,0.0,opponent_team
categorical__opponent_team_Good Morning,0.0,opponent_team
categorical__opponent_team_Goofy Goobers,0.0,opponent_team
categorical__opponent_team_Goofy Gremlins,0.0,opponent_team
categorical__opponent_team_Gorilla Gang,0.0,opponent_team
categorical__opponent_team_GotyPeeks,0.0,opponent_team
categorical__opponent_team_Gr1nd,0.0,opponent_team
categorical__opponent_team_GrandSpirit,0.0,opponent_team
categorical__opponent_team_Granjeros,0.0,opponent_team
categorical__opponent_team_Grapefruit Techniques,0.0,opponent_team
categorical__opponent_team_Green Beans,0.0,opponent_team
categorical__opponent_team_Griffin E-Sports,0.0,opponent_team
categorical__opponent_team_Griffos E-Sports,0.0,opponent_team
categorical__opponent_team_Grim Reaper,0.0,opponent_team
categorical__opponent_team_Grinch Gang,0.0,opponent_team
categorical__opponent_team_GrindSky Esports,0.0,opponent_team
categorical__opponent_team_Gringo Team,0.0,opponent_team
categorical__opponent_team_Grow uP eSports,0.0,opponent_team
categorical__opponent_team_Guild Esports,0.0,opponent_team
categorical__opponent_team_Guild GC,0.0,opponent_team
categorical__opponent_team_Gungahlin Warriors,0.0,opponent_team
categorical__opponent_team_Guns and Rage,0.0,opponent_team
categorical__opponent_team_GunsForHire,0.0,opponent_team
categorical__opponent_team_Gx,0.0,opponent_team
categorical__opponent_team_Gydom Galva,0.0,opponent_team
categorical__opponent_team_GyoGun,0.0,opponent_team
categorical__opponent_team_GyuBeueumJang,0.0,opponent_team
categorical__opponent_team_GİVEMEORG,0.0,opponent_team
categorical__opponent_team_H$POPPER$,0.0,opponent_team
categorical__opponent_team_H2O,0.0,opponent_team
categorical__opponent_team_HACKERS,0.0,opponent_team
categorical__opponent_team_HATALANTE,0.0,opponent_team
categorical__opponent_team_HAYABUSA Gaming,0.0,opponent_team
categorical__opponent_team_HCK CIBORGS,0.0,opponent_team
categorical__opponent_team_HDMI Port,0.0,opponent_team
categorical__opponent_team_HE Gaming,0.0,opponent_team
categorical__opponent_team_HEAD HUNTERS,0.0,opponent_team
categorical__opponent_team_HEET,0.0,opponent_team
categorical__opponent_team_HEHE,0.0,opponent_team
categorical__opponent_team_HIGAN,0.0,opponent_team
categorical__opponent_team_HIGHFIVE,0.0,opponent_team
categorical__opponent_team_HIGHPOWER,0.0,opponent_team
categorical__opponent_team_HIT GAMING CLAN,0.0,opponent_team
categorical__opponent_team_HN RED,0.0,opponent_team
categorical__opponent_team_HOLLOW,0.0,opponent_team
categorical__opponent_team_HOMELESS,0.0,opponent_team
categorical__opponent_team_HONEY BADGERS,0.0,opponent_team
categorical__opponent_team_HONK,0.0,opponent_team
categorical__opponent_team_HOP gaming,0.0,opponent_team
categorical__opponent_team_HS Rising,0.0,opponent_team
categorical__opponent_team_HUILERS,0.0,opponent_team
categorical__opponent_team_Habibi,0.0,opponent_team
categorical__opponent_team_Hadi Kanka Esports,0.0,opponent_team
categorical__opponent_team_Hadi's boys,0.0,opponent_team
categorical__opponent_team_HahAraiNa,0.0,opponent_team
categorical__opponent_team_Hai IQ,0.0,opponent_team
categorical__opponent_team_Hajty,0.0,opponent_team
categorical__opponent_team_Half Moon,0.0,opponent_team
categorical__opponent_team_HalfBliss,0.0,opponent_team
categorical__opponent_team_Handicapped,0.0,opponent_team
categorical__opponent_team_Hard Light Esports,0.0,opponent_team
categorical__opponent_team_HardStuck,0.0,opponent_team
categorical__opponent_team_Hardcl1ck Esports,0.0,opponent_team
categorical__opponent_team_HasbullahPeek,0.0,opponent_team
categorical__opponent_team_Hashira,0.0,opponent_team
categorical__opponent_team_Hati Rapuh Vandi,0.0,opponent_team
categorical__opponent_team_Head Hunter's,0.0,opponent_team
categorical__opponent_team_HeadShotByWig,0.0,opponent_team
categorical__opponent_team_Headshot Infinity,0.0,opponent_team
categorical__opponent_team_Headshot Maschinen,0.0,opponent_team
categorical__opponent_team_Headshot Percentage,0.0,opponent_team
categorical__opponent_team_Heat Waves,0.0,opponent_team
categorical__opponent_team_Hectic Habibs,0.0,opponent_team
categorical__opponent_team_Hehe,0.0,opponent_team
categorical__opponent_team_Helios Gaming,0.0,opponent_team
categorical__opponent_team_Hell on Earth,0.0,opponent_team
categorical__opponent_team_HellBoy e Amigos,0.0,opponent_team
categorical__opponent_team_Hero Zero,0.0,opponent_team
categorical__opponent_team_Hex Esports,0.0,opponent_team
categorical__opponent_team_Hexad,0.0,opponent_team
categorical__opponent_team_Hexis Exito Phoenix,0.0,opponent_team
categorical__opponent_team_Hi Shin,0.0,opponent_team
categorical__opponent_team_Hide In Smoke,0.0,opponent_team
categorical__opponent_team_High Pressure,0.0,opponent_team
categorical__opponent_team_High5,0.0,opponent_team
categorical__opponent_team_HighRage,0.0,opponent_team
categorical__opponent_team_Hike Digital Esports,0.0,opponent_team
categorical__opponent_team_Hiraya,0.0,opponent_team
categorical__opponent_team_HmmEscuta,0.0,opponent_team
categorical__opponent_team_HoPe,0.0,opponent_team
categorical__opponent_team_Hoax,0.0,opponent_team
categorical__opponent_team_Hobby eSports,0.0,opponent_team
categorical__opponent_team_Hogwarts,0.0,opponent_team
categorical__opponent_team_Hollow Remake,0.0,opponent_team
categorical__opponent_team_Hollywood,0.0,opponent_team
categorical__opponent_team_HolyMolly,0.0,opponent_team
categorical__opponent_team_Homie E-Sports,0.0,opponent_team
numeric__missingindicator_player_rating_last_5,0.0,missingindicator_player_rating_last_5
numeric__missingindicator_player_rating_last_10,0.0,missingindicator_player_rating_last_10
categorical__opponent_team_Hooligans,0.0,opponent_team
categorical__opponent_team_HorYjin,0.0,opponent_team
categorical__opponent_team_HorizonGG,0.0,opponent_team
categorical__opponent_team_Horse Victory,0.0,opponent_team
categorical__opponent_team_HotSauCe,0.0,opponent_team
categorical__opponent_team_HowL Esport,0.0,opponent_team
categorical__opponent_team_HuaTua,0.0,opponent_team
categorical__opponent_team_Huat Zai,0.0,opponent_team
categorical__opponent_team_Hugh Jass Construction,0.0,opponent_team
categorical__opponent_team_Huh,0.0,opponent_team
categorical__opponent_team_Human Tripwires,0.0,opponent_team
categorical__opponent_team_Humanity Esport,0.0,opponent_team
categorical__opponent_team_Hungkuang Falcon,0.0,opponent_team
categorical__opponent_team_Hyferion5 Esports,0.0,opponent_team
categorical__opponent_team_HypeHorizen,0.0,opponent_team
categorical__opponent_team_Hyped Esports,0.0,opponent_team
categorical__opponent_team_Hyperspace Dark,0.0,opponent_team
categorical__opponent_team_Hyperzero,0.0,opponent_team
categorical__opponent_team_Hypnotic Gaming,0.0,opponent_team
categorical__opponent_team_Hypothermia,0.0,opponent_team
categorical__opponent_team_Hysteria,0.0,opponent_team
categorical__opponent_team_I Cee Jay Too,0.0,opponent_team
categorical__opponent_team_I FALLITI,0.0,opponent_team
categorical__opponent_team_I Need Money,0.0,opponent_team
categorical__opponent_team_I need Girlfriend,0.0,opponent_team
categorical__opponent_team_IBERIANS,0.0,opponent_team
categorical__opponent_team_IC9,0.0,opponent_team
categorical__opponent_team_ICE Ivory,0.0,opponent_team
categorical__opponent_team_IESR,0.0,opponent_team
categorical__opponent_team_IGZIST,0.0,opponent_team
categorical__opponent_team_IMPERIUM,0.0,opponent_team
categorical__opponent_team_IN THE MAKING,0.0,opponent_team
categorical__opponent_team_INCENTIVE,0.0,opponent_team
categorical__opponent_team_INDIO ANA JONES,0.0,opponent_team
categorical__opponent_team_INFINITY,0.0,opponent_team
categorical__opponent_team_INGAMING Esports,0.0,opponent_team
categorical__opponent_team_INREGS,0.0,opponent_team
categorical__opponent_team_INS4NE,0.0,opponent_team
categorical__opponent_team_INTEND,0.0,opponent_team
categorical__opponent_team_IPL E-SPORT,0.0,opponent_team
categorical__opponent_team_IRLV.GG,0.0,opponent_team
categorical__opponent_team_ISOL-BULIL,0.0,opponent_team
categorical__opponent_team_ISellPower,0.0,opponent_team
categorical__opponent_team_IVAN,0.0,opponent_team
categorical__opponent_team_IVY,0.0,opponent_team
categorical__opponent_team_IceCastle,0.0,opponent_team
categorical__opponent_team_IceWolves Esports,0.0,opponent_team
categorical__opponent_team_Ichijiku,0.0,opponent_team
categorical__opponent_team_Icicle Conflict,0.0,opponent_team
categorical__opponent_team_Iconic,0.0,opponent_team
categorical__opponent_team_Icons,0.0,opponent_team
categorical__opponent_team_Ignisoul Gaming,0.0,opponent_team
categorical__opponent_team_Ignite,0.0,opponent_team
categorical__opponent_team_Ignite Academy,0.0,opponent_team
categorical__opponent_team_Ignite Esports,0.0,opponent_team
categorical__opponent_team_IlluZion,0.0,opponent_team
categorical__opponent_team_Illumina Blue,0.0,opponent_team
categorical__opponent_team_Illuminar Gaming,0.0,opponent_team
categorical__opponent_team_Illuzion Black,0.0,opponent_team
categorical__opponent_team_Illuzion Orange,0.0,opponent_team
categorical__opponent_team_Illés Akadémia Spirit,0.0,opponent_team
categorical__opponent_team_Iluro Gaming,0.0,opponent_team
categorical__opponent_team_Imaginary Savior,0.0,opponent_team
categorical__opponent_team_Imagine Age,0.0,opponent_team
categorical__opponent_team_Immortal Rogues,0.0,opponent_team
categorical__opponent_team_Immortality,0.0,opponent_team
categorical__opponent_team_Immortals,0.0,opponent_team
categorical__opponent_team_Impact Donkey Frags,0.0,opponent_team
categorical__opponent_team_Imperial Esports,0.0,opponent_team
categorical__opponent_team_Improve,0.0,opponent_team
categorical__opponent_team_InTenZiveEU,0.0,opponent_team
categorical__opponent_team_Inaequalis,0.0,opponent_team
categorical__opponent_team_Incarnations of Victory,0.0,opponent_team
numeric__missingindicator_player_acs_last_5,0.0,missingindicator_player_acs_last_5
categorical__opponent_team_Incognito,0.0,opponent_team
categorical__opponent_team_Indiana Syndicate,0.0,opponent_team
categorical__opponent_team_Indigo Children,0.0,opponent_team
categorical__opponent_team_Inertia,0.0,opponent_team
categorical__opponent_team_Inferno Esports,0.0,opponent_team
categorical__opponent_team_Inferno.Infinity,0.0,opponent_team
categorical__opponent_team_Infinite Skill,0.0,opponent_team
categorical__opponent_team_Ingenuity,0.0,opponent_team
categorical__opponent_team_Initiative,0.0,opponent_team
categorical__opponent_team_Inland Knights,0.0,opponent_team
categorical__opponent_team_Innocent Cats Esports,0.0,opponent_team
categorical__opponent_team_Innocent Cats Junior,0.0,opponent_team
categorical__opponent_team_Insert Name Here,0.0,opponent_team
categorical__opponent_team_Insight,0.0,opponent_team
categorical__opponent_team_Insight Gaming,0.0,opponent_team
categorical__opponent_team_Insomnia,0.0,opponent_team
categorical__opponent_team_Instalock X,0.0,opponent_team
categorical__opponent_team_Instant Noodles,0.0,opponent_team
categorical__opponent_team_Insurgent Esports,0.0,opponent_team
categorical__opponent_team_Intellectually Challenged Gamers,0.0,opponent_team
categorical__opponent_team_Intense Gaming,0.0,opponent_team
categorical__opponent_team_Intensity Gaming,0.0,opponent_team
categorical__opponent_team_Interstate 95,0.0,opponent_team
categorical__opponent_team_Into The Breach Protocol,0.0,opponent_team
categorical__opponent_team_Invaders,0.0,opponent_team
categorical__opponent_team_Invicta,0.0,opponent_team
categorical__opponent_team_Invicta Gaming,0.0,opponent_team
categorical__opponent_team_Itasrum Espor,0.0,opponent_team
categorical__opponent_team_Ivy,0.0,opponent_team
numeric__missingindicator_player_kda_last_5,0.0,missingindicator_player_kda_last_5
categorical__opponent_team_Izanami Red,0.0,opponent_team
categorical__opponent_team_JAKKAJEE,0.0,opponent_team
categorical__opponent_team_JAMPA e-Sports,0.0,opponent_team
categorical__opponent_team_JG and friends,0.0,opponent_team
categorical__opponent_team_JG.JIANG,0.0,opponent_team
categorical__opponent_team_JO Clan,0.0,opponent_team
categorical__opponent_team_JOKERS,0.0,opponent_team
categorical__opponent_team_Jacarezinho,0.0,opponent_team
categorical__opponent_team_Jadeite,0.0,opponent_team
categorical__opponent_team_Jaguares Esports,0.0,opponent_team
categorical__opponent_team_JaiSlai,0.0,opponent_team
categorical__opponent_team_James Madison University,0.0,opponent_team
categorical__opponent_team_Jammers,0.0,opponent_team
categorical__opponent_team_Janus Esports,0.0,opponent_team
categorical__opponent_team_Jellyspotters,0.0,opponent_team
categorical__opponent_team_Jeremiah,0.0,opponent_team
categorical__opponent_team_JinxIt,0.0,opponent_team
categorical__opponent_team_Jit Lickers,0.0,opponent_team
categorical__opponent_team_Joga Bonito,0.0,opponent_team
categorical__opponent_team_John Howard,0.0,opponent_team
categorical__opponent_team_JordySG,0.0,opponent_team
categorical__opponent_team_Judge Rush,0.0,opponent_team
categorical__opponent_team_Judge to World,0.0,opponent_team
categorical__opponent_team_JujurlySoEZ,0.0,opponent_team
categorical__opponent_team_Jujutsu,0.0,opponent_team
categorical__opponent_team_Juntei5,0.0,opponent_team
categorical__opponent_team_Just Tehlikeli,0.0,opponent_team
categorical__opponent_team_Just W,0.0,opponent_team
categorical__opponent_team_Just is Smart,0.0,opponent_team
categorical__opponent_team_JustLose,0.0,opponent_team
categorical__opponent_team_JustSoldiers,0.0,opponent_team
categorical__opponent_team_K2 esports,0.0,opponent_team
categorical__opponent_team_K7 Esports,0.0,opponent_team
categorical__opponent_team_KABAHbl,0.0,opponent_team
categorical__opponent_team_KABANI&PEPEL,0.0,opponent_team
categorical__opponent_team_KADILIMAN,0.0,opponent_team
categorical__opponent_team_KAIDO,0.0,opponent_team
categorical__opponent_team_KANAFI,0.0,opponent_team
categorical__opponent_team_KARA,0.0,opponent_team
categorical__opponent_team_KASTIRALIS,0.0,opponent_team
categorical__opponent_team_KBB KAGITSPOR,0.0,opponent_team
categorical__opponent_team_KBB KAĞITSPOR,0.0,opponent_team
categorical__opponent_team_KEKW,0.0,opponent_team
categorical__opponent_team_KFCxTeam,0.0,opponent_team
categorical__opponent_team_KG Network,0.0,opponent_team
categorical__opponent_team_KILLJOY GAMING,0.0,opponent_team
categorical__opponent_team_KINGS Esports,0.0,opponent_team
categorical__opponent_team_KINGSLAYERS,0.0,opponent_team
numeric__missingindicator_player_acs_last_3,0.0,missingindicator_player_acs_last_3
categorical__opponent_team_KJC eSports,0.0,opponent_team
categorical__opponent_team_KLATWA,0.0,opponent_team
categorical__opponent_team_KLAUN,0.0,opponent_team
categorical__opponent_team_KNAVES E-SPORTS,0.0,opponent_team
categorical__opponent_team_KOI,0.0,opponent_team
categorical__opponent_team_KOIFISH,0.0,opponent_team
categorical__opponent_team_KONE eSports Club,0.0,opponent_team
categorical__opponent_team_KOVA,0.0,opponent_team
categorical__opponent_team_KPC Computer Studio,0.0,opponent_team
categorical__opponent_team_KPI Gaming,0.0,opponent_team
numeric__missingindicator_player_acs_last_10,0.0,missingindicator_player_acs_last_10
categorical__opponent_team_KPMOONIIBLM9,0.0,opponent_team
categorical__opponent_team_KPZ,0.0,opponent_team
categorical__opponent_team_KRAKEN ESC,0.0,opponent_team
categorical__opponent_team_KRÜ Esports,0.0,opponent_team
categorical__opponent_team_KZ,0.0,opponent_team
categorical__opponent_team_Kafalar eSports,0.0,opponent_team
categorical__opponent_team_Kahoot,0.0,opponent_team
categorical__opponent_team_Kaiser Thane,0.0,opponent_team
categorical__opponent_team_Kaizuka,0.0,opponent_team
categorical__opponent_team_Kampung Durian Runtuh,0.0,opponent_team
categorical__opponent_team_Kanga Esports,0.0,opponent_team
categorical__opponent_team_Kantic 2.0,0.0,opponent_team
categorical__opponent_team_Kantic Gaming,0.0,opponent_team
categorical__opponent_team_Kaos Latin Gamers,0.0,opponent_team
categorical__opponent_team_Karagümrük Esports,0.0,opponent_team
categorical__opponent_team_Karasuno,0.0,opponent_team
categorical__opponent_team_Karat Istanbul,0.0,opponent_team
categorical__opponent_team_Karma,0.0,opponent_team
categorical__opponent_team_Karma Clan,0.0,opponent_team
categorical__opponent_team_Karmine Corp,0.0,opponent_team
categorical__opponent_team_Karutis,0.0,opponent_team
categorical__opponent_team_Kasih,0.0,opponent_team
categorical__opponent_team_Kathix Dash Esports,0.0,opponent_team
categorical__opponent_team_Keanu's Backpack,0.0,opponent_team
categorical__opponent_team_Keluarga Bahagia,0.0,opponent_team
categorical__opponent_team_Keyd Stars,0.0,opponent_team
categorical__opponent_team_Khumbu Esports,0.0,opponent_team
categorical__opponent_team_Kikados da Galaxy Carrots,0.0,opponent_team
categorical__opponent_team_Kill To Win,0.0,opponent_team
categorical__opponent_team_King's Gambit,0.0,opponent_team
categorical__opponent_team_King's Man,0.0,opponent_team
categorical__opponent_team_Kingpins,0.0,opponent_team
categorical__opponent_team_Kings,0.0,opponent_team
categorical__opponent_team_Kingsmen,0.0,opponent_team
categorical__opponent_team_Kjottkaker i brun saus,0.0,opponent_team
categorical__opponent_team_Klanik Esport,0.0,opponent_team
categorical__opponent_team_Klaus,0.0,opponent_team
categorical__opponent_team_Knights,0.0,opponent_team
categorical__opponent_team_KnockOut Esports,0.0,opponent_team
categorical__opponent_team_Knockdown,0.0,opponent_team
categorical__opponent_team_Kocaeli Esports,0.0,opponent_team
categorical__opponent_team_Kolkata5ive,0.0,opponent_team
categorical__opponent_team_Kolossus Academy,0.0,opponent_team
categorical__opponent_team_Konoha(Lipxitus),0.0,opponent_team
categorical__opponent_team_Kooky Koalas,0.0,opponent_team
categorical__opponent_team_Koudkouto,0.0,opponent_team
categorical__opponent_team_KovaakLegends,0.0,opponent_team
categorical__opponent_team_Kowareta,0.0,opponent_team
categorical__opponent_team_Kral ve Büyücüleri,0.0,opponent_team
categorical__opponent_team_Krampus,0.0,opponent_team
categorical__opponent_team_Ksenox,0.0,opponent_team
categorical__opponent_team_Kum Gaming,0.0,opponent_team
categorical__opponent_team_Kupalboys,0.0,opponent_team
categorical__opponent_team_Květinky,0.0,opponent_team
categorical__opponent_team_Küçükçekmece Espor,0.0,opponent_team
categorical__opponent_team_L DaNce(Zero MarksMen Silver),0.0,opponent_team
categorical__opponent_team_L'institut,0.0,opponent_team
categorical__opponent_team_LAG Gaming,0.0,opponent_team
categorical__opponent_team_LAVA,0.0,opponent_team
categorical__opponent_team_LCVS esports club,0.0,opponent_team
categorical__opponent_team_LDM Esports,0.0,opponent_team
categorical__opponent_team_LDN UTD,0.0,opponent_team
categorical__opponent_team_LDV Esports,0.0,opponent_team
categorical__opponent_team_LEGIONERS,0.0,opponent_team
categorical__opponent_team_LEVEL UP,0.0,opponent_team
numeric__missingindicator_player_kda_last_3,0.0,missingindicator_player_kda_last_3
categorical__opponent_team_LFO,0.0,opponent_team
categorical__opponent_team_LFO kings,0.0,opponent_team
categorical__opponent_team_LFT,0.0,opponent_team
categorical__opponent_team_LG Esports VEX,0.0,opponent_team
categorical__opponent_team_LINJA,0.0,opponent_team
categorical__opponent_team_LL,0.0,opponent_team
categorical__opponent_team_LMC Esports,0.0,opponent_team
numeric__missingindicator_player_kda_last_10,0.0,missingindicator_player_kda_last_10
categorical__opponent_team_LP33,0.0,opponent_team
categorical__opponent_team_LUSA White,0.0,opponent_team
categorical__opponent_team_LYNX TH,0.0,opponent_team
categorical__opponent_team_LZT Gaming,0.0,opponent_team
categorical__opponent_team_La Familia,0.0,opponent_team
categorical__opponent_team_La Puenta,0.0,opponent_team
categorical__opponent_team_La nueva era,0.0,opponent_team
categorical__opponent_team_La7zag Esports,0.0,opponent_team
categorical__opponent_team_LaZe,0.0,opponent_team
categorical__opponent_team_Lancers,0.0,opponent_team
categorical__opponent_team_Lancheira do Tomás,0.0,opponent_team
categorical__opponent_team_Landak Tropis,0.0,opponent_team
categorical__opponent_team_Langit9,0.0,opponent_team
categorical__opponent_team_Lankräm,0.0,opponent_team
categorical__opponent_team_Lariox Esports,0.0,opponent_team
categorical__opponent_team_Las Palmas Unity,0.0,opponent_team
categorical__opponent_team_Lasagna Beam,0.0,opponent_team
categorical__opponent_team_Last Chance,0.0,opponent_team
categorical__opponent_team_Last Dance,0.0,opponent_team
categorical__opponent_team_Last Resistance,0.0,opponent_team
categorical__opponent_team_Last Round Save,0.0,opponent_team
categorical__opponent_team_Last Second Mix,0.0,opponent_team
categorical__opponent_team_LastShooter,0.0,opponent_team
categorical__opponent_team_Lavie,0.0,opponent_team
categorical__opponent_team_Lazarus,0.0,opponent_team
categorical__opponent_team_Learn 2 Play,0.0,opponent_team
categorical__opponent_team_Lecassit E-Sports,0.0,opponent_team
categorical__opponent_team_Leftovers,0.0,opponent_team
categorical__opponent_team_Legacy Esports,0.0,opponent_team
categorical__opponent_team_Legion de Reconocimiento,0.0,opponent_team
categorical__opponent_team_Lemonade Stand,0.0,opponent_team
categorical__opponent_team_Lenny Time,0.0,opponent_team
categorical__opponent_team_Les Braqueurs,0.0,opponent_team
categorical__opponent_team_Les Zinzins De Lespace,0.0,opponent_team
categorical__opponent_team_Leteam,0.0,opponent_team
categorical__opponent_team_Lethal Esports,0.0,opponent_team
categorical__opponent_team_LetsSleep,0.0,opponent_team
categorical__opponent_team_Levitate,0.0,opponent_team
categorical__opponent_team_Lexious Gaming,0.0,opponent_team
categorical__opponent_team_Liberty,0.0,opponent_team
categorical__opponent_team_LifeThruGaming,0.0,opponent_team
categorical__opponent_team_Light Emitting Diodes,0.0,opponent_team
categorical__opponent_team_Lightning,0.0,opponent_team
categorical__opponent_team_Like,0.0,opponent_team
categorical__opponent_team_LilBabies,0.0,opponent_team
categorical__opponent_team_Limitless,0.0,opponent_team
categorical__opponent_team_LionHeart,0.0,opponent_team
numeric__missingindicator_player_rating_ewm_3,0.0,missingindicator_player_rating_ewm_3
categorical__opponent_team_Lobster Car,0.0,opponent_team
categorical__opponent_team_Lone Way E-SPORTS,0.0,opponent_team
categorical__opponent_team_LongBondage,0.0,opponent_team
categorical__opponent_team_LongWay Esports,0.0,opponent_team
categorical__opponent_team_Looking For Org,0.0,opponent_team
categorical__opponent_team_Looking For Org5,0.0,opponent_team
categorical__opponent_team_Looking For Organization,0.0,opponent_team
categorical__opponent_team_Looking for Contract,0.0,opponent_team
categorical__opponent_team_Looking for Org,0.0,opponent_team
categorical__opponent_team_Looking for Organize,0.0,opponent_team
categorical__opponent_team_Looters Club Esports,0.0,opponent_team
categorical__opponent_team_Lords of Heist,0.0,opponent_team
categorical__opponent_team_Los Grandes,0.0,opponent_team
categorical__opponent_team_Lose Angeles,0.0,opponent_team
categorical__opponent_team_Loser Gang,0.0,opponent_team
categorical__opponent_team_Louvre,0.0,opponent_team
categorical__opponent_team_Lucadmin eSports,0.0,opponent_team
categorical__opponent_team_Lucent Esports,0.0,opponent_team
categorical__opponent_team_Lucky Boys,0.0,opponent_team
categorical__opponent_team_Lucky Cat Gaming,0.0,opponent_team
categorical__opponent_team_Ludus Sports,0.0,opponent_team
categorical__opponent_team_Luminosity,0.0,opponent_team
categorical__opponent_team_Lumsum,0.0,opponent_team
categorical__opponent_team_Lunch Club,0.0,opponent_team
categorical__opponent_team_Lusail Esports,0.0,opponent_team
categorical__opponent_team_Luulot pois,0.0,opponent_team
categorical__opponent_team_Lv10,0.0,opponent_team
numeric__missingindicator_player_rating_ewm_5,0.0,missingindicator_player_rating_ewm_5
categorical__opponent_team_LvL Up Esport,0.0,opponent_team
categorical__opponent_team_Lycus Empire,0.0,opponent_team
categorical__opponent_team_Lyft ES,0.0,opponent_team
categorical__opponent_team_Lynx Esports,0.0,opponent_team
categorical__opponent_team_Lythronax,0.0,opponent_team
categorical__opponent_team_M1syl and friends,0.0,opponent_team
numeric__missingindicator_player_rating_ewm_10,0.0,missingindicator_player_rating_ewm_10
categorical__opponent_team_M42 Esports,0.0,opponent_team
categorical__opponent_team_M4LIK,0.0,opponent_team
categorical__opponent_team_MAJTKOMAT,0.0,opponent_team
categorical__opponent_team_MALLUNKULTANE,0.0,opponent_team
categorical__opponent_team_MANGO,0.0,opponent_team
categorical__opponent_team_MASSIVESTROKE E-SPORTS,0.0,opponent_team
categorical__opponent_team_MAXD Esports,0.0,opponent_team
categorical__opponent_team_MAYO(KVM Esports),0.0,opponent_team
categorical__opponent_team_MAZE Esports,0.0,opponent_team
categorical__opponent_team_MBVINO,0.0,opponent_team
categorical__opponent_team_MCC,0.0,opponent_team
categorical__opponent_team_MCES,0.0,opponent_team
categorical__opponent_team_MCRP,0.0,opponent_team
categorical__opponent_team_MDS Factory,0.0,opponent_team
categorical__opponent_team_MEETWO,0.0,opponent_team
categorical__opponent_team_MENA RATS,0.0,opponent_team
categorical__opponent_team_MEOGANG,0.0,opponent_team
categorical__opponent_team_MEOW MEOW,0.0,opponent_team
categorical__opponent_team_META Southrons,0.0,opponent_team
categorical__opponent_team_MEW2,0.0,opponent_team
categorical__opponent_team_MF14,0.0,opponent_team
categorical__opponent_team_MIBR,0.0,opponent_team
categorical__opponent_team_MIRACLE,0.0,opponent_team
categorical__opponent_team_MIX,0.0,opponent_team
categorical__opponent_team_MIX2PLOUCS,0.0,opponent_team
categorical__opponent_team_MLT Esports,0.0,opponent_team
categorical__opponent_team_MORE Esports,0.0,opponent_team
categorical__opponent_team_MPC,0.0,opponent_team
categorical__opponent_team_MSP,0.0,opponent_team
categorical__opponent_team_MSR Esport,0.0,opponent_team
categorical__opponent_team_MTP Esport,0.0,opponent_team
categorical__opponent_team_MTS Esports,0.0,opponent_team
categorical__opponent_team_MXB South Side,0.0,opponent_team
categorical__opponent_team_MZ Team,0.0,opponent_team
categorical__opponent_team_Macbernick,0.0,opponent_team
categorical__opponent_team_Mach5,0.0,opponent_team
categorical__opponent_team_Machine Soldiers,0.0,opponent_team
categorical__opponent_team_Macko Esports,0.0,opponent_team
categorical__opponent_team_Mad Kings,0.0,opponent_team
categorical__opponent_team_Mad Mare,0.0,opponent_team
categorical__opponent_team_MadHood,0.0,opponent_team
categorical__opponent_team_Made In Vietnam,0.0,opponent_team
categorical__opponent_team_Made in Roblox,0.0,opponent_team
categorical__opponent_team_Made in Thailand,0.0,opponent_team
categorical__opponent_team_Madness Esports,0.0,opponent_team
categorical__opponent_team_Magic Gem,0.0,opponent_team
categorical__opponent_team_Magma,0.0,opponent_team
categorical__opponent_team_Magna Lupus,0.0,opponent_team
categorical__opponent_team_MakeAWish,0.0,opponent_team
categorical__opponent_team_MallunRed,0.0,opponent_team
categorical__opponent_team_Malvinas Gaming,0.0,opponent_team
categorical__opponent_team_Man Of the Match,0.0,opponent_team
categorical__opponent_team_Maniacos da Mira,0.0,opponent_team
categorical__opponent_team_Mantis,0.0,opponent_team
categorical__opponent_team_Mariner,0.0,opponent_team
categorical__opponent_team_Maru Gaming,0.0,opponent_team
categorical__opponent_team_Maruti Peek,0.0,opponent_team
categorical__opponent_team_Marvel's Avengers,0.0,opponent_team
categorical__opponent_team_Maskeli Be$ler,0.0,opponent_team
categorical__opponent_team_Masonic,0.0,opponent_team
categorical__opponent_team_Masquerade,0.0,opponent_team
categorical__opponent_team_Mastery,0.0,opponent_team
categorical__opponent_team_Matching Numbers,0.0,opponent_team
categorical__opponent_team_Mawar Dandelion,0.0,opponent_team
categorical__opponent_team_Maze E-Sports,0.0,opponent_team
categorical__opponent_team_McBTSMac,0.0,opponent_team
categorical__opponent_team_McDDonalds Esports,0.0,opponent_team
categorical__opponent_team_McTeam,0.0,opponent_team
categorical__opponent_team_Meant 2 Be,0.0,opponent_team
categorical__opponent_team_Meat Feast Gang,0.0,opponent_team
categorical__opponent_team_Medal Esports,0.0,opponent_team
categorical__opponent_team_Medellin,0.0,opponent_team
categorical__opponent_team_Medics,0.0,opponent_team
categorical__opponent_team_Mega Minors,0.0,opponent_team
categorical__opponent_team_Megastitut,0.0,opponent_team
categorical__opponent_team_Memelanders,0.0,opponent_team
categorical__opponent_team_Menace 2 Society,0.0,opponent_team
categorical__opponent_team_Mencari Tempat Berlabuh,0.0,opponent_team
categorical__opponent_team_Meness Mob,0.0,opponent_team
categorical__opponent_team_Mental Zero,0.0,opponent_team
categorical__opponent_team_MeowMeow,0.0,opponent_team
categorical__opponent_team_Mercury,0.0,opponent_team
categorical__opponent_team_Merlyn Esports,0.0,opponent_team
categorical__opponent_team_Merry Men,0.0,opponent_team
categorical__opponent_team_Meta Gaming,0.0,opponent_team
categorical__opponent_team_Method2Madness,0.0,opponent_team
categorical__opponent_team_Meyhane,0.0,opponent_team
categorical__opponent_team_Midzy,0.0,opponent_team
categorical__opponent_team_Mighty Meerkats,0.0,opponent_team
categorical__opponent_team_Millennium Agency,0.0,opponent_team
categorical__opponent_team_Mindfreak,0.0,opponent_team
categorical__opponent_team_Minima,0.0,opponent_team
categorical__opponent_team_Minimum Wagers,0.0,opponent_team
categorical__opponent_team_Misfits Black,0.0,opponent_team
categorical__opponent_team_Missing Piece,0.0,opponent_team
categorical__opponent_team_Mix Helios,0.0,opponent_team
categorical__opponent_team_Mix Team,0.0,opponent_team
categorical__opponent_team_Mixed Reality,0.0,opponent_team
categorical__opponent_team_Mixers,0.0,opponent_team
categorical__opponent_team_Mizzou Esports,0.0,opponent_team
categorical__opponent_team_Mjestic Clan,0.0,opponent_team
categorical__opponent_team_Mkers,0.0,opponent_team
categorical__opponent_team_MoBuckets,0.0,opponent_team
categorical__opponent_team_MoLoDejKa,0.0,opponent_team
categorical__opponent_team_Monitos,0.0,opponent_team
categorical__opponent_team_Monkey Bite Esports,0.0,opponent_team
categorical__opponent_team_Monkey Momentum,0.0,opponent_team
categorical__opponent_team_Monkey Stars,0.0,opponent_team
categorical__opponent_team_Monky Gaming,0.0,opponent_team
categorical__opponent_team_Moon Raccoons,0.0,opponent_team
categorical__opponent_team_Moonrise,0.0,opponent_team
categorical__opponent_team_Moonrise Black,0.0,opponent_team
categorical__opponent_team_Moose Knucklers,0.0,opponent_team
categorical__opponent_team_Morior Invictus,0.0,opponent_team
numeric__missingindicator_player_acs_ewm_3,0.0,missingindicator_player_acs_ewm_3
categorical__opponent_team_Mortal E-Sports,0.0,opponent_team
categorical__opponent_team_Mortal Step Up,0.0,opponent_team
categorical__opponent_team_Moscow Five jr,0.0,opponent_team
categorical__opponent_team_Most Wanted,0.0,opponent_team
categorical__opponent_team_Motif Esports,0.0,opponent_team
categorical__opponent_team_Motion Team,0.0,opponent_team
categorical__opponent_team_Motos Muito Rápidas,0.0,opponent_team
categorical__opponent_team_Movistar Riders,0.0,opponent_team
categorical__opponent_team_Mowil Esports,0.0,opponent_team
categorical__opponent_team_Mujig 100su,0.0,opponent_team
categorical__opponent_team_Munich-eSports Academy,0.0,opponent_team
categorical__opponent_team_Mustang Gaming,0.0,opponent_team
categorical__opponent_team_Myschief,0.0,opponent_team
categorical__opponent_team_Myst1s Gaming,0.0,opponent_team
categorical__opponent_team_Mystery,0.0,opponent_team
categorical__opponent_team_Mythociast,0.0,opponent_team
categorical__opponent_team_Mägge Esports,0.0,opponent_team
categorical__opponent_team_NAJIN Rivals,0.0,opponent_team
categorical__opponent_team_NANDEAD GAMING,0.0,opponent_team
categorical__opponent_team_NANO,0.0,opponent_team
categorical__opponent_team_NAOS,0.0,opponent_team
categorical__opponent_team_NASR Esports,0.0,opponent_team
categorical__opponent_team_NBKS CENTURIONS,0.0,opponent_team
categorical__opponent_team_NC State Esports,0.0,opponent_team
categorical__opponent_team_NDT,0.0,opponent_team
categorical__opponent_team_NEBULAA,0.0,opponent_team
categorical__opponent_team_NEED NAME,0.0,opponent_team
categorical__opponent_team_NEVERTILT,0.0,opponent_team
categorical__opponent_team_NEVIS,0.0,opponent_team
categorical__opponent_team_NEW ERA,0.0,opponent_team
categorical__opponent_team_NEW LEGENDS GAMING,0.0,opponent_team
categorical__opponent_team_NEXT.GEN,0.0,opponent_team
categorical__opponent_team_NEXUS,0.0,opponent_team
categorical__opponent_team_NFG Light,0.0,opponent_team
categorical__opponent_team_NG.Black,0.0,opponent_team
categorical__opponent_team_NGI,0.0,opponent_team
categorical__opponent_team_NOGAS Esports,0.0,opponent_team
categorical__opponent_team_NOIR,0.0,opponent_team
categorical__opponent_team_NOM Esports,0.0,opponent_team
categorical__opponent_team_NOMAD,0.0,opponent_team
categorical__opponent_team_NOMADEN Blu,0.0,opponent_team
categorical__opponent_team_NOORG2.0,0.0,opponent_team
categorical__opponent_team_NORTHEPTION,0.0,opponent_team
categorical__opponent_team_NOTAG,0.0,opponent_team
categorical__opponent_team_NOX Esports,0.0,opponent_team
categorical__opponent_team_NPGTxD,0.0,opponent_team
categorical__opponent_team_NRG,0.0,opponent_team
numeric__missingindicator_player_acs_ewm_5,0.0,missingindicator_player_acs_ewm_5
categorical__opponent_team_NW Esports,0.0,opponent_team
categorical__opponent_team_NWJ,0.0,opponent_team
categorical__opponent_team_NXL LIGAGAME,0.0,opponent_team
categorical__opponent_team_NXLG Academy,0.0,opponent_team
categorical__opponent_team_NXN,0.0,opponent_team
categorical__opponent_team_NYFU,0.0,opponent_team
categorical__opponent_team_NaVi,0.0,opponent_team
categorical__opponent_team_Naked with Attitude,0.0,opponent_team
categorical__opponent_team_Namak Boys,0.0,opponent_team
categorical__opponent_team_Nameless Esports,0.0,opponent_team
categorical__opponent_team_Nana's Biscuits,0.0,opponent_team
categorical__opponent_team_Nanashi no Gonbee,0.0,opponent_team
categorical__opponent_team_NapTime,0.0,opponent_team
categorical__opponent_team_Nation Gaming,0.0,opponent_team
categorical__opponent_team_Native 2 Empire,0.0,opponent_team
categorical__opponent_team_Natus Vincere,0.0,opponent_team
categorical__opponent_team_Nautic,0.0,opponent_team
categorical__opponent_team_Navy Blue,0.0,opponent_team
categorical__opponent_team_Ne Priehali,0.0,opponent_team
categorical__opponent_team_Nearest Airport,0.0,opponent_team
categorical__opponent_team_Nebula,0.0,opponent_team
categorical__opponent_team_NecroRaisers,0.0,opponent_team
categorical__opponent_team_Neebs and Weebs,0.0,opponent_team
categorical__opponent_team_Need Sponsor,0.0,opponent_team
categorical__opponent_team_Need4Food,0.0,opponent_team
categorical__opponent_team_NeedORGPT,0.0,opponent_team
categorical__opponent_team_Nefarious Gaming,0.0,opponent_team
categorical__opponent_team_Nemesis,0.0,opponent_team
categorical__opponent_team_Nemeziz,0.0,opponent_team
categorical__opponent_team_Nenkoujoretsu,0.0,opponent_team
categorical__opponent_team_Neo Culture Technology,0.0,opponent_team
categorical__opponent_team_NeoAimer,0.0,opponent_team
categorical__opponent_team_Neons Ninjas,0.0,opponent_team
categorical__opponent_team_Nerx,0.0,opponent_team
categorical__opponent_team_Neutralize Reborn,0.0,opponent_team
categorical__opponent_team_Never Give Up,0.0,opponent_team
categorical__opponent_team_Never Miss,0.0,opponent_team
categorical__opponent_team_Never Surrender,0.0,opponent_team
categorical__opponent_team_Nevim,0.0,opponent_team
categorical__opponent_team_New Dawn Esports,0.0,opponent_team
categorical__opponent_team_New Genesis Esports,0.0,opponent_team
categorical__opponent_team_New Haven,0.0,opponent_team
categorical__opponent_team_New Legion,0.0,opponent_team
categorical__opponent_team_New Moon,0.0,opponent_team
categorical__opponent_team_New Team,0.0,opponent_team
categorical__opponent_team_Nexplay Evos,0.0,opponent_team
categorical__opponent_team_Next eSports,0.0,opponent_team
categorical__opponent_team_Nexus Gaming,0.0,opponent_team
categorical__opponent_team_Nghiện Thêm Lần Nữ,0.0,opponent_team
categorical__opponent_team_Nice Gaming,0.0,opponent_team
categorical__opponent_team_Nice one. nice shoot,0.0,opponent_team
categorical__opponent_team_Night Busters,0.0,opponent_team
categorical__opponent_team_Nightblood Gaming,0.0,opponent_team
categorical__opponent_team_Nightly,0.0,opponent_team
categorical__opponent_team_Nigma Galaxy,0.0,opponent_team
categorical__opponent_team_Ninety-nine,0.0,opponent_team
categorical__opponent_team_Ninja Esport,0.0,opponent_team
categorical__opponent_team_Ninjas In Pyjamas,0.0,opponent_team
categorical__opponent_team_Ninjas in Pyjamas,0.0,opponent_team
categorical__opponent_team_Ninjas with Attitude,0.0,opponent_team
categorical__opponent_team_No Aim Assist,0.0,opponent_team
categorical__opponent_team_No Brimstone,0.0,opponent_team
categorical__opponent_team_No Country,0.0,opponent_team
categorical__opponent_team_No Hope Gaming,0.0,opponent_team
categorical__opponent_team_No Kizzy,0.0,opponent_team
categorical__opponent_team_No Limit Latam,0.0,opponent_team
categorical__opponent_team_No Name,0.0,opponent_team
categorical__opponent_team_No Namers,0.0,opponent_team
categorical__opponent_team_No Pressure,0.0,opponent_team
categorical__opponent_team_No Smoke,0.0,opponent_team
categorical__opponent_team_No Witness,0.0,opponent_team
categorical__opponent_team_NoAvocado,0.0,opponent_team
categorical__opponent_team_NoChance,0.0,opponent_team
categorical__opponent_team_NoEffort,0.0,opponent_team
categorical__opponent_team_NoMercy,0.0,opponent_team
numeric__missingindicator_player_acs_ewm_10,0.0,missingindicator_player_acs_ewm_10
categorical__opponent_team_NoPracc,0.0,opponent_team
categorical__opponent_team_Noble,0.0,opponent_team
categorical__opponent_team_Noble Experience,0.0,opponent_team
categorical__opponent_team_Noctis,0.0,opponent_team
categorical__opponent_team_Noctis Bellator,0.0,opponent_team
categorical__opponent_team_Nocturn Betelgeuse,0.0,opponent_team
categorical__opponent_team_Nocturnals,0.0,opponent_team
categorical__opponent_team_Nocturned Team,0.0,opponent_team
categorical__opponent_team_Noir,0.0,opponent_team
numeric__missingindicator_player_kda_ewm_3,0.0,missingindicator_player_kda_ewm_3
categorical__opponent_team_Nongkrong Kilat,0.0,opponent_team
numeric__missingindicator_player_kda_ewm_5,0.0,missingindicator_player_kda_ewm_5
categorical__opponent_team_NoobsInAct1oN,0.0,opponent_team
categorical__opponent_team_Noodle Arm Athletes,0.0,opponent_team
categorical__opponent_team_Nope,0.0,opponent_team
categorical__opponent_team_NorCal Esports,0.0,opponent_team
categorical__opponent_team_Nora-Rengo,0.0,opponent_team
categorical__opponent_team_Norden eSports,0.0,opponent_team
categorical__opponent_team_Nordic Legends Gaming,0.0,opponent_team
categorical__opponent_team_Nori Nori Yoshinori,0.0,opponent_team
categorical__opponent_team_North Stars,0.0,opponent_team
categorical__opponent_team_Northern Forces,0.0,opponent_team
categorical__opponent_team_Not Underage,0.0,opponent_team
categorical__opponent_team_Nova Whale,0.0,opponent_team
categorical__opponent_team_NovaTempestade,0.0,opponent_team
categorical__opponent_team_Novagis Gaming,0.0,opponent_team
categorical__opponent_team_Novella,0.0,opponent_team
categorical__opponent_team_NowyTowiec,0.0,opponent_team
categorical__opponent_team_Nox Team Br,0.0,opponent_team
categorical__opponent_team_Nth Gaming,0.0,opponent_team
categorical__opponent_team_Nuke Destroyed Rabbits,0.0,opponent_team
categorical__opponent_team_Nunca Tentamos,0.0,opponent_team
categorical__opponent_team_Nxiz,0.0,opponent_team
categorical__opponent_team_NyTipo,0.0,opponent_team
categorical__opponent_team_Não tem Jeito,0.0,opponent_team
categorical__opponent_team_O.O.D.A Loopers,0.0,opponent_team
categorical__opponent_team_ODDIK,0.0,opponent_team
categorical__opponent_team_OES Solo,0.0,opponent_team
categorical__opponent_team_OESTE FWT,0.0,opponent_team
categorical__opponent_team_OG,0.0,opponent_team
categorical__opponent_team_OG Brudders,0.0,opponent_team
categorical__opponent_team_OG LDN UTD,0.0,opponent_team
categorical__opponent_team_OG4Z,0.0,opponent_team
categorical__opponent_team_OIP,0.0,opponent_team
categorical__opponent_team_OK,0.0,opponent_team
categorical__opponent_team_OLD DOGS,0.0,opponent_team
categorical__opponent_team_OMICRON,0.0,opponent_team
categorical__opponent_team_ONE SHOT Esports,0.0,opponent_team
categorical__opponent_team_ONETAP,0.0,opponent_team
categorical__opponent_team_ONI,0.0,opponent_team
categorical__opponent_team_ONIC G,0.0,opponent_team
categorical__opponent_team_ONi,0.0,opponent_team
categorical__opponent_team_OOKERS,0.0,opponent_team
categorical__opponent_team_OPWOLF,0.0,opponent_team
categorical__opponent_team_ORB GARDEN GAMING-MUT,0.0,opponent_team
categorical__opponent_team_ORDER,0.0,opponent_team
categorical__opponent_team_ORN FC Esports,0.0,opponent_team
categorical__opponent_team_ORO Esports,0.0,opponent_team
categorical__opponent_team_OS GURI DA GERAL DO GREMIO,0.0,opponent_team
categorical__opponent_team_OSK,0.0,opponent_team
categorical__opponent_team_OW Refugees,0.0,opponent_team
categorical__opponent_team_Oasis Gaming,0.0,opponent_team
categorical__opponent_team_Oblivion Force,0.0,opponent_team
categorical__opponent_team_Oddyssey,0.0,opponent_team
categorical__opponent_team_Odin&Amigos,0.0,opponent_team
categorical__opponent_team_Odium,0.0,opponent_team
categorical__opponent_team_Ohio Northern University,0.0,opponent_team
categorical__opponent_team_Ojiichan no Kenbou Elixir,0.0,opponent_team
categorical__opponent_team_Old Fellows,0.0,opponent_team
categorical__opponent_team_Olympiacos Alimou,0.0,opponent_team
categorical__opponent_team_Olympus,0.0,opponent_team
categorical__opponent_team_Olympus Esports,0.0,opponent_team
categorical__opponent_team_OmegaKek,0.0,opponent_team
categorical__opponent_team_Omni Performance SD,0.0,opponent_team
categorical__opponent_team_Omnipotent Gaming,0.0,opponent_team
categorical__opponent_team_On The Run Esports,0.0,opponent_team
categorical__opponent_team_On The Way,0.0,opponent_team
categorical__opponent_team_On Vient CS,0.0,opponent_team
categorical__opponent_team_One Breath Gaming,0.0,opponent_team
categorical__opponent_team_One Meta Gaming,0.0,opponent_team
categorical__opponent_team_One'd Gaming,0.0,opponent_team
categorical__opponent_team_OneShot Esports,0.0,opponent_team
categorical__opponent_team_Only Biladerler,0.0,opponent_team
numeric__missingindicator_player_kda_ewm_10,0.0,missingindicator_player_kda_ewm_10
categorical__opponent_team_Only Progress,0.0,opponent_team
categorical__opponent_team_OnlyFrags,0.0,opponent_team
categorical__opponent_team_OnlyFriends,0.0,opponent_team
categorical__opponent_team_OnlyRefrag,0.0,opponent_team
categorical__opponent_team_Onlyfans,0.0,opponent_team
categorical__opponent_team_Onyx Ravens,0.0,opponent_team
categorical__opponent_team_OpTic Gaming,0.0,opponent_team
categorical__opponent_team_Opportunists,0.0,opponent_team
categorical__opponent_team_Optimistic eSports,0.0,opponent_team
categorical__opponent_team_Optix,0.0,opponent_team
numeric__missingindicator_player_rating_std,0.0,missingindicator_player_rating_std
categorical__opponent_team_Orbit,0.0,opponent_team
categorical__opponent_team_Order 66,0.0,opponent_team
categorical__opponent_team_Organic Gamers,0.0,opponent_team
categorical__opponent_team_Orgless,0.0,opponent_team
categorical__opponent_team_Orgless Olafs,0.0,opponent_team
categorical__opponent_team_Orgless22,0.0,opponent_team
categorical__opponent_team_Orgless5,0.0,opponent_team
categorical__opponent_team_Origin Sky,0.0,opponent_team
categorical__opponent_team_Original Gamers,0.0,opponent_team
categorical__opponent_team_Orion Genesis eSports,0.0,opponent_team
categorical__opponent_team_Orkestra,0.0,opponent_team
categorical__opponent_team_Os Selvagens,0.0,opponent_team
categorical__opponent_team_Osakana Gaming,0.0,opponent_team
categorical__opponent_team_OtherSide,0.0,opponent_team
categorical__opponent_team_Our Finale Story,0.0,opponent_team
categorical__opponent_team_Out of sight,0.0,opponent_team
categorical__opponent_team_OutAimed,0.0,opponent_team
categorical__opponent_team_OutRage,0.0,opponent_team
categorical__opponent_team_Outlaws,0.0,opponent_team
categorical__opponent_team_Outplay Uprising,0.0,opponent_team
categorical__opponent_team_Outriders,0.0,opponent_team
categorical__opponent_team_Outset Esports,0.0,opponent_team
categorical__opponent_team_Ovation eSports,0.0,opponent_team
categorical__opponent_team_OverPalaStrike,0.0,opponent_team
categorical__opponent_team_Overflow,0.0,opponent_team
categorical__opponent_team_Overpowered Esports,0.0,opponent_team
categorical__opponent_team_Overwatch,0.0,opponent_team
categorical__opponent_team_Oxygen Esports,0.0,opponent_team
categorical__opponent_team_PACT,0.0,opponent_team
categorical__opponent_team_PAMPAS,0.0,opponent_team
categorical__opponent_team_PANAIF,0.0,opponent_team
categorical__opponent_team_PANDORA ORIS,0.0,opponent_team
categorical__opponent_team_PARADOX GAMING,0.0,opponent_team
categorical__opponent_team_PASCHKA,0.0,opponent_team
categorical__opponent_team_PATATERA SQUAD,0.0,opponent_team
categorical__opponent_team_PC,0.0,opponent_team
categorical__opponent_team_PCIFIC Esports,0.0,opponent_team
categorical__opponent_team_PEACE,0.0,opponent_team
categorical__opponent_team_PEEK Gaming,0.0,opponent_team
categorical__opponent_team_PENTA,0.0,opponent_team
categorical__opponent_team_PHODON.FRAGSTER,0.0,opponent_team
categorical__opponent_team_PLUS7,0.0,opponent_team
categorical__opponent_team_PM,0.0,opponent_team
categorical__opponent_team_PN Crew,0.0,opponent_team
categorical__opponent_team_POGGERS,0.0,opponent_team
categorical__opponent_team_POISON CLAN,0.0,opponent_team
categorical__opponent_team_POTENT,0.0,opponent_team
categorical__opponent_team_PRACC,0.0,opponent_team
categorical__opponent_team_PROJECT K,0.0,opponent_team
categorical__opponent_team_PSISTORM,0.0,opponent_team
categorical__opponent_team_PSQ,0.0,opponent_team
categorical__opponent_team_PSQ Rising,0.0,opponent_team
categorical__opponent_team_PSXONTOP,0.0,opponent_team
categorical__opponent_team_PUGSTARS,0.0,opponent_team
categorical__opponent_team_PUGzeros,0.0,opponent_team
categorical__opponent_team_PUNCH,0.0,opponent_team
categorical__opponent_team_PURPURE,0.0,opponent_team
categorical__opponent_team_PWYH,0.0,opponent_team
categorical__opponent_team_Pacific Gaming,0.0,opponent_team
numeric__missingindicator_player_rating_long_term,0.0,missingindicator_player_rating_long_term
categorical__opponent_team_Pana.Rabbit,0.0,opponent_team
numeric__missingindicator_player_acs_long_term,0.0,missingindicator_player_acs_long_term
categorical__opponent_team_Panda E-Sports,0.0,opponent_team
categorical__opponent_team_Panda Express,0.0,opponent_team
categorical__opponent_team_Panda Party,0.0,opponent_team
categorical__opponent_team_Papara SuperMassive,0.0,opponent_team
categorical__opponent_team_Paper Rex,0.0,opponent_team
categorical__opponent_team_Paradise Esports,0.0,opponent_team
categorical__opponent_team_Paradox Esports,0.0,opponent_team
categorical__opponent_team_Parek v rohliku,0.0,opponent_team
categorical__opponent_team_Parla Esports,0.0,opponent_team
categorical__opponent_team_Part Time Players,0.0,opponent_team
categorical__opponent_team_Pasquallys Pizza Posse,0.0,opponent_team
categorical__opponent_team_Pass Gaming,0.0,opponent_team
categorical__opponent_team_PasswordTodayDate,0.0,opponent_team
categorical__opponent_team_Patchwork,0.0,opponent_team
categorical__opponent_team_Patriots,0.0,opponent_team
categorical__opponent_team_Peeky Blinders,0.0,opponent_team
categorical__opponent_team_Peepolads,0.0,opponent_team
categorical__opponent_team_Pegasus,0.0,opponent_team
categorical__opponent_team_Pendragon Esports,0.0,opponent_team
categorical__opponent_team_Penguin Sledding,0.0,opponent_team
categorical__opponent_team_Penguins and Frogs,0.0,opponent_team
categorical__opponent_team_Pentagon,0.0,opponent_team
categorical__opponent_team_Perfect players,0.0,opponent_team
categorical__opponent_team_Perfectionists,0.0,opponent_team
categorical__opponent_team_PerformanceGG,0.0,opponent_team
categorical__opponent_team_Persija Esports,0.0,opponent_team
categorical__opponent_team_Pharaoh,0.0,opponent_team
categorical__opponent_team_Phoenicia,0.0,opponent_team
categorical__opponent_team_Phoenix,0.0,opponent_team
categorical__opponent_team_Phoenix Feather,0.0,opponent_team
categorical__opponent_team_Phoenix2,0.0,opponent_team
categorical__opponent_team_PieSKipper,0.0,opponent_team
categorical__opponent_team_Piercer Esports,0.0,opponent_team
categorical__opponent_team_Pigeons Esports,0.0,opponent_team
categorical__opponent_team_Pilotos 100tificos,0.0,opponent_team
categorical__opponent_team_Pioneers,0.0,opponent_team
categorical__opponent_team_Pit Stop,0.0,opponent_team
categorical__opponent_team_Pizza Boosters,0.0,opponent_team
categorical__opponent_team_Play To Learn,0.0,opponent_team
numeric__missingindicator_player_kda_long_term,0.0,missingindicator_player_kda_long_term
categorical__opponent_team_Podpivasniki,0.0,opponent_team
categorical__opponent_team_Pog Champions,0.0,opponent_team
categorical__opponent_team_PointAndClick,0.0,opponent_team
categorical__opponent_team_Poison,0.0,opponent_team
categorical__opponent_team_Poizon,0.0,opponent_team
categorical__opponent_team_Polaris,0.0,opponent_team
categorical__opponent_team_Polarity,0.0,opponent_team
categorical__opponent_team_Polonez,0.0,opponent_team
categorical__opponent_team_Pomidorki W Louis,0.0,opponent_team
categorical__opponent_team_Positive Mental Attitude,0.0,opponent_team
categorical__opponent_team_Power Danger Esport,0.0,opponent_team
categorical__opponent_team_PowerRangers,0.0,opponent_team
categorical__opponent_team_Praeditus Gaming,0.0,opponent_team
categorical__opponent_team_Precision-Gaming,0.0,opponent_team
categorical__opponent_team_Predator,0.0,opponent_team
categorical__opponent_team_Predatory Esports,0.0,opponent_team
categorical__opponent_team_Premade 5,0.0,opponent_team
categorical__opponent_team_Prestigious Women,0.0,opponent_team
categorical__opponent_team_Primary Gaming,0.0,opponent_team
categorical__opponent_team_Princeski,0.0,opponent_team
categorical__opponent_team_Prinzen von Stuttgart,0.0,opponent_team
categorical__opponent_team_Prism Esports,0.0,opponent_team
categorical__opponent_team_Pro Hub Gaming,0.0,opponent_team
categorical__opponent_team_Problem Child,0.0,opponent_team
categorical__opponent_team_Procyon Team,0.0,opponent_team
categorical__opponent_team_Professional Malders,0.0,opponent_team
categorical__opponent_team_Project 1,0.0,opponent_team
categorical__opponent_team_Project A,0.0,opponent_team
categorical__opponent_team_Project ABC,0.0,opponent_team
categorical__opponent_team_Project CORE,0.0,opponent_team
categorical__opponent_team_Project X,0.0,opponent_team
categorical__opponent_team_Projectil,0.0,opponent_team
categorical__opponent_team_Projetinho do Ginilson,0.0,opponent_team
categorical__opponent_team_Projeto X,0.0,opponent_team
categorical__opponent_team_Prophecy,0.0,opponent_team
categorical__opponent_team_Prosti Esli,0.0,opponent_team
categorical__opponent_team_Prowess Grit,0.0,opponent_team
categorical__opponent_team_Proxymine,0.0,opponent_team
categorical__opponent_team_Psycho,0.0,opponent_team
categorical__opponent_team_Psycho Family,0.0,opponent_team
categorical__opponent_team_Puggers,0.0,opponent_team
categorical__opponent_team_Pulsar Esport,0.0,opponent_team
categorical__opponent_team_Pulsar Red,0.0,opponent_team
categorical__opponent_team_Pummel Party,0.0,opponent_team
categorical__opponent_team_Purple Mood E-Sport,0.0,opponent_team
categorical__opponent_team_Purple Team,0.0,opponent_team
categorical__opponent_team_PÊEK Gaming,0.0,opponent_team
categorical__opponent_team_Q CALOR E ESSE,0.0,opponent_team
categorical__opponent_team_QLF Clan,0.0,opponent_team
categorical__opponent_team_QLQR 1,0.0,opponent_team
categorical__opponent_team_QQQ,0.0,opponent_team
categorical__opponent_team_QUESTIONMARK,0.0,opponent_team
categorical__opponent_team_QuantumBrain,0.0,opponent_team
categorical__opponent_team_Que La Famille,0.0,opponent_team
categorical__opponent_team_Que la famille,0.0,opponent_team
categorical__opponent_team_Queens,0.0,opponent_team
categorical__opponent_team_Quintette Shizuoka,0.0,opponent_team
categorical__opponent_team_RAGE eSports,0.0,opponent_team
categorical__opponent_team_RAGING FIRE ESPORTS,0.0,opponent_team
categorical__opponent_team_RAIN E-SPORTS,0.0,opponent_team
categorical__opponent_team_RARE Esports,0.0,opponent_team
categorical__opponent_team_RATAO,0.0,opponent_team
categorical__opponent_team_RAVENTLAS,0.0,opponent_team
categorical__opponent_team_RCTIC,0.0,opponent_team
categorical__opponent_team_RD E-SPORTS,0.0,opponent_team
categorical__opponent_team_RD Esports,0.0,opponent_team
categorical__opponent_team_RDW Esports,0.0,opponent_team
categorical__opponent_team_RED Center,0.0,opponent_team
categorical__opponent_team_RED8,0.0,opponent_team
categorical__opponent_team_REGEN,0.0,opponent_team
categorical__opponent_team_REIGN,0.0,opponent_team
categorical__opponent_team_REIGNITE,0.0,opponent_team
categorical__opponent_team_REJECT,0.0,opponent_team
categorical__opponent_team_RELATION X,0.0,opponent_team
categorical__opponent_team_REiGN,0.0,opponent_team
categorical__opponent_team_RIFLE CRUTCHERS,0.0,opponent_team
categorical__opponent_team_RILLAS,0.0,opponent_team
categorical__opponent_team_RIPSONHO,0.0,opponent_team
categorical__opponent_team_RISE Esports,0.0,opponent_team
categorical__opponent_team_RIT Orange,0.0,opponent_team
categorical__opponent_team_RMIT SGS Esports Club,0.0,opponent_team
categorical__opponent_team_ROG Academy,0.0,opponent_team
categorical__opponent_team_ROLO COMPRESSOR,0.0,opponent_team
categorical__opponent_team_ROYALS,0.0,opponent_team
categorical__opponent_team_RTG eSports,0.0,opponent_team
categorical__opponent_team_RUSH,0.0,opponent_team
categorical__opponent_team_RYU Gaming,0.0,opponent_team
categorical__opponent_team_Racermans,0.0,opponent_team
categorical__opponent_team_Radiance,0.0,opponent_team
categorical__opponent_team_Radiant Roombas,0.0,opponent_team
categorical__opponent_team_Radiants With Attitude,0.0,opponent_team
categorical__opponent_team_Raftel,0.0,opponent_team
categorical__opponent_team_Rage's Rangos,0.0,opponent_team
categorical__opponent_team_Raging Warlords of Pogchampia,0.0,opponent_team
categorical__opponent_team_Ragnarok,0.0,opponent_team
categorical__opponent_team_Raicho's ninjas,0.0,opponent_team
categorical__opponent_team_Raiju,0.0,opponent_team
categorical__opponent_team_Raiju e-sports,0.0,opponent_team
categorical__opponent_team_Rampage Global,0.0,opponent_team
categorical__opponent_team_Rancor,0.0,opponent_team
categorical__opponent_team_Rapid Ninjas,0.0,opponent_team
categorical__opponent_team_Rapture Esports,0.0,opponent_team
categorical__opponent_team_Rated Gaming,0.0,opponent_team
categorical__opponent_team_Ravage,0.0,opponent_team
categorical__opponent_team_Rave Party,0.0,opponent_team
categorical__opponent_team_Raven Tears,0.0,opponent_team
categorical__opponent_team_Raylex Esports,0.0,opponent_team
categorical__opponent_team_Reactor Squad Parare,0.0,opponent_team
categorical__opponent_team_Reality Rift,0.0,opponent_team
categorical__opponent_team_Rebel,0.0,opponent_team
categorical__opponent_team_Rebellion,0.0,opponent_team
categorical__opponent_team_Rebellion Arts,0.0,opponent_team
numeric__missingindicator_player_rating_form_gap,0.0,missingindicator_player_rating_form_gap
categorical__opponent_team_Rebirth Esports,0.0,opponent_team
categorical__opponent_team_Reborn,0.0,opponent_team
categorical__opponent_team_Recca Project,0.0,opponent_team
categorical__opponent_team_Reckless Lads,0.0,opponent_team
categorical__opponent_team_Reckoning Esports,0.0,opponent_team
categorical__opponent_team_Recon 5,0.0,opponent_team
categorical__opponent_team_Red,0.0,opponent_team
categorical__opponent_team_Red Eyes,0.0,opponent_team
categorical__opponent_team_RedFire.Wasd Arena,0.0,opponent_team
categorical__opponent_team_RedMonk Junior,0.0,opponent_team
categorical__opponent_team_RedPACK,0.0,opponent_team
categorical__opponent_team_Redragon,0.0,opponent_team
categorical__opponent_team_Reform Esports,0.0,opponent_team
categorical__opponent_team_Reformed,0.0,opponent_team
categorical__opponent_team_Regal E-Sports,0.0,opponent_team
categorical__opponent_team_Regnum Carya Esports,0.0,opponent_team
categorical__opponent_team_ReigN,0.0,opponent_team
categorical__opponent_team_Reject$,0.0,opponent_team
categorical__opponent_team_Rekreational Esports,0.0,opponent_team
categorical__opponent_team_Rel Por Gaming,0.0,opponent_team
categorical__opponent_team_Relaxedly,0.0,opponent_team
categorical__opponent_team_Relentless Esports,0.0,opponent_team
categorical__opponent_team_Renatus Black,0.0,opponent_team
categorical__opponent_team_Rendezvous,0.0,opponent_team
categorical__opponent_team_Renegades,0.0,opponent_team
categorical__opponent_team_Renegados,0.0,opponent_team
categorical__opponent_team_Rescom Esports,0.0,opponent_team
categorical__opponent_team_Resonate,0.0,opponent_team
categorical__opponent_team_Respect Me,0.0,opponent_team
categorical__opponent_team_Retired Flavour,0.0,opponent_team
categorical__opponent_team_Reven Esports,0.0,opponent_team
categorical__opponent_team_Revenant Esports,0.0,opponent_team
categorical__opponent_team_Revense E-sports,0.0,opponent_team
categorical__opponent_team_ReviveMeJett,0.0,opponent_team
categorical__opponent_team_Revo,0.0,opponent_team
categorical__opponent_team_Revo Unit,0.0,opponent_team
categorical__opponent_team_RevoadaVLR,0.0,opponent_team
categorical__opponent_team_Revolexter,0.0,opponent_team
categorical__opponent_team_Rex Regum Qeon,0.0,opponent_team
categorical__opponent_team_Rexpect eSports,0.0,opponent_team
categorical__opponent_team_Rhyno Esports,0.0,opponent_team
categorical__opponent_team_Rice Ball Gang,0.0,opponent_team
categorical__opponent_team_Rio Company,0.0,opponent_team
categorical__opponent_team_Rise,0.0,opponent_team
categorical__opponent_team_Rise Gaming,0.0,opponent_team
categorical__opponent_team_Rise To Glory,0.0,opponent_team
categorical__opponent_team_Risus Force,0.0,opponent_team
categorical__opponent_team_Rival Esports Alpha,0.0,opponent_team
categorical__opponent_team_Rix.GG Lightning,0.0,opponent_team
categorical__opponent_team_Rix.GG Thunder,0.0,opponent_team
categorical__opponent_team_Rock Bottom,0.0,opponent_team
categorical__opponent_team_RogerRoger,0.0,opponent_team
categorical__opponent_team_Roh Elbas Gang,0.0,opponent_team
categorical__opponent_team_Roisseur,0.0,opponent_team
categorical__opponent_team_Ronin Team,0.0,opponent_team
categorical__opponent_team_Rose,0.0,opponent_team
categorical__opponent_team_Roulette,0.0,opponent_team
categorical__opponent_team_Royal Gaming,0.0,opponent_team
categorical__opponent_team_Royal PS,0.0,opponent_team
categorical__opponent_team_Royal life,0.0,opponent_team
categorical__opponent_team_RoyalBeast,0.0,opponent_team
categorical__opponent_team_Rugrats,0.0,opponent_team
categorical__opponent_team_Rumor 2.0,0.0,opponent_team
categorical__opponent_team_Run It Down,0.0,opponent_team
categorical__opponent_team_Run and Gun,0.0,opponent_team
categorical__opponent_team_Run it Back,0.0,opponent_team
categorical__opponent_team_Run it Down,0.0,opponent_team
categorical__opponent_team_Runaway,0.0,opponent_team
categorical__opponent_team_Running Dogs,0.0,opponent_team
categorical__opponent_team_Ryze Gaming,0.0,opponent_team
categorical__opponent_team_Résidence chômeur boursier,0.0,opponent_team
categorical__opponent_team_Rêveuse,0.0,opponent_team
categorical__opponent_team_S*ONE,0.0,opponent_team
categorical__opponent_team_S2K,0.0,opponent_team
categorical__opponent_team_S4-GE,0.0,opponent_team
categorical__opponent_team_SALTYSALAD PSALM 71:14,0.0,opponent_team
categorical__opponent_team_SALVA eSports,0.0,opponent_team
categorical__opponent_team_SANA,0.0,opponent_team
categorical__opponent_team_SANKAI,0.0,opponent_team
categorical__opponent_team_SAW,0.0,opponent_team
categorical__opponent_team_SBTC Esports,0.0,opponent_team
categorical__opponent_team_SCARZ,0.0,opponent_team
categorical__opponent_team_SCYTES,0.0,opponent_team
categorical__opponent_team_SE ATLAS,0.0,opponent_team
categorical__opponent_team_SE Necrosis,0.0,opponent_team
categorical__opponent_team_SEMORGAINDA,0.0,opponent_team
categorical__opponent_team_SEMORGANIZAÇÃO,0.0,opponent_team
categorical__opponent_team_SEMORGG,0.0,opponent_team
categorical__opponent_team_SENTHEX,0.0,opponent_team
categorical__opponent_team_SETOUCHI ENLIFE,0.0,opponent_team
categorical__opponent_team_SG e-Sports,0.0,opponent_team
categorical__opponent_team_SGA,0.0,opponent_team
categorical__opponent_team_SHINY,0.0,opponent_team
categorical__opponent_team_SHN Esports,0.0,opponent_team
categorical__opponent_team_SHOOT FOR FUN,0.0,opponent_team
categorical__opponent_team_SHOWRUNNERS,0.0,opponent_team
categorical__opponent_team_SHUSH,0.0,opponent_team
categorical__opponent_team_SICKTHICK,0.0,opponent_team
categorical__opponent_team_SIMP,0.0,opponent_team
categorical__opponent_team_SIZDIM BEKLE,0.0,opponent_team
categorical__opponent_team_SLAYER,0.0,opponent_team
categorical__opponent_team_SLICK,0.0,opponent_team
categorical__opponent_team_SLODI REPUS,0.0,opponent_team
categorical__opponent_team_SLU Esports,0.0,opponent_team
categorical__opponent_team_SMARACIS eSports,0.0,opponent_team
categorical__opponent_team_SNJ,0.0,opponent_team
categorical__opponent_team_SPEAR GAMING,0.0,opponent_team
categorical__opponent_team_SPEDS,0.0,opponent_team
categorical__opponent_team_SPL Gaming,0.0,opponent_team
categorical__opponent_team_SQ,0.0,opponent_team
categorical__opponent_team_SR Thanatos,0.0,opponent_team
categorical__opponent_team_SSA,0.0,opponent_team
categorical__opponent_team_STAGA,0.0,opponent_team
categorical__opponent_team_STEP BACK,0.0,opponent_team
categorical__opponent_team_STOP CHANGING NAMES,0.0,opponent_team
categorical__opponent_team_STORM,0.0,opponent_team
categorical__opponent_team_STREET SHARKS,0.0,opponent_team
categorical__opponent_team_STRM Esports,0.0,opponent_team
categorical__opponent_team_STRM Esports FLUX,0.0,opponent_team
categorical__opponent_team_STYLE,0.0,opponent_team
categorical__opponent_team_SUN7,0.0,opponent_team
numeric__missingindicator_player_acs_form_gap,0.0,missingindicator_player_acs_form_gap
categorical__opponent_team_SUPRMODE Gaming,0.0,opponent_team
categorical__opponent_team_SUS SquaD,0.0,opponent_team
categorical__opponent_team_SV Empire,0.0,opponent_team
categorical__opponent_team_SWARM esports,0.0,opponent_team
categorical__opponent_team_SYNDICATE7,0.0,opponent_team
categorical__opponent_team_SYR,0.0,opponent_team
numeric__missingindicator_player_kda_form_gap,0.0,missingindicator_player_kda_form_gap
categorical__opponent_team_Saber,0.0,opponent_team
categorical__opponent_team_Sabre,0.0,opponent_team
categorical__opponent_team_Sahangiller Espor,0.0,opponent_team
categorical__opponent_team_Saints,0.0,opponent_team
categorical__opponent_team_Sainuahualouis,0.0,opponent_team
categorical__opponent_team_Saksagan,0.0,opponent_team
categorical__opponent_team_Salade Sun,0.0,opponent_team
categorical__opponent_team_Salt Esports,0.0,opponent_team
categorical__opponent_team_Salt n Pepper,0.0,opponent_team
categorical__opponent_team_Salut e-Sports,0.0,opponent_team
categorical__opponent_team_SamPhamFanClub,0.0,opponent_team
categorical__opponent_team_Samurai Esports,0.0,opponent_team
categorical__opponent_team_Samurais in Business Suits,0.0,opponent_team
categorical__opponent_team_San,0.0,opponent_team
categorical__opponent_team_Sangal Esports,0.0,opponent_team
categorical__opponent_team_Saplak,0.0,opponent_team
categorical__opponent_team_Save's eSports,0.0,opponent_team
categorical__opponent_team_Savior e-sports,0.0,opponent_team
categorical__opponent_team_Saviors,0.0,opponent_team
categorical__opponent_team_Saviors Esports,0.0,opponent_team
categorical__opponent_team_Say Cheese,0.0,opponent_team
categorical__opponent_team_Sbread Gaming,0.0,opponent_team
categorical__opponent_team_Scarlet Knights,0.0,opponent_team
categorical__opponent_team_Scaroo's,0.0,opponent_team
categorical__opponent_team_Schat'z,0.0,opponent_team
categorical__opponent_team_SchwarzerLand,0.0,opponent_team
categorical__opponent_team_Scooby Gang,0.0,opponent_team
categorical__opponent_team_Scythe,0.0,opponent_team
categorical__opponent_team_Scythe of Seraph,0.0,opponent_team
categorical__opponent_team_Sdobbies,0.0,opponent_team
categorical__opponent_team_Searchıng4Org,0.0,opponent_team
categorical__opponent_team_Secha Ghouls,0.0,opponent_team
categorical__opponent_team_Second Chance,0.0,opponent_team
categorical__opponent_team_Secret Esports,0.0,opponent_team
categorical__opponent_team_Sector One,0.0,opponent_team
categorical__opponent_team_Sector Zero,0.0,opponent_team
categorical__opponent_team_SeeFuture,0.0,opponent_team
categorical__opponent_team_Seekers,0.0,opponent_team
categorical__opponent_team_Sem Org,0.0,opponent_team
categorical__opponent_team_Sem Teto,0.0,opponent_team
categorical__opponent_team_Senegy Gaming,0.0,opponent_team
categorical__opponent_team_Sengoku Gaming,0.0,opponent_team
categorical__opponent_team_Sensory,0.0,opponent_team
categorical__opponent_team_Sentinels,0.0,opponent_team
categorical__opponent_team_Sentry Esports,0.0,opponent_team
categorical__opponent_team_Septem Exierant,0.0,opponent_team
categorical__opponent_team_Serena Husky,0.0,opponent_team
categorical__opponent_team_Serpens,0.0,opponent_team
categorical__opponent_team_Servelal e-Sports,0.0,opponent_team
categorical__opponent_team_SevenUp,0.0,opponent_team
categorical__opponent_team_Sewercats,0.0,opponent_team
categorical__opponent_team_ShadowFox Red,0.0,opponent_team
categorical__opponent_team_Shadownet,0.0,opponent_team
categorical__opponent_team_ShadowzGG,0.0,opponent_team
categorical__opponent_team_Shaky Aimers,0.0,opponent_team
categorical__opponent_team_Shanghai Emperors,0.0,opponent_team
categorical__opponent_team_Sharigan Down,0.0,opponent_team
categorical__opponent_team_Sharks Esports,0.0,opponent_team
categorical__opponent_team_Sharper Esports,0.0,opponent_team
categorical__opponent_team_Shazam,0.0,opponent_team
categorical__opponent_team_Shi Shui Wen,0.0,opponent_team
categorical__opponent_team_Shield Esport,0.0,opponent_team
categorical__opponent_team_ShifterPro,0.0,opponent_team
categorical__opponent_team_Shikashi Esports,0.0,opponent_team
categorical__opponent_team_ShikouKouketsu,0.0,opponent_team
categorical__opponent_team_Shimada Family,0.0,opponent_team
categorical__opponent_team_ShockWave,0.0,opponent_team
categorical__opponent_team_Shooting Stars,0.0,opponent_team
categorical__opponent_team_Shopify Rebellion Black,0.0,opponent_team
categorical__opponent_team_Shopify Rebellion GC,0.0,opponent_team
categorical__opponent_team_Siberian,0.0,opponent_team
categorical__opponent_team_Sicario,0.0,opponent_team
categorical__opponent_team_Silence Esports,0.0,opponent_team
categorical__opponent_team_Silent Fraggers,0.0,opponent_team
categorical__opponent_team_Silent Lurkers,0.0,opponent_team
categorical__opponent_team_Sinop,0.0,opponent_team
categorical__opponent_team_Sissi State Punks,0.0,opponent_team
categorical__opponent_team_Sivasspor E-Spor,0.0,opponent_team
categorical__opponent_team_Six Karma,0.0,opponent_team
categorical__opponent_team_Sixtynine,0.0,opponent_team
categorical__opponent_team_Skelp Esports,0.0,opponent_team
categorical__opponent_team_Skull Cracker,0.0,opponent_team
categorical__opponent_team_Skwirel Warriers,0.0,opponent_team
categorical__opponent_team_Skyline Rebaixado,0.0,opponent_team
categorical__opponent_team_Slaughter House,0.0,opponent_team
categorical__opponent_team_Sleepless,0.0,opponent_team
categorical__opponent_team_Slimy Boogermen,0.0,opponent_team
categorical__opponent_team_Sluper,0.0,opponent_team
categorical__opponent_team_Smile,0.0,opponent_team
numeric__missingindicator_team_rating_last_5,0.0,missingindicator_team_rating_last_5
categorical__opponent_team_SoaR,0.0,opponent_team
categorical__opponent_team_Social Kingdom Target,0.0,opponent_team
categorical__opponent_team_Soldados de Lembo,0.0,opponent_team
categorical__opponent_team_Solstice Esports,0.0,opponent_team
categorical__opponent_team_Somalia,0.0,opponent_team
categorical__opponent_team_Somnium Esports,0.0,opponent_team
categorical__opponent_team_Soniqs,0.0,opponent_team
categorical__opponent_team_Sorealis,0.0,opponent_team
categorical__opponent_team_Soul Free,0.0,opponent_team
categorical__opponent_team_Souldazz,0.0,opponent_team
categorical__opponent_team_South Built Esports,0.0,opponent_team
categorical__opponent_team_South East Movement,0.0,opponent_team
categorical__opponent_team_SouthEagles Gaming,0.0,opponent_team
categorical__opponent_team_Space Bound,0.0,opponent_team
numeric__missingindicator_team_rating_last_10,0.0,missingindicator_team_rating_last_10
categorical__opponent_team_Space Rebels,0.0,opponent_team
categorical__opponent_team_Space Walkers,0.0,opponent_team
categorical__opponent_team_Spacestation Gaming,0.0,opponent_team
categorical__opponent_team_Spanish Mix,0.0,opponent_team
categorical__opponent_team_Spectral Esports,0.0,opponent_team
categorical__opponent_team_Spectral Esports Purple,0.0,opponent_team
categorical__opponent_team_Spectral Purple,0.0,opponent_team
categorical__opponent_team_Spectrum Swing,0.0,opponent_team
categorical__opponent_team_Sphynx,0.0,opponent_team
categorical__opponent_team_Spirit Gaming,0.0,opponent_team
categorical__opponent_team_Spot Up,0.0,opponent_team
categorical__opponent_team_Sprayz Gaming,0.0,opponent_team
categorical__opponent_team_Squirtle Squad,0.0,opponent_team
categorical__opponent_team_Stanky Bois,0.0,opponent_team
categorical__opponent_team_Star Blaze,0.0,opponent_team
categorical__opponent_team_StarBound,0.0,opponent_team
categorical__opponent_team_StarlessGG,0.0,opponent_team
categorical__opponent_team_Starlight,0.0,opponent_team
categorical__opponent_team_Stars Horizon,0.0,opponent_team
categorical__opponent_team_Stars Horizon Venus,0.0,opponent_team
categorical__opponent_team_Stars Horizon Vênus,0.0,opponent_team
categorical__opponent_team_Static,0.0,opponent_team
categorical__opponent_team_StayHydrated,0.0,opponent_team
categorical__opponent_team_Steal Your Glory,0.0,opponent_team
categorical__opponent_team_Stealth,0.0,opponent_team
categorical__opponent_team_Stella,0.0,opponent_team
categorical__opponent_team_Sting,0.0,opponent_team
categorical__opponent_team_Stinky Boys,0.0,opponent_team
categorical__opponent_team_StinkyGuys,0.0,opponent_team
categorical__opponent_team_Storks Phalanx,0.0,opponent_team
categorical__opponent_team_Storm Tiger,0.0,opponent_team
categorical__opponent_team_Storm7,0.0,opponent_team
categorical__opponent_team_StormiG,0.0,opponent_team
categorical__opponent_team_Straight Outta Retirement,0.0,opponent_team
categorical__opponent_team_Straight Outta The Zoo,0.0,opponent_team
categorical__opponent_team_Straight Warfare,0.0,opponent_team
categorical__opponent_team_Stramme Mangos,0.0,opponent_team
categorical__opponent_team_Stream Raiders Nacague,0.0,opponent_team
categorical__opponent_team_Strike X,0.0,opponent_team
categorical__opponent_team_Striking Vipers,0.0,opponent_team
categorical__opponent_team_StrongUnion,0.0,opponent_team
categorical__opponent_team_StunZin5,0.0,opponent_team
categorical__opponent_team_Stuverance Esport,0.0,opponent_team
categorical__opponent_team_Sum 2 Prove,0.0,opponent_team
categorical__opponent_team_Sun Rise,0.0,opponent_team
categorical__opponent_team_SunXet Club,0.0,opponent_team
categorical__opponent_team_SunnyBeach,0.0,opponent_team
categorical__opponent_team_Sunsparks,0.0,opponent_team
categorical__opponent_team_Super Cool Komando,0.0,opponent_team
categorical__opponent_team_SuperDragons,0.0,opponent_team
categorical__opponent_team_SuperiorVAL,0.0,opponent_team
categorical__opponent_team_Supremacyy,0.0,opponent_team
categorical__opponent_team_Suradech Gaming,0.0,opponent_team
categorical__opponent_team_Surreal Esports,0.0,opponent_team
categorical__opponent_team_SurrealpLay,0.0,opponent_team
categorical__opponent_team_Susheria Katojin,0.0,opponent_team
categorical__opponent_team_Sussy,0.0,opponent_team
categorical__opponent_team_Swag Silicone,0.0,opponent_team
categorical__opponent_team_Swarm Creed,0.0,opponent_team
categorical__opponent_team_Sway eSports,0.0,opponent_team
categorical__opponent_team_Sweet Assist,0.0,opponent_team
categorical__opponent_team_Sweet and Spicy Cajun,0.0,opponent_team
categorical__opponent_team_SwioN Gaming,0.0,opponent_team
categorical__opponent_team_SyN TinG,0.0,opponent_team
categorical__opponent_team_Syko,0.0,opponent_team
categorical__opponent_team_Synergy,0.0,opponent_team
categorical__opponent_team_Syntax,0.0,opponent_team
categorical__opponent_team_Synthetic,0.0,opponent_team
categorical__opponent_team_Só Deus Sabe,0.0,opponent_team
categorical__opponent_team_Sørby Esport,0.0,opponent_team
categorical__opponent_team_T.A.S,0.0,opponent_team
categorical__opponent_team_T1,0.0,opponent_team
categorical__opponent_team_TALON,0.0,opponent_team
categorical__opponent_team_TAMU Maroon,0.0,opponent_team
categorical__opponent_team_TBA22,0.0,opponent_team
numeric__missingindicator_player_map_rating_last,0.0,missingindicator_player_map_rating_last
categorical__opponent_team_TDCC,0.0,opponent_team
categorical__opponent_team_TDI,0.0,opponent_team
categorical__opponent_team_TEAM BGS,0.0,opponent_team
categorical__opponent_team_TEAM CZAPKA,0.0,opponent_team
categorical__opponent_team_TEAM MANGAL,0.0,opponent_team
categorical__opponent_team_TEAM NOVA SPHINX,0.0,opponent_team
categorical__opponent_team_TEAM REBIBE,0.0,opponent_team
categorical__opponent_team_TEAM SANCTUM,0.0,opponent_team
categorical__opponent_team_TEAM SPACE,0.0,opponent_team
categorical__opponent_team_TEAM X-FORCE,0.0,opponent_team
categorical__opponent_team_TEMPO,0.0,opponent_team
categorical__opponent_team_TEN-5,0.0,opponent_team
categorical__opponent_team_TENSTAR,0.0,opponent_team
categorical__opponent_team_TERROR.NET,0.0,opponent_team
categorical__opponent_team_TETA Esports,0.0,opponent_team
categorical__opponent_team_TETA Esports Academy,0.0,opponent_team
categorical__opponent_team_TGPA,0.0,opponent_team
categorical__opponent_team_THANATOS,0.0,opponent_team
categorical__opponent_team_THE BEST DOWN SOUTH,0.0,opponent_team
categorical__opponent_team_THE SHABLES,0.0,opponent_team
categorical__opponent_team_TIAN DOGS GAMING,0.0,opponent_team
categorical__opponent_team_TMM JINGITEAM,0.0,opponent_team
categorical__opponent_team_TNL Esports,0.0,opponent_team
categorical__opponent_team_TOOOLS esports,0.0,opponent_team
categorical__opponent_team_TOROS,0.0,opponent_team
categorical__opponent_team_TR4KLE keys,0.0,opponent_team
categorical__opponent_team_TRAITORS,0.0,opponent_team
categorical__opponent_team_TRD,0.0,opponent_team
categorical__opponent_team_TRG,0.0,opponent_team
categorical__opponent_team_TRIADA,0.0,opponent_team
categorical__opponent_team_TRIDENT,0.0,opponent_team
categorical__opponent_team_TRY eSports,0.0,opponent_team
categorical__opponent_team_TSM,0.0,opponent_team
categorical__opponent_team_TTSH,0.0,opponent_team
categorical__opponent_team_TUBEPLE Gaming,0.0,opponent_team
categorical__opponent_team_TUMT,0.0,opponent_team
categorical__opponent_team_TYPHOONS,0.0,opponent_team
categorical__opponent_team_Tactical,0.0,opponent_team
categorical__opponent_team_Tactical Five,0.0,opponent_team
categorical__opponent_team_Tail Nine Esports,0.0,opponent_team
categorical__opponent_team_Taipan Esports,0.0,opponent_team
categorical__opponent_team_Taiyo eSports,0.0,opponent_team
categorical__opponent_team_Take A Nap,0.0,opponent_team
categorical__opponent_team_Take It Easy,0.0,opponent_team
categorical__opponent_team_Takens Espor,0.0,opponent_team
categorical__opponent_team_Talamus Team Blue E-Sport,0.0,opponent_team
categorical__opponent_team_Tapziimov,0.0,opponent_team
categorical__opponent_team_Tarren Mill,0.0,opponent_team
categorical__opponent_team_Tartarus,0.0,opponent_team
categorical__opponent_team_TauCeti,0.0,opponent_team
categorical__opponent_team_Taunt,0.0,opponent_team
categorical__opponent_team_Taurex Noirs Gaming,0.0,opponent_team
categorical__opponent_team_Team 12,0.0,opponent_team
categorical__opponent_team_Team 600,0.0,opponent_team
categorical__opponent_team_Team 69,0.0,opponent_team
categorical__opponent_team_Team 7AM,0.0,opponent_team
categorical__opponent_team_Team 86,0.0,opponent_team
categorical__opponent_team_Team AGF,0.0,opponent_team
categorical__opponent_team_Team AIYA,0.0,opponent_team
categorical__opponent_team_Team Adios,0.0,opponent_team
categorical__opponent_team_Team Air,0.0,opponent_team
categorical__opponent_team_Team Alay,0.0,opponent_team
categorical__opponent_team_Team Amazing,0.0,opponent_team
categorical__opponent_team_Team Any,0.0,opponent_team
categorical__opponent_team_Team Arrow,0.0,opponent_team
categorical__opponent_team_Team Assassin,0.0,opponent_team
categorical__opponent_team_Team Assassins,0.0,opponent_team
categorical__opponent_team_Team Assent,0.0,opponent_team
categorical__opponent_team_Team Asteria,0.0,opponent_team
categorical__opponent_team_Team Astra,0.0,opponent_team
categorical__opponent_team_Team Aurora,0.0,opponent_team
categorical__opponent_team_Team Aurous,0.0,opponent_team
categorical__opponent_team_Team BDS,0.0,opponent_team
categorical__opponent_team_Team Bachara,0.0,opponent_team
categorical__opponent_team_Team Big BAAM,0.0,opponent_team
categorical__opponent_team_Team Blank,0.0,opponent_team
categorical__opponent_team_Team Bliss,0.0,opponent_team
categorical__opponent_team_Team Brave Soldiers,0.0,opponent_team
categorical__opponent_team_Team Burger,0.0,opponent_team
categorical__opponent_team_Team Capalot,0.0,opponent_team
numeric__missingindicator_player_map_rating_last_3,0.0,missingindicator_player_map_rating_last_3
categorical__opponent_team_Team Credit,0.0,opponent_team
categorical__opponent_team_Team Cruelty,0.0,opponent_team
categorical__opponent_team_Team Deadshot,0.0,opponent_team
categorical__opponent_team_Team Deira,0.0,opponent_team
categorical__opponent_team_Team Demiral Esports,0.0,opponent_team
categorical__opponent_team_Team Divinity,0.0,opponent_team
categorical__opponent_team_Team Doggo,0.0,opponent_team
categorical__opponent_team_Team Duelist,0.0,opponent_team
categorical__opponent_team_Team Endavant,0.0,opponent_team
categorical__opponent_team_Team Error,0.0,opponent_team
categorical__opponent_team_Team EthereaL,0.0,opponent_team
categorical__opponent_team_Team Evo Seek,0.0,opponent_team
categorical__opponent_team_Team Exist,0.0,opponent_team
categorical__opponent_team_Team Exploit,0.0,opponent_team
categorical__opponent_team_Team F,0.0,opponent_team
categorical__opponent_team_Team Falcons,0.0,opponent_team
categorical__opponent_team_Team Flux,0.0,opponent_team
categorical__opponent_team_Team Focus,0.0,opponent_team
categorical__opponent_team_Team Frog,0.0,opponent_team
categorical__opponent_team_Team Frosty,0.0,opponent_team
categorical__opponent_team_Team GMM,0.0,opponent_team
categorical__opponent_team_Team GP,0.0,opponent_team
categorical__opponent_team_Team Galaga,0.0,opponent_team
categorical__opponent_team_Team Godzilla,0.0,opponent_team
categorical__opponent_team_Team Gravity,0.0,opponent_team
categorical__opponent_team_Team Heretics,0.0,opponent_team
categorical__opponent_team_Team Homyno,0.0,opponent_team
categorical__opponent_team_Team IBYE,0.0,opponent_team
categorical__opponent_team_Team Inazuma,0.0,opponent_team
categorical__opponent_team_Team Inv,0.0,opponent_team
categorical__opponent_team_Team JOBSO,0.0,opponent_team
categorical__opponent_team_Team Joy,0.0,opponent_team
categorical__opponent_team_Team Kaio,0.0,opponent_team
categorical__opponent_team_Team Kick It,0.0,opponent_team
categorical__opponent_team_Team Kovaaks,0.0,opponent_team
categorical__opponent_team_Team LZ,0.0,opponent_team
categorical__opponent_team_Team Legend,0.0,opponent_team
categorical__opponent_team_Team Legion,0.0,opponent_team
categorical__opponent_team_Team Lightning,0.0,opponent_team
categorical__opponent_team_Team Liquid,0.0,opponent_team
numeric__missingindicator_player_map_acs_last_5,0.0,missingindicator_player_map_acs_last_5
categorical__opponent_team_Team Lixa,0.0,opponent_team
categorical__opponent_team_Team LuZi,0.0,opponent_team
categorical__opponent_team_Team Majesty,0.0,opponent_team
categorical__opponent_team_Team Mayan,0.0,opponent_team
categorical__opponent_team_Team MystiC,0.0,opponent_team
categorical__opponent_team_Team Mystic,0.0,opponent_team
categorical__opponent_team_Team NFA,0.0,opponent_team
categorical__opponent_team_Team NKT,0.0,opponent_team
categorical__opponent_team_Team Name,0.0,opponent_team
categorical__opponent_team_Team Nasi Lemak,0.0,opponent_team
categorical__opponent_team_Team Nemesis,0.0,opponent_team
categorical__opponent_team_Team Nervous,0.0,opponent_team
categorical__opponent_team_Team Novas,0.0,opponent_team
categorical__opponent_team_Team Occupy,0.0,opponent_team
categorical__opponent_team_Team Omega,0.0,opponent_team
categorical__opponent_team_Team Onyx,0.0,opponent_team
categorical__opponent_team_Team Opulence,0.0,opponent_team
categorical__opponent_team_Team Opulence Black,0.0,opponent_team
categorical__opponent_team_Team Opulence Gold,0.0,opponent_team
categorical__opponent_team_Team Pelarian,0.0,opponent_team
categorical__opponent_team_Team Phenix,0.0,opponent_team
categorical__opponent_team_Team Plague,0.0,opponent_team
categorical__opponent_team_Team Popeller,0.0,opponent_team
categorical__opponent_team_Team Progress,0.0,opponent_team
categorical__opponent_team_Team Puñeta,0.0,opponent_team
categorical__opponent_team_Team Queso,0.0,opponent_team
categorical__opponent_team_Team QuestionMark,0.0,opponent_team
categorical__opponent_team_Team Questionmark,0.0,opponent_team
categorical__opponent_team_Team RA'AD,0.0,opponent_team
categorical__opponent_team_Team RUIM,0.0,opponent_team
categorical__opponent_team_Team Radical,0.0,opponent_team
categorical__opponent_team_Team Reapers,0.0,opponent_team
categorical__opponent_team_Team Rebels,0.0,opponent_team
categorical__opponent_team_Team Reckaroo,0.0,opponent_team
categorical__opponent_team_Team Respect Zone,0.0,opponent_team
categorical__opponent_team_Team Revanant,0.0,opponent_team
categorical__opponent_team_Team Rocket,0.0,opponent_team
categorical__opponent_team_Team Ronin,0.0,opponent_team
categorical__opponent_team_Team SMG,0.0,opponent_team
categorical__opponent_team_Team SOVIET,0.0,opponent_team
categorical__opponent_team_Team Sacrafice,0.0,opponent_team
categorical__opponent_team_Team Sampi,0.0,opponent_team
categorical__opponent_team_Team Samurai,0.0,opponent_team
categorical__opponent_team_Team Secret,0.0,opponent_team
categorical__opponent_team_Team Seirin,0.0,opponent_team
categorical__opponent_team_Team Singularity,0.0,opponent_team
categorical__opponent_team_Team Sloniki,0.0,opponent_team
categorical__opponent_team_Team Solace,0.0,opponent_team
categorical__opponent_team_Team Solid,0.0,opponent_team
categorical__opponent_team_Team Suits Gaming,0.0,opponent_team
numeric__missingindicator_player_map_kda_last_5,0.0,missingindicator_player_map_kda_last_5
categorical__opponent_team_Team T5,0.0,opponent_team
categorical__opponent_team_Team Three,0.0,opponent_team
categorical__opponent_team_Team Titan,0.0,opponent_team
categorical__opponent_team_Team TriVec,0.0,opponent_team
categorical__opponent_team_Team Trinys,0.0,opponent_team
categorical__opponent_team_Team UNN,0.0,opponent_team
categorical__opponent_team_Team Validus,0.0,opponent_team
categorical__opponent_team_Team Valor,0.0,opponent_team
categorical__opponent_team_Team Vikings,0.0,opponent_team
categorical__opponent_team_Team Vitality,0.0,opponent_team
categorical__opponent_team_Team Volpid,0.0,opponent_team
categorical__opponent_team_Team Volted,0.0,opponent_team
categorical__opponent_team_Team WaVii,0.0,opponent_team
categorical__opponent_team_Team Warriors,0.0,opponent_team
categorical__opponent_team_Team Wizard,0.0,opponent_team
categorical__opponent_team_Team Wyvern,0.0,opponent_team
categorical__opponent_team_Team X,0.0,opponent_team
categorical__opponent_team_Team X(Pack a Punch),0.0,opponent_team
categorical__opponent_team_Team XO,0.0,opponent_team
categorical__opponent_team_Team Zaxaro,0.0,opponent_team
categorical__opponent_team_Team ZeN,0.0,opponent_team
categorical__opponent_team_Team Zelus,0.0,opponent_team
categorical__opponent_team_Team Zeno,0.0,opponent_team
categorical__opponent_team_Team Zero,0.0,opponent_team
categorical__opponent_team_Team hz,0.0,opponent_team
categorical__opponent_team_Team suiG,0.0,opponent_team
categorical__opponent_team_TeamTKL,0.0,opponent_team
categorical__opponent_team_Teamates Gaming,0.0,opponent_team
categorical__opponent_team_TeamatesGaming,0.0,opponent_team
categorical__opponent_team_Teletigers Sol,0.0,opponent_team
categorical__opponent_team_TempesT,0.0,opponent_team
categorical__opponent_team_Tempest Gaming,0.0,opponent_team
categorical__opponent_team_Templars E-Sports,0.0,opponent_team
categorical__opponent_team_Tenacious,0.0,opponent_team
categorical__opponent_team_Tenacity,0.0,opponent_team
categorical__opponent_team_Testers,0.0,opponent_team
categorical__opponent_team_Thailand Attitude,0.0,opponent_team
categorical__opponent_team_Thanos Mug Academy,0.0,opponent_team
categorical__opponent_team_The 300 Spartans,0.0,opponent_team
categorical__opponent_team_The Academy,0.0,opponent_team
categorical__opponent_team_The Agency Clan,0.0,opponent_team
categorical__opponent_team_The Alternative Proxima,0.0,opponent_team
categorical__opponent_team_The Bears,0.0,opponent_team
categorical__opponent_team_The Capitol Pro,0.0,opponent_team
categorical__opponent_team_The Chads,0.0,opponent_team
categorical__opponent_team_The Chosen Few,0.0,opponent_team
categorical__opponent_team_The Chug Jugs,0.0,opponent_team
categorical__opponent_team_The Circumcisers,0.0,opponent_team
categorical__opponent_team_The First Order,0.0,opponent_team
categorical__opponent_team_The Future,0.0,opponent_team
categorical__opponent_team_The Goose House,0.0,opponent_team
categorical__opponent_team_The Goose House Lunar,0.0,opponent_team
categorical__opponent_team_The Guard,0.0,opponent_team
categorical__opponent_team_The Infinity Esport,0.0,opponent_team
categorical__opponent_team_The Kak,0.0,opponent_team
categorical__opponent_team_The Last Dance,0.0,opponent_team
categorical__opponent_team_The Lost Nation,0.0,opponent_team
categorical__opponent_team_The Mad Men,0.0,opponent_team
categorical__opponent_team_The Mad Men 1,0.0,opponent_team
categorical__opponent_team_The Mad Men 2,0.0,opponent_team
categorical__opponent_team_The Mad Men 3,0.0,opponent_team
categorical__opponent_team_The Mafias EAID,0.0,opponent_team
categorical__opponent_team_The Meaps,0.0,opponent_team
categorical__opponent_team_The Mix,0.0,opponent_team
categorical__opponent_team_The Mongs,0.0,opponent_team
categorical__opponent_team_The Noah Aiello,0.0,opponent_team
categorical__opponent_team_The Nyan's,0.0,opponent_team
categorical__opponent_team_The Paw Brothers,0.0,opponent_team
categorical__opponent_team_The Plain,0.0,opponent_team
categorical__opponent_team_The Reaper,0.0,opponent_team
categorical__opponent_team_The Stinking Geese,0.0,opponent_team
categorical__opponent_team_The Surabayans,0.0,opponent_team
categorical__opponent_team_The Zoo,0.0,opponent_team
categorical__opponent_team_The rial romdom,0.0,opponent_team
categorical__opponent_team_TheLastResort,0.0,opponent_team
categorical__opponent_team_Theory Nation,0.0,opponent_team
categorical__opponent_team_Thieves of Hours,0.0,opponent_team
categorical__opponent_team_Third Impact,0.0,opponent_team
categorical__opponent_team_Thorns,0.0,opponent_team
categorical__opponent_team_Thousand Dollar Wallet,0.0,opponent_team
categorical__opponent_team_Thrifty,0.0,opponent_team
categorical__opponent_team_Throwers,0.0,opponent_team
categorical__opponent_team_ThunderS,0.0,opponent_team
categorical__opponent_team_Thunderbolts Gaming,0.0,opponent_team
categorical__opponent_team_TiAMAT,0.0,opponent_team
categorical__opponent_team_Tidal,0.0,opponent_team
categorical__opponent_team_Tiebreak,0.0,opponent_team
categorical__opponent_team_Tiikeri,0.0,opponent_team
categorical__opponent_team_Tiimu Sagashitemasu,0.0,opponent_team
categorical__opponent_team_Tilted,0.0,opponent_team
categorical__opponent_team_Time In,0.0,opponent_team
categorical__opponent_team_Time Out,0.0,opponent_team
categorical__opponent_team_Time to Win,0.0,opponent_team
categorical__opponent_team_Timing Monster Gaming,0.0,opponent_team
categorical__opponent_team_TinyTurtles,0.0,opponent_team
categorical__opponent_team_Titan Esports,0.0,opponent_team
categorical__opponent_team_Titans,0.0,opponent_team
categorical__opponent_team_Titxns,0.0,opponent_team
categorical__opponent_team_To Da Crib,0.0,opponent_team
categorical__opponent_team_Todak,0.0,opponent_team
categorical__opponent_team_Toh 'n' Friends,0.0,opponent_team
categorical__opponent_team_Tokyo,0.0,opponent_team
categorical__opponent_team_Tokyo Revengers,0.0,opponent_team
categorical__opponent_team_Tone,0.0,opponent_team
categorical__opponent_team_TooManyQuestions,0.0,opponent_team
categorical__opponent_team_Top Gear,0.0,opponent_team
categorical__opponent_team_Torin,0.0,opponent_team
categorical__opponent_team_Totally Spies,0.0,opponent_team
categorical__opponent_team_TradeLikePros,0.0,opponent_team
categorical__opponent_team_Trained To Kill,0.0,opponent_team
categorical__opponent_team_Treasure Hunters,0.0,opponent_team
categorical__opponent_team_Treinão do Fra,0.0,opponent_team
categorical__opponent_team_TriMG,0.0,opponent_team
categorical__opponent_team_Trident Esports,0.0,opponent_team
categorical__opponent_team_Trilogy Esports,0.0,opponent_team
categorical__opponent_team_Trinity,0.0,opponent_team
categorical__opponent_team_Trinity Five,0.0,opponent_team
categorical__opponent_team_Trisium Esports,0.0,opponent_team
categorical__opponent_team_Tropa do Litoral,0.0,opponent_team
categorical__opponent_team_Tropinha do TIKTOK 2.0,0.0,opponent_team
categorical__opponent_team_True Kings,0.0,opponent_team
categorical__opponent_team_True Rippers,0.0,opponent_team
categorical__opponent_team_Try to Hard,0.0,opponent_team
categorical__opponent_team_Tunker,0.0,opponent_team
categorical__opponent_team_Turgutlu Belediyesi Esports,0.0,opponent_team
categorical__opponent_team_Turma do Canal,0.0,opponent_team
categorical__opponent_team_Tuwaiq Esports Club,0.0,opponent_team
categorical__opponent_team_Tuzzy E-Sports,0.0,opponent_team
categorical__opponent_team_Twareg Esports,0.0,opponent_team
categorical__opponent_team_Tyrant Esports,0.0,opponent_team
categorical__opponent_team_UAESA Green,0.0,opponent_team
categorical__opponent_team_UBITEAM,0.0,opponent_team
categorical__opponent_team_UBT Esports,0.0,opponent_team
numeric__missingindicator_player_agent_rating_last_5,0.0,missingindicator_player_agent_rating_last_5
categorical__opponent_team_UCF Valorant,0.0,opponent_team
categorical__opponent_team_UCFC Esports,0.0,opponent_team
categorical__opponent_team_UE Zenith Esports,0.0,opponent_team
categorical__opponent_team_UFMG Fênix,0.0,opponent_team
categorical__opponent_team_UFO,0.0,opponent_team
categorical__opponent_team_UGIT,0.0,opponent_team
categorical__opponent_team_UGK Esports,0.0,opponent_team
categorical__opponent_team_UH Esports,0.0,opponent_team
categorical__opponent_team_ULUGBEK,0.0,opponent_team
categorical__opponent_team_ULVL,0.0,opponent_team
categorical__opponent_team_UNB Green Owls,0.0,opponent_team
categorical__opponent_team_UNDERDOGZ.,0.0,opponent_team
categorical__opponent_team_UNKTEC,0.0,opponent_team
categorical__opponent_team_UYU,0.0,opponent_team
categorical__opponent_team_Ugly Hamsters,0.0,opponent_team
categorical__opponent_team_Ukulele,0.0,opponent_team
categorical__opponent_team_Ultima,0.0,opponent_team
categorical__opponent_team_Ultimatum,0.0,opponent_team
categorical__opponent_team_Un Mix Ta Peur,0.0,opponent_team
categorical__opponent_team_UndeRank,0.0,opponent_team
categorical__opponent_team_Undead Army,0.0,opponent_team
categorical__opponent_team_UnderDogs,0.0,opponent_team
categorical__opponent_team_UnderDogs Gaming,0.0,opponent_team
categorical__opponent_team_Underdogs,0.0,opponent_team
categorical__opponent_team_Ungentium,0.0,opponent_team
categorical__opponent_team_Unic,0.0,opponent_team
categorical__opponent_team_Unicorns of Love,0.0,opponent_team
categorical__opponent_team_Unindentified Gaming,0.0,opponent_team
categorical__opponent_team_Union Gaming,0.0,opponent_team
categorical__opponent_team_Unique,0.0,opponent_team
categorical__opponent_team_United Nerds,0.0,opponent_team
categorical__opponent_team_UnitedERA,0.0,opponent_team
categorical__opponent_team_Unity,0.0,opponent_team
categorical__opponent_team_Unity Esports,0.0,opponent_team
categorical__opponent_team_Universe,0.0,opponent_team
categorical__opponent_team_Unknown,0.0,opponent_team
categorical__opponent_team_Unknown Soldiers,0.0,opponent_team
categorical__opponent_team_Unknownpros,0.0,opponent_team
categorical__opponent_team_Unleashed Esports,0.0,opponent_team
categorical__opponent_team_Unprepared,0.0,opponent_team
categorical__opponent_team_Unsigned Losers,0.0,opponent_team
categorical__opponent_team_Up Next,0.0,opponent_team
categorical__opponent_team_Updraft,0.0,opponent_team
categorical__opponent_team_Upgrade Esports,0.0,opponent_team
categorical__opponent_team_Urubuzada e-Sports,0.0,opponent_team
categorical__opponent_team_Uruz Esports,0.0,opponent_team
categorical__opponent_team_Utah Bless,0.0,opponent_team
numeric__missingindicator_player_agent_acs_last_5,0.0,missingindicator_player_agent_acs_last_5
categorical__opponent_team_Uzhiki,0.0,opponent_team
categorical__opponent_team_V Gaming,0.0,opponent_team
categorical__opponent_team_V K3Par1kE,0.0,opponent_team
categorical__opponent_team_V1XON Rising,0.0,opponent_team
categorical__opponent_team_VAGOS,0.0,opponent_team
categorical__opponent_team_VALONEWTONS,0.0,opponent_team
categorical__opponent_team_VALORANT Sharaga,0.0,opponent_team
categorical__opponent_team_VALORANTPT,0.0,opponent_team
categorical__opponent_team_VAMOS,0.0,opponent_team
categorical__opponent_team_VAMOS eSports,0.0,opponent_team
numeric__missingindicator_player_agent_kda_last_5,0.0,missingindicator_player_agent_kda_last_5
categorical__opponent_team_VCT,0.0,opponent_team
categorical__opponent_team_VCTRY Esports,0.0,opponent_team
categorical__opponent_team_VERTEX,0.0,opponent_team
categorical__opponent_team_VICTORY,0.0,opponent_team
categorical__opponent_team_VIM TIRAR ORG GRANDE,0.0,opponent_team
categorical__opponent_team_VIN G,0.0,opponent_team
categorical__opponent_team_VIRTUOSO,0.0,opponent_team
categorical__opponent_team_VITEAZ,0.0,opponent_team
categorical__opponent_team_VOIN DRIP,0.0,opponent_team
categorical__opponent_team_VOIX,0.0,opponent_team
categorical__opponent_team_VOX Hakaishin,0.0,opponent_team
categorical__opponent_team_VOX Nova,0.0,opponent_team
categorical__opponent_team_VOX One,0.0,opponent_team
categorical__opponent_team_VPZ,0.0,opponent_team
categorical__opponent_team_VVT Premier,0.0,opponent_team
categorical__opponent_team_VVV,0.0,opponent_team
categorical__opponent_team_Vacuumers,0.0,opponent_team
categorical__opponent_team_Valar Morghulis,0.0,opponent_team
categorical__opponent_team_Vale,0.0,opponent_team
categorical__opponent_team_Valhalla,0.0,opponent_team
categorical__opponent_team_Valkyrie,0.0,opponent_team
categorical__opponent_team_Valkyrie Esports,0.0,opponent_team
categorical__opponent_team_ValorEitis,0.0,opponent_team
categorical__opponent_team_Valorando,0.0,opponent_team
categorical__opponent_team_ValorantEXEC,0.0,opponent_team
categorical__opponent_team_ValorsGG,0.0,opponent_team
categorical__opponent_team_Valstars Gaming,0.0,opponent_team
categorical__opponent_team_Vammo E-Sports,0.0,opponent_team
categorical__opponent_team_Vancouver Elated,0.0,opponent_team
categorical__opponent_team_Vatra Esports,0.0,opponent_team
categorical__opponent_team_Vctory Esports,0.0,opponent_team
categorical__opponent_team_VeViCi Esports,0.0,opponent_team
categorical__opponent_team_Veggie Straws,0.0,opponent_team
categorical__opponent_team_Velocity Gaming,0.0,opponent_team
categorical__opponent_team_Velox,0.0,opponent_team
categorical__opponent_team_Vendetta,0.0,opponent_team
categorical__opponent_team_Vendetta 7,0.0,opponent_team
categorical__opponent_team_Vengeance,0.0,opponent_team
categorical__opponent_team_Veni Vidi Vici,0.0,opponent_team
categorical__opponent_team_Venom 5 Horsemen,0.0,opponent_team
categorical__opponent_team_Venom Cloud 7,0.0,opponent_team
categorical__opponent_team_Verendus,0.0,opponent_team
categorical__opponent_team_Vermillion,0.0,opponent_team
categorical__opponent_team_Veronica7,0.0,opponent_team
categorical__opponent_team_Version1,0.0,opponent_team
categorical__opponent_team_Vertical Seven Esports,0.0,opponent_team
categorical__opponent_team_Vertigang,0.0,opponent_team
categorical__opponent_team_Very Laze,0.0,opponent_team
categorical__opponent_team_VeselieVintovki,0.0,opponent_team
categorical__opponent_team_Vexed Gaming,0.0,opponent_team
categorical__opponent_team_Vexo Esports,0.0,opponent_team
categorical__opponent_team_Vi4 Esports,0.0,opponent_team
categorical__opponent_team_Vial,0.0,opponent_team
categorical__opponent_team_Vicez,0.0,opponent_team
categorical__opponent_team_Vicious Flawless,0.0,opponent_team
categorical__opponent_team_Victoire Gaming,0.0,opponent_team
categorical__opponent_team_Victorious Beast,0.0,opponent_team
categorical__opponent_team_VictoriousID,0.0,opponent_team
categorical__opponent_team_Victory Formula,0.0,opponent_team
categorical__opponent_team_Vielepinese,0.0,opponent_team
categorical__opponent_team_Vieux Touristes,0.0,opponent_team
categorical__opponent_team_Villains Esports,0.0,opponent_team
categorical__opponent_team_Violent Frogs,0.0,opponent_team
categorical__opponent_team_ViperSaysCome,0.0,opponent_team
categorical__opponent_team_Vireo.pro,0.0,opponent_team
categorical__opponent_team_Virgin Two,0.0,opponent_team
categorical__opponent_team_Virtual Anarchy,0.0,opponent_team
categorical__opponent_team_Vision Strikers,0.0,opponent_team
categorical__opponent_team_Vitriolic,0.0,opponent_team
categorical__opponent_team_Vivant,0.0,opponent_team
categorical__opponent_team_Void Esports,0.0,opponent_team
categorical__opponent_team_Voltage,0.0,opponent_team
categorical__opponent_team_Voltex,0.0,opponent_team
categorical__opponent_team_Vorax,0.0,opponent_team
categorical__opponent_team_Vorpal Swords,0.0,opponent_team
categorical__opponent_team_Voyage,0.0,opponent_team
categorical__opponent_team_Vozmojno Agressiya,0.0,opponent_team
categorical__opponent_team_Vulpine Esports,0.0,opponent_team
categorical__opponent_team_Vx,0.0,opponent_team
categorical__opponent_team_W Gaming,0.0,opponent_team
categorical__opponent_team_W Streak Esports,0.0,opponent_team
categorical__opponent_team_WAP Esports,0.0,opponent_team
categorical__opponent_team_WATAHA,0.0,opponent_team
categorical__opponent_team_WAY Esports,0.0,opponent_team
categorical__opponent_team_WEDOZ,0.0,opponent_team
categorical__opponent_team_WHAAN WHAAN Esport,0.0,opponent_team
categorical__opponent_team_WHATS POPPIN,0.0,opponent_team
categorical__opponent_team_WHOMEGALUL,0.0,opponent_team
categorical__opponent_team_WHR Esports,0.0,opponent_team
categorical__opponent_team_WICKED,0.0,opponent_team
categorical__opponent_team_WILD HUNT,0.0,opponent_team
categorical__opponent_team_WLGaming Esports,0.0,opponent_team
numeric__missingindicator_player_rest_days,0.0,missingindicator_player_rest_days
categorical__opponent_team_WOLFPACK,0.0,opponent_team
categorical__opponent_team_WRNG,0.0,opponent_team
categorical__opponent_team_Waifu Warriors,0.0,opponent_team
categorical__opponent_team_WakaWaka,0.0,opponent_team
categorical__opponent_team_Walküre,0.0,opponent_team
categorical__opponent_team_Want It Gaming,0.0,opponent_team
categorical__opponent_team_WarningStepz,0.0,opponent_team
categorical__opponent_team_Warriors Esports,0.0,opponent_team
categorical__opponent_team_Water,0.0,opponent_team
categorical__opponent_team_Wave Esports,0.0,opponent_team
categorical__opponent_team_Waverunners,0.0,opponent_team
categorical__opponent_team_We Are Turks,0.0,opponent_team
categorical__opponent_team_We Are Washed,0.0,opponent_team
categorical__opponent_team_We Dem Bois,0.0,opponent_team
categorical__opponent_team_We Knep The Meta,0.0,opponent_team
categorical__opponent_team_We Need Sponsor,0.0,opponent_team
categorical__opponent_team_We Raise Blame,0.0,opponent_team
categorical__opponent_team_We Raise Sirius,0.0,opponent_team
categorical__opponent_team_WeBareBears,0.0,opponent_team
categorical__opponent_team_WeDontNeedMana,0.0,opponent_team
categorical__opponent_team_WeMade FOX,0.0,opponent_team
categorical__opponent_team_WeMakeTheFuture,0.0,opponent_team
categorical__opponent_team_Weakless,0.0,opponent_team
categorical__opponent_team_Weda Esports,0.0,opponent_team
categorical__opponent_team_Weebs Acended,0.0,opponent_team
categorical__opponent_team_Weenie Hut Jr,0.0,opponent_team
categorical__opponent_team_Westception,0.0,opponent_team
categorical__opponent_team_What's going on,0.0,opponent_team
categorical__opponent_team_Wheels,0.0,opponent_team
categorical__opponent_team_Whisper,0.0,opponent_team
categorical__opponent_team_White Lotus,0.0,opponent_team
categorical__opponent_team_White Lotus Esports,0.0,opponent_team
categorical__opponent_team_WhynotVLR,0.0,opponent_team
categorical__opponent_team_WiLD MultiGaming,0.0,opponent_team
categorical__opponent_team_Wildcard Gaming,0.0,opponent_team
categorical__opponent_team_Windstorm,0.0,opponent_team
categorical__opponent_team_Winfinity,0.0,opponent_team
categorical__opponent_team_Winstrike Academy,0.0,opponent_team
categorical__opponent_team_Witch E-Sports,0.0,opponent_team
categorical__opponent_team_WithYouWithMe,0.0,opponent_team
categorical__opponent_team_Without Org,0.0,opponent_team
categorical__opponent_team_Without negative,0.0,opponent_team
categorical__opponent_team_Wolfgang Mist Walkthrough,0.0,opponent_team
categorical__opponent_team_Wolfix Gaming,0.0,opponent_team
categorical__opponent_team_Wolves Crew,0.0,opponent_team
categorical__opponent_team_Wolves of Hell,0.0,opponent_team
categorical__opponent_team_WoofWoof,0.0,opponent_team
categorical__opponent_team_Word.exe,0.0,opponent_team
categorical__opponent_team_World Game Star,0.0,opponent_team
categorical__opponent_team_Worst Players,0.0,opponent_team
categorical__opponent_team_Wulf Esports,0.0,opponent_team
categorical__opponent_team_Wygers Argentina,0.0,opponent_team
categorical__opponent_team_X10 Esports,0.0,opponent_team
categorical__opponent_team_X7 Ireland,0.0,opponent_team
numeric__missingindicator_player_role_rating_last_5,0.0,missingindicator_player_role_rating_last_5
categorical__opponent_team_XERXIA Esports,0.0,opponent_team
categorical__opponent_team_XFlow Esports,0.0,opponent_team
categorical__opponent_team_XIAO,0.0,opponent_team
categorical__opponent_team_XLC Esports,0.0,opponent_team
categorical__opponent_team_XSET,0.0,opponent_team
categorical__opponent_team_XTR,0.0,opponent_team
categorical__opponent_team_XTREME,0.0,opponent_team
categorical__opponent_team_XYZ,0.0,opponent_team
categorical__opponent_team_XcN Gaming,0.0,opponent_team
categorical__opponent_team_XenoFrost,0.0,opponent_team
categorical__opponent_team_Xiron Gamers,0.0,opponent_team
categorical__opponent_team_Xplicit,0.0,opponent_team
categorical__opponent_team_Xtardust,0.0,opponent_team
categorical__opponent_team_Xterminate,0.0,opponent_team
categorical__opponent_team_Xtreme Elite Esports,0.0,opponent_team
categorical__opponent_team_Xyberium,0.0,opponent_team
categorical__opponent_team_Xzeroyal,0.0,opponent_team
categorical__opponent_team_Y10.5,0.0,opponent_team
categorical__opponent_team_YA MUSALLA YA MAPUS,0.0,opponent_team
categorical__opponent_team_YAMAGAN,0.0,opponent_team
categorical__opponent_team_YAZDA,0.0,opponent_team
categorical__opponent_team_YFP,0.0,opponent_team
categorical__opponent_team_YMA,0.0,opponent_team
categorical__opponent_team_YMCA Esports,0.0,opponent_team
categorical__opponent_team_YMG,0.0,opponent_team
categorical__opponent_team_YODHA Esports B,0.0,opponent_team
categorical__opponent_team_YONK,0.0,opponent_team
categorical__opponent_team_YaLLa Esports,0.0,opponent_team
categorical__opponent_team_Yakuza,0.0,opponent_team
categorical__opponent_team_Yang Terxakiti,0.0,opponent_team
categorical__opponent_team_Yasei,0.0,opponent_team
categorical__opponent_team_Yendez,0.0,opponent_team
categorical__opponent_team_You Guys Get Paid?,0.0,opponent_team
categorical__opponent_team_Young Clan,0.0,opponent_team
categorical__opponent_team_Young Mercenary,0.0,opponent_team
categorical__opponent_team_Young Supremacy,0.0,opponent_team
categorical__opponent_team_Young Talent Esports,0.0,opponent_team
categorical__opponent_team_Young Talents,0.0,opponent_team
categorical__opponent_team_Young&Old,0.0,opponent_team
categorical__opponent_team_Young.ID,0.0,opponent_team
categorical__opponent_team_Yêu Nhã Hân,0.0,opponent_team
categorical__opponent_team_Z-Managa eSports,0.0,opponent_team
categorical__opponent_team_Z11,0.0,opponent_team
categorical__opponent_team_ZERO Winrate,0.0,opponent_team
categorical__opponent_team_ZETA DIVISION,0.0,opponent_team
categorical__opponent_team_ZOL Esports,0.0,opponent_team
categorical__opponent_team_ZOTIX,0.0,opponent_team
categorical__opponent_team_ZXC GAMING,0.0,opponent_team
categorical__opponent_team_ZZZ,0.0,opponent_team
categorical__opponent_team_ZaPs Clan,0.0,opponent_team
categorical__opponent_team_Zakelijk,0.0,opponent_team
categorical__opponent_team_Zeal,0.0,opponent_team
categorical__opponent_team_Zeal Esports,0.0,opponent_team
categorical__opponent_team_Zelos,0.0,opponent_team
categorical__opponent_team_Zen2 Esports,0.0,opponent_team
categorical__opponent_team_Zenigma Alpha,0.0,opponent_team
categorical__opponent_team_Zenith,0.0,opponent_team
categorical__opponent_team_Zer0 Latency,0.0,opponent_team
categorical__opponent_team_Zerance,0.0,opponent_team
categorical__opponent_team_Zercus Esports,0.0,opponent_team
categorical__opponent_team_Zero MarksMen,0.0,opponent_team
categorical__opponent_team_Zero MarksMen Black,0.0,opponent_team
categorical__opponent_team_Zero Risk,0.0,opponent_team
categorical__opponent_team_Zero Synergy,0.0,opponent_team
categorical__opponent_team_Zero Zone,0.0,opponent_team
categorical__opponent_team_Zeusaberz Esports,0.0,opponent_team
categorical__opponent_team_Ziomki Poziomki,0.0,opponent_team
categorical__opponent_team_Zofa King Nub,0.0,opponent_team
categorical__opponent_team_Zonia Esports,0.0,opponent_team
categorical__opponent_team_Zoomers,0.0,opponent_team
categorical__opponent_team_Zveno19,0.0,opponent_team
categorical__opponent_team_Zytic eSports,0.0,opponent_team
categorical__opponent_team_a crache dos pro,0.0,opponent_team
categorical__opponent_team_aaaa,0.0,opponent_team
categorical__opponent_team_abcdteam,0.0,opponent_team
categorical__opponent_team_abushki,0.0,opponent_team
categorical__opponent_team_afterMath Esports,0.0,opponent_team
categorical__opponent_team_animel,0.0,opponent_team
categorical__opponent_team_animeshniki,0.0,opponent_team
categorical__opponent_team_anorthosis famagusta esports,0.0,opponent_team
categorical__opponent_team_aqua,0.0,opponent_team
categorical__opponent_team_atreus,0.0,opponent_team
categorical__opponent_team_ayned,0.0,opponent_team
categorical__opponent_team_azzi's anime aimers,0.0,opponent_team
categorical__opponent_team_backyardigans,0.0,opponent_team
categorical__opponent_team_banana boys,0.0,opponent_team
categorical__opponent_team_bb kaverit,0.0,opponent_team
categorical__opponent_team_beastcoast,0.0,opponent_team
categorical__opponent_team_beneluxjes,0.0,opponent_team
categorical__opponent_team_bestrandom5,0.0,opponent_team
categorical__opponent_team_bigmakcombo,0.0,opponent_team
categorical__opponent_team_blablabla,0.0,opponent_team
numeric__missingindicator_player_role_acs_last_5,0.0,missingindicator_player_role_acs_last_5
categorical__opponent_team_blaendet,0.0,opponent_team
categorical__opponent_team_boa sorte,0.0,opponent_team
categorical__opponent_team_bolinha de golfe,0.0,opponent_team
categorical__opponent_team_bratiki94,0.0,opponent_team
categorical__opponent_team_bref,0.0,opponent_team
categorical__opponent_team_bristol bagres,0.0,opponent_team
categorical__opponent_team_brown gunday,0.0,opponent_team
categorical__opponent_team_callmesir,0.0,opponent_team
categorical__opponent_team_calor,0.0,opponent_team
categorical__opponent_team_catJAM,0.0,opponent_team
categorical__opponent_team_chill boys,0.0,opponent_team
categorical__opponent_team_chiu,0.0,opponent_team
categorical__opponent_team_cis killers,0.0,opponent_team
categorical__opponent_team_cool kids,0.0,opponent_team
categorical__opponent_team_couchless,0.0,opponent_team
categorical__opponent_team_cowana Gaming,0.0,opponent_team
categorical__opponent_team_csdeadgame,0.0,opponent_team
categorical__opponent_team_cute fat boys,0.0,opponent_team
categorical__opponent_team_d0gSports,0.0,opponent_team
categorical__opponent_team_dATHITANS,0.0,opponent_team
categorical__opponent_team_dart monkeys,0.0,opponent_team
categorical__opponent_team_de_prodigy,0.0,opponent_team
categorical__opponent_team_deathwish,0.0,opponent_team
categorical__opponent_team_detox,0.0,opponent_team
categorical__opponent_team_dfiance,0.0,opponent_team
categorical__opponent_team_dgen,0.0,opponent_team
categorical__opponent_team_dior,0.0,opponent_team
categorical__opponent_team_dogsafari,0.0,opponent_team
categorical__opponent_team_dogz,0.0,opponent_team
categorical__opponent_team_doidera,0.0,opponent_team
categorical__opponent_team_doneVAL,0.0,opponent_team
categorical__opponent_team_dont know,0.0,opponent_team
categorical__opponent_team_dotExE,0.0,opponent_team
categorical__opponent_team_driveBy,0.0,opponent_team
categorical__opponent_team_eMonkeyz Club,0.0,opponent_team
categorical__opponent_team_eSport Rhein Neckar,0.0,opponent_team
categorical__opponent_team_eSuba,0.0,opponent_team
categorical__opponent_team_eUnited,0.0,opponent_team
categorical__opponent_team_eXiLe eSports,0.0,opponent_team
categorical__opponent_team_ehehxd,0.0,opponent_team
categorical__opponent_team_el bdoon,0.0,opponent_team
categorical__opponent_team_eu e as 4 mulas,0.0,opponent_team
categorical__opponent_team_evilzone,0.0,opponent_team
categorical__opponent_team_ex INS,0.0,opponent_team
categorical__opponent_team_ex liberty,0.0,opponent_team
categorical__opponent_team_ex-AING MAUNG Esports,0.0,opponent_team
categorical__opponent_team_ex-PWYH,0.0,opponent_team
categorical__opponent_team_ex-Recon 5,0.0,opponent_team
categorical__opponent_team_ex-Reveur/Team Phenix,0.0,opponent_team
categorical__opponent_team_ex-SV Empire,0.0,opponent_team
categorical__opponent_team_ex-Wildcard Gaming,0.0,opponent_team
categorical__opponent_team_experientGG,0.0,opponent_team
categorical__opponent_team_ez5,0.0,opponent_team
categorical__opponent_team_fReya,0.0,opponent_team
categorical__opponent_team_fake doi,0.0,opponent_team
categorical__opponent_team_fakezinho dos guri,0.0,opponent_team
categorical__opponent_team_fakezinn,0.0,opponent_team
categorical__opponent_team_fastmix,0.0,opponent_team
categorical__opponent_team_fat7,0.0,opponent_team
categorical__opponent_team_feelmyhack,0.0,opponent_team
categorical__opponent_team_forZe,0.0,opponent_team
categorical__opponent_team_fortytwo,0.0,opponent_team
categorical__opponent_team_freak squad,0.0,opponent_team
categorical__opponent_team_freelo,0.0,opponent_team
categorical__opponent_team_frog munchers,0.0,opponent_team
categorical__opponent_team_fully,0.0,opponent_team
categorical__opponent_team_furi+4,0.0,opponent_team
categorical__opponent_team_g0gados,0.0,opponent_team
categorical__opponent_team_geek champions,0.0,opponent_team
categorical__opponent_team_goth boy clique,0.0,opponent_team
categorical__opponent_team_gso,0.0,opponent_team
categorical__opponent_team_gucciGANG,0.0,opponent_team
categorical__opponent_team_hashiras,0.0,opponent_team
categorical__opponent_team_headzots,0.0,opponent_team
categorical__opponent_team_hellons,0.0,opponent_team
categorical__opponent_team_human Zeal,0.0,opponent_team
categorical__opponent_team_iNCREDIBLES,0.0,opponent_team
categorical__opponent_team_iNg and Friends,0.0,opponent_team
categorical__opponent_team_iPon Esport,0.0,opponent_team
categorical__opponent_team_iXA,0.0,opponent_team
categorical__opponent_team_idkman,0.0,opponent_team
categorical__opponent_team_idontcare,0.0,opponent_team
categorical__opponent_team_illmatic,0.0,opponent_team
numeric__missingindicator_player_role_kda_last_5,0.0,missingindicator_player_role_kda_last_5
categorical__opponent_team_improvisad0,0.0,opponent_team
categorical__opponent_team_jaba,0.0,opponent_team
categorical__opponent_team_junummer,0.0,opponent_team
categorical__opponent_team_kapten mint,0.0,opponent_team
categorical__opponent_team_karmeliet,0.0,opponent_team
categorical__opponent_team_kebabmasterz,0.0,opponent_team
categorical__opponent_team_komand04ka,0.0,opponent_team
categorical__opponent_team_kryzys,0.0,opponent_team
categorical__opponent_team_l3wnadowski,0.0,opponent_team
categorical__opponent_team_lancaster bombers,0.0,opponent_team
categorical__opponent_team_lancheira da nina,0.0,opponent_team
categorical__opponent_team_laniepodbalkonem,0.0,opponent_team
categorical__opponent_team_lavender boys,0.0,opponent_team
categorical__opponent_team_leptospirose,0.0,opponent_team
categorical__opponent_team_locust,0.0,opponent_team
numeric__missingindicator_team_acs_last_5,0.0,missingindicator_team_acs_last_5
categorical__opponent_team_looking for a name,0.0,opponent_team
categorical__opponent_team_m.eS Revolutionary Gamers,0.0,opponent_team
categorical__opponent_team_m8 Esports,0.0,opponent_team
categorical__opponent_team_mato30,0.0,opponent_team
categorical__opponent_team_mato30eperco,0.0,opponent_team
categorical__opponent_team_maybegokill,0.0,opponent_team
numeric__missingindicator_team_kda_last_5,0.0,missingindicator_team_kda_last_5
categorical__opponent_team_mcdonalds shift,0.0,opponent_team
categorical__opponent_team_meme666,0.0,opponent_team
categorical__opponent_team_mhm,0.0,opponent_team
categorical__opponent_team_midnightclub,0.0,opponent_team
categorical__opponent_team_miks,0.0,opponent_team
categorical__opponent_team_mira fofinha,0.0,opponent_team
categorical__opponent_team_miracle victory,0.0,opponent_team
categorical__opponent_team_mix,0.0,opponent_team
categorical__opponent_team_mix5,0.0,opponent_team
categorical__opponent_team_mode:,0.0,opponent_team
categorical__opponent_team_monkes,0.0,opponent_team
categorical__opponent_team_mozzy,0.0,opponent_team
categorical__opponent_team_mozzymembas,0.0,opponent_team
categorical__opponent_team_n0gravity,0.0,opponent_team
categorical__opponent_team_n1ce3e3e3e3,0.0,opponent_team
categorical__opponent_team_nA Whiff Masters,0.0,opponent_team
categorical__opponent_team_nAts fAns,0.0,opponent_team
categorical__opponent_team_naosei,0.0,opponent_team
categorical__opponent_team_narrative,0.0,opponent_team
categorical__opponent_team_nebula123,0.0,opponent_team
categorical__opponent_team_need girlfriend,0.0,opponent_team
categorical__opponent_team_need more DM,0.0,opponent_team
categorical__opponent_team_nerd emoji,0.0,opponent_team
categorical__opponent_team_next_viigraem,0.0,opponent_team
categorical__opponent_team_nice try,0.0,opponent_team
categorical__opponent_team_no name,0.0,opponent_team
categorical__opponent_team_no shot,0.0,opponent_team
categorical__opponent_team_no.men,0.0,opponent_team
categorical__opponent_team_noFEAR,0.0,opponent_team
categorical__opponent_team_notbuiltdif,0.0,opponent_team
categorical__opponent_team_nuBo,0.0,opponent_team
categorical__opponent_team_nway,0.0,opponent_team
categorical__opponent_team_não temos um plano,0.0,opponent_team
categorical__opponent_team_o7,0.0,opponent_team
categorical__opponent_team_oFby,0.0,opponent_team
categorical__opponent_team_onliner$,0.0,opponent_team
categorical__opponent_team_onliners,0.0,opponent_team
categorical__opponent_team_ooliganz,0.0,opponent_team
categorical__opponent_team_orglesssszzzssz,0.0,opponent_team
categorical__opponent_team_os reis do fluxo,0.0,opponent_team
categorical__opponent_team_ownage,0.0,opponent_team
categorical__opponent_team_paiN Gaming,0.0,opponent_team
categorical__opponent_team_parsians,0.0,opponent_team
categorical__opponent_team_pepecool,0.0,opponent_team
categorical__opponent_team_playHard,0.0,opponent_team
categorical__opponent_team_playmakers,0.0,opponent_team
categorical__opponent_team_playordie,0.0,opponent_team
categorical__opponent_team_plgurom,0.0,opponent_team
categorical__opponent_team_prime 5,0.0,opponent_team
categorical__opponent_team_psyhiatryk,0.0,opponent_team
categorical__opponent_team_puGG,0.0,opponent_team
categorical__opponent_team_ququlity,0.0,opponent_team
numeric__missingindicator_opponent_acs_last_5,0.0,missingindicator_opponent_acs_last_5
numeric__missingindicator_opponent_kda_last_5,0.0,missingindicator_opponent_kda_last_5
categorical__opponent_team_randomfiVe,0.0,opponent_team
categorical__opponent_team_ranked enjoyers,0.0,opponent_team
categorical__opponent_team_ranked legends,0.0,opponent_team
categorical__opponent_team_rats,0.0,opponent_team
categorical__opponent_team_rcivarkaat,0.0,opponent_team
categorical__opponent_team_rice and meatballs,0.0,opponent_team
categorical__opponent_team_roar,0.0,opponent_team
categorical__opponent_team_sad anime gamer,0.0,opponent_team
categorical__opponent_team_sadHours,0.0,opponent_team
categorical__opponent_team_sas elle,0.0,opponent_team
categorical__opponent_team_savage.gg,0.0,opponent_team
categorical__opponent_team_seeker,0.0,opponent_team
categorical__opponent_team_select few,0.0,opponent_team
categorical__opponent_team_sharKO,0.0,opponent_team
categorical__opponent_team_shiba n the homies,0.0,opponent_team
categorical__opponent_team_shine,0.0,opponent_team
categorical__opponent_team_silence,0.0,opponent_team
categorical__opponent_team_slime slats,0.0,opponent_team
categorical__opponent_team_smell33t,0.0,opponent_team
categorical__opponent_team_soyboys,0.0,opponent_team
categorical__opponent_team_sweetiesandfriends,0.0,opponent_team
categorical__opponent_team_szmery bajery krecenie afery,0.0,opponent_team
categorical__opponent_team_tba,0.0,opponent_team
categorical__opponent_team_team VOID,0.0,opponent_team
categorical__opponent_team_team xanax,0.0,opponent_team
categorical__opponent_team_team123,0.0,opponent_team
categorical__opponent_team_team420,0.0,opponent_team
categorical__opponent_team_teamamen,0.0,opponent_team
categorical__opponent_team_tftteam,0.0,opponent_team
categorical__opponent_team_the bridge,0.0,opponent_team
categorical__opponent_team_the gorillas,0.0,opponent_team
categorical__opponent_team_thegiornalisti,0.0,opponent_team
categorical__opponent_team_thewandfriends,0.0,opponent_team
categorical__opponent_team_tier2sussinha,0.0,opponent_team
categorical__opponent_team_tp i 2 luza,0.0,opponent_team
categorical__opponent_team_tr4sh,0.0,opponent_team
categorical__opponent_team_tremb4l4,0.0,opponent_team
numeric__missingindicator_team_map_win_rate,0.0,missingindicator_team_map_win_rate
categorical__opponent_team_tropa da realeza,0.0,opponent_team
categorical__opponent_team_tropa do mata rindo,0.0,opponent_team
categorical__opponent_team_trying to win,0.0,opponent_team
categorical__opponent_team_tryouts,0.0,opponent_team
categorical__opponent_team_turkishnewstars,0.0,opponent_team
categorical__opponent_team_tyeasy,0.0,opponent_team
categorical__opponent_team_uhrbtgjmny8,0.0,opponent_team
categorical__opponent_team_ulitka,0.0,opponent_team
categorical__opponent_team_unjobbed,0.0,opponent_team
categorical__opponent_team_unravel,0.0,opponent_team
categorical__opponent_team_vega,0.0,opponent_team
categorical__opponent_team_velman,0.0,opponent_team
categorical__opponent_team_vodkamix,0.0,opponent_team
categorical__opponent_team_volei e peteca,0.0,opponent_team
categorical__opponent_team_volvo peek,0.0,opponent_team
categorical__opponent_team_w0wClan,0.0,opponent_team
categorical__opponent_team_washedfortniteboomers,0.0,opponent_team
categorical__opponent_team_we lost,0.0,opponent_team
categorical__opponent_team_webSPELL,0.0,opponent_team
categorical__opponent_team_westSide,0.0,opponent_team
categorical__opponent_team_who cares?,0.0,opponent_team
categorical__opponent_team_who cars?,0.0,opponent_team
categorical__opponent_team_whydah,0.0,opponent_team
categorical__opponent_team_wicket berg,0.0,opponent_team
categorical__opponent_team_winnable,0.0,opponent_team
categorical__opponent_team_xCeed,0.0,opponent_team
categorical__opponent_team_xD,0.0,opponent_team
categorical__opponent_team_yellow,0.0,opponent_team
categorical__opponent_team_yoru,0.0,opponent_team
categorical__opponent_team_young talents,0.0,opponent_team
categorical__opponent_team_zTitans,0.0,opponent_team
categorical__opponent_team_zZz,0.0,opponent_team
categorical__opponent_team_zerotwo,0.0,opponent_team
categorical__opponent_team_zesty's money crew,0.0,opponent_team
categorical__opponent_team_zyzz,0.0,opponent_team
categorical__opponent_team_Çamlıca Esports,0.0,opponent_team
categorical__opponent_team_İstanbul Wildcats,0.0,opponent_team
categorical__opponent_team_świeca,0.0,opponent_team
categorical__opponent_team_ŞAKLABANLAR,0.0,opponent_team
categorical__opponent_team_šmucky,0.0,opponent_team
categorical__opponent_team_ЧИХ-ПЫХ,0.0,opponent_team
categorical__opponent_team_адин,0.0,opponent_team
categorical__team_pick_100 Thieves,0.0,team
categorical__team_pick_1280x960,0.0,team
categorical__team_pick_19esports,0.0,team
categorical__team_pick_2red,0.0,team
categorical__team_pick_47 Gaming,0.0,team
categorical__team_pick_5MOKES,0.0,team
categorical__team_pick_5Ravens,0.0,team
categorical__team_pick_6045Pirates,0.0,team
categorical__team_pick_9z Globant,0.0,team
categorical__team_pick_AG,0.0,team
categorical__team_pick_ARF TEAM,0.0,team
categorical__team_pick_ATROPELADOS,0.0,team
categorical__team_pick_AUTOCRACY,0.0,team
categorical__team_pick_Absolute JUPITER,0.0,team
categorical__team_pick_Acend,0.0,team
categorical__team_pick_Action PH,0.0,team
categorical__team_pick_Aether Esports,0.0,team
categorical__team_pick_Aggie Gaming at UC,0.0,team
categorical__team_pick_Aim.Attack,0.0,team
categorical__team_pick_Akave Esports,0.0,team
categorical__team_pick_Akella,0.0,team
categorical__team_pick_Akrew,0.0,team
categorical__team_pick_Alliance,0.0,team
categorical__team_pick_Alpha Esports Pro,0.0,team
categorical__team_pick_Alpha Six Gaming,0.0,team
categorical__team_pick_Alter Ego,0.0,team
categorical__team_pick_Anatolia Esports,0.0,team
categorical__team_pick_Andbox,0.0,team
categorical__team_pick_Anonymo Esports,0.0,team
categorical__team_pick_Anti Eco Eco Club,0.0,team
categorical__team_pick_Anubis Gaming,0.0,team
categorical__team_pick_Arbalest,0.0,team
categorical__team_pick_Aricat Esport Family,0.0,team
categorical__team_pick_Attack All Around,0.0,team
categorical__team_pick_Australs,0.0,team
categorical__team_pick_Avium Esports,0.0,team
categorical__team_pick_Axsor,0.0,team
categorical__team_pick_BASILISK,0.0,team
categorical__team_pick_BBL Esports,0.0,team
categorical__team_pick_BEAST,0.0,team
categorical__team_pick_BIG,0.0,team
categorical__team_pick_BIG GAMING ID,0.0,team
categorical__team_pick_BLEED,0.0,team
categorical__team_pick_BLUE BEES.ESP,0.0,team
categorical__team_pick_BOBO,0.0,team
categorical__team_pick_BOOM Esports,0.0,team
categorical__team_pick_BOY WITH LOVE,0.0,team
categorical__team_pick_Babi Guling,0.0,team
categorical__team_pick_Bait Academy,0.0,team
categorical__team_pick_Bandit ESC,0.0,team
categorical__team_pick_Barely Acceptable,0.0,team
categorical__team_pick_BearClaw Gaming,0.0,team
categorical__team_pick_Benchwarmers,0.0,team
categorical__team_pick_Beşiktaş Esports,0.0,team
categorical__team_pick_Bigetron Arctic,0.0,team
categorical__team_pick_Black Dragons,0.0,team
categorical__team_pick_BlackBird Ignis,0.0,team
categorical__team_pick_Blitz Esports,0.0,team
categorical__team_pick_Bob the Builder,0.0,team
categorical__team_pick_Bonkers,0.0,team
categorical__team_pick_Border Monsters,0.0,team
categorical__team_pick_Botafogo eSports,0.0,team
categorical__team_pick_Brain And Friends,0.0,team
categorical__team_pick_Brave Wolves,0.0,team
categorical__team_pick_Bren Esports,0.0,team
categorical__team_pick_Built By Gamers,0.0,team
categorical__team_pick_Built By Gamers Academy,0.0,team
categorical__team_pick_CBT Gaming,0.0,team
categorical__team_pick_CE Calling,0.0,team
categorical__team_pick_CERBERUS Esports,0.0,team
categorical__team_pick_CERULEAN.EXE,0.0,team
categorical__team_pick_CNJ Esports,0.0,team
categorical__team_pick_CREST GAMING Zst,0.0,team
categorical__team_pick_Carpe Noctem,0.0,team
categorical__team_pick_Catgirls,0.0,team
categorical__team_pick_Cereal Killers,0.0,team
categorical__team_pick_Chill Cord,0.0,team
categorical__team_pick_Clarity ESC,0.0,team
categorical__team_pick_Clarity Esports,0.0,team
categorical__team_pick_Cloud9,0.0,team
categorical__team_pick_Cloud9 White,0.0,team
categorical__team_pick_Clutch Jeans,0.0,team
categorical__team_pick_Complexity,0.0,team
categorical__team_pick_Cosmic Divide,0.0,team
categorical__team_pick_Cracked and Dialed,0.0,team
categorical__team_pick_Crash Landin on You,0.0,team
categorical__team_pick_Crazy Raccoon,0.0,team
categorical__team_pick_Crima's Disciples,0.0,team
categorical__team_pick_CrowСrowd,0.0,team
categorical__team_pick_Crypto Esports,0.0,team
categorical__team_pick_Cyber Skull Esports,0.0,team
categorical__team_pick_Cynical,0.0,team
categorical__team_pick_DAMWON Gaming,0.0,team
categorical__team_pick_DFR,0.0,team
categorical__team_pick_DR Esports,0.0,team
categorical__team_pick_DarkZero Esports,0.0,team
categorical__team_pick_Daytrade Nursery,0.0,team
categorical__team_pick_DeToNator,0.0,team
numeric__missingindicator_team_strength_of_schedule,0.0,missingindicator_team_strength_of_schedule
categorical__team_pick_DeftFox,0.0,team
categorical__team_pick_Desperado,0.0,team
categorical__team_pick_DetonatioN FocusMe,0.0,team
categorical__team_pick_Dewa United Esports,0.0,team
categorical__team_pick_Digital Athletics,0.0,team
categorical__team_pick_Dire Wolves,0.0,team
categorical__team_pick_DivisionX Gaming,0.0,team
categorical__team_pick_Dominus Esports,0.0,team
categorical__team_pick_E-Xolos LAZER,0.0,team
categorical__team_pick_E9Sports,0.0,team
categorical__team_pick_EAID MISFITS,0.0,team
numeric__missingindicator_player_opponent_rating_last_5,0.0,missingindicator_player_opponent_rating_last_5
categorical__team_pick_EGO,0.0,team
categorical__team_pick_EGO Media,0.0,team
categorical__team_pick_ENVY,0.0,team
categorical__team_pick_ESportsConnected,0.0,team
categorical__team_pick_ET ELLER ANDET FEDT,0.0,team
categorical__team_pick_EXCEL,0.0,team
categorical__team_pick_Elmerz Glue,0.0,team
categorical__team_pick_Enigma Gaming,0.0,team
categorical__team_pick_Entropiq,0.0,team
categorical__team_pick_Ethereal,0.0,team
categorical__team_pick_Evil Geniuses,0.0,team
categorical__team_pick_Exceeli Esports,0.0,team
categorical__team_pick_Extenzy Gaming,0.0,team
categorical__team_pick_F4Q,0.0,team
categorical__team_pick_FATAL,0.0,team
categorical__team_pick_FAV gaming,0.0,team
categorical__team_pick_FBM,0.0,team
categorical__team_pick_FEARUS,0.0,team
categorical__team_pick_FENNEL,0.0,team
categorical__team_pick_FIRST Gaming,0.0,team
categorical__team_pick_FNATIC,0.0,team
categorical__team_pick_FOKUS,0.0,team
categorical__team_pick_FOXN TEAM,0.0,team
categorical__team_pick_FULL SENSE,0.0,team
categorical__team_pick_FURIA,0.0,team
categorical__team_pick_FUSION,0.0,team
categorical__team_pick_FUT Esports,0.0,team
categorical__team_pick_FW Esports,0.0,team
categorical__team_pick_FaZe Clan,0.0,team
categorical__team_pick_Fancy United Esports,0.0,team
categorical__team_pick_Fastelle,0.0,team
categorical__team_pick_Fear of God,0.0,team
categorical__team_pick_Feel So Good,0.0,team
categorical__team_pick_Feeling,0.0,team
categorical__team_pick_Fenerbahçe Esports,0.0,team
categorical__team_pick_Fenix Gaming,0.0,team
categorical__team_pick_Finest,0.0,team
categorical__team_pick_Fire Flux Esports,0.0,team
categorical__team_pick_Five Ace Esports,0.0,team
categorical__team_pick_Folouers Esports,0.0,team
categorical__team_pick_Food Eat,0.0,team
categorical__team_pick_Fox Gaming,0.0,team
categorical__team_pick_Foxy Araikordai,0.0,team
categorical__team_pick_Fulcrum Esports Catalyst,0.0,team
categorical__team_pick_Full Power Gaming,0.0,team
categorical__team_pick_FunPlus Phoenix,0.0,team
categorical__team_pick_Funcrew,0.0,team
categorical__team_pick_Funkboings,0.0,team
categorical__team_pick_Funky Monkeys,0.0,team
categorical__team_pick_Furious Gaming,0.0,team
categorical__team_pick_G2 Esports,0.0,team
categorical__team_pick_GMT Esports,0.0,team
categorical__team_pick_GOMA,0.0,team
categorical__team_pick_Gaimin Gladiators,0.0,team
categorical__team_pick_Galakticos,0.0,team
categorical__team_pick_Galaxy Esports,0.0,team
categorical__team_pick_Galaxy Racer,0.0,team
categorical__team_pick_Gambit Esports,0.0,team
categorical__team_pick_Gamelanders Blue,0.0,team
categorical__team_pick_Gaming Team SELECTOR,0.0,team
categorical__team_pick_Geekay Esports,0.0,team
categorical__team_pick_Gehenna Sweepers,0.0,team
categorical__team_pick_Gelida Esports,0.0,team
categorical__team_pick_Gen.G,0.0,team
categorical__team_pick_Ghetto Artist,0.0,team
categorical__team_pick_Ghost Gaming,0.0,team
categorical__team_pick_Giant Submarine,0.0,team
categorical__team_pick_Giants Gaming,0.0,team
categorical__team_pick_Girl Kissers,0.0,team
categorical__team_pick_Global Esports,0.0,team
categorical__team_pick_GoNGo Prince,0.0,team
categorical__team_pick_GochuGaru,0.0,team
categorical__team_pick_God Particles,0.0,team
categorical__team_pick_Grapefruit Techniques,0.0,team
categorical__team_pick_Griffin E-Sports,0.0,team
categorical__team_pick_Guild Esports,0.0,team
categorical__team_pick_HE Gaming,0.0,team
categorical__team_pick_HEET,0.0,team
categorical__team_pick_HIGHPOWER,0.0,team
categorical__team_pick_HONEY BADGERS,0.0,team
categorical__team_pick_HONK,0.0,team
categorical__team_pick_Hashira,0.0,team
categorical__team_pick_Heat Waves,0.0,team
categorical__team_pick_Hexad,0.0,team
categorical__team_pick_Hike Digital Esports,0.0,team
categorical__team_pick_HolyMolly,0.0,team
categorical__team_pick_Huat Zai,0.0,team
categorical__team_pick_I Need Money,0.0,team
categorical__team_pick_I need Girlfriend,0.0,team
categorical__team_pick_IGZIST,0.0,team
categorical__team_pick_INFINITY,0.0,team
categorical__team_pick_INGAMING Esports,0.0,team
categorical__team_pick_IVAN,0.0,team
categorical__team_pick_Icicle Conflict,0.0,team
numeric__missingindicator_role_matchup_rating_last_5,0.0,missingindicator_role_matchup_rating_last_5
categorical__team_pick_IlluZion,0.0,team
categorical__team_pick_Illuminar Gaming,0.0,team
categorical__team_pick_Immortals,0.0,team
categorical__team_pick_Incheon On Sla2ers,0.0,team
categorical__team_pick_Inertia,0.0,team
categorical__team_pick_Insomnia,0.0,team
categorical__team_pick_Insurgent Esports,0.0,team
categorical__team_pick_Intense Gaming,0.0,team
categorical__team_pick_Jadeite,0.0,team
categorical__team_pick_Jaguares Esports,0.0,team
categorical__team_pick_K7 Esports,0.0,team
categorical__team_pick_KADILIMAN,0.0,team
categorical__team_pick_KINGSLAYERS,0.0,team
categorical__team_pick_KIWOOM DRX,0.0,team
categorical__team_pick_KLATWA,0.0,team
categorical__team_pick_KOI,0.0,team
categorical__team_pick_KONE eSports Club,0.0,team
categorical__team_pick_KPMOONIIBLM9,0.0,team
categorical__team_pick_KRÜ Esports,0.0,team
categorical__team_pick_Kafalar eSports,0.0,team
categorical__team_pick_Kanga Esports,0.0,team
categorical__team_pick_Kantic Gaming,0.0,team
categorical__team_pick_Kaos Latin Gamers,0.0,team
categorical__team_pick_Karmine Corp,0.0,team
categorical__team_pick_Keyd Stars,0.0,team
categorical__team_pick_Khumbu Esports,0.0,team
categorical__team_pick_Kikados da Galaxy Carrots,0.0,team
categorical__team_pick_Kingsmen,0.0,team
categorical__team_pick_Klaus,0.0,team
categorical__team_pick_Knights,0.0,team
categorical__team_pick_Kooky Koalas,0.0,team
categorical__team_pick_LAG Gaming,0.0,team
categorical__team_pick_LDN UTD,0.0,team
categorical__team_pick_LEVIATÁN,0.0,team
categorical__team_pick_LOUD,0.0,team
categorical__team_pick_LP33,0.0,team
categorical__team_pick_LaZe,0.0,team
categorical__team_pick_Landak Tropis,0.0,team
categorical__team_pick_Legacy Esports,0.0,team
categorical__team_pick_Lethal Esports,0.0,team
categorical__team_pick_Lexious Gaming,0.0,team
categorical__team_pick_Liberty,0.0,team
categorical__team_pick_Lightning,0.0,team
categorical__team_pick_Lipxitus,0.0,team
categorical__team_pick_Looking For Org,0.0,team
categorical__team_pick_Looking for Org,0.0,team
categorical__team_pick_Lords of Heist,0.0,team
categorical__team_pick_Los Grandes,0.0,team
categorical__team_pick_Louvre,0.0,team
categorical__team_pick_Lucky Boys,0.0,team
categorical__team_pick_Luminosity,0.0,team
categorical__team_pick_Lumsum,0.0,team
categorical__team_pick_Lycus Empire,0.0,team
categorical__team_pick_M1syl and friends,0.0,team
categorical__team_pick_M3 Champions,0.0,team
categorical__team_pick_MEOW MEOW,0.0,team
categorical__team_pick_MIBR,0.0,team
categorical__team_pick_MORE Esports,0.0,team
categorical__team_pick_Made in Thailand,0.0,team
categorical__team_pick_Madness Esports,0.0,team
categorical__team_pick_Maru Gaming,0.0,team
categorical__team_pick_Maruti Peek,0.0,team
categorical__team_pick_Mawar Dandelion,0.0,team
categorical__team_pick_McBTSMac,0.0,team
categorical__team_pick_McTeam,0.0,team
categorical__team_pick_Meta Gaming,0.0,team
categorical__team_pick_Mindfreak,0.0,team
categorical__team_pick_Monkey Bite Esports,0.0,team
categorical__team_pick_Moon Raccoons,0.0,team
categorical__team_pick_Morph Impact,0.0,team
categorical__team_pick_Mujig 100su,0.0,team
categorical__team_pick_NAOS,0.0,team
categorical__team_pick_NASR Esports,0.0,team
categorical__team_pick_NG.Black,0.0,team
categorical__team_pick_NOGAS Esports,0.0,team
categorical__team_pick_NOORG2.0,0.0,team
categorical__team_pick_NORTHEPTION,0.0,team
categorical__team_pick_NRG,0.0,team
categorical__team_pick_NUTURN,0.0,team
categorical__team_pick_NXL LIGAGAME,0.0,team
categorical__team_pick_NXLG Academy,0.0,team
categorical__team_pick_NYFU,0.0,team
categorical__team_pick_Natus Vincere,0.0,team
categorical__team_pick_Nebula,0.0,team
categorical__team_pick_Need Sponsor,0.0,team
categorical__team_pick_Next eSports,0.0,team
categorical__team_pick_Nghiện Thêm Lần Nữ,0.0,team
categorical__team_pick_Nigma Galaxy,0.0,team
categorical__team_pick_Ninjas In Pyjamas,0.0,team
categorical__team_pick_Ninjas in Pyjamas,0.0,team
categorical__team_pick_No Brimstone,0.0,team
categorical__team_pick_No Hope Gaming,0.0,team
categorical__team_pick_No Namers,0.0,team
categorical__team_pick_No Pressure,0.0,team
categorical__team_pick_Noble,0.0,team
categorical__team_pick_Noble Experience,0.0,team
categorical__team_pick_O.O.D.A Loopers,0.0,team
categorical__team_pick_OG,0.0,team
categorical__team_pick_OG Brudders,0.0,team
categorical__team_pick_OG LDN UTD,0.0,team
categorical__team_pick_OK,0.0,team
categorical__team_pick_ONIC G,0.0,team
categorical__team_pick_OOKERS,0.0,team
categorical__team_pick_ORDER,0.0,team
categorical__team_pick_Oasis Gaming,0.0,team
categorical__team_pick_Oblivion Force,0.0,team
categorical__team_pick_Olympus,0.0,team
categorical__team_pick_On The Way,0.0,team
categorical__team_pick_One Breath Gaming,0.0,team
categorical__team_pick_Only One Word,0.0,team
categorical__team_pick_OpTic Gaming,0.0,team
categorical__team_pick_Opportunists,0.0,team
categorical__team_pick_Optix,0.0,team
categorical__team_pick_Orangutan,0.0,team
categorical__team_pick_Orgless,0.0,team
categorical__team_pick_Orgless5,0.0,team
categorical__team_pick_OtherSide,0.0,team
categorical__team_pick_OutRage,0.0,team
categorical__team_pick_Ovation eSports,0.0,team
numeric__missingindicator_lineup_continuity,0.0,missingindicator_lineup_continuity
categorical__team_pick_PACT,0.0,team
categorical__team_pick_PAMPAS,0.0,team
categorical__team_pick_PC,0.0,team
categorical__team_pick_PEACE,0.0,team
categorical__team_pick_PEEK Gaming,0.0,team
categorical__team_pick_PM,0.0,team
categorical__team_pick_PROJECT K,0.0,team
categorical__team_pick_Pancada e Amigos,0.0,team
categorical__team_pick_Papara SuperMassive,0.0,team
numeric__missingindicator_player_agent_map_rating_last_5,0.0,missingindicator_player_agent_map_rating_last_5
categorical__team_pick_Paradox Esports,0.0,team
categorical__team_pick_Persija Esports,0.0,team
categorical__team_pick_Phoenix,0.0,team
categorical__team_pick_Piercer Esports,0.0,team
categorical__team_pick_Pigeons Esports,0.0,team
categorical__team_pick_Pioneers,0.0,team
categorical__team_pick_Prinzen von Stuttgart,0.0,team
categorical__team_pick_Pro Hub Gaming,0.0,team
categorical__team_pick_Project A,0.0,team
categorical__team_pick_Purple Mood E-Sport,0.0,team
categorical__team_pick_RARE Esports,0.0,team
categorical__team_pick_RD Esports,0.0,team
categorical__team_pick_REIGN,0.0,team
numeric__missingindicator_player_role_map_rating_last_5,0.0,missingindicator_player_role_map_rating_last_5
categorical__team_pick_REJECT,0.0,team
categorical__team_pick_RYU Gaming,0.0,team
categorical__team_pick_Radiance,0.0,team
categorical__team_pick_Rebels Gaming,0.0,team
categorical__team_pick_Reckless Lads,0.0,team
categorical__team_pick_Reckoning Esports,0.0,team
categorical__team_pick_Reformed,0.0,team
categorical__team_pick_Renatus Black,0.0,team
categorical__team_pick_Renegades,0.0,team
categorical__team_pick_Resonate,0.0,team
categorical__team_pick_Revenant Esports,0.0,team
categorical__team_pick_Rex Regum Qeon,0.0,team
categorical__team_pick_Rio Company,0.0,team
categorical__team_pick_Rise,0.0,team
categorical__team_pick_Rix.GG Thunder,0.0,team
categorical__team_pick_Run it Down,0.0,team
categorical__team_pick_Ryze Gaming,0.0,team
categorical__team_pick_SAW,0.0,team
categorical__team_pick_SBTC Esports,0.0,team
categorical__team_pick_SCARZ,0.0,team
categorical__team_pick_SE ATLAS,0.0,team
categorical__team_pick_SEMORGAINDA,0.0,team
categorical__team_pick_SETOUCHI ENLIFE,0.0,team
categorical__team_pick_SLICK,0.0,team
categorical__team_pick_SMARACIS eSports,0.0,team
categorical__team_pick_SPEAR GAMING,0.0,team
categorical__team_pick_STAGA,0.0,team
categorical__team_pick_SV Empire,0.0,team
categorical__team_pick_Salt Esports,0.0,team
categorical__team_pick_Sengoku Gaming,0.0,team
categorical__team_pick_Sentinels,0.0,team
categorical__team_pick_Septem Exierant,0.0,team
categorical__team_pick_Sharks Esports,0.0,team
categorical__team_pick_Sharper Esports,0.0,team
categorical__team_pick_ShikouKouketsu,0.0,team
categorical__team_pick_Shopify Rebellion Black,0.0,team
categorical__team_pick_Six Karma,0.0,team
categorical__team_pick_Slimy Boogermen,0.0,team
categorical__team_pick_SoaR,0.0,team
categorical__team_pick_Somnium Esports,0.0,team
categorical__team_pick_Soniqs,0.0,team
categorical__team_pick_Soul Free,0.0,team
categorical__team_pick_South Built Esports,0.0,team
categorical__team_pick_Space Walkers,0.0,team
categorical__team_pick_Spacestation Gaming,0.0,team
categorical__team_pick_Spot Up,0.0,team
categorical__team_pick_Squirtle Squad,0.0,team
categorical__team_pick_Stars Horizon,0.0,team
categorical__team_pick_Storks Phalanx,0.0,team
categorical__team_pick_Straight Outta The Zoo,0.0,team
categorical__team_pick_Sum 2 Prove,0.0,team
categorical__team_pick_SunXet Club,0.0,team
categorical__team_pick_Sunsparks,0.0,team
categorical__team_pick_Suradech Gaming,0.0,team
categorical__team_pick_Surreal Esports,0.0,team
categorical__team_pick_T1,0.0,team
categorical__team_pick_TAMU Maroon,0.0,team
categorical__team_pick_TBK Esports,0.0,team
categorical__team_pick_TEAM X-FORCE,0.0,team
categorical__team_pick_TENSTAR,0.0,team
categorical__team_pick_TNL Esports,0.0,team
categorical__team_pick_TRAITORS,0.0,team
categorical__team_pick_TSM,0.0,team
categorical__team_pick_TUBEPLE Gaming,0.0,team
categorical__team_pick_Take It Easy,0.0,team
categorical__team_pick_Tarren Mill,0.0,team
categorical__team_pick_Tartarus,0.0,team
categorical__team_pick_Team 69,0.0,team
categorical__team_pick_Team Alay,0.0,team
categorical__team_pick_Team Aurora,0.0,team
categorical__team_pick_Team BDS,0.0,team
categorical__team_pick_Team Big BAAM,0.0,team
categorical__team_pick_Team Bliss,0.0,team
categorical__team_pick_Team Cruelty,0.0,team
categorical__team_pick_Team Divinity,0.0,team
categorical__team_pick_Team Duelist,0.0,team
categorical__team_pick_Team Exploit,0.0,team
categorical__team_pick_Team F,0.0,team
categorical__team_pick_Team Frog,0.0,team
categorical__team_pick_Team Heretics,0.0,team
categorical__team_pick_Team JOBSO,0.0,team
categorical__team_pick_Team Joy,0.0,team
categorical__team_pick_Team Lightning,0.0,team
categorical__team_pick_Team Liquid,0.0,team
categorical__team_pick_Team Majesty,0.0,team
categorical__team_pick_Team NKT,0.0,team
categorical__team_pick_Team Name,0.0,team
categorical__team_pick_Team Pelarian,0.0,team
categorical__team_pick_Team RA'AD,0.0,team
categorical__team_pick_Team Ronin,0.0,team
categorical__team_pick_Team SMG,0.0,team
categorical__team_pick_Team Sampi,0.0,team
categorical__team_pick_Team Secret,0.0,team
categorical__team_pick_Team Singularity,0.0,team
numeric__missingindicator_player_rating_fallback,0.0,missingindicator_player_rating_fallback
categorical__team_pick_Team T5,0.0,team
categorical__team_pick_Team UNN,0.0,team
categorical__team_pick_Team Valor,0.0,team
categorical__team_pick_Team Vikings,0.0,team
categorical__team_pick_Team Vitality,0.0,team
categorical__team_pick_The Guard,0.0,team
categorical__team_pick_The Infinity Esport,0.0,team
categorical__team_pick_The Mad Men 2,0.0,team
categorical__team_pick_The Meaps,0.0,team
categorical__team_pick_The Noah Aiello,0.0,team
categorical__team_pick_Thunderbolts Gaming,0.0,team
categorical__team_pick_TiAMAT,0.0,team
categorical__team_pick_Tiimu Sagashitemasu,0.0,team
categorical__team_pick_Time In,0.0,team
categorical__team_pick_Todak,0.0,team
categorical__team_pick_Tokyo,0.0,team
categorical__team_pick_TooManyQuestions,0.0,team
categorical__team_pick_Treinão do Fra,0.0,team
categorical__team_pick_True Rippers,0.0,team
categorical__team_pick_Tyrant Esports,0.0,team
categorical__team_pick_UBT Esports,0.0,team
categorical__team_pick_UCFC Esports,0.0,team
categorical__team_pick_UndeRank,0.0,team
categorical__team_pick_Union Gaming,0.0,team
categorical__team_pick_Unity Esports,0.0,team
categorical__team_pick_Unknown,0.0,team
categorical__team_pick_UwU,0.0,team
categorical__team_pick_VERTEX,0.0,team
categorical__team_pick_VICTORY,0.0,team
categorical__team_pick_VIRTUOSO,0.0,team
categorical__team_pick_VVV,0.0,team
categorical__team_pick_Valkyrie,0.0,team
categorical__team_pick_ValorantEXEC,0.0,team
categorical__team_pick_Velocity Gaming,0.0,team
categorical__team_pick_Vendetta,0.0,team
categorical__team_pick_Version1,0.0,team
categorical__team_pick_Vexo Esports,0.0,team
categorical__team_pick_Villains Esports,0.0,team
categorical__team_pick_Virtual Anarchy,0.0,team
categorical__team_pick_Vision Strikers,0.0,team
categorical__team_pick_Vorax,0.0,team
categorical__team_pick_WAY Esports,0.0,team
categorical__team_pick_Walküre,0.0,team
categorical__team_pick_Wave Esports,0.0,team
categorical__team_pick_Wildcard Gaming,0.0,team
categorical__team_pick_World Game Star,0.0,team
categorical__team_pick_Worst Players,0.0,team
categorical__team_pick_Wygers Argentina,0.0,team
categorical__team_pick_X10 Esports,0.0,team
categorical__team_pick_XERXIA Esports,0.0,team
categorical__team_pick_XSET,0.0,team
categorical__team_pick_XcN Gaming,0.0,team
categorical__team_pick_Y10.5,0.0,team
categorical__team_pick_YAMAGAN,0.0,team
categorical__team_pick_YMG,0.0,team
categorical__team_pick_YaLLa Esports,0.0,team
categorical__team_pick_You Guys Get Paid?,0.0,team
categorical__team_pick_Z11,0.0,team
categorical__team_pick_ZETA DIVISION,0.0,team
categorical__team_pick_Zeal Esports,0.0,team
categorical__team_pick_Zero MarksMen Black,0.0,team
categorical__team_pick_Zero Zone,0.0,team
numeric__missingindicator_player_acs_fallback,0.0,missingindicator_player_acs_fallback
categorical__team_pick_brown gunday,0.0,team
categorical__team_pick_chiu,0.0,team
categorical__team_pick_deathwish,0.0,team
categorical__team_pick_eUnited,0.0,team
categorical__team_pick_ex INS,0.0,team
categorical__team_pick_ex-SV Empire,0.0,team
categorical__team_pick_ez5,0.0,team
categorical__team_pick_fastmix,0.0,team
categorical__team_pick_forZe,0.0,team
categorical__team_pick_no.men,0.0,team
categorical__team_pick_oFby,0.0,team
categorical__team_pick_paiN Gaming,0.0,team
categorical__team_pick_prime 5,0.0,team
categorical__team_pick_rice and meatballs,0.0,team
categorical__team_pick_beastcoast,0.0,team
numeric__player_acs_ewm_5,0.0,player_acs_ewm_5
categorical__team_pick_tyeasy,0.0,team
categorical__team_pick_volvo peek,0.0,team
categorical__team_pick_wicket berg,0.0,team
categorical__event_stage___unknown__,0.0,event_stage___unknown__
categorical__event_round___unknown__,0.0,event_round___unknown__
numeric__missingindicator_player_kda_fallback,0.0,missingindicator_player_kda_fallback
categorical__map_Bind,0.0,map
categorical__region_PACIFIC,0.0,region_PACIFIC
categorical__form_fallback_level_global-mean,0.0,form_fallback_level_global-mean
categorical__map_Lotus,0.0,map
categorical__map_Pearl,0.0,map
categorical__agent_brimstone,0.0,agent
categorical__form_fallback_level_player-map,0.0,form_fallback_level_player-map
categorical__form_fallback_level_player-role,0.0,form_fallback_level_player-role
categorical__team_pick_tryouts,0.0,team
