region,match_id,match_url,event_id,match_date,match_time
EMEA,753444,https://www.vlr.gg/753444/100-thieves-vs-t1-valorant-champions-2026-opening-a,2766,2026-09-26,TBD
EMEA,753452,https://www.vlr.gg/753452/tbd-valorant-champions-2026-elim-b,2766,2026-09-26,TBD
EMEA,753458,https://www.vlr.gg/753458/tbd-valorant-champions-2026-decider-c,2766,2026-09-26,TBD
EMEA,753453,https://www.vlr.gg/753453/tbd-valorant-champions-2026-decider-b,2766,2026-09-26,TBD
EMEA,753448,https://www.vlr.gg/753448/tbd-valorant-champions-2026-decider-a,2766,2026-09-26,TBD
EMEA,753462,https://www.vlr.gg/753462/tbd-valorant-champions-2026-elim-d,2766,2026-09-26,TBD
EMEA,753461,https://www.vlr.gg/753461/tbd-valorant-champions-2026-winners-d,2766,2026-09-26,TBD
EMEA,753457,https://www.vlr.gg/753457/tbd-valorant-champions-2026-elim-c,2766,2026-09-26,TBD
EMEA,753456,https://www.vlr.gg/753456/tbd-valorant-champions-2026-winners-c,2766,2026-09-26,TBD
EMEA,753451,https://www.vlr.gg/753451/tbd-valorant-champions-2026-winners-b,2766,2026-09-26,TBD
EMEA,753445,https://www.vlr.gg/753445/jd-gaming-vs-fut-esports-valorant-champions-2026-opening-a,2766,2026-09-26,TBD
EMEA,753447,https://www.vlr.gg/753447/tbd-valorant-champions-2026-elim-a,2766,2026-09-26,TBD
EMEA,753446,https://www.vlr.gg/753446/tbd-valorant-champions-2026-winners-a,2766,2026-09-26,TBD
EMEA,753460,https://www.vlr.gg/753460/nongshim-redforce-vs-nrg-valorant-champions-2026-opening-d,2766,2026-09-26,TBD
EMEA,753459,https://www.vlr.gg/753459/karmine-corp-vs-xi-lai-gaming-valorant-champions-2026-opening-d,2766,2026-09-26,TBD
EMEA,753455,https://www.vlr.gg/753455/team-liquid-vs-paper-rex-valorant-champions-2026-opening-c,2766,2026-09-26,TBD
EMEA,753454,https://www.vlr.gg/753454/tyloo-vs-g2-esports-valorant-champions-2026-opening-c,2766,2026-09-26,TBD
EMEA,753450,https://www.vlr.gg/753450/loud-vs-edward-gaming-valorant-champions-2026-opening-b,2766,2026-09-26,TBD
EMEA,753449,https://www.vlr.gg/753449/global-esports-vs-team-vitality-valorant-champions-2026-opening-b,2766,2026-09-26,TBD
EMEA,753463,https://www.vlr.gg/753463/tbd-valorant-champions-2026-decider-d,2766,2026-09-26,TBD
EMEA,712803,https://www.vlr.gg/712803/fut-esports-vs-natus-vincere-vct-2026-emea-stage-2-w1,2976,2026-07-15,10:00 PM
EMEA,712804,https://www.vlr.gg/712804/team-liquid-vs-eternal-fire-vct-2026-emea-stage-2-w1,2976,2026-07-16,12:10 AM
EMEA,712805,https://www.vlr.gg/712805/fnatic-vs-giantx-vct-2026-emea-stage-2-w1,2976,2026-07-16,10:00 PM
EMEA,712806,https://www.vlr.gg/712806/pcific-esports-vs-gentle-mates-vct-2026-emea-stage-2-w1,2976,2026-07-17,12:35 AM
EMEA,712807,https://www.vlr.gg/712807/karmine-corp-vs-eternal-fire-vct-2026-emea-stage-2-w1,2976,2026-07-17,10:00 PM
EMEA,712808,https://www.vlr.gg/712808/team-vitality-vs-natus-vincere-vct-2026-emea-stage-2-w1,2976,2026-07-18,12:25 AM
EMEA,712809,https://www.vlr.gg/712809/gentle-mates-vs-fut-esports-vct-2026-emea-stage-2-w1,2976,2026-07-18,10:00 PM
EMEA,712810,https://www.vlr.gg/712810/team-heretics-vs-team-liquid-vct-2026-emea-stage-2-w1,2976,2026-07-19,12:25 AM
EMEA,712811,https://www.vlr.gg/712811/giantx-vs-karmine-corp-vct-2026-emea-stage-2-w1,2976,2026-07-19,9:00 PM
EMEA,712812,https://www.vlr.gg/712812/team-vitality-vs-bbl-esports-vct-2026-emea-stage-2-w1,2976,2026-07-19,11:05 PM
EMEA,712814,https://www.vlr.gg/712814/fut-esports-vs-pcific-esports-vct-2026-emea-stage-2-w2,2976,2026-07-22,10:00 PM
EMEA,712815,https://www.vlr.gg/712815/fnatic-vs-karmine-corp-vct-2026-emea-stage-2-w2,2976,2026-07-23,1:15 AM
EMEA,712816,https://www.vlr.gg/712816/eternal-fire-vs-team-heretics-vct-2026-emea-stage-2-w2,2976,2026-07-23,10:00 PM
EMEA,712817,https://www.vlr.gg/712817/gentle-mates-vs-natus-vincere-vct-2026-emea-stage-2-w2,2976,2026-07-24,12:15 AM
EMEA,712818,https://www.vlr.gg/712818/fut-esports-vs-bbl-esports-vct-2026-emea-stage-2-w2,2976,2026-07-24,10:00 PM
EMEA,712819,https://www.vlr.gg/712819/team-liquid-vs-fnatic-vct-2026-emea-stage-2-w2,2976,2026-07-25,1:20 AM
EMEA,712820,https://www.vlr.gg/712820/pcific-esports-vs-team-vitality-vct-2026-emea-stage-2-w2,2976,2026-07-25,10:00 PM
EMEA,712821,https://www.vlr.gg/712821/eternal-fire-vs-giantx-vct-2026-emea-stage-2-w2,2976,2026-07-26,12:00 AM
EMEA,712822,https://www.vlr.gg/712822/bbl-esports-vs-natus-vincere-vct-2026-emea-stage-2-w2,2976,2026-07-26,10:00 PM
EMEA,712823,https://www.vlr.gg/712823/team-heretics-vs-karmine-corp-vct-2026-emea-stage-2-w2,2976,2026-07-27,1:10 AM
EMEA,712824,https://www.vlr.gg/712824/giantx-vs-team-liquid-vct-2026-emea-stage-2-w3,2976,2026-07-29,10:00 PM
EMEA,712825,https://www.vlr.gg/712825/gentle-mates-vs-team-vitality-vct-2026-emea-stage-2-w3,2976,2026-07-30,12:15 AM
EMEA,712826,https://www.vlr.gg/712826/natus-vincere-vs-pcific-esports-vct-2026-emea-stage-2-w3,2976,2026-07-30,10:00 PM
EMEA,712827,https://www.vlr.gg/712827/eternal-fire-vs-fnatic-vct-2026-emea-stage-2-w3,2976,2026-07-31,12:35 AM
EMEA,712828,https://www.vlr.gg/712828/bbl-esports-vs-gentle-mates-vct-2026-emea-stage-2-w3,2976,2026-07-31,10:00 PM
EMEA,712829,https://www.vlr.gg/712829/giantx-vs-team-heretics-vct-2026-emea-stage-2-w3,2976,2026-08-01,2:30 AM
EMEA,712830,https://www.vlr.gg/712830/fut-esports-vs-team-vitality-vct-2026-emea-stage-2-w3,2976,2026-08-01,10:00 PM
EMEA,712831,https://www.vlr.gg/712831/karmine-corp-vs-team-liquid-vct-2026-emea-stage-2-w3,2976,2026-08-02,1:10 AM
EMEA,712832,https://www.vlr.gg/712832/bbl-esports-vs-pcific-esports-vct-2026-emea-stage-2-w3,2976,2026-08-02,10:00 PM
EMEA,712833,https://www.vlr.gg/712833/fnatic-vs-team-heretics-vct-2026-emea-stage-2-w3,2976,2026-08-03,1:25 AM
EMEA,729664,https://www.vlr.gg/729664/giantx-vs-eintracht-frankfurt-vct-2026-emea-stage-2-ur1,2976,2026-08-06,10:00 PM
EMEA,729665,https://www.vlr.gg/729665/natus-vincere-vs-joblife-vct-2026-emea-stage-2-ur1,2976,2026-08-07,1:20 AM
EMEA,729666,https://www.vlr.gg/729666/pcific-esports-vs-fire-flux-esports-vct-2026-emea-stage-2-ur1,2976,2026-08-07,10:00 PM
EMEA,729667,https://www.vlr.gg/729667/fnatic-vs-enterprise-esports-vct-2026-emea-stage-2-ur1,2976,2026-08-08,12:00 AM
EMEA,729668,https://www.vlr.gg/729668/fut-esports-vs-giantx-vct-2026-emea-stage-2-ubqf,2976,2026-08-08,10:00 PM
EMEA,729669,https://www.vlr.gg/729669/eternal-fire-vs-joblife-vct-2026-emea-stage-2-ubqf,2976,2026-08-09,12:00 AM
EMEA,729670,https://www.vlr.gg/729670/team-heretics-vs-fire-flux-esports-vct-2026-emea-stage-2-ubqf,2976,2026-08-09,10:00 PM
EMEA,729671,https://www.vlr.gg/729671/gentle-mates-vs-enterprise-esports-vct-2026-emea-stage-2-ubqf,2976,2026-08-10,1:05 AM
EMEA,729674,https://www.vlr.gg/729674/gentle-mates-vs-eintracht-frankfurt-vct-2026-emea-stage-2-lr1,2976,2026-08-12,10:00 PM
EMEA,729675,https://www.vlr.gg/729675/team-heretics-vs-natus-vincere-vct-2026-emea-stage-2-lr1,2976,2026-08-13,12:25 AM
EMEA,729676,https://www.vlr.gg/729676/joblife-vs-pcific-esports-vct-2026-emea-stage-2-lr1,2976,2026-08-13,10:00 PM
EMEA,729677,https://www.vlr.gg/729677/giantx-vs-fnatic-vct-2026-emea-stage-2-lr1,2976,2026-08-14,1:00 AM
EMEA,729678,https://www.vlr.gg/729678/eintracht-frankfurt-vs-team-heretics-vct-2026-emea-stage-2-lr2,2976,2026-08-14,10:00 PM
EMEA,729680,https://www.vlr.gg/729680/joblife-vs-fnatic-vct-2026-emea-stage-2-lr2,2976,2026-08-15,12:30 AM
EMEA,729673,https://www.vlr.gg/729673/fire-flux-esports-vs-enterprise-esports-vct-2026-emea-stage-2-ubsf,2976,2026-08-15,10:00 PM
EMEA,729672,https://www.vlr.gg/729672/fut-esports-vs-eternal-fire-vct-2026-emea-stage-2-ubsf,2976,2026-08-16,12:30 AM
EMEA,729681,https://www.vlr.gg/729681/eternal-fire-vs-eintracht-frankfurt-vct-2026-emea-stage-2-lr3,2976,2026-08-16,8:00 PM
EMEA,729682,https://www.vlr.gg/729682/fire-flux-esports-vs-joblife-vct-2026-emea-stage-2-lr3,2976,2026-08-16,10:10 PM
EMEA,731397,https://www.vlr.gg/731397/team-vitality-vs-enterprise-esports-vct-2026-emea-stage-2-ur1,2976,2026-08-20,10:00 PM
EMEA,731396,https://www.vlr.gg/731396/team-liquid-vs-fut-esports-vct-2026-emea-stage-2-ur1,2976,2026-08-21,1:00 AM
EMEA,731399,https://www.vlr.gg/731399/karmine-corp-vs-enterprise-esports-vct-2026-emea-stage-2-ubsf,2976,2026-08-21,10:00 PM
EMEA,731398,https://www.vlr.gg/731398/bbl-esports-vs-fut-esports-vct-2026-emea-stage-2-ubsf,2976,2026-08-22,1:15 AM
EMEA,731402,https://www.vlr.gg/731402/team-liquid-vs-eintracht-frankfurt-vct-2026-emea-stage-2-lr1,2976,2026-08-22,9:00 PM
EMEA,731403,https://www.vlr.gg/731403/team-vitality-vs-fire-flux-esports-vct-2026-emea-stage-2-lr1,2976,2026-08-22,11:30 PM
EMEA,731404,https://www.vlr.gg/731404/enterprise-esports-vs-team-liquid-vct-2026-emea-stage-2-lr2,2976,2026-08-23,9:00 PM
EMEA,731406,https://www.vlr.gg/731406/bbl-esports-vs-fire-flux-esports-vct-2026-emea-stage-2-lr2,2976,2026-08-23,11:15 PM
EMEA,731400,https://www.vlr.gg/731400/fut-esports-vs-karmine-corp-vct-2026-emea-stage-2-ubf,2976,2026-08-28,9:00 PM
EMEA,731407,https://www.vlr.gg/731407/team-liquid-vs-fire-flux-esports-vct-2026-emea-stage-2-lr3,2976,2026-08-28,11:30 PM
EMEA,731408,https://www.vlr.gg/731408/fut-esports-vs-team-liquid-vct-2026-emea-stage-2-lbf,2976,2026-08-29,10:00 PM
EMEA,731401,https://www.vlr.gg/731401/karmine-corp-vs-team-liquid-vct-2026-emea-stage-2-gf,2976,2026-08-30,10:00 PM
EMEA,684613,https://www.vlr.gg/684613/xi-lai-gaming-vs-nrg-valorant-masters-london-2026-r1,2765,2026-06-06,9:00 PM
EMEA,684610,https://www.vlr.gg/684610/team-vitality-vs-dragon-ranger-gaming-valorant-masters-london-2026-r1,2765,2026-06-06,11:30 PM
EMEA,684611,https://www.vlr.gg/684611/full-sense-vs-fut-esports-valorant-masters-london-2026-r1,2765,2026-06-07,9:00 PM
EMEA,684612,https://www.vlr.gg/684612/leviat-n-vs-global-esports-valorant-masters-london-2026-r1,2765,2026-06-07,11:00 PM
EMEA,684614,https://www.vlr.gg/684614/team-vitality-vs-fut-esports-valorant-masters-london-2026-r2-1-0,2765,2026-06-08,9:00 PM
EMEA,684615,https://www.vlr.gg/684615/nrg-vs-leviat-n-valorant-masters-london-2026-r2-1-0,2765,2026-06-09,12:15 AM
EMEA,684616,https://www.vlr.gg/684616/dragon-ranger-gaming-vs-xi-lai-gaming-valorant-masters-london-2026-r2-0-1,2765,2026-06-09,9:00 PM
EMEA,684617,https://www.vlr.gg/684617/global-esports-vs-full-sense-valorant-masters-london-2026-r2-0-1,2765,2026-06-10,12:20 AM
EMEA,684619,https://www.vlr.gg/684619/fut-esports-vs-nrg-valorant-masters-london-2026-r3-1-1,2765,2026-06-10,9:00 PM
EMEA,684618,https://www.vlr.gg/684618/global-esports-vs-xi-lai-gaming-valorant-masters-london-2026-r3-1-1,2765,2026-06-11,12:40 AM
EMEA,670466,https://www.vlr.gg/670466/paper-rex-vs-leviat-n-valorant-masters-london-2026-ubqf,2765,2026-06-12,9:00 PM
EMEA,670467,https://www.vlr.gg/670467/team-heretics-vs-team-vitality-valorant-masters-london-2026-ubqf,2765,2026-06-12,11:00 PM
EMEA,670465,https://www.vlr.gg/670465/edward-gaming-vs-fut-esports-valorant-masters-london-2026-ubqf,2765,2026-06-13,9:00 PM
EMEA,670464,https://www.vlr.gg/670464/g2-esports-vs-xi-lai-gaming-valorant-masters-london-2026-ubqf,2765,2026-06-14,12:00 AM
EMEA,670473,https://www.vlr.gg/670473/leviat-n-vs-team-heretics-valorant-masters-london-2026-lr1,2765,2026-06-14,9:00 PM
EMEA,670472,https://www.vlr.gg/670472/g2-esports-vs-fut-esports-valorant-masters-london-2026-lr1,2765,2026-06-15,12:00 AM
EMEA,670468,https://www.vlr.gg/670468/xi-lai-gaming-vs-edward-gaming-valorant-masters-london-2026-ubsf,2765,2026-06-15,9:00 PM
EMEA,670469,https://www.vlr.gg/670469/paper-rex-vs-team-vitality-valorant-masters-london-2026-ubsf,2765,2026-06-16,12:15 AM
EMEA,670475,https://www.vlr.gg/670475/xi-lai-gaming-vs-leviat-n-valorant-masters-london-2026-lr2,2765,2026-06-16,9:00 PM
EMEA,670474,https://www.vlr.gg/670474/team-vitality-vs-fut-esports-valorant-masters-london-2026-lr2,2765,2026-06-16,11:05 PM
EMEA,670470,https://www.vlr.gg/670470/edward-gaming-vs-paper-rex-valorant-masters-london-2026-ubf,2765,2026-06-19,8:00 PM
EMEA,670476,https://www.vlr.gg/670476/team-vitality-vs-leviat-n-valorant-masters-london-2026-lr3,2765,2026-06-19,11:35 PM
EMEA,670477,https://www.vlr.gg/670477/edward-gaming-vs-leviat-n-valorant-masters-london-2026-lbf,2765,2026-06-20,8:00 PM
EMEA,670471,https://www.vlr.gg/670471/paper-rex-vs-leviat-n-valorant-masters-london-2026-gf,2765,2026-06-21,9:20 PM
EMEA,644709,https://www.vlr.gg/644709/fnatic-vs-eternal-fire-vct-2026-emea-stage-1-w1,2863,2026-04-01,10:00 PM
EMEA,644710,https://www.vlr.gg/644710/team-liquid-vs-karmine-corp-vct-2026-emea-stage-1-w1,2863,2026-04-02,1:35 AM
EMEA,644711,https://www.vlr.gg/644711/team-vitality-vs-giantx-vct-2026-emea-stage-1-w1,2863,2026-04-02,10:00 PM
EMEA,644712,https://www.vlr.gg/644712/gentle-mates-vs-fut-esports-vct-2026-emea-stage-1-w1,2863,2026-04-03,12:05 AM
EMEA,644713,https://www.vlr.gg/644713/team-heretics-vs-natus-vincere-vct-2026-emea-stage-1-w1,2863,2026-04-03,10:00 PM
EMEA,644714,https://www.vlr.gg/644714/bbl-esports-vs-pcific-esports-vct-2026-emea-stage-1-w1,2863,2026-04-04,1:55 AM
EMEA,644716,https://www.vlr.gg/644716/pcific-esports-vs-giantx-vct-2026-emea-stage-1-w2,2863,2026-04-08,10:00 PM
EMEA,644717,https://www.vlr.gg/644717/bbl-esports-vs-eternal-fire-vct-2026-emea-stage-1-w2,2863,2026-04-09,1:25 AM
EMEA,644718,https://www.vlr.gg/644718/fnatic-vs-team-vitality-vct-2026-emea-stage-1-w2,2863,2026-04-09,10:00 PM
EMEA,644719,https://www.vlr.gg/644719/team-liquid-vs-team-heretics-vct-2026-emea-stage-1-w2,2863,2026-04-10,12:30 AM
EMEA,644720,https://www.vlr.gg/644720/fut-esports-vs-natus-vincere-vct-2026-emea-stage-1-w2,2863,2026-04-10,10:00 PM
EMEA,644721,https://www.vlr.gg/644721/gentle-mates-vs-karmine-corp-vct-2026-emea-stage-1-w2,2863,2026-04-11,1:20 AM
EMEA,644722,https://www.vlr.gg/644722/bbl-esports-vs-giantx-vct-2026-emea-stage-1-w3,2863,2026-04-15,10:00 PM
EMEA,644723,https://www.vlr.gg/644723/gentle-mates-vs-natus-vincere-vct-2026-emea-stage-1-w3,2863,2026-04-16,1:20 AM
EMEA,644724,https://www.vlr.gg/644724/eternal-fire-vs-team-vitality-vct-2026-emea-stage-1-w3,2863,2026-04-16,10:00 PM
EMEA,644725,https://www.vlr.gg/644725/karmine-corp-vs-team-heretics-vct-2026-emea-stage-1-w3,2863,2026-04-17,12:30 AM
EMEA,644726,https://www.vlr.gg/644726/fut-esports-vs-team-liquid-vct-2026-emea-stage-1-w3,2863,2026-04-17,10:00 PM
EMEA,644727,https://www.vlr.gg/644727/pcific-esports-vs-fnatic-vct-2026-emea-stage-1-w3,2863,2026-04-18,12:40 AM
EMEA,644728,https://www.vlr.gg/644728/eternal-fire-vs-pcific-esports-vct-2026-emea-stage-1-w4,2863,2026-04-22,10:00 PM
EMEA,644729,https://www.vlr.gg/644729/natus-vincere-vs-team-liquid-vct-2026-emea-stage-1-w4,2863,2026-04-23,1:10 AM
EMEA,644730,https://www.vlr.gg/644730/giantx-vs-fnatic-vct-2026-emea-stage-1-w4,2863,2026-04-23,10:00 PM
EMEA,644731,https://www.vlr.gg/644731/karmine-corp-vs-fut-esports-vct-2026-emea-stage-1-w4,2863,2026-04-24,1:00 AM
EMEA,644732,https://www.vlr.gg/644732/gentle-mates-vs-team-heretics-vct-2026-emea-stage-1-w4,2863,2026-04-24,10:00 PM
EMEA,644733,https://www.vlr.gg/644733/bbl-esports-vs-team-vitality-vct-2026-emea-stage-1-w4,2863,2026-04-25,12:10 AM
EMEA,644734,https://www.vlr.gg/644734/team-heretics-vs-fut-esports-vct-2026-emea-stage-1-w5,2863,2026-04-29,10:00 PM
EMEA,644735,https://www.vlr.gg/644735/team-vitality-vs-pcific-esports-vct-2026-emea-stage-1-w5,2863,2026-04-30,12:10 AM
EMEA,644736,https://www.vlr.gg/644736/natus-vincere-vs-karmine-corp-vct-2026-emea-stage-1-w5,2863,2026-04-30,10:00 PM
EMEA,644737,https://www.vlr.gg/644737/bbl-esports-vs-fnatic-vct-2026-emea-stage-1-w5,2863,2026-05-01,12:10 AM
EMEA,644738,https://www.vlr.gg/644738/giantx-vs-eternal-fire-vct-2026-emea-stage-1-w5,2863,2026-05-01,10:00 PM
EMEA,644739,https://www.vlr.gg/644739/gentle-mates-vs-team-liquid-vct-2026-emea-stage-1-w5,2863,2026-05-02,12:05 AM
EMEA,660381,https://www.vlr.gg/660381/eternal-fire-vs-team-heretics-vct-2026-emea-stage-1-ur1,2863,2026-05-07,10:00 PM
EMEA,660382,https://www.vlr.gg/660382/team-liquid-vs-team-vitality-vct-2026-emea-stage-1-ur1,2863,2026-05-08,12:55 AM
EMEA,660383,https://www.vlr.gg/660383/fut-esports-vs-eternal-fire-vct-2026-emea-stage-1-ubsf,2863,2026-05-08,10:00 PM
EMEA,660384,https://www.vlr.gg/660384/fnatic-vs-team-vitality-vct-2026-emea-stage-1-ubsf,2863,2026-05-09,12:55 AM
EMEA,660387,https://www.vlr.gg/660387/team-heretics-vs-bbl-esports-vct-2026-emea-stage-1-lr1,2863,2026-05-09,10:00 PM
EMEA,660388,https://www.vlr.gg/660388/team-liquid-vs-gentle-mates-vct-2026-emea-stage-1-lr1,2863,2026-05-10,12:30 AM
EMEA,660389,https://www.vlr.gg/660389/fnatic-vs-team-heretics-vct-2026-emea-stage-1-lr2,2863,2026-05-10,10:00 PM
EMEA,660390,https://www.vlr.gg/660390/eternal-fire-vs-gentle-mates-vct-2026-emea-stage-1-lr2,2863,2026-05-11,1:35 AM
EMEA,660385,https://www.vlr.gg/660385/fut-esports-vs-team-vitality-vct-2026-emea-stage-1-ubf,2863,2026-05-15,10:00 PM
EMEA,660391,https://www.vlr.gg/660391/team-heretics-vs-eternal-fire-vct-2026-emea-stage-1-lr3,2863,2026-05-16,1:45 AM
EMEA,660392,https://www.vlr.gg/660392/fut-esports-vs-team-heretics-vct-2026-emea-stage-1-lbf,2863,2026-05-16,11:00 PM
EMEA,660386,https://www.vlr.gg/660386/team-vitality-vs-team-heretics-vct-2026-emea-stage-1-gf,2863,2026-05-17,11:00 PM
EMEA,625788,https://www.vlr.gg/625788/gentle-mates-vs-edward-gaming-valorant-masters-santiago-2026-r1,2760,2026-03-01,12:00 AM
EMEA,625791,https://www.vlr.gg/625791/xi-lai-gaming-vs-nrg-valorant-masters-santiago-2026-r1,2760,2026-03-01,2:30 AM
EMEA,625790,https://www.vlr.gg/625790/g2-esports-vs-paper-rex-valorant-masters-santiago-2026-r1,2760,2026-03-02,12:00 AM
EMEA,625789,https://www.vlr.gg/625789/t1-vs-team-liquid-valorant-masters-santiago-2026-r1,2760,2026-03-02,2:05 AM
EMEA,626529,https://www.vlr.gg/626529/paper-rex-vs-nrg-valorant-masters-santiago-2026-r2-1-0,2760,2026-03-03,1:00 AM
EMEA,626530,https://www.vlr.gg/626530/gentle-mates-vs-team-liquid-valorant-masters-santiago-2026-r2-1-0,2760,2026-03-03,4:30 AM
EMEA,626532,https://www.vlr.gg/626532/edward-gaming-vs-t1-valorant-masters-santiago-2026-r2-0-1,2760,2026-03-04,1:00 AM
EMEA,626533,https://www.vlr.gg/626533/xi-lai-gaming-vs-g2-esports-valorant-masters-santiago-2026-r2-0-1,2760,2026-03-04,3:10 AM
EMEA,626535,https://www.vlr.gg/626535/nrg-vs-team-liquid-valorant-masters-santiago-2026-r3,2760,2026-03-05,1:00 AM
EMEA,626534,https://www.vlr.gg/626534/g2-esports-vs-t1-valorant-masters-santiago-2026-r3,2760,2026-03-05,3:20 AM
EMEA,626539,https://www.vlr.gg/626539/furia-vs-paper-rex-valorant-masters-santiago-2026-ubqf,2760,2026-03-07,1:00 AM
EMEA,626537,https://www.vlr.gg/626537/nongshim-redforce-vs-gentle-mates-valorant-masters-santiago-2026-ubqf,2760,2026-03-07,4:00 AM
EMEA,626540,https://www.vlr.gg/626540/bbl-esports-vs-nrg-valorant-masters-santiago-2026-ubqf,2760,2026-03-08,12:00 AM
EMEA,626538,https://www.vlr.gg/626538/all-gamers-vs-g2-esports-valorant-masters-santiago-2026-ubqf,2760,2026-03-08,3:30 AM
EMEA,626546,https://www.vlr.gg/626546/furia-vs-bbl-esports-valorant-masters-santiago-2026-lr1,2760,2026-03-09,12:00 AM
EMEA,626545,https://www.vlr.gg/626545/gentle-mates-vs-all-gamers-valorant-masters-santiago-2026-lr1,2760,2026-03-09,3:30 AM
EMEA,626541,https://www.vlr.gg/626541/nongshim-redforce-vs-g2-esports-valorant-masters-santiago-2026-ubsf,2760,2026-03-10,1:00 AM
EMEA,626542,https://www.vlr.gg/626542/paper-rex-vs-nrg-valorant-masters-santiago-2026-ubsf,2760,2026-03-10,4:20 AM
EMEA,626548,https://www.vlr.gg/626548/g2-esports-vs-bbl-esports-valorant-masters-santiago-2026-lr2,2760,2026-03-11,1:00 AM
EMEA,626547,https://www.vlr.gg/626547/paper-rex-vs-all-gamers-valorant-masters-santiago-2026-lr2,2760,2026-03-11,3:10 AM
EMEA,626543,https://www.vlr.gg/626543/nongshim-redforce-vs-nrg-valorant-masters-santiago-2026-ubf,2760,2026-03-14,12:00 AM
EMEA,626549,https://www.vlr.gg/626549/paper-rex-vs-g2-esports-valorant-masters-santiago-2026-lr3,2760,2026-03-14,2:25 AM
EMEA,626550,https://www.vlr.gg/626550/nrg-vs-paper-rex-valorant-masters-santiago-2026-lbf,2760,2026-03-15,12:00 AM
EMEA,626544,https://www.vlr.gg/626544/nongshim-redforce-vs-paper-rex-valorant-masters-santiago-2026-gf,2760,2026-03-16,1:00 AM
EMEA,594740,https://www.vlr.gg/594740/natus-vincere-vs-karmine-corp-vct-2026-emea-kickoff-ur1,2684,2026-01-20,11:00 PM
EMEA,594741,https://www.vlr.gg/594741/fut-esports-vs-gentle-mates-vct-2026-emea-kickoff-ur1,2684,2026-01-21,1:35 AM
EMEA,594742,https://www.vlr.gg/594742/pcific-esports-vs-bbl-esports-vct-2026-emea-kickoff-ur1,2684,2026-01-21,11:00 PM
EMEA,594743,https://www.vlr.gg/594743/ulf-esports-vs-team-vitality-vct-2026-emea-kickoff-ur1,2684,2026-01-22,2:20 AM
EMEA,594744,https://www.vlr.gg/594744/team-heretics-vs-natus-vincere-vct-2026-emea-kickoff-ur2,2684,2026-01-22,11:00 PM
EMEA,594745,https://www.vlr.gg/594745/giantx-vs-gentle-mates-vct-2026-emea-kickoff-ur2,2684,2026-01-23,2:30 AM
EMEA,594746,https://www.vlr.gg/594746/fnatic-vs-bbl-esports-vct-2026-emea-kickoff-ur2,2684,2026-01-23,11:00 PM
EMEA,594747,https://www.vlr.gg/594747/team-liquid-vs-team-vitality-vct-2026-emea-kickoff-ur2,2684,2026-01-24,1:25 AM
EMEA,594751,https://www.vlr.gg/594751/karmine-corp-vs-team-liquid-vct-2026-emea-kickoff-mr1,2684,2026-01-27,11:00 PM
EMEA,594752,https://www.vlr.gg/594752/fut-esports-vs-fnatic-vct-2026-emea-kickoff-mr1,2684,2026-01-28,2:20 AM
EMEA,594753,https://www.vlr.gg/594753/pcific-esports-vs-giantx-vct-2026-emea-kickoff-mr1,2684,2026-01-28,11:00 PM
EMEA,594754,https://www.vlr.gg/594754/ulf-esports-vs-team-heretics-vct-2026-emea-kickoff-mr1,2684,2026-01-29,2:35 AM
EMEA,594748,https://www.vlr.gg/594748/natus-vincere-vs-gentle-mates-vct-2026-emea-kickoff-ur3,2684,2026-01-29,11:00 PM
EMEA,594749,https://www.vlr.gg/594749/bbl-esports-vs-team-vitality-vct-2026-emea-kickoff-ur3,2684,2026-01-30,1:20 AM
EMEA,594755,https://www.vlr.gg/594755/team-liquid-vs-fnatic-vct-2026-emea-kickoff-mr2,2684,2026-01-30,11:00 PM
EMEA,594756,https://www.vlr.gg/594756/giantx-vs-team-heretics-vct-2026-emea-kickoff-mr2,2684,2026-01-31,1:20 AM
EMEA,594761,https://www.vlr.gg/594761/karmine-corp-vs-fut-esports-vct-2026-emea-kickoff-lr1,2684,2026-02-03,11:00 PM
EMEA,594762,https://www.vlr.gg/594762/pcific-esports-vs-ulf-esports-vct-2026-emea-kickoff-lr1,2684,2026-02-04,2:35 AM
EMEA,594757,https://www.vlr.gg/594757/natus-vincere-vs-fnatic-vct-2026-emea-kickoff-mr3,2684,2026-02-04,11:00 PM
EMEA,594758,https://www.vlr.gg/594758/team-vitality-vs-giantx-vct-2026-emea-kickoff-mr3,2684,2026-02-05,3:00 AM
EMEA,594763,https://www.vlr.gg/594763/team-heretics-vs-karmine-corp-vct-2026-emea-kickoff-lr2,2684,2026-02-05,11:00 PM
EMEA,594764,https://www.vlr.gg/594764/team-liquid-vs-ulf-esports-vct-2026-emea-kickoff-lr2,2684,2026-02-06,2:00 AM
EMEA,594765,https://www.vlr.gg/594765/natus-vincere-vs-team-heretics-vct-2026-emea-kickoff-lr3,2684,2026-02-06,11:00 PM
EMEA,594766,https://www.vlr.gg/594766/giantx-vs-team-liquid-vct-2026-emea-kickoff-lr3,2684,2026-02-07,1:00 AM
EMEA,594767,https://www.vlr.gg/594767/team-heretics-vs-team-liquid-vct-2026-emea-kickoff-lr4,2684,2026-02-13,12:00 AM
EMEA,594759,https://www.vlr.gg/594759/fnatic-vs-team-vitality-vct-2026-emea-kickoff-mr4,2684,2026-02-13,8:00 PM
EMEA,594750,https://www.vlr.gg/594750/gentle-mates-vs-bbl-esports-vct-2026-emea-kickoff-ubf,2684,2026-02-13,10:15 PM
EMEA,594768,https://www.vlr.gg/594768/team-vitality-vs-team-liquid-vct-2026-emea-kickoff-lr5,2684,2026-02-14,8:00 PM
EMEA,594760,https://www.vlr.gg/594760/gentle-mates-vs-fnatic-vct-2026-emea-kickoff-mbf,2684,2026-02-14,11:10 PM
EMEA,594769,https://www.vlr.gg/594769/fnatic-vs-team-liquid-vct-2026-emea-kickoff-lbf,2684,2026-02-16,12:00 AM
EMEA,542195,https://www.vlr.gg/542195/paper-rex-vs-xi-lai-gaming-valorant-champions-2025-opening-a,2283,2025-09-12,8:00 PM
EMEA,542196,https://www.vlr.gg/542196/giantx-vs-sentinels-valorant-champions-2025-opening-a,2283,2025-09-12,10:25 PM
EMEA,542207,https://www.vlr.gg/542207/nrg-vs-edward-gaming-valorant-champions-2025-opening-c,2283,2025-09-13,8:00 PM
EMEA,542205,https://www.vlr.gg/542205/team-liquid-vs-drx-valorant-champions-2025-opening-c,2283,2025-09-13,10:55 PM
EMEA,542212,https://www.vlr.gg/542212/dragon-ranger-gaming-vs-t1-valorant-champions-2025-opening-d,2283,2025-09-14,8:00 PM
EMEA,542211,https://www.vlr.gg/542211/g2-esports-vs-team-heretics-valorant-champions-2025-opening-d,2283,2025-09-14,11:20 PM
EMEA,542200,https://www.vlr.gg/542200/bilibili-gaming-vs-mibr-valorant-champions-2025-opening-b,2283,2025-09-15,8:00 PM
EMEA,542201,https://www.vlr.gg/542201/rex-regum-qeon-vs-fnatic-valorant-champions-2025-opening-b,2283,2025-09-15,10:10 PM
EMEA,542197,https://www.vlr.gg/542197/paper-rex-vs-giantx-valorant-champions-2025-winners-a,2283,2025-09-17,8:00 PM
EMEA,542208,https://www.vlr.gg/542208/drx-vs-nrg-valorant-champions-2025-winners-c,2283,2025-09-17,11:10 PM
EMEA,542213,https://www.vlr.gg/542213/team-heretics-vs-t1-valorant-champions-2025-winners-d,2283,2025-09-18,8:00 PM
EMEA,542202,https://www.vlr.gg/542202/mibr-vs-fnatic-valorant-champions-2025-winners-b,2283,2025-09-18,10:25 PM
EMEA,542209,https://www.vlr.gg/542209/team-liquid-vs-edward-gaming-valorant-champions-2025-elim-c,2283,2025-09-19,8:00 PM
EMEA,542198,https://www.vlr.gg/542198/xi-lai-gaming-vs-sentinels-valorant-champions-2025-elim-a,2283,2025-09-19,11:30 PM
EMEA,542203,https://www.vlr.gg/542203/bilibili-gaming-vs-rex-regum-qeon-valorant-champions-2025-elim-b,2283,2025-09-20,8:00 PM
EMEA,542214,https://www.vlr.gg/542214/g2-esports-vs-dragon-ranger-gaming-valorant-champions-2025-elim-d,2283,2025-09-20,11:00 PM
EMEA,542210,https://www.vlr.gg/542210/drx-vs-team-liquid-valorant-champions-2025-decider-c,2283,2025-09-21,8:00 PM
EMEA,542199,https://www.vlr.gg/542199/giantx-vs-xi-lai-gaming-valorant-champions-2025-decider-a,2283,2025-09-21,10:20 PM
EMEA,542215,https://www.vlr.gg/542215/t1-vs-g2-esports-valorant-champions-2025-decider-d,2283,2025-09-22,8:00 PM
EMEA,542204,https://www.vlr.gg/542204/mibr-vs-rex-regum-qeon-valorant-champions-2025-decider-b,2283,2025-09-22,10:15 PM
EMEA,542265,https://www.vlr.gg/542265/paper-rex-vs-g2-esports-valorant-champions-2025-ubqf,2283,2025-09-25,8:00 PM
EMEA,542264,https://www.vlr.gg/542264/fnatic-vs-drx-valorant-champions-2025-ubqf,2283,2025-09-25,11:50 PM
EMEA,542266,https://www.vlr.gg/542266/team-heretics-vs-mibr-valorant-champions-2025-ubqf,2283,2025-09-26,8:00 PM
EMEA,542267,https://www.vlr.gg/542267/nrg-vs-giantx-valorant-champions-2025-ubqf,2283,2025-09-26,10:35 PM
EMEA,542273,https://www.vlr.gg/542273/drx-vs-g2-esports-valorant-champions-2025-lr1,2283,2025-09-27,8:00 PM
EMEA,542274,https://www.vlr.gg/542274/team-heretics-vs-giantx-valorant-champions-2025-lr1,2283,2025-09-27,11:20 PM
EMEA,542268,https://www.vlr.gg/542268/fnatic-vs-paper-rex-valorant-champions-2025-ubsf,2283,2025-09-28,8:00 PM
EMEA,542269,https://www.vlr.gg/542269/mibr-vs-nrg-valorant-champions-2025-ubsf,2283,2025-09-28,11:20 PM
EMEA,542277,https://www.vlr.gg/542277/paper-rex-vs-team-heretics-valorant-champions-2025-lr2,2283,2025-09-29,8:00 PM
EMEA,542276,https://www.vlr.gg/542276/mibr-vs-drx-valorant-champions-2025-lr2,2283,2025-09-29,11:20 PM
EMEA,542270,https://www.vlr.gg/542270/fnatic-vs-nrg-valorant-champions-2025-ubf,2283,2025-10-03,6:00 PM
EMEA,542278,https://www.vlr.gg/542278/drx-vs-paper-rex-valorant-champions-2025-lr3,2283,2025-10-03,8:35 PM
EMEA,542279,https://www.vlr.gg/542279/fnatic-vs-drx-valorant-champions-2025-lbf,2283,2025-10-04,6:00 PM
EMEA,542272,https://www.vlr.gg/542272/nrg-vs-fnatic-valorant-champions-2025-gf,2283,2025-10-05,6:00 PM
EMEA,511543,https://www.vlr.gg/511543/natus-vincere-vs-apeks-vct-2025-emea-stage-2-w1,2498,2025-07-16,10:00 PM
EMEA,511544,https://www.vlr.gg/511544/team-vitality-vs-giantx-vct-2025-emea-stage-2-w1,2498,2025-07-17,12:50 AM
EMEA,511545,https://www.vlr.gg/511545/fut-esports-vs-gentle-mates-vct-2025-emea-stage-2-w1,2498,2025-07-17,10:00 PM
EMEA,511546,https://www.vlr.gg/511546/team-liquid-vs-koi-vct-2025-emea-stage-2-w1,2498,2025-07-18,1:30 AM
EMEA,511547,https://www.vlr.gg/511547/team-heretics-vs-bbl-esports-vct-2025-emea-stage-2-w1,2498,2025-07-18,10:00 PM
EMEA,511548,https://www.vlr.gg/511548/fnatic-vs-karmine-corp-vct-2025-emea-stage-2-w1,2498,2025-07-19,1:15 AM
EMEA,511549,https://www.vlr.gg/511549/apeks-vs-karmine-corp-vct-2025-emea-stage-2-w2,2498,2025-07-23,10:00 PM
EMEA,511550,https://www.vlr.gg/511550/giantx-vs-bbl-esports-vct-2025-emea-stage-2-w2,2498,2025-07-24,1:30 AM
EMEA,511551,https://www.vlr.gg/511551/team-liquid-vs-natus-vincere-vct-2025-emea-stage-2-w2,2498,2025-07-24,10:00 PM
EMEA,511552,https://www.vlr.gg/511552/gentle-mates-vs-team-heretics-vct-2025-emea-stage-2-w2,2498,2025-07-25,12:05 AM
EMEA,511553,https://www.vlr.gg/511553/fut-esports-vs-team-vitality-vct-2025-emea-stage-2-w2,2498,2025-07-25,10:00 PM
EMEA,511554,https://www.vlr.gg/511554/koi-vs-fnatic-vct-2025-emea-stage-2-w2,2498,2025-07-25,11:55 PM
EMEA,511562,https://www.vlr.gg/511562/fut-esports-vs-giantx-vct-2025-emea-stage-2-w3,2498,2025-07-30,10:00 PM
EMEA,511563,https://www.vlr.gg/511563/gentle-mates-vs-bbl-esports-vct-2025-emea-stage-2-w3,2498,2025-07-31,1:10 AM
EMEA,511564,https://www.vlr.gg/511564/team-liquid-vs-apeks-vct-2025-emea-stage-2-w3,2498,2025-07-31,10:00 PM
EMEA,511565,https://www.vlr.gg/511565/koi-vs-karmine-corp-vct-2025-emea-stage-2-w3,2498,2025-08-01,1:40 AM
EMEA,511566,https://www.vlr.gg/511566/natus-vincere-vs-fnatic-vct-2025-emea-stage-2-w3,2498,2025-08-01,10:00 PM
EMEA,511567,https://www.vlr.gg/511567/team-vitality-vs-team-heretics-vct-2025-emea-stage-2-w3,2498,2025-08-02,1:40 AM
EMEA,511568,https://www.vlr.gg/511568/fut-esports-vs-team-heretics-vct-2025-emea-stage-2-w4,2498,2025-08-06,10:00 PM
EMEA,511569,https://www.vlr.gg/511569/koi-vs-apeks-vct-2025-emea-stage-2-w4,2498,2025-08-07,12:35 AM
EMEA,511570,https://www.vlr.gg/511570/gentle-mates-vs-giantx-vct-2025-emea-stage-2-w4,2498,2025-08-07,10:00 PM
EMEA,511571,https://www.vlr.gg/511571/natus-vincere-vs-karmine-corp-vct-2025-emea-stage-2-w4,2498,2025-08-08,1:00 AM
EMEA,511572,https://www.vlr.gg/511572/team-vitality-vs-bbl-esports-vct-2025-emea-stage-2-w4,2498,2025-08-08,10:00 PM
EMEA,511573,https://www.vlr.gg/511573/team-liquid-vs-fnatic-vct-2025-emea-stage-2-w4,2498,2025-08-09,1:40 AM
EMEA,511575,https://www.vlr.gg/511575/koi-vs-natus-vincere-vct-2025-emea-stage-2-w5,2498,2025-08-13,10:00 PM
EMEA,511576,https://www.vlr.gg/511576/apeks-vs-fnatic-vct-2025-emea-stage-2-w5,2498,2025-08-14,1:20 AM
EMEA,511577,https://www.vlr.gg/511577/giantx-vs-team-heretics-vct-2025-emea-stage-2-w5,2498,2025-08-14,10:00 PM
EMEA,511579,https://www.vlr.gg/511579/gentle-mates-vs-team-vitality-vct-2025-emea-stage-2-w5,2498,2025-08-15,12:05 AM
EMEA,511580,https://www.vlr.gg/511580/fut-esports-vs-bbl-esports-vct-2025-emea-stage-2-w5,2498,2025-08-15,10:00 PM
EMEA,511581,https://www.vlr.gg/511581/team-liquid-vs-karmine-corp-vct-2025-emea-stage-2-w5,2498,2025-08-16,12:30 AM
EMEA,530924,https://www.vlr.gg/530924/fnatic-vs-bbl-esports-vct-2025-emea-stage-2-ur1,2498,2025-08-21,10:00 PM
EMEA,530925,https://www.vlr.gg/530925/giantx-vs-natus-vincere-vct-2025-emea-stage-2-ur1,2498,2025-08-22,1:15 AM
EMEA,530928,https://www.vlr.gg/530928/team-heretics-vs-bbl-esports-vct-2025-emea-stage-2-ubsf,2498,2025-08-22,10:00 PM
EMEA,530929,https://www.vlr.gg/530929/team-liquid-vs-giantx-vct-2025-emea-stage-2-ubsf,2498,2025-08-23,12:20 AM
EMEA,530926,https://www.vlr.gg/530926/fnatic-vs-karmine-corp-vct-2025-emea-stage-2-lr1,2498,2025-08-23,10:00 PM
EMEA,530927,https://www.vlr.gg/530927/natus-vincere-vs-team-vitality-vct-2025-emea-stage-2-lr1,2498,2025-08-24,1:55 AM
EMEA,530930,https://www.vlr.gg/530930/giantx-vs-fnatic-vct-2025-emea-stage-2-lr2,2498,2025-08-24,10:00 PM
EMEA,530931,https://www.vlr.gg/530931/team-heretics-vs-natus-vincere-vct-2025-emea-stage-2-lr2,2498,2025-08-25,12:25 AM
EMEA,530932,https://www.vlr.gg/530932/bbl-esports-vs-team-liquid-vct-2025-emea-stage-2-ubf,2498,2025-08-29,10:00 PM
EMEA,530933,https://www.vlr.gg/530933/giantx-vs-natus-vincere-vct-2025-emea-stage-2-lr3,2498,2025-08-30,1:40 AM
EMEA,530934,https://www.vlr.gg/530934/bbl-esports-vs-giantx-vct-2025-emea-stage-2-lbf,2498,2025-08-30,11:00 PM
EMEA,538583,https://www.vlr.gg/538583/team-france-vs-team-emea-vct-2025-emea-stage-2-main-event,2498,2025-08-31,10:00 PM
EMEA,530935,https://www.vlr.gg/530935/team-liquid-vs-giantx-vct-2025-emea-stage-2-gf,2498,2025-08-31,11:00 PM
EMEA,490309,https://www.vlr.gg/490309/team-heretics-vs-paper-rex-champions-tour-2025-masters-toronto-r1,2282,2025-06-07,11:00 PM
EMEA,490307,https://www.vlr.gg/490307/bilibili-gaming-vs-team-liquid-champions-tour-2025-masters-toronto-r1,2282,2025-06-08,1:10 AM
EMEA,490308,https://www.vlr.gg/490308/sentinels-vs-wolves-esports-champions-tour-2025-masters-toronto-r1,2282,2025-06-08,11:00 PM
EMEA,490306,https://www.vlr.gg/490306/gen-g-vs-mibr-champions-tour-2025-masters-toronto-r1,2282,2025-06-09,1:45 AM
EMEA,490311,https://www.vlr.gg/490311/bilibili-gaming-vs-sentinels-champions-tour-2025-masters-toronto-r2-1-0,2282,2025-06-09,11:00 PM
EMEA,490310,https://www.vlr.gg/490310/paper-rex-vs-gen-g-champions-tour-2025-masters-toronto-r2-1-0,2282,2025-06-10,2:30 AM
EMEA,490312,https://www.vlr.gg/490312/team-heretics-vs-wolves-esports-valorant-masters-2025-toronto-r2-0-1,2282,2025-06-10,11:00 PM
EMEA,490313,https://www.vlr.gg/490313/team-liquid-vs-mibr-valorant-masters-2025-toronto-r2-0-1,2282,2025-06-11,1:30 AM
EMEA,490315,https://www.vlr.gg/490315/bilibili-gaming-vs-wolves-esports-valorant-masters-2025-toronto-r3-1-1,2282,2025-06-11,11:00 PM
EMEA,490314,https://www.vlr.gg/490314/paper-rex-vs-team-liquid-valorant-masters-toronto-2025-r3-1-1,2282,2025-06-12,1:30 AM
EMEA,498622,https://www.vlr.gg/498622/g2-esports-vs-paper-rex-valorant-masters-toronto-2025-ubqf,2282,2025-06-13,11:00 PM
EMEA,498621,https://www.vlr.gg/498621/xi-lai-gaming-vs-sentinels-valorant-masters-toronto-2025-ubqf,2282,2025-06-14,1:25 AM
EMEA,498623,https://www.vlr.gg/498623/rex-regum-qeon-vs-wolves-esports-valorant-masters-toronto-2025-ubqf,2282,2025-06-14,11:00 PM
EMEA,498624,https://www.vlr.gg/498624/fnatic-vs-gen-g-valorant-masters-toronto-2025-ubqf,2282,2025-06-15,1:30 AM
EMEA,498629,https://www.vlr.gg/498629/xi-lai-gaming-vs-g2-esports-valorant-masters-toronto-2025-lr1,2282,2025-06-15,11:00 PM
EMEA,498630,https://www.vlr.gg/498630/rex-regum-qeon-vs-fnatic-valorant-masters-toronto-2025-lr1,2282,2025-06-16,1:10 AM
EMEA,498626,https://www.vlr.gg/498626/wolves-esports-vs-gen-g-valorant-masters-toronto-2025-ubsf,2282,2025-06-16,11:00 PM
EMEA,498625,https://www.vlr.gg/498625/sentinels-vs-paper-rex-valorant-masters-toronto-2025-ubsf,2282,2025-06-17,1:30 AM
EMEA,498631,https://www.vlr.gg/498631/gen-g-vs-g2-esports-valorant-masters-toronto-2025-lr2,2282,2025-06-17,11:00 PM
EMEA,498632,https://www.vlr.gg/498632/sentinels-vs-fnatic-valorant-masters-toronto-2025-lr2,2282,2025-06-18,2:35 AM
EMEA,498627,https://www.vlr.gg/498627/paper-rex-vs-wolves-esports-valorant-masters-toronto-2025-ubf,2282,2025-06-20,11:00 PM
EMEA,498633,https://www.vlr.gg/498633/g2-esports-vs-fnatic-valorant-masters-toronto-2025-lr3,2282,2025-06-21,1:40 AM
EMEA,498634,https://www.vlr.gg/498634/wolves-esports-vs-fnatic-valorant-masters-toronto-2025-lbf,2282,2025-06-21,11:00 PM
EMEA,507067,https://www.vlr.gg/507067/team-tarik-vs-team-toast-valorant-masters-toronto-2025-showmatch,2282,2025-06-22,11:00 PM
EMEA,498628,https://www.vlr.gg/498628/paper-rex-vs-fnatic-valorant-masters-toronto-2025-gf,2282,2025-06-23,12:15 AM
EMEA,459826,https://www.vlr.gg/459826/team-vitality-vs-giantx-champions-tour-2025-emea-stage-1-w1,2380,2025-03-26,11:00 PM
EMEA,459827,https://www.vlr.gg/459827/bbl-esports-vs-karmine-corp-champions-tour-2025-emea-stage-1-w1,2380,2025-03-27,1:15 AM
EMEA,459828,https://www.vlr.gg/459828/team-heretics-vs-apeks-champions-tour-2025-emea-stage-1-w1,2380,2025-03-27,11:00 PM
EMEA,459829,https://www.vlr.gg/459829/fut-esports-vs-koi-champions-tour-2025-emea-stage-1-w1,2380,2025-03-28,2:15 AM
EMEA,459830,https://www.vlr.gg/459830/fnatic-vs-natus-vincere-champions-tour-2025-emea-stage-1-w1,2380,2025-03-28,11:00 PM
EMEA,459831,https://www.vlr.gg/459831/team-liquid-vs-gentle-mates-champions-tour-2025-emea-stage-1-w1,2380,2025-03-29,1:30 AM
EMEA,459832,https://www.vlr.gg/459832/team-liquid-vs-bbl-esports-champions-tour-2025-emea-stage-1-w2,2380,2025-04-02,10:00 PM
EMEA,459833,https://www.vlr.gg/459833/apeks-vs-natus-vincere-champions-tour-2025-emea-stage-1-w2,2380,2025-04-03,12:50 AM
EMEA,459834,https://www.vlr.gg/459834/fut-esports-vs-gentle-mates-champions-tour-2025-emea-stage-1-w2,2380,2025-04-03,10:00 PM
EMEA,459835,https://www.vlr.gg/459835/team-heretics-vs-giantx-champions-tour-2025-emea-stage-1-w2,2380,2025-04-04,1:25 AM
EMEA,459836,https://www.vlr.gg/459836/team-vitality-vs-fnatic-champions-tour-2025-emea-stage-1-w2,2380,2025-04-04,10:00 PM
EMEA,459837,https://www.vlr.gg/459837/koi-vs-karmine-corp-champions-tour-2025-emea-stage-1-w2,2380,2025-04-05,2:10 AM
EMEA,459839,https://www.vlr.gg/459839/koi-vs-bbl-esports-champions-tour-2025-emea-stage-1-w3,2380,2025-04-09,10:00 PM
EMEA,459840,https://www.vlr.gg/459840/natus-vincere-vs-giantx-champions-tour-2025-emea-stage-1-w3,2380,2025-04-10,12:15 AM
EMEA,459841,https://www.vlr.gg/459841/team-liquid-vs-fut-esports-champions-tour-2025-emea-stage-1-w3,2380,2025-04-10,10:00 PM
EMEA,459842,https://www.vlr.gg/459842/team-vitality-vs-team-heretics-champions-tour-2025-emea-stage-1-w3,2380,2025-04-10,11:50 PM
EMEA,459843,https://www.vlr.gg/459843/apeks-vs-fnatic-champions-tour-2025-emea-stage-1-w3,2380,2025-04-11,10:00 PM
EMEA,459844,https://www.vlr.gg/459844/karmine-corp-vs-gentle-mates-champions-tour-2025-emea-stage-1-w3,2380,2025-04-12,1:00 AM
EMEA,459845,https://www.vlr.gg/459845/team-vitality-vs-apeks-champions-tour-2025-emea-stage-1-w4,2380,2025-04-16,10:00 PM
EMEA,459846,https://www.vlr.gg/459846/team-liquid-vs-koi-champions-tour-2025-emea-stage-1-w4,2380,2025-04-17,12:20 AM
EMEA,459847,https://www.vlr.gg/459847/gentle-mates-vs-bbl-esports-champions-tour-2025-emea-stage-1-w4,2380,2025-04-17,10:00 PM
EMEA,459848,https://www.vlr.gg/459848/giantx-vs-fnatic-champions-tour-2025-emea-stage-1-w4,2380,2025-04-18,12:10 AM
EMEA,459849,https://www.vlr.gg/459849/karmine-corp-vs-fut-esports-champions-tour-2025-emea-stage-1-w4,2380,2025-04-18,10:00 PM
EMEA,459850,https://www.vlr.gg/459850/natus-vincere-vs-team-heretics-champions-tour-2025-emea-stage-1-w4,2380,2025-04-19,2:20 AM
EMEA,459852,https://www.vlr.gg/459852/bbl-esports-vs-fut-esports-champions-tour-2025-emea-stage-1-w5,2380,2025-04-23,10:00 PM
EMEA,459853,https://www.vlr.gg/459853/giantx-vs-apeks-champions-tour-2025-emea-stage-1-w5,2380,2025-04-24,2:00 AM
EMEA,459854,https://www.vlr.gg/459854/gentle-mates-vs-koi-champions-tour-2025-emea-stage-1-w5,2380,2025-04-24,10:00 PM
EMEA,459855,https://www.vlr.gg/459855/team-vitality-vs-natus-vincere-champions-tour-2025-emea-stage-1-w5,2380,2025-04-25,1:05 AM
EMEA,459856,https://www.vlr.gg/459856/team-liquid-vs-karmine-corp-champions-tour-2025-emea-stage-1-w5,2380,2025-05-02,10:00 PM
EMEA,459857,https://www.vlr.gg/459857/fnatic-vs-team-heretics-champions-tour-2025-emea-stage-1-w5,2380,2025-05-03,12:30 AM
EMEA,482503,https://www.vlr.gg/482503/bbl-esports-vs-natus-vincere-champions-tour-2025-emea-stage-1-playoffs-ubr1,2380,2025-05-08,10:00 PM
EMEA,482504,https://www.vlr.gg/482504/fnatic-vs-fut-esports-champions-tour-2025-emea-stage-1-playoffs-ubr1,2380,2025-05-09,1:00 AM
EMEA,482505,https://www.vlr.gg/482505/natus-vincere-vs-karmine-corp-champions-tour-2025-emea-stage-1-playoffs-lr1,2380,2025-05-09,10:00 PM
EMEA,482506,https://www.vlr.gg/482506/fut-esports-vs-team-vitality-champions-tour-2025-emea-stage-1-playoffs-lr1,2380,2025-05-10,2:05 AM
EMEA,482507,https://www.vlr.gg/482507/team-heretics-vs-bbl-esports-champions-tour-2025-emea-stage-1-playoffs-ubsf,2380,2025-05-10,10:00 PM
EMEA,482508,https://www.vlr.gg/482508/team-liquid-vs-fnatic-champions-tour-2025-emea-stage-1-playoffs-ubsf,2380,2025-05-11,12:25 AM
EMEA,482510,https://www.vlr.gg/482510/bbl-esports-vs-fut-esports-champions-tour-2025-emea-stage-1-playoffs-lr2,2380,2025-05-11,10:00 PM
EMEA,482509,https://www.vlr.gg/482509/team-liquid-vs-natus-vincere-champions-tour-2025-emea-stage-1-playoffs-lr2,2380,2025-05-12,1:45 AM
EMEA,482515,https://www.vlr.gg/482515/team-heretics-vs-fnatic-champions-tour-2025-emea-stage-1-playoffs-ubf,2380,2025-05-16,10:00 PM
EMEA,482511,https://www.vlr.gg/482511/team-liquid-vs-bbl-esports-champions-tour-2025-emea-stage-1-playoffs-lr3,2380,2025-05-17,12:20 AM
EMEA,482512,https://www.vlr.gg/482512/team-heretics-vs-team-liquid-champions-tour-2025-emea-stage-1-playoffs-lbf,2380,2025-05-17,11:00 PM
EMEA,482513,https://www.vlr.gg/482513/fnatic-vs-team-heretics-champions-tour-2025-emea-stage-1-playoffs-gf,2380,2025-05-18,11:00 PM
EMEA,448598,https://www.vlr.gg/448598/edward-gaming-vs-team-liquid-champions-tour-2025-masters-bangkok-r1,2281,2025-02-20,5:00 PM
EMEA,448600,https://www.vlr.gg/448600/drx-vs-sentinels-champions-tour-2025-masters-bangkok-r1,2281,2025-02-20,8:00 PM
EMEA,448599,https://www.vlr.gg/448599/team-vitality-vs-t1-champions-tour-2025-masters-bangkok-r1,2281,2025-02-21,5:00 PM
EMEA,448597,https://www.vlr.gg/448597/g2-esports-vs-trace-esports-champions-tour-2025-masters-bangkok-r1,2281,2025-02-21,7:25 PM
EMEA,449000,https://www.vlr.gg/449000/drx-vs-team-vitality-champions-tour-2025-masters-bangkok-r2-1-0,2281,2025-02-22,5:00 PM
EMEA,449001,https://www.vlr.gg/449001/edward-gaming-vs-g2-esports-champions-tour-2025-masters-bangkok-r2-1-0,2281,2025-02-22,8:25 PM
EMEA,449002,https://www.vlr.gg/449002/t1-vs-trace-esports-champions-tour-2025-masters-bangkok-r2-0-1,2281,2025-02-23,5:00 PM
EMEA,449003,https://www.vlr.gg/449003/team-liquid-vs-sentinels-champions-tour-2025-masters-bangkok-r2-0-1,2281,2025-02-23,6:55 PM
EMEA,449004,https://www.vlr.gg/449004/t1-vs-drx-champions-tour-2025-masters-bangkok-r3,2281,2025-02-24,5:00 PM
EMEA,449005,https://www.vlr.gg/449005/g2-esports-vs-team-liquid-champions-tour-2025-masters-bangkok-r3,2281,2025-02-24,7:10 PM
EMEA,449008,https://www.vlr.gg/449008/edward-gaming-vs-t1-champions-tour-2025-masters-bangkok-ubsf,2281,2025-02-27,5:00 PM
EMEA,449009,https://www.vlr.gg/449009/team-vitality-vs-g2-esports-champions-tour-2025-masters-bangkok-ubsf,2281,2025-02-27,8:15 PM
EMEA,449010,https://www.vlr.gg/449010/edward-gaming-vs-g2-esports-champions-tour-2025-masters-bangkok-ubf,2281,2025-02-28,5:00 PM
EMEA,449012,https://www.vlr.gg/449012/t1-vs-team-vitality-champions-tour-2025-masters-bangkok-lr1,2281,2025-02-28,7:05 PM
EMEA,449013,https://www.vlr.gg/449013/edward-gaming-vs-t1-champions-tour-2025-masters-bangkok-lbf,2281,2025-03-01,5:00 PM
EMEA,450589,https://www.vlr.gg/450589/team-international-vs-team-thailand-champions-tour-2025-masters-bangkok-main-event,2281,2025-03-02,5:00 PM
EMEA,449011,https://www.vlr.gg/449011/g2-esports-vs-t1-champions-tour-2025-masters-bangkok-gf,2281,2025-03-02,6:15 PM
EMEA,429381,https://www.vlr.gg/429381/bbl-esports-vs-giantx-champions-tour-2025-emea-kickoff-ur1,2276,2025-01-16,12:00 AM
EMEA,429380,https://www.vlr.gg/429380/karmine-corp-vs-natus-vincere-champions-tour-2025-emea-kickoff-ur1,2276,2025-01-16,3:30 AM
EMEA,429379,https://www.vlr.gg/429379/team-liquid-vs-koi-champions-tour-2025-emea-kickoff-ur1,2276,2025-01-17,12:00 AM
EMEA,429382,https://www.vlr.gg/429382/apeks-vs-gentle-mates-champions-tour-2025-emea-kickoff-ur1,2276,2025-01-17,3:10 AM
EMEA,429385,https://www.vlr.gg/429385/fnatic-vs-bbl-esports-champions-tour-2025-emea-kickoff-ubqf,2276,2025-01-18,12:00 AM
EMEA,429384,https://www.vlr.gg/429384/team-vitality-vs-karmine-corp-champions-tour-2025-emea-kickoff-ubqf,2276,2025-01-18,4:00 AM
EMEA,429383,https://www.vlr.gg/429383/fut-esports-vs-team-liquid-champions-tour-2025-emea-kickoff-ubqf,2276,2025-01-23,12:00 AM
EMEA,429386,https://www.vlr.gg/429386/team-heretics-vs-gentle-mates-champions-tour-2025-emea-kickoff-ubqf,2276,2025-01-23,2:10 AM
EMEA,429393,https://www.vlr.gg/429393/karmine-corp-vs-giantx-champions-tour-2025-emea-kickoff-lr1,2276,2025-01-24,12:00 AM
EMEA,429392,https://www.vlr.gg/429392/fnatic-vs-natus-vincere-champions-tour-2025-emea-kickoff-lr1,2276,2025-01-24,3:30 AM
EMEA,429394,https://www.vlr.gg/429394/team-liquid-vs-apeks-champions-tour-2025-emea-kickoff-lr1,2276,2025-01-25,12:00 AM
EMEA,429391,https://www.vlr.gg/429391/gentle-mates-vs-koi-champions-tour-2025-emea-kickoff-lr1,2276,2025-01-25,3:10 AM
EMEA,429388,https://www.vlr.gg/429388/bbl-esports-vs-team-heretics-champions-tour-2025-emea-kickoff-ubsf,2276,2025-01-30,12:00 AM
EMEA,429387,https://www.vlr.gg/429387/fut-esports-vs-team-vitality-champions-tour-2025-emea-kickoff-ubsf,2276,2025-01-30,2:25 AM
EMEA,429395,https://www.vlr.gg/429395/gentle-mates-vs-fnatic-champions-tour-2025-emea-kickoff-lr2,2276,2025-01-31,12:00 AM
EMEA,429396,https://www.vlr.gg/429396/giantx-vs-team-liquid-champions-tour-2025-emea-kickoff-lr2,2276,2025-01-31,2:15 AM
EMEA,429397,https://www.vlr.gg/429397/fut-esports-vs-fnatic-champions-tour-2025-emea-kickoff-lr3,2276,2025-02-01,12:00 AM
EMEA,429398,https://www.vlr.gg/429398/bbl-esports-vs-team-liquid-champions-tour-2025-emea-kickoff-lr3,2276,2025-02-01,2:15 AM
EMEA,429389,https://www.vlr.gg/429389/team-vitality-vs-team-heretics-champions-tour-2025-emea-kickoff-ubf,2276,2025-02-08,12:00 AM
EMEA,429400,https://www.vlr.gg/429400/fut-esports-vs-team-liquid-champions-tour-2025-emea-kickoff-lr4,2276,2025-02-08,2:10 AM
EMEA,429401,https://www.vlr.gg/429401/team-heretics-vs-team-liquid-champions-tour-2025-emea-kickoff-lbf,2276,2025-02-09,12:00 AM
EMEA,429390,https://www.vlr.gg/429390/team-vitality-vs-team-liquid-champions-tour-2025-emea-kickoff-gf,2276,2025-02-10,12:00 AM
EMEA,353153,https://www.vlr.gg/353153/fut-esports-vs-koi-champions-tour-2024-emea-stage-2-w1,2094,2024-06-19,1:00 AM
EMEA,353154,https://www.vlr.gg/353154/bbl-esports-vs-fnatic-champions-tour-2024-emea-stage-2-w1,2094,2024-06-19,11:00 PM
EMEA,353155,https://www.vlr.gg/353155/team-heretics-vs-natus-vincere-champions-tour-2024-emea-stage-2-w1,2094,2024-06-20,2:30 AM
EMEA,353157,https://www.vlr.gg/353157/giantx-vs-gentle-mates-champions-tour-2024-emea-stage-2-w1,2094,2024-06-20,11:00 PM
EMEA,353156,https://www.vlr.gg/353156/team-vitality-vs-team-liquid-champions-tour-2024-emea-stage-2-w1,2094,2024-06-21,2:10 AM
EMEA,353159,https://www.vlr.gg/353159/bbl-esports-vs-karmine-corp-champions-tour-2024-emea-stage-2-w1,2094,2024-06-21,11:00 PM
EMEA,353158,https://www.vlr.gg/353158/natus-vincere-vs-fut-esports-champions-tour-2024-emea-stage-2-w1,2094,2024-06-22,12:50 AM
EMEA,353202,https://www.vlr.gg/353202/koi-vs-giantx-champions-tour-2024-emea-stage-2-w2,2094,2024-06-26,1:00 AM
EMEA,353161,https://www.vlr.gg/353161/team-heretics-vs-fut-esports-champions-tour-2024-emea-stage-2-w2,2094,2024-06-26,11:00 PM
EMEA,353160,https://www.vlr.gg/353160/fnatic-vs-team-vitality-champions-tour-2024-emea-stage-2-w2,2094,2024-06-27,1:15 AM
EMEA,353162,https://www.vlr.gg/353162/bbl-esports-vs-team-liquid-champions-tour-2024-emea-stage-2-w2,2094,2024-06-27,11:00 PM
EMEA,353163,https://www.vlr.gg/353163/natus-vincere-vs-giantx-champions-tour-2024-emea-stage-2-w2,2094,2024-06-28,1:00 AM
EMEA,353164,https://www.vlr.gg/353164/koi-vs-gentle-mates-champions-tour-2024-emea-stage-2-w2,2094,2024-06-28,11:00 PM
EMEA,353165,https://www.vlr.gg/353165/fnatic-vs-karmine-corp-champions-tour-2024-emea-stage-2-w2,2094,2024-06-29,1:30 AM
EMEA,353166,https://www.vlr.gg/353166/team-heretics-vs-giantx-champions-tour-2024-emea-stage-2-w3,2094,2024-07-03,11:00 PM
EMEA,353167,https://www.vlr.gg/353167/fut-esports-vs-gentle-mates-champions-tour-2024-emea-stage-2-w3,2094,2024-07-04,2:25 AM
EMEA,353168,https://www.vlr.gg/353168/koi-vs-natus-vincere-champions-tour-2024-emea-stage-2-w3,2094,2024-07-04,11:00 PM
EMEA,353169,https://www.vlr.gg/353169/team-liquid-vs-karmine-corp-champions-tour-2024-emea-stage-2-w3,2094,2024-07-05,1:05 AM
EMEA,353170,https://www.vlr.gg/353170/bbl-esports-vs-team-vitality-champions-tour-2024-emea-stage-2-w3,2094,2024-07-05,11:00 PM
EMEA,353171,https://www.vlr.gg/353171/team-heretics-vs-gentle-mates-champions-tour-2024-emea-stage-2-w3,2094,2024-07-06,2:00 AM
EMEA,353172,https://www.vlr.gg/353172/fut-esports-vs-giantx-champions-tour-2024-emea-stage-2-w4,2094,2024-07-10,1:00 AM
EMEA,353173,https://www.vlr.gg/353173/team-heretics-vs-koi-champions-tour-2024-emea-stage-2-w4,2094,2024-07-10,11:00 PM
EMEA,353174,https://www.vlr.gg/353174/fnatic-vs-team-liquid-champions-tour-2024-emea-stage-2-w4,2094,2024-07-11,2:20 AM
EMEA,353175,https://www.vlr.gg/353175/natus-vincere-vs-gentle-mates-champions-tour-2024-emea-stage-2-w4,2094,2024-07-11,11:00 PM
EMEA,353203,https://www.vlr.gg/353203/team-vitality-vs-karmine-corp-champions-tour-2024-emea-stage-2-w4,2094,2024-07-12,2:10 AM
EMEA,371278,https://www.vlr.gg/371278/team-vitality-vs-natus-vincere-champions-tour-2024-emea-stage-2-ko,2094,2024-07-15,11:00 PM
EMEA,371279,https://www.vlr.gg/371279/fnatic-vs-karmine-corp-champions-tour-2024-emea-stage-2-ko,2094,2024-07-16,1:50 AM
EMEA,371280,https://www.vlr.gg/371280/team-heretics-vs-team-vitality-champions-tour-2024-emea-stage-2-ubsf,2094,2024-07-16,11:00 PM
EMEA,371281,https://www.vlr.gg/371281/fut-esports-vs-fnatic-champions-tour-2024-emea-stage-2-ubsf,2094,2024-07-17,2:45 AM
EMEA,371282,https://www.vlr.gg/371282/team-vitality-vs-fnatic-champions-tour-2024-emea-stage-2-ubf,2094,2024-07-17,11:00 PM
EMEA,371284,https://www.vlr.gg/371284/team-heretics-vs-fut-esports-champions-tour-2024-emea-stage-2-lr1,2094,2024-07-18,1:15 AM
EMEA,371285,https://www.vlr.gg/371285/team-vitality-vs-team-heretics-champions-tour-2024-emea-stage-2-lbf,2094,2024-07-19,11:00 PM
EMEA,371283,https://www.vlr.gg/371283/fnatic-vs-team-vitality-champions-tour-2024-emea-stage-2-gf,2094,2024-07-20,11:00 PM
EMEA,348063,https://www.vlr.gg/348063/g2-esports-vs-t1-champions-tour-2024-masters-shanghai-r1,1999,2024-05-23,3:00 PM
EMEA,348061,https://www.vlr.gg/348061/funplus-phoenix-vs-fut-esports-champions-tour-2024-masters-shanghai-r1,1999,2024-05-23,6:10 PM
EMEA,348064,https://www.vlr.gg/348064/gen-g-vs-leviat-n-champions-tour-2024-masters-shanghai-r1,1999,2024-05-24,3:00 PM
EMEA,348059,https://www.vlr.gg/348059/team-heretics-vs-dragon-ranger-gaming-champions-tour-2024-masters-shanghai-r1,1999,2024-05-24,6:00 PM
EMEA,348458,https://www.vlr.gg/348458/funplus-phoenix-vs-gen-g-champions-tour-2024-masters-shanghai-r2,1999,2024-05-25,3:00 PM
EMEA,348457,https://www.vlr.gg/348457/g2-esports-vs-team-heretics-champions-tour-2024-masters-shanghai-r2,1999,2024-05-25,6:40 PM
EMEA,348459,https://www.vlr.gg/348459/leviat-n-vs-t1-champions-tour-2024-masters-shanghai-r2,1999,2024-05-26,3:00 PM
EMEA,348460,https://www.vlr.gg/348460/dragon-ranger-gaming-vs-fut-esports-champions-tour-2024-masters-shanghai-r2,1999,2024-05-26,5:10 PM
EMEA,348462,https://www.vlr.gg/348462/funplus-phoenix-vs-team-heretics-champions-tour-2024-masters-shanghai-r3,1999,2024-05-27,3:00 PM
EMEA,348461,https://www.vlr.gg/348461/fut-esports-vs-leviat-n-champions-tour-2024-masters-shanghai-r3,1999,2024-05-27,6:35 PM
EMEA,348465,https://www.vlr.gg/348465/100-thieves-vs-fut-esports-champions-tour-2024-masters-shanghai-ubqf,1999,2024-05-30,3:00 PM
EMEA,348466,https://www.vlr.gg/348466/fnatic-vs-gen-g-champions-tour-2024-masters-shanghai-ubqf,1999,2024-05-30,5:00 PM
EMEA,348463,https://www.vlr.gg/348463/paper-rex-vs-g2-esports-champions-tour-2024-masters-shanghai-ubqf,1999,2024-05-31,3:00 PM
EMEA,348464,https://www.vlr.gg/348464/edward-gaming-vs-team-heretics-champions-tour-2024-masters-shanghai-ubqf,1999,2024-05-31,6:00 PM
EMEA,348468,https://www.vlr.gg/348468/fut-esports-vs-fnatic-champions-tour-2024-masters-shanghai-lr1,1999,2024-06-01,3:00 PM
EMEA,348467,https://www.vlr.gg/348467/paper-rex-vs-edward-gaming-champions-tour-2024-masters-shanghai-lr1,1999,2024-06-01,6:00 PM
EMEA,348470,https://www.vlr.gg/348470/100-thieves-vs-gen-g-champions-tour-2024-masters-shanghai-ubsf,1999,2024-06-02,3:00 PM
EMEA,348469,https://www.vlr.gg/348469/g2-esports-vs-team-heretics-champions-tour-2024-masters-shanghai-ubsf,1999,2024-06-02,5:15 PM
EMEA,348471,https://www.vlr.gg/348471/100-thieves-vs-paper-rex-champions-tour-2024-masters-shanghai-lr2,1999,2024-06-03,3:00 PM
EMEA,348472,https://www.vlr.gg/348472/team-heretics-vs-fut-esports-champions-tour-2024-masters-shanghai-lr2,1999,2024-06-03,6:10 PM
EMEA,348473,https://www.vlr.gg/348473/g2-esports-vs-gen-g-champions-tour-2024-masters-shanghai-ubf,1999,2024-06-07,2:00 PM
EMEA,348474,https://www.vlr.gg/348474/100-thieves-vs-team-heretics-champions-tour-2024-masters-shanghai-lr3,1999,2024-06-07,4:25 PM
EMEA,348475,https://www.vlr.gg/348475/g2-esports-vs-team-heretics-champions-tour-2024-masters-shanghai-lf,1999,2024-06-08,2:00 PM
EMEA,359463,https://www.vlr.gg/359463/team-international-vs-team-china-champions-tour-2024-masters-shanghai-showmatch,1999,2024-06-09,2:00 PM
EMEA,348476,https://www.vlr.gg/348476/gen-g-vs-team-heretics-champions-tour-2024-masters-shanghai-gf,1999,2024-06-09,3:15 PM
EMEA,318911,https://www.vlr.gg/318911/karmine-corp-vs-giantx-champions-tour-2024-emea-stage-1-w1,1998,2024-04-03,10:00 PM
EMEA,318913,https://www.vlr.gg/318913/koi-vs-team-liquid-champions-tour-2024-emea-stage-1-w1,1998,2024-04-04,12:05 AM
EMEA,318914,https://www.vlr.gg/318914/team-vitality-vs-natus-vincere-champions-tour-2024-emea-stage-1-w1,1998,2024-04-04,10:00 PM
EMEA,318915,https://www.vlr.gg/318915/fnatic-vs-team-heretics-champions-tour-2024-emea-stage-1-w1,1998,2024-04-05,12:10 AM
EMEA,318916,https://www.vlr.gg/318916/team-liquid-vs-fut-esports-champions-tour-2024-emea-stage-1-w1,1998,2024-04-05,10:00 PM
EMEA,318917,https://www.vlr.gg/318917/bbl-esports-vs-gentle-mates-champions-tour-2024-emea-stage-1-w1,1998,2024-04-06,12:00 AM
EMEA,318918,https://www.vlr.gg/318918/karmine-corp-vs-fut-esports-champions-tour-2024-emea-stage-1-w2,1998,2024-04-10,10:00 PM
EMEA,318919,https://www.vlr.gg/318919/team-vitality-vs-team-heretics-champions-tour-2024-emea-stage-1-w2,1998,2024-04-11,1:10 AM
EMEA,318920,https://www.vlr.gg/318920/team-liquid-vs-natus-vincere-champions-tour-2024-emea-stage-1-w2,1998,2024-04-11,10:00 PM
EMEA,318921,https://www.vlr.gg/318921/bbl-esports-vs-koi-champions-tour-2024-emea-stage-1-w2,1998,2024-04-12,1:20 AM
EMEA,318922,https://www.vlr.gg/318922/fnatic-vs-giantx-champions-tour-2024-emea-stage-1-w2,1998,2024-04-12,10:00 PM
EMEA,318923,https://www.vlr.gg/318923/karmine-corp-vs-gentle-mates-champions-tour-2024-emea-stage-1-w2,1998,2024-04-13,12:45 AM
EMEA,318924,https://www.vlr.gg/318924/gentle-mates-vs-fnatic-champions-tour-2024-emea-stage-1-w3,1998,2024-04-17,10:00 PM
EMEA,318925,https://www.vlr.gg/318925/karmine-corp-vs-natus-vincere-champions-tour-2024-emea-stage-1-w3,1998,2024-04-18,12:00 AM
EMEA,318926,https://www.vlr.gg/318926/bbl-esports-vs-team-heretics-champions-tour-2024-emea-stage-1-w3,1998,2024-04-18,10:00 PM
EMEA,318927,https://www.vlr.gg/318927/team-vitality-vs-fut-esports-champions-tour-2024-emea-stage-1-w3,1998,2024-04-19,12:15 AM
EMEA,318928,https://www.vlr.gg/318928/team-liquid-vs-giantx-champions-tour-2024-emea-stage-1-w3,1998,2024-04-19,10:00 PM
EMEA,318929,https://www.vlr.gg/318929/fnatic-vs-koi-champions-tour-2024-emea-stage-1-w3,1998,2024-04-20,1:55 AM
EMEA,318930,https://www.vlr.gg/318930/team-liquid-vs-team-heretics-champions-tour-2024-emea-stage-1-w4,1998,2024-04-24,10:00 PM
EMEA,318931,https://www.vlr.gg/318931/team-vitality-vs-gentle-mates-champions-tour-2024-emea-stage-1-w4,1998,2024-04-25,12:00 AM
EMEA,318932,https://www.vlr.gg/318932/fnatic-vs-fut-esports-champions-tour-2024-emea-stage-1-w4,1998,2024-04-25,10:00 PM
EMEA,318933,https://www.vlr.gg/318933/bbl-esports-vs-natus-vincere-champions-tour-2024-emea-stage-1-w4,1998,2024-04-26,12:30 AM
EMEA,318934,https://www.vlr.gg/318934/team-vitality-vs-giantx-champions-tour-2024-emea-stage-1-w4,1998,2024-04-26,10:00 PM
EMEA,318935,https://www.vlr.gg/318935/karmine-corp-vs-koi-champions-tour-2024-emea-stage-1-w4,1998,2024-04-27,1:10 AM
EMEA,318936,https://www.vlr.gg/318936/bbl-esports-vs-giantx-champions-tour-2024-emea-stage-1-w5,1998,2024-05-01,10:00 PM
EMEA,318937,https://www.vlr.gg/318937/karmine-corp-vs-team-heretics-champions-tour-2024-emea-stage-1-w5,1998,2024-05-02,12:00 AM
EMEA,318938,https://www.vlr.gg/318938/team-vitality-vs-koi-champions-tour-2024-emea-stage-1-w5,1998,2024-05-02,10:00 PM
EMEA,318939,https://www.vlr.gg/318939/natus-vincere-vs-fnatic-champions-tour-2024-emea-stage-1-w5,1998,2024-05-03,12:55 AM
EMEA,318940,https://www.vlr.gg/318940/team-liquid-vs-gentle-mates-champions-tour-2024-emea-stage-1-w5,1998,2024-05-03,10:00 PM
EMEA,318941,https://www.vlr.gg/318941/bbl-esports-vs-fut-esports-champions-tour-2024-emea-stage-1-w5,1998,2024-05-03,11:50 PM
EMEA,341816,https://www.vlr.gg/341816/fnatic-vs-team-liquid-champions-tour-2024-emea-stage-1-knockout,1998,2024-05-08,10:00 PM
EMEA,341817,https://www.vlr.gg/341817/natus-vincere-vs-team-heretics-champions-tour-2024-emea-stage-1-knockout,1998,2024-05-09,1:20 AM
EMEA,341818,https://www.vlr.gg/341818/karmine-corp-vs-fnatic-champions-tour-2024-emea-stage-1-ubsf,1998,2024-05-09,10:00 PM
EMEA,341819,https://www.vlr.gg/341819/fut-esports-vs-team-heretics-champions-tour-2024-emea-stage-1-ubsf,1998,2024-05-10,12:30 AM
EMEA,341820,https://www.vlr.gg/341820/fnatic-vs-team-heretics-champions-tour-2024-emea-stage-1-ubf,1998,2024-05-10,10:00 PM
EMEA,341822,https://www.vlr.gg/341822/karmine-corp-vs-fut-esports-champions-tour-2024-emea-stage-1-lr1,1998,2024-05-11,12:30 AM
EMEA,341823,https://www.vlr.gg/341823/fnatic-vs-fut-esports-champions-tour-2024-emea-stage-1-lbf,1998,2024-05-11,10:00 PM
EMEA,341821,https://www.vlr.gg/341821/team-heretics-vs-fnatic-champions-tour-2024-emea-stage-1-gf,1998,2024-05-12,10:00 PM
EMEA,312765,https://www.vlr.gg/312765/karmine-corp-vs-funplus-phoenix-champions-tour-2024-masters-madrid-swiss-stage-r1,1921,2024-03-14,10:00 PM
EMEA,312766,https://www.vlr.gg/312766/gen-g-vs-loud-champions-tour-2024-masters-madrid-swiss-stage-r1,1921,2024-03-15,12:25 AM
EMEA,312767,https://www.vlr.gg/312767/edward-gaming-vs-paper-rex-champions-tour-2024-masters-madrid-swiss-stage-r1,1921,2024-03-15,10:00 PM
EMEA,312768,https://www.vlr.gg/312768/sentinels-vs-team-heretics-champions-tour-2024-masters-madrid-swiss-stage-r1,1921,2024-03-16,1:15 AM
EMEA,312798,https://www.vlr.gg/312798/sentinels-vs-karmine-corp-champions-tour-2024-masters-madrid-swiss-stage-r2,1921,2024-03-16,10:00 PM
EMEA,312797,https://www.vlr.gg/312797/edward-gaming-vs-gen-g-champions-tour-2024-masters-madrid-swiss-stage-r2,1921,2024-03-17,12:25 AM
EMEA,312800,https://www.vlr.gg/312800/funplus-phoenix-vs-loud-champions-tour-2024-masters-madrid-swiss-stage-r2,1921,2024-03-17,10:00 PM
EMEA,312799,https://www.vlr.gg/312799/team-heretics-vs-paper-rex-champions-tour-2024-masters-madrid-swiss-stage-r2,1921,2024-03-18,12:20 AM
EMEA,312803,https://www.vlr.gg/312803/loud-vs-edward-gaming-champions-tour-2024-masters-madrid-swiss-stage-r3,1921,2024-03-18,10:00 PM
EMEA,312802,https://www.vlr.gg/312802/karmine-corp-vs-paper-rex-champions-tour-2024-masters-madrid-swiss-stage-r3,1921,2024-03-18,11:55 PM
EMEA,312777,https://www.vlr.gg/312777/gen-g-vs-paper-rex-champions-tour-2024-masters-madrid-ubsf,1921,2024-03-21,10:00 PM
EMEA,312776,https://www.vlr.gg/312776/sentinels-vs-loud-champions-tour-2024-masters-madrid-ubsf,1921,2024-03-22,12:10 AM
EMEA,312778,https://www.vlr.gg/312778/gen-g-vs-sentinels-champions-tour-2024-masters-madrid-ubf,1921,2024-03-22,10:00 PM
EMEA,312780,https://www.vlr.gg/312780/paper-rex-vs-loud-champions-tour-2024-masters-madrid-lr1,1921,2024-03-23,12:55 AM
EMEA,312781,https://www.vlr.gg/312781/sentinels-vs-paper-rex-champions-tour-2024-masters-madrid-lbf,1921,2024-03-23,10:00 PM
EMEA,321373,https://www.vlr.gg/321373/team-international-vs-team-spain-champions-tour-2024-masters-madrid-match,1921,2024-03-24,10:00 PM
EMEA,312779,https://www.vlr.gg/312779/gen-g-vs-sentinels-champions-tour-2024-masters-madrid-gf,1921,2024-03-24,11:15 PM
EMEA,297401,https://www.vlr.gg/297401/fut-esports-vs-team-heretics-champions-tour-2024-emea-kickoff-opening-a,1925,2024-02-20,11:00 PM
EMEA,297402,https://www.vlr.gg/297402/giantx-vs-karmine-corp-champions-tour-2024-emea-kickoff-opening-a,1925,2024-02-21,1:35 AM
EMEA,297406,https://www.vlr.gg/297406/natus-vincere-vs-bbl-esports-champions-tour-2024-emea-kickoff-opening-b,1925,2024-02-21,8:00 PM
EMEA,297407,https://www.vlr.gg/297407/team-liquid-vs-koi-champions-tour-2024-emea-kickoff-opening-b,1925,2024-02-21,11:00 PM
EMEA,297412,https://www.vlr.gg/297412/team-vitality-vs-gentle-mates-champions-tour-2024-emea-kickoff-opening-c,1925,2024-02-22,1:45 AM
EMEA,297403,https://www.vlr.gg/297403/team-heretics-vs-karmine-corp-champions-tour-2024-emea-kickoff-winners-a,1925,2024-02-22,11:00 PM
EMEA,297404,https://www.vlr.gg/297404/fut-esports-vs-giantx-champions-tour-2024-emea-kickoff-elim-a,1925,2024-02-23,1:10 AM
EMEA,297408,https://www.vlr.gg/297408/natus-vincere-vs-team-liquid-champions-tour-2024-emea-kickoff-winners-b,1925,2024-02-23,8:00 PM
EMEA,297409,https://www.vlr.gg/297409/bbl-esports-vs-koi-champions-tour-2024-emea-kickoff-elim-b,1925,2024-02-23,10:10 PM
EMEA,297414,https://www.vlr.gg/297414/team-vitality-vs-fnatic-champions-tour-2024-emea-kickoff-winners-c,1925,2024-02-24,12:20 AM
EMEA,297416,https://www.vlr.gg/297416/team-vitality-vs-gentle-mates-champions-tour-2024-emea-kickoff-decider-c,1925,2024-02-25,8:05 PM
EMEA,297405,https://www.vlr.gg/297405/karmine-corp-vs-fut-esports-champions-tour-2024-emea-kickoff-decider-a,1925,2024-02-25,11:15 PM
EMEA,297410,https://www.vlr.gg/297410/team-liquid-vs-koi-champions-tour-2024-emea-kickoff-decider-b,1925,2024-02-26,2:45 AM
EMEA,307567,https://www.vlr.gg/307567/karmine-corp-vs-team-vitality-champions-tour-2024-emea-kickoff-play-in-stage-play-ins,1925,2024-02-26,8:00 PM
EMEA,307565,https://www.vlr.gg/307565/koi-vs-team-vitality-champions-tour-2024-emea-kickoff-play-in-stage-play-ins,1925,2024-02-26,10:45 PM
EMEA,307564,https://www.vlr.gg/307564/karmine-corp-vs-koi-champions-tour-2024-emea-kickoff-play-in-stage-play-ins,1925,2024-02-27,12:45 AM
EMEA,303093,https://www.vlr.gg/303093/team-heretics-vs-natus-vincere-champions-tour-2024-emea-kickoff-playoffs-sf,1925,2024-02-29,11:00 PM
EMEA,303094,https://www.vlr.gg/303094/fnatic-vs-karmine-corp-champions-tour-2024-emea-kickoff-playoffs-sf,1925,2024-03-01,1:20 AM
EMEA,303095,https://www.vlr.gg/303095/team-heretics-vs-karmine-corp-champions-tour-2024-emea-kickoff-playoffs-gf,1925,2024-03-01,11:00 PM
EMEA,235363,https://www.vlr.gg/235363/team-heretics-vs-koi-champions-tour-2023-emea-last-chance-qualifier-ko,1659,2023-07-19,10:00 PM
EMEA,235364,https://www.vlr.gg/235364/bbl-esports-vs-karmine-corp-champions-tour-2023-emea-last-chance-qualifier-ko,1659,2023-07-20,2:10 AM
EMEA,235365,https://www.vlr.gg/235365/natus-vincere-vs-koi-champions-tour-2023-emea-last-chance-qualifier-ubsf,1659,2023-07-20,10:00 PM
EMEA,235366,https://www.vlr.gg/235366/giants-gaming-vs-karmine-corp-champions-tour-2023-emea-last-chance-qualifier-ubsf,1659,2023-07-21,12:20 AM
EMEA,235367,https://www.vlr.gg/235367/koi-vs-giants-gaming-champions-tour-2023-emea-last-chance-qualifier-ubf,1659,2023-07-21,9:40 PM
EMEA,235371,https://www.vlr.gg/235371/natus-vincere-vs-karmine-corp-champions-tour-2023-emea-last-chance-qualifier-lr1,1659,2023-07-22,12:35 AM
EMEA,235372,https://www.vlr.gg/235372/koi-vs-natus-vincere-champions-tour-2023-emea-last-chance-qualifier-lbf,1659,2023-07-22,10:00 PM
EMEA,235368,https://www.vlr.gg/235368/giants-gaming-vs-natus-vincere-champions-tour-2023-emea-last-chance-qualifier-gf,1659,2023-07-23,10:00 PM
EMEA,173215,https://www.vlr.gg/173215/koi-vs-natus-vincere-champions-tour-2023-emea-league-w1,1190,2023-03-27,11:30 PM
EMEA,173214,https://www.vlr.gg/173214/fnatic-vs-giants-gaming-champions-tour-2023-emea-league-w1,1190,2023-03-28,2:30 AM
EMEA,173216,https://www.vlr.gg/173216/team-heretics-vs-fut-esports-champions-tour-2023-emea-league-w1,1190,2023-03-28,11:00 PM
EMEA,173217,https://www.vlr.gg/173217/team-liquid-vs-team-vitality-champions-tour-2023-emea-league-w1,1190,2023-03-29,1:30 AM
EMEA,173218,https://www.vlr.gg/173218/natus-vincere-vs-giants-gaming-champions-tour-2023-emea-league-w1,1190,2023-03-29,11:00 PM
EMEA,173219,https://www.vlr.gg/173219/karmine-corp-vs-bbl-esports-champions-tour-2023-emea-league-w1,1190,2023-03-30,3:30 AM
EMEA,173220,https://www.vlr.gg/173220/team-liquid-vs-fut-esports-champions-tour-2023-emea-league-w1,1190,2023-03-30,11:00 PM
EMEA,173221,https://www.vlr.gg/173221/koi-vs-team-vitality-champions-tour-2023-emea-league-w1,1190,2023-03-31,2:15 AM
EMEA,173222,https://www.vlr.gg/173222/fnatic-vs-bbl-esports-champions-tour-2023-emea-league-w1,1190,2023-03-31,11:00 PM
EMEA,173223,https://www.vlr.gg/173223/team-heretics-vs-karmine-corp-champions-tour-2023-emea-league-w1,1190,2023-04-01,2:45 AM
EMEA,183944,https://www.vlr.gg/183944/team-vitality-vs-fut-esports-champions-tour-2023-emea-league-w2,1190,2023-04-06,1:00 AM
EMEA,183945,https://www.vlr.gg/183945/natus-vincere-vs-bbl-esports-champions-tour-2023-emea-league-w2,1190,2023-04-06,11:00 PM
EMEA,183946,https://www.vlr.gg/183946/fnatic-vs-team-heretics-champions-tour-2023-emea-league-w2,1190,2023-04-07,2:00 AM
EMEA,183947,https://www.vlr.gg/183947/team-liquid-vs-karmine-corp-champions-tour-2023-emea-league-w2,1190,2023-04-07,11:00 PM
EMEA,183948,https://www.vlr.gg/183948/koi-vs-giants-gaming-champions-tour-2023-emea-league-w2,1190,2023-04-08,1:30 AM
EMEA,183949,https://www.vlr.gg/183949/natus-vincere-vs-team-heretics-champions-tour-2023-emea-league-w3,1190,2023-04-13,1:00 AM
EMEA,183950,https://www.vlr.gg/183950/koi-vs-fut-esports-champions-tour-2023-emea-league-w3,1190,2023-04-13,11:40 PM
EMEA,183951,https://www.vlr.gg/183951/team-liquid-vs-fnatic-champions-tour-2023-emea-league-w3,1190,2023-04-14,2:00 AM
EMEA,183952,https://www.vlr.gg/183952/giants-gaming-vs-bbl-esports-champions-tour-2023-emea-league-w3,1190,2023-04-15,12:00 AM
EMEA,183953,https://www.vlr.gg/183953/team-vitality-vs-karmine-corp-champions-tour-2023-emea-league-w3,1190,2023-04-15,2:15 AM
EMEA,184037,https://www.vlr.gg/184037/team-heretics-vs-team-liquid-champions-tour-2023-emea-league-w4,1190,2023-04-20,1:00 AM
EMEA,184039,https://www.vlr.gg/184039/fut-esports-vs-giants-gaming-champions-tour-2023-emea-league-w4,1190,2023-04-20,11:00 PM
EMEA,184040,https://www.vlr.gg/184040/karmine-corp-vs-natus-vincere-champions-tour-2023-emea-league-w4,1190,2023-04-21,11:00 PM
EMEA,184041,https://www.vlr.gg/184041/bbl-esports-vs-team-vitality-champions-tour-2023-emea-league-w4,1190,2023-04-22,2:00 AM
EMEA,184042,https://www.vlr.gg/184042/giants-gaming-vs-team-liquid-champions-tour-2023-emea-league-w5,1190,2023-04-27,1:00 AM
EMEA,184043,https://www.vlr.gg/184043/bbl-esports-vs-team-heretics-champions-tour-2023-emea-league-w5,1190,2023-04-27,11:00 PM
EMEA,184044,https://www.vlr.gg/184044/koi-vs-karmine-corp-champions-tour-2023-emea-league-w5,1190,2023-04-28,3:15 AM
EMEA,184045,https://www.vlr.gg/184045/fut-esports-vs-fnatic-champions-tour-2023-emea-league-w5,1190,2023-04-28,11:00 PM
EMEA,184046,https://www.vlr.gg/184046/team-vitality-vs-natus-vincere-champions-tour-2023-emea-league-w5,1190,2023-04-29,1:20 AM
EMEA,184047,https://www.vlr.gg/184047/team-vitality-vs-fnatic-champions-tour-2023-emea-league-w6,1190,2023-05-04,1:00 AM
EMEA,184048,https://www.vlr.gg/184048/fut-esports-vs-karmine-corp-champions-tour-2023-emea-league-w6,1190,2023-05-04,11:00 PM
EMEA,184049,https://www.vlr.gg/184049/koi-vs-bbl-esports-champions-tour-2023-emea-league-w6,1190,2023-05-05,1:15 AM
EMEA,184050,https://www.vlr.gg/184050/natus-vincere-vs-team-liquid-champions-tour-2023-emea-league-w6,1190,2023-05-05,11:00 PM
EMEA,184051,https://www.vlr.gg/184051/giants-gaming-vs-team-heretics-champions-tour-2023-emea-league-w6,1190,2023-05-06,2:15 AM
EMEA,184038,https://www.vlr.gg/184038/koi-vs-fnatic-champions-tour-2023-emea-league-w4,1190,2023-05-10,11:00 PM
EMEA,184052,https://www.vlr.gg/184052/giants-gaming-vs-team-vitality-champions-tour-2023-emea-league-w7,1190,2023-05-11,2:10 AM
EMEA,184053,https://www.vlr.gg/184053/fut-esports-vs-natus-vincere-champions-tour-2023-emea-league-w7,1190,2023-05-11,11:00 PM
EMEA,184054,https://www.vlr.gg/184054/karmine-corp-vs-fnatic-champions-tour-2023-emea-league-w7,1190,2023-05-12,2:20 AM
EMEA,184055,https://www.vlr.gg/184055/bbl-esports-vs-team-liquid-champions-tour-2023-emea-league-w7,1190,2023-05-12,11:00 PM
EMEA,184056,https://www.vlr.gg/184056/koi-vs-team-heretics-champions-tour-2023-emea-league-w7,1190,2023-05-13,3:15 AM
EMEA,184057,https://www.vlr.gg/184057/fnatic-vs-natus-vincere-champions-tour-2023-emea-league-w8,1190,2023-05-18,1:00 AM
EMEA,184058,https://www.vlr.gg/184058/team-heretics-vs-team-vitality-champions-tour-2023-emea-league-w8,1190,2023-05-18,10:35 PM
EMEA,184059,https://www.vlr.gg/184059/karmine-corp-vs-giants-gaming-champions-tour-2023-emea-league-w8,1190,2023-05-19,1:35 AM
EMEA,184060,https://www.vlr.gg/184060/koi-vs-team-liquid-champions-tour-2023-emea-league-w8,1190,2023-05-19,11:00 PM
EMEA,184061,https://www.vlr.gg/184061/bbl-esports-vs-fut-esports-champions-tour-2023-emea-league-w8,1190,2023-05-20,3:35 AM
EMEA,213193,https://www.vlr.gg/213193/giants-gaming-vs-fut-esports-champions-tour-2023-emea-league-ur1,1190,2023-05-23,10:00 PM
EMEA,213194,https://www.vlr.gg/213194/team-liquid-vs-team-vitality-champions-tour-2023-emea-league-ur1,1190,2023-05-24,12:15 AM
EMEA,213195,https://www.vlr.gg/213195/fnatic-vs-fut-esports-champions-tour-2023-emea-league-ubsf,1190,2023-05-24,10:00 PM
EMEA,213196,https://www.vlr.gg/213196/natus-vincere-vs-team-liquid-champions-tour-2023-emea-league-ubsf,1190,2023-05-25,1:45 AM
EMEA,213200,https://www.vlr.gg/213200/fut-esports-vs-team-vitality-champions-tour-2023-emea-league-lr1,1190,2023-05-26,12:20 AM
EMEA,213199,https://www.vlr.gg/213199/natus-vincere-vs-giants-gaming-champions-tour-2023-emea-league-lr1,1190,2023-05-26,3:45 AM
EMEA,213197,https://www.vlr.gg/213197/fnatic-vs-team-liquid-champions-tour-2023-emea-league-ubf,1190,2023-05-26,10:00 PM
EMEA,213201,https://www.vlr.gg/213201/natus-vincere-vs-fut-esports-champions-tour-2023-emea-league-lr2,1190,2023-05-27,12:40 AM
EMEA,213202,https://www.vlr.gg/213202/team-liquid-vs-fut-esports-champions-tour-2023-emea-league-lbf,1190,2023-05-27,10:00 PM
EMEA,213198,https://www.vlr.gg/213198/fnatic-vs-team-liquid-champions-tour-2023-emea-league-gf,1190,2023-05-28,10:00 PM
EMEA,130617,https://www.vlr.gg/130617/paper-rex-vs-edward-gaming-valorant-champions-2022-group-stage-opening-a,1015,2022-08-31,9:00 PM
EMEA,130618,https://www.vlr.gg/130618/leviat-n-vs-team-liquid-valorant-champions-2022-group-stage-opening-a,1015,2022-09-01,12:35 AM
EMEA,130623,https://www.vlr.gg/130623/zeta-division-vs-loud-valorant-champions-2022-group-stage-opening-b,1015,2022-09-01,7:00 PM
EMEA,130622,https://www.vlr.gg/130622/optic-gaming-vs-boom-esports-valorant-champions-2022-group-stage-opening-b,1015,2022-09-01,9:45 PM
EMEA,130619,https://www.vlr.gg/130619/paper-rex-vs-leviat-n-valorant-champions-2022-group-stage-winners-a,1015,2022-09-02,1:35 AM
EMEA,130632,https://www.vlr.gg/130632/drx-vs-furia-valorant-champions-2022-group-stage-opening-d,1015,2022-09-02,7:00 PM
EMEA,130633,https://www.vlr.gg/130633/fnatic-vs-100-thieves-valorant-champions-2022-group-stage-opening-d,1015,2022-09-02,10:10 PM
EMEA,130624,https://www.vlr.gg/130624/optic-gaming-vs-loud-valorant-champions-2022-group-stage-winners-b,1015,2022-09-03,2:00 AM
EMEA,130628,https://www.vlr.gg/130628/xset-vs-xerxia-esports-valorant-champions-2022-group-stage-opening-c,1015,2022-09-03,7:00 PM
EMEA,130627,https://www.vlr.gg/130627/funplus-phoenix-vs-kr-esports-valorant-champions-2022-group-stage-opening-c,1015,2022-09-03,10:00 PM
EMEA,130634,https://www.vlr.gg/130634/drx-vs-100-thieves-valorant-champions-2022-group-stage-winners-d,1015,2022-09-04,12:45 AM
EMEA,130625,https://www.vlr.gg/130625/boom-esports-vs-zeta-division-valorant-champions-2022-group-stage-elim-b,1015,2022-09-04,7:00 PM
EMEA,130620,https://www.vlr.gg/130620/edward-gaming-vs-team-liquid-valorant-champions-2022-group-stage-elim-a,1015,2022-09-04,10:45 PM
EMEA,130630,https://www.vlr.gg/130630/kr-esports-vs-xerxia-esports-valorant-champions-2022-group-stage-elim-c,1015,2022-09-05,7:00 PM
EMEA,130635,https://www.vlr.gg/130635/furia-vs-fnatic-valorant-champions-2022-group-stage-elim-d,1015,2022-09-05,10:20 PM
EMEA,130629,https://www.vlr.gg/130629/funplus-phoenix-vs-xset-valorant-champions-2022-group-stage-winners-c,1015,2022-09-06,2:10 AM
EMEA,130621,https://www.vlr.gg/130621/paper-rex-vs-team-liquid-valorant-champions-2022-group-stage-decider-a,1015,2022-09-07,9:00 PM
EMEA,130626,https://www.vlr.gg/130626/loud-vs-zeta-division-valorant-champions-2022-group-stage-decider-b,1015,2022-09-08,1:00 AM
EMEA,130631,https://www.vlr.gg/130631/funplus-phoenix-vs-kr-esports-valorant-champions-2022-group-stage-decider-c,1015,2022-09-08,9:00 PM
EMEA,130636,https://www.vlr.gg/130636/100-thieves-vs-fnatic-valorant-champions-2022-group-stage-decider-d,1015,2022-09-08,11:35 PM
EMEA,130679,https://www.vlr.gg/130679/leviat-n-vs-loud-valorant-champions-2022-ubqf,1015,2022-09-09,9:00 PM
EMEA,130678,https://www.vlr.gg/130678/drx-vs-funplus-phoenix-valorant-champions-2022-ubqf,1015,2022-09-10,12:00 AM
EMEA,130680,https://www.vlr.gg/130680/optic-gaming-vs-team-liquid-valorant-champions-2022-ubqf,1015,2022-09-10,9:00 PM
EMEA,130681,https://www.vlr.gg/130681/xset-vs-fnatic-valorant-champions-2022-ubqf,1015,2022-09-11,12:50 AM
EMEA,130686,https://www.vlr.gg/130686/funplus-phoenix-vs-leviat-n-valorant-champions-2022-lr1,1015,2022-09-11,9:00 PM
EMEA,130687,https://www.vlr.gg/130687/team-liquid-vs-fnatic-valorant-champions-2022-lr1,1015,2022-09-11,11:55 PM
EMEA,130682,https://www.vlr.gg/130682/drx-vs-loud-valorant-champions-2022-ubsf,1015,2022-09-12,9:00 PM
EMEA,130683,https://www.vlr.gg/130683/optic-gaming-vs-xset-valorant-champions-2022-ubsf,1015,2022-09-12,11:40 PM
EMEA,130689,https://www.vlr.gg/130689/drx-vs-fnatic-valorant-champions-2022-lr2,1015,2022-09-13,9:00 PM
EMEA,130688,https://www.vlr.gg/130688/xset-vs-funplus-phoenix-valorant-champions-2022-lr2,1015,2022-09-14,1:10 AM
EMEA,130684,https://www.vlr.gg/130684/loud-vs-optic-gaming-valorant-champions-2022-ubf,1015,2022-09-16,9:15 PM
EMEA,130690,https://www.vlr.gg/130690/funplus-phoenix-vs-drx-valorant-champions-2022-lr3,1015,2022-09-16,11:45 PM
EMEA,130691,https://www.vlr.gg/130691/optic-gaming-vs-drx-valorant-champions-2022-lbf,1015,2022-09-17,9:00 PM
EMEA,130685,https://www.vlr.gg/130685/loud-vs-optic-gaming-valorant-champions-2022-gf,1015,2022-09-18,9:10 PM
EMEA,112600,https://www.vlr.gg/112600/g2-esports-vs-og-ldn-utd-champions-tour-emea-last-chance-qualifier-ubqf,1117,2022-08-07,9:00 PM
EMEA,112601,https://www.vlr.gg/112601/m3-champions-vs-acend-champions-tour-emea-last-chance-qualifier-ubqf,1117,2022-08-07,11:00 PM
EMEA,112602,https://www.vlr.gg/112602/team-liquid-vs-bbl-esports-champions-tour-emea-last-chance-qualifier-ubqf,1117,2022-08-08,9:00 PM
EMEA,112603,https://www.vlr.gg/112603/guild-esports-vs-natus-vincere-champions-tour-emea-last-chance-qualifier-ubqf,1117,2022-08-08,11:10 PM
EMEA,112608,https://www.vlr.gg/112608/g2-esports-vs-acend-champions-tour-emea-last-chance-qualifier-lr1,1117,2022-08-09,9:00 PM
EMEA,112609,https://www.vlr.gg/112609/bbl-esports-vs-guild-esports-champions-tour-emea-last-chance-qualifier-lr1,1117,2022-08-10,12:10 AM
EMEA,112604,https://www.vlr.gg/112604/og-ldn-utd-vs-m3-champions-champions-tour-emea-last-chance-qualifier-ubsf,1117,2022-08-10,9:00 PM
EMEA,112605,https://www.vlr.gg/112605/team-liquid-vs-natus-vincere-champions-tour-emea-last-chance-qualifier-ubsf,1117,2022-08-11,12:55 AM
EMEA,112610,https://www.vlr.gg/112610/natus-vincere-vs-g2-esports-champions-tour-emea-last-chance-qualifier-lr2,1117,2022-08-11,9:00 PM
EMEA,112611,https://www.vlr.gg/112611/og-ldn-utd-vs-guild-esports-champions-tour-emea-last-chance-qualifier-lr2,1117,2022-08-11,11:35 PM
EMEA,112606,https://www.vlr.gg/112606/m3-champions-vs-team-liquid-champions-tour-emea-last-chance-qualifier-ubf,1117,2022-08-13,7:00 PM
EMEA,112612,https://www.vlr.gg/112612/g2-esports-vs-og-ldn-utd-champions-tour-emea-last-chance-qualifier-lr3,1117,2022-08-13,10:55 PM
EMEA,112613,https://www.vlr.gg/112613/team-liquid-vs-g2-esports-champions-tour-emea-last-chance-qualifier-lbf,1117,2022-08-14,1:05 AM
EMEA,112607,https://www.vlr.gg/112607/m3-champions-vs-team-liquid-champions-tour-emea-last-chance-qualifier-gf,1117,2022-08-14,9:00 PM
EMEA,112288,https://www.vlr.gg/112288/drx-vs-northeption-valorant-champions-tour-stage-2-masters-copenhagen-opening-b,1014,2022-07-10,8:00 PM
EMEA,112283,https://www.vlr.gg/112283/loud-vs-kr-esports-valorant-champions-tour-stage-2-masters-copenhagen-opening-a,1014,2022-07-10,10:45 PM
EMEA,112282,https://www.vlr.gg/112282/optic-gaming-vs-guild-esports-valorant-champions-tour-stage-2-masters-copenhagen-opening-a,1014,2022-07-11,2:35 AM
EMEA,112287,https://www.vlr.gg/112287/funplus-phoenix-vs-xerxia-esports-valorant-champions-tour-stage-2-masters-copenhagen-opening-b,1014,2022-07-11,10:00 PM
EMEA,112284,https://www.vlr.gg/112284/guild-esports-vs-kr-esports-valorant-champions-tour-stage-2-masters-copenhagen-winners-a,1014,2022-07-12,1:50 AM
EMEA,112289,https://www.vlr.gg/112289/funplus-phoenix-vs-drx-valorant-champions-tour-stage-2-masters-copenhagen-winners-b,1014,2022-07-12,8:00 PM
EMEA,112290,https://www.vlr.gg/112290/xerxia-esports-vs-northeption-valorant-champions-tour-stage-2-masters-copenhagen-elim-b,1014,2022-07-12,11:35 PM
EMEA,112285,https://www.vlr.gg/112285/optic-gaming-vs-loud-valorant-champions-tour-stage-2-masters-copenhagen-elim-a,1014,2022-07-13,3:00 AM
EMEA,112291,https://www.vlr.gg/112291/funplus-phoenix-vs-northeption-valorant-champions-tour-stage-2-masters-copenhagen-decider-b,1014,2022-07-13,10:00 PM
EMEA,112286,https://www.vlr.gg/112286/kr-esports-vs-optic-gaming-valorant-champions-tour-stage-2-masters-copenhagen-decider-a,1014,2022-07-14,1:00 AM
EMEA,112320,https://www.vlr.gg/112320/paper-rex-vs-guild-esports-valorant-champions-tour-stage-2-masters-copenhagen-ubqf,1014,2022-07-14,10:00 PM
EMEA,112321,https://www.vlr.gg/112321/fnatic-vs-funplus-phoenix-valorant-champions-tour-stage-2-masters-copenhagen-ubqf,1014,2022-07-15,12:35 AM
EMEA,112322,https://www.vlr.gg/112322/leviat-n-vs-drx-valorant-champions-tour-stage-2-masters-copenhagen-ubqf,1014,2022-07-15,10:00 PM
EMEA,112323,https://www.vlr.gg/112323/xset-vs-optic-gaming-valorant-champions-tour-stage-2-masters-copenhagen-ubqf,1014,2022-07-16,1:45 AM
EMEA,112328,https://www.vlr.gg/112328/guild-esports-vs-funplus-phoenix-valorant-champions-tour-stage-2-masters-copenhagen-lr1,1014,2022-07-16,10:00 PM
EMEA,112329,https://www.vlr.gg/112329/leviat-n-vs-xset-valorant-champions-tour-stage-2-masters-copenhagen-lr1,1014,2022-07-17,1:25 AM
EMEA,112324,https://www.vlr.gg/112324/paper-rex-vs-fnatic-valorant-champions-tour-stage-2-masters-copenhagen-ubsf,1014,2022-07-17,10:00 PM
EMEA,112325,https://www.vlr.gg/112325/drx-vs-optic-gaming-valorant-champions-tour-stage-2-masters-copenhagen-ubsf,1014,2022-07-18,1:00 AM
EMEA,112331,https://www.vlr.gg/112331/fnatic-vs-leviat-n-valorant-champions-tour-stage-2-masters-copenhagen-lr2,1014,2022-07-18,10:00 PM
EMEA,112330,https://www.vlr.gg/112330/drx-vs-funplus-phoenix-valorant-champions-tour-stage-2-masters-copenhagen-lr2,1014,2022-07-19,2:25 AM
EMEA,112326,https://www.vlr.gg/112326/paper-rex-vs-optic-gaming-valorant-champions-tour-stage-2-masters-copenhagen-ubf,1014,2022-07-22,10:00 PM
EMEA,112332,https://www.vlr.gg/112332/funplus-phoenix-vs-fnatic-valorant-champions-tour-stage-2-masters-copenhagen-lr3,1014,2022-07-23,1:15 AM
EMEA,112334,https://www.vlr.gg/112334/optic-gaming-vs-funplus-phoenix-valorant-champions-tour-stage-2-masters-copenhagen-lbf,1014,2022-07-23,10:00 PM
EMEA,112327,https://www.vlr.gg/112327/paper-rex-vs-funplus-phoenix-valorant-champions-tour-stage-2-masters-copenhagen-gf,1014,2022-07-24,10:00 PM
EMEA,99244,https://www.vlr.gg/99244/bbl-esports-vs-natus-vincere-champions-tour-stage-2-emea-challengers-group-stage-week-1,984,2022-05-13,9:00 PM
EMEA,99245,https://www.vlr.gg/99245/og-ldn-utd-vs-acend-champions-tour-stage-2-emea-challengers-group-stage-week-1,984,2022-05-14,12:40 AM
EMEA,99246,https://www.vlr.gg/99246/fnatic-vs-funplus-phoenix-champions-tour-stage-2-emea-challengers-group-stage-week-1,984,2022-05-14,9:00 PM
EMEA,99247,https://www.vlr.gg/99247/team-liquid-vs-big-champions-tour-stage-2-emea-challengers-group-stage-week-1,984,2022-05-15,12:05 AM
EMEA,99248,https://www.vlr.gg/99248/guild-esports-vs-m3-champions-champions-tour-stage-2-emea-challengers-group-stage-week-1,984,2022-05-15,9:00 PM
EMEA,99249,https://www.vlr.gg/99249/g2-esports-vs-fokus-champions-tour-stage-2-emea-challengers-group-stage-week-1,984,2022-05-15,11:15 PM
EMEA,99580,https://www.vlr.gg/99580/bbl-esports-vs-team-liquid-champions-tour-stage-2-emea-challengers-group-stage-week-2,984,2022-05-20,9:00 PM
EMEA,99581,https://www.vlr.gg/99581/og-ldn-utd-vs-fnatic-champions-tour-stage-2-emea-challengers-group-stage-week-2,984,2022-05-20,11:35 PM
EMEA,99582,https://www.vlr.gg/99582/funplus-phoenix-vs-g2-esports-champions-tour-stage-2-emea-challengers-group-stage-week-2,984,2022-05-21,9:00 PM
EMEA,99583,https://www.vlr.gg/99583/big-vs-guild-esports-champions-tour-stage-2-emea-challengers-group-stage-week-2,984,2022-05-21,11:20 PM
EMEA,99584,https://www.vlr.gg/99584/natus-vincere-vs-m3-champions-champions-tour-stage-2-emea-challengers-group-stage-week-2,984,2022-05-22,9:00 PM
EMEA,99585,https://www.vlr.gg/99585/fokus-vs-acend-champions-tour-stage-2-emea-challengers-group-stage-week-2,984,2022-05-22,11:55 PM
EMEA,99586,https://www.vlr.gg/99586/team-liquid-vs-guild-esports-champions-tour-stage-2-emea-challengers-group-stage-week-3,984,2022-05-27,9:05 PM
EMEA,99587,https://www.vlr.gg/99587/og-ldn-utd-vs-g2-esports-champions-tour-stage-2-emea-challengers-group-stage-week-3,984,2022-05-28,12:05 AM
EMEA,99588,https://www.vlr.gg/99588/big-vs-natus-vincere-champions-tour-stage-2-emea-challengers-group-stage-week-3,984,2022-05-28,9:00 PM
EMEA,99589,https://www.vlr.gg/99589/acend-vs-fnatic-champions-tour-stage-2-emea-challengers-group-stage-week-3,984,2022-05-29,12:00 AM
EMEA,99590,https://www.vlr.gg/99590/bbl-esports-vs-m3-champions-champions-tour-stage-2-emea-challengers-group-stage-week-3,984,2022-05-29,9:00 PM
EMEA,99591,https://www.vlr.gg/99591/fokus-vs-funplus-phoenix-champions-tour-stage-2-emea-challengers-group-stage-week-3,984,2022-05-29,10:55 PM
EMEA,99592,https://www.vlr.gg/99592/acend-vs-g2-esports-champions-tour-stage-2-emea-challengers-group-stage-week-4,984,2022-06-03,9:00 PM
EMEA,99593,https://www.vlr.gg/99593/natus-vincere-vs-team-liquid-champions-tour-stage-2-emea-challengers-group-stage-week-4,984,2022-06-04,12:20 AM
EMEA,99594,https://www.vlr.gg/99594/big-vs-m3-champions-champions-tour-stage-2-emea-challengers-group-stage-week-4,984,2022-06-04,9:00 PM
EMEA,99595,https://www.vlr.gg/99595/og-ldn-utd-vs-funplus-phoenix-champions-tour-stage-2-emea-challengers-group-stage-week-4,984,2022-06-04,11:25 PM
EMEA,99596,https://www.vlr.gg/99596/bbl-esports-vs-guild-esports-champions-tour-stage-2-emea-challengers-group-stage-week-4,984,2022-06-05,9:00 PM
EMEA,99597,https://www.vlr.gg/99597/fokus-vs-fnatic-champions-tour-stage-2-emea-challengers-group-stage-week-4,984,2022-06-06,12:10 AM
EMEA,99598,https://www.vlr.gg/99598/acend-vs-funplus-phoenix-champions-tour-stage-2-emea-challengers-group-stage-week-5,984,2022-06-10,9:00 PM
EMEA,99599,https://www.vlr.gg/99599/m3-champions-vs-team-liquid-champions-tour-stage-2-emea-challengers-group-stage-week-5,984,2022-06-11,12:20 AM
EMEA,99600,https://www.vlr.gg/99600/natus-vincere-vs-guild-esports-champions-tour-stage-2-emea-challengers-group-stage-week-5,984,2022-06-11,9:00 PM
EMEA,99601,https://www.vlr.gg/99601/fokus-vs-og-ldn-utd-champions-tour-stage-2-emea-challengers-group-stage-week-5,984,2022-06-12,12:30 AM
EMEA,99602,https://www.vlr.gg/99602/big-vs-bbl-esports-champions-tour-stage-2-emea-challengers-group-stage-week-5,984,2022-06-12,9:00 PM
EMEA,99603,https://www.vlr.gg/99603/fnatic-vs-g2-esports-champions-tour-stage-2-emea-challengers-group-stage-week-5,984,2022-06-12,11:10 PM
EMEA,107023,https://www.vlr.gg/107023/acend-vs-m3-champions-champions-tour-emea-stage-2-challengers-playoffs-ubr1,984,2022-06-17,9:00 PM
EMEA,107024,https://www.vlr.gg/107024/team-liquid-vs-funplus-phoenix-champions-tour-emea-stage-2-challengers-playoffs-ubr1,984,2022-06-17,11:35 PM
EMEA,107025,https://www.vlr.gg/107025/guild-esports-vs-m3-champions-champions-tour-emea-stage-2-challengers-playoffs-ubsf,984,2022-06-18,9:00 PM
EMEA,107026,https://www.vlr.gg/107026/fnatic-vs-funplus-phoenix-champions-tour-emea-stage-2-challengers-playoffs-ubsf,984,2022-06-18,11:10 PM
EMEA,107528,https://www.vlr.gg/107528/m3-champions-vs-team-liquid-champions-tour-emea-stage-2-challengers-playoffs-lr1,984,2022-06-19,9:00 PM
EMEA,107527,https://www.vlr.gg/107527/funplus-phoenix-vs-acend-champions-tour-emea-stage-2-challengers-playoffs-lr1,984,2022-06-20,12:05 AM
EMEA,107529,https://www.vlr.gg/107529/guild-esports-vs-fnatic-champions-tour-emea-stage-2-challengers-playoffs-ubf,984,2022-06-24,9:05 PM
EMEA,107530,https://www.vlr.gg/107530/funplus-phoenix-vs-m3-champions-champions-tour-emea-stage-2-challengers-playoffs-lr2,984,2022-06-24,11:30 PM
EMEA,107526,https://www.vlr.gg/107526/guild-esports-vs-funplus-phoenix-champions-tour-emea-stage-2-challengers-playoffs-lbf,984,2022-06-25,9:00 PM
EMEA,107525,https://www.vlr.gg/107525/fnatic-vs-funplus-phoenix-champions-tour-emea-stage-2-challengers-playoffs-gf,984,2022-06-26,9:00 PM
EMEA,84372,https://www.vlr.gg/84372/drx-vs-zeta-division-valorant-champions-tour-stage-1-masters-reykjav-k-opening-a,926,2022-04-10,10:00 PM
EMEA,84374,https://www.vlr.gg/84374/kr-esports-vs-team-liquid-valorant-champions-tour-stage-1-masters-reykjav-k-opening-b,926,2022-04-11,12:55 AM
EMEA,84373,https://www.vlr.gg/84373/optic-gaming-vs-xerxia-esports-valorant-champions-tour-stage-1-masters-reykjav-k-opening-b,926,2022-04-11,3:45 AM
EMEA,84371,https://www.vlr.gg/84371/fnatic-vs-ninjas-in-pyjamas-valorant-champions-tour-stage-1-masters-reykjav-k-opening-a,926,2022-04-12,12:00 AM
EMEA,84647,https://www.vlr.gg/84647/xerxia-esports-vs-team-liquid-valorant-champions-tour-stage-1-masters-reykjav-k-winners-b,926,2022-04-12,2:50 AM
EMEA,84644,https://www.vlr.gg/84644/ninjas-in-pyjamas-vs-drx-valorant-champions-tour-stage-1-masters-reykjav-k-winners-a,926,2022-04-12,10:00 PM
EMEA,84648,https://www.vlr.gg/84648/optic-gaming-vs-kr-esports-valorant-champions-tour-stage-1-masters-reykjav-k-elimination-b,926,2022-04-13,1:30 AM
EMEA,84645,https://www.vlr.gg/84645/fnatic-vs-zeta-division-valorant-champions-tour-stage-1-masters-reykjav-k-elimination-a,926,2022-04-13,4:40 AM
EMEA,84649,https://www.vlr.gg/84649/xerxia-esports-vs-optic-gaming-valorant-champions-tour-stage-1-masters-reykjav-k-decider-b,926,2022-04-14,12:00 AM
EMEA,84646,https://www.vlr.gg/84646/ninjas-in-pyjamas-vs-zeta-division-valorant-champions-tour-stage-1-masters-reykjav-k-decider-a,926,2022-04-14,2:30 AM
EMEA,85523,https://www.vlr.gg/85523/g2-esports-vs-zeta-division-valorant-champions-tour-stage-1-masters-reykjav-k-ubqf,926,2022-04-15,12:00 AM
EMEA,85526,https://www.vlr.gg/85526/loud-vs-team-liquid-valorant-champions-tour-stage-1-masters-reykjav-k-ubqf,926,2022-04-15,2:40 AM
EMEA,85525,https://www.vlr.gg/85525/paper-rex-vs-drx-valorant-champions-tour-stage-1-masters-reykjav-k-ubqf,926,2022-04-16,12:00 AM
EMEA,85524,https://www.vlr.gg/85524/the-guard-vs-optic-gaming-valorant-champions-tour-stage-1-masters-reykjav-k-ubqf,926,2022-04-16,4:00 AM
EMEA,85531,https://www.vlr.gg/85531/zeta-division-vs-team-liquid-valorant-champions-tour-stage-1-masters-reykjav-k-lr1,926,2022-04-17,12:00 AM
EMEA,85532,https://www.vlr.gg/85532/paper-rex-vs-the-guard-valorant-champions-tour-stage-1-masters-reykjav-k-lr1,926,2022-04-17,3:30 AM
EMEA,85528,https://www.vlr.gg/85528/drx-vs-optic-gaming-valorant-champions-tour-stage-1-masters-reykjav-k-ubsf,926,2022-04-18,12:00 AM
EMEA,85527,https://www.vlr.gg/85527/g2-esports-vs-loud-valorant-champions-tour-stage-1-masters-reykjav-k-ubsf,926,2022-04-18,4:00 AM
EMEA,85533,https://www.vlr.gg/85533/drx-vs-zeta-division-valorant-champions-tour-stage-1-masters-reykjav-k-lr2,926,2022-04-19,12:00 AM
EMEA,85534,https://www.vlr.gg/85534/g2-esports-vs-paper-rex-valorant-champions-tour-stage-1-masters-reykjav-k-lr2,926,2022-04-19,4:00 AM
EMEA,85529,https://www.vlr.gg/85529/loud-vs-optic-gaming-valorant-champions-tour-stage-1-masters-reykjav-k-ubf,926,2022-04-23,12:00 AM
EMEA,85535,https://www.vlr.gg/85535/zeta-division-vs-paper-rex-valorant-champions-tour-stage-1-masters-reykjav-k-lr3,926,2022-04-23,3:25 AM
EMEA,85536,https://www.vlr.gg/85536/optic-gaming-vs-zeta-division-valorant-champions-tour-stage-1-masters-reykjav-k-lbf,926,2022-04-24,12:00 AM
EMEA,85530,https://www.vlr.gg/85530/loud-vs-optic-gaming-valorant-champions-tour-stage-1-masters-reykjav-k-gf,926,2022-04-25,12:00 AM
EMEA,83444,https://www.vlr.gg/83444/rebels-gaming-vs-sector-one-champions-tour-stage-1-emea-promotion-opening-a,885,2022-04-01,10:00 PM
EMEA,83449,https://www.vlr.gg/83449/fokus-vs-anonymo-mentos-champions-tour-stage-1-emea-promotion-group-b,885,2022-04-01,10:00 PM
EMEA,83445,https://www.vlr.gg/83445/surreal-esports-vs-excel-champions-tour-stage-1-emea-promotion-opening-a,885,2022-04-02,12:00 AM
EMEA,83450,https://www.vlr.gg/83450/team-falcons-vs-fokus-champions-tour-stage-1-emea-promotion-group-b,885,2022-04-02,1:00 AM
EMEA,83447,https://www.vlr.gg/83447/sector-one-vs-excel-champions-tour-stage-1-emea-promotion-elim-a,885,2022-04-02,10:00 PM
EMEA,83446,https://www.vlr.gg/83446/rebels-gaming-vs-surreal-esports-champions-tour-stage-1-emea-promotion-winners-a,885,2022-04-03,12:00 AM
EMEA,83451,https://www.vlr.gg/83451/team-falcons-vs-anonymo-mentos-champions-tour-stage-1-emea-promotion-group-b,885,2022-04-03,12:00 AM
EMEA,83448,https://www.vlr.gg/83448/surreal-esports-vs-excel-champions-tour-stage-1-emea-promotion-decider-a,885,2022-04-03,10:00 PM
EMEA,83520,https://www.vlr.gg/83520/anonymo-mentos-vs-team-falcons-champions-tour-stage-1-emea-promotion-group-b,885,2022-04-04,2:00 AM
EMEA,84504,https://www.vlr.gg/84504/rebels-gaming-vs-anonymo-mentos-champions-tour-stage-1-emea-promotion-ro6,885,2022-04-05,9:00 PM
EMEA,84505,https://www.vlr.gg/84505/fokus-vs-surreal-esports-champions-tour-stage-1-emea-promotion-ro6,885,2022-04-05,11:00 PM
EMEA,84506,https://www.vlr.gg/84506/big-vs-anonymo-mentos-champions-tour-stage-1-emea-promotion-ubsf,885,2022-04-06,9:00 PM
EMEA,84507,https://www.vlr.gg/84507/supermassive-blaze-vs-fokus-champions-tour-stage-1-emea-promotion-ubsf,885,2022-04-06,11:00 PM
EMEA,84509,https://www.vlr.gg/84509/supermassive-blaze-vs-rebels-gaming-champions-tour-stage-1-emea-promotion-lr1,885,2022-04-07,9:00 PM
EMEA,84510,https://www.vlr.gg/84510/anonymo-mentos-vs-surreal-esports-champions-tour-stage-1-emea-promotion-lr1,885,2022-04-07,11:00 PM
EMEA,84508,https://www.vlr.gg/84508/big-vs-fokus-champions-tour-stage-1-emea-promotion-ubf,885,2022-04-08,9:00 PM
EMEA,84511,https://www.vlr.gg/84511/rebels-gaming-vs-surreal-esports-champions-tour-stage-1-emea-promotion-lr2,885,2022-04-08,11:10 PM
EMEA,84512,https://www.vlr.gg/84512/big-vs-surreal-esports-champions-tour-stage-1-emea-promotion-lbf,885,2022-04-09,9:00 PM
EMEA,68989,https://www.vlr.gg/68989/team-liquid-vs-gambit-esports-champions-tour-stage-1-emea-challengers-week-1,854,2022-02-11,10:00 PM
EMEA,68990,https://www.vlr.gg/68990/g2-esports-vs-fnatic-champions-tour-stage-1-emea-challengers-week-1,854,2022-02-12,1:00 AM
EMEA,68991,https://www.vlr.gg/68991/funplus-phoenix-vs-big-champions-tour-stage-1-emea-challengers-week-1,854,2022-02-12,10:00 PM
EMEA,68992,https://www.vlr.gg/68992/supermassive-blaze-vs-acend-champions-tour-stage-1-emea-challengers-week-1,854,2022-02-13,1:30 AM
EMEA,68993,https://www.vlr.gg/68993/natus-vincere-vs-ldn-utd-champions-tour-stage-1-emea-challengers-week-1,854,2022-02-13,10:00 PM
EMEA,68994,https://www.vlr.gg/68994/bbl-esports-vs-guild-esports-champions-tour-stage-1-emea-challengers-week-1,854,2022-02-14,1:00 AM
EMEA,68995,https://www.vlr.gg/68995/funplus-phoenix-vs-gambit-esports-champions-tour-stage-1-emea-challengers-week-2,854,2022-02-18,10:00 PM
EMEA,68996,https://www.vlr.gg/68996/guild-esports-vs-acend-champions-tour-stage-1-emea-challengers-week-2,854,2022-02-19,1:55 AM
EMEA,68997,https://www.vlr.gg/68997/ldn-utd-vs-big-champions-tour-stage-1-emea-challengers-week-2,854,2022-02-19,10:00 PM
EMEA,68998,https://www.vlr.gg/68998/bbl-esports-vs-fnatic-champions-tour-stage-1-emea-challengers-week-2,854,2022-02-20,1:00 AM
EMEA,68999,https://www.vlr.gg/68999/g2-esports-vs-supermassive-blaze-champions-tour-stage-1-emea-challengers-week-2,854,2022-02-20,10:00 PM
EMEA,69000,https://www.vlr.gg/69000/natus-vincere-vs-team-liquid-champions-tour-stage-1-emea-challengers-week-2,854,2022-02-21,12:20 AM
EMEA,69007,https://www.vlr.gg/69007/bbl-esports-vs-supermassive-blaze-champions-tour-stage-1-emea-challengers-week-4,854,2022-03-05,10:00 PM
EMEA,69010,https://www.vlr.gg/69010/g2-esports-vs-acend-champions-tour-stage-1-emea-challengers-week-4,854,2022-03-06,12:50 AM
EMEA,69008,https://www.vlr.gg/69008/ldn-utd-vs-team-liquid-champions-tour-stage-1-emea-challengers-week-4,854,2022-03-06,11:00 PM
EMEA,69018,https://www.vlr.gg/69018/supermassive-blaze-vs-fnatic-champions-tour-stage-1-emea-challengers-week-5,854,2022-03-11,10:00 PM
EMEA,69004,https://www.vlr.gg/69004/g2-esports-vs-bbl-esports-champions-tour-stage-1-emea-challengers-week-3,854,2022-03-12,12:10 AM
EMEA,69001,https://www.vlr.gg/69001/guild-esports-vs-supermassive-blaze-champions-tour-stage-1-emea-challengers-week-3,854,2022-03-12,10:00 PM
EMEA,69015,https://www.vlr.gg/69015/funplus-phoenix-vs-team-liquid-champions-tour-stage-1-emea-challengers-week-5,854,2022-03-12,10:00 PM
EMEA,69002,https://www.vlr.gg/69002/acend-vs-fnatic-champions-tour-stage-1-emea-challengers-week-3,854,2022-03-13,12:05 AM
EMEA,69017,https://www.vlr.gg/69017/natus-vincere-vs-big-champions-tour-stage-1-emea-challengers-week-5,854,2022-03-13,1:15 AM
EMEA,69003,https://www.vlr.gg/69003/ldn-utd-vs-funplus-phoenix-champions-tour-stage-1-emea-challengers-week-3,854,2022-03-13,10:00 PM
EMEA,69014,https://www.vlr.gg/69014/g2-esports-vs-guild-esports-champions-tour-stage-1-emea-challengers-week-5,854,2022-03-13,10:00 PM
EMEA,69006,https://www.vlr.gg/69006/big-vs-team-liquid-champions-tour-stage-1-emea-challengers-week-3,854,2022-03-14,12:15 AM
EMEA,69016,https://www.vlr.gg/69016/bbl-esports-vs-acend-champions-tour-stage-1-emea-challengers-week-5,854,2022-03-14,1:15 AM
EMEA,69005,https://www.vlr.gg/69005/natus-vincere-vs-m3-champions-champions-tour-stage-1-emea-challengers-week-3,854,2022-03-16,10:00 PM
EMEA,69012,https://www.vlr.gg/69012/guild-esports-vs-fnatic-champions-tour-stage-1-emea-challengers-week-4,854,2022-03-17,12:05 AM
EMEA,69011,https://www.vlr.gg/69011/big-vs-m3-champions-champions-tour-stage-1-emea-challengers-week-4,854,2022-03-17,10:00 PM
EMEA,69009,https://www.vlr.gg/69009/natus-vincere-vs-funplus-phoenix-champions-tour-stage-1-emea-challengers-week-4,854,2022-03-18,10:00 PM
EMEA,69013,https://www.vlr.gg/69013/m3-champions-vs-ldn-utd-champions-tour-stage-1-emea-challengers-week-5,854,2022-03-18,11:55 PM
EMEA,79073,https://www.vlr.gg/79073/m3-champions-vs-guild-esports-champions-tour-stage-1-emea-challengers-ur1,854,2022-03-22,10:00 PM
EMEA,79074,https://www.vlr.gg/79074/g2-esports-vs-team-liquid-champions-tour-stage-1-emea-challengers-ur1,854,2022-03-23,12:30 AM
EMEA,79075,https://www.vlr.gg/79075/fnatic-vs-m3-champions-champions-tour-stage-1-emea-challengers-ubsf,854,2022-03-23,10:00 PM
EMEA,79076,https://www.vlr.gg/79076/funplus-phoenix-vs-team-liquid-champions-tour-stage-1-emea-challengers-ubsf,854,2022-03-24,2:15 AM
EMEA,79080,https://www.vlr.gg/79080/m3-champions-vs-g2-esports-champions-tour-stage-1-emea-challengers-lr1,854,2022-03-24,10:00 PM
EMEA,79079,https://www.vlr.gg/79079/team-liquid-vs-guild-esports-champions-tour-stage-1-emea-challengers-lr1,854,2022-03-25,12:20 AM
EMEA,79077,https://www.vlr.gg/79077/fnatic-vs-funplus-phoenix-champions-tour-stage-1-emea-challengers-ubf,854,2022-03-25,10:00 PM
EMEA,79081,https://www.vlr.gg/79081/team-liquid-vs-g2-esports-champions-tour-stage-1-emea-challengers-lr2,854,2022-03-26,12:00 AM
EMEA,79082,https://www.vlr.gg/79082/fnatic-vs-g2-esports-champions-tour-stage-1-emea-challengers-lbf,854,2022-03-26,10:00 PM
EMEA,79078,https://www.vlr.gg/79078/funplus-phoenix-vs-g2-esports-champions-tour-stage-1-emea-challengers-gf,854,2022-03-27,9:00 PM
EMEA,64442,https://www.vlr.gg/64442/team-bds-vs-mix-champions-tour-europe-stage-1-challengers-2-ro256,795,2022-01-18,12:00 AM
EMEA,64443,https://www.vlr.gg/64443/who-cars-vs-mercury-champions-tour-europe-stage-1-challengers-2-ro256,795,2022-01-18,12:00 AM
EMEA,64444,https://www.vlr.gg/64444/ymca-esports-vs-overpowered-esports-champions-tour-europe-stage-1-challengers-2-ro256,795,2022-01-18,12:00 AM
EMEA,64445,https://www.vlr.gg/64445/maze-esports-vs-macbernick-champions-tour-europe-stage-1-challengers-2-ro256,795,2022-01-18,12:00 AM
EMEA,64446,https://www.vlr.gg/64446/cowana-gaming-vs-linxlegacy-esports-champions-tour-europe-stage-1-challengers-2-ro256,795,2022-01-18,12:00 AM
EMEA,64447,https://www.vlr.gg/64447/motif-esports-vs-good-morning-champions-tour-europe-stage-1-challengers-2-ro256,795,2022-01-18,12:00 AM
EMEA,64448,https://www.vlr.gg/64448/ovation-esports-vs-mkers-champions-tour-europe-stage-1-challengers-2-ro256,795,2022-01-18,12:00 AM
EMEA,64449,https://www.vlr.gg/64449/bulletproof-vs-abstruse-champions-tour-europe-stage-1-challengers-2-ro256,795,2022-01-18,12:00 AM
EMEA,64450,https://www.vlr.gg/64450/19esports-vs-megastitut-champions-tour-europe-stage-1-challengers-2-ro256,795,2022-01-18,12:00 AM
EMEA,64451,https://www.vlr.gg/64451/capybaras-vs-jinxit-champions-tour-europe-stage-1-challengers-2-ro256,795,2022-01-18,12:00 AM
EMEA,64452,https://www.vlr.gg/64452/boss-reformed-vs-smp-champions-tour-europe-stage-1-challengers-2-ro256,795,2022-01-18,12:00 AM
EMEA,64453,https://www.vlr.gg/64453/amazing-vs-whisper-champions-tour-europe-stage-1-challengers-2-ro256,795,2022-01-18,12:00 AM
EMEA,64454,https://www.vlr.gg/64454/rix-gg-thunder-vs-movistar-riders-champions-tour-europe-stage-1-challengers-2-ro256,795,2022-01-18,12:00 AM
EMEA,64455,https://www.vlr.gg/64455/purple-team-vs-ezloot-champions-tour-europe-stage-1-challengers-2-ro256,795,2022-01-18,12:00 AM
EMEA,64456,https://www.vlr.gg/64456/silent-fraggers-vs-horyjin-champions-tour-europe-stage-1-challengers-2-ro256,795,2022-01-18,12:00 AM
EMEA,64457,https://www.vlr.gg/64457/ex0tik-gaming-vs-325-on-the-dashboard-champions-tour-europe-stage-1-challengers-2-ro256,795,2022-01-18,12:00 AM
EMEA,64458,https://www.vlr.gg/64458/straight-outta-retirement-vs-team-three-champions-tour-europe-stage-1-challengers-2-ro256,795,2022-01-18,12:00 AM
EMEA,64459,https://www.vlr.gg/64459/royals-vs-404-multigaming-champions-tour-europe-stage-1-challengers-2-ro256,795,2022-01-18,12:00 AM
EMEA,64460,https://www.vlr.gg/64460/hmp-vs-la-puenta-champions-tour-europe-stage-1-challengers-2-ro256,795,2022-01-18,12:00 AM
EMEA,64461,https://www.vlr.gg/64461/team-name-vs-valorando-champions-tour-europe-stage-1-challengers-2-ro256,795,2022-01-18,12:00 AM
EMEA,64462,https://www.vlr.gg/64462/team-finest-vs-panda-express-champions-tour-europe-stage-1-challengers-2-ro256,795,2022-01-18,12:00 AM
EMEA,64463,https://www.vlr.gg/64463/mds-factory-vs-h2o-champions-tour-europe-stage-1-challengers-2-ro256,795,2022-01-18,12:00 AM
EMEA,64464,https://www.vlr.gg/64464/rix-gg-lightning-vs-klanik-esport-champions-tour-europe-stage-1-challengers-2-ro256,795,2022-01-18,12:00 AM
EMEA,64465,https://www.vlr.gg/64465/sad-anime-gamer-vs-n-mo-n-ci-champions-tour-europe-stage-1-challengers-2-ro256,795,2022-01-18,12:00 AM
EMEA,64466,https://www.vlr.gg/64466/anonymo-esports-vs-mighty-meerkats-champions-tour-europe-stage-1-challengers-2-ro256,795,2022-01-18,12:00 AM
EMEA,64467,https://www.vlr.gg/64467/karma-clan-vs-eu-reject-champions-tour-europe-stage-1-challengers-2-ro256,795,2022-01-18,12:00 AM
EMEA,64468,https://www.vlr.gg/64468/fpalix-vs-marvels-avengers-champions-tour-europe-stage-1-challengers-2-ro256,795,2022-01-18,12:00 AM
EMEA,64469,https://www.vlr.gg/64469/paschka-vs-kum-gaming-champions-tour-europe-stage-1-challengers-2-ro256,795,2022-01-18,12:00 AM
EMEA,64470,https://www.vlr.gg/64470/orgless22-vs-dylovius-champions-tour-europe-stage-1-challengers-2-ro256,795,2022-01-18,12:00 AM
EMEA,64471,https://www.vlr.gg/64471/into-the-breach-vs-vulpine-esports-champions-tour-europe-stage-1-challengers-2-ro256,795,2022-01-18,12:00 AM
EMEA,64472,https://www.vlr.gg/64472/tba22-vs-nxiz-champions-tour-europe-stage-1-challengers-2-ro256,795,2022-01-18,12:00 AM
EMEA,64473,https://www.vlr.gg/64473/bifrost-vs-intenzive-champions-tour-europe-stage-1-challengers-2-ro256,795,2022-01-18,12:00 AM
EMEA,64474,https://www.vlr.gg/64474/koi-vs-ex-killabeez-champions-tour-europe-stage-1-challengers-2-ro256,795,2022-01-18,12:00 AM
EMEA,64475,https://www.vlr.gg/64475/psq-rising-vs-vamos-esports-champions-tour-europe-stage-1-challengers-2-ro256,795,2022-01-18,12:00 AM
EMEA,64476,https://www.vlr.gg/64476/86-vs-dora-zez-champions-tour-europe-stage-1-challengers-2-ro256,795,2022-01-18,12:00 AM
EMEA,64477,https://www.vlr.gg/64477/dog-afari-vs-alty-champions-tour-europe-stage-1-challengers-2-ro256,795,2022-01-18,12:00 AM
EMEA,64478,https://www.vlr.gg/64478/need-more-dm-vs-praeditus-gaming-champions-tour-europe-stage-1-challengers-2-ro256,795,2022-01-18,12:00 AM
EMEA,64479,https://www.vlr.gg/64479/foxup-esports-vs-banana-boys-champions-tour-europe-stage-1-challengers-2-ro256,795,2022-01-18,12:00 AM
EMEA,64480,https://www.vlr.gg/64480/bald-wheelchair-vs-retired-flavor-champions-tour-europe-stage-1-challengers-2-ro256,795,2022-01-18,12:00 AM
EMEA,64481,https://www.vlr.gg/64481/majtkomat-vs-social-kingdom-target-champions-tour-europe-stage-1-challengers-2-ro256,795,2022-01-18,12:00 AM
EMEA,64482,https://www.vlr.gg/64482/bref-vs-junummer-champions-tour-europe-stage-1-challengers-2-ro256,795,2022-01-18,12:00 AM
EMEA,64483,https://www.vlr.gg/64483/x9tion-vs-currygold-champions-tour-europe-stage-1-challengers-2-ro256,795,2022-01-18,12:00 AM
EMEA,64484,https://www.vlr.gg/64484/hexis-exito-phoenix-vs-esport-generation-champions-tour-europe-stage-1-challengers-2-ro256,795,2022-01-18,12:00 AM
EMEA,64485,https://www.vlr.gg/64485/incognito-vs-i-falliti-champions-tour-europe-stage-1-challengers-2-ro256,795,2022-01-18,12:00 AM
EMEA,64486,https://www.vlr.gg/64486/excel-vs-memento-mori-champions-tour-europe-stage-1-challengers-2-ro256,795,2022-01-18,12:00 AM
EMEA,64487,https://www.vlr.gg/64487/capacitanes-vs-digitroni-esports-champions-tour-europe-stage-1-challengers-2-ro256,795,2022-01-18,12:00 AM
EMEA,64488,https://www.vlr.gg/64488/poggers-vs-camioneros-valorant-club-champions-tour-europe-stage-1-challengers-2-ro256,795,2022-01-18,12:00 AM
EMEA,64489,https://www.vlr.gg/64489/mayo-vs-team-heretics-champions-tour-europe-stage-1-challengers-2-ro256,795,2022-01-18,12:00 AM
EMEA,64490,https://www.vlr.gg/64490/cgn-esports-vs-nexus-champions-tour-europe-stage-1-challengers-2-ro256,795,2022-01-18,12:00 AM
EMEA,64491,https://www.vlr.gg/64491/static-vs-penta-champions-tour-europe-stage-1-challengers-2-ro256,795,2022-01-18,12:00 AM
EMEA,64492,https://www.vlr.gg/64492/adepts-vs-extraordinary-champions-tour-europe-stage-1-challengers-2-ro256,795,2022-01-18,12:00 AM
EMEA,64493,https://www.vlr.gg/64493/kovaaklegends-vs-polonez-champions-tour-europe-stage-1-challengers-2-ro256,795,2022-01-18,12:00 AM
EMEA,64494,https://www.vlr.gg/64494/wataha-vs-zerance-champions-tour-europe-stage-1-challengers-2-ro256,795,2022-01-18,12:00 AM
EMEA,64495,https://www.vlr.gg/64495/pendragon-esports-vs-sicario-champions-tour-europe-stage-1-challengers-2-ro256,795,2022-01-18,12:00 AM
EMEA,64496,https://www.vlr.gg/64496/insight-gaming-vs-dame-time-champions-tour-europe-stage-1-challengers-2-ro256,795,2022-01-18,12:00 AM
EMEA,64497,https://www.vlr.gg/64497/team-focus-vs-altera-esports-champions-tour-europe-stage-1-challengers-2-ro256,795,2022-01-18,12:00 AM
EMEA,64498,https://www.vlr.gg/64498/case-esports-vs-power-champions-tour-europe-stage-1-challengers-2-ro256,795,2022-01-18,12:00 AM
EMEA,64499,https://www.vlr.gg/64499/display-porters-vs-sissi-state-punks-champions-tour-europe-stage-1-challengers-2-ro256,795,2022-01-18,12:00 AM
EMEA,64500,https://www.vlr.gg/64500/bl-ndet-vs-sunnybeach-champions-tour-europe-stage-1-challengers-2-ro256,795,2022-01-18,12:00 AM
EMEA,64501,https://www.vlr.gg/64501/big-blue-charizard-vs-asteria-gaming-champions-tour-europe-stage-1-challengers-2-ro256,795,2022-01-18,12:00 AM
EMEA,64502,https://www.vlr.gg/64502/giefkalash-vs-mallunkultane-champions-tour-europe-stage-1-challengers-2-ro256,795,2022-01-18,12:00 AM
EMEA,64503,https://www.vlr.gg/64503/delusional-5-vs-orgless-champions-tour-europe-stage-1-challengers-2-ro256,795,2022-01-18,12:00 AM
EMEA,64504,https://www.vlr.gg/64504/falchion-gaming-vs-zero-winrate-champions-tour-europe-stage-1-challengers-2-ro256,795,2022-01-18,12:00 AM
EMEA,64505,https://www.vlr.gg/64505/torin-vs-xyz-champions-tour-europe-stage-1-challengers-2-ro256,795,2022-01-18,12:00 AM
EMEA,64506,https://www.vlr.gg/64506/g2-esports-vs-the-chug-jugs-champions-tour-europe-stage-1-challengers-2-ro256,795,2022-01-18,12:00 AM
EMEA,64507,https://www.vlr.gg/64507/echo-vs-a-mmagica-champions-tour-europe-stage-1-challengers-2-ro256,795,2022-01-18,12:00 AM
EMEA,64508,https://www.vlr.gg/64508/ashur-e-sports-vs-frog-munchers-champions-tour-europe-stage-1-challengers-2-ro256,795,2022-01-18,12:00 AM
EMEA,64509,https://www.vlr.gg/64509/onlypinkp-vs-impact-donkey-frags-champions-tour-europe-stage-1-challengers-2-ro256,795,2022-01-18,12:00 AM
EMEA,64510,https://www.vlr.gg/64510/team-kovaaks-vs-1gameandwegohome-champions-tour-europe-stage-1-challengers-2-ro256,795,2022-01-18,12:00 AM
EMEA,64511,https://www.vlr.gg/64511/shaky-aimers-vs-verendus-champions-tour-europe-stage-1-challengers-2-ro256,795,2022-01-18,12:00 AM
EMEA,64512,https://www.vlr.gg/64512/dd-detectors-vs-rizon-champions-tour-europe-stage-1-challengers-2-ro256,795,2022-01-18,12:00 AM
EMEA,64513,https://www.vlr.gg/64513/star-blaze-vs-ludus-sports-champions-tour-europe-stage-1-challengers-2-ro256,795,2022-01-18,12:00 AM
EMEA,64514,https://www.vlr.gg/64514/ungentium-vs-tiebreak-champions-tour-europe-stage-1-challengers-2-ro256,795,2022-01-18,12:00 AM
EMEA,64515,https://www.vlr.gg/64515/vexed-gaming-vs-team-zelus-champions-tour-europe-stage-1-challengers-2-ro256,795,2022-01-18,12:00 AM
EMEA,64516,https://www.vlr.gg/64516/descendants-vs-connemara-champions-tour-europe-stage-1-challengers-2-ro256,795,2022-01-18,12:00 AM
EMEA,64517,https://www.vlr.gg/64517/human-tripwires-vs-victoire-gaming-champions-tour-europe-stage-1-challengers-2-ro256,795,2022-01-18,12:00 AM
EMEA,64518,https://www.vlr.gg/64518/anorthosis-famagusta-esports-vs-team-frosty-champions-tour-europe-stage-1-challengers-2-ro256,795,2022-01-18,12:00 AM
EMEA,64519,https://www.vlr.gg/64519/onetap-vs-goodfor1-champions-tour-europe-stage-1-challengers-2-ro256,795,2022-01-18,12:00 AM
EMEA,64520,https://www.vlr.gg/64520/minima-vs-tone-champions-tour-europe-stage-1-challengers-2-ro256,795,2022-01-18,12:00 AM
EMEA,64521,https://www.vlr.gg/64521/kahoot-vs-raging-warlords-of-pogchampia-champions-tour-europe-stage-1-challengers-2-ro256,795,2022-01-18,12:00 AM
EMEA,64522,https://www.vlr.gg/64522/awaria-vs-lfo-kings-champions-tour-europe-stage-1-challengers-2-ro256,795,2022-01-18,12:00 AM
EMEA,64523,https://www.vlr.gg/64523/wieca-vs-red8-champions-tour-europe-stage-1-challengers-2-ro256,795,2022-01-18,12:00 AM
EMEA,64524,https://www.vlr.gg/64524/orgless-olafs-vs-glitch-gaming-esports-champions-tour-europe-stage-1-challengers-2-ro256,795,2022-01-18,12:00 AM
EMEA,64525,https://www.vlr.gg/64525/ar-esports-vs-fatf-champions-tour-europe-stage-1-challengers-2-ro256,795,2022-01-18,12:00 AM
EMEA,64526,https://www.vlr.gg/64526/stunzin5-vs-defeaters-champions-tour-europe-stage-1-challengers-2-ro256,795,2022-01-18,12:00 AM
EMEA,64527,https://www.vlr.gg/64527/team-omega-vs-shiny-champions-tour-europe-stage-1-challengers-2-ro256,795,2022-01-18,12:00 AM
EMEA,64528,https://www.vlr.gg/64528/esport-rhein-neckar-vs-questionmark-champions-tour-europe-stage-1-challengers-2-ro256,795,2022-01-18,12:00 AM
EMEA,64529,https://www.vlr.gg/64529/elusive-vs-team-radical-champions-tour-europe-stage-1-challengers-2-ro256,795,2022-01-18,12:00 AM
EMEA,64530,https://www.vlr.gg/64530/yonk-vs-mix123-champions-tour-europe-stage-1-challengers-2-ro256,795,2022-01-18,12:00 AM
EMEA,64531,https://www.vlr.gg/64531/we-dem-bois-vs-de-prodigy-champions-tour-europe-stage-1-challengers-2-ro256,795,2022-01-18,12:00 AM
EMEA,64532,https://www.vlr.gg/64532/zakelijk-vs-szmery-bajery-krecenie-afery-champions-tour-europe-stage-1-challengers-2-ro256,795,2022-01-18,12:00 AM
EMEA,64533,https://www.vlr.gg/64533/ranked-enjoyers-vs-balkan-stars-champions-tour-europe-stage-1-challengers-2-ro256,795,2022-01-18,12:00 AM
EMEA,64534,https://www.vlr.gg/64534/og-vs-redpack-champions-tour-europe-stage-1-challengers-2-ro256,795,2022-01-18,12:00 AM
EMEA,64535,https://www.vlr.gg/64535/true-kings-vs-team-aurous-champions-tour-europe-stage-1-challengers-2-ro256,795,2022-01-18,12:00 AM
EMEA,64536,https://www.vlr.gg/64536/limitless-vs-atleta-esport-champions-tour-europe-stage-1-challengers-2-ro256,795,2022-01-18,12:00 AM
EMEA,64537,https://www.vlr.gg/64537/iesr-vs-the-goose-house-champions-tour-europe-stage-1-challengers-2-ro256,795,2022-01-18,12:00 AM
EMEA,64538,https://www.vlr.gg/64538/ldn-utd-vs-team-popeller-champions-tour-europe-stage-1-challengers-2-ro256,795,2022-01-18,12:00 AM
EMEA,64539,https://www.vlr.gg/64539/senthex-vs-absolute-amateurs-champions-tour-europe-stage-1-challengers-2-ro256,795,2022-01-18,12:00 AM
EMEA,64540,https://www.vlr.gg/64540/fake-esport-vs-f9-hetic-champions-tour-europe-stage-1-challengers-2-ro256,795,2022-01-18,12:00 AM
EMEA,64541,https://www.vlr.gg/64541/ejus-bibelpeek-vs-in-the-making-champions-tour-europe-stage-1-challengers-2-ro256,795,2022-01-18,12:00 AM
EMEA,64542,https://www.vlr.gg/64542/inflame-vs-mcdonalds-shift-champions-tour-europe-stage-1-challengers-2-ro256,795,2022-01-18,12:00 AM
EMEA,64543,https://www.vlr.gg/64543/osk-vs-5-goats-champions-tour-europe-stage-1-challengers-2-ro256,795,2022-01-18,12:00 AM
EMEA,64544,https://www.vlr.gg/64544/esports-team-twente-vs-big-chilling-champions-tour-europe-stage-1-challengers-2-ro256,795,2022-01-18,12:00 AM
EMEA,64545,https://www.vlr.gg/64545/dsyre-vs-rapid-ninjas-champions-tour-europe-stage-1-challengers-2-ro256,795,2022-01-18,12:00 AM
EMEA,64546,https://www.vlr.gg/64546/kova-vs-avante-champions-tour-europe-stage-1-challengers-2-ro256,795,2022-01-18,12:00 AM
EMEA,64547,https://www.vlr.gg/64547/mcrp-vs-fokus-champions-tour-europe-stage-1-challengers-2-ro256,795,2022-01-18,12:00 AM
EMEA,64548,https://www.vlr.gg/64548/internalgg-vs-biervernichter-champions-tour-europe-stage-1-challengers-2-ro256,795,2022-01-18,12:00 AM
EMEA,64549,https://www.vlr.gg/64549/savage-gg-vs-phoenix-team-champions-tour-europe-stage-1-challengers-2-ro256,795,2022-01-18,12:00 AM
EMEA,64550,https://www.vlr.gg/64550/mango-vs-ing-and-friends-champions-tour-europe-stage-1-challengers-2-ro256,795,2022-01-18,12:00 AM
EMEA,64551,https://www.vlr.gg/64551/midnightclub-vs-digital-athletics-champions-tour-europe-stage-1-challengers-2-ro256,795,2022-01-18,12:00 AM
EMEA,64552,https://www.vlr.gg/64552/h-popper-vs-nevim-champions-tour-europe-stage-1-challengers-2-ro256,795,2022-01-18,12:00 AM
EMEA,64553,https://www.vlr.gg/64553/soldados-de-lembo-vs-m8-esports-champions-tour-europe-stage-1-challengers-2-ro256,795,2022-01-18,12:00 AM
EMEA,64554,https://www.vlr.gg/64554/team-queso-vs-underdogs-champions-tour-europe-stage-1-challengers-2-ro256,795,2022-01-18,12:00 AM
EMEA,64555,https://www.vlr.gg/64555/endless-gaming-vs-purgens-champions-tour-europe-stage-1-challengers-2-ro256,795,2022-01-18,12:00 AM
EMEA,64556,https://www.vlr.gg/64556/woofwoof-vs-laniepodbalkonem-champions-tour-europe-stage-1-challengers-2-ro256,795,2022-01-18,12:00 AM
EMEA,64557,https://www.vlr.gg/64557/dajjal-vs-cyber-esports-champions-tour-europe-stage-1-challengers-2-ro256,795,2022-01-18,12:00 AM
EMEA,64558,https://www.vlr.gg/64558/ignite-vs-superiorval-champions-tour-europe-stage-1-challengers-2-ro256,795,2022-01-18,12:00 AM
EMEA,64559,https://www.vlr.gg/64559/x7-ireland-vs-lavender-boys-champions-tour-europe-stage-1-challengers-2-ro256,795,2022-01-18,12:00 AM
EMEA,64560,https://www.vlr.gg/64560/ophaters-vs-intellectually-challenged-gamers-champions-tour-europe-stage-1-challengers-2-ro256,795,2022-01-18,12:00 AM
EMEA,64561,https://www.vlr.gg/64561/monkey-momentum-vs-cavalry-esports-champions-tour-europe-stage-1-challengers-2-ro256,795,2022-01-18,12:00 AM
EMEA,64562,https://www.vlr.gg/64562/wave-esports-vs-csopipaki-champions-tour-europe-stage-1-challengers-2-ro256,795,2022-01-18,12:00 AM
EMEA,64563,https://www.vlr.gg/64563/gstars-vs-bang-average-champions-tour-europe-stage-1-challengers-2-ro256,795,2022-01-18,12:00 AM
EMEA,64564,https://www.vlr.gg/64564/ucam-tokiers-vs-needorgpt-champions-tour-europe-stage-1-challengers-2-ro256,795,2022-01-18,12:00 AM
EMEA,64565,https://www.vlr.gg/64565/nom-esports-vs-heet-champions-tour-europe-stage-1-challengers-2-ro256,795,2022-01-18,12:00 AM
EMEA,64566,https://www.vlr.gg/64566/giants-gaming-vs-ents-champions-tour-europe-stage-1-challengers-2-ro256,795,2022-01-18,12:00 AM
EMEA,64567,https://www.vlr.gg/64567/reborn-vs-ownage-champions-tour-europe-stage-1-challengers-2-ro256,795,2022-01-18,12:00 AM
EMEA,64568,https://www.vlr.gg/64568/team-progress-vs-nonsensegaming-champions-tour-europe-stage-1-challengers-2-ro256,795,2022-01-18,12:00 AM
EMEA,64569,https://www.vlr.gg/64569/g2-gozen-vs-vevici-esports-champions-tour-europe-stage-1-challengers-2-ro256,795,2022-01-18,12:00 AM
EMEA,64630,https://www.vlr.gg/64630/wave-esports-vs-bang-average-champions-tour-europe-stage-1-challengers-2-ro128,795,2022-01-18,2:00 AM
EMEA,64632,https://www.vlr.gg/64632/giants-gaming-vs-ownage-champions-tour-europe-stage-1-challengers-2-ro128,795,2022-01-18,2:00 AM
EMEA,64570,https://www.vlr.gg/64570/team-bds-vs-who-cars-champions-tour-europe-stage-1-challengers-2-ro128,795,2022-01-18,2:30 AM
EMEA,64571,https://www.vlr.gg/64571/ymca-esports-vs-macbernick-champions-tour-europe-stage-1-challengers-2-ro128,795,2022-01-18,2:30 AM
EMEA,64572,https://www.vlr.gg/64572/cowana-gaming-vs-good-morning-champions-tour-europe-stage-1-challengers-2-ro128,795,2022-01-18,2:30 AM
EMEA,64573,https://www.vlr.gg/64573/ovation-esports-vs-abstruse-champions-tour-europe-stage-1-challengers-2-ro128,795,2022-01-18,2:30 AM
EMEA,64575,https://www.vlr.gg/64575/boss-reformed-vs-amazing-champions-tour-europe-stage-1-challengers-2-ro128,795,2022-01-18,2:30 AM
EMEA,64577,https://www.vlr.gg/64577/silent-fraggers-vs-ex0tik-gaming-champions-tour-europe-stage-1-challengers-2-ro128,795,2022-01-18,2:30 AM
EMEA,64578,https://www.vlr.gg/64578/straight-outta-retirement-vs-royals-champions-tour-europe-stage-1-challengers-2-ro128,795,2022-01-18,2:30 AM
EMEA,64579,https://www.vlr.gg/64579/la-puenta-vs-valorando-champions-tour-europe-stage-1-challengers-2-ro128,795,2022-01-18,2:30 AM
EMEA,64580,https://www.vlr.gg/64580/team-finest-vs-h2o-champions-tour-europe-stage-1-challengers-2-ro128,795,2022-01-18,2:30 AM
EMEA,64581,https://www.vlr.gg/64581/klanik-esport-vs-sad-anime-gamer-champions-tour-europe-stage-1-challengers-2-ro128,795,2022-01-18,2:30 AM
EMEA,64582,https://www.vlr.gg/64582/anonymo-esports-vs-eu-reject-champions-tour-europe-stage-1-challengers-2-ro128,795,2022-01-18,2:30 AM
EMEA,64583,https://www.vlr.gg/64583/fpalix-vs-paschka-champions-tour-europe-stage-1-challengers-2-ro128,795,2022-01-18,2:30 AM
EMEA,64584,https://www.vlr.gg/64584/orgless22-vs-into-the-breach-champions-tour-europe-stage-1-challengers-2-ro128,795,2022-01-18,2:30 AM
EMEA,64585,https://www.vlr.gg/64585/tba22-vs-bifrost-champions-tour-europe-stage-1-challengers-2-ro128,795,2022-01-18,2:30 AM
EMEA,64587,https://www.vlr.gg/64587/86-vs-dog-afari-champions-tour-europe-stage-1-challengers-2-ro128,795,2022-01-18,2:30 AM
EMEA,64588,https://www.vlr.gg/64588/need-more-dm-vs-banana-boys-champions-tour-europe-stage-1-challengers-2-ro128,795,2022-01-18,2:30 AM
EMEA,64589,https://www.vlr.gg/64589/retired-flavor-vs-majtkomat-champions-tour-europe-stage-1-challengers-2-ro128,795,2022-01-18,2:30 AM
EMEA,64590,https://www.vlr.gg/64590/bref-vs-currygold-champions-tour-europe-stage-1-challengers-2-ro128,795,2022-01-18,2:30 AM
EMEA,64591,https://www.vlr.gg/64591/esport-generation-vs-incognito-champions-tour-europe-stage-1-challengers-2-ro128,795,2022-01-18,2:30 AM
EMEA,64592,https://www.vlr.gg/64592/excel-vs-capacitanes-champions-tour-europe-stage-1-challengers-2-ro128,795,2022-01-18,2:30 AM
EMEA,64594,https://www.vlr.gg/64594/cgn-esports-vs-penta-champions-tour-europe-stage-1-challengers-2-ro128,795,2022-01-18,2:30 AM
EMEA,64595,https://www.vlr.gg/64595/extraordinary-vs-polonez-champions-tour-europe-stage-1-challengers-2-ro128,795,2022-01-18,2:30 AM
EMEA,64596,https://www.vlr.gg/64596/wataha-vs-sicario-champions-tour-europe-stage-1-challengers-2-ro128,795,2022-01-18,2:30 AM
EMEA,64597,https://www.vlr.gg/64597/dame-time-vs-team-focus-champions-tour-europe-stage-1-challengers-2-ro128,795,2022-01-18,2:30 AM
EMEA,64598,https://www.vlr.gg/64598/case-esports-vs-sissi-state-punks-champions-tour-europe-stage-1-challengers-2-ro128,795,2022-01-18,2:30 AM
EMEA,64599,https://www.vlr.gg/64599/sunnybeach-vs-big-blue-charizard-champions-tour-europe-stage-1-challengers-2-ro128,795,2022-01-18,2:30 AM
EMEA,64600,https://www.vlr.gg/64600/giefkalash-vs-delusional-5-champions-tour-europe-stage-1-challengers-2-ro128,795,2022-01-18,2:30 AM
EMEA,64601,https://www.vlr.gg/64601/falchion-gaming-vs-xyz-champions-tour-europe-stage-1-challengers-2-ro128,795,2022-01-18,2:30 AM
EMEA,64603,https://www.vlr.gg/64603/frog-munchers-vs-impact-donkey-frags-champions-tour-europe-stage-1-challengers-2-ro128,795,2022-01-18,2:30 AM
EMEA,64604,https://www.vlr.gg/64604/1gameandwegohome-vs-verendus-champions-tour-europe-stage-1-challengers-2-ro128,795,2022-01-18,2:30 AM
EMEA,64605,https://www.vlr.gg/64605/dd-detectors-vs-star-blaze-champions-tour-europe-stage-1-challengers-2-ro128,795,2022-01-18,2:30 AM
EMEA,64606,https://www.vlr.gg/64606/ungentium-vs-vexed-gaming-champions-tour-europe-stage-1-challengers-2-ro128,795,2022-01-18,2:30 AM
EMEA,64607,https://www.vlr.gg/64607/connemara-vs-human-tripwires-champions-tour-europe-stage-1-challengers-2-ro128,795,2022-01-18,2:30 AM
EMEA,64608,https://www.vlr.gg/64608/anorthosis-famagusta-esports-vs-goodfor1-champions-tour-europe-stage-1-challengers-2-ro128,795,2022-01-18,2:30 AM
EMEA,64609,https://www.vlr.gg/64609/minima-vs-kahoot-champions-tour-europe-stage-1-challengers-2-ro128,795,2022-01-18,2:30 AM
EMEA,64610,https://www.vlr.gg/64610/awaria-vs-red8-champions-tour-europe-stage-1-challengers-2-ro128,795,2022-01-18,2:30 AM
EMEA,64611,https://www.vlr.gg/64611/orgless-olafs-vs-fatf-champions-tour-europe-stage-1-challengers-2-ro128,795,2022-01-18,2:30 AM
EMEA,64612,https://www.vlr.gg/64612/stunzin5-vs-team-omega-champions-tour-europe-stage-1-challengers-2-ro128,795,2022-01-18,2:30 AM
EMEA,64613,https://www.vlr.gg/64613/questionmark-vs-elusive-champions-tour-europe-stage-1-challengers-2-ro128,795,2022-01-18,2:30 AM
EMEA,64615,https://www.vlr.gg/64615/szmery-bajery-krecenie-afery-vs-balkan-stars-champions-tour-europe-stage-1-challengers-2-ro128,795,2022-01-18,2:30 AM
EMEA,64619,https://www.vlr.gg/64619/f9-hetic-vs-in-the-making-champions-tour-europe-stage-1-challengers-2-ro128,795,2022-01-18,2:30 AM
EMEA,64620,https://www.vlr.gg/64620/mcdonalds-shift-vs-5-goats-champions-tour-europe-stage-1-challengers-2-ro128,795,2022-01-18,2:30 AM
EMEA,64621,https://www.vlr.gg/64621/esports-team-twente-vs-dsyre-champions-tour-europe-stage-1-challengers-2-ro128,795,2022-01-18,2:30 AM
EMEA,64622,https://www.vlr.gg/64622/kova-vs-fokus-champions-tour-europe-stage-1-challengers-2-ro128,795,2022-01-18,2:30 AM
EMEA,64623,https://www.vlr.gg/64623/internalgg-vs-savage-gg-champions-tour-europe-stage-1-challengers-2-ro128,795,2022-01-18,2:30 AM
EMEA,64624,https://www.vlr.gg/64624/mango-vs-digital-athletics-champions-tour-europe-stage-1-challengers-2-ro128,795,2022-01-18,2:30 AM
EMEA,64625,https://www.vlr.gg/64625/h-popper-vs-soldados-de-lembo-champions-tour-europe-stage-1-challengers-2-ro128,795,2022-01-18,2:30 AM
EMEA,64627,https://www.vlr.gg/64627/woofwoof-vs-dajjal-champions-tour-europe-stage-1-challengers-2-ro128,795,2022-01-18,2:30 AM
EMEA,64628,https://www.vlr.gg/64628/ignite-vs-x7-ireland-champions-tour-europe-stage-1-challengers-2-ro128,795,2022-01-18,2:30 AM
EMEA,64629,https://www.vlr.gg/64629/intellectually-challenged-gamers-vs-monkey-momentum-champions-tour-europe-stage-1-challengers-2,795,2022-01-18,2:30 AM
EMEA,64633,https://www.vlr.gg/64633/team-progress-vs-g2-gozen-champions-tour-europe-stage-1-challengers-2-ro128,795,2022-01-18,2:30 AM
EMEA,64586,https://www.vlr.gg/64586/koi-vs-vamos-esports-champions-tour-europe-stage-1-challengers-2-ro128,795,2022-01-18,2:45 AM
EMEA,64574,https://www.vlr.gg/64574/19esports-vs-capybaras-champions-tour-europe-stage-1-challengers-2-ro128,795,2022-01-18,3:00 AM
EMEA,64593,https://www.vlr.gg/64593/team-heretics-vs-camioneros-valorant-club-champions-tour-europe-stage-1-challengers-2-ro128,795,2022-01-18,3:00 AM
EMEA,64576,https://www.vlr.gg/64576/rix-gg-thunder-vs-purple-team-champions-tour-europe-stage-1-challengers-2-ro128,795,2022-01-18,3:15 AM
EMEA,64602,https://www.vlr.gg/64602/g2-esports-vs-a-mmagica-champions-tour-europe-stage-1-challengers-2-ro128,795,2022-01-18,3:15 AM
EMEA,64614,https://www.vlr.gg/64614/yonk-vs-we-dem-bois-champions-tour-europe-stage-1-challengers-2-ro128,795,2022-01-18,3:15 AM
EMEA,64616,https://www.vlr.gg/64616/og-vs-true-kings-champions-tour-europe-stage-1-challengers-2-ro128,795,2022-01-18,3:15 AM
EMEA,64617,https://www.vlr.gg/64617/limitless-vs-the-goose-house-champions-tour-europe-stage-1-challengers-2-ro128,795,2022-01-18,3:15 AM
EMEA,64618,https://www.vlr.gg/64618/ldn-utd-vs-senthex-champions-tour-europe-stage-1-challengers-2-ro128,795,2022-01-18,3:15 AM
EMEA,64626,https://www.vlr.gg/64626/team-queso-vs-endless-gaming-champions-tour-europe-stage-1-challengers-2-ro128,795,2022-01-18,3:15 AM
EMEA,64631,https://www.vlr.gg/64631/ucam-tokiers-vs-nom-esports-champions-tour-europe-stage-1-challengers-2-ro128,795,2022-01-18,3:15 AM
EMEA,64634,https://www.vlr.gg/64634/who-cars-vs-macbernick-champions-tour-europe-stage-1-challengers-2-ro64,795,2022-01-19,12:00 AM
EMEA,64635,https://www.vlr.gg/64635/good-morning-vs-ovation-esports-champions-tour-europe-stage-1-challengers-2-ro64,795,2022-01-19,12:00 AM
EMEA,64636,https://www.vlr.gg/64636/19esports-vs-boss-reformed-champions-tour-europe-stage-1-challengers-2-ro64,795,2022-01-19,12:00 AM
EMEA,64637,https://www.vlr.gg/64637/rix-gg-thunder-vs-ex0tik-gaming-champions-tour-europe-stage-1-challengers-2-ro64,795,2022-01-19,12:00 AM
EMEA,64638,https://www.vlr.gg/64638/straight-outta-retirement-vs-valorando-champions-tour-europe-stage-1-challengers-2-ro64,795,2022-01-19,12:00 AM
EMEA,64639,https://www.vlr.gg/64639/team-finest-vs-klanik-esport-champions-tour-europe-stage-1-challengers-2-ro64,795,2022-01-19,12:00 AM
EMEA,64640,https://www.vlr.gg/64640/anonymo-esports-vs-paschka-champions-tour-europe-stage-1-challengers-2-ro64,795,2022-01-19,12:00 AM
EMEA,64641,https://www.vlr.gg/64641/orgless22-vs-tba22-champions-tour-europe-stage-1-challengers-2-ro64,795,2022-01-19,12:00 AM
EMEA,64642,https://www.vlr.gg/64642/koi-vs-86-champions-tour-europe-stage-1-challengers-2-ro64,795,2022-01-19,12:00 AM
EMEA,64643,https://www.vlr.gg/64643/need-more-dm-vs-majtkomat-champions-tour-europe-stage-1-challengers-2-ro64,795,2022-01-19,12:00 AM
EMEA,64644,https://www.vlr.gg/64644/bref-vs-incognito-champions-tour-europe-stage-1-challengers-2-ro64,795,2022-01-19,12:00 AM
EMEA,64645,https://www.vlr.gg/64645/excel-vs-team-heretics-champions-tour-europe-stage-1-challengers-2-ro64,795,2022-01-19,12:00 AM
EMEA,64646,https://www.vlr.gg/64646/cgn-esports-vs-polonez-champions-tour-europe-stage-1-challengers-2-ro64,795,2022-01-19,12:00 AM
EMEA,64647,https://www.vlr.gg/64647/wataha-vs-dame-time-champions-tour-europe-stage-1-challengers-2-ro64,795,2022-01-19,12:00 AM
EMEA,64648,https://www.vlr.gg/64648/case-esports-vs-sunnybeach-champions-tour-europe-stage-1-challengers-2-ro64,795,2022-01-19,12:00 AM
EMEA,64649,https://www.vlr.gg/64649/giefkalash-vs-xyz-champions-tour-europe-stage-1-challengers-2-ro64,795,2022-01-19,12:00 AM
EMEA,64650,https://www.vlr.gg/64650/g2-esports-vs-frog-munchers-champions-tour-europe-stage-1-challengers-2-ro64,795,2022-01-19,12:00 AM
EMEA,64651,https://www.vlr.gg/64651/verendus-vs-dd-detectors-champions-tour-europe-stage-1-challengers-2-ro64,795,2022-01-19,12:00 AM
EMEA,64652,https://www.vlr.gg/64652/vexed-gaming-vs-human-tripwires-champions-tour-europe-stage-1-challengers-2-ro64,795,2022-01-19,12:00 AM
EMEA,64653,https://www.vlr.gg/64653/anorthosis-famagusta-esports-vs-kahoot-champions-tour-europe-stage-1-challengers-2-ro64,795,2022-01-19,12:00 AM
EMEA,64654,https://www.vlr.gg/64654/awaria-vs-orgless-olafs-champions-tour-europe-stage-1-challengers-2-ro64,795,2022-01-19,12:00 AM
EMEA,64655,https://www.vlr.gg/64655/stunzin5-vs-questionmark-champions-tour-europe-stage-1-challengers-2-ro64,795,2022-01-19,12:00 AM
EMEA,64656,https://www.vlr.gg/64656/yonk-vs-balkan-stars-champions-tour-europe-stage-1-challengers-2-ro64,795,2022-01-19,12:00 AM
EMEA,64657,https://www.vlr.gg/64657/og-vs-the-goose-house-champions-tour-europe-stage-1-challengers-2-ro64,795,2022-01-19,12:00 AM
EMEA,64658,https://www.vlr.gg/64658/ldn-utd-vs-f9-hetic-champions-tour-europe-stage-1-challengers-2-ro64,795,2022-01-19,12:00 AM
EMEA,64659,https://www.vlr.gg/64659/mcdonalds-shift-vs-dsyre-champions-tour-europe-stage-1-challengers-2-ro64,795,2022-01-19,12:00 AM
EMEA,64660,https://www.vlr.gg/64660/kova-vs-internalgg-champions-tour-europe-stage-1-challengers-2-ro64,795,2022-01-19,12:00 AM
EMEA,64661,https://www.vlr.gg/64661/digital-athletics-vs-soldados-de-lembo-champions-tour-europe-stage-1-challengers-2-ro64,795,2022-01-19,12:00 AM
EMEA,64662,https://www.vlr.gg/64662/team-queso-vs-woofwoof-champions-tour-europe-stage-1-challengers-2-ro64,795,2022-01-19,12:00 AM
EMEA,64663,https://www.vlr.gg/64663/x7-ireland-vs-monkey-momentum-champions-tour-europe-stage-1-challengers-2-ro64,795,2022-01-19,12:00 AM
EMEA,64664,https://www.vlr.gg/64664/wave-esports-vs-nom-esports-champions-tour-europe-stage-1-challengers-2-ro64,795,2022-01-19,12:00 AM
EMEA,64665,https://www.vlr.gg/64665/giants-gaming-vs-team-progress-champions-tour-europe-stage-1-challengers-2-ro64,795,2022-01-19,12:00 AM
EMEA,64666,https://www.vlr.gg/64666/who-cars-vs-ovation-esports-champions-tour-europe-stage-1-challengers-2-ro32,795,2022-01-19,2:30 AM
EMEA,64667,https://www.vlr.gg/64667/19esports-vs-rix-gg-thunder-champions-tour-europe-stage-1-challengers-2-ro32,795,2022-01-19,2:30 AM
EMEA,64669,https://www.vlr.gg/64669/anonymo-esports-vs-orgless22-champions-tour-europe-stage-1-challengers-2-ro32,795,2022-01-19,2:30 AM
EMEA,64670,https://www.vlr.gg/64670/koi-vs-need-more-dm-champions-tour-europe-stage-1-challengers-2-ro32,795,2022-01-19,2:30 AM
EMEA,64671,https://www.vlr.gg/64671/bref-vs-excel-champions-tour-europe-stage-1-challengers-2-ro32,795,2022-01-19,2:30 AM
EMEA,64672,https://www.vlr.gg/64672/cgn-esports-vs-wataha-champions-tour-europe-stage-1-challengers-2-ro32,795,2022-01-19,2:30 AM
EMEA,64673,https://www.vlr.gg/64673/case-esports-vs-giefkalash-champions-tour-europe-stage-1-challengers-2-ro32,795,2022-01-19,2:30 AM
EMEA,64675,https://www.vlr.gg/64675/human-tripwires-vs-anorthosis-famagusta-esports-champions-tour-europe-stage-1-challengers-2-ro32,795,2022-01-19,2:30 AM
EMEA,64676,https://www.vlr.gg/64676/awaria-vs-questionmark-champions-tour-europe-stage-1-challengers-2-ro32,795,2022-01-19,2:30 AM
EMEA,64678,https://www.vlr.gg/64678/ldn-utd-vs-dsyre-champions-tour-europe-stage-1-challengers-2-ro32,795,2022-01-19,2:30 AM
EMEA,64679,https://www.vlr.gg/64679/kova-vs-soldados-de-lembo-champions-tour-europe-stage-1-challengers-2-ro32,795,2022-01-19,2:30 AM
EMEA,64681,https://www.vlr.gg/64681/wave-esports-vs-giants-gaming-champions-tour-europe-stage-1-challengers-2-ro32,795,2022-01-19,2:30 AM
EMEA,64668,https://www.vlr.gg/64668/valorando-vs-team-finest-champions-tour-europe-stage-1-challengers-2-ro32,795,2022-01-19,3:00 AM
EMEA,64674,https://www.vlr.gg/64674/g2-esports-vs-verendus-champions-tour-europe-stage-1-challengers-2-ro32,795,2022-01-19,3:00 AM
EMEA,64677,https://www.vlr.gg/64677/yonk-vs-og-champions-tour-europe-stage-1-challengers-2-ro32,795,2022-01-19,3:00 AM
EMEA,64680,https://www.vlr.gg/64680/team-queso-vs-monkey-momentum-champions-tour-europe-stage-1-challengers-2-ro32,795,2022-01-19,3:30 AM
EMEA,64683,https://www.vlr.gg/64683/who-cars-vs-19esports-champions-tour-europe-stage-1-challengers-2-ro16,795,2022-01-20,12:00 AM
EMEA,64684,https://www.vlr.gg/64684/team-finest-vs-anonymo-esports-champions-tour-europe-stage-1-challengers-2-ro16,795,2022-01-20,12:00 AM
EMEA,64685,https://www.vlr.gg/64685/need-more-dm-vs-excel-champions-tour-europe-stage-1-challengers-2-ro16,795,2022-01-20,12:00 AM
EMEA,64686,https://www.vlr.gg/64686/cgn-esports-vs-case-esports-champions-tour-europe-stage-1-challengers-2-ro16,795,2022-01-20,12:00 AM
EMEA,64687,https://www.vlr.gg/64687/g2-esports-vs-human-tripwires-champions-tour-europe-stage-1-challengers-2-ro16,795,2022-01-20,12:00 AM
EMEA,64688,https://www.vlr.gg/64688/awaria-vs-yonk-champions-tour-europe-stage-1-challengers-2-ro16,795,2022-01-20,12:00 AM
EMEA,64689,https://www.vlr.gg/64689/ldn-utd-vs-kova-champions-tour-europe-stage-1-challengers-2-ro16,795,2022-01-20,12:00 AM
EMEA,64690,https://www.vlr.gg/64690/team-queso-vs-wave-esports-champions-tour-europe-stage-1-challengers-2-ro16,795,2022-01-20,12:00 AM
EMEA,64691,https://www.vlr.gg/64691/19esports-vs-team-finest-champions-tour-europe-stage-1-challengers-2-qf,795,2022-01-20,2:30 AM
EMEA,64692,https://www.vlr.gg/64692/excel-vs-case-esports-champions-tour-europe-stage-1-challengers-2-qf,795,2022-01-20,2:30 AM
EMEA,64694,https://www.vlr.gg/64694/ldn-utd-vs-wave-esports-champions-tour-europe-stage-1-challengers-2-qf,795,2022-01-20,3:00 AM
EMEA,64693,https://www.vlr.gg/64693/g2-esports-vs-yonk-champions-tour-europe-stage-1-challengers-2-qf,795,2022-01-20,3:30 AM
EMEA,65282,https://www.vlr.gg/65282/team-vitality-vs-ldn-utd-champions-tour-europe-stage-1-challengers-2-ubqf,795,2022-01-21,12:00 AM
EMEA,65283,https://www.vlr.gg/65283/rebels-gaming-vs-excel-champions-tour-europe-stage-1-challengers-2-ubqf,795,2022-01-21,12:00 AM
EMEA,65284,https://www.vlr.gg/65284/alliance-vs-g2-esports-champions-tour-europe-stage-1-challengers-2-ubqf,795,2022-01-21,12:00 AM
EMEA,65285,https://www.vlr.gg/65285/tenstar-vs-team-finest-champions-tour-europe-stage-1-challengers-2-ubqf,795,2022-01-21,12:00 AM
EMEA,65286,https://www.vlr.gg/65286/team-vitality-vs-excel-champions-tour-europe-stage-1-challengers-2-ubsf,795,2022-01-21,2:30 AM
EMEA,65289,https://www.vlr.gg/65289/ldn-utd-vs-rebels-gaming-champions-tour-europe-stage-1-challengers-2-lr1,795,2022-01-21,2:30 AM
EMEA,65287,https://www.vlr.gg/65287/g2-esports-vs-tenstar-champions-tour-europe-stage-1-challengers-2-ubsf,795,2022-01-21,3:30 AM
EMEA,65290,https://www.vlr.gg/65290/alliance-vs-team-finest-champions-tour-europe-stage-1-challengers-2-lr1,795,2022-01-21,3:55 AM
EMEA,65291,https://www.vlr.gg/65291/tenstar-vs-ldn-utd-champions-tour-europe-stage-1-challengers-2-lr2,795,2022-01-21,11:00 PM
EMEA,65292,https://www.vlr.gg/65292/team-vitality-vs-alliance-champions-tour-europe-stage-1-challengers-2-lr2,795,2022-01-21,11:00 PM
EMEA,65293,https://www.vlr.gg/65293/ldn-utd-vs-team-vitality-champions-tour-europe-stage-1-challengers-2-lr3,795,2022-01-22,2:00 AM
EMEA,65288,https://www.vlr.gg/65288/excel-vs-g2-esports-champions-tour-europe-stage-1-challengers-2-ubf,795,2022-01-22,11:00 PM
EMEA,65294,https://www.vlr.gg/65294/excel-vs-ldn-utd-champions-tour-europe-stage-1-challengers-2-lf,795,2022-01-23,11:00 PM
EMEA,64310,https://www.vlr.gg/64310/aim-attack-vs-aigyr-academy-champions-tour-cis-stage-1-challengers-2-ro64,796,2022-01-18,12:00 AM
EMEA,64311,https://www.vlr.gg/64311/ezclap-vs-valorant-sharaga-champions-tour-cis-stage-1-challengers-2-ro64,796,2022-01-18,12:00 AM
EMEA,64312,https://www.vlr.gg/64312/nitrogen7-vs-triada-champions-tour-cis-stage-1-challengers-2-ro64,796,2022-01-18,12:00 AM
EMEA,64313,https://www.vlr.gg/64313/quantumbrain-vs-champions-tour-cis-stage-1-challengers-2-ro64,796,2022-01-18,12:00 AM
EMEA,64314,https://www.vlr.gg/64314/vctry-esports-vs-furi-4-champions-tour-cis-stage-1-challengers-2-ro64,796,2022-01-18,12:00 AM
EMEA,64315,https://www.vlr.gg/64315/noavocado-vs-nyapoka-champions-tour-cis-stage-1-challengers-2-ro64,796,2022-01-18,12:00 AM
EMEA,64316,https://www.vlr.gg/64316/redragon-vs-genei-ryodan-champions-tour-cis-stage-1-challengers-2-ro64,796,2022-01-18,12:00 AM
EMEA,64317,https://www.vlr.gg/64317/cast-gaming-vs-312-champions-tour-cis-stage-1-challengers-2-ro64,796,2022-01-18,12:00 AM
EMEA,64318,https://www.vlr.gg/64318/fishkavtom-vs-v-k3par1ke-champions-tour-cis-stage-1-challengers-2-ro64,796,2022-01-18,12:00 AM
EMEA,64319,https://www.vlr.gg/64319/komand04ka-vs-ahekdot-champions-tour-cis-stage-1-challengers-2-ro64,796,2022-01-18,12:00 AM
EMEA,64320,https://www.vlr.gg/64320/deathwish-vs-ulitka-champions-tour-cis-stage-1-challengers-2-ro64,796,2022-01-18,12:00 AM
EMEA,64321,https://www.vlr.gg/64321/aeon-vs-ax3-champions-tour-cis-stage-1-challengers-2-ro64,796,2022-01-18,12:00 AM
EMEA,64322,https://www.vlr.gg/64322/ez-katka-vs-crushers-champions-tour-cis-stage-1-challengers-2-ro64,796,2022-01-18,12:00 AM
EMEA,64323,https://www.vlr.gg/64323/unravel-vs-nats-fans-champions-tour-cis-stage-1-challengers-2-ro64,796,2022-01-18,12:00 AM
EMEA,64324,https://www.vlr.gg/64324/qlf-clan-vs-next-gen-champions-tour-cis-stage-1-challengers-2-ro64,796,2022-01-18,12:00 AM
EMEA,64325,https://www.vlr.gg/64325/whydah-vs-dobeg-champions-tour-cis-stage-1-challengers-2-ro64,796,2022-01-18,12:00 AM
EMEA,64326,https://www.vlr.gg/64326/one-breath-gaming-vs-disband-champions-tour-cis-stage-1-challengers-2-ro64,796,2022-01-18,12:00 AM
EMEA,64327,https://www.vlr.gg/64327/cis-killers-vs-winstrike-academy-champions-tour-cis-stage-1-challengers-2-ro64,796,2022-01-18,12:00 AM
EMEA,64328,https://www.vlr.gg/64328/born-in-fire-vs-aim-face-champions-tour-cis-stage-1-challengers-2-ro64,796,2022-01-18,12:00 AM
EMEA,64329,https://www.vlr.gg/64329/space-development-vs-next-viigraem-champions-tour-cis-stage-1-challengers-2-ro64,796,2022-01-18,12:00 AM
EMEA,64330,https://www.vlr.gg/64330/team-hz-vs-secha-ghouls-champions-tour-cis-stage-1-challengers-2-ro64,796,2022-01-18,12:00 AM
EMEA,64331,https://www.vlr.gg/64331/who-cares-vs-tyeasy-champions-tour-cis-stage-1-challengers-2-ro64,796,2022-01-18,12:00 AM
EMEA,64332,https://www.vlr.gg/64332/veselievintovki-vs-norden-esports-champions-tour-cis-stage-1-challengers-2-ro64,796,2022-01-18,12:00 AM
EMEA,64333,https://www.vlr.gg/64333/smile-vs-the-bears-champions-tour-cis-stage-1-challengers-2-ro64,796,2022-01-18,12:00 AM
EMEA,64334,https://www.vlr.gg/64334/b8-esports-vs-ranked-legends-champions-tour-cis-stage-1-challengers-2-ro64,796,2022-01-18,12:00 AM
EMEA,64335,https://www.vlr.gg/64335/fat7-vs-purpure-champions-tour-cis-stage-1-challengers-2-ro64,796,2022-01-18,12:00 AM
EMEA,64336,https://www.vlr.gg/64336/sleepless-vs-lzt-gaming-champions-tour-cis-stage-1-challengers-2-ro64,796,2022-01-18,12:00 AM
EMEA,64337,https://www.vlr.gg/64337/kabahbl-vs-team420-champions-tour-cis-stage-1-challengers-2-ro64,796,2022-01-18,12:00 AM
EMEA,64338,https://www.vlr.gg/64338/tactical-five-vs-kaido-champions-tour-cis-stage-1-challengers-2-ro64,796,2022-01-18,12:00 AM
EMEA,64339,https://www.vlr.gg/64339/universe-vs-punch-champions-tour-cis-stage-1-challengers-2-ro64,796,2022-01-18,12:00 AM
EMEA,64340,https://www.vlr.gg/64340/odium-vs-vct-champions-tour-cis-stage-1-challengers-2-ro64,796,2022-01-18,12:00 AM
EMEA,64341,https://www.vlr.gg/64341/playordie-vs-powerrangers-champions-tour-cis-stage-1-challengers-2-ro64,796,2022-01-18,12:00 AM
EMEA,64342,https://www.vlr.gg/64342/aim-attack-vs-ezclap-champions-tour-cis-stage-1-challengers-2-ro32,796,2022-01-18,10:00 PM
EMEA,64343,https://www.vlr.gg/64343/triada-vs-champions-tour-cis-stage-1-challengers-2-ro32,796,2022-01-18,10:00 PM
EMEA,64344,https://www.vlr.gg/64344/furi-4-vs-nyapoka-champions-tour-cis-stage-1-challengers-2-ro32,796,2022-01-18,10:00 PM
EMEA,64345,https://www.vlr.gg/64345/redragon-vs-cast-gaming-champions-tour-cis-stage-1-challengers-2-ro32,796,2022-01-18,10:00 PM
EMEA,64346,https://www.vlr.gg/64346/fishkavtom-vs-ahekdot-champions-tour-cis-stage-1-challengers-2-ro32,796,2022-01-18,10:00 PM
EMEA,64347,https://www.vlr.gg/64347/deathwish-vs-ax3-champions-tour-cis-stage-1-challengers-2-ro32,796,2022-01-18,10:00 PM
EMEA,64348,https://www.vlr.gg/64348/ez-katka-vs-unravel-champions-tour-cis-stage-1-challengers-2-ro32,796,2022-01-18,10:00 PM
EMEA,64349,https://www.vlr.gg/64349/next-gen-vs-dobeg-champions-tour-cis-stage-1-challengers-2-ro32,796,2022-01-18,10:00 PM
EMEA,64350,https://www.vlr.gg/64350/one-breath-gaming-vs-cis-killers-champions-tour-cis-stage-1-challengers-2-ro32,796,2022-01-18,10:00 PM
EMEA,64351,https://www.vlr.gg/64351/aim-face-vs-next-viigraem-champions-tour-cis-stage-1-challengers-2-ro32,796,2022-01-18,10:00 PM
EMEA,64352,https://www.vlr.gg/64352/team-hz-vs-tyeasy-champions-tour-cis-stage-1-challengers-2-ro32,796,2022-01-18,10:00 PM
EMEA,64353,https://www.vlr.gg/64353/veselievintovki-vs-smile-champions-tour-cis-stage-1-challengers-2-ro32,796,2022-01-18,10:00 PM
EMEA,64354,https://www.vlr.gg/64354/b8-esports-vs-purpure-champions-tour-cis-stage-1-challengers-2-ro32,796,2022-01-18,10:00 PM
EMEA,64355,https://www.vlr.gg/64355/sleepless-vs-team420-champions-tour-cis-stage-1-challengers-2-ro32,796,2022-01-18,10:00 PM
EMEA,64356,https://www.vlr.gg/64356/tactical-five-vs-punch-champions-tour-cis-stage-1-challengers-2-ro32,796,2022-01-18,10:00 PM
EMEA,64357,https://www.vlr.gg/64357/odium-vs-powerrangers-champions-tour-cis-stage-1-challengers-2-ro32,796,2022-01-18,10:00 PM
EMEA,64358,https://www.vlr.gg/64358/ezclap-vs-champions-tour-cis-stage-1-challengers-2-ro16,796,2022-01-19,12:00 AM
EMEA,64359,https://www.vlr.gg/64359/furi-4-vs-redragon-champions-tour-cis-stage-1-challengers-2-ro16,796,2022-01-19,12:00 AM
EMEA,64361,https://www.vlr.gg/64361/ez-katka-vs-dobeg-champions-tour-cis-stage-1-challengers-2-ro16,796,2022-01-19,12:00 AM
EMEA,64363,https://www.vlr.gg/64363/team-hz-vs-veselievintovki-champions-tour-cis-stage-1-challengers-2-ro16,796,2022-01-19,12:00 AM
EMEA,64364,https://www.vlr.gg/64364/b8-esports-vs-sleepless-champions-tour-cis-stage-1-challengers-2-ro16,796,2022-01-19,12:00 AM
EMEA,64365,https://www.vlr.gg/64365/tactical-five-vs-odium-champions-tour-cis-stage-1-challengers-2-ro16,796,2022-01-19,12:00 AM
EMEA,64362,https://www.vlr.gg/64362/one-breath-gaming-vs-next-viigraem-champions-tour-cis-stage-1-challengers-2-ro16,796,2022-01-19,12:30 AM
EMEA,64360,https://www.vlr.gg/64360/fishkavtom-vs-ax3-champions-tour-cis-stage-1-challengers-2-ro16,796,2022-01-19,1:00 AM
EMEA,64366,https://www.vlr.gg/64366/ezclap-vs-furi-4-champions-tour-cis-stage-1-challengers-2-qf,796,2022-01-19,10:00 PM
EMEA,64367,https://www.vlr.gg/64367/ax3-vs-dobeg-champions-tour-cis-stage-1-challengers-2-qf,796,2022-01-19,10:00 PM
EMEA,64368,https://www.vlr.gg/64368/next-viigraem-vs-veselievintovki-champions-tour-cis-stage-1-challengers-2-qf,796,2022-01-19,10:00 PM
EMEA,64369,https://www.vlr.gg/64369/b8-esports-vs-tactical-five-champions-tour-cis-stage-1-challengers-2-qf,796,2022-01-19,10:00 PM
EMEA,65230,https://www.vlr.gg/65230/natus-vincere-vs-ezclap-champions-tour-cis-stage-1-challengers-2-ubqf,796,2022-01-20,10:00 PM
EMEA,65231,https://www.vlr.gg/65231/5mokes-vs-veselievintovki-champions-tour-cis-stage-1-challengers-2-ubqf,796,2022-01-20,10:00 PM
EMEA,65232,https://www.vlr.gg/65232/kpi-gaming-vs-dobeg-champions-tour-cis-stage-1-challengers-2-ubqf,796,2022-01-21,12:15 AM
EMEA,65233,https://www.vlr.gg/65233/smaracis-esports-vs-tactical-five-champions-tour-cis-stage-1-challengers-2-ubqf,796,2022-01-21,12:30 AM
EMEA,65234,https://www.vlr.gg/65234/natus-vincere-vs-5mokes-champions-tour-cis-stage-1-challengers-2-ubsf,796,2022-01-21,9:00 PM
EMEA,65235,https://www.vlr.gg/65235/kpi-gaming-vs-tactical-five-champions-tour-cis-stage-1-challengers-2-ubsf,796,2022-01-21,9:00 PM
EMEA,65238,https://www.vlr.gg/65238/ezclap-vs-veselievintovki-champions-tour-cis-stage-1-challengers-2-lr1,796,2022-01-21,9:00 PM
EMEA,65239,https://www.vlr.gg/65239/dobeg-vs-smaracis-esports-champions-tour-cis-stage-1-challengers-2-lr1,796,2022-01-21,9:00 PM
EMEA,65241,https://www.vlr.gg/65241/natus-vincere-vs-dobeg-champions-tour-cis-stage-1-challengers-2-lr2,796,2022-01-21,11:30 PM
EMEA,65236,https://www.vlr.gg/65236/5mokes-vs-tactical-five-champions-tour-cis-stage-1-challengers-2-ubf,796,2022-01-22,12:00 AM
EMEA,65240,https://www.vlr.gg/65240/kpi-gaming-vs-veselievintovki-champions-tour-cis-stage-1-challengers-2-lr2,796,2022-01-22,12:00 AM
EMEA,65242,https://www.vlr.gg/65242/kpi-gaming-vs-natus-vincere-champions-tour-cis-stage-1-challengers-2-lr3,796,2022-01-22,9:00 PM
EMEA,65244,https://www.vlr.gg/65244/veselievintovki-vs-dobeg-champions-tour-cis-stage-1-challengers-2-match-5-6,796,2022-01-22,9:00 PM
EMEA,65243,https://www.vlr.gg/65243/tactical-five-vs-natus-vincere-champions-tour-cis-stage-1-challengers-2-lbf,796,2022-01-22,11:30 PM
EMEA,65237,https://www.vlr.gg/65237/5mokes-vs-natus-vincere-champions-tour-cis-stage-1-challengers-2-gf,796,2022-01-23,9:00 PM
EMEA,64371,https://www.vlr.gg/64371/futbolist-vs-overwatch-champions-tour-turkey-stage-1-challengers-2-ro64,797,2022-01-18,10:00 PM
EMEA,64372,https://www.vlr.gg/64372/otherside-vs-mad-mare-champions-tour-turkey-stage-1-challengers-2-ro64,797,2022-01-18,10:00 PM
EMEA,64373,https://www.vlr.gg/64373/atlantis-vs-defendyourself-champions-tour-turkey-stage-1-challengers-2-ro64,797,2022-01-18,10:00 PM
EMEA,64374,https://www.vlr.gg/64374/sahangiller-espor-vs-pcific-champions-tour-turkey-stage-1-challengers-2-ro64,797,2022-01-18,10:00 PM
EMEA,64375,https://www.vlr.gg/64375/stanbul-wildcats-vs-fawes-champions-tour-turkey-stage-1-challengers-2-ro64,797,2022-01-18,10:00 PM
EMEA,64376,https://www.vlr.gg/64376/never-give-up-vs-saklabanlar-champions-tour-turkey-stage-1-challengers-2-ro64,797,2022-01-18,10:00 PM
EMEA,64377,https://www.vlr.gg/64377/blablabla-vs-lose-angeles-champions-tour-turkey-stage-1-challengers-2-ro64,797,2022-01-18,10:00 PM
EMEA,64378,https://www.vlr.gg/64378/unknownpros-vs-mortal-step-up-champions-tour-turkey-stage-1-challengers-2-ro64,797,2022-01-18,10:00 PM
EMEA,64379,https://www.vlr.gg/64379/regnum-carya-esports-vs-adini-sen-koy-champions-tour-turkey-stage-1-challengers-2-ro64,797,2022-01-18,10:00 PM
EMEA,64380,https://www.vlr.gg/64380/radiant-elo-gatekeepers-vs-fliers-champions-tour-turkey-stage-1-challengers-2-ro64,797,2022-01-18,10:00 PM
EMEA,64381,https://www.vlr.gg/64381/team-aurora-vs-cradle-to-grave-champions-tour-turkey-stage-1-challengers-2-ro64,797,2022-01-18,10:00 PM
EMEA,64382,https://www.vlr.gg/64382/part-time-players-vs-k-champions-tour-turkey-stage-1-challengers-2-ro64,797,2022-01-18,10:00 PM
EMEA,64383,https://www.vlr.gg/64383/eternal-fire-vs-010-esports-champions-tour-turkey-stage-1-challengers-2-ro64,797,2022-01-18,10:00 PM
EMEA,64384,https://www.vlr.gg/64384/kafalar-esports-vs-piercer-esports-champions-tour-turkey-stage-1-challengers-2-ro64,797,2022-01-18,10:00 PM
EMEA,64385,https://www.vlr.gg/64385/axid-esports-vs-kbb-kagitspor-champions-tour-turkey-stage-1-challengers-2-ro64,797,2022-01-18,10:00 PM
EMEA,64386,https://www.vlr.gg/64386/team-demiral-esports-vs-step-back-champions-tour-turkey-stage-1-challengers-2-ro64,797,2022-01-18,10:00 PM
EMEA,64387,https://www.vlr.gg/64387/fenerbah-e-esports-vs-young-talent-esports-champions-tour-turkey-stage-1-challengers-2-ro64,797,2022-01-18,10:00 PM
EMEA,64388,https://www.vlr.gg/64388/devils-5-vs-turgutlu-belediyesi-esports-champions-tour-turkey-stage-1-challengers-2-ro64,797,2022-01-18,10:00 PM
EMEA,64389,https://www.vlr.gg/64389/w0wclan-vs-most-wanted-champions-tour-turkey-stage-1-challengers-2-ro64,797,2022-01-18,10:00 PM
EMEA,64390,https://www.vlr.gg/64390/bedels-z-vs-night-busters-champions-tour-turkey-stage-1-challengers-2-ro64,797,2022-01-18,10:00 PM
EMEA,64391,https://www.vlr.gg/64391/thunderbolts-gaming-vs-7-states-esports-champions-tour-turkey-stage-1-challengers-2-ro64,797,2022-01-18,10:00 PM
EMEA,64392,https://www.vlr.gg/64392/besiktas-esports-vs-knaves-e-sports-champions-tour-turkey-stage-1-challengers-2-ro64,797,2022-01-18,10:00 PM
EMEA,64393,https://www.vlr.gg/64393/karag-mr-k-esports-vs-hs-rising-champions-tour-turkey-stage-1-challengers-2-ro64,797,2022-01-18,10:00 PM
EMEA,64394,https://www.vlr.gg/64394/nonamers-vs-sharko-champions-tour-turkey-stage-1-challengers-2-ro64,797,2022-01-18,10:00 PM
EMEA,64395,https://www.vlr.gg/64395/zero-zone-vs-saksagan-champions-tour-turkey-stage-1-challengers-2-ro64,797,2022-01-18,10:00 PM
EMEA,64396,https://www.vlr.gg/64396/merlyn-esports-vs-gringo-team-champions-tour-turkey-stage-1-challengers-2-ro64,797,2022-01-18,10:00 PM
EMEA,64397,https://www.vlr.gg/64397/team-lixa-vs-black-e-spor-champions-tour-turkey-stage-1-challengers-2-ro64,797,2022-01-18,10:00 PM
EMEA,64398,https://www.vlr.gg/64398/anatolia-esports-vs-black-champions-tour-turkey-stage-1-challengers-2-ro64,797,2022-01-18,10:00 PM
EMEA,64399,https://www.vlr.gg/64399/surreal-esports-vs-bela-esports-champions-tour-turkey-stage-1-challengers-2-ro64,797,2022-01-18,10:00 PM
EMEA,64400,https://www.vlr.gg/64400/looking-for-organization-vs-mix5-champions-tour-turkey-stage-1-challengers-2-ro64,797,2022-01-18,10:00 PM
EMEA,64401,https://www.vlr.gg/64401/3-g-n-yeter-vs-big-special-esports-champions-tour-turkey-stage-1-challengers-2-ro64,797,2022-01-18,10:00 PM
EMEA,64402,https://www.vlr.gg/64402/vagos-vs-team-x-champions-tour-turkey-stage-1-challengers-2-ro64,797,2022-01-18,10:00 PM
EMEA,64403,https://www.vlr.gg/64403/futbolist-vs-otherside-champions-tour-turkey-stage-1-challengers-2-ro32,797,2022-01-19,12:00 AM
EMEA,64404,https://www.vlr.gg/64404/atlantis-vs-sahangiller-espor-champions-tour-turkey-stage-1-challengers-2-ro32,797,2022-01-19,12:00 AM
EMEA,64405,https://www.vlr.gg/64405/fawes-vs-never-give-up-champions-tour-turkey-stage-1-challengers-2-ro32,797,2022-01-19,12:00 AM
EMEA,64406,https://www.vlr.gg/64406/blablabla-vs-unknownpros-champions-tour-turkey-stage-1-challengers-2-ro32,797,2022-01-19,12:00 AM
EMEA,64407,https://www.vlr.gg/64407/regnum-carya-esports-vs-fliers-champions-tour-turkey-stage-1-challengers-2-ro32,797,2022-01-19,12:00 AM
EMEA,64408,https://www.vlr.gg/64408/team-aurora-vs-part-time-players-champions-tour-turkey-stage-1-challengers-2-ro32,797,2022-01-19,12:00 AM
EMEA,64409,https://www.vlr.gg/64409/eternal-fire-vs-kafalar-esports-champions-tour-turkey-stage-1-challengers-2-ro32,797,2022-01-19,12:00 AM
EMEA,64410,https://www.vlr.gg/64410/kbb-kagitspor-vs-step-back-champions-tour-turkey-stage-1-challengers-2-ro32,797,2022-01-19,12:00 AM
EMEA,64411,https://www.vlr.gg/64411/fenerbah-e-esports-vs-turgutlu-belediyesi-esports-champions-tour-turkey-stage-1-challengers-2-ro,797,2022-01-19,12:00 AM
EMEA,64412,https://www.vlr.gg/64412/w0wclan-vs-night-busters-champions-tour-turkey-stage-1-challengers-2-ro32,797,2022-01-19,12:00 AM
EMEA,64413,https://www.vlr.gg/64413/thunderbolts-gaming-vs-besiktas-esports-champions-tour-turkey-stage-1-challengers-2-ro32,797,2022-01-19,12:00 AM
EMEA,64414,https://www.vlr.gg/64414/karag-mr-k-esports-vs-nonamers-champions-tour-turkey-stage-1-challengers-2-ro32,797,2022-01-19,12:00 AM
EMEA,64415,https://www.vlr.gg/64415/zero-zone-vs-gringo-team-champions-tour-turkey-stage-1-challengers-2-ro32,797,2022-01-19,12:00 AM
EMEA,64416,https://www.vlr.gg/64416/team-lixa-vs-anatolia-esports-champions-tour-turkey-stage-1-challengers-2-ro32,797,2022-01-19,12:00 AM
EMEA,64417,https://www.vlr.gg/64417/surreal-esports-vs-mix5-champions-tour-turkey-stage-1-challengers-2-ro32,797,2022-01-19,12:00 AM
EMEA,64418,https://www.vlr.gg/64418/3-g-n-yeter-vs-team-x-champions-tour-turkey-stage-1-challengers-2-ro32,797,2022-01-19,12:00 AM
EMEA,64419,https://www.vlr.gg/64419/futbolist-vs-sahangiller-espor-champions-tour-turkey-stage-1-challengers-2-ro16,797,2022-01-19,10:00 PM
EMEA,64420,https://www.vlr.gg/64420/fawes-vs-blablabla-champions-tour-turkey-stage-1-challengers-2-ro16,797,2022-01-19,10:00 PM
EMEA,64421,https://www.vlr.gg/64421/regnum-carya-esports-vs-team-aurora-champions-tour-turkey-stage-1-challengers-2-ro16,797,2022-01-19,10:00 PM
EMEA,64422,https://www.vlr.gg/64422/eternal-fire-vs-kbb-kagitspor-champions-tour-turkey-stage-1-challengers-2-ro16,797,2022-01-19,10:00 PM
EMEA,64423,https://www.vlr.gg/64423/fenerbah-e-esports-vs-w0wclan-champions-tour-turkey-stage-1-challengers-2-ro16,797,2022-01-19,10:00 PM
EMEA,64424,https://www.vlr.gg/64424/thunderbolts-gaming-vs-nonamers-champions-tour-turkey-stage-1-challengers-2-ro16,797,2022-01-19,10:00 PM
EMEA,64425,https://www.vlr.gg/64425/zero-zone-vs-team-lixa-champions-tour-turkey-stage-1-challengers-2-ro16,797,2022-01-19,10:00 PM
EMEA,64426,https://www.vlr.gg/64426/surreal-esports-vs-3-g-n-yeter-champions-tour-turkey-stage-1-challengers-2-ro16,797,2022-01-19,10:00 PM
EMEA,64427,https://www.vlr.gg/64427/futbolist-vs-blablabla-champions-tour-turkey-stage-1-challengers-2-qf,797,2022-01-20,12:00 AM
EMEA,64428,https://www.vlr.gg/64428/team-aurora-vs-eternal-fire-champions-tour-turkey-stage-1-challengers-2-qf,797,2022-01-20,12:00 AM
EMEA,64429,https://www.vlr.gg/64429/fenerbah-e-esports-vs-thunderbolts-gaming-champions-tour-turkey-stage-1-challengers-2-qf,797,2022-01-20,12:30 AM
EMEA,64430,https://www.vlr.gg/64430/surreal-esports-vs-zero-zone-champions-tour-turkey-stage-1-challengers-2-qf,797,2022-01-20,1:00 AM
EMEA,65297,https://www.vlr.gg/65297/fire-flux-esports-vs-team-aurora-champions-tour-turkey-stage-1-challengers-2-ubqf,797,2022-01-20,10:00 PM
EMEA,65298,https://www.vlr.gg/65298/galakticos-vs-surreal-esports-champions-tour-turkey-stage-1-challengers-2-ubqf,797,2022-01-20,10:00 PM
EMEA,65299,https://www.vlr.gg/65299/bbl-esports-vs-thunderbolts-gaming-champions-tour-turkey-stage-1-challengers-2-ubqf,797,2022-01-21,12:00 AM
EMEA,65300,https://www.vlr.gg/65300/galatasaray-esports-vs-futbolist-champions-tour-turkey-stage-1-challengers-2-ubqf,797,2022-01-21,12:00 AM
EMEA,65301,https://www.vlr.gg/65301/fire-flux-esports-vs-surreal-esports-champions-tour-turkey-stage-1-challengers-2-ubsf,797,2022-01-21,9:00 PM
EMEA,65302,https://www.vlr.gg/65302/bbl-esports-vs-futbolist-champions-tour-turkey-stage-1-challengers-2-ubsf,797,2022-01-21,9:00 PM
EMEA,65304,https://www.vlr.gg/65304/team-aurora-vs-galakticos-champions-tour-turkey-stage-1-challengers-2-lr1,797,2022-01-21,9:00 PM
EMEA,65305,https://www.vlr.gg/65305/thunderbolts-gaming-vs-galatasaray-esports-champions-tour-turkey-stage-1-challengers-2-lr1,797,2022-01-21,9:00 PM
EMEA,65303,https://www.vlr.gg/65303/fire-flux-esports-vs-futbolist-champions-tour-turkey-stage-1-challengers-2-ubf,797,2022-01-21,11:30 PM
EMEA,65306,https://www.vlr.gg/65306/bbl-esports-vs-galakticos-champions-tour-turkey-stage-1-challengers-2-lr2,797,2022-01-22,12:00 AM
EMEA,65307,https://www.vlr.gg/65307/surreal-esports-vs-galatasaray-esports-champions-tour-turkey-stage-1-challengers-2-lr2,797,2022-01-22,12:30 AM
EMEA,65308,https://www.vlr.gg/65308/bbl-esports-vs-surreal-esports-champions-tour-turkey-stage-1-challengers-2-lr3,797,2022-01-22,9:00 PM
EMEA,65689,https://www.vlr.gg/65689/galakticos-vs-galatasaray-esports-champions-tour-turkey-stage-1-challengers-2-5-6,797,2022-01-22,9:00 PM
EMEA,65309,https://www.vlr.gg/65309/fire-flux-esports-vs-bbl-esports-champions-tour-turkey-stage-1-challengers-2-lf,797,2022-01-23,12:00 AM
EMEA,65310,https://www.vlr.gg/65310/futbolist-vs-bbl-esports-champions-tour-turkey-stage-1-challengers-2-gf,797,2022-01-23,9:00 PM
EMEA,62601,https://www.vlr.gg/62601/guild-esports-vs-les-braqueurs-champions-tour-europe-stage-1-challengers-1-ro256,792,2022-01-11,12:00 AM
EMEA,62602,https://www.vlr.gg/62602/golira-esports-vs-hi-shin-champions-tour-europe-stage-1-challengers-1-ro256,792,2022-01-11,12:00 AM
EMEA,62603,https://www.vlr.gg/62603/delusional-5-vs-farciminis-champions-tour-europe-stage-1-challengers-1-ro256,792,2022-01-11,12:00 AM
EMEA,62604,https://www.vlr.gg/62604/elusive-vs-verendus-champions-tour-europe-stage-1-challengers-1-ro256,792,2022-01-11,12:00 AM
EMEA,62605,https://www.vlr.gg/62605/giefkalash-vs-qz-champions-tour-europe-stage-1-challengers-1-ro256,792,2022-01-11,12:00 AM
EMEA,62606,https://www.vlr.gg/62606/nitrogen7-vs-team-doggo-champions-tour-europe-stage-1-challengers-1-ro256,792,2022-01-11,12:00 AM
EMEA,62607,https://www.vlr.gg/62607/ovation-esports-vs-abeconejos-champions-tour-europe-stage-1-challengers-1-ro256,792,2022-01-11,12:00 AM
EMEA,62608,https://www.vlr.gg/62608/fokus-vs-team-homyno-champions-tour-europe-stage-1-challengers-1-ro256,792,2022-01-11,12:00 AM
EMEA,62609,https://www.vlr.gg/62609/giants-gaming-vs-digheads-champions-tour-europe-stage-1-challengers-1-ro256,792,2022-01-11,12:00 AM
EMEA,62610,https://www.vlr.gg/62610/nomad-vs-display-porters-champions-tour-europe-stage-1-challengers-1-ro256,792,2022-01-11,12:00 AM
EMEA,62611,https://www.vlr.gg/62611/naptime-vs-team-onyx-champions-tour-europe-stage-1-challengers-1-ro256,792,2022-01-11,12:00 AM
EMEA,62612,https://www.vlr.gg/62612/oned-gaming-vs-junummer-champions-tour-europe-stage-1-challengers-1-ro256,792,2022-01-11,12:00 AM
EMEA,62613,https://www.vlr.gg/62613/vexed-gaming-vs-nandead-gaming-champions-tour-europe-stage-1-challengers-1-ro256,792,2022-01-11,12:00 AM
EMEA,62614,https://www.vlr.gg/62614/nebula123-vs-h2o-champions-tour-europe-stage-1-challengers-1-ro256,792,2022-01-11,12:00 AM
EMEA,62615,https://www.vlr.gg/62615/anonymo-esports-vs-currygold-champions-tour-europe-stage-1-challengers-1-ro256,792,2022-01-11,12:00 AM
EMEA,62616,https://www.vlr.gg/62616/falchion-gaming-vs-atleta-esport-champions-tour-europe-stage-1-challengers-1-ro256,792,2022-01-11,12:00 AM
EMEA,62617,https://www.vlr.gg/62617/team-finest-vs-buffomix-champions-tour-europe-stage-1-challengers-1-ro256,792,2022-01-11,12:00 AM
EMEA,62618,https://www.vlr.gg/62618/capybaras-vs-nfg-light-champions-tour-europe-stage-1-challengers-1-ro256,792,2022-01-11,12:00 AM
EMEA,62619,https://www.vlr.gg/62619/bl-ndet-vs-swag-silicone-champions-tour-europe-stage-1-challengers-1-ro256,792,2022-01-11,12:00 AM
EMEA,62620,https://www.vlr.gg/62620/performancegg-vs-rctic-champions-tour-europe-stage-1-challengers-1-ro256,792,2022-01-11,12:00 AM
EMEA,62621,https://www.vlr.gg/62621/goodfor1-vs-frog-munchers-champions-tour-europe-stage-1-challengers-1-ro256,792,2022-01-11,12:00 AM
EMEA,62622,https://www.vlr.gg/62622/gpc-vs-ex-killabeez-champions-tour-europe-stage-1-challengers-1-ro256,792,2022-01-11,12:00 AM
EMEA,62623,https://www.vlr.gg/62623/yonk-vs-celestials-champions-tour-europe-stage-1-challengers-1-ro256,792,2022-01-11,12:00 AM
EMEA,62624,https://www.vlr.gg/62624/overpowered-esports-vs-psq-rising-champions-tour-europe-stage-1-challengers-1-ro256,792,2022-01-11,12:00 AM
EMEA,62625,https://www.vlr.gg/62625/need-more-dm-vs-b44-bestest-champions-tour-europe-stage-1-challengers-1-ro256,792,2022-01-11,12:00 AM
EMEA,62626,https://www.vlr.gg/62626/senthex-vs-bristol-bagels-champions-tour-europe-stage-1-challengers-1-ro256,792,2022-01-11,12:00 AM
EMEA,62627,https://www.vlr.gg/62627/frederikssund-vikings-vs-the-goose-house-champions-tour-europe-stage-1-challengers-1-ro256,792,2022-01-11,12:00 AM
EMEA,62628,https://www.vlr.gg/62628/klanik-esport-vs-amaze-champions-tour-europe-stage-1-challengers-1-ro256,792,2022-01-11,12:00 AM
EMEA,62629,https://www.vlr.gg/62629/cgn-esports-vs-thegiornalisti-champions-tour-europe-stage-1-challengers-1-ro256,792,2022-01-11,12:00 AM
EMEA,62630,https://www.vlr.gg/62630/sun7-vs-la-puenta-champions-tour-europe-stage-1-challengers-1-ro256,792,2022-01-11,12:00 AM
EMEA,62631,https://www.vlr.gg/62631/team-radical-vs-polonez-champions-tour-europe-stage-1-challengers-1-ro256,792,2022-01-11,12:00 AM
EMEA,62632,https://www.vlr.gg/62632/ex0tik-gaming-vs-alty-champions-tour-europe-stage-1-challengers-1-ro256,792,2022-01-11,12:00 AM
EMEA,62633,https://www.vlr.gg/62633/ldn-utd-vs-ludus-sports-champions-tour-europe-stage-1-challengers-1-ro256,792,2022-01-11,12:00 AM
EMEA,62634,https://www.vlr.gg/62634/gummib-rchen-vs-scythe-of-seraph-champions-tour-europe-stage-1-challengers-1-ro256,792,2022-01-11,12:00 AM
EMEA,62635,https://www.vlr.gg/62635/capacitanes-vs-valorantpt-champions-tour-europe-stage-1-challengers-1-ro256,792,2022-01-11,12:00 AM
EMEA,62636,https://www.vlr.gg/62636/horyjin-vs-orgless-champions-tour-europe-stage-1-challengers-1-ro256,792,2022-01-11,12:00 AM
EMEA,62637,https://www.vlr.gg/62637/keepyourskill-vs-rats-champions-tour-europe-stage-1-challengers-1-ro256,792,2022-01-11,12:00 AM
EMEA,62638,https://www.vlr.gg/62638/ungentium-vs-camioneros-valorant-club-champions-tour-europe-stage-1-challengers-1-ro256,792,2022-01-11,12:00 AM
EMEA,62639,https://www.vlr.gg/62639/ignite-academy-vs-victoire-gaming-champions-tour-europe-stage-1-challengers-1-ro256,792,2022-01-11,12:00 AM
EMEA,62640,https://www.vlr.gg/62640/descendants-vs-vielepinese-champions-tour-europe-stage-1-challengers-1-ro256,792,2022-01-11,12:00 AM
EMEA,62641,https://www.vlr.gg/62641/megastitut-vs-sinop-champions-tour-europe-stage-1-challengers-1-ro256,792,2022-01-11,12:00 AM
EMEA,62642,https://www.vlr.gg/62642/human-tripwires-vs-impact-donkey-frags-champions-tour-europe-stage-1-challengers-1-ro256,792,2022-01-11,12:00 AM
EMEA,62643,https://www.vlr.gg/62643/g2-gozen-vs-bref-champions-tour-europe-stage-1-challengers-1-ro256,792,2022-01-11,12:00 AM
EMEA,62644,https://www.vlr.gg/62644/dame-time-vs-creme-bruleee-champions-tour-europe-stage-1-challengers-1-ro256,792,2022-01-11,12:00 AM
EMEA,62645,https://www.vlr.gg/62645/team-heretics-vs-raftel-champions-tour-europe-stage-1-challengers-1-ro256,792,2022-01-11,12:00 AM
EMEA,62646,https://www.vlr.gg/62646/valar-morghulis-vs-bob-der-baumeister-und-das-team-champions-tour-europe-stage-1-challengers-1-r,792,2022-01-11,12:00 AM
EMEA,62647,https://www.vlr.gg/62647/mkers-vs-team-frosty-champions-tour-europe-stage-1-challengers-1-ro256,792,2022-01-11,12:00 AM
EMEA,62648,https://www.vlr.gg/62648/new-genesis-esports-vs-treasure-hunters-champions-tour-europe-stage-1-challengers-1-ro256,792,2022-01-11,12:00 AM
EMEA,62649,https://www.vlr.gg/62649/big-vs-drake-fans-champions-tour-europe-stage-1-challengers-1-ro256,792,2022-01-11,12:00 AM
EMEA,62650,https://www.vlr.gg/62650/matching-numbers-e-sports-vs-chaotics-champions-tour-europe-stage-1-challengers-1-ro256,792,2022-01-11,12:00 AM
EMEA,62651,https://www.vlr.gg/62651/cowana-gaming-vs-bhb-esports-champions-tour-europe-stage-1-challengers-1-ro256,792,2022-01-11,12:00 AM
EMEA,62652,https://www.vlr.gg/62652/absolute-amateurs-vs-we-dem-bois-champions-tour-europe-stage-1-challengers-1-ro256,792,2022-01-11,12:00 AM
EMEA,62653,https://www.vlr.gg/62653/heet-vs-joga-bonito-champions-tour-europe-stage-1-challengers-1-ro256,792,2022-01-11,12:00 AM
EMEA,62654,https://www.vlr.gg/62654/nom-esports-vs-esports-team-twente-champions-tour-europe-stage-1-challengers-1-ro256,792,2022-01-11,12:00 AM
EMEA,62655,https://www.vlr.gg/62655/stunzin5-vs-nothingtolose-champions-tour-europe-stage-1-challengers-1-ro256,792,2022-01-11,12:00 AM
EMEA,62656,https://www.vlr.gg/62656/penta-vs-keanus-backpack-champions-tour-europe-stage-1-challengers-1-ro256,792,2022-01-11,12:00 AM
EMEA,62657,https://www.vlr.gg/62657/twareg-esports-vs-iberians-champions-tour-europe-stage-1-challengers-1-ro256,792,2022-01-11,12:00 AM
EMEA,62658,https://www.vlr.gg/62658/garys-crosshair-vs-bang-average-champions-tour-europe-stage-1-challengers-1-ro256,792,2022-01-11,12:00 AM
EMEA,62659,https://www.vlr.gg/62659/azzis-anime-aimers-vs-munich-esports-academy-champions-tour-europe-stage-1-challengers-1-ro256,792,2022-01-11,12:00 AM
EMEA,62660,https://www.vlr.gg/62660/titxns-vs-whiffing-club-champions-tour-europe-stage-1-challengers-1-ro256,792,2022-01-11,12:00 AM
EMEA,62661,https://www.vlr.gg/62661/case-esports-vs-fuelcore-champions-tour-europe-stage-1-challengers-1-ro256,792,2022-01-11,12:00 AM
EMEA,62662,https://www.vlr.gg/62662/not-underage-vs-the-mix-champions-tour-europe-stage-1-challengers-1-ro256,792,2022-01-11,12:00 AM
EMEA,62663,https://www.vlr.gg/62663/outriders-vs-intenzive-champions-tour-europe-stage-1-challengers-1-ro256,792,2022-01-11,12:00 AM
EMEA,62664,https://www.vlr.gg/62664/s-rby-esport-vs-old-fellows-champions-tour-europe-stage-1-challengers-1-ro256,792,2022-01-11,12:00 AM
EMEA,62665,https://www.vlr.gg/62665/rix-gg-thunder-vs-monkey-momentum-champions-tour-europe-stage-1-challengers-1-ro256,792,2022-01-11,12:00 AM
EMEA,62666,https://www.vlr.gg/62666/d-ners-vs-praeditus-gaming-champions-tour-europe-stage-1-challengers-1-ro256,792,2022-01-11,12:00 AM
EMEA,62667,https://www.vlr.gg/62667/ipon-esport-vs-aspire-champions-tour-europe-stage-1-challengers-1-ro256,792,2022-01-11,12:00 AM
EMEA,62668,https://www.vlr.gg/62668/ucam-tokiers-vs-dsyre-champions-tour-europe-stage-1-challengers-1-ro256,792,2022-01-11,12:00 AM
EMEA,62669,https://www.vlr.gg/62669/wave-esports-vs-jokers-champions-tour-europe-stage-1-challengers-1-ro256,792,2022-01-11,12:00 AM
EMEA,62670,https://www.vlr.gg/62670/headshot-maschinen-vs-digital-athletics-champions-tour-europe-stage-1-challengers-1-ro256,792,2022-01-11,12:00 AM
EMEA,62671,https://www.vlr.gg/62671/5ordic-vs-vipersayscome-champions-tour-europe-stage-1-challengers-1-ro256,792,2022-01-11,12:00 AM
EMEA,62672,https://www.vlr.gg/62672/rexpect-esports-vs-soldados-de-lembo-champions-tour-europe-stage-1-challengers-1-ro256,792,2022-01-11,12:00 AM
EMEA,62673,https://www.vlr.gg/62673/team-queso-vs-m-gge-esports-champions-tour-europe-stage-1-challengers-1-ro256,792,2022-01-11,12:00 AM
EMEA,62674,https://www.vlr.gg/62674/monky-gaming-vs-connemara-champions-tour-europe-stage-1-challengers-1-ro256,792,2022-01-11,12:00 AM
EMEA,62675,https://www.vlr.gg/62675/team-progress-vs-orglesssszzzssz-champions-tour-europe-stage-1-challengers-1-ro256,792,2022-01-11,12:00 AM
EMEA,62676,https://www.vlr.gg/62676/teambash-soul-vs-unicorns-of-love-champions-tour-europe-stage-1-challengers-1-ro256,792,2022-01-11,12:00 AM
EMEA,62677,https://www.vlr.gg/62677/og-vs-project-k-champions-tour-europe-stage-1-challengers-1-ro256,792,2022-01-11,12:00 AM
EMEA,62678,https://www.vlr.gg/62678/shanghai-emperors-vs-cavalry-esports-champions-tour-europe-stage-1-challengers-1-ro256,792,2022-01-11,12:00 AM
EMEA,62679,https://www.vlr.gg/62679/nonsensegaming-vs-alsace-esport-arena-champions-tour-europe-stage-1-challengers-1-ro256,792,2022-01-11,12:00 AM
EMEA,62680,https://www.vlr.gg/62680/onlyrefrag-vs-static-champions-tour-europe-stage-1-challengers-1-ro256,792,2022-01-11,12:00 AM
EMEA,62681,https://www.vlr.gg/62681/awaria-vs-cag-champions-tour-europe-stage-1-challengers-1-ro256,792,2022-01-11,12:00 AM
EMEA,62682,https://www.vlr.gg/62682/virgin-two-vs-pendragon-esports-champions-tour-europe-stage-1-challengers-1-ro256,792,2022-01-11,12:00 AM
EMEA,62683,https://www.vlr.gg/62683/86-vs-mantis-champions-tour-europe-stage-1-challengers-1-ro256,792,2022-01-11,12:00 AM
EMEA,62684,https://www.vlr.gg/62684/fadee-gaming-vs-the-agency-clan-champions-tour-europe-stage-1-challengers-1-ro256,792,2022-01-11,12:00 AM
EMEA,62685,https://www.vlr.gg/62685/ownage-vs-fc-pat-patrouille-champions-tour-europe-stage-1-challengers-1-ro256,792,2022-01-11,12:00 AM
EMEA,62686,https://www.vlr.gg/62686/wataha-vs-into-the-breach-champions-tour-europe-stage-1-challengers-1-ro256,792,2022-01-11,12:00 AM
EMEA,62687,https://www.vlr.gg/62687/big-blue-charizard-vs-area-champions-tour-europe-stage-1-challengers-1-ro256,792,2022-01-11,12:00 AM
EMEA,62688,https://www.vlr.gg/62688/kekw-vs-f9-hetic-champions-tour-europe-stage-1-challengers-1-ro256,792,2022-01-11,12:00 AM
EMEA,62689,https://www.vlr.gg/62689/rebels-gaming-vs-good-morning-champions-tour-europe-stage-1-challengers-1-ro256,792,2022-01-11,12:00 AM
EMEA,62690,https://www.vlr.gg/62690/weakless-vs-idkman-champions-tour-europe-stage-1-challengers-1-ro256,792,2022-01-11,12:00 AM
EMEA,62691,https://www.vlr.gg/62691/wrng-vs-intellectually-challenged-gamers-champions-tour-europe-stage-1-challengers-1-ro256,792,2022-01-11,12:00 AM
EMEA,62692,https://www.vlr.gg/62692/adepts-vs-light-emitting-diodes-champions-tour-europe-stage-1-challengers-1-ro256,792,2022-01-11,12:00 AM
EMEA,62693,https://www.vlr.gg/62693/sunnybeach-vs-zyzz-champions-tour-europe-stage-1-challengers-1-ro256,792,2022-01-11,12:00 AM
EMEA,62694,https://www.vlr.gg/62694/feng-esports-vs-foxup-esports-champions-tour-europe-stage-1-challengers-1-ro256,792,2022-01-11,12:00 AM
EMEA,62695,https://www.vlr.gg/62695/bald-wheelchair-vs-de-prodigy-champions-tour-europe-stage-1-challengers-1-ro256,792,2022-01-11,12:00 AM
EMEA,62696,https://www.vlr.gg/62696/orgless22-vs-balkan-stars-champions-tour-europe-stage-1-challengers-1-ro256,792,2022-01-11,12:00 AM
EMEA,62697,https://www.vlr.gg/62697/team-vitality-vs-orkestra-champions-tour-europe-stage-1-challengers-1-ro256,792,2022-01-11,12:00 AM
EMEA,62698,https://www.vlr.gg/62698/mercury-vs-aesir-esports-champions-tour-europe-stage-1-challengers-1-ro256,792,2022-01-11,12:00 AM
EMEA,62699,https://www.vlr.gg/62699/community-guidelines-vs-skelp-esports-champions-tour-europe-stage-1-challengers-1-ro256,792,2022-01-11,12:00 AM
EMEA,62700,https://www.vlr.gg/62700/kahoot-vs-teamatesgaming-champions-tour-europe-stage-1-challengers-1-ro256,792,2022-01-11,12:00 AM
EMEA,62701,https://www.vlr.gg/62701/anorthosis-famagusta-esports-vs-midnightclub-champions-tour-europe-stage-1-challengers-1-ro256,792,2022-01-11,12:00 AM
EMEA,62702,https://www.vlr.gg/62702/minima-vs-lucadmin-esports-champions-tour-europe-stage-1-challengers-1-ro256,792,2022-01-11,12:00 AM
EMEA,62703,https://www.vlr.gg/62703/1gameandwegohome-vs-team-rocket-champions-tour-europe-stage-1-challengers-1-ro256,792,2022-01-11,12:00 AM
EMEA,62704,https://www.vlr.gg/62704/ar-esports-vs-purple-team-champions-tour-europe-stage-1-challengers-1-ro256,792,2022-01-11,12:00 AM
EMEA,62705,https://www.vlr.gg/62705/kova-vs-testers-champions-tour-europe-stage-1-challengers-1-ro256,792,2022-01-11,12:00 AM
EMEA,62706,https://www.vlr.gg/62706/team-pu-eta-vs-motif-esports-champions-tour-europe-stage-1-challengers-1-ro256,792,2022-01-11,12:00 AM
EMEA,62707,https://www.vlr.gg/62707/glitch-gaming-esports-vs-monitos-champions-tour-europe-stage-1-challengers-1-ro256,792,2022-01-11,12:00 AM
EMEA,62708,https://www.vlr.gg/62708/lavender-boys-vs-red8-champions-tour-europe-stage-1-challengers-1-ro256,792,2022-01-11,12:00 AM
EMEA,62709,https://www.vlr.gg/62709/axibyte-esports-vs-team-aurous-champions-tour-europe-stage-1-challengers-1-ro256,792,2022-01-11,12:00 AM
EMEA,62710,https://www.vlr.gg/62710/guild-x-vs-phoenicia-champions-tour-europe-stage-1-challengers-1-ro256,792,2022-01-11,12:00 AM
EMEA,62711,https://www.vlr.gg/62711/19esports-vs-throwers-champions-tour-europe-stage-1-challengers-1-ro256,792,2022-01-11,12:00 AM
EMEA,62712,https://www.vlr.gg/62712/digitroni-esports-vs-mix123-champions-tour-europe-stage-1-challengers-1-ro256,792,2022-01-11,12:00 AM
EMEA,62713,https://www.vlr.gg/62713/koi-vs-true-kings-champions-tour-europe-stage-1-challengers-1-ro256,792,2022-01-11,12:00 AM
EMEA,62714,https://www.vlr.gg/62714/avante-vs-404-multigaming-champions-tour-europe-stage-1-challengers-1-ro256,792,2022-01-11,12:00 AM
EMEA,62715,https://www.vlr.gg/62715/team-wyvern-vs-444-champions-tour-europe-stage-1-challengers-1-ro256,792,2022-01-11,12:00 AM
EMEA,62716,https://www.vlr.gg/62716/finstack-vs-rapid-ninjas-champions-tour-europe-stage-1-challengers-1-ro256,792,2022-01-11,12:00 AM
EMEA,62717,https://www.vlr.gg/62717/excel-vs-ignisoul-gaming-champions-tour-europe-stage-1-challengers-1-ro256,792,2022-01-11,12:00 AM
EMEA,62718,https://www.vlr.gg/62718/bifrost-vs-retired-flavour-champions-tour-europe-stage-1-challengers-1-ro256,792,2022-01-11,12:00 AM
EMEA,62719,https://www.vlr.gg/62719/rix-gg-lightning-vs-down-bad-champions-tour-europe-stage-1-challengers-1-ro256,792,2022-01-11,12:00 AM
EMEA,62720,https://www.vlr.gg/62720/zerance-vs-tiebreak-champions-tour-europe-stage-1-challengers-1-ro256,792,2022-01-11,12:00 AM
EMEA,62721,https://www.vlr.gg/62721/movistar-riders-vs-l3wnadowski-champions-tour-europe-stage-1-challengers-1-ro256,792,2022-01-11,12:00 AM
EMEA,62722,https://www.vlr.gg/62722/limitless-vs-onlyfrags-champions-tour-europe-stage-1-challengers-1-ro256,792,2022-01-11,12:00 AM
EMEA,62723,https://www.vlr.gg/62723/vamos-esports-vs-team-zaxaro-champions-tour-europe-stage-1-challengers-1-ro256,792,2022-01-11,12:00 AM
EMEA,62724,https://www.vlr.gg/62724/straight-outta-retirement-vs-on-the-run-esports-champions-tour-europe-stage-1-challengers-1-ro25,792,2022-01-11,12:00 AM
EMEA,62725,https://www.vlr.gg/62725/angry-titans-vs-tba-champions-tour-europe-stage-1-challengers-1-ro256,792,2022-01-11,12:00 AM
EMEA,62726,https://www.vlr.gg/62726/storm7-vs-m8-esports-champions-tour-europe-stage-1-challengers-1-ro256,792,2022-01-11,12:00 AM
EMEA,62727,https://www.vlr.gg/62727/xd-vs-mango-champions-tour-europe-stage-1-challengers-1-ro256,792,2022-01-11,12:00 AM
EMEA,62728,https://www.vlr.gg/62728/xyz-vs-ghosts-champions-tour-europe-stage-1-challengers-1-ro256,792,2022-01-11,12:00 AM
EMEA,62729,https://www.vlr.gg/62729/guild-esports-vs-hi-shin-champions-tour-europe-stage-1-challengers-1-ro128,792,2022-01-11,2:00 AM
EMEA,62730,https://www.vlr.gg/62730/farciminis-vs-elusive-champions-tour-europe-stage-1-challengers-1-ro128,792,2022-01-11,2:00 AM
EMEA,62731,https://www.vlr.gg/62731/giefkalash-vs-team-doggo-champions-tour-europe-stage-1-challengers-1-ro128,792,2022-01-11,2:00 AM
EMEA,62732,https://www.vlr.gg/62732/ovation-esports-vs-fokus-champions-tour-europe-stage-1-challengers-1-ro128,792,2022-01-11,2:00 AM
EMEA,62734,https://www.vlr.gg/62734/naptime-vs-junummer-champions-tour-europe-stage-1-challengers-1-ro128,792,2022-01-11,2:00 AM
EMEA,62735,https://www.vlr.gg/62735/vexed-gaming-vs-h2o-champions-tour-europe-stage-1-challengers-1-ro128,792,2022-01-11,2:00 AM
EMEA,62736,https://www.vlr.gg/62736/anonymo-esports-vs-falchion-gaming-champions-tour-europe-stage-1-challengers-1-ro128,792,2022-01-11,2:00 AM
EMEA,62737,https://www.vlr.gg/62737/team-finest-vs-capybaras-champions-tour-europe-stage-1-challengers-1-ro128,792,2022-01-11,2:00 AM
EMEA,62740,https://www.vlr.gg/62740/yonk-vs-psq-rising-champions-tour-europe-stage-1-challengers-1-ro128,792,2022-01-11,2:00 AM
EMEA,62741,https://www.vlr.gg/62741/need-more-dm-vs-senthex-champions-tour-europe-stage-1-challengers-1-ro128,792,2022-01-11,2:00 AM
EMEA,62742,https://www.vlr.gg/62742/the-goose-house-vs-klanik-esport-champions-tour-europe-stage-1-challengers-1-ro128,792,2022-01-11,2:00 AM
EMEA,62743,https://www.vlr.gg/62743/cgn-esports-vs-la-puenta-champions-tour-europe-stage-1-challengers-1-ro128,792,2022-01-11,2:00 AM
EMEA,62744,https://www.vlr.gg/62744/polonez-vs-ex0tik-gaming-champions-tour-europe-stage-1-challengers-1-ro128,792,2022-01-11,2:00 AM
EMEA,62745,https://www.vlr.gg/62745/ldn-utd-vs-scythe-of-seraph-champions-tour-europe-stage-1-challengers-1-ro128,792,2022-01-11,2:00 AM
EMEA,62746,https://www.vlr.gg/62746/valorantpt-vs-horyjin-champions-tour-europe-stage-1-challengers-1-ro128,792,2022-01-11,2:00 AM
EMEA,62747,https://www.vlr.gg/62747/rats-vs-ungentium-champions-tour-europe-stage-1-challengers-1-ro128,792,2022-01-11,2:00 AM
EMEA,62748,https://www.vlr.gg/62748/ignite-academy-vs-descendants-champions-tour-europe-stage-1-challengers-1-ro128,792,2022-01-11,2:00 AM
EMEA,62749,https://www.vlr.gg/62749/megastitut-vs-human-tripwires-champions-tour-europe-stage-1-challengers-1-ro128,792,2022-01-11,2:00 AM
EMEA,62750,https://www.vlr.gg/62750/bref-vs-dame-time-champions-tour-europe-stage-1-challengers-1-ro128,792,2022-01-11,2:00 AM
EMEA,62751,https://www.vlr.gg/62751/team-heretics-vs-valar-morghulis-champions-tour-europe-stage-1-challengers-1-ro128,792,2022-01-11,2:00 AM
EMEA,62752,https://www.vlr.gg/62752/mkers-vs-new-genesis-esports-champions-tour-europe-stage-1-challengers-1-ro128,792,2022-01-11,2:00 AM
EMEA,62753,https://www.vlr.gg/62753/big-vs-matching-numbers-e-sports-champions-tour-europe-stage-1-challengers-1-ro128,792,2022-01-11,2:00 AM
EMEA,62754,https://www.vlr.gg/62754/cowana-gaming-vs-absolute-amateurs-champions-tour-europe-stage-1-challengers-1-ro128,792,2022-01-11,2:00 AM
EMEA,62755,https://www.vlr.gg/62755/heet-vs-nom-esports-champions-tour-europe-stage-1-challengers-1-ro128,792,2022-01-11,2:00 AM
EMEA,62756,https://www.vlr.gg/62756/stunzin5-vs-penta-champions-tour-europe-stage-1-challengers-1-ro128,792,2022-01-11,2:00 AM
EMEA,62757,https://www.vlr.gg/62757/twareg-esports-vs-bang-average-champions-tour-europe-stage-1-challengers-1-ro128,792,2022-01-11,2:00 AM
EMEA,62758,https://www.vlr.gg/62758/azzis-anime-aimers-vs-titxns-champions-tour-europe-stage-1-challengers-1-ro128,792,2022-01-11,2:00 AM
EMEA,62759,https://www.vlr.gg/62759/case-esports-vs-the-mix-champions-tour-europe-stage-1-challengers-1-ro128,792,2022-01-11,2:00 AM
EMEA,62760,https://www.vlr.gg/62760/intenzive-vs-s-rby-esport-champions-tour-europe-stage-1-challengers-1-ro128,792,2022-01-11,2:00 AM
EMEA,62761,https://www.vlr.gg/62761/rix-gg-thunder-vs-praeditus-gaming-champions-tour-europe-stage-1-challengers-1-ro128,792,2022-01-11,2:00 AM
EMEA,62762,https://www.vlr.gg/62762/ipon-esport-vs-ucam-tokiers-champions-tour-europe-stage-1-challengers-1-ro128,792,2022-01-11,2:00 AM
EMEA,62763,https://www.vlr.gg/62763/wave-esports-vs-digital-athletics-champions-tour-europe-stage-1-challengers-1-ro128,792,2022-01-11,2:00 AM
EMEA,62764,https://www.vlr.gg/62764/5ordic-vs-soldados-de-lembo-champions-tour-europe-stage-1-challengers-1-ro128,792,2022-01-11,2:00 AM
EMEA,62765,https://www.vlr.gg/62765/team-queso-vs-connemara-champions-tour-europe-stage-1-challengers-1-ro128,792,2022-01-11,2:00 AM
EMEA,62767,https://www.vlr.gg/62767/og-vs-cavalry-esports-champions-tour-europe-stage-1-challengers-1-ro128,792,2022-01-11,2:00 AM
EMEA,62768,https://www.vlr.gg/62768/nonsensegaming-vs-static-champions-tour-europe-stage-1-challengers-1-ro128,792,2022-01-11,2:00 AM
EMEA,62769,https://www.vlr.gg/62769/awaria-vs-pendragon-esports-champions-tour-europe-stage-1-challengers-1-ro128,792,2022-01-11,2:00 AM
EMEA,62770,https://www.vlr.gg/62770/86-vs-the-agency-clan-champions-tour-europe-stage-1-challengers-1-ro128,792,2022-01-11,2:00 AM
EMEA,62771,https://www.vlr.gg/62771/ownage-vs-wataha-champions-tour-europe-stage-1-challengers-1-ro128,792,2022-01-11,2:00 AM
EMEA,62772,https://www.vlr.gg/62772/big-blue-charizard-vs-f9-hetic-champions-tour-europe-stage-1-challengers-1-ro128,792,2022-01-11,2:00 AM
EMEA,62773,https://www.vlr.gg/62773/rebels-gaming-vs-idkman-champions-tour-europe-stage-1-challengers-1-ro128,792,2022-01-11,2:00 AM
EMEA,62774,https://www.vlr.gg/62774/intellectually-challenged-gamers-vs-adepts-champions-tour-europe-stage-1-challengers-1-ro128,792,2022-01-11,2:00 AM
EMEA,62776,https://www.vlr.gg/62776/bald-wheelchair-vs-orgless22-champions-tour-europe-stage-1-challengers-1-ro128,792,2022-01-11,2:00 AM
EMEA,62777,https://www.vlr.gg/62777/team-vitality-vs-mercury-champions-tour-europe-stage-1-challengers-1-ro128,792,2022-01-11,2:00 AM
EMEA,62778,https://www.vlr.gg/62778/skelp-esports-vs-kahoot-champions-tour-europe-stage-1-challengers-1-ro128,792,2022-01-11,2:00 AM
EMEA,62779,https://www.vlr.gg/62779/anorthosis-famagusta-esports-vs-lucadmin-esports-champions-tour-europe-stage-1-challengers-1-ro1,792,2022-01-11,2:00 AM
EMEA,62780,https://www.vlr.gg/62780/1gameandwegohome-vs-purple-team-champions-tour-europe-stage-1-challengers-1-ro128,792,2022-01-11,2:00 AM
EMEA,62782,https://www.vlr.gg/62782/glitch-gaming-esports-vs-lavender-boys-champions-tour-europe-stage-1-challengers-1-ro128,792,2022-01-11,2:00 AM
EMEA,62783,https://www.vlr.gg/62783/axibyte-esports-vs-guild-x-champions-tour-europe-stage-1-challengers-1-ro128,792,2022-01-11,2:00 AM
EMEA,62784,https://www.vlr.gg/62784/19esports-vs-digitroni-esports-champions-tour-europe-stage-1-challengers-1-ro128,792,2022-01-11,2:00 AM
EMEA,62786,https://www.vlr.gg/62786/team-wyvern-vs-rapid-ninjas-champions-tour-europe-stage-1-challengers-1-ro128,792,2022-01-11,2:00 AM
EMEA,62790,https://www.vlr.gg/62790/team-zaxaro-vs-straight-outta-retirement-champions-tour-europe-stage-1-challengers-1-ro128,792,2022-01-11,2:00 AM
EMEA,62791,https://www.vlr.gg/62791/angry-titans-vs-m8-esports-champions-tour-europe-stage-1-challengers-1-ro128,792,2022-01-11,2:15 AM
EMEA,62787,https://www.vlr.gg/62787/excel-vs-bifrost-champions-tour-europe-stage-1-challengers-1-ro128,792,2022-01-11,2:20 AM
EMEA,62785,https://www.vlr.gg/62785/koi-vs-404-multigaming-champions-tour-europe-stage-1-challengers-1-ro128,792,2022-01-11,2:30 AM
EMEA,62788,https://www.vlr.gg/62788/rix-gg-lightning-vs-zerance-champions-tour-europe-stage-1-challengers-1-ro128,792,2022-01-11,2:30 AM
EMEA,62781,https://www.vlr.gg/62781/kova-vs-team-pu-eta-champions-tour-europe-stage-1-challengers-1-ro128,792,2022-01-11,2:40 AM
EMEA,62792,https://www.vlr.gg/62792/mango-vs-xyz-champions-tour-europe-stage-1-challengers-1-ro128,792,2022-01-11,2:40 AM
EMEA,62733,https://www.vlr.gg/62733/giants-gaming-vs-nomad-champions-tour-europe-stage-1-challengers-1-ro128,792,2022-01-11,3:00 AM
EMEA,62738,https://www.vlr.gg/62738/swag-silicone-vs-rctic-champions-tour-europe-stage-1-challengers-1-ro128,792,2022-01-11,3:00 AM
EMEA,62739,https://www.vlr.gg/62739/frog-munchers-vs-ex-killabeez-champions-tour-europe-stage-1-challengers-1-ro128,792,2022-01-11,3:00 AM
EMEA,62766,https://www.vlr.gg/62766/team-progress-vs-unicorns-of-love-champions-tour-europe-stage-1-challengers-1-ro128,792,2022-01-11,3:00 AM
EMEA,62775,https://www.vlr.gg/62775/sunnybeach-vs-feng-esports-champions-tour-europe-stage-1-challengers-1-ro128,792,2022-01-11,3:30 AM
EMEA,62789,https://www.vlr.gg/62789/movistar-riders-vs-limitless-champions-tour-europe-stage-1-challengers-1-ro128,792,2022-01-11,3:30 AM
EMEA,62793,https://www.vlr.gg/62793/guild-esports-vs-elusive-champions-tour-europe-stage-1-challengers-1-ro64,792,2022-01-12,12:00 AM
EMEA,62794,https://www.vlr.gg/62794/giefkalash-vs-ovation-esports-champions-tour-europe-stage-1-challengers-1-ro64,792,2022-01-12,12:00 AM
EMEA,62795,https://www.vlr.gg/62795/giants-gaming-vs-junummer-champions-tour-europe-stage-1-challengers-1-ro64,792,2022-01-12,12:00 AM
EMEA,62796,https://www.vlr.gg/62796/h2o-vs-anonymo-esports-champions-tour-europe-stage-1-challengers-1-ro64,792,2022-01-12,12:00 AM
EMEA,62797,https://www.vlr.gg/62797/team-finest-vs-swag-silicone-champions-tour-europe-stage-1-challengers-1-ro64,792,2022-01-12,12:00 AM
EMEA,62798,https://www.vlr.gg/62798/frog-munchers-vs-yonk-champions-tour-europe-stage-1-challengers-1-ro64,792,2022-01-12,12:00 AM
EMEA,62799,https://www.vlr.gg/62799/need-more-dm-vs-the-goose-house-champions-tour-europe-stage-1-challengers-1-ro64,792,2022-01-12,12:00 AM
EMEA,62800,https://www.vlr.gg/62800/cgn-esports-vs-polonez-champions-tour-europe-stage-1-challengers-1-ro64,792,2022-01-12,12:00 AM
EMEA,62801,https://www.vlr.gg/62801/ldn-utd-vs-valorantpt-champions-tour-europe-stage-1-challengers-1-ro64,792,2022-01-12,12:00 AM
EMEA,62802,https://www.vlr.gg/62802/ungentium-vs-ignite-academy-champions-tour-europe-stage-1-challengers-1-ro64,792,2022-01-12,12:00 AM
EMEA,62803,https://www.vlr.gg/62803/megastitut-vs-bref-champions-tour-europe-stage-1-challengers-1-ro64,792,2022-01-12,12:00 AM
EMEA,62804,https://www.vlr.gg/62804/valar-morghulis-vs-mkers-champions-tour-europe-stage-1-challengers-1-ro64,792,2022-01-12,12:00 AM
EMEA,62805,https://www.vlr.gg/62805/big-vs-absolute-amateurs-champions-tour-europe-stage-1-challengers-1-ro64,792,2022-01-12,12:00 AM
EMEA,62806,https://www.vlr.gg/62806/nom-esports-vs-stunzin5-champions-tour-europe-stage-1-challengers-1-ro64,792,2022-01-12,12:00 AM
EMEA,62807,https://www.vlr.gg/62807/bang-average-vs-azzis-anime-aimers-champions-tour-europe-stage-1-challengers-1-ro64,792,2022-01-12,12:00 AM
EMEA,62808,https://www.vlr.gg/62808/case-esports-vs-s-rby-esport-champions-tour-europe-stage-1-challengers-1-ro64,792,2022-01-12,12:00 AM
EMEA,62809,https://www.vlr.gg/62809/rix-gg-thunder-vs-ipon-esport-champions-tour-europe-stage-1-challengers-1-ro64,792,2022-01-12,12:00 AM
EMEA,62810,https://www.vlr.gg/62810/wave-esports-vs-soldados-de-lembo-champions-tour-europe-stage-1-challengers-1-ro64,792,2022-01-12,12:00 AM
EMEA,62811,https://www.vlr.gg/62811/team-queso-vs-unicorns-of-love-champions-tour-europe-stage-1-challengers-1-ro64,792,2022-01-12,12:00 AM
EMEA,62812,https://www.vlr.gg/62812/og-vs-static-champions-tour-europe-stage-1-challengers-1-ro64,792,2022-01-12,12:00 AM
EMEA,62813,https://www.vlr.gg/62813/awaria-vs-the-agency-clan-champions-tour-europe-stage-1-challengers-1-ro64,792,2022-01-12,12:00 AM
EMEA,62814,https://www.vlr.gg/62814/wataha-vs-f9-hetic-champions-tour-europe-stage-1-challengers-1-ro64,792,2022-01-12,12:00 AM
EMEA,62815,https://www.vlr.gg/62815/rebels-gaming-vs-intellectually-challenged-gamers-champions-tour-europe-stage-1-challengers-1-ro,792,2022-01-12,12:00 AM
EMEA,62816,https://www.vlr.gg/62816/sunnybeach-vs-orgless22-champions-tour-europe-stage-1-challengers-1-ro64,792,2022-01-12,12:00 AM
EMEA,62817,https://www.vlr.gg/62817/team-vitality-vs-kahoot-champions-tour-europe-stage-1-challengers-1-ro64,792,2022-01-12,12:00 AM
EMEA,62818,https://www.vlr.gg/62818/anorthosis-famagusta-esports-vs-purple-team-champions-tour-europe-stage-1-challengers-1-ro64,792,2022-01-12,12:00 AM
EMEA,62819,https://www.vlr.gg/62819/kova-vs-lavender-boys-champions-tour-europe-stage-1-challengers-1-ro64,792,2022-01-12,12:00 AM
EMEA,62820,https://www.vlr.gg/62820/axibyte-esports-vs-19esports-champions-tour-europe-stage-1-challengers-1-ro64,792,2022-01-12,12:00 AM
EMEA,62821,https://www.vlr.gg/62821/koi-vs-rapid-ninjas-champions-tour-europe-stage-1-challengers-1-ro64,792,2022-01-12,12:00 AM
EMEA,62822,https://www.vlr.gg/62822/excel-vs-zerance-champions-tour-europe-stage-1-challengers-1-ro64,792,2022-01-12,12:00 AM
EMEA,62823,https://www.vlr.gg/62823/movistar-riders-vs-straight-outta-retirement-champions-tour-europe-stage-1-challengers-1-ro64,792,2022-01-12,12:00 AM
EMEA,62824,https://www.vlr.gg/62824/angry-titans-vs-mango-champions-tour-europe-stage-1-challengers-1-ro64,792,2022-01-12,12:00 AM
EMEA,62825,https://www.vlr.gg/62825/guild-esports-vs-giefkalash-champions-tour-europe-stage-1-challengers-1-ro32,792,2022-01-12,2:00 AM
EMEA,62826,https://www.vlr.gg/62826/giants-gaming-vs-anonymo-esports-champions-tour-europe-stage-1-challengers-1-ro32,792,2022-01-12,2:00 AM
EMEA,62827,https://www.vlr.gg/62827/team-finest-vs-yonk-champions-tour-europe-stage-1-challengers-1-ro32,792,2022-01-12,2:00 AM
EMEA,62828,https://www.vlr.gg/62828/need-more-dm-vs-cgn-esports-champions-tour-europe-stage-1-challengers-1-ro32,792,2022-01-12,2:00 AM
EMEA,62829,https://www.vlr.gg/62829/ldn-utd-vs-ungentium-champions-tour-europe-stage-1-challengers-1-ro32,792,2022-01-12,2:00 AM
EMEA,62833,https://www.vlr.gg/62833/rix-gg-thunder-vs-wave-esports-champions-tour-europe-stage-1-challengers-1-ro32,792,2022-01-12,2:00 AM
EMEA,62834,https://www.vlr.gg/62834/team-queso-vs-og-champions-tour-europe-stage-1-challengers-1-ro32,792,2022-01-12,2:00 AM
EMEA,62835,https://www.vlr.gg/62835/awaria-vs-wataha-champions-tour-europe-stage-1-challengers-1-ro32,792,2022-01-12,2:00 AM
EMEA,62839,https://www.vlr.gg/62839/koi-vs-excel-champions-tour-europe-stage-1-challengers-1-ro32,792,2022-01-12,2:00 AM
EMEA,62830,https://www.vlr.gg/62830/bref-vs-valar-morghulis-champions-tour-europe-stage-1-challengers-1-ro32,792,2022-01-12,3:00 AM
EMEA,62836,https://www.vlr.gg/62836/rebels-gaming-vs-orgless22-champions-tour-europe-stage-1-challengers-1-ro32,792,2022-01-12,3:00 AM
EMEA,62838,https://www.vlr.gg/62838/kova-vs-19esports-champions-tour-europe-stage-1-challengers-1-ro32,792,2022-01-12,3:00 AM
EMEA,62831,https://www.vlr.gg/62831/big-vs-stunzin5-champions-tour-europe-stage-1-challengers-1-ro32,792,2022-01-12,3:15 AM
EMEA,62840,https://www.vlr.gg/62840/straight-outta-retirement-vs-mango-champions-tour-europe-stage-1-challengers-1-ro32,792,2022-01-12,3:15 AM
EMEA,62832,https://www.vlr.gg/62832/azzis-anime-aimers-vs-case-esports-champions-tour-europe-stage-1-challengers-1-ro32,792,2022-01-12,3:30 AM
EMEA,62837,https://www.vlr.gg/62837/team-vitality-vs-anorthosis-famagusta-esports-champions-tour-europe-stage-1-challengers-1-ro32,792,2022-01-12,3:30 AM
EMEA,62841,https://www.vlr.gg/62841/guild-esports-vs-anonymo-esports-champions-tour-europe-stage-1-challengers-1-ro16,792,2022-01-13,1:00 AM
EMEA,62842,https://www.vlr.gg/62842/yonk-vs-cgn-esports-champions-tour-europe-stage-1-challengers-1-ro16,792,2022-01-13,1:00 AM
EMEA,62843,https://www.vlr.gg/62843/ldn-utd-vs-bref-champions-tour-europe-stage-1-challengers-1-ro16,792,2022-01-13,1:00 AM
EMEA,62844,https://www.vlr.gg/62844/big-vs-case-esports-champions-tour-europe-stage-1-challengers-1-ro16,792,2022-01-13,1:00 AM
EMEA,62845,https://www.vlr.gg/62845/wave-esports-vs-team-queso-champions-tour-europe-stage-1-challengers-1-ro16,792,2022-01-13,1:00 AM
EMEA,62846,https://www.vlr.gg/62846/awaria-vs-rebels-gaming-champions-tour-europe-stage-1-challengers-1-ro16,792,2022-01-13,1:00 AM
EMEA,62847,https://www.vlr.gg/62847/team-vitality-vs-kova-champions-tour-europe-stage-1-challengers-1-ro16,792,2022-01-13,1:00 AM
EMEA,62848,https://www.vlr.gg/62848/koi-vs-straight-outta-retirement-champions-tour-europe-stage-1-challengers-1-ro16,792,2022-01-13,1:00 AM
EMEA,62849,https://www.vlr.gg/62849/guild-esports-vs-cgn-esports-champions-tour-europe-stage-1-challengers-1-qf,792,2022-01-13,3:00 AM
EMEA,62852,https://www.vlr.gg/62852/team-vitality-vs-koi-champions-tour-europe-stage-1-challengers-1-qf,792,2022-01-13,3:15 AM
EMEA,62850,https://www.vlr.gg/62850/ldn-utd-vs-big-champions-tour-europe-stage-1-challengers-1-qf,792,2022-01-13,4:00 AM
EMEA,62851,https://www.vlr.gg/62851/team-queso-vs-rebels-gaming-champions-tour-europe-stage-1-challengers-1-qf,792,2022-01-13,4:30 AM
EMEA,63616,https://www.vlr.gg/63616/g2-esports-vs-team-vitality-champions-tour-europe-stage-1-challengers-1-ubqf,792,2022-01-14,12:00 AM
EMEA,63617,https://www.vlr.gg/63617/alliance-vs-big-champions-tour-europe-stage-1-challengers-1-ubqf,792,2022-01-14,12:00 AM
EMEA,63618,https://www.vlr.gg/63618/team-bds-vs-rebels-gaming-champions-tour-europe-stage-1-challengers-1-ubqf,792,2022-01-14,12:00 AM
EMEA,63619,https://www.vlr.gg/63619/tenstar-vs-guild-esports-champions-tour-europe-stage-1-challengers-1-ubqf,792,2022-01-14,12:00 AM
EMEA,63625,https://www.vlr.gg/63625/team-bds-vs-tenstar-champions-tour-europe-stage-1-challengers-1-lr1,792,2022-01-14,2:30 AM
EMEA,63621,https://www.vlr.gg/63621/rebels-gaming-vs-guild-esports-champions-tour-europe-stage-1-challengers-1-ubsf,792,2022-01-14,3:15 AM
EMEA,63620,https://www.vlr.gg/63620/team-vitality-vs-big-champions-tour-europe-stage-1-challengers-1-ubsf,792,2022-01-14,3:30 AM
EMEA,63624,https://www.vlr.gg/63624/g2-esports-vs-alliance-champions-tour-europe-stage-1-challengers-1-lr1,792,2022-01-14,3:30 AM
EMEA,63626,https://www.vlr.gg/63626/rebels-gaming-vs-alliance-champions-tour-europe-stage-1-challengers-1-lr2,792,2022-01-14,11:00 PM
EMEA,63627,https://www.vlr.gg/63627/big-vs-tenstar-champions-tour-europe-stage-1-challengers-1-lr2,792,2022-01-14,11:00 PM
EMEA,63628,https://www.vlr.gg/63628/alliance-vs-big-champions-tour-europe-stage-1-challengers-1-lr3,792,2022-01-15,1:50 AM
EMEA,63622,https://www.vlr.gg/63622/team-vitality-vs-guild-esports-champions-tour-europe-stage-1-challengers-1-ubf,792,2022-01-15,11:00 PM
EMEA,63629,https://www.vlr.gg/63629/team-vitality-vs-big-champions-tour-europe-stage-1-challengers-1-lbf,792,2022-01-16,11:00 PM
EMEA,63361,https://www.vlr.gg/63361/supermassive-blaze-vs-fawes-champions-tour-turkey-stage-1-challengers-1-ro64,793,2022-01-11,10:00 PM
EMEA,63362,https://www.vlr.gg/63362/bbes-vs-bedels-z-champions-tour-turkey-stage-1-challengers-1-ro64,793,2022-01-11,10:00 PM
EMEA,63363,https://www.vlr.gg/63363/team-respect-zone-vs-celestial-world-champions-tour-turkey-stage-1-challengers-1-ro64,793,2022-01-11,10:00 PM
EMEA,63364,https://www.vlr.gg/63364/mad-mare-vs-blablabla-champions-tour-turkey-stage-1-challengers-1-ro64,793,2022-01-11,10:00 PM
EMEA,63365,https://www.vlr.gg/63365/surreal-esports-vs-kbb-ka-itspor-champions-tour-turkey-stage-1-challengers-1-ro64,793,2022-01-11,10:00 PM
EMEA,63366,https://www.vlr.gg/63366/unknownpros-vs-phoenix-feather-champions-tour-turkey-stage-1-challengers-1-ro64,793,2022-01-11,10:00 PM
EMEA,63367,https://www.vlr.gg/63367/team-aurora-vs-we-are-turks-champions-tour-turkey-stage-1-challengers-1-ro64,793,2022-01-11,10:00 PM
EMEA,63368,https://www.vlr.gg/63368/shooting-stars-vs-radiant-elo-gatekeepers-champions-tour-turkey-stage-1-challengers-1-ro64,793,2022-01-11,10:00 PM
EMEA,63369,https://www.vlr.gg/63369/fenerbah-e-esports-vs-teta-esports-champions-tour-turkey-stage-1-challengers-1-ro64,793,2022-01-11,10:00 PM
EMEA,63370,https://www.vlr.gg/63370/team-mangal-vs-overflow-champions-tour-turkey-stage-1-challengers-1-ro64,793,2022-01-11,10:00 PM
EMEA,63371,https://www.vlr.gg/63371/3-g-n-yeter-vs-takens-espor-champions-tour-turkey-stage-1-challengers-1-ro64,793,2022-01-11,10:00 PM
EMEA,63372,https://www.vlr.gg/63372/atlantis-vs-venom-cloud-7-champions-tour-turkey-stage-1-challengers-1-ro64,793,2022-01-11,10:00 PM
EMEA,63373,https://www.vlr.gg/63373/stanbul-wildcats-vs-turkishnewstars-champions-tour-turkey-stage-1-challengers-1-ro64,793,2022-01-11,10:00 PM
EMEA,63374,https://www.vlr.gg/63374/w0wclan-vs-black-champions-tour-turkey-stage-1-challengers-1-ro64,793,2022-01-11,10:00 PM
EMEA,63375,https://www.vlr.gg/63375/regnum-carya-esports-vs-step-back-champions-tour-turkey-stage-1-challengers-1-ro64,793,2022-01-11,10:00 PM
EMEA,63376,https://www.vlr.gg/63376/mix5-vs-merlyn-esports-champions-tour-turkey-stage-1-challengers-1-ro64,793,2022-01-11,10:00 PM
EMEA,63377,https://www.vlr.gg/63377/kafalar-esports-vs-ahangiller-espor-champions-tour-turkey-stage-1-challengers-1-ro64,793,2022-01-11,10:00 PM
EMEA,63378,https://www.vlr.gg/63378/eternal-fire-vs-witch-e-sports-champions-tour-turkey-stage-1-challengers-1-ro64,793,2022-01-11,10:00 PM
EMEA,63379,https://www.vlr.gg/63379/turgutlu-belediyesi-esports-vs-parla-sports-champions-tour-turkey-stage-1-challengers-1-ro64,793,2022-01-11,10:00 PM
EMEA,63380,https://www.vlr.gg/63380/aml-ca-esports-vs-revolexter-champions-tour-turkey-stage-1-challengers-1-ro64,793,2022-01-11,10:00 PM
EMEA,63381,https://www.vlr.gg/63381/galakticos-vs-queens-champions-tour-turkey-stage-1-challengers-1-ro64,793,2022-01-11,10:00 PM
EMEA,63382,https://www.vlr.gg/63382/never-give-up-vs-cars-champions-tour-turkey-stage-1-challengers-1-ro64,793,2022-01-11,10:00 PM
EMEA,63383,https://www.vlr.gg/63383/team-lixa-vs-red-center-champions-tour-turkey-stage-1-challengers-1-ro64,793,2022-01-11,10:00 PM
EMEA,63384,https://www.vlr.gg/63384/duasi-kabul-olan-be-l-vs-k-k-ekmece-espor-champions-tour-turkey-stage-1-challengers-1-ro64,793,2022-01-11,10:00 PM
EMEA,63385,https://www.vlr.gg/63385/thunderbolts-gaming-vs-undead-army-champions-tour-turkey-stage-1-challengers-1-ro64,793,2022-01-11,10:00 PM
EMEA,63386,https://www.vlr.gg/63386/besiktas-esports-vs-chosens-esports-champions-tour-turkey-stage-1-challengers-1-ro64,793,2022-01-11,10:00 PM
EMEA,63387,https://www.vlr.gg/63387/karag-mr-k-esports-vs-90s-champions-tour-turkey-stage-1-challengers-1-ro64,793,2022-01-11,10:00 PM
EMEA,63388,https://www.vlr.gg/63388/icecastle-vs-legioners-champions-tour-turkey-stage-1-challengers-1-ro64,793,2022-01-11,10:00 PM
EMEA,63389,https://www.vlr.gg/63389/otherside-vs-meyhane-champions-tour-turkey-stage-1-challengers-1-ro64,793,2022-01-11,10:00 PM
EMEA,63390,https://www.vlr.gg/63390/nonamers-vs-shazam-champions-tour-turkey-stage-1-challengers-1-ro64,793,2022-01-11,10:00 PM
EMEA,63391,https://www.vlr.gg/63391/team-demiral-esports-vs-godzilla-e-sports-champions-tour-turkey-stage-1-challengers-1-ro64,793,2022-01-11,10:00 PM
EMEA,63392,https://www.vlr.gg/63392/gringo-team-vs-2l8-champions-tour-turkey-stage-1-challengers-1-ro64,793,2022-01-11,10:00 PM
EMEA,63395,https://www.vlr.gg/63395/surreal-esports-vs-unknownpros-champions-tour-turkey-stage-1-challengers-1-ro32,793,2022-01-12,12:00 AM
EMEA,63397,https://www.vlr.gg/63397/fenerbah-e-esports-vs-team-mangal-champions-tour-turkey-stage-1-challengers-1-ro32,793,2022-01-12,12:00 AM
EMEA,63398,https://www.vlr.gg/63398/3-g-n-yeter-vs-atlantis-champions-tour-turkey-stage-1-challengers-1-ro32,793,2022-01-12,12:00 AM
EMEA,63401,https://www.vlr.gg/63401/kafalar-esports-vs-eternal-fire-champions-tour-turkey-stage-1-challengers-1-ro32,793,2022-01-12,12:00 AM
EMEA,63405,https://www.vlr.gg/63405/thunderbolts-gaming-vs-besiktas-esports-champions-tour-turkey-stage-1-challengers-1-ro32,793,2022-01-12,12:00 AM
EMEA,63406,https://www.vlr.gg/63406/karag-mr-k-esports-vs-icecastle-champions-tour-turkey-stage-1-challengers-1-ro32,793,2022-01-12,12:00 AM
EMEA,63407,https://www.vlr.gg/63407/meyhane-vs-nonamers-champions-tour-turkey-stage-1-challengers-1-ro32,793,2022-01-12,12:00 AM
EMEA,63408,https://www.vlr.gg/63408/team-demiral-esports-vs-2l8-champions-tour-turkey-stage-1-challengers-1-ro32,793,2022-01-12,12:00 AM
EMEA,63393,https://www.vlr.gg/63393/supermassive-blaze-vs-bedels-z-champions-tour-turkey-stage-1-challengers-1-ro32,793,2022-01-12,1:00 AM
EMEA,63394,https://www.vlr.gg/63394/team-respect-zone-vs-blablabla-champions-tour-turkey-stage-1-challengers-1-ro32,793,2022-01-12,1:00 AM
EMEA,63396,https://www.vlr.gg/63396/team-aurora-vs-radiant-elo-gatekeepers-champions-tour-turkey-stage-1-challengers-1-ro32,793,2022-01-12,1:00 AM
EMEA,63399,https://www.vlr.gg/63399/stanbul-wildcats-vs-w0wclan-champions-tour-turkey-stage-1-challengers-1-ro32,793,2022-01-12,1:00 AM
EMEA,63402,https://www.vlr.gg/63402/parla-sports-vs-revolexter-champions-tour-turkey-stage-1-challengers-1-ro32,793,2022-01-12,1:15 AM
EMEA,63403,https://www.vlr.gg/63403/galakticos-vs-cars-champions-tour-turkey-stage-1-challengers-1-ro32,793,2022-01-12,1:15 AM
EMEA,63404,https://www.vlr.gg/63404/team-lixa-vs-duasi-kabul-olan-be-l-champions-tour-turkey-stage-1-challengers-1-ro32,793,2022-01-12,1:15 AM
EMEA,63400,https://www.vlr.gg/63400/regnum-carya-esports-vs-merlyn-esports-champions-tour-turkey-stage-1-challengers-1-ro32,793,2022-01-12,1:30 AM
EMEA,63409,https://www.vlr.gg/63409/supermassive-blaze-vs-blablabla-champions-tour-turkey-stage-1-challengers-1-ro16,793,2022-01-12,10:00 PM
EMEA,63410,https://www.vlr.gg/63410/surreal-esports-vs-team-aurora-champions-tour-turkey-stage-1-challengers-1-ro16,793,2022-01-12,10:00 PM
EMEA,63411,https://www.vlr.gg/63411/fenerbah-e-esports-vs-3-g-n-yeter-champions-tour-turkey-stage-1-challengers-1-ro16,793,2022-01-12,10:00 PM
EMEA,63412,https://www.vlr.gg/63412/stanbul-wildcats-vs-regnum-carya-esports-champions-tour-turkey-stage-1-challengers-1-ro16,793,2022-01-12,10:00 PM
EMEA,63413,https://www.vlr.gg/63413/eternal-fire-vs-parla-sports-champions-tour-turkey-stage-1-challengers-1-ro16,793,2022-01-12,10:00 PM
EMEA,63414,https://www.vlr.gg/63414/galakticos-vs-team-lixa-champions-tour-turkey-stage-1-challengers-1-ro16,793,2022-01-12,10:00 PM
EMEA,63415,https://www.vlr.gg/63415/thunderbolts-gaming-vs-karag-mr-k-esports-champions-tour-turkey-stage-1-challengers-1-ro16,793,2022-01-12,10:00 PM
EMEA,63416,https://www.vlr.gg/63416/meyhane-vs-2l8-champions-tour-turkey-stage-1-challengers-1-ro16,793,2022-01-12,10:00 PM
EMEA,63417,https://www.vlr.gg/63417/supermassive-blaze-vs-surreal-esports-champions-tour-turkey-stage-1-challengers-1-qf,793,2022-01-13,2:15 AM
EMEA,63420,https://www.vlr.gg/63420/thunderbolts-gaming-vs-2l8-champions-tour-turkey-stage-1-challengers-1-qf,793,2022-01-13,2:15 AM
EMEA,63418,https://www.vlr.gg/63418/fenerbah-e-esports-vs-regnum-carya-esports-champions-tour-turkey-stage-1-challengers-1-qf,793,2022-01-13,3:00 AM
EMEA,63419,https://www.vlr.gg/63419/eternal-fire-vs-galakticos-champions-tour-turkey-stage-1-challengers-1-qf,793,2022-01-13,3:00 AM
EMEA,63641,https://www.vlr.gg/63641/futbolist-vs-2l8-champions-tour-turkey-stage-1-challengers-1-ubqf,793,2022-01-13,10:00 PM
EMEA,63642,https://www.vlr.gg/63642/fire-flux-esports-vs-fenerbah-e-esports-champions-tour-turkey-stage-1-challengers-1-ubqf,793,2022-01-13,10:00 PM
EMEA,63643,https://www.vlr.gg/63643/bbl-esports-vs-galakticos-champions-tour-turkey-stage-1-challengers-1-ubqf,793,2022-01-14,12:10 AM
EMEA,63644,https://www.vlr.gg/63644/zero-zone-vs-supermassive-blaze-champions-tour-turkey-stage-1-challengers-1-ubqf,793,2022-01-14,12:10 AM
EMEA,63645,https://www.vlr.gg/63645/futbolist-vs-fire-flux-esports-champions-tour-turkey-stage-1-challengers-1-ubsf,793,2022-01-14,9:00 PM
EMEA,63646,https://www.vlr.gg/63646/bbl-esports-vs-supermassive-blaze-champions-tour-turkey-stage-1-challengers-1-ubsf,793,2022-01-14,9:00 PM
EMEA,63649,https://www.vlr.gg/63649/2l8-vs-fenerbah-e-esports-champions-tour-turkey-stage-1-challengers-1-lr1,793,2022-01-14,9:00 PM
EMEA,63650,https://www.vlr.gg/63650/galakticos-vs-zero-zone-champions-tour-turkey-stage-1-challengers-1-lr1,793,2022-01-14,9:00 PM
EMEA,63647,https://www.vlr.gg/63647/fire-flux-esports-vs-supermassive-blaze-champions-tour-turkey-stage-1-challengers-1-ubf,793,2022-01-15,12:00 AM
EMEA,63651,https://www.vlr.gg/63651/bbl-esports-vs-galatasaray-esports-champions-tour-turkey-stage-1-challengers-1-lr2,793,2022-01-15,12:00 AM
EMEA,63652,https://www.vlr.gg/63652/futbolist-vs-galakticos-champions-tour-turkey-stage-1-challengers-1-lr2,793,2022-01-15,12:00 AM
EMEA,63653,https://www.vlr.gg/63653/bbl-esports-vs-galakticos-champions-tour-turkey-stage-1-challengers-1-lr3,793,2022-01-15,9:30 PM
EMEA,63690,https://www.vlr.gg/63690/galatasaray-esports-vs-futbolist-champions-tour-turkey-stage-1-challengers-1-match-5-6,793,2022-01-15,9:30 PM
EMEA,63654,https://www.vlr.gg/63654/fire-flux-esports-vs-bbl-esports-champions-tour-turkey-stage-1-challengers-1-lbf,793,2022-01-16,12:00 AM
EMEA,63648,https://www.vlr.gg/63648/supermassive-blaze-vs-fire-flux-esports-champions-tour-turkey-stage-1-challengers-1-gf,793,2022-01-16,9:00 PM
EMEA,62530,https://www.vlr.gg/62530/funplus-phoenix-vs-next-viigraem-champions-tour-cis-stage-1-challengers-1-ro64,794,2022-01-11,12:00 AM
EMEA,62531,https://www.vlr.gg/62531/smile-vs-kabahbl-champions-tour-cis-stage-1-challengers-1-ro64,794,2022-01-11,12:00 AM
EMEA,62532,https://www.vlr.gg/62532/perfect-players-vs-qlf-clan-champions-tour-cis-stage-1-challengers-1-ro64,794,2022-01-11,12:00 AM
EMEA,62533,https://www.vlr.gg/62533/crushers-vs-without-negative-champions-tour-cis-stage-1-challengers-1-ro64,794,2022-01-11,12:00 AM
EMEA,62534,https://www.vlr.gg/62534/moscow-five-jr-vs-hollow-champions-tour-cis-stage-1-challengers-1-ro64,794,2022-01-11,12:00 AM
EMEA,62535,https://www.vlr.gg/62535/uzhiki-vs-winstrike-academy-champions-tour-cis-stage-1-challengers-1-ro64,794,2022-01-11,12:00 AM
EMEA,62536,https://www.vlr.gg/62536/tactical-five-vs-idontcare-champions-tour-cis-stage-1-challengers-1-ro64,794,2022-01-11,12:00 AM
EMEA,62537,https://www.vlr.gg/62537/whydah-vs-tr4kle-keys-champions-tour-cis-stage-1-challengers-1-ro64,794,2022-01-11,12:00 AM
EMEA,62538,https://www.vlr.gg/62538/smaracis-esports-vs-kanafi-champions-tour-cis-stage-1-challengers-1-ro64,794,2022-01-11,12:00 AM
EMEA,62539,https://www.vlr.gg/62539/longbondage-vs-ax3-champions-tour-cis-stage-1-challengers-1-ro64,794,2022-01-11,12:00 AM
EMEA,62540,https://www.vlr.gg/62540/odium-vs-cuneit-champions-tour-cis-stage-1-challengers-1-ro64,794,2022-01-11,12:00 AM
EMEA,62541,https://www.vlr.gg/62541/universe-vs-nytipo-champions-tour-cis-stage-1-challengers-1-ro64,794,2022-01-11,12:00 AM
EMEA,62542,https://www.vlr.gg/62542/fishkavtom-vs-ranked-legends-champions-tour-cis-stage-1-challengers-1-ro64,794,2022-01-11,12:00 AM
EMEA,62543,https://www.vlr.gg/62543/team-void-vs-siberian-champions-tour-cis-stage-1-challengers-1-ro64,794,2022-01-11,12:00 AM
EMEA,62544,https://www.vlr.gg/62544/bottom-of-the-bottle-vs-improve-champions-tour-cis-stage-1-challengers-1-ro64,794,2022-01-11,12:00 AM
EMEA,62545,https://www.vlr.gg/62545/aeon-vs-evil-bros-gaming-champions-tour-cis-stage-1-challengers-1-ro64,794,2022-01-11,12:00 AM
EMEA,62546,https://www.vlr.gg/62546/vctry-esports-vs-champions-tour-cis-stage-1-challengers-1-ro64,794,2022-01-11,12:00 AM
EMEA,62547,https://www.vlr.gg/62547/fat7-vs-5idols-champions-tour-cis-stage-1-challengers-1-ro64,794,2022-01-11,12:00 AM
EMEA,62548,https://www.vlr.gg/62548/feelmyhack-vs-generation-wonders-champions-tour-cis-stage-1-challengers-1-ro64,794,2022-01-11,12:00 AM
EMEA,62549,https://www.vlr.gg/62549/team-hz-vs-norden-esports-champions-tour-cis-stage-1-challengers-1-ro64,794,2022-01-11,12:00 AM
EMEA,62550,https://www.vlr.gg/62550/aim-attack-vs-hope-champions-tour-cis-stage-1-challengers-1-ro64,794,2022-01-11,12:00 AM
EMEA,62551,https://www.vlr.gg/62551/fast-taxi-vs-purpure-champions-tour-cis-stage-1-challengers-1-ro64,794,2022-01-11,12:00 AM
EMEA,62552,https://www.vlr.gg/62552/redragon-vs-geek-champions-champions-tour-cis-stage-1-challengers-1-ro64,794,2022-01-11,12:00 AM
EMEA,62553,https://www.vlr.gg/62553/vozmojno-agressiya-vs-ahekdot-champions-tour-cis-stage-1-challengers-1-ro64,794,2022-01-11,12:00 AM
EMEA,62554,https://www.vlr.gg/62554/ez-katka-vs-abushki-champions-tour-cis-stage-1-challengers-1-ro64,794,2022-01-11,12:00 AM
EMEA,62555,https://www.vlr.gg/62555/cis-killers-vs-black-hawk-champions-tour-cis-stage-1-challengers-1-ro64,794,2022-01-11,12:00 AM
EMEA,62556,https://www.vlr.gg/62556/noavocado-vs-highrage-champions-tour-cis-stage-1-challengers-1-ro64,794,2022-01-11,12:00 AM
EMEA,62557,https://www.vlr.gg/62557/sleepless-vs-no-aim-assist-champions-tour-cis-stage-1-challengers-1-ro64,794,2022-01-11,12:00 AM
EMEA,62558,https://www.vlr.gg/62558/deathwish-vs-kabani-pepel-champions-tour-cis-stage-1-challengers-1-ro64,794,2022-01-11,12:00 AM
EMEA,62559,https://www.vlr.gg/62559/who-cares-vs-chsvparty-champions-tour-cis-stage-1-challengers-1-ro64,794,2022-01-11,12:00 AM
EMEA,62560,https://www.vlr.gg/62560/hatalante-vs-kaido-champions-tour-cis-stage-1-challengers-1-ro64,794,2022-01-11,12:00 AM
EMEA,62561,https://www.vlr.gg/62561/vct-vs-b8-esports-champions-tour-cis-stage-1-challengers-1-ro64,794,2022-01-11,12:00 AM
EMEA,62562,https://www.vlr.gg/62562/funplus-phoenix-vs-kabahbl-champions-tour-cis-stage-1-challengers-1-ro32,794,2022-01-11,10:00 PM
EMEA,62563,https://www.vlr.gg/62563/qlf-clan-vs-without-negative-champions-tour-cis-stage-1-challengers-1-ro32,794,2022-01-11,10:00 PM
EMEA,62564,https://www.vlr.gg/62564/moscow-five-jr-vs-uzhiki-champions-tour-cis-stage-1-challengers-1-ro32,794,2022-01-11,10:00 PM
EMEA,62565,https://www.vlr.gg/62565/tactical-five-vs-whydah-champions-tour-cis-stage-1-challengers-1-ro32,794,2022-01-11,10:00 PM
EMEA,62566,https://www.vlr.gg/62566/smaracis-esports-vs-ax3-champions-tour-cis-stage-1-challengers-1-ro32,794,2022-01-11,10:00 PM
EMEA,62567,https://www.vlr.gg/62567/odium-vs-nytipo-champions-tour-cis-stage-1-challengers-1-ro32,794,2022-01-11,10:00 PM
EMEA,62568,https://www.vlr.gg/62568/fishkavtom-vs-siberian-champions-tour-cis-stage-1-challengers-1-ro32,794,2022-01-11,10:00 PM
EMEA,62569,https://www.vlr.gg/62569/bottom-of-the-bottle-vs-aeon-champions-tour-cis-stage-1-challengers-1-ro32,794,2022-01-11,10:00 PM
EMEA,62570,https://www.vlr.gg/62570/vctry-esports-vs-fat7-champions-tour-cis-stage-1-challengers-1-ro32,794,2022-01-11,10:00 PM
EMEA,62571,https://www.vlr.gg/62571/feelmyhack-vs-team-hz-champions-tour-cis-stage-1-challengers-1-ro32,794,2022-01-11,10:00 PM
EMEA,62572,https://www.vlr.gg/62572/aim-attack-vs-purpure-champions-tour-cis-stage-1-challengers-1-ro32,794,2022-01-11,10:00 PM
EMEA,62573,https://www.vlr.gg/62573/redragon-vs-vozmojno-agressiya-champions-tour-cis-stage-1-challengers-1-ro32,794,2022-01-11,10:00 PM
EMEA,62574,https://www.vlr.gg/62574/ez-katka-vs-cis-killers-champions-tour-cis-stage-1-challengers-1-ro32,794,2022-01-11,10:00 PM
EMEA,62575,https://www.vlr.gg/62575/noavocado-vs-sleepless-champions-tour-cis-stage-1-challengers-1-ro32,794,2022-01-11,10:00 PM
EMEA,62576,https://www.vlr.gg/62576/deathwish-vs-who-cares-champions-tour-cis-stage-1-challengers-1-ro32,794,2022-01-11,10:00 PM
EMEA,62577,https://www.vlr.gg/62577/hatalante-vs-b8-esports-champions-tour-cis-stage-1-challengers-1-ro32,794,2022-01-11,10:00 PM
EMEA,62581,https://www.vlr.gg/62581/fishkavtom-vs-bottom-of-the-bottle-champions-tour-cis-stage-1-challengers-1-ro16,794,2022-01-12,12:00 AM
EMEA,62582,https://www.vlr.gg/62582/vctry-esports-vs-team-hz-champions-tour-cis-stage-1-challengers-1-ro16,794,2022-01-12,12:00 AM
EMEA,62583,https://www.vlr.gg/62583/aim-attack-vs-redragon-champions-tour-cis-stage-1-challengers-1-ro16,794,2022-01-12,12:00 AM
EMEA,62584,https://www.vlr.gg/62584/ez-katka-vs-sleepless-champions-tour-cis-stage-1-challengers-1-ro16,794,2022-01-12,12:00 AM
EMEA,62578,https://www.vlr.gg/62578/funplus-phoenix-vs-qlf-clan-champions-tour-cis-stage-1-challengers-1-ro16,794,2022-01-12,1:00 AM
EMEA,62579,https://www.vlr.gg/62579/moscow-five-jr-vs-tactical-five-champions-tour-cis-stage-1-challengers-1-ro16,794,2022-01-12,1:00 AM
EMEA,62580,https://www.vlr.gg/62580/smaracis-esports-vs-odium-champions-tour-cis-stage-1-challengers-1-ro16,794,2022-01-12,1:00 AM
EMEA,62585,https://www.vlr.gg/62585/deathwish-vs-b8-esports-champions-tour-cis-stage-1-challengers-1-ro16,794,2022-01-12,1:00 AM
EMEA,62586,https://www.vlr.gg/62586/funplus-phoenix-vs-tactical-five-champions-tour-cis-stage-1-challengers-1-qf,794,2022-01-12,10:00 PM
EMEA,62587,https://www.vlr.gg/62587/smaracis-esports-vs-fishkavtom-champions-tour-cis-stage-1-challengers-1-qf,794,2022-01-12,10:00 PM
EMEA,62588,https://www.vlr.gg/62588/team-hz-vs-aim-attack-champions-tour-cis-stage-1-challengers-1-qf,794,2022-01-12,10:00 PM
EMEA,62589,https://www.vlr.gg/62589/ez-katka-vs-b8-esports-champions-tour-cis-stage-1-challengers-1-qf,794,2022-01-12,10:00 PM
EMEA,63579,https://www.vlr.gg/63579/one-breath-gaming-vs-b8-esports-champions-tour-cis-stage-1-challengers-1-ubqf,794,2022-01-13,10:00 PM
EMEA,63580,https://www.vlr.gg/63580/natus-vincere-vs-smaracis-esports-champions-tour-cis-stage-1-challengers-1-ubqf,794,2022-01-13,10:00 PM
EMEA,63582,https://www.vlr.gg/63582/kpi-gaming-vs-funplus-phoenix-champions-tour-cis-stage-1-challengers-1-ubqf,794,2022-01-14,12:00 AM
EMEA,63581,https://www.vlr.gg/63581/5mokes-vs-aim-attack-champions-tour-cis-stage-1-challengers-1-ubqf,794,2022-01-14,1:15 AM
EMEA,63583,https://www.vlr.gg/63583/one-breath-gaming-vs-natus-vincere-champions-tour-cis-stage-1-challengers-1-ubsf,794,2022-01-14,9:00 PM
EMEA,63584,https://www.vlr.gg/63584/5mokes-vs-kpi-gaming-champions-tour-cis-stage-1-challengers-1-ubsf,794,2022-01-14,9:00 PM
EMEA,63587,https://www.vlr.gg/63587/b8-esports-vs-smaracis-esports-champions-tour-cis-stage-1-challengers-1-lr1,794,2022-01-14,9:00 PM
EMEA,63588,https://www.vlr.gg/63588/aim-attack-vs-funplus-phoenix-champions-tour-cis-stage-1-challengers-1-lr1,794,2022-01-14,9:00 PM
EMEA,63585,https://www.vlr.gg/63585/natus-vincere-vs-kpi-gaming-champions-tour-cis-stage-1-challengers-1-ubf,794,2022-01-14,11:00 PM
EMEA,63590,https://www.vlr.gg/63590/one-breath-gaming-vs-funplus-phoenix-champions-tour-cis-stage-1-challengers-1-lr2,794,2022-01-14,11:00 PM
EMEA,63589,https://www.vlr.gg/63589/5mokes-vs-smaracis-esports-champions-tour-cis-stage-1-challengers-1-lr2,794,2022-01-15,12:00 AM
EMEA,63591,https://www.vlr.gg/63591/5mokes-vs-funplus-phoenix-champions-tour-cis-stage-1-challengers-1-lr3,794,2022-01-15,9:00 PM
EMEA,63688,https://www.vlr.gg/63688/smaracis-esports-vs-one-breath-gaming-champions-tour-cis-stage-1-challengers-1-match-5-6,794,2022-01-15,9:00 PM
EMEA,63592,https://www.vlr.gg/63592/kpi-gaming-vs-funplus-phoenix-champions-tour-cis-stage-1-challengers-1-lbf,794,2022-01-15,11:00 PM
EMEA,63586,https://www.vlr.gg/63586/natus-vincere-vs-funplus-phoenix-champions-tour-cis-stage-1-challengers-1-gf,794,2022-01-16,9:00 PM
EMEA,51282,https://www.vlr.gg/51282/vision-strikers-vs-full-sense-valorant-champions-opening-d,449,2021-12-01,9:00 PM
EMEA,51278,https://www.vlr.gg/51278/team-vikings-vs-crazy-raccoon-valorant-champions-opening-c,449,2021-12-02,12:00 AM
EMEA,51283,https://www.vlr.gg/51283/fnatic-vs-cloud9-blue-valorant-champions-opening-d,449,2021-12-02,2:45 AM
EMEA,51277,https://www.vlr.gg/51277/gambit-esports-vs-team-secret-valorant-champions-opening-c,449,2021-12-02,9:00 PM
EMEA,51273,https://www.vlr.gg/51273/sentinels-vs-furia-valorant-champions-opening-b,449,2021-12-03,12:30 AM
EMEA,51272,https://www.vlr.gg/51272/kr-esports-vs-team-liquid-valorant-champions-opening-b,449,2021-12-03,4:45 AM
EMEA,51284,https://www.vlr.gg/51284/vision-strikers-vs-fnatic-valorant-champions-winners-d,449,2021-12-04,12:55 AM
EMEA,51267,https://www.vlr.gg/51267/envy-vs-x10-crit-valorant-champions-opening-a,449,2021-12-04,4:35 AM
EMEA,51279,https://www.vlr.gg/51279/gambit-esports-vs-team-vikings-valorant-champions-winners-c,449,2021-12-04,10:00 PM
EMEA,51274,https://www.vlr.gg/51274/team-liquid-vs-sentinels-valorant-champions-winners-b,449,2021-12-05,2:00 AM
EMEA,51266,https://www.vlr.gg/51266/acend-vs-keyd-stars-valorant-champions-opening-a,449,2021-12-05,8:30 PM
EMEA,51280,https://www.vlr.gg/51280/team-secret-vs-crazy-raccoon-valorant-champions-elim-c,449,2021-12-05,10:00 PM
EMEA,51275,https://www.vlr.gg/51275/kr-esports-vs-furia-valorant-champions-elim-b,449,2021-12-06,12:35 AM
EMEA,51285,https://www.vlr.gg/51285/full-sense-vs-cloud9-blue-valorant-champions-elim-d,449,2021-12-06,4:30 AM
EMEA,51268,https://www.vlr.gg/51268/acend-vs-envy-valorant-champions-winners-a,449,2021-12-06,9:00 PM
EMEA,51269,https://www.vlr.gg/51269/keyd-stars-vs-x10-crit-valorant-champions-elim-a,449,2021-12-07,12:00 AM
EMEA,51276,https://www.vlr.gg/51276/sentinels-vs-kr-esports-valorant-champions-decider-b,449,2021-12-07,2:40 AM
EMEA,51286,https://www.vlr.gg/51286/vision-strikers-vs-cloud9-blue-valorant-champions-decider-d,449,2021-12-07,9:00 PM
EMEA,51281,https://www.vlr.gg/51281/team-vikings-vs-team-secret-valorant-champions-decider-c,449,2021-12-08,1:15 AM
EMEA,51270,https://www.vlr.gg/51270/envy-vs-x10-crit-valorant-champions-decider-a,449,2021-12-08,4:00 AM
EMEA,51290,https://www.vlr.gg/51290/acend-vs-team-secret-valorant-champions-qf,449,2021-12-09,12:00 AM
EMEA,51291,https://www.vlr.gg/51291/team-liquid-vs-cloud9-valorant-champions-qf,449,2021-12-09,3:00 AM
EMEA,51292,https://www.vlr.gg/51292/gambit-esports-vs-x10-crit-valorant-champions-qf,449,2021-12-10,12:00 AM
EMEA,51293,https://www.vlr.gg/51293/fnatic-vs-kr-esports-valorant-champions-qf,449,2021-12-10,3:40 AM
EMEA,51294,https://www.vlr.gg/51294/acend-vs-team-liquid-valorant-champions-sf,449,2021-12-12,12:00 AM
EMEA,51295,https://www.vlr.gg/51295/gambit-esports-vs-kr-esports-valorant-champions-sf,449,2021-12-12,3:00 AM
EMEA,51296,https://www.vlr.gg/51296/acend-vs-gambit-esports-valorant-champions-2021-gf,449,2021-12-13,12:30 AM
EMEA,42198,https://www.vlr.gg/42198/g2-esports-vs-anubis-gaming-champions-tour-emea-last-chance-qualifier-ubqf,559,2021-10-10,10:00 PM
EMEA,42199,https://www.vlr.gg/42199/futbolist-vs-oxygen-esports-champions-tour-emea-last-chance-qualifier-ubqf,559,2021-10-11,12:15 AM
EMEA,42200,https://www.vlr.gg/42200/supermassive-blaze-vs-guild-esports-champions-tour-emea-last-chance-qualifier-ubqf,559,2021-10-11,10:00 PM
EMEA,42201,https://www.vlr.gg/42201/team-liquid-vs-one-breath-gaming-champions-tour-emea-last-chance-qualifier-ubqf,559,2021-10-12,1:45 AM
EMEA,42206,https://www.vlr.gg/42206/anubis-gaming-vs-oxygen-esports-champions-tour-emea-last-chance-qualifier-lr1,559,2021-10-12,10:00 PM
EMEA,42207,https://www.vlr.gg/42207/supermassive-blaze-vs-one-breath-gaming-champions-tour-emea-last-chance-qualifier-lr1,559,2021-10-13,12:10 AM
EMEA,42202,https://www.vlr.gg/42202/g2-esports-vs-futbolist-champions-tour-emea-last-chance-qualifier-ubsf,559,2021-10-13,10:00 PM
EMEA,42203,https://www.vlr.gg/42203/guild-esports-vs-team-liquid-champions-tour-emea-last-chance-qualifier-ubsf,559,2021-10-14,1:55 AM
EMEA,42208,https://www.vlr.gg/42208/guild-esports-vs-oxygen-esports-champions-tour-emea-last-chance-qualifier-lr2,559,2021-10-15,10:00 PM
EMEA,42209,https://www.vlr.gg/42209/futbolist-vs-supermassive-blaze-champions-tour-emea-last-chance-qualifier-lr2,559,2021-10-16,12:25 AM
EMEA,42204,https://www.vlr.gg/42204/g2-esports-vs-team-liquid-champions-tour-emea-last-chance-qualifier-ubf,559,2021-10-16,8:00 PM
EMEA,42210,https://www.vlr.gg/42210/guild-esports-vs-futbolist-champions-tour-emea-last-chance-qualifier-lr3,559,2021-10-16,11:40 PM
EMEA,42211,https://www.vlr.gg/42211/g2-esports-vs-guild-esports-champions-tour-emea-last-chance-qualifier-lbf,559,2021-10-17,1:50 AM
EMEA,42205,https://www.vlr.gg/42205/team-liquid-vs-guild-esports-champions-tour-emea-last-chance-qualifier-gf,559,2021-10-17,10:00 PM
EMEA,40469,https://www.vlr.gg/40469/fox-gaming-vs-geekay-esports-strike-arabia-championship-finals-ubqf,450,2021-09-22,5:00 PM
EMEA,40472,https://www.vlr.gg/40472/team-majesty-vs-yalla-esports-strike-arabia-championship-finals-ubqf,450,2021-09-22,9:30 PM
EMEA,40470,https://www.vlr.gg/40470/nasr-esports-vs-piercer-esports-strike-arabia-championship-finals-ubqf,450,2021-09-23,12:05 AM
EMEA,40471,https://www.vlr.gg/40471/team-raad-vs-anubis-gaming-strike-arabia-championship-finals-ubqf,450,2021-09-23,3:00 AM
EMEA,40476,https://www.vlr.gg/40476/geekay-esports-vs-nasr-esports-strike-arabia-championship-finals-lbr1,450,2021-09-23,8:00 PM
EMEA,40477,https://www.vlr.gg/40477/anubis-gaming-vs-team-majesty-strike-arabia-championship-finals-lbr1,450,2021-09-23,11:30 PM
EMEA,40473,https://www.vlr.gg/40473/fox-gaming-vs-piercer-esports-strike-arabia-championship-finals-ubsf,450,2021-09-23,11:40 PM
EMEA,40474,https://www.vlr.gg/40474/team-raad-vs-yalla-esports-strike-arabia-championship-finals-ubsf,450,2021-09-24,3:30 AM
EMEA,40479,https://www.vlr.gg/40479/fox-gaming-vs-anubis-gaming-strike-arabia-championship-finals-lbr2,450,2021-09-24,4:30 AM
EMEA,40478,https://www.vlr.gg/40478/yalla-esports-vs-nasr-esports-strike-arabia-championship-finals-lbr2,450,2021-09-24,6:30 PM
EMEA,40480,https://www.vlr.gg/40480/nasr-esports-vs-anubis-gaming-strike-arabia-championship-finals-lbr3,450,2021-09-24,9:40 PM
EMEA,40475,https://www.vlr.gg/40475/piercer-esports-vs-team-raad-strike-arabia-championship-finals-ubf,450,2021-09-25,12:00 AM
EMEA,40481,https://www.vlr.gg/40481/piercer-esports-vs-anubis-gaming-strike-arabia-championship-finals-lbf,450,2021-09-25,6:00 PM
EMEA,40482,https://www.vlr.gg/40482/team-raad-vs-anubis-gaming-strike-arabia-championship-finals-gf,450,2021-09-25,11:00 PM
EMEA,34948,https://www.vlr.gg/34948/supermassive-blaze-vs-acend-valorant-champions-tour-stage-3-masters-berlin-opening-a,466,2021-09-10,8:00 PM
EMEA,35938,https://www.vlr.gg/35938/g2-esports-vs-f4q-valorant-champions-tour-stage-3-masters-berlin-group-d,466,2021-09-10,11:10 PM
EMEA,34952,https://www.vlr.gg/34952/100-thieves-vs-havan-liberty-valorant-champions-tour-stage-3-masters-berlin-opening-c,466,2021-09-11,2:50 AM
EMEA,34947,https://www.vlr.gg/34947/vision-strikers-vs-paper-rex-valorant-champions-tour-stage-3-masters-berlin-opening-a,466,2021-09-11,8:00 PM
EMEA,34951,https://www.vlr.gg/34951/gambit-esports-vs-crazy-raccoon-valorant-champions-tour-stage-3-masters-berlin-opening-c,466,2021-09-11,11:00 PM
EMEA,34949,https://www.vlr.gg/34949/vivo-keyd-vs-envy-valorant-champions-tour-stage-3-masters-berlin-opening-b,466,2021-09-12,1:15 AM
EMEA,34950,https://www.vlr.gg/34950/kr-esports-vs-zeta-division-valorant-champions-tour-stage-3-masters-berlin-opening-b,466,2021-09-12,8:00 PM
EMEA,35939,https://www.vlr.gg/35939/sentinels-vs-g2-esports-valorant-champions-tour-stage-3-masters-berlin-group-d,466,2021-09-12,11:50 PM
EMEA,34964,https://www.vlr.gg/34964/gambit-esports-vs-100-thieves-valorant-champions-tour-stage-3-masters-berlin-winners-c,466,2021-09-13,3:35 AM
EMEA,34961,https://www.vlr.gg/34961/envy-vs-kr-esports-valorant-champions-tour-stage-3-masters-berlin-winners-b,466,2021-09-13,8:00 PM
EMEA,34958,https://www.vlr.gg/34958/vision-strikers-vs-acend-valorant-champions-tour-stage-3-masters-berlin-winners-a,466,2021-09-13,10:20 PM
EMEA,35940,https://www.vlr.gg/35940/f4q-vs-sentinels-valorant-champions-tour-stage-3-masters-berlin-group-d,466,2021-09-14,1:00 AM
EMEA,35941,https://www.vlr.gg/35941/f4q-vs-g2-esports-valorant-champions-tour-stage-3-masters-berlin-group-d,466,2021-09-14,8:00 PM
EMEA,34962,https://www.vlr.gg/34962/vivo-keyd-vs-zeta-division-valorant-champions-tour-stage-3-masters-berlin-elimination-b,466,2021-09-14,10:50 PM
EMEA,34965,https://www.vlr.gg/34965/crazy-raccoon-vs-havan-liberty-valorant-champions-tour-stage-3-masters-berlin-elimination-c,466,2021-09-15,1:15 AM
EMEA,34959,https://www.vlr.gg/34959/paper-rex-vs-supermassive-blaze-valorant-champions-tour-stage-3-masters-berlin-elimination-a,466,2021-09-15,8:00 PM
EMEA,35942,https://www.vlr.gg/35942/g2-esports-vs-sentinels-valorant-champions-tour-stage-3-masters-berlin-group-d,466,2021-09-16,12:00 AM
EMEA,34963,https://www.vlr.gg/34963/kr-esports-vs-vivo-keyd-valorant-champions-tour-stage-3-masters-berlin-decider-b,466,2021-09-16,2:50 AM
EMEA,34960,https://www.vlr.gg/34960/acend-vs-supermassive-blaze-valorant-champions-tour-stage-3-masters-berlin-decider-a,466,2021-09-16,8:00 PM
EMEA,34966,https://www.vlr.gg/34966/gambit-esports-vs-crazy-raccoon-valorant-champions-tour-stage-3-masters-berlin-decider-c,466,2021-09-17,12:15 AM
EMEA,35943,https://www.vlr.gg/35943/sentinels-vs-f4q-valorant-champions-tour-stage-3-masters-berlin-group-d,466,2021-09-17,3:05 AM
EMEA,34975,https://www.vlr.gg/34975/vision-strikers-vs-gambit-esports-valorant-champions-tour-stage-3-masters-berlin-qf,466,2021-09-17,6:00 PM
EMEA,34976,https://www.vlr.gg/34976/g2-esports-vs-kr-esports-valorant-champions-tour-stage-3-masters-berlin-qf,466,2021-09-17,9:35 PM
EMEA,34973,https://www.vlr.gg/34973/100-thieves-vs-acend-valorant-champions-tour-stage-3-masters-berlin-qf,466,2021-09-18,12:15 AM
EMEA,34974,https://www.vlr.gg/34974/envy-vs-sentinels-valorant-champions-tour-stage-3-masters-berlin-qf,466,2021-09-18,3:55 AM
EMEA,34977,https://www.vlr.gg/34977/gambit-esports-vs-g2-esports-valorant-champions-tour-stage-3-masters-berlin-sf,466,2021-09-18,11:00 PM
EMEA,34978,https://www.vlr.gg/34978/100-thieves-vs-envy-valorant-champions-tour-stage-3-masters-berlin-sf,466,2021-09-19,1:35 AM
EMEA,34979,https://www.vlr.gg/34979/envy-vs-gambit-esports-valorant-champions-tour-stage-3-masters-berlin-gf,466,2021-09-19,11:00 PM
EMEA,35565,https://www.vlr.gg/35565/new-genesis-esports-vs-team-validus-strike-arabia-league-season-3-group-stage,664,2021-09-01,11:00 PM
EMEA,35566,https://www.vlr.gg/35566/fraggerz-vs-mythociast-strike-arabia-league-season-3-group-stage,664,2021-09-01,11:00 PM
EMEA,35567,https://www.vlr.gg/35567/piercer-esports-vs-top-gear-strike-arabia-league-season-3-group-stage,664,2021-09-01,11:00 PM
EMEA,35568,https://www.vlr.gg/35568/scytes-esports-vs-onyx-ravens-strike-arabia-league-season-3-group-stage,664,2021-09-01,11:00 PM
EMEA,35593,https://www.vlr.gg/35593/alterfox-esports-vs-psycho-family-strike-arabia-league-season-3-group-stage,664,2021-09-02,1:00 AM
EMEA,35594,https://www.vlr.gg/35594/anubis-gaming-vs-team-wavii-strike-arabia-league-season-3-group-stage,664,2021-09-02,1:00 AM
EMEA,35595,https://www.vlr.gg/35595/la7zag-esports-vs-elementals-strike-arabia-league-season-3-group-stage,664,2021-09-02,1:00 AM
EMEA,35596,https://www.vlr.gg/35596/rtg-esports-vs-exality-strike-arabia-league-season-3-group-stage,664,2021-09-02,1:00 AM
EMEA,35569,https://www.vlr.gg/35569/new-genesis-esports-vs-mythociast-strike-arabia-league-season-3-group-stage,664,2021-09-02,11:00 PM
EMEA,35570,https://www.vlr.gg/35570/team-validus-vs-top-gear-strike-arabia-league-season-3-group-stage,664,2021-09-02,11:00 PM
EMEA,35571,https://www.vlr.gg/35571/fraggerz-vs-onyx-ravens-strike-arabia-league-season-3-group-stage,664,2021-09-02,11:00 PM
EMEA,35572,https://www.vlr.gg/35572/piercer-esports-vs-scytes-esports-strike-arabia-league-season-3-group-stage,664,2021-09-02,11:00 PM
EMEA,35597,https://www.vlr.gg/35597/alterfox-esports-vs-team-wavii-strike-arabia-league-season-3-group-stage,664,2021-09-03,1:00 AM
EMEA,35598,https://www.vlr.gg/35598/psycho-family-vs-elementals-strike-arabia-league-season-3-group-stage,664,2021-09-03,1:00 AM
EMEA,35599,https://www.vlr.gg/35599/anubis-gaming-vs-exality-strike-arabia-league-season-3-group-stage,664,2021-09-03,1:00 AM
EMEA,35600,https://www.vlr.gg/35600/la7zag-esports-vs-rtg-esports-strike-arabia-league-season-3-group-stage,664,2021-09-03,1:00 AM
EMEA,35573,https://www.vlr.gg/35573/new-genesis-esports-vs-top-gear-strike-arabia-league-season-3-group-stage,664,2021-09-03,11:00 PM
EMEA,35574,https://www.vlr.gg/35574/mythociast-vs-onyx-ravens-strike-arabia-league-season-3-group-stage,664,2021-09-03,11:00 PM
EMEA,35575,https://www.vlr.gg/35575/team-validus-vs-scytes-esports-strike-arabia-league-season-3-group-stage,664,2021-09-03,11:00 PM
EMEA,35576,https://www.vlr.gg/35576/fraggerz-vs-piercer-esports-strike-arabia-league-season-3-group-stage,664,2021-09-03,11:00 PM
EMEA,35601,https://www.vlr.gg/35601/alterfox-esports-vs-elementals-strike-arabia-league-season-3-group-stage,664,2021-09-04,1:00 AM
EMEA,35602,https://www.vlr.gg/35602/team-wavii-vs-exality-strike-arabia-league-season-3-group-stage,664,2021-09-04,1:00 AM
EMEA,35603,https://www.vlr.gg/35603/psycho-family-vs-rtg-esports-strike-arabia-league-season-3-group-stage,664,2021-09-04,1:00 AM
EMEA,35604,https://www.vlr.gg/35604/anubis-gaming-vs-la7zag-esports-strike-arabia-league-season-3-group-stage,664,2021-09-04,1:00 AM
EMEA,35577,https://www.vlr.gg/35577/new-genesis-esports-vs-onyx-ravens-strike-arabia-league-season-3-group-stage,664,2021-09-04,11:00 PM
EMEA,35578,https://www.vlr.gg/35578/top-gear-vs-scytes-esports-strike-arabia-league-season-3-group-stage,664,2021-09-04,11:00 PM
EMEA,35579,https://www.vlr.gg/35579/mythociast-vs-piercer-esports-strike-arabia-league-season-3-group-stage,664,2021-09-04,11:00 PM
EMEA,35580,https://www.vlr.gg/35580/team-validus-vs-fraggerz-strike-arabia-league-season-3-group-stage,664,2021-09-04,11:00 PM
EMEA,35605,https://www.vlr.gg/35605/alterfox-esports-vs-exality-strike-arabia-league-season-3-group-stage,664,2021-09-05,1:00 AM
EMEA,35606,https://www.vlr.gg/35606/elementals-vs-rtg-esports-strike-arabia-league-season-3-group-stage,664,2021-09-05,1:00 AM
EMEA,35607,https://www.vlr.gg/35607/team-wavii-vs-la7zag-esports-strike-arabia-league-season-3-group-stage,664,2021-09-05,1:00 AM
EMEA,35608,https://www.vlr.gg/35608/psycho-family-vs-anubis-gaming-strike-arabia-league-season-3-group-stage,664,2021-09-05,1:00 AM
EMEA,35581,https://www.vlr.gg/35581/onyx-ravens-vs-piercer-esports-strike-arabia-league-season-3-group-stage,664,2021-09-05,11:00 PM
EMEA,35582,https://www.vlr.gg/35582/top-gear-vs-fraggerz-strike-arabia-league-season-3-group-stage,664,2021-09-05,11:00 PM
EMEA,35583,https://www.vlr.gg/35583/new-genesis-esports-vs-scytes-esports-strike-arabia-league-season-3-group-stage,664,2021-09-05,11:00 PM
EMEA,35584,https://www.vlr.gg/35584/mythociast-vs-team-validus-strike-arabia-league-season-3-group-stage,664,2021-09-05,11:00 PM
EMEA,35609,https://www.vlr.gg/35609/alterfox-esports-vs-rtg-esports-strike-arabia-league-season-3-group-stage,664,2021-09-06,1:00 AM
EMEA,35610,https://www.vlr.gg/35610/exality-vs-la7zag-esports-strike-arabia-league-season-3-group-stage,664,2021-09-06,1:00 AM
EMEA,35611,https://www.vlr.gg/35611/elementals-vs-anubis-gaming-strike-arabia-league-season-3-group-stage,664,2021-09-06,1:00 AM
EMEA,35612,https://www.vlr.gg/35612/team-wavii-vs-psycho-family-strike-arabia-league-season-3-group-stage,664,2021-09-06,1:00 AM
EMEA,35585,https://www.vlr.gg/35585/new-genesis-esports-vs-piercer-esports-strike-arabia-league-season-3-group-stage,664,2021-09-06,11:00 PM
EMEA,35586,https://www.vlr.gg/35586/scytes-esports-vs-fraggerz-strike-arabia-league-season-3-group-stage,664,2021-09-06,11:00 PM
EMEA,35587,https://www.vlr.gg/35587/onyx-ravens-vs-team-validus-strike-arabia-league-season-3-group-stage,664,2021-09-06,11:00 PM
EMEA,35588,https://www.vlr.gg/35588/top-gear-vs-mythociast-strike-arabia-league-season-3-group-stage,664,2021-09-06,11:00 PM
EMEA,35613,https://www.vlr.gg/35613/alterfox-esports-vs-la7zag-esports-strike-arabia-league-season-3-group-stage,664,2021-09-07,1:00 AM
EMEA,35614,https://www.vlr.gg/35614/rtg-esports-vs-anubis-gaming-strike-arabia-league-season-3-group-stage,664,2021-09-07,1:00 AM
EMEA,35615,https://www.vlr.gg/35615/exality-vs-psycho-family-strike-arabia-league-season-3-group-stage,664,2021-09-07,1:00 AM
EMEA,35616,https://www.vlr.gg/35616/elementals-vs-team-wavii-strike-arabia-league-season-3-group-stage,664,2021-09-07,1:00 AM
EMEA,35589,https://www.vlr.gg/35589/new-genesis-esports-vs-fraggerz-strike-arabia-league-season-3-group-stage,664,2021-09-07,11:00 PM
EMEA,35590,https://www.vlr.gg/35590/piercer-esports-vs-team-validus-strike-arabia-league-season-3-group-stage,664,2021-09-07,11:00 PM
EMEA,35591,https://www.vlr.gg/35591/scytes-esports-vs-mythociast-strike-arabia-league-season-3-group-stage,664,2021-09-07,11:00 PM
EMEA,35592,https://www.vlr.gg/35592/onyx-ravens-vs-top-gear-strike-arabia-league-season-3-group-stage,664,2021-09-07,11:00 PM
EMEA,35617,https://www.vlr.gg/35617/alterfox-esports-vs-anubis-gaming-strike-arabia-league-season-3-group-stage,664,2021-09-08,1:00 AM
EMEA,35618,https://www.vlr.gg/35618/la7zag-esports-vs-psycho-family-strike-arabia-league-season-3-group-stage,664,2021-09-08,1:00 AM
EMEA,35619,https://www.vlr.gg/35619/rtg-esports-vs-team-wavii-strike-arabia-league-season-3-group-stage,664,2021-09-08,1:00 AM
EMEA,35620,https://www.vlr.gg/35620/exality-vs-elementals-strike-arabia-league-season-3-group-stage,664,2021-09-08,1:00 AM
EMEA,30770,https://www.vlr.gg/30770/natus-vincere-vs-team-liquid-champions-tour-stage-3-emea-challengers-playoffs-ur1,547,2021-08-12,10:00 PM
EMEA,30771,https://www.vlr.gg/30771/guild-esports-vs-forze-champions-tour-stage-3-emea-challengers-playoffs-ur1,547,2021-08-12,10:00 PM
EMEA,30773,https://www.vlr.gg/30773/oxygen-esports-vs-giants-gaming-champions-tour-stage-3-emea-challengers-playoffs-ur1,547,2021-08-13,12:05 AM
EMEA,30772,https://www.vlr.gg/30772/funplus-phoenix-vs-fire-flux-esports-champions-tour-stage-3-emea-challengers-playoffs-ur1,547,2021-08-13,1:25 AM
EMEA,30752,https://www.vlr.gg/30752/acend-vs-natus-vincere-champions-tour-stage-3-emea-challengers-playoffs-ubqf,547,2021-08-13,10:00 PM
EMEA,30753,https://www.vlr.gg/30753/gambit-esports-vs-guild-esports-champions-tour-stage-3-emea-challengers-playoffs-ubqf,547,2021-08-13,10:00 PM
EMEA,30755,https://www.vlr.gg/30755/g2-esports-vs-oxygen-esports-champions-tour-stage-3-emea-challengers-playoffs-ubqf,547,2021-08-14,6:00 PM
EMEA,30754,https://www.vlr.gg/30754/supermassive-blaze-vs-funplus-phoenix-champions-tour-stage-3-emea-challengers-playoffs-ubqf,547,2021-08-14,7:00 PM
EMEA,30760,https://www.vlr.gg/30760/oxygen-esports-vs-team-liquid-champions-tour-stage-3-emea-challengers-playoffs-lr1,547,2021-08-14,8:00 PM
EMEA,30761,https://www.vlr.gg/30761/funplus-phoenix-vs-forze-champions-tour-stage-3-emea-challengers-playoffs-lr1,547,2021-08-14,9:50 PM
EMEA,30762,https://www.vlr.gg/30762/guild-esports-vs-fire-flux-esports-champions-tour-stage-3-emea-challengers-playoffs-lr1,547,2021-08-15,8:00 PM
EMEA,30763,https://www.vlr.gg/30763/natus-vincere-vs-giants-gaming-champions-tour-stage-3-emea-challengers-playoffs-lr1,547,2021-08-15,10:00 PM
EMEA,30756,https://www.vlr.gg/30756/acend-vs-gambit-esports-champions-tour-stage-3-emea-challengers-playoffs-ubsf,547,2021-08-16,10:00 PM
EMEA,30757,https://www.vlr.gg/30757/supermassive-blaze-vs-g2-esports-champions-tour-stage-3-emea-challengers-playoffs-ubsf,547,2021-08-17,1:10 AM
EMEA,30764,https://www.vlr.gg/30764/team-liquid-vs-forze-champions-tour-stage-3-emea-challengers-playoffs-lr2,547,2021-08-18,10:00 PM
EMEA,30765,https://www.vlr.gg/30765/guild-esports-vs-giants-gaming-champions-tour-stage-3-emea-challengers-playoffs-lr2,547,2021-08-19,12:15 AM
EMEA,30766,https://www.vlr.gg/30766/gambit-esports-vs-team-liquid-champions-tour-stage-3-emea-challengers-playoffs-lr3,547,2021-08-19,10:00 PM
EMEA,30767,https://www.vlr.gg/30767/g2-esports-vs-giants-gaming-champions-tour-stage-3-emea-challengers-playoffs-lr3,547,2021-08-20,1:45 AM
EMEA,30768,https://www.vlr.gg/30768/gambit-esports-vs-g2-esports-champions-tour-stage-3-emea-challengers-playoffs-lr4,547,2021-08-20,10:00 PM
EMEA,30758,https://www.vlr.gg/30758/acend-vs-supermassive-blaze-champions-tour-stage-3-emea-challengers-playoffs-ubf,547,2021-08-21,1:25 AM
EMEA,30769,https://www.vlr.gg/30769/acend-vs-gambit-esports-champions-tour-stage-3-emea-challengers-playoffs-lbf,547,2021-08-21,8:00 PM
EMEA,30759,https://www.vlr.gg/30759/supermassive-blaze-vs-gambit-esports-champions-tour-stage-3-emea-challengers-playoffs-gf,547,2021-08-22,8:00 PM
EMEA,27950,https://www.vlr.gg/27950/young-supremacy-vs-og-champions-tour-europe-stage-3-challengers-2-ro256,544,2021-07-20,11:00 PM
EMEA,27957,https://www.vlr.gg/27957/evereux-vs-rise-esports-champions-tour-europe-stage-3-challengers-2-ro256,544,2021-07-20,11:00 PM
EMEA,27958,https://www.vlr.gg/27958/mango-popcorn-vs-soyboys-champions-tour-europe-stage-3-challengers-2-ro256,544,2021-07-20,11:00 PM
EMEA,27968,https://www.vlr.gg/27968/freya-vs-the-goose-house-lunar-champions-tour-europe-stage-3-challengers-2-ro256,544,2021-07-20,11:00 PM
EMEA,27982,https://www.vlr.gg/27982/the-lost-nation-vs-celestial-esports-champions-tour-europe-stage-3-challengers-2-ro256,544,2021-07-20,11:00 PM
EMEA,27944,https://www.vlr.gg/27944/aesir-esports-vs-detox-champions-tour-europe-stage-3-challengers-2-ro256,544,2021-07-20,11:00 PM
EMEA,27945,https://www.vlr.gg/27945/gso-vs-dgen-champions-tour-europe-stage-3-challengers-2-ro256,544,2021-07-20,11:00 PM
EMEA,27947,https://www.vlr.gg/27947/uwumix-vs-skelp-esports-champions-tour-europe-stage-3-challengers-2-ro256,544,2021-07-20,11:00 PM
EMEA,27948,https://www.vlr.gg/27948/shiny-vs-angry-titans-champions-tour-europe-stage-3-challengers-2-ro256,544,2021-07-20,11:00 PM
EMEA,27949,https://www.vlr.gg/27949/revo-unit-vs-gydom-galva-champions-tour-europe-stage-3-challengers-2-ro256,544,2021-07-20,11:00 PM
EMEA,27951,https://www.vlr.gg/27951/teamates-gaming-vs-les-zinzins-de-lespace-champions-tour-europe-stage-3-challengers-2-ro256,544,2021-07-20,11:00 PM
EMEA,27952,https://www.vlr.gg/27952/surrealplay-vs-peepolads-champions-tour-europe-stage-3-challengers-2-ro256,544,2021-07-20,11:00 PM
EMEA,27953,https://www.vlr.gg/27953/deez-nuts-vs-banditz-champions-tour-europe-stage-3-challengers-2-ro256,544,2021-07-20,11:00 PM
EMEA,27954,https://www.vlr.gg/27954/nowytowiec-vs-shadowzgg-champions-tour-europe-stage-3-challengers-2-ro256,544,2021-07-20,11:00 PM
EMEA,27955,https://www.vlr.gg/27955/flashdash-vs-nope-champions-tour-europe-stage-3-challengers-2-ro256,544,2021-07-20,11:00 PM
EMEA,27956,https://www.vlr.gg/27956/project-a-vs-mtp-esport-champions-tour-europe-stage-3-challengers-2-ro256,544,2021-07-20,11:00 PM
EMEA,27960,https://www.vlr.gg/27960/kapten-mint-vs-learn-2-play-champions-tour-europe-stage-3-challengers-2-ro256,544,2021-07-20,11:00 PM
EMEA,27961,https://www.vlr.gg/27961/grandspirit-vs-trisium-esports-champions-tour-europe-stage-3-challengers-2-ro256,544,2021-07-20,11:00 PM
EMEA,27962,https://www.vlr.gg/27962/on-vient-cs-vs-rix-gg-lightning-champions-tour-europe-stage-3-challengers-2-ro256,544,2021-07-20,11:00 PM
EMEA,27963,https://www.vlr.gg/27963/logicialat-vs-equipe-champions-tour-europe-stage-3-challengers-2-ro256,544,2021-07-20,11:00 PM
EMEA,27964,https://www.vlr.gg/27964/kryzys-vs-megastitut-champions-tour-europe-stage-3-challengers-2-ro256,544,2021-07-20,11:00 PM
EMEA,27965,https://www.vlr.gg/27965/dark-tigers-vs-ayned-champions-tour-europe-stage-3-challengers-2-ro256,544,2021-07-20,11:00 PM
EMEA,27966,https://www.vlr.gg/27966/kjottkaker-i-brun-saus-vs-fadee-gaming-champions-tour-europe-stage-3-challengers-2-ro256,544,2021-07-20,11:00 PM
EMEA,27969,https://www.vlr.gg/27969/ignite-vs-chakalaka-champions-tour-europe-stage-3-challengers-2-ro256,544,2021-07-20,11:00 PM
EMEA,27970,https://www.vlr.gg/27970/enduring-vs-pact-champions-tour-europe-stage-3-challengers-2-ro256,544,2021-07-20,11:00 PM
EMEA,27971,https://www.vlr.gg/27971/redpack-esports-vs-esuba-champions-tour-europe-stage-3-challengers-2-ro256,544,2021-07-20,11:00 PM
EMEA,27972,https://www.vlr.gg/27972/ditched-vs-nonsensegaming-champions-tour-europe-stage-3-challengers-2-ro256,544,2021-07-20,11:00 PM
EMEA,27973,https://www.vlr.gg/27973/ayaya-vs-humanity-esport-champions-tour-europe-stage-3-challengers-2-ro256,544,2021-07-20,11:00 PM
EMEA,27974,https://www.vlr.gg/27974/north-star-vs-nopoaching-champions-tour-europe-stage-3-challengers-2-ro256,544,2021-07-20,11:00 PM
EMEA,27976,https://www.vlr.gg/27976/frelo-vs-nebulaa-champions-tour-europe-stage-3-challengers-2-ro256,544,2021-07-20,11:00 PM
EMEA,27977,https://www.vlr.gg/27977/psyhiatryk-vs-superior-champions-tour-europe-stage-3-challengers-2-ro256,544,2021-07-20,11:00 PM
EMEA,27978,https://www.vlr.gg/27978/conqueror-gaming-vs-mix-helios-champions-tour-europe-stage-3-challengers-2-ro256,544,2021-07-20,11:00 PM
EMEA,27979,https://www.vlr.gg/27979/super-cool-komando-vs-burst-champions-tour-europe-stage-3-challengers-2-ro256,544,2021-07-20,11:00 PM
EMEA,27980,https://www.vlr.gg/27980/capri-sun-vs-bonsoir-champions-tour-europe-stage-3-challengers-2-ro256,544,2021-07-20,11:00 PM
EMEA,27981,https://www.vlr.gg/27981/esports-cyberathletes-vs-mantis-champions-tour-europe-stage-3-challengers-2-ro256,544,2021-07-20,11:00 PM
EMEA,27983,https://www.vlr.gg/27983/dream-team-vs-un-mix-ta-peur-champions-tour-europe-stage-3-challengers-2-ro256,544,2021-07-20,11:00 PM
EMEA,27984,https://www.vlr.gg/27984/felix-and-friends-vs-5mancore-champions-tour-europe-stage-3-challengers-2-ro256,544,2021-07-20,11:00 PM
EMEA,27985,https://www.vlr.gg/27985/lasagna-beam-vs-5-baguettes-champions-tour-europe-stage-3-challengers-2-ro256,544,2021-07-20,11:00 PM
EMEA,27986,https://www.vlr.gg/27986/woof-woof-vs-angry-bats-champions-tour-europe-stage-3-challengers-2-ro256,544,2021-07-20,11:00 PM
EMEA,27987,https://www.vlr.gg/27987/mixers-vs-vesper-gaming-champions-tour-europe-stage-3-challengers-2-ro256,544,2021-07-20,11:00 PM
EMEA,27988,https://www.vlr.gg/27988/rcivarkaat-vs-reject-champions-tour-europe-stage-3-challengers-2-ro256,544,2021-07-20,11:00 PM
EMEA,27989,https://www.vlr.gg/27989/killjoy-gaming-vs-vacuumers-champions-tour-europe-stage-3-challengers-2-ro256,544,2021-07-20,11:00 PM
EMEA,27990,https://www.vlr.gg/27990/atreus-vs-egn-esports-champions-tour-europe-stage-3-challengers-2-ro256,544,2021-07-20,11:00 PM
EMEA,27992,https://www.vlr.gg/27992/hi-shin-vs-team-queso-champions-tour-europe-stage-3-challengers-2-ro256,544,2021-07-20,11:00 PM
EMEA,27993,https://www.vlr.gg/27993/pomidorki-w-louis-vs-lvl-up-esport-champions-tour-europe-stage-3-challengers-2-ro256,544,2021-07-20,11:00 PM
EMEA,27994,https://www.vlr.gg/27994/last-second-mix-vs-samurais-in-business-suits-champions-tour-europe-stage-3-challengers-2-ro256,544,2021-07-20,11:00 PM
EMEA,27995,https://www.vlr.gg/27995/dont-talking-please-vs-wlgaming-esports-champions-tour-europe-stage-3-challengers-2-ro256,544,2021-07-20,11:00 PM
EMEA,27996,https://www.vlr.gg/27996/burstlimit-vs-yendez-champions-tour-europe-stage-3-challengers-2-ro256,544,2021-07-20,11:00 PM
EMEA,27997,https://www.vlr.gg/27997/budget-aimers-vs-bifrost-champions-tour-europe-stage-3-challengers-2-ro256,544,2021-07-20,11:00 PM
EMEA,27998,https://www.vlr.gg/27998/san-vs-cgn-esports-champions-tour-europe-stage-3-challengers-2-ro256,544,2021-07-20,11:00 PM
EMEA,27999,https://www.vlr.gg/27999/psq-vs-21solution-esports-champions-tour-europe-stage-3-challengers-2-ro256,544,2021-07-20,11:00 PM
EMEA,28000,https://www.vlr.gg/28000/mix-team-vs-team-plague-champions-tour-europe-stage-3-challengers-2-ro256,544,2021-07-20,11:00 PM
EMEA,28001,https://www.vlr.gg/28001/ehbit-gaming-vs-totally-spies-champions-tour-europe-stage-3-challengers-2-ro256,544,2021-07-20,11:00 PM
EMEA,28002,https://www.vlr.gg/28002/51-minds-vs-rumbakiddos-champions-tour-europe-stage-3-challengers-2-ro256,544,2021-07-20,11:00 PM
EMEA,28003,https://www.vlr.gg/28003/shield-esport-vs-farmers-champions-tour-europe-stage-3-challengers-2-ro256,544,2021-07-20,11:00 PM
EMEA,28004,https://www.vlr.gg/28004/m8-esports-vs-guards-of-elysium-champions-tour-europe-stage-3-challengers-2-ro256,544,2021-07-20,11:00 PM
EMEA,28005,https://www.vlr.gg/28005/shush-vs-stramme-mangos-champions-tour-europe-stage-3-challengers-2-ro256,544,2021-07-20,11:00 PM
EMEA,28006,https://www.vlr.gg/28006/playforcarry-vs-ubiteam-champions-tour-europe-stage-3-challengers-2-ro256,544,2021-07-20,11:00 PM
EMEA,28008,https://www.vlr.gg/28008/atravs-vs-big-bad-badgers-champions-tour-europe-stage-3-challengers-2-ro256,544,2021-07-20,11:00 PM
EMEA,28009,https://www.vlr.gg/28009/team123-vs-average-joes-champions-tour-europe-stage-3-challengers-2-ro256,544,2021-07-20,11:00 PM
EMEA,28010,https://www.vlr.gg/28010/down-bad-f-c-vs-circe-champions-tour-europe-stage-3-challengers-2-ro256,544,2021-07-20,11:00 PM
EMEA,28011,https://www.vlr.gg/28011/psycho-vs-winfinity-champions-tour-europe-stage-3-challengers-2-ro256,544,2021-07-20,11:00 PM
EMEA,28012,https://www.vlr.gg/28012/team-collusion-vs-stuverance-esport-champions-tour-europe-stage-3-challengers-2-ro256,544,2021-07-20,11:00 PM
EMEA,28013,https://www.vlr.gg/28013/anonymo-esports-vs-vitriolic-champions-tour-europe-stage-3-challengers-2-ro256,544,2021-07-20,11:00 PM
EMEA,28014,https://www.vlr.gg/28014/masonic-vs-mackoesports-champions-tour-europe-stage-3-challengers-2-ro256,544,2021-07-20,11:00 PM
EMEA,28015,https://www.vlr.gg/28015/ramenpeek-vs-monkes-champions-tour-europe-stage-3-challengers-2-ro256,544,2021-07-20,11:00 PM
EMEA,28016,https://www.vlr.gg/28016/mucky-vs-noodle-arm-athletes-champions-tour-europe-stage-3-challengers-2-ro256,544,2021-07-20,11:00 PM
EMEA,28017,https://www.vlr.gg/28017/chicago-parsnips-vs-team-bachara-champions-tour-europe-stage-3-challengers-2-ro256,544,2021-07-20,11:00 PM
EMEA,28018,https://www.vlr.gg/28018/spirit-gaming-vs-9-bedes-champions-tour-europe-stage-3-challengers-2-ro256,544,2021-07-20,11:00 PM
EMEA,28019,https://www.vlr.gg/28019/rugrats-vs-quartz-champions-tour-europe-stage-3-challengers-2-ro256,544,2021-07-20,11:00 PM
EMEA,28020,https://www.vlr.gg/28020/ascension-vs-qz-champions-tour-europe-stage-3-challengers-2-ro256,544,2021-07-20,11:00 PM
EMEA,28021,https://www.vlr.gg/28021/revivemejett-vs-icewolves-esports-champions-tour-europe-stage-3-challengers-2-ro256,544,2021-07-20,11:00 PM
EMEA,28022,https://www.vlr.gg/28022/new-dawn-esports-vs-bad-mental-esports-champions-tour-europe-stage-3-challengers-2-ro256,544,2021-07-20,11:00 PM
EMEA,28025,https://www.vlr.gg/28025/gaming-barracks-fi-vs-endavant-champions-tour-europe-stage-3-challengers-2-ro256,544,2021-07-20,11:00 PM
EMEA,28026,https://www.vlr.gg/28026/hex-esports-vs-team-czapka-champions-tour-europe-stage-3-challengers-2-ro256,544,2021-07-20,11:00 PM
EMEA,28027,https://www.vlr.gg/28027/ukulele-vs-ovation-esports-champions-tour-europe-stage-3-challengers-2-ro256,544,2021-07-20,11:00 PM
EMEA,28028,https://www.vlr.gg/28028/5-yung-drillas-vs-axibyte-esports-champions-tour-europe-stage-3-challengers-2-ro256,544,2021-07-20,11:00 PM
EMEA,28029,https://www.vlr.gg/28029/exile-legion-vs-ws-champions-tour-europe-stage-3-challengers-2-ro256,544,2021-07-20,11:00 PM
EMEA,28031,https://www.vlr.gg/28031/aluzja-vs-tempo-champions-tour-europe-stage-3-challengers-2-ro256,544,2021-07-20,11:00 PM
EMEA,28033,https://www.vlr.gg/28033/smell33t-vs-wieca-champions-tour-europe-stage-3-challengers-2-ro256,544,2021-07-20,11:00 PM
EMEA,28034,https://www.vlr.gg/28034/1n-esport-vs-hmmescuta-champions-tour-europe-stage-3-challengers-2-ro256,544,2021-07-20,11:00 PM
EMEA,28035,https://www.vlr.gg/28035/koifish-vs-ldn-utd-champions-tour-europe-stage-3-challengers-2-ro256,544,2021-07-20,11:00 PM
EMEA,28036,https://www.vlr.gg/28036/ehehxd-vs-hai-iq-champions-tour-europe-stage-3-challengers-2-ro256,544,2021-07-20,11:00 PM
EMEA,28037,https://www.vlr.gg/28037/ipon-team-horizon-reapers-vs-mustang-gaming-champions-tour-europe-stage-3-challengers-2-ro256,544,2021-07-20,11:00 PM
EMEA,28038,https://www.vlr.gg/28038/wild-multigaming-vs-babos-gaming-champions-tour-europe-stage-3-challengers-2-ro256,544,2021-07-20,11:00 PM
EMEA,28039,https://www.vlr.gg/28039/karutis-vs-duck-gaming-champions-tour-europe-stage-3-challengers-2-ro256,544,2021-07-20,11:00 PM
EMEA,28041,https://www.vlr.gg/28041/ownage-vs-rave-party-champions-tour-europe-stage-3-challengers-2-ro256,544,2021-07-20,11:00 PM
EMEA,28042,https://www.vlr.gg/28042/mds-factory-vs-fratres-champions-tour-europe-stage-3-challengers-2-ro256,544,2021-07-20,11:00 PM
EMEA,28043,https://www.vlr.gg/28043/fearless-vs-shanghai-emperors-champions-tour-europe-stage-3-challengers-2-ro256,544,2021-07-20,11:00 PM
EMEA,28044,https://www.vlr.gg/28044/pepsi-warriors-vs-enrage-champions-tour-europe-stage-3-challengers-2-ro256,544,2021-07-20,11:00 PM
EMEA,28045,https://www.vlr.gg/28045/sprayz-gaming-vs-balasty-champions-tour-europe-stage-3-challengers-2-ro256,544,2021-07-20,11:00 PM
EMEA,28046,https://www.vlr.gg/28046/tiikeri-vs-team-blink-champions-tour-europe-stage-3-challengers-2-ro256,544,2021-07-20,11:00 PM
EMEA,28047,https://www.vlr.gg/28047/nexus-gaming-vs-nofear-champions-tour-europe-stage-3-challengers-2-ro256,544,2021-07-20,11:00 PM
EMEA,28048,https://www.vlr.gg/28048/project-abc-vs-havik-esports-champions-tour-europe-stage-3-challengers-2-ro256,544,2021-07-20,11:00 PM
EMEA,28049,https://www.vlr.gg/28049/vertical-seven-esports-vs-couchless-champions-tour-europe-stage-3-challengers-2-ro256,544,2021-07-20,11:00 PM
EMEA,28050,https://www.vlr.gg/28050/old-dogs-vs-stinky-boys-champions-tour-europe-stage-3-challengers-2-ro256,544,2021-07-20,11:00 PM
EMEA,28051,https://www.vlr.gg/28051/flymatez-vs-the-rial-romdom-champions-tour-europe-stage-3-challengers-2-ro256,544,2021-07-20,11:00 PM
EMEA,28052,https://www.vlr.gg/28052/unjobbed-vs-cunning-stunts-champions-tour-europe-stage-3-challengers-2-ro256,544,2021-07-20,11:00 PM
EMEA,28053,https://www.vlr.gg/28053/edge-vs-excel-champions-tour-europe-stage-3-challengers-2-ro256,544,2021-07-20,11:00 PM
EMEA,28054,https://www.vlr.gg/28054/swag-silicone-vs-movistar-riders-champions-tour-europe-stage-3-challengers-2-ro256,544,2021-07-20,11:00 PM
EMEA,28055,https://www.vlr.gg/28055/slayer-vs-john-howard-champions-tour-europe-stage-3-challengers-2-ro256,544,2021-07-20,11:00 PM
EMEA,28057,https://www.vlr.gg/28057/beagles-vs-patatera-squad-champions-tour-europe-stage-3-challengers-2-ro256,544,2021-07-20,11:00 PM
EMEA,28058,https://www.vlr.gg/28058/dame-time-vs-afrikans-champions-tour-europe-stage-3-challengers-2-ro256,544,2021-07-20,11:00 PM
EMEA,28059,https://www.vlr.gg/28059/ghostly-sinners-vs-area-champions-tour-europe-stage-3-challengers-2-ro256,544,2021-07-20,11:00 PM
EMEA,28060,https://www.vlr.gg/28060/exen-esports-vs-ftw-esports-champions-tour-europe-stage-3-challengers-2-ro256,544,2021-07-20,11:00 PM
EMEA,28061,https://www.vlr.gg/28061/ingenuity-vs-baecon-gg-champions-tour-europe-stage-3-challengers-2-ro256,544,2021-07-20,11:00 PM
EMEA,28062,https://www.vlr.gg/28062/iluro-gaming-vs-we-make-love-champions-tour-europe-stage-3-challengers-2-ro256,544,2021-07-20,11:00 PM
EMEA,28063,https://www.vlr.gg/28063/blxst-vs-stinkyguys-champions-tour-europe-stage-3-challengers-2-ro256,544,2021-07-20,11:00 PM
EMEA,28065,https://www.vlr.gg/28065/souldazz-vs-oro-esports-champions-tour-europe-stage-3-challengers-2-ro256,544,2021-07-20,11:00 PM
EMEA,28066,https://www.vlr.gg/28066/tdi-vs-ecm-fcg-esports-champions-tour-europe-stage-3-challengers-2-ro256,544,2021-07-20,11:00 PM
EMEA,28067,https://www.vlr.gg/28067/snow-kids-vs-driveby-champions-tour-europe-stage-3-challengers-2-ro256,544,2021-07-20,11:00 PM
EMEA,28068,https://www.vlr.gg/28068/pracc-vs-kpi-gaming-champions-tour-europe-stage-3-challengers-2-ro256,544,2021-07-20,11:00 PM
EMEA,28069,https://www.vlr.gg/28069/delete-kayo-vs-aimbot-astronauts-champions-tour-europe-stage-3-challengers-2-ro256,544,2021-07-20,11:00 PM
EMEA,28070,https://www.vlr.gg/28070/elo-and-muscle-vs-chosen-five-champions-tour-europe-stage-3-challengers-2-ro256,544,2021-07-20,11:00 PM
EMEA,28071,https://www.vlr.gg/28071/mastery-vs-ucam-esports-club-champions-tour-europe-stage-3-challengers-2-ro256,544,2021-07-20,11:00 PM
EMEA,28030,https://www.vlr.gg/28030/incognito-vs-staga-champions-tour-europe-stage-3-challengers-2-ro256,544,2021-07-20,11:01 PM
EMEA,28075,https://www.vlr.gg/28075/gydom-galva-vs-og-champions-tour-europe-stage-3-challengers-2-ro128,544,2021-07-21,12:45 AM
EMEA,28072,https://www.vlr.gg/28072/team-sampi-vs-detox-champions-tour-europe-stage-3-challengers-2-ro128,544,2021-07-21,1:00 AM
EMEA,28074,https://www.vlr.gg/28074/skelp-esports-vs-shiny-champions-tour-europe-stage-3-challengers-2-ro128,544,2021-07-21,1:00 AM
EMEA,28083,https://www.vlr.gg/28083/dark-tigers-vs-fadee-gaming-champions-tour-europe-stage-3-challengers-2-ro128,544,2021-07-21,1:00 AM
EMEA,28085,https://www.vlr.gg/28085/chakalaka-vs-pact-champions-tour-europe-stage-3-challengers-2-ro128,544,2021-07-21,1:00 AM
EMEA,28088,https://www.vlr.gg/28088/19esports-vs-nebulaa-champions-tour-europe-stage-3-challengers-2-ro128,544,2021-07-21,1:00 AM
EMEA,28104,https://www.vlr.gg/28104/giants-gaming-vs-atravs-champions-tour-europe-stage-3-challengers-2-ro128,544,2021-07-21,1:00 AM
EMEA,28087,https://www.vlr.gg/28087/ayaya-vs-nopoaching-champions-tour-europe-stage-3-challengers-2-ro128,544,2021-07-21,1:00 AM
EMEA,28126,https://www.vlr.gg/28126/unjobbed-vs-excel-champions-tour-europe-stage-3-challengers-2-ro128,544,2021-07-21,1:00 AM
EMEA,28081,https://www.vlr.gg/28081/grandspirit-vs-rix-gg-lightning-champions-tour-europe-stage-3-challengers-2-ro128,544,2021-07-21,1:20 AM
EMEA,28078,https://www.vlr.gg/28078/flashdash-vs-mtp-esport-champions-tour-europe-stage-3-challengers-2-ro128,544,2021-07-21,2:00 AM
EMEA,28084,https://www.vlr.gg/28084/team-heretics-vs-freya-champions-tour-europe-stage-3-challengers-2-ro128,544,2021-07-21,2:00 AM
EMEA,28092,https://www.vlr.gg/28092/dream-team-vs-felix-and-friends-champions-tour-europe-stage-3-challengers-2-ro128,544,2021-07-21,2:00 AM
EMEA,28098,https://www.vlr.gg/28098/wlgaming-esports-vs-yendez-champions-tour-europe-stage-3-challengers-2-ro128,544,2021-07-21,2:00 AM
EMEA,28101,https://www.vlr.gg/28101/totally-spies-vs-51-minds-champions-tour-europe-stage-3-challengers-2-ro128,544,2021-07-21,2:00 AM
EMEA,28103,https://www.vlr.gg/28103/stramme-mangos-vs-ubiteam-champions-tour-europe-stage-3-challengers-2-ro128,544,2021-07-21,2:00 AM
EMEA,28116,https://www.vlr.gg/28116/heet-vs-wieca-champions-tour-europe-stage-3-challengers-2-ro128,544,2021-07-21,2:00 AM
EMEA,28117,https://www.vlr.gg/28117/1n-esport-vs-ldn-utd-champions-tour-europe-stage-3-challengers-2-ro128,544,2021-07-21,2:00 AM
EMEA,28127,https://www.vlr.gg/28127/swag-silicone-vs-john-howard-champions-tour-europe-stage-3-challengers-2-ro128,544,2021-07-21,2:00 AM
EMEA,28128,https://www.vlr.gg/28128/cream-real-betis-vs-beagles-champions-tour-europe-stage-3-challengers-2-ro128,544,2021-07-21,2:00 AM
EMEA,28134,https://www.vlr.gg/28134/kpi-gaming-vs-delete-kayo-champions-tour-europe-stage-3-challengers-2-ro128,544,2021-07-21,2:00 AM
EMEA,28073,https://www.vlr.gg/28073/gso-vs-b-k-scsabai-e-sport-egyes-let-champions-tour-europe-stage-3-challengers-2-ro128,544,2021-07-21,2:00 AM
EMEA,28076,https://www.vlr.gg/28076/les-zinzins-de-lespace-vs-surrealplay-champions-tour-europe-stage-3-challengers-2-ro128,544,2021-07-21,2:00 AM
EMEA,28077,https://www.vlr.gg/28077/banditz-vs-nowytowiec-champions-tour-europe-stage-3-challengers-2-ro128,544,2021-07-21,2:00 AM
EMEA,28079,https://www.vlr.gg/28079/rise-esports-vs-soyboys-champions-tour-europe-stage-3-challengers-2-ro128,544,2021-07-21,2:00 AM
EMEA,28080,https://www.vlr.gg/28080/bref-vs-kapten-mint-champions-tour-europe-stage-3-challengers-2-ro128,544,2021-07-21,2:00 AM
EMEA,28082,https://www.vlr.gg/28082/equipe-vs-megastitut-champions-tour-europe-stage-3-challengers-2-ro128,544,2021-07-21,2:00 AM
EMEA,28086,https://www.vlr.gg/28086/esuba-vs-nonsensegaming-champions-tour-europe-stage-3-challengers-2-ro128,544,2021-07-21,2:00 AM
EMEA,28089,https://www.vlr.gg/28089/superior-vs-mix-helios-champions-tour-europe-stage-3-challengers-2-ro128,544,2021-07-21,2:00 AM
EMEA,28090,https://www.vlr.gg/28090/super-cool-komando-vs-bonsoir-champions-tour-europe-stage-3-challengers-2-ro128,544,2021-07-21,2:00 AM
EMEA,28091,https://www.vlr.gg/28091/esports-cyberathletes-vs-celestial-esports-champions-tour-europe-stage-3-challengers-2-ro128,544,2021-07-21,2:00 AM
EMEA,28093,https://www.vlr.gg/28093/lasagna-beam-vs-woof-woof-champions-tour-europe-stage-3-challengers-2-ro128,544,2021-07-21,2:00 AM
EMEA,28094,https://www.vlr.gg/28094/mixers-vs-reject-champions-tour-europe-stage-3-challengers-2-ro128,544,2021-07-21,2:00 AM
EMEA,28095,https://www.vlr.gg/28095/vacuumers-vs-egn-esports-champions-tour-europe-stage-3-challengers-2-ro128,544,2021-07-21,2:00 AM
EMEA,28096,https://www.vlr.gg/28096/exalty-vs-team-queso-champions-tour-europe-stage-3-challengers-2-ro128,544,2021-07-21,2:00 AM
EMEA,28097,https://www.vlr.gg/28097/pomidorki-w-louis-vs-last-second-mix-champions-tour-europe-stage-3-challengers-2-ro128,544,2021-07-21,2:00 AM
EMEA,28099,https://www.vlr.gg/28099/bifrost-vs-cgn-esports-champions-tour-europe-stage-3-challengers-2-ro128,544,2021-07-21,2:00 AM
EMEA,28100,https://www.vlr.gg/28100/psq-vs-team-plague-champions-tour-europe-stage-3-challengers-2-ro128,544,2021-07-21,2:00 AM
EMEA,28102,https://www.vlr.gg/28102/farmers-vs-m8-esports-champions-tour-europe-stage-3-challengers-2-ro128,544,2021-07-21,2:00 AM
EMEA,28105,https://www.vlr.gg/28105/average-joes-vs-circe-champions-tour-europe-stage-3-challengers-2-ro128,544,2021-07-21,2:00 AM
EMEA,28106,https://www.vlr.gg/28106/winfinity-vs-stuverance-esport-champions-tour-europe-stage-3-challengers-2-ro128,544,2021-07-21,2:00 AM
EMEA,28107,https://www.vlr.gg/28107/anonymo-esports-vs-mackoesports-champions-tour-europe-stage-3-challengers-2-ro128,544,2021-07-21,2:00 AM
EMEA,28108,https://www.vlr.gg/28108/monkes-vs-noodle-arm-athletes-champions-tour-europe-stage-3-challengers-2-ro128,544,2021-07-21,2:00 AM
EMEA,28109,https://www.vlr.gg/28109/team-bachara-vs-spirit-gaming-champions-tour-europe-stage-3-challengers-2-ro128,544,2021-07-21,2:00 AM
EMEA,28110,https://www.vlr.gg/28110/rugrats-vs-qz-champions-tour-europe-stage-3-challengers-2-ro128,544,2021-07-21,2:00 AM
EMEA,28111,https://www.vlr.gg/28111/revivemejett-vs-bad-mental-esports-champions-tour-europe-stage-3-challengers-2-ro128,544,2021-07-21,2:00 AM
EMEA,28112,https://www.vlr.gg/28112/ivy-vs-endavant-champions-tour-europe-stage-3-challengers-2-ro128,544,2021-07-21,2:00 AM
EMEA,28113,https://www.vlr.gg/28113/hex-esports-vs-ovation-esports-champions-tour-europe-stage-3-challengers-2-ro128,544,2021-07-21,2:00 AM
EMEA,28114,https://www.vlr.gg/28114/axibyte-esports-vs-ws-champions-tour-europe-stage-3-challengers-2-ro128,544,2021-07-21,2:00 AM
EMEA,28115,https://www.vlr.gg/28115/staga-vs-tempo-champions-tour-europe-stage-3-challengers-2-ro128,544,2021-07-21,2:00 AM
EMEA,28118,https://www.vlr.gg/28118/ehehxd-vs-ipon-team-horizon-reapers-champions-tour-europe-stage-3-challengers-2-ro128,544,2021-07-21,2:00 AM
EMEA,28119,https://www.vlr.gg/28119/wild-multigaming-vs-karutis-champions-tour-europe-stage-3-challengers-2-ro128,544,2021-07-21,2:00 AM
EMEA,28120,https://www.vlr.gg/28120/vexed-gaming-vs-ownage-champions-tour-europe-stage-3-challengers-2-ro128,544,2021-07-21,2:00 AM
EMEA,28121,https://www.vlr.gg/28121/fratres-vs-shanghai-emperors-champions-tour-europe-stage-3-challengers-2-ro128,544,2021-07-21,2:00 AM
EMEA,28122,https://www.vlr.gg/28122/enrage-vs-sprayz-gaming-champions-tour-europe-stage-3-challengers-2-ro128,544,2021-07-21,2:00 AM
EMEA,28123,https://www.vlr.gg/28123/team-blink-vs-nofear-champions-tour-europe-stage-3-challengers-2-ro128,544,2021-07-21,2:00 AM
EMEA,28124,https://www.vlr.gg/28124/project-abc-vs-vertical-seven-esports-champions-tour-europe-stage-3-challengers-2-ro128,544,2021-07-21,2:00 AM
EMEA,28125,https://www.vlr.gg/28125/old-dogs-vs-flymatez-champions-tour-europe-stage-3-challengers-2-ro128,544,2021-07-21,2:00 AM
EMEA,28129,https://www.vlr.gg/28129/dame-time-vs-area-champions-tour-europe-stage-3-challengers-2-ro128,544,2021-07-21,2:00 AM
EMEA,28130,https://www.vlr.gg/28130/ftw-esports-vs-baecon-gg-champions-tour-europe-stage-3-challengers-2-ro128,544,2021-07-21,2:00 AM
EMEA,28131,https://www.vlr.gg/28131/iluro-gaming-vs-stinkyguys-champions-tour-europe-stage-3-challengers-2-ro128,544,2021-07-21,2:00 AM
EMEA,28132,https://www.vlr.gg/28132/saw-vs-souldazz-champions-tour-europe-stage-3-challengers-2-ro128,544,2021-07-21,2:00 AM
EMEA,28133,https://www.vlr.gg/28133/tdi-vs-driveby-champions-tour-europe-stage-3-challengers-2-ro128,544,2021-07-21,2:00 AM
EMEA,28135,https://www.vlr.gg/28135/elo-and-muscle-vs-ucam-esports-club-champions-tour-europe-stage-3-challengers-2-ro128,544,2021-07-21,2:00 AM
EMEA,28140,https://www.vlr.gg/28140/bref-vs-grandspirit-champions-tour-europe-stage-3-challengers-2-ro64,544,2021-07-21,11:00 PM
EMEA,28143,https://www.vlr.gg/28143/esuba-vs-nopoaching-champions-tour-europe-stage-3-challengers-2-ro64,544,2021-07-21,11:00 PM
EMEA,28145,https://www.vlr.gg/28145/bonsoir-vs-esports-cyberathletes-champions-tour-europe-stage-3-challengers-2-ro64,544,2021-07-21,11:00 PM
EMEA,28146,https://www.vlr.gg/28146/dream-team-vs-lasagna-beam-champions-tour-europe-stage-3-challengers-2-ro64,544,2021-07-21,11:00 PM
EMEA,28148,https://www.vlr.gg/28148/team-queso-vs-pomidorki-w-louis-champions-tour-europe-stage-3-challengers-2-ro64,544,2021-07-21,11:00 PM
EMEA,28155,https://www.vlr.gg/28155/rugrats-vs-revivemejett-champions-tour-europe-stage-3-challengers-2-ro64,544,2021-07-21,11:00 PM
EMEA,28156,https://www.vlr.gg/28156/ivy-vs-ovation-esports-champions-tour-europe-stage-3-challengers-2-ro64,544,2021-07-21,11:00 PM
EMEA,28159,https://www.vlr.gg/28159/ipon-team-horizon-reapers-vs-wild-multigaming-champions-tour-europe-stage-3-challengers-2-ro64,544,2021-07-21,11:00 PM
EMEA,28163,https://www.vlr.gg/28163/unjobbed-vs-swag-silicone-champions-tour-europe-stage-3-challengers-2-ro64,544,2021-07-21,11:00 PM
EMEA,28166,https://www.vlr.gg/28166/saw-vs-driveby-champions-tour-europe-stage-3-challengers-2-ro64,544,2021-07-21,11:00 PM
EMEA,28136,https://www.vlr.gg/28136/team-sampi-vs-b-k-scsabai-e-sport-egyes-let-champions-tour-europe-stage-3-challengers-2-ro64,544,2021-07-21,11:00 PM
EMEA,28137,https://www.vlr.gg/28137/shiny-vs-og-champions-tour-europe-stage-3-challengers-2-ro64,544,2021-07-21,11:00 PM
EMEA,28138,https://www.vlr.gg/28138/les-zinzins-de-lespace-vs-nowytowiec-champions-tour-europe-stage-3-challengers-2-ro64,544,2021-07-21,11:00 PM
EMEA,28139,https://www.vlr.gg/28139/mtp-esport-vs-soyboys-champions-tour-europe-stage-3-challengers-2-ro64,544,2021-07-21,11:00 PM
EMEA,28141,https://www.vlr.gg/28141/megastitut-vs-dark-tigers-champions-tour-europe-stage-3-challengers-2-ro64,544,2021-07-21,11:00 PM
EMEA,28142,https://www.vlr.gg/28142/team-heretics-vs-pact-champions-tour-europe-stage-3-challengers-2-ro64,544,2021-07-21,11:00 PM
EMEA,28144,https://www.vlr.gg/28144/19esports-vs-superior-champions-tour-europe-stage-3-challengers-2-ro64,544,2021-07-21,11:00 PM
EMEA,28147,https://www.vlr.gg/28147/reject-vs-vacuumers-champions-tour-europe-stage-3-challengers-2-ro64,544,2021-07-21,11:00 PM
EMEA,28149,https://www.vlr.gg/28149/yendez-vs-cgn-esports-champions-tour-europe-stage-3-challengers-2-ro64,544,2021-07-21,11:00 PM
EMEA,28150,https://www.vlr.gg/28150/team-plague-vs-totally-spies-champions-tour-europe-stage-3-challengers-2-ro64,544,2021-07-21,11:00 PM
EMEA,28151,https://www.vlr.gg/28151/farmers-vs-stramme-mangos-champions-tour-europe-stage-3-challengers-2-ro64,544,2021-07-21,11:00 PM
EMEA,28152,https://www.vlr.gg/28152/giants-gaming-vs-average-joes-champions-tour-europe-stage-3-challengers-2-ro64,544,2021-07-21,11:00 PM
EMEA,28153,https://www.vlr.gg/28153/winfinity-vs-mackoesports-champions-tour-europe-stage-3-challengers-2-ro64,544,2021-07-21,11:00 PM
EMEA,28154,https://www.vlr.gg/28154/noodle-arm-athletes-vs-team-bachara-champions-tour-europe-stage-3-challengers-2-ro64,544,2021-07-21,11:00 PM
EMEA,28157,https://www.vlr.gg/28157/axibyte-esports-vs-staga-champions-tour-europe-stage-3-challengers-2-ro64,544,2021-07-21,11:00 PM
EMEA,28158,https://www.vlr.gg/28158/heet-vs-ldn-utd-champions-tour-europe-stage-3-challengers-2-ro64,544,2021-07-21,11:00 PM
EMEA,28160,https://www.vlr.gg/28160/vexed-gaming-vs-shanghai-emperors-champions-tour-europe-stage-3-challengers-2-ro64,544,2021-07-21,11:00 PM
EMEA,28161,https://www.vlr.gg/28161/enrage-vs-nofear-champions-tour-europe-stage-3-challengers-2-ro64,544,2021-07-21,11:00 PM
EMEA,28162,https://www.vlr.gg/28162/vertical-seven-esports-vs-old-dogs-champions-tour-europe-stage-3-challengers-2-ro64,544,2021-07-21,11:00 PM
EMEA,28164,https://www.vlr.gg/28164/cream-real-betis-vs-area-champions-tour-europe-stage-3-challengers-2-ro64,544,2021-07-21,11:00 PM
EMEA,28165,https://www.vlr.gg/28165/ftw-esports-vs-stinkyguys-champions-tour-europe-stage-3-challengers-2-ro64,544,2021-07-21,11:00 PM
EMEA,28167,https://www.vlr.gg/28167/kpi-gaming-vs-ucam-esports-club-champions-tour-europe-stage-3-challengers-2-ro64,544,2021-07-21,11:00 PM
EMEA,28170,https://www.vlr.gg/28170/bref-vs-megastitut-champions-tour-europe-stage-3-challengers-2-ro32,544,2021-07-22,1:00 AM
EMEA,28172,https://www.vlr.gg/28172/19esports-vs-bonsoir-champions-tour-europe-stage-3-challengers-2-ro32,544,2021-07-22,1:00 AM
EMEA,28178,https://www.vlr.gg/28178/ivy-vs-axibyte-esports-champions-tour-europe-stage-3-challengers-2-ro32,544,2021-07-22,1:00 AM
EMEA,28182,https://www.vlr.gg/28182/cream-real-betis-vs-ftw-esports-champions-tour-europe-stage-3-challengers-2-ro32,544,2021-07-22,1:00 AM
EMEA,28171,https://www.vlr.gg/28171/team-heretics-vs-nopoaching-champions-tour-europe-stage-3-challengers-2-ro32,544,2021-07-22,1:30 AM
EMEA,28173,https://www.vlr.gg/28173/dream-team-vs-reject-champions-tour-europe-stage-3-challengers-2-ro32,544,2021-07-22,1:30 AM
EMEA,28174,https://www.vlr.gg/28174/team-queso-vs-yendez-champions-tour-europe-stage-3-challengers-2-ro32,544,2021-07-22,1:30 AM
EMEA,28177,https://www.vlr.gg/28177/noodle-arm-athletes-vs-rugrats-champions-tour-europe-stage-3-challengers-2-ro32,544,2021-07-22,1:30 AM
EMEA,28181,https://www.vlr.gg/28181/old-dogs-vs-unjobbed-champions-tour-europe-stage-3-challengers-2-ro32,544,2021-07-22,1:30 AM
EMEA,28183,https://www.vlr.gg/28183/driveby-vs-ucam-esports-club-champions-tour-europe-stage-3-challengers-2-ro32,544,2021-07-22,1:30 AM
EMEA,28168,https://www.vlr.gg/28168/team-sampi-vs-og-champions-tour-europe-stage-3-challengers-2-ro32,544,2021-07-22,1:30 AM
EMEA,28175,https://www.vlr.gg/28175/team-plague-vs-farmers-champions-tour-europe-stage-3-challengers-2-ro32,544,2021-07-22,1:30 AM
EMEA,28180,https://www.vlr.gg/28180/vexed-gaming-vs-enrage-champions-tour-europe-stage-3-challengers-2-ro32,544,2021-07-22,1:30 AM
EMEA,28176,https://www.vlr.gg/28176/giants-gaming-vs-winfinity-champions-tour-europe-stage-3-challengers-2-ro32,544,2021-07-22,2:00 AM
EMEA,28179,https://www.vlr.gg/28179/heet-vs-wild-multigaming-champions-tour-europe-stage-3-challengers-2-ro32,544,2021-07-22,2:00 AM
EMEA,28169,https://www.vlr.gg/28169/les-zinzins-de-lespace-vs-mtp-esport-champions-tour-europe-stage-3-challengers-2-ro32,544,2021-07-22,2:00 AM
EMEA,28186,https://www.vlr.gg/28186/19esports-vs-reject-champions-tour-europe-stage-3-challengers-2-ro16,544,2021-07-22,11:00 PM
EMEA,28188,https://www.vlr.gg/28188/giants-gaming-vs-rugrats-champions-tour-europe-stage-3-challengers-2-ro16,544,2021-07-22,11:00 PM
EMEA,28190,https://www.vlr.gg/28190/vexed-gaming-vs-unjobbed-champions-tour-europe-stage-3-challengers-2-ro16,544,2021-07-22,11:00 PM
EMEA,28184,https://www.vlr.gg/28184/og-vs-mtp-esport-champions-tour-europe-stage-3-challengers-2-ro16,544,2021-07-22,11:00 PM
EMEA,28185,https://www.vlr.gg/28185/bref-vs-team-heretics-champions-tour-europe-stage-3-challengers-2-ro16,544,2021-07-22,11:00 PM
EMEA,28187,https://www.vlr.gg/28187/team-queso-vs-farmers-champions-tour-europe-stage-3-challengers-2-ro16,544,2021-07-22,11:00 PM
EMEA,28189,https://www.vlr.gg/28189/ivy-vs-wild-multigaming-champions-tour-europe-stage-3-challengers-2-ro16,544,2021-07-22,11:00 PM
EMEA,28191,https://www.vlr.gg/28191/cream-real-betis-vs-ucam-esports-club-champions-tour-europe-stage-3-challengers-2-ro16,544,2021-07-22,11:00 PM
EMEA,28195,https://www.vlr.gg/28195/wave-esports-vs-team-queso-champions-tour-europe-stage-3-challengers-2-uro16,544,2021-07-23,1:00 AM
EMEA,28199,https://www.vlr.gg/28199/alliance-vs-cream-real-betis-champions-tour-europe-stage-3-challengers-2-uro16,544,2021-07-23,1:00 AM
EMEA,28198,https://www.vlr.gg/28198/bk-rog-esports-vs-vexed-gaming-champions-tour-europe-stage-3-challengers-2-uro16,544,2021-07-23,1:30 AM
EMEA,28197,https://www.vlr.gg/28197/team-vitality-vs-wild-multigaming-champions-tour-europe-stage-3-challengers-2-uro16,544,2021-07-23,1:40 AM
EMEA,28196,https://www.vlr.gg/28196/big-vs-giants-gaming-champions-tour-europe-stage-3-challengers-2-uro16,544,2021-07-23,1:45 AM
EMEA,28192,https://www.vlr.gg/28192/team-finest-vs-mtp-esport-champions-tour-europe-stage-3-challengers-2-uro16,544,2021-07-23,2:00 AM
EMEA,28194,https://www.vlr.gg/28194/tenstar-vs-19esports-champions-tour-europe-stage-3-challengers-2-uro16,544,2021-07-23,2:15 AM
EMEA,28193,https://www.vlr.gg/28193/ninjas-in-pyjamas-vs-team-heretics-champions-tour-europe-stage-3-challengers-2-uro16,544,2021-07-23,3:00 AM
EMEA,28200,https://www.vlr.gg/28200/team-finest-vs-team-heretics-champions-tour-europe-stage-3-challengers-2-uqf,544,2021-07-23,11:00 PM
EMEA,28201,https://www.vlr.gg/28201/tenstar-vs-team-queso-champions-tour-europe-stage-3-challengers-2-uqf,544,2021-07-23,11:00 PM
EMEA,28202,https://www.vlr.gg/28202/giants-gaming-vs-team-vitality-champions-tour-europe-stage-3-challengers-2-uqf,544,2021-07-23,11:00 PM
EMEA,28203,https://www.vlr.gg/28203/vexed-gaming-vs-alliance-champions-tour-europe-stage-3-challengers-2-uqf,544,2021-07-23,11:00 PM
EMEA,28206,https://www.vlr.gg/28206/mtp-esport-vs-ninjas-in-pyjamas-champions-tour-europe-stage-3-challengers-2-lr1,544,2021-07-23,11:00 PM
EMEA,28207,https://www.vlr.gg/28207/19esports-vs-wave-esports-champions-tour-europe-stage-3-challengers-2-lr1,544,2021-07-23,11:00 PM
EMEA,28208,https://www.vlr.gg/28208/big-vs-wild-multigaming-champions-tour-europe-stage-3-challengers-2-lr1,544,2021-07-23,11:00 PM
EMEA,28209,https://www.vlr.gg/28209/bk-rog-esports-vs-cream-real-betis-champions-tour-europe-stage-3-challengers-2-lr1,544,2021-07-23,11:00 PM
EMEA,28205,https://www.vlr.gg/28205/giants-gaming-vs-alliance-champions-tour-europe-stage-3-challengers-2-usf,544,2021-07-24,2:10 AM
EMEA,28210,https://www.vlr.gg/28210/vexed-gaming-vs-ninjas-in-pyjamas-champions-tour-europe-stage-3-challengers-2-lr2,544,2021-07-24,2:20 AM
EMEA,28212,https://www.vlr.gg/28212/team-queso-vs-big-champions-tour-europe-stage-3-challengers-2-lr2,544,2021-07-24,2:20 AM
EMEA,28211,https://www.vlr.gg/28211/team-vitality-vs-wave-esports-champions-tour-europe-stage-3-challengers-2-lr2,544,2021-07-24,2:30 AM
EMEA,28213,https://www.vlr.gg/28213/team-finest-vs-cream-real-betis-champions-tour-europe-stage-3-challengers-2-lr2,544,2021-07-24,3:30 AM
EMEA,28204,https://www.vlr.gg/28204/team-heretics-vs-tenstar-champions-tour-europe-stage-3-challengers-2-usf,544,2021-07-24,3:45 AM
EMEA,28214,https://www.vlr.gg/28214/ninjas-in-pyjamas-vs-team-vitality-champions-tour-europe-stage-3-challengers-2-lr3,544,2021-07-24,8:00 PM
EMEA,28215,https://www.vlr.gg/28215/big-vs-team-finest-champions-tour-europe-stage-3-challengers-2-lr3,544,2021-07-24,8:00 PM
EMEA,28217,https://www.vlr.gg/28217/alliance-vs-big-champions-tour-europe-stage-3-challengers-2-lr4,544,2021-07-24,11:25 PM
EMEA,28216,https://www.vlr.gg/28216/team-heretics-vs-team-vitality-champions-tour-europe-stage-3-challengers-2-lr4,544,2021-07-25,12:00 AM
EMEA,28906,https://www.vlr.gg/28906/team-bds-vs-tenstar-champions-tour-europe-stage-3-challengers-2-ubqf,544,2021-07-28,7:00 PM
EMEA,28907,https://www.vlr.gg/28907/team-liquid-vs-team-vitality-champions-tour-europe-stage-3-challengers-2-ubqf,544,2021-07-28,7:00 PM
EMEA,28908,https://www.vlr.gg/28908/rix-gg-thunder-vs-giants-gaming-champions-tour-europe-stage-3-challengers-2-ubqf,544,2021-07-28,10:05 PM
EMEA,28909,https://www.vlr.gg/28909/fnatic-vs-alliance-champions-tour-europe-stage-3-challengers-2-ubqf,544,2021-07-28,10:30 PM
EMEA,28914,https://www.vlr.gg/28914/team-bds-vs-team-vitality-champions-tour-europe-stage-3-challengers-2-lr1,544,2021-07-29,12:50 AM
EMEA,28915,https://www.vlr.gg/28915/rix-gg-thunder-vs-alliance-champions-tour-europe-stage-3-challengers-2-lr1,544,2021-07-29,12:50 AM
EMEA,28910,https://www.vlr.gg/28910/tenstar-vs-team-liquid-champions-tour-europe-stage-3-challengers-2-ubsf,544,2021-07-29,10:00 PM
EMEA,28911,https://www.vlr.gg/28911/giants-gaming-vs-fnatic-champions-tour-europe-stage-3-challengers-2-ubsf,544,2021-07-29,10:00 PM
EMEA,28917,https://www.vlr.gg/28917/tenstar-vs-rix-gg-thunder-champions-tour-europe-stage-3-challengers-2-lr2,544,2021-07-30,12:35 AM
EMEA,28916,https://www.vlr.gg/28916/fnatic-vs-team-bds-champions-tour-europe-stage-3-challengers-2-lr2,544,2021-07-30,1:35 AM
EMEA,28912,https://www.vlr.gg/28912/team-liquid-vs-giants-gaming-champions-tour-europe-stage-3-challengers-2-ubf,544,2021-07-30,10:00 PM
EMEA,28918,https://www.vlr.gg/28918/fnatic-vs-tenstar-champions-tour-europe-stage-3-challengers-2-lr3,544,2021-07-31,12:45 AM
EMEA,28919,https://www.vlr.gg/28919/team-liquid-vs-fnatic-champions-tour-europe-stage-3-challengers-2-lbf,544,2021-07-31,8:00 PM
EMEA,28913,https://www.vlr.gg/28913/giants-gaming-vs-team-liquid-champions-tour-europe-stage-3-challengers-2-gf,544,2021-08-01,8:00 PM
EMEA,28628,https://www.vlr.gg/28628/kafalar-esports-vs-justsoldiers-champions-tour-turkey-stage-3-challengers-2-ro64,545,2021-07-21,10:00 PM
EMEA,28629,https://www.vlr.gg/28629/we-raise-sirius-vs-aeterna-victrix-champions-tour-turkey-stage-3-challengers-2-ro64,545,2021-07-21,10:00 PM
EMEA,28630,https://www.vlr.gg/28630/schatz-vs-merlyn-esports-champions-tour-turkey-stage-3-challengers-2-ro64,545,2021-07-21,10:00 PM
EMEA,28631,https://www.vlr.gg/28631/millennium-agency-vs-saplak-champions-tour-turkey-stage-3-challengers-2-ro64,545,2021-07-21,10:00 PM
EMEA,28632,https://www.vlr.gg/28632/unknownpros-vs-team-rebels-champions-tour-turkey-stage-3-challengers-2-ro64,545,2021-07-21,10:00 PM
EMEA,28633,https://www.vlr.gg/28633/cousins-vs-cyber-skull-esports-champions-tour-turkey-stage-3-challengers-2-ro64,545,2021-07-21,10:00 PM
EMEA,28634,https://www.vlr.gg/28634/unique-vs-kocaeli-esports-champions-tour-turkey-stage-3-challengers-2-ro64,545,2021-07-21,10:00 PM
EMEA,28635,https://www.vlr.gg/28635/valstars-gaming-vs-art-esports-champions-tour-turkey-stage-3-challengers-2-ro64,545,2021-07-21,10:00 PM
EMEA,28636,https://www.vlr.gg/28636/mix5-vs-ninjas-with-attitude-champions-tour-turkey-stage-3-challengers-2-ro64,545,2021-07-21,10:00 PM
EMEA,28637,https://www.vlr.gg/28637/raylex-esports-vs-imagine-age-champions-tour-turkey-stage-3-challengers-2-ro64,545,2021-07-21,10:00 PM
EMEA,28638,https://www.vlr.gg/28638/1907-fenerbah-e-esport-vs-team-nervous-champions-tour-turkey-stage-3-challengers-2-ro64,545,2021-07-21,10:00 PM
EMEA,28639,https://www.vlr.gg/28639/magic-gem-vs-outrage-champions-tour-turkey-stage-3-challengers-2-ro64,545,2021-07-21,10:00 PM
EMEA,28640,https://www.vlr.gg/28640/surreal-esports-vs-wait-for-future-champions-tour-turkey-stage-3-challengers-2-ro64,545,2021-07-21,10:00 PM
EMEA,28641,https://www.vlr.gg/28641/space-rebels-vs-vorpal-swords-champions-tour-turkey-stage-3-challengers-2-ro64,545,2021-07-21,10:00 PM
EMEA,28642,https://www.vlr.gg/28642/sahangiller-esports-vs-zonia-esports-champions-tour-turkey-stage-3-challengers-2-ro64,545,2021-07-21,10:00 PM
EMEA,28643,https://www.vlr.gg/28643/saviors-esports-vs-beatoffyou-champions-tour-turkey-stage-3-challengers-2-ro64,545,2021-07-21,10:00 PM
EMEA,28644,https://www.vlr.gg/28644/kastiralis-vs-just-tehlikeli-champions-tour-turkey-stage-3-challengers-2-ro64,545,2021-07-21,10:00 PM
EMEA,28645,https://www.vlr.gg/28645/cobrakai-vs-tarz-meselesy-champions-tour-turkey-stage-3-challengers-2-ro64,545,2021-07-21,10:00 PM
EMEA,28646,https://www.vlr.gg/28646/we-raise-blame-vs-digital-athletics-champions-tour-turkey-stage-3-challengers-2-ro64,545,2021-07-21,10:00 PM
EMEA,28647,https://www.vlr.gg/28647/free-zone-vs-yellow-champions-tour-turkey-stage-3-challengers-2-ro64,545,2021-07-21,10:00 PM
EMEA,28648,https://www.vlr.gg/28648/anatolia-esports-vs-team-evo-seek-champions-tour-turkey-stage-3-challengers-2-ro64,545,2021-07-21,10:00 PM
EMEA,28649,https://www.vlr.gg/28649/vega-vs-overwatch-champions-tour-turkey-stage-3-challengers-2-ro64,545,2021-07-21,10:00 PM
EMEA,28650,https://www.vlr.gg/28650/navy-blue-vs-gringo-team-champions-tour-turkey-stage-3-challengers-2-ro64,545,2021-07-21,10:00 PM
EMEA,28651,https://www.vlr.gg/28651/dijirad-esports-vs-weda-esports-champions-tour-turkey-stage-3-challengers-2-ro64,545,2021-07-21,10:00 PM
EMEA,28652,https://www.vlr.gg/28652/nonamers-vs-bballerz-champions-tour-turkey-stage-3-challengers-2-ro64,545,2021-07-21,10:00 PM
EMEA,28653,https://www.vlr.gg/28653/hygeia-esports-vs-fbi-espors-champions-tour-turkey-stage-3-challengers-2-ro64,545,2021-07-21,10:00 PM
EMEA,28654,https://www.vlr.gg/28654/xflow-esports-vs-novella-champions-tour-turkey-stage-3-challengers-2-ro64,545,2021-07-21,10:00 PM
EMEA,28655,https://www.vlr.gg/28655/foxngame-esports-vs-looking-for-org5-champions-tour-turkey-stage-3-challengers-2-ro64,545,2021-07-21,10:00 PM
EMEA,28656,https://www.vlr.gg/28656/besiktas-esports-vs-bursaespor-champions-tour-turkey-stage-3-challengers-2-ro64,545,2021-07-21,10:00 PM
EMEA,28657,https://www.vlr.gg/28657/nuke-destroyed-rabbits-vs-kebabmasterz-champions-tour-turkey-stage-3-challengers-2-ro64,545,2021-07-21,10:00 PM
EMEA,28658,https://www.vlr.gg/28658/altin-kariyer-esports-vs-pcific-champions-tour-turkey-stage-3-challengers-2-ro64,545,2021-07-21,10:00 PM
EMEA,28659,https://www.vlr.gg/28659/angara-esports-vs-karat-istanbul-champions-tour-turkey-stage-3-challengers-2-ro64,545,2021-07-21,10:00 PM
EMEA,28660,https://www.vlr.gg/28660/kafalar-esports-vs-aeterna-victrix-champions-tour-turkey-stage-3-challengers-2-ro32,545,2021-07-22,12:00 AM
EMEA,28661,https://www.vlr.gg/28661/schatz-vs-saplak-champions-tour-turkey-stage-3-challengers-2-ro32,545,2021-07-22,12:00 AM
EMEA,28662,https://www.vlr.gg/28662/unknownpros-vs-cousins-champions-tour-turkey-stage-3-challengers-2-ro32,545,2021-07-22,12:00 AM
EMEA,28663,https://www.vlr.gg/28663/unique-vs-valstars-gaming-champions-tour-turkey-stage-3-challengers-2-ro32,545,2021-07-22,12:00 AM
EMEA,28664,https://www.vlr.gg/28664/mix5-vs-imagine-age-champions-tour-turkey-stage-3-challengers-2-ro32,545,2021-07-22,12:00 AM
EMEA,28665,https://www.vlr.gg/28665/1907-fenerbah-e-esport-vs-outrage-champions-tour-turkey-stage-3-challengers-2-ro32,545,2021-07-22,12:00 AM
EMEA,28666,https://www.vlr.gg/28666/surreal-esports-vs-vorpal-swords-champions-tour-turkey-stage-3-challengers-2-ro32,545,2021-07-22,12:00 AM
EMEA,28667,https://www.vlr.gg/28667/sahangiller-esports-vs-beatoffyou-champions-tour-turkey-stage-3-challengers-2-ro32,545,2021-07-22,12:00 AM
EMEA,28668,https://www.vlr.gg/28668/kastiralis-vs-cobrakai-champions-tour-turkey-stage-3-challengers-2-ro32,545,2021-07-22,12:00 AM
EMEA,28669,https://www.vlr.gg/28669/digital-athletics-vs-free-zone-champions-tour-turkey-stage-3-challengers-2-ro32,545,2021-07-22,12:00 AM
EMEA,28670,https://www.vlr.gg/28670/anatolia-esports-vs-overwatch-champions-tour-turkey-stage-3-challengers-2-ro32,545,2021-07-22,12:00 AM
EMEA,28671,https://www.vlr.gg/28671/gringo-team-vs-weda-esports-champions-tour-turkey-stage-3-challengers-2-ro32,545,2021-07-22,12:00 AM
EMEA,28672,https://www.vlr.gg/28672/nonamers-vs-fbi-espors-champions-tour-turkey-stage-3-challengers-2-ro32,545,2021-07-22,12:00 AM
EMEA,28673,https://www.vlr.gg/28673/xflow-esports-vs-foxngame-esports-champions-tour-turkey-stage-3-challengers-2-ro32,545,2021-07-22,12:00 AM
EMEA,28674,https://www.vlr.gg/28674/besiktas-esports-vs-kebabmasterz-champions-tour-turkey-stage-3-challengers-2-ro32,545,2021-07-22,12:00 AM
EMEA,28675,https://www.vlr.gg/28675/altin-kariyer-esports-vs-karat-istanbul-champions-tour-turkey-stage-3-challengers-2-ro32,545,2021-07-22,12:00 AM
EMEA,28676,https://www.vlr.gg/28676/kafalar-esports-vs-saplak-champions-tour-turkey-stage-3-challengers-2-ro16,545,2021-07-22,10:00 PM
EMEA,28677,https://www.vlr.gg/28677/unknownpros-vs-unique-champions-tour-turkey-stage-3-challengers-2-ro16,545,2021-07-22,10:00 PM
EMEA,28678,https://www.vlr.gg/28678/imagine-age-vs-outrage-champions-tour-turkey-stage-3-challengers-2-ro16,545,2021-07-22,10:00 PM
EMEA,28679,https://www.vlr.gg/28679/surreal-esports-vs-sahangiller-esports-champions-tour-turkey-stage-3-challengers-2-ro16,545,2021-07-22,10:00 PM
EMEA,28680,https://www.vlr.gg/28680/kastiralis-vs-digital-athletics-champions-tour-turkey-stage-3-challengers-2-ro16,545,2021-07-22,10:00 PM
EMEA,28681,https://www.vlr.gg/28681/anatolia-esports-vs-gringo-team-champions-tour-turkey-stage-3-challengers-2-ro16,545,2021-07-22,10:00 PM
EMEA,28682,https://www.vlr.gg/28682/nonamers-vs-foxngame-esports-champions-tour-turkey-stage-3-challengers-2-ro16,545,2021-07-22,10:00 PM
EMEA,28683,https://www.vlr.gg/28683/besiktas-esports-vs-altin-kariyer-esports-champions-tour-turkey-stage-3-challengers-2-ro16,545,2021-07-22,10:00 PM
EMEA,28573,https://www.vlr.gg/28573/unity-esports-vs-kafalar-esports-champions-tour-turkey-stage-3-challengers-2-uro16,545,2021-07-23,12:00 AM
EMEA,28574,https://www.vlr.gg/28574/rare-esports-vs-unknownpros-champions-tour-turkey-stage-3-challengers-2-uro16,545,2021-07-23,12:00 AM
EMEA,28575,https://www.vlr.gg/28575/regnum-carya-esports-vs-outrage-champions-tour-turkey-stage-3-challengers-2-uro16,545,2021-07-23,12:00 AM
EMEA,28576,https://www.vlr.gg/28576/team-aurora-vs-surreal-esports-champions-tour-turkey-stage-3-challengers-2-uro16,545,2021-07-23,12:00 AM
EMEA,28577,https://www.vlr.gg/28577/galakticos-vs-digital-athletics-champions-tour-turkey-stage-3-challengers-2-uro16,545,2021-07-23,12:00 AM
EMEA,28578,https://www.vlr.gg/28578/stanbul-wildcats-vs-gringo-team-champions-tour-turkey-stage-3-challengers-2-uro16,545,2021-07-23,12:00 AM
EMEA,28579,https://www.vlr.gg/28579/thunderbolts-gaming-vs-foxngame-esports-champions-tour-turkey-stage-3-challengers-2-uro16,545,2021-07-23,12:00 AM
EMEA,28580,https://www.vlr.gg/28580/zero-zone-vs-besiktas-esports-champions-tour-turkey-stage-3-challengers-2-uro16,545,2021-07-23,12:00 AM
EMEA,28581,https://www.vlr.gg/28581/unity-esports-vs-rare-esports-champions-tour-turkey-stage-3-challengers-2-uqf,545,2021-07-23,10:00 PM
EMEA,28582,https://www.vlr.gg/28582/outrage-vs-team-aurora-champions-tour-turkey-stage-3-challengers-2-uqf,545,2021-07-23,10:00 PM
EMEA,28583,https://www.vlr.gg/28583/digital-athletics-vs-stanbul-wildcats-champions-tour-turkey-stage-3-challengers-2-uqf,545,2021-07-23,10:00 PM
EMEA,28584,https://www.vlr.gg/28584/thunderbolts-gaming-vs-besiktas-esports-champions-tour-turkey-stage-3-challengers-2-uqf,545,2021-07-23,10:00 PM
EMEA,28587,https://www.vlr.gg/28587/kafalar-esports-vs-unknownpros-champions-tour-turkey-stage-3-challengers-2-lr1,545,2021-07-23,10:00 PM
EMEA,28588,https://www.vlr.gg/28588/regnum-carya-esports-vs-surreal-esports-champions-tour-turkey-stage-3-challengers-2-lr1,545,2021-07-23,10:00 PM
EMEA,28589,https://www.vlr.gg/28589/galakticos-vs-gringo-team-champions-tour-turkey-stage-3-challengers-2-lr1,545,2021-07-23,10:00 PM
EMEA,28590,https://www.vlr.gg/28590/foxngame-esports-vs-zero-zone-champions-tour-turkey-stage-3-challengers-2-lr1,545,2021-07-23,10:00 PM
EMEA,28585,https://www.vlr.gg/28585/rare-esports-vs-team-aurora-champions-tour-turkey-stage-3-challengers-2-usf,545,2021-07-24,12:00 AM
EMEA,28592,https://www.vlr.gg/28592/stanbul-wildcats-vs-surreal-esports-champions-tour-turkey-stage-3-challengers-2-lr2,545,2021-07-24,12:00 AM
EMEA,28593,https://www.vlr.gg/28593/outrage-vs-galakticos-champions-tour-turkey-stage-3-challengers-2-lr2,545,2021-07-24,12:00 AM
EMEA,28594,https://www.vlr.gg/28594/unity-esports-vs-zero-zone-champions-tour-turkey-stage-3-challengers-2-lr2,545,2021-07-24,12:00 AM
EMEA,28586,https://www.vlr.gg/28586/digital-athletics-vs-besiktas-esports-champions-tour-turkey-stage-3-challengers-2-usf,545,2021-07-24,1:00 AM
EMEA,28591,https://www.vlr.gg/28591/thunderbolts-gaming-vs-kafalar-esports-champions-tour-turkey-stage-3-challengers-2-lr2,545,2021-07-24,1:00 AM
EMEA,28595,https://www.vlr.gg/28595/thunderbolts-gaming-vs-stanbul-wildcats-champions-tour-turkey-stage-3-challengers-2-lr3,545,2021-07-24,10:00 PM
EMEA,28596,https://www.vlr.gg/28596/outrage-vs-zero-zone-champions-tour-turkey-stage-3-challengers-2-lr3,545,2021-07-24,10:00 PM
EMEA,28597,https://www.vlr.gg/28597/team-aurora-vs-thunderbolts-gaming-champions-tour-turkey-stage-3-challengers-2-lr4,545,2021-07-25,1:30 AM
EMEA,28598,https://www.vlr.gg/28598/digital-athletics-vs-zero-zone-champions-tour-turkey-stage-3-challengers-2-lr4,545,2021-07-25,1:30 AM
EMEA,28920,https://www.vlr.gg/28920/bbl-esports-vs-besiktas-esports-champions-tour-turkey-stage-3-challengers-2-ubqf,545,2021-07-27,7:00 PM
EMEA,28921,https://www.vlr.gg/28921/fire-flux-esports-vs-digital-athletics-champions-tour-turkey-stage-3-challengers-2-ubqf,545,2021-07-27,7:00 PM
EMEA,28923,https://www.vlr.gg/28923/futbolist-vs-thunderbolts-gaming-champions-tour-turkey-stage-3-challengers-2-ubqf,545,2021-07-27,9:30 PM
EMEA,28922,https://www.vlr.gg/28922/otherside-vs-rare-esports-champions-tour-turkey-stage-3-challengers-2-ubqf,545,2021-07-27,10:45 PM
EMEA,28928,https://www.vlr.gg/28928/bbl-esports-vs-fire-flux-esports-champions-tour-turkey-stage-3-challengers-2-lr1,545,2021-07-28,12:00 AM
EMEA,28929,https://www.vlr.gg/28929/otherside-vs-futbolist-champions-tour-turkey-stage-3-challengers-2-lr1,545,2021-07-28,2:05 AM
EMEA,28924,https://www.vlr.gg/28924/besiktas-esports-vs-digital-athletics-champions-tour-turkey-stage-3-challengers-2-ubsf,545,2021-07-28,10:00 PM
EMEA,28925,https://www.vlr.gg/28925/rare-esports-vs-thunderbolts-gaming-champions-tour-turkey-stage-3-challengers-2-ubsf,545,2021-07-28,10:00 PM
EMEA,28930,https://www.vlr.gg/28930/rare-esports-vs-fire-flux-esports-champions-tour-turkey-stage-3-challengers-2-lr2,545,2021-07-29,1:45 AM
EMEA,28931,https://www.vlr.gg/28931/besiktas-esports-vs-futbolist-champions-tour-turkey-stage-3-challengers-2-lr2,545,2021-07-29,1:50 AM
EMEA,28926,https://www.vlr.gg/28926/digital-athletics-vs-thunderbolts-gaming-champions-tour-turkey-stage-3-challengers-2-ubf,545,2021-07-29,10:00 PM
EMEA,28932,https://www.vlr.gg/28932/fire-flux-esports-vs-besiktas-esports-champions-tour-turkey-stage-3-challengers-2-lr3,545,2021-07-30,12:35 AM
EMEA,28933,https://www.vlr.gg/28933/thunderbolts-gaming-vs-fire-flux-esports-champions-tour-turkey-stage-3-challengers-2-lbf,545,2021-07-30,10:00 PM
EMEA,28927,https://www.vlr.gg/28927/digital-athletics-vs-fire-flux-esports-champions-tour-turkey-stage-3-challengers-2-gf,545,2021-07-31,10:00 PM
EMEA,28399,https://www.vlr.gg/28399/ksenox-vs-botsvlr-champions-tour-cis-stage-3-challengers-2-ro64,546,2021-07-21,12:00 AM
EMEA,28400,https://www.vlr.gg/28400/qlf-clan-vs-almas-muertas-champions-tour-cis-stage-3-challengers-2-ro64,546,2021-07-21,12:00 AM
EMEA,28401,https://www.vlr.gg/28401/letssleep-vs-hollywood-champions-tour-cis-stage-3-challengers-2-ro64,546,2021-07-21,12:00 AM
EMEA,28402,https://www.vlr.gg/28402/50fragov-vs-ninja-esport-champions-tour-cis-stage-3-challengers-2-ro64,546,2021-07-21,12:00 AM
EMEA,28403,https://www.vlr.gg/28403/368-vs-elso-champions-tour-cis-stage-3-challengers-2-ro64,546,2021-07-21,12:00 AM
EMEA,28404,https://www.vlr.gg/28404/bratiki94-vs-komand04ka-champions-tour-cis-stage-3-challengers-2-ro64,546,2021-07-21,12:00 AM
EMEA,28405,https://www.vlr.gg/28405/wlfc-vs-deathwish-champions-tour-cis-stage-3-challengers-2-ro64,546,2021-07-21,12:00 AM
EMEA,28406,https://www.vlr.gg/28406/chamomile-esports-camp-vs-at0m-gaming-champions-tour-cis-stage-3-challengers-2-ro64,546,2021-07-21,12:00 AM
EMEA,28407,https://www.vlr.gg/28407/exile-esports-vs-anyway-champions-tour-cis-stage-3-challengers-2-ro64,546,2021-07-21,12:00 AM
EMEA,28408,https://www.vlr.gg/28408/sevenup-vs-nochance-champions-tour-cis-stage-3-challengers-2-ro64,546,2021-07-21,12:00 AM
EMEA,28410,https://www.vlr.gg/28410/human-zeal-vs-noavocado-champions-tour-cis-stage-3-challengers-2-ro64,546,2021-07-21,12:00 AM
EMEA,28411,https://www.vlr.gg/28411/deja-vu-vs-prosti-esli-champions-tour-cis-stage-3-challengers-2-ro64,546,2021-07-21,12:00 AM
EMEA,28412,https://www.vlr.gg/28412/nofear5-vs-maybegokill-champions-tour-cis-stage-3-challengers-2-ro64,546,2021-07-21,12:00 AM
EMEA,28413,https://www.vlr.gg/28413/black-flower-vs-formula-1-champions-tour-cis-stage-3-challengers-2-ro64,546,2021-07-21,12:00 AM
EMEA,28414,https://www.vlr.gg/28414/leteam-vs-nubo-champions-tour-cis-stage-3-challengers-2-ro64,546,2021-07-21,12:00 AM
EMEA,28415,https://www.vlr.gg/28415/aspire-vs-fireland-champions-tour-cis-stage-3-challengers-2-ro64,546,2021-07-21,12:00 AM
EMEA,28416,https://www.vlr.gg/28416/bruhbus-vs-champions-tour-cis-stage-3-challengers-2-ro64,546,2021-07-21,12:00 AM
EMEA,28417,https://www.vlr.gg/28417/tdcc-vs-trying-to-win-champions-tour-cis-stage-3-challengers-2-ro64,546,2021-07-21,12:00 AM
EMEA,28418,https://www.vlr.gg/28418/morioh-cho-vs-moscow-five-jr-champions-tour-cis-stage-3-challengers-2-ro64,546,2021-07-21,12:00 AM
EMEA,28419,https://www.vlr.gg/28419/ztitans-vs-crypto-esports-champions-tour-cis-stage-3-challengers-2-ro64,546,2021-07-21,12:00 AM
EMEA,28420,https://www.vlr.gg/28420/crazy-vs-sq-champions-tour-cis-stage-3-challengers-2-ro64,546,2021-07-21,12:00 AM
EMEA,28422,https://www.vlr.gg/28422/bezbudushego-vs-plus7-champions-tour-cis-stage-3-challengers-2-ro64,546,2021-07-21,12:00 AM
EMEA,28423,https://www.vlr.gg/28423/ez-katka-vs-fast-taxi-champions-tour-cis-stage-3-challengers-2-ro64,546,2021-07-21,12:00 AM
EMEA,28424,https://www.vlr.gg/28424/nice-one-nice-shoot-vs-poison-champions-tour-cis-stage-3-challengers-2-ro64,546,2021-07-21,12:00 AM
EMEA,28425,https://www.vlr.gg/28425/archigokill-vs-molodejka-champions-tour-cis-stage-3-challengers-2-ro64,546,2021-07-21,12:00 AM
EMEA,28426,https://www.vlr.gg/28426/4sv-ovoshi-vs-wedontneedmana-champions-tour-cis-stage-3-challengers-2-ro64,546,2021-07-21,12:00 AM
EMEA,28427,https://www.vlr.gg/28427/nomads-vs-feelmyhack-champions-tour-cis-stage-3-challengers-2-ro64,546,2021-07-21,12:00 AM
EMEA,28428,https://www.vlr.gg/28428/biblethump-vs-princeski-champions-tour-cis-stage-3-challengers-2-ro64,546,2021-07-21,12:00 AM
EMEA,28430,https://www.vlr.gg/28430/01234-vs-sluper-champions-tour-cis-stage-3-challengers-2-ro64,546,2021-07-21,12:00 AM
EMEA,28624,https://www.vlr.gg/28624/try-to-hard-vs-buyheart-champions-tour-cis-stage-3-challengers-2-ro64,546,2021-07-21,12:00 AM
EMEA,28699,https://www.vlr.gg/28699/indigo-children-vs-saves-esports-champions-tour-cis-stage-3-challengers-2-ro64,546,2021-07-21,12:00 AM
EMEA,28431,https://www.vlr.gg/28431/ksenox-vs-qlf-clan-champions-tour-cis-stage-3-challengers-2-ro32,546,2021-07-21,10:00 PM
EMEA,28432,https://www.vlr.gg/28432/hollywood-vs-50fragov-champions-tour-cis-stage-3-challengers-2-ro32,546,2021-07-21,10:00 PM
EMEA,28433,https://www.vlr.gg/28433/368-vs-komand04ka-champions-tour-cis-stage-3-challengers-2-ro32,546,2021-07-21,10:00 PM
EMEA,28434,https://www.vlr.gg/28434/deathwish-vs-chamomile-esports-camp-champions-tour-cis-stage-3-challengers-2-ro32,546,2021-07-21,10:00 PM
EMEA,28435,https://www.vlr.gg/28435/anyway-vs-sevenup-champions-tour-cis-stage-3-challengers-2-ro32,546,2021-07-21,10:00 PM
EMEA,28436,https://www.vlr.gg/28436/buyheart-vs-noavocado-champions-tour-cis-stage-3-challengers-2-ro32,546,2021-07-21,10:00 PM
EMEA,28437,https://www.vlr.gg/28437/deja-vu-vs-maybegokill-champions-tour-cis-stage-3-challengers-2-ro32,546,2021-07-21,10:00 PM
EMEA,28438,https://www.vlr.gg/28438/formula-1-vs-nubo-champions-tour-cis-stage-3-challengers-2-ro32,546,2021-07-21,10:00 PM
EMEA,28439,https://www.vlr.gg/28439/aspire-vs-champions-tour-cis-stage-3-challengers-2-ro32,546,2021-07-21,10:00 PM
EMEA,28440,https://www.vlr.gg/28440/trying-to-win-vs-moscow-five-jr-champions-tour-cis-stage-3-challengers-2-ro32,546,2021-07-21,10:00 PM
EMEA,28441,https://www.vlr.gg/28441/crypto-esports-vs-sq-champions-tour-cis-stage-3-challengers-2-ro32,546,2021-07-21,10:00 PM
EMEA,28442,https://www.vlr.gg/28442/bigmakcombo-vs-bezbudushego-champions-tour-cis-stage-3-challengers-2-ro32,546,2021-07-21,10:00 PM
EMEA,28443,https://www.vlr.gg/28443/ez-katka-vs-poison-champions-tour-cis-stage-3-challengers-2-ro32,546,2021-07-21,10:00 PM
EMEA,28444,https://www.vlr.gg/28444/archigokill-vs-4sv-ovoshi-champions-tour-cis-stage-3-challengers-2-ro32,546,2021-07-21,10:00 PM
EMEA,28445,https://www.vlr.gg/28445/feelmyhack-vs-biblethump-champions-tour-cis-stage-3-challengers-2-ro32,546,2021-07-21,10:00 PM
EMEA,28446,https://www.vlr.gg/28446/saves-esports-vs-01234-champions-tour-cis-stage-3-challengers-2-ro32,546,2021-07-21,10:00 PM
EMEA,28447,https://www.vlr.gg/28447/ksenox-vs-hollywood-champions-tour-cis-stage-3-challengers-2-ro16,546,2021-07-22,12:00 AM
EMEA,28448,https://www.vlr.gg/28448/komand04ka-vs-deathwish-champions-tour-cis-stage-3-challengers-2-ro16,546,2021-07-22,12:00 AM
EMEA,28449,https://www.vlr.gg/28449/anyway-vs-noavocado-champions-tour-cis-stage-3-challengers-2-ro16,546,2021-07-22,12:00 AM
EMEA,28450,https://www.vlr.gg/28450/deja-vu-vs-formula-1-champions-tour-cis-stage-3-challengers-2-ro16,546,2021-07-22,12:00 AM
EMEA,28451,https://www.vlr.gg/28451/aspire-vs-moscow-five-jr-champions-tour-cis-stage-3-challengers-2-ro16,546,2021-07-22,12:00 AM
EMEA,28452,https://www.vlr.gg/28452/crypto-esports-vs-bigmakcombo-champions-tour-cis-stage-3-challengers-2-ro16,546,2021-07-22,12:00 AM
EMEA,28453,https://www.vlr.gg/28453/ez-katka-vs-archigokill-champions-tour-cis-stage-3-challengers-2-ro16,546,2021-07-22,12:00 AM
EMEA,28454,https://www.vlr.gg/28454/feelmyhack-vs-saves-esports-champions-tour-cis-stage-3-challengers-2-ro16,546,2021-07-22,12:00 AM
EMEA,28455,https://www.vlr.gg/28455/smaracis-esports-vs-ksenox-champions-tour-cis-stage-3-challengers-2-uro16,546,2021-07-22,10:00 PM
EMEA,28456,https://www.vlr.gg/28456/vengeance-vs-deathwish-champions-tour-cis-stage-3-challengers-2-uro16,546,2021-07-22,10:00 PM
EMEA,28457,https://www.vlr.gg/28457/ag-vs-anyway-champions-tour-cis-stage-3-challengers-2-uro16,546,2021-07-22,10:00 PM
EMEA,28458,https://www.vlr.gg/28458/tyeasy-vs-deja-vu-champions-tour-cis-stage-3-challengers-2-uro16,546,2021-07-22,10:00 PM
EMEA,28459,https://www.vlr.gg/28459/1280x960-vs-aspire-champions-tour-cis-stage-3-challengers-2-uro16,546,2021-07-22,10:00 PM
EMEA,28460,https://www.vlr.gg/28460/aim-attack-vs-crypto-esports-champions-tour-cis-stage-3-challengers-2-uro16,546,2021-07-22,10:00 PM
EMEA,28461,https://www.vlr.gg/28461/divinity-vs-archigokill-champions-tour-cis-stage-3-challengers-2-uro16,546,2021-07-22,10:00 PM
EMEA,28462,https://www.vlr.gg/28462/gmt-esports-vs-saves-esports-champions-tour-cis-stage-3-challengers-2-uro16,546,2021-07-22,10:00 PM
EMEA,28465,https://www.vlr.gg/28465/1280x960-vs-crypto-esports-champions-tour-cis-stage-3-challengers-2-uqf,546,2021-07-23,12:00 AM
EMEA,28471,https://www.vlr.gg/28471/aspire-vs-aim-attack-champions-tour-cis-stage-3-challengers-2-lr1,546,2021-07-23,12:00 AM
EMEA,28472,https://www.vlr.gg/28472/divinity-vs-saves-esports-champions-tour-cis-stage-3-challengers-2-lr1,546,2021-07-23,12:00 AM
EMEA,28463,https://www.vlr.gg/28463/smaracis-esports-vs-deathwish-champions-tour-cis-stage-3-challengers-2-uqf,546,2021-07-23,12:30 AM
EMEA,28466,https://www.vlr.gg/28466/archigokill-vs-gmt-esports-champions-tour-cis-stage-3-challengers-2-uqf,546,2021-07-23,12:30 AM
EMEA,28469,https://www.vlr.gg/28469/ksenox-vs-vengeance-champions-tour-cis-stage-3-challengers-2-lr1,546,2021-07-23,12:30 AM
EMEA,28470,https://www.vlr.gg/28470/ag-vs-deja-vu-champions-tour-cis-stage-3-challengers-2-lr1,546,2021-07-23,12:30 AM
EMEA,28464,https://www.vlr.gg/28464/anyway-vs-tyeasy-champions-tour-cis-stage-3-challengers-2-uqf,546,2021-07-23,12:45 AM
EMEA,28467,https://www.vlr.gg/28467/smaracis-esports-vs-tyeasy-champions-tour-cis-stage-3-challengers-2-usf,546,2021-07-23,10:00 PM
EMEA,28468,https://www.vlr.gg/28468/crypto-esports-vs-gmt-esports-champions-tour-cis-stage-3-challengers-2-usf,546,2021-07-23,10:00 PM
EMEA,28473,https://www.vlr.gg/28473/archigokill-vs-ksenox-champions-tour-cis-stage-3-challengers-2-lr2,546,2021-07-23,10:00 PM
EMEA,28474,https://www.vlr.gg/28474/1280x960-vs-ag-champions-tour-cis-stage-3-challengers-2-lr2,546,2021-07-23,10:00 PM
EMEA,28475,https://www.vlr.gg/28475/anyway-vs-aim-attack-champions-tour-cis-stage-3-challengers-2-lr2,546,2021-07-23,10:00 PM
EMEA,28476,https://www.vlr.gg/28476/deathwish-vs-divinity-champions-tour-cis-stage-3-challengers-2-lr2,546,2021-07-23,10:00 PM
EMEA,28477,https://www.vlr.gg/28477/archigokill-vs-ag-champions-tour-cis-stage-3-challengers-2-lr3,546,2021-07-24,12:00 AM
EMEA,28478,https://www.vlr.gg/28478/anyway-vs-deathwish-champions-tour-cis-stage-3-challengers-2-lr3,546,2021-07-24,1:05 AM
EMEA,28479,https://www.vlr.gg/28479/smaracis-esports-vs-ag-champions-tour-cis-stage-3-challengers-2-lr4,546,2021-07-24,10:00 PM
EMEA,28480,https://www.vlr.gg/28480/crypto-esports-vs-deathwish-champions-tour-cis-stage-3-challengers-2-lr4,546,2021-07-25,12:30 AM
EMEA,28935,https://www.vlr.gg/28935/team-singularity-vs-tyeasy-champions-tour-cis-stage-3-challengers-2-ubqf,546,2021-07-27,7:00 PM
EMEA,28936,https://www.vlr.gg/28936/one-breath-gaming-vs-crypto-esports-champions-tour-cis-stage-3-challengers-2-ubqf,546,2021-07-27,7:00 PM
EMEA,28938,https://www.vlr.gg/28938/forze-vs-ag-champions-tour-cis-stage-3-challengers-2-ubqf,546,2021-07-27,9:05 PM
EMEA,28937,https://www.vlr.gg/28937/axsor-vs-gmt-esports-champions-tour-cis-stage-3-challengers-2-ubqf,546,2021-07-27,9:50 PM
EMEA,28943,https://www.vlr.gg/28943/tyeasy-vs-crypto-esports-champions-tour-cis-stage-3-challengers-2-lr1,546,2021-07-27,11:00 PM
EMEA,28944,https://www.vlr.gg/28944/gmt-esports-vs-ag-champions-tour-cis-stage-3-challengers-2-lr1,546,2021-07-28,12:30 AM
EMEA,28939,https://www.vlr.gg/28939/team-singularity-vs-one-breath-gaming-champions-tour-cis-stage-3-challengers-2-ubsf,546,2021-07-28,10:00 PM
EMEA,28940,https://www.vlr.gg/28940/axsor-vs-forze-champions-tour-cis-stage-3-challengers-2-ubsf,546,2021-07-28,10:00 PM
EMEA,28946,https://www.vlr.gg/28946/one-breath-gaming-vs-ag-champions-tour-cis-stage-3-challengers-2-lr2,546,2021-07-28,11:50 PM
EMEA,28945,https://www.vlr.gg/28945/axsor-vs-tyeasy-champions-tour-cis-stage-3-challengers-2-lr2,546,2021-07-29,12:00 AM
EMEA,28941,https://www.vlr.gg/28941/team-singularity-vs-forze-champions-tour-cis-stage-3-challengers-2-ubf,546,2021-07-29,10:00 PM
EMEA,28947,https://www.vlr.gg/28947/axsor-vs-one-breath-gaming-champions-tour-cis-stage-3-challengers-2-lr3,546,2021-07-30,1:00 AM
EMEA,28948,https://www.vlr.gg/28948/team-singularity-vs-one-breath-gaming-champions-tour-cis-stage-3-challengers-2-lbf,546,2021-07-30,10:00 PM
EMEA,28942,https://www.vlr.gg/28942/forze-vs-one-breath-gaming-champions-tour-cis-stage-3-challengers-2-gf,546,2021-07-31,10:00 PM
EMEA,23644,https://www.vlr.gg/23644/team-heretics-vs-team-bachara-champions-tour-europe-stage-3-challengers-1-ro256,541,2021-06-29,12:00 AM
EMEA,23645,https://www.vlr.gg/23645/mtp-esport-vs-bifrost-champions-tour-europe-stage-3-challengers-1-ro256,541,2021-06-29,12:00 AM
EMEA,23646,https://www.vlr.gg/23646/bk-rog-esports-vs-team-miners-champions-tour-europe-stage-3-challengers-1-ro256,541,2021-06-29,12:00 AM
EMEA,23647,https://www.vlr.gg/23647/team-collusion-vs-xiron-gamers-champions-tour-europe-stage-3-challengers-1-ro256,541,2021-06-29,12:00 AM
EMEA,23648,https://www.vlr.gg/23648/meat-feast-gang-vs-daddyandco-champions-tour-europe-stage-3-challengers-1-ro256,541,2021-06-29,12:00 AM
EMEA,23649,https://www.vlr.gg/23649/vacuumers-vs-immortal-rogues-champions-tour-europe-stage-3-challengers-1-ro256,541,2021-06-29,12:00 AM
EMEA,23650,https://www.vlr.gg/23650/msr-esport-vs-wlgaming-esports-champions-tour-europe-stage-3-challengers-1-ro256,541,2021-06-29,12:00 AM
EMEA,23651,https://www.vlr.gg/23651/voltex-vs-kupalboys-champions-tour-europe-stage-3-challengers-1-ro256,541,2021-06-29,12:00 AM
EMEA,23652,https://www.vlr.gg/23652/megastitut-vs-icewolves-esports-champions-tour-europe-stage-3-challengers-1-ro256,541,2021-06-29,12:00 AM
EMEA,23653,https://www.vlr.gg/23653/digital-ninjas-vs-fratres-champions-tour-europe-stage-3-challengers-1-ro256,541,2021-06-29,12:00 AM
EMEA,23654,https://www.vlr.gg/23654/bonsoir-vs-striking-vipers-champions-tour-europe-stage-3-challengers-1-ro256,541,2021-06-29,12:00 AM
EMEA,23655,https://www.vlr.gg/23655/budget-aimers-vs-hasbullahpeek-champions-tour-europe-stage-3-challengers-1-ro256,541,2021-06-29,12:00 AM
EMEA,23656,https://www.vlr.gg/23656/team-sampi-vs-dfiance-champions-tour-europe-stage-3-challengers-1-ro256,541,2021-06-29,12:00 AM
EMEA,23657,https://www.vlr.gg/23657/vertical-seven-esports-vs-underdogz-champions-tour-europe-stage-3-challengers-1-ro256,541,2021-06-29,12:00 AM
EMEA,23658,https://www.vlr.gg/23658/vamos-vs-the-stinking-geese-champions-tour-europe-stage-3-challengers-1-ro256,541,2021-06-29,12:00 AM
EMEA,23659,https://www.vlr.gg/23659/exalty-vs-atravs-champions-tour-europe-stage-3-challengers-1-ro256,541,2021-06-29,12:00 AM
EMEA,23660,https://www.vlr.gg/23660/wave-esports-vs-monkey-stars-champions-tour-europe-stage-3-challengers-1-ro256,541,2021-06-29,12:00 AM
EMEA,23661,https://www.vlr.gg/23661/grn-esports-vs-playing-aliens-champions-tour-europe-stage-3-challengers-1-ro256,541,2021-06-29,12:00 AM
EMEA,23662,https://www.vlr.gg/23662/ukulele-vs-superior-champions-tour-europe-stage-3-challengers-1-ro256,541,2021-06-29,12:00 AM
EMEA,23663,https://www.vlr.gg/23663/pulsar-esport-vs-doublecross-esports-champions-tour-europe-stage-3-challengers-1-ro256,541,2021-06-29,12:00 AM
EMEA,23664,https://www.vlr.gg/23664/staga-vs-gr1nd-champions-tour-europe-stage-3-challengers-1-ro256,541,2021-06-29,12:00 AM
EMEA,23665,https://www.vlr.gg/23665/endavant-vs-exen-esports-champions-tour-europe-stage-3-challengers-1-ro256,541,2021-06-29,12:00 AM
EMEA,23666,https://www.vlr.gg/23666/cgn-esports-vs-shush-champions-tour-europe-stage-3-challengers-1-ro256,541,2021-06-29,12:00 AM
EMEA,23667,https://www.vlr.gg/23667/ents-vs-ooliganz-champions-tour-europe-stage-3-challengers-1-ro256,541,2021-06-29,12:00 AM
EMEA,23668,https://www.vlr.gg/23668/lasagna-beam-vs-team-czapka-champions-tour-europe-stage-3-challengers-1-ro256,541,2021-06-29,12:00 AM
EMEA,23669,https://www.vlr.gg/23669/serenity-e-sport-vs-5-baguettes-champions-tour-europe-stage-3-challengers-1-ro256,541,2021-06-29,12:00 AM
EMEA,23670,https://www.vlr.gg/23670/catjam-vs-average-joes-champions-tour-europe-stage-3-challengers-1-ro256,541,2021-06-29,12:00 AM
EMEA,23671,https://www.vlr.gg/23671/underdogs-gaming-vs-bea-esport-champions-tour-europe-stage-3-challengers-1-ro256,541,2021-06-29,12:00 AM
EMEA,23673,https://www.vlr.gg/23673/jammers-vs-fpalix-champions-tour-europe-stage-3-challengers-1-ro256,541,2021-06-29,12:00 AM
EMEA,23674,https://www.vlr.gg/23674/flashdash-vs-wicked-champions-tour-europe-stage-3-challengers-1-ro256,541,2021-06-29,12:00 AM
EMEA,23675,https://www.vlr.gg/23675/shifterpro-vs-koudkouto-champions-tour-europe-stage-3-challengers-1-ro256,541,2021-06-29,12:00 AM
EMEA,23676,https://www.vlr.gg/23676/giants-gaming-vs-godalions-champions-tour-europe-stage-3-challengers-1-ro256,541,2021-06-29,12:00 AM
EMEA,23677,https://www.vlr.gg/23677/nelesta-esport-vs-duck-gaming-champions-tour-europe-stage-3-challengers-1-ro256,541,2021-06-29,12:00 AM
EMEA,23678,https://www.vlr.gg/23678/notbuiltdif-vs-monkes-champions-tour-europe-stage-3-challengers-1-ro256,541,2021-06-29,12:00 AM
EMEA,23679,https://www.vlr.gg/23679/failen9-vs-totally-spies-champions-tour-europe-stage-3-challengers-1-ro256,541,2021-06-29,12:00 AM
EMEA,23680,https://www.vlr.gg/23680/deftfox-vs-bref-champions-tour-europe-stage-3-challengers-1-ro256,541,2021-06-29,12:00 AM
EMEA,23681,https://www.vlr.gg/23681/esports-empire-vs-wakawaka-champions-tour-europe-stage-3-challengers-1-ro256,541,2021-06-29,12:00 AM
EMEA,23682,https://www.vlr.gg/23682/baecon-gg-vs-bb-kaverit-champions-tour-europe-stage-3-challengers-1-ro256,541,2021-06-29,12:00 AM
EMEA,23683,https://www.vlr.gg/23683/ingenuity-vs-yazda-champions-tour-europe-stage-3-challengers-1-ro256,541,2021-06-29,12:00 AM
EMEA,23684,https://www.vlr.gg/23684/rix-gg-thunder-vs-driveby-champions-tour-europe-stage-3-challengers-1-ro256,541,2021-06-29,12:00 AM
EMEA,23685,https://www.vlr.gg/23685/angry-titans-vs-new-legends-gaming-champions-tour-europe-stage-3-challengers-1-ro256,541,2021-06-29,12:00 AM
EMEA,23686,https://www.vlr.gg/23686/0starz-vs-dathitans-champions-tour-europe-stage-3-challengers-1-ro256,541,2021-06-29,12:00 AM
EMEA,23687,https://www.vlr.gg/23687/souldazz-vs-team-otter-champions-tour-europe-stage-3-challengers-1-ro256,541,2021-06-29,12:00 AM
EMEA,23688,https://www.vlr.gg/23688/area-vs-oro-esports-champions-tour-europe-stage-3-challengers-1-ro256,541,2021-06-29,12:00 AM
EMEA,23689,https://www.vlr.gg/23689/mix2ploucs-vs-ehehxd-champions-tour-europe-stage-3-challengers-1-ro256,541,2021-06-29,12:00 AM
EMEA,23690,https://www.vlr.gg/23690/speds-vs-lucky-boys-champions-tour-europe-stage-3-challengers-1-ro256,541,2021-06-29,12:00 AM
EMEA,23691,https://www.vlr.gg/23691/404-multigaming-vs-sabre-champions-tour-europe-stage-3-challengers-1-ro256,541,2021-06-29,12:00 AM
EMEA,23692,https://www.vlr.gg/23692/heet-vs-kolossus-academy-champions-tour-europe-stage-3-challengers-1-ro256,541,2021-06-29,12:00 AM
EMEA,23693,https://www.vlr.gg/23693/esuba-vs-team-deira-champions-tour-europe-stage-3-challengers-1-ro256,541,2021-06-29,12:00 AM
EMEA,23694,https://www.vlr.gg/23694/the-future-vs-head-hunters-champions-tour-europe-stage-3-challengers-1-ro256,541,2021-06-29,12:00 AM
EMEA,23695,https://www.vlr.gg/23695/les-zinzins-de-lespace-vs-ubiteam-champions-tour-europe-stage-3-challengers-1-ro256,541,2021-06-29,12:00 AM
EMEA,23696,https://www.vlr.gg/23696/m4lik-vs-cock-esports-champions-tour-europe-stage-3-challengers-1-ro256,541,2021-06-29,12:00 AM
EMEA,23697,https://www.vlr.gg/23697/native-2-empire-vs-full-flashed-champions-tour-europe-stage-3-challengers-1-ro256,541,2021-06-29,12:00 AM
EMEA,23698,https://www.vlr.gg/23698/nowytowiec-vs-unjobbed-champions-tour-europe-stage-3-challengers-1-ro256,541,2021-06-29,12:00 AM
EMEA,23699,https://www.vlr.gg/23699/angry-pigeons-vs-shield-esport-champions-tour-europe-stage-3-challengers-1-ro256,541,2021-06-29,12:00 AM
EMEA,23700,https://www.vlr.gg/23700/big-vs-ill-s-akad-mia-spirit-champions-tour-europe-stage-3-challengers-1-ro256,541,2021-06-29,12:00 AM
EMEA,23701,https://www.vlr.gg/23701/underdogs-vs-rizon-champions-tour-europe-stage-3-challengers-1-ro256,541,2021-06-29,12:00 AM
EMEA,23702,https://www.vlr.gg/23702/celestial-esports-vs-team-blink-champions-tour-europe-stage-3-challengers-1-ro256,541,2021-06-29,12:00 AM
EMEA,23703,https://www.vlr.gg/23703/judge-rush-vs-project-x-champions-tour-europe-stage-3-challengers-1-ro256,541,2021-06-29,12:00 AM
EMEA,23704,https://www.vlr.gg/23704/ftw-esports-vs-killjoy-gaming-champions-tour-europe-stage-3-challengers-1-ro256,541,2021-06-29,12:00 AM
EMEA,23705,https://www.vlr.gg/23705/the-paw-brothers-vs-pmm-e-sports-b-champions-tour-europe-stage-3-challengers-1-ro256,541,2021-06-29,12:00 AM
EMEA,23706,https://www.vlr.gg/23706/nopracc-vs-the-goose-house-lunar-champions-tour-europe-stage-3-challengers-1-ro256,541,2021-06-29,12:00 AM
EMEA,23707,https://www.vlr.gg/23707/ovation-esports-vs-secret-esports-champions-tour-europe-stage-3-challengers-1-ro256,541,2021-06-29,12:00 AM
EMEA,23708,https://www.vlr.gg/23708/alliance-vs-somalia-champions-tour-europe-stage-3-challengers-1-ro256,541,2021-06-29,12:00 AM
EMEA,23709,https://www.vlr.gg/23709/slayer-vs-amegakure-champions-tour-europe-stage-3-challengers-1-ro256,541,2021-06-29,12:00 AM
EMEA,23710,https://www.vlr.gg/23710/nexus-gaming-vs-kpi-gaming-champions-tour-europe-stage-3-challengers-1-ro256,541,2021-06-29,12:00 AM
EMEA,23711,https://www.vlr.gg/23711/leftovers-vs-scythe-of-seraph-champions-tour-europe-stage-3-challengers-1-ro256,541,2021-06-29,12:00 AM
EMEA,23712,https://www.vlr.gg/23712/yendez-vs-cunning-stunts-champions-tour-europe-stage-3-challengers-1-ro256,541,2021-06-29,12:00 AM
EMEA,23713,https://www.vlr.gg/23713/nofear-vs-washedfortniteboomers-champions-tour-europe-stage-3-challengers-1-ro256,541,2021-06-29,12:00 AM
EMEA,23714,https://www.vlr.gg/23714/kings-gambit-vs-reject-champions-tour-europe-stage-3-challengers-1-ro256,541,2021-06-29,12:00 AM
EMEA,23715,https://www.vlr.gg/23715/blxst-vs-mode-champions-tour-europe-stage-3-challengers-1-ro256,541,2021-06-29,12:00 AM
EMEA,23716,https://www.vlr.gg/23716/19esports-vs-storm7-champions-tour-europe-stage-3-challengers-1-ro256,541,2021-06-29,12:00 AM
EMEA,23717,https://www.vlr.gg/23717/headshotbywig-vs-surrealplay-champions-tour-europe-stage-3-challengers-1-ro256,541,2021-06-29,12:00 AM
EMEA,23718,https://www.vlr.gg/23718/dark-tigers-vs-team-easy-on-champions-tour-europe-stage-3-challengers-1-ro256,541,2021-06-29,12:00 AM
EMEA,23719,https://www.vlr.gg/23719/prestigious-women-vs-egn-esports-champions-tour-europe-stage-3-challengers-1-ro256,541,2021-06-29,12:00 AM
EMEA,23720,https://www.vlr.gg/23720/movistar-riders-vs-couchless-champions-tour-europe-stage-3-challengers-1-ro256,541,2021-06-29,12:00 AM
EMEA,23721,https://www.vlr.gg/23721/mallunred-vs-victorem-champions-tour-europe-stage-3-challengers-1-ro256,541,2021-06-29,12:00 AM
EMEA,23722,https://www.vlr.gg/23722/b-k-scsabai-e-sport-egyes-let-vs-rapture-esports-champions-tour-europe-stage-3-challengers-1-ro2,541,2021-06-29,12:00 AM
EMEA,23723,https://www.vlr.gg/23723/follow-my-drone-vs-dmata-champions-tour-europe-stage-3-challengers-1-ro256,541,2021-06-29,12:00 AM
EMEA,23724,https://www.vlr.gg/23724/illuminar-gaming-vs-rhyno-esports-champions-tour-europe-stage-3-challengers-1-ro256,541,2021-06-29,12:00 AM
EMEA,23725,https://www.vlr.gg/23725/bibi-gucci-vs-team-galaga-champions-tour-europe-stage-3-challengers-1-ro256,541,2021-06-29,12:00 AM
EMEA,23726,https://www.vlr.gg/23726/origins-vs-luulot-pois-champions-tour-europe-stage-3-challengers-1-ro256,541,2021-06-29,12:00 AM
EMEA,23727,https://www.vlr.gg/23727/decend-vs-cant-be-touched-champions-tour-europe-stage-3-challengers-1-ro256,541,2021-06-29,12:00 AM
EMEA,23728,https://www.vlr.gg/23728/ipon-team-horizon-reapers-vs-grandspirit-champions-tour-europe-stage-3-challengers-1-ro256,541,2021-06-29,12:00 AM
EMEA,23729,https://www.vlr.gg/23729/thelastbullet-vs-fleer-champions-tour-europe-stage-3-challengers-1-ro256,541,2021-06-29,12:00 AM
EMEA,23730,https://www.vlr.gg/23730/r-civarkaat-vs-team-name-champions-tour-europe-stage-3-challengers-1-ro256,541,2021-06-29,12:00 AM
EMEA,23731,https://www.vlr.gg/23731/crispy-mcvandal-vs-aim-botz-champions-tour-europe-stage-3-challengers-1-ro256,541,2021-06-29,12:00 AM
EMEA,23732,https://www.vlr.gg/23732/team-finest-vs-winfinity-champions-tour-europe-stage-3-challengers-1-ro256,541,2021-06-29,12:00 AM
EMEA,23733,https://www.vlr.gg/23733/big-win-vs-john-howard-champions-tour-europe-stage-3-challengers-1-ro256,541,2021-06-29,12:00 AM
EMEA,23734,https://www.vlr.gg/23734/toxic-g0ds-vs-pact-champions-tour-europe-stage-3-challengers-1-ro256,541,2021-06-29,12:00 AM
EMEA,23735,https://www.vlr.gg/23735/machine-soldiers-vs-last-chance-champions-tour-europe-stage-3-challengers-1-ro256,541,2021-06-29,12:00 AM
EMEA,23736,https://www.vlr.gg/23736/og-vs-spanish-mix-champions-tour-europe-stage-3-challengers-1-ro256,541,2021-06-29,12:00 AM
EMEA,23737,https://www.vlr.gg/23737/joint2world-vs-vieux-touristes-champions-tour-europe-stage-3-challengers-1-ro256,541,2021-06-29,12:00 AM
EMEA,23738,https://www.vlr.gg/23738/15-kings-vs-nebulaa-champions-tour-europe-stage-3-challengers-1-ro256,541,2021-06-29,12:00 AM
EMEA,23739,https://www.vlr.gg/23739/dgen-vs-the-nyans-champions-tour-europe-stage-3-challengers-1-ro256,541,2021-06-29,12:00 AM
EMEA,23740,https://www.vlr.gg/23740/g2-esports-vs-la-menace-fant-me-champions-tour-europe-stage-3-challengers-1-ro256,541,2021-06-29,12:00 AM
EMEA,23741,https://www.vlr.gg/23741/grow-up-esports-vs-csa-sports-champions-tour-europe-stage-3-challengers-1-ro256,541,2021-06-29,12:00 AM
EMEA,23742,https://www.vlr.gg/23742/nth-gaming-vs-team-queso-champions-tour-europe-stage-3-challengers-1-ro256,541,2021-06-29,12:00 AM
EMEA,23743,https://www.vlr.gg/23743/sea-of-valorant-vs-nopoaching-champions-tour-europe-stage-3-challengers-1-ro256,541,2021-06-29,12:00 AM
EMEA,23744,https://www.vlr.gg/23744/excel-vs-skelp-esports-champions-tour-europe-stage-3-challengers-1-ro256,541,2021-06-29,12:00 AM
EMEA,23745,https://www.vlr.gg/23745/mackoesports-vs-mastery-champions-tour-europe-stage-3-challengers-1-ro256,541,2021-06-29,12:00 AM
EMEA,23746,https://www.vlr.gg/23746/initiative-vs-dame-time-champions-tour-europe-stage-3-challengers-1-ro256,541,2021-06-29,12:00 AM
EMEA,23747,https://www.vlr.gg/23747/highfive-vs-ucam-esports-club-champions-tour-europe-stage-3-challengers-1-ro256,541,2021-06-29,12:00 AM
EMEA,23748,https://www.vlr.gg/23748/ldn-utd-vs-ufo-champions-tour-europe-stage-3-challengers-1-ro256,541,2021-06-29,12:00 AM
EMEA,23749,https://www.vlr.gg/23749/amazing-vs-locust-champions-tour-europe-stage-3-challengers-1-ro256,541,2021-06-29,12:00 AM
EMEA,23750,https://www.vlr.gg/23750/mantis-vs-panaif-champions-tour-europe-stage-3-challengers-1-ro256,541,2021-06-29,12:00 AM
EMEA,23751,https://www.vlr.gg/23751/samurais-in-business-suits-vs-humanity-esport-champions-tour-europe-stage-3-challengers-1-ro256,541,2021-06-29,12:00 AM
EMEA,23752,https://www.vlr.gg/23752/cream-real-betis-vs-junummer-champions-tour-europe-stage-3-challengers-1-ro256,541,2021-06-29,12:00 AM
EMEA,23753,https://www.vlr.gg/23753/ecm-fcg-esports-vs-team-plague-champions-tour-europe-stage-3-challengers-1-ro256,541,2021-06-29,12:00 AM
EMEA,23754,https://www.vlr.gg/23754/ipl-e-sport-vs-mds-factory-champions-tour-europe-stage-3-challengers-1-ro256,541,2021-06-29,12:00 AM
EMEA,23755,https://www.vlr.gg/23755/ownage-vs-ziomki-poziomki-champions-tour-europe-stage-3-challengers-1-ro256,541,2021-06-29,12:00 AM
EMEA,23756,https://www.vlr.gg/23756/saw-vs-incredibles-champions-tour-europe-stage-3-challengers-1-ro256,541,2021-06-29,12:00 AM
EMEA,23757,https://www.vlr.gg/23757/team-sport-gaming-vs-tempo-champions-tour-europe-stage-3-challengers-1-ro256,541,2021-06-29,12:00 AM
EMEA,23758,https://www.vlr.gg/23758/revivemejett-vs-farmers-champions-tour-europe-stage-3-challengers-1-ro256,541,2021-06-29,12:00 AM
EMEA,23759,https://www.vlr.gg/23759/karmeliet-vs-redpack-esports-champions-tour-europe-stage-3-challengers-1-ro256,541,2021-06-29,12:00 AM
EMEA,23760,https://www.vlr.gg/23760/ivy-vs-wild-multigaming-champions-tour-europe-stage-3-challengers-1-ro256,541,2021-06-29,12:00 AM
EMEA,23761,https://www.vlr.gg/23761/rave-party-vs-precision-gaming-champions-tour-europe-stage-3-challengers-1-ro256,541,2021-06-29,12:00 AM
EMEA,23762,https://www.vlr.gg/23762/deviance-vs-valoreitis-champions-tour-europe-stage-3-challengers-1-ro256,541,2021-06-29,12:00 AM
EMEA,23763,https://www.vlr.gg/23763/original-gamers-vs-masonic-champions-tour-europe-stage-3-challengers-1-ro256,541,2021-06-29,12:00 AM
EMEA,23764,https://www.vlr.gg/23764/tenstar-vs-parek-v-rohliku-champions-tour-europe-stage-3-challengers-1-ro256,541,2021-06-29,12:00 AM
EMEA,23765,https://www.vlr.gg/23765/goodgame-vs-horyjin-champions-tour-europe-stage-3-challengers-1-ro256,541,2021-06-29,12:00 AM
EMEA,23766,https://www.vlr.gg/23766/rugrats-vs-aesir-esports-champions-tour-europe-stage-3-challengers-1-ro256,541,2021-06-29,12:00 AM
EMEA,23767,https://www.vlr.gg/23767/sickthick-vs-sentry-esports-champions-tour-europe-stage-3-challengers-1-ro256,541,2021-06-29,12:00 AM
EMEA,23768,https://www.vlr.gg/23768/need4food-vs-sissi-state-punks-champions-tour-europe-stage-3-challengers-1-ro256,541,2021-06-29,12:00 AM
EMEA,23769,https://www.vlr.gg/23769/need-girlfriend-vs-foxa-nsv-champions-tour-europe-stage-3-challengers-1-ro256,541,2021-06-29,12:00 AM
EMEA,23770,https://www.vlr.gg/23770/miks-vs-the-goose-house-champions-tour-europe-stage-3-challengers-1-ro256,541,2021-06-29,12:00 AM
EMEA,23771,https://www.vlr.gg/23771/totally-spies-2-vs-eclypse-champions-tour-europe-stage-3-challengers-1-ro256,541,2021-06-29,12:00 AM
EMEA,23672,https://www.vlr.gg/23672/edelweiss-esports-vs-msp-champions-tour-europe-stage-3-challengers-1-ro256,541,2021-06-29,12:45 AM
EMEA,23806,https://www.vlr.gg/23806/yendez-vs-nofear-champions-tour-europe-stage-3-challengers-1-ro128,541,2021-06-29,1:30 AM
EMEA,23772,https://www.vlr.gg/23772/team-heretics-vs-mtp-esport-champions-tour-europe-stage-3-challengers-1-ro128,541,2021-06-29,2:00 AM
EMEA,23802,https://www.vlr.gg/23802/ftw-esports-vs-the-paw-brothers-champions-tour-europe-stage-3-challengers-1-ro128,541,2021-06-29,2:00 AM
EMEA,23818,https://www.vlr.gg/23818/og-vs-vieux-touristes-champions-tour-europe-stage-3-challengers-1-ro128,541,2021-06-29,2:00 AM
EMEA,23820,https://www.vlr.gg/23820/g2-esports-vs-grow-up-esports-champions-tour-europe-stage-3-challengers-1-ro128,541,2021-06-29,2:00 AM
EMEA,23828,https://www.vlr.gg/23828/saw-vs-tempo-champions-tour-europe-stage-3-challengers-1-ro128,541,2021-06-29,2:15 AM
EMEA,23773,https://www.vlr.gg/23773/bk-rog-esports-vs-team-collusion-champions-tour-europe-stage-3-challengers-1-ro128,541,2021-06-29,3:00 AM
EMEA,23774,https://www.vlr.gg/23774/daddyandco-vs-vacuumers-champions-tour-europe-stage-3-challengers-1-ro128,541,2021-06-29,3:00 AM
EMEA,23775,https://www.vlr.gg/23775/wlgaming-esports-vs-voltex-champions-tour-europe-stage-3-challengers-1-ro128,541,2021-06-29,3:00 AM
EMEA,23776,https://www.vlr.gg/23776/megastitut-vs-fratres-champions-tour-europe-stage-3-challengers-1-ro128,541,2021-06-29,3:00 AM
EMEA,23777,https://www.vlr.gg/23777/bonsoir-vs-hasbullahpeek-champions-tour-europe-stage-3-challengers-1-ro128,541,2021-06-29,3:00 AM
EMEA,23778,https://www.vlr.gg/23778/team-sampi-vs-vertical-seven-esports-champions-tour-europe-stage-3-challengers-1-ro128,541,2021-06-29,3:00 AM
EMEA,23779,https://www.vlr.gg/23779/vamos-vs-exalty-champions-tour-europe-stage-3-challengers-1-ro128,541,2021-06-29,3:00 AM
EMEA,23780,https://www.vlr.gg/23780/wave-esports-vs-playing-aliens-champions-tour-europe-stage-3-challengers-1-ro128,541,2021-06-29,3:00 AM
EMEA,23781,https://www.vlr.gg/23781/asteria-gaming-vs-pulsar-esport-champions-tour-europe-stage-3-challengers-1-ro128,541,2021-06-29,3:00 AM
EMEA,23782,https://www.vlr.gg/23782/staga-vs-exen-esports-champions-tour-europe-stage-3-challengers-1-ro128,541,2021-06-29,3:00 AM
EMEA,23783,https://www.vlr.gg/23783/cgn-esports-vs-ooliganz-champions-tour-europe-stage-3-challengers-1-ro128,541,2021-06-29,3:00 AM
EMEA,23784,https://www.vlr.gg/23784/lasagna-beam-vs-5-baguettes-champions-tour-europe-stage-3-challengers-1-ro128,541,2021-06-29,3:00 AM
EMEA,23785,https://www.vlr.gg/23785/average-joes-vs-underdogs-gaming-champions-tour-europe-stage-3-challengers-1-ro128,541,2021-06-29,3:00 AM
EMEA,23786,https://www.vlr.gg/23786/edelweiss-esports-vs-jammers-champions-tour-europe-stage-3-challengers-1-ro128,541,2021-06-29,3:00 AM
EMEA,23787,https://www.vlr.gg/23787/flashdash-vs-shifterpro-champions-tour-europe-stage-3-challengers-1-ro128,541,2021-06-29,3:00 AM
EMEA,23788,https://www.vlr.gg/23788/giants-gaming-vs-duck-gaming-champions-tour-europe-stage-3-challengers-1-ro128,541,2021-06-29,3:00 AM
EMEA,23789,https://www.vlr.gg/23789/notbuiltdif-vs-totally-spies-champions-tour-europe-stage-3-challengers-1-ro128,541,2021-06-29,3:00 AM
EMEA,23790,https://www.vlr.gg/23790/bref-vs-wakawaka-champions-tour-europe-stage-3-challengers-1-ro128,541,2021-06-29,3:00 AM
EMEA,23791,https://www.vlr.gg/23791/baecon-gg-vs-yazda-champions-tour-europe-stage-3-challengers-1-ro128,541,2021-06-29,3:00 AM
EMEA,23792,https://www.vlr.gg/23792/rix-gg-thunder-vs-angry-titans-champions-tour-europe-stage-3-challengers-1-ro128,541,2021-06-29,3:00 AM
EMEA,23793,https://www.vlr.gg/23793/dathitans-vs-souldazz-champions-tour-europe-stage-3-challengers-1-ro128,541,2021-06-29,3:00 AM
EMEA,23794,https://www.vlr.gg/23794/area-vs-ehehxd-champions-tour-europe-stage-3-challengers-1-ro128,541,2021-06-29,3:00 AM
EMEA,23795,https://www.vlr.gg/23795/lucky-boys-vs-404-multigaming-champions-tour-europe-stage-3-challengers-1-ro128,541,2021-06-29,3:00 AM
EMEA,23796,https://www.vlr.gg/23796/heet-vs-esuba-champions-tour-europe-stage-3-challengers-1-ro128,541,2021-06-29,3:00 AM
EMEA,23797,https://www.vlr.gg/23797/the-future-vs-les-zinzins-de-lespace-champions-tour-europe-stage-3-challengers-1-ro128,541,2021-06-29,3:00 AM
EMEA,23798,https://www.vlr.gg/23798/m4lik-vs-native-2-empire-champions-tour-europe-stage-3-challengers-1-ro128,541,2021-06-29,3:00 AM
EMEA,23799,https://www.vlr.gg/23799/unjobbed-vs-shield-esport-champions-tour-europe-stage-3-challengers-1-ro128,541,2021-06-29,3:00 AM
EMEA,23800,https://www.vlr.gg/23800/big-vs-underdogs-champions-tour-europe-stage-3-challengers-1-ro128,541,2021-06-29,3:00 AM
EMEA,23801,https://www.vlr.gg/23801/team-blink-vs-judge-rush-champions-tour-europe-stage-3-challengers-1-ro128,541,2021-06-29,3:00 AM
EMEA,23803,https://www.vlr.gg/23803/nopracc-vs-ovation-esports-champions-tour-europe-stage-3-challengers-1-ro128,541,2021-06-29,3:00 AM
EMEA,23804,https://www.vlr.gg/23804/alliance-vs-amegakure-champions-tour-europe-stage-3-challengers-1-ro128,541,2021-06-29,3:00 AM
EMEA,23805,https://www.vlr.gg/23805/kpi-gaming-vs-leftovers-champions-tour-europe-stage-3-challengers-1-ro128,541,2021-06-29,3:00 AM
EMEA,23807,https://www.vlr.gg/23807/reject-vs-blxst-champions-tour-europe-stage-3-challengers-1-ro128,541,2021-06-29,3:00 AM
EMEA,23808,https://www.vlr.gg/23808/19esports-vs-surrealplay-champions-tour-europe-stage-3-challengers-1-ro128,541,2021-06-29,3:00 AM
EMEA,23809,https://www.vlr.gg/23809/dark-tigers-vs-egn-esports-champions-tour-europe-stage-3-challengers-1-ro128,541,2021-06-29,3:00 AM
EMEA,23810,https://www.vlr.gg/23810/movistar-riders-vs-mallunred-champions-tour-europe-stage-3-challengers-1-ro128,541,2021-06-29,3:00 AM
EMEA,23811,https://www.vlr.gg/23811/b-k-scsabai-e-sport-egyes-let-vs-follow-my-drone-champions-tour-europe-stage-3-challengers-1-ro1,541,2021-06-29,3:00 AM
EMEA,23812,https://www.vlr.gg/23812/rhyno-esports-vs-team-galaga-champions-tour-europe-stage-3-challengers-1-ro128,541,2021-06-29,3:00 AM
EMEA,23813,https://www.vlr.gg/23813/luulot-pois-vs-cant-be-touched-champions-tour-europe-stage-3-challengers-1-ro128,541,2021-06-29,3:00 AM
EMEA,23814,https://www.vlr.gg/23814/ipon-team-horizon-reapers-vs-fleer-champions-tour-europe-stage-3-challengers-1-ro128,541,2021-06-29,3:00 AM
EMEA,23815,https://www.vlr.gg/23815/team-name-vs-aim-botz-champions-tour-europe-stage-3-challengers-1-ro128,541,2021-06-29,3:00 AM
EMEA,23816,https://www.vlr.gg/23816/team-finest-vs-john-howard-champions-tour-europe-stage-3-challengers-1-ro128,541,2021-06-29,3:00 AM
EMEA,23817,https://www.vlr.gg/23817/pact-vs-last-chance-champions-tour-europe-stage-3-challengers-1-ro128,541,2021-06-29,3:00 AM
EMEA,23819,https://www.vlr.gg/23819/nebulaa-vs-the-nyans-champions-tour-europe-stage-3-challengers-1-ro128,541,2021-06-29,3:00 AM
EMEA,23821,https://www.vlr.gg/23821/team-queso-vs-nopoaching-champions-tour-europe-stage-3-challengers-1-ro128,541,2021-06-29,3:00 AM
EMEA,23822,https://www.vlr.gg/23822/excel-vs-mackoesports-champions-tour-europe-stage-3-challengers-1-ro128,541,2021-06-29,3:00 AM
EMEA,23823,https://www.vlr.gg/23823/initiative-vs-ucam-esports-club-champions-tour-europe-stage-3-challengers-1-ro128,541,2021-06-29,3:00 AM
EMEA,23824,https://www.vlr.gg/23824/ldn-utd-vs-locust-champions-tour-europe-stage-3-challengers-1-ro128,541,2021-06-29,3:00 AM
EMEA,23825,https://www.vlr.gg/23825/mantis-vs-humanity-esport-champions-tour-europe-stage-3-challengers-1-ro128,541,2021-06-29,3:00 AM
EMEA,23826,https://www.vlr.gg/23826/cream-real-betis-vs-ecm-fcg-esports-champions-tour-europe-stage-3-challengers-1-ro128,541,2021-06-29,3:00 AM
EMEA,23827,https://www.vlr.gg/23827/mds-factory-vs-ownage-champions-tour-europe-stage-3-challengers-1-ro128,541,2021-06-29,3:00 AM
EMEA,23829,https://www.vlr.gg/23829/revivemejett-vs-redpack-esports-champions-tour-europe-stage-3-challengers-1-ro128,541,2021-06-29,3:00 AM
EMEA,23830,https://www.vlr.gg/23830/ivy-vs-rave-party-champions-tour-europe-stage-3-challengers-1-ro128,541,2021-06-29,3:00 AM
EMEA,23831,https://www.vlr.gg/23831/deviance-vs-masonic-champions-tour-europe-stage-3-challengers-1-ro128,541,2021-06-29,3:00 AM
EMEA,23832,https://www.vlr.gg/23832/tenstar-vs-goodgame-champions-tour-europe-stage-3-challengers-1-ro128,541,2021-06-29,3:00 AM
EMEA,23833,https://www.vlr.gg/23833/rugrats-vs-sickthick-champions-tour-europe-stage-3-challengers-1-ro128,541,2021-06-29,3:00 AM
EMEA,23834,https://www.vlr.gg/23834/need4food-vs-need-girlfriend-champions-tour-europe-stage-3-challengers-1-ro128,541,2021-06-29,3:00 AM
EMEA,23835,https://www.vlr.gg/23835/miks-vs-eclypse-champions-tour-europe-stage-3-challengers-1-ro128,541,2021-06-29,3:00 AM
EMEA,23836,https://www.vlr.gg/23836/team-heretics-vs-bk-rog-esports-champions-tour-europe-stage-3-challengers-1-ro64,541,2021-06-29,11:00 PM
EMEA,23841,https://www.vlr.gg/23841/staga-vs-cgn-esports-champions-tour-europe-stage-3-challengers-1-ro64,541,2021-06-29,11:00 PM
EMEA,23847,https://www.vlr.gg/23847/ehehxd-vs-lucky-boys-champions-tour-europe-stage-3-challengers-1-ro64,541,2021-06-29,11:00 PM
EMEA,23849,https://www.vlr.gg/23849/m4lik-vs-unjobbed-champions-tour-europe-stage-3-challengers-1-ro64,541,2021-06-29,11:00 PM
EMEA,23864,https://www.vlr.gg/23864/saw-vs-revivemejett-champions-tour-europe-stage-3-challengers-1-ro64,541,2021-06-29,11:00 PM
EMEA,23837,https://www.vlr.gg/23837/vacuumers-vs-wlgaming-esports-champions-tour-europe-stage-3-challengers-1-ro64,541,2021-06-29,11:00 PM
EMEA,23838,https://www.vlr.gg/23838/megastitut-vs-bonsoir-champions-tour-europe-stage-3-challengers-1-ro64,541,2021-06-29,11:00 PM
EMEA,23839,https://www.vlr.gg/23839/team-sampi-vs-vamos-champions-tour-europe-stage-3-challengers-1-ro64,541,2021-06-29,11:00 PM
EMEA,23840,https://www.vlr.gg/23840/wave-esports-vs-superior-champions-tour-europe-stage-3-challengers-1-ro64,541,2021-06-29,11:00 PM
EMEA,23842,https://www.vlr.gg/23842/lasagna-beam-vs-average-joes-champions-tour-europe-stage-3-challengers-1-ro64,541,2021-06-29,11:00 PM
EMEA,23843,https://www.vlr.gg/23843/edelweiss-esports-vs-flashdash-champions-tour-europe-stage-3-challengers-1-ro64,541,2021-06-29,11:00 PM
EMEA,23844,https://www.vlr.gg/23844/giants-gaming-vs-notbuiltdif-champions-tour-europe-stage-3-challengers-1-ro64,541,2021-06-29,11:00 PM
EMEA,23845,https://www.vlr.gg/23845/bref-vs-yazda-champions-tour-europe-stage-3-challengers-1-ro64,541,2021-06-29,11:00 PM
EMEA,23846,https://www.vlr.gg/23846/rix-gg-thunder-vs-souldazz-champions-tour-europe-stage-3-challengers-1-ro64,541,2021-06-29,11:00 PM
EMEA,23848,https://www.vlr.gg/23848/heet-vs-les-zinzins-de-lespace-champions-tour-europe-stage-3-challengers-1-ro64,541,2021-06-29,11:00 PM
EMEA,23850,https://www.vlr.gg/23850/big-vs-team-blink-champions-tour-europe-stage-3-challengers-1-ro64,541,2021-06-29,11:00 PM
EMEA,23851,https://www.vlr.gg/23851/the-paw-brothers-vs-ovation-esports-champions-tour-europe-stage-3-challengers-1-ro64,541,2021-06-29,11:00 PM
EMEA,23852,https://www.vlr.gg/23852/alliance-vs-leftovers-champions-tour-europe-stage-3-challengers-1-ro64,541,2021-06-29,11:00 PM
EMEA,23853,https://www.vlr.gg/23853/yendez-vs-reject-champions-tour-europe-stage-3-challengers-1-ro64,541,2021-06-29,11:00 PM
EMEA,23854,https://www.vlr.gg/23854/19esports-vs-dark-tigers-champions-tour-europe-stage-3-challengers-1-ro64,541,2021-06-29,11:00 PM
EMEA,23855,https://www.vlr.gg/23855/movistar-riders-vs-b-k-scsabai-e-sport-egyes-let-champions-tour-europe-stage-3-challengers-1-ro6,541,2021-06-29,11:00 PM
EMEA,23856,https://www.vlr.gg/23856/rhyno-esports-vs-cant-be-touched-champions-tour-europe-stage-3-challengers-1-ro64,541,2021-06-29,11:00 PM
EMEA,23857,https://www.vlr.gg/23857/ipon-team-horizon-reapers-vs-team-name-champions-tour-europe-stage-3-challengers-1-ro64,541,2021-06-29,11:00 PM
EMEA,23858,https://www.vlr.gg/23858/team-finest-vs-pact-champions-tour-europe-stage-3-challengers-1-ro64,541,2021-06-29,11:00 PM
EMEA,23859,https://www.vlr.gg/23859/og-vs-nebulaa-champions-tour-europe-stage-3-challengers-1-ro64,541,2021-06-29,11:00 PM
EMEA,23860,https://www.vlr.gg/23860/g2-esports-vs-nopoaching-champions-tour-europe-stage-3-challengers-1-ro64,541,2021-06-29,11:00 PM
EMEA,23861,https://www.vlr.gg/23861/excel-vs-ucam-esports-club-champions-tour-europe-stage-3-challengers-1-ro64,541,2021-06-29,11:00 PM
EMEA,23862,https://www.vlr.gg/23862/ldn-utd-vs-mantis-champions-tour-europe-stage-3-challengers-1-ro64,541,2021-06-29,11:00 PM
EMEA,23863,https://www.vlr.gg/23863/cream-real-betis-vs-ownage-champions-tour-europe-stage-3-challengers-1-ro64,541,2021-06-29,11:00 PM
EMEA,23865,https://www.vlr.gg/23865/ivy-vs-masonic-champions-tour-europe-stage-3-challengers-1-ro64,541,2021-06-29,11:00 PM
EMEA,23866,https://www.vlr.gg/23866/tenstar-vs-rugrats-champions-tour-europe-stage-3-challengers-1-ro64,541,2021-06-29,11:00 PM
EMEA,23867,https://www.vlr.gg/23867/need-girlfriend-vs-miks-champions-tour-europe-stage-3-challengers-1-ro64,541,2021-06-29,11:00 PM
EMEA,23869,https://www.vlr.gg/23869/megastitut-vs-team-sampi-champions-tour-europe-stage-3-challengers-1-ro32,541,2021-06-30,2:00 AM
EMEA,23870,https://www.vlr.gg/23870/wave-esports-vs-cgn-esports-champions-tour-europe-stage-3-challengers-1-ro32,541,2021-06-30,2:00 AM
EMEA,23873,https://www.vlr.gg/23873/rix-gg-thunder-vs-lucky-boys-champions-tour-europe-stage-3-challengers-1-ro32,541,2021-06-30,2:00 AM
EMEA,23874,https://www.vlr.gg/23874/heet-vs-m4lik-champions-tour-europe-stage-3-challengers-1-ro32,541,2021-06-30,2:00 AM
EMEA,23882,https://www.vlr.gg/23882/saw-vs-ivy-champions-tour-europe-stage-3-challengers-1-ro32,541,2021-06-30,2:00 AM
EMEA,23868,https://www.vlr.gg/23868/bk-rog-esports-vs-vacuumers-champions-tour-europe-stage-3-challengers-1-ro32,541,2021-06-30,2:00 AM
EMEA,23872,https://www.vlr.gg/23872/giants-gaming-vs-bref-champions-tour-europe-stage-3-challengers-1-ro32,541,2021-06-30,2:00 AM
EMEA,23875,https://www.vlr.gg/23875/big-vs-ovation-esports-champions-tour-europe-stage-3-challengers-1-ro32,541,2021-06-30,2:00 AM
EMEA,23876,https://www.vlr.gg/23876/alliance-vs-reject-champions-tour-europe-stage-3-challengers-1-ro32,541,2021-06-30,2:00 AM
EMEA,23877,https://www.vlr.gg/23877/19esports-vs-movistar-riders-champions-tour-europe-stage-3-challengers-1-ro32,541,2021-06-30,2:00 AM
EMEA,23878,https://www.vlr.gg/23878/cant-be-touched-vs-ipon-team-horizon-reapers-champions-tour-europe-stage-3-challengers-1-ro32,541,2021-06-30,2:00 AM
EMEA,23879,https://www.vlr.gg/23879/team-finest-vs-og-champions-tour-europe-stage-3-challengers-1-ro32,541,2021-06-30,2:00 AM
EMEA,23880,https://www.vlr.gg/23880/g2-esports-vs-ucam-esports-club-champions-tour-europe-stage-3-challengers-1-ro32,541,2021-06-30,2:00 AM
EMEA,23881,https://www.vlr.gg/23881/ldn-utd-vs-cream-real-betis-champions-tour-europe-stage-3-challengers-1-ro32,541,2021-06-30,2:00 AM
EMEA,23883,https://www.vlr.gg/23883/tenstar-vs-need-girlfriend-champions-tour-europe-stage-3-challengers-1-ro32,541,2021-06-30,2:00 AM
EMEA,23871,https://www.vlr.gg/23871/average-joes-vs-edelweiss-esports-champions-tour-europe-stage-3-challengers-1-ro32,541,2021-06-30,2:20 AM
EMEA,23884,https://www.vlr.gg/23884/bk-rog-esports-vs-team-sampi-champions-tour-europe-stage-3-challengers-1-ro16,541,2021-06-30,11:00 PM
EMEA,23885,https://www.vlr.gg/23885/wave-esports-vs-edelweiss-esports-champions-tour-europe-stage-3-challengers-1-ro16,541,2021-06-30,11:00 PM
EMEA,23886,https://www.vlr.gg/23886/giants-gaming-vs-rix-gg-thunder-champions-tour-europe-stage-3-challengers-1-ro16,541,2021-06-30,11:00 PM
EMEA,23887,https://www.vlr.gg/23887/m4lik-vs-big-champions-tour-europe-stage-3-challengers-1-ro16,541,2021-06-30,11:00 PM
EMEA,23888,https://www.vlr.gg/23888/alliance-vs-19esports-champions-tour-europe-stage-3-challengers-1-ro16,541,2021-06-30,11:00 PM
EMEA,23889,https://www.vlr.gg/23889/cant-be-touched-vs-team-finest-champions-tour-europe-stage-3-challengers-1-ro16,541,2021-06-30,11:00 PM
EMEA,23890,https://www.vlr.gg/23890/g2-esports-vs-cream-real-betis-champions-tour-europe-stage-3-challengers-1-ro16,541,2021-06-30,11:00 PM
EMEA,23891,https://www.vlr.gg/23891/ivy-vs-tenstar-champions-tour-europe-stage-3-challengers-1-ro16,541,2021-06-30,11:00 PM
EMEA,24104,https://www.vlr.gg/24104/team-vitality-vs-g2-esports-champions-tour-europe-stage-3-challengers-1-uro16,541,2021-07-01,1:15 AM
EMEA,24101,https://www.vlr.gg/24101/acend-vs-big-champions-tour-europe-stage-3-challengers-1-uro16,541,2021-07-01,1:25 AM
EMEA,24103,https://www.vlr.gg/24103/team-liquid-vs-team-finest-champions-tour-europe-stage-3-challengers-1-uro16,541,2021-07-01,1:35 AM
EMEA,24099,https://www.vlr.gg/24099/funplus-phoenix-vs-wave-esports-champions-tour-europe-stage-3-challengers-1-uro16,541,2021-07-01,1:45 AM
EMEA,24100,https://www.vlr.gg/24100/team-bds-vs-rix-gg-thunder-champions-tour-europe-stage-3-challengers-1-uro16,541,2021-07-01,1:45 AM
EMEA,24105,https://www.vlr.gg/24105/fnatic-vs-tenstar-champions-tour-europe-stage-3-challengers-1-uro16,541,2021-07-01,1:45 AM
EMEA,24102,https://www.vlr.gg/24102/ninjas-in-pyjamas-vs-alliance-champions-tour-europe-stage-3-challengers-1-uro16,541,2021-07-01,2:25 AM
EMEA,24098,https://www.vlr.gg/24098/guild-esports-vs-bk-rog-esports-champions-tour-europe-stage-3-challengers-1-uro16,541,2021-07-01,2:30 AM
EMEA,24106,https://www.vlr.gg/24106/guild-esports-vs-funplus-phoenix-champions-tour-europe-stage-3-challengers-1-uqf,541,2021-07-01,11:00 PM
EMEA,24107,https://www.vlr.gg/24107/team-bds-vs-acend-champions-tour-europe-stage-3-challengers-1-uqf,541,2021-07-01,11:00 PM
EMEA,24108,https://www.vlr.gg/24108/alliance-vs-team-liquid-champions-tour-europe-stage-3-challengers-1-uqf,541,2021-07-01,11:00 PM
EMEA,24109,https://www.vlr.gg/24109/g2-esports-vs-fnatic-champions-tour-europe-stage-3-challengers-1-uqf,541,2021-07-01,11:00 PM
EMEA,24110,https://www.vlr.gg/24110/bk-rog-esports-vs-wave-esports-champions-tour-europe-stage-3-challengers-1-lr1,541,2021-07-02,2:00 AM
EMEA,24111,https://www.vlr.gg/24111/rix-gg-thunder-vs-big-champions-tour-europe-stage-3-challengers-1-lr1,541,2021-07-02,2:00 AM
EMEA,24112,https://www.vlr.gg/24112/ninjas-in-pyjamas-vs-team-finest-champions-tour-europe-stage-3-challengers-1-lr1,541,2021-07-02,2:00 AM
EMEA,24113,https://www.vlr.gg/24113/team-vitality-vs-tenstar-champions-tour-europe-stage-3-challengers-1-lr1,541,2021-07-02,2:00 AM
EMEA,24114,https://www.vlr.gg/24114/fnatic-vs-wave-esports-champions-tour-europe-stage-3-challengers-1-lr2,541,2021-07-02,10:00 PM
EMEA,24115,https://www.vlr.gg/24115/alliance-vs-rix-gg-thunder-champions-tour-europe-stage-3-challengers-1-lr2,541,2021-07-02,10:00 PM
EMEA,24117,https://www.vlr.gg/24117/funplus-phoenix-vs-team-vitality-champions-tour-europe-stage-3-challengers-1-lr2,541,2021-07-03,1:10 AM
EMEA,24116,https://www.vlr.gg/24116/team-bds-vs-team-finest-champions-tour-europe-stage-3-challengers-1-lr2,541,2021-07-03,1:25 AM
EMEA,24949,https://www.vlr.gg/24949/team-liquid-vs-fnatic-champions-tour-europe-stage-3-challengers-1-uqf,541,2021-07-07,7:00 PM
EMEA,24950,https://www.vlr.gg/24950/guild-esports-vs-team-bds-champions-tour-europe-stage-3-challengers-1-uqf,541,2021-07-07,7:00 PM
EMEA,24951,https://www.vlr.gg/24951/g2-esports-vs-funplus-phoenix-champions-tour-europe-stage-3-challengers-1-uqf,541,2021-07-07,11:00 PM
EMEA,24952,https://www.vlr.gg/24952/acend-vs-rix-gg-thunder-champions-tour-europe-stage-3-challengers-1-uqf,541,2021-07-07,11:00 PM
EMEA,24956,https://www.vlr.gg/24956/team-liquid-vs-team-bds-champions-tour-europe-stage-3-challengers-1-lr1,541,2021-07-08,1:00 AM
EMEA,24957,https://www.vlr.gg/24957/g2-esports-vs-rix-gg-thunder-champions-tour-europe-stage-3-challengers-1-lr1,541,2021-07-08,1:00 AM
EMEA,24953,https://www.vlr.gg/24953/fnatic-vs-guild-esports-champions-tour-europe-stage-3-challengers-1-usf,541,2021-07-08,10:00 PM
EMEA,24954,https://www.vlr.gg/24954/funplus-phoenix-vs-acend-champions-tour-europe-stage-3-challengers-1-usf,541,2021-07-08,10:00 PM
EMEA,24958,https://www.vlr.gg/24958/funplus-phoenix-vs-team-liquid-champions-tour-europe-stage-3-challengers-1-lr2,541,2021-07-09,1:00 AM
EMEA,24959,https://www.vlr.gg/24959/fnatic-vs-g2-esports-champions-tour-europe-stage-3-challengers-1-lr2,541,2021-07-09,1:30 AM
EMEA,24955,https://www.vlr.gg/24955/guild-esports-vs-acend-champions-tour-europe-stage-3-challengers-1-uf,541,2021-07-09,10:00 PM
EMEA,24960,https://www.vlr.gg/24960/funplus-phoenix-vs-g2-esports-champions-tour-europe-stage-3-challengers-1-lr3,541,2021-07-10,12:40 AM
EMEA,24961,https://www.vlr.gg/24961/guild-esports-vs-g2-esports-champions-tour-europe-stage-3-challengers-1-lf,541,2021-07-10,8:00 PM
EMEA,24962,https://www.vlr.gg/24962/acend-vs-g2-esports-champions-tour-europe-stage-3-challengers-1-gf,541,2021-07-11,8:00 PM
EMEA,24695,https://www.vlr.gg/24695/zerah-esports-vs-boom-shaka-laka-strike-arabia-championship-season-2-ubqf,469,2021-07-02,11:00 PM
EMEA,24696,https://www.vlr.gg/24696/lusail-esports-vs-archnemesis-strike-arabia-championship-season-2-ubqf,469,2021-07-02,11:00 PM
EMEA,24697,https://www.vlr.gg/24697/mythociast-vs-knockout-esports-strike-arabia-championship-season-2-ubqf,469,2021-07-02,11:00 PM
EMEA,24698,https://www.vlr.gg/24698/yalla-esports-vs-piercer-esports-strike-arabia-championship-season-2-ubqf,469,2021-07-02,11:00 PM
EMEA,24703,https://www.vlr.gg/24703/b13-vs-roh-elbas-gang-strike-arabia-championship-season-2-ubqf,469,2021-07-03,12:30 AM
EMEA,24704,https://www.vlr.gg/24704/rtg-esports-vs-cut-esports-strike-arabia-championship-season-2-ubqf,469,2021-07-03,12:30 AM
EMEA,24705,https://www.vlr.gg/24705/anubis-gaming-vs-jo-clan-strike-arabia-championship-season-2-ubqf,469,2021-07-03,12:30 AM
EMEA,24706,https://www.vlr.gg/24706/occupy-esports-vs-team-raad-strike-arabia-championship-season-2-ubqf,469,2021-07-03,12:30 AM
EMEA,24699,https://www.vlr.gg/24699/eternity-esports-vs-error404-strike-arabia-championship-season-2-ubqf,469,2021-07-03,2:00 AM
EMEA,24700,https://www.vlr.gg/24700/e9sports-vs-spl-gaming-strike-arabia-championship-season-2-ubqf,469,2021-07-03,2:00 AM
EMEA,24701,https://www.vlr.gg/24701/team-wavii-vs-the-academy-strike-arabia-championship-season-2-ubqf,469,2021-07-03,2:00 AM
EMEA,24702,https://www.vlr.gg/24702/mustang-gaming-vs-forfun-strike-arabia-championship-season-2-ubqf,469,2021-07-03,2:00 AM
EMEA,24859,https://www.vlr.gg/24859/zerah-esports-vs-lusail-esports-strike-arabia-championship-season-2-ubsf,469,2021-07-03,11:00 PM
EMEA,24860,https://www.vlr.gg/24860/knockout-esports-vs-yalla-esports-strike-arabia-championship-season-2-ubsf,469,2021-07-03,11:00 PM
EMEA,24863,https://www.vlr.gg/24863/roh-elbas-gang-vs-rtg-esports-strike-arabia-championship-season-2-ubsf,469,2021-07-04,12:30 AM
EMEA,24864,https://www.vlr.gg/24864/anubis-gaming-vs-team-raad-strike-arabia-championship-season-2-ubsf,469,2021-07-04,12:30 AM
EMEA,24867,https://www.vlr.gg/24867/eternity-esports-vs-e9sports-strike-arabia-championship-season-2-ubsf,469,2021-07-04,2:00 AM
EMEA,24868,https://www.vlr.gg/24868/the-academy-vs-mustang-gaming-strike-arabia-championship-season-2-ubsf,469,2021-07-04,2:00 AM
EMEA,24861,https://www.vlr.gg/24861/archnemesis-vs-boom-shaka-laka-strike-arabia-championship-season-2-lbr1,469,2021-07-04,11:00 PM
EMEA,24862,https://www.vlr.gg/24862/mythociast-vs-piercer-esports-strike-arabia-championship-season-2-lbr1,469,2021-07-04,11:00 PM
EMEA,24865,https://www.vlr.gg/24865/b13-vs-cut-esports-strike-arabia-championship-season-2-lbr1,469,2021-07-05,12:30 AM
EMEA,24866,https://www.vlr.gg/24866/jo-clan-vs-occupy-esports-strike-arabia-championship-season-2-lbr1,469,2021-07-05,12:30 AM
EMEA,24869,https://www.vlr.gg/24869/error404-vs-spl-gaming-strike-arabia-championship-season-2-lbr1,469,2021-07-05,2:00 AM
EMEA,25208,https://www.vlr.gg/25208/knockout-esports-vs-archnemesis-strike-arabia-championship-season-2-lbr2,469,2021-07-05,11:00 PM
EMEA,25209,https://www.vlr.gg/25209/lusail-esports-vs-piercer-esports-strike-arabia-championship-season-2-lbr2,469,2021-07-05,11:00 PM
EMEA,25213,https://www.vlr.gg/25213/team-raad-vs-b13-strike-arabia-championship-season-2-lbr2,469,2021-07-06,12:30 AM
EMEA,25214,https://www.vlr.gg/25214/rtg-esports-vs-occupy-esports-strike-arabia-championship-season-2-lbr2,469,2021-07-06,12:30 AM
EMEA,24870,https://www.vlr.gg/24870/team-majesty-vs-forfun-strike-arabia-championship-season-2-lbr1,469,2021-07-06,2:00 AM
EMEA,25216,https://www.vlr.gg/25216/the-academy-vs-spl-gaming-strike-arabia-championship-season-2-lbr2,469,2021-07-06,2:00 AM
EMEA,25217,https://www.vlr.gg/25217/eternity-esports-vs-team-majesty-strike-arabia-championship-season-2-lbr2,469,2021-07-06,2:00 AM
EMEA,25574,https://www.vlr.gg/25574/archnemesis-vs-piercer-esports-strike-arabia-championship-season-2-lbr3,469,2021-07-06,11:00 PM
EMEA,25571,https://www.vlr.gg/25571/team-raad-vs-occupy-esports-strike-arabia-championship-season-2-lbf,469,2021-07-07,12:30 AM
EMEA,25568,https://www.vlr.gg/25568/spl-gaming-vs-team-majesty-strike-arabia-championship-season-2-lbr3,469,2021-07-07,2:00 AM
EMEA,25207,https://www.vlr.gg/25207/zerah-esports-vs-yalla-esports-strike-arabia-championship-season-2-ubf,469,2021-07-07,11:00 PM
EMEA,25212,https://www.vlr.gg/25212/roh-elbas-gang-vs-anubis-gaming-strike-arabia-championship-season-2-ubf,469,2021-07-08,12:30 AM
EMEA,25215,https://www.vlr.gg/25215/e9sports-vs-mustang-gaming-strike-arabia-championship-season-2-ubf,469,2021-07-08,2:00 AM
EMEA,25575,https://www.vlr.gg/25575/zerah-esports-vs-archnemesis-strike-arabia-championship-season-2-lbf,469,2021-07-08,11:00 PM
EMEA,25572,https://www.vlr.gg/25572/roh-elbas-gang-vs-team-raad-strike-arabia-championship-season-2-lbf,469,2021-07-09,12:30 AM
EMEA,25569,https://www.vlr.gg/25569/mustang-gaming-vs-team-majesty-strike-arabia-championship-season-2-lbf,469,2021-07-09,3:15 AM
EMEA,25573,https://www.vlr.gg/25573/anubis-gaming-vs-team-raad-strike-arabia-championship-season-2-gf,469,2021-07-10,11:00 PM
EMEA,25576,https://www.vlr.gg/25576/yalla-esports-vs-archnemesis-strike-arabia-championship-season-2-gf,469,2021-07-11,11:00 PM
EMEA,25570,https://www.vlr.gg/25570/e9sports-vs-team-majesty-strike-arabia-championship-season-2-gf,469,2021-07-12,11:30 PM
EMEA,23588,https://www.vlr.gg/23588/orgless5-vs-whats-poppin-champions-tour-turkey-stage-3-challengers-1-ro64,542,2021-06-29,10:00 PM
EMEA,23592,https://www.vlr.gg/23592/fire-flux-esports-vs-c-site-e-sports-champions-tour-turkey-stage-3-challengers-1-ro64,542,2021-06-29,10:00 PM
EMEA,23602,https://www.vlr.gg/23602/zero-zone-vs-gringo-team-champions-tour-turkey-stage-3-challengers-1-ro64,542,2021-06-29,10:00 PM
EMEA,23618,https://www.vlr.gg/23618/kastiralis-vs-ultima-champions-tour-turkey-stage-3-challengers-1-ro64,542,2021-06-29,10:00 PM
EMEA,23589,https://www.vlr.gg/23589/titans-vs-g-vemeorg-champions-tour-turkey-stage-3-challengers-1-ro64,542,2021-06-29,10:00 PM
EMEA,23590,https://www.vlr.gg/23590/kebabmasterz-vs-teta-esports-academy-champions-tour-turkey-stage-3-challengers-1-ro64,542,2021-06-29,10:00 PM
EMEA,23591,https://www.vlr.gg/23591/anatolia-esports-vs-ya-musalla-ya-mapus-champions-tour-turkey-stage-3-challengers-1-ro64,542,2021-06-29,10:00 PM
EMEA,23593,https://www.vlr.gg/23593/millennium-agency-vs-schatz-champions-tour-turkey-stage-3-challengers-1-ro64,542,2021-06-29,10:00 PM
EMEA,23594,https://www.vlr.gg/23594/surreal-esports-vs-itasrum-espor-champions-tour-turkey-stage-3-challengers-1-ro64,542,2021-06-29,10:00 PM
EMEA,23595,https://www.vlr.gg/23595/order-66-vs-magnalupus-champions-tour-turkey-stage-3-challengers-1-ro64,542,2021-06-29,10:00 PM
EMEA,23596,https://www.vlr.gg/23596/westside-vs-bartenders-champions-tour-turkey-stage-3-challengers-1-ro64,542,2021-06-29,10:00 PM
EMEA,23597,https://www.vlr.gg/23597/earn-bear-money-vs-sivasspor-e-spor-champions-tour-turkey-stage-3-challengers-1-ro64,542,2021-06-29,10:00 PM
EMEA,23598,https://www.vlr.gg/23598/supermassive-blaze-vs-w-blame-champions-tour-turkey-stage-3-challengers-1-ro64,542,2021-06-29,10:00 PM
EMEA,23599,https://www.vlr.gg/23599/xflow-esports-vs-loser-gang-champions-tour-turkey-stage-3-challengers-1-ro64,542,2021-06-29,10:00 PM
EMEA,23600,https://www.vlr.gg/23600/lecassit-e-sports-vs-aeterna-victrix-champions-tour-turkey-stage-3-challengers-1-ro64,542,2021-06-29,10:00 PM
EMEA,23601,https://www.vlr.gg/23601/alcatraz-vs-5morons-champions-tour-turkey-stage-3-challengers-1-ro64,542,2021-06-29,10:00 PM
EMEA,23603,https://www.vlr.gg/23603/abb-ask-espor-vs-vorpal-swords-champions-tour-turkey-stage-3-challengers-1-ro64,542,2021-06-29,10:00 PM
EMEA,23604,https://www.vlr.gg/23604/team-aurora-vs-do-something-champions-tour-turkey-stage-3-challengers-1-ro64,542,2021-06-29,10:00 PM
EMEA,23605,https://www.vlr.gg/23605/exercitus5-vs-noobsinact1on-champions-tour-turkey-stage-3-challengers-1-ro64,542,2021-06-29,10:00 PM
EMEA,23606,https://www.vlr.gg/23606/sahangiller-esports-vs-5moneyless-champions-tour-turkey-stage-3-challengers-1-ro64,542,2021-06-29,10:00 PM
EMEA,23607,https://www.vlr.gg/23607/besiktas-esports-vs-1907-fenerbah-e-esport-champions-tour-turkey-stage-3-challengers-1-ro64,542,2021-06-29,10:00 PM
EMEA,23608,https://www.vlr.gg/23608/nonamers-vs-raichos-ninjas-champions-tour-turkey-stage-3-challengers-1-ro64,542,2021-06-29,10:00 PM
EMEA,23609,https://www.vlr.gg/23609/vin-g-vs-w0wclan-champions-tour-turkey-stage-3-challengers-1-ro64,542,2021-06-29,10:00 PM
EMEA,23610,https://www.vlr.gg/23610/thunderbolts-gaming-vs-thunders-champions-tour-turkey-stage-3-challengers-1-ro64,542,2021-06-29,10:00 PM
EMEA,23611,https://www.vlr.gg/23611/flashers-vs-artech-esports-champions-tour-turkey-stage-3-challengers-1-ro64,542,2021-06-29,10:00 PM
EMEA,23612,https://www.vlr.gg/23612/regnum-carya-esports-vs-pcific-champions-tour-turkey-stage-3-challengers-1-ro64,542,2021-06-29,10:00 PM
EMEA,23613,https://www.vlr.gg/23613/dont-throw-vs-bayer-neverlosen-champions-tour-turkey-stage-3-challengers-1-ro64,542,2021-06-29,10:00 PM
EMEA,23614,https://www.vlr.gg/23614/outrage-vs-hadi-kanka-esports-champions-tour-turkey-stage-3-challengers-1-ro64,542,2021-06-29,10:00 PM
EMEA,23615,https://www.vlr.gg/23615/navy-blue-vs-warningstepz-champions-tour-turkey-stage-3-challengers-1-ro64,542,2021-06-29,10:00 PM
EMEA,23616,https://www.vlr.gg/23616/otherside-vs-massivestroke-e-sports-champions-tour-turkey-stage-3-challengers-1-ro64,542,2021-06-29,10:00 PM
EMEA,23617,https://www.vlr.gg/23617/unique-vs-evilzone-champions-tour-turkey-stage-3-challengers-1-ro64,542,2021-06-29,10:00 PM
EMEA,23619,https://www.vlr.gg/23619/unknownpros-vs-predatory-esports-champions-tour-turkey-stage-3-challengers-1-ro64,542,2021-06-29,10:00 PM
EMEA,23627,https://www.vlr.gg/23627/zero-zone-vs-abb-ask-espor-champions-tour-turkey-stage-3-challengers-1-ro32,542,2021-06-30,12:00 AM
EMEA,23624,https://www.vlr.gg/23624/westside-vs-sivasspor-e-spor-champions-tour-turkey-stage-3-challengers-1-ro32,542,2021-06-30,1:00 AM
EMEA,23626,https://www.vlr.gg/23626/lecassit-e-sports-vs-alcatraz-champions-tour-turkey-stage-3-challengers-1-ro32,542,2021-06-30,1:00 AM
EMEA,23628,https://www.vlr.gg/23628/team-aurora-vs-exercitus5-champions-tour-turkey-stage-3-challengers-1-ro32,542,2021-06-30,1:00 AM
EMEA,23629,https://www.vlr.gg/23629/sahangiller-esports-vs-besiktas-esports-champions-tour-turkey-stage-3-challengers-1-ro32,542,2021-06-30,1:00 AM
EMEA,23630,https://www.vlr.gg/23630/nonamers-vs-vin-g-champions-tour-turkey-stage-3-challengers-1-ro32,542,2021-06-30,1:00 AM
EMEA,23631,https://www.vlr.gg/23631/thunderbolts-gaming-vs-artech-esports-champions-tour-turkey-stage-3-challengers-1-ro32,542,2021-06-30,1:00 AM
EMEA,23632,https://www.vlr.gg/23632/regnum-carya-esports-vs-bayer-neverlosen-champions-tour-turkey-stage-3-challengers-1-ro32,542,2021-06-30,1:00 AM
EMEA,23633,https://www.vlr.gg/23633/outrage-vs-navy-blue-champions-tour-turkey-stage-3-challengers-1-ro32,542,2021-06-30,1:00 AM
EMEA,23634,https://www.vlr.gg/23634/otherside-vs-unique-champions-tour-turkey-stage-3-challengers-1-ro32,542,2021-06-30,1:00 AM
EMEA,23635,https://www.vlr.gg/23635/kastiralis-vs-unknownpros-champions-tour-turkey-stage-3-challengers-1-ro32,542,2021-06-30,1:00 AM
EMEA,23620,https://www.vlr.gg/23620/orgless5-vs-g-vemeorg-champions-tour-turkey-stage-3-challengers-1-ro32,542,2021-06-30,1:00 AM
EMEA,23621,https://www.vlr.gg/23621/teta-esports-academy-vs-anatolia-esports-champions-tour-turkey-stage-3-challengers-1-ro32,542,2021-06-30,1:00 AM
EMEA,23622,https://www.vlr.gg/23622/fire-flux-esports-vs-schatz-champions-tour-turkey-stage-3-challengers-1-ro32,542,2021-06-30,1:00 AM
EMEA,23623,https://www.vlr.gg/23623/surreal-esports-vs-order-66-champions-tour-turkey-stage-3-challengers-1-ro32,542,2021-06-30,1:00 AM
EMEA,23625,https://www.vlr.gg/23625/supermassive-blaze-vs-xflow-esports-champions-tour-turkey-stage-3-challengers-1-ro32,542,2021-06-30,1:00 AM
EMEA,23636,https://www.vlr.gg/23636/orgless5-vs-anatolia-esports-champions-tour-turkey-stage-3-challengers-1-ro16,542,2021-06-30,10:00 PM
EMEA,23637,https://www.vlr.gg/23637/fire-flux-esports-vs-surreal-esports-champions-tour-turkey-stage-3-challengers-1-ro16,542,2021-06-30,10:00 PM
EMEA,23638,https://www.vlr.gg/23638/sivasspor-e-spor-vs-supermassive-blaze-champions-tour-turkey-stage-3-challengers-1-ro16,542,2021-06-30,10:00 PM
EMEA,23639,https://www.vlr.gg/23639/alcatraz-vs-zero-zone-champions-tour-turkey-stage-3-challengers-1-ro16,542,2021-06-30,10:00 PM
EMEA,23640,https://www.vlr.gg/23640/team-aurora-vs-besiktas-esports-champions-tour-turkey-stage-3-challengers-1-ro16,542,2021-06-30,10:00 PM
EMEA,23641,https://www.vlr.gg/23641/nonamers-vs-thunderbolts-gaming-champions-tour-turkey-stage-3-challengers-1-ro16,542,2021-06-30,10:00 PM
EMEA,23642,https://www.vlr.gg/23642/regnum-carya-esports-vs-outrage-champions-tour-turkey-stage-3-challengers-1-ro16,542,2021-06-30,10:00 PM
EMEA,23643,https://www.vlr.gg/23643/otherside-vs-kastiralis-champions-tour-turkey-stage-3-challengers-1-ro16,542,2021-06-30,10:00 PM
EMEA,24232,https://www.vlr.gg/24232/galakticos-vs-orgless5-champions-tour-turkey-stage-3-challengers-1-closed-qualifier-uro16,542,2021-07-01,1:00 AM
EMEA,24233,https://www.vlr.gg/24233/bbl-esports-vs-fire-flux-esports-champions-tour-turkey-stage-3-challengers-1-closed-qualifier-ur,542,2021-07-01,1:00 AM
EMEA,24234,https://www.vlr.gg/24234/unity-esports-vs-supermassive-blaze-champions-tour-turkey-stage-3-challengers-1-closed-qualifier,542,2021-07-01,1:00 AM
EMEA,24235,https://www.vlr.gg/24235/kafalar-esports-vs-zero-zone-champions-tour-turkey-stage-3-challengers-1-closed-qualifier-uro16,542,2021-07-01,1:00 AM
EMEA,24236,https://www.vlr.gg/24236/rare-esports-vs-team-aurora-champions-tour-turkey-stage-3-challengers-1-closed-qualifier-uro16,542,2021-07-01,1:00 AM
EMEA,24237,https://www.vlr.gg/24237/oxygen-esports-vs-thunderbolts-gaming-champions-tour-turkey-stage-3-challengers-1-closed-qualifi,542,2021-07-01,1:00 AM
EMEA,24238,https://www.vlr.gg/24238/stanbul-wildcats-vs-regnum-carya-esports-champions-tour-turkey-stage-3-challengers-1-closed-qua,542,2021-07-01,1:00 AM
EMEA,24239,https://www.vlr.gg/24239/futbolist-vs-otherside-champions-tour-turkey-stage-3-challengers-1-closed-qualifier-uro16,542,2021-07-01,1:00 AM
EMEA,24240,https://www.vlr.gg/24240/galakticos-vs-bbl-esports-champions-tour-turkey-stage-3-challengers-1-closed-qualifier-uqf,542,2021-07-01,10:00 PM
EMEA,24241,https://www.vlr.gg/24241/unity-esports-vs-zero-zone-champions-tour-turkey-stage-3-challengers-1-closed-qualifier-uqf,542,2021-07-01,10:00 PM
EMEA,24242,https://www.vlr.gg/24242/rare-esports-vs-oxygen-esports-champions-tour-turkey-stage-3-challengers-1-closed-qualifier-uqf,542,2021-07-01,10:00 PM
EMEA,24243,https://www.vlr.gg/24243/stanbul-wildcats-vs-futbolist-champions-tour-turkey-stage-3-challengers-1-closed-qualifier-uqf,542,2021-07-01,10:00 PM
EMEA,24244,https://www.vlr.gg/24244/orgless5-vs-fire-flux-esports-champions-tour-turkey-stage-3-challengers-1-closed-qualifier-lr1,542,2021-07-02,1:00 AM
EMEA,24245,https://www.vlr.gg/24245/supermassive-blaze-vs-kafalar-esports-champions-tour-turkey-stage-3-challengers-1-closed-qualifi,542,2021-07-02,1:00 AM
EMEA,24246,https://www.vlr.gg/24246/team-aurora-vs-thunderbolts-gaming-champions-tour-turkey-stage-3-challengers-1-closed-qualifier,542,2021-07-02,1:00 AM
EMEA,24247,https://www.vlr.gg/24247/regnum-carya-esports-vs-otherside-champions-tour-turkey-stage-3-challengers-1-closed-qualifier-l,542,2021-07-02,1:00 AM
EMEA,24248,https://www.vlr.gg/24248/stanbul-wildcats-vs-fire-flux-esports-champions-tour-turkey-stage-3-challengers-1-closed-qualif,542,2021-07-02,10:00 PM
EMEA,24249,https://www.vlr.gg/24249/rare-esports-vs-supermassive-blaze-champions-tour-turkey-stage-3-challengers-1-closed-qualifier,542,2021-07-02,10:00 PM
EMEA,24250,https://www.vlr.gg/24250/unity-esports-vs-team-aurora-champions-tour-turkey-stage-3-challengers-1-closed-qualifier-lr2,542,2021-07-03,12:30 AM
EMEA,24251,https://www.vlr.gg/24251/galakticos-vs-otherside-champions-tour-turkey-stage-3-challengers-1-closed-qualifier-lr2,542,2021-07-03,12:45 AM
EMEA,24978,https://www.vlr.gg/24978/oxygen-esports-vs-fire-flux-esports-champions-tour-turkey-stage-3-challengers-1-ubqf,542,2021-07-06,7:00 PM
EMEA,24979,https://www.vlr.gg/24979/zero-zone-vs-supermassive-blaze-champions-tour-turkey-stage-3-challengers-1-ubqf,542,2021-07-06,7:00 PM
EMEA,24981,https://www.vlr.gg/24981/futbolist-vs-team-aurora-champions-tour-turkey-stage-3-challengers-1-ubqf,542,2021-07-06,9:20 PM
EMEA,24980,https://www.vlr.gg/24980/bbl-esports-vs-otherside-champions-tour-turkey-stage-3-challengers-1-ubqf,542,2021-07-06,9:30 PM
EMEA,24986,https://www.vlr.gg/24986/fire-flux-esports-vs-zero-zone-champions-tour-turkey-stage-3-challengers-1-lr1,542,2021-07-06,11:40 PM
EMEA,24987,https://www.vlr.gg/24987/otherside-vs-team-aurora-champions-tour-turkey-stage-3-challengers-1-lr1,542,2021-07-07,1:00 AM
EMEA,24982,https://www.vlr.gg/24982/oxygen-esports-vs-supermassive-blaze-champions-tour-turkey-stage-3-challengers-1-ubsf,542,2021-07-07,10:00 PM
EMEA,24983,https://www.vlr.gg/24983/bbl-esports-vs-futbolist-champions-tour-turkey-stage-3-challengers-1-ubsf,542,2021-07-07,10:00 PM
EMEA,24989,https://www.vlr.gg/24989/supermassive-blaze-vs-otherside-champions-tour-turkey-stage-3-challengers-1-lr2,542,2021-07-08,12:10 AM
EMEA,24988,https://www.vlr.gg/24988/bbl-esports-vs-fire-flux-esports-champions-tour-turkey-stage-3-challengers-1-lr2,542,2021-07-08,1:30 AM
EMEA,24984,https://www.vlr.gg/24984/oxygen-esports-vs-futbolist-champions-tour-turkey-stage-3-challengers-1-ubf,542,2021-07-08,10:00 PM
EMEA,24990,https://www.vlr.gg/24990/fire-flux-esports-vs-supermassive-blaze-champions-tour-turkey-stage-3-challengers-1-lr3,542,2021-07-09,1:00 AM
EMEA,24991,https://www.vlr.gg/24991/futbolist-vs-supermassive-blaze-champions-tour-turkey-stage-3-challengers-1-lbf,542,2021-07-09,10:00 PM
EMEA,24985,https://www.vlr.gg/24985/oxygen-esports-vs-supermassive-blaze-champions-tour-turkey-stage-3-challengers-1-gf,542,2021-07-10,11:00 PM
EMEA,23484,https://www.vlr.gg/23484/tyeasy-vs-young-talents-champions-tour-cis-stage-3-challengers-1-ro64,543,2021-06-29,1:00 AM
EMEA,23485,https://www.vlr.gg/23485/kanafi-vs-hellons-champions-tour-cis-stage-3-challengers-1-ro64,543,2021-06-29,1:00 AM
EMEA,23486,https://www.vlr.gg/23486/ne-priehali-vs-team-sloniki-champions-tour-cis-stage-3-challengers-1-ro64,543,2021-06-29,1:00 AM
EMEA,23487,https://www.vlr.gg/23487/born-to-win-vs-mcchicken-champions-tour-cis-stage-3-challengers-1-ro64,543,2021-06-29,1:00 AM
EMEA,23488,https://www.vlr.gg/23488/ksenox-vs-trying-to-win-champions-tour-cis-stage-3-challengers-1-ro64,543,2021-06-29,1:00 AM
EMEA,23489,https://www.vlr.gg/23489/4ru-1kz-vs-strongunion-champions-tour-cis-stage-3-challengers-1-ro64,543,2021-06-29,1:00 AM
EMEA,23490,https://www.vlr.gg/23490/ez-katka-vs-nomads-champions-tour-cis-stage-3-challengers-1-ro64,543,2021-06-29,1:00 AM
EMEA,23491,https://www.vlr.gg/23491/olympus-vs-nway-champions-tour-cis-stage-3-challengers-1-ro64,543,2021-06-29,1:00 AM
EMEA,23492,https://www.vlr.gg/23492/aspire-vs-ajin-champions-tour-cis-stage-3-challengers-1-ro64,543,2021-06-29,1:00 AM
EMEA,23493,https://www.vlr.gg/23493/wedontneedmana-vs-badleg-champions-tour-cis-stage-3-challengers-1-ro64,543,2021-06-29,1:00 AM
EMEA,23494,https://www.vlr.gg/23494/purpure-vs-deathwish-champions-tour-cis-stage-3-challengers-1-ro64,543,2021-06-29,1:00 AM
EMEA,23495,https://www.vlr.gg/23495/yakuza-vs-formula-1-champions-tour-cis-stage-3-challengers-1-ro64,543,2021-06-29,1:00 AM
EMEA,23496,https://www.vlr.gg/23496/vengeance-vs-buykey-champions-tour-cis-stage-3-challengers-1-ro64,543,2021-06-29,1:00 AM
EMEA,23497,https://www.vlr.gg/23497/anyway-vs-zxc-gaming-champions-tour-cis-stage-3-challengers-1-ro64,543,2021-06-29,1:00 AM
EMEA,23498,https://www.vlr.gg/23498/moscow-five-jr-vs-enraged-champions-tour-cis-stage-3-challengers-1-ro64,543,2021-06-29,1:00 AM
EMEA,23499,https://www.vlr.gg/23499/tp-i-2-luza-vs-chill-boys-champions-tour-cis-stage-3-challengers-1-ro64,543,2021-06-29,1:00 AM
EMEA,23500,https://www.vlr.gg/23500/1280x960-vs-feelmyhack-champions-tour-cis-stage-3-challengers-1-ro64,543,2021-06-29,1:00 AM
EMEA,23501,https://www.vlr.gg/23501/zotix-vs-team-space-champions-tour-cis-stage-3-challengers-1-ro64,543,2021-06-29,1:00 AM
EMEA,23502,https://www.vlr.gg/23502/zlg-team-vs-valorantexec-champions-tour-cis-stage-3-challengers-1-ro64,543,2021-06-29,1:00 AM
EMEA,23503,https://www.vlr.gg/23503/epq-vs-368-champions-tour-cis-stage-3-challengers-1-ro64,543,2021-06-29,1:00 AM
EMEA,23504,https://www.vlr.gg/23504/ztitans-vs-7up-champions-tour-cis-stage-3-challengers-1-ro64,543,2021-06-29,1:00 AM
EMEA,23505,https://www.vlr.gg/23505/generation-wonders-vs-nice-one-nice-shoot-champions-tour-cis-stage-3-challengers-1-ro64,543,2021-06-29,1:00 AM
EMEA,23506,https://www.vlr.gg/23506/smaracis-esports-vs-future5stars-champions-tour-cis-stage-3-challengers-1-ro64,543,2021-06-29,1:00 AM
EMEA,23507,https://www.vlr.gg/23507/987123-vs-hollywood-champions-tour-cis-stage-3-challengers-1-ro64,543,2021-06-29,1:00 AM
EMEA,23508,https://www.vlr.gg/23508/exile-esports-vs-event-horizon-champions-tour-cis-stage-3-challengers-1-ro64,543,2021-06-29,1:00 AM
EMEA,23509,https://www.vlr.gg/23509/lambada-vs-es1-champions-tour-cis-stage-3-challengers-1-ro64,543,2021-06-29,1:00 AM
EMEA,23510,https://www.vlr.gg/23510/no-pressure-vs-noavocado-champions-tour-cis-stage-3-challengers-1-ro64,543,2021-06-29,1:00 AM
EMEA,23511,https://www.vlr.gg/23511/1000-7-vs-mbvino-champions-tour-cis-stage-3-challengers-1-ro64,543,2021-06-29,1:00 AM
EMEA,23512,https://www.vlr.gg/23512/axsor-vs-just-is-smart-champions-tour-cis-stage-3-challengers-1-ro64,543,2021-06-29,1:00 AM
EMEA,23513,https://www.vlr.gg/23513/anbu-vs-que-la-famille-champions-tour-cis-stage-3-challengers-1-ro64,543,2021-06-29,1:00 AM
EMEA,23514,https://www.vlr.gg/23514/deja-vu-vs-meme666-champions-tour-cis-stage-3-challengers-1-ro64,543,2021-06-29,1:00 AM
EMEA,23515,https://www.vlr.gg/23515/ulugbek-vs-969-gang-champions-tour-cis-stage-3-challengers-1-ro64,543,2021-06-29,1:00 AM
EMEA,23516,https://www.vlr.gg/23516/tyeasy-vs-hellons-champions-tour-cis-stage-3-challengers-1-ro32,543,2021-06-29,10:00 PM
EMEA,23517,https://www.vlr.gg/23517/team-sloniki-vs-born-to-win-champions-tour-cis-stage-3-challengers-1-ro32,543,2021-06-29,10:00 PM
EMEA,23518,https://www.vlr.gg/23518/ksenox-vs-4ru-1kz-champions-tour-cis-stage-3-challengers-1-ro32,543,2021-06-29,10:00 PM
EMEA,23519,https://www.vlr.gg/23519/ez-katka-vs-nway-champions-tour-cis-stage-3-challengers-1-ro32,543,2021-06-29,10:00 PM
EMEA,23520,https://www.vlr.gg/23520/aspire-vs-badleg-champions-tour-cis-stage-3-challengers-1-ro32,543,2021-06-29,10:00 PM
EMEA,23521,https://www.vlr.gg/23521/deathwish-vs-yakuza-champions-tour-cis-stage-3-challengers-1-ro32,543,2021-06-29,10:00 PM
EMEA,23522,https://www.vlr.gg/23522/vengeance-vs-anyway-champions-tour-cis-stage-3-challengers-1-ro32,543,2021-06-29,10:00 PM
EMEA,23523,https://www.vlr.gg/23523/moscow-five-jr-vs-chill-boys-champions-tour-cis-stage-3-challengers-1-ro32,543,2021-06-29,10:00 PM
EMEA,23524,https://www.vlr.gg/23524/1280x960-vs-team-space-champions-tour-cis-stage-3-challengers-1-ro32,543,2021-06-29,10:00 PM
EMEA,23525,https://www.vlr.gg/23525/valorantexec-vs-368-champions-tour-cis-stage-3-challengers-1-ro32,543,2021-06-29,10:00 PM
EMEA,23526,https://www.vlr.gg/23526/ztitans-vs-generation-wonders-champions-tour-cis-stage-3-challengers-1-ro32,543,2021-06-29,10:00 PM
EMEA,23527,https://www.vlr.gg/23527/smaracis-esports-vs-hollywood-champions-tour-cis-stage-3-challengers-1-ro32,543,2021-06-29,10:00 PM
EMEA,23528,https://www.vlr.gg/23528/exile-esports-vs-es1-champions-tour-cis-stage-3-challengers-1-ro32,543,2021-06-29,10:00 PM
EMEA,23529,https://www.vlr.gg/23529/no-pressure-vs-mbvino-champions-tour-cis-stage-3-challengers-1-ro32,543,2021-06-29,10:00 PM
EMEA,23530,https://www.vlr.gg/23530/axsor-vs-que-la-famille-champions-tour-cis-stage-3-challengers-1-ro32,543,2021-06-29,10:00 PM
EMEA,23531,https://www.vlr.gg/23531/deja-vu-vs-969-gang-champions-tour-cis-stage-3-challengers-1-ro32,543,2021-06-29,10:00 PM
EMEA,23532,https://www.vlr.gg/23532/tyeasy-vs-born-to-win-champions-tour-cis-stage-3-challengers-1-ro16,543,2021-06-30,12:00 AM
EMEA,23539,https://www.vlr.gg/23539/axsor-vs-deja-vu-champions-tour-cis-stage-3-challengers-1-ro16,543,2021-06-30,12:00 AM
EMEA,23533,https://www.vlr.gg/23533/ksenox-vs-nway-champions-tour-cis-stage-3-challengers-1-ro16,543,2021-06-30,1:00 AM
EMEA,23534,https://www.vlr.gg/23534/aspire-vs-deathwish-champions-tour-cis-stage-3-challengers-1-ro16,543,2021-06-30,1:00 AM
EMEA,23535,https://www.vlr.gg/23535/vengeance-vs-moscow-five-jr-champions-tour-cis-stage-3-challengers-1-ro16,543,2021-06-30,1:00 AM
EMEA,23536,https://www.vlr.gg/23536/1280x960-vs-368-champions-tour-cis-stage-3-challengers-1-ro16,543,2021-06-30,1:00 AM
EMEA,23537,https://www.vlr.gg/23537/ztitans-vs-smaracis-esports-champions-tour-cis-stage-3-challengers-1-ro16,543,2021-06-30,1:00 AM
EMEA,23538,https://www.vlr.gg/23538/exile-esports-vs-no-pressure-champions-tour-cis-stage-3-challengers-1-ro16,543,2021-06-30,1:00 AM
EMEA,24118,https://www.vlr.gg/24118/gmt-esports-vs-tyeasy-champions-tour-cis-stage-3-challengers-1-uro16,543,2021-06-30,10:00 PM
EMEA,24119,https://www.vlr.gg/24119/ag-vs-ksenox-champions-tour-cis-stage-3-challengers-1-uro16,543,2021-06-30,10:00 PM
EMEA,24120,https://www.vlr.gg/24120/team-singularity-vs-aspire-champions-tour-cis-stage-3-challengers-1-uro16,543,2021-06-30,10:00 PM
EMEA,24122,https://www.vlr.gg/24122/aim-attack-vs-1280x960-champions-tour-cis-stage-3-challengers-1-uro16,543,2021-06-30,10:00 PM
EMEA,24123,https://www.vlr.gg/24123/one-breath-gaming-vs-smaracis-esports-champions-tour-cis-stage-3-challengers-1-uro16,543,2021-06-30,10:00 PM
EMEA,24124,https://www.vlr.gg/24124/divinity-vs-no-pressure-champions-tour-cis-stage-3-challengers-1-uro16,543,2021-06-30,10:00 PM
EMEA,24125,https://www.vlr.gg/24125/gambit-esports-vs-axsor-champions-tour-cis-stage-3-challengers-1-uro16,543,2021-06-30,10:00 PM
EMEA,24121,https://www.vlr.gg/24121/forze-vs-vengeance-champions-tour-cis-stage-3-challengers-1-uro16,543,2021-06-30,11:00 PM
EMEA,24126,https://www.vlr.gg/24126/gmt-esports-vs-ag-champions-tour-cis-stage-3-challengers-1-uqf,543,2021-07-01,12:15 AM
EMEA,24130,https://www.vlr.gg/24130/tyeasy-vs-ksenox-champions-tour-cis-stage-3-challengers-1-lr1,543,2021-07-01,12:15 AM
EMEA,24129,https://www.vlr.gg/24129/no-pressure-vs-gambit-esports-champions-tour-cis-stage-3-challengers-1-uqf,543,2021-07-01,12:30 AM
EMEA,24127,https://www.vlr.gg/24127/team-singularity-vs-forze-champions-tour-cis-stage-3-challengers-1-uqf,543,2021-07-01,1:00 AM
EMEA,24128,https://www.vlr.gg/24128/aim-attack-vs-one-breath-gaming-champions-tour-cis-stage-3-challengers-1-uqf,543,2021-07-01,1:00 AM
EMEA,24131,https://www.vlr.gg/24131/aspire-vs-vengeance-champions-tour-cis-stage-3-challengers-1-lr1,543,2021-07-01,1:00 AM
EMEA,24132,https://www.vlr.gg/24132/1280x960-vs-smaracis-esports-champions-tour-cis-stage-3-challengers-1-lr1,543,2021-07-01,1:00 AM
EMEA,24133,https://www.vlr.gg/24133/divinity-vs-axsor-champions-tour-cis-stage-3-challengers-1-lr1,543,2021-07-01,1:00 AM
EMEA,24134,https://www.vlr.gg/24134/no-pressure-vs-tyeasy-champions-tour-cis-stage-3-challengers-1-lr2,543,2021-07-01,10:00 PM
EMEA,24136,https://www.vlr.gg/24136/aim-attack-vs-vengeance-champions-tour-cis-stage-3-challengers-1-lr2,543,2021-07-02,1:00 AM
EMEA,24135,https://www.vlr.gg/24135/team-singularity-vs-smaracis-esports-champions-tour-cis-stage-3-challengers-1-lr2,543,2021-07-02,10:00 PM
EMEA,24137,https://www.vlr.gg/24137/ag-vs-axsor-champions-tour-cis-stage-3-challengers-1-lr2,543,2021-07-02,11:50 PM
EMEA,24964,https://www.vlr.gg/24964/one-breath-gaming-vs-no-pressure-champions-tour-cis-stage-3-challengers-1-ubqf,543,2021-07-06,8:00 PM
EMEA,24965,https://www.vlr.gg/24965/forze-vs-aim-attack-champions-tour-cis-stage-3-challengers-1-ubqf,543,2021-07-06,8:00 PM
EMEA,24966,https://www.vlr.gg/24966/gambit-esports-vs-team-singularity-champions-tour-cis-stage-3-challengers-1-ubqf,543,2021-07-06,10:00 PM
EMEA,24967,https://www.vlr.gg/24967/gmt-esports-vs-axsor-champions-tour-cis-stage-3-challengers-1-ubqf,543,2021-07-06,11:20 PM
EMEA,24972,https://www.vlr.gg/24972/one-breath-gaming-vs-aim-attack-champions-tour-cis-stage-3-challengers-1-lr1,543,2021-07-07,12:15 AM
EMEA,24973,https://www.vlr.gg/24973/team-singularity-vs-gmt-esports-champions-tour-cis-stage-3-challengers-1-lr1,543,2021-07-07,2:40 AM
EMEA,24968,https://www.vlr.gg/24968/no-pressure-vs-forze-champions-tour-cis-stage-3-challengers-1-ubsf,543,2021-07-07,10:00 PM
EMEA,24969,https://www.vlr.gg/24969/gambit-esports-vs-axsor-champions-tour-cis-stage-3-challengers-1-ubsf,543,2021-07-07,10:00 PM
EMEA,24974,https://www.vlr.gg/24974/axsor-vs-one-breath-gaming-champions-tour-cis-stage-3-challengers-1-lr2,543,2021-07-07,11:50 PM
EMEA,24975,https://www.vlr.gg/24975/forze-vs-team-singularity-champions-tour-cis-stage-3-challengers-1-lr2,543,2021-07-08,1:00 AM
EMEA,24970,https://www.vlr.gg/24970/no-pressure-vs-gambit-esports-champions-tour-cis-stage-3-challengers-1-ubf,543,2021-07-08,10:00 PM
EMEA,24976,https://www.vlr.gg/24976/one-breath-gaming-vs-forze-champions-tour-cis-stage-3-challengers-1-lr3,543,2021-07-09,12:15 AM
EMEA,24977,https://www.vlr.gg/24977/no-pressure-vs-forze-champions-tour-cis-stage-3-challengers-1-lbf,543,2021-07-09,10:00 PM
EMEA,24971,https://www.vlr.gg/24971/gambit-esports-vs-no-pressure-champions-tour-cis-stage-3-challengers-1-gf,543,2021-07-10,10:00 PM
EMEA,19071,https://www.vlr.gg/19071/fnatic-vs-kr-esports-valorant-champions-tour-stage-2-masters-reykjavik-main-event-ur1,353,2021-05-24,10:00 PM
EMEA,19072,https://www.vlr.gg/19072/version1-vs-crazy-raccoon-valorant-champions-tour-stage-2-masters-reykjavik-main-event-ur1,353,2021-05-25,12:25 AM
EMEA,19075,https://www.vlr.gg/19075/sharks-esports-vs-nuturn-valorant-champions-tour-stage-2-masters-reykjavik-main-event-ubqf,353,2021-05-25,3:45 AM
EMEA,19074,https://www.vlr.gg/19074/team-vikings-vs-x10-esports-valorant-champions-tour-stage-2-masters-reykjavik-main-event-ubqf,353,2021-05-25,10:00 PM
EMEA,19076,https://www.vlr.gg/19076/team-liquid-vs-version1-valorant-champions-tour-stage-2-masters-reykjavik-main-event-ubqf,353,2021-05-26,1:05 AM
EMEA,19073,https://www.vlr.gg/19073/sentinels-vs-fnatic-valorant-champions-tour-stage-2-masters-reykjavik-main-event-ubqf,353,2021-05-26,5:05 AM
EMEA,19081,https://www.vlr.gg/19081/x10-esports-vs-crazy-raccoon-valorant-champions-tour-stage-2-masters-reykjavik-main-event-lr1,353,2021-05-26,10:00 PM
EMEA,19082,https://www.vlr.gg/19082/sharks-esports-vs-kr-esports-valorant-champions-tour-stage-2-masters-reykjavik-main-event-lr1,353,2021-05-27,12:20 AM
EMEA,19078,https://www.vlr.gg/19078/sentinels-vs-team-vikings-valorant-champions-tour-stage-2-masters-reykjavik-main-event-ubsf,353,2021-05-27,2:30 AM
EMEA,19079,https://www.vlr.gg/19079/version1-vs-nuturn-valorant-champions-tour-stage-2-masters-reykjavik-main-event-ubsf,353,2021-05-27,10:00 PM
EMEA,19083,https://www.vlr.gg/19083/fnatic-vs-x10-esports-valorant-champions-tour-stage-2-masters-reykjavik-main-event-lr2,353,2021-05-28,1:40 AM
EMEA,19084,https://www.vlr.gg/19084/team-liquid-vs-kr-esports-valorant-champions-tour-stage-2-masters-reykjavik-main-event-lr2,353,2021-05-28,3:45 AM
EMEA,19085,https://www.vlr.gg/19085/version1-vs-fnatic-valorant-champions-tour-stage-2-masters-reykjavik-main-event-lr3,353,2021-05-28,10:00 PM
EMEA,19086,https://www.vlr.gg/19086/team-vikings-vs-team-liquid-valorant-champions-tour-stage-2-masters-reykjavik-main-event-lr3,353,2021-05-29,12:25 AM
EMEA,19080,https://www.vlr.gg/19080/sentinels-vs-nuturn-valorant-champions-tour-stage-2-masters-reykjavik-main-event-ubf,353,2021-05-29,2:30 AM
EMEA,19087,https://www.vlr.gg/19087/fnatic-vs-team-liquid-valorant-champions-tour-stage-2-masters-reykjavik-main-event-lr4,353,2021-05-30,12:00 AM
EMEA,19088,https://www.vlr.gg/19088/nuturn-vs-fnatic-valorant-champions-tour-stage-2-masters-reykjavik-main-event-lbf,353,2021-05-30,2:30 AM
EMEA,19089,https://www.vlr.gg/19089/sentinels-vs-fnatic-valorant-champions-tour-stage-2-masters-reykjavik-main-event-gf,353,2021-05-31,12:00 AM
EMEA,18949,https://www.vlr.gg/18949/lusail-esports-vs-eagles-esports-strike-arabia-league-season-1-r4,477,2021-05-15,1:00 AM
EMEA,18950,https://www.vlr.gg/18950/digger-esports-vs-tuwaiq-esports-club-strike-arabia-league-season-1-r4,477,2021-05-15,1:00 AM
EMEA,18951,https://www.vlr.gg/18951/fraggerz-vs-alpha-strike-arabia-league-season-1-r4,477,2021-05-15,1:00 AM
EMEA,18952,https://www.vlr.gg/18952/piercer-esports-vs-yalla-esports-strike-arabia-league-season-1-r4,477,2021-05-15,1:00 AM
EMEA,19019,https://www.vlr.gg/19019/anubis-gaming-vs-team-majesty-strike-arabia-league-season-1-r3,477,2021-05-15,3:00 AM
EMEA,19020,https://www.vlr.gg/19020/team-raad-vs-poision-clan-strike-arabia-league-season-1-r3,477,2021-05-15,3:00 AM
EMEA,19021,https://www.vlr.gg/19021/e9-esports-vs-one-shot-esports-strike-arabia-league-season-1-r3,477,2021-05-15,3:00 AM
EMEA,19022,https://www.vlr.gg/19022/team-gravity-vs-la7zag-esports-strike-arabia-league-season-1-r3,477,2021-05-15,3:00 AM
EMEA,18959,https://www.vlr.gg/18959/lusail-esports-vs-fraggerz-strike-arabia-league-season-1-r2,477,2021-05-16,1:00 AM
EMEA,18960,https://www.vlr.gg/18960/piercer-esports-vs-digger-esports-strike-arabia-league-season-1-r2,477,2021-05-16,1:00 AM
EMEA,18961,https://www.vlr.gg/18961/yalla-esports-vs-eagles-esports-strike-arabia-league-season-1-r2,477,2021-05-16,1:00 AM
EMEA,18962,https://www.vlr.gg/18962/alpha-vs-tuwaiq-esports-club-strike-arabia-league-season-1-r2,477,2021-05-16,1:00 AM
EMEA,19011,https://www.vlr.gg/19011/anubis-gaming-vs-e9-esports-strike-arabia-league-season-1-r1,477,2021-05-16,3:00 AM
EMEA,19012,https://www.vlr.gg/19012/team-gravity-vs-team-raad-strike-arabia-league-season-1-r1,477,2021-05-16,3:00 AM
EMEA,19013,https://www.vlr.gg/19013/la7zag-esports-vs-team-majesty-strike-arabia-league-season-1-r1,477,2021-05-16,3:00 AM
EMEA,19014,https://www.vlr.gg/19014/one-shot-esports-vs-poision-clan-strike-arabia-league-season-1-r1,477,2021-05-16,3:00 AM
EMEA,18963,https://www.vlr.gg/18963/lusail-esports-vs-digger-esports-strike-arabia-league-season-1-r3,477,2021-05-17,1:00 AM
EMEA,18964,https://www.vlr.gg/18964/fraggerz-vs-eagles-esports-strike-arabia-league-season-1-r3,477,2021-05-17,1:00 AM
EMEA,18965,https://www.vlr.gg/18965/piercer-esports-vs-tuwaiq-esports-club-strike-arabia-league-season-1-r3,477,2021-05-17,1:00 AM
EMEA,18966,https://www.vlr.gg/18966/yalla-esports-vs-alpha-strike-arabia-league-season-1-r3,477,2021-05-17,1:00 AM
EMEA,19039,https://www.vlr.gg/19039/team-majesty-vs-poision-clan-strike-arabia-league-season-1-r8,477,2021-05-17,3:00 AM
EMEA,19040,https://www.vlr.gg/19040/team-raad-vs-one-shot-esports-strike-arabia-league-season-1-r8,477,2021-05-17,3:00 AM
EMEA,19041,https://www.vlr.gg/19041/e9-esports-vs-la7zag-esports-strike-arabia-league-season-1-r8,477,2021-05-17,3:00 AM
EMEA,19042,https://www.vlr.gg/19042/team-gravity-vs-anubis-gaming-strike-arabia-league-season-1-r8,477,2021-05-17,3:00 AM
EMEA,18955,https://www.vlr.gg/18955/lusail-esports-vs-piercer-esports-strike-arabia-league-season-1-r1,477,2021-05-18,1:00 AM
EMEA,18956,https://www.vlr.gg/18956/yalla-esports-vs-fraggerz-strike-arabia-league-season-1-r1,477,2021-05-18,1:00 AM
EMEA,18957,https://www.vlr.gg/18957/alpha-vs-digger-esports-strike-arabia-league-season-1-r1,477,2021-05-18,1:00 AM
EMEA,18958,https://www.vlr.gg/18958/tuwaiq-esports-club-vs-eagles-esports-strike-arabia-league-season-1-r1,477,2021-05-18,1:00 AM
EMEA,19023,https://www.vlr.gg/19023/anubis-gaming-vs-poision-clan-strike-arabia-league-season-1-r4,477,2021-05-18,3:00 AM
EMEA,19024,https://www.vlr.gg/19024/team-majesty-vs-one-shot-esports-strike-arabia-league-season-1-r4,477,2021-05-18,3:00 AM
EMEA,19025,https://www.vlr.gg/19025/team-raad-vs-la7zag-esports-strike-arabia-league-season-1-r4,477,2021-05-18,3:00 AM
EMEA,19026,https://www.vlr.gg/19026/e9-esports-vs-team-gravity-strike-arabia-league-season-1-r4,477,2021-05-18,3:00 AM
EMEA,18967,https://www.vlr.gg/18967/lusail-esports-vs-tuwaiq-esports-club-strike-arabia-league-season-1-r5,477,2021-05-19,1:00 AM
EMEA,18969,https://www.vlr.gg/18969/digger-esports-vs-yalla-esports-strike-arabia-league-season-1-r5,477,2021-05-19,1:00 AM
EMEA,18970,https://www.vlr.gg/18970/fraggerz-vs-piercer-esports-strike-arabia-league-season-1-r5,477,2021-05-19,1:00 AM
EMEA,19027,https://www.vlr.gg/19027/anubis-gaming-vs-one-shot-esports-strike-arabia-league-season-1-r5,477,2021-05-19,3:00 AM
EMEA,19028,https://www.vlr.gg/19028/poison-clan-vs-la7zag-esports-strike-arabia-league-season-1-r5,477,2021-05-19,3:00 AM
EMEA,19029,https://www.vlr.gg/19029/team-majesty-vs-team-gravity-strike-arabia-league-season-1-r5,477,2021-05-19,3:00 AM
EMEA,19030,https://www.vlr.gg/19030/team-raad-vs-e9-esports-strike-arabia-league-season-1-r5,477,2021-05-19,3:00 AM
EMEA,18971,https://www.vlr.gg/18971/lusail-esports-vs-alpha-strike-arabia-league-season-1-r6,477,2021-05-20,1:00 AM
EMEA,18972,https://www.vlr.gg/18972/tuwaiq-esports-club-vs-yalla-esports-strike-arabia-league-season-1-r6,477,2021-05-20,1:00 AM
EMEA,18973,https://www.vlr.gg/18973/eagles-esports-vs-piercer-esports-strike-arabia-league-season-1-r6,477,2021-05-20,1:00 AM
EMEA,18974,https://www.vlr.gg/18974/digger-esports-vs-fraggerz-strike-arabia-league-season-1-r6,477,2021-05-20,1:00 AM
EMEA,19031,https://www.vlr.gg/19031/anubis-gaming-vs-la7zag-esports-strike-arabia-league-season-1-r6,477,2021-05-20,3:00 AM
EMEA,19033,https://www.vlr.gg/19033/poison-clan-vs-e9-esports-strike-arabia-league-season-1-r6,477,2021-05-20,3:00 AM
EMEA,19034,https://www.vlr.gg/19034/team-majesty-vs-team-raad-strike-arabia-league-season-1-r6,477,2021-05-20,3:00 AM
EMEA,18975,https://www.vlr.gg/18975/lusail-esports-vs-yalla-esports-strike-arabia-league-season-1-r7,477,2021-05-20,9:00 PM
EMEA,18976,https://www.vlr.gg/18976/alpha-vs-piercer-esports-strike-arabia-league-season-1-r7,477,2021-05-20,9:00 PM
EMEA,18977,https://www.vlr.gg/18977/tuwaiq-esports-club-vs-fraggerz-strike-arabia-league-season-1-r7,477,2021-05-20,9:00 PM
EMEA,18978,https://www.vlr.gg/18978/eagles-esports-vs-digger-esports-strike-arabia-league-season-1-r7,477,2021-05-20,9:00 PM
EMEA,19035,https://www.vlr.gg/19035/anubis-gaming-vs-team-gravity-strike-arabia-league-season-1-r7,477,2021-05-21,12:00 AM
EMEA,19036,https://www.vlr.gg/19036/la7zag-esports-vs-e9-esports-strike-arabia-league-season-1-r7,477,2021-05-21,12:00 AM
EMEA,19037,https://www.vlr.gg/19037/one-shot-esports-vs-team-raad-strike-arabia-league-season-1-r7,477,2021-05-21,12:00 AM
EMEA,19038,https://www.vlr.gg/19038/poison-clan-vs-team-majesty-strike-arabia-league-season-1-r7,477,2021-05-21,12:00 AM
EMEA,18993,https://www.vlr.gg/18993/yalla-esports-vs-piercer-esports-strike-arabia-league-season-1-r11,477,2021-05-21,1:00 AM
EMEA,18994,https://www.vlr.gg/18994/alpha-vs-fraggerz-strike-arabia-league-season-1-r11,477,2021-05-21,1:00 AM
EMEA,18995,https://www.vlr.gg/18995/tuwaiq-esports-club-vs-digger-esports-strike-arabia-league-season-1-r11,477,2021-05-21,1:00 AM
EMEA,18996,https://www.vlr.gg/18996/eagles-esports-vs-lusail-esports-strike-arabia-league-season-1-r11,477,2021-05-21,1:00 AM
EMEA,19015,https://www.vlr.gg/19015/anubis-gaming-vs-team-raad-strike-arabia-league-season-1-r2,477,2021-05-21,3:00 AM
EMEA,19016,https://www.vlr.gg/19016/e9-esports-vs-team-majesty-strike-arabia-league-season-1-r2,477,2021-05-21,3:00 AM
EMEA,19017,https://www.vlr.gg/19017/team-gravity-vs-poison-clan-strike-arabia-league-season-1-r2,477,2021-05-21,3:00 AM
EMEA,19018,https://www.vlr.gg/19018/la7zag-esports-vs-one-shot-esports-strike-arabia-league-season-1-r2,477,2021-05-21,3:00 AM
EMEA,18979,https://www.vlr.gg/18979/digger-esports-vs-eagles-esports-strike-arabia-league-season-1-r8,477,2021-05-21,9:00 PM
EMEA,18980,https://www.vlr.gg/18980/fraggerz-vs-tuwaiq-esports-club-strike-arabia-league-season-1-r8,477,2021-05-21,9:00 PM
EMEA,18981,https://www.vlr.gg/18981/piercer-esports-vs-alpha-strike-arabia-league-season-1-r8,477,2021-05-21,9:00 PM
EMEA,18982,https://www.vlr.gg/18982/yalla-esports-vs-lusail-esports-strike-arabia-league-season-1-r8,477,2021-05-21,9:00 PM
EMEA,19043,https://www.vlr.gg/19043/team-raad-vs-team-majesty-strike-arabia-league-season-1-r9,477,2021-05-22,12:00 AM
EMEA,19044,https://www.vlr.gg/19044/e9-esports-vs-poison-clan-strike-arabia-league-season-1-r9,477,2021-05-22,12:00 AM
EMEA,19045,https://www.vlr.gg/19045/team-gravity-vs-one-shot-esports-strike-arabia-league-season-1-r9,477,2021-05-22,12:00 AM
EMEA,19046,https://www.vlr.gg/19046/la7zag-esports-vs-anubis-gaming-strike-arabia-league-season-1-r9,477,2021-05-22,12:00 AM
EMEA,19001,https://www.vlr.gg/19001/tuwaiq-esports-club-vs-alpha-strike-arabia-league-season-1-r13,477,2021-05-22,1:00 AM
EMEA,19002,https://www.vlr.gg/19002/eagles-esports-vs-yalla-esports-strike-arabia-league-season-1-r13,477,2021-05-22,1:00 AM
EMEA,19003,https://www.vlr.gg/19003/digger-esports-vs-piercer-esports-strike-arabia-league-season-1-r13,477,2021-05-22,1:00 AM
EMEA,19004,https://www.vlr.gg/19004/fraggerz-vs-lusail-esports-strike-arabia-league-season-1-r13,477,2021-05-22,1:00 AM
EMEA,19055,https://www.vlr.gg/19055/la7zag-esports-vs-team-gravity-strike-arabia-league-season-1-r12,477,2021-05-22,3:00 AM
EMEA,19056,https://www.vlr.gg/19056/one-shot-esports-vs-e9-esports-strike-arabia-league-season-1-r12,477,2021-05-22,3:00 AM
EMEA,19057,https://www.vlr.gg/19057/poison-clan-vs-team-raad-strike-arabia-league-season-1-r12,477,2021-05-22,3:00 AM
EMEA,19058,https://www.vlr.gg/19058/team-majesty-vs-anubis-gaming-strike-arabia-league-season-1-r12,477,2021-05-22,3:00 AM
EMEA,18983,https://www.vlr.gg/18983/fraggerz-vs-digger-esports-strike-arabia-league-season-1-r9,477,2021-05-22,9:00 PM
EMEA,18984,https://www.vlr.gg/18984/piercer-esports-vs-eagles-esports-strike-arabia-league-season-1-r9,477,2021-05-22,9:00 PM
EMEA,18985,https://www.vlr.gg/18985/yalla-esports-vs-tuwaiq-esports-club-strike-arabia-league-season-1-r9,477,2021-05-22,9:00 PM
EMEA,18986,https://www.vlr.gg/18986/alpha-vs-lusail-esports-strike-arabia-league-season-1-r9,477,2021-05-22,9:00 PM
EMEA,19047,https://www.vlr.gg/19047/e9sports-vs-team-raad-strike-arabia-league-season-1-r10,477,2021-05-23,12:00 AM
EMEA,19048,https://www.vlr.gg/19048/team-gravity-vs-team-majesty-strike-arabia-league-season-1-r10,477,2021-05-23,12:00 AM
EMEA,19049,https://www.vlr.gg/19049/la7zag-esports-vs-poison-clan-strike-arabia-league-season-1-r10,477,2021-05-23,12:00 AM
EMEA,19050,https://www.vlr.gg/19050/one-shot-esports-vs-anubis-gaming-strike-arabia-league-season-1-r10,477,2021-05-23,12:00 AM
EMEA,18997,https://www.vlr.gg/18997/alpha-vs-yalla-esports-strike-arabia-league-season-1-r12,477,2021-05-23,1:00 AM
EMEA,18998,https://www.vlr.gg/18998/tuwaiq-esports-club-vs-piercer-esports-strike-arabia-league-season-1-r12,477,2021-05-23,1:00 AM
EMEA,18999,https://www.vlr.gg/18999/eagles-esports-vs-fraggerz-strike-arabia-league-season-1-r12,477,2021-05-23,1:00 AM
EMEA,19000,https://www.vlr.gg/19000/digger-esports-vs-lusail-esports-strike-arabia-league-season-1-r12,477,2021-05-23,1:00 AM
EMEA,19063,https://www.vlr.gg/19063/poison-clan-vs-one-shot-esports-strike-arabia-league-season-1-r14,477,2021-05-23,3:00 AM
EMEA,19064,https://www.vlr.gg/19064/team-majesty-vs-la7zag-esports-strike-arabia-league-season-1-r14,477,2021-05-23,3:00 AM
EMEA,19065,https://www.vlr.gg/19065/team-raad-vs-team-gravity-strike-arabia-league-season-1-r14,477,2021-05-23,3:00 AM
EMEA,19066,https://www.vlr.gg/19066/e9sports-vs-anubis-gaming-strike-arabia-league-season-1-r14,477,2021-05-23,3:00 AM
EMEA,18989,https://www.vlr.gg/18989/piercer-esports-vs-fraggerz-strike-arabia-league-season-1-r10,477,2021-05-23,9:00 PM
EMEA,18990,https://www.vlr.gg/18990/yalla-esports-vs-digger-esports-strike-arabia-league-season-1-r10,477,2021-05-23,9:00 PM
EMEA,18992,https://www.vlr.gg/18992/tuwaiq-esports-club-vs-lusail-esports-strike-arabia-league-season-1-r10,477,2021-05-23,9:00 PM
EMEA,19051,https://www.vlr.gg/19051/team-gravity-vs-e9sports-strike-arabia-league-season-1-r11,477,2021-05-24,12:00 AM
EMEA,19052,https://www.vlr.gg/19052/la7zag-esports-vs-team-raad-strike-arabia-league-season-1-r11,477,2021-05-24,12:00 AM
EMEA,19053,https://www.vlr.gg/19053/one-shot-esports-vs-team-majesty-strike-arabia-league-season-1-r11,477,2021-05-24,12:00 AM
EMEA,19054,https://www.vlr.gg/19054/poison-clan-vs-anubis-gaming-strike-arabia-league-season-1-r11,477,2021-05-24,12:00 AM
EMEA,19005,https://www.vlr.gg/19005/eagles-esports-vs-tuwaiq-esports-club-strike-arabia-league-season-1-r14,477,2021-05-24,1:00 AM
EMEA,19006,https://www.vlr.gg/19006/digger-esports-vs-alpha-strike-arabia-league-season-1-r14,477,2021-05-24,1:00 AM
EMEA,19007,https://www.vlr.gg/19007/fraggerz-vs-yalla-esports-strike-arabia-league-season-1-r14,477,2021-05-24,1:00 AM
EMEA,19008,https://www.vlr.gg/19008/piercer-esports-vs-lusail-esports-strike-arabia-league-season-1-r14,477,2021-05-24,1:00 AM
EMEA,19059,https://www.vlr.gg/19059/one-shot-esports-vs-la7zag-esports-strike-arabia-league-season-1-r13,477,2021-05-24,3:00 AM
EMEA,19060,https://www.vlr.gg/19060/poison-clan-vs-team-gravity-strike-arabia-league-season-1-r13,477,2021-05-24,3:00 AM
EMEA,19061,https://www.vlr.gg/19061/team-majesty-vs-e9sports-strike-arabia-league-season-1-r13,477,2021-05-24,3:00 AM
EMEA,19062,https://www.vlr.gg/19062/team-raad-vs-anubis-gaming-strike-arabia-league-season-1-r13,477,2021-05-24,3:00 AM
EMEA,16824,https://www.vlr.gg/16824/funplus-phoenix-vs-gambit-esports-champions-tour-stage-2-emea-challengers-playoffs-opening-a,376,2021-04-23,10:00 PM
EMEA,16829,https://www.vlr.gg/16829/bbl-esports-vs-team-liquid-champions-tour-stage-2-emea-challengers-playoffs-opening-b,376,2021-04-24,12:25 AM
EMEA,16825,https://www.vlr.gg/16825/fnatic-vs-oxygen-esports-champions-tour-stage-2-emea-challengers-playoffs-opening-a,376,2021-04-24,10:00 PM
EMEA,16830,https://www.vlr.gg/16830/futbolist-vs-guild-esports-champions-tour-stage-2-emea-challengers-playoffs-opening-b,376,2021-04-25,12:05 AM
EMEA,16827,https://www.vlr.gg/16827/gambit-esports-vs-bbl-esports-champions-tour-stage-2-emea-challengers-playoffs-elimination-a,376,2021-04-25,10:00 PM
EMEA,16832,https://www.vlr.gg/16832/oxygen-esports-vs-futbolist-champions-tour-stage-2-emea-challengers-playoffs-elimination-b,376,2021-04-26,12:20 AM
EMEA,16826,https://www.vlr.gg/16826/funplus-phoenix-vs-team-liquid-champions-tour-stage-2-emea-challengers-playoffs-winners-a,376,2021-04-29,10:00 PM
EMEA,16831,https://www.vlr.gg/16831/fnatic-vs-guild-esports-champions-tour-stage-2-emea-challengers-playoffs-winners-b,376,2021-04-30,12:15 AM
EMEA,16833,https://www.vlr.gg/16833/guild-esports-vs-oxygen-esports-champions-tour-stage-2-emea-challengers-playoffs-decider-b,376,2021-04-30,10:00 PM
EMEA,16828,https://www.vlr.gg/16828/funplus-phoenix-vs-gambit-esports-champions-tour-stage-2-emea-challengers-playoffs-decider-a,376,2021-05-01,1:00 AM
EMEA,16834,https://www.vlr.gg/16834/team-liquid-vs-oxygen-esports-champions-tour-stage-2-emea-challengers-playoffs-sf,376,2021-05-01,10:00 PM
EMEA,16835,https://www.vlr.gg/16835/fnatic-vs-gambit-esports-champions-tour-stage-2-emea-challengers-playoffs-sf,376,2021-05-01,11:40 PM
EMEA,16836,https://www.vlr.gg/16836/team-liquid-vs-fnatic-champions-tour-stage-2-emea-challengers-playoffs-gf,376,2021-05-02,10:00 PM
EMEA,16603,https://www.vlr.gg/16603/olympus-vs-flashpoint-strike-arabia-championship-season-1-ubqf,423,2021-04-15,11:00 PM
EMEA,16604,https://www.vlr.gg/16604/eternals-vs-el-bdoon-strike-arabia-championship-season-1-ubqf,423,2021-04-15,11:00 PM
EMEA,16605,https://www.vlr.gg/16605/the-bridge-vs-yalla-esports-strike-arabia-championship-season-1-ubqf,423,2021-04-15,11:00 PM
EMEA,16606,https://www.vlr.gg/16606/team-duelist-vs-new-genesis-esports-strike-arabia-championship-season-1-ubqf,423,2021-04-15,11:30 PM
EMEA,16589,https://www.vlr.gg/16589/baited-vs-hardstuck-strike-arabia-championship-season-1-ubqf,423,2021-04-16,12:00 AM
EMEA,16590,https://www.vlr.gg/16590/cairo-city-gzzz-vs-b13-strike-arabia-championship-season-1-ubqf,423,2021-04-16,12:00 AM
EMEA,16592,https://www.vlr.gg/16592/freeagentz-vs-dark-tempest-strike-arabia-championship-season-1-ubqf,423,2021-04-16,12:00 AM
EMEA,16591,https://www.vlr.gg/16591/anubis-gaming-vs-nasr-esports-strike-arabia-championship-season-1-ubqf,423,2021-04-16,1:30 AM
EMEA,16575,https://www.vlr.gg/16575/alterfox-esports-vs-fox-gaming-strike-arabia-championship-season-1-ubqf,423,2021-04-16,2:30 AM
EMEA,16576,https://www.vlr.gg/16576/invaders-vs-exality-strike-arabia-championship-season-1-ubqf,423,2021-04-16,2:30 AM
EMEA,16577,https://www.vlr.gg/16577/one-shot-esports-vs-guccigang-strike-arabia-championship-season-1-ubqf,423,2021-04-16,2:30 AM
EMEA,16578,https://www.vlr.gg/16578/e9-esports-vs-team-lightning-strike-arabia-championship-season-1-ubqf,423,2021-04-16,2:30 AM
EMEA,16607,https://www.vlr.gg/16607/olympus-vs-el-bdoon-strike-arabia-championship-season-1-ubsf,423,2021-04-16,11:00 PM
EMEA,16608,https://www.vlr.gg/16608/yalla-esports-vs-team-duelist-strike-arabia-championship-season-1-ubsf,423,2021-04-16,11:00 PM
EMEA,16593,https://www.vlr.gg/16593/hardstuck-vs-cairo-city-gzzz-strike-arabia-championship-season-1-ubsf,423,2021-04-17,12:00 AM
EMEA,16594,https://www.vlr.gg/16594/nasr-esports-vs-freeagentz-strike-arabia-championship-season-1-ubsf,423,2021-04-17,12:00 AM
EMEA,16579,https://www.vlr.gg/16579/fox-gaming-vs-invaders-strike-arabia-championship-season-1-ubsf,423,2021-04-17,2:30 AM
EMEA,16580,https://www.vlr.gg/16580/guccigang-vs-e9-esports-strike-arabia-championship-season-1-ubsf,423,2021-04-17,2:30 AM
EMEA,16610,https://www.vlr.gg/16610/flashpoint-vs-eternals-strike-arabia-championship-season-1-lbr1,423,2021-04-18,11:00 PM
EMEA,16611,https://www.vlr.gg/16611/the-bridge-vs-new-genesis-esports-strike-arabia-championship-season-1-lbr1,423,2021-04-18,11:00 PM
EMEA,16596,https://www.vlr.gg/16596/baited-vs-b13-strike-arabia-championship-season-1-lbr1,423,2021-04-19,12:00 AM
EMEA,16597,https://www.vlr.gg/16597/anubis-gaming-vs-dark-tempest-strike-arabia-championship-season-1-lbr1,423,2021-04-19,12:00 AM
EMEA,16582,https://www.vlr.gg/16582/alterfox-esports-vs-exality-strike-arabia-championship-season-1-lbr1,423,2021-04-19,1:00 AM
EMEA,16583,https://www.vlr.gg/16583/one-shot-esports-vs-team-lightning-strike-arabia-championship-season-1-lbr1,423,2021-04-19,1:00 AM
EMEA,16612,https://www.vlr.gg/16612/yalla-esports-vs-flashpoint-strike-arabia-championship-season-1-lbr2,423,2021-04-19,11:00 PM
EMEA,16613,https://www.vlr.gg/16613/el-bdoon-vs-the-bridge-strike-arabia-championship-season-1-lbr2,423,2021-04-20,12:00 AM
EMEA,16598,https://www.vlr.gg/16598/freeagentz-vs-b13-strike-arabia-championship-season-1-lbr2,423,2021-04-20,1:00 AM
EMEA,16599,https://www.vlr.gg/16599/hardstuck-vs-anubis-gaming-strike-arabia-championship-season-1-lbr2,423,2021-04-20,1:00 AM
EMEA,16584,https://www.vlr.gg/16584/e9-esports-vs-exality-strike-arabia-championship-season-1-lbr2,423,2021-04-20,2:30 AM
EMEA,16585,https://www.vlr.gg/16585/invaders-vs-team-lightning-strike-arabia-championship-season-1-lbr2,423,2021-04-20,2:30 AM
EMEA,16600,https://www.vlr.gg/16600/freeagentz-vs-anubis-gaming-strike-arabia-championship-season-1-lbr3,423,2021-04-21,1:00 AM
EMEA,16614,https://www.vlr.gg/16614/yalla-esports-vs-el-bdoon-strike-arabia-championship-season-1-lbr3,423,2021-04-21,2:00 AM
EMEA,16586,https://www.vlr.gg/16586/e9-esports-vs-team-lightning-strike-arabia-championship-season-1-lbr3,423,2021-04-21,2:30 AM
EMEA,16609,https://www.vlr.gg/16609/olympus-vs-team-duelist-strike-arabia-championship-season-1-ubf,423,2021-04-23,12:00 AM
EMEA,16595,https://www.vlr.gg/16595/cairo-city-gzzz-vs-nasr-esports-strike-arabia-championship-season-1-ubf,423,2021-04-23,1:00 AM
EMEA,16581,https://www.vlr.gg/16581/fox-gaming-vs-guccigang-strike-arabia-championship-season-1-ubf,423,2021-04-23,2:30 AM
EMEA,16615,https://www.vlr.gg/16615/olympus-vs-yalla-esports-strike-arabia-championship-season-1-lbf,423,2021-04-24,12:00 AM
EMEA,16601,https://www.vlr.gg/16601/cairo-city-gzzz-vs-anubis-gaming-strike-arabia-championship-season-1-lbf,423,2021-04-24,1:00 AM
EMEA,16587,https://www.vlr.gg/16587/guccigang-vs-team-lightning-strike-arabia-championship-season-1-lbf,423,2021-04-24,2:30 AM
EMEA,16616,https://www.vlr.gg/16616/team-duelist-vs-yalla-esports-strike-arabia-championship-season-1-gf,423,2021-04-25,12:30 AM
EMEA,16602,https://www.vlr.gg/16602/nasr-esports-vs-anubis-gaming-strike-arabia-championship-season-1-gf,423,2021-04-26,12:30 AM
EMEA,16588,https://www.vlr.gg/16588/fox-gaming-vs-team-lightning-strike-arabia-championship-season-1-gf,423,2021-04-27,2:30 AM
EMEA,15964,https://www.vlr.gg/15964/doublecross-academy-vs-flashdash-champions-tour-europe-stage-2-challengers-2-ro256,375,2021-04-11,12:00 AM
EMEA,15989,https://www.vlr.gg/15989/dreamwalker-vs-pact-champions-tour-europe-stage-2-challengers-2-ro256,375,2021-04-11,12:00 AM
EMEA,15865,https://www.vlr.gg/15865/raute-1-vs-4ihnk-champions-tour-europe-stage-2-challengers-2-ro256,375,2021-04-11,12:00 AM
EMEA,15866,https://www.vlr.gg/15866/team-underage-vs-aesir-esports-champions-tour-europe-stage-2-challengers-2-ro256,375,2021-04-11,12:00 AM
EMEA,15867,https://www.vlr.gg/15867/gymbeam-rytmus10-vs-salade-sun-champions-tour-europe-stage-2-challengers-2-ro256,375,2021-04-11,12:00 AM
EMEA,15869,https://www.vlr.gg/15869/project-conquerors-vs-ldv-esports-champions-tour-europe-stage-2-challengers-2-ro256,375,2021-04-11,12:00 AM
EMEA,15870,https://www.vlr.gg/15870/taunt-vs-underdogs-champions-tour-europe-stage-2-challengers-2-ro256,375,2021-04-11,12:00 AM
EMEA,15871,https://www.vlr.gg/15871/callmesir-vs-team-trinys-champions-tour-europe-stage-2-challengers-2-ro256,375,2021-04-11,12:00 AM
EMEA,15872,https://www.vlr.gg/15872/team-sampi-vs-mces-champions-tour-europe-stage-2-challengers-2-ro256,375,2021-04-11,12:00 AM
EMEA,15873,https://www.vlr.gg/15873/s2k-vs-ewave-esports-champions-tour-europe-stage-2-challengers-2-ro256,375,2021-04-11,12:00 AM
EMEA,15874,https://www.vlr.gg/15874/claws-vs-big-champions-tour-europe-stage-2-challengers-2-ro256,375,2021-04-11,12:00 AM
EMEA,15875,https://www.vlr.gg/15875/enmity-vs-noctis-champions-tour-europe-stage-2-challengers-2-ro256,375,2021-04-11,12:00 AM
EMEA,15876,https://www.vlr.gg/15876/honk-vs-pilotos-100tificos-champions-tour-europe-stage-2-challengers-2-ro256,375,2021-04-11,12:00 AM
EMEA,15877,https://www.vlr.gg/15877/ehehxd-vs-catalyst-esports-champions-tour-europe-stage-2-challengers-2-ro256,375,2021-04-11,12:00 AM
EMEA,15878,https://www.vlr.gg/15878/plgurom-vs-las-palmas-unity-champions-tour-europe-stage-2-challengers-2-ro256,375,2021-04-11,12:00 AM
EMEA,15879,https://www.vlr.gg/15879/atravs-vs-victorem-champions-tour-europe-stage-2-challengers-2-ro256,375,2021-04-11,12:00 AM
EMEA,15880,https://www.vlr.gg/15880/puggers-vs-lasagna-beam-champions-tour-europe-stage-2-challengers-2-ro256,375,2021-04-11,12:00 AM
EMEA,15881,https://www.vlr.gg/15881/capri-sun-vs-cream-real-betis-champions-tour-europe-stage-2-challengers-2-ro256,375,2021-04-11,12:00 AM
EMEA,15882,https://www.vlr.gg/15882/lynx-family-vs-need-girlfriend-champions-tour-europe-stage-2-challengers-2-ro256,375,2021-04-11,12:00 AM
EMEA,15883,https://www.vlr.gg/15883/lyft-es-vs-eclatax-esport-champions-tour-europe-stage-2-challengers-2-ro256,375,2021-04-11,12:00 AM
EMEA,15884,https://www.vlr.gg/15884/headshot-infinity-vs-entropiq-champions-tour-europe-stage-2-challengers-2-ro256,375,2021-04-11,12:00 AM
EMEA,15885,https://www.vlr.gg/15885/grow-up-esports-vs-1234-champions-tour-europe-stage-2-challengers-2-ro256,375,2021-04-11,12:00 AM
EMEA,15886,https://www.vlr.gg/15886/gr1nd-vs-pizza-boosters-champions-tour-europe-stage-2-challengers-2-ro256,375,2021-04-11,12:00 AM
EMEA,15887,https://www.vlr.gg/15887/toools-esports-vs-team-gravity-champions-tour-europe-stage-2-challengers-2-ro256,375,2021-04-11,12:00 AM
EMEA,15888,https://www.vlr.gg/15888/team-liquid-vs-fdp-esports-champions-tour-europe-stage-2-challengers-2-ro256,375,2021-04-11,12:00 AM
EMEA,15889,https://www.vlr.gg/15889/lancaster-bombers-vs-alejkum-salam-champions-tour-europe-stage-2-challengers-2-ro256,375,2021-04-11,12:00 AM
EMEA,15891,https://www.vlr.gg/15891/projectil-vs-angry-titans-champions-tour-europe-stage-2-challengers-2-ro256,375,2021-04-11,12:00 AM
EMEA,15892,https://www.vlr.gg/15892/ic9-vs-d0gsports-champions-tour-europe-stage-2-challengers-2-ro256,375,2021-04-11,12:00 AM
EMEA,15893,https://www.vlr.gg/15893/kupalboys-vs-fastmix-champions-tour-europe-stage-2-challengers-2-ro256,375,2021-04-11,12:00 AM
EMEA,15894,https://www.vlr.gg/15894/inaequalis-vs-99crooks-champions-tour-europe-stage-2-challengers-2-ro256,375,2021-04-11,12:00 AM
EMEA,15895,https://www.vlr.gg/15895/flymate-vs-nox-esports-champions-tour-europe-stage-2-challengers-2-ro256,375,2021-04-11,12:00 AM
EMEA,15896,https://www.vlr.gg/15896/ldn-utd-vs-esuba-champions-tour-europe-stage-2-challengers-2-ro256,375,2021-04-11,12:00 AM
EMEA,15897,https://www.vlr.gg/15897/full-flashed-vs-qz-champions-tour-europe-stage-2-challengers-2-ro256,375,2021-04-11,12:00 AM
EMEA,15899,https://www.vlr.gg/15899/rhyno-esports-vs-team-zeno-champions-tour-europe-stage-2-challengers-2-ro256,375,2021-04-11,12:00 AM
EMEA,15900,https://www.vlr.gg/15900/playmakers-vs-headzots-champions-tour-europe-stage-2-challengers-2-ro256,375,2021-04-11,12:00 AM
EMEA,15901,https://www.vlr.gg/15901/excel-vs-locust-champions-tour-europe-stage-2-challengers-2-ro256,375,2021-04-11,12:00 AM
EMEA,15902,https://www.vlr.gg/15902/minimum-wagers-vs-volvo-peek-champions-tour-europe-stage-2-challengers-2-ro256,375,2021-04-11,12:00 AM
EMEA,15903,https://www.vlr.gg/15903/staga-haus-vs-yendez-champions-tour-europe-stage-2-challengers-2-ro256,375,2021-04-11,12:00 AM
EMEA,15904,https://www.vlr.gg/15904/lankr-m-vs-movistar-riders-champions-tour-europe-stage-2-challengers-2-ro256,375,2021-04-11,12:00 AM
EMEA,15905,https://www.vlr.gg/15905/benchwarmers-vs-hollow-remake-champions-tour-europe-stage-2-challengers-2-ro256,375,2021-04-11,12:00 AM
EMEA,15906,https://www.vlr.gg/15906/team-kaio-vs-arriba-espa-a-1-champions-tour-europe-stage-2-challengers-2-ro256,375,2021-04-11,12:00 AM
EMEA,15907,https://www.vlr.gg/15907/homeless-vs-team-7am-champions-tour-europe-stage-2-challengers-2-ro256,375,2021-04-11,12:00 AM
EMEA,15908,https://www.vlr.gg/15908/mystery-vs-never-refrag-champions-tour-europe-stage-2-challengers-2-ro256,375,2021-04-11,12:00 AM
EMEA,15909,https://www.vlr.gg/15909/stuverance-esport-vs-apollo-champions-tour-europe-stage-2-challengers-2-ro256,375,2021-04-11,12:00 AM
EMEA,15910,https://www.vlr.gg/15910/shanghai-emperors-vs-viteaz-champions-tour-europe-stage-2-challengers-2-ro256,375,2021-04-11,12:00 AM
EMEA,15912,https://www.vlr.gg/15912/young-talents-vs-no-witness-champions-tour-europe-stage-2-challengers-2-ro256,375,2021-04-11,12:00 AM
EMEA,15913,https://www.vlr.gg/15913/csdeadgame-vs-qnock-champions-tour-europe-stage-2-challengers-2-ro256,375,2021-04-11,12:00 AM
EMEA,15914,https://www.vlr.gg/15914/ignite-vs-isol-bulil-champions-tour-europe-stage-2-challengers-2-ro256,375,2021-04-11,12:00 AM
EMEA,15915,https://www.vlr.gg/15915/myst1s-gaming-vs-atfinest-champions-tour-europe-stage-2-challengers-2-ro256,375,2021-04-11,12:00 AM
EMEA,15917,https://www.vlr.gg/15917/gg-dalessio-vs-badturtles-esport-champions-tour-europe-stage-2-challengers-2-ro256,375,2021-04-11,12:00 AM
EMEA,15918,https://www.vlr.gg/15918/gonextfast-vs-winfinity-champions-tour-europe-stage-2-challengers-2-ro256,375,2021-04-11,12:00 AM
EMEA,15919,https://www.vlr.gg/15919/evolved-gaming-vs-esport-rhein-neckar-champions-tour-europe-stage-2-challengers-2-ro256,375,2021-04-11,12:00 AM
EMEA,15921,https://www.vlr.gg/15921/tarren-mill-vs-shifterpro-champions-tour-europe-stage-2-challengers-2-ro256,375,2021-04-11,12:00 AM
EMEA,15922,https://www.vlr.gg/15922/wolfix-gaming-vs-elo-and-muscle-champions-tour-europe-stage-2-challengers-2-ro256,375,2021-04-11,12:00 AM
EMEA,15923,https://www.vlr.gg/15923/lvl-up-esport-vs-beneluxjes-champions-tour-europe-stage-2-challengers-2-ro256,375,2021-04-11,12:00 AM
EMEA,15924,https://www.vlr.gg/15924/huilers-vs-noeffort-champions-tour-europe-stage-2-challengers-2-ro256,375,2021-04-11,12:00 AM
EMEA,15926,https://www.vlr.gg/15926/bra71l-vs-divan-champions-tour-europe-stage-2-challengers-2-ro256,375,2021-04-11,12:00 AM
EMEA,15927,https://www.vlr.gg/15927/team-xanax-vs-follow-my-drone-champions-tour-europe-stage-2-challengers-2-ro256,375,2021-04-11,12:00 AM
EMEA,15928,https://www.vlr.gg/15928/sprayz-gaming-vs-violent-frogs-champions-tour-europe-stage-2-challengers-2-ro256,375,2021-04-11,12:00 AM
EMEA,15929,https://www.vlr.gg/15929/galaxie-punk-esport-vs-illmatic-champions-tour-europe-stage-2-challengers-2-ro256,375,2021-04-11,12:00 AM
EMEA,15930,https://www.vlr.gg/15930/e9-esports-vs-patatera-squad-champions-tour-europe-stage-2-challengers-2-ro256,375,2021-04-11,12:00 AM
EMEA,15931,https://www.vlr.gg/15931/we-make-love-vs-19esports-champions-tour-europe-stage-2-challengers-2-ro256,375,2021-04-11,12:00 AM
EMEA,15932,https://www.vlr.gg/15932/break-gaming-vs-hide-in-smoke-champions-tour-europe-stage-2-challengers-2-ro256,375,2021-04-11,12:00 AM
EMEA,15934,https://www.vlr.gg/15934/voltage-vs-vctory-esports-champions-tour-europe-stage-2-challengers-2-ro256,375,2021-04-11,12:00 AM
EMEA,15935,https://www.vlr.gg/15935/hyferion5-esports-vs-team-asteria-champions-tour-europe-stage-2-challengers-2-ro256,375,2021-04-11,12:00 AM
EMEA,15936,https://www.vlr.gg/15936/dragonballz-vs-emonkeyz-club-champions-tour-europe-stage-2-challengers-2-ro256,375,2021-04-11,12:00 AM
EMEA,15937,https://www.vlr.gg/15937/bref-vs-xpg-invicta-champions-tour-europe-stage-2-challengers-2-ro256,375,2021-04-11,12:00 AM
EMEA,15938,https://www.vlr.gg/15938/xcloud-esports-vs-hardcl1ck-esports-champions-tour-europe-stage-2-challengers-2-ro256,375,2021-04-11,12:00 AM
EMEA,15939,https://www.vlr.gg/15939/billies-vs-giga-tacos-champions-tour-europe-stage-2-challengers-2-ro256,375,2021-04-11,12:00 AM
EMEA,15940,https://www.vlr.gg/15940/klatwa-vs-msr-esport-champions-tour-europe-stage-2-challengers-2-ro256,375,2021-04-11,12:00 AM
EMEA,15942,https://www.vlr.gg/15942/dream-team-vs-avez-esport-champions-tour-europe-stage-2-challengers-2-ro256,375,2021-04-11,12:00 AM
EMEA,15943,https://www.vlr.gg/15943/baecon-gg-vs-couchless-champions-tour-europe-stage-2-challengers-2-ro256,375,2021-04-11,12:00 AM
EMEA,15944,https://www.vlr.gg/15944/deftfox-vs-supd-champions-tour-europe-stage-2-challengers-2-ro256,375,2021-04-11,12:00 AM
EMEA,15945,https://www.vlr.gg/15945/mackoesports-vs-team-queso-champions-tour-europe-stage-2-challengers-2-ro256,375,2021-04-11,12:00 AM
EMEA,15946,https://www.vlr.gg/15946/kings-gambit-vs-animemix-champions-tour-europe-stage-2-challengers-2-ro256,375,2021-04-11,12:00 AM
EMEA,15947,https://www.vlr.gg/15947/conceps-gaming-vs-nice-gaming-champions-tour-europe-stage-2-challengers-2-ro256,375,2021-04-11,12:00 AM
EMEA,15948,https://www.vlr.gg/15948/officialfragboys-vs-megakich-champions-tour-europe-stage-2-challengers-2-ro256,375,2021-04-11,12:00 AM
EMEA,15949,https://www.vlr.gg/15949/earn-bear-money-vs-vacuumers-champions-tour-europe-stage-2-challengers-2-ro256,375,2021-04-11,12:00 AM
EMEA,15950,https://www.vlr.gg/15950/knakkers-vs-ballista-champions-tour-europe-stage-2-challengers-2-ro256,375,2021-04-11,12:00 AM
EMEA,15951,https://www.vlr.gg/15951/gaming-barracks-vs-helios-gaming-champions-tour-europe-stage-2-challengers-2-ro256,375,2021-04-11,12:00 AM
EMEA,15952,https://www.vlr.gg/15952/sas-elle-vs-dawn-entity-champions-tour-europe-stage-2-challengers-2-ro256,375,2021-04-11,12:00 AM
EMEA,15953,https://www.vlr.gg/15953/heet-vs-ill-s-akad-mia-spirit-champions-tour-europe-stage-2-challengers-2-ro256,375,2021-04-11,12:00 AM
EMEA,15954,https://www.vlr.gg/15954/slamming-gears-vs-astral-hypnos-champions-tour-europe-stage-2-challengers-2-ro256,375,2021-04-11,12:00 AM
EMEA,15955,https://www.vlr.gg/15955/we-know-the-meta-vs-the-goose-house-champions-tour-europe-stage-2-challengers-2-ro256,375,2021-04-11,12:00 AM
EMEA,15956,https://www.vlr.gg/15956/endavant-vs-ex-dawn-of-stars-champions-tour-europe-stage-2-challengers-2-ro256,375,2021-04-11,12:00 AM
EMEA,15957,https://www.vlr.gg/15957/esport-szombathely-vs-tauceti-champions-tour-europe-stage-2-challengers-2-ro256,375,2021-04-11,12:00 AM
EMEA,15958,https://www.vlr.gg/15958/patchwork-vs-yazda-champions-tour-europe-stage-2-challengers-2-ro256,375,2021-04-11,12:00 AM
EMEA,15959,https://www.vlr.gg/15959/ipon-team-horizon-reapers-vs-ivy-champions-tour-europe-stage-2-challengers-2-ro256,375,2021-04-11,12:00 AM
EMEA,15960,https://www.vlr.gg/15960/rix-gg-vs-kpi-gaming-champions-tour-europe-stage-2-challengers-2-ro256,375,2021-04-11,12:00 AM
EMEA,15961,https://www.vlr.gg/15961/dame-time-vs-white-lotus-esports-champions-tour-europe-stage-2-challengers-2-ro256,375,2021-04-11,12:00 AM
EMEA,15962,https://www.vlr.gg/15962/team-galaga-vs-dfiance-champions-tour-europe-stage-2-challengers-2-ro256,375,2021-04-11,12:00 AM
EMEA,15963,https://www.vlr.gg/15963/acend-vs-edelweiss-esports-champions-tour-europe-stage-2-challengers-2-ro256,375,2021-04-11,12:00 AM
EMEA,15965,https://www.vlr.gg/15965/john-howard-vs-evenate-gaming-champions-tour-europe-stage-2-challengers-2-ro256,375,2021-04-11,12:00 AM
EMEA,15966,https://www.vlr.gg/15966/ftw-esports-vs-lucky-boys-champions-tour-europe-stage-2-challengers-2-ro256,375,2021-04-11,12:00 AM
EMEA,15967,https://www.vlr.gg/15967/hogwarts-vs-dior-champions-tour-europe-stage-2-challengers-2-ro256,375,2021-04-11,12:00 AM
EMEA,15968,https://www.vlr.gg/15968/lucent-esports-vs-red-champions-tour-europe-stage-2-challengers-2-ro256,375,2021-04-11,12:00 AM
EMEA,15969,https://www.vlr.gg/15969/teamates-gaming-vs-et-eller-andet-fedt-champions-tour-europe-stage-2-challengers-2-ro256,375,2021-04-11,12:00 AM
EMEA,15970,https://www.vlr.gg/15970/animel-vs-nexus-gaming-champions-tour-europe-stage-2-challengers-2-ro256,375,2021-04-11,12:00 AM
EMEA,15971,https://www.vlr.gg/15971/laia-nation-vs-suprmode-gaming-champions-tour-europe-stage-2-challengers-2-ro256,375,2021-04-11,12:00 AM
EMEA,15972,https://www.vlr.gg/15972/cyberbullies-vs-anorthosis-famagusta-esports-champions-tour-europe-stage-2-challengers-2-ro256,375,2021-04-11,12:00 AM
EMEA,15973,https://www.vlr.gg/15973/illuminar-gaming-vs-dna-peek-champions-tour-europe-stage-2-challengers-2-ro256,375,2021-04-11,12:00 AM
EMEA,15974,https://www.vlr.gg/15974/xd-vs-one-direction-champions-tour-europe-stage-2-challengers-2-ro256,375,2021-04-11,12:00 AM
EMEA,15975,https://www.vlr.gg/15975/racermans-vs-inferus-esports-champions-tour-europe-stage-2-challengers-2-ro256,375,2021-04-11,12:00 AM
EMEA,15976,https://www.vlr.gg/15976/thelastresort-vs-onetap-champions-tour-europe-stage-2-challengers-2-ro256,375,2021-04-11,12:00 AM
EMEA,15977,https://www.vlr.gg/15977/dnc-vs-out-of-sight-champions-tour-europe-stage-2-challengers-2-ro256,375,2021-04-11,12:00 AM
EMEA,15979,https://www.vlr.gg/15979/onliner-vs-gold-chains-champions-tour-europe-stage-2-challengers-2-ro256,375,2021-04-11,12:00 AM
EMEA,15980,https://www.vlr.gg/15980/mcddonalds-esports-vs-lenovo-legion-honv-d-champions-tour-europe-stage-2-challengers-2-ro256,375,2021-04-11,12:00 AM
EMEA,15981,https://www.vlr.gg/15981/take-a-nap-vs-incentive-champions-tour-europe-stage-2-challengers-2-ro256,375,2021-04-11,12:00 AM
EMEA,15982,https://www.vlr.gg/15982/ovation-esports-vs-chicky-bucky-champions-tour-europe-stage-2-challengers-2-ro256,375,2021-04-11,12:00 AM
EMEA,15983,https://www.vlr.gg/15983/failen9-vs-vertigang-champions-tour-europe-stage-2-challengers-2-ro256,375,2021-04-11,12:00 AM
EMEA,15984,https://www.vlr.gg/15984/linstitut-vs-hadis-boys-champions-tour-europe-stage-2-challengers-2-ro256,375,2021-04-11,12:00 AM
EMEA,15985,https://www.vlr.gg/15985/hajty-vs-panda-express-champions-tour-europe-stage-2-challengers-2-ro256,375,2021-04-11,12:00 AM
EMEA,15986,https://www.vlr.gg/15986/reactor-squad-parare-vs-digital-ninjas-champions-tour-europe-stage-2-challengers-2-ro256,375,2021-04-11,12:00 AM
EMEA,15987,https://www.vlr.gg/15987/b-k-scsabai-e-sport-egyes-let-vs-vodkamix-champions-tour-europe-stage-2-challengers-2-ro256,375,2021-04-11,12:00 AM
EMEA,15988,https://www.vlr.gg/15988/phodon-fragster-vs-saw-champions-tour-europe-stage-2-challengers-2-ro256,375,2021-04-11,12:00 AM
EMEA,15990,https://www.vlr.gg/15990/team-die-vs-iluro-gaming-champions-tour-europe-stage-2-challengers-2-ro256,375,2021-04-11,12:00 AM
EMEA,15991,https://www.vlr.gg/15991/cinoze-vs-fortytwo-champions-tour-europe-stage-2-challengers-2-ro256,375,2021-04-11,12:00 AM
EMEA,15992,https://www.vlr.gg/15992/greyface-vs-wave-esports-champions-tour-europe-stage-2-challengers-2-ro256,375,2021-04-11,12:00 AM
EMEA,15978,https://www.vlr.gg/15978/fnatic-vs-dark-tigers-champions-tour-europe-stage-2-challengers-2-ro256,375,2021-04-11,12:10 AM
EMEA,15868,https://www.vlr.gg/15868/ninjas-in-pyjamas-vs-moose-knucklers-champions-tour-europe-stage-2-challengers-2-ro256,375,2021-04-11,12:15 AM
EMEA,15890,https://www.vlr.gg/15890/alliance-vs-123tap-champions-tour-europe-stage-2-challengers-2-ro256,375,2021-04-11,12:15 AM
EMEA,15898,https://www.vlr.gg/15898/tempo-vs-g2-esports-champions-tour-europe-stage-2-challengers-2-ro256,375,2021-04-11,12:15 AM
EMEA,15911,https://www.vlr.gg/15911/team-adios-vs-team-heretics-champions-tour-europe-stage-2-challengers-2-ro256,375,2021-04-11,12:15 AM
EMEA,15925,https://www.vlr.gg/15925/ubiteam-vs-team-vitality-champions-tour-europe-stage-2-challengers-2-ro256,375,2021-04-11,12:15 AM
EMEA,15933,https://www.vlr.gg/15933/opportunists-vs-unsigned-losers-champions-tour-europe-stage-2-challengers-2-ro256,375,2021-04-11,12:15 AM
EMEA,15941,https://www.vlr.gg/15941/og-vs-zytic-esports-champions-tour-europe-stage-2-challengers-2-ro256,375,2021-04-11,12:15 AM
EMEA,15916,https://www.vlr.gg/15916/giants-gaming-vs-diaxmix-champions-tour-europe-stage-2-challengers-2-ro256,375,2021-04-11,12:30 AM
EMEA,15920,https://www.vlr.gg/15920/r-sidence-ch-meur-boursier-vs-team-finest-champions-tour-europe-stage-2-challengers-2-ro256,375,2021-04-11,12:30 AM
EMEA,16009,https://www.vlr.gg/16009/qz-vs-g2-esports-champions-tour-europe-stage-2-challengers-2-ro128,375,2021-04-11,2:00 AM
EMEA,16013,https://www.vlr.gg/16013/benchwarmers-vs-arriba-espa-a-1-champions-tour-europe-stage-2-challengers-2-ro128,375,2021-04-11,2:00 AM
EMEA,16016,https://www.vlr.gg/16016/team-heretics-vs-no-witness-champions-tour-europe-stage-2-challengers-2-ro128,375,2021-04-11,2:00 AM
EMEA,16027,https://www.vlr.gg/16027/opportunists-vs-voltage-champions-tour-europe-stage-2-challengers-2-ro128,375,2021-04-11,2:00 AM
EMEA,16042,https://www.vlr.gg/16042/acend-vs-flashdash-champions-tour-europe-stage-2-challengers-2-ro128,375,2021-04-11,2:00 AM
EMEA,16049,https://www.vlr.gg/16049/dnc-vs-fnatic-champions-tour-europe-stage-2-challengers-2-ro128,375,2021-04-11,2:00 AM
EMEA,15993,https://www.vlr.gg/15993/4ihnk-vs-aesir-esports-champions-tour-europe-stage-2-challengers-2-ro128,375,2021-04-11,3:00 AM
EMEA,15994,https://www.vlr.gg/15994/salade-sun-vs-ninjas-in-pyjamas-champions-tour-europe-stage-2-challengers-2-ro128,375,2021-04-11,3:00 AM
EMEA,15995,https://www.vlr.gg/15995/ldv-esports-vs-underdogs-champions-tour-europe-stage-2-challengers-2-ro128,375,2021-04-11,3:00 AM
EMEA,15996,https://www.vlr.gg/15996/team-trinys-vs-team-sampi-champions-tour-europe-stage-2-challengers-2-ro128,375,2021-04-11,3:00 AM
EMEA,15997,https://www.vlr.gg/15997/s2k-vs-big-champions-tour-europe-stage-2-challengers-2-ro128,375,2021-04-11,3:00 AM
EMEA,15998,https://www.vlr.gg/15998/noctis-vs-honk-champions-tour-europe-stage-2-challengers-2-ro128,375,2021-04-11,3:00 AM
EMEA,15999,https://www.vlr.gg/15999/ehehxd-vs-las-palmas-unity-champions-tour-europe-stage-2-challengers-2-ro128,375,2021-04-11,3:00 AM
EMEA,16000,https://www.vlr.gg/16000/victorem-vs-puggers-champions-tour-europe-stage-2-challengers-2-ro128,375,2021-04-11,3:00 AM
EMEA,16001,https://www.vlr.gg/16001/cream-real-betis-vs-need-girlfriend-champions-tour-europe-stage-2-challengers-2-ro128,375,2021-04-11,3:00 AM
EMEA,16002,https://www.vlr.gg/16002/eclatax-esport-vs-entropiq-champions-tour-europe-stage-2-challengers-2-ro128,375,2021-04-11,3:00 AM
EMEA,16003,https://www.vlr.gg/16003/1234-vs-gr1nd-champions-tour-europe-stage-2-challengers-2-ro128,375,2021-04-11,3:00 AM
EMEA,16004,https://www.vlr.gg/16004/team-gravity-vs-team-liquid-champions-tour-europe-stage-2-challengers-2-ro128,375,2021-04-11,3:00 AM
EMEA,16005,https://www.vlr.gg/16005/alejkum-salam-vs-alliance-champions-tour-europe-stage-2-challengers-2-ro128,375,2021-04-11,3:00 AM
EMEA,16006,https://www.vlr.gg/16006/angry-titans-vs-ic9-champions-tour-europe-stage-2-challengers-2-ro128,375,2021-04-11,3:00 AM
EMEA,16007,https://www.vlr.gg/16007/fastmix-vs-99crooks-champions-tour-europe-stage-2-challengers-2-ro128,375,2021-04-11,3:00 AM
EMEA,16008,https://www.vlr.gg/16008/nox-esports-vs-ldn-utd-champions-tour-europe-stage-2-challengers-2-ro128,375,2021-04-11,3:00 AM
EMEA,16010,https://www.vlr.gg/16010/rhyno-esports-vs-headzots-champions-tour-europe-stage-2-challengers-2-ro128,375,2021-04-11,3:00 AM
EMEA,16011,https://www.vlr.gg/16011/excel-vs-volvo-peek-champions-tour-europe-stage-2-challengers-2-ro128,375,2021-04-11,3:00 AM
EMEA,16012,https://www.vlr.gg/16012/staga-haus-vs-movistar-riders-champions-tour-europe-stage-2-challengers-2-ro128,375,2021-04-11,3:00 AM
EMEA,16014,https://www.vlr.gg/16014/homeless-vs-never-refrag-champions-tour-europe-stage-2-challengers-2-ro128,375,2021-04-11,3:00 AM
EMEA,16015,https://www.vlr.gg/16015/stuverance-esport-vs-shanghai-emperors-champions-tour-europe-stage-2-challengers-2-ro128,375,2021-04-11,3:00 AM
EMEA,16017,https://www.vlr.gg/16017/csdeadgame-vs-ignite-champions-tour-europe-stage-2-challengers-2-ro128,375,2021-04-11,3:00 AM
EMEA,16018,https://www.vlr.gg/16018/atfinest-vs-giants-gaming-champions-tour-europe-stage-2-challengers-2-ro128,375,2021-04-11,3:00 AM
EMEA,16019,https://www.vlr.gg/16019/badturtles-esport-vs-winfinity-champions-tour-europe-stage-2-challengers-2-ro128,375,2021-04-11,3:00 AM
EMEA,16020,https://www.vlr.gg/16020/evolved-gaming-vs-team-finest-champions-tour-europe-stage-2-challengers-2-ro128,375,2021-04-11,3:00 AM
EMEA,16021,https://www.vlr.gg/16021/tarren-mill-vs-elo-and-muscle-champions-tour-europe-stage-2-challengers-2-ro128,375,2021-04-11,3:00 AM
EMEA,16022,https://www.vlr.gg/16022/beneluxjes-vs-noeffort-champions-tour-europe-stage-2-challengers-2-ro128,375,2021-04-11,3:00 AM
EMEA,16023,https://www.vlr.gg/16023/team-vitality-vs-divan-champions-tour-europe-stage-2-challengers-2-ro128,375,2021-04-11,3:00 AM
EMEA,16024,https://www.vlr.gg/16024/team-xanax-vs-sprayz-gaming-champions-tour-europe-stage-2-challengers-2-ro128,375,2021-04-11,3:00 AM
EMEA,16025,https://www.vlr.gg/16025/illmatic-vs-patatera-squad-champions-tour-europe-stage-2-challengers-2-ro128,375,2021-04-11,3:00 AM
EMEA,16026,https://www.vlr.gg/16026/19esports-vs-break-gaming-champions-tour-europe-stage-2-challengers-2-ro128,375,2021-04-11,3:00 AM
EMEA,16028,https://www.vlr.gg/16028/hyferion5-esports-vs-emonkeyz-club-champions-tour-europe-stage-2-challengers-2-ro128,375,2021-04-11,3:00 AM
EMEA,16029,https://www.vlr.gg/16029/bref-vs-hardcl1ck-esports-champions-tour-europe-stage-2-challengers-2-ro128,375,2021-04-11,3:00 AM
EMEA,16030,https://www.vlr.gg/16030/giga-tacos-vs-klatwa-champions-tour-europe-stage-2-challengers-2-ro128,375,2021-04-11,3:00 AM
EMEA,16031,https://www.vlr.gg/16031/og-vs-dream-team-champions-tour-europe-stage-2-challengers-2-ro128,375,2021-04-11,3:00 AM
EMEA,16032,https://www.vlr.gg/16032/baecon-gg-vs-deftfox-champions-tour-europe-stage-2-challengers-2-ro128,375,2021-04-11,3:00 AM
EMEA,16033,https://www.vlr.gg/16033/mackoesports-vs-animemix-champions-tour-europe-stage-2-challengers-2-ro128,375,2021-04-11,3:00 AM
EMEA,16034,https://www.vlr.gg/16034/nice-gaming-vs-megakich-champions-tour-europe-stage-2-challengers-2-ro128,375,2021-04-11,3:00 AM
EMEA,16035,https://www.vlr.gg/16035/vacuumers-vs-ballista-champions-tour-europe-stage-2-challengers-2-ro128,375,2021-04-11,3:00 AM
EMEA,16036,https://www.vlr.gg/16036/helios-gaming-vs-sas-elle-champions-tour-europe-stage-2-challengers-2-ro128,375,2021-04-11,3:00 AM
EMEA,16037,https://www.vlr.gg/16037/heet-vs-slamming-gears-champions-tour-europe-stage-2-challengers-2-ro128,375,2021-04-11,3:00 AM
EMEA,16038,https://www.vlr.gg/16038/the-goose-house-vs-ex-dawn-of-stars-champions-tour-europe-stage-2-challengers-2-ro128,375,2021-04-11,3:00 AM
EMEA,16039,https://www.vlr.gg/16039/tauceti-vs-patchwork-champions-tour-europe-stage-2-challengers-2-ro128,375,2021-04-11,3:00 AM
EMEA,16040,https://www.vlr.gg/16040/ivy-vs-rix-gg-champions-tour-europe-stage-2-challengers-2-ro128,375,2021-04-11,3:00 AM
EMEA,16041,https://www.vlr.gg/16041/dame-time-vs-team-galaga-champions-tour-europe-stage-2-challengers-2-ro128,375,2021-04-11,3:00 AM
EMEA,16043,https://www.vlr.gg/16043/john-howard-vs-lucky-boys-champions-tour-europe-stage-2-challengers-2-ro128,375,2021-04-11,3:00 AM
EMEA,16044,https://www.vlr.gg/16044/hogwarts-vs-lucent-esports-champions-tour-europe-stage-2-challengers-2-ro128,375,2021-04-11,3:00 AM
EMEA,16045,https://www.vlr.gg/16045/et-eller-andet-fedt-vs-nexus-gaming-champions-tour-europe-stage-2-challengers-2-ro128,375,2021-04-11,3:00 AM
EMEA,16046,https://www.vlr.gg/16046/suprmode-gaming-vs-cyberbullies-champions-tour-europe-stage-2-challengers-2-ro128,375,2021-04-11,3:00 AM
EMEA,16047,https://www.vlr.gg/16047/illuminar-gaming-vs-xd-champions-tour-europe-stage-2-challengers-2-ro128,375,2021-04-11,3:00 AM
EMEA,16048,https://www.vlr.gg/16048/racermans-vs-onetap-champions-tour-europe-stage-2-challengers-2-ro128,375,2021-04-11,3:00 AM
EMEA,16050,https://www.vlr.gg/16050/onliner-vs-lenovo-legion-honv-d-champions-tour-europe-stage-2-challengers-2-ro128,375,2021-04-11,3:00 AM
EMEA,16051,https://www.vlr.gg/16051/take-a-nap-vs-ovation-esports-champions-tour-europe-stage-2-challengers-2-ro128,375,2021-04-11,3:00 AM
EMEA,16052,https://www.vlr.gg/16052/failen9-vs-linstitut-champions-tour-europe-stage-2-challengers-2-ro128,375,2021-04-11,3:00 AM
EMEA,16053,https://www.vlr.gg/16053/hajty-vs-digital-ninjas-champions-tour-europe-stage-2-challengers-2-ro128,375,2021-04-11,3:00 AM
EMEA,16054,https://www.vlr.gg/16054/vodkamix-vs-saw-champions-tour-europe-stage-2-challengers-2-ro128,375,2021-04-11,3:00 AM
EMEA,16055,https://www.vlr.gg/16055/pact-vs-iluro-gaming-champions-tour-europe-stage-2-challengers-2-ro128,375,2021-04-11,3:00 AM
EMEA,16056,https://www.vlr.gg/16056/cinoze-vs-wave-esports-champions-tour-europe-stage-2-challengers-2-ro128,375,2021-04-11,3:00 AM
EMEA,16238,https://www.vlr.gg/16238/4ihnk-vs-ninjas-in-pyjamas-champions-tour-europe-stage-2-challengers-2-ro64,375,2021-04-11,11:00 PM
EMEA,16239,https://www.vlr.gg/16239/underdogs-vs-team-sampi-champions-tour-europe-stage-2-challengers-2-ro64,375,2021-04-11,11:00 PM
EMEA,16240,https://www.vlr.gg/16240/big-vs-honk-champions-tour-europe-stage-2-challengers-2-ro64,375,2021-04-11,11:00 PM
EMEA,16241,https://www.vlr.gg/16241/ehehxd-vs-victorem-champions-tour-europe-stage-2-challengers-2-ro64,375,2021-04-11,11:00 PM
EMEA,16242,https://www.vlr.gg/16242/cream-real-betis-vs-entropiq-champions-tour-europe-stage-2-challengers-2-ro64,375,2021-04-11,11:00 PM
EMEA,16243,https://www.vlr.gg/16243/1234-vs-team-liquid-champions-tour-europe-stage-2-challengers-2-ro64,375,2021-04-11,11:00 PM
EMEA,16244,https://www.vlr.gg/16244/alliance-vs-angry-titans-champions-tour-europe-stage-2-challengers-2-ro64,375,2021-04-11,11:00 PM
EMEA,16245,https://www.vlr.gg/16245/fastmix-vs-ldn-utd-champions-tour-europe-stage-2-challengers-2-ro64,375,2021-04-11,11:00 PM
EMEA,16246,https://www.vlr.gg/16246/g2-esports-vs-rhyno-esports-champions-tour-europe-stage-2-challengers-2-ro64,375,2021-04-11,11:00 PM
EMEA,16247,https://www.vlr.gg/16247/volvo-peek-vs-staga-haus-champions-tour-europe-stage-2-challengers-2-ro64,375,2021-04-11,11:00 PM
EMEA,16248,https://www.vlr.gg/16248/benchwarmers-vs-homeless-champions-tour-europe-stage-2-challengers-2-ro64,375,2021-04-11,11:00 PM
EMEA,16249,https://www.vlr.gg/16249/shanghai-emperors-vs-team-heretics-champions-tour-europe-stage-2-challengers-2-ro64,375,2021-04-11,11:00 PM
EMEA,16250,https://www.vlr.gg/16250/ignite-vs-giants-gaming-champions-tour-europe-stage-2-challengers-2-ro64,375,2021-04-11,11:00 PM
EMEA,16251,https://www.vlr.gg/16251/winfinity-vs-team-finest-champions-tour-europe-stage-2-challengers-2-ro64,375,2021-04-11,11:00 PM
EMEA,16252,https://www.vlr.gg/16252/tarren-mill-vs-noeffort-champions-tour-europe-stage-2-challengers-2-ro64,375,2021-04-11,11:00 PM
EMEA,16253,https://www.vlr.gg/16253/team-vitality-vs-sprayz-gaming-champions-tour-europe-stage-2-challengers-2-ro64,375,2021-04-11,11:00 PM
EMEA,16254,https://www.vlr.gg/16254/patatera-squad-vs-19esports-champions-tour-europe-stage-2-challengers-2-ro64,375,2021-04-11,11:00 PM
EMEA,16255,https://www.vlr.gg/16255/opportunists-vs-emonkeyz-club-champions-tour-europe-stage-2-challengers-2-ro64,375,2021-04-11,11:00 PM
EMEA,16256,https://www.vlr.gg/16256/bref-vs-klatwa-champions-tour-europe-stage-2-challengers-2-ro64,375,2021-04-11,11:00 PM
EMEA,16257,https://www.vlr.gg/16257/og-vs-deftfox-champions-tour-europe-stage-2-challengers-2-ro64,375,2021-04-11,11:00 PM
EMEA,16258,https://www.vlr.gg/16258/animemix-vs-megakich-champions-tour-europe-stage-2-challengers-2-ro64,375,2021-04-11,11:00 PM
EMEA,16259,https://www.vlr.gg/16259/vacuumers-vs-sas-elle-champions-tour-europe-stage-2-challengers-2-ro64,375,2021-04-11,11:00 PM
EMEA,16260,https://www.vlr.gg/16260/heet-vs-looking4org-champions-tour-europe-stage-2-challengers-2-ro64,375,2021-04-11,11:00 PM
EMEA,16261,https://www.vlr.gg/16261/patchwork-vs-rix-gg-champions-tour-europe-stage-2-challengers-2-ro64,375,2021-04-11,11:00 PM
EMEA,16262,https://www.vlr.gg/16262/team-galaga-vs-acend-champions-tour-europe-stage-2-challengers-2-ro64,375,2021-04-11,11:00 PM
EMEA,16263,https://www.vlr.gg/16263/lucky-boys-vs-hogwarts-champions-tour-europe-stage-2-challengers-2-ro64,375,2021-04-11,11:00 PM
EMEA,16264,https://www.vlr.gg/16264/et-eller-andet-fedt-vs-estonoesunjuegovale-champions-tour-europe-stage-2-challengers-2-ro64,375,2021-04-11,11:00 PM
EMEA,16265,https://www.vlr.gg/16265/illuminar-gaming-vs-onetap-champions-tour-europe-stage-2-challengers-2-ro64,375,2021-04-11,11:00 PM
EMEA,16266,https://www.vlr.gg/16266/fnatic-vs-lenovo-legion-honv-d-champions-tour-europe-stage-2-challengers-2-ro64,375,2021-04-11,11:00 PM
EMEA,16267,https://www.vlr.gg/16267/ovation-esports-vs-failen9-champions-tour-europe-stage-2-challengers-2-ro64,375,2021-04-11,11:00 PM
EMEA,16268,https://www.vlr.gg/16268/hajty-vs-saw-champions-tour-europe-stage-2-challengers-2-ro64,375,2021-04-11,11:00 PM
EMEA,16269,https://www.vlr.gg/16269/pact-vs-wave-esports-champions-tour-europe-stage-2-challengers-2-ro64,375,2021-04-11,11:00 PM
EMEA,16272,https://www.vlr.gg/16272/entropiq-vs-team-liquid-champions-tour-europe-stage-2-challengers-2-ro32,375,2021-04-12,1:05 AM
EMEA,16278,https://www.vlr.gg/16278/19esports-vs-opportunists-champions-tour-europe-stage-2-challengers-2-ro32,375,2021-04-12,1:10 AM
EMEA,16270,https://www.vlr.gg/16270/ninjas-in-pyjamas-vs-team-sampi-champions-tour-europe-stage-2-challengers-2-ro32,375,2021-04-12,1:15 AM
EMEA,16277,https://www.vlr.gg/16277/tarren-mill-vs-team-vitality-champions-tour-europe-stage-2-challengers-2-ro32,375,2021-04-12,1:15 AM
EMEA,16284,https://www.vlr.gg/16284/fnatic-vs-ovation-esports-champions-tour-europe-stage-2-challengers-2-ro32,375,2021-04-12,1:30 AM
EMEA,16276,https://www.vlr.gg/16276/giants-gaming-vs-team-finest-champions-tour-europe-stage-2-challengers-2-ro32,375,2021-04-12,1:45 AM
EMEA,16275,https://www.vlr.gg/16275/benchwarmers-vs-team-heretics-champions-tour-europe-stage-2-challengers-2-ro32,375,2021-04-12,2:00 AM
EMEA,16274,https://www.vlr.gg/16274/g2-esports-vs-staga-haus-champions-tour-europe-stage-2-challengers-2-ro32,375,2021-04-12,2:05 AM
EMEA,16283,https://www.vlr.gg/16283/et-eller-andet-fedt-vs-illuminar-gaming-champions-tour-europe-stage-2-challengers-2-ro32,375,2021-04-12,2:05 AM
EMEA,16285,https://www.vlr.gg/16285/saw-vs-pact-champions-tour-europe-stage-2-challengers-2-ro32,375,2021-04-12,2:05 AM
EMEA,16271,https://www.vlr.gg/16271/honk-vs-victorem-champions-tour-europe-stage-2-challengers-2-ro32,375,2021-04-12,2:10 AM
EMEA,16280,https://www.vlr.gg/16280/ce-calling-vs-sas-elle-champions-tour-europe-stage-2-challengers-2-ro32,375,2021-04-12,2:30 AM
EMEA,16281,https://www.vlr.gg/16281/heet-vs-rix-gg-thunder-champions-tour-europe-stage-2-challengers-2-ro32,375,2021-04-12,2:30 AM
EMEA,16282,https://www.vlr.gg/16282/acend-vs-lucky-boys-champions-tour-europe-stage-2-challengers-2-ro32,375,2021-04-12,2:30 AM
EMEA,16273,https://www.vlr.gg/16273/alliance-vs-fastmix-champions-tour-europe-stage-2-challengers-2-ro32,375,2021-04-12,2:50 AM
EMEA,16279,https://www.vlr.gg/16279/klatwa-vs-deftfox-champions-tour-europe-stage-2-challengers-2-ro32,375,2021-04-12,2:50 AM
EMEA,16326,https://www.vlr.gg/16326/ninjas-in-pyjamas-vs-honk-champions-tour-europe-stage-2-challengers-2-ro16,375,2021-04-12,11:00 PM
EMEA,16327,https://www.vlr.gg/16327/team-liquid-vs-alliance-champions-tour-europe-stage-2-challengers-2-ro16,375,2021-04-12,11:00 PM
EMEA,16328,https://www.vlr.gg/16328/g2-esports-vs-team-heretics-champions-tour-europe-stage-2-challengers-2-ro16,375,2021-04-12,11:00 PM
EMEA,16329,https://www.vlr.gg/16329/giants-gaming-vs-team-vitality-champions-tour-europe-stage-2-challengers-2-ro16,375,2021-04-12,11:00 PM
EMEA,16330,https://www.vlr.gg/16330/opportunists-vs-klatwa-champions-tour-europe-stage-2-challengers-2-ro16,375,2021-04-12,11:00 PM
EMEA,16331,https://www.vlr.gg/16331/ce-calling-vs-heet-champions-tour-europe-stage-2-challengers-2-ro16,375,2021-04-12,11:00 PM
EMEA,16332,https://www.vlr.gg/16332/acend-vs-illuminar-gaming-champions-tour-europe-stage-2-challengers-2-ro16,375,2021-04-12,11:00 PM
EMEA,16333,https://www.vlr.gg/16333/fnatic-vs-saw-champions-tour-europe-stage-2-challengers-2-ro16,375,2021-04-12,11:00 PM
EMEA,16335,https://www.vlr.gg/16335/g2-esports-vs-team-vitality-champions-tour-europe-stage-2-challengers-2-qf,375,2021-04-13,1:55 AM
EMEA,16334,https://www.vlr.gg/16334/ninjas-in-pyjamas-vs-team-liquid-champions-tour-europe-stage-2-challengers-2-qf,375,2021-04-13,2:00 AM
EMEA,16336,https://www.vlr.gg/16336/opportunists-vs-ce-calling-champions-tour-europe-stage-2-challengers-2-qf,375,2021-04-13,2:00 AM
EMEA,16337,https://www.vlr.gg/16337/acend-vs-fnatic-champions-tour-europe-stage-2-challengers-2-qf,375,2021-04-13,2:00 AM
EMEA,16477,https://www.vlr.gg/16477/acend-vs-team-vitality-champions-tour-europe-stage-2-challengers-2-qf,375,2021-04-15,10:00 PM
EMEA,16478,https://www.vlr.gg/16478/g2-esports-vs-fnatic-champions-tour-europe-stage-2-challengers-2-qf,375,2021-04-16,12:20 AM
EMEA,16480,https://www.vlr.gg/16480/team-liquid-vs-ce-calling-champions-tour-europe-stage-2-challengers-2-qf,375,2021-04-16,11:45 PM
EMEA,16479,https://www.vlr.gg/16479/team-bds-vs-ninjas-in-pyjamas-champions-tour-europe-stage-2-challengers-2-qf,375,2021-04-17,2:00 AM
EMEA,16481,https://www.vlr.gg/16481/team-vitality-vs-fnatic-champions-tour-europe-stage-2-challengers-2-sf,375,2021-04-17,10:00 PM
EMEA,16482,https://www.vlr.gg/16482/team-bds-vs-team-liquid-champions-tour-europe-stage-2-challengers-2-sf,375,2021-04-18,12:10 AM
EMEA,16483,https://www.vlr.gg/16483/fnatic-vs-team-liquid-champions-tour-europe-stage-2-challengers-2-gf,375,2021-04-18,10:00 PM
EMEA,16118,https://www.vlr.gg/16118/arbalest-vs-westside-champions-tour-turkey-stage-2-challengers-2-ro64,392,2021-04-11,10:00 PM
EMEA,16119,https://www.vlr.gg/16119/wemade-fox-vs-wemakethefuture-champions-tour-turkey-stage-2-challengers-2-ro64,392,2021-04-11,10:00 PM
EMEA,16120,https://www.vlr.gg/16120/unity-vs-e-natolian-spor-club-champions-tour-turkey-stage-2-challengers-2-ro64,392,2021-04-11,10:00 PM
EMEA,16121,https://www.vlr.gg/16121/team-6ix-vs-cobrakai-champions-tour-turkey-stage-2-challengers-2-ro64,392,2021-04-11,10:00 PM
EMEA,16122,https://www.vlr.gg/16122/bestrandom5-vs-kafalar-esports-champions-tour-turkey-stage-2-challengers-2-ro64,392,2021-04-11,10:00 PM
EMEA,16123,https://www.vlr.gg/16123/risus-force-vs-overwatch-champions-tour-turkey-stage-2-challengers-2-ro64,392,2021-04-11,10:00 PM
EMEA,16124,https://www.vlr.gg/16124/orgless5-vs-team-questionmark-champions-tour-turkey-stage-2-challengers-2-ro64,392,2021-04-11,10:00 PM
EMEA,16125,https://www.vlr.gg/16125/sun-rise-vs-raging-fire-esports-champions-tour-turkey-stage-2-challengers-2-ro64,392,2021-04-11,10:00 PM
EMEA,16126,https://www.vlr.gg/16126/foxn-team-vs-judge-to-world-champions-tour-turkey-stage-2-challengers-2-ro64,392,2021-04-11,10:00 PM
EMEA,16127,https://www.vlr.gg/16127/armutlar-vs-aklabanlar-champions-tour-turkey-stage-2-challengers-2-ro64,392,2021-04-11,10:00 PM
EMEA,16128,https://www.vlr.gg/16128/high-pressure-vs-1907-fenerbah-e-esport-champions-tour-turkey-stage-2-challengers-2-ro64,392,2021-04-11,10:00 PM
EMEA,16129,https://www.vlr.gg/16129/talamus-team-blue-e-sport-vs-massivestroke-e-sports-champions-tour-turkey-stage-2-challengers-2,392,2021-04-11,10:00 PM
EMEA,16130,https://www.vlr.gg/16130/ice-ivory-vs-victorious-beast-champions-tour-turkey-stage-2-challengers-2-ro64,392,2021-04-11,10:00 PM
EMEA,16131,https://www.vlr.gg/16131/anatolia-esports-vs-zero-zone-champions-tour-turkey-stage-2-challengers-2-ro64,392,2021-04-11,10:00 PM
EMEA,16132,https://www.vlr.gg/16132/randomfive-vs-stanbul-wildcats-champions-tour-turkey-stage-2-challengers-2-ro64,392,2021-04-11,10:00 PM
EMEA,16133,https://www.vlr.gg/16133/old-cihangir-vs-antalyaspor-esports-champions-tour-turkey-stage-2-challengers-2-ro64,392,2021-04-11,10:00 PM
EMEA,16134,https://www.vlr.gg/16134/rare-esports-vs-erzincangamingxd-champions-tour-turkey-stage-2-challengers-2-ro64,392,2021-04-11,10:00 PM
EMEA,16135,https://www.vlr.gg/16135/eaglepaw-vs-xflow-esports-champions-tour-turkey-stage-2-challengers-2-ro64,392,2021-04-11,10:00 PM
EMEA,16136,https://www.vlr.gg/16136/maskeli-be-ler-vs-kral-ve-b-y-c-leri-champions-tour-turkey-stage-2-challengers-2-ro64,392,2021-04-11,10:00 PM
EMEA,16137,https://www.vlr.gg/16137/more-esports-vs-team-suig-champions-tour-turkey-stage-2-challengers-2-ro64,392,2021-04-11,10:00 PM
EMEA,16138,https://www.vlr.gg/16138/old-puggers-vs-5-fire-champions-tour-turkey-stage-2-challengers-2-ro64,392,2021-04-11,10:00 PM
EMEA,16139,https://www.vlr.gg/16139/otherside-vs-only-biladerler-champions-tour-turkey-stage-2-challengers-2-ro64,392,2021-04-11,10:00 PM
EMEA,16140,https://www.vlr.gg/16140/rel-por-gaming-vs-sangal-esports-champions-tour-turkey-stage-2-challengers-2-ro64,392,2021-04-11,10:00 PM
EMEA,16141,https://www.vlr.gg/16141/besiktas-esports-vs-bursaespor-champions-tour-turkey-stage-2-challengers-2-ro64,392,2021-04-11,10:00 PM
EMEA,16142,https://www.vlr.gg/16142/fawes-vs-mental-zero-champions-tour-turkey-stage-2-challengers-2-ro64,392,2021-04-11,10:00 PM
EMEA,16143,https://www.vlr.gg/16143/cousins-vs-longway-esports-champions-tour-turkey-stage-2-challengers-2-ro64,392,2021-04-11,10:00 PM
EMEA,16144,https://www.vlr.gg/16144/cyber-skull-esports-vs-comeback-e-spor-champions-tour-turkey-stage-2-challengers-2-ro64,392,2021-04-11,10:00 PM
EMEA,16145,https://www.vlr.gg/16145/thunderbolts-gaming-vs-raventlas-champions-tour-turkey-stage-2-challengers-2-ro64,392,2021-04-11,10:00 PM
EMEA,16146,https://www.vlr.gg/16146/templars-e-sports-vs-high5-champions-tour-turkey-stage-2-challengers-2-ro64,392,2021-04-11,10:00 PM
EMEA,16147,https://www.vlr.gg/16147/rain-e-sports-vs-team-legend-champions-tour-turkey-stage-2-challengers-2-ro64,392,2021-04-11,10:00 PM
EMEA,16148,https://www.vlr.gg/16148/bbl-esports-vs-nonamers-champions-tour-turkey-stage-2-challengers-2-ro64,392,2021-04-11,10:00 PM
EMEA,16149,https://www.vlr.gg/16149/sizdim-bekle-vs-inland-knights-champions-tour-turkey-stage-2-challengers-2-ro64,392,2021-04-11,10:00 PM
EMEA,16159,https://www.vlr.gg/16159/maskeli-be-ler-vs-more-esports-champions-tour-turkey-stage-2-challengers-2-ro32,392,2021-04-12,12:30 AM
EMEA,16165,https://www.vlr.gg/16165/bbl-esports-vs-sizdim-bekle-champions-tour-turkey-stage-2-challengers-2-ro32,392,2021-04-12,12:55 AM
EMEA,16150,https://www.vlr.gg/16150/westside-vs-wemade-fox-champions-tour-turkey-stage-2-challengers-2-ro32,392,2021-04-12,1:10 AM
EMEA,16151,https://www.vlr.gg/16151/unity-vs-cobrakai-champions-tour-turkey-stage-2-challengers-2-ro32,392,2021-04-12,1:10 AM
EMEA,16152,https://www.vlr.gg/16152/kafalar-esports-vs-overwatch-champions-tour-turkey-stage-2-challengers-2-ro32,392,2021-04-12,1:10 AM
EMEA,16153,https://www.vlr.gg/16153/orgless5-vs-raging-fire-esports-champions-tour-turkey-stage-2-challengers-2-ro32,392,2021-04-12,1:10 AM
EMEA,16154,https://www.vlr.gg/16154/foxn-team-vs-armutlar-champions-tour-turkey-stage-2-challengers-2-ro32,392,2021-04-12,1:10 AM
EMEA,16155,https://www.vlr.gg/16155/1907-fenerbah-e-esport-vs-talamus-team-blue-e-sport-champions-tour-turkey-stage-2-challengers-2,392,2021-04-12,1:10 AM
EMEA,16156,https://www.vlr.gg/16156/ice-ivory-vs-anatolia-esports-champions-tour-turkey-stage-2-challengers-2-ro32,392,2021-04-12,1:10 AM
EMEA,16157,https://www.vlr.gg/16157/stanbul-wildcats-vs-antalyaspor-esports-champions-tour-turkey-stage-2-challengers-2-ro32,392,2021-04-12,1:10 AM
EMEA,16158,https://www.vlr.gg/16158/rare-esports-vs-xflow-esports-champions-tour-turkey-stage-2-challengers-2-ro32,392,2021-04-12,1:10 AM
EMEA,16160,https://www.vlr.gg/16160/5-fire-vs-otherside-champions-tour-turkey-stage-2-challengers-2-ro32,392,2021-04-12,1:10 AM
EMEA,16161,https://www.vlr.gg/16161/sangal-esports-vs-besiktas-esports-champions-tour-turkey-stage-2-challengers-2-ro32,392,2021-04-12,1:10 AM
EMEA,16162,https://www.vlr.gg/16162/fawes-vs-cousins-champions-tour-turkey-stage-2-challengers-2-ro32,392,2021-04-12,1:10 AM
EMEA,16163,https://www.vlr.gg/16163/cyber-skull-esports-vs-thunderbolts-gaming-champions-tour-turkey-stage-2-challengers-2-ro32,392,2021-04-12,1:10 AM
EMEA,16164,https://www.vlr.gg/16164/high5-vs-rain-e-sports-champions-tour-turkey-stage-2-challengers-2-ro32,392,2021-04-12,1:10 AM
EMEA,16166,https://www.vlr.gg/16166/wemade-fox-vs-unity-champions-tour-turkey-stage-2-challengers-2-ro16,392,2021-04-12,10:00 PM
EMEA,16167,https://www.vlr.gg/16167/kafalar-esports-vs-orgless5-champions-tour-turkey-stage-2-challengers-2-ro16,392,2021-04-12,10:00 PM
EMEA,16168,https://www.vlr.gg/16168/foxn-team-vs-1907-fenerbah-e-esport-champions-tour-turkey-stage-2-challengers-2-ro16,392,2021-04-12,10:00 PM
EMEA,16169,https://www.vlr.gg/16169/anatolia-esports-vs-stanbul-wildcats-champions-tour-turkey-stage-2-challengers-2-ro16,392,2021-04-12,10:00 PM
EMEA,16170,https://www.vlr.gg/16170/rare-esports-vs-more-esports-champions-tour-turkey-stage-2-challengers-2-ro16,392,2021-04-12,10:00 PM
EMEA,16171,https://www.vlr.gg/16171/otherside-vs-sangal-esports-champions-tour-turkey-stage-2-challengers-2-ro16,392,2021-04-12,10:00 PM
EMEA,16172,https://www.vlr.gg/16172/fawes-vs-cyber-skull-esports-champions-tour-turkey-stage-2-challengers-2-ro16,392,2021-04-12,10:00 PM
EMEA,16173,https://www.vlr.gg/16173/rain-e-sports-vs-bbl-esports-champions-tour-turkey-stage-2-challengers-2-ro16,392,2021-04-12,10:00 PM
EMEA,16461,https://www.vlr.gg/16461/1907-fenerbah-e-esport-vs-anatolia-esports-champions-tour-turkey-stage-2-challengers-2-qf,392,2021-04-13,1:00 AM
EMEA,16462,https://www.vlr.gg/16462/unity-vs-orgless5-champions-tour-turkey-stage-2-challengers-2-qf,392,2021-04-13,1:15 AM
EMEA,16463,https://www.vlr.gg/16463/rare-esports-vs-otherside-champions-tour-turkey-stage-2-challengers-2-qf,392,2021-04-13,1:15 AM
EMEA,16464,https://www.vlr.gg/16464/cyber-skull-esports-vs-bbl-esports-champions-tour-turkey-stage-2-challengers-2-qf,392,2021-04-13,1:40 AM
EMEA,16486,https://www.vlr.gg/16486/bbl-esports-vs-1907-fenerbah-e-esport-champions-tour-turkey-stage-2-challengers-2-qf,392,2021-04-15,10:00 PM
EMEA,16487,https://www.vlr.gg/16487/unity-vs-otherside-champions-tour-turkey-stage-2-challengers-2-qf,392,2021-04-16,2:00 AM
EMEA,16488,https://www.vlr.gg/16488/rare-esports-vs-orgless5-champions-tour-turkey-stage-2-challengers-2-qf,392,2021-04-16,10:00 PM
EMEA,16489,https://www.vlr.gg/16489/anatolia-esports-vs-cyber-skull-esports-champions-tour-turkey-stage-2-challengers-2-qf,392,2021-04-17,12:45 AM
EMEA,16490,https://www.vlr.gg/16490/bbl-esports-vs-otherside-champions-tour-turkey-stage-2-challengers-2-sf,392,2021-04-17,10:00 PM
EMEA,16491,https://www.vlr.gg/16491/rare-esports-vs-anatolia-esports-champions-tour-turkey-stage-2-challengers-2-sf,392,2021-04-18,12:40 AM
EMEA,16492,https://www.vlr.gg/16492/bbl-esports-vs-anatolia-esports-champions-tour-turkey-stage-2-challengers-2-gf,392,2021-04-18,10:00 PM
EMEA,14981,https://www.vlr.gg/14981/xenex-vs-19esports-champions-tour-europe-stage-2-challengers-1-ro256,374,2021-03-31,12:00 AM
EMEA,14949,https://www.vlr.gg/14949/purple-puff-gang-vs-extraordinary-champions-tour-europe-stage-2-challengers-1-ro256,374,2021-03-31,12:00 AM
EMEA,14950,https://www.vlr.gg/14950/ftw-esports-vs-burst-champions-tour-europe-stage-2-challengers-1-ro256,374,2021-03-31,12:00 AM
EMEA,14951,https://www.vlr.gg/14951/team-kaio-vs-white-lotus-esports-champions-tour-europe-stage-2-challengers-1-ro256,374,2021-03-31,12:00 AM
EMEA,14952,https://www.vlr.gg/14952/noeffort-vs-arbalest-champions-tour-europe-stage-2-challengers-1-ro256,374,2021-03-31,12:00 AM
EMEA,14953,https://www.vlr.gg/14953/project-greywing-vs-ballista-champions-tour-europe-stage-2-challengers-1-ro256,374,2021-03-31,12:00 AM
EMEA,14954,https://www.vlr.gg/14954/unknown-vs-divan-champions-tour-europe-stage-2-challengers-1-ro256,374,2021-03-31,12:00 AM
EMEA,14955,https://www.vlr.gg/14955/klatwa-vs-dame-time-champions-tour-europe-stage-2-challengers-1-ro256,374,2021-03-31,12:00 AM
EMEA,14956,https://www.vlr.gg/14956/lujminosity-vs-edelweiss-esports-champions-tour-europe-stage-2-challengers-1-ro256,374,2021-03-31,12:00 AM
EMEA,14957,https://www.vlr.gg/14957/krecinosy-vs-patchwork-champions-tour-europe-stage-2-challengers-1-ro256,374,2021-03-31,12:00 AM
EMEA,14958,https://www.vlr.gg/14958/toools-esports-vs-freya-champions-tour-europe-stage-2-challengers-1-ro256,374,2021-03-31,12:00 AM
EMEA,14959,https://www.vlr.gg/14959/team-vitality-vs-vertical-seven-esports-champions-tour-europe-stage-2-challengers-1-ro256,374,2021-03-31,12:00 AM
EMEA,14960,https://www.vlr.gg/14960/circe-vs-badturtles-esport-champions-tour-europe-stage-2-challengers-1-ro256,374,2021-03-31,12:00 AM
EMEA,14961,https://www.vlr.gg/14961/break-vs-keepyourskill-champions-tour-europe-stage-2-challengers-1-ro256,374,2021-03-31,12:00 AM
EMEA,14962,https://www.vlr.gg/14962/animemix-vs-virgeneshastalos40-champions-tour-europe-stage-2-challengers-1-ro256,374,2021-03-31,12:00 AM
EMEA,14963,https://www.vlr.gg/14963/next-big-thing-vs-99crooks-champions-tour-europe-stage-2-challengers-1-ro256,374,2021-03-31,12:00 AM
EMEA,14964,https://www.vlr.gg/14964/g2-esports-vs-1337va-champions-tour-europe-stage-2-challengers-1-ro256,374,2021-03-31,12:00 AM
EMEA,14965,https://www.vlr.gg/14965/ayned-vs-onetap-champions-tour-europe-stage-2-challengers-1-ro256,374,2021-03-31,12:00 AM
EMEA,14966,https://www.vlr.gg/14966/noctis-vs-acend-champions-tour-europe-stage-2-challengers-1-ro256,374,2021-03-31,12:00 AM
EMEA,14967,https://www.vlr.gg/14967/in-your-head-vs-ackerman-team-champions-tour-europe-stage-2-challengers-1-ro256,374,2021-03-31,12:00 AM
EMEA,14968,https://www.vlr.gg/14968/digital-sports-vs-we-know-the-meta-champions-tour-europe-stage-2-challengers-1-ro256,374,2021-03-31,12:00 AM
EMEA,14969,https://www.vlr.gg/14969/dropz-esports-vs-rctic-champions-tour-europe-stage-2-challengers-1-ro256,374,2021-03-31,12:00 AM
EMEA,14970,https://www.vlr.gg/14970/blue-vs-megakich-champions-tour-europe-stage-2-challengers-1-ro256,374,2021-03-31,12:00 AM
EMEA,14971,https://www.vlr.gg/14971/saiyans-vs-un-nom-esport-champions-tour-europe-stage-2-challengers-1-ro256,374,2021-03-31,12:00 AM
EMEA,14972,https://www.vlr.gg/14972/ovation-esports-vs-xi-gaming-champions-tour-europe-stage-2-challengers-1-ro256,374,2021-03-31,12:00 AM
EMEA,14973,https://www.vlr.gg/14973/trytowin-vs-freeagents-champions-tour-europe-stage-2-challengers-1-ro256,374,2021-03-31,12:00 AM
EMEA,14974,https://www.vlr.gg/14974/dgen-vs-staga-haus-champions-tour-europe-stage-2-challengers-1-ro256,374,2021-03-31,12:00 AM
EMEA,14975,https://www.vlr.gg/14975/supd-vs-eceni-champions-tour-europe-stage-2-challengers-1-ro256,374,2021-03-31,12:00 AM
EMEA,14976,https://www.vlr.gg/14976/giants-gaming-vs-team-sinful-champions-tour-europe-stage-2-challengers-1-ro256,374,2021-03-31,12:00 AM
EMEA,14977,https://www.vlr.gg/14977/bean-boys-vs-red-champions-tour-europe-stage-2-challengers-1-ro256,374,2021-03-31,12:00 AM
EMEA,14978,https://www.vlr.gg/14978/anorthosis-famagusta-esports-vs-say-cheese-champions-tour-europe-stage-2-challengers-1-ro256,374,2021-03-31,12:00 AM
EMEA,14979,https://www.vlr.gg/14979/heet-vs-ic9-champions-tour-europe-stage-2-challengers-1-ro256,374,2021-03-31,12:00 AM
EMEA,14980,https://www.vlr.gg/14980/burning-house-vs-swag-silicone-champions-tour-europe-stage-2-challengers-1-ro256,374,2021-03-31,12:00 AM
EMEA,14982,https://www.vlr.gg/14982/lucky-boys-vs-wanna-do-streaks-champions-tour-europe-stage-2-challengers-1-ro256,374,2021-03-31,12:00 AM
EMEA,14983,https://www.vlr.gg/14983/cinoze-vs-lasagna-beam-champions-tour-europe-stage-2-challengers-1-ro256,374,2021-03-31,12:00 AM
EMEA,14984,https://www.vlr.gg/14984/g0d-stack-vs-nobility-champions-tour-europe-stage-2-challengers-1-ro256,374,2021-03-31,12:00 AM
EMEA,14985,https://www.vlr.gg/14985/bkscsabai-e-sport-egyeslet-vs-15-kings-champions-tour-europe-stage-2-challengers-1-ro256,374,2021-03-31,12:00 AM
EMEA,14986,https://www.vlr.gg/14986/vacuumers-vs-og-champions-tour-europe-stage-2-challengers-1-ro256,374,2021-03-31,12:00 AM
EMEA,14987,https://www.vlr.gg/14987/snipe-the-monkeys-vs-yendez-champions-tour-europe-stage-2-challengers-1-ro256,374,2021-03-31,12:00 AM
EMEA,14988,https://www.vlr.gg/14988/chord-vs-team-prominence-champions-tour-europe-stage-2-challengers-1-ro256,374,2021-03-31,12:00 AM
EMEA,14989,https://www.vlr.gg/14989/revengegg-vs-gaming-barracks-champions-tour-europe-stage-2-challengers-1-ro256,374,2021-03-31,12:00 AM
EMEA,14990,https://www.vlr.gg/14990/phlox-gaming-vs-homeless-champions-tour-europe-stage-2-challengers-1-ro256,374,2021-03-31,12:00 AM
EMEA,14991,https://www.vlr.gg/14991/csdeadgame-vs-team-underage-champions-tour-europe-stage-2-challengers-1-ro256,374,2021-03-31,12:00 AM
EMEA,14992,https://www.vlr.gg/14992/nofear-vs-raute-1-champions-tour-europe-stage-2-challengers-1-ro256,374,2021-03-31,12:00 AM
EMEA,14993,https://www.vlr.gg/14993/gonextfast-vs-darren-till-champions-tour-europe-stage-2-challengers-1-ro256,374,2021-03-31,12:00 AM
EMEA,14994,https://www.vlr.gg/14994/pingu-gang-vs-egn-esports-champions-tour-europe-stage-2-challengers-1-ro256,374,2021-03-31,12:00 AM
EMEA,14995,https://www.vlr.gg/14995/hogwarts-vs-140-dmg-champions-tour-europe-stage-2-challengers-1-ro256,374,2021-03-31,12:00 AM
EMEA,14996,https://www.vlr.gg/14996/uab-kvadratine-galva-vs-opportunists-champions-tour-europe-stage-2-challengers-1-ro256,374,2021-03-31,12:00 AM
EMEA,14997,https://www.vlr.gg/14997/chicago-parsnips-vs-123tap-champions-tour-europe-stage-2-challengers-1-ro256,374,2021-03-31,12:00 AM
EMEA,14998,https://www.vlr.gg/14998/game-fist-vs-guild-esports-champions-tour-europe-stage-2-challengers-1-ro256,374,2021-03-31,12:00 AM
EMEA,14999,https://www.vlr.gg/14999/ath-esport-vs-movistar-riders-champions-tour-europe-stage-2-challengers-1-ro256,374,2021-03-31,12:00 AM
EMEA,15000,https://www.vlr.gg/15000/billies-vs-big-champions-tour-europe-stage-2-challengers-1-ro256,374,2021-03-31,12:00 AM
EMEA,15001,https://www.vlr.gg/15001/hollands-trots-vs-ewave-esports-champions-tour-europe-stage-2-challengers-1-ro256,374,2021-03-31,12:00 AM
EMEA,15002,https://www.vlr.gg/15002/animel-vs-64-fully-tatted-champions-tour-europe-stage-2-challengers-1-ro256,374,2021-03-31,12:00 AM
EMEA,15003,https://www.vlr.gg/15003/besiktas-esports-vs-emonkeyz-club-champions-tour-europe-stage-2-challengers-1-ro256,374,2021-03-31,12:00 AM
EMEA,15004,https://www.vlr.gg/15004/voltage-vs-ucam-esports-club-champions-tour-europe-stage-2-challengers-1-ro256,374,2021-03-31,12:00 AM
EMEA,15005,https://www.vlr.gg/15005/couchless-vs-twister-reloaded-champions-tour-europe-stage-2-challengers-1-ro256,374,2021-03-31,12:00 AM
EMEA,15006,https://www.vlr.gg/15006/igp-alpha-vs-esport-szombathely-champions-tour-europe-stage-2-challengers-1-ro256,374,2021-03-31,12:00 AM
EMEA,15007,https://www.vlr.gg/15007/brakmar-vs-progress-champions-tour-europe-stage-2-challengers-1-ro256,374,2021-03-31,12:00 AM
EMEA,15008,https://www.vlr.gg/15008/team-liquid-vs-taunt-champions-tour-europe-stage-2-challengers-1-ro256,374,2021-03-31,12:00 AM
EMEA,15009,https://www.vlr.gg/15009/exception-esports-vs-fortytwo-champions-tour-europe-stage-2-challengers-1-ro256,374,2021-03-31,12:00 AM
EMEA,15010,https://www.vlr.gg/15010/lenovo-legion-honv-d-vs-lucent-esports-champions-tour-europe-stage-2-challengers-1-ro256,374,2021-03-31,12:00 AM
EMEA,15011,https://www.vlr.gg/15011/slamming-gears-vs-saw-champions-tour-europe-stage-2-challengers-1-ro256,374,2021-03-31,12:00 AM
EMEA,15012,https://www.vlr.gg/15012/team-questionmark-vs-grandspirit-champions-tour-europe-stage-2-challengers-1-ro256,374,2021-03-31,12:00 AM
EMEA,15013,https://www.vlr.gg/15013/hyperion-vs-valorant-team-champions-tour-europe-stage-2-challengers-1-ro256,374,2021-03-31,12:00 AM
EMEA,15014,https://www.vlr.gg/15014/dior-vs-linstitut-champions-tour-europe-stage-2-challengers-1-ro256,374,2021-03-31,12:00 AM
EMEA,15015,https://www.vlr.gg/15015/boosted-vs-paint-3d-champions-tour-europe-stage-2-challengers-1-ro256,374,2021-03-31,12:00 AM
EMEA,15016,https://www.vlr.gg/15016/nexus-gaming-vs-dreamwalker-champions-tour-europe-stage-2-challengers-1-ro256,374,2021-03-31,12:00 AM
EMEA,15017,https://www.vlr.gg/15017/diaxmix-vs-ipon-team-horizon-reapers-champions-tour-europe-stage-2-challengers-1-ro256,374,2021-03-31,12:00 AM
EMEA,15018,https://www.vlr.gg/15018/elo-and-muscle-vs-hsdirr-champions-tour-europe-stage-2-challengers-1-ro256,374,2021-03-31,12:00 AM
EMEA,15019,https://www.vlr.gg/15019/mackoesports-vs-pit-stop-champions-tour-europe-stage-2-challengers-1-ro256,374,2021-03-31,12:00 AM
EMEA,15020,https://www.vlr.gg/15020/inferus-esports-vs-volvo-peek-champions-tour-europe-stage-2-challengers-1-ro256,374,2021-03-31,12:00 AM
EMEA,15021,https://www.vlr.gg/15021/ivy-vs-team-mce-champions-tour-europe-stage-2-challengers-1-ro256,374,2021-03-31,12:00 AM
EMEA,15022,https://www.vlr.gg/15022/23cmtruedmg-vs-mcddonalds-esports-champions-tour-europe-stage-2-challengers-1-ro256,374,2021-03-31,12:00 AM
EMEA,15023,https://www.vlr.gg/15023/dfiance-vs-funplus-phoenix-champions-tour-europe-stage-2-challengers-1-ro256,374,2021-03-31,12:00 AM
EMEA,15024,https://www.vlr.gg/15024/wolfix-gaming-vs-kawaz-clan-champions-tour-europe-stage-2-challengers-1-ro256,374,2021-03-31,12:00 AM
EMEA,15025,https://www.vlr.gg/15025/bloodydevils-vs-rogue-champions-tour-europe-stage-2-challengers-1-ro256,374,2021-03-31,12:00 AM
EMEA,15026,https://www.vlr.gg/15026/capri-sun-vs-kuma-louis-champions-tour-europe-stage-2-challengers-1-ro256,374,2021-03-31,12:00 AM
EMEA,15027,https://www.vlr.gg/15027/bref-vs-team-sampi-champions-tour-europe-stage-2-challengers-1-ro256,374,2021-03-31,12:00 AM
EMEA,15028,https://www.vlr.gg/15028/humanity-project-vs-rulers-esports-champions-tour-europe-stage-2-challengers-1-ro256,374,2021-03-31,12:00 AM
EMEA,15029,https://www.vlr.gg/15029/take-a-nap-vs-orgless420-champions-tour-europe-stage-2-challengers-1-ro256,374,2021-03-31,12:00 AM
EMEA,15031,https://www.vlr.gg/15031/mouse5-vs-acid-gaming-champions-tour-europe-stage-2-challengers-1-ro256,374,2021-03-31,12:00 AM
EMEA,15033,https://www.vlr.gg/15033/team-adios-vs-unsigned-losers-champions-tour-europe-stage-2-challengers-1-ro256,374,2021-03-31,12:00 AM
EMEA,15034,https://www.vlr.gg/15034/projectil-vs-ldn-utd-champions-tour-europe-stage-2-challengers-1-ro256,374,2021-03-31,12:00 AM
EMEA,15035,https://www.vlr.gg/15035/young-talents-vs-shield-esport-champions-tour-europe-stage-2-challengers-1-ro256,374,2021-03-31,12:00 AM
EMEA,15036,https://www.vlr.gg/15036/tempo-vs-godalions-champions-tour-europe-stage-2-challengers-1-ro256,374,2021-03-31,12:00 AM
EMEA,15037,https://www.vlr.gg/15037/ehehxd-vs-headzots-champions-tour-europe-stage-2-challengers-1-ro256,374,2021-03-31,12:00 AM
EMEA,15038,https://www.vlr.gg/15038/dawn-of-stars-vs-tbd-champions-tour-europe-stage-2-challengers-1-ro256,374,2021-03-31,12:00 AM
EMEA,15039,https://www.vlr.gg/15039/wave-esports-vs-toxicjulien-champions-tour-europe-stage-2-challengers-1-ro256,374,2021-03-31,12:00 AM
EMEA,15040,https://www.vlr.gg/15040/rhyno-esports-vs-miracles-champions-tour-europe-stage-2-challengers-1-ro256,374,2021-03-31,12:00 AM
EMEA,15041,https://www.vlr.gg/15041/nevermindgg-vs-yazda-champions-tour-europe-stage-2-challengers-1-ro256,374,2021-03-31,12:00 AM
EMEA,15042,https://www.vlr.gg/15042/prestige-gaming-vs-illuminar-gaming-champions-tour-europe-stage-2-challengers-1-ro256,374,2021-03-31,12:00 AM
EMEA,15043,https://www.vlr.gg/15043/playmakers-vs-xpg-invicta-champions-tour-europe-stage-2-challengers-1-ro256,374,2021-03-31,12:00 AM
EMEA,15044,https://www.vlr.gg/15044/nonsensegaming-vs-incentive-champions-tour-europe-stage-2-challengers-1-ro256,374,2021-03-31,12:00 AM
EMEA,15045,https://www.vlr.gg/15045/esuba-vs-dream-team-champions-tour-europe-stage-2-challengers-1-ro256,374,2021-03-31,12:00 AM
EMEA,15046,https://www.vlr.gg/15046/dark-tigers-vs-revivemejett-champions-tour-europe-stage-2-challengers-1-ro256,374,2021-03-31,12:00 AM
EMEA,15047,https://www.vlr.gg/15047/tarren-mill-vs-patatera-squad-champions-tour-europe-stage-2-challengers-1-ro256,374,2021-03-31,12:00 AM
EMEA,15048,https://www.vlr.gg/15048/sprayz-gaming-vs-austrian-force-champions-tour-europe-stage-2-challengers-1-ro256,374,2021-03-31,12:00 AM
EMEA,15049,https://www.vlr.gg/15049/team-gravity-vs-unfamous-champions-tour-europe-stage-2-challengers-1-ro256,374,2021-03-31,12:00 AM
EMEA,15050,https://www.vlr.gg/15050/lancaster-bombers-vs-winfinity-champions-tour-europe-stage-2-challengers-1-ro256,374,2021-03-31,12:00 AM
EMEA,15051,https://www.vlr.gg/15051/alliance-vs-tauceti-champions-tour-europe-stage-2-challengers-1-ro256,374,2021-03-31,12:00 AM
EMEA,15052,https://www.vlr.gg/15052/ubiteam-vs-cream-real-betis-champions-tour-europe-stage-2-challengers-1-ro256,374,2021-03-31,12:00 AM
EMEA,15053,https://www.vlr.gg/15053/elo-delivery-vs-honk-champions-tour-europe-stage-2-challengers-1-ro256,374,2021-03-31,12:00 AM
EMEA,15054,https://www.vlr.gg/15054/fierce-vs-gamebreakers-champions-tour-europe-stage-2-challengers-1-ro256,374,2021-03-31,12:00 AM
EMEA,15055,https://www.vlr.gg/15055/durrnation-vs-nebulaa-champions-tour-europe-stage-2-challengers-1-ro256,374,2021-03-31,12:00 AM
EMEA,15056,https://www.vlr.gg/15056/john-howard-vs-nox-esports-champions-tour-europe-stage-2-challengers-1-ro256,374,2021-03-31,12:00 AM
EMEA,15057,https://www.vlr.gg/15057/one-good-player-vs-team-queso-champions-tour-europe-stage-2-challengers-1-ro256,374,2021-03-31,12:00 AM
EMEA,15058,https://www.vlr.gg/15058/out-of-sight-vs-fnatic-champions-tour-europe-stage-2-challengers-1-ro256,374,2021-03-31,12:00 AM
EMEA,15059,https://www.vlr.gg/15059/atravs-vs-lancraft-champions-tour-europe-stage-2-challengers-1-ro256,374,2021-03-31,12:00 AM
EMEA,15060,https://www.vlr.gg/15060/canity-esport-vs-guardian-espor-champions-tour-europe-stage-2-challengers-1-ro256,374,2021-03-31,12:00 AM
EMEA,15061,https://www.vlr.gg/15061/whynotvlr-vs-tzatzikiklubben-champions-tour-europe-stage-2-challengers-1-ro256,374,2021-03-31,12:00 AM
EMEA,15062,https://www.vlr.gg/15062/doublecross-esports-vs-flymate-champions-tour-europe-stage-2-challengers-1-ro256,374,2021-03-31,12:00 AM
EMEA,15063,https://www.vlr.gg/15063/voltsclub-vs-team-finest-champions-tour-europe-stage-2-challengers-1-ro256,374,2021-03-31,12:00 AM
EMEA,15064,https://www.vlr.gg/15064/beasts-vs-aljeks-disciples-champions-tour-europe-stage-2-challengers-1-ro256,374,2021-03-31,12:00 AM
EMEA,15065,https://www.vlr.gg/15065/cvmbackseat-trucatruca-vs-rix-gg-champions-tour-europe-stage-2-challengers-1-ro256,374,2021-03-31,12:00 AM
EMEA,15066,https://www.vlr.gg/15066/oserv-esport-vs-endevant-champions-tour-europe-stage-2-challengers-1-ro256,374,2021-03-31,12:00 AM
EMEA,15067,https://www.vlr.gg/15067/team-wuka-vs-full-flashed-champions-tour-europe-stage-2-challengers-1-ro256,374,2021-03-31,12:00 AM
EMEA,15068,https://www.vlr.gg/15068/no-witness-vs-excel-champions-tour-europe-stage-2-challengers-1-ro256,374,2021-03-31,12:00 AM
EMEA,15069,https://www.vlr.gg/15069/the-300-spartans-vs-doneval-champions-tour-europe-stage-2-challengers-1-ro256,374,2021-03-31,12:00 AM
EMEA,15070,https://www.vlr.gg/15070/team-7am-vs-contactless-champions-tour-europe-stage-2-challengers-1-ro256,374,2021-03-31,12:00 AM
EMEA,15071,https://www.vlr.gg/15071/fojosok-vs-team-heretics-champions-tour-europe-stage-2-challengers-1-ro256,374,2021-03-31,12:00 AM
EMEA,15072,https://www.vlr.gg/15072/ill-s-akad-mia-spirit-vs-deftfox-champions-tour-europe-stage-2-challengers-1-ro256,374,2021-03-31,12:00 AM
EMEA,15073,https://www.vlr.gg/15073/entropiq-vs-moose-knucklers-champions-tour-europe-stage-2-challengers-1-ro256,374,2021-03-31,12:00 AM
EMEA,15074,https://www.vlr.gg/15074/handless-vs-ownage-champions-tour-europe-stage-2-challengers-1-ro256,374,2021-03-31,12:00 AM
EMEA,15076,https://www.vlr.gg/15076/tgv-vs-lastwind-champions-tour-europe-stage-2-challengers-1-ro256,374,2021-03-31,12:00 AM
EMEA,15030,https://www.vlr.gg/15030/ninjas-in-pyjamas-vs-atreus-champions-tour-europe-stage-2-challengers-1-ro256,374,2021-03-31,12:10 AM
EMEA,15032,https://www.vlr.gg/15032/chicky-bucky-vs-ss-elle-champions-tour-europe-stage-2-challengers-1-ro256,374,2021-03-31,12:10 AM
EMEA,15134,https://www.vlr.gg/15134/team-finest-vs-aljeks-disciples-champions-tour-europe-stage-2-challengers-1-ro128,374,2021-03-31,1:30 AM
EMEA,15115,https://www.vlr.gg/15115/bloodydevils-vs-capri-sun-champions-tour-europe-stage-2-challengers-1-ro128,374,2021-03-31,1:40 AM
EMEA,15101,https://www.vlr.gg/15101/123tap-vs-guild-esports-champions-tour-europe-stage-2-challengers-1-ro128,374,2021-03-31,1:45 AM
EMEA,15111,https://www.vlr.gg/15111/ipon-team-horizon-reapers-vs-hsdirr-champions-tour-europe-stage-2-challengers-1-ro128,374,2021-03-31,1:45 AM
EMEA,15093,https://www.vlr.gg/15093/19esports-vs-lucky-boys-champions-tour-europe-stage-2-challengers-1-ro128,374,2021-03-31,2:00 AM
EMEA,15114,https://www.vlr.gg/15114/funplus-phoenix-vs-wolfix-gaming-champions-tour-europe-stage-2-challengers-1-ro128,374,2021-03-31,2:00 AM
EMEA,15131,https://www.vlr.gg/15131/team-queso-vs-fnatic-champions-tour-europe-stage-2-challengers-1-ro128,374,2021-03-31,2:00 AM
EMEA,15084,https://www.vlr.gg/15084/99crooks-vs-g2-esports-champions-tour-europe-stage-2-challengers-1-ro128,374,2021-03-31,2:10 AM
EMEA,15097,https://www.vlr.gg/15097/revengegg-vs-homeless-champions-tour-europe-stage-2-challengers-1-ro128,374,2021-03-31,2:15 AM
EMEA,15102,https://www.vlr.gg/15102/movistar-riders-vs-big-champions-tour-europe-stage-2-challengers-1-ro128,374,2021-03-31,2:30 AM
EMEA,15128,https://www.vlr.gg/15128/alliance-vs-cream-real-betis-champions-tour-europe-stage-2-challengers-1-ro128,374,2021-03-31,2:30 AM
EMEA,15130,https://www.vlr.gg/15130/nebulaa-vs-john-howard-champions-tour-europe-stage-2-challengers-1-ro128,374,2021-03-31,2:30 AM
EMEA,15132,https://www.vlr.gg/15132/atravs-vs-canity-esport-champions-tour-europe-stage-2-challengers-1-ro128,374,2021-03-31,2:30 AM
EMEA,15077,https://www.vlr.gg/15077/extraordinary-vs-ftw-esports-champions-tour-europe-stage-2-challengers-1-ro128,374,2021-03-31,2:35 AM
EMEA,15078,https://www.vlr.gg/15078/team-kaio-vs-noeffort-champions-tour-europe-stage-2-challengers-1-ro128,374,2021-03-31,2:35 AM
EMEA,15079,https://www.vlr.gg/15079/ballista-vs-divan-champions-tour-europe-stage-2-challengers-1-ro128,374,2021-03-31,2:35 AM
EMEA,15080,https://www.vlr.gg/15080/klatwa-vs-edelweiss-esports-champions-tour-europe-stage-2-challengers-1-ro128,374,2021-03-31,2:35 AM
EMEA,15081,https://www.vlr.gg/15081/patchwork-vs-toools-esports-champions-tour-europe-stage-2-challengers-1-ro128,374,2021-03-31,2:35 AM
EMEA,15086,https://www.vlr.gg/15086/ackerman-team-vs-we-know-the-meta-champions-tour-europe-stage-2-challengers-1-ro128,374,2021-03-31,2:35 AM
EMEA,15090,https://www.vlr.gg/15090/supd-vs-giants-gaming-champions-tour-europe-stage-2-challengers-1-ro128,374,2021-03-31,2:35 AM
EMEA,15094,https://www.vlr.gg/15094/lasagna-beam-vs-g0d-stack-champions-tour-europe-stage-2-challengers-1-ro128,374,2021-03-31,2:35 AM
EMEA,15100,https://www.vlr.gg/15100/hogwarts-vs-opportunists-champions-tour-europe-stage-2-challengers-1-ro128,374,2021-03-31,2:35 AM
EMEA,15106,https://www.vlr.gg/15106/progress-vs-team-liquid-champions-tour-europe-stage-2-challengers-1-ro128,374,2021-03-31,2:35 AM
EMEA,15137,https://www.vlr.gg/15137/the-300-spartans-vs-team-7am-champions-tour-europe-stage-2-challengers-1-ro128,374,2021-03-31,2:35 AM
EMEA,15138,https://www.vlr.gg/15138/team-heretics-vs-deftfox-champions-tour-europe-stage-2-challengers-1-ro128,374,2021-03-31,2:40 AM
EMEA,15095,https://www.vlr.gg/15095/15-kings-vs-og-champions-tour-europe-stage-2-challengers-1-ro128,374,2021-03-31,2:45 AM
EMEA,15139,https://www.vlr.gg/15139/entropiq-vs-ownage-champions-tour-europe-stage-2-challengers-1-ro128,374,2021-03-31,2:45 AM
EMEA,15082,https://www.vlr.gg/15082/team-vitality-vs-circe-champions-tour-europe-stage-2-challengers-1-ro128,374,2021-03-31,3:00 AM
EMEA,15083,https://www.vlr.gg/15083/keepyourskill-vs-animemix-champions-tour-europe-stage-2-challengers-1-ro128,374,2021-03-31,3:00 AM
EMEA,15085,https://www.vlr.gg/15085/onetap-vs-acend-champions-tour-europe-stage-2-challengers-1-ro128,374,2021-03-31,3:00 AM
EMEA,15087,https://www.vlr.gg/15087/dropz-esports-vs-megakich-champions-tour-europe-stage-2-challengers-1-ro128,374,2021-03-31,3:00 AM
EMEA,15088,https://www.vlr.gg/15088/saiyans-vs-ovation-esports-champions-tour-europe-stage-2-challengers-1-ro128,374,2021-03-31,3:00 AM
EMEA,15089,https://www.vlr.gg/15089/trytowin-vs-staga-haus-champions-tour-europe-stage-2-challengers-1-ro128,374,2021-03-31,3:00 AM
EMEA,15091,https://www.vlr.gg/15091/red-vs-say-cheese-champions-tour-europe-stage-2-challengers-1-ro128,374,2021-03-31,3:00 AM
EMEA,15092,https://www.vlr.gg/15092/heet-vs-swag-silicone-champions-tour-europe-stage-2-challengers-1-ro128,374,2021-03-31,3:00 AM
EMEA,15096,https://www.vlr.gg/15096/yendez-vs-team-prominence-champions-tour-europe-stage-2-challengers-1-ro128,374,2021-03-31,3:00 AM
EMEA,15098,https://www.vlr.gg/15098/csdeadgame-vs-raute-1-champions-tour-europe-stage-2-challengers-1-ro128,374,2021-03-31,3:00 AM
EMEA,15103,https://www.vlr.gg/15103/ewave-esports-vs-animel-champions-tour-europe-stage-2-challengers-1-ro128,374,2021-03-31,3:00 AM
EMEA,15104,https://www.vlr.gg/15104/emonkeyz-club-vs-ucam-esports-club-champions-tour-europe-stage-2-challengers-1-ro128,374,2021-03-31,3:00 AM
EMEA,15105,https://www.vlr.gg/15105/couchless-vs-esport-szombathely-champions-tour-europe-stage-2-challengers-1-ro128,374,2021-03-31,3:00 AM
EMEA,15107,https://www.vlr.gg/15107/exception-esports-vs-lucent-esports-champions-tour-europe-stage-2-challengers-1-ro128,374,2021-03-31,3:00 AM
EMEA,15108,https://www.vlr.gg/15108/saw-vs-team-questionmark-champions-tour-europe-stage-2-challengers-1-ro128,374,2021-03-31,3:00 AM
EMEA,15109,https://www.vlr.gg/15109/valorant-team-vs-linstitut-champions-tour-europe-stage-2-challengers-1-ro128,374,2021-03-31,3:00 AM
EMEA,15112,https://www.vlr.gg/15112/pit-stop-vs-volvo-peek-champions-tour-europe-stage-2-challengers-1-ro128,374,2021-03-31,3:00 AM
EMEA,15116,https://www.vlr.gg/15116/team-sampi-vs-rulers-esports-champions-tour-europe-stage-2-challengers-1-ro128,374,2021-03-31,3:00 AM
EMEA,15117,https://www.vlr.gg/15117/take-a-nap-vs-ninjas-in-pyjamas-champions-tour-europe-stage-2-challengers-1-ro128,374,2021-03-31,3:00 AM
EMEA,15118,https://www.vlr.gg/15118/mouse5-vs-ss-elle-champions-tour-europe-stage-2-challengers-1-ro128,374,2021-03-31,3:00 AM
EMEA,15119,https://www.vlr.gg/15119/team-adios-vs-ldn-utd-champions-tour-europe-stage-2-challengers-1-ro128,374,2021-03-31,3:00 AM
EMEA,15120,https://www.vlr.gg/15120/young-talents-vs-tempo-champions-tour-europe-stage-2-challengers-1-ro128,374,2021-03-31,3:00 AM
EMEA,15122,https://www.vlr.gg/15122/wave-esports-vs-miracles-champions-tour-europe-stage-2-challengers-1-ro128,374,2021-03-31,3:00 AM
EMEA,15123,https://www.vlr.gg/15123/yazda-vs-illuminar-gaming-champions-tour-europe-stage-2-challengers-1-ro128,374,2021-03-31,3:00 AM
EMEA,15124,https://www.vlr.gg/15124/playmakers-vs-incentive-champions-tour-europe-stage-2-challengers-1-ro128,374,2021-03-31,3:00 AM
EMEA,15125,https://www.vlr.gg/15125/esuba-vs-dark-tigers-champions-tour-europe-stage-2-challengers-1-ro128,374,2021-03-31,3:00 AM
EMEA,15126,https://www.vlr.gg/15126/tarren-mill-vs-austrian-force-champions-tour-europe-stage-2-challengers-1-ro128,374,2021-03-31,3:00 AM
EMEA,15127,https://www.vlr.gg/15127/team-gravity-vs-winfinity-champions-tour-europe-stage-2-challengers-1-ro128,374,2021-03-31,3:00 AM
EMEA,15129,https://www.vlr.gg/15129/honk-vs-fierce-champions-tour-europe-stage-2-challengers-1-ro128,374,2021-03-31,3:00 AM
EMEA,15133,https://www.vlr.gg/15133/whynotvlr-vs-flymate-champions-tour-europe-stage-2-challengers-1-ro128,374,2021-03-31,3:00 AM
EMEA,15135,https://www.vlr.gg/15135/rix-gg-vs-oserv-esport-champions-tour-europe-stage-2-challengers-1-ro128,374,2021-03-31,3:00 AM
EMEA,15136,https://www.vlr.gg/15136/full-flashed-vs-excel-champions-tour-europe-stage-2-challengers-1-ro128,374,2021-03-31,3:00 AM
EMEA,15099,https://www.vlr.gg/15099/darren-till-vs-pingu-gang-champions-tour-europe-stage-2-challengers-1-ro128,374,2021-03-31,3:15 AM
EMEA,15110,https://www.vlr.gg/15110/paint-3d-vs-dreamwalker-champions-tour-europe-stage-2-challengers-1-ro128,374,2021-03-31,3:15 AM
EMEA,15113,https://www.vlr.gg/15113/ivy-vs-mcddonalds-esports-champions-tour-europe-stage-2-challengers-1-ro128,374,2021-03-31,3:15 AM
EMEA,15121,https://www.vlr.gg/15121/ehehxd-vs-dawn-of-stars-champions-tour-europe-stage-2-challengers-1-ro128,374,2021-03-31,3:15 AM
EMEA,15140,https://www.vlr.gg/15140/ambitious-vs-lastwind-champions-tour-europe-stage-2-challengers-1-ro128,374,2021-03-31,3:25 AM
EMEA,15144,https://www.vlr.gg/15144/ftw-esports-vs-team-kaio-champions-tour-europe-stage-2-challengers-1-ro64,374,2021-03-31,11:00 PM
EMEA,15145,https://www.vlr.gg/15145/ballista-vs-klatwa-champions-tour-europe-stage-2-challengers-1-ro64,374,2021-03-31,11:00 PM
EMEA,15146,https://www.vlr.gg/15146/patchwork-vs-team-vitality-champions-tour-europe-stage-2-challengers-1-ro64,374,2021-03-31,11:00 PM
EMEA,15147,https://www.vlr.gg/15147/animemix-vs-g2-esports-champions-tour-europe-stage-2-challengers-1-ro64,374,2021-03-31,11:00 PM
EMEA,15148,https://www.vlr.gg/15148/acend-vs-ackerman-team-champions-tour-europe-stage-2-challengers-1-ro64,374,2021-03-31,11:00 PM
EMEA,15149,https://www.vlr.gg/15149/megakich-vs-ovation-esports-champions-tour-europe-stage-2-challengers-1-ro64,374,2021-03-31,11:00 PM
EMEA,15150,https://www.vlr.gg/15150/staga-haus-vs-giants-gaming-champions-tour-europe-stage-2-challengers-1-ro64,374,2021-03-31,11:00 PM
EMEA,15151,https://www.vlr.gg/15151/say-cheese-vs-heet-champions-tour-europe-stage-2-challengers-1-ro64,374,2021-03-31,11:00 PM
EMEA,15152,https://www.vlr.gg/15152/19esports-vs-lasagna-beam-champions-tour-europe-stage-2-challengers-1-ro64,374,2021-03-31,11:00 PM
EMEA,15153,https://www.vlr.gg/15153/og-vs-yendez-champions-tour-europe-stage-2-challengers-1-ro64,374,2021-03-31,11:00 PM
EMEA,15154,https://www.vlr.gg/15154/homeless-vs-raute-1-champions-tour-europe-stage-2-challengers-1-ro64,374,2021-03-31,11:00 PM
EMEA,15155,https://www.vlr.gg/15155/darren-till-vs-opportunists-champions-tour-europe-stage-2-challengers-1-ro64,374,2021-03-31,11:00 PM
EMEA,15156,https://www.vlr.gg/15156/guild-esports-vs-movistar-riders-champions-tour-europe-stage-2-challengers-1-ro64,374,2021-03-31,11:00 PM
EMEA,15157,https://www.vlr.gg/15157/animel-vs-emonkeyz-club-champions-tour-europe-stage-2-challengers-1-ro64,374,2021-03-31,11:00 PM
EMEA,15158,https://www.vlr.gg/15158/couchless-vs-team-liquid-champions-tour-europe-stage-2-challengers-1-ro64,374,2021-03-31,11:00 PM
EMEA,15159,https://www.vlr.gg/15159/lucent-esports-vs-saw-champions-tour-europe-stage-2-challengers-1-ro64,374,2021-03-31,11:00 PM
EMEA,15160,https://www.vlr.gg/15160/linstitut-vs-dreamwalker-champions-tour-europe-stage-2-challengers-1-ro64,374,2021-03-31,11:00 PM
EMEA,15162,https://www.vlr.gg/15162/ipon-team-horizon-reapers-vs-volvo-peek-champions-tour-europe-stage-2-challengers-1-ro64,374,2021-03-31,11:00 PM
EMEA,15163,https://www.vlr.gg/15163/ivy-vs-funplus-phoenix-champions-tour-europe-stage-2-challengers-1-ro64,374,2021-03-31,11:00 PM
EMEA,15164,https://www.vlr.gg/15164/capri-sun-vs-team-sampi-champions-tour-europe-stage-2-challengers-1-ro64,374,2021-03-31,11:00 PM
EMEA,15165,https://www.vlr.gg/15165/ninjas-in-pyjamas-vs-sas-elle-champions-tour-europe-stage-2-challengers-1-ro64,374,2021-03-31,11:00 PM
EMEA,15166,https://www.vlr.gg/15166/ldn-utd-vs-tempo-champions-tour-europe-stage-2-challengers-1-ro64,374,2021-03-31,11:00 PM
EMEA,15167,https://www.vlr.gg/15167/dawn-of-stars-vs-wave-esports-champions-tour-europe-stage-2-challengers-1-ro64,374,2021-03-31,11:00 PM
EMEA,15168,https://www.vlr.gg/15168/illuminar-gaming-vs-playmakers-champions-tour-europe-stage-2-challengers-1-ro64,374,2021-03-31,11:00 PM
EMEA,15169,https://www.vlr.gg/15169/esuba-vs-tarren-mill-champions-tour-europe-stage-2-challengers-1-ro64,374,2021-03-31,11:00 PM
EMEA,15170,https://www.vlr.gg/15170/team-gravity-vs-alliance-champions-tour-europe-stage-2-challengers-1-ro64,374,2021-03-31,11:00 PM
EMEA,15171,https://www.vlr.gg/15171/honk-vs-nebulaa-champions-tour-europe-stage-2-challengers-1-ro64,374,2021-03-31,11:00 PM
EMEA,15172,https://www.vlr.gg/15172/fnatic-vs-atravs-champions-tour-europe-stage-2-challengers-1-ro64,374,2021-03-31,11:00 PM
EMEA,15173,https://www.vlr.gg/15173/whynotvlr-vs-team-finest-champions-tour-europe-stage-2-challengers-1-ro64,374,2021-03-31,11:00 PM
EMEA,15174,https://www.vlr.gg/15174/rix-gg-vs-excel-champions-tour-europe-stage-2-challengers-1-ro64,374,2021-03-31,11:00 PM
EMEA,15175,https://www.vlr.gg/15175/team-7am-vs-team-heretics-champions-tour-europe-stage-2-challengers-1-ro64,374,2021-03-31,11:00 PM
EMEA,15176,https://www.vlr.gg/15176/entropiq-vs-ambitious-champions-tour-europe-stage-2-challengers-1-ro64,374,2021-03-31,11:00 PM
EMEA,15177,https://www.vlr.gg/15177/ftw-esports-vs-klatwa-champions-tour-europe-stage-2-challengers-1-ro32,374,2021-04-01,1:00 AM
EMEA,15184,https://www.vlr.gg/15184/team-liquid-vs-saw-champions-tour-europe-stage-2-challengers-1-ro32,374,2021-04-01,1:00 AM
EMEA,15180,https://www.vlr.gg/15180/giants-gaming-vs-heet-champions-tour-europe-stage-2-challengers-1-ro32,374,2021-04-01,1:05 AM
EMEA,15185,https://www.vlr.gg/15185/linstitut-vs-volvo-peek-champions-tour-europe-stage-2-challengers-1-ro32,374,2021-04-01,1:05 AM
EMEA,15179,https://www.vlr.gg/15179/acend-vs-megastitut-champions-tour-europe-stage-2-challengers-1-ro32,374,2021-04-01,1:15 AM
EMEA,15182,https://www.vlr.gg/15182/homeless-vs-opportunists-champions-tour-europe-stage-2-challengers-1-ro32,374,2021-04-01,1:15 AM
EMEA,15183,https://www.vlr.gg/15183/guild-esports-vs-animel-champions-tour-europe-stage-2-challengers-1-ro32,374,2021-04-01,1:15 AM
EMEA,15188,https://www.vlr.gg/15188/wave-esports-vs-illuminar-gaming-champions-tour-europe-stage-2-challengers-1-ro32,374,2021-04-01,1:15 AM
EMEA,15190,https://www.vlr.gg/15190/honk-vs-fnatic-champions-tour-europe-stage-2-challengers-1-ro32,374,2021-04-01,1:15 AM
EMEA,15192,https://www.vlr.gg/15192/team-heretics-vs-entropiq-champions-tour-europe-stage-2-challengers-1-ro32,374,2021-04-01,1:15 AM
EMEA,15187,https://www.vlr.gg/15187/ninjas-in-pyjamas-vs-ldn-utd-champions-tour-europe-stage-2-challengers-1-ro32,374,2021-04-01,1:35 AM
EMEA,15191,https://www.vlr.gg/15191/team-finest-vs-rix-gg-champions-tour-europe-stage-2-challengers-1-ro32,374,2021-04-01,1:35 AM
EMEA,15178,https://www.vlr.gg/15178/team-vitality-vs-g2-esports-champions-tour-europe-stage-2-challengers-1-ro32,374,2021-04-01,1:50 AM
EMEA,15181,https://www.vlr.gg/15181/lasagna-beam-vs-yendez-champions-tour-europe-stage-2-challengers-1-ro32,374,2021-04-01,2:05 AM
EMEA,15189,https://www.vlr.gg/15189/tarren-mill-vs-alliance-champions-tour-europe-stage-2-challengers-1-ro32,374,2021-04-01,2:15 AM
EMEA,15186,https://www.vlr.gg/15186/funplus-phoenix-vs-team-sampi-champions-tour-europe-stage-2-challengers-1-ro32,374,2021-04-01,2:40 AM
EMEA,14827,https://www.vlr.gg/14827/klatwa-vs-team-vitality-champions-tour-europe-stage-2-challengers-1-ro16,374,2021-04-01,11:00 PM
EMEA,14828,https://www.vlr.gg/14828/acend-vs-giants-gaming-champions-tour-europe-stage-2-challengers-1-ro16,374,2021-04-01,11:00 PM
EMEA,14829,https://www.vlr.gg/14829/lasagna-beam-vs-opportunists-champions-tour-europe-stage-2-challengers-1-ro16,374,2021-04-01,11:00 PM
EMEA,14830,https://www.vlr.gg/14830/guild-esports-vs-team-liquid-champions-tour-europe-stage-2-challengers-1-ro16,374,2021-04-01,11:00 PM
EMEA,15301,https://www.vlr.gg/15301/volvo-peek-vs-funplus-phoenix-champions-tour-europe-stage-2-challengers-1-ro16,374,2021-04-01,11:00 PM
EMEA,15302,https://www.vlr.gg/15302/ninjas-in-pyjamas-vs-wave-esports-champions-tour-europe-stage-2-challengers-1-ro16,374,2021-04-01,11:00 PM
EMEA,15303,https://www.vlr.gg/15303/alliance-vs-fnatic-champions-tour-europe-stage-2-challengers-1-ro16,374,2021-04-01,11:00 PM
EMEA,15304,https://www.vlr.gg/15304/rix-gg-thunder-vs-team-heretics-champions-tour-europe-stage-2-challengers-1-ro16,374,2021-04-01,11:00 PM
EMEA,15306,https://www.vlr.gg/15306/opportunists-vs-guild-esports-champions-tour-europe-stage-2-challengers-1-qf,374,2021-04-02,1:40 AM
EMEA,15305,https://www.vlr.gg/15305/team-vitality-vs-acend-champions-tour-europe-stage-2-challengers-1-qf,374,2021-04-02,2:00 AM
EMEA,15307,https://www.vlr.gg/15307/funplus-phoenix-vs-ninjas-in-pyjamas-champions-tour-europe-stage-2-challengers-1-qf,374,2021-04-02,2:00 AM
EMEA,15308,https://www.vlr.gg/15308/alliance-vs-team-heretics-champions-tour-europe-stage-2-challengers-1-qf,374,2021-04-02,2:00 AM
EMEA,14834,https://www.vlr.gg/14834/acend-vs-ninjas-in-pyjamas-champions-tour-europe-stage-2-challengers-1-qf,374,2021-04-06,10:00 PM
EMEA,14833,https://www.vlr.gg/14833/guild-esports-vs-alliance-champions-tour-europe-stage-2-challengers-1-qf,374,2021-04-07,1:20 AM
EMEA,14836,https://www.vlr.gg/14836/team-heretics-vs-opportunists-champions-tour-europe-stage-2-challengers-1-qf,374,2021-04-07,10:00 PM
EMEA,14835,https://www.vlr.gg/14835/funplus-phoenix-vs-team-vitality-champions-tour-europe-stage-2-challengers-1-qf,374,2021-04-08,12:55 AM
EMEA,14837,https://www.vlr.gg/14837/ninjas-in-pyjamas-vs-guild-esports-champions-tour-europe-stage-2-challengers-1-sf,374,2021-04-08,10:00 PM
EMEA,14838,https://www.vlr.gg/14838/opportunists-vs-funplus-phoenix-champions-tour-europe-stage-2-challengers-1-sf,374,2021-04-09,1:05 AM
EMEA,14839,https://www.vlr.gg/14839/guild-esports-vs-funplus-phoenix-champions-tour-europe-stage-2-challengers-1-gf,374,2021-04-09,10:00 PM
EMEA,14881,https://www.vlr.gg/14881/valorantexec-vs-kanafi-champions-tour-cis-stage-2-challengers-1-ro64,387,2021-03-31,10:00 PM
EMEA,14882,https://www.vlr.gg/14882/not-all-home-vs-universe-champions-tour-cis-stage-2-challengers-1-ro64,387,2021-03-31,10:00 PM
EMEA,14883,https://www.vlr.gg/14883/crow-rowd-vs-n1ce3e3e3e3-champions-tour-cis-stage-2-challengers-1-ro64,387,2021-03-31,10:00 PM
EMEA,14884,https://www.vlr.gg/14884/5bots-vs-moscow-five-jr-champions-tour-cis-stage-2-challengers-1-ro64,387,2021-03-31,10:00 PM
EMEA,14885,https://www.vlr.gg/14885/ququlity-vs-987123-champions-tour-cis-stage-2-challengers-1-ro64,387,2021-03-31,10:00 PM
EMEA,14886,https://www.vlr.gg/14886/hypnotic-gaming-vs-izanami-champions-tour-cis-stage-2-challengers-1-ro64,387,2021-03-31,10:00 PM
EMEA,14887,https://www.vlr.gg/14887/team-singularity-vs-hollywood-champions-tour-cis-stage-2-challengers-1-ro64,387,2021-03-31,10:00 PM
EMEA,14888,https://www.vlr.gg/14888/thunderclap-vs-cryaway-champions-tour-cis-stage-2-challengers-1-ro64,387,2021-03-31,10:00 PM
EMEA,14889,https://www.vlr.gg/14889/nomads-vs-wedontneedmana-champions-tour-cis-stage-2-challengers-1-ro64,387,2021-03-31,10:00 PM
EMEA,14890,https://www.vlr.gg/14890/tyeasy-vs-anxi-champions-tour-cis-stage-2-challengers-1-ro64,387,2021-03-31,10:00 PM
EMEA,14891,https://www.vlr.gg/14891/aim-attack-vs-zveno19-champions-tour-cis-stage-2-challengers-1-ro64,387,2021-03-31,10:00 PM
EMEA,14892,https://www.vlr.gg/14892/thorns-vs-lympus-champions-tour-cis-stage-2-challengers-1-ro64,387,2021-03-31,10:00 PM
EMEA,14893,https://www.vlr.gg/14893/368-vs-gambit-esports-champions-tour-cis-stage-2-challengers-1-ro64,387,2021-03-31,10:00 PM
EMEA,14894,https://www.vlr.gg/14894/feelin-vs-rebellion-champions-tour-cis-stage-2-challengers-1-ro64,387,2021-03-31,10:00 PM
EMEA,14895,https://www.vlr.gg/14895/majorpushers-vs-dont-know-champions-tour-cis-stage-2-challengers-1-ro64,387,2021-03-31,10:00 PM
EMEA,14896,https://www.vlr.gg/14896/mix-vs-1280x960-champions-tour-cis-stage-2-challengers-1-ro64,387,2021-03-31,10:00 PM
EMEA,14897,https://www.vlr.gg/14897/ez-katka-vs-narasslabone-champions-tour-cis-stage-2-challengers-1-ro64,387,2021-03-31,10:00 PM
EMEA,14898,https://www.vlr.gg/14898/anti-social-social-club-vs-jaba-champions-tour-cis-stage-2-challengers-1-ro64,387,2021-03-31,10:00 PM
EMEA,14899,https://www.vlr.gg/14899/fullm1x-vs-forze-champions-tour-cis-stage-2-challengers-1-ro64,387,2021-03-31,10:00 PM
EMEA,14900,https://www.vlr.gg/14900/vengeance-vs-tnp-champions-tour-cis-stage-2-challengers-1-ro64,387,2021-03-31,10:00 PM
EMEA,14901,https://www.vlr.gg/14901/dat-vs-ezclap-champions-tour-cis-stage-2-challengers-1-ro64,387,2021-03-31,10:00 PM
EMEA,14902,https://www.vlr.gg/14902/kabahbl-vs-royal-flush-champions-tour-cis-stage-2-challengers-1-ro64,387,2021-03-31,10:00 PM
EMEA,14903,https://www.vlr.gg/14903/feelmyhack-vs-divinity-champions-tour-cis-stage-2-challengers-1-ro64,387,2021-03-31,10:00 PM
EMEA,14904,https://www.vlr.gg/14904/aspire-vs-ksenox-champions-tour-cis-stage-2-challengers-1-ro64,387,2021-03-31,10:00 PM
EMEA,14905,https://www.vlr.gg/14905/saves-esports-vs-invicta-champions-tour-cis-stage-2-challengers-1-ro64,387,2021-03-31,10:00 PM
EMEA,14906,https://www.vlr.gg/14906/one-breath-gaming-vs-gibdd-champions-tour-cis-stage-2-challengers-1-ro64,387,2021-03-31,10:00 PM
EMEA,14907,https://www.vlr.gg/14907/jeremiah-vs-exile-esports-champions-tour-cis-stage-2-challengers-1-ro64,387,2021-03-31,10:00 PM
EMEA,14908,https://www.vlr.gg/14908/infinite-skill-vs-ninjacat-champions-tour-cis-stage-2-challengers-1-ro64,387,2021-03-31,10:00 PM
EMEA,14909,https://www.vlr.gg/14909/6479-vs-smaracis-esports-champions-tour-cis-stage-2-challengers-1-ro64,387,2021-03-31,10:00 PM
EMEA,14910,https://www.vlr.gg/14910/5up-vs-toomanyquestions-champions-tour-cis-stage-2-challengers-1-ro64,387,2021-03-31,10:00 PM
EMEA,14911,https://www.vlr.gg/14911/animeshniki-vs-gmt-esports-champions-tour-cis-stage-2-challengers-1-ro64,387,2021-03-31,10:00 PM
EMEA,14912,https://www.vlr.gg/14912/ugit-vs-sajanex-champions-tour-cis-stage-2-challengers-1-ro64,387,2021-03-31,10:00 PM
EMEA,14913,https://www.vlr.gg/14913/valorantexec-vs-universe-champions-tour-cis-stage-2-challengers-1-ro32,387,2021-04-01,1:00 AM
EMEA,14914,https://www.vlr.gg/14914/crow-rowd-vs-moscow-five-jr-champions-tour-cis-stage-2-challengers-1-ro32,387,2021-04-01,1:00 AM
EMEA,14915,https://www.vlr.gg/14915/ququlity-vs-hypnotic-gaming-champions-tour-cis-stage-2-challengers-1-ro32,387,2021-04-01,1:00 AM
EMEA,14916,https://www.vlr.gg/14916/team-singularity-vs-thunderclap-champions-tour-cis-stage-2-challengers-1-ro32,387,2021-04-01,1:00 AM
EMEA,14917,https://www.vlr.gg/14917/nomads-vs-tyeasy-champions-tour-cis-stage-2-challengers-1-ro32,387,2021-04-01,1:00 AM
EMEA,14918,https://www.vlr.gg/14918/aim-attack-vs-thorns-champions-tour-cis-stage-2-challengers-1-ro32,387,2021-04-01,1:00 AM
EMEA,14919,https://www.vlr.gg/14919/gambit-esports-vs-rebellion-champions-tour-cis-stage-2-challengers-1-ro32,387,2021-04-01,1:00 AM
EMEA,14920,https://www.vlr.gg/14920/dont-know-vs-1280x960-champions-tour-cis-stage-2-challengers-1-ro32,387,2021-04-01,1:00 AM
EMEA,14921,https://www.vlr.gg/14921/ez-katka-vs-jaba-champions-tour-cis-stage-2-challengers-1-ro32,387,2021-04-01,1:00 AM
EMEA,14922,https://www.vlr.gg/14922/forze-vs-vengeance-champions-tour-cis-stage-2-challengers-1-ro32,387,2021-04-01,1:00 AM
EMEA,14923,https://www.vlr.gg/14923/ezclap-vs-kabahbl-champions-tour-cis-stage-2-challengers-1-ro32,387,2021-04-01,1:00 AM
EMEA,14924,https://www.vlr.gg/14924/divinity-vs-ksenox-champions-tour-cis-stage-2-challengers-1-ro32,387,2021-04-01,1:00 AM
EMEA,14925,https://www.vlr.gg/14925/saves-esports-vs-one-breath-gaming-champions-tour-cis-stage-2-challengers-1-ro32,387,2021-04-01,1:00 AM
EMEA,14926,https://www.vlr.gg/14926/exile-esports-vs-infinite-skill-champions-tour-cis-stage-2-challengers-1-ro32,387,2021-04-01,1:00 AM
EMEA,14927,https://www.vlr.gg/14927/smaracis-esports-vs-toomanyquestions-champions-tour-cis-stage-2-challengers-1-ro32,387,2021-04-01,1:00 AM
EMEA,14928,https://www.vlr.gg/14928/gmt-esports-vs-ugit-champions-tour-cis-stage-2-challengers-1-ro32,387,2021-04-01,1:00 AM
EMEA,14929,https://www.vlr.gg/14929/valorantexec-vs-crow-rowd-champions-tour-cis-stage-2-challengers-1-ro16,387,2021-04-01,10:00 PM
EMEA,14930,https://www.vlr.gg/14930/ququlity-vs-team-singularity-champions-tour-cis-stage-2-challengers-1-ro16,387,2021-04-01,10:00 PM
EMEA,14931,https://www.vlr.gg/14931/tyeasy-vs-aim-attack-champions-tour-cis-stage-2-challengers-1-ro16,387,2021-04-01,10:00 PM
EMEA,14932,https://www.vlr.gg/14932/gambit-esports-vs-1280x960-champions-tour-cis-stage-2-challengers-1-ro16,387,2021-04-01,10:00 PM
EMEA,14933,https://www.vlr.gg/14933/ez-katka-vs-forze-champions-tour-cis-stage-2-challengers-1-ro16,387,2021-04-01,10:00 PM
EMEA,14934,https://www.vlr.gg/14934/kabahbl-vs-divinity-champions-tour-cis-stage-2-challengers-1-ro16,387,2021-04-01,10:00 PM
EMEA,14935,https://www.vlr.gg/14935/one-breath-gaming-vs-exile-esports-champions-tour-cis-stage-2-challengers-1-ro16,387,2021-04-01,10:00 PM
EMEA,14936,https://www.vlr.gg/14936/smaracis-esports-vs-gmt-esports-champions-tour-cis-stage-2-challengers-1-ro16,387,2021-04-01,10:00 PM
EMEA,14944,https://www.vlr.gg/14944/crow-rowd-vs-team-singularity-champions-tour-cis-stage-2-challengers-1-qf,387,2021-04-02,12:00 AM
EMEA,14946,https://www.vlr.gg/14946/forze-vs-divinity-champions-tour-cis-stage-2-challengers-1-qf,387,2021-04-02,12:00 AM
EMEA,14945,https://www.vlr.gg/14945/aim-attack-vs-gambit-esports-champions-tour-cis-stage-2-challengers-1-qf,387,2021-04-02,1:00 AM
EMEA,14947,https://www.vlr.gg/14947/one-breath-gaming-vs-gmt-esports-champions-tour-cis-stage-2-challengers-1-qf,387,2021-04-02,1:00 AM
EMEA,14937,https://www.vlr.gg/14937/gambit-esports-vs-crow-rowd-champions-tour-cis-stage-2-challengers-1-qf,387,2021-04-06,10:00 PM
EMEA,14938,https://www.vlr.gg/14938/one-breath-gaming-vs-team-singularity-champions-tour-cis-stage-2-challengers-1-qf,387,2021-04-07,12:00 AM
EMEA,14939,https://www.vlr.gg/14939/forze-vs-aim-attack-champions-tour-cis-stage-2-challengers-1-qf,387,2021-04-07,10:00 PM
EMEA,14940,https://www.vlr.gg/14940/gmt-esports-vs-divinity-champions-tour-cis-stage-2-challengers-1-qf,387,2021-04-08,12:00 AM
EMEA,14941,https://www.vlr.gg/14941/crow-rowd-vs-team-singularity-champions-tour-cis-stage-2-challengers-1-sf,387,2021-04-08,10:00 PM
EMEA,14942,https://www.vlr.gg/14942/forze-vs-gmt-esports-champions-tour-cis-stage-2-challengers-1-sf,387,2021-04-09,12:40 AM
EMEA,14943,https://www.vlr.gg/14943/crow-rowd-vs-forze-champions-tour-cis-stage-2-challengers-1-gf,387,2021-04-09,10:00 PM
EMEA,15222,https://www.vlr.gg/15222/more-esports-vs-galakticos-champions-tour-turkey-stage-2-challengers-1-ro64,388,2021-03-31,10:00 PM
EMEA,15223,https://www.vlr.gg/15223/nemrutz-vs-2l8-champions-tour-turkey-stage-2-challengers-1-ro64,388,2021-03-31,10:00 PM
EMEA,15224,https://www.vlr.gg/15224/m4l-vs-antalyaspor-esports-champions-tour-turkey-stage-2-challengers-1-ro64,388,2021-03-31,10:00 PM
EMEA,15225,https://www.vlr.gg/15225/rare-esports-vs-team-questionmark-champions-tour-turkey-stage-2-challengers-1-ro64,388,2021-03-31,10:00 PM
EMEA,15226,https://www.vlr.gg/15226/freaksinaction-vs-sangal-esports-champions-tour-turkey-stage-2-challengers-1-ro64,388,2021-03-31,10:00 PM
EMEA,15227,https://www.vlr.gg/15227/1907-fenerbah-e-esport-vs-firegion-champions-tour-turkey-stage-2-challengers-1-ro64,388,2021-03-31,10:00 PM
EMEA,15228,https://www.vlr.gg/15228/ytu-stars-vs-stanbul-wildcats-champions-tour-turkey-stage-2-challengers-1-ro64,388,2021-03-31,10:00 PM
EMEA,15229,https://www.vlr.gg/15229/1tap-esports-turkey-vs-montage-e-sports-champions-tour-turkey-stage-2-challengers-1-ro64,388,2021-03-31,10:00 PM
EMEA,15230,https://www.vlr.gg/15230/oldmix5-vs-besiktas-esports-champions-tour-turkey-stage-2-challengers-1-ro64,388,2021-03-31,10:00 PM
EMEA,15231,https://www.vlr.gg/15231/atl-esports-vs-cousins-champions-tour-turkey-stage-2-challengers-1-ro64,388,2021-03-31,10:00 PM
EMEA,15232,https://www.vlr.gg/15232/no-org-no-pracc-vs-alfa-esport-champions-tour-turkey-stage-2-challengers-1-ro64,388,2021-03-31,10:00 PM
EMEA,15233,https://www.vlr.gg/15233/otherside-vs-2boltsgaming-champions-tour-turkey-stage-2-challengers-1-ro64,388,2021-03-31,10:00 PM
EMEA,15234,https://www.vlr.gg/15234/melina-vs-futbolist-champions-tour-turkey-stage-2-challengers-1-ro64,388,2021-03-31,10:00 PM
EMEA,15235,https://www.vlr.gg/15235/mna-esports-vs-banger5-champions-tour-turkey-stage-2-challengers-1-ro64,388,2021-03-31,10:00 PM
EMEA,15236,https://www.vlr.gg/15236/reks-e-spor-vs-kanaken-espor-champions-tour-turkey-stage-2-challengers-1-ro64,388,2021-03-31,10:00 PM
EMEA,15237,https://www.vlr.gg/15237/arbalest-vs-thunders-champions-tour-turkey-stage-2-challengers-1-ro64,388,2021-03-31,10:00 PM
EMEA,15238,https://www.vlr.gg/15238/f704-vs-sahangiller-esports-champions-tour-turkey-stage-2-challengers-1-ro64,388,2021-03-31,10:00 PM
EMEA,15239,https://www.vlr.gg/15239/predatory-e-sports-vs-search-ng4org-champions-tour-turkey-stage-2-challengers-1-ro64,388,2021-03-31,10:00 PM
EMEA,15240,https://www.vlr.gg/15240/aklabanlar-vs-kom-us-champions-tour-turkey-stage-2-challengers-1-ro64,388,2021-03-31,10:00 PM
EMEA,15241,https://www.vlr.gg/15241/rel-por-gaming-vs-bbl-esports-champions-tour-turkey-stage-2-challengers-1-ro64,388,2021-03-31,10:00 PM
EMEA,15242,https://www.vlr.gg/15242/aml-ca-esports-vs-zero-zone-champions-tour-turkey-stage-2-challengers-1-ro64,388,2021-03-31,10:00 PM
EMEA,15243,https://www.vlr.gg/15243/3-eyrekso-ansiz-vs-godzilla-e-sports-champions-tour-turkey-stage-2-challengers-1-ro64,388,2021-03-31,10:00 PM
EMEA,15244,https://www.vlr.gg/15244/first-time-vs-apex-point-champions-tour-turkey-stage-2-challengers-1-ro64,388,2021-03-31,10:00 PM
EMEA,15245,https://www.vlr.gg/15245/kafalar-esports-vs-team-6ix-champions-tour-turkey-stage-2-challengers-1-ro64,388,2021-03-31,10:00 PM
EMEA,15246,https://www.vlr.gg/15246/hunterr-vs-deathwarriors-e-sport-champions-tour-turkey-stage-2-challengers-1-ro64,388,2021-03-31,10:00 PM
EMEA,15247,https://www.vlr.gg/15247/w0wclan-vs-cyber-skull-esports-champions-tour-turkey-stage-2-challengers-1-ro64,388,2021-03-31,10:00 PM
EMEA,15248,https://www.vlr.gg/15248/just-w-vs-anatolia-esports-champions-tour-turkey-stage-2-challengers-1-ro64,388,2021-03-31,10:00 PM
EMEA,15249,https://www.vlr.gg/15249/firepower-vs-old-cihangir-champions-tour-turkey-stage-2-challengers-1-ro64,388,2021-03-31,10:00 PM
EMEA,15250,https://www.vlr.gg/15250/unity-vs-foxn-team-champions-tour-turkey-stage-2-challengers-1-ro64,388,2021-03-31,10:00 PM
EMEA,15251,https://www.vlr.gg/15251/old-nvidia-version-abusers-vs-massivestroke-e-sports-champions-tour-turkey-stage-2-challengers-1,388,2021-03-31,10:00 PM
EMEA,15252,https://www.vlr.gg/15252/kocaeli-esports-vs-legends-never-day-champions-tour-turkey-stage-2-challengers-1-ro64,388,2021-03-31,10:00 PM
EMEA,15253,https://www.vlr.gg/15253/oxygen-esports-vs-team-beleaguers-champions-tour-turkey-stage-2-challengers-1-ro64,388,2021-03-31,10:00 PM
EMEA,15254,https://www.vlr.gg/15254/more-esports-vs-nemrutz-champions-tour-turkey-stage-2-challengers-1-ro32,388,2021-04-01,1:00 AM
EMEA,15255,https://www.vlr.gg/15255/m4l-vs-rare-esports-champions-tour-turkey-stage-2-challengers-1-ro32,388,2021-04-01,1:00 AM
EMEA,15256,https://www.vlr.gg/15256/sangal-esports-vs-1907-fenerbah-e-esport-champions-tour-turkey-stage-2-challengers-1-ro32,388,2021-04-01,1:00 AM
EMEA,15257,https://www.vlr.gg/15257/stanbul-wildcats-vs-montage-e-sports-champions-tour-turkey-stage-2-challengers-1-ro32,388,2021-04-01,1:00 AM
EMEA,15258,https://www.vlr.gg/15258/besiktas-esports-vs-cousins-champions-tour-turkey-stage-2-challengers-1-ro32,388,2021-04-01,1:00 AM
EMEA,15259,https://www.vlr.gg/15259/no-org-no-pracc-vs-otherside-champions-tour-turkey-stage-2-challengers-1-ro32,388,2021-04-01,1:00 AM
EMEA,15260,https://www.vlr.gg/15260/futbolist-vs-mna-esports-champions-tour-turkey-stage-2-challengers-1-ro32,388,2021-04-01,1:00 AM
EMEA,15261,https://www.vlr.gg/15261/reks-e-spor-vs-arbalest-champions-tour-turkey-stage-2-challengers-1-ro32,388,2021-04-01,1:00 AM
EMEA,15262,https://www.vlr.gg/15262/sahangiller-esports-vs-search-ng4org-champions-tour-turkey-stage-2-challengers-1-ro32,388,2021-04-01,1:00 AM
EMEA,15263,https://www.vlr.gg/15263/aklabanlar-vs-bbl-esports-champions-tour-turkey-stage-2-challengers-1-ro32,388,2021-04-01,1:00 AM
EMEA,15264,https://www.vlr.gg/15264/zero-zone-vs-godzilla-e-sports-champions-tour-turkey-stage-2-challengers-1-ro32,388,2021-04-01,1:00 AM
EMEA,15265,https://www.vlr.gg/15265/first-time-vs-kafalar-esports-champions-tour-turkey-stage-2-challengers-1-ro32,388,2021-04-01,1:00 AM
EMEA,15266,https://www.vlr.gg/15266/hunterr-vs-cyber-skull-esports-champions-tour-turkey-stage-2-challengers-1-ro32,388,2021-04-01,1:00 AM
EMEA,15267,https://www.vlr.gg/15267/anatolia-esports-vs-firepower-champions-tour-turkey-stage-2-challengers-1-ro32,388,2021-04-01,1:00 AM
EMEA,15268,https://www.vlr.gg/15268/unity-vs-old-nvidia-version-abusers-champions-tour-turkey-stage-2-challengers-1-ro32,388,2021-04-01,1:00 AM
EMEA,15269,https://www.vlr.gg/15269/legends-never-day-vs-oxygen-esports-champions-tour-turkey-stage-2-challengers-1-ro32,388,2021-04-01,1:00 AM
EMEA,15270,https://www.vlr.gg/15270/more-esports-vs-rare-esports-champions-tour-turkey-stage-2-challengers-1-ro16,388,2021-04-01,10:00 PM
EMEA,15271,https://www.vlr.gg/15271/1907-fenerbah-e-esport-vs-stanbul-wildcats-champions-tour-turkey-stage-2-challengers-1-ro16,388,2021-04-01,10:00 PM
EMEA,15272,https://www.vlr.gg/15272/besiktas-esports-vs-otherside-champions-tour-turkey-stage-2-challengers-1-ro16,388,2021-04-01,10:00 PM
EMEA,15273,https://www.vlr.gg/15273/futbolist-vs-arbalest-champions-tour-turkey-stage-2-challengers-1-ro16,388,2021-04-01,10:00 PM
EMEA,15274,https://www.vlr.gg/15274/search-ng4org-vs-bbl-esports-champions-tour-turkey-stage-2-challengers-1-ro16,388,2021-04-01,10:00 PM
EMEA,15275,https://www.vlr.gg/15275/godzilla-e-sports-vs-kafalar-esports-champions-tour-turkey-stage-2-challengers-1-ro16,388,2021-04-01,10:00 PM
EMEA,15276,https://www.vlr.gg/15276/cyber-skull-esports-vs-anatolia-esports-champions-tour-turkey-stage-2-challengers-1-ro16,388,2021-04-01,10:00 PM
EMEA,15277,https://www.vlr.gg/15277/unity-vs-oxygen-esports-champions-tour-turkey-stage-2-challengers-1-ro16,388,2021-04-01,10:00 PM
EMEA,14864,https://www.vlr.gg/14864/more-esports-vs-1907-fenerbah-e-esport-champions-tour-turkey-stage-2-challengers-1-qf,388,2021-04-02,1:00 AM
EMEA,14865,https://www.vlr.gg/14865/otherside-vs-futbolist-champions-tour-turkey-stage-2-challengers-1-qf,388,2021-04-02,1:00 AM
EMEA,14866,https://www.vlr.gg/14866/bbl-esports-vs-kafalar-esports-champions-tour-turkey-stage-2-challengers-1-qf,388,2021-04-02,1:00 AM
EMEA,14867,https://www.vlr.gg/14867/oxygen-esports-vs-anatolia-esports-champions-tour-turkey-stage-2-challengers-1-qf,388,2021-04-02,1:00 AM
EMEA,14870,https://www.vlr.gg/14870/futbolist-vs-anatolia-esports-champions-tour-turkey-stage-2-challengers-1-qf,388,2021-04-06,10:00 PM
EMEA,14871,https://www.vlr.gg/14871/otherside-vs-kafalar-esports-champions-tour-turkey-stage-2-challengers-1-qf,388,2021-04-07,12:20 AM
EMEA,14872,https://www.vlr.gg/14872/bbl-esports-vs-1907-fenerbah-e-esport-champions-tour-turkey-stage-2-challengers-1-qf,388,2021-04-07,10:00 PM
EMEA,14873,https://www.vlr.gg/14873/oxygen-esports-vs-more-esports-champions-tour-turkey-stage-2-challengers-1-qf,388,2021-04-08,12:45 AM
EMEA,14874,https://www.vlr.gg/14874/futbolist-vs-kafalar-esports-champions-tour-turkey-stage-2-challengers-1-sf,388,2021-04-08,10:00 PM
EMEA,14875,https://www.vlr.gg/14875/bbl-esports-vs-oxygen-esports-champions-tour-turkey-stage-2-challengers-1-sf,388,2021-04-09,12:50 AM
EMEA,14876,https://www.vlr.gg/14876/futbolist-vs-oxygen-esports-champions-tour-turkey-stage-2-challengers-1-gf,388,2021-04-09,10:00 PM
EMEA,12915,https://www.vlr.gg/12915/ballista-vs-team-heretics-champions-tour-europe-stage-1-masters-opening-a,334,2021-03-12,11:00 PM
EMEA,12916,https://www.vlr.gg/12916/acend-vs-ninjas-in-pyjamas-champions-tour-europe-stage-1-masters-opening-a,334,2021-03-13,1:15 AM
EMEA,12920,https://www.vlr.gg/12920/guild-esports-vs-funplus-phoenix-champions-tour-europe-stage-1-masters-opening-b,334,2021-03-13,11:00 PM
EMEA,12921,https://www.vlr.gg/12921/alliance-vs-dfuseteam-champions-tour-europe-stage-1-masters-opening-b,334,2021-03-14,2:00 AM
EMEA,12918,https://www.vlr.gg/12918/ballista-vs-acend-champions-tour-europe-stage-1-masters-elimination-a,334,2021-03-14,11:00 PM
EMEA,12923,https://www.vlr.gg/12923/guild-esports-vs-alliance-champions-tour-europe-stage-1-masters-elimination-b,334,2021-03-15,12:35 AM
EMEA,12917,https://www.vlr.gg/12917/team-heretics-vs-ninjas-in-pyjamas-champions-tour-europe-stage-1-masters-winners-a,334,2021-03-18,11:00 PM
EMEA,12922,https://www.vlr.gg/12922/funplus-phoenix-vs-team-bds-champions-tour-europe-stage-1-masters-winners-b,334,2021-03-19,2:00 AM
EMEA,12919,https://www.vlr.gg/12919/ninjas-in-pyjamas-vs-acend-champions-tour-europe-stage-1-masters-decider-a,334,2021-03-19,11:00 PM
EMEA,12924,https://www.vlr.gg/12924/team-bds-vs-guild-esports-champions-tour-europe-stage-1-masters-decider-b,334,2021-03-20,1:05 AM
EMEA,12926,https://www.vlr.gg/12926/team-heretics-vs-guild-esports-champions-tour-europe-stage-1-masters-sf,334,2021-03-20,11:00 PM
EMEA,12925,https://www.vlr.gg/12925/funplus-phoenix-vs-acend-champions-tour-europe-stage-1-masters-sf,334,2021-03-21,1:15 AM
EMEA,12927,https://www.vlr.gg/12927/team-heretics-vs-acend-champions-tour-europe-stage-1-masters-gf,334,2021-03-21,11:00 PM
EMEA,12934,https://www.vlr.gg/12934/stanbul-wildcats-vs-zero-zone-champions-tour-turkey-stage-1-masters-opening-a,342,2021-03-12,10:00 PM
EMEA,12933,https://www.vlr.gg/12933/oxygen-esports-vs-rare-esports-champions-tour-turkey-stage-1-masters-opening-a,342,2021-03-13,12:30 AM
EMEA,12929,https://www.vlr.gg/12929/futbolist-vs-otherside-champions-tour-turkey-stage-1-masters-opening-b,342,2021-03-13,10:00 PM
EMEA,12928,https://www.vlr.gg/12928/bbl-esports-vs-cyber-skull-esports-champions-tour-turkey-stage-1-masters-opening-b,342,2021-03-14,1:30 AM
EMEA,12930,https://www.vlr.gg/12930/zero-zone-vs-rare-esports-champions-tour-turkey-stage-1-masters-elimination-a,342,2021-03-14,10:00 PM
EMEA,12935,https://www.vlr.gg/12935/otherside-vs-cyber-skull-esports-champions-tour-turkey-stage-1-masters-elimination-b,342,2021-03-15,1:00 AM
EMEA,12931,https://www.vlr.gg/12931/stanbul-wildcats-vs-oxygen-esports-champions-tour-turkey-stage-1-masters-winners-a,342,2021-03-18,10:00 PM
EMEA,12936,https://www.vlr.gg/12936/futbolist-vs-bbl-esports-champions-tour-turkey-stage-1-masters-winners-b,342,2021-03-19,12:20 AM
EMEA,12932,https://www.vlr.gg/12932/stanbul-wildcats-vs-rare-esports-champions-tour-turkey-stage-1-masters-decider-a,342,2021-03-19,10:00 PM
EMEA,12937,https://www.vlr.gg/12937/bbl-esports-vs-cyber-skull-esports-champions-tour-turkey-stage-1-masters-decider-b,342,2021-03-20,1:00 AM
EMEA,12938,https://www.vlr.gg/12938/oxygen-esports-vs-bbl-esports-champions-tour-turkey-stage-1-masters-sf,342,2021-03-20,10:00 PM
EMEA,12939,https://www.vlr.gg/12939/futbolist-vs-rare-esports-champions-tour-turkey-stage-1-masters-sf,342,2021-03-21,12:20 AM
EMEA,12940,https://www.vlr.gg/12940/bbl-esports-vs-futbolist-champions-tour-turkey-stage-1-masters-gf,342,2021-03-21,10:00 PM
EMEA,12941,https://www.vlr.gg/12941/tyeasy-vs-gambit-esports-champions-tour-cis-stage-1-masters-opening-a,344,2021-03-12,10:00 PM
EMEA,12942,https://www.vlr.gg/12942/team-singularity-vs-crow-rowd-champions-tour-cis-stage-1-masters-opening-a,344,2021-03-13,12:10 AM
EMEA,12946,https://www.vlr.gg/12946/divinity-vs-forze-champions-tour-cis-stage-1-masters-opening-b,344,2021-03-13,9:00 PM
EMEA,12947,https://www.vlr.gg/12947/gmt-esports-vs-one-breath-gaming-champions-tour-cis-stage-1-masters-opening-b,344,2021-03-13,11:10 PM
EMEA,12943,https://www.vlr.gg/12943/tyeasy-vs-crow-rowd-champions-tour-cis-stage-1-masters-elimination-a,344,2021-03-14,9:00 PM
EMEA,12948,https://www.vlr.gg/12948/divinity-vs-one-breath-gaming-champions-tour-cis-stage-1-masters-elimination-b,344,2021-03-14,11:00 PM
EMEA,12944,https://www.vlr.gg/12944/gambit-esports-vs-team-singularity-champions-tour-cis-stage-1-masters-winners-a,344,2021-03-18,10:00 PM
EMEA,12949,https://www.vlr.gg/12949/forze-vs-gmt-esports-champions-tour-cis-stage-1-masters-winners-b,344,2021-03-18,11:45 PM
EMEA,12945,https://www.vlr.gg/12945/team-singularity-vs-crow-rowd-champions-tour-cis-stage-1-masters-decider-a,344,2021-03-19,10:00 PM
EMEA,12950,https://www.vlr.gg/12950/gmt-esports-vs-one-breath-gaming-champions-tour-cis-stage-1-masters-decider-b,344,2021-03-20,1:00 AM
EMEA,12951,https://www.vlr.gg/12951/gambit-esports-vs-gmt-esports-champions-tour-cis-stage-1-masters-sf,344,2021-03-20,9:00 PM
EMEA,12952,https://www.vlr.gg/12952/forze-vs-crow-rowd-champions-tour-cis-stage-1-masters-sf,344,2021-03-20,11:00 PM
EMEA,12953,https://www.vlr.gg/12953/gambit-esports-vs-forze-champions-tour-cis-stage-1-masters-gf,344,2021-03-21,9:00 PM
EMEA,16063,https://www.vlr.gg/16063/ezclap-vs-ez-katka-champions-tour-cis-stage-2-challengers-2-ro64,391,2021-04-11,10:00 PM
EMEA,16064,https://www.vlr.gg/16064/dont-know-vs-ksenox-champions-tour-cis-stage-2-challengers-2-ro64,391,2021-04-11,10:00 PM
EMEA,16065,https://www.vlr.gg/16065/ugit-vs-divinity-champions-tour-cis-stage-2-challengers-2-ro64,391,2021-04-11,10:00 PM
EMEA,16066,https://www.vlr.gg/16066/wild-hunt-vs-valhalla-champions-tour-cis-stage-2-challengers-2-ro64,391,2021-04-11,10:00 PM
EMEA,16067,https://www.vlr.gg/16067/rebellion-vs-969-gang-champions-tour-cis-stage-2-challengers-2-ro64,391,2021-04-11,10:00 PM
EMEA,16068,https://www.vlr.gg/16068/1280x960-vs-time-to-win-champions-tour-cis-stage-2-challengers-2-ro64,391,2021-04-11,10:00 PM
EMEA,16069,https://www.vlr.gg/16069/buykey-vs-infinite-skill-champions-tour-cis-stage-2-challengers-2-ro64,391,2021-04-11,10:00 PM
EMEA,16070,https://www.vlr.gg/16070/mcchicken-vs-bullgods-champions-tour-cis-stage-2-challengers-2-ro64,391,2021-04-11,10:00 PM
EMEA,16071,https://www.vlr.gg/16071/hollywood-vs-shockwave-champions-tour-cis-stage-2-challengers-2-ro64,391,2021-04-11,10:00 PM
EMEA,16072,https://www.vlr.gg/16072/dat-vs-mix-champions-tour-cis-stage-2-challengers-2-ro64,391,2021-04-11,10:00 PM
EMEA,16073,https://www.vlr.gg/16073/seefuture-vs-aspire-champions-tour-cis-stage-2-challengers-2-ro64,391,2021-04-11,10:00 PM
EMEA,16074,https://www.vlr.gg/16074/freak-squad-vs-trying-to-win-champions-tour-cis-stage-2-challengers-2-ro64,391,2021-04-11,10:00 PM
EMEA,16075,https://www.vlr.gg/16075/jaba-vs-gambit-esports-champions-tour-cis-stage-2-challengers-2-ro64,391,2021-04-11,10:00 PM
EMEA,16076,https://www.vlr.gg/16076/5op-vs-thorns-champions-tour-cis-stage-2-challengers-2-ro64,391,2021-04-11,10:00 PM
EMEA,16077,https://www.vlr.gg/16077/digital-slayers-vs-worst-players-champions-tour-cis-stage-2-challengers-2-ro64,391,2021-04-11,10:00 PM
EMEA,16078,https://www.vlr.gg/16078/izanami-vs-368-champions-tour-cis-stage-2-challengers-2-ro64,391,2021-04-11,10:00 PM
EMEA,16079,https://www.vlr.gg/16079/hypnotic-gaming-vs-smaracis-esports-champions-tour-cis-stage-2-challengers-2-ro64,391,2021-04-11,10:00 PM
EMEA,16080,https://www.vlr.gg/16080/future5stars-vs-n1ce3e3e3e3-champions-tour-cis-stage-2-challengers-2-ro64,391,2021-04-11,10:00 PM
EMEA,16081,https://www.vlr.gg/16081/silence-vs-one-breath-gaming-champions-tour-cis-stage-2-challengers-2-ro64,391,2021-04-11,10:00 PM
EMEA,16082,https://www.vlr.gg/16082/izanami-red-vs-gibdd-champions-tour-cis-stage-2-challengers-2-ro64,391,2021-04-11,10:00 PM
EMEA,16083,https://www.vlr.gg/16083/team-error-vs-zveno19-champions-tour-cis-stage-2-challengers-2-ro64,391,2021-04-11,10:00 PM
EMEA,16084,https://www.vlr.gg/16084/unity-vs-toomanyquestions-champions-tour-cis-stage-2-challengers-2-ro64,391,2021-04-11,10:00 PM
EMEA,16085,https://www.vlr.gg/16085/navi-vs-akqjt-champions-tour-cis-stage-2-challengers-2-ro64,391,2021-04-11,10:00 PM
EMEA,16086,https://www.vlr.gg/16086/ztitans-vs-ququlity-champions-tour-cis-stage-2-challengers-2-ro64,391,2021-04-11,10:00 PM
EMEA,16087,https://www.vlr.gg/16087/nevertilt-vs-nomads-champions-tour-cis-stage-2-challengers-2-ro64,391,2021-04-11,10:00 PM
EMEA,16088,https://www.vlr.gg/16088/abcdteam-vs-5up-champions-tour-cis-stage-2-challengers-2-ro64,391,2021-04-11,10:00 PM
EMEA,16089,https://www.vlr.gg/16089/moscow-five-jr-vs-kabahbl-champions-tour-cis-stage-2-challengers-2-ro64,391,2021-04-11,10:00 PM
EMEA,16090,https://www.vlr.gg/16090/jeremiah-vs-tyeasy-champions-tour-cis-stage-2-challengers-2-ro64,391,2021-04-11,10:00 PM
EMEA,16091,https://www.vlr.gg/16091/exile-esports-vs-vengeance-champions-tour-cis-stage-2-challengers-2-ro64,391,2021-04-11,10:00 PM
EMEA,16092,https://www.vlr.gg/16092/feelmyhack-vs-nomercy-champions-tour-cis-stage-2-challengers-2-ro64,391,2021-04-11,10:00 PM
EMEA,16093,https://www.vlr.gg/16093/b-zotca-vs-badmonkeygaming-champions-tour-cis-stage-2-challengers-2-ro64,391,2021-04-11,10:00 PM
EMEA,16094,https://www.vlr.gg/16094/podpivasniki-vs-aim-attack-champions-tour-cis-stage-2-challengers-2-ro64,391,2021-04-11,10:00 PM
EMEA,16102,https://www.vlr.gg/16102/worst-players-vs-368-champions-tour-cis-stage-2-challengers-2-ro32,391,2021-04-11,11:40 PM
EMEA,16103,https://www.vlr.gg/16103/smaracis-esports-vs-n1ce3e3e3e3-champions-tour-cis-stage-2-challengers-2-ro32,391,2021-04-12,12:00 AM
EMEA,16101,https://www.vlr.gg/16101/gambit-esports-vs-thorns-champions-tour-cis-stage-2-challengers-2-ro32,391,2021-04-12,12:15 AM
EMEA,16106,https://www.vlr.gg/16106/akqjt-vs-ztitans-champions-tour-cis-stage-2-challengers-2-ro32,391,2021-04-12,12:30 AM
EMEA,16095,https://www.vlr.gg/16095/ezclap-vs-ksenox-champions-tour-cis-stage-2-challengers-2-ro32,391,2021-04-12,12:30 AM
EMEA,16097,https://www.vlr.gg/16097/969-gang-vs-1280x960-champions-tour-cis-stage-2-challengers-2-ro32,391,2021-04-12,12:30 AM
EMEA,16099,https://www.vlr.gg/16099/shockwave-vs-dat-champions-tour-cis-stage-2-challengers-2-ro32,391,2021-04-12,12:30 AM
EMEA,16104,https://www.vlr.gg/16104/one-breath-gaming-vs-gibdd-champions-tour-cis-stage-2-challengers-2-ro32,391,2021-04-12,12:30 AM
EMEA,16105,https://www.vlr.gg/16105/zveno19-vs-toomanyquestions-champions-tour-cis-stage-2-challengers-2-ro32,391,2021-04-12,12:30 AM
EMEA,16110,https://www.vlr.gg/16110/b-zotca-vs-aim-attack-champions-tour-cis-stage-2-challengers-2-ro32,391,2021-04-12,12:30 AM
EMEA,16096,https://www.vlr.gg/16096/divinity-vs-wild-hunt-champions-tour-cis-stage-2-challengers-2-ro32,391,2021-04-12,12:40 AM
EMEA,16098,https://www.vlr.gg/16098/buykey-vs-bullgods-champions-tour-cis-stage-2-challengers-2-ro32,391,2021-04-12,1:00 AM
EMEA,16100,https://www.vlr.gg/16100/aspire-vs-trying-to-win-champions-tour-cis-stage-2-challengers-2-ro32,391,2021-04-12,1:00 AM
EMEA,16107,https://www.vlr.gg/16107/nomads-vs-5up-champions-tour-cis-stage-2-challengers-2-ro32,391,2021-04-12,1:00 AM
EMEA,16108,https://www.vlr.gg/16108/moscow-five-jr-vs-tyeasy-champions-tour-cis-stage-2-challengers-2-ro32,391,2021-04-12,1:00 AM
EMEA,16109,https://www.vlr.gg/16109/exile-esports-vs-nomercy-champions-tour-cis-stage-2-challengers-2-ro32,391,2021-04-12,1:15 AM
EMEA,16312,https://www.vlr.gg/16312/ezclap-vs-wild-hunt-champions-tour-cis-stage-2-challengers-2-ro16,391,2021-04-12,10:00 PM
EMEA,16313,https://www.vlr.gg/16313/1280x960-vs-bullgods-champions-tour-cis-stage-2-challengers-2-ro16,391,2021-04-12,10:00 PM
EMEA,16314,https://www.vlr.gg/16314/dat-vs-aspire-champions-tour-cis-stage-2-challengers-2-ro16,391,2021-04-12,10:00 PM
EMEA,16315,https://www.vlr.gg/16315/gambit-esports-vs-worst-players-champions-tour-cis-stage-2-challengers-2-ro16,391,2021-04-12,10:00 PM
EMEA,16316,https://www.vlr.gg/16316/smaracis-esports-vs-one-breath-gaming-champions-tour-cis-stage-2-challengers-2-ro16,391,2021-04-12,10:00 PM
EMEA,16317,https://www.vlr.gg/16317/toomanyquestions-vs-ztitans-champions-tour-cis-stage-2-challengers-2-ro16,391,2021-04-12,10:00 PM
EMEA,16318,https://www.vlr.gg/16318/nomads-vs-tyeasy-champions-tour-cis-stage-2-challengers-2-ro16,391,2021-04-12,10:00 PM
EMEA,16319,https://www.vlr.gg/16319/nomercy-vs-aim-attack-champions-tour-cis-stage-2-challengers-2-ro16,391,2021-04-12,10:00 PM
EMEA,16323,https://www.vlr.gg/16323/tyeasy-vs-aim-attack-champions-tour-cis-stage-2-challengers-2-qf,391,2021-04-13,12:00 AM
EMEA,16321,https://www.vlr.gg/16321/dat-vs-gambit-esports-champions-tour-cis-stage-2-challengers-2-qf,391,2021-04-13,1:00 AM
EMEA,16322,https://www.vlr.gg/16322/one-breath-gaming-vs-toomanyquestions-champions-tour-cis-stage-2-challengers-2-qf,391,2021-04-13,1:00 AM
EMEA,16320,https://www.vlr.gg/16320/ezclap-vs-1280x960-champions-tour-cis-stage-2-challengers-2-qf,391,2021-04-13,1:25 AM
EMEA,16510,https://www.vlr.gg/16510/forze-vs-1280x960-champions-tour-cis-stage-2-challengers-2-qf,391,2021-04-15,10:00 PM
EMEA,16511,https://www.vlr.gg/16511/team-singularity-vs-one-breath-gaming-champions-tour-cis-stage-2-challengers-2-qf,391,2021-04-16,1:00 AM
EMEA,16512,https://www.vlr.gg/16512/crow-rowd-vs-aim-attack-champions-tour-cis-stage-2-challengers-2-qf,391,2021-04-16,10:00 PM
EMEA,16513,https://www.vlr.gg/16513/gmt-esports-vs-gambit-esports-champions-tour-cis-stage-2-challengers-2-qf,391,2021-04-17,12:05 AM
EMEA,16514,https://www.vlr.gg/16514/forze-vs-one-breath-gaming-champions-tour-cis-stage-2-challengers-2-sf,391,2021-04-17,10:00 PM
EMEA,16515,https://www.vlr.gg/16515/crow-rowd-vs-gambit-esports-champions-tour-cis-stage-2-challengers-2-sf,391,2021-04-18,12:00 AM
EMEA,16516,https://www.vlr.gg/16516/one-breath-gaming-vs-gambit-esports-champions-tour-cis-stage-2-challengers-2-gf,391,2021-04-18,10:00 PM
EMEA,12397,https://www.vlr.gg/12397/melina-vs-designated-champions-tour-turkey-stage-1-challengers-3-ro32,339,2021-03-03,10:00 PM
EMEA,12398,https://www.vlr.gg/12398/typhone-vs-besiktas-esports-champions-tour-turkey-stage-1-challengers-3-ro32,339,2021-03-03,10:00 PM
EMEA,12399,https://www.vlr.gg/12399/galakticos-vs-unity-champions-tour-turkey-stage-1-challengers-3-ro32,339,2021-03-03,10:00 PM
EMEA,12400,https://www.vlr.gg/12400/overwatch-vs-eliza-champions-tour-turkey-stage-1-challengers-3-ro32,339,2021-03-03,10:00 PM
EMEA,12401,https://www.vlr.gg/12401/fawes-vs-thunderbolts-gaming-champions-tour-turkey-stage-1-challengers-3-ro32,339,2021-03-03,10:00 PM
EMEA,12402,https://www.vlr.gg/12402/vikings-vs-randomfive-champions-tour-turkey-stage-1-challengers-3-ro32,339,2021-03-03,10:00 PM
EMEA,12403,https://www.vlr.gg/12403/westside-vs-banger5-champions-tour-turkey-stage-1-challengers-3-ro32,339,2021-03-03,10:00 PM
EMEA,12404,https://www.vlr.gg/12404/kafalar-esports-vs-havefunny-champions-tour-turkey-stage-1-challengers-3-ro32,339,2021-03-03,10:00 PM
EMEA,12405,https://www.vlr.gg/12405/sangal-esports-vs-whysoez-champions-tour-turkey-stage-1-challengers-3-ro32,339,2021-03-03,10:00 PM
EMEA,12406,https://www.vlr.gg/12406/freaksinaction-vs-orgless5-champions-tour-turkey-stage-1-challengers-3-ro32,339,2021-03-03,10:00 PM
EMEA,12407,https://www.vlr.gg/12407/anatolia-esports-vs-elektronik-denetleme-sistem-champions-tour-turkey-stage-1-challengers-3-ro32,339,2021-03-03,10:00 PM
EMEA,12408,https://www.vlr.gg/12408/bau-raiders-vs-team-aurora-champions-tour-turkey-stage-1-challengers-3-ro32,339,2021-03-03,10:00 PM
EMEA,12409,https://www.vlr.gg/12409/kebabmasterz-vs-1907-fenerbah-e-esport-champions-tour-turkey-stage-1-challengers-3-ro32,339,2021-03-03,10:00 PM
EMEA,12410,https://www.vlr.gg/12410/we-need-org-vs-team-6ix-champions-tour-turkey-stage-1-challengers-3-ro32,339,2021-03-03,10:00 PM
EMEA,12411,https://www.vlr.gg/12411/pcific-vs-zero-zone-champions-tour-turkey-stage-1-challengers-3-ro32,339,2021-03-03,10:00 PM
EMEA,12412,https://www.vlr.gg/12412/5heads-vs-yankees-champions-tour-turkey-stage-1-challengers-3-ro32,339,2021-03-03,10:00 PM
EMEA,12413,https://www.vlr.gg/12413/designated-vs-besiktas-esports-champions-tour-turkey-stage-1-challengers-3-ro16,339,2021-03-04,1:00 AM
EMEA,12414,https://www.vlr.gg/12414/galakticos-vs-eliza-champions-tour-turkey-stage-1-challengers-3-ro16,339,2021-03-04,1:00 AM
EMEA,12415,https://www.vlr.gg/12415/thunderbolts-gaming-vs-vikings-champions-tour-turkey-stage-1-challengers-3-ro16,339,2021-03-04,1:00 AM
EMEA,12416,https://www.vlr.gg/12416/banger5-vs-kafalar-esports-champions-tour-turkey-stage-1-challengers-3-ro16,339,2021-03-04,1:00 AM
EMEA,12417,https://www.vlr.gg/12417/sangal-esports-vs-orgless5-champions-tour-turkey-stage-1-challengers-3-ro16,339,2021-03-04,1:00 AM
EMEA,12418,https://www.vlr.gg/12418/anatolia-esports-vs-team-aurora-champions-tour-turkey-stage-1-challengers-3-ro16,339,2021-03-04,1:00 AM
EMEA,12419,https://www.vlr.gg/12419/1907-fenerbah-e-esport-vs-we-need-org-champions-tour-turkey-stage-1-challengers-3-ro16,339,2021-03-04,1:00 AM
EMEA,12420,https://www.vlr.gg/12420/zero-zone-vs-5heads-champions-tour-turkey-stage-1-challengers-3-ro16,339,2021-03-04,1:00 AM
EMEA,12421,https://www.vlr.gg/12421/besiktas-esports-vs-galakticos-champions-tour-turkey-stage-1-challengers-3-qf,339,2021-03-04,10:00 PM
EMEA,12422,https://www.vlr.gg/12422/antalyaspor-espor-vs-kafalar-esports-champions-tour-turkey-stage-1-challengers-3-qf,339,2021-03-05,12:40 AM
EMEA,12423,https://www.vlr.gg/12423/sangal-esports-vs-anatolia-esports-champions-tour-turkey-stage-1-challengers-3-qf,339,2021-03-05,10:00 PM
EMEA,12424,https://www.vlr.gg/12424/we-need-org-vs-zero-zone-champions-tour-turkey-stage-1-challengers-3-qf,339,2021-03-06,12:05 AM
EMEA,12425,https://www.vlr.gg/12425/cyber-skull-esports-vs-besiktas-esports-champions-tour-turkey-stage-1-challengers-3-qf,339,2021-03-06,10:00 PM
EMEA,12426,https://www.vlr.gg/12426/rare-esports-vs-kafalar-esports-champions-tour-turkey-stage-1-challengers-3-qf,339,2021-03-07,12:00 AM
EMEA,12427,https://www.vlr.gg/12427/futbolist-vs-anatolia-esports-champions-tour-turkey-stage-1-challengers-3-qf,339,2021-03-07,10:00 PM
EMEA,12428,https://www.vlr.gg/12428/stanbul-wildcats-vs-zero-zone-champions-tour-turkey-stage-1-challengers-3-qf,339,2021-03-08,1:00 AM
EMEA,11676,https://www.vlr.gg/11676/team-gravity-vs-john-howard-champions-tour-europe-stage-1-challengers-3-ro128,328,2021-03-03,1:00 AM
EMEA,11678,https://www.vlr.gg/11678/team-sinful-vs-guild-esports-champions-tour-europe-stage-1-challengers-3-ro128,328,2021-03-03,1:00 AM
EMEA,11679,https://www.vlr.gg/11679/next-level-vs-nofear-champions-tour-europe-stage-1-challengers-3-ro128,328,2021-03-03,1:00 AM
EMEA,11680,https://www.vlr.gg/11680/64-fully-tatted-vs-circe-champions-tour-europe-stage-1-challengers-3-ro128,328,2021-03-03,1:00 AM
EMEA,11681,https://www.vlr.gg/11681/pit-stop-vs-attack-them-champions-tour-europe-stage-1-challengers-3-ro128,328,2021-03-03,1:00 AM
EMEA,11682,https://www.vlr.gg/11682/lenovo-legion-honv-d-vs-19esports-champions-tour-europe-stage-1-challengers-3-ro128,328,2021-03-03,1:00 AM
EMEA,11683,https://www.vlr.gg/11683/backlink-gaming-vs-lancraft-champions-tour-europe-stage-1-challengers-3-ro128,328,2021-03-03,1:00 AM
EMEA,11684,https://www.vlr.gg/11684/animel-vs-team-sprel-champions-tour-europe-stage-1-challengers-3-ro128,328,2021-03-03,1:00 AM
EMEA,11685,https://www.vlr.gg/11685/prima-esport-vs-alcyone-champions-tour-europe-stage-1-challengers-3-ro128,328,2021-03-03,1:00 AM
EMEA,11686,https://www.vlr.gg/11686/lsweasels-vs-entropiq-champions-tour-europe-stage-1-challengers-3-ro128,328,2021-03-03,1:00 AM
EMEA,11687,https://www.vlr.gg/11687/in-your-head-vs-sniper-monkey-champions-tour-europe-stage-1-challengers-3-ro128,328,2021-03-03,1:00 AM
EMEA,11688,https://www.vlr.gg/11688/ucam-esports-club-vs-whynotvlr-champions-tour-europe-stage-1-challengers-3-ro128,328,2021-03-03,1:00 AM
EMEA,11689,https://www.vlr.gg/11689/chakalaka-vs-bluejays-frates-champions-tour-europe-stage-1-challengers-3-ro128,328,2021-03-03,1:00 AM
EMEA,11690,https://www.vlr.gg/11690/nonamers-vs-wizards-club-champions-tour-europe-stage-1-challengers-3-ro128,328,2021-03-03,1:00 AM
EMEA,11691,https://www.vlr.gg/11691/tarren-mill-vs-playzone-champions-tour-europe-stage-1-challengers-3-ro128,328,2021-03-03,1:00 AM
EMEA,11692,https://www.vlr.gg/11692/revengegg-vs-movistar-riders-champions-tour-europe-stage-1-challengers-3-ro128,328,2021-03-03,1:00 AM
EMEA,11693,https://www.vlr.gg/11693/amarok-e-sports-vs-reply-totem-champions-tour-europe-stage-1-challengers-3-ro128,328,2021-03-03,1:00 AM
EMEA,11694,https://www.vlr.gg/11694/ket-vs-dfuseteam-champions-tour-europe-stage-1-challengers-3-ro128,328,2021-03-03,1:00 AM
EMEA,11695,https://www.vlr.gg/11695/team-7am-vs-yazda-champions-tour-europe-stage-1-challengers-3-ro128,328,2021-03-03,1:00 AM
EMEA,11696,https://www.vlr.gg/11696/catalyst-esports-vs-megakich-champions-tour-europe-stage-1-challengers-3-ro128,328,2021-03-03,1:00 AM
EMEA,11697,https://www.vlr.gg/11697/project-greywing-vs-winfinity-champions-tour-europe-stage-1-challengers-3-ro128,328,2021-03-03,1:00 AM
EMEA,11698,https://www.vlr.gg/11698/team-queso-vs-formagwint-champions-tour-europe-stage-1-challengers-3-ro128,328,2021-03-03,1:00 AM
EMEA,11699,https://www.vlr.gg/11699/team-finest-vs-craic-champions-tour-europe-stage-1-challengers-3-ro128,328,2021-03-03,1:00 AM
EMEA,11700,https://www.vlr.gg/11700/keepyourskill-vs-ovation-esports-champions-tour-europe-stage-1-challengers-3-ro128,328,2021-03-03,1:00 AM
EMEA,11701,https://www.vlr.gg/11701/we-knep-the-meta-vs-the-box-by-infinity-area-champions-tour-europe-stage-1-challengers-3-ro128,328,2021-03-03,1:00 AM
EMEA,11702,https://www.vlr.gg/11702/giants-gaming-vs-esuba-champions-tour-europe-stage-1-challengers-3-ro128,328,2021-03-03,1:00 AM
EMEA,11703,https://www.vlr.gg/11703/aqualix-vs-57-champions-tour-europe-stage-1-challengers-3-ro128,328,2021-03-03,1:00 AM
EMEA,11704,https://www.vlr.gg/11704/mbappeek-vs-ipon-team-horizon-reapers-champions-tour-europe-stage-1-challengers-3-ro128,328,2021-03-03,1:00 AM
EMEA,11705,https://www.vlr.gg/11705/ambitious-vs-baecon-gg-champions-tour-europe-stage-1-challengers-3-ro128,328,2021-03-03,1:00 AM
EMEA,11706,https://www.vlr.gg/11706/team-sampi-vs-team-leaf-champions-tour-europe-stage-1-challengers-3-ro128,328,2021-03-03,1:00 AM
EMEA,11707,https://www.vlr.gg/11707/dark-tigers-vs-arbalest-champions-tour-europe-stage-1-challengers-3-ro128,328,2021-03-03,1:00 AM
EMEA,11708,https://www.vlr.gg/11708/tensei-esports-vs-patchwork-champions-tour-europe-stage-1-challengers-3-ro128,328,2021-03-03,1:00 AM
EMEA,11709,https://www.vlr.gg/11709/okgg-vs-honk-champions-tour-europe-stage-1-challengers-3-ro128,328,2021-03-03,1:00 AM
EMEA,11711,https://www.vlr.gg/11711/staga-haus-vs-avez-esport-champions-tour-europe-stage-1-challengers-3-ro128,328,2021-03-03,1:00 AM
EMEA,11712,https://www.vlr.gg/11712/extraordinary-vs-rulers-esports-champions-tour-europe-stage-1-challengers-3-ro128,328,2021-03-03,1:00 AM
EMEA,11713,https://www.vlr.gg/11713/marten-gaming-vs-team-underage-champions-tour-europe-stage-1-challengers-3-ro128,328,2021-03-03,1:00 AM
EMEA,11714,https://www.vlr.gg/11714/elo-delivery-vs-99percent-champions-tour-europe-stage-1-challengers-3-ro128,328,2021-03-03,1:00 AM
EMEA,11715,https://www.vlr.gg/11715/heet-vs-yendez-champions-tour-europe-stage-1-challengers-3-ro128,328,2021-03-03,1:00 AM
EMEA,11716,https://www.vlr.gg/11716/purple-cobras-vs-volvo-peek-champions-tour-europe-stage-1-challengers-3-ro128,328,2021-03-03,1:00 AM
EMEA,11717,https://www.vlr.gg/11717/diaxmix-vs-iron-division-champions-tour-europe-stage-1-challengers-3-ro128,328,2021-03-03,1:00 AM
EMEA,11718,https://www.vlr.gg/11718/wieca-vs-hsdirr-champions-tour-europe-stage-1-challengers-3-ro128,328,2021-03-03,1:00 AM
EMEA,11719,https://www.vlr.gg/11719/sh00pdawh00p-vs-ubiteam-champions-tour-europe-stage-1-challengers-3-ro128,328,2021-03-03,1:00 AM
EMEA,11720,https://www.vlr.gg/11720/d00msday-vs-digital-ninjas-champions-tour-europe-stage-1-challengers-3-ro128,328,2021-03-03,1:00 AM
EMEA,11721,https://www.vlr.gg/11721/lil-pamp-esports-vs-ballista-champions-tour-europe-stage-1-challengers-3-ro128,328,2021-03-03,1:00 AM
EMEA,11723,https://www.vlr.gg/11723/dragonborn-esport-vs-ignite-champions-tour-europe-stage-1-challengers-3-ro128,328,2021-03-03,1:00 AM
EMEA,11724,https://www.vlr.gg/11724/divan-vs-saw-champions-tour-europe-stage-1-challengers-3-ro128,328,2021-03-03,1:00 AM
EMEA,11725,https://www.vlr.gg/11725/kv-tinky-vs-ingenuity-champions-tour-europe-stage-1-challengers-3-ro128,328,2021-03-03,1:00 AM
EMEA,11726,https://www.vlr.gg/11726/independent-vs-edelweiss-esports-champions-tour-europe-stage-1-challengers-3-ro128,328,2021-03-03,1:00 AM
EMEA,11727,https://www.vlr.gg/11727/pingu-gang-vs-helios-gaming-champions-tour-europe-stage-1-challengers-3-ro128,328,2021-03-03,1:00 AM
EMEA,11728,https://www.vlr.gg/11728/e9-esports-vs-inside-games-champions-tour-europe-stage-1-challengers-3-ro128,328,2021-03-03,1:00 AM
EMEA,11729,https://www.vlr.gg/11729/team-questionmark-vs-shockdart-champions-tour-europe-stage-1-challengers-3-ro128,328,2021-03-03,1:00 AM
EMEA,11730,https://www.vlr.gg/11730/flashdash-vs-raise-your-edge-champions-tour-europe-stage-1-challengers-3-ro128,328,2021-03-03,1:00 AM
EMEA,11731,https://www.vlr.gg/11731/team-galaga-vs-team-vitality-champions-tour-europe-stage-1-challengers-3-ro128,328,2021-03-03,1:00 AM
EMEA,11732,https://www.vlr.gg/11732/matchmaking-lovers-vs-powerhouse-champions-tour-europe-stage-1-challengers-3-ro128,328,2021-03-03,1:00 AM
EMEA,11733,https://www.vlr.gg/11733/bloodydevils-vs-nevermindgg-champions-tour-europe-stage-1-challengers-3-ro128,328,2021-03-03,1:00 AM
EMEA,11734,https://www.vlr.gg/11734/bean-boys-vs-lunaris-champions-tour-europe-stage-1-challengers-3-ro128,328,2021-03-03,1:00 AM
EMEA,11735,https://www.vlr.gg/11735/team-liquid-vs-narcotic-champions-tour-europe-stage-1-challengers-3-ro128,328,2021-03-03,1:00 AM
EMEA,11736,https://www.vlr.gg/11736/cream-real-betis-vs-igp-alpha-champions-tour-europe-stage-1-challengers-3-ro128,328,2021-03-03,1:00 AM
EMEA,11737,https://www.vlr.gg/11737/unsigned-vs-young-guys-club-champions-tour-europe-stage-1-challengers-3-ro128,328,2021-03-03,1:00 AM
EMEA,11738,https://www.vlr.gg/11738/badturtlesesport-vs-ic9-champions-tour-europe-stage-1-challengers-3-ro128,328,2021-03-03,1:00 AM
EMEA,11739,https://www.vlr.gg/11739/atravs-vs-rix-gg-champions-tour-europe-stage-1-challengers-3-ro128,328,2021-03-03,1:00 AM
EMEA,11677,https://www.vlr.gg/11677/radiant-comedy-club-vs-s2v-esports-champions-tour-europe-stage-1-challengers-3-ro128,328,2021-03-03,1:50 AM
EMEA,11710,https://www.vlr.gg/11710/wolfix-gaming-vs-angry-titans-champions-tour-europe-stage-1-challengers-3-ro128,328,2021-03-03,2:00 AM
EMEA,11673,https://www.vlr.gg/11673/lunaris-vs-team-liquid-champions-tour-europe-stage-1-challengers-3-ro64,328,2021-03-03,3:00 AM
EMEA,11652,https://www.vlr.gg/11652/movistar-riders-vs-reply-totem-champions-tour-europe-stage-1-challengers-3-ro64,328,2021-03-03,3:15 AM
EMEA,11644,https://www.vlr.gg/11644/team-gravity-vs-s2v-esports-champions-tour-europe-stage-1-challengers-3-ro64,328,2021-03-03,4:00 AM
EMEA,11645,https://www.vlr.gg/11645/guild-esports-vs-nofear-champions-tour-europe-stage-1-challengers-3-ro64,328,2021-03-03,4:00 AM
EMEA,11646,https://www.vlr.gg/11646/circe-vs-pit-stop-champions-tour-europe-stage-1-challengers-3-ro64,328,2021-03-03,4:00 AM
EMEA,11647,https://www.vlr.gg/11647/19esports-vs-lancraft-champions-tour-europe-stage-1-challengers-3-ro64,328,2021-03-03,4:00 AM
EMEA,11649,https://www.vlr.gg/11649/entropiq-vs-sniper-monkey-champions-tour-europe-stage-1-challengers-3-ro64,328,2021-03-03,4:00 AM
EMEA,11650,https://www.vlr.gg/11650/whynotvlr-vs-chakalaka-champions-tour-europe-stage-1-challengers-3-ro64,328,2021-03-03,4:00 AM
EMEA,11651,https://www.vlr.gg/11651/nonamers-vs-tarren-mill-champions-tour-europe-stage-1-challengers-3-ro64,328,2021-03-03,4:00 AM
EMEA,11654,https://www.vlr.gg/11654/megakich-vs-winfinity-champions-tour-europe-stage-1-challengers-3-ro64,328,2021-03-03,4:00 AM
EMEA,11655,https://www.vlr.gg/11655/team-queso-vs-team-finest-champions-tour-europe-stage-1-challengers-3-ro64,328,2021-03-03,4:00 AM
EMEA,11657,https://www.vlr.gg/11657/giants-gaming-vs-57-champions-tour-europe-stage-1-challengers-3-ro64,328,2021-03-03,4:00 AM
EMEA,11658,https://www.vlr.gg/11658/ipon-team-horizon-reapers-vs-ambitious-champions-tour-europe-stage-1-challengers-3-ro64,328,2021-03-03,4:00 AM
EMEA,11659,https://www.vlr.gg/11659/team-sampi-vs-arbalest-champions-tour-europe-stage-1-challengers-3-ro64,328,2021-03-03,4:00 AM
EMEA,11660,https://www.vlr.gg/11660/patchwork-vs-honk-champions-tour-europe-stage-1-challengers-3-ro64,328,2021-03-03,4:00 AM
EMEA,11661,https://www.vlr.gg/11661/angry-titans-vs-staga-haus-champions-tour-europe-stage-1-challengers-3-ro64,328,2021-03-03,4:00 AM
EMEA,11662,https://www.vlr.gg/11662/extraordinary-vs-marten-gaming-champions-tour-europe-stage-1-challengers-3-ro64,328,2021-03-03,4:00 AM
EMEA,11663,https://www.vlr.gg/11663/99percent-vs-yendez-champions-tour-europe-stage-1-challengers-3-ro64,328,2021-03-03,4:00 AM
EMEA,11664,https://www.vlr.gg/11664/volvo-peek-vs-diaxmix-champions-tour-europe-stage-1-challengers-3-ro64,328,2021-03-03,4:00 AM
EMEA,11665,https://www.vlr.gg/11665/hsdirr-vs-ubiteam-champions-tour-europe-stage-1-challengers-3-ro64,328,2021-03-03,4:00 AM
EMEA,11666,https://www.vlr.gg/11666/d00msday-vs-ballista-champions-tour-europe-stage-1-challengers-3-ro64,328,2021-03-03,4:00 AM
EMEA,11667,https://www.vlr.gg/11667/suprmode-gaming-vs-ignite-champions-tour-europe-stage-1-challengers-3-ro64,328,2021-03-03,4:00 AM
EMEA,11668,https://www.vlr.gg/11668/saw-vs-kv-tinky-champions-tour-europe-stage-1-challengers-3-ro64,328,2021-03-03,4:00 AM
EMEA,11670,https://www.vlr.gg/11670/e9-esports-vs-shockdart-champions-tour-europe-stage-1-challengers-3-ro64,328,2021-03-03,4:00 AM
EMEA,11671,https://www.vlr.gg/11671/raise-your-edge-vs-team-vitality-champions-tour-europe-stage-1-challengers-3-ro64,328,2021-03-03,4:00 AM
EMEA,11674,https://www.vlr.gg/11674/cream-real-betis-vs-unsigned-champions-tour-europe-stage-1-challengers-3-ro64,328,2021-03-03,4:00 AM
EMEA,11675,https://www.vlr.gg/11675/ic9-vs-rix-gg-champions-tour-europe-stage-1-challengers-3-ro64,328,2021-03-03,4:00 AM
EMEA,11648,https://www.vlr.gg/11648/animel-vs-prima-esport-champions-tour-europe-stage-1-challengers-3-ro64,328,2021-03-03,4:15 AM
EMEA,11653,https://www.vlr.gg/11653/dfuseteam-vs-team-7am-champions-tour-europe-stage-1-challengers-3-ro64,328,2021-03-03,4:15 AM
EMEA,11656,https://www.vlr.gg/11656/ovation-esports-vs-we-knep-the-meta-champions-tour-europe-stage-1-challengers-3-ro64,328,2021-03-03,4:15 AM
EMEA,11669,https://www.vlr.gg/11669/edelweiss-esports-vs-pingu-gang-champions-tour-europe-stage-1-challengers-3-ro64,328,2021-03-03,4:15 AM
EMEA,11672,https://www.vlr.gg/11672/powerhouse-vs-bloodydevils-champions-tour-europe-stage-1-challengers-3-ro64,328,2021-03-03,4:30 AM
EMEA,11615,https://www.vlr.gg/11615/s2v-esports-vs-guild-esports-champions-tour-europe-stage-1-challengers-3-ro32,328,2021-03-04,12:00 AM
EMEA,11616,https://www.vlr.gg/11616/pit-stop-vs-19esports-champions-tour-europe-stage-1-challengers-3-ro32,328,2021-03-04,12:00 AM
EMEA,11617,https://www.vlr.gg/11617/animel-vs-entropiq-champions-tour-europe-stage-1-challengers-3-ro32,328,2021-03-04,12:00 AM
EMEA,11618,https://www.vlr.gg/11618/chakalaka-vs-tarren-mill-champions-tour-europe-stage-1-challengers-3-ro32,328,2021-03-04,12:00 AM
EMEA,11619,https://www.vlr.gg/11619/movistar-riders-vs-dfuseteam-champions-tour-europe-stage-1-challengers-3-ro32,328,2021-03-04,12:00 AM
EMEA,11620,https://www.vlr.gg/11620/winfinity-vs-team-finest-champions-tour-europe-stage-1-challengers-3-ro32,328,2021-03-04,12:00 AM
EMEA,11621,https://www.vlr.gg/11621/ovation-esports-vs-giants-gaming-champions-tour-europe-stage-1-challengers-3-ro32,328,2021-03-04,12:00 AM
EMEA,11622,https://www.vlr.gg/11622/ipon-team-horizon-reapers-vs-arbalest-champions-tour-europe-stage-1-challengers-3-ro32,328,2021-03-04,12:00 AM
EMEA,11623,https://www.vlr.gg/11623/honk-vs-staga-haus-champions-tour-europe-stage-1-challengers-3-ro32,328,2021-03-04,12:00 AM
EMEA,11624,https://www.vlr.gg/11624/marten-gaming-vs-99percent-champions-tour-europe-stage-1-challengers-3-ro32,328,2021-03-04,12:00 AM
EMEA,11625,https://www.vlr.gg/11625/volvo-peek-vs-hsdirr-champions-tour-europe-stage-1-challengers-3-ro32,328,2021-03-04,12:00 AM
EMEA,11626,https://www.vlr.gg/11626/ballista-vs-ignite-champions-tour-europe-stage-1-challengers-3-ro32,328,2021-03-04,12:00 AM
EMEA,11627,https://www.vlr.gg/11627/saw-vs-edelweiss-esports-champions-tour-europe-stage-1-challengers-3-ro32,328,2021-03-04,12:00 AM
EMEA,11628,https://www.vlr.gg/11628/shockdart-vs-raise-your-edge-champions-tour-europe-stage-1-challengers-3-ro32,328,2021-03-04,12:00 AM
EMEA,11642,https://www.vlr.gg/11642/powerhouse-vs-team-liquid-champions-tour-europe-stage-1-challengers-3-ro32,328,2021-03-04,12:00 AM
EMEA,11643,https://www.vlr.gg/11643/cream-real-betis-vs-rix-gg-champions-tour-europe-stage-1-challengers-3-ro32,328,2021-03-04,12:00 AM
EMEA,11634,https://www.vlr.gg/11634/guild-esports-vs-pit-stop-champions-tour-europe-stage-1-challengers-3-ro16,328,2021-03-04,3:00 AM
EMEA,11635,https://www.vlr.gg/11635/entropiq-vs-chakalaka-champions-tour-europe-stage-1-challengers-3-ro16,328,2021-03-04,3:00 AM
EMEA,11636,https://www.vlr.gg/11636/dfuseteam-vs-team-finest-champions-tour-europe-stage-1-challengers-3-ro16,328,2021-03-04,3:00 AM
EMEA,11637,https://www.vlr.gg/11637/giants-gaming-vs-ipon-team-horizon-reapers-champions-tour-europe-stage-1-challengers-3-ro16,328,2021-03-04,3:00 AM
EMEA,11639,https://www.vlr.gg/11639/hsdirr-vs-ballista-champions-tour-europe-stage-1-challengers-3-ro16,328,2021-03-04,3:00 AM
EMEA,11641,https://www.vlr.gg/11641/team-liquid-vs-rix-gg-champions-tour-europe-stage-1-challengers-3-ro16,328,2021-03-04,3:30 AM
EMEA,11640,https://www.vlr.gg/11640/saw-vs-raise-your-edge-champions-tour-europe-stage-1-challengers-3-ro16,328,2021-03-04,3:40 AM
EMEA,11638,https://www.vlr.gg/11638/honk-vs-99percent-champions-tour-europe-stage-1-challengers-3-ro16,328,2021-03-04,3:45 AM
EMEA,11594,https://www.vlr.gg/11594/guild-esports-vs-entropiq-champions-tour-europe-stage-1-challengers-3-qf,328,2021-03-05,12:00 AM
EMEA,11596,https://www.vlr.gg/11596/dfuseteam-vs-giants-gaming-champions-tour-europe-stage-1-challengers-3-qf,328,2021-03-05,2:40 AM
EMEA,11595,https://www.vlr.gg/11595/honk-vs-ballista-champions-tour-europe-stage-1-challengers-3-qf,328,2021-03-06,12:00 AM
EMEA,11597,https://www.vlr.gg/11597/raise-your-edge-vs-rix-gg-champions-tour-europe-stage-1-challengers-3-qf,328,2021-03-06,1:50 AM
EMEA,11598,https://www.vlr.gg/11598/wave-esports-vs-guild-esports-champions-tour-europe-stage-1-challengers-3-qf,328,2021-03-06,11:00 PM
EMEA,11599,https://www.vlr.gg/11599/g2-esports-vs-dfuseteam-champions-tour-europe-stage-1-challengers-3-qf,328,2021-03-07,12:50 AM
EMEA,11600,https://www.vlr.gg/11600/fnatic-vs-ballista-champions-tour-europe-stage-1-challengers-3-qf,328,2021-03-07,11:00 PM
EMEA,11601,https://www.vlr.gg/11601/og-vs-raise-your-edge-champions-tour-europe-stage-1-challengers-3-qf,328,2021-03-08,1:00 AM
EMEA,12491,https://www.vlr.gg/12491/969-gang-vs-trident-clan-champions-tour-cis-stage-1-challengers-3-ro64,343,2021-03-02,11:00 PM
EMEA,12498,https://www.vlr.gg/12498/samara-mafia-vs-presense-champions-tour-cis-stage-1-challengers-3-ro64,343,2021-03-02,11:00 PM
EMEA,12508,https://www.vlr.gg/12508/platoon-vs-4imige-champions-tour-cis-stage-1-challengers-3-ro64,343,2021-03-02,11:00 PM
EMEA,12513,https://www.vlr.gg/12513/ez-katka-vs-akatsuki-clan-champions-tour-cis-stage-1-challengers-3-ro64,343,2021-03-02,11:00 PM
EMEA,12520,https://www.vlr.gg/12520/positive-mental-attitude-vs-deja-vu-champions-tour-cis-stage-1-challengers-3-ro64,343,2021-03-02,11:00 PM
EMEA,12492,https://www.vlr.gg/12492/feelmyhack-vs-fluency-champions-tour-cis-stage-1-challengers-3-ro64,343,2021-03-03,1:00 AM
EMEA,12499,https://www.vlr.gg/12499/smaracis-esports-vs-maybegokill-champions-tour-cis-stage-1-challengers-3-ro64,343,2021-03-03,1:00 AM
EMEA,12502,https://www.vlr.gg/12502/lost-days-vs-toomanyquestions-champions-tour-cis-stage-1-challengers-3-ro64,343,2021-03-03,1:00 AM
EMEA,12504,https://www.vlr.gg/12504/electronic-zero-vs-ztitans-champions-tour-cis-stage-1-challengers-3-ro64,343,2021-03-03,1:00 AM
EMEA,12505,https://www.vlr.gg/12505/imbapeek-vs-kjpwr-champions-tour-cis-stage-1-challengers-3-ro64,343,2021-03-03,1:00 AM
EMEA,12507,https://www.vlr.gg/12507/prodigy-vs-exile-esports-champions-tour-cis-stage-1-challengers-3-ro64,343,2021-03-03,1:00 AM
EMEA,12515,https://www.vlr.gg/12515/no-praccs-vs-tbd-champions-tour-cis-stage-1-challengers-3-ro64,343,2021-03-03,1:00 AM
EMEA,12518,https://www.vlr.gg/12518/project-x-vs-team04ka-champions-tour-cis-stage-1-challengers-3-ro64,343,2021-03-03,1:00 AM
EMEA,12519,https://www.vlr.gg/12519/izanami-vs-ugit-champions-tour-cis-stage-1-challengers-3-ro64,343,2021-03-03,1:00 AM
EMEA,12489,https://www.vlr.gg/12489/silence-vs-dobrya4ki-champions-tour-cis-stage-1-challengers-3-ro64,343,2021-03-03,1:00 AM
EMEA,12490,https://www.vlr.gg/12490/katjietki-vs-landodger-champions-tour-cis-stage-1-challengers-3-ro64,343,2021-03-03,1:00 AM
EMEA,12493,https://www.vlr.gg/12493/radiance-view-vs-vengeance-champions-tour-cis-stage-1-challengers-3-ro64,343,2021-03-03,1:00 AM
EMEA,12494,https://www.vlr.gg/12494/top500-and-dog-vs-w-party-champions-tour-cis-stage-1-challengers-3-ro64,343,2021-03-03,1:00 AM
EMEA,12495,https://www.vlr.gg/12495/morethanzero-vs-jeremiah-champions-tour-cis-stage-1-challengers-3-ro64,343,2021-03-03,1:00 AM
EMEA,12496,https://www.vlr.gg/12496/na-trape-vs-fixbucky-champions-tour-cis-stage-1-challengers-3-ro64,343,2021-03-03,1:00 AM
EMEA,12497,https://www.vlr.gg/12497/ksenox-vs-aim-attack-champions-tour-cis-stage-1-challengers-3-ro64,343,2021-03-03,1:00 AM
EMEA,12500,https://www.vlr.gg/12500/saves-esports-vs-mcchicken-champions-tour-cis-stage-1-challengers-3-ro64,343,2021-03-03,1:00 AM
EMEA,12501,https://www.vlr.gg/12501/jaba-vs-equites-champions-tour-cis-stage-1-challengers-3-ro64,343,2021-03-03,1:00 AM
EMEA,12503,https://www.vlr.gg/12503/hollywood-vs-kjlacchble-champions-tour-cis-stage-1-challengers-3-ro64,343,2021-03-03,1:00 AM
EMEA,12506,https://www.vlr.gg/12506/fullm1x-vs-trying-to-win-champions-tour-cis-stage-1-challengers-3-ro64,343,2021-03-03,1:00 AM
EMEA,12509,https://www.vlr.gg/12509/shingeki-no-kyojin-vs-5up-champions-tour-cis-stage-1-challengers-3-ro64,343,2021-03-03,1:00 AM
EMEA,12510,https://www.vlr.gg/12510/brotherhood-of-the-five-vs-team7-champions-tour-cis-stage-1-challengers-3-ro64,343,2021-03-03,1:00 AM
EMEA,12511,https://www.vlr.gg/12511/we-don-t-care-vs-invicta-champions-tour-cis-stage-1-challengers-3-ro64,343,2021-03-03,1:00 AM
EMEA,12512,https://www.vlr.gg/12512/thorns-vs-mangal-champions-tour-cis-stage-1-challengers-3-ro64,343,2021-03-03,1:00 AM
EMEA,12514,https://www.vlr.gg/12514/aspire-vs-genei-ryodan-champions-tour-cis-stage-1-challengers-3-ro64,343,2021-03-03,1:00 AM
EMEA,12516,https://www.vlr.gg/12516/hollow-vs-kronbars-champions-tour-cis-stage-1-challengers-3-ro64,343,2021-03-03,1:00 AM
EMEA,12517,https://www.vlr.gg/12517/hypnotic-gaming-vs-xactjlepbi-champions-tour-cis-stage-1-challengers-3-ro64,343,2021-03-03,1:00 AM
EMEA,12522,https://www.vlr.gg/12522/trident-clan-vs-fluency-champions-tour-cis-stage-1-challengers-3-ro32,343,2021-03-03,10:00 PM
EMEA,12523,https://www.vlr.gg/12523/vengeance-vs-top500-and-dog-champions-tour-cis-stage-1-challengers-3-ro32,343,2021-03-03,10:00 PM
EMEA,12527,https://www.vlr.gg/12527/saves-esports-vs-jaba-champions-tour-cis-stage-1-challengers-3-ro32,343,2021-03-03,10:00 PM
EMEA,12529,https://www.vlr.gg/12529/ztitans-vs-imbapeek-champions-tour-cis-stage-1-challengers-3-ro32,343,2021-03-03,10:00 PM
EMEA,12530,https://www.vlr.gg/12530/fullm1x-vs-exile-esports-champions-tour-cis-stage-1-challengers-3-ro32,343,2021-03-03,10:00 PM
EMEA,12531,https://www.vlr.gg/12531/platoon-vs-shingeki-no-kyojin-champions-tour-cis-stage-1-challengers-3-ro32,343,2021-03-03,10:00 PM
EMEA,12532,https://www.vlr.gg/12532/team7-vs-invicta-champions-tour-cis-stage-1-challengers-3-ro32,343,2021-03-03,10:00 PM
EMEA,12533,https://www.vlr.gg/12533/mangal-vs-ez-katka-champions-tour-cis-stage-1-challengers-3-ro32,343,2021-03-03,10:00 PM
EMEA,12536,https://www.vlr.gg/12536/ugit-vs-deja-vu-champions-tour-cis-stage-1-challengers-3-ro32,343,2021-03-03,10:00 PM
EMEA,12521,https://www.vlr.gg/12521/silence-vs-landodger-champions-tour-cis-stage-1-challengers-3-ro32,343,2021-03-03,10:00 PM
EMEA,12524,https://www.vlr.gg/12524/jeremiah-vs-na-trape-champions-tour-cis-stage-1-challengers-3-ro32,343,2021-03-03,10:00 PM
EMEA,12525,https://www.vlr.gg/12525/xactjlepbi-vs-ksenox-champions-tour-cis-stage-1-challengers-3-ro32,343,2021-03-03,10:00 PM
EMEA,12526,https://www.vlr.gg/12526/presense-vs-smaracis-esports-champions-tour-cis-stage-1-challengers-3-ro32,343,2021-03-03,10:00 PM
EMEA,12528,https://www.vlr.gg/12528/toomanyquestions-vs-hollywood-champions-tour-cis-stage-1-challengers-3-ro32,343,2021-03-03,10:00 PM
EMEA,12534,https://www.vlr.gg/12534/aspire-vs-no-praccs-champions-tour-cis-stage-1-challengers-3-ro32,343,2021-03-03,10:00 PM
EMEA,12535,https://www.vlr.gg/12535/kronbars-vs-project-x-champions-tour-cis-stage-1-challengers-3-ro32,343,2021-03-03,10:00 PM
EMEA,12537,https://www.vlr.gg/12537/landodger-vs-fluency-champions-tour-cis-stage-1-challengers-3-ro16,343,2021-03-04,1:00 AM
EMEA,12538,https://www.vlr.gg/12538/vengeance-vs-jeremiah-champions-tour-cis-stage-1-challengers-3-ro16,343,2021-03-04,1:00 AM
EMEA,12540,https://www.vlr.gg/12540/jaba-vs-toomanyquestions-champions-tour-cis-stage-1-challengers-3-ro16,343,2021-03-04,1:00 AM
EMEA,12541,https://www.vlr.gg/12541/ztitans-vs-fullm1x-champions-tour-cis-stage-1-challengers-3-ro16,343,2021-03-04,1:00 AM
EMEA,12542,https://www.vlr.gg/12542/shingeki-no-kyojin-vs-team7-champions-tour-cis-stage-1-challengers-3-ro16,343,2021-03-04,1:00 AM
EMEA,12543,https://www.vlr.gg/12543/mangal-vs-aspire-champions-tour-cis-stage-1-challengers-3-ro16,343,2021-03-04,1:00 AM
EMEA,12544,https://www.vlr.gg/12544/project-x-vs-deja-vu-champions-tour-cis-stage-1-challengers-3-ro16,343,2021-03-04,1:00 AM
EMEA,12539,https://www.vlr.gg/12539/ksenox-vs-smaracis-esports-champions-tour-cis-stage-1-challengers-3-ro16,343,2021-03-04,1:00 AM
EMEA,12657,https://www.vlr.gg/12657/fluency-vs-jeremiah-champions-tour-cis-stage-1-challengers-3-qf,343,2021-03-04,10:00 PM
EMEA,12658,https://www.vlr.gg/12658/ksenox-vs-toomanyquestions-champions-tour-cis-stage-1-challengers-3-qf,343,2021-03-05,12:00 AM
EMEA,12659,https://www.vlr.gg/12659/ztitans-vs-shingeki-no-kyojin-champions-tour-cis-stage-1-challengers-3-qf,343,2021-03-05,10:00 PM
EMEA,12660,https://www.vlr.gg/12660/mangal-vs-deja-vu-champions-tour-cis-stage-1-challengers-3-qf,343,2021-03-05,11:50 PM
EMEA,12679,https://www.vlr.gg/12679/tyeasy-vs-jeremiah-champions-tour-cis-stage-1-challengers-3-qf,343,2021-03-06,9:00 PM
EMEA,12680,https://www.vlr.gg/12680/gmt-esports-vs-toomanyquestions-champions-tour-cis-stage-1-challengers-3-qf,343,2021-03-06,11:00 PM
EMEA,12681,https://www.vlr.gg/12681/forze-vs-shingeki-no-kyojin-champions-tour-cis-stage-1-challengers-3-qf,343,2021-03-07,9:00 PM
EMEA,12682,https://www.vlr.gg/12682/team-singularity-vs-deja-vu-champions-tour-cis-stage-1-challengers-3-qf,343,2021-03-07,10:50 PM
EMEA,11904,https://www.vlr.gg/11904/bar-a-vs-beatoffyou-champions-tour-turkey-stage-1-challengers-2-ro32,327,2021-02-24,10:00 PM
EMEA,11905,https://www.vlr.gg/11905/no-org-found-vs-1tap-esports-turkey-champions-tour-turkey-stage-1-challengers-2-ro32,327,2021-02-24,10:00 PM
EMEA,11906,https://www.vlr.gg/11906/makaron-vs-banger5-champions-tour-turkey-stage-1-challengers-2-ro32,327,2021-02-24,10:00 PM
EMEA,11907,https://www.vlr.gg/11907/thunderbolts-gaming-vs-unity-champions-tour-turkey-stage-1-challengers-2-ro32,327,2021-02-24,10:00 PM
EMEA,11908,https://www.vlr.gg/11908/overwatch-vs-kafalar-esports-champions-tour-turkey-stage-1-challengers-2-ro32,327,2021-02-24,10:00 PM
EMEA,11909,https://www.vlr.gg/11909/mna-esports-vs-designated-champions-tour-turkey-stage-1-challengers-2-ro32,327,2021-02-24,10:00 PM
EMEA,11910,https://www.vlr.gg/11910/firenation-vs-1907-fenerbah-e-esport-champions-tour-turkey-stage-1-challengers-2-ro32,327,2021-02-24,10:00 PM
EMEA,11911,https://www.vlr.gg/11911/rare-esports-vs-red-deers-champions-tour-turkey-stage-1-challengers-2-ro32,327,2021-02-24,10:00 PM
EMEA,11912,https://www.vlr.gg/11912/ishjmafia-vs-eski-ehir-tepeba-i-esport-champions-tour-turkey-stage-1-challengers-2-ro32,327,2021-02-24,10:00 PM
EMEA,11913,https://www.vlr.gg/11913/galakticos-vs-corona123-champions-tour-turkey-stage-1-challengers-2-ro32,327,2021-02-24,10:00 PM
EMEA,11914,https://www.vlr.gg/11914/canavarlar-vs-epin-crew-esport-champions-tour-turkey-stage-1-challengers-2-ro32,327,2021-02-24,10:00 PM
EMEA,11915,https://www.vlr.gg/11915/otherside-vs-team-miracle-champions-tour-turkey-stage-1-challengers-2-ro32,327,2021-02-24,10:00 PM
EMEA,11916,https://www.vlr.gg/11916/xflow-esports-vs-zero-zone-champions-tour-turkey-stage-1-challengers-2-ro32,327,2021-02-24,10:00 PM
EMEA,11917,https://www.vlr.gg/11917/alfa-esport-vs-team-spartan-champions-tour-turkey-stage-1-challengers-2-ro32,327,2021-02-24,10:00 PM
EMEA,11918,https://www.vlr.gg/11918/rezo-vs-sangal-esports-champions-tour-turkey-stage-1-challengers-2-ro32,327,2021-02-24,10:00 PM
EMEA,11919,https://www.vlr.gg/11919/stanbul-wildcats-vs-kebabmasterz-champions-tour-turkey-stage-1-challengers-2-ro32,327,2021-02-24,10:00 PM
EMEA,11920,https://www.vlr.gg/11920/beatoffyou-vs-no-org-found-champions-tour-turkey-stage-1-challengers-2-ro16,327,2021-02-25,1:00 AM
EMEA,11921,https://www.vlr.gg/11921/banger5-vs-thunderbolts-gaming-champions-tour-turkey-stage-1-challengers-2-ro16,327,2021-02-25,1:00 AM
EMEA,11922,https://www.vlr.gg/11922/kafalar-esports-vs-designated-champions-tour-turkey-stage-1-challengers-2-ro16,327,2021-02-25,1:00 AM
EMEA,11923,https://www.vlr.gg/11923/1907-fenerbah-e-esport-vs-rare-esports-champions-tour-turkey-stage-1-challengers-2-ro16,327,2021-02-25,1:00 AM
EMEA,11924,https://www.vlr.gg/11924/ishjmafia-vs-corona123-champions-tour-turkey-stage-1-challengers-2-ro16,327,2021-02-25,1:00 AM
EMEA,11926,https://www.vlr.gg/11926/zero-zone-vs-alfa-esport-champions-tour-turkey-stage-1-challengers-2-ro16,327,2021-02-25,1:00 AM
EMEA,11927,https://www.vlr.gg/11927/sangal-esports-vs-stanbul-wildcats-champions-tour-turkey-stage-1-challengers-2-ro16,327,2021-02-25,1:00 AM
EMEA,11925,https://www.vlr.gg/11925/canavarlar-vs-otherside-champions-tour-turkey-stage-1-challengers-2-ro16,327,2021-02-25,1:15 AM
EMEA,11928,https://www.vlr.gg/11928/no-org-found-vs-thunderbolts-gaming-champions-tour-turkey-stage-1-challengers-2-qf,327,2021-02-25,10:00 PM
EMEA,11929,https://www.vlr.gg/11929/designated-vs-rare-esports-champions-tour-turkey-stage-1-challengers-2-qf,327,2021-02-26,12:10 AM
EMEA,11930,https://www.vlr.gg/11930/eds-vs-otherside-champions-tour-turkey-stage-1-challengers-2-qf,327,2021-02-26,10:00 PM
EMEA,11931,https://www.vlr.gg/11931/zero-zone-vs-stanbul-wildcats-champions-tour-turkey-stage-1-challengers-2-qf,327,2021-02-27,12:30 AM
EMEA,11590,https://www.vlr.gg/11590/cyber-skull-esports-vs-no-org-found-champions-tour-turkey-stage-1-challengers-2-qf,327,2021-02-27,9:00 PM
EMEA,11591,https://www.vlr.gg/11591/bbl-esports-vs-rare-esports-champions-tour-turkey-stage-1-challengers-2-qf,327,2021-02-28,12:30 AM
EMEA,11592,https://www.vlr.gg/11592/futbolist-vs-otherside-champions-tour-turkey-stage-1-challengers-2-qf,327,2021-02-28,9:00 PM
EMEA,11593,https://www.vlr.gg/11593/oxygen-esports-vs-stanbul-wildcats-champions-tour-turkey-stage-1-challengers-2-qf,327,2021-03-01,1:00 AM
EMEA,11830,https://www.vlr.gg/11830/freak-vs-hypnotic-gaming-champions-tour-cis-stage-1-challengers-2-open-qualifier-ro64,330,2021-02-24,1:00 AM
EMEA,11831,https://www.vlr.gg/11831/aspire-vs-blax-champions-tour-cis-stage-1-challengers-2-open-qualifier-ro64,330,2021-02-24,1:00 AM
EMEA,11832,https://www.vlr.gg/11832/w-party-vs-tyeasy-champions-tour-cis-stage-1-challengers-2-open-qualifier-ro64,330,2021-02-24,1:00 AM
EMEA,11833,https://www.vlr.gg/11833/morethanzero-vs-electronic-zero-champions-tour-cis-stage-1-challengers-2-open-qualifier-ro64,330,2021-02-24,1:00 AM
EMEA,11834,https://www.vlr.gg/11834/mix123-vs-trident-clan-champions-tour-cis-stage-1-challengers-2-open-qualifier-ro64,330,2021-02-24,1:00 AM
EMEA,11835,https://www.vlr.gg/11835/ezchoke-vs-cyberbonch-champions-tour-cis-stage-1-challengers-2-open-qualifier-ro64,330,2021-02-24,1:00 AM
EMEA,11836,https://www.vlr.gg/11836/ez-katka-vs-animesquad-champions-tour-cis-stage-1-challengers-2-open-qualifier-ro64,330,2021-02-24,1:00 AM
EMEA,11837,https://www.vlr.gg/11837/tale-quale-vs-n1-champions-tour-cis-stage-1-challengers-2-open-qualifier-ro64,330,2021-02-24,1:00 AM
EMEA,11838,https://www.vlr.gg/11838/ksenox-vs-platoon-champions-tour-cis-stage-1-challengers-2-open-qualifier-ro64,330,2021-02-24,1:00 AM
EMEA,11839,https://www.vlr.gg/11839/brotherhood-of-the-five-vs-badmonkeygaming-champions-tour-cis-stage-1-challengers-2-open-qualifi,330,2021-02-24,1:00 AM
EMEA,11840,https://www.vlr.gg/11840/jaba-vs-dobrya4ki-champions-tour-cis-stage-1-challengers-2-open-qualifier-ro64,330,2021-02-24,1:00 AM
EMEA,11841,https://www.vlr.gg/11841/equites-vs-xactjlepbi-champions-tour-cis-stage-1-challengers-2-open-qualifier-ro64,330,2021-02-24,1:00 AM
EMEA,11842,https://www.vlr.gg/11842/gmt-esports-vs-katjietki-champions-tour-cis-stage-1-challengers-2-open-qualifier-ro64,330,2021-02-24,1:00 AM
EMEA,11843,https://www.vlr.gg/11843/mcchicken-vs-flexim-champions-tour-cis-stage-1-challengers-2-open-qualifier-ro64,330,2021-02-24,1:00 AM
EMEA,11844,https://www.vlr.gg/11844/toomanyquestions-vs-mineloxi-champions-tour-cis-stage-1-challengers-2-open-qualifier-ro64,330,2021-02-24,1:00 AM
EMEA,11845,https://www.vlr.gg/11845/dirty-boys-vs-kickmasters-champions-tour-cis-stage-1-challengers-2-open-qualifier-ro64,330,2021-02-24,1:00 AM
EMEA,11846,https://www.vlr.gg/11846/we-don-t-care-vs-ztitans-champions-tour-cis-stage-1-challengers-2-open-qualifier-ro64,330,2021-02-24,1:00 AM
EMEA,11847,https://www.vlr.gg/11847/infinite-skill-vs-akatsuki-clan-champions-tour-cis-stage-1-challengers-2-open-qualifier-ro64,330,2021-02-24,1:00 AM
EMEA,11848,https://www.vlr.gg/11848/invicta-vs-forze-champions-tour-cis-stage-1-challengers-2-open-qualifier-ro64,330,2021-02-24,1:00 AM
EMEA,11849,https://www.vlr.gg/11849/shingeki-no-kyojin-vs-5bot-champions-tour-cis-stage-1-challengers-2-open-qualifier-ro64,330,2021-02-24,1:00 AM
EMEA,11850,https://www.vlr.gg/11850/maybegokill-vs-top500-and-dog-champions-tour-cis-stage-1-challengers-2-open-qualifier-ro64,330,2021-02-24,1:00 AM
EMEA,11851,https://www.vlr.gg/11851/poprikoly-vs-nasty-ninjas-champions-tour-cis-stage-1-challengers-2-open-qualifier-ro64,330,2021-02-24,1:00 AM
EMEA,11852,https://www.vlr.gg/11852/5up-vs-radialis-champions-tour-cis-stage-1-challengers-2-open-qualifier-ro64,330,2021-02-24,1:00 AM
EMEA,11853,https://www.vlr.gg/11853/saves-esports-vs-skyline-champions-tour-cis-stage-1-challengers-2-open-qualifier-ro64,330,2021-02-24,1:00 AM
EMEA,11854,https://www.vlr.gg/11854/noavocado-vs-divinity-champions-tour-cis-stage-1-challengers-2-open-qualifier-ro64,330,2021-02-24,1:00 AM
EMEA,11855,https://www.vlr.gg/11855/vengeance-vs-fluency-champions-tour-cis-stage-1-challengers-2-open-qualifier-ro64,330,2021-02-24,1:00 AM
EMEA,11856,https://www.vlr.gg/11856/elohunters-vs-fullm1x-champions-tour-cis-stage-1-challengers-2-open-qualifier-ro64,330,2021-02-24,1:00 AM
EMEA,11857,https://www.vlr.gg/11857/feelmyhack-vs-aim-attack-champions-tour-cis-stage-1-challengers-2-open-qualifier-ro64,330,2021-02-24,1:00 AM
EMEA,11858,https://www.vlr.gg/11858/izanami-vs-no-fear-champions-tour-cis-stage-1-challengers-2-open-qualifier-ro64,330,2021-02-24,1:00 AM
EMEA,11859,https://www.vlr.gg/11859/positive-mental-attitude-vs-project-x-champions-tour-cis-stage-1-challengers-2-open-qualifier-ro,330,2021-02-24,1:00 AM
EMEA,11860,https://www.vlr.gg/11860/mangal-vs-valorant-champions-tour-cis-stage-1-challengers-2-open-qualifier-ro64,330,2021-02-24,1:00 AM
EMEA,11861,https://www.vlr.gg/11861/jeremiah-vs-ugit-champions-tour-cis-stage-1-challengers-2-open-qualifier-ro64,330,2021-02-24,1:00 AM
EMEA,11862,https://www.vlr.gg/11862/hypnotic-gaming-vs-aspire-champions-tour-cis-stage-1-challengers-2-open-qualifier-ro32,330,2021-02-24,10:00 PM
EMEA,11863,https://www.vlr.gg/11863/tyeasy-vs-morethanzero-champions-tour-cis-stage-1-challengers-2-open-qualifier-ro32,330,2021-02-24,10:00 PM
EMEA,11864,https://www.vlr.gg/11864/trident-clan-vs-ezchoke-champions-tour-cis-stage-1-challengers-2-open-qualifier-ro32,330,2021-02-24,10:00 PM
EMEA,11865,https://www.vlr.gg/11865/ez-katka-vs-tale-quale-champions-tour-cis-stage-1-challengers-2-open-qualifier-ro32,330,2021-02-24,10:00 PM
EMEA,11866,https://www.vlr.gg/11866/ksenox-vs-brotherhood-of-the-five-champions-tour-cis-stage-1-challengers-2-open-qualifier-ro32,330,2021-02-24,10:00 PM
EMEA,11867,https://www.vlr.gg/11867/jaba-vs-equites-champions-tour-cis-stage-1-challengers-2-open-qualifier-ro32,330,2021-02-24,10:00 PM
EMEA,11868,https://www.vlr.gg/11868/gmt-esports-vs-flexim-champions-tour-cis-stage-1-challengers-2-open-qualifier-ro32,330,2021-02-24,10:00 PM
EMEA,11869,https://www.vlr.gg/11869/toomanyquestions-vs-dirty-boys-champions-tour-cis-stage-1-challengers-2-open-qualifier-ro32,330,2021-02-24,10:00 PM
EMEA,11870,https://www.vlr.gg/11870/ztitans-vs-infinite-skill-champions-tour-cis-stage-1-challengers-2-open-qualifier-ro32,330,2021-02-24,10:00 PM
EMEA,11871,https://www.vlr.gg/11871/forze-vs-shingeki-no-kyojin-champions-tour-cis-stage-1-challengers-2-open-qualifier-ro32,330,2021-02-24,10:00 PM
EMEA,11872,https://www.vlr.gg/11872/top500-and-dog-vs-nasty-ninjas-champions-tour-cis-stage-1-challengers-2-open-qualifier-ro32,330,2021-02-24,10:00 PM
EMEA,11873,https://www.vlr.gg/11873/5up-vs-saves-esports-champions-tour-cis-stage-1-challengers-2-open-qualifier-ro32,330,2021-02-24,10:00 PM
EMEA,11874,https://www.vlr.gg/11874/divinity-vs-vengeance-champions-tour-cis-stage-1-challengers-2-open-qualifier-ro32,330,2021-02-24,10:00 PM
EMEA,11875,https://www.vlr.gg/11875/fullm1x-vs-aim-attack-champions-tour-cis-stage-1-challengers-2-open-qualifier-ro32,330,2021-02-24,10:00 PM
EMEA,11876,https://www.vlr.gg/11876/no-fear-vs-project-x-champions-tour-cis-stage-1-challengers-2-open-qualifier-ro32,330,2021-02-24,10:00 PM
EMEA,11877,https://www.vlr.gg/11877/mangal-vs-jeremiah-champions-tour-cis-stage-1-challengers-2-open-qualifier-ro32,330,2021-02-24,10:00 PM
EMEA,11878,https://www.vlr.gg/11878/aspire-vs-tyeasy-champions-tour-cis-stage-1-challengers-2-open-qualifier-ro16,330,2021-02-25,1:00 AM
EMEA,11879,https://www.vlr.gg/11879/trident-clan-vs-ez-katka-champions-tour-cis-stage-1-challengers-2-open-qualifier-ro16,330,2021-02-25,1:00 AM
EMEA,11880,https://www.vlr.gg/11880/ksenox-vs-jaba-champions-tour-cis-stage-1-challengers-2-open-qualifier-ro16,330,2021-02-25,1:00 AM
EMEA,11881,https://www.vlr.gg/11881/gmt-esports-vs-toomanyquestions-champions-tour-cis-stage-1-challengers-2-open-qualifier-ro16,330,2021-02-25,1:00 AM
EMEA,11882,https://www.vlr.gg/11882/ztitans-vs-forze-champions-tour-cis-stage-1-challengers-2-open-qualifier-ro16,330,2021-02-25,1:00 AM
EMEA,11883,https://www.vlr.gg/11883/top500-and-dog-vs-5up-champions-tour-cis-stage-1-challengers-2-open-qualifier-ro16,330,2021-02-25,1:00 AM
EMEA,11884,https://www.vlr.gg/11884/divinity-vs-fullm1x-champions-tour-cis-stage-1-challengers-2-open-qualifier-ro16,330,2021-02-25,1:00 AM
EMEA,11885,https://www.vlr.gg/11885/project-x-vs-jeremiah-champions-tour-cis-stage-1-challengers-2-open-qualifier-ro16,330,2021-02-25,1:00 AM
EMEA,11747,https://www.vlr.gg/11747/ksenox-vs-gmt-esports-champions-tour-cis-stage-1-challengers-2-qualifier-play-in-qf,330,2021-02-25,10:00 PM
EMEA,11746,https://www.vlr.gg/11746/tyeasy-vs-trident-clan-champions-tour-cis-stage-1-challengers-2-qualifier-play-in-qf,330,2021-02-26,12:20 AM
EMEA,11749,https://www.vlr.gg/11749/divinity-vs-project-x-champions-tour-cis-stage-1-challengers-2-qualifier-play-in-qf,330,2021-02-26,10:00 PM
EMEA,11748,https://www.vlr.gg/11748/forze-vs-5up-champions-tour-cis-stage-1-challengers-2-qualifier-play-in-qf,330,2021-02-26,11:50 PM
EMEA,11742,https://www.vlr.gg/11742/one-breath-gaming-vs-tyeasy-champions-tour-cis-stage-1-challengers-2-main-event-fr,330,2021-02-27,9:00 PM
EMEA,11743,https://www.vlr.gg/11743/gambit-esports-vs-gmt-esports-champions-tour-cis-stage-1-challengers-2-main-event-fr,330,2021-02-27,11:00 PM
EMEA,11744,https://www.vlr.gg/11744/crow-rowd-vs-forze-champions-tour-cis-stage-1-challengers-2-main-event-fr,330,2021-02-28,9:00 PM
EMEA,11745,https://www.vlr.gg/11745/team-singularity-vs-divinity-champions-tour-cis-stage-1-challengers-2-main-event-fr,330,2021-03-01,12:20 AM
EMEA,10716,https://www.vlr.gg/10716/staga-haus-vs-ingenuity-champions-tour-europe-stage-1-challengers-2-open-qualifier-ro256,320,2021-02-17,12:00 AM
EMEA,10717,https://www.vlr.gg/10717/the-streets-vs-alcyone-champions-tour-europe-stage-1-challengers-2-open-qualifier-ro256,320,2021-02-17,12:00 AM
EMEA,10718,https://www.vlr.gg/10718/ipon-team-horizon-reapers-vs-dragonborn-esport-champions-tour-europe-stage-1-challengers-2-open,320,2021-02-17,12:00 AM
EMEA,10719,https://www.vlr.gg/10719/exile-academy-vs-flymate-champions-tour-europe-stage-1-challengers-2-open-qualifier-ro256,320,2021-02-17,12:00 AM
EMEA,10721,https://www.vlr.gg/10721/stay-focused-vs-amz-gaming-champions-tour-europe-stage-1-challengers-2-open-qualifier-ro256,320,2021-02-17,12:00 AM
EMEA,10722,https://www.vlr.gg/10722/almighty-vs-celestial-esports-champions-tour-europe-stage-1-challengers-2-open-qualifier-ro256,320,2021-02-17,12:00 AM
EMEA,10723,https://www.vlr.gg/10723/chess-on-crack-vs-5ense-champions-tour-europe-stage-1-challengers-2-open-qualifier-ro256,320,2021-02-17,12:00 AM
EMEA,10724,https://www.vlr.gg/10724/digital-chokers-vs-reply-totem-champions-tour-europe-stage-1-challengers-2-open-qualifier-ro256,320,2021-02-17,12:00 AM
EMEA,10725,https://www.vlr.gg/10725/sakado-vs-tarren-mill-champions-tour-europe-stage-1-challengers-2-open-qualifier-ro256,320,2021-02-17,12:00 AM
EMEA,10726,https://www.vlr.gg/10726/team-spectralis-vs-purple-cobras-champions-tour-europe-stage-1-challengers-2-open-qualifier-ro25,320,2021-02-17,12:00 AM
EMEA,10727,https://www.vlr.gg/10727/the-box-vs-team-w-champions-tour-europe-stage-1-challengers-2-open-qualifier-ro256,320,2021-02-17,12:00 AM
EMEA,10728,https://www.vlr.gg/10728/new-dawn-esports-vs-digital-ninjas-champions-tour-europe-stage-1-challengers-2-open-qualifier-ro,320,2021-02-17,12:00 AM
EMEA,10730,https://www.vlr.gg/10730/project-greywing-vs-team-kaio-champions-tour-europe-stage-1-challengers-2-open-qualifier-ro256,320,2021-02-17,12:00 AM
EMEA,10731,https://www.vlr.gg/10731/12on3-vs-xpg-invicta-champions-tour-europe-stage-1-challengers-2-open-qualifier-ro256,320,2021-02-17,12:00 AM
EMEA,10732,https://www.vlr.gg/10732/team-queso-vs-turtle-esport-champions-tour-europe-stage-1-challengers-2-open-qualifier-ro256,320,2021-02-17,12:00 AM
EMEA,10733,https://www.vlr.gg/10733/rejects-gaming-vs-ath-esport-champions-tour-europe-stage-1-challengers-2-open-qualifier-ro256,320,2021-02-17,12:00 AM
EMEA,10734,https://www.vlr.gg/10734/kpi-gaming-vs-dogs-champions-tour-europe-stage-1-challengers-2-open-qualifier-ro256,320,2021-02-17,12:00 AM
EMEA,10735,https://www.vlr.gg/10735/megakich-vs-hardworkers-champions-tour-europe-stage-1-challengers-2-open-qualifier-ro256,320,2021-02-17,12:00 AM
EMEA,10736,https://www.vlr.gg/10736/inconsistent-vs-team-wuka-champions-tour-europe-stage-1-challengers-2-open-qualifier-ro256,320,2021-02-17,12:00 AM
EMEA,10737,https://www.vlr.gg/10737/raptor-esport-vs-predatory-esport-champions-tour-europe-stage-1-challengers-2-open-qualifier-ro2,320,2021-02-17,12:00 AM
EMEA,10740,https://www.vlr.gg/10740/young-guys-club-vs-peanutz-champions-tour-europe-stage-1-challengers-2-open-qualifier-ro256,320,2021-02-17,12:00 AM
EMEA,10741,https://www.vlr.gg/10741/run-it-back-vs-emonkeyz-club-champions-tour-europe-stage-1-challengers-2-open-qualifier-ro256,320,2021-02-17,12:00 AM
EMEA,10742,https://www.vlr.gg/10742/baboons-esports-vs-raise-your-edge-champions-tour-europe-stage-1-challengers-2-open-qualifier-ro,320,2021-02-17,12:00 AM
EMEA,10743,https://www.vlr.gg/10743/cream-real-betis-vs-moose-knucklers-champions-tour-europe-stage-1-challengers-2-open-qualifier-r,320,2021-02-17,12:00 AM
EMEA,10744,https://www.vlr.gg/10744/izanami-vs-ecm-fcg-esports-champions-tour-europe-stage-1-challengers-2-open-qualifier-ro256,320,2021-02-17,12:00 AM
EMEA,10745,https://www.vlr.gg/10745/minor-inconvenience-vs-team-alphamales-champions-tour-europe-stage-1-challengers-2-open-qualifie,320,2021-02-17,12:00 AM
EMEA,10747,https://www.vlr.gg/10747/ballista-vs-neuken-in-de-keuken-champions-tour-europe-stage-1-challengers-2-open-qualifier-ro256,320,2021-02-17,12:00 AM
EMEA,10748,https://www.vlr.gg/10748/agis-vs-chameau-mal-fique-champions-tour-europe-stage-1-challengers-2-open-qualifier-ro256,320,2021-02-17,12:00 AM
EMEA,10749,https://www.vlr.gg/10749/hub-esports-vs-sophies-children-champions-tour-europe-stage-1-challengers-2-open-qualifier-ro256,320,2021-02-17,12:00 AM
EMEA,10750,https://www.vlr.gg/10750/rix-gg-vs-yolo-boys-champions-tour-europe-stage-1-challengers-2-open-qualifier-ro256,320,2021-02-17,12:00 AM
EMEA,10751,https://www.vlr.gg/10751/rctic-vs-atravs-champions-tour-europe-stage-1-challengers-2-open-qualifier-ro256,320,2021-02-17,12:00 AM
EMEA,10752,https://www.vlr.gg/10752/ubiteam-vs-phase-champions-tour-europe-stage-1-challengers-2-open-qualifier-ro256,320,2021-02-17,12:00 AM
EMEA,10753,https://www.vlr.gg/10753/esport-rhein-neckar-vs-vpd-project-champions-tour-europe-stage-1-challengers-2-open-qualifier-ro,320,2021-02-17,12:00 AM
EMEA,10754,https://www.vlr.gg/10754/online-vision-gaming-vs-inaequalis-champions-tour-europe-stage-1-challengers-2-open-qualifier-ro,320,2021-02-17,12:00 AM
EMEA,10756,https://www.vlr.gg/10756/thunderflash-vs-team-lightning-champions-tour-europe-stage-1-challengers-2-open-qualifier-ro256,320,2021-02-17,12:00 AM
EMEA,10757,https://www.vlr.gg/10757/yyg-esports-club-vs-sector-one-champions-tour-europe-stage-1-challengers-2-open-qualifier-ro256,320,2021-02-17,12:00 AM
EMEA,10758,https://www.vlr.gg/10758/verendus-vs-enrage-champions-tour-europe-stage-1-challengers-2-open-qualifier-ro256,320,2021-02-17,12:00 AM
EMEA,10759,https://www.vlr.gg/10759/inside-games-vs-miami-pitingos-champions-tour-europe-stage-1-challengers-2-open-qualifier-ro256,320,2021-02-17,12:00 AM
EMEA,10760,https://www.vlr.gg/10760/on-the-run-esports-vs-enix-champions-tour-europe-stage-1-challengers-2-open-qualifier-ro256,320,2021-02-17,12:00 AM
EMEA,10761,https://www.vlr.gg/10761/team-finest-vs-radiant-comedy-club-champions-tour-europe-stage-1-challengers-2-open-qualifier-ro,320,2021-02-17,12:00 AM
EMEA,10762,https://www.vlr.gg/10762/doublecross-esports-vs-the-gentleboys-champions-tour-europe-stage-1-challengers-2-open-qualifier,320,2021-02-17,12:00 AM
EMEA,10763,https://www.vlr.gg/10763/aqualix-vs-sausage-party-champions-tour-europe-stage-1-challengers-2-open-qualifier-ro256,320,2021-02-17,12:00 AM
EMEA,10764,https://www.vlr.gg/10764/watch-this-vs-s2v-esports-champions-tour-europe-stage-1-challengers-2-open-qualifier-ro256,320,2021-02-17,12:00 AM
EMEA,10765,https://www.vlr.gg/10765/shadowzgg-vs-tempo-champions-tour-europe-stage-1-challengers-2-open-qualifier-ro256,320,2021-02-17,12:00 AM
EMEA,10767,https://www.vlr.gg/10767/orgless5-vs-false-alarm-champions-tour-europe-stage-1-challengers-2-open-qualifier-ro256,320,2021-02-17,12:00 AM
EMEA,10768,https://www.vlr.gg/10768/lancaster-bombers-vs-dawn-of-stars-champions-tour-europe-stage-1-challengers-2-open-qualifier-ro,320,2021-02-17,12:00 AM
EMEA,10769,https://www.vlr.gg/10769/sampi-tipsport-vs-washed-champions-tour-europe-stage-1-challengers-2-open-qualifier-ro256,320,2021-02-17,12:00 AM
EMEA,10770,https://www.vlr.gg/10770/fantastic-four-vs-team-aurous-champions-tour-europe-stage-1-challengers-2-open-qualifier-ro256,320,2021-02-17,12:00 AM
EMEA,10771,https://www.vlr.gg/10771/animel-vs-whynotvlr-champions-tour-europe-stage-1-challengers-2-open-qualifier-ro256,320,2021-02-17,12:00 AM
EMEA,10772,https://www.vlr.gg/10772/les-fatigues-vs-yazda-champions-tour-europe-stage-1-challengers-2-open-qualifier-ro256,320,2021-02-17,12:00 AM
EMEA,10773,https://www.vlr.gg/10773/orgless-vs-impulse-champions-tour-europe-stage-1-challengers-2-open-qualifier-ro256,320,2021-02-17,12:00 AM
EMEA,10774,https://www.vlr.gg/10774/marten-gaming-vs-justtry-champions-tour-europe-stage-1-challengers-2-open-qualifier-ro256,320,2021-02-17,12:00 AM
EMEA,10776,https://www.vlr.gg/10776/teamamen-vs-kv-tinky-champions-tour-europe-stage-1-challengers-2-open-qualifier-ro256,320,2021-02-17,12:00 AM
EMEA,10777,https://www.vlr.gg/10777/exception-esports-vs-cool-kids-champions-tour-europe-stage-1-challengers-2-open-qualifier-ro256,320,2021-02-17,12:00 AM
EMEA,10778,https://www.vlr.gg/10778/team-rocket-vs-patchwork-champions-tour-europe-stage-1-challengers-2-open-qualifier-ro256,320,2021-02-17,12:00 AM
EMEA,10779,https://www.vlr.gg/10779/krijgslieden-vs-badturtlesesport-champions-tour-europe-stage-1-challengers-2-open-qualifier-ro25,320,2021-02-17,12:00 AM
EMEA,10780,https://www.vlr.gg/10780/rein-vs-team-7am-champions-tour-europe-stage-1-challengers-2-open-qualifier-ro256,320,2021-02-17,12:00 AM
EMEA,10781,https://www.vlr.gg/10781/pit-stop-vs-bidony-champions-tour-europe-stage-1-challengers-2-open-qualifier-ro256,320,2021-02-17,12:00 AM
EMEA,10782,https://www.vlr.gg/10782/offlimits-vs-tensei-esports-champions-tour-europe-stage-1-challengers-2-open-qualifier-ro256,320,2021-02-17,12:00 AM
EMEA,10783,https://www.vlr.gg/10783/clown-squad-vs-lenovo-legion-honv-d-champions-tour-europe-stage-1-challengers-2-open-qualifier-r,320,2021-02-17,12:00 AM
EMEA,10785,https://www.vlr.gg/10785/99crooks-vs-team-loyalty-champions-tour-europe-stage-1-challengers-2-open-qualifier-ro256,320,2021-02-17,12:00 AM
EMEA,10786,https://www.vlr.gg/10786/123tap-vs-lasagna-beam-champions-tour-europe-stage-1-challengers-2-open-qualifier-ro256,320,2021-02-17,12:00 AM
EMEA,10787,https://www.vlr.gg/10787/swag-silicone-vs-la-rue-champions-tour-europe-stage-1-challengers-2-open-qualifier-ro256,320,2021-02-17,12:00 AM
EMEA,10789,https://www.vlr.gg/10789/prophecy-esc-vs-prima-esport-champions-tour-europe-stage-1-challengers-2-open-qualifier-ro256,320,2021-02-17,12:00 AM
EMEA,10790,https://www.vlr.gg/10790/edelweiss-esport-vs-ucam-esports-club-champions-tour-europe-stage-1-challengers-2-open-qualifier,320,2021-02-17,12:00 AM
EMEA,10791,https://www.vlr.gg/10791/magic5-vs-diaxmix-champions-tour-europe-stage-1-challengers-2-open-qualifier-ro256,320,2021-02-17,12:00 AM
EMEA,10792,https://www.vlr.gg/10792/siberian-wombats-vs-phenomenon-champions-tour-europe-stage-1-challengers-2-open-qualifier-ro256,320,2021-02-17,12:00 AM
EMEA,10794,https://www.vlr.gg/10794/les-babouches-vs-yendez-champions-tour-europe-stage-1-challengers-2-open-qualifier-ro256,320,2021-02-17,12:00 AM
EMEA,10795,https://www.vlr.gg/10795/winfinity-vs-karasuno-champions-tour-europe-stage-1-challengers-2-open-qualifier-ro256,320,2021-02-17,12:00 AM
EMEA,10796,https://www.vlr.gg/10796/batcave-vs-shockdart-champions-tour-europe-stage-1-challengers-2-open-qualifier-ro256,320,2021-02-17,12:00 AM
EMEA,10797,https://www.vlr.gg/10797/bachara-esports-vs-notorious-77-champions-tour-europe-stage-1-challengers-2-open-qualifier-ro256,320,2021-02-17,12:00 AM
EMEA,10798,https://www.vlr.gg/10798/rulers-esports-vs-hajty-champions-tour-europe-stage-1-challengers-2-open-qualifier-ro256,320,2021-02-17,12:00 AM
EMEA,10799,https://www.vlr.gg/10799/ftw-esports-vs-pingu-gang-champions-tour-europe-stage-1-challengers-2-open-qualifier-ro256,320,2021-02-17,12:00 AM
EMEA,10800,https://www.vlr.gg/10800/okgg-vs-ecobra-champions-tour-europe-stage-1-challengers-2-open-qualifier-ro256,320,2021-02-17,12:00 AM
EMEA,10801,https://www.vlr.gg/10801/inferus-esports-vs-circe-champions-tour-europe-stage-1-challengers-2-open-qualifier-ro256,320,2021-02-17,12:00 AM
EMEA,10802,https://www.vlr.gg/10802/one-vs-honk-champions-tour-europe-stage-1-challengers-2-open-qualifier-ro256,320,2021-02-17,12:00 AM
EMEA,10804,https://www.vlr.gg/10804/wall-street-clowns-vs-wakandans-champions-tour-europe-stage-1-challengers-2-open-qualifier-ro256,320,2021-02-17,12:00 AM
EMEA,10805,https://www.vlr.gg/10805/nohands-vs-humanity-project-champions-tour-europe-stage-1-challengers-2-open-qualifier-ro256,320,2021-02-17,12:00 AM
EMEA,10806,https://www.vlr.gg/10806/czech-repre-vs-next-level-champions-tour-europe-stage-1-challengers-2-open-qualifier-ro256,320,2021-02-17,12:00 AM
EMEA,10807,https://www.vlr.gg/10807/nameless-vs-team-gravity-champions-tour-europe-stage-1-challengers-2-open-qualifier-ro256,320,2021-02-17,12:00 AM
EMEA,10808,https://www.vlr.gg/10808/eternal-squit-vs-wieca-champions-tour-europe-stage-1-challengers-2-open-qualifier-ro256,320,2021-02-17,12:00 AM
EMEA,10809,https://www.vlr.gg/10809/smell33t-vs-in-your-head-champions-tour-europe-stage-1-challengers-2-open-qualifier-ro256,320,2021-02-17,12:00 AM
EMEA,10811,https://www.vlr.gg/10811/adderall-andies-vs-tp-esports-champions-tour-europe-stage-1-challengers-2-open-qualifier-ro256,320,2021-02-17,12:00 AM
EMEA,10812,https://www.vlr.gg/10812/nox-esports-vs-lunaris-champions-tour-europe-stage-1-challengers-2-open-qualifier-ro256,320,2021-02-17,12:00 AM
EMEA,10813,https://www.vlr.gg/10813/big-vs-kjottkaker-i-brun-saus-champions-tour-europe-stage-1-challengers-2-open-qualifier-ro256,320,2021-02-17,12:00 AM
EMEA,10814,https://www.vlr.gg/10814/x-vs-ocb-rage-champions-tour-europe-stage-1-challengers-2-open-qualifier-ro256,320,2021-02-17,12:00 AM
EMEA,10816,https://www.vlr.gg/10816/pandemic-vs-arcana-champions-tour-europe-stage-1-challengers-2-open-qualifier-ro256,320,2021-02-17,12:00 AM
EMEA,10818,https://www.vlr.gg/10818/pointandclick-vs-reservoir-dogs-champions-tour-europe-stage-1-challengers-2-open-qualifier-ro256,320,2021-02-17,12:00 AM
EMEA,10819,https://www.vlr.gg/10819/ill-s-akad-mia-spirit-vs-helios-gaming-champions-tour-europe-stage-1-challengers-2-open-qualifie,320,2021-02-17,12:00 AM
EMEA,10820,https://www.vlr.gg/10820/sprayz-gaming-vs-linstitut-champions-tour-europe-stage-1-challengers-2-open-qualifier-ro256,320,2021-02-17,12:00 AM
EMEA,10821,https://www.vlr.gg/10821/wizards-club-vs-esuba-champions-tour-europe-stage-1-challengers-2-open-qualifier-ro256,320,2021-02-17,12:00 AM
EMEA,10822,https://www.vlr.gg/10822/estonoesunjuegovale-vs-r3jel-champions-tour-europe-stage-1-challengers-2-open-qualifier-ro256,320,2021-02-17,12:00 AM
EMEA,10823,https://www.vlr.gg/10823/babos-gaming-vs-team-civics-champions-tour-europe-stage-1-challengers-2-open-qualifier-ro256,320,2021-02-17,12:00 AM
EMEA,10824,https://www.vlr.gg/10824/ket-vs-twistedminds-champions-tour-europe-stage-1-challengers-2-open-qualifier-ro256,320,2021-02-17,12:00 AM
EMEA,10826,https://www.vlr.gg/10826/horyjin-red-vs-hydrated-champions-tour-europe-stage-1-challengers-2-open-qualifier-ro256,320,2021-02-17,12:00 AM
EMEA,10827,https://www.vlr.gg/10827/oserv-esport-vs-qwertz-champions-tour-europe-stage-1-challengers-2-open-qualifier-ro256,320,2021-02-17,12:00 AM
EMEA,10828,https://www.vlr.gg/10828/against-all-odds-vs-team-leisure-champions-tour-europe-stage-1-challengers-2-open-qualifier-ro25,320,2021-02-17,12:00 AM
EMEA,10829,https://www.vlr.gg/10829/kamil-klein-new-chapter-vs-absurd-talents-champions-tour-europe-stage-1-challengers-2-open-quali,320,2021-02-17,12:00 AM
EMEA,10830,https://www.vlr.gg/10830/majstersztyk-vs-entropiq-champions-tour-europe-stage-1-challengers-2-open-qualifier-ro256,320,2021-02-17,12:00 AM
EMEA,10831,https://www.vlr.gg/10831/bleiz-vs-blue-cheese-champions-tour-europe-stage-1-challengers-2-open-qualifier-ro256,320,2021-02-17,12:00 AM
EMEA,10833,https://www.vlr.gg/10833/team-enigma-vs-leaked-champions-tour-europe-stage-1-challengers-2-open-qualifier-ro256,320,2021-02-17,12:00 AM
EMEA,10834,https://www.vlr.gg/10834/onpointgaming-bravo-vs-unsigned-losers-champions-tour-europe-stage-1-challengers-2-open-qualifie,320,2021-02-17,12:00 AM
EMEA,10835,https://www.vlr.gg/10835/young-talents-cillicit-vs-team-questionmark-champions-tour-europe-stage-1-challengers-2-open-q,320,2021-02-17,12:00 AM
EMEA,10836,https://www.vlr.gg/10836/ignite-vs-exile-female-champions-tour-europe-stage-1-challengers-2-open-qualifier-ro256,320,2021-02-17,12:00 AM
EMEA,10837,https://www.vlr.gg/10837/volgare-vs-team-asteria-champions-tour-europe-stage-1-challengers-2-open-qualifier-ro256,320,2021-02-17,12:00 AM
EMEA,10838,https://www.vlr.gg/10838/flash-and-dash-vs-reys-esports-champions-tour-europe-stage-1-challengers-2-open-qualifier-ro256,320,2021-02-17,12:00 AM
EMEA,10839,https://www.vlr.gg/10839/chakalaka-vs-wallpeekturret-champions-tour-europe-stage-1-challengers-2-open-qualifier-ro256,320,2021-02-17,12:00 AM
EMEA,10840,https://www.vlr.gg/10840/sh00pdawh00p-vs-team-revenge-champions-tour-europe-stage-1-challengers-2-open-qualifier-ro256,320,2021-02-17,12:00 AM
EMEA,10842,https://www.vlr.gg/10842/fivestack-vs-hollow-champions-tour-europe-stage-1-challengers-2-open-qualifier-ro256,320,2021-02-17,12:00 AM
EMEA,10843,https://www.vlr.gg/10843/space-bears-vs-ambitious-champions-tour-europe-stage-1-challengers-2-open-qualifier-ro256,320,2021-02-17,12:00 AM
EMEA,10845,https://www.vlr.gg/10845/ipon-team-horizon-reapers-vs-flymate-champions-tour-europe-stage-1-challengers-2-open-qualifier,320,2021-02-17,1:00 AM
EMEA,10882,https://www.vlr.gg/10882/phenomenon-vs-nonamers-champions-tour-europe-stage-1-challengers-2-open-qualifier-ro128,320,2021-02-17,1:00 AM
EMEA,10896,https://www.vlr.gg/10896/linstitut-vs-esuba-champions-tour-europe-stage-1-challengers-2-open-qualifier-ro128,320,2021-02-17,1:00 AM
EMEA,10904,https://www.vlr.gg/10904/ignite-vs-team-asteria-champions-tour-europe-stage-1-challengers-2-open-qualifier-ro128,320,2021-02-17,1:00 AM
EMEA,10844,https://www.vlr.gg/10844/staga-haus-vs-the-streets-champions-tour-europe-stage-1-challengers-2-open-qualifier-ro128,320,2021-02-17,1:00 AM
EMEA,10846,https://www.vlr.gg/10846/team-vitality-vs-stay-focused-champions-tour-europe-stage-1-challengers-2-open-qualifier-ro128,320,2021-02-17,1:00 AM
EMEA,10847,https://www.vlr.gg/10847/almighty-vs-chess-on-crack-champions-tour-europe-stage-1-challengers-2-open-qualifier-ro128,320,2021-02-17,1:00 AM
EMEA,10848,https://www.vlr.gg/10848/reply-totem-vs-tarren-mill-champions-tour-europe-stage-1-challengers-2-open-qualifier-ro128,320,2021-02-17,1:00 AM
EMEA,10849,https://www.vlr.gg/10849/purple-cobras-vs-the-box-champions-tour-europe-stage-1-challengers-2-open-qualifier-ro128,320,2021-02-17,1:00 AM
EMEA,10850,https://www.vlr.gg/10850/new-dawn-esports-vs-dfuseteam-champions-tour-europe-stage-1-challengers-2-open-qualifier-ro128,320,2021-02-17,1:00 AM
EMEA,10851,https://www.vlr.gg/10851/project-greywing-vs-xpg-invicta-champions-tour-europe-stage-1-challengers-2-open-qualifier-ro128,320,2021-02-17,1:00 AM
EMEA,10852,https://www.vlr.gg/10852/team-queso-vs-rejects-gaming-champions-tour-europe-stage-1-challengers-2-open-qualifier-ro128,320,2021-02-17,1:00 AM
EMEA,10853,https://www.vlr.gg/10853/kpi-gaming-vs-megakich-champions-tour-europe-stage-1-challengers-2-open-qualifier-ro128,320,2021-02-17,1:00 AM
EMEA,10854,https://www.vlr.gg/10854/team-wuka-vs-raptor-esport-champions-tour-europe-stage-1-challengers-2-open-qualifier-ro128,320,2021-02-17,1:00 AM
EMEA,10856,https://www.vlr.gg/10856/peanutz-vs-run-it-back-champions-tour-europe-stage-1-challengers-2-open-qualifier-ro128,320,2021-02-17,1:00 AM
EMEA,10857,https://www.vlr.gg/10857/raise-your-edge-vs-cream-real-betis-champions-tour-europe-stage-1-challengers-2-open-qualifier-r,320,2021-02-17,1:00 AM
EMEA,10858,https://www.vlr.gg/10858/ecm-fcg-esports-vs-team-alphamales-champions-tour-europe-stage-1-challengers-2-open-qualifier-ro,320,2021-02-17,1:00 AM
EMEA,10859,https://www.vlr.gg/10859/alliance-vs-ballista-champions-tour-europe-stage-1-challengers-2-open-qualifier-ro128,320,2021-02-17,1:00 AM
EMEA,10860,https://www.vlr.gg/10860/chameau-mal-fique-vs-sophies-children-champions-tour-europe-stage-1-challengers-2-open-qualifier,320,2021-02-17,1:00 AM
EMEA,10861,https://www.vlr.gg/10861/rix-gg-vs-atravs-champions-tour-europe-stage-1-challengers-2-open-qualifier-ro128,320,2021-02-17,1:00 AM
EMEA,10862,https://www.vlr.gg/10862/ubiteam-vs-vpd-project-champions-tour-europe-stage-1-challengers-2-open-qualifier-ro128,320,2021-02-17,1:00 AM
EMEA,10863,https://www.vlr.gg/10863/inaequalis-vs-g2-esports-champions-tour-europe-stage-1-challengers-2-open-qualifier-ro128,320,2021-02-17,1:00 AM
EMEA,10864,https://www.vlr.gg/10864/thunderflash-vs-sector-one-champions-tour-europe-stage-1-challengers-2-open-qualifier-ro128,320,2021-02-17,1:00 AM
EMEA,10865,https://www.vlr.gg/10865/verendus-vs-inside-games-champions-tour-europe-stage-1-challengers-2-open-qualifier-ro128,320,2021-02-17,1:00 AM
EMEA,10866,https://www.vlr.gg/10866/on-the-run-esports-vs-team-finest-champions-tour-europe-stage-1-challengers-2-open-qualifier-ro1,320,2021-02-17,1:00 AM
EMEA,10867,https://www.vlr.gg/10867/the-gentleboys-vs-sausage-party-champions-tour-europe-stage-1-challengers-2-open-qualifier-ro128,320,2021-02-17,1:00 AM
EMEA,10868,https://www.vlr.gg/10868/s2v-esports-vs-tempo-champions-tour-europe-stage-1-challengers-2-open-qualifier-ro128,320,2021-02-17,1:00 AM
EMEA,10869,https://www.vlr.gg/10869/19esports-vs-orgless5-champions-tour-europe-stage-1-challengers-2-open-qualifier-ro128,320,2021-02-17,1:00 AM
EMEA,10870,https://www.vlr.gg/10870/dawn-of-stars-vs-sampi-tipsport-champions-tour-europe-stage-1-challengers-2-open-qualifier-ro128,320,2021-02-17,1:00 AM
EMEA,10871,https://www.vlr.gg/10871/team-aurous-vs-animel-champions-tour-europe-stage-1-challengers-2-open-qualifier-ro128,320,2021-02-17,1:00 AM
EMEA,10872,https://www.vlr.gg/10872/yazda-vs-orgless-champions-tour-europe-stage-1-challengers-2-open-qualifier-ro128,320,2021-02-17,1:00 AM
EMEA,10873,https://www.vlr.gg/10873/marten-gaming-vs-kv-tinky-champions-tour-europe-stage-1-challengers-2-open-qualifier-ro128,320,2021-02-17,1:00 AM
EMEA,10874,https://www.vlr.gg/10874/exception-esports-vs-giants-gaming-champions-tour-europe-stage-1-challengers-2-open-qualifier-ro,320,2021-02-17,1:00 AM
EMEA,10875,https://www.vlr.gg/10875/team-rocket-vs-krijgslieden-champions-tour-europe-stage-1-challengers-2-open-qualifier-ro128,320,2021-02-17,1:00 AM
EMEA,10876,https://www.vlr.gg/10876/team-7am-vs-pit-stop-champions-tour-europe-stage-1-challengers-2-open-qualifier-ro128,320,2021-02-17,1:00 AM
EMEA,10877,https://www.vlr.gg/10877/offlimits-vs-clown-squad-champions-tour-europe-stage-1-challengers-2-open-qualifier-ro128,320,2021-02-17,1:00 AM
EMEA,10878,https://www.vlr.gg/10878/fnatic-vs-99crooks-champions-tour-europe-stage-1-challengers-2-open-qualifier-ro128,320,2021-02-17,1:00 AM
EMEA,10879,https://www.vlr.gg/10879/lasagna-beam-vs-swag-silicone-champions-tour-europe-stage-1-challengers-2-open-qualifier-ro128,320,2021-02-17,1:00 AM
EMEA,10880,https://www.vlr.gg/10880/prima-esport-vs-tbd-champions-tour-europe-stage-1-challengers-2-open-qualifier-ro128,320,2021-02-17,1:00 AM
EMEA,10881,https://www.vlr.gg/10881/edelweiss-esport-vs-diaxmix-champions-tour-europe-stage-1-challengers-2-open-qualifier-ro128,320,2021-02-17,1:00 AM
EMEA,10883,https://www.vlr.gg/10883/yendez-vs-winfinity-champions-tour-europe-stage-1-challengers-2-open-qualifier-ro128,320,2021-02-17,1:00 AM
EMEA,10884,https://www.vlr.gg/10884/shockdart-vs-bachara-esports-champions-tour-europe-stage-1-challengers-2-open-qualifier-ro128,320,2021-02-17,1:00 AM
EMEA,10885,https://www.vlr.gg/10885/hajty-vs-pingu-gang-champions-tour-europe-stage-1-challengers-2-open-qualifier-ro128,320,2021-02-17,1:00 AM
EMEA,10886,https://www.vlr.gg/10886/okgg-vs-circe-champions-tour-europe-stage-1-challengers-2-open-qualifier-ro128,320,2021-02-17,1:00 AM
EMEA,10887,https://www.vlr.gg/10887/honk-vs-saw-champions-tour-europe-stage-1-challengers-2-open-qualifier-ro128,320,2021-02-17,1:00 AM
EMEA,10888,https://www.vlr.gg/10888/wall-street-clowns-vs-humanity-project-champions-tour-europe-stage-1-challengers-2-open-qualifie,320,2021-02-17,1:00 AM
EMEA,10889,https://www.vlr.gg/10889/czech-repre-vs-team-gravity-champions-tour-europe-stage-1-challengers-2-open-qualifier-ro128,320,2021-02-17,1:00 AM
EMEA,10890,https://www.vlr.gg/10890/wieca-vs-smell33t-champions-tour-europe-stage-1-challengers-2-open-qualifier-ro128,320,2021-02-17,1:00 AM
EMEA,10891,https://www.vlr.gg/10891/guild-esports-vs-adderall-andies-champions-tour-europe-stage-1-challengers-2-open-qualifier-ro12,320,2021-02-17,1:00 AM
EMEA,10892,https://www.vlr.gg/10892/lunaris-vs-big-champions-tour-europe-stage-1-challengers-2-open-qualifier-ro128,320,2021-02-17,1:00 AM
EMEA,10893,https://www.vlr.gg/10893/x-vs-movistar-riders-champions-tour-europe-stage-1-challengers-2-open-qualifier-ro128,320,2021-02-17,1:00 AM
EMEA,10894,https://www.vlr.gg/10894/pandemic-vs-hsdirr-champions-tour-europe-stage-1-challengers-2-open-qualifier-ro128,320,2021-02-17,1:00 AM
EMEA,10895,https://www.vlr.gg/10895/pointandclick-vs-ill-s-akad-mia-spirit-champions-tour-europe-stage-1-challengers-2-open-qualifie,320,2021-02-17,1:00 AM
EMEA,10897,https://www.vlr.gg/10897/estonoesunjuegovale-vs-team-civics-champions-tour-europe-stage-1-challengers-2-open-qualifier-ro,320,2021-02-17,1:00 AM
EMEA,10898,https://www.vlr.gg/10898/ket-vs-team-heretics-champions-tour-europe-stage-1-challengers-2-open-qualifier-ro128,320,2021-02-17,1:00 AM
EMEA,10899,https://www.vlr.gg/10899/hydrated-vs-qwertz-champions-tour-europe-stage-1-challengers-2-open-qualifier-ro128,320,2021-02-17,1:00 AM
EMEA,10900,https://www.vlr.gg/10900/against-all-odds-vs-absurd-talents-champions-tour-europe-stage-1-challengers-2-open-qualifier-ro,320,2021-02-17,1:00 AM
EMEA,10901,https://www.vlr.gg/10901/majstersztyk-vs-bleiz-champions-tour-europe-stage-1-challengers-2-open-qualifier-ro128,320,2021-02-17,1:00 AM
EMEA,10902,https://www.vlr.gg/10902/heet-vs-team-enigma-champions-tour-europe-stage-1-challengers-2-open-qualifier-ro128,320,2021-02-17,1:00 AM
EMEA,10903,https://www.vlr.gg/10903/unsigned-losers-vs-team-questionmark-champions-tour-europe-stage-1-challengers-2-open-qualifier,320,2021-02-17,1:00 AM
EMEA,10905,https://www.vlr.gg/10905/flash-and-dash-vs-chakalaka-champions-tour-europe-stage-1-challengers-2-open-qualifier-ro128,320,2021-02-17,1:00 AM
EMEA,10906,https://www.vlr.gg/10906/team-revenge-vs-unsigned-champions-tour-europe-stage-1-challengers-2-open-qualifier-ro128,320,2021-02-17,1:00 AM
EMEA,10907,https://www.vlr.gg/10907/fivestack-vs-ambitious-champions-tour-europe-stage-1-challengers-2-open-qualifier-ro128,320,2021-02-17,1:00 AM
EMEA,10917,https://www.vlr.gg/10917/vpd-project-vs-g2-esports-champions-tour-europe-stage-1-challengers-2-open-qualifier-ro64,320,2021-02-17,2:30 AM
EMEA,10942,https://www.vlr.gg/10942/sophies-children-vs-rix-gg-champions-tour-europe-stage-1-challengers-2-open-qualifier-ro64,320,2021-02-17,3:30 AM
EMEA,10908,https://www.vlr.gg/10908/staga-haus-vs-ipon-team-horizon-reapers-champions-tour-europe-stage-1-challengers-2-open-qualifi,320,2021-02-17,3:30 AM
EMEA,10909,https://www.vlr.gg/10909/team-vitality-vs-chess-on-crack-champions-tour-europe-stage-1-challengers-2-open-qualifier-ro64,320,2021-02-17,3:30 AM
EMEA,10913,https://www.vlr.gg/10913/raptor-esport-vs-team-liquid-champions-tour-europe-stage-1-challengers-2-open-qualifier-ro64,320,2021-02-17,3:30 AM
EMEA,10922,https://www.vlr.gg/10922/yazda-vs-kv-tinky-champions-tour-europe-stage-1-challengers-2-open-qualifier-ro64,320,2021-02-17,3:30 AM
EMEA,10923,https://www.vlr.gg/10923/giants-gaming-vs-team-rocket-champions-tour-europe-stage-1-challengers-2-open-qualifier-ro64,320,2021-02-17,3:30 AM
EMEA,10935,https://www.vlr.gg/10935/team-heretics-vs-hydrated-champions-tour-europe-stage-1-challengers-2-open-qualifier-ro64,320,2021-02-17,3:30 AM
EMEA,10938,https://www.vlr.gg/10938/ignite-vs-chakalaka-champions-tour-europe-stage-1-challengers-2-open-qualifier-ro64,320,2021-02-17,3:30 AM
EMEA,10910,https://www.vlr.gg/10910/reply-totem-vs-purple-cobras-champions-tour-europe-stage-1-challengers-2-open-qualifier-ro64,320,2021-02-17,4:00 AM
EMEA,10911,https://www.vlr.gg/10911/dfuseteam-vs-xpg-invicta-champions-tour-europe-stage-1-challengers-2-open-qualifier-ro64,320,2021-02-17,4:00 AM
EMEA,10912,https://www.vlr.gg/10912/team-queso-vs-megakich-champions-tour-europe-stage-1-challengers-2-open-qualifier-ro64,320,2021-02-17,4:00 AM
EMEA,10914,https://www.vlr.gg/10914/peanutz-vs-cream-real-betis-champions-tour-europe-stage-1-challengers-2-open-qualifier-ro64,320,2021-02-17,4:00 AM
EMEA,10918,https://www.vlr.gg/10918/sector-one-vs-inside-games-champions-tour-europe-stage-1-challengers-2-open-qualifier-ro64,320,2021-02-17,4:00 AM
EMEA,10919,https://www.vlr.gg/10919/team-finest-vs-sausage-party-champions-tour-europe-stage-1-challengers-2-open-qualifier-ro64,320,2021-02-17,4:00 AM
EMEA,10921,https://www.vlr.gg/10921/sampi-tipsport-vs-animel-champions-tour-europe-stage-1-challengers-2-open-qualifier-ro64,320,2021-02-17,4:00 AM
EMEA,10925,https://www.vlr.gg/10925/fnatic-vs-swag-silicone-champions-tour-europe-stage-1-challengers-2-open-qualifier-ro64,320,2021-02-17,4:00 AM
EMEA,10926,https://www.vlr.gg/10926/prima-esport-vs-edelweiss-esport-champions-tour-europe-stage-1-challengers-2-open-qualifier-ro64,320,2021-02-17,4:00 AM
EMEA,10927,https://www.vlr.gg/10927/nonamers-vs-yendez-champions-tour-europe-stage-1-challengers-2-open-qualifier-ro64,320,2021-02-17,4:00 AM
EMEA,10928,https://www.vlr.gg/10928/shockdart-vs-hajty-champions-tour-europe-stage-1-challengers-2-open-qualifier-ro64,320,2021-02-17,4:00 AM
EMEA,10929,https://www.vlr.gg/10929/okgg-vs-honk-champions-tour-europe-stage-1-challengers-2-open-qualifier-ro64,320,2021-02-17,4:00 AM
EMEA,10931,https://www.vlr.gg/10931/wieca-vs-guild-esports-champions-tour-europe-stage-1-challengers-2-open-qualifier-ro64,320,2021-02-17,4:00 AM
EMEA,10934,https://www.vlr.gg/10934/linstitut-vs-estonoesunjuegovale-champions-tour-europe-stage-1-challengers-2-open-qualifier-ro6,320,2021-02-17,4:00 AM
EMEA,10936,https://www.vlr.gg/10936/against-all-odds-vs-bleiz-champions-tour-europe-stage-1-challengers-2-open-qualifier-ro64,320,2021-02-17,4:00 AM
EMEA,10937,https://www.vlr.gg/10937/heet-vs-team-questionmark-champions-tour-europe-stage-1-challengers-2-open-qualifier-ro64,320,2021-02-17,4:00 AM
EMEA,10939,https://www.vlr.gg/10939/unsigned-vs-ambitious-champions-tour-europe-stage-1-challengers-2-open-qualifier-ro64,320,2021-02-17,4:00 AM
EMEA,10920,https://www.vlr.gg/10920/s2v-esports-vs-orgless5-champions-tour-europe-stage-1-challengers-2-open-qualifier-ro64,320,2021-02-17,4:15 AM
EMEA,10915,https://www.vlr.gg/10915/ecm-fcg-esports-vs-alliance-champions-tour-europe-stage-1-challengers-2-open-qualifier-ro64,320,2021-02-17,4:30 AM
EMEA,10924,https://www.vlr.gg/10924/pit-stop-vs-offlimits-champions-tour-europe-stage-1-challengers-2-open-qualifier-ro64,320,2021-02-17,4:30 AM
EMEA,10932,https://www.vlr.gg/10932/big-vs-movistar-riders-champions-tour-europe-stage-1-challengers-2-open-qualifier-ro64,320,2021-02-17,4:30 AM
EMEA,10930,https://www.vlr.gg/10930/wall-street-clowns-vs-czech-repre-champions-tour-europe-stage-1-challengers-2-open-qualifier-ro6,320,2021-02-17,4:35 AM
EMEA,10933,https://www.vlr.gg/10933/hsdirr-vs-pointandclick-champions-tour-europe-stage-1-challengers-2-open-qualifier-ro64,320,2021-02-17,4:40 AM
EMEA,10944,https://www.vlr.gg/10944/ipon-team-horizon-reapers-vs-team-vitality-champions-tour-europe-stage-1-challengers-2-qualifier,320,2021-02-18,12:00 AM
EMEA,10945,https://www.vlr.gg/10945/reply-totem-vs-dfuseteam-champions-tour-europe-stage-1-challengers-2-qualifier-playoffs-ro32,320,2021-02-18,12:00 AM
EMEA,10946,https://www.vlr.gg/10946/megakich-vs-team-liquid-champions-tour-europe-stage-1-challengers-2-qualifier-playoffs-ro32,320,2021-02-18,12:00 AM
EMEA,10947,https://www.vlr.gg/10947/cream-real-betis-vs-alliance-champions-tour-europe-stage-1-challengers-2-qualifier-playoffs-ro32,320,2021-02-18,12:00 AM
EMEA,10948,https://www.vlr.gg/10948/rix-gg-vs-g2-esports-champions-tour-europe-stage-1-challengers-2-qualifier-playoffs-ro32,320,2021-02-18,12:00 AM
EMEA,10949,https://www.vlr.gg/10949/inside-games-vs-team-finest-champions-tour-europe-stage-1-challengers-2-qualifier-playoffs-ro32,320,2021-02-18,12:00 AM
EMEA,10950,https://www.vlr.gg/10950/ivy-vs-animel-champions-tour-europe-stage-1-challengers-2-qualifier-playoffs-ro32,320,2021-02-18,12:00 AM
EMEA,10951,https://www.vlr.gg/10951/yazda-vs-giants-gaming-champions-tour-europe-stage-1-challengers-2-qualifier-playoffs-ro32,320,2021-02-18,12:00 AM
EMEA,10952,https://www.vlr.gg/10952/pit-stop-vs-fnatic-champions-tour-europe-stage-1-challengers-2-qualifier-playoffs-ro32,320,2021-02-18,12:00 AM
EMEA,10953,https://www.vlr.gg/10953/edelweiss-esport-vs-yendez-champions-tour-europe-stage-1-challengers-2-qualifier-playoffs-ro32,320,2021-02-18,12:00 AM
EMEA,10954,https://www.vlr.gg/10954/hajty-vs-honk-champions-tour-europe-stage-1-challengers-2-qualifier-playoffs-ro32,320,2021-02-18,12:00 AM
EMEA,10955,https://www.vlr.gg/10955/czech-repre-vs-guild-esports-champions-tour-europe-stage-1-challengers-2-qualifier-playoffs-ro32,320,2021-02-18,12:00 AM
EMEA,10956,https://www.vlr.gg/10956/big-vs-hsdirr-champions-tour-europe-stage-1-challengers-2-qualifier-playoffs-ro32,320,2021-02-18,12:00 AM
EMEA,10957,https://www.vlr.gg/10957/estonoesunjuegovale-vs-team-heretics-champions-tour-europe-stage-1-challengers-2-qualifier-playo,320,2021-02-18,12:00 AM
EMEA,10958,https://www.vlr.gg/10958/against-all-odds-vs-heet-champions-tour-europe-stage-1-challengers-2-qualifier-playoffs-ro32,320,2021-02-18,12:00 AM
EMEA,10959,https://www.vlr.gg/10959/chakalaka-vs-unsigned-champions-tour-europe-stage-1-challengers-2-qualifier-playoffs-ro32,320,2021-02-18,12:00 AM
EMEA,10962,https://www.vlr.gg/10962/g2-esports-vs-inside-games-champions-tour-europe-stage-1-challengers-2-qualifier-playoffs-ro16,320,2021-02-18,2:30 AM
EMEA,10961,https://www.vlr.gg/10961/team-liquid-vs-alliance-champions-tour-europe-stage-1-challengers-2-qualifier-playoffs-ro16,320,2021-02-18,3:00 AM
EMEA,10963,https://www.vlr.gg/10963/animel-vs-giants-gaming-champions-tour-europe-stage-1-challengers-2-qualifier-playoffs-ro16,320,2021-02-18,3:00 AM
EMEA,10965,https://www.vlr.gg/10965/honk-vs-guild-esports-champions-tour-europe-stage-1-challengers-2-qualifier-playoffs-ro16,320,2021-02-18,3:00 AM
EMEA,10967,https://www.vlr.gg/10967/heet-vs-chakalaka-champions-tour-europe-stage-1-challengers-2-qualifier-playoffs-ro16,320,2021-02-18,3:15 AM
EMEA,10960,https://www.vlr.gg/10960/ipon-team-horizon-reapers-vs-dfuseteam-champions-tour-europe-stage-1-challengers-2-qualifier-pla,320,2021-02-18,3:30 AM
EMEA,10964,https://www.vlr.gg/10964/fnatic-vs-edelweiss-esport-champions-tour-europe-stage-1-challengers-2-qualifier-playoffs-ro16,320,2021-02-18,3:30 AM
EMEA,10966,https://www.vlr.gg/10966/hsdirr-vs-team-heretics-champions-tour-europe-stage-1-challengers-2-qualifier-playoffs-ro16,320,2021-02-18,3:40 AM
EMEA,11010,https://www.vlr.gg/11010/dfuseteam-vs-alliance-champions-tour-europe-stage-1-challengers-2-qualifier-play-in-qf,320,2021-02-19,12:00 AM
EMEA,11011,https://www.vlr.gg/11011/g2-esports-vs-animel-champions-tour-europe-stage-1-challengers-2-qualifier-play-in-qf,320,2021-02-19,2:30 AM
EMEA,11012,https://www.vlr.gg/11012/fnatic-vs-guild-esports-champions-tour-europe-stage-1-challengers-2-qualifier-play-in-qf,320,2021-02-20,12:00 AM
EMEA,11013,https://www.vlr.gg/11013/team-heretics-vs-chakalaka-champions-tour-europe-stage-1-challengers-2-qualifier-play-in-qf,320,2021-02-20,3:15 AM
EMEA,11121,https://www.vlr.gg/11121/wave-esports-vs-alliance-champions-tour-europe-stage-1-challengers-2-main-event-qf,320,2021-02-20,11:00 PM
EMEA,11122,https://www.vlr.gg/11122/ninjas-in-pyjamas-vs-g2-esports-champions-tour-europe-stage-1-challengers-2-main-event-qf,320,2021-02-21,1:20 AM
EMEA,11126,https://www.vlr.gg/11126/funplus-phoenix-vs-fnatic-champions-tour-europe-stage-1-challengers-2-main-event-qf,320,2021-02-21,11:00 PM
EMEA,11124,https://www.vlr.gg/11124/og-vs-team-heretics-champions-tour-europe-stage-1-challengers-2-main-event-qf,320,2021-02-22,2:00 AM
EMEA,10442,https://www.vlr.gg/10442/glorious-gorillas-vs-1907-fenerbah-e-esport-champions-tour-turkey-stage-1-challengers-1-ro32,311,2021-02-12,10:00 PM
EMEA,10443,https://www.vlr.gg/10443/thunderbolts-ac-vs-canavarlar-champions-tour-turkey-stage-1-challengers-1-ro32,311,2021-02-12,10:00 PM
EMEA,10444,https://www.vlr.gg/10444/alfa-esport-vs-foxngame-esports-champions-tour-turkey-stage-1-challengers-1-ro32,311,2021-02-12,10:00 PM
EMEA,10445,https://www.vlr.gg/10445/cyber-skull-vs-bar-a-champions-tour-turkey-stage-1-challengers-1-ro32,311,2021-02-12,10:00 PM
EMEA,10446,https://www.vlr.gg/10446/sentinel-keep-vs-galakticos-champions-tour-turkey-stage-1-challengers-1-ro32,311,2021-02-12,10:00 PM
EMEA,10447,https://www.vlr.gg/10447/designated-vs-otherside-champions-tour-turkey-stage-1-challengers-1-ro32,311,2021-02-12,10:00 PM
EMEA,10474,https://www.vlr.gg/10474/836-pizzalocale-vs-bbl-esports-champions-tour-turkey-stage-1-challengers-1-ro32,311,2021-02-12,10:00 PM
EMEA,10475,https://www.vlr.gg/10475/mna-esports-vs-payhesap-k-tahya-esports-champions-tour-turkey-stage-1-challengers-1-ro32,311,2021-02-12,10:00 PM
EMEA,10476,https://www.vlr.gg/10476/team-aurora-vs-worst-brutals-champions-tour-turkey-stage-1-challengers-1-ro32,311,2021-02-12,10:00 PM
EMEA,10477,https://www.vlr.gg/10477/futbolist-vs-dodurgal-lar-champions-tour-turkey-stage-1-challengers-1-ro32,311,2021-02-12,10:00 PM
EMEA,10478,https://www.vlr.gg/10478/stanbul-wildcats-vs-banger5-champions-tour-turkey-stage-1-challengers-1-ro32,311,2021-02-12,10:00 PM
EMEA,10479,https://www.vlr.gg/10479/zero-zone-vs-red5-champions-tour-turkey-stage-1-challengers-1-ro32,311,2021-02-12,10:00 PM
EMEA,10480,https://www.vlr.gg/10480/lul-vs-thunderbolts-gaming-champions-tour-turkey-stage-1-challengers-1-ro32,311,2021-02-12,10:00 PM
EMEA,10481,https://www.vlr.gg/10481/rare-esports-vs-no-org-found-champions-tour-turkey-stage-1-challengers-1-ro32,311,2021-02-12,10:00 PM
EMEA,10482,https://www.vlr.gg/10482/boca-boston-vs-wal-champions-tour-turkey-stage-1-challengers-1-ro32,311,2021-02-12,10:00 PM
EMEA,10483,https://www.vlr.gg/10483/oxygen-esports-vs-firenation-champions-tour-turkey-stage-1-challengers-1-ro32,311,2021-02-12,10:00 PM
EMEA,10488,https://www.vlr.gg/10488/team-aurora-vs-futbolist-champions-tour-turkey-stage-1-challengers-1-ro16,311,2021-02-13,12:15 AM
EMEA,10490,https://www.vlr.gg/10490/thunderbolts-gaming-vs-no-org-found-champions-tour-turkey-stage-1-challengers-1-ro16,311,2021-02-13,12:15 AM
EMEA,10487,https://www.vlr.gg/10487/bbl-esports-vs-mna-esports-champions-tour-turkey-stage-1-challengers-1-ro16,311,2021-02-13,12:45 AM
EMEA,10484,https://www.vlr.gg/10484/1907-fenerbah-e-esport-vs-canavarlar-champions-tour-turkey-stage-1-challengers-1-ro16,311,2021-02-13,1:00 AM
EMEA,10485,https://www.vlr.gg/10485/alfa-esport-vs-cyber-skull-esports-champions-tour-turkey-stage-1-challengers-1-ro16,311,2021-02-13,1:00 AM
EMEA,10486,https://www.vlr.gg/10486/galakticos-vs-otherside-champions-tour-turkey-stage-1-challengers-1-ro16,311,2021-02-13,1:00 AM
EMEA,10489,https://www.vlr.gg/10489/stanbul-wildcats-vs-zero-zone-champions-tour-turkey-stage-1-challengers-1-ro16,311,2021-02-13,1:00 AM
EMEA,10491,https://www.vlr.gg/10491/boca-boston-vs-oxygen-esports-champions-tour-turkey-stage-1-challengers-1-ro16,311,2021-02-13,1:00 AM
EMEA,10351,https://www.vlr.gg/10351/1907-fenerbah-e-esport-vs-cyber-skull-esports-champions-tour-turkey-stage-1-challengers-1-qf,311,2021-02-13,9:00 PM
EMEA,10352,https://www.vlr.gg/10352/galakticos-vs-bbl-esports-champions-tour-turkey-stage-1-challengers-1-qf,311,2021-02-14,12:00 AM
EMEA,10354,https://www.vlr.gg/10354/no-org-found-vs-oxygen-esports-champions-tour-turkey-stage-1-challengers-1-qf,311,2021-02-14,9:00 PM
EMEA,10353,https://www.vlr.gg/10353/futbolist-vs-stanbul-wildcats-champions-tour-turkey-stage-1-challengers-1-qf,311,2021-02-14,11:00 PM
EMEA,10369,https://www.vlr.gg/10369/platoon-vs-zarplata-champions-tour-cis-stage-1-challengers-1-qualifier-ro128,300,2021-02-11,10:00 PM
EMEA,10370,https://www.vlr.gg/10370/fierywall-gaming-vs-16const-champions-tour-cis-stage-1-challengers-1-qualifier-ro128,300,2021-02-11,10:00 PM
EMEA,10371,https://www.vlr.gg/10371/toomanyquestions-vs-gengar-gang-champions-tour-cis-stage-1-challengers-1-qualifier-ro128,300,2021-02-11,10:00 PM
EMEA,10372,https://www.vlr.gg/10372/project-x-vs-fr1end5-champions-tour-cis-stage-1-challengers-1-qualifier-ro128,300,2021-02-11,10:00 PM
EMEA,10373,https://www.vlr.gg/10373/feelmyhack-vs-exile-esports-champions-tour-cis-stage-1-challengers-1-qualifier-ro128,300,2021-02-11,10:00 PM
EMEA,10374,https://www.vlr.gg/10374/animesquad-vs-musica-champions-tour-cis-stage-1-challengers-1-qualifier-ro128,300,2021-02-11,10:00 PM
EMEA,10375,https://www.vlr.gg/10375/aspire-vs-frpl-esports-champions-tour-cis-stage-1-challengers-1-qualifier-ro128,300,2021-02-11,10:00 PM
EMEA,10377,https://www.vlr.gg/10377/flex-team-vs-tale-quale-champions-tour-cis-stage-1-challengers-1-qualifier-ro128,300,2021-02-11,10:00 PM
EMEA,10378,https://www.vlr.gg/10378/ezchoke-vs-dirty-gaming-champions-tour-cis-stage-1-challengers-1-qualifier-ro128,300,2021-02-11,10:00 PM
EMEA,10380,https://www.vlr.gg/10380/anthrax-vs-fullm1x-champions-tour-cis-stage-1-challengers-1-qualifier-ro128,300,2021-02-11,10:00 PM
EMEA,10381,https://www.vlr.gg/10381/super-ukrainci-vs-5up-champions-tour-cis-stage-1-challengers-1-qualifier-ro128,300,2021-02-11,10:00 PM
EMEA,10382,https://www.vlr.gg/10382/nnavgplayers-vs-gmt-esports-champions-tour-cis-stage-1-challengers-1-qualifier-ro128,300,2021-02-11,10:00 PM
EMEA,10383,https://www.vlr.gg/10383/ksenox-vs-savage-champions-tour-cis-stage-1-challengers-1-qualifier-ro128,300,2021-02-11,10:00 PM
EMEA,10384,https://www.vlr.gg/10384/tragedymakers-vs-skyline-champions-tour-cis-stage-1-challengers-1-qualifier-ro128,300,2021-02-11,10:00 PM
EMEA,10385,https://www.vlr.gg/10385/universe-vs-nomads-champions-tour-cis-stage-1-challengers-1-qualifier-ro128,300,2021-02-11,10:00 PM
EMEA,10386,https://www.vlr.gg/10386/no-praccs-vs-izanami-champions-tour-cis-stage-1-challengers-1-qualifier-ro128,300,2021-02-11,10:00 PM
EMEA,10387,https://www.vlr.gg/10387/dirty-boys-vs-presense-champions-tour-cis-stage-1-challengers-1-qualifier-ro128,300,2021-02-11,10:00 PM
EMEA,10388,https://www.vlr.gg/10388/hellokitty-vs-mangal-champions-tour-cis-stage-1-challengers-1-qualifier-ro128,300,2021-02-11,10:00 PM
EMEA,10389,https://www.vlr.gg/10389/ballas-vs-invictagg-champions-tour-cis-stage-1-challengers-1-qualifier-ro128,300,2021-02-11,10:00 PM
EMEA,10390,https://www.vlr.gg/10390/solo-vs-969-gang-champions-tour-cis-stage-1-challengers-1-qualifier-ro128,300,2021-02-11,10:00 PM
EMEA,10391,https://www.vlr.gg/10391/five-terrible-heroes-vs-get-6patba-champions-tour-cis-stage-1-challengers-1-qualifier-ro128,300,2021-02-11,10:00 PM
EMEA,10393,https://www.vlr.gg/10393/crow-rowd-vs-no-fear-champions-tour-cis-stage-1-challengers-1-qualifier-ro128,300,2021-02-11,10:00 PM
EMEA,10394,https://www.vlr.gg/10394/shtrihcod-vs-top500-and-dog-champions-tour-cis-stage-1-challengers-1-qualifier-ro128,300,2021-02-11,10:00 PM
EMEA,10395,https://www.vlr.gg/10395/prostorno-vs-368-champions-tour-cis-stage-1-challengers-1-qualifier-ro128,300,2021-02-11,10:00 PM
EMEA,10397,https://www.vlr.gg/10397/found-us-vs-siberian-champions-tour-cis-stage-1-challengers-1-qualifier-ro128,300,2021-02-11,10:00 PM
EMEA,10398,https://www.vlr.gg/10398/never-look-back-vs-saves-esports-champions-tour-cis-stage-1-challengers-1-qualifier-ro128,300,2021-02-11,10:00 PM
EMEA,10399,https://www.vlr.gg/10399/piyat-vs-polycyber-champions-tour-cis-stage-1-challengers-1-qualifier-ro128,300,2021-02-11,10:00 PM
EMEA,10400,https://www.vlr.gg/10400/jeremiah-vs-badb0ys-champions-tour-cis-stage-1-challengers-1-qualifier-ro128,300,2021-02-11,10:00 PM
EMEA,10401,https://www.vlr.gg/10401/disband-vs-empty-champions-tour-cis-stage-1-challengers-1-qualifier-ro128,300,2021-02-11,10:00 PM
EMEA,10402,https://www.vlr.gg/10402/ugit-vs-turkish-mafia-champions-tour-cis-stage-1-challengers-1-qualifier-ro128,300,2021-02-11,10:00 PM
EMEA,10403,https://www.vlr.gg/10403/nurture-vs-brotherhood-of-the-five-champions-tour-cis-stage-1-challengers-1-qualifier-ro128,300,2021-02-11,10:00 PM
EMEA,10404,https://www.vlr.gg/10404/ztitans-vs-ez-katka-champions-tour-cis-stage-1-challengers-1-qualifier-ro128,300,2021-02-11,10:00 PM
EMEA,10405,https://www.vlr.gg/10405/5op-vs-team04ka-champions-tour-cis-stage-1-challengers-1-qualifier-ro128,300,2021-02-11,10:00 PM
EMEA,10406,https://www.vlr.gg/10406/paroxysme-vs-electronic-zero-champions-tour-cis-stage-1-challengers-1-qualifier-ro128,300,2021-02-11,10:00 PM
EMEA,10408,https://www.vlr.gg/10408/platoon-vs-vengeance-champions-tour-cis-stage-1-challengers-1-qualifier-ro64,300,2021-02-12,1:00 AM
EMEA,10409,https://www.vlr.gg/10409/16const-vs-toomanyquestions-champions-tour-cis-stage-1-challengers-1-qualifier-ro64,300,2021-02-12,1:00 AM
EMEA,10410,https://www.vlr.gg/10410/cisfaith-vs-fr1end5-champions-tour-cis-stage-1-challengers-1-qualifier-ro64,300,2021-02-12,1:00 AM
EMEA,10411,https://www.vlr.gg/10411/feelmyhack-vs-mcchiken-champions-tour-cis-stage-1-challengers-1-qualifier-ro64,300,2021-02-12,1:00 AM
EMEA,10412,https://www.vlr.gg/10412/animesquad-vs-aspire-champions-tour-cis-stage-1-challengers-1-qualifier-ro64,300,2021-02-12,1:00 AM
EMEA,10413,https://www.vlr.gg/10413/one-breath-gaming-vs-geney-ryodan-champions-tour-cis-stage-1-challengers-1-qualifier-ro64,300,2021-02-12,1:00 AM
EMEA,10414,https://www.vlr.gg/10414/tale-quale-vs-vthree-champions-tour-cis-stage-1-challengers-1-qualifier-ro64,300,2021-02-12,1:00 AM
EMEA,10415,https://www.vlr.gg/10415/ezchoke-vs-motivility-champions-tour-cis-stage-1-challengers-1-qualifier-ro64,300,2021-02-12,1:00 AM
EMEA,10416,https://www.vlr.gg/10416/aim-attack-vs-landodger-champions-tour-cis-stage-1-challengers-1-qualifier-ro64,300,2021-02-12,1:00 AM
EMEA,10417,https://www.vlr.gg/10417/thorns-vs-fullm1x-champions-tour-cis-stage-1-challengers-1-qualifier-ro64,300,2021-02-12,1:00 AM
EMEA,10418,https://www.vlr.gg/10418/dobrya4ki-vs-5up-champions-tour-cis-stage-1-challengers-1-qualifier-ro64,300,2021-02-12,1:00 AM
EMEA,10419,https://www.vlr.gg/10419/axsor-vs-gmt-esports-champions-tour-cis-stage-1-challengers-1-qualifier-ro64,300,2021-02-12,1:00 AM
EMEA,10420,https://www.vlr.gg/10420/spartanteam-vs-ksenox-champions-tour-cis-stage-1-challengers-1-qualifier-ro64,300,2021-02-12,1:00 AM
EMEA,10421,https://www.vlr.gg/10421/tragedymakers-vs-n4pas-champions-tour-cis-stage-1-challengers-1-qualifier-ro64,300,2021-02-12,1:00 AM
EMEA,10422,https://www.vlr.gg/10422/nomads-vs-no-praccs-champions-tour-cis-stage-1-challengers-1-qualifier-ro64,300,2021-02-12,1:00 AM
EMEA,10423,https://www.vlr.gg/10423/gambit-esports-vs-presense-champions-tour-cis-stage-1-challengers-1-qualifier-ro64,300,2021-02-12,1:00 AM
EMEA,10424,https://www.vlr.gg/10424/mangal-vs-atleticsdogs-champions-tour-cis-stage-1-challengers-1-qualifier-ro64,300,2021-02-12,1:00 AM
EMEA,10425,https://www.vlr.gg/10425/maybegokill-vs-invictagg-champions-tour-cis-stage-1-challengers-1-qualifier-ro64,300,2021-02-12,1:00 AM
EMEA,10426,https://www.vlr.gg/10426/meduzza-gaming-vs-969-gang-champions-tour-cis-stage-1-challengers-1-qualifier-ro64,300,2021-02-12,1:00 AM
EMEA,10427,https://www.vlr.gg/10427/not-all-home-vs-jaba-champions-tour-cis-stage-1-challengers-1-qualifier-ro64,300,2021-02-12,1:00 AM
EMEA,10428,https://www.vlr.gg/10428/get-6patba-vs-party-carrots-champions-tour-cis-stage-1-challengers-1-qualifier-ro64,300,2021-02-12,1:00 AM
EMEA,10429,https://www.vlr.gg/10429/forze-vs-crow-rowd-champions-tour-cis-stage-1-challengers-1-qualifier-ro64,300,2021-02-12,1:00 AM
EMEA,10430,https://www.vlr.gg/10430/top500-and-dog-vs-mariivana-champions-tour-cis-stage-1-challengers-1-qualifier-ro64,300,2021-02-12,1:00 AM
EMEA,10431,https://www.vlr.gg/10431/368-vs-n1-champions-tour-cis-stage-1-challengers-1-qualifier-ro64,300,2021-02-12,1:00 AM
EMEA,10432,https://www.vlr.gg/10432/team-mystery-vs-siberian-champions-tour-cis-stage-1-challengers-1-qualifier-ro64,300,2021-02-12,1:00 AM
EMEA,10433,https://www.vlr.gg/10433/saves-esports-vs-neverhunt-champions-tour-cis-stage-1-challengers-1-qualifier-ro64,300,2021-02-12,1:00 AM
EMEA,10434,https://www.vlr.gg/10434/polycyber-vs-team-singularity-champions-tour-cis-stage-1-challengers-1-qualifier-ro64,300,2021-02-12,1:00 AM
EMEA,10435,https://www.vlr.gg/10435/jeremiah-vs-disband-champions-tour-cis-stage-1-challengers-1-qualifier-ro64,300,2021-02-12,1:00 AM
EMEA,10436,https://www.vlr.gg/10436/tyeasy-vs-ugit-champions-tour-cis-stage-1-challengers-1-qualifier-ro64,300,2021-02-12,1:00 AM
EMEA,10437,https://www.vlr.gg/10437/brotherhood-of-the-five-vs-trident-clan-champions-tour-cis-stage-1-challengers-1-qualifier-ro64,300,2021-02-12,1:00 AM
EMEA,10438,https://www.vlr.gg/10438/ez-katka-vs-team04ka-champions-tour-cis-stage-1-challengers-1-qualifier-ro64,300,2021-02-12,1:00 AM
EMEA,10439,https://www.vlr.gg/10439/paroxysme-vs-brawlstars2005-champions-tour-cis-stage-1-challengers-1-qualifier-ro64,300,2021-02-12,1:00 AM
EMEA,10492,https://www.vlr.gg/10492/vengeance-vs-toomanyquestions-champions-tour-cis-stage-1-challengers-1-qualifier-playoffs-ro32,300,2021-02-12,10:00 PM
EMEA,10493,https://www.vlr.gg/10493/cisfaith-vs-feelmyhack-champions-tour-cis-stage-1-challengers-1-qualifier-playoffs-ro32,300,2021-02-12,10:00 PM
EMEA,10494,https://www.vlr.gg/10494/aspire-vs-one-breath-gaming-champions-tour-cis-stage-1-challengers-1-qualifier-playoffs-ro32,300,2021-02-12,10:00 PM
EMEA,10495,https://www.vlr.gg/10495/tale-quale-vs-ezchoke-champions-tour-cis-stage-1-challengers-1-qualifier-playoffs-ro32,300,2021-02-12,10:00 PM
EMEA,10496,https://www.vlr.gg/10496/aim-attack-vs-fullm1x-champions-tour-cis-stage-1-challengers-1-qualifier-playoffs-ro32,300,2021-02-12,10:00 PM
EMEA,10497,https://www.vlr.gg/10497/5up-vs-gmt-esports-champions-tour-cis-stage-1-challengers-1-qualifier-playoffs-ro32,300,2021-02-12,10:00 PM
EMEA,10498,https://www.vlr.gg/10498/ksenox-vs-n4pas-champions-tour-cis-stage-1-challengers-1-qualifier-playoffs-ro32,300,2021-02-12,10:00 PM
EMEA,10499,https://www.vlr.gg/10499/nomads-vs-gambit-esports-champions-tour-cis-stage-1-challengers-1-qualifier-playoffs-ro32,300,2021-02-12,10:00 PM
EMEA,10500,https://www.vlr.gg/10500/mangal-vs-invictagg-champions-tour-cis-stage-1-challengers-1-qualifier-playoffs-ro32,300,2021-02-12,10:00 PM
EMEA,10501,https://www.vlr.gg/10501/969-gang-vs-jaba-champions-tour-cis-stage-1-challengers-1-qualifier-playoffs-ro32,300,2021-02-12,10:00 PM
EMEA,10502,https://www.vlr.gg/10502/get-6patba-vs-crow-rowd-champions-tour-cis-stage-1-challengers-1-qualifier-playoffs-ro32,300,2021-02-12,10:00 PM
EMEA,10503,https://www.vlr.gg/10503/top500-and-dog-vs-n1-champions-tour-cis-stage-1-challengers-1-qualifier-playoffs-ro32,300,2021-02-12,10:00 PM
EMEA,10504,https://www.vlr.gg/10504/siberian-vs-saves-esports-champions-tour-cis-stage-1-challengers-1-qualifier-playoffs-ro32,300,2021-02-12,10:00 PM
EMEA,10505,https://www.vlr.gg/10505/team-singularity-vs-jeremiah-champions-tour-cis-stage-1-challengers-1-qualifier-playoffs-ro32,300,2021-02-12,10:00 PM
EMEA,10506,https://www.vlr.gg/10506/tyeasy-vs-brotherhood-of-the-five-champions-tour-cis-stage-1-challengers-1-qualifier-playoffs-ro,300,2021-02-12,10:00 PM
EMEA,10507,https://www.vlr.gg/10507/ez-katka-vs-paroxysme-champions-tour-cis-stage-1-challengers-1-qualifier-playoffs-ro32,300,2021-02-12,10:00 PM
EMEA,10508,https://www.vlr.gg/10508/vengeance-vs-cisfaith-champions-tour-cis-stage-1-challengers-1-qualifier-playoffs-ro16,300,2021-02-13,12:00 AM
EMEA,10511,https://www.vlr.gg/10511/ksenox-vs-gambit-esports-champions-tour-cis-stage-1-challengers-1-qualifier-playoffs-ro16,300,2021-02-13,12:15 AM
EMEA,10514,https://www.vlr.gg/10514/saves-esports-vs-team-singularity-champions-tour-cis-stage-1-challengers-1-qualifier-playoffs-r,300,2021-02-13,12:15 AM
EMEA,10509,https://www.vlr.gg/10509/one-breath-gaming-vs-tale-quale-champions-tour-cis-stage-1-challengers-1-qualifier-playoffs-ro16,300,2021-02-13,1:00 AM
EMEA,10510,https://www.vlr.gg/10510/aim-attack-vs-gmt-esports-champions-tour-cis-stage-1-challengers-1-qualifier-playoffs-ro16,300,2021-02-13,1:00 AM
EMEA,10512,https://www.vlr.gg/10512/mangal-vs-jaba-champions-tour-cis-stage-1-challengers-1-qualifier-playoffs-ro16,300,2021-02-13,1:00 AM
EMEA,10513,https://www.vlr.gg/10513/crow-rowd-vs-top500-and-dog-champions-tour-cis-stage-1-challengers-1-qualifier-playoffs-ro16,300,2021-02-13,1:00 AM
EMEA,10515,https://www.vlr.gg/10515/tyeasy-vs-paroxysme-champions-tour-cis-stage-1-challengers-1-qualifier-playoffs-ro16,300,2021-02-13,1:00 AM
EMEA,10358,https://www.vlr.gg/10358/team-singularity-vs-tyeasy-champions-tour-cis-stage-1-challengers-1-main-event-qf,300,2021-02-13,9:00 PM
EMEA,10357,https://www.vlr.gg/10357/mangal-vs-crow-rowd-champions-tour-cis-stage-1-challengers-1-main-event-qf,300,2021-02-14,12:00 AM
EMEA,10356,https://www.vlr.gg/10356/gmt-esports-vs-gambit-esports-champions-tour-cis-stage-1-challengers-1-main-event-qf,300,2021-02-14,9:00 PM
EMEA,10355,https://www.vlr.gg/10355/cisfaith-vs-one-breath-gaming-champions-tour-cis-stage-1-challengers-1-main-event-qf,300,2021-02-14,11:00 PM
EMEA,9590,https://www.vlr.gg/9590/mix123-vs-enterprise-esports-champions-tour-europe-stage-1-challengers-1-ro256,290,2021-02-05,1:00 AM
EMEA,9591,https://www.vlr.gg/9591/sausage-party-vs-wave-esports-champions-tour-europe-stage-1-challengers-1-ro256,290,2021-02-05,1:00 AM
EMEA,9592,https://www.vlr.gg/9592/staga-haus-vs-legion-honved-champions-tour-europe-stage-1-challengers-1-ro256,290,2021-02-05,1:00 AM
EMEA,9593,https://www.vlr.gg/9593/chameau-mal-fique-vs-sardine-breath-fc-champions-tour-europe-stage-1-challengers-1-ro256,290,2021-02-05,1:00 AM
EMEA,9594,https://www.vlr.gg/9594/rollo-vs-lowbob-champions-tour-europe-stage-1-challengers-1-ro256,290,2021-02-05,1:00 AM
EMEA,9595,https://www.vlr.gg/9595/tarren-mill-vs-monkeybizniz-champions-tour-europe-stage-1-challengers-1-ro256,290,2021-02-05,1:00 AM
EMEA,9596,https://www.vlr.gg/9596/cgn-esports-vs-team-name-under-construction-champions-tour-europe-stage-1-challengers-1-ro256,290,2021-02-05,1:00 AM
EMEA,9597,https://www.vlr.gg/9597/poppinheads-vs-the-gentleboys-champions-tour-europe-stage-1-challengers-1-ro256,290,2021-02-05,1:00 AM
EMEA,9598,https://www.vlr.gg/9598/alfa-esport-vs-gros-mix-champions-tour-europe-stage-1-challengers-1-ro256,290,2021-02-05,1:00 AM
EMEA,9599,https://www.vlr.gg/9599/team-spectralis-vs-quickmath-champions-tour-europe-stage-1-challengers-1-ro256,290,2021-02-05,1:00 AM
EMEA,9600,https://www.vlr.gg/9600/siberian-wombats-vs-deus-champions-tour-europe-stage-1-challengers-1-ro256,290,2021-02-05,1:00 AM
EMEA,9601,https://www.vlr.gg/9601/evereux-vs-nonamers-champions-tour-europe-stage-1-challengers-1-ro256,290,2021-02-05,1:00 AM
EMEA,9602,https://www.vlr.gg/9602/needmoremeow-vs-akatsuki-champions-tour-europe-stage-1-challengers-1-ro256,290,2021-02-05,1:00 AM
EMEA,9603,https://www.vlr.gg/9603/sector-one-vs-homies-with-extra-chromies-champions-tour-europe-stage-1-challengers-1-ro256,290,2021-02-05,1:00 AM
EMEA,9604,https://www.vlr.gg/9604/s2v-esports-vs-dfuseteam-champions-tour-europe-stage-1-challengers-1-ro256,290,2021-02-05,1:00 AM
EMEA,9605,https://www.vlr.gg/9605/entropy-gaming-vs-flash-and-dash-champions-tour-europe-stage-1-challengers-1-ro256,290,2021-02-05,1:00 AM
EMEA,9606,https://www.vlr.gg/9606/randommix-vs-dawn-of-stars-champions-tour-europe-stage-1-challengers-1-ro256,290,2021-02-05,1:00 AM
EMEA,9607,https://www.vlr.gg/9607/visu-gaming-vs-majstersztyk-champions-tour-europe-stage-1-challengers-1-ro256,290,2021-02-05,1:00 AM
EMEA,9608,https://www.vlr.gg/9608/prima-esport-vs-h-popper-champions-tour-europe-stage-1-challengers-1-ro256,290,2021-02-05,1:00 AM
EMEA,9609,https://www.vlr.gg/9609/big-gorilla-army-vs-adderall-andies-champions-tour-europe-stage-1-challengers-1-ro256,290,2021-02-05,1:00 AM
EMEA,9610,https://www.vlr.gg/9610/smoke-after-game-vs-123tap-champions-tour-europe-stage-1-challengers-1-ro256,290,2021-02-05,1:00 AM
EMEA,9611,https://www.vlr.gg/9611/tabula-rasa-vs-fnatic-champions-tour-europe-stage-1-challengers-1-ro256,290,2021-02-05,1:00 AM
EMEA,9612,https://www.vlr.gg/9612/new-legends-gaming-vs-patchwork-champions-tour-europe-stage-1-challengers-1-ro256,290,2021-02-05,1:00 AM
EMEA,9613,https://www.vlr.gg/9613/leaked-vs-roteight-gaming-champions-tour-europe-stage-1-challengers-1-ro256,290,2021-02-05,1:00 AM
EMEA,9614,https://www.vlr.gg/9614/running-hs-vs-impulse-champions-tour-europe-stage-1-challengers-1-ro256,290,2021-02-05,1:00 AM
EMEA,9615,https://www.vlr.gg/9615/secret-project-vs-giants-gaming-champions-tour-europe-stage-1-challengers-1-ro256,290,2021-02-05,1:00 AM
EMEA,9616,https://www.vlr.gg/9616/reborn-esports-vs-team-kaio-champions-tour-europe-stage-1-challengers-1-ro256,290,2021-02-05,1:00 AM
EMEA,9617,https://www.vlr.gg/9617/naigi-vs-souldazz-champions-tour-europe-stage-1-challengers-1-ro256,290,2021-02-05,1:00 AM
EMEA,9618,https://www.vlr.gg/9618/wall-street-clowns-vs-ipon-team-horizon-reapers-champions-tour-europe-stage-1-challengers-1-ro25,290,2021-02-05,1:00 AM
EMEA,9619,https://www.vlr.gg/9619/helios-gaming-vs-highrollers-champions-tour-europe-stage-1-challengers-1-ro256,290,2021-02-05,1:00 AM
EMEA,9620,https://www.vlr.gg/9620/lanboken-vs-minor-inconvenience-champions-tour-europe-stage-1-challengers-1-ro256,290,2021-02-05,1:00 AM
EMEA,9621,https://www.vlr.gg/9621/oserv-esport-vs-99crooks-champions-tour-europe-stage-1-challengers-1-ro256,290,2021-02-05,1:00 AM
EMEA,9622,https://www.vlr.gg/9622/vi-vet-mest-vs-odingang-champions-tour-europe-stage-1-challengers-1-ro256,290,2021-02-05,1:00 AM
EMEA,9623,https://www.vlr.gg/9623/iam-esports-vs-kumiho-esports-champions-tour-europe-stage-1-challengers-1-ro256,290,2021-02-05,1:00 AM
EMEA,9624,https://www.vlr.gg/9624/ignite-vs-g2-esports-champions-tour-europe-stage-1-challengers-1-ro256,290,2021-02-05,1:00 AM
EMEA,9625,https://www.vlr.gg/9625/wef-vs-nocypher-champions-tour-europe-stage-1-challengers-1-ro256,290,2021-02-05,1:00 AM
EMEA,9626,https://www.vlr.gg/9626/reply-totem-vs-chakalaka-champions-tour-europe-stage-1-challengers-1-ro256,290,2021-02-05,1:00 AM
EMEA,9627,https://www.vlr.gg/9627/execute-initators-vs-greyface-champions-tour-europe-stage-1-challengers-1-ro256,290,2021-02-05,1:00 AM
EMEA,9628,https://www.vlr.gg/9628/rix-gg-vs-egn-esports-champions-tour-europe-stage-1-challengers-1-ro256,290,2021-02-05,1:00 AM
EMEA,9629,https://www.vlr.gg/9629/the-streets-vs-team-questionmark-champions-tour-europe-stage-1-challengers-1-ro256,290,2021-02-05,1:00 AM
EMEA,9630,https://www.vlr.gg/9630/unsigned-vs-lbp-champions-tour-europe-stage-1-challengers-1-ro256,290,2021-02-05,1:00 AM
EMEA,9631,https://www.vlr.gg/9631/art-of-revolution-vs-emonkeyz-club-champions-tour-europe-stage-1-challengers-1-ro256,290,2021-02-05,1:00 AM
EMEA,9632,https://www.vlr.gg/9632/panke-vs-firenation-champions-tour-europe-stage-1-challengers-1-ro256,290,2021-02-05,1:00 AM
EMEA,9633,https://www.vlr.gg/9633/ket-vs-tiertenteam-champions-tour-europe-stage-1-challengers-1-ro256,290,2021-02-05,1:00 AM
EMEA,9634,https://www.vlr.gg/9634/clown-squad-vs-take-a-nap-champions-tour-europe-stage-1-challengers-1-ro256,290,2021-02-05,1:00 AM
EMEA,9635,https://www.vlr.gg/9635/ayned-vs-pingu-gang-champions-tour-europe-stage-1-challengers-1-ro256,290,2021-02-05,1:00 AM
EMEA,9636,https://www.vlr.gg/9636/ftw-esports-vs-batcave-champions-tour-europe-stage-1-challengers-1-ro256,290,2021-02-05,1:00 AM
EMEA,9637,https://www.vlr.gg/9637/les-braqueurs-vs-internaziomale-champions-tour-europe-stage-1-challengers-1-ro256,290,2021-02-05,1:00 AM
EMEA,9638,https://www.vlr.gg/9638/dragonborn-esport-vs-ecm-fcg-esports-champions-tour-europe-stage-1-challengers-1-ro256,290,2021-02-05,1:00 AM
EMEA,9639,https://www.vlr.gg/9639/horyjin-blue-vs-hsdirr-champions-tour-europe-stage-1-challengers-1-ro256,290,2021-02-05,1:00 AM
EMEA,9640,https://www.vlr.gg/9640/19esports-vs-lfo-champions-tour-europe-stage-1-challengers-1-ro256,290,2021-02-05,1:00 AM
EMEA,9641,https://www.vlr.gg/9641/alcyone-vs-only-good-players-champions-tour-europe-stage-1-challengers-1-ro256,290,2021-02-05,1:00 AM
EMEA,9642,https://www.vlr.gg/9642/donde-acaban-las-nubes-vs-rejects-gaming-champions-tour-europe-stage-1-challengers-1-ro256,290,2021-02-05,1:00 AM
EMEA,9643,https://www.vlr.gg/9643/marten-gaming-vs-necrotic-esports-champions-tour-europe-stage-1-challengers-1-ro256,290,2021-02-05,1:00 AM
EMEA,9644,https://www.vlr.gg/9644/team-smoker-vs-the-5th-dimension-champions-tour-europe-stage-1-challengers-1-ro256,290,2021-02-05,1:00 AM
EMEA,9645,https://www.vlr.gg/9645/apparently-good-vs-smell33t-champions-tour-europe-stage-1-challengers-1-ro256,290,2021-02-05,1:00 AM
EMEA,9646,https://www.vlr.gg/9646/radiant-comedy-club-vs-exception-esports-champions-tour-europe-stage-1-challengers-1-ro256,290,2021-02-05,1:00 AM
EMEA,9647,https://www.vlr.gg/9647/bleiz-vs-max-control-champions-tour-europe-stage-1-challengers-1-ro256,290,2021-02-05,1:00 AM
EMEA,9648,https://www.vlr.gg/9648/qlash-vs-ath-esport-champions-tour-europe-stage-1-challengers-1-ro256,290,2021-02-05,1:00 AM
EMEA,9649,https://www.vlr.gg/9649/ninjas-in-pyjamas-vs-team-enigma-champions-tour-europe-stage-1-challengers-1-ro256,290,2021-02-05,1:00 AM
EMEA,9650,https://www.vlr.gg/9650/peanutz-vs-tbd-champions-tour-europe-stage-1-challengers-1-ro256,290,2021-02-05,1:00 AM
EMEA,9651,https://www.vlr.gg/9651/nerdtown-esport-vs-pandemic-champions-tour-europe-stage-1-challengers-1-ro256,290,2021-02-05,1:00 AM
EMEA,9652,https://www.vlr.gg/9652/winfinity-vs-dropz-esports-champions-tour-europe-stage-1-challengers-1-ro256,290,2021-02-05,1:00 AM
EMEA,9653,https://www.vlr.gg/9653/babos-gaming-vs-fivestars-champions-tour-europe-stage-1-challengers-1-ro256,290,2021-02-05,1:00 AM
EMEA,9654,https://www.vlr.gg/9654/aspyxia-vs-legerityval-champions-tour-europe-stage-1-challengers-1-ro256,290,2021-02-05,1:00 AM
EMEA,9655,https://www.vlr.gg/9655/team-legit-energy-vs-prophecy-esc-champions-tour-europe-stage-1-challengers-1-ro256,290,2021-02-05,1:00 AM
EMEA,9656,https://www.vlr.gg/9656/twistedminds-vs-igp-alpha-champions-tour-europe-stage-1-challengers-1-ro256,290,2021-02-05,1:00 AM
EMEA,9657,https://www.vlr.gg/9657/raise-your-edge-vs-ciszej-champions-tour-europe-stage-1-challengers-1-ro256,290,2021-02-05,1:00 AM
EMEA,9658,https://www.vlr.gg/9658/hydrated-vs-linstitut-champions-tour-europe-stage-1-challengers-1-ro256,290,2021-02-05,1:00 AM
EMEA,9659,https://www.vlr.gg/9659/arbalest-vs-animesquad-champions-tour-europe-stage-1-challengers-1-ro256,290,2021-02-05,1:00 AM
EMEA,9660,https://www.vlr.gg/9660/s4muraiz-vs-funplus-phoenix-champions-tour-europe-stage-1-challengers-1-ro256,290,2021-02-05,1:00 AM
EMEA,9661,https://www.vlr.gg/9661/bean-discussion-vs-enix-champions-tour-europe-stage-1-challengers-1-ro256,290,2021-02-05,1:00 AM
EMEA,9662,https://www.vlr.gg/9662/alliance-vs-honk-champions-tour-europe-stage-1-challengers-1-ro256,290,2021-02-05,1:00 AM
EMEA,9663,https://www.vlr.gg/9663/high-coast-esports-vs-ubiteam-champions-tour-europe-stage-1-challengers-1-ro256,290,2021-02-05,1:00 AM
EMEA,9664,https://www.vlr.gg/9664/nohands-vs-humanity-legend-champions-tour-europe-stage-1-challengers-1-ro256,290,2021-02-05,1:00 AM
EMEA,9665,https://www.vlr.gg/9665/popomme-vs-irubbix-champions-tour-europe-stage-1-challengers-1-ro256,290,2021-02-05,1:00 AM
EMEA,9666,https://www.vlr.gg/9666/polycyber-vs-inside-games-champions-tour-europe-stage-1-challengers-1-ro256,290,2021-02-05,1:00 AM
EMEA,9667,https://www.vlr.gg/9667/atravs-vs-inaequalis-champions-tour-europe-stage-1-challengers-1-ro256,290,2021-02-05,1:00 AM
EMEA,9668,https://www.vlr.gg/9668/knights-of-blood-vs-catalyst-esports-champions-tour-europe-stage-1-challengers-1-ro256,290,2021-02-05,1:00 AM
EMEA,9669,https://www.vlr.gg/9669/bestteamdk-vs-gib-geld-champions-tour-europe-stage-1-challengers-1-ro256,290,2021-02-05,1:00 AM
EMEA,9670,https://www.vlr.gg/9670/lilpapaya-vs-team-galaga-champions-tour-europe-stage-1-challengers-1-ro256,290,2021-02-05,1:00 AM
EMEA,9671,https://www.vlr.gg/9671/corgi-vs-sampi-tipsport-champions-tour-europe-stage-1-challengers-1-ro256,290,2021-02-05,1:00 AM
EMEA,9672,https://www.vlr.gg/9672/surrealplay-vs-vpd-project-champions-tour-europe-stage-1-challengers-1-ro256,290,2021-02-05,1:00 AM
EMEA,9673,https://www.vlr.gg/9673/marlian-esports-vs-weslap-champions-tour-europe-stage-1-challengers-1-ro256,290,2021-02-05,1:00 AM
EMEA,9674,https://www.vlr.gg/9674/starlan-gaming-club-vs-cream-real-betis-champions-tour-europe-stage-1-challengers-1-ro256,290,2021-02-05,1:00 AM
EMEA,9675,https://www.vlr.gg/9675/ill-s-akad-mia-spirit-vs-ciseu-champions-tour-europe-stage-1-challengers-1-ro256,290,2021-02-05,1:00 AM
EMEA,9676,https://www.vlr.gg/9676/shockdart-vs-heet-champions-tour-europe-stage-1-challengers-1-ro256,290,2021-02-05,1:00 AM
EMEA,9677,https://www.vlr.gg/9677/aqualix-vs-team-palomita-delta-champions-tour-europe-stage-1-challengers-1-ro256,290,2021-02-05,1:00 AM
EMEA,9678,https://www.vlr.gg/9678/ferrari-peek-vs-rulers-esports-champions-tour-europe-stage-1-challengers-1-ro256,290,2021-02-05,1:00 AM
EMEA,9679,https://www.vlr.gg/9679/prestige-gaming-vs-team-logic-esports-champions-tour-europe-stage-1-challengers-1-ro256,290,2021-02-05,1:00 AM
EMEA,9680,https://www.vlr.gg/9680/verendus-vs-celestial-esports-champions-tour-europe-stage-1-challengers-1-ro256,290,2021-02-05,1:00 AM
EMEA,9681,https://www.vlr.gg/9681/team-liquid-vs-ingenuity-champions-tour-europe-stage-1-challengers-1-ro256,290,2021-02-05,1:00 AM
EMEA,9682,https://www.vlr.gg/9682/2g4l-vs-whyme-champions-tour-europe-stage-1-challengers-1-ro256,290,2021-02-05,1:00 AM
EMEA,9683,https://www.vlr.gg/9683/sparx-esports-vs-munich-esports-champions-tour-europe-stage-1-challengers-1-ro256,290,2021-02-05,1:00 AM
EMEA,9684,https://www.vlr.gg/9684/fratres-vs-hollow-champions-tour-europe-stage-1-challengers-1-ro256,290,2021-02-05,1:00 AM
EMEA,9685,https://www.vlr.gg/9685/yazda-vs-akademus-esport-champions-tour-europe-stage-1-challengers-1-ro256,290,2021-02-05,1:00 AM
EMEA,9686,https://www.vlr.gg/9686/grecco-gaming-vs-ucam-esports-club-champions-tour-europe-stage-1-challengers-1-ro256,290,2021-02-05,1:00 AM
EMEA,9687,https://www.vlr.gg/9687/team-vitality-vs-hajty-champions-tour-europe-stage-1-challengers-1-ro256,290,2021-02-05,1:00 AM
EMEA,9688,https://www.vlr.gg/9688/chicago-parsnips-vs-tbd-champions-tour-europe-stage-1-challengers-1-ro256,290,2021-02-05,1:00 AM
EMEA,9689,https://www.vlr.gg/9689/swag-silicone-vs-kuma-louis-champions-tour-europe-stage-1-challengers-1-ro256,290,2021-02-05,1:00 AM
EMEA,9690,https://www.vlr.gg/9690/big-vs-orgless5-champions-tour-europe-stage-1-challengers-1-ro256,290,2021-02-05,1:00 AM
EMEA,9691,https://www.vlr.gg/9691/slamming-gears-vs-men-champions-tour-europe-stage-1-challengers-1-ro256,290,2021-02-05,1:00 AM
EMEA,9692,https://www.vlr.gg/9692/killgofrenzy-vs-team-rocket-champions-tour-europe-stage-1-challengers-1-ro256,290,2021-02-05,1:00 AM
EMEA,9693,https://www.vlr.gg/9693/playzone-vs-colossus-gaming-champions-tour-europe-stage-1-challengers-1-ro256,290,2021-02-05,1:00 AM
EMEA,9694,https://www.vlr.gg/9694/sprayz-gaming-vs-esuba-champions-tour-europe-stage-1-challengers-1-ro256,290,2021-02-05,1:00 AM
EMEA,9695,https://www.vlr.gg/9695/roughtimes-vs-false-alarm-champions-tour-europe-stage-1-challengers-1-ro256,290,2021-02-05,1:00 AM
EMEA,9696,https://www.vlr.gg/9696/qq-vs-bande-organis-e-champions-tour-europe-stage-1-challengers-1-ro256,290,2021-02-05,1:00 AM
EMEA,9697,https://www.vlr.gg/9697/homeless-cyberathletes-vs-wizards-club-champions-tour-europe-stage-1-challengers-1-ro256,290,2021-02-05,1:00 AM
EMEA,9698,https://www.vlr.gg/9698/entropiq-vs-kpi-gaming-champions-tour-europe-stage-1-challengers-1-ro256,290,2021-02-05,1:00 AM
EMEA,9699,https://www.vlr.gg/9699/team-heretics-vs-krijgslieden-champions-tour-europe-stage-1-challengers-1-ro256,290,2021-02-05,1:00 AM
EMEA,9700,https://www.vlr.gg/9700/ambitious-vs-badturtles-champions-tour-europe-stage-1-challengers-1-ro256,290,2021-02-05,1:00 AM
EMEA,9701,https://www.vlr.gg/9701/monkey-business-vs-circe-champions-tour-europe-stage-1-challengers-1-ro256,290,2021-02-05,1:00 AM
EMEA,9702,https://www.vlr.gg/9702/team-queso-vs-gamerbots-champions-tour-europe-stage-1-challengers-1-ro256,290,2021-02-05,1:00 AM
EMEA,9703,https://www.vlr.gg/9703/slash-club-vs-tempo-champions-tour-europe-stage-1-challengers-1-ro256,290,2021-02-05,1:00 AM
EMEA,9704,https://www.vlr.gg/9704/unsigned-losers-vs-cyberground-gaming-champions-tour-europe-stage-1-challengers-1-ro256,290,2021-02-05,1:00 AM
EMEA,9705,https://www.vlr.gg/9705/megakich-vs-skillnaden-champions-tour-europe-stage-1-challengers-1-ro256,290,2021-02-05,1:00 AM
EMEA,9706,https://www.vlr.gg/9706/conors-bbs-vs-weeb-strikers-champions-tour-europe-stage-1-challengers-1-ro256,290,2021-02-05,1:00 AM
EMEA,9707,https://www.vlr.gg/9707/ballista-vs-buckygokill-champions-tour-europe-stage-1-challengers-1-ro256,290,2021-02-05,1:00 AM
EMEA,9708,https://www.vlr.gg/9708/guild-esports-vs-valorando-champions-tour-europe-stage-1-challengers-1-ro256,290,2021-02-05,1:00 AM
EMEA,9709,https://www.vlr.gg/9709/exoh-esports-vs-almost-international-champions-tour-europe-stage-1-challengers-1-ro256,290,2021-02-05,1:00 AM
EMEA,9710,https://www.vlr.gg/9710/xd-vs-yendez-champions-tour-europe-stage-1-challengers-1-ro256,290,2021-02-05,1:00 AM
EMEA,9711,https://www.vlr.gg/9711/64-fully-tatted-vs-woot-gaming-champions-tour-europe-stage-1-challengers-1-ro256,290,2021-02-05,1:00 AM
EMEA,9712,https://www.vlr.gg/9712/team-finest-vs-movistar-riders-champions-tour-europe-stage-1-challengers-1-ro256,290,2021-02-05,1:00 AM
EMEA,9713,https://www.vlr.gg/9713/npu-esport-vs-enrage-champions-tour-europe-stage-1-challengers-1-ro256,290,2021-02-05,1:00 AM
EMEA,9714,https://www.vlr.gg/9714/vanity-vs-we-knep-the-meta-champions-tour-europe-stage-1-challengers-1-ro256,290,2021-02-05,1:00 AM
EMEA,9715,https://www.vlr.gg/9715/mythic-vs-circus-champions-tour-europe-stage-1-challengers-1-ro256,290,2021-02-05,1:00 AM
EMEA,9716,https://www.vlr.gg/9716/washed-vs-warriors-champions-tour-europe-stage-1-challengers-1-ro256,290,2021-02-05,1:00 AM
EMEA,9717,https://www.vlr.gg/9717/noeffort-vs-knaekbrqd-champions-tour-europe-stage-1-challengers-1-ro256,290,2021-02-05,1:00 AM
EMEA,9772,https://www.vlr.gg/9772/entropiq-vs-team-heretics-champions-tour-europe-stage-1-challengers-1-ro128,290,2021-02-05,2:00 AM
EMEA,9718,https://www.vlr.gg/9718/enterprise-esports-vs-wave-esports-champions-tour-europe-stage-1-challengers-1-ro128,290,2021-02-05,2:00 AM
EMEA,9719,https://www.vlr.gg/9719/staga-haus-vs-chameau-mal-fique-champions-tour-europe-stage-1-challengers-1-ro128,290,2021-02-05,2:00 AM
EMEA,9720,https://www.vlr.gg/9720/rollo-vs-tarren-mill-champions-tour-europe-stage-1-challengers-1-ro128,290,2021-02-05,2:00 AM
EMEA,9721,https://www.vlr.gg/9721/cgn-esports-vs-the-gentleboys-champions-tour-europe-stage-1-challengers-1-ro128,290,2021-02-05,2:00 AM
EMEA,9722,https://www.vlr.gg/9722/alfa-esport-vs-quickmath-champions-tour-europe-stage-1-challengers-1-ro128,290,2021-02-05,2:00 AM
EMEA,9723,https://www.vlr.gg/9723/siberian-wombats-vs-nonamers-champions-tour-europe-stage-1-challengers-1-ro128,290,2021-02-05,2:00 AM
EMEA,9725,https://www.vlr.gg/9725/s2v-esports-vs-flash-and-dash-champions-tour-europe-stage-1-challengers-1-ro128,290,2021-02-05,2:00 AM
EMEA,9726,https://www.vlr.gg/9726/dawn-of-stars-vs-majstersztyk-champions-tour-europe-stage-1-challengers-1-ro128,290,2021-02-05,2:00 AM
EMEA,9727,https://www.vlr.gg/9727/prima-esport-vs-big-gorilla-army-champions-tour-europe-stage-1-challengers-1-ro128,290,2021-02-05,2:00 AM
EMEA,9728,https://www.vlr.gg/9728/123tap-vs-fnatic-champions-tour-europe-stage-1-challengers-1-ro128,290,2021-02-05,2:00 AM
EMEA,9729,https://www.vlr.gg/9729/patchwork-vs-leaked-champions-tour-europe-stage-1-challengers-1-ro128,290,2021-02-05,2:00 AM
EMEA,9730,https://www.vlr.gg/9730/running-hs-vs-giants-gaming-champions-tour-europe-stage-1-challengers-1-ro128,290,2021-02-05,2:00 AM
EMEA,9731,https://www.vlr.gg/9731/team-kaio-vs-souldazz-champions-tour-europe-stage-1-challengers-1-ro128,290,2021-02-05,2:00 AM
EMEA,9732,https://www.vlr.gg/9732/ipon-team-horizon-reapers-vs-helios-gaming-champions-tour-europe-stage-1-challengers-1-ro128,290,2021-02-05,2:00 AM
EMEA,9733,https://www.vlr.gg/9733/lanboken-vs-99crooks-champions-tour-europe-stage-1-challengers-1-ro128,290,2021-02-05,2:00 AM
EMEA,9734,https://www.vlr.gg/9734/vi-vet-mest-vs-iam-esports-champions-tour-europe-stage-1-challengers-1-ro128,290,2021-02-05,2:00 AM
EMEA,9735,https://www.vlr.gg/9735/g2-esports-vs-wef-champions-tour-europe-stage-1-challengers-1-ro128,290,2021-02-05,2:00 AM
EMEA,9736,https://www.vlr.gg/9736/chakalaka-vs-greyface-champions-tour-europe-stage-1-challengers-1-ro128,290,2021-02-05,2:00 AM
EMEA,9737,https://www.vlr.gg/9737/rix-gg-vs-team-questionmark-champions-tour-europe-stage-1-challengers-1-ro128,290,2021-02-05,2:00 AM
EMEA,9738,https://www.vlr.gg/9738/unsigned-vs-art-of-revolution-champions-tour-europe-stage-1-challengers-1-ro128,290,2021-02-05,2:00 AM
EMEA,9739,https://www.vlr.gg/9739/panke-vs-tiertenteam-champions-tour-europe-stage-1-challengers-1-ro128,290,2021-02-05,2:00 AM
EMEA,9740,https://www.vlr.gg/9740/clown-squad-vs-pingu-gang-champions-tour-europe-stage-1-challengers-1-ro128,290,2021-02-05,2:00 AM
EMEA,9741,https://www.vlr.gg/9741/ftw-esports-vs-les-braqueurs-champions-tour-europe-stage-1-challengers-1-ro128,290,2021-02-05,2:00 AM
EMEA,9742,https://www.vlr.gg/9742/ecm-fcg-esports-vs-hsdirr-champions-tour-europe-stage-1-challengers-1-ro128,290,2021-02-05,2:00 AM
EMEA,9743,https://www.vlr.gg/9743/19esports-vs-alcyone-champions-tour-europe-stage-1-challengers-1-ro128,290,2021-02-05,2:00 AM
EMEA,9744,https://www.vlr.gg/9744/rejects-gaming-vs-marten-gaming-champions-tour-europe-stage-1-challengers-1-ro128,290,2021-02-05,2:00 AM
EMEA,9745,https://www.vlr.gg/9745/team-smoker-vs-smell33t-champions-tour-europe-stage-1-challengers-1-ro128,290,2021-02-05,2:00 AM
EMEA,9746,https://www.vlr.gg/9746/exception-esports-vs-bleiz-champions-tour-europe-stage-1-challengers-1-ro128,290,2021-02-05,2:00 AM
EMEA,9747,https://www.vlr.gg/9747/qlash-vs-ninjas-in-pyjamas-champions-tour-europe-stage-1-challengers-1-ro128,290,2021-02-05,2:00 AM
EMEA,9748,https://www.vlr.gg/9748/peanutz-vs-nerdtown-esport-champions-tour-europe-stage-1-challengers-1-ro128,290,2021-02-05,2:00 AM
EMEA,9749,https://www.vlr.gg/9749/winfinity-vs-fivestars-champions-tour-europe-stage-1-challengers-1-ro128,290,2021-02-05,2:00 AM
EMEA,9750,https://www.vlr.gg/9750/legerityval-vs-prophecy-esc-champions-tour-europe-stage-1-challengers-1-ro128,290,2021-02-05,2:00 AM
EMEA,9751,https://www.vlr.gg/9751/twistedminds-vs-raise-your-edge-champions-tour-europe-stage-1-challengers-1-ro128,290,2021-02-05,2:00 AM
EMEA,9752,https://www.vlr.gg/9752/linstitut-vs-arbalest-champions-tour-europe-stage-1-challengers-1-ro128,290,2021-02-05,2:00 AM
EMEA,9753,https://www.vlr.gg/9753/funplus-phoenix-vs-enix-champions-tour-europe-stage-1-challengers-1-ro128,290,2021-02-05,2:00 AM
EMEA,9754,https://www.vlr.gg/9754/alliance-vs-high-coast-esports-champions-tour-europe-stage-1-challengers-1-ro128,290,2021-02-05,2:00 AM
EMEA,9755,https://www.vlr.gg/9755/humanity-legend-vs-irubbix-champions-tour-europe-stage-1-challengers-1-ro128,290,2021-02-05,2:00 AM
EMEA,9756,https://www.vlr.gg/9756/inside-games-vs-atravs-champions-tour-europe-stage-1-challengers-1-ro128,290,2021-02-05,2:00 AM
EMEA,9757,https://www.vlr.gg/9757/knights-of-blood-vs-bestteamdk-champions-tour-europe-stage-1-challengers-1-ro128,290,2021-02-05,2:00 AM
EMEA,9758,https://www.vlr.gg/9758/team-galaga-vs-sampi-tipsport-champions-tour-europe-stage-1-challengers-1-ro128,290,2021-02-05,2:00 AM
EMEA,9759,https://www.vlr.gg/9759/vpd-project-vs-weslap-champions-tour-europe-stage-1-challengers-1-ro128,290,2021-02-05,2:00 AM
EMEA,9760,https://www.vlr.gg/9760/cream-real-betis-vs-ciseu-champions-tour-europe-stage-1-challengers-1-ro128,290,2021-02-05,2:00 AM
EMEA,9761,https://www.vlr.gg/9761/heet-vs-aqualix-champions-tour-europe-stage-1-challengers-1-ro128,290,2021-02-05,2:00 AM
EMEA,9762,https://www.vlr.gg/9762/rulers-esports-vs-team-logic-esports-champions-tour-europe-stage-1-challengers-1-ro128,290,2021-02-05,2:00 AM
EMEA,9763,https://www.vlr.gg/9763/celestial-esports-vs-team-liquid-champions-tour-europe-stage-1-challengers-1-ro128,290,2021-02-05,2:00 AM
EMEA,9764,https://www.vlr.gg/9764/2g4l-vs-sparx-esports-champions-tour-europe-stage-1-challengers-1-ro128,290,2021-02-05,2:00 AM
EMEA,9765,https://www.vlr.gg/9765/fratres-vs-yazda-champions-tour-europe-stage-1-challengers-1-ro128,290,2021-02-05,2:00 AM
EMEA,9766,https://www.vlr.gg/9766/ucam-esports-club-vs-team-vitality-champions-tour-europe-stage-1-challengers-1-ro128,290,2021-02-05,2:00 AM
EMEA,9767,https://www.vlr.gg/9767/chicagoparsnips-vs-swag-silicone-champions-tour-europe-stage-1-challengers-1-ro128,290,2021-02-05,2:00 AM
EMEA,9768,https://www.vlr.gg/9768/big-vs-slamming-gears-champions-tour-europe-stage-1-challengers-1-ro128,290,2021-02-05,2:00 AM
EMEA,9769,https://www.vlr.gg/9769/killgofrenzy-vs-playzone-champions-tour-europe-stage-1-challengers-1-ro128,290,2021-02-05,2:00 AM
EMEA,9770,https://www.vlr.gg/9770/esuba-vs-roughtimes-champions-tour-europe-stage-1-challengers-1-ro128,290,2021-02-05,2:00 AM
EMEA,9771,https://www.vlr.gg/9771/wizards-club-vs-tbd-champions-tour-europe-stage-1-challengers-1-ro128,290,2021-02-05,2:00 AM
EMEA,9773,https://www.vlr.gg/9773/ambitious-vs-monkey-business-champions-tour-europe-stage-1-challengers-1-ro128,290,2021-02-05,2:00 AM
EMEA,9774,https://www.vlr.gg/9774/team-queso-vs-tempo-champions-tour-europe-stage-1-challengers-1-ro128,290,2021-02-05,2:00 AM
EMEA,9775,https://www.vlr.gg/9775/cyberground-gaming-vs-megakich-champions-tour-europe-stage-1-challengers-1-ro128,290,2021-02-05,2:00 AM
EMEA,9776,https://www.vlr.gg/9776/weeb-strikers-vs-ballista-champions-tour-europe-stage-1-challengers-1-ro128,290,2021-02-05,2:00 AM
EMEA,9777,https://www.vlr.gg/9777/guild-esports-vs-almost-international-champions-tour-europe-stage-1-challengers-1-ro128,290,2021-02-05,2:00 AM
EMEA,9778,https://www.vlr.gg/9778/yendez-vs-64-fully-tatted-champions-tour-europe-stage-1-challengers-1-ro128,290,2021-02-05,2:00 AM
EMEA,9779,https://www.vlr.gg/9779/movistar-riders-vs-enrage-champions-tour-europe-stage-1-challengers-1-ro128,290,2021-02-05,2:00 AM
EMEA,9780,https://www.vlr.gg/9780/vanity-vs-circus-champions-tour-europe-stage-1-challengers-1-ro128,290,2021-02-05,2:00 AM
EMEA,9781,https://www.vlr.gg/9781/warriors-vs-noeffort-champions-tour-europe-stage-1-challengers-1-ro128,290,2021-02-05,2:00 AM
EMEA,9790,https://www.vlr.gg/9790/vi-vet-mest-vs-g2-esports-champions-tour-europe-stage-1-challengers-1-ro64,290,2021-02-05,3:00 AM
EMEA,9792,https://www.vlr.gg/9792/unsigned-vs-tiertenteam-champions-tour-europe-stage-1-challengers-1-ro64,290,2021-02-05,3:00 AM
EMEA,9796,https://www.vlr.gg/9796/bleiz-vs-ninjas-in-pyjamas-champions-tour-europe-stage-1-challengers-1-ro64,290,2021-02-05,3:00 AM
EMEA,9798,https://www.vlr.gg/9798/prophecy-esc-vs-raise-your-edge-champions-tour-europe-stage-1-challengers-1-ro64,290,2021-02-05,3:00 AM
EMEA,9806,https://www.vlr.gg/9806/team-vitality-vs-swag-silicone-champions-tour-europe-stage-1-challengers-1-ro64,290,2021-02-05,3:00 AM
EMEA,9782,https://www.vlr.gg/9782/wave-esports-vs-staga-haus-champions-tour-europe-stage-1-challengers-1-ro64,290,2021-02-05,3:00 AM
EMEA,9783,https://www.vlr.gg/9783/tarren-mill-vs-cgn-esports-champions-tour-europe-stage-1-challengers-1-ro64,290,2021-02-05,3:00 AM
EMEA,9784,https://www.vlr.gg/9784/quickmath-vs-nonamers-champions-tour-europe-stage-1-challengers-1-ro64,290,2021-02-05,3:00 AM
EMEA,9786,https://www.vlr.gg/9786/majstersztyk-vs-big-gorilla-army-champions-tour-europe-stage-1-challengers-1-ro64,290,2021-02-05,3:00 AM
EMEA,9787,https://www.vlr.gg/9787/fnatic-vs-patchwork-champions-tour-europe-stage-1-challengers-1-ro64,290,2021-02-05,3:00 AM
EMEA,9788,https://www.vlr.gg/9788/giants-gaming-vs-souldazz-champions-tour-europe-stage-1-challengers-1-ro64,290,2021-02-05,3:00 AM
EMEA,9791,https://www.vlr.gg/9791/greyface-vs-rix-gg-champions-tour-europe-stage-1-challengers-1-ro64,290,2021-02-05,3:00 AM
EMEA,9793,https://www.vlr.gg/9793/pingu-gang-vs-ftw-esports-champions-tour-europe-stage-1-challengers-1-ro64,290,2021-02-05,3:00 AM
EMEA,9794,https://www.vlr.gg/9794/hsdirr-vs-19esports-champions-tour-europe-stage-1-challengers-1-ro64,290,2021-02-05,3:00 AM
EMEA,9795,https://www.vlr.gg/9795/marten-gaming-vs-team-smoker-champions-tour-europe-stage-1-challengers-1-ro64,290,2021-02-05,3:00 AM
EMEA,9800,https://www.vlr.gg/9800/alliance-vs-irubbix-champions-tour-europe-stage-1-challengers-1-ro64,290,2021-02-05,3:00 AM
EMEA,9801,https://www.vlr.gg/9801/inside-games-vs-bestteamdk-champions-tour-europe-stage-1-challengers-1-ro64,290,2021-02-05,3:00 AM
EMEA,9802,https://www.vlr.gg/9802/sampi-tipsport-vs-vpd-project-champions-tour-europe-stage-1-challengers-1-ro64,290,2021-02-05,3:00 AM
EMEA,9803,https://www.vlr.gg/9803/cream-real-betis-vs-heet-champions-tour-europe-stage-1-challengers-1-ro64,290,2021-02-05,3:00 AM
EMEA,9804,https://www.vlr.gg/9804/rulers-esports-vs-team-liquid-champions-tour-europe-stage-1-challengers-1-ro64,290,2021-02-05,3:00 AM
EMEA,9805,https://www.vlr.gg/9805/sparx-esports-vs-yazda-champions-tour-europe-stage-1-challengers-1-ro64,290,2021-02-05,3:00 AM
EMEA,9807,https://www.vlr.gg/9807/big-vs-playzone-champions-tour-europe-stage-1-challengers-1-ro64,290,2021-02-05,3:00 AM
EMEA,9809,https://www.vlr.gg/9809/entropiq-vs-monkey-business-champions-tour-europe-stage-1-challengers-1-ro64,290,2021-02-05,3:00 AM
EMEA,9810,https://www.vlr.gg/9810/team-queso-vs-megakich-champions-tour-europe-stage-1-challengers-1-ro64,290,2021-02-05,3:00 AM
EMEA,9811,https://www.vlr.gg/9811/ballista-vs-guild-esports-champions-tour-europe-stage-1-challengers-1-ro64,290,2021-02-05,3:00 AM
EMEA,9812,https://www.vlr.gg/9812/64-fully-tatted-vs-movistar-riders-champions-tour-europe-stage-1-challengers-1-ro64,290,2021-02-05,3:00 AM
EMEA,9813,https://www.vlr.gg/9813/vanity-vs-warriors-champions-tour-europe-stage-1-challengers-1-ro64,290,2021-02-05,3:00 AM
EMEA,9799,https://www.vlr.gg/9799/linstitut-vs-funplus-phoenix-champions-tour-europe-stage-1-challengers-1-ro64,290,2021-02-05,3:20 AM
EMEA,9789,https://www.vlr.gg/9789/ipon-team-horizon-reapers-vs-lanboken-champions-tour-europe-stage-1-challengers-1-ro64,290,2021-02-05,3:30 AM
EMEA,9808,https://www.vlr.gg/9808/roughtimes-vs-wizards-club-champions-tour-europe-stage-1-challengers-1-ro64,290,2021-02-05,3:30 AM
EMEA,9797,https://www.vlr.gg/9797/nerdtown-esport-vs-winfinity-champions-tour-europe-stage-1-challengers-1-ro64,290,2021-02-05,4:00 AM
EMEA,9724,https://www.vlr.gg/9724/needmoremeow-vs-sector-one-champions-tour-europe-stage-1-challengers-1-ro128,290,2021-02-05,4:00 AM
EMEA,9785,https://www.vlr.gg/9785/needmoremeow-vs-s2v-esports-champions-tour-europe-stage-1-challengers-1-ro64,290,2021-02-05,4:45 AM
EMEA,9816,https://www.vlr.gg/9816/wave-esports-vs-cgn-esports-champions-tour-europe-stage-1-challengers-1-ro32,290,2021-02-06,12:00 AM
EMEA,9817,https://www.vlr.gg/9817/nonamers-vs-s2v-esports-champions-tour-europe-stage-1-challengers-1-ro32,290,2021-02-06,12:00 AM
EMEA,9818,https://www.vlr.gg/9818/majstersztyk-vs-fnatic-champions-tour-europe-stage-1-challengers-1-ro32,290,2021-02-06,12:00 AM
EMEA,9819,https://www.vlr.gg/9819/giants-gaming-vs-ipon-team-horizon-reapers-champions-tour-europe-stage-1-challengers-1-ro32,290,2021-02-06,12:00 AM
EMEA,9820,https://www.vlr.gg/9820/g2-esports-vs-rix-gg-champions-tour-europe-stage-1-challengers-1-ro32,290,2021-02-06,12:00 AM
EMEA,9821,https://www.vlr.gg/9821/unsigned-vs-ftw-esports-champions-tour-europe-stage-1-challengers-1-ro32,290,2021-02-06,12:00 AM
EMEA,9822,https://www.vlr.gg/9822/19esports-vs-team-smoker-champions-tour-europe-stage-1-challengers-1-ro32,290,2021-02-06,12:00 AM
EMEA,9823,https://www.vlr.gg/9823/ninjas-in-pyjamas-vs-winfinity-champions-tour-europe-stage-1-challengers-1-ro32,290,2021-02-06,12:00 AM
EMEA,9824,https://www.vlr.gg/9824/raise-your-edge-vs-funplus-phoenix-champions-tour-europe-stage-1-challengers-1-ro32,290,2021-02-06,12:00 AM
EMEA,9825,https://www.vlr.gg/9825/alliance-vs-inside-games-champions-tour-europe-stage-1-challengers-1-ro32,290,2021-02-06,12:00 AM
EMEA,9826,https://www.vlr.gg/9826/sampi-tipsport-vs-heet-champions-tour-europe-stage-1-challengers-1-ro32,290,2021-02-06,12:00 AM
EMEA,9827,https://www.vlr.gg/9827/team-liquid-vs-yazda-champions-tour-europe-stage-1-challengers-1-ro32,290,2021-02-06,12:00 AM
EMEA,9828,https://www.vlr.gg/9828/team-vitality-vs-playzone-champions-tour-europe-stage-1-challengers-1-ro32,290,2021-02-06,12:00 AM
EMEA,9829,https://www.vlr.gg/9829/roughtimes-vs-monkey-business-champions-tour-europe-stage-1-challengers-1-ro32,290,2021-02-06,12:00 AM
EMEA,9830,https://www.vlr.gg/9830/team-queso-vs-guild-esports-champions-tour-europe-stage-1-challengers-1-ro32,290,2021-02-06,12:00 AM
EMEA,9831,https://www.vlr.gg/9831/movistar-riders-vs-warriors-champions-tour-europe-stage-1-challengers-1-ro32,290,2021-02-06,12:00 AM
EMEA,9834,https://www.vlr.gg/9834/g2-esports-vs-unsigned-champions-tour-europe-stage-1-challengers-1-ro16,290,2021-02-06,2:20 AM
EMEA,9837,https://www.vlr.gg/9837/heet-vs-team-liquid-champions-tour-europe-stage-1-challengers-1-ro16,290,2021-02-06,2:20 AM
EMEA,9838,https://www.vlr.gg/9838/team-vitality-vs-monkey-business-champions-tour-europe-stage-1-challengers-1-ro16,290,2021-02-06,2:20 AM
EMEA,9832,https://www.vlr.gg/9832/wave-esports-vs-nonamers-champions-tour-europe-stage-1-challengers-1-ro16,290,2021-02-06,3:00 AM
EMEA,9835,https://www.vlr.gg/9835/19esports-vs-ninjas-in-pyjamas-champions-tour-europe-stage-1-challengers-1-ro16,290,2021-02-06,3:00 AM
EMEA,9836,https://www.vlr.gg/9836/funplus-phoenix-vs-alliance-champions-tour-europe-stage-1-challengers-1-ro16,290,2021-02-06,3:00 AM
EMEA,9839,https://www.vlr.gg/9839/guild-esports-vs-warriors-champions-tour-europe-stage-1-challengers-1-ro16,290,2021-02-06,3:00 AM
EMEA,9833,https://www.vlr.gg/9833/fnatic-vs-giants-gaming-champions-tour-europe-stage-1-challengers-1-ro16,290,2021-02-06,3:15 AM
EMEA,9852,https://www.vlr.gg/9852/g2-esports-vs-ninjas-in-pyjamas-champions-tour-europe-stage-1-challengers-1-qf,290,2021-02-06,11:00 PM
EMEA,9853,https://www.vlr.gg/9853/monkey-business-vs-guild-esports-champions-tour-europe-stage-1-challengers-1-qf,290,2021-02-07,2:00 AM
EMEA,9854,https://www.vlr.gg/9854/wave-esports-vs-fnatic-champions-tour-europe-stage-1-challengers-1-qf,290,2021-02-07,11:00 PM
EMEA,9855,https://www.vlr.gg/9855/team-liquid-vs-funplus-phoenix-champions-tour-europe-stage-1-challengers-1-qf,290,2021-02-08,2:00 AM
